timestamp,FSR1,FSR2,FSR3,FSR4
0.001218146,0.69,0.0,0.0,0.58
0.006239686,0.7,0.0,0.0,0.59
0.007066552,0.7,0.0,0.0,0.58
0.008201907000000001,0.7,0.0,0.0,0.58
0.009167139000000001,0.7,0.0,0.0,0.58
0.010165634,0.7,0.0,0.0,0.59
0.011203881,0.7,0.0,0.0,0.58
0.012232444,0.7,0.0,0.01,0.58
0.013312222,0.7,0.0,0.0,0.58
0.014253925,0.69,0.0,0.0,0.58
0.015493141,0.7,0.0,0.0,0.58
0.016069143,0.7,0.0,0.0,0.58
0.017278181,0.7,0.0,0.0,0.58
0.018075696000000002,0.69,0.0,0.0,0.58
0.019179595,0.7,0.0,0.0,0.58
0.020276112000000002,0.7,0.0,0.0,0.59
0.021271718000000002,0.7,0.0,0.0,0.58
0.022199719,0.7,0.0,0.0,0.58
0.023289539,0.7,0.0,0.0,0.58
0.024072541000000003,0.7,0.0,0.0,0.58
0.025290191,0.7,0.0,0.0,0.6
0.026180918,0.7,0.0,0.0,0.58
0.027854418000000002,0.7,0.0,0.0,0.58
0.028213238,0.7,0.0,0.0,0.58
0.029457027,0.69,0.0,0.0,0.59
0.030078096000000002,0.7,0.0,0.0,0.58
0.031470497,0.7,0.0,0.0,0.58
0.032076243000000004,0.7,0.0,0.0,0.59
0.033249389000000004,0.7,0.0,0.0,0.58
0.034087156,0.7,0.0,0.0,0.58
0.035432689,0.7,0.0,0.0,0.59
0.036086912000000006,0.7,0.0,0.01,0.58
0.037186178,0.7,0.0,0.0,0.58
0.038194376,0.7,0.0,0.0,0.58
0.039221591,0.7,0.0,0.0,0.58
0.040161065,0.7,0.0,0.0,0.58
0.041161918000000006,0.7,0.01,0.0,0.59
0.042203834,0.69,0.0,0.0,0.58
0.043186398,0.69,0.0,0.0,0.59
0.044308375000000004,0.7,0.0,0.0,0.59
0.045167337,0.7,0.0,0.0,0.59
0.046129227,0.7,0.0,0.0,0.59
0.047412762000000004,0.7,0.0,0.0,0.59
0.048102278000000005,0.7,0.0,0.0,0.59
0.049313009000000005,0.7,0.0,0.0,0.59
0.050148375,0.7,0.0,0.0,0.58
0.051423528,0.7,0.0,0.01,0.58
0.052092836000000003,0.7,0.0,0.0,0.59
0.053396255000000004,0.7,0.0,0.0,0.58
0.054122083,0.7,0.0,0.0,0.58
0.055289522,0.7,0.0,0.0,0.58
0.05638813,0.7,0.0,0.0,0.59
0.057089555,0.7,0.0,0.0,0.59
0.058277921,0.7,0.0,0.01,0.58
0.059213224,0.7,0.0,0.0,0.59
0.060191584000000006,0.7,0.0,0.0,0.59
0.0611758,0.7,0.0,0.0,0.59
0.062202643,0.7,0.0,0.0,0.59
0.063099772,0.7,0.0,0.0,0.58
0.064398772,0.7,0.0,0.0,0.58
0.06511527,0.7,0.0,0.0,0.58
0.06616311400000001,0.7,0.0,0.0,0.59
0.067176198,0.7,0.0,0.0,0.59
0.068409116,0.7,0.0,0.0,0.59
0.069108792,0.7,0.0,0.0,0.58
0.07035113100000001,0.7,0.0,0.0,0.59
0.071102679,0.7,0.0,0.0,0.59
0.07235257,0.7,0.0,0.0,0.58
0.07445958800000001,0.7,0.0,0.0,0.58
0.075104397,0.7,0.0,0.0,0.59
0.07628164500000001,0.7,0.0,0.01,0.59
0.077210305,0.7,0.0,0.0,0.58
0.07810900900000001,0.7,0.0,0.0,0.58
0.07927711800000001,0.7,0.0,0.0,0.59
0.080229223,0.7,0.0,0.0,0.58
0.081263767,0.7,0.0,0.0,0.58
0.082240793,0.7,0.0,0.0,0.58
0.083141818,0.7,0.0,0.0,0.58
0.084269961,0.7,0.0,0.0,0.58
0.08518289500000001,0.7,0.0,0.0,0.58
0.08636785200000001,0.7,0.0,0.0,0.59
0.08709739500000001,0.7,0.0,0.01,0.58
0.089442476,0.7,0.0,0.0,0.58
0.090104207,0.7,0.0,0.0,0.58
0.091409396,0.7,0.0,0.0,0.58
0.09209802800000001,0.7,0.0,0.0,0.58
0.093269734,0.69,0.0,0.0,0.58
0.094141652,0.7,0.0,0.0,0.58
0.09525913000000001,0.7,0.0,0.0,0.58
0.09608952000000001,0.7,0.0,0.01,0.58
0.097396989,0.69,0.0,0.0,0.58
0.098100481,0.7,0.0,0.0,0.58
0.09918766000000001,0.7,0.0,0.0,0.58
0.10021416000000001,0.7,0.0,0.0,0.58
0.101157862,0.7,0.0,0.0,0.58
0.10218241,0.7,0.0,0.0,0.58
0.103229465,0.7,0.0,0.0,0.58
0.10425157500000001,0.7,0.0,0.0,0.59
0.10640024000000001,0.7,0.0,0.0,0.58
0.10711100200000001,0.7,0.0,0.0,0.58
0.10839346300000001,0.7,0.0,0.0,0.58
0.10910879500000001,0.7,0.0,0.0,0.58
0.110394747,0.7,0.0,0.0,0.58
0.11110305000000001,0.7,0.0,0.0,0.58
0.11212485200000001,0.7,0.0,0.0,0.58
0.113133695,0.7,0.0,0.0,0.58
0.114204099,0.7,0.0,0.0,0.59
0.11513210500000001,0.7,0.0,0.0,0.58
0.11613812800000001,0.7,0.0,0.0,0.59
0.11718645100000001,0.7,0.0,0.0,0.58
0.118207219,0.7,0.0,0.0,0.58
0.119263379,0.7,0.0,0.0,0.58
0.12141790400000001,0.7,0.0,0.0,0.58
0.122118636,0.7,0.0,0.0,0.58
0.12324811000000001,0.7,0.0,0.0,0.58
0.12422018700000001,0.7,0.0,0.0,0.59
0.125145363,0.7,0.0,0.0,0.59
0.126395077,0.7,0.0,0.0,0.59
0.12711903600000002,0.7,0.0,0.0,0.59
0.128333224,0.7,0.0,0.0,0.58
0.129101249,0.7,0.0,0.0,0.59
0.130322886,0.7,0.0,0.0,0.58
0.13109874900000001,0.7,0.0,0.0,0.58
0.13229284800000002,0.7,0.0,0.0,0.58
0.13310807900000002,0.7,0.0,0.0,0.59
0.134382935,0.7,0.0,0.0,0.59
0.13639931900000002,0.7,0.0,0.0,0.58
0.137111179,0.7,0.0,0.0,0.59
0.138280446,0.7,0.0,0.0,0.59
0.139232864,0.7,0.0,0.0,0.58
0.14026111800000002,0.7,0.0,0.0,0.58
0.14125315800000002,0.7,0.0,0.0,0.59
0.14224356500000002,0.7,0.0,0.0,0.58
0.143232574,0.7,0.0,0.01,0.58
0.144173892,0.7,0.0,0.0,0.58
0.145176031,0.7,0.0,0.0,0.59
0.146103071,0.7,0.0,0.0,0.58
0.147138914,0.7,0.0,0.0,0.59
0.148272006,0.7,0.0,0.0,0.59
0.1492378,0.7,0.0,0.0,0.58
0.150288669,0.7,0.0,0.0,0.59
0.15238532500000002,0.7,0.0,0.0,0.58
0.153103272,0.7,0.0,0.0,0.58
0.154347159,0.69,0.0,0.0,0.59
0.15513072,0.7,0.0,0.0,0.59
0.15619264100000002,0.7,0.0,0.0,0.58
0.157160675,0.7,0.0,0.01,0.58
0.15816771500000001,0.7,0.0,0.0,0.58
0.159207345,0.7,0.0,0.0,0.59
0.16021916700000002,0.7,0.0,0.0,0.58
0.16127738500000002,0.7,0.0,0.0,0.59
0.16229158600000002,0.7,0.0,0.0,0.59
0.163215944,0.7,0.0,0.0,0.58
0.16420356400000002,0.7,0.0,0.0,0.58
0.166057333,0.7,0.0,0.0,0.59
0.16705587300000002,0.7,0.0,0.0,0.58
0.16784601300000002,0.7,0.0,0.0,0.59
0.168561437,0.7,0.0,0.0,0.58
0.17020604,0.7,0.0,0.0,0.59
0.171163211,0.7,0.0,0.0,0.59
0.172166926,0.7,0.0,0.0,0.59
0.173166852,0.7,0.0,0.0,0.59
0.17418239900000002,0.7,0.0,0.0,0.59
0.17519273200000002,0.7,0.0,0.0,0.58
0.17618783500000001,0.7,0.0,0.0,0.58
0.177166695,0.7,0.0,0.0,0.59
0.178174771,0.7,0.0,0.0,0.59
0.17918882600000002,0.7,0.0,0.0,0.59
0.18018125100000001,0.7,0.0,0.0,0.59
0.18248968200000001,0.7,0.0,0.0,0.58
0.183310571,0.7,0.0,0.0,0.58
0.184191253,0.7,0.0,0.0,0.59
0.18521435800000002,0.7,0.0,0.0,0.59
0.186221895,0.7,0.0,0.0,0.59
0.187239078,0.7,0.0,0.0,0.58
0.188353135,0.7,0.0,0.0,0.59
0.18924342600000002,0.7,0.0,0.0,0.59
0.190287286,0.69,0.0,0.0,0.59
0.191320556,0.7,0.0,0.0,0.58
0.192164362,0.7,0.0,0.0,0.58
0.193236179,0.7,0.0,0.0,0.58
0.194275215,0.7,0.0,0.0,0.59
0.19528863700000001,0.7,0.0,0.0,0.59
0.197222221,0.7,0.0,0.0,0.58
0.198174961,0.7,0.0,0.0,0.58
0.19918464700000002,0.7,0.0,0.0,0.59
0.200163475,0.7,0.0,0.0,0.58
0.20121380600000002,0.7,0.0,0.0,0.58
0.202165642,0.7,0.0,0.02,0.59
0.203236251,0.7,0.0,0.0,0.59
0.204205871,0.7,0.0,0.0,0.58
0.205214068,0.7,0.0,0.0,0.58
0.20619842900000002,0.7,0.0,0.0,0.58
0.207188682,0.7,0.0,0.0,0.59
0.208199358,0.7,0.0,0.0,0.59
0.21023560400000002,0.7,0.0,0.0,0.58
0.211177566,0.7,0.0,0.0,0.58
0.212207416,0.7,0.0,0.0,0.58
0.21314304,0.7,0.0,0.0,0.59
0.214232152,0.7,0.0,0.0,0.58
0.215121376,0.7,0.0,0.0,0.59
0.21638072200000003,0.7,0.0,0.0,0.58
0.21713361,0.69,0.0,0.0,0.59
0.218389085,0.7,0.0,0.0,0.58
0.21912968100000002,0.7,0.0,0.0,0.59
0.22035326200000002,0.7,0.0,0.0,0.59
0.221121905,0.7,0.0,0.0,0.58
0.22229167400000002,0.7,0.0,0.0,0.59
0.22310876000000002,0.7,0.0,0.01,0.58
0.22444175900000002,0.7,0.0,0.0,0.59
0.22640309900000002,0.7,0.0,0.0,0.58
0.22711524400000002,0.7,0.0,0.0,0.59
0.228153339,0.7,0.0,0.01,0.58
0.22924882900000002,0.7,0.0,0.0,0.58
0.23023172,0.71,0.0,0.0,0.59
0.231096132,0.7,0.0,0.0,0.59
0.23214835900000003,0.7,0.0,0.0,0.59
0.23326582,0.7,0.0,0.0,0.59
0.23423073900000002,0.7,0.0,0.0,0.58
0.23519552700000002,0.7,0.0,0.0,0.59
0.23619155100000003,0.7,0.0,0.0,0.58
0.23714716800000002,0.7,0.0,0.0,0.59
0.238181097,0.7,0.0,0.0,0.59
0.239242365,0.7,0.0,0.0,0.58
0.24025453500000002,0.7,0.0,0.0,0.59
0.242387067,0.7,0.0,0.0,0.59
0.243125364,0.7,0.0,0.0,0.59
0.244244342,0.7,0.0,0.0,0.58
0.24518325200000002,0.7,0.0,0.0,0.58
0.246229938,0.7,0.0,0.0,0.59
0.24723661200000002,0.7,0.0,0.0,0.59
0.2481885,0.7,0.0,0.0,0.58
0.24931988200000002,0.7,0.0,0.0,0.58
0.250129523,0.7,0.0,0.0,0.58
0.251338424,0.71,0.0,0.0,0.58
0.25211221300000003,0.7,0.0,0.0,0.59
0.25336506000000003,0.7,0.0,0.0,0.59
0.254109547,0.7,0.0,0.0,0.58
0.255405987,0.7,0.0,0.0,0.58
0.25741947800000003,0.7,0.0,0.0,0.58
0.258115722,0.69,0.0,0.0,0.58
0.259225188,0.7,0.0,0.0,0.58
0.260234242,0.7,0.0,0.0,0.59
0.261172507,0.7,0.0,0.0,0.59
0.262201042,0.69,0.0,0.0,0.59
0.26322533800000003,0.7,0.0,0.0,0.58
0.264104269,0.7,0.0,0.0,0.59
0.265158342,0.7,0.0,0.0,0.59
0.266167988,0.7,0.0,0.0,0.58
0.267175877,0.7,0.0,0.0,0.58
0.26821957,0.7,0.01,0.0,0.58
0.269167824,0.7,0.0,0.0,0.59
0.270210968,0.7,0.0,0.0,0.59
0.272524545,0.7,0.01,0.0,0.59
0.273662387,0.7,0.0,0.0,0.59
0.274648117,0.7,0.0,0.0,0.58
0.275507286,0.7,0.0,0.0,0.59
0.276325433,0.69,0.0,0.0,0.58
0.277243572,0.7,0.0,0.0,0.58
0.27823426700000004,0.7,0.0,0.0,0.58
0.279192304,0.7,0.0,0.0,0.59
0.280179405,0.7,0.0,0.0,0.58
0.281155431,0.7,0.0,0.0,0.58
0.282180296,0.7,0.0,0.0,0.58
0.283187585,0.7,0.0,0.0,0.58
0.28418619100000003,0.69,0.0,0.0,0.59
0.285164927,0.69,0.0,0.0,0.58
0.286196532,0.7,0.0,0.0,0.59
0.28836313,0.7,0.0,0.0,0.58
0.289140655,0.7,0.0,0.0,0.58
0.29017898000000003,0.7,0.0,0.0,0.58
0.29119989500000004,0.7,0.0,0.0,0.59
0.292198862,0.7,0.0,0.0,0.59
0.29334855600000004,0.7,0.0,0.0,0.58
0.294126608,0.7,0.0,0.0,0.58
0.295215013,0.7,0.0,0.0,0.58
0.296190332,0.7,0.0,0.0,0.58
0.29731665500000004,0.7,0.0,0.0,0.58
0.298117036,0.7,0.0,0.0,0.58
0.299304766,0.7,0.0,0.0,0.58
0.300094631,0.7,0.0,0.0,0.58
0.301341577,0.7,0.0,0.0,0.58
0.303251015,0.7,0.0,0.0,0.58
0.30409583900000003,0.7,0.0,0.0,0.58
0.305227219,0.7,0.0,0.0,0.59
0.30622875,0.7,0.0,0.0,0.58
0.307219165,0.7,0.0,0.0,0.58
0.30821682300000003,0.7,0.0,0.0,0.59
0.309340065,0.7,0.0,0.0,0.58
0.31009994900000004,0.7,0.0,0.0,0.58
0.311218924,0.7,0.0,0.0,0.58
0.31217909600000004,0.7,0.0,0.0,0.59
0.313279229,0.7,0.0,0.0,0.58
0.314088287,0.7,0.0,0.0,0.58
0.31526674800000004,0.7,0.0,0.0,0.58
0.31612138100000003,0.71,0.0,0.01,0.58
0.317303035,0.7,0.0,0.0,0.58
0.31935076,0.7,0.0,0.0,0.58
0.320125355,0.7,0.0,0.0,0.58
0.321104534,0.7,0.0,0.0,0.58
0.322229227,0.7,0.0,0.0,0.58
0.323214072,0.7,0.0,0.0,0.58
0.324204396,0.7,0.0,0.0,0.58
0.325210522,0.7,0.0,0.0,0.58
0.32620137600000004,0.7,0.0,0.0,0.58
0.327190745,0.7,0.0,0.0,0.58
0.328168193,0.7,0.0,0.0,0.59
0.329201036,0.7,0.0,0.0,0.58
0.330194066,0.7,0.0,0.0,0.58
0.331194506,0.7,0.0,0.0,0.58
0.333556838,0.7,0.0,0.0,0.58
0.334825788,0.7,0.0,0.0,0.59
0.335816361,0.7,0.0,0.0,0.58
0.336669585,0.7,0.0,0.0,0.58
0.33744268600000005,0.7,0.0,0.0,0.58
0.33816457,0.7,0.0,0.0,0.58
0.33919300700000005,0.7,0.0,0.0,0.58
0.340160562,0.7,0.0,0.0,0.58
0.341193363,0.7,0.0,0.0,0.58
0.342136634,0.7,0.0,0.0,0.58
0.343182621,0.7,0.0,0.0,0.58
0.344178288,0.7,0.01,0.0,0.59
0.34518529200000003,0.7,0.0,0.0,0.58
0.346191099,0.7,0.01,0.0,0.59
0.34834531300000005,0.7,0.0,0.0,0.58
0.349141955,0.7,0.0,0.0,0.58
0.350577448,0.7,0.0,0.0,0.58
0.351189866,0.71,0.0,0.0,0.58
0.352208463,0.71,0.0,0.0,0.58
0.353201421,0.7,0.0,0.0,0.58
0.354176429,0.7,0.0,0.0,0.58
0.35521840400000004,0.7,0.0,0.0,0.58
0.35620635100000003,0.7,0.0,0.0,0.58
0.35715215,0.7,0.0,0.0,0.58
0.358281942,0.7,0.0,0.0,0.58
0.35910572300000004,0.7,0.0,0.0,0.58
0.36035694300000004,0.7,0.0,0.0,0.58
0.36238439,0.7,0.0,0.0,0.58
0.363098807,0.7,0.0,0.0,0.58
0.36420420600000003,0.7,0.0,0.0,0.59
0.36510422800000003,0.7,0.0,0.0,0.59
0.366212541,0.7,0.0,0.0,0.58
0.367143188,0.7,0.0,0.0,0.58
0.36822289700000005,0.69,0.0,0.0,0.59
0.369210113,0.7,0.0,0.0,0.58
0.37012337300000003,0.7,0.0,0.0,0.59
0.371201575,0.7,0.0,0.0,0.59
0.372180665,0.7,0.0,0.01,0.58
0.37349714900000003,0.7,0.0,0.0,0.58
0.374595583,0.7,0.0,0.0,0.59
0.375539112,0.69,0.0,0.0,0.58
0.376423726,0.7,0.0,0.0,0.58
0.377390967,0.7,0.0,0.0,0.58
0.379498375,0.7,0.0,0.0,0.59
0.38057905200000003,0.7,0.0,0.0,0.59
0.381488411,0.7,0.0,0.0,0.58
0.38249333700000004,0.7,0.0,0.0,0.58
0.38348559400000004,0.7,0.0,0.0,0.58
0.384515616,0.7,0.0,0.0,0.58
0.38545333200000004,0.7,0.0,0.0,0.59
0.386355396,0.7,0.0,0.0,0.58
0.387215012,0.7,0.0,0.0,0.58
0.388238487,0.7,0.0,0.0,0.58
0.38921685,0.7,0.01,0.0,0.59
0.39019653400000004,0.7,0.0,0.0,0.58
0.39121864300000003,0.7,0.0,0.0,0.58
0.393456937,0.7,0.0,0.0,0.58
0.394388583,0.7,0.0,0.0,0.57
0.39518483200000004,0.7,0.0,0.0,0.58
0.396191601,0.7,0.0,0.0,0.58
0.397153804,0.7,0.0,0.0,0.58
0.39814216100000005,0.7,0.0,0.0,0.58
0.399244101,0.7,0.0,0.0,0.58
0.40020335500000004,0.7,0.0,0.0,0.58
0.40122576400000004,0.7,0.0,0.0,0.58
0.40213484200000005,0.7,0.0,0.0,0.59
0.403163537,0.7,0.0,0.0,0.58
0.40418984500000005,0.7,0.0,0.0,0.58
0.40518963300000005,0.7,0.0,0.0,0.58
0.40615106,0.7,0.0,0.0,0.58
0.40723705200000004,0.7,0.0,0.0,0.58
0.40939567400000004,0.7,0.0,0.0,0.59
0.410133483,0.7,0.0,0.0,0.58
0.41120154600000003,0.7,0.0,0.0,0.58
0.41210497100000004,0.7,0.0,0.0,0.58
0.413383369,0.7,0.0,0.0,0.58
0.41411805700000004,0.7,0.0,0.0,0.58
0.41513216000000003,0.7,0.0,0.0,0.58
0.41623080700000004,0.7,0.0,0.0,0.58
0.417190312,0.7,0.0,0.0,0.59
0.418304587,0.7,0.0,0.0,0.58
0.41910612500000005,0.7,0.0,0.0,0.58
0.420419776,0.7,0.0,0.0,0.58
0.42111214300000005,0.7,0.0,0.0,0.58
0.422398892,0.7,0.0,0.0,0.59
0.424395993,0.7,0.0,0.0,0.58
0.42511764100000005,0.7,0.0,0.0,0.58
0.42639112900000004,0.7,0.0,0.0,0.58
0.42711246900000005,0.7,0.0,0.0,0.58
0.42833074200000004,0.7,0.0,0.0,0.58
0.42910839500000003,0.7,0.0,0.0,0.58
0.43040171400000005,0.7,0.0,0.0,0.58
0.43110629800000005,0.7,0.0,0.0,0.59
0.432175203,0.7,0.0,0.0,0.58
0.433182909,0.7,0.0,0.0,0.58
0.43413125900000005,0.7,0.0,0.0,0.58
0.435371612,0.7,0.0,0.0,0.59
0.436104935,0.7,0.0,0.0,0.58
0.437397034,0.7,0.0,0.0,0.58
0.43931009800000004,0.7,0.0,0.0,0.58
0.440123176,0.7,0.0,0.0,0.59
0.441264812,0.7,0.0,0.0,0.59
0.442227741,0.7,0.0,0.0,0.58
0.44325082000000005,0.7,0.01,0.0,0.58
0.44424761100000004,0.7,0.0,0.0,0.58
0.445165745,0.7,0.0,0.0,0.58
0.44647314800000004,0.7,0.0,0.0,0.58
0.447107919,0.7,0.0,0.0,0.58
0.448337174,0.7,0.0,0.0,0.58
0.44910873100000004,0.7,0.0,0.0,0.59
0.45038843100000003,0.7,0.0,0.0,0.59
0.45110100700000005,0.7,0.0,0.0,0.58
0.45239282200000003,0.7,0.0,0.0,0.59
0.454397606,0.7,0.0,0.0,0.58
0.45510597700000005,0.7,0.0,0.0,0.58
0.45649797200000003,0.7,0.0,0.0,0.58
0.457097362,0.7,0.0,0.0,0.59
0.45852752700000005,0.7,0.0,0.0,0.58
0.45908666200000003,0.7,0.0,0.0,0.58
0.460413901,0.69,0.0,0.0,0.58
0.46109063100000003,0.7,0.0,0.0,0.58
0.46256688100000004,0.7,0.0,0.0,0.59
0.46308762800000003,0.7,0.0,0.0,0.59
0.46430986500000004,0.7,0.0,0.0,0.58
0.46513055200000003,0.7,0.0,0.0,0.59
0.466149768,0.7,0.0,0.0,0.59
0.468427884,0.7,0.0,0.0,0.59
0.469096179,0.7,0.0,0.0,0.59
0.470339267,0.7,0.0,0.0,0.59
0.471133978,0.7,0.0,0.0,0.58
0.47228820000000005,0.7,0.0,0.0,0.59
0.473217033,0.7,0.0,0.0,0.59
0.474222544,0.7,0.0,0.01,0.59
0.47528551700000005,0.7,0.0,0.0,0.58
0.476233308,0.7,0.0,0.0,0.58
0.47719588900000004,0.7,0.0,0.0,0.59
0.478268566,0.7,0.0,0.0,0.58
0.47914398100000005,0.7,0.0,0.0,0.58
0.48036600500000004,0.7,0.0,0.0,0.59
0.48109745600000003,0.7,0.0,0.0,0.59
0.48228169000000004,0.7,0.0,0.0,0.59
0.48443335000000004,0.7,0.0,0.0,0.58
0.48510522500000003,0.7,0.0,0.0,0.58
0.486286898,0.7,0.0,0.0,0.58
0.487192779,0.68,0.0,0.0,0.59
0.488159708,0.7,0.0,0.0,0.58
0.489146057,0.7,0.0,0.0,0.58
0.490214317,0.7,0.0,0.0,0.59
0.491252363,0.7,0.0,0.0,0.59
0.49218535300000005,0.7,0.0,0.0,0.58
0.493177852,0.7,0.0,0.0,0.59
0.49418072,0.7,0.0,0.0,0.58
0.49517587,0.7,0.0,0.0,0.58
0.496101571,0.69,0.0,0.0,0.59
0.498205357,0.7,0.0,0.0,0.59
0.49911331000000003,0.7,0.0,0.0,0.58
0.500148947,0.7,0.0,0.0,0.58
0.501230862,0.7,0.0,0.0,0.59
0.5022579930000001,0.7,0.0,0.0,0.59
0.5032310440000001,0.7,0.0,0.0,0.59
0.5041257680000001,0.7,0.0,0.0,0.59
0.5052588410000001,0.7,0.0,0.0,0.59
0.5062261690000001,0.7,0.0,0.0,0.59
0.5071801610000001,0.7,0.0,0.01,0.58
0.508180812,0.7,0.01,0.0,0.59
0.5091715560000001,0.7,0.0,0.0,0.58
0.5102166020000001,0.7,0.0,0.0,0.58
0.512373001,0.69,0.0,0.0,0.58
0.5131172,0.69,0.0,0.0,0.58
0.514238176,0.7,0.0,0.0,0.58
0.515215411,0.7,0.0,0.0,0.58
0.5161507980000001,0.7,0.0,0.0,0.59
0.51725591,0.7,0.0,0.0,0.58
0.518216678,0.7,0.0,0.0,0.59
0.5192479200000001,0.7,0.0,0.0,0.58
0.520233395,0.7,0.0,0.0,0.58
0.5212332080000001,0.7,0.0,0.0,0.59
0.5220980390000001,0.7,0.0,0.0,0.58
0.5233180510000001,0.7,0.0,0.0,0.58
0.524115028,0.7,0.0,0.0,0.58
0.525191054,0.7,0.0,0.0,0.58
0.526270083,0.7,0.0,0.0,0.59
0.528354153,0.7,0.0,0.0,0.59
0.529126957,0.7,0.0,0.0,0.58
0.530249592,0.7,0.0,0.0,0.59
0.531147362,0.7,0.0,0.0,0.59
0.532304968,0.7,0.0,0.0,0.59
0.533113425,0.7,0.0,0.0,0.58
0.534394547,0.7,0.0,0.0,0.58
0.535107933,0.71,0.0,0.0,0.58
0.536393012,0.69,0.0,0.0,0.58
0.537099418,0.7,0.0,0.0,0.58
0.538304067,0.7,0.0,0.0,0.58
0.539096619,0.7,0.0,0.0,0.58
0.540280383,0.7,0.0,0.0,0.58
0.541191262,0.7,0.0,0.0,0.58
0.543442847,0.7,0.0,0.0,0.58
0.544101744,0.7,0.0,0.0,0.58
0.545114353,0.7,0.0,0.0,0.58
0.546280878,0.7,0.0,0.0,0.59
0.547230929,0.7,0.0,0.0,0.59
0.548089312,0.7,0.0,0.0,0.59
0.549274327,0.69,0.0,0.0,0.58
0.550238553,0.7,0.0,0.0,0.58
0.551211687,0.7,0.0,0.0,0.58
0.552174393,0.7,0.0,0.01,0.58
0.553319364,0.7,0.0,0.0,0.58
0.554102282,0.7,0.0,0.0,0.59
0.555210964,0.7,0.0,0.0,0.59
0.556242024,0.69,0.0,0.0,0.58
0.5582760480000001,0.7,0.0,0.0,0.59
0.559135899,0.7,0.0,0.0,0.58
0.560100166,0.7,0.0,0.0,0.58
0.561140922,0.7,0.0,0.0,0.59
0.56226862,0.7,0.0,0.0,0.59
0.563133757,0.7,0.0,0.0,0.59
0.564376097,0.7,0.0,0.0,0.59
0.565106659,0.7,0.0,0.0,0.58
0.566285605,0.7,0.0,0.0,0.59
0.5671357650000001,0.7,0.0,0.0,0.59
0.56830821,0.7,0.0,0.0,0.58
0.569108061,0.7,0.0,0.0,0.58
0.570160419,0.7,0.0,0.0,0.58
0.572406917,0.7,0.0,0.0,0.58
0.573100672,0.7,0.0,0.0,0.58
0.574140218,0.7,0.0,0.0,0.58
0.575088569,0.7,0.0,0.0,0.59
0.576262829,0.7,0.0,0.0,0.59
0.577231629,0.7,0.0,0.0,0.59
0.5781294370000001,0.7,0.0,0.0,0.58
0.579161257,0.7,0.0,0.0,0.58
0.5802552630000001,0.7,0.0,0.0,0.58
0.581211196,0.7,0.0,0.0,0.58
0.582148506,0.7,0.0,0.0,0.59
0.583323031,0.7,0.0,0.0,0.58
0.5841127700000001,0.7,0.0,0.0,0.58
0.58533067,0.7,0.0,0.0,0.59
0.586112796,0.7,0.0,0.01,0.58
0.587378284,0.69,0.0,0.0,0.58
0.589284695,0.7,0.01,0.0,0.58
0.590131843,0.7,0.0,0.0,0.58
0.591166406,0.7,0.0,0.0,0.58
0.592258417,0.7,0.0,0.0,0.58
0.593219422,0.71,0.0,0.0,0.58
0.5942517740000001,0.7,0.0,0.0,0.58
0.595237847,0.7,0.0,0.0,0.59
0.596202236,0.7,0.0,0.0,0.58
0.5971811060000001,0.7,0.0,0.0,0.59
0.5980948570000001,0.7,0.0,0.0,0.58
0.5993243460000001,0.7,0.0,0.0,0.58
0.600108363,0.69,0.0,0.0,0.58
0.601422812,0.7,0.0,0.0,0.59
0.6033933020000001,0.7,0.0,0.0,0.58
0.6041074830000001,0.7,0.0,0.0,0.58
0.6051606190000001,0.7,0.0,0.0,0.58
0.60620032,0.7,0.0,0.0,0.58
0.607220257,0.7,0.0,0.0,0.58
0.6082661,0.7,0.0,0.0,0.59
0.609260122,0.7,0.01,0.0,0.59
0.610141569,0.7,0.0,0.0,0.58
0.611404778,0.7,0.0,0.01,0.59
0.612110245,0.7,0.0,0.0,0.59
0.613318911,0.7,0.0,0.0,0.58
0.614103697,0.7,0.0,0.0,0.59
0.615280268,0.7,0.0,0.0,0.58
0.616099299,0.7,0.0,0.0,0.58
0.617203509,0.7,0.0,0.0,0.58
0.619304205,0.7,0.0,0.0,0.58
0.6201101840000001,0.7,0.0,0.0,0.58
0.621190855,0.7,0.0,0.0,0.58
0.622124566,0.7,0.0,0.0,0.58
0.623260553,0.7,0.0,0.0,0.59
0.624225604,0.7,0.0,0.0,0.58
0.625238571,0.7,0.0,0.0,0.58
0.626240317,0.7,0.0,0.0,0.58
0.627189128,0.7,0.0,0.0,0.58
0.628117194,0.7,0.0,0.0,0.58
0.629182483,0.7,0.0,0.0,0.59
0.6301499190000001,0.7,0.0,0.0,0.58
0.631404246,0.7,0.0,0.0,0.58
0.6333907040000001,0.7,0.0,0.0,0.58
0.63412148,0.7,0.0,0.0,0.59
0.635134964,0.7,0.0,0.0,0.58
0.636183512,0.7,0.0,0.0,0.58
0.63710157,0.7,0.0,0.0,0.59
0.6382415020000001,0.7,0.0,0.0,0.58
0.639144794,0.69,0.0,0.0,0.58
0.640234476,0.7,0.0,0.0,0.58
0.6412274090000001,0.7,0.0,0.0,0.58
0.642146753,0.7,0.0,0.0,0.59
0.6433657610000001,0.7,0.0,0.0,0.59
0.6441215,0.7,0.0,0.0,0.59
0.645126258,0.7,0.0,0.0,0.58
0.646227396,0.7,0.0,0.0,0.59
0.647245893,0.7,0.0,0.0,0.58
0.6494011820000001,0.7,0.0,0.0,0.58
0.650118771,0.7,0.0,0.0,0.59
0.6512102430000001,0.7,0.0,0.0,0.58
0.652182067,0.7,0.0,0.0,0.59
0.6532430340000001,0.7,0.0,0.0,0.6
0.654234033,0.69,0.0,0.0,0.58
0.655146495,0.7,0.0,0.0,0.59
0.65618843,0.69,0.0,0.0,0.59
0.657184667,0.7,0.01,0.0,0.59
0.6581821670000001,0.7,0.0,0.0,0.58
0.6591527970000001,0.7,0.0,0.0,0.58
0.6601851830000001,0.7,0.0,0.0,0.59
0.661265545,0.7,0.0,0.0,0.58
0.662148374,0.7,0.0,0.01,0.58
0.6633666690000001,0.7,0.0,0.0,0.59
0.6653096930000001,0.7,0.0,0.0,0.59
0.666123384,0.7,0.0,0.0,0.58
0.667254365,0.7,0.0,0.0,0.58
0.6681836050000001,0.7,0.0,0.0,0.58
0.6692421510000001,0.7,0.0,0.0,0.58
0.67024388,0.7,0.0,0.0,0.58
0.6711668350000001,0.7,0.0,0.0,0.58
0.67233476,0.7,0.0,0.0,0.58
0.673117768,0.7,0.0,0.0,0.59
0.6741457110000001,0.7,0.0,0.0,0.59
0.675098619,0.7,0.0,0.01,0.59
0.676210371,0.7,0.0,0.0,0.58
0.6772375030000001,0.7,0.0,0.0,0.58
0.6793993660000001,0.7,0.0,0.0,0.58
0.680122894,0.7,0.0,0.0,0.58
0.6811794200000001,0.7,0.0,0.0,0.58
0.682190441,0.7,0.0,0.0,0.59
0.6831443060000001,0.7,0.0,0.0,0.59
0.684161106,0.7,0.0,0.0,0.58
0.6852442900000001,0.7,0.0,0.0,0.58
0.686228692,0.7,0.01,0.0,0.58
0.6871005290000001,0.7,0.0,0.0,0.58
0.6883999230000001,0.7,0.0,0.0,0.58
0.68911765,0.7,0.0,0.0,0.58
0.690335753,0.7,0.0,0.0,0.59
0.6911048780000001,0.7,0.0,0.0,0.58
0.692381082,0.7,0.0,0.0,0.58
0.6943966920000001,0.7,0.0,0.0,0.58
0.6951173190000001,0.7,0.0,0.0,0.58
0.696156391,0.7,0.0,0.0,0.58
0.6971434190000001,0.7,0.0,0.0,0.58
0.6981019500000001,0.7,0.0,0.0,0.58
0.6992175230000001,0.7,0.0,0.0,0.58
0.7002561180000001,0.71,0.0,0.0,0.58
0.701236751,0.7,0.0,0.0,0.59
0.70216572,0.7,0.0,0.0,0.58
0.703180751,0.7,0.0,0.0,0.58
0.704344481,0.7,0.0,0.0,0.58
0.7051174090000001,0.7,0.0,0.0,0.58
0.706198057,0.7,0.0,0.0,0.58
0.708287565,0.7,0.0,0.01,0.58
0.709116319,0.7,0.0,0.0,0.58
0.7103911860000001,0.69,0.0,0.0,0.58
0.7111116820000001,0.7,0.01,0.0,0.58
0.7121447740000001,0.7,0.0,0.0,0.58
0.7132212050000001,0.7,0.0,0.0,0.58
0.7141833150000001,0.7,0.0,0.0,0.58
0.7151354790000001,0.7,0.0,0.0,0.58
0.7161539600000001,0.7,0.0,0.0,0.58
0.7171621020000001,0.7,0.0,0.0,0.59
0.718176782,0.7,0.0,0.0,0.58
0.719201795,0.7,0.0,0.0,0.58
0.7201798180000001,0.7,0.0,0.0,0.58
0.7211879360000001,0.7,0.0,0.0,0.59
0.7235115320000001,0.7,0.0,0.0,0.58
0.724674621,0.7,0.0,0.0,0.58
0.725750895,0.7,0.02,0.0,0.58
0.726652017,0.7,0.0,0.0,0.58
0.727500346,0.7,0.0,0.0,0.58
0.728531687,0.7,0.0,0.0,0.58
0.729703526,0.7,0.0,0.0,0.58
0.7306373810000001,0.7,0.0,0.0,0.58
0.7315392000000001,0.7,0.0,0.0,0.58
0.7324134590000001,0.69,0.0,0.0,0.58
0.7333338410000001,0.7,0.0,0.0,0.58
0.7341647010000001,0.7,0.0,0.0,0.58
0.735236925,0.7,0.0,0.0,0.58
0.73622441,0.7,0.0,0.0,0.58
0.737217503,0.7,0.0,0.0,0.58
0.739459697,0.69,0.0,0.0,0.58
0.7403152580000001,0.7,0.0,0.0,0.58
0.7412397000000001,0.7,0.0,0.0,0.58
0.742174534,0.7,0.0,0.0,0.58
0.743188484,0.69,0.0,0.0,0.59
0.7441381020000001,0.69,0.0,0.0,0.58
0.74521044,0.7,0.0,0.0,0.58
0.746164099,0.7,0.0,0.0,0.58
0.747223543,0.7,0.0,0.0,0.58
0.748121758,0.7,0.0,0.0,0.58
0.7493506120000001,0.7,0.0,0.0,0.59
0.7501354840000001,0.7,0.0,0.01,0.58
0.751289748,0.7,0.0,0.0,0.59
0.7521175120000001,0.7,0.0,0.0,0.58
0.753392503,0.7,0.0,0.0,0.58
0.755399883,0.7,0.01,0.0,0.58
0.756122566,0.7,0.0,0.0,0.58
0.757158886,0.7,0.0,0.0,0.58
0.758161453,0.7,0.0,0.0,0.58
0.7592569680000001,0.7,0.0,0.0,0.58
0.7602087160000001,0.7,0.0,0.0,0.58
0.7611752940000001,0.7,0.0,0.0,0.58
0.762150722,0.7,0.0,0.0,0.58
0.7633702490000001,0.7,0.0,0.0,0.58
0.764117527,0.7,0.0,0.0,0.58
0.7653261210000001,0.7,0.0,0.0,0.58
0.766101275,0.7,0.0,0.0,0.58
0.767280108,0.7,0.0,0.0,0.59
0.769383616,0.7,0.0,0.0,0.59
0.770109033,0.7,0.0,0.0,0.59
0.771402503,0.7,0.0,0.0,0.58
0.7720971990000001,0.7,0.0,0.0,0.58
0.773292575,0.7,0.0,0.0,0.58
0.7740910630000001,0.7,0.0,0.0,0.58
0.775322146,0.69,0.0,0.0,0.58
0.776104341,0.7,0.0,0.0,0.58
0.777273211,0.7,0.0,0.0,0.58
0.7781025920000001,0.7,0.0,0.0,0.58
0.779173601,0.7,0.0,0.0,0.58
0.780157713,0.69,0.0,0.0,0.58
0.782281921,0.7,0.0,0.0,0.58
0.783157203,0.7,0.0,0.0,0.59
0.784354416,0.69,0.0,0.0,0.58
0.7850964260000001,0.7,0.0,0.0,0.58
0.786390656,0.69,0.0,0.0,0.58
0.7871023850000001,0.69,0.0,0.0,0.58
0.788400985,0.69,0.0,0.0,0.58
0.78910583,0.69,0.0,0.0,0.58
0.790367468,0.7,0.0,0.0,0.58
0.791100788,0.69,0.0,0.0,0.58
0.7922894380000001,0.7,0.0,0.0,0.58
0.7931031660000001,0.7,0.0,0.0,0.58
0.7941898460000001,0.69,0.0,0.0,0.59
0.7950989700000001,0.7,0.0,0.0,0.58
0.79619373,0.7,0.0,0.0,0.58
0.798161297,0.69,0.0,0.0,0.58
0.799114894,0.71,0.0,0.0,0.58
0.80024295,0.7,0.0,0.0,0.58
0.8011641650000001,0.7,0.0,0.0,0.58
0.802268579,0.7,0.0,0.0,0.58
0.803200374,0.7,0.0,0.0,0.58
0.804136748,0.7,0.0,0.0,0.58
0.805250733,0.7,0.0,0.0,0.58
0.806141094,0.7,0.0,0.0,0.58
0.8071945660000001,0.7,0.0,0.0,0.58
0.8081439130000001,0.7,0.0,0.0,0.58
0.809313354,0.7,0.0,0.0,0.58
0.810112483,0.7,0.0,0.0,0.58
0.811699016,0.7,0.0,0.0,0.58
0.812221092,0.69,0.0,0.0,0.58
0.8143923940000001,0.7,0.0,0.0,0.58
0.8151134040000001,0.7,0.0,0.0,0.58
0.8162309900000001,0.7,0.0,0.0,0.58
0.817257412,0.69,0.0,0.0,0.58
0.81816805,0.7,0.0,0.0,0.58
0.8192576410000001,0.7,0.0,0.0,0.58
0.8202443370000001,0.7,0.0,0.0,0.58
0.821233972,0.7,0.0,0.01,0.58
0.8222315910000001,0.7,0.0,0.0,0.58
0.823182552,0.7,0.0,0.0,0.58
0.8243454950000001,0.7,0.0,0.0,0.58
0.825110868,0.7,0.0,0.0,0.57
0.8263412320000001,0.7,0.0,0.0,0.58
0.827104288,0.7,0.0,0.0,0.58
0.8293955000000001,0.7,0.0,0.0,0.58
0.83010857,0.7,0.0,0.0,0.58
0.831368365,0.7,0.0,0.0,0.58
0.832105015,0.7,0.0,0.0,0.58
0.833275046,0.7,0.0,0.0,0.58
0.8341477850000001,0.7,0.0,0.0,0.58
0.8352193670000001,0.7,0.0,0.0,0.59
0.836152914,0.7,0.0,0.0,0.58
0.837238098,0.7,0.0,0.0,0.58
0.8381328520000001,0.7,0.0,0.0,0.58
0.839298266,0.7,0.0,0.0,0.58
0.8401023630000001,0.7,0.0,0.0,0.59
0.841197713,0.7,0.0,0.0,0.58
0.843393166,0.7,0.0,0.0,0.58
0.844111582,0.7,0.0,0.0,0.58
0.845252591,0.7,0.0,0.0,0.58
0.8462156000000001,0.7,0.0,0.01,0.59
0.8472644690000001,0.7,0.0,0.0,0.58
0.8480951000000001,0.7,0.0,0.0,0.58
0.8494063000000001,0.7,0.0,0.0,0.58
0.8500994500000001,0.7,0.0,0.0,0.58
0.851408012,0.7,0.0,0.0,0.58
0.852104111,0.7,0.0,0.0,0.58
0.853365667,0.7,0.0,0.0,0.58
0.8541022690000001,0.69,0.0,0.0,0.58
0.8553155880000001,0.7,0.0,0.0,0.58
0.856092681,0.7,0.0,0.0,0.58
0.8574295820000001,0.7,0.0,0.0,0.58
0.859324745,0.69,0.0,0.0,0.58
0.860108411,0.7,0.0,0.0,0.58
0.861183616,0.7,0.0,0.0,0.58
0.8621769450000001,0.7,0.0,0.0,0.58
0.863219646,0.7,0.0,0.0,0.58
0.864243937,0.7,0.0,0.0,0.58
0.8653205110000001,0.7,0.0,0.0,0.58
0.8663174770000001,0.7,0.0,0.0,0.58
0.8674035210000001,0.7,0.0,0.0,0.58
0.8686079350000001,0.7,0.0,0.0,0.58
0.8699807390000001,0.7,0.0,0.0,0.58
0.87087981,0.7,0.0,0.0,0.58
0.871144812,0.7,0.0,0.0,0.58
0.8724652030000001,0.7,0.0,0.0,0.58
0.873507345,0.7,0.0,0.0,0.58
0.874452169,0.69,0.0,0.0,0.58
0.8765016680000001,0.7,0.0,0.0,0.58
0.877905919,0.7,0.0,0.0,0.58
0.879130984,0.7,0.0,0.0,0.58
0.880063021,0.7,0.0,0.0,0.58
0.8809298120000001,0.7,0.0,0.0,0.58
0.8818352810000001,0.7,0.0,0.0,0.58
0.8827902820000001,0.7,0.0,0.0,0.58
0.8837162850000001,0.7,0.0,0.0,0.58
0.8846036,0.7,0.0,0.0,0.58
0.8854380230000001,0.7,0.0,0.0,0.58
0.886251694,0.7,0.0,0.0,0.58
0.8871976840000001,0.69,0.0,0.0,0.58
0.888177289,0.7,0.0,0.0,0.58
0.8904240920000001,0.69,0.0,0.0,0.58
0.8911896930000001,0.7,0.0,0.0,0.58
0.8921810040000001,0.7,0.0,0.0,0.58
0.8931985720000001,0.7,0.0,0.0,0.59
0.8941979050000001,0.7,0.0,0.0,0.58
0.895221522,0.7,0.0,0.0,0.58
0.8961660210000001,0.7,0.0,0.0,0.58
0.8971728990000001,0.7,0.0,0.0,0.58
0.8981246620000001,0.7,0.0,0.0,0.58
0.8991565560000001,0.7,0.0,0.0,0.58
0.9001226200000001,0.7,0.0,0.0,0.58
0.901184296,0.7,0.0,0.0,0.58
0.9021213020000001,0.7,0.0,0.0,0.58
0.903433899,0.7,0.0,0.0,0.58
0.905385132,0.7,0.0,0.0,0.58
0.906126352,0.7,0.0,0.0,0.59
0.9071608000000001,0.7,0.0,0.0,0.58
0.9082564630000001,0.7,0.0,0.0,0.59
0.9091787290000001,0.7,0.0,0.0,0.58
0.9103049590000001,0.7,0.0,0.0,0.58
0.9111183820000001,0.7,0.0,0.0,0.59
0.912331839,0.7,0.0,0.0,0.58
0.913112231,0.7,0.0,0.0,0.58
0.9143620710000001,0.7,0.0,0.0,0.59
0.9151102740000001,0.7,0.0,0.0,0.58
0.9163527520000001,0.7,0.0,0.0,0.58
0.91709673,0.7,0.0,0.0,0.58
0.9184396570000001,0.69,0.0,0.0,0.58
0.9203902190000001,0.7,0.0,0.0,0.58
0.921101334,0.7,0.0,0.0,0.59
0.9224025,0.7,0.0,0.0,0.58
0.923102924,0.7,0.0,0.01,0.58
0.9242942040000001,0.7,0.0,0.0,0.58
0.9250995240000001,0.7,0.0,0.0,0.58
0.9263430880000001,0.7,0.0,0.0,0.58
0.92709733,0.7,0.0,0.01,0.58
0.9283145500000001,0.7,0.0,0.0,0.58
0.929108276,0.7,0.0,0.0,0.58
0.9303856540000001,0.7,0.0,0.0,0.58
0.9311019060000001,0.7,0.0,0.0,0.58
0.932278798,0.7,0.0,0.0,0.58
0.933197955,0.69,0.0,0.0,0.59
0.9354111920000001,0.7,0.0,0.0,0.58
0.936097499,0.7,0.0,0.0,0.58
0.937096154,0.7,0.0,0.0,0.58
0.93827656,0.7,0.0,0.0,0.58
0.939220848,0.7,0.0,0.0,0.59
0.9402770460000001,0.7,0.0,0.0,0.58
0.941210631,0.7,0.0,0.0,0.59
0.9422643700000001,0.7,0.0,0.0,0.58
0.943204719,0.7,0.0,0.0,0.58
0.9442000720000001,0.7,0.0,0.0,0.58
0.945156513,0.7,0.0,0.0,0.59
0.946291553,0.7,0.0,0.01,0.58
0.9471079670000001,0.7,0.0,0.0,0.58
0.9484419860000001,0.7,0.0,0.01,0.58
0.9503998990000001,0.71,0.0,0.0,0.59
0.951114937,0.7,0.0,0.0,0.58
0.9522516780000001,0.7,0.0,0.0,0.58
0.953235323,0.7,0.0,0.0,0.58
0.9541402290000001,0.7,0.0,0.0,0.58
0.9552526130000001,0.7,0.0,0.0,0.59
0.956230949,0.7,0.0,0.0,0.58
0.957218063,0.7,0.0,0.0,0.58
0.9581389090000001,0.7,0.0,0.0,0.58
0.9593426070000001,0.7,0.0,0.0,0.58
0.9601130050000001,0.7,0.0,0.0,0.58
0.9611524450000001,0.7,0.0,0.01,0.59
0.9621419390000001,0.7,0.0,0.0,0.58
0.963435221,0.7,0.0,0.0,0.59
0.96531078,0.7,0.01,0.0,0.58
0.966112461,0.7,0.0,0.0,0.58
0.967265094,0.7,0.0,0.0,0.59
0.968210494,0.7,0.0,0.0,0.58
0.969262696,0.7,0.0,0.0,0.58
0.9703147900000001,0.7,0.0,0.0,0.58
0.9711749730000001,0.7,0.0,0.0,0.58
0.972198431,0.7,0.0,0.01,0.58
0.9732201490000001,0.7,0.0,0.0,0.58
0.9740928830000001,0.7,0.0,0.0,0.58
0.975318844,0.7,0.0,0.0,0.59
0.9761110380000001,0.69,0.0,0.0,0.58
0.97734611,0.7,0.0,0.0,0.58
0.978112105,0.7,0.0,0.0,0.58
0.9793953280000001,0.7,0.0,0.0,0.58
0.981389429,0.7,0.0,0.0,0.58
0.98228579,0.7,0.0,0.0,0.58
0.98309959,0.7,0.0,0.0,0.58
0.9841294410000001,0.7,0.0,0.0,0.59
0.9852196860000001,0.7,0.0,0.0,0.58
0.9860973430000001,0.7,0.0,0.0,0.58
0.98721278,0.7,0.0,0.0,0.59
0.9882044430000001,0.7,0.0,0.0,0.58
0.989182451,0.7,0.0,0.0,0.58
0.990192909,0.7,0.0,0.0,0.58
0.9911763710000001,0.7,0.0,0.0,0.59
0.9921982460000001,0.7,0.0,0.0,0.58
0.993190699,0.7,0.0,0.01,0.58
0.995505238,0.7,0.0,0.0,0.59
0.996595242,0.7,0.0,0.0,0.58
0.9975659830000001,0.7,0.0,0.0,0.58
0.998504264,0.7,0.01,0.0,0.58
0.9993674640000001,0.7,0.0,0.0,0.58
1.000166453,0.7,0.0,0.0,0.58
1.0012236330000002,0.7,0.0,0.0,0.58
1.002184988,0.7,0.0,0.0,0.58
1.003668947,0.7,0.0,0.0,0.58
1.004653819,0.7,0.0,0.0,0.58
1.0053893550000002,0.7,0.0,0.0,0.58
1.006155216,0.7,0.0,0.0,0.58
1.007127719,0.7,0.0,0.0,0.58
1.009365953,0.7,0.0,0.0,0.58
1.010135926,0.7,0.0,0.0,0.58
1.0111537130000001,0.7,0.0,0.0,0.58
1.012197837,0.7,0.0,0.0,0.58
1.013144634,0.7,0.0,0.0,0.59
1.014193705,0.7,0.0,0.0,0.59
1.015133828,0.7,0.0,0.0,0.58
1.0163532400000002,0.7,0.0,0.0,0.58
1.0171135900000001,0.7,0.0,0.0,0.58
1.018345995,0.69,0.0,0.0,0.58
1.01910776,0.7,0.0,0.0,0.59
1.0202988720000001,0.7,0.0,0.0,0.58
1.021105179,0.7,0.0,0.0,0.58
1.022255632,0.7,0.0,0.0,0.58
1.0231484830000002,0.7,0.0,0.0,0.58
1.024318981,0.7,0.0,0.0,0.58
1.026355649,0.7,0.0,0.0,0.58
1.027097854,0.7,0.0,0.0,0.59
1.028274235,0.7,0.0,0.0,0.58
1.029166901,0.7,0.0,0.0,0.58
1.030349019,0.7,0.0,0.0,0.58
1.0311166630000002,0.7,0.0,0.0,0.59
1.032245928,0.7,0.0,0.0,0.58
1.033087388,0.7,0.0,0.0,0.58
1.034894881,0.7,0.01,0.0,0.59
1.035298005,0.7,0.0,0.0,0.58
1.0361539260000001,0.7,0.0,0.0,0.59
1.037174094,0.7,0.0,0.0,0.59
1.039346708,0.7,0.01,0.0,0.58
1.040117851,0.7,0.0,0.0,0.58
1.041217023,0.7,0.0,0.0,0.58
1.042220492,0.7,0.0,0.0,0.58
1.043218682,0.71,0.0,0.0,0.58
1.044227215,0.7,0.0,0.0,0.58
1.04507872,0.7,0.0,0.0,0.58
1.0463411,0.7,0.0,0.0,0.59
1.047120395,0.7,0.0,0.0,0.59
1.0483322910000001,0.7,0.0,0.0,0.58
1.049128352,0.7,0.0,0.0,0.58
1.050306774,0.7,0.0,0.0,0.59
1.051124898,0.7,0.0,0.01,0.59
1.052277428,0.7,0.0,0.0,0.58
1.0530837830000002,0.7,0.0,0.0,0.58
1.054143446,0.7,0.0,0.0,0.58
1.056249408,0.7,0.0,0.0,0.59
1.057132124,0.7,0.0,0.0,0.58
1.058150125,0.7,0.0,0.0,0.59
1.0592263880000001,0.7,0.0,0.0,0.58
1.0601901200000001,0.7,0.0,0.0,0.58
1.061131364,0.7,0.0,0.0,0.58
1.062136674,0.7,0.0,0.0,0.58
1.063114906,0.7,0.0,0.0,0.58
1.064206706,0.7,0.0,0.0,0.58
1.0660299340000001,0.7,0.0,0.0,0.58
1.0666981880000002,0.7,0.0,0.0,0.58
1.067054604,0.7,0.0,0.0,0.58
1.068517594,0.7,0.0,0.0,0.58
1.0701929380000001,0.7,0.0,0.0,0.58
1.0712068620000001,0.7,0.0,0.0,0.58
1.072217605,0.7,0.0,0.0,0.58
1.073207658,0.7,0.0,0.0,0.58
1.074206577,0.7,0.0,0.01,0.58
1.0752052680000002,0.7,0.0,0.0,0.58
1.0762059210000001,0.7,0.0,0.0,0.59
1.0772070230000002,0.7,0.0,0.0,0.59
1.078131688,0.7,0.0,0.01,0.58
1.079165876,0.7,0.0,0.0,0.58
1.080150143,0.7,0.0,0.0,0.58
1.0812887070000001,0.7,0.0,0.0,0.58
1.08211998,0.71,0.0,0.0,0.58
1.0832972010000002,0.7,0.0,0.0,0.58
1.0841012140000001,0.7,0.0,0.0,0.58
1.085356677,0.7,0.0,0.0,0.59
1.087281817,0.71,0.0,0.0,0.58
1.088163228,0.7,0.0,0.0,0.58
1.089215899,0.7,0.0,0.0,0.58
1.090218261,0.7,0.0,0.0,0.59
1.091190912,0.7,0.0,0.0,0.58
1.0922112590000002,0.7,0.0,0.0,0.59
1.093218869,0.7,0.0,0.0,0.59
1.094183079,0.7,0.0,0.0,0.58
1.095153166,0.7,0.0,0.0,0.58
1.09615672,0.7,0.0,0.0,0.58
1.097310546,0.7,0.0,0.0,0.58
1.098621604,0.7,0.0,0.0,0.59
1.099076927,0.7,0.0,0.0,0.59
1.101140991,0.7,0.0,0.0,0.58
1.1022069330000002,0.7,0.0,0.0,0.58
1.1031332740000002,0.7,0.0,0.0,0.58
1.104205805,0.71,0.0,0.0,0.58
1.105201458,0.71,0.0,0.0,0.59
1.106093291,0.7,0.0,0.0,0.58
1.107197572,0.7,0.0,0.0,0.58
1.1082041660000002,0.7,0.0,0.0,0.58
1.109216821,0.7,0.0,0.0,0.59
1.1101631650000001,0.7,0.0,0.0,0.58
1.111128206,0.7,0.0,0.0,0.58
1.112307127,0.7,0.0,0.0,0.58
1.1131062680000001,0.7,0.0,0.0,0.58
1.114118623,0.7,0.0,0.0,0.58
1.116264548,0.7,0.0,0.0,0.58
1.117183757,0.7,0.0,0.0,0.59
1.118206016,0.7,0.0,0.0,0.59
1.1192051650000001,0.7,0.0,0.0,0.59
1.1202033200000001,0.7,0.0,0.0,0.58
1.121201008,0.7,0.0,0.0,0.58
1.1222051510000002,0.7,0.0,0.0,0.58
1.123208285,0.7,0.0,0.0,0.59
1.124190646,0.7,0.0,0.0,0.58
1.125309528,0.7,0.0,0.0,0.58
1.1261015680000002,0.71,0.0,0.0,0.59
1.1272835460000001,0.7,0.0,0.0,0.58
1.128094775,0.7,0.0,0.0,0.59
1.1293068400000001,0.7,0.0,0.0,0.58
1.1325532360000001,0.7,0.0,0.0,0.58
1.1330928710000001,0.71,0.0,0.0,0.59
1.134362404,0.7,0.0,0.0,0.58
1.135074225,0.7,0.0,0.0,0.58
1.136434851,0.7,0.0,0.0,0.58
1.1370773730000001,0.7,0.0,0.0,0.58
1.138372556,0.71,0.0,0.0,0.58
1.139072247,0.71,0.0,0.0,0.58
1.140271587,0.71,0.0,0.0,0.59
1.1411454520000002,0.7,0.0,0.0,0.59
1.142323491,0.7,0.0,0.0,0.58
1.1431613950000001,0.71,0.0,0.0,0.58
1.144400856,0.7,0.0,0.0,0.58
1.1451461230000002,0.7,0.0,0.0,0.59
1.1463969090000001,0.7,0.0,0.0,0.58
1.147075517,0.71,0.0,0.0,0.58
1.1483653520000001,0.7,0.0,0.0,0.59
1.149068141,0.71,0.0,0.0,0.59
1.150263202,0.7,0.0,0.0,0.58
1.151148754,0.7,0.0,0.0,0.58
1.152433081,0.7,0.0,0.0,0.58
1.1530733260000001,0.71,0.0,0.0,0.58
1.154260561,0.7,0.0,0.0,0.58
1.155072791,0.7,0.0,0.0,0.59
1.156280771,0.7,0.0,0.01,0.58
1.157072689,0.7,0.0,0.0,0.59
1.158339467,0.7,0.0,0.0,0.58
1.1603761380000002,0.7,0.0,0.0,0.58
1.1612729560000001,0.7,0.0,0.0,0.58
1.162103523,0.7,0.0,0.0,0.59
1.16323938,0.7,0.0,0.0,0.59
1.1642371310000001,0.7,0.0,0.0,0.59
1.165205781,0.7,0.0,0.0,0.59
1.166180534,0.7,0.0,0.0,0.59
1.167126103,0.7,0.0,0.0,0.58
1.168201768,0.7,0.0,0.01,0.59
1.169222202,0.7,0.0,0.0,0.58
1.170191019,0.7,0.0,0.0,0.58
1.171166817,0.7,0.0,0.0,0.58
1.172187622,0.7,0.0,0.01,0.58
1.173213496,0.7,0.0,0.0,0.59
1.174227399,0.7,0.0,0.0,0.58
1.1764354080000001,0.7,0.0,0.0,0.59
1.1777161580000002,0.7,0.0,0.0,0.58
1.178715444,0.7,0.0,0.0,0.58
1.179616888,0.7,0.0,0.0,0.58
1.180473842,0.7,0.0,0.0,0.59
1.181203873,0.7,0.0,0.0,0.58
1.1821950940000001,0.7,0.0,0.0,0.59
1.183181601,0.7,0.0,0.0,0.59
1.184146841,0.7,0.0,0.0,0.59
1.185227448,0.7,0.0,0.01,0.59
1.1861774790000001,0.7,0.0,0.0,0.58
1.1871644190000001,0.7,0.0,0.0,0.59
1.188195042,0.7,0.0,0.0,0.58
1.1892051300000002,0.7,0.0,0.0,0.58
1.190235887,0.7,0.0,0.0,0.59
1.192224986,0.7,0.0,0.0,0.59
1.193223559,0.7,0.01,0.0,0.58
1.194215202,0.7,0.0,0.0,0.59
1.195231911,0.7,0.0,0.0,0.58
1.1962049110000001,0.7,0.0,0.0,0.59
1.1972201120000001,0.69,0.0,0.0,0.58
1.198110071,0.7,0.0,0.0,0.58
1.19940551,0.7,0.0,0.0,0.58
1.2001295870000002,0.7,0.0,0.0,0.58
1.201195537,0.7,0.0,0.0,0.58
1.2021826820000001,0.7,0.0,0.0,0.59
1.203167345,0.7,0.0,0.0,0.58
1.204391446,0.7,0.0,0.0,0.59
1.205110646,0.7,0.0,0.0,0.58
1.2071439880000001,0.7,0.0,0.0,0.59
1.208246552,0.7,0.0,0.0,0.59
1.20922997,0.7,0.0,0.0,0.59
1.21023082,0.7,0.0,0.0,0.59
1.211147055,0.7,0.0,0.0,0.58
1.212102229,0.7,0.0,0.0,0.59
1.2131127350000002,0.7,0.0,0.0,0.59
1.2142369020000001,0.7,0.0,0.0,0.59
1.2151446810000002,0.7,0.0,0.0,0.58
1.216193306,0.7,0.0,0.0,0.58
1.217178429,0.7,0.0,0.0,0.58
1.2181422480000001,0.7,0.0,0.0,0.59
1.219201644,0.7,0.0,0.0,0.58
1.2202534680000001,0.69,0.0,0.0,0.59
1.2224069370000001,0.7,0.0,0.0,0.58
1.223133295,0.7,0.0,0.0,0.59
1.224244217,0.7,0.0,0.0,0.59
1.2251946500000002,0.7,0.0,0.0,0.59
1.226232519,0.7,0.0,0.0,0.59
1.227212451,0.7,0.0,0.0,0.59
1.228193647,0.7,0.0,0.0,0.59
1.22938337,0.7,0.0,0.0,0.58
1.230118472,0.7,0.0,0.0,0.59
1.2313535770000001,0.7,0.0,0.0,0.59
1.232115971,0.7,0.0,0.0,0.59
1.2333238990000002,0.7,0.0,0.0,0.58
1.234107878,0.7,0.0,0.0,0.59
1.235366264,0.7,0.0,0.0,0.59
1.237390677,0.7,0.0,0.0,0.58
1.238110406,0.7,0.0,0.0,0.59
1.239149364,0.7,0.0,0.0,0.59
1.2402681660000001,0.7,0.0,0.0,0.58
1.2412190440000002,0.69,0.0,0.0,0.58
1.2422491130000002,0.69,0.0,0.0,0.58
1.2430918610000001,0.7,0.0,0.0,0.59
1.2442620800000002,0.7,0.0,0.0,0.58
1.245147605,0.7,0.0,0.0,0.59
1.2461777360000001,0.7,0.0,0.0,0.59
1.247179033,0.7,0.0,0.0,0.59
1.248189186,0.7,0.0,0.0,0.59
1.249195619,0.7,0.0,0.0,0.58
1.2502574100000001,0.7,0.0,0.0,0.59
1.2524080400000002,0.7,0.0,0.0,0.59
1.253125274,0.7,0.0,0.0,0.58
1.254276151,0.7,0.0,0.0,0.58
1.255112811,0.7,0.0,0.0,0.59
1.25621343,0.7,0.0,0.0,0.59
1.257255307,0.7,0.0,0.0,0.58
1.258239264,0.7,0.0,0.0,0.58
1.259224896,0.7,0.0,0.0,0.58
1.260167647,0.7,0.0,0.0,0.58
1.26114151,0.7,0.0,0.0,0.59
1.2623544420000001,0.7,0.01,0.0,0.58
1.2631151230000002,0.7,0.0,0.0,0.58
1.264381645,0.7,0.0,0.0,0.58
1.265106837,0.7,0.0,0.0,0.59
1.266273253,0.7,0.0,0.0,0.58
1.268331821,0.7,0.0,0.0,0.59
1.2691048630000001,0.7,0.0,0.0,0.58
1.270096667,0.7,0.0,0.0,0.58
1.271127731,0.7,0.0,0.0,0.59
1.2721307370000001,0.7,0.0,0.0,0.58
1.2731965760000001,0.7,0.0,0.0,0.59
1.274153576,0.7,0.0,0.0,0.59
1.2751590860000002,0.7,0.0,0.0,0.59
1.276140113,0.7,0.0,0.0,0.59
1.277325077,0.7,0.0,0.0,0.58
1.278119013,0.7,0.0,0.0,0.58
1.279354595,0.7,0.0,0.0,0.59
1.2801096840000001,0.7,0.0,0.0,0.59
1.282295871,0.7,0.01,0.0,0.59
1.283113772,0.7,0.0,0.0,0.59
1.284396152,0.7,0.0,0.0,0.58
1.28511561,0.7,0.0,0.0,0.59
1.286293028,0.7,0.0,0.0,0.59
1.2871143500000002,0.7,0.0,0.0,0.58
1.288145053,0.7,0.0,0.0,0.59
1.2891967480000002,0.7,0.0,0.0,0.59
1.290136827,0.7,0.0,0.0,0.58
1.2913303230000002,0.7,0.0,0.0,0.59
1.2921144900000001,0.7,0.0,0.0,0.59
1.2932900440000001,0.7,0.0,0.0,0.58
1.294103193,0.7,0.0,0.0,0.58
1.295311858,0.7,0.0,0.0,0.58
1.297396043,0.7,0.0,0.0,0.58
1.2981114310000001,0.7,0.0,0.0,0.58
1.2991584820000002,0.7,0.0,0.0,0.58
1.300122733,0.7,0.0,0.0,0.59
1.301260595,0.71,0.0,0.0,0.58
1.302224905,0.7,0.0,0.0,0.59
1.303176016,0.71,0.0,0.0,0.58
1.3042444240000002,0.71,0.0,0.0,0.59
1.3052019890000002,0.71,0.0,0.0,0.59
1.306166715,0.71,0.0,0.0,0.58
1.3071680620000001,0.71,0.0,0.0,0.59
1.308176355,0.71,0.0,0.0,0.58
1.309180113,0.71,0.0,0.0,0.59
1.3114016370000001,0.7,0.0,0.0,0.58
1.312121045,0.71,0.0,0.0,0.59
1.3133693590000002,0.7,0.0,0.0,0.58
1.314115621,0.71,0.0,0.0,0.58
1.31521061,0.7,0.0,0.0,0.58
1.3161925,0.71,0.0,0.0,0.58
1.317259859,0.71,0.0,0.0,0.58
1.3182031300000001,0.71,0.0,0.0,0.58
1.319257785,0.7,0.0,0.0,0.58
1.320212536,0.71,0.0,0.0,0.59
1.321391286,0.7,0.0,0.0,0.58
1.322101494,0.7,0.0,0.0,0.58
1.32331177,0.7,0.0,0.0,0.58
1.3240945190000002,0.71,0.0,0.0,0.58
1.3253149750000002,0.7,0.0,0.0,0.58
1.3273938010000002,0.7,0.0,0.0,0.59
1.328101929,0.7,0.0,0.0,0.59
1.329281914,0.7,0.0,0.0,0.59
1.330138966,0.7,0.0,0.0,0.58
1.3313558710000002,0.7,0.0,0.0,0.58
1.332094829,0.7,0.0,0.0,0.58
1.333180779,0.7,0.0,0.0,0.58
1.3341994320000001,0.7,0.0,0.0,0.58
1.335396253,0.7,0.0,0.0,0.58
1.336094338,0.7,0.0,0.0,0.59
1.3372477930000002,0.7,0.0,0.0,0.58
1.338097762,0.7,0.0,0.0,0.59
1.339334567,0.71,0.0,0.01,0.58
1.340091618,0.7,0.0,0.0,0.59
1.341422632,0.7,0.0,0.0,0.59
1.3434185390000002,0.7,0.0,0.0,0.58
1.344108845,0.7,0.0,0.0,0.58
1.345399052,0.7,0.0,0.0,0.58
1.346107694,0.7,0.0,0.0,0.59
1.347294159,0.7,0.0,0.0,0.59
1.348178168,0.7,0.0,0.0,0.59
1.3492197240000001,0.7,0.0,0.0,0.59
1.3502625050000001,0.7,0.0,0.0,0.59
1.351212936,0.7,0.0,0.0,0.59
1.3521790180000002,0.7,0.0,0.0,0.58
1.353284012,0.7,0.0,0.0,0.58
1.3541352400000002,0.7,0.0,0.0,0.58
1.355413288,0.7,0.0,0.0,0.58
1.357398463,0.7,0.0,0.0,0.59
1.358105987,0.7,0.0,0.0,0.59
1.3593308050000001,0.7,0.0,0.0,0.58
1.3600992230000002,0.7,0.0,0.0,0.59
1.3613605400000002,0.7,0.0,0.0,0.59
1.362110479,0.7,0.0,0.0,0.58
1.36332939,0.7,0.0,0.0,0.59
1.364101448,0.7,0.01,0.01,0.58
1.3652659150000002,0.7,0.0,0.0,0.59
1.366119635,0.7,0.0,0.0,0.59
1.3671800090000001,0.7,0.0,0.0,0.59
1.3681871030000001,0.7,0.0,0.0,0.58
1.3692654210000001,0.7,0.0,0.0,0.59
1.370185891,0.7,0.0,0.0,0.59
1.372408399,0.7,0.0,0.0,0.58
1.373110668,0.7,0.0,0.0,0.59
1.374159997,0.7,0.0,0.0,0.58
1.375142837,0.7,0.0,0.0,0.59
1.3762290970000002,0.7,0.0,0.0,0.59
1.3771603190000001,0.7,0.0,0.0,0.59
1.378143128,0.7,0.0,0.0,0.59
1.379297551,0.7,0.0,0.0,0.58
1.380110213,0.7,0.0,0.0,0.58
1.3814279260000002,0.7,0.0,0.0,0.59
1.3821025580000001,0.7,0.0,0.0,0.59
1.383274483,0.7,0.0,0.0,0.59
1.384093912,0.7,0.0,0.0,0.59
1.3853009740000002,0.7,0.01,0.0,0.58
1.387258,0.7,0.0,0.0,0.59
1.38814812,0.7,0.0,0.0,0.59
1.389203792,0.7,0.0,0.0,0.58
1.3901334170000001,0.7,0.0,0.0,0.58
1.3911457680000001,0.7,0.0,0.0,0.59
1.3921508070000002,0.7,0.0,0.0,0.59
1.3932699940000002,0.7,0.0,0.0,0.59
1.394214488,0.7,0.0,0.0,0.59
1.3951344190000001,0.7,0.0,0.0,0.58
1.396391895,0.7,0.0,0.0,0.59
1.3971085970000001,0.7,0.0,0.0,0.59
1.39828427,0.7,0.0,0.0,0.59
1.3991255550000001,0.71,0.0,0.0,0.59
1.40021539,0.71,0.0,0.0,0.59
1.4023192260000001,0.7,0.0,0.0,0.59
1.40310775,0.71,0.0,0.0,0.59
1.404272784,0.7,0.0,0.0,0.59
1.4051064850000001,0.71,0.0,0.0,0.59
1.40619431,0.7,0.0,0.0,0.59
1.407241796,0.7,0.0,0.0,0.59
1.408128351,0.71,0.0,0.0,0.59
1.40940548,0.71,0.0,0.01,0.59
1.4101048250000001,0.7,0.0,0.0,0.59
1.411151693,0.7,0.0,0.0,0.59
1.4120865120000001,0.7,0.0,0.0,0.59
1.4133107150000002,0.7,0.0,0.0,0.59
1.414102631,0.7,0.0,0.0,0.59
1.415152409,0.7,0.0,0.0,0.59
1.4174062010000001,0.7,0.0,0.0,0.58
1.4181134530000001,0.7,0.0,0.0,0.58
1.41938205,0.7,0.0,0.0,0.59
1.4201049590000001,0.7,0.0,0.0,0.59
1.421299088,0.71,0.0,0.0,0.59
1.4221144890000001,0.7,0.0,0.0,0.59
1.423280797,0.7,0.0,0.0,0.59
1.4241072240000001,0.7,0.0,0.0,0.59
1.425403076,0.7,0.0,0.0,0.59
1.4261018950000002,0.7,0.0,0.0,0.59
1.427344937,0.7,0.0,0.0,0.59
1.4281024100000002,0.7,0.0,0.0,0.59
1.429337804,0.71,0.0,0.0,0.59
1.430093791,0.7,0.0,0.0,0.59
1.4314044490000002,0.7,0.0,0.0,0.59
1.4333637380000002,0.7,0.0,0.0,0.59
1.434109359,0.71,0.0,0.0,0.59
1.435390975,0.7,0.0,0.0,0.59
1.436103951,0.7,0.0,0.0,0.58
1.4372414660000001,0.7,0.0,0.0,0.59
1.438178814,0.7,0.0,0.0,0.59
1.4392892990000001,0.7,0.0,0.0,0.59
1.440178318,0.7,0.0,0.0,0.59
1.441411784,0.7,0.0,0.0,0.58
1.442105817,0.7,0.0,0.01,0.59
1.443310879,0.7,0.0,0.0,0.59
1.4440980010000002,0.7,0.0,0.0,0.59
1.445376242,0.7,0.0,0.0,0.59
1.4474066680000002,0.7,0.0,0.0,0.59
1.4481105570000001,0.7,0.0,0.0,0.58
1.4491448130000002,0.7,0.0,0.0,0.59
1.450271644,0.7,0.0,0.0,0.59
1.451226753,0.7,0.0,0.0,0.59
1.452172307,0.7,0.0,0.0,0.58
1.453137962,0.7,0.0,0.0,0.59
1.45439661,0.7,0.0,0.0,0.59
1.45513063,0.7,0.0,0.0,0.59
1.456166,0.7,0.0,0.0,0.59
1.4571384920000001,0.7,0.0,0.0,0.59
1.458227919,0.7,0.0,0.0,0.59
1.4591606780000002,0.7,0.0,0.0,0.59
1.460125335,0.7,0.0,0.0,0.59
1.461154255,0.7,0.0,0.0,0.59
1.462175982,0.7,0.0,0.0,0.59
1.464273194,0.7,0.0,0.0,0.59
1.4651487920000001,0.7,0.0,0.0,0.59
1.46621244,0.7,0.0,0.0,0.59
1.4671587000000001,0.7,0.0,0.0,0.59
1.468201899,0.7,0.0,0.0,0.59
1.4691851260000002,0.7,0.0,0.0,0.59
1.470212364,0.7,0.0,0.0,0.59
1.47121932,0.7,0.0,0.0,0.59
1.472228601,0.7,0.0,0.0,0.59
1.4732258020000002,0.7,0.0,0.0,0.59
1.474219847,0.7,0.0,0.0,0.59
1.475186689,0.7,0.0,0.0,0.59
1.476165524,0.7,0.0,0.0,0.59
1.477184258,0.7,0.0,0.0,0.59
1.479374089,0.7,0.0,0.0,0.59
1.480245515,0.7,0.0,0.0,0.59
1.481152875,0.7,0.0,0.0,0.59
1.4821823950000002,0.71,0.0,0.0,0.59
1.483197582,0.7,0.0,0.0,0.59
1.4841457200000001,0.71,0.0,0.0,0.59
1.485310297,0.71,0.0,0.0,0.59
1.4861258860000002,0.71,0.0,0.0,0.59
1.487208013,0.71,0.0,0.0,0.59
1.488114194,0.7,0.0,0.0,0.59
1.4892951,0.7,0.0,0.0,0.59
1.49013773,0.71,0.0,0.0,0.59
1.4913248700000001,0.71,0.0,0.0,0.59
1.49209553,0.7,0.01,0.0,0.59
1.493352602,0.71,0.0,0.0,0.59
1.495354851,0.7,0.0,0.0,0.59
1.496089459,0.7,0.0,0.0,0.59
1.4972085000000002,0.71,0.0,0.0,0.59
1.498084535,0.71,0.0,0.0,0.59
1.499223535,0.7,0.0,0.0,0.59
1.500217845,0.71,0.0,0.0,0.59
1.5012141680000002,0.71,0.0,0.0,0.59
1.502217801,0.72,0.0,0.0,0.59
1.503242149,0.71,0.0,0.0,0.59
1.504149441,0.7,0.0,0.0,0.59
1.5052823640000002,0.7,0.0,0.0,0.59
1.506096917,0.7,0.0,0.0,0.59
1.5073162180000002,0.71,0.0,0.0,0.59
1.50934388,0.71,0.0,0.0,0.59
1.510091427,0.7,0.0,0.0,0.59
1.511154552,0.7,0.0,0.0,0.59
1.5122114080000002,0.7,0.0,0.0,0.59
1.5132104540000002,0.71,0.0,0.0,0.59
1.514081105,0.7,0.0,0.0,0.59
1.5151192210000002,0.71,0.0,0.0,0.59
1.516118443,0.71,0.0,0.0,0.59
1.517343525,0.7,0.0,0.0,0.59
1.518096214,0.7,0.0,0.0,0.59
1.519148576,0.7,0.0,0.0,0.59
1.5201853170000001,0.7,0.0,0.0,0.59
1.52118404,0.7,0.0,0.0,0.59
1.5221573300000002,0.71,0.0,0.0,0.59
1.5231448740000002,0.71,0.0,0.0,0.59
1.524350711,0.71,0.0,0.0,0.59
1.5263429510000002,0.71,0.0,0.0,0.59
1.5271037390000002,0.7,0.0,0.0,0.59
1.5281030640000002,0.7,0.0,0.0,0.59
1.5291995870000001,0.71,0.0,0.0,0.59
1.530208079,0.7,0.0,0.0,0.59
1.5312236240000001,0.71,0.0,0.0,0.59
1.532121827,0.71,0.0,0.0,0.59
1.533308856,0.71,0.0,0.0,0.59
1.5341250960000001,0.71,0.0,0.0,0.59
1.5351621800000002,0.71,0.0,0.0,0.59
1.536159155,0.7,0.0,0.0,0.59
1.537226919,0.71,0.0,0.0,0.59
1.538196278,0.7,0.0,0.0,0.59
1.540343095,0.71,0.0,0.0,0.59
1.541102438,0.7,0.0,0.0,0.59
1.542208311,0.71,0.0,0.0,0.59
1.5432099780000001,0.71,0.0,0.0,0.59
1.5442270630000001,0.71,0.0,0.0,0.59
1.5451254730000001,0.71,0.0,0.0,0.59
1.5463333110000002,0.71,0.0,0.0,0.59
1.54710123,0.7,0.0,0.0,0.59
1.548340378,0.7,0.0,0.0,0.58
1.549091937,0.71,0.0,0.0,0.59
1.5502880650000002,0.71,0.0,0.0,0.59
1.551153852,0.71,0.0,0.0,0.59
1.5522017270000001,0.71,0.0,0.0,0.59
1.5532176500000001,0.7,0.0,0.0,0.59
1.5553404510000002,0.7,0.0,0.0,0.6
1.556105496,0.7,0.0,0.0,0.59
1.557209612,0.7,0.0,0.0,0.59
1.558151201,0.7,0.0,0.0,0.59
1.559210811,0.71,0.0,0.0,0.59
1.5602092740000002,0.7,0.0,0.0,0.59
1.56112929,0.71,0.0,0.0,0.59
1.562329053,0.71,0.0,0.0,0.59
1.5630971800000002,0.71,0.0,0.0,0.59
1.5643113050000002,0.71,0.0,0.0,0.59
1.5658285490000001,0.71,0.0,0.0,0.59
1.566221456,0.7,0.0,0.0,0.59
1.5672359150000001,0.71,0.0,0.0,0.59
1.5683733800000002,0.7,0.0,0.0,0.59
1.570223111,0.7,0.0,0.0,0.59
1.571244791,0.7,0.0,0.0,0.59
1.5722540010000001,0.7,0.0,0.0,0.59
1.573256256,0.7,0.0,0.0,0.59
1.574366077,0.71,0.0,0.0,0.59
1.575123075,0.7,0.0,0.0,0.59
1.57635985,0.7,0.0,0.0,0.59
1.577100143,0.71,0.0,0.0,0.59
1.578188283,0.7,0.0,0.0,0.59
1.5791386070000002,0.7,0.0,0.0,0.59
1.5800914060000002,0.71,0.0,0.0,0.59
1.5811579720000002,0.7,0.0,0.0,0.59
1.582140075,0.7,0.0,0.0,0.59
1.5832806320000001,0.7,0.0,0.0,0.59
1.5853558550000002,0.71,0.01,0.0,0.59
1.586116357,0.71,0.0,0.0,0.59
1.58709486,0.71,0.0,0.01,0.59
1.5882367160000002,0.7,0.0,0.0,0.59
1.5892254410000002,0.7,0.0,0.0,0.59
1.590225095,0.7,0.0,0.0,0.59
1.591216508,0.7,0.01,0.0,0.58
1.592218072,0.71,0.0,0.0,0.59
1.593219825,0.7,0.0,0.0,0.59
1.5941524500000002,0.7,0.0,0.01,0.59
1.595107405,0.71,0.0,0.0,0.59
1.5962945050000001,0.7,0.0,0.0,0.59
1.598432851,0.71,0.0,0.0,0.59
1.5991004290000002,0.71,0.0,0.0,0.59
1.6002143260000001,0.71,0.0,0.0,0.59
1.6012155220000002,0.71,0.0,0.0,0.59
1.6022132930000001,0.7,0.0,0.0,0.59
1.603415145,0.71,0.0,0.0,0.59
1.604089123,0.71,0.0,0.0,0.59
1.6053526050000002,0.71,0.0,0.0,0.59
1.606082593,0.7,0.0,0.0,0.59
1.60737222,0.71,0.0,0.0,0.59
1.6080857430000002,0.71,0.0,0.0,0.59
1.6092722030000002,0.71,0.0,0.0,0.59
1.6101144230000002,0.7,0.0,0.0,0.59
1.611284849,0.71,0.0,0.0,0.59
1.6133674370000002,0.71,0.0,0.0,0.59
1.6141102,0.71,0.0,0.0,0.59
1.6153199520000001,0.71,0.0,0.0,0.59
1.616082035,0.71,0.0,0.0,0.59
1.6173506430000002,0.71,0.0,0.0,0.59
1.618134315,0.71,0.0,0.0,0.59
1.619360979,0.71,0.0,0.0,0.59
1.62008412,0.71,0.0,0.0,0.59
1.621140586,0.71,0.0,0.0,0.59
1.622082939,0.71,0.01,0.0,0.59
1.62315432,0.71,0.01,0.0,0.59
1.6241531120000001,0.71,0.0,0.0,0.59
1.625147426,0.71,0.0,0.0,0.59
1.626283265,0.71,0.0,0.0,0.59
1.628207414,0.71,0.0,0.0,0.59
1.62923334,0.71,0.0,0.0,0.59
1.630202898,0.71,0.0,0.0,0.59
1.6312154700000001,0.71,0.0,0.0,0.59
1.632687298,0.71,0.0,0.0,0.58
1.6336622790000002,0.71,0.0,0.0,0.59
1.634071572,0.71,0.0,0.0,0.59
1.6353529100000002,0.71,0.0,0.0,0.59
1.6360716240000002,0.71,0.0,0.0,0.59
1.637293101,0.71,0.0,0.0,0.59
1.6381755850000002,0.71,0.0,0.0,0.59
1.639213881,0.71,0.0,0.0,0.59
1.6400694290000002,0.71,0.0,0.0,0.59
1.6412510280000001,0.71,0.0,0.0,0.59
1.6433652040000002,0.71,0.0,0.0,0.59
1.6440807720000001,0.71,0.0,0.01,0.59
1.6451610890000001,0.71,0.0,0.0,0.59
1.6462429650000001,0.71,0.0,0.0,0.59
1.6472294170000001,0.71,0.0,0.0,0.59
1.648218572,0.71,0.0,0.0,0.59
1.649116062,0.71,0.0,0.0,0.59
1.650353887,0.71,0.0,0.0,0.59
1.651117238,0.71,0.0,0.0,0.59
1.652281888,0.71,0.0,0.0,0.59
1.653083555,0.71,0.0,0.0,0.59
1.6542960820000001,0.71,0.0,0.0,0.58
1.655164574,0.71,0.0,0.0,0.59
1.65611796,0.71,0.0,0.0,0.59
1.6572784390000002,0.71,0.0,0.0,0.59
1.6593558060000002,0.71,0.0,0.0,0.59
1.6601165420000001,0.71,0.0,0.0,0.58
1.661114919,0.71,0.0,0.0,0.59
1.6621012890000002,0.71,0.0,0.0,0.59
1.6632117240000002,0.71,0.0,0.0,0.59
1.664216911,0.71,0.0,0.0,0.59
1.665122188,0.71,0.0,0.0,0.59
1.666223406,0.71,0.0,0.0,0.59
1.6671162560000001,0.71,0.0,0.0,0.59
1.6682975670000002,0.71,0.0,0.0,0.59
1.669141315,0.71,0.0,0.0,0.59
1.6701527440000001,0.71,0.0,0.0,0.59
1.6711845280000002,0.71,0.0,0.0,0.59
1.6733435970000001,0.71,0.0,0.0,0.59
1.6740917450000001,0.71,0.0,0.0,0.59
1.675224953,0.71,0.0,0.0,0.59
1.6762238040000002,0.71,0.0,0.0,0.58
1.6770785990000001,0.71,0.0,0.0,0.59
1.6781412580000001,0.71,0.0,0.0,0.59
1.679217836,0.71,0.0,0.0,0.59
1.6801645950000001,0.7,0.0,0.01,0.59
1.6812056400000002,0.71,0.0,0.0,0.59
1.682117746,0.71,0.01,0.0,0.59
1.683163498,0.71,0.0,0.0,0.59
1.6841467,0.71,0.0,0.0,0.59
1.6852890180000002,0.71,0.0,0.0,0.59
1.686095496,0.71,0.0,0.0,0.59
1.687252685,0.71,0.0,0.0,0.59
1.68818952,0.7,0.0,0.0,0.59
1.6892193260000001,0.71,0.0,0.0,0.59
1.6913555210000002,0.71,0.0,0.0,0.59
1.6920992780000002,0.71,0.0,0.0,0.59
1.693214165,0.71,0.0,0.0,0.58
1.694217085,0.71,0.0,0.0,0.58
1.6950889180000002,0.7,0.0,0.0,0.59
1.6961942840000002,0.71,0.0,0.0,0.59
1.6972054140000001,0.71,0.0,0.0,0.59
1.6981161020000002,0.71,0.0,0.0,0.59
1.6991157060000002,0.7,0.0,0.0,0.59
1.7001172,0.7,0.0,0.0,0.59
1.701148595,0.71,0.0,0.0,0.59
1.702173696,0.71,0.0,0.0,0.59
1.7032143260000001,0.71,0.0,0.0,0.59
1.7042086580000002,0.71,0.0,0.0,0.57
1.7062903020000002,0.71,0.0,0.0,0.59
1.7071176430000001,0.71,0.0,0.0,0.59
1.708346257,0.7,0.0,0.0,0.59
1.7091070990000001,0.71,0.0,0.0,0.59
1.7103443450000002,0.71,0.0,0.0,0.59
1.711106473,0.71,0.0,0.0,0.59
1.712312167,0.7,0.0,0.0,0.59
1.7131526490000002,0.7,0.0,0.0,0.59
1.714433872,0.7,0.0,0.0,0.59
1.7150857910000001,0.71,0.0,0.0,0.59
1.7162887370000002,0.71,0.0,0.0,0.59
1.717086726,0.71,0.0,0.0,0.59
1.718324578,0.71,0.0,0.0,0.59
1.7202948050000002,0.71,0.0,0.0,0.59
1.7211544950000002,0.71,0.0,0.0,0.59
1.722220163,0.71,0.0,0.0,0.59
1.72322605,0.71,0.0,0.0,0.58
1.7242205480000001,0.71,0.0,0.0,0.58
1.725214841,0.71,0.0,0.0,0.59
1.726346007,0.71,0.0,0.0,0.59
1.7270894250000002,0.71,0.0,0.0,0.59
1.7283173870000001,0.71,0.0,0.0,0.59
1.7290893020000002,0.71,0.0,0.0,0.59
1.730296196,0.71,0.0,0.0,0.58
1.731129853,0.71,0.0,0.0,0.59
1.7321213050000002,0.7,0.0,0.0,0.59
1.7331313110000002,0.7,0.0,0.0,0.59
1.7341368350000002,0.71,0.0,0.0,0.59
1.7353509900000001,0.71,0.0,0.0,0.59
1.7373046680000002,0.71,0.0,0.0,0.58
1.7381186510000002,0.71,0.0,0.0,0.58
1.739215447,0.71,0.0,0.0,0.59
1.740202194,0.71,0.0,0.0,0.59
1.741198105,0.71,0.0,0.0,0.59
1.742205035,0.71,0.0,0.0,0.59
1.743166502,0.71,0.0,0.0,0.59
1.744202298,0.71,0.0,0.0,0.58
1.7451674400000001,0.71,0.0,0.0,0.59
1.7461814310000001,0.71,0.0,0.0,0.59
1.7471942070000002,0.71,0.0,0.0,0.58
1.748201793,0.71,0.0,0.0,0.59
1.750507481,0.71,0.0,0.0,0.59
1.7516694080000001,0.71,0.0,0.0,0.59
1.752622466,0.71,0.0,0.0,0.59
1.7534522030000002,0.71,0.0,0.0,0.59
1.754231193,0.71,0.0,0.0,0.59
1.7552004410000002,0.7,0.0,0.0,0.59
1.7561839090000002,0.71,0.0,0.0,0.59
1.7571661040000002,0.7,0.0,0.0,0.59
1.758159178,0.69,0.0,0.0,0.59
1.7591965330000001,0.69,0.0,0.0,0.58
1.7601817130000001,0.7,0.0,0.0,0.59
1.761153989,0.7,0.0,0.0,0.59
1.7621546490000002,0.7,0.0,0.0,0.59
1.76336048,0.7,0.0,0.0,0.59
1.7653131750000002,0.7,0.0,0.0,0.58
1.7661366660000002,0.7,0.0,0.0,0.59
1.7671570980000002,0.7,0.0,0.0,0.58
1.7682011180000001,0.7,0.0,0.0,0.59
1.769195743,0.7,0.0,0.0,0.59
1.770201058,0.7,0.0,0.0,0.59
1.771151166,0.7,0.0,0.0,0.59
1.7722364140000002,0.7,0.0,0.01,0.59
1.7731775310000002,0.69,0.0,0.0,0.59
1.774196812,0.7,0.0,0.0,0.59
1.775227437,0.71,0.0,0.0,0.59
1.776306544,0.71,0.0,0.0,0.59
1.7773037090000001,0.7,0.0,0.0,0.59
1.7788934600000001,0.7,0.0,0.0,0.59
1.7799894930000002,0.7,0.0,0.0,0.58
1.7810124660000002,0.7,0.0,0.0,0.59
1.7820569960000001,0.7,0.0,0.0,0.59
1.7831100270000002,0.7,0.0,0.0,0.59
1.784072909,0.7,0.0,0.0,0.59
1.784893631,0.7,0.0,0.0,0.59
1.7856992820000002,0.71,0.0,0.01,0.59
1.7874418440000002,0.71,0.0,0.0,0.59
1.7882364370000001,0.71,0.0,0.0,0.59
1.7891779360000002,0.71,0.0,0.0,0.59
1.790204195,0.7,0.0,0.0,0.59
1.791212765,0.7,0.0,0.0,0.59
1.792216322,0.7,0.0,0.0,0.58
1.794352375,0.71,0.0,0.0,0.58
1.7951440920000001,0.71,0.0,0.0,0.59
1.7961773250000002,0.71,0.0,0.0,0.59
1.7971826890000002,0.71,0.0,0.0,0.59
1.7982141010000001,0.71,0.0,0.0,0.59
1.79915613,0.71,0.0,0.0,0.59
1.8002538620000001,0.71,0.0,0.0,0.59
1.801217376,0.7,0.0,0.0,0.59
1.8023904780000002,0.7,0.0,0.0,0.59
1.803113967,0.7,0.0,0.0,0.59
1.804383464,0.71,0.0,0.0,0.59
1.805101749,0.7,0.0,0.0,0.59
1.8063333430000001,0.7,0.0,0.0,0.59
1.807093698,0.7,0.0,0.0,0.59
1.8083852180000002,0.7,0.0,0.01,0.59
1.810414331,0.7,0.0,0.0,0.59
1.8110929690000002,0.71,0.0,0.0,0.58
1.812108429,0.7,0.0,0.0,0.59
1.813214437,0.7,0.0,0.01,0.59
1.814168275,0.7,0.0,0.0,0.59
1.8152569500000002,0.7,0.0,0.0,0.59
1.816243575,0.7,0.0,0.0,0.59
1.8172231630000002,0.7,0.0,0.0,0.59
1.8182249250000002,0.7,0.0,0.0,0.59
1.819141399,0.7,0.0,0.01,0.59
1.8203222630000002,0.7,0.0,0.0,0.59
1.8211107260000001,0.7,0.0,0.0,0.59
1.822186915,0.7,0.0,0.0,0.59
1.8243382520000002,0.7,0.0,0.0,0.59
1.825113771,0.7,0.0,0.0,0.59
1.82621951,0.7,0.0,0.0,0.59
1.8272611140000001,0.7,0.0,0.0,0.59
1.8281437360000001,0.7,0.0,0.0,0.59
1.829369062,0.7,0.0,0.0,0.59
1.830104213,0.7,0.01,0.0,0.59
1.831190421,0.7,0.0,0.01,0.59
1.832195086,0.7,0.0,0.0,0.59
1.8332519090000001,0.7,0.0,0.0,0.59
1.8341778240000002,0.7,0.0,0.0,0.59
1.835190075,0.7,0.0,0.0,0.59
1.8361787180000002,0.7,0.0,0.0,0.59
1.837091937,0.7,0.0,0.0,0.59
1.8394117810000001,0.7,0.0,0.0,0.59
1.8401186330000001,0.7,0.0,0.0,0.59
1.841242991,0.7,0.0,0.0,0.59
1.8422055050000001,0.7,0.0,0.0,0.59
1.8432377110000002,0.7,0.0,0.0,0.59
1.8442303270000002,0.7,0.0,0.0,0.59
1.8451776620000002,0.7,0.0,0.0,0.59
1.8463383560000002,0.7,0.0,0.0,0.59
1.8471179180000001,0.7,0.0,0.0,0.59
1.8484367540000002,0.7,0.0,0.0,0.59
1.849118212,0.7,0.0,0.0,0.59
1.850347551,0.7,0.0,0.0,0.59
1.851106042,0.7,0.0,0.0,0.59
1.8523767350000002,0.7,0.0,0.0,0.59
1.8530946140000002,0.7,0.0,0.0,0.59
1.8544112170000002,0.7,0.0,0.0,0.59
1.856275813,0.7,0.0,0.0,0.59
1.857102685,0.7,0.0,0.0,0.59
1.858405518,0.7,0.0,0.0,0.59
1.8591009920000001,0.7,0.0,0.01,0.59
1.860263562,0.7,0.0,0.0,0.59
1.861136855,0.7,0.0,0.0,0.59
1.8622771370000002,0.7,0.0,0.0,0.59
1.8631745670000002,0.7,0.0,0.0,0.59
1.8641789020000001,0.7,0.0,0.0,0.59
1.865130079,0.7,0.0,0.0,0.59
1.866271494,0.7,0.0,0.0,0.59
1.867098643,0.7,0.0,0.0,0.59
1.8694014090000002,0.7,0.0,0.0,0.59
1.870115068,0.7,0.0,0.0,0.59
1.871258121,0.7,0.0,0.0,0.59
1.8722412240000001,0.7,0.0,0.0,0.59
1.8731943620000002,0.7,0.0,0.0,0.59
1.8742677680000002,0.7,0.0,0.0,0.59
1.8752210560000002,0.7,0.0,0.0,0.59
1.876263599,0.7,0.0,0.0,0.59
1.877237253,0.7,0.0,0.0,0.59
1.8781361,0.7,0.0,0.0,0.59
1.879359803,0.7,0.0,0.0,0.59
1.8801048830000002,0.69,0.0,0.0,0.59
1.8813113520000002,0.7,0.0,0.0,0.59
1.8820986540000002,0.7,0.0,0.0,0.59
1.8834287090000001,0.7,0.0,0.0,0.59
1.885321875,0.7,0.0,0.0,0.59
1.8861055770000001,0.7,0.0,0.0,0.59
1.88721636,0.7,0.0,0.0,0.59
1.888277921,0.7,0.0,0.0,0.59
1.889137802,0.7,0.0,0.0,0.59
1.890262075,0.7,0.0,0.0,0.59
1.891102488,0.71,0.01,0.0,0.59
1.892273917,0.7,0.0,0.0,0.59
1.8932171880000002,0.7,0.0,0.0,0.59
1.8941830020000001,0.7,0.0,0.0,0.59
1.8953327240000002,0.7,0.0,0.0,0.59
1.8961001240000002,0.7,0.0,0.0,0.59
1.8972807600000001,0.7,0.0,0.0,0.58
1.898098351,0.7,0.0,0.0,0.59
1.899404788,0.7,0.0,0.0,0.59
1.9014051260000002,0.7,0.0,0.0,0.59
1.902108362,0.7,0.0,0.0,0.59
1.9033875500000002,0.7,0.0,0.0,0.59
1.9041011900000002,0.7,0.0,0.0,0.59
1.9053950240000002,0.7,0.0,0.0,0.59
1.9061025200000001,0.71,0.0,0.0,0.59
1.907515156,0.7,0.0,0.0,0.59
1.9081046060000002,0.7,0.0,0.0,0.59
1.9093860800000002,0.7,0.0,0.0,0.59
1.9101113730000001,0.7,0.0,0.0,0.59
1.911375719,0.7,0.0,0.0,0.59
1.91210528,0.7,0.0,0.0,0.59
1.913367051,0.7,0.0,0.0,0.59
1.9154014940000001,0.7,0.0,0.0,0.59
1.9161092620000002,0.7,0.0,0.0,0.59
1.9173360730000002,0.7,0.0,0.0,0.59
1.918114515,0.7,0.0,0.0,0.59
1.9192610820000002,0.7,0.0,0.0,0.59
1.9201394850000002,0.7,0.0,0.0,0.59
1.921395581,0.7,0.0,0.01,0.59
1.9221065700000002,0.7,0.0,0.0,0.59
1.9233067140000002,0.7,0.0,0.0,0.59
1.9241151760000001,0.7,0.0,0.0,0.59
1.9252536830000002,0.7,0.0,0.0,0.59
1.9261870950000002,0.7,0.0,0.0,0.59
1.9271794000000002,0.7,0.0,0.0,0.59
1.9293399230000001,0.7,0.0,0.0,0.59
1.9301096080000002,0.7,0.0,0.0,0.59
1.9312577050000002,0.7,0.0,0.0,0.59
1.9322142070000001,0.7,0.0,0.0,0.59
1.9332532960000002,0.7,0.0,0.0,0.59
1.9342376460000001,0.7,0.0,0.0,0.59
1.935269589,0.7,0.0,0.0,0.59
1.9362249550000001,0.7,0.0,0.0,0.59
1.9373936520000001,0.7,0.0,0.0,0.58
1.938109773,0.7,0.0,0.0,0.59
1.9394709440000002,0.7,0.0,0.0,0.59
1.9400984520000002,0.7,0.0,0.0,0.59
1.941315874,0.7,0.0,0.0,0.59
1.942139185,0.7,0.0,0.0,0.59
1.9434041460000002,0.7,0.0,0.0,0.59
1.944094777,0.7,0.0,0.0,0.59
1.94538658,0.7,0.0,0.0,0.59
1.947239372,0.7,0.0,0.0,0.59
1.9481488020000002,0.7,0.0,0.0,0.59
1.9490909250000001,0.7,0.0,0.0,0.59
1.9502786300000001,0.7,0.0,0.0,0.59
1.951173607,0.7,0.0,0.0,0.59
1.9522576260000002,0.7,0.0,0.0,0.59
1.953243408,0.7,0.0,0.0,0.59
1.9542133570000002,0.7,0.0,0.0,0.59
1.955178596,0.7,0.0,0.0,0.59
1.9561744920000002,0.7,0.0,0.0,0.59
1.957174525,0.7,0.0,0.0,0.59
1.9583833080000002,0.7,0.0,0.0,0.59
1.9591066650000002,0.7,0.0,0.0,0.59
1.9614215510000002,0.7,0.0,0.0,0.59
1.9621099860000002,0.7,0.0,0.0,0.59
1.9633413380000002,0.7,0.0,0.0,0.59
1.964111653,0.7,0.0,0.0,0.59
1.965222607,0.7,0.0,0.0,0.59
1.9662024670000002,0.7,0.0,0.0,0.59
1.967263143,0.7,0.0,0.0,0.58
1.968221602,0.7,0.0,0.0,0.59
1.9691790240000002,0.7,0.0,0.0,0.6
1.9703592140000001,0.7,0.0,0.0,0.59
1.9711096670000001,0.71,0.0,0.0,0.59
1.9722543000000001,0.7,0.0,0.0,0.59
1.9731821840000001,0.7,0.0,0.0,0.59
1.9742842870000001,0.7,0.0,0.0,0.59
1.9764867380000002,0.7,0.0,0.0,0.59
1.977106781,0.7,0.01,0.0,0.59
1.97815834,0.7,0.0,0.0,0.59
1.9791597440000002,0.7,0.0,0.0,0.6
1.9802152640000001,0.7,0.0,0.0,0.59
1.98113877,0.7,0.0,0.0,0.59
1.9821673560000002,0.7,0.0,0.0,0.59
1.983246995,0.7,0.0,0.0,0.59
1.9842021220000001,0.7,0.0,0.0,0.59
1.9851772660000002,0.7,0.0,0.0,0.6
1.9861778060000002,0.7,0.0,0.0,0.59
1.987097026,0.7,0.0,0.0,0.59
1.988351162,0.7,0.0,0.0,0.59
1.9891147660000001,0.7,0.0,0.01,0.59
1.99027338,0.7,0.0,0.0,0.59
1.99240487,0.7,0.0,0.0,0.59
1.993116424,0.7,0.0,0.01,0.59
1.9942428500000002,0.7,0.0,0.0,0.59
1.995197681,0.7,0.0,0.0,0.59
1.9961930540000001,0.7,0.0,0.0,0.59
1.9971900290000002,0.7,0.0,0.0,0.59
1.9982481140000001,0.7,0.0,0.0,0.59
1.9992245060000002,0.7,0.0,0.0,0.59
2.000178195,0.7,0.0,0.0,0.59
2.001331784,0.7,0.0,0.01,0.59
2.002121855,0.7,0.0,0.0,0.59
2.003364635,0.7,0.0,0.0,0.59
2.004113647,0.7,0.0,0.0,0.59
2.005389247,0.7,0.01,0.0,0.59
2.00740585,0.7,0.0,0.0,0.59
2.0081148950000003,0.7,0.0,0.0,0.59
2.009386393,0.71,0.0,0.0,0.59
2.010114191,0.71,0.0,0.0,0.59
2.01131985,0.7,0.0,0.0,0.59
2.012106966,0.7,0.0,0.0,0.59
2.013357965,0.7,0.0,0.0,0.59
2.014098606,0.7,0.0,0.0,0.59
2.015192758,0.7,0.0,0.0,0.59
2.0161670860000003,0.7,0.0,0.0,0.59
2.017181012,0.7,0.0,0.0,0.59
2.018176602,0.7,0.0,0.0,0.59
2.01913601,0.71,0.0,0.0,0.59
2.0213880200000003,0.7,0.0,0.0,0.59
2.022114319,0.7,0.0,0.0,0.59
2.0231733700000003,0.7,0.0,0.0,0.59
2.024270439,0.7,0.0,0.0,0.59
2.02523719,0.7,0.0,0.0,0.59
2.026138512,0.71,0.0,0.0,0.59
2.027382748,0.7,0.0,0.0,0.59
2.0281049710000003,0.7,0.0,0.0,0.59
2.0293211220000003,0.7,0.0,0.0,0.59
2.030103784,0.7,0.0,0.0,0.59
2.031321309,0.71,0.0,0.0,0.59
2.032094132,0.7,0.0,0.0,0.59
2.0333813650000003,0.7,0.0,0.0,0.59
2.0340943730000003,0.7,0.0,0.0,0.59
2.035296658,0.7,0.0,0.0,0.59
2.037406249,0.7,0.0,0.0,0.59
2.038097634,0.7,0.0,0.0,0.59
2.039171143,0.7,0.0,0.0,0.59
2.040267763,0.7,0.0,0.0,0.6
2.041130555,0.7,0.0,0.0,0.59
2.042258427,0.71,0.0,0.0,0.59
2.043195235,0.7,0.0,0.0,0.59
2.044261305,0.7,0.0,0.0,0.59
2.04520005,0.7,0.0,0.0,0.59
2.0461808400000003,0.7,0.0,0.0,0.59
2.047154957,0.71,0.0,0.0,0.59
2.048298334,0.7,0.0,0.0,0.59
2.0491360960000002,0.71,0.0,0.0,0.59
2.050392618,0.7,0.0,0.0,0.59
2.052336292,0.7,0.0,0.0,0.59
2.053121769,0.7,0.0,0.0,0.59
2.054156254,0.7,0.0,0.0,0.59
2.055257282,0.7,0.0,0.0,0.6
2.0561416660000003,0.7,0.0,0.0,0.59
2.057368437,0.7,0.0,0.0,0.59
2.058115202,0.7,0.0,0.0,0.59
2.0593861650000003,0.7,0.0,0.0,0.59
2.06011427,0.7,0.0,0.0,0.59
2.061339034,0.7,0.0,0.0,0.59
2.0621066430000003,0.7,0.0,0.0,0.59
2.063313054,0.71,0.0,0.0,0.59
2.064102111,0.71,0.0,0.0,0.59
2.0652857090000003,0.7,0.0,0.0,0.59
2.06737443,0.7,0.0,0.0,0.59
2.068109088,0.7,0.0,0.0,0.59
2.0692829180000003,0.7,0.0,0.0,0.59
2.070102196,0.7,0.0,0.0,0.59
2.0713701440000003,0.7,0.0,0.0,0.59
2.072102631,0.7,0.0,0.0,0.59
2.0731070050000002,0.7,0.0,0.0,0.59
2.0742237820000002,0.7,0.0,0.0,0.59
2.075178617,0.7,0.0,0.0,0.59
2.07616609,0.7,0.0,0.0,0.59
2.077304813,0.7,0.0,0.0,0.59
2.0781120900000003,0.7,0.0,0.0,0.59
2.0793179040000003,0.7,0.0,0.0,0.59
2.080103619,0.7,0.0,0.0,0.59
2.081280254,0.7,0.0,0.01,0.59
2.0832944860000002,0.7,0.0,0.0,0.59
2.084148416,0.7,0.0,0.0,0.59
2.085281432,0.7,0.0,0.0,0.59
2.086123943,0.71,0.0,0.0,0.59
2.0871795740000003,0.71,0.0,0.0,0.59
2.088148497,0.71,0.0,0.0,0.59
2.089133162,0.7,0.0,0.0,0.59
2.09039461,0.71,0.0,0.0,0.59
2.091106904,0.7,0.0,0.0,0.59
2.09232058,0.7,0.0,0.0,0.59
2.093133233,0.7,0.0,0.0,0.59
2.0942396700000003,0.7,0.0,0.0,0.59
2.096272318,0.7,0.0,0.0,0.59
2.0971444630000002,0.7,0.0,0.0,0.59
2.098259639,0.7,0.0,0.0,0.59
2.0990946370000003,0.7,0.0,0.0,0.59
2.100293729,0.7,0.0,0.0,0.59
2.1012036650000003,0.7,0.0,0.0,0.59
2.1022100950000002,0.71,0.0,0.0,0.59
2.103126848,0.7,0.0,0.0,0.59
2.104279456,0.7,0.0,0.0,0.59
2.1052089510000003,0.71,0.0,0.0,0.59
2.1060939260000002,0.7,0.0,0.0,0.59
2.10716789,0.7,0.0,0.0,0.59
2.108144168,0.7,0.0,0.0,0.59
2.110387905,0.7,0.0,0.0,0.59
2.1111074910000003,0.7,0.0,0.0,0.59
2.11232724,0.7,0.0,0.0,0.59
2.113115091,0.71,0.0,0.0,0.59
2.114147601,0.71,0.0,0.0,0.59
2.115266751,0.7,0.0,0.0,0.6
2.116089833,0.7,0.0,0.0,0.59
2.11713483,0.7,0.0,0.01,0.59
2.118261163,0.7,0.0,0.0,0.59
2.119134683,0.7,0.0,0.0,0.59
2.1201439360000003,0.7,0.0,0.01,0.59
2.121178064,0.7,0.0,0.0,0.59
2.122143395,0.7,0.0,0.0,0.59
2.1233451320000003,0.71,0.0,0.0,0.59
2.124113798,0.7,0.0,0.0,0.59
2.125342529,0.7,0.0,0.0,0.59
2.1274101,0.7,0.0,0.0,0.6
2.128109755,0.7,0.0,0.0,0.59
2.1291976910000003,0.7,0.0,0.0,0.59
2.1301026530000002,0.7,0.0,0.0,0.59
2.131140652,0.7,0.0,0.0,0.59
2.132146945,0.7,0.0,0.0,0.59
2.133138835,0.7,0.0,0.0,0.59
2.134189387,0.7,0.0,0.0,0.59
2.1351923850000003,0.7,0.0,0.0,0.59
2.136209661,0.71,0.0,0.0,0.59
2.137180774,0.7,0.0,0.0,0.59
2.138364135,0.7,0.0,0.01,0.59
2.139124893,0.7,0.0,0.0,0.59
2.1403739230000003,0.7,0.0,0.0,0.59
2.142317729,0.71,0.0,0.0,0.59
2.1431053380000002,0.7,0.0,0.0,0.59
2.1443988430000003,0.71,0.0,0.0,0.59
2.145259109,0.7,0.0,0.0,0.59
2.146215727,0.71,0.0,0.0,0.59
2.147088779,0.71,0.0,0.0,0.59
2.148396325,0.71,0.0,0.0,0.59
2.149097582,0.7,0.0,0.0,0.59
2.1503920300000003,0.7,0.0,0.0,0.59
2.1510979420000003,0.7,0.0,0.0,0.59
2.152194277,0.7,0.0,0.0,0.59
2.153192976,0.7,0.0,0.0,0.59
2.154412365,0.7,0.0,0.0,0.59
2.1550910930000002,0.7,0.0,0.0,0.59
2.156185638,0.7,0.0,0.0,0.59
2.1581193570000003,0.7,0.0,0.0,0.59
2.159244064,0.7,0.0,0.0,0.59
2.160229759,0.7,0.0,0.0,0.59
2.161310936,0.7,0.0,0.0,0.59
2.162148175,0.7,0.0,0.0,0.59
2.163203439,0.7,0.0,0.0,0.59
2.16422893,0.7,0.0,0.0,0.59
2.165150852,0.7,0.0,0.0,0.59
2.166111609,0.7,0.0,0.0,0.59
2.167327839,0.7,0.0,0.0,0.59
2.1681152160000003,0.7,0.0,0.0,0.59
2.169374639,0.7,0.0,0.0,0.59
2.1701216910000003,0.7,0.0,0.0,0.59
2.171394927,0.7,0.0,0.0,0.59
2.173404424,0.7,0.0,0.0,0.59
2.1741109450000002,0.7,0.0,0.0,0.59
2.175385511,0.7,0.0,0.0,0.59
2.176112976,0.7,0.0,0.0,0.59
2.177390061,0.7,0.0,0.0,0.59
2.178112337,0.7,0.0,0.0,0.59
2.17930203,0.7,0.0,0.0,0.59
2.180103212,0.7,0.0,0.0,0.59
2.181340129,0.7,0.0,0.0,0.59
2.1820945600000003,0.7,0.0,0.0,0.59
2.183319639,0.7,0.0,0.0,0.59
2.1841161380000003,0.7,0.0,0.0,0.59
2.18546546,0.7,0.0,0.0,0.59
2.187421,0.7,0.0,0.0,0.59
2.1881003900000002,0.7,0.0,0.0,0.59
2.1893909120000004,0.7,0.0,0.0,0.59
2.190105565,0.7,0.0,0.0,0.59
2.19139491,0.7,0.0,0.0,0.59
2.192093968,0.71,0.0,0.0,0.59
2.193506148,0.7,0.0,0.0,0.59
2.194093664,0.7,0.0,0.0,0.59
2.195344204,0.7,0.0,0.0,0.59
2.196102074,0.7,0.0,0.0,0.59
2.197294422,0.7,0.0,0.0,0.59
2.198096501,0.7,0.0,0.0,0.59
2.199366695,0.7,0.0,0.0,0.59
2.200094453,0.7,0.0,0.0,0.59
2.201408325,0.7,0.0,0.0,0.59
2.2034067740000003,0.7,0.0,0.0,0.59
2.204112291,0.7,0.0,0.0,0.59
2.205261135,0.7,0.0,0.0,0.59
2.2062379290000003,0.7,0.0,0.0,0.59
2.207257198,0.7,0.0,0.0,0.59
2.208248735,0.7,0.0,0.0,0.59
2.209243396,0.7,0.0,0.0,0.59
2.210222727,0.7,0.0,0.0,0.59
2.2111391030000003,0.7,0.0,0.0,0.59
2.212316397,0.7,0.0,0.0,0.59
2.2131148720000002,0.7,0.0,0.0,0.59
2.2142059130000002,0.7,0.0,0.0,0.59
2.2164472880000003,0.7,0.0,0.01,0.59
2.217114571,0.7,0.0,0.0,0.59
2.2182449390000003,0.7,0.0,0.0,0.59
2.219231556,0.7,0.0,0.0,0.59
2.220253184,0.7,0.0,0.0,0.59
2.221237816,0.7,0.0,0.01,0.59
2.2222412080000002,0.7,0.0,0.0,0.59
2.2232417300000002,0.7,0.0,0.0,0.6
2.224249586,0.7,0.0,0.0,0.59
2.225192539,0.7,0.0,0.01,0.59
2.2263439750000003,0.7,0.0,0.0,0.59
2.227121011,0.7,0.0,0.0,0.59
2.228294146,0.7,0.0,0.0,0.59
2.2291095220000003,0.7,0.0,0.0,0.59
2.2303483,0.7,0.0,0.01,0.59
2.2322678540000003,0.7,0.0,0.0,0.59
2.233178157,0.7,0.0,0.0,0.59
2.2341556980000004,0.7,0.0,0.0,0.59
2.235268192,0.71,0.0,0.0,0.59
2.236203728,0.7,0.0,0.0,0.59
2.2371156460000003,0.7,0.0,0.0,0.59
2.238258521,0.7,0.0,0.0,0.59
2.239233591,0.7,0.0,0.0,0.59
2.24024016,0.7,0.0,0.0,0.59
2.241189167,0.7,0.0,0.0,0.59
2.242167834,0.7,0.0,0.0,0.59
2.243177153,0.7,0.0,0.0,0.59
2.244178171,0.7,0.0,0.0,0.59
2.245198836,0.7,0.0,0.0,0.59
2.247227739,0.7,0.0,0.0,0.59
2.2481628330000003,0.7,0.0,0.0,0.59
2.249245095,0.7,0.0,0.0,0.59
2.2502314290000003,0.7,0.0,0.0,0.59
2.25110453,0.71,0.0,0.0,0.59
2.252377482,0.7,0.0,0.0,0.59
2.253114246,0.7,0.0,0.0,0.59
2.2544062,0.71,0.0,0.0,0.59
2.25510381,0.7,0.0,0.0,0.59
2.2563932380000002,0.7,0.0,0.01,0.59
2.2571015240000003,0.7,0.0,0.0,0.59
2.258290605,0.7,0.0,0.0,0.59
2.259103026,0.7,0.0,0.0,0.59
2.260182067,0.7,0.0,0.0,0.59
2.2611535480000002,0.71,0.0,0.0,0.59
2.262219998,0.71,0.0,0.0,0.59
2.2632275710000003,0.7,0.0,0.0,0.59
2.265155677,0.7,0.0,0.0,0.59
2.266192788,0.7,0.0,0.0,0.59
2.2672471460000003,0.7,0.0,0.0,0.59
2.2682411200000003,0.7,0.0,0.0,0.59
2.269237446,0.7,0.0,0.0,0.59
2.270239234,0.71,0.0,0.0,0.59
2.271189967,0.7,0.0,0.0,0.59
2.27234845,0.7,0.0,0.0,0.59
2.273106743,0.7,0.0,0.0,0.59
2.274302879,0.7,0.0,0.0,0.59
2.275113272,0.7,0.0,0.0,0.59
2.276458377,0.7,0.0,0.0,0.59
2.278269454,0.71,0.0,0.0,0.59
2.2791031250000002,0.7,0.0,0.0,0.59
2.280230097,0.7,0.0,0.0,0.59
2.281088333,0.7,0.0,0.0,0.59
2.282400065,0.71,0.0,0.0,0.59
2.2831046,0.7,0.0,0.0,0.59
2.284418885,0.7,0.0,0.0,0.6
2.2850939130000003,0.71,0.0,0.0,0.59
2.2864825260000003,0.7,0.0,0.0,0.59
2.287094658,0.7,0.0,0.0,0.59
2.2883102170000003,0.7,0.0,0.0,0.59
2.289097904,0.7,0.0,0.0,0.59
2.290420457,0.7,0.0,0.0,0.59
2.2911677520000002,0.7,0.0,0.0,0.59
2.2933441830000003,0.7,0.0,0.0,0.59
2.294108628,0.7,0.0,0.0,0.59
2.29514811,0.7,0.0,0.0,0.59
2.2961520070000003,0.7,0.0,0.0,0.59
2.297272377,0.7,0.0,0.0,0.59
2.29819523,0.7,0.0,0.0,0.59
2.299155946,0.7,0.0,0.0,0.59
2.300211129,0.7,0.0,0.0,0.59
2.301216494,0.7,0.0,0.0,0.59
2.3022094010000003,0.7,0.0,0.0,0.59
2.30319974,0.71,0.0,0.0,0.59
2.304189689,0.7,0.0,0.0,0.59
2.305178273,0.7,0.0,0.0,0.59
2.307115414,0.7,0.0,0.0,0.59
2.308238431,0.7,0.0,0.0,0.59
2.309229005,0.7,0.0,0.0,0.59
2.3102049940000002,0.7,0.0,0.0,0.59
2.311160144,0.7,0.0,0.0,0.59
2.3121809300000002,0.7,0.0,0.0,0.59
2.313135779,0.7,0.0,0.0,0.59
2.314242666,0.7,0.0,0.01,0.59
2.315185064,0.7,0.0,0.0,0.59
2.316204978,0.7,0.0,0.0,0.59
2.3171725690000002,0.7,0.0,0.0,0.6
2.318327528,0.7,0.0,0.0,0.59
2.319119822,0.7,0.0,0.0,0.59
2.3203337410000002,0.7,0.0,0.0,0.59
2.3211199970000003,0.7,0.0,0.0,0.59
2.3223071450000004,0.7,0.0,0.0,0.59
2.3244113040000003,0.7,0.0,0.0,0.59
2.3251143300000003,0.7,0.0,0.0,0.59
2.326254877,0.7,0.0,0.01,0.59
2.327216608,0.7,0.0,0.0,0.59
2.3281368810000003,0.7,0.0,0.0,0.59
2.3293402380000003,0.7,0.0,0.0,0.59
2.3301082060000002,0.72,0.0,0.0,0.59
2.331389413,0.7,0.0,0.0,0.59
2.332100472,0.7,0.0,0.0,0.59
2.3333201800000003,0.7,0.0,0.0,0.59
2.334127683,0.7,0.0,0.0,0.59
2.335391684,0.7,0.0,0.0,0.59
2.337306588,0.7,0.0,0.0,0.59
2.3381028340000003,0.7,0.0,0.0,0.59
2.339267053,0.7,0.0,0.0,0.59
2.340249034,0.7,0.0,0.0,0.59
2.3412555370000003,0.7,0.0,0.0,0.59
2.342250103,0.7,0.0,0.0,0.59
2.343255248,0.7,0.0,0.0,0.59
2.3441904300000003,0.7,0.0,0.0,0.59
2.345256263,0.7,0.0,0.0,0.59
2.3462112260000003,0.7,0.0,0.0,0.59
2.3471291840000004,0.69,0.0,0.0,0.59
2.3483182830000002,0.7,0.0,0.0,0.59
2.3491094780000004,0.71,0.0,0.0,0.59
2.350203023,0.7,0.0,0.0,0.59
2.351179698,0.7,0.0,0.0,0.59
2.3534041130000003,0.7,0.0,0.0,0.59
2.3541139660000003,0.7,0.0,0.0,0.59
2.355249202,0.71,0.0,0.0,0.59
2.3561427310000003,0.7,0.0,0.0,0.59
2.357234285,0.7,0.0,0.0,0.59
2.3581935410000003,0.7,0.0,0.0,0.59
2.3592589320000004,0.72,0.0,0.0,0.59
2.360149584,0.71,0.0,0.0,0.59
2.3611420990000003,0.71,0.0,0.0,0.59
2.3621030540000003,0.71,0.0,0.0,0.59
2.363198682,0.71,0.0,0.0,0.59
2.364142284,0.71,0.0,0.0,0.59
2.36629477,0.7,0.0,0.0,0.59
2.367114233,0.7,0.0,0.0,0.59
2.368386946,0.7,0.0,0.0,0.59
2.3691185150000003,0.7,0.0,0.0,0.59
2.3703920010000004,0.7,0.0,0.0,0.59
2.371109825,0.71,0.0,0.0,0.59
2.3723990720000003,0.7,0.0,0.0,0.59
2.373108433,0.7,0.0,0.0,0.59
2.3744032980000003,0.7,0.0,0.0,0.59
2.375098389,0.7,0.01,0.0,0.59
2.376406534,0.7,0.0,0.0,0.59
2.3770901330000003,0.7,0.0,0.0,0.59
2.3782726860000003,0.7,0.0,0.0,0.59
2.379087095,0.7,0.0,0.0,0.59
2.380393573,0.7,0.0,0.0,0.59
2.381088521,0.7,0.0,0.0,0.59
2.3823128650000003,0.7,0.0,0.0,0.59
2.3844037240000002,0.7,0.0,0.0,0.59
2.3850931380000002,0.7,0.0,0.0,0.59
2.386266844,0.7,0.0,0.0,0.59
2.387095286,0.71,0.0,0.0,0.59
2.3882683940000002,0.71,0.0,0.0,0.59
2.389138446,0.7,0.0,0.0,0.59
2.390253768,0.7,0.0,0.0,0.59
2.3912189600000002,0.71,0.0,0.0,0.59
2.39219375,0.7,0.0,0.0,0.59
2.3931817570000002,0.7,0.0,0.0,0.59
2.3941743030000002,0.7,0.01,0.0,0.59
2.395182316,0.7,0.0,0.0,0.59
2.3973235610000003,0.7,0.0,0.0,0.59
2.398115149,0.7,0.0,0.0,0.59
2.399254372,0.7,0.0,0.0,0.59
2.400221636,0.71,0.0,0.0,0.59
2.401227638,0.7,0.0,0.0,0.59
2.402118985,0.7,0.0,0.0,0.59
2.403406481,0.7,0.0,0.0,0.6
2.404114899,0.7,0.0,0.0,0.6
2.4053855950000003,0.71,0.0,0.0,0.6
2.4061082650000003,0.7,0.0,0.0,0.58
2.407333409,0.7,0.0,0.0,0.59
2.4081021860000003,0.7,0.0,0.0,0.59
2.4093099860000002,0.7,0.0,0.0,0.59
2.410130627,0.7,0.0,0.0,0.59
2.411463172,0.7,0.0,0.0,0.59
2.4133879950000003,0.7,0.0,0.0,0.59
2.41411509,0.7,0.0,0.0,0.59
2.41514547,0.7,0.0,0.0,0.59
2.416134719,0.7,0.0,0.0,0.59
2.417400642,0.7,0.0,0.0,0.59
2.418105776,0.7,0.0,0.0,0.59
2.4194020490000003,0.7,0.0,0.0,0.59
2.420100374,0.7,0.0,0.0,0.59
2.4214067740000003,0.7,0.0,0.0,0.59
2.4220939290000003,0.7,0.0,0.0,0.59
2.423310337,0.7,0.0,0.0,0.59
2.424084511,0.7,0.0,0.0,0.59
2.425389072,0.7,0.0,0.0,0.59
2.426086671,0.7,0.0,0.0,0.59
2.427408354,0.7,0.0,0.0,0.6
2.4293930870000002,0.7,0.0,0.0,0.59
2.4300950130000003,0.7,0.0,0.0,0.59
2.431136329,0.7,0.0,0.0,0.59
2.4321361880000003,0.7,0.0,0.0,0.59
2.433407323,0.71,0.0,0.0,0.59
2.434098359,0.7,0.0,0.0,0.59
2.435272759,0.7,0.0,0.0,0.59
2.436232102,0.7,0.0,0.0,0.59
2.4372247440000003,0.7,0.0,0.0,0.59
2.438175863,0.7,0.0,0.0,0.59
2.439309368,0.7,0.0,0.0,0.59
2.4401012360000003,0.7,0.0,0.0,0.59
2.4414232780000003,0.7,0.0,0.0,0.6
2.4420989040000003,0.7,0.0,0.0,0.59
2.4433811970000003,0.7,0.0,0.0,0.59
2.4454805370000003,0.7,0.0,0.0,0.59
2.446114032,0.7,0.0,0.0,0.59
2.447235235,0.7,0.0,0.0,0.59
2.448138531,0.71,0.0,0.0,0.59
2.449162968,0.7,0.0,0.0,0.59
2.450256565,0.7,0.0,0.0,0.59
2.4512209080000003,0.7,0.0,0.0,0.59
2.4522103680000003,0.7,0.0,0.0,0.6
2.4531311330000003,0.7,0.0,0.0,0.59
2.454306808,0.7,0.0,0.0,0.59
2.455101709,0.7,0.0,0.0,0.59
2.456428393,0.7,0.0,0.0,0.59
2.458392947,0.7,0.0,0.0,0.59
2.4591153550000002,0.71,0.0,0.0,0.59
2.460243229,0.7,0.0,0.0,0.59
2.4611433480000002,0.7,0.0,0.01,0.59
2.462097377,0.7,0.0,0.0,0.6
2.463157796,0.7,0.0,0.0,0.59
2.464143828,0.7,0.0,0.0,0.59
2.4651448040000004,0.7,0.0,0.0,0.59
2.46613894,0.7,0.0,0.0,0.59
2.467141595,0.71,0.0,0.0,0.59
2.4681773320000002,0.71,0.0,0.0,0.59
2.469140442,0.71,0.0,0.0,0.6
2.4701708460000003,0.71,0.0,0.0,0.59
2.4711913410000004,0.71,0.0,0.0,0.59
2.472232897,0.71,0.0,0.0,0.59
2.4743217690000003,0.7,0.0,0.0,0.59
2.475137622,0.7,0.0,0.0,0.59
2.476243534,0.7,0.0,0.0,0.59
2.4772254630000003,0.71,0.0,0.0,0.59
2.4781495390000003,0.71,0.0,0.0,0.59
2.479366966,0.71,0.0,0.0,0.59
2.4801181320000003,0.71,0.0,0.0,0.59
2.4813076020000002,0.7,0.0,0.0,0.59
2.48211927,0.71,0.0,0.0,0.6
2.4831840140000003,0.71,0.0,0.0,0.59
2.4841446560000002,0.7,0.0,0.0,0.6
2.4851768400000003,0.7,0.0,0.0,0.6
2.4862092920000003,0.7,0.0,0.0,0.59
2.487096904,0.7,0.0,0.0,0.59
2.489391999,0.7,0.0,0.0,0.6
2.490119324,0.71,0.0,0.0,0.6
2.491243421,0.71,0.0,0.0,0.59
2.492206775,0.7,0.0,0.0,0.59
2.493235278,0.71,0.0,0.0,0.59
2.4942317540000003,0.71,0.0,0.0,0.59
2.495215907,0.71,0.0,0.0,0.59
2.49610843,0.71,0.0,0.0,0.59
2.497349464,0.71,0.0,0.0,0.59
2.498114933,0.7,0.0,0.0,0.59
2.499185872,0.7,0.0,0.0,0.59
2.500173982,0.7,0.0,0.0,0.59
2.501201104,0.7,0.0,0.0,0.59
2.502274546,0.71,0.0,0.0,0.59
2.5042894070000004,0.71,0.0,0.0,0.59
2.505113966,0.71,0.0,0.0,0.59
2.5062965210000003,0.71,0.0,0.0,0.59
2.507115465,0.71,0.0,0.0,0.6
2.50849102,0.71,0.0,0.0,0.59
2.5091044630000003,0.7,0.0,0.0,0.59
2.510421817,0.7,0.0,0.0,0.59
2.511094846,0.71,0.0,0.0,0.6
2.512236116,0.71,0.0,0.01,0.59
2.513155432,0.71,0.0,0.0,0.59
2.514222675,0.71,0.0,0.0,0.59
2.515184549,0.71,0.0,0.0,0.59
2.5163377930000004,0.7,0.0,0.0,0.59
2.517115869,0.71,0.0,0.0,0.59
2.518401063,0.7,0.0,0.0,0.59
2.520409637,0.71,0.0,0.01,0.59
2.5210988330000004,0.7,0.0,0.0,0.59
2.522407438,0.7,0.0,0.0,0.59
2.5230907510000002,0.71,0.01,0.0,0.59
2.5242859820000003,0.71,0.0,0.0,0.59
2.5251397150000003,0.71,0.0,0.0,0.59
2.5262905200000003,0.71,0.0,0.0,0.59
2.5272370470000003,0.71,0.02,0.0,0.59
2.528155818,0.71,0.0,0.0,0.6
2.5293828,0.71,0.0,0.0,0.59
2.5300941050000003,0.71,0.0,0.0,0.59
2.531288966,0.71,0.0,0.0,0.59
2.5321591640000003,0.71,0.0,0.0,0.59
2.5333891150000003,0.7,0.0,0.0,0.59
2.5353186080000003,0.71,0.0,0.0,0.59
2.536133612,0.71,0.0,0.0,0.59
2.537478133,0.71,0.0,0.0,0.59
2.5381067080000004,0.7,0.0,0.0,0.59
2.5393916620000003,0.71,0.0,0.0,0.59
2.5400948590000003,0.71,0.0,0.0,0.59
2.541258141,0.71,0.0,0.0,0.59
2.542181884,0.71,0.0,0.0,0.59
2.5433910980000003,0.71,0.0,0.0,0.59
2.544094326,0.71,0.0,0.0,0.59
2.545318909,0.71,0.0,0.0,0.59
2.54609241,0.71,0.0,0.0,0.59
2.5474051660000003,0.7,0.0,0.0,0.59
2.549398462,0.71,0.0,0.0,0.59
2.550101794,0.71,0.0,0.0,0.59
2.5511045620000004,0.71,0.0,0.0,0.59
2.552288339,0.71,0.0,0.0,0.59
2.553188387,0.71,0.0,0.0,0.59
2.554250806,0.71,0.0,0.0,0.59
2.55523054,0.71,0.0,0.0,0.59
2.556146842,0.71,0.0,0.0,0.59
2.5573817030000003,0.71,0.0,0.0,0.59
2.558102604,0.71,0.0,0.0,0.59
2.559314863,0.71,0.0,0.0,0.59
2.560125836,0.71,0.0,0.0,0.59
2.561139578,0.71,0.0,0.0,0.59
2.5622736550000003,0.72,0.0,0.0,0.59
2.5631398300000003,0.71,0.0,0.0,0.59
2.565397801,0.71,0.0,0.0,0.59
2.5661136690000004,0.71,0.0,0.0,0.59
2.5672407440000002,0.71,0.0,0.0,0.6
2.568133861,0.71,0.0,0.0,0.59
2.569362458,0.7,0.0,0.0,0.59
2.57010411,0.7,0.01,0.0,0.59
2.571319985,0.71,0.0,0.0,0.59
2.572093611,0.7,0.0,0.0,0.59
2.5732064780000004,0.7,0.0,0.0,0.6
2.5740986460000004,0.7,0.0,0.0,0.59
2.575180957,0.71,0.0,0.0,0.59
2.576177306,0.7,0.0,0.0,0.59
2.5771184700000003,0.71,0.0,0.0,0.59
2.5782743110000004,0.71,0.0,0.0,0.59
2.579197878,0.7,0.0,0.0,0.6
2.581282965,0.71,0.0,0.0,0.59
2.582148863,0.71,0.0,0.0,0.59
2.5832476090000003,0.7,0.0,0.0,0.59
2.5841766670000004,0.71,0.0,0.0,0.59
2.585256369,0.71,0.0,0.0,0.59
2.586234671,0.7,0.0,0.0,0.59
2.587088022,0.71,0.0,0.0,0.59
2.5883724530000003,0.71,0.0,0.0,0.59
2.5891107530000004,0.71,0.0,0.0,0.59
2.590186881,0.71,0.0,0.0,0.59
2.5911258690000003,0.71,0.0,0.0,0.59
2.592308987,0.71,0.0,0.0,0.59
2.593108561,0.71,0.0,0.0,0.59
2.594400925,0.7,0.0,0.0,0.59
2.596431442,0.7,0.0,0.0,0.59
2.597114634,0.71,0.0,0.0,0.59
2.598286882,0.7,0.0,0.0,0.59
2.599105282,0.71,0.0,0.0,0.59
2.6004059770000003,0.71,0.0,0.0,0.59
2.601103594,0.71,0.0,0.0,0.59
2.602394766,0.71,0.0,0.0,0.59
2.603101543,0.7,0.0,0.0,0.59
2.604252975,0.7,0.01,0.0,0.59
2.605145319,0.71,0.0,0.0,0.59
2.607444354,0.71,0.0,0.0,0.59
2.608100981,0.71,0.0,0.0,0.59
2.6092660430000003,0.7,0.0,0.0,0.59
2.6101430380000004,0.71,0.0,0.0,0.59
2.6111490560000004,0.7,0.0,0.0,0.59
2.612109192,0.71,0.0,0.0,0.59
2.613200378,0.7,0.0,0.0,0.59
2.614148267,0.7,0.0,0.0,0.59
2.6152538350000003,0.71,0.0,0.0,0.59
2.6161751470000003,0.71,0.0,0.0,0.59
2.6171799460000003,0.7,0.0,0.0,0.59
2.618153613,0.7,0.0,0.0,0.59
2.6191780390000003,0.71,0.0,0.0,0.59
2.620162718,0.7,0.0,0.0,0.59
2.621172705,0.71,0.01,0.0,0.59
2.623399452,0.7,0.0,0.0,0.59
2.624123512,0.7,0.0,0.0,0.6
2.625249349,0.71,0.0,0.0,0.59
2.6261469180000003,0.7,0.0,0.0,0.59
2.62721873,0.71,0.0,0.0,0.59
2.628106404,0.7,0.0,0.0,0.6
2.6293140630000003,0.7,0.0,0.0,0.59
2.6302375280000003,0.7,0.0,0.0,0.59
2.6312926610000003,0.7,0.0,0.0,0.59
2.632136831,0.7,0.0,0.0,0.59
2.633180452,0.7,0.0,0.0,0.59
2.6341459040000004,0.71,0.0,0.0,0.59
2.6352038450000004,0.7,0.0,0.01,0.59
2.636236085,0.71,0.0,0.0,0.59
2.637247013,0.7,0.0,0.0,0.59
2.6393693650000003,0.7,0.0,0.0,0.59
2.6402659720000003,0.7,0.0,0.0,0.59
2.641179449,0.71,0.0,0.0,0.59
2.6421669960000003,0.71,0.0,0.01,0.6
2.6431989710000003,0.7,0.0,0.0,0.59
2.6441298730000002,0.71,0.0,0.0,0.59
2.64513771,0.7,0.0,0.0,0.59
2.64632937,0.71,0.0,0.0,0.59
2.647127487,0.71,0.0,0.0,0.59
2.64835676,0.7,0.0,0.01,0.59
2.6491234770000003,0.7,0.0,0.0,0.59
2.650289931,0.7,0.0,0.0,0.59
2.651115556,0.7,0.0,0.0,0.59
2.65228638,0.71,0.0,0.0,0.59
2.654286034,0.71,0.0,0.0,0.59
2.6551532410000003,0.71,0.0,0.0,0.59
2.656334566,0.71,0.0,0.0,0.59
2.6571029050000003,0.71,0.0,0.0,0.59
2.658224381,0.71,0.0,0.0,0.6
2.659135532,0.7,0.0,0.0,0.59
2.660251105,0.7,0.0,0.0,0.59
2.661085828,0.71,0.0,0.0,0.59
2.6621798080000003,0.7,0.0,0.0,0.59
2.6631320200000004,0.7,0.0,0.0,0.59
2.664098757,0.7,0.0,0.01,0.59
2.6652301400000002,0.7,0.0,0.0,0.6
2.6661161250000003,0.71,0.0,0.0,0.59
2.667275312,0.71,0.0,0.0,0.59
2.66820672,0.71,0.0,0.0,0.59
2.669382779,0.71,0.0,0.0,0.59
2.671404089,0.71,0.0,0.0,0.59
2.6721191550000003,0.7,0.0,0.0,0.59
2.6731252640000003,0.71,0.0,0.0,0.59
2.67423273,0.7,0.0,0.0,0.59
2.6751746350000003,0.7,0.0,0.0,0.6
2.676184457,0.71,0.0,0.0,0.59
2.6771807890000003,0.71,0.0,0.0,0.59
2.678565047,0.7,0.0,0.0,0.59
2.679471694,0.71,0.01,0.0,0.6
2.6802088900000003,0.71,0.0,0.0,0.59
2.6811764080000002,0.71,0.0,0.0,0.59
2.682162339,0.71,0.0,0.0,0.59
2.683203987,0.71,0.0,0.0,0.59
2.6851964450000003,0.71,0.0,0.0,0.59
2.6862078520000003,0.71,0.0,0.0,0.59
2.687194643,0.71,0.0,0.0,0.6
2.688148608,0.71,0.0,0.0,0.59
2.68921476,0.7,0.0,0.0,0.59
2.690143467,0.7,0.0,0.0,0.6
2.6912106380000003,0.7,0.0,0.0,0.59
2.692202109,0.7,0.0,0.0,0.59
2.693135406,0.7,0.0,0.0,0.59
2.6941371750000003,0.7,0.0,0.0,0.59
2.695100584,0.71,0.0,0.0,0.59
2.696132467,0.7,0.0,0.0,0.6
2.697089326,0.7,0.0,0.0,0.59
2.698334979,0.7,0.0,0.0,0.6
2.7003587280000003,0.7,0.0,0.0,0.59
2.701103474,0.71,0.0,0.0,0.59
2.7023205200000002,0.71,0.0,0.0,0.6
2.70310349,0.7,0.0,0.0,0.59
2.704262384,0.7,0.0,0.0,0.59
2.705179421,0.7,0.0,0.0,0.59
2.7063405360000004,0.71,0.0,0.0,0.59
2.7071163460000003,0.7,0.0,0.01,0.6
2.708333428,0.71,0.0,0.0,0.6
2.7090921580000002,0.7,0.0,0.0,0.59
2.7102847740000002,0.7,0.0,0.0,0.6
2.711091806,0.7,0.0,0.0,0.59
2.7123128860000003,0.7,0.0,0.0,0.59
2.714254014,0.71,0.0,0.0,0.59
2.7151797500000003,0.71,0.0,0.0,0.59
2.7163620130000004,0.7,0.0,0.0,0.59
2.71710944,0.7,0.0,0.0,0.59
2.7183330640000003,0.7,0.0,0.0,0.59
2.719116643,0.71,0.0,0.0,0.6
2.7203280690000002,0.7,0.0,0.0,0.6
2.721154364,0.7,0.0,0.0,0.59
2.722438512,0.71,0.0,0.0,0.59
2.723108812,0.7,0.0,0.0,0.59
2.724160534,0.7,0.0,0.0,0.59
2.7252568050000003,0.71,0.0,0.0,0.59
2.726164766,0.7,0.0,0.0,0.59
2.727430086,0.71,0.0,0.0,0.59
2.729136667,0.7,0.0,0.0,0.59
2.730437502,0.71,0.0,0.0,0.59
2.7310806420000002,0.71,0.0,0.0,0.59
2.732377149,0.71,0.0,0.0,0.59
2.733073885,0.71,0.0,0.0,0.59
2.7343624170000003,0.7,0.0,0.0,0.59
2.7351594770000003,0.71,0.0,0.0,0.59
2.7362449420000003,0.71,0.0,0.0,0.59
2.7372208070000004,0.71,0.0,0.0,0.59
2.738334697,0.71,0.0,0.0,0.59
2.739160789,0.71,0.0,0.0,0.6
2.7402762170000003,0.71,0.0,0.0,0.59
2.741077278,0.7,0.0,0.0,0.59
2.742336415,0.7,0.0,0.0,0.59
2.7431248270000004,0.71,0.0,0.0,0.59
2.744466428,0.71,0.0,0.0,0.59
2.7463408030000003,0.7,0.0,0.0,0.59
2.7470782930000004,0.71,0.0,0.0,0.6
2.748329011,0.7,0.0,0.0,0.6
2.749124613,0.7,0.0,0.0,0.6
2.750332429,0.7,0.0,0.0,0.6
2.751173165,0.7,0.0,0.0,0.59
2.752380989,0.71,0.0,0.0,0.6
2.753079569,0.7,0.0,0.0,0.59
2.754330416,0.7,0.0,0.0,0.59
2.755121619,0.7,0.0,0.0,0.58
2.756139607,0.71,0.0,0.0,0.59
2.758364894,0.71,0.0,0.0,0.59
2.759138842,0.7,0.0,0.0,0.59
2.760398781,0.71,0.0,0.0,0.59
2.7610805330000003,0.7,0.0,0.0,0.6
2.76227349,0.7,0.0,0.0,0.59
2.763213404,0.71,0.0,0.01,0.59
2.7642326130000003,0.7,0.0,0.0,0.59
2.7651204920000003,0.7,0.0,0.0,0.6
2.766385489,0.7,0.0,0.0,0.59
2.767153153,0.71,0.0,0.0,0.59
2.768440795,0.7,0.0,0.0,0.59
2.769087216,0.7,0.0,0.0,0.59
2.770277611,0.7,0.0,0.0,0.59
2.77116277,0.7,0.0,0.0,0.59
2.772160387,0.7,0.0,0.0,0.59
2.773180561,0.7,0.0,0.0,0.6
2.774202841,0.7,0.0,0.0,0.59
2.776374698,0.7,0.0,0.0,0.6
2.7771672720000002,0.7,0.0,0.0,0.59
2.7782096800000002,0.7,0.0,0.0,0.59
2.7791999190000003,0.7,0.0,0.0,0.59
2.780211555,0.7,0.0,0.0,0.59
2.781208061,0.7,0.0,0.0,0.59
2.782190561,0.7,0.0,0.01,0.59
2.783178394,0.71,0.0,0.0,0.59
2.784196508,0.7,0.0,0.0,0.59
2.7851660270000003,0.7,0.0,0.0,0.59
2.786154847,0.7,0.0,0.0,0.59
2.7871763940000003,0.7,0.0,0.0,0.59
2.7882481720000003,0.7,0.0,0.0,0.59
2.789224195,0.71,0.0,0.0,0.59
2.7915592670000002,0.7,0.0,0.01,0.59
2.7928350560000004,0.71,0.0,0.0,0.59
2.7939145020000002,0.7,0.0,0.0,0.59
2.7948400220000003,0.7,0.0,0.0,0.59
2.795740479,0.7,0.0,0.0,0.59
2.796646813,0.7,0.0,0.0,0.6
2.7976697350000004,0.7,0.0,0.0,0.59
2.798676494,0.7,0.0,0.0,0.59
2.7996219030000002,0.7,0.0,0.0,0.6
2.8004887650000003,0.7,0.0,0.0,0.59
2.801315735,0.7,0.0,0.0,0.59
2.802302188,0.7,0.0,0.0,0.59
2.8032568660000003,0.7,0.0,0.0,0.59
2.8041972210000004,0.7,0.0,0.0,0.59
2.8062329360000002,0.7,0.0,0.0,0.59
2.8071539370000003,0.7,0.0,0.0,0.59
2.8082209430000002,0.7,0.0,0.0,0.59
2.8091540690000003,0.7,0.0,0.0,0.6
2.8102252290000003,0.7,0.0,0.0,0.59
2.811162639,0.71,0.0,0.0,0.59
2.812208968,0.7,0.0,0.0,0.59
2.8131897990000003,0.71,0.0,0.0,0.59
2.814161281,0.7,0.0,0.0,0.6
2.8151631040000002,0.7,0.0,0.0,0.59
2.816135354,0.7,0.0,0.0,0.59
2.8172162440000004,0.71,0.0,0.0,0.59
2.818200038,0.7,0.0,0.0,0.59
2.820462258,0.7,0.0,0.0,0.59
2.821110767,0.7,0.0,0.0,0.59
2.8221506880000002,0.7,0.0,0.0,0.59
2.823204215,0.7,0.0,0.0,0.59
2.8241680430000002,0.7,0.0,0.0,0.59
2.825145232,0.7,0.0,0.0,0.59
2.826234747,0.71,0.0,0.0,0.59
2.827195263,0.7,0.0,0.0,0.59
2.8281574750000003,0.7,0.0,0.0,0.6
2.829233968,0.7,0.0,0.0,0.59
2.830191692,0.7,0.0,0.0,0.59
2.8311606080000002,0.7,0.0,0.0,0.59
2.832186321,0.7,0.0,0.0,0.59
2.833156615,0.7,0.0,0.0,0.59
2.834231843,0.7,0.0,0.0,0.59
2.836408128,0.7,0.0,0.0,0.59
2.837128732,0.71,0.0,0.0,0.59
2.838239363,0.7,0.0,0.0,0.59
2.839205718,0.7,0.0,0.0,0.59
2.840234219,0.71,0.0,0.0,0.6
2.8412292530000003,0.7,0.0,0.0,0.59
2.8421761180000003,0.7,0.0,0.0,0.59
2.843302,0.7,0.0,0.0,0.59
2.8441137010000004,0.7,0.0,0.0,0.59
2.845287544,0.7,0.0,0.0,0.59
2.846109514,0.7,0.0,0.0,0.59
2.8471832260000003,0.7,0.0,0.0,0.59
2.848157129,0.71,0.0,0.0,0.6
2.8493086410000004,0.7,0.0,0.0,0.59
2.8514054090000003,0.7,0.0,0.0,0.59
2.85210488,0.7,0.0,0.0,0.59
2.853353202,0.7,0.0,0.0,0.59
2.8540982280000002,0.71,0.0,0.0,0.6
2.8553968760000004,0.7,0.0,0.0,0.59
2.856101271,0.7,0.0,0.0,0.59
2.857103394,0.7,0.0,0.0,0.59
2.858252434,0.7,0.0,0.0,0.59
2.859203972,0.7,0.0,0.0,0.59
2.8601763190000002,0.7,0.0,0.0,0.59
2.861136816,0.71,0.0,0.0,0.6
2.862325562,0.7,0.0,0.0,0.59
2.863109068,0.7,0.0,0.0,0.59
2.864246178,0.7,0.0,0.0,0.59
2.8663931930000004,0.7,0.0,0.0,0.59
2.8671091740000003,0.7,0.0,0.0,0.59
2.868399166,0.7,0.0,0.0,0.59
2.8691141960000004,0.7,0.0,0.0,0.59
2.8703967820000003,0.7,0.0,0.0,0.59
2.871101571,0.7,0.0,0.0,0.59
2.872394538,0.71,0.0,0.0,0.59
2.873094596,0.7,0.0,0.0,0.59
2.8742812250000003,0.7,0.0,0.0,0.59
2.8751029320000003,0.7,0.0,0.0,0.59
2.8763084080000003,0.7,0.0,0.0,0.59
2.877093432,0.7,0.0,0.0,0.59
2.8782701740000003,0.7,0.0,0.0,0.59
2.8803885420000004,0.7,0.0,0.0,0.59
2.8810981250000003,0.7,0.0,0.0,0.59
2.8822610230000003,0.7,0.0,0.0,0.59
2.8832312470000003,0.7,0.0,0.0,0.59
2.8842485690000004,0.7,0.0,0.0,0.59
2.885084773,0.7,0.0,0.0,0.59
2.886396314,0.7,0.01,0.0,0.6
2.8871027270000003,0.7,0.0,0.0,0.59
2.888407763,0.7,0.0,0.0,0.59
2.889093153,0.7,0.0,0.0,0.59
2.890328058,0.7,0.0,0.0,0.59
2.891120866,0.7,0.0,0.0,0.59
2.8921935650000004,0.7,0.0,0.0,0.59
2.89318431,0.7,0.0,0.0,0.59
2.895377396,0.7,0.0,0.0,0.59
2.89610593,0.7,0.0,0.0,0.59
2.897248872,0.7,0.0,0.0,0.59
2.898134545,0.7,0.0,0.0,0.59
2.899416651,0.71,0.0,0.0,0.59
2.9001014290000002,0.7,0.0,0.0,0.59
2.901396237,0.7,0.0,0.0,0.59
2.902158743,0.7,0.0,0.0,0.59
2.9032678360000004,0.7,0.0,0.0,0.59
2.904179059,0.7,0.0,0.0,0.59
2.9052833490000003,0.7,0.0,0.0,0.59
2.906107515,0.7,0.0,0.0,0.59
2.907331256,0.7,0.0,0.0,0.59
2.908093821,0.7,0.0,0.0,0.59
2.9093146,0.71,0.0,0.0,0.59
2.911431153,0.7,0.0,0.0,0.59
2.912098984,0.7,0.0,0.0,0.59
2.9133704540000003,0.7,0.0,0.0,0.59
2.914109383,0.7,0.0,0.0,0.59
2.915333334,0.7,0.0,0.0,0.59
2.916123412,0.7,0.0,0.0,0.59
2.917436894,0.7,0.0,0.0,0.59
2.9180883040000003,0.7,0.0,0.0,0.59
2.919464741,0.7,0.0,0.0,0.59
2.920093644,0.7,0.0,0.0,0.59
2.922324305,0.7,0.0,0.0,0.59
2.9231014980000003,0.7,0.0,0.0,0.59
2.924157505,0.7,0.0,0.0,0.59
2.9252803980000004,0.7,0.0,0.0,0.59
2.926205137,0.7,0.0,0.0,0.59
2.9272636750000003,0.7,0.0,0.0,0.59
2.9281302620000003,0.7,0.0,0.0,0.59
2.9293733200000003,0.7,0.0,0.0,0.6
2.930110129,0.7,0.0,0.0,0.59
2.931281348,0.7,0.0,0.0,0.59
2.932123235,0.7,0.0,0.0,0.59
2.933284173,0.7,0.0,0.0,0.59
2.9341443650000003,0.71,0.0,0.0,0.59
2.935133398,0.71,0.0,0.0,0.59
2.9363330750000003,0.7,0.0,0.0,0.59
2.93710613,0.7,0.0,0.0,0.59
2.93831728,0.71,0.0,0.0,0.59
2.939122802,0.7,0.0,0.01,0.59
2.940236789,0.7,0.0,0.0,0.59
2.9424007100000003,0.7,0.0,0.0,0.59
2.943105934,0.7,0.0,0.0,0.59
2.944264162,0.71,0.0,0.0,0.59
2.945159669,0.7,0.0,0.0,0.59
2.9462342620000004,0.7,0.0,0.0,0.59
2.947239509,0.7,0.0,0.0,0.59
2.948137426,0.7,0.0,0.0,0.59
2.9493889990000004,0.71,0.0,0.0,0.59
2.950111884,0.7,0.01,0.0,0.59
2.9513377380000003,0.7,0.0,0.0,0.59
2.952105276,0.7,0.0,0.0,0.59
2.953319171,0.71,0.0,0.0,0.59
2.954109759,0.71,0.01,0.0,0.59
2.9553613960000003,0.71,0.0,0.0,0.59
2.957491071,0.7,0.0,0.01,0.59
2.958100513,0.7,0.0,0.0,0.59
2.9592538150000003,0.71,0.0,0.0,0.59
2.9602224720000003,0.7,0.0,0.0,0.59
2.961130873,0.7,0.0,0.0,0.59
2.962374731,0.71,0.0,0.0,0.59
2.963105962,0.71,0.0,0.0,0.59
2.964190867,0.7,0.0,0.0,0.59
2.9651517700000003,0.71,0.0,0.0,0.59
2.9661372520000002,0.7,0.0,0.0,0.59
2.967158534,0.71,0.0,0.0,0.59
2.968191667,0.71,0.0,0.0,0.59
2.96926757,0.71,0.0,0.0,0.59
2.971404939,0.71,0.0,0.0,0.59
2.972112913,0.71,0.0,0.0,0.59
2.973243876,0.71,0.0,0.0,0.59
2.9742400190000002,0.71,0.0,0.0,0.59
2.975247849,0.71,0.0,0.0,0.59
2.976242726,0.71,0.0,0.0,0.59
2.9772231070000004,0.71,0.0,0.0,0.59
2.978129011,0.71,0.0,0.0,0.59
2.979391761,0.71,0.0,0.01,0.59
2.9801044180000003,0.71,0.0,0.0,0.59
2.9813433930000004,0.71,0.0,0.0,0.59
2.982096517,0.71,0.0,0.0,0.59
2.983345549,0.71,0.0,0.0,0.59
2.9841004190000002,0.71,0.0,0.0,0.59
2.985403819,0.71,0.0,0.0,0.59
2.987405535,0.71,0.0,0.0,0.59
2.9881001310000004,0.71,0.0,0.0,0.59
2.989398158,0.71,0.0,0.0,0.59
2.9900999990000003,0.71,0.0,0.0,0.59
2.9914057460000003,0.71,0.0,0.0,0.59
2.9921013100000002,0.71,0.0,0.0,0.59
2.993395914,0.71,0.0,0.0,0.59
2.994093352,0.71,0.0,0.0,0.59
2.995333651,0.71,0.0,0.01,0.59
2.996086892,0.71,0.0,0.0,0.59
2.9973214660000003,0.71,0.0,0.0,0.59
2.9980860220000003,0.71,0.0,0.0,0.59
2.999341668,0.71,0.0,0.0,0.59
3.0014329400000004,0.7,0.0,0.0,0.59
3.0021009100000002,0.7,0.0,0.0,0.59
3.003136151,0.7,0.0,0.0,0.59
3.0042074260000002,0.71,0.0,0.0,0.59
3.005266739,0.71,0.0,0.0,0.59
3.006237794,0.71,0.0,0.0,0.59
3.007248122,0.7,0.0,0.0,0.59
3.008244669,0.7,0.0,0.0,0.59
3.0092060870000004,0.71,0.0,0.0,0.59
3.0103575460000003,0.71,0.0,0.0,0.6
3.0111009490000002,0.7,0.0,0.01,0.59
3.01227577,0.7,0.0,0.0,0.59
3.013124282,0.7,0.0,0.0,0.59
3.014401935,0.7,0.0,0.0,0.59
3.016419232,0.71,0.0,0.0,0.59
3.017100044,0.7,0.0,0.0,0.59
3.0183941830000003,0.71,0.0,0.0,0.59
3.019100224,0.7,0.0,0.0,0.59
3.020265,0.7,0.0,0.0,0.59
3.021232968,0.7,0.0,0.0,0.59
3.0222544040000003,0.7,0.0,0.0,0.59
3.0232320290000003,0.71,0.0,0.0,0.59
3.0242406770000003,0.71,0.0,0.0,0.59
3.025192718,0.71,0.0,0.0,0.59
3.026326536,0.71,0.0,0.0,0.59
3.027101903,0.7,0.0,0.0,0.6
3.0282760360000003,0.7,0.0,0.0,0.59
3.029098153,0.7,0.0,0.0,0.59
3.0301197770000003,0.71,0.0,0.0,0.59
3.0321479100000004,0.7,0.0,0.0,0.59
3.033321717,0.7,0.0,0.0,0.59
3.034081059,0.7,0.0,0.0,0.59
3.0353435490000003,0.7,0.0,0.0,0.59
3.0361004560000002,0.71,0.0,0.0,0.59
3.037430054,0.7,0.0,0.0,0.59
3.0381320940000003,0.7,0.0,0.0,0.59
3.039204005,0.7,0.0,0.0,0.59
3.040196146,0.71,0.0,0.0,0.59
3.0412114100000003,0.71,0.0,0.0,0.59
3.0421482340000003,0.71,0.0,0.0,0.59
3.0432060090000004,0.7,0.0,0.0,0.59
3.044344966,0.71,0.0,0.0,0.59
3.045271569,0.71,0.0,0.0,0.59
3.047496803,0.7,0.0,0.0,0.59
3.0488383310000002,0.7,0.0,0.0,0.59
3.0498088940000003,0.71,0.0,0.0,0.59
3.050648584,0.71,0.0,0.0,0.59
3.051420775,0.7,0.0,0.0,0.59
3.052273431,0.7,0.0,0.0,0.59
3.053177771,0.7,0.0,0.0,0.59
3.054182651,0.7,0.0,0.0,0.59
3.0551947100000003,0.7,0.0,0.0,0.59
3.056184662,0.7,0.0,0.0,0.59
3.057180046,0.7,0.0,0.0,0.59
3.058148752,0.7,0.0,0.0,0.59
3.05933672,0.7,0.0,0.0,0.59
3.060125284,0.7,0.0,0.0,0.59
3.0614292720000003,0.7,0.0,0.0,0.59
3.063453845,0.7,0.0,0.0,0.6
3.0642499450000003,0.7,0.0,0.0,0.59
3.06520508,0.7,0.0,0.0,0.59
3.066227291,0.71,0.0,0.0,0.59
3.067253129,0.7,0.0,0.0,0.59
3.0683120070000003,0.7,0.0,0.0,0.59
3.069272118,0.7,0.0,0.0,0.59
3.07031184,0.7,0.0,0.0,0.59
3.0713117110000003,0.7,0.0,0.0,0.59
3.072229938,0.7,0.01,0.0,0.59
3.07319349,0.7,0.0,0.0,0.59
3.0741831200000003,0.7,0.0,0.0,0.6
3.0751555230000003,0.71,0.0,0.0,0.59
3.0774141850000003,0.7,0.0,0.0,0.59
3.0781208290000004,0.7,0.0,0.0,0.6
3.07921505,0.71,0.0,0.0,0.59
3.0801472050000003,0.71,0.0,0.0,0.59
3.0812304090000002,0.7,0.0,0.0,0.59
3.082199236,0.71,0.0,0.0,0.58
3.0831606810000003,0.71,0.0,0.0,0.59
3.0842308010000004,0.71,0.0,0.0,0.59
3.085190919,0.71,0.0,0.0,0.59
3.086201404,0.71,0.0,0.0,0.59
3.087184757,0.71,0.0,0.0,0.6
3.088109397,0.71,0.0,0.0,0.59
3.0893465050000004,0.71,0.0,0.0,0.59
3.090125005,0.7,0.0,0.0,0.59
3.0923844760000003,0.7,0.0,0.0,0.59
3.0931300200000003,0.7,0.0,0.0,0.59
3.094244788,0.7,0.0,0.0,0.59
3.095142499,0.7,0.0,0.0,0.59
3.0962383210000004,0.7,0.0,0.0,0.59
3.097138599,0.7,0.0,0.0,0.59
3.098294364,0.7,0.0,0.0,0.59
3.0991126650000003,0.7,0.0,0.0,0.59
3.1002937910000004,0.7,0.0,0.0,0.59
3.1011044250000004,0.7,0.0,0.0,0.59
3.10229334,0.7,0.0,0.0,0.59
3.103096841,0.7,0.0,0.0,0.59
3.1043785990000003,0.7,0.0,0.0,0.59
3.106395999,0.7,0.0,0.0,0.59
3.107104096,0.69,0.0,0.0,0.59
3.1082602870000002,0.7,0.0,0.0,0.59
3.1092056300000004,0.7,0.0,0.0,0.59
3.110260053,0.7,0.0,0.0,0.59
3.111127809,0.7,0.0,0.0,0.59
3.112260292,0.7,0.0,0.0,0.59
3.113089436,0.7,0.0,0.0,0.59
3.1145086980000003,0.7,0.0,0.0,0.59
3.1151025690000003,0.7,0.0,0.0,0.59
3.116351181,0.7,0.0,0.0,0.59
3.1170965770000003,0.7,0.0,0.0,0.59
3.1183120900000003,0.7,0.0,0.0,0.59
3.1191064920000002,0.7,0.0,0.0,0.59
3.1202325760000003,0.7,0.0,0.0,0.6
3.1222889190000003,0.7,0.0,0.0,0.59
3.12309978,0.71,0.0,0.0,0.59
3.1243098550000004,0.7,0.0,0.0,0.59
3.1251371310000002,0.7,0.0,0.0,0.59
3.126261554,0.7,0.0,0.0,0.59
3.127230845,0.7,0.0,0.0,0.59
3.1281051910000004,0.71,0.0,0.0,0.59
3.129268363,0.7,0.0,0.0,0.59
3.130183819,0.71,0.0,0.0,0.59
3.131132586,0.7,0.0,0.0,0.59
3.132132774,0.7,0.0,0.0,0.59
3.133127828,0.7,0.0,0.0,0.59
3.1343498650000003,0.71,0.0,0.0,0.59
3.136390725,0.7,0.0,0.0,0.59
3.1371150890000004,0.7,0.0,0.0,0.59
3.138168347,0.7,0.0,0.0,0.59
3.1391901750000004,0.7,0.0,0.0,0.59
3.1402633750000004,0.7,0.0,0.0,0.59
3.141142179,0.7,0.0,0.0,0.59
3.1422560620000004,0.7,0.0,0.0,0.59
3.1431346220000003,0.7,0.0,0.0,0.59
3.1442850040000003,0.7,0.0,0.0,0.59
3.1451161610000002,0.7,0.0,0.0,0.59
3.1462089910000004,0.7,0.0,0.0,0.59
3.147145864,0.71,0.0,0.0,0.59
3.148140601,0.7,0.0,0.0,0.59
3.1493593680000003,0.7,0.0,0.0,0.59
3.1513120750000003,0.7,0.0,0.0,0.59
3.1521203950000003,0.7,0.0,0.0,0.59
3.1531863230000003,0.7,0.0,0.0,0.59
3.154262413,0.7,0.0,0.0,0.59
3.1551328620000003,0.7,0.0,0.0,0.59
3.1562818650000004,0.7,0.01,0.0,0.59
3.157114952,0.7,0.0,0.0,0.59
3.1582826440000002,0.7,0.0,0.0,0.59
3.159208539,0.7,0.0,0.0,0.59
3.1600873330000003,0.71,0.0,0.0,0.59
3.161180599,0.7,0.0,0.0,0.59
3.162122869,0.7,0.0,0.0,0.59
3.1631785320000003,0.7,0.0,0.0,0.59
3.164142623,0.7,0.0,0.01,0.59
3.1663826270000004,0.7,0.0,0.0,0.59
3.167118428,0.7,0.0,0.0,0.59
3.168103357,0.7,0.0,0.0,0.59
3.169260603,0.7,0.0,0.0,0.59
3.1701398100000002,0.7,0.0,0.0,0.59
3.171187793,0.7,0.0,0.0,0.59
3.172253253,0.7,0.0,0.0,0.59
3.1731477530000003,0.7,0.0,0.0,0.59
3.174240772,0.7,0.0,0.0,0.59
3.1752371950000002,0.71,0.0,0.0,0.59
3.1762056380000003,0.7,0.0,0.0,0.59
3.177174946,0.7,0.0,0.0,0.59
3.1781876110000002,0.71,0.0,0.0,0.59
3.1791827770000003,0.7,0.0,0.0,0.59
3.1803847430000003,0.7,0.01,0.0,0.59
3.1823099150000003,0.71,0.0,0.0,0.59
3.1831285090000003,0.71,0.0,0.0,0.59
3.184158361,0.71,0.0,0.0,0.59
3.185196447,0.71,0.0,0.0,0.59
3.1861416570000003,0.7,0.0,0.0,0.59
3.187197062,0.71,0.0,0.0,0.59
3.188114133,0.7,0.0,0.0,0.59
3.189267393,0.71,0.0,0.0,0.59
3.190135921,0.7,0.0,0.0,0.59
3.1912028890000004,0.71,0.0,0.0,0.6
3.1921417040000004,0.71,0.0,0.0,0.59
3.193139666,0.71,0.0,0.0,0.59
3.194350038,0.71,0.0,0.0,0.59
3.1951203,0.71,0.0,0.0,0.59
3.1963590920000002,0.71,0.0,0.0,0.59
3.198309065,0.71,0.0,0.0,0.59
3.199119168,0.71,0.0,0.0,0.59
3.200256898,0.71,0.0,0.0,0.59
3.20121804,0.7,0.0,0.0,0.59
3.202146151,0.7,0.0,0.0,0.59
3.2034008340000004,0.7,0.0,0.0,0.59
3.2041058180000004,0.7,0.0,0.0,0.59
3.2053940300000003,0.7,0.01,0.0,0.59
3.206102184,0.7,0.0,0.0,0.59
3.2072783040000004,0.7,0.0,0.0,0.59
3.208140161,0.71,0.0,0.0,0.59
3.2091379900000003,0.7,0.0,0.0,0.59
3.2102362010000003,0.71,0.0,0.0,0.59
3.212295483,0.7,0.0,0.0,0.59
3.2131416830000004,0.71,0.0,0.0,0.59
3.2141478560000003,0.71,0.0,0.0,0.59
3.2151395220000003,0.7,0.0,0.0,0.59
3.2161449380000002,0.7,0.0,0.0,0.59
3.2170967100000003,0.7,0.0,0.0,0.59
3.2183941010000003,0.71,0.0,0.0,0.59
3.219107809,0.71,0.0,0.0,0.59
3.2204208980000004,0.71,0.0,0.0,0.59
3.2210975790000003,0.71,0.0,0.01,0.59
3.2223281220000004,0.71,0.0,0.0,0.59
3.223094924,0.71,0.0,0.0,0.59
3.224324107,0.71,0.0,0.0,0.59
3.2250937310000003,0.71,0.0,0.0,0.59
3.22637857,0.71,0.0,0.0,0.59
3.22814537,0.7,0.0,0.0,0.59
3.2292158850000003,0.71,0.0,0.0,0.59
3.230217885,0.71,0.0,0.0,0.59
3.231191613,0.71,0.0,0.0,0.59
3.2321264440000004,0.71,0.0,0.0,0.59
3.233130729,0.7,0.0,0.0,0.59
3.234404772,0.7,0.0,0.0,0.59
3.23510323,0.71,0.0,0.01,0.59
3.236296781,0.7,0.0,0.0,0.59
3.2371337170000003,0.7,0.0,0.0,0.59
3.2381877410000004,0.71,0.0,0.0,0.59
3.239153345,0.7,0.0,0.0,0.59
3.240183817,0.71,0.0,0.0,0.59
3.2424052330000004,0.7,0.0,0.0,0.59
3.243105366,0.7,0.0,0.0,0.59
3.24438284,0.71,0.0,0.0,0.6
3.2451016800000003,0.7,0.0,0.0,0.59
3.2463901560000004,0.71,0.0,0.0,0.59
3.247101561,0.7,0.0,0.0,0.59
3.2483970220000002,0.71,0.0,0.0,0.59
3.249095151,0.71,0.0,0.0,0.59
3.250564541,0.71,0.0,0.0,0.59
3.2511047320000004,0.71,0.0,0.0,0.59
3.252311525,0.71,0.0,0.0,0.59
3.253149434,0.71,0.0,0.0,0.59
3.2542651410000003,0.71,0.0,0.0,0.59
3.2551387870000004,0.71,0.0,0.0,0.59
3.25628397,0.71,0.0,0.0,0.59
3.258217763,0.71,0.0,0.0,0.59
3.2592204010000003,0.71,0.0,0.0,0.59
3.260208891,0.71,0.0,0.0,0.59
3.261237575,0.71,0.0,0.0,0.59
3.262069769,0.71,0.0,0.0,0.59
3.263365235,0.71,0.0,0.0,0.59
3.264140367,0.71,0.0,0.0,0.59
3.2651189290000002,0.71,0.0,0.0,0.59
3.2662289930000004,0.71,0.0,0.0,0.6
3.2671633320000004,0.71,0.0,0.0,0.59
3.2681664190000004,0.71,0.0,0.0,0.59
3.2693961820000004,0.71,0.0,0.0,0.59
3.2701456180000004,0.71,0.0,0.0,0.59
3.271462006,0.71,0.0,0.0,0.59
3.27343202,0.71,0.0,0.0,0.59
3.2740831040000002,0.71,0.0,0.0,0.59
3.27514486,0.7,0.0,0.0,0.59
3.276093431,0.71,0.0,0.0,0.59
3.277309244,0.71,0.0,0.0,0.59
3.2781242030000004,0.71,0.0,0.0,0.59
3.2794183300000004,0.71,0.0,0.0,0.59
3.2800905850000004,0.71,0.0,0.0,0.59
3.2814760890000003,0.71,0.0,0.01,0.59
3.282085748,0.71,0.0,0.0,0.59
3.2833227160000003,0.71,0.0,0.0,0.59
3.2840958380000003,0.71,0.0,0.0,0.59
3.2853860150000003,0.72,0.0,0.0,0.59
3.2860879250000004,0.71,0.0,0.0,0.59
3.288443083,0.71,0.0,0.0,0.59
3.289094528,0.7,0.0,0.0,0.59
3.2904016580000004,0.7,0.0,0.0,0.59
3.2910981660000003,0.71,0.0,0.0,0.59
3.2922819440000004,0.71,0.0,0.0,0.59
3.293230259,0.7,0.0,0.0,0.59
3.2942554200000003,0.71,0.0,0.0,0.59
3.295240606,0.71,0.0,0.0,0.59
3.296256322,0.71,0.0,0.0,0.59
3.2971656200000004,0.71,0.0,0.0,0.59
3.298156016,0.71,0.0,0.0,0.59
3.2991901340000003,0.71,0.0,0.0,0.59
3.3001847000000004,0.71,0.0,0.0,0.59
3.3014542170000003,0.71,0.0,0.0,0.59
3.3034291820000004,0.71,0.0,0.0,0.59
3.3041024830000003,0.71,0.0,0.0,0.59
3.3052942840000004,0.71,0.0,0.0,0.59
3.306109478,0.71,0.0,0.0,0.59
3.307179155,0.71,0.0,0.0,0.59
3.308240021,0.71,0.0,0.0,0.59
3.3092434770000003,0.71,0.0,0.0,0.59
3.310131889,0.71,0.0,0.0,0.58
3.3112813630000004,0.71,0.0,0.0,0.59
3.3121015340000004,0.71,0.0,0.0,0.59
3.313361523,0.71,0.0,0.01,0.59
3.3140976920000003,0.71,0.0,0.0,0.59
3.3153003570000004,0.71,0.0,0.0,0.59
3.3161547810000003,0.71,0.0,0.0,0.59
3.317279949,0.7,0.0,0.0,0.59
3.318229703,0.71,0.0,0.0,0.59
3.3206923670000004,0.71,0.0,0.0,0.59
3.321158403,0.71,0.0,0.0,0.59
3.3223926230000003,0.71,0.0,0.0,0.59
3.3231049880000003,0.71,0.0,0.0,0.59
3.324398244,0.71,0.0,0.0,0.59
3.3250986640000004,0.71,0.0,0.0,0.59
3.326280709,0.71,0.0,0.0,0.59
3.3270910020000004,0.7,0.0,0.0,0.59
3.3283868940000003,0.71,0.0,0.0,0.58
3.3290941390000004,0.71,0.0,0.0,0.59
3.330269127,0.7,0.0,0.0,0.59
3.331407538,0.71,0.0,0.0,0.59
3.3334115630000003,0.71,0.0,0.0,0.59
3.334095211,0.71,0.0,0.0,0.59
3.3354134130000004,0.71,0.0,0.0,0.59
3.3360910070000003,0.71,0.0,0.0,0.59
3.337415839,0.71,0.0,0.0,0.59
3.338098813,0.71,0.0,0.0,0.59
3.339299029,0.71,0.0,0.0,0.59
3.340101874,0.71,0.0,0.0,0.59
3.3413414120000002,0.71,0.0,0.0,0.6
3.342094733,0.71,0.0,0.0,0.59
3.3433144980000002,0.71,0.0,0.0,0.59
3.3440887110000004,0.7,0.0,0.0,0.59
3.345329641,0.7,0.0,0.0,0.59
3.3460888730000002,0.71,0.0,0.01,0.59
3.3475734970000004,0.71,0.0,0.0,0.59
3.349405951,0.71,0.0,0.0,0.59
3.3500950040000004,0.71,0.0,0.0,0.59
3.351152658,0.71,0.0,0.0,0.59
3.352267298,0.71,0.0,0.0,0.59
3.353133907,0.71,0.0,0.0,0.59
3.354366857,0.71,0.0,0.0,0.59
3.355100547,0.71,0.0,0.0,0.59
3.356400831,0.7,0.0,0.0,0.59
3.357093438,0.7,0.0,0.0,0.59
3.3583697860000004,0.71,0.0,0.0,0.59
3.3590957930000003,0.71,0.0,0.0,0.59
3.360279691,0.7,0.0,0.0,0.59
3.361098015,0.71,0.0,0.0,0.59
3.36235368,0.71,0.0,0.0,0.59
3.364399616,0.7,0.0,0.0,0.59
3.365103674,0.71,0.0,0.0,0.59
3.3664070930000003,0.71,0.0,0.0,0.59
3.367106735,0.71,0.0,0.0,0.59
3.368366298,0.71,0.0,0.0,0.59
3.369095009,0.7,0.0,0.01,0.59
3.370277713,0.71,0.0,0.0,0.59
3.3711403630000003,0.71,0.0,0.0,0.59
3.37245842,0.71,0.0,0.0,0.59
3.3730946860000004,0.71,0.0,0.0,0.59
3.374307441,0.7,0.0,0.0,0.59
3.3751246790000002,0.71,0.0,0.0,0.59
3.376428089,0.7,0.0,0.0,0.59
3.3782786760000003,0.71,0.0,0.0,0.59
3.3791377160000002,0.7,0.0,0.0,0.59
3.380381271,0.71,0.0,0.0,0.59
3.3811037390000003,0.71,0.0,0.0,0.59
3.38228811,0.71,0.0,0.0,0.59
3.383141277,0.71,0.0,0.0,0.59
3.384143066,0.71,0.0,0.0,0.59
3.3852590040000003,0.71,0.0,0.0,0.59
3.386203128,0.71,0.0,0.0,0.59
3.3870893470000003,0.71,0.0,0.0,0.6
3.3883096260000003,0.71,0.0,0.0,0.59
3.3891247410000003,0.71,0.0,0.0,0.59
3.390392996,0.71,0.0,0.0,0.59
3.391094004,0.71,0.0,0.0,0.59
3.392344413,0.7,0.0,0.01,0.59
3.394406655,0.71,0.0,0.0,0.59
3.3951016750000003,0.71,0.0,0.0,0.59
3.396350823,0.7,0.0,0.0,0.59
3.397101113,0.7,0.0,0.0,0.59
3.3983971520000003,0.7,0.0,0.0,0.59
3.3990993,0.7,0.0,0.0,0.59
3.400107706,0.71,0.0,0.0,0.59
3.4012769290000002,0.7,0.0,0.0,0.59
3.4021068420000002,0.71,0.0,0.0,0.59
3.4032131260000003,0.71,0.0,0.0,0.59
3.4041001910000004,0.7,0.0,0.0,0.59
3.405190429,0.7,0.0,0.0,0.59
3.406181471,0.7,0.0,0.0,0.59
3.407283795,0.71,0.0,0.0,0.59
3.4082323960000003,0.71,0.0,0.0,0.59
3.4091816890000004,0.7,0.0,0.0,0.59
3.41129927,0.7,0.0,0.0,0.59
3.412115093,0.7,0.0,0.0,0.59
3.4132483430000002,0.71,0.0,0.0,0.59
3.414229756,0.71,0.0,0.0,0.59
3.4151456880000004,0.7,0.0,0.0,0.59
3.416395194,0.7,0.0,0.0,0.59
3.417109878,0.7,0.0,0.0,0.59
3.4184111710000002,0.7,0.0,0.0,0.59
3.4191072950000003,0.7,0.0,0.0,0.59
3.42033595,0.71,0.0,0.0,0.59
3.421094295,0.7,0.0,0.0,0.59
3.422428623,0.71,0.0,0.0,0.59
3.424392393,0.71,0.0,0.0,0.6
3.425104509,0.71,0.0,0.0,0.59
3.4263190330000004,0.71,0.0,0.0,0.59
3.4271275040000004,0.71,0.0,0.0,0.59
3.4282989410000004,0.71,0.0,0.0,0.59
3.42909429,0.7,0.0,0.0,0.59
3.430393307,0.71,0.0,0.0,0.59
3.431100321,0.71,0.0,0.0,0.59
3.4323398710000004,0.71,0.0,0.0,0.59
3.43310892,0.71,0.0,0.0,0.59
3.4343031030000004,0.71,0.0,0.0,0.59
3.435123406,0.71,0.0,0.0,0.59
3.4364015720000003,0.7,0.0,0.0,0.59
3.438441591,0.7,0.0,0.0,0.59
3.4391052440000003,0.71,0.0,0.0,0.59
3.4401799800000004,0.71,0.0,0.0,0.59
3.4412522780000003,0.71,0.0,0.0,0.59
3.4422300900000002,0.71,0.0,0.0,0.59
3.443249182,0.7,0.0,0.0,0.59
3.44424343,0.7,0.0,0.0,0.59
3.4451864120000004,0.71,0.0,0.0,0.59
3.4462360260000002,0.7,0.01,0.0,0.59
3.447204687,0.71,0.0,0.0,0.59
3.4481035990000004,0.71,0.0,0.0,0.59
3.449303023,0.7,0.0,0.0,0.59
3.450106733,0.71,0.0,0.0,0.59
3.451190764,0.71,0.0,0.0,0.59
3.45329261,0.71,0.0,0.0,0.59
3.454114017,0.71,0.0,0.0,0.59
3.4553321410000004,0.71,0.0,0.0,0.59
3.4561142890000003,0.7,0.0,0.0,0.59
3.4574016910000003,0.71,0.0,0.0,0.59
3.4581062520000003,0.71,0.0,0.0,0.59
3.459367195,0.71,0.0,0.0,0.59
3.460109892,0.7,0.0,0.0,0.59
3.461468995,0.7,0.0,0.0,0.59
3.4620870420000003,0.71,0.0,0.0,0.59
3.46328649,0.71,0.0,0.0,0.59
3.464117796,0.7,0.0,0.0,0.59
3.4653348520000002,0.71,0.0,0.0,0.59
3.466115824,0.7,0.0,0.0,0.59
3.467420349,0.71,0.0,0.0,0.59
3.469406241,0.7,0.0,0.0,0.59
3.470138599,0.7,0.0,0.0,0.59
3.4712554730000003,0.71,0.01,0.0,0.59
3.4721971810000003,0.71,0.0,0.0,0.59
3.473208215,0.71,0.0,0.0,0.59
3.4743506290000004,0.71,0.0,0.0,0.59
3.47510916,0.7,0.0,0.0,0.59
3.4763672870000004,0.71,0.0,0.0,0.59
3.477101277,0.71,0.0,0.0,0.59
3.478186323,0.71,0.0,0.0,0.59
3.4791973940000003,0.71,0.0,0.0,0.59
3.480141939,0.7,0.0,0.0,0.59
3.4812189950000003,0.7,0.0,0.0,0.59
3.4821622000000003,0.7,0.0,0.0,0.59
3.484119671,0.7,0.0,0.0,0.59
3.485439007,0.71,0.0,0.0,0.59
3.48610099,0.71,0.0,0.0,0.59
3.487383341,0.7,0.0,0.0,0.59
3.4881011350000004,0.7,0.0,0.0,0.59
3.4893019630000004,0.7,0.0,0.0,0.59
3.49013923,0.7,0.0,0.0,0.59
3.491374801,0.71,0.01,0.0,0.59
3.492093081,0.71,0.0,0.0,0.59
3.4932774770000004,0.71,0.0,0.0,0.59
3.494141706,0.71,0.0,0.0,0.59
3.4951324130000003,0.71,0.0,0.0,0.6
3.496297089,0.7,0.0,0.0,0.59
3.4973290720000003,0.71,0.0,0.0,0.59
3.4982166660000003,0.71,0.0,0.0,0.59
3.5002922200000004,0.71,0.0,0.0,0.59
3.501144677,0.71,0.0,0.01,0.59
3.502402494,0.71,0.0,0.0,0.59
3.5031032800000004,0.71,0.0,0.0,0.59
3.504282766,0.71,0.0,0.0,0.6
3.5051383780000003,0.71,0.0,0.0,0.59
3.5064015840000002,0.71,0.0,0.0,0.59
3.5071017600000003,0.71,0.0,0.0,0.59
3.508377824,0.71,0.0,0.0,0.59
3.50909702,0.7,0.0,0.01,0.59
3.510270148,0.71,0.0,0.0,0.59
3.511096443,0.71,0.0,0.0,0.59
3.512332905,0.71,0.0,0.0,0.59
3.5142690500000002,0.71,0.0,0.0,0.59
3.515106905,0.71,0.0,0.0,0.59
3.516241017,0.71,0.0,0.0,0.59
3.517136105,0.71,0.0,0.0,0.59
3.518405473,0.71,0.0,0.0,0.59
3.5191005110000004,0.71,0.0,0.0,0.59
3.520299676,0.71,0.0,0.0,0.59
3.5211191800000003,0.71,0.0,0.0,0.59
3.5223012180000004,0.71,0.0,0.0,0.59
3.5230994090000003,0.71,0.0,0.0,0.59
3.524309616,0.73,0.0,0.0,0.59
3.5251246270000003,0.71,0.0,0.0,0.59
3.526340776,0.71,0.0,0.0,0.59
3.5270944190000004,0.71,0.0,0.0,0.59
3.5282841190000003,0.71,0.0,0.0,0.59
3.5291592560000002,0.71,0.0,0.0,0.59
3.530429423,0.71,0.0,0.0,0.59
3.532276774,0.71,0.0,0.0,0.59
3.533152873,0.71,0.01,0.0,0.59
3.5342701520000004,0.71,0.0,0.0,0.59
3.5350875430000004,0.71,0.0,0.0,0.59
3.5362552180000004,0.7,0.0,0.0,0.59
3.5370880340000004,0.7,0.0,0.0,0.59
3.538253581,0.7,0.0,0.0,0.59
3.5391866960000002,0.71,0.0,0.0,0.59
3.5401776020000004,0.71,0.0,0.0,0.59
3.5411681620000004,0.71,0.0,0.0,0.6
3.542174084,0.71,0.0,0.0,0.59
3.543229853,0.71,0.0,0.0,0.59
3.5442344200000004,0.71,0.0,0.0,0.59
3.546390911,0.71,0.0,0.0,0.59
3.547123914,0.71,0.0,0.0,0.59
3.5482391370000004,0.71,0.0,0.0,0.59
3.549200706,0.71,0.0,0.0,0.59
3.550166991,0.69,0.0,0.0,0.59
3.551231033,0.71,0.0,0.0,0.59
3.552245082,0.71,0.0,0.0,0.59
3.553104771,0.71,0.0,0.0,0.59
3.55420398,0.71,0.01,0.0,0.59
3.555175079,0.71,0.0,0.0,0.59
3.5561251680000003,0.71,0.0,0.01,0.59
3.557308196,0.7,0.0,0.0,0.59
3.5581137880000004,0.7,0.0,0.0,0.59
3.5601673660000004,0.71,0.0,0.0,0.59
3.5611652520000003,0.71,0.0,0.0,0.59
3.5621077110000003,0.71,0.0,0.0,0.59
3.563376374,0.7,0.0,0.0,0.59
3.564113154,0.7,0.0,0.0,0.59
3.5651538260000004,0.71,0.0,0.0,0.59
3.566100882,0.71,0.0,0.0,0.59
3.5673980970000003,0.71,0.0,0.0,0.59
3.568110533,0.71,0.0,0.0,0.59
3.569391296,0.7,0.0,0.0,0.59
3.5701058640000003,0.7,0.0,0.0,0.59
3.571322286,0.7,0.0,0.0,0.59
3.572098645,0.7,0.0,0.0,0.59
3.5734326980000004,0.7,0.0,0.0,0.59
3.575402855,0.7,0.0,0.0,0.59
3.576101351,0.7,0.0,0.0,0.59
3.5773817470000004,0.7,0.0,0.0,0.59
3.57809486,0.7,0.0,0.0,0.6
3.579419648,0.7,0.0,0.0,0.59
3.5800952140000004,0.71,0.0,0.0,0.59
3.581415531,0.71,0.0,0.0,0.59
3.582095095,0.7,0.0,0.0,0.59
3.5832979390000004,0.71,0.0,0.0,0.6
3.5840936450000003,0.71,0.0,0.0,0.59
3.585406088,0.71,0.0,0.0,0.59
3.586091585,0.71,0.0,0.0,0.59
3.587252734,0.7,0.0,0.0,0.59
3.589418315,0.7,0.0,0.0,0.59
3.590096454,0.71,0.0,0.0,0.59
3.5913943710000003,0.7,0.0,0.0,0.59
3.592093655,0.71,0.0,0.0,0.59
3.5933452900000002,0.7,0.0,0.0,0.59
3.594097107,0.7,0.0,0.01,0.59
3.595368001,0.7,0.0,0.0,0.59
3.596100294,0.7,0.0,0.0,0.59
3.597367628,0.7,0.0,0.0,0.59
3.59809277,0.7,0.0,0.0,0.6
3.5993037680000004,0.71,0.0,0.0,0.59
3.600154444,0.7,0.0,0.0,0.59
3.6011377430000002,0.7,0.0,0.0,0.59
3.6021662990000003,0.71,0.0,0.0,0.59
3.604405104,0.7,0.0,0.0,0.6
3.6051022730000004,0.71,0.0,0.0,0.59
3.606397202,0.71,0.0,0.0,0.6
3.607094157,0.71,0.0,0.0,0.6
3.6083058610000003,0.71,0.0,0.0,0.59
3.6091238900000002,0.71,0.0,0.0,0.59
3.610400384,0.71,0.0,0.0,0.59
3.6110946430000004,0.71,0.0,0.0,0.59
3.6123730930000004,0.71,0.0,0.0,0.59
3.6131028560000003,0.7,0.0,0.0,0.59
3.614184026,0.7,0.0,0.0,0.59
3.6151774960000003,0.71,0.0,0.0,0.59
3.6161316660000002,0.71,0.0,0.0,0.6
3.6172912050000003,0.7,0.0,0.0,0.59
3.618145477,0.71,0.0,0.0,0.59
3.6191327660000003,0.71,0.0,0.0,0.59
3.620251971,0.71,0.0,0.0,0.59
3.622399252,0.71,0.0,0.0,0.59
3.623109765,0.71,0.0,0.0,0.59
3.6242560100000003,0.71,0.0,0.0,0.6
3.625231727,0.71,0.0,0.0,0.59
3.626245737,0.71,0.0,0.0,0.59
3.6271248490000003,0.71,0.0,0.0,0.59
3.6282905590000003,0.7,0.0,0.0,0.59
3.62913911,0.7,0.0,0.0,0.59
3.6303217,0.71,0.0,0.0,0.6
3.631111413,0.71,0.0,0.0,0.59
3.6323136860000003,0.7,0.0,0.0,0.59
3.633101844,0.71,0.0,0.0,0.59
3.63428662,0.71,0.0,0.01,0.6
3.6364104740000003,0.7,0.0,0.0,0.59
3.637100841,0.7,0.0,0.0,0.59
3.638405617,0.7,0.0,0.0,0.59
3.6390977170000003,0.7,0.0,0.0,0.59
3.640398278,0.7,0.0,0.0,0.59
3.6410966530000004,0.71,0.0,0.0,0.59
3.642278418,0.71,0.0,0.0,0.59
3.6430905740000004,0.7,0.0,0.0,0.59
3.6443307320000002,0.71,0.0,0.0,0.59
3.6451440120000003,0.71,0.0,0.0,0.59
3.6461230060000003,0.7,0.0,0.0,0.59
3.6484012530000003,0.71,0.0,0.0,0.59
3.6491027170000003,0.7,0.0,0.0,0.59
3.650339778,0.7,0.0,0.0,0.59
3.6511065900000004,0.71,0.0,0.0,0.59
3.652321782,0.71,0.0,0.0,0.6
3.653129872,0.71,0.0,0.0,0.6
3.654294746,0.71,0.0,0.0,0.59
3.655143293,0.71,0.0,0.0,0.59
3.6562102220000003,0.71,0.0,0.01,0.59
3.6572709870000004,0.71,0.0,0.0,0.59
3.658218204,0.71,0.0,0.0,0.6
3.6591917560000002,0.71,0.0,0.0,0.59
3.6601768210000003,0.71,0.0,0.0,0.6
3.6612843410000004,0.71,0.0,0.0,0.59
3.662098723,0.71,0.0,0.0,0.59
3.663352358,0.7,0.0,0.0,0.59
3.6652849420000004,0.71,0.0,0.0,0.61
3.666110723,0.7,0.0,0.01,0.59
3.6672450270000003,0.7,0.0,0.0,0.59
3.668233739,0.7,0.0,0.0,0.6
3.6691512060000004,0.71,0.0,0.0,0.59
3.670262407,0.71,0.0,0.0,0.6
3.6712483280000003,0.71,0.0,0.0,0.59
3.6721326650000004,0.71,0.0,0.0,0.59
3.673292651,0.71,0.0,0.0,0.59
3.674104879,0.71,0.0,0.0,0.59
3.675324261,0.71,0.0,0.0,0.59
3.6761387240000003,0.71,0.0,0.0,0.59
3.6774297390000004,0.71,0.0,0.0,0.6
3.6780943930000003,0.71,0.0,0.0,0.59
3.6793880910000003,0.71,0.0,0.0,0.59
3.6812879720000002,0.72,0.0,0.0,0.59
3.6821181870000004,0.71,0.0,0.0,0.59
3.683272302,0.71,0.0,0.0,0.6
3.6842153300000002,0.7,0.0,0.0,0.59
3.6852627800000004,0.71,0.0,0.0,0.59
3.68624287,0.71,0.0,0.0,0.59
3.687091075,0.71,0.0,0.0,0.59
3.6884098560000003,0.71,0.0,0.0,0.59
3.6891005700000004,0.71,0.0,0.0,0.59
3.690319386,0.71,0.0,0.0,0.59
3.691132049,0.71,0.0,0.0,0.59
3.692184677,0.71,0.0,0.0,0.6
3.693234008,0.71,0.0,0.0,0.59
3.69428867,0.71,0.0,0.0,0.59
3.696289654,0.71,0.0,0.0,0.59
3.6971370830000003,0.71,0.0,0.0,0.59
3.6981052130000003,0.71,0.0,0.0,0.6
3.6993672650000002,0.71,0.0,0.0,0.59
3.700116608,0.7,0.0,0.0,0.59
3.701387528,0.71,0.0,0.0,0.59
3.7021057330000002,0.71,0.0,0.0,0.59
3.7031512540000002,0.71,0.0,0.0,0.59
3.7041566340000003,0.71,0.0,0.0,0.59
3.705178054,0.71,0.0,0.0,0.59
3.7061035660000003,0.71,0.0,0.0,0.59
3.707292926,0.7,0.0,0.0,0.59
3.7081096700000002,0.71,0.0,0.0,0.59
3.709425861,0.7,0.0,0.0,0.6
3.711372357,0.71,0.0,0.0,0.6
3.7121135130000003,0.7,0.0,0.0,0.59
3.713240722,0.71,0.0,0.0,0.59
3.714227553,0.71,0.0,0.0,0.59
3.715091193,0.71,0.0,0.0,0.59
3.7163007520000004,0.71,0.0,0.0,0.59
3.7171388050000003,0.71,0.0,0.0,0.6
3.718247658,0.71,0.0,0.0,0.59
3.7191938860000002,0.71,0.0,0.0,0.59
3.720176834,0.71,0.0,0.0,0.59
3.72117991,0.71,0.0,0.0,0.6
3.7224424270000003,0.71,0.0,0.0,0.59
3.723107766,0.71,0.0,0.0,0.59
3.7243578220000004,0.71,0.0,0.0,0.59
3.726402159,0.71,0.0,0.0,0.59
3.727109549,0.71,0.0,0.0,0.59
3.7281594320000004,0.71,0.0,0.0,0.59
3.7292660110000004,0.7,0.0,0.0,0.59
3.730227053,0.71,0.0,0.0,0.59
3.731251326,0.7,0.0,0.0,0.59
3.7321322890000004,0.71,0.0,0.0,0.6
3.7333912160000002,0.7,0.0,0.0,0.59
3.7341089230000004,0.71,0.0,0.0,0.59
3.735452292,0.71,0.0,0.0,0.59
3.736101977,0.71,0.0,0.0,0.59
3.737327665,0.7,0.0,0.0,0.59
3.738108088,0.7,0.0,0.0,0.6
3.7392827730000002,0.71,0.0,0.0,0.6
3.7414032880000003,0.7,0.0,0.0,0.59
3.742108694,0.71,0.0,0.0,0.59
3.7432643420000002,0.71,0.0,0.0,0.59
3.74422604,0.71,0.0,0.0,0.59
3.7452658160000003,0.71,0.0,0.0,0.59
3.7462459330000004,0.71,0.0,0.0,0.59
3.7472485850000004,0.71,0.0,0.0,0.59
3.7480873430000003,0.71,0.0,0.0,0.59
3.749164781,0.71,0.0,0.0,0.59
3.750204032,0.7,0.0,0.0,0.59
3.751181648,0.71,0.0,0.0,0.59
3.7521739020000004,0.71,0.0,0.0,0.59
3.753167068,0.7,0.0,0.0,0.59
3.7544228110000004,0.71,0.0,0.0,0.59
3.756432348,0.71,0.0,0.0,0.59
3.7571189410000003,0.71,0.01,0.0,0.6
3.7582376300000004,0.71,0.0,0.0,0.59
3.759213566,0.71,0.0,0.0,0.59
3.7602545700000003,0.71,0.01,0.0,0.59
3.7611373180000003,0.71,0.0,0.0,0.59
3.762386445,0.71,0.0,0.0,0.59
3.7631128630000004,0.71,0.0,0.0,0.59
3.764410477,0.71,0.0,0.0,0.59
3.765103647,0.71,0.0,0.0,0.59
3.7662968140000004,0.71,0.0,0.0,0.59
3.7671304090000004,0.71,0.0,0.0,0.59
3.7683953760000004,0.71,0.0,0.0,0.59
3.7690931290000003,0.71,0.0,0.0,0.59
3.770400178,0.71,0.0,0.0,0.59
3.772409355,0.71,0.0,0.0,0.6
3.7731004130000003,0.7,0.0,0.0,0.59
3.7742662150000004,0.71,0.0,0.0,0.59
3.7752355150000003,0.71,0.0,0.0,0.59
3.7761904100000003,0.7,0.0,0.0,0.59
3.777407553,0.71,0.0,0.0,0.59
3.778093016,0.71,0.0,0.0,0.59
3.7794418660000004,0.71,0.0,0.0,0.6
3.7801020610000005,0.71,0.0,0.0,0.59
3.7813198590000003,0.71,0.0,0.0,0.59
3.782102633,0.71,0.0,0.0,0.6
3.7833944610000003,0.71,0.0,0.0,0.59
3.7840933870000004,0.71,0.0,0.0,0.59
3.7852646620000003,0.71,0.0,0.01,0.59
3.787419888,0.71,0.0,0.0,0.59
3.7881008100000004,0.71,0.0,0.0,0.59
3.789401724,0.71,0.0,0.0,0.59
3.7901023530000004,0.71,0.0,0.0,0.59
3.7914034610000003,0.71,0.0,0.0,0.6
3.7920979470000002,0.71,0.0,0.0,0.59
3.7934368230000004,0.71,0.0,0.0,0.59
3.7940935070000004,0.71,0.0,0.0,0.59
3.795324887,0.71,0.0,0.0,0.59
3.7960871590000003,0.7,0.0,0.0,0.6
3.7973159040000004,0.71,0.0,0.0,0.59
3.7981297530000004,0.71,0.0,0.0,0.59
3.7992991930000004,0.71,0.0,0.01,0.59
3.801430078,0.71,0.0,0.0,0.59
3.80209792,0.71,0.0,0.0,0.59
3.80326501,0.71,0.0,0.0,0.59
3.804195904,0.71,0.0,0.0,0.59
3.8052595570000003,0.71,0.0,0.0,0.59
3.8062310520000002,0.71,0.0,0.0,0.59
3.8072643110000004,0.71,0.0,0.0,0.59
3.8082486490000003,0.71,0.0,0.0,0.59
3.8091786340000002,0.71,0.0,0.0,0.59
3.810166493,0.71,0.0,0.0,0.59
3.8113329320000005,0.71,0.0,0.0,0.59
3.812113822,0.71,0.0,0.0,0.59
3.8133468570000004,0.71,0.0,0.0,0.59
3.8152696080000004,0.71,0.0,0.0,0.59
3.8161678310000005,0.71,0.0,0.0,0.59
3.8172687730000003,0.71,0.0,0.0,0.59
3.818219715,0.71,0.0,0.0,0.59
3.8192562850000003,0.71,0.0,0.0,0.59
3.820232938,0.71,0.0,0.0,0.59
3.821217421,0.71,0.0,0.0,0.59
3.8222549060000004,0.71,0.0,0.0,0.59
3.823213699,0.71,0.0,0.0,0.59
3.8243980260000003,0.71,0.0,0.0,0.59
3.825105349,0.71,0.0,0.0,0.59
3.8263144020000004,0.71,0.0,0.0,0.59
3.827177976,0.71,0.0,0.01,0.59
3.8281209300000003,0.71,0.0,0.0,0.59
3.8292651920000003,0.71,0.0,0.0,0.6
3.8314262620000004,0.71,0.0,0.0,0.59
3.8321070780000004,0.71,0.0,0.0,0.6
3.833163614,0.71,0.0,0.0,0.59
3.8342687430000004,0.71,0.0,0.0,0.59
3.835222449,0.71,0.0,0.0,0.59
3.8362591860000004,0.71,0.0,0.0,0.59
3.8370970160000004,0.71,0.0,0.0,0.59
3.8382705070000003,0.7,0.0,0.0,0.59
3.8392095860000004,0.71,0.0,0.0,0.59
3.8401859010000003,0.71,0.0,0.0,0.59
3.8411660770000005,0.71,0.0,0.0,0.59
3.842315836,0.71,0.0,0.0,0.6
3.8431088800000004,0.71,0.0,0.0,0.59
3.844185705,0.71,0.0,0.01,0.59
3.8463885190000004,0.71,0.0,0.0,0.59
3.847113762,0.71,0.0,0.0,0.59
3.84810619,0.71,0.0,0.0,0.59
3.849260779,0.71,0.0,0.0,0.59
3.850223729,0.71,0.0,0.0,0.59
3.8512542180000002,0.71,0.0,0.0,0.59
3.852227789,0.71,0.0,0.0,0.59
3.8532021760000004,0.71,0.0,0.0,0.59
3.85421154,0.71,0.0,0.0,0.59
3.855175684,0.71,0.0,0.0,0.6
3.856315921,0.71,0.0,0.0,0.59
3.857113507,0.71,0.0,0.0,0.59
3.8581587300000004,0.71,0.0,0.0,0.59
3.8603782900000003,0.7,0.0,0.0,0.59
3.861116421,0.71,0.0,0.0,0.59
3.8621154110000004,0.71,0.0,0.0,0.59
3.8632504730000004,0.71,0.0,0.0,0.59
3.864223501,0.71,0.0,0.0,0.59
3.8651374080000003,0.71,0.0,0.0,0.59
3.8663941470000003,0.71,0.0,0.0,0.59
3.867108319,0.7,0.0,0.0,0.59
3.8684065330000004,0.71,0.0,0.0,0.59
3.8690979220000004,0.71,0.0,0.0,0.59
3.870284557,0.71,0.0,0.0,0.59
3.8710913860000002,0.71,0.0,0.0,0.59
3.8723350940000003,0.71,0.0,0.0,0.59
3.873087599,0.71,0.0,0.0,0.59
3.8744568110000004,0.71,0.0,0.0,0.59
3.876430988,0.71,0.0,0.0,0.59
3.8770912120000003,0.71,0.0,0.0,0.59
3.878330188,0.71,0.0,0.0,0.59
3.8790941790000004,0.71,0.0,0.0,0.59
3.880416283,0.71,0.0,0.0,0.59
3.8810959190000003,0.71,0.0,0.0,0.59
3.8822695080000003,0.71,0.0,0.0,0.59
3.8831382420000002,0.71,0.0,0.0,0.59
3.8844071240000004,0.71,0.0,0.0,0.59
3.8850985120000003,0.71,0.0,0.0,0.59
3.8863253540000002,0.71,0.0,0.0,0.59
3.887094513,0.71,0.0,0.0,0.59
3.888315243,0.71,0.0,0.0,0.59
3.8901496090000003,0.71,0.0,0.01,0.59
3.8912779040000003,0.71,0.0,0.0,0.59
3.892201216,0.72,0.01,0.0,0.59
3.893268259,0.71,0.0,0.01,0.59
3.894232725,0.71,0.0,0.0,0.59
3.895186948,0.71,0.0,0.0,0.59
3.896251668,0.71,0.0,0.0,0.59
3.8972504550000004,0.71,0.0,0.01,0.59
3.8982476310000003,0.71,0.0,0.0,0.59
3.8992252040000004,0.71,0.0,0.0,0.59
3.90020113,0.71,0.0,0.0,0.59
3.9013174590000004,0.71,0.0,0.0,0.59
3.902113415,0.71,0.0,0.0,0.59
3.9031562140000005,0.71,0.0,0.0,0.59
3.9053853490000003,0.71,0.0,0.0,0.59
3.906109476,0.71,0.0,0.0,0.59
3.907251844,0.71,0.0,0.0,0.59
3.9082354660000003,0.71,0.0,0.0,0.59
3.9092399240000004,0.71,0.0,0.0,0.59
3.910241703,0.71,0.0,0.0,0.59
3.9111471730000003,0.71,0.0,0.01,0.59
3.9123843020000004,0.71,0.0,0.0,0.59
3.9131153260000002,0.71,0.0,0.0,0.59
3.914240764,0.71,0.0,0.0,0.59
3.915091519,0.71,0.0,0.01,0.59
3.9163218650000005,0.71,0.0,0.0,0.59
3.917101113,0.71,0.0,0.0,0.59
3.918348175,0.71,0.0,0.0,0.59
3.9191026700000005,0.71,0.0,0.0,0.59
3.92141332,0.71,0.0,0.0,0.59
3.922161849,0.71,0.0,0.0,0.59
3.9231128060000002,0.71,0.0,0.0,0.59
3.9242663390000003,0.71,0.0,0.0,0.59
3.9252234300000004,0.72,0.0,0.0,0.59
3.926265737,0.71,0.0,0.0,0.59
3.9271891340000002,0.72,0.0,0.0,0.59
3.928154441,0.71,0.0,0.0,0.59
3.929248465,0.7,0.0,0.0,0.59
3.9302263930000003,0.71,0.0,0.0,0.59
3.93118427,0.71,0.0,0.0,0.59
3.9321274620000004,0.71,0.0,0.0,0.59
3.9333252200000004,0.71,0.0,0.0,0.59
3.9341132260000005,0.71,0.0,0.0,0.59
3.935206887,0.71,0.0,0.0,0.6
3.9371936250000004,0.71,0.0,0.0,0.59
3.938220159,0.71,0.0,0.0,0.59
3.939233519,0.71,0.0,0.0,0.59
3.940245544,0.71,0.0,0.0,0.59
3.9412396970000003,0.71,0.0,0.0,0.59
3.9422316850000003,0.71,0.0,0.0,0.59
3.943263689,0.71,0.0,0.0,0.59
3.944207913,0.71,0.0,0.0,0.59
3.945178218,0.71,0.0,0.0,0.59
3.9461812020000004,0.71,0.0,0.0,0.59
3.9473230630000002,0.71,0.0,0.0,0.59
3.9481168300000005,0.71,0.0,0.0,0.59
3.9494016010000004,0.71,0.0,0.0,0.59
3.9513924200000003,0.71,0.0,0.0,0.59
3.9521169140000003,0.71,0.0,0.0,0.59
3.953396477,0.71,0.0,0.0,0.59
3.9541010070000002,0.71,0.0,0.0,0.59
3.9553918290000003,0.71,0.0,0.0,0.59
3.9561766240000003,0.71,0.0,0.0,0.59
3.9571106080000003,0.71,0.0,0.0,0.59
3.958404766,0.71,0.0,0.0,0.59
3.9590986170000004,0.71,0.0,0.0,0.59
3.9604540210000003,0.71,0.0,0.0,0.59
3.9610940560000003,0.71,0.0,0.0,0.59
3.962207991,0.71,0.0,0.0,0.59
3.9630934580000003,0.71,0.0,0.0,0.59
3.9644031290000004,0.72,0.0,0.0,0.59
3.9650935370000004,0.71,0.0,0.0,0.6
3.9674197700000002,0.71,0.0,0.0,0.59
3.9681025510000003,0.72,0.0,0.0,0.59
3.9694008650000003,0.71,0.0,0.0,0.59
3.9701097080000003,0.71,0.0,0.0,0.59
3.971403737,0.72,0.0,0.0,0.6
3.972094992,0.71,0.0,0.0,0.59
3.9734036610000003,0.7,0.0,0.0,0.59
3.974098382,0.71,0.0,0.0,0.59
3.9754324910000003,0.71,0.0,0.0,0.59
3.976102093,0.71,0.0,0.0,0.59
3.9773367210000004,0.71,0.0,0.0,0.59
3.978100822,0.71,0.0,0.0,0.59
3.9793574520000004,0.72,0.0,0.0,0.59
3.981389253,0.72,0.0,0.0,0.59
3.9821053010000003,0.71,0.0,0.0,0.59
3.983108022,0.71,0.02,0.0,0.59
3.984141456,0.71,0.0,0.0,0.59
3.985135608,0.71,0.0,0.0,0.59
3.9864054940000004,0.71,0.0,0.0,0.59
3.9871169990000004,0.71,0.0,0.0,0.59
3.9881037040000002,0.71,0.0,0.0,0.59
3.9892676670000005,0.71,0.0,0.0,0.59
3.990222811,0.71,0.0,0.0,0.59
3.9911819310000003,0.71,0.0,0.0,0.59
3.9921753360000003,0.71,0.0,0.0,0.59
3.993171492,0.71,0.0,0.01,0.59
3.9941786280000002,0.71,0.0,0.0,0.59
3.996389134,0.71,0.0,0.0,0.59
3.9971132160000002,0.71,0.0,0.0,0.59
3.9982491990000004,0.71,0.0,0.0,0.59
3.999204601,0.71,0.0,0.0,0.59
4.000257995,0.71,0.0,0.0,0.59
4.0011935240000005,0.71,0.0,0.0,0.59
4.00224814,0.71,0.0,0.0,0.59
4.003229856,0.71,0.0,0.0,0.59
4.004263508,0.71,0.0,0.01,0.59
4.005191147000001,0.71,0.0,0.0,0.59
4.0061762540000005,0.71,0.0,0.0,0.59
4.0073233770000005,0.71,0.0,0.0,0.59
4.008113554,0.73,0.0,0.0,0.59
4.009355794,0.71,0.0,0.0,0.59
4.0101014930000005,0.71,0.01,0.0,0.59
4.011378583,0.71,0.0,0.0,0.59
4.0133864,0.71,0.0,0.0,0.6
4.014104347,0.71,0.0,0.0,0.59
4.015297314000001,0.71,0.0,0.0,0.59
4.016162228000001,0.71,0.0,0.0,0.59
4.017108617,0.71,0.0,0.0,0.59
4.0184048720000005,0.71,0.0,0.0,0.59
4.019102258,0.71,0.0,0.0,0.59
4.020417503,0.71,0.0,0.0,0.59
4.021094231,0.71,0.0,0.0,0.59
4.022329148,0.71,0.0,0.0,0.59
4.023132931,0.71,0.0,0.0,0.59
4.024370813,0.71,0.0,0.0,0.59
4.025101321,0.71,0.0,0.0,0.59
4.026409189000001,0.71,0.0,0.0,0.59
4.028354716,0.71,0.0,0.0,0.59
4.029094013,0.71,0.0,0.0,0.59
4.030253279,0.71,0.0,0.0,0.59
4.031249355,0.71,0.0,0.0,0.59
4.032131885,0.71,0.0,0.0,0.59
4.033397926,0.71,0.0,0.0,0.59
4.034100155,0.71,0.0,0.0,0.59
4.035420542000001,0.71,0.0,0.0,0.59
4.036105748000001,0.71,0.0,0.0,0.59
4.037317919,0.71,0.0,0.0,0.59
4.038093983,0.71,0.0,0.0,0.59
4.039191179,0.71,0.0,0.0,0.59
4.0414136140000005,0.71,0.0,0.01,0.59
4.042105401000001,0.71,0.0,0.0,0.59
4.043316851,0.71,0.0,0.0,0.59
4.044102358,0.71,0.0,0.0,0.59
4.045190196,0.71,0.0,0.0,0.59
4.046133671000001,0.71,0.0,0.0,0.59
4.047119694,0.71,0.0,0.0,0.59
4.048157785,0.71,0.0,0.0,0.59
4.049136583,0.71,0.0,0.0,0.59
4.0501014810000004,0.71,0.0,0.0,0.59
4.05119368,0.71,0.0,0.0,0.59
4.0521748120000005,0.71,0.0,0.0,0.59
4.05317431,0.71,0.0,0.0,0.59
4.0542069650000006,0.71,0.0,0.0,0.59
4.055200617000001,0.71,0.0,0.0,0.59
4.056274267,0.71,0.0,0.0,0.59
4.058392704,0.71,0.0,0.01,0.59
4.059109687,0.71,0.0,0.0,0.59
4.060392743,0.71,0.0,0.0,0.59
4.06112873,0.71,0.0,0.0,0.59
4.062159649,0.71,0.0,0.0,0.59
4.063263128,0.71,0.0,0.0,0.59
4.0642104990000005,0.71,0.0,0.0,0.59
4.065129135,0.71,0.0,0.0,0.59
4.066518237,0.71,0.0,0.0,0.6
4.067099648,0.7,0.0,0.0,0.59
4.068329795,0.71,0.0,0.0,0.59
4.069100935000001,0.71,0.0,0.0,0.59
4.071377353,0.71,0.0,0.0,0.59
4.0721131250000004,0.71,0.0,0.0,0.59
4.073316339000001,0.71,0.0,0.0,0.59
4.07410973,0.71,0.0,0.0,0.59
4.075187071,0.71,0.0,0.0,0.59
4.0762078520000005,0.71,0.0,0.0,0.59
4.077263659000001,0.71,0.0,0.0,0.59
4.0781925050000005,0.71,0.0,0.0,0.59
4.079167217,0.71,0.0,0.0,0.59
4.080233747,0.71,0.0,0.0,0.59
4.081198669,0.71,0.0,0.0,0.59
4.0821340390000005,0.71,0.0,0.0,0.59
4.0833551340000005,0.7,0.0,0.01,0.59
4.084115204000001,0.71,0.01,0.0,0.59
4.0853654520000005,0.71,0.01,0.0,0.59
4.087321902,0.71,0.0,0.0,0.59
4.088110579,0.71,0.0,0.0,0.59
4.089259254,0.71,0.0,0.0,0.59
4.090212715,0.71,0.0,0.0,0.59
4.091256654,0.71,0.0,0.0,0.59
4.092088478,0.71,0.0,0.0,0.59
4.093242771,0.71,0.0,0.0,0.59
4.094233938,0.71,0.0,0.0,0.6
4.0951603510000005,0.7,0.0,0.0,0.59
4.096095885,0.71,0.0,0.0,0.59
4.097334043,0.71,0.0,0.0,0.6
4.098123231000001,0.71,0.0,0.0,0.59
4.099195356,0.71,0.0,0.0,0.59
4.1001789330000005,0.71,0.0,0.0,0.59
4.1023875620000005,0.71,0.0,0.0,0.59
4.1031172410000005,0.71,0.0,0.0,0.59
4.104374657,0.7,0.0,0.0,0.59
4.1051161920000006,0.71,0.0,0.0,0.59
4.106382789,0.71,0.0,0.0,0.59
4.107109058,0.71,0.0,0.0,0.59
4.108388946,0.71,0.0,0.0,0.59
4.109106928,0.71,0.0,0.0,0.59
4.110395882000001,0.71,0.0,0.0,0.59
4.1111044990000005,0.71,0.0,0.0,0.59
4.11224176,0.71,0.0,0.0,0.59
4.113158214,0.71,0.0,0.0,0.59
4.1142063460000005,0.71,0.0,0.0,0.59
4.115095556,0.71,0.0,0.0,0.59
4.116379234,0.71,0.0,0.0,0.59
4.118319342,0.71,0.0,0.0,0.59
4.119105135,0.71,0.0,0.0,0.59
4.120128303,0.71,0.0,0.0,0.59
4.121261850000001,0.71,0.0,0.0,0.59
4.122213228000001,0.71,0.0,0.0,0.59
4.123261806,0.71,0.0,0.0,0.59
4.124235979,0.71,0.0,0.0,0.59
4.125250117,0.71,0.0,0.0,0.59
4.126201974000001,0.71,0.0,0.0,0.59
4.127174998,0.71,0.0,0.01,0.59
4.128332486000001,0.7,0.0,0.0,0.59
4.129109501,0.71,0.0,0.0,0.6
4.130369996000001,0.71,0.0,0.0,0.59
4.132406257,0.71,0.0,0.0,0.59
4.133113775,0.7,0.0,0.0,0.59
4.134329757000001,0.71,0.0,0.0,0.59
4.135115023,0.71,0.0,0.01,0.59
4.136106885,0.71,0.01,0.0,0.59
4.137259803,0.71,0.0,0.0,0.6
4.138217484,0.71,0.0,0.0,0.59
4.139146782,0.71,0.0,0.0,0.59
4.140167111,0.71,0.0,0.0,0.59
4.141193856,0.71,0.0,0.0,0.59
4.142215359000001,0.71,0.0,0.0,0.59
4.143177753000001,0.71,0.0,0.0,0.59
4.144182805000001,0.71,0.0,0.0,0.59
4.145184504,0.71,0.0,0.0,0.59
4.146401272,0.7,0.0,0.01,0.59
4.147105564,0.71,0.0,0.0,0.59
4.1494144760000005,0.7,0.0,0.0,0.59
4.150109631,0.7,0.0,0.0,0.59
4.151260658,0.7,0.0,0.0,0.59
4.152159286,0.7,0.0,0.0,0.59
4.1532579190000005,0.71,0.0,0.0,0.6
4.154211217,0.71,0.0,0.0,0.59
4.155268415,0.71,0.0,0.0,0.59
4.156221938,0.7,0.0,0.0,0.59
4.157220338,0.7,0.0,0.0,0.59
4.158189060000001,0.7,0.0,0.0,0.59
4.159318740000001,0.71,0.0,0.01,0.59
4.160109772,0.71,0.0,0.01,0.59
4.162412655000001,0.71,0.0,0.0,0.59
4.163116522,0.71,0.0,0.0,0.59
4.164384772,0.72,0.0,0.0,0.59
4.1651222610000005,0.71,0.0,0.0,0.6
4.166224555,0.71,0.0,0.0,0.59
4.167156751,0.71,0.0,0.0,0.59
4.168261292,0.71,0.0,0.0,0.59
4.169212431,0.71,0.0,0.0,0.59
4.170261645,0.71,0.0,0.0,0.59
4.171235932,0.71,0.0,0.0,0.59
4.172180869,0.7,0.0,0.0,0.59
4.173332236,0.71,0.0,0.0,0.59
4.174097521,0.71,0.0,0.0,0.59
4.175364050000001,0.71,0.0,0.0,0.59
4.176094912,0.71,0.0,0.0,0.59
4.177405408,0.7,0.0,0.0,0.59
4.179419331,0.7,0.0,0.0,0.59
4.180097261,0.7,0.0,0.0,0.59
4.181394986,0.69,0.0,0.0,0.59
4.182098347,0.69,0.0,0.0,0.6
4.183410509000001,0.68,0.0,0.0,0.59
4.184094846000001,0.69,0.0,0.0,0.59
4.185128324,0.69,0.0,0.0,0.59
4.186244858,0.69,0.0,0.0,0.59
4.1871985060000005,0.69,0.0,0.0,0.6
4.188174566,0.68,0.0,0.0,0.59
4.189171467,0.66,0.0,0.0,0.6
4.190190586,0.66,0.0,0.0,0.59
4.191254703,0.67,0.0,0.0,0.6
4.192257505000001,0.67,0.0,0.0,0.6
4.194415499000001,0.67,0.0,0.0,0.59
4.195110426,0.67,0.0,0.0,0.6
4.196183103,0.66,0.0,0.0,0.6
4.197240184,0.66,0.0,0.0,0.59
4.198253254,0.66,0.0,0.0,0.59
4.199153038,0.66,0.0,0.0,0.6
4.2001892530000005,0.66,0.0,0.0,0.6
4.201214777000001,0.65,0.0,0.0,0.6
4.202184144,0.65,0.0,0.0,0.6
4.20318362,0.65,0.0,0.0,0.59
4.20410019,0.66,0.0,0.0,0.59
4.205343743,0.66,0.0,0.0,0.6
4.206106096,0.65,0.0,0.02,0.59
4.208429067,0.66,0.0,0.0,0.59
4.209114153000001,0.66,0.0,0.0,0.59
4.2102173160000005,0.66,0.0,0.0,0.59
4.211174906,0.65,0.0,0.0,0.6
4.21210768,0.66,0.0,0.0,0.6
4.213159113000001,0.66,0.0,0.0,0.6
4.214252325,0.67,0.0,0.0,0.59
4.215148285000001,0.65,0.0,0.0,0.59
4.2162284560000005,0.65,0.0,0.0,0.59
4.217176152,0.66,0.0,0.0,0.6
4.21816789,0.66,0.0,0.0,0.59
4.219181486,0.66,0.0,0.0,0.6
4.220184023,0.65,0.0,0.0,0.6
4.222393635,0.65,0.0,0.0,0.6
4.223118236,0.66,0.0,0.0,0.6
4.224383947000001,0.66,0.0,0.0,0.59
4.225114772,0.65,0.0,0.0,0.59
4.226248051000001,0.65,0.0,0.0,0.6
4.227141012000001,0.65,0.0,0.0,0.6
4.2281524610000005,0.65,0.0,0.0,0.6
4.229209008000001,0.66,0.0,0.0,0.6
4.2302314700000005,0.65,0.0,0.0,0.59
4.231153545000001,0.65,0.0,0.01,0.59
4.232134929,0.66,0.0,0.0,0.6
4.2331583440000005,0.66,0.0,0.0,0.6
4.234193699,0.66,0.0,0.0,0.6
4.235177295000001,0.66,0.0,0.0,0.6
4.237188398000001,0.66,0.0,0.0,0.6
4.238222627,0.65,0.0,0.0,0.6
4.239237558,0.65,0.0,0.0,0.59
4.2401860860000005,0.65,0.0,0.0,0.6
4.241255155,0.66,0.0,0.0,0.6
4.242229876000001,0.65,0.0,0.0,0.6
4.243236701,0.66,0.0,0.0,0.6
4.244235174,0.65,0.0,0.0,0.59
4.245189046,0.65,0.0,0.0,0.6
4.246223534,0.65,0.0,0.0,0.6
4.2471779970000005,0.65,0.0,0.0,0.6
4.248270175,0.65,0.0,0.0,0.6
4.2491103,0.65,0.0,0.0,0.59
4.250186031,0.65,0.0,0.0,0.6
4.251230074,0.65,0.0,0.0,0.59
4.253493887,0.65,0.0,0.0,0.6
4.254117888000001,0.65,0.0,0.0,0.59
4.255388081,0.65,0.0,0.0,0.59
4.256119320000001,0.65,0.0,0.0,0.6
4.2574321600000005,0.65,0.0,0.0,0.6
4.25814456,0.65,0.0,0.0,0.6
4.259158820000001,0.65,0.0,0.0,0.6
4.260137415,0.65,0.0,0.0,0.6
4.261694103,0.65,0.0,0.0,0.6
4.262189638000001,0.65,0.0,0.0,0.6
4.26318969,0.65,0.0,0.0,0.59
4.264321908,0.65,0.0,0.01,0.59
4.265098049000001,0.64,0.0,0.0,0.59
4.267409819,0.65,0.0,0.0,0.6
4.268094952,0.65,0.0,0.0,0.6
4.2694097730000005,0.65,0.0,0.0,0.6
4.270105375,0.66,0.0,0.0,0.6
4.271417883000001,0.66,0.0,0.0,0.6
4.272092786,0.66,0.0,0.0,0.59
4.273421059,0.66,0.0,0.0,0.59
4.274086645000001,0.66,0.0,0.0,0.6
4.275267507000001,0.66,0.0,0.0,0.6
4.276134214,0.66,0.0,0.0,0.6
4.277482605,0.66,0.0,0.0,0.6
4.278088449,0.65,0.0,0.0,0.6
4.279297766,0.65,0.0,0.0,0.6
4.280155978000001,0.66,0.0,0.01,0.59
4.28145677,0.64,0.0,0.0,0.59
4.2820894130000005,0.68,0.0,0.0,0.6
4.283271179000001,0.68,0.0,0.0,0.59
4.285300768,0.67,0.01,0.0,0.59
4.286094297,0.68,0.0,0.0,0.59
4.287285206,0.67,0.0,0.0,0.59
4.288132818,0.67,0.0,0.0,0.59
4.289312619,0.67,0.0,0.0,0.59
4.290100274,0.69,0.0,0.0,0.59
4.291268158,0.69,0.0,0.0,0.59
4.292210579000001,0.68,0.0,0.0,0.59
4.293179759,0.68,0.0,0.0,0.59
4.294174853,0.69,0.0,0.0,0.59
4.2953174380000005,0.69,0.0,0.0,0.59
4.296098817,0.69,0.0,0.0,0.59
4.29737012,0.69,0.0,0.0,0.59
4.299283971,0.69,0.0,0.0,0.59
4.300187802,0.69,0.0,0.0,0.59
4.301184489000001,0.68,0.0,0.0,0.59
4.302261928,0.69,0.0,0.0,0.59
4.303156081,0.69,0.0,0.0,0.59
4.30441043,0.68,0.0,0.0,0.59
4.3051090510000005,0.68,0.0,0.0,0.59
4.306484149,0.69,0.0,0.0,0.59
4.307098010000001,0.69,0.0,0.0,0.59
4.308321184,0.7,0.0,0.0,0.59
4.309093136,0.7,0.0,0.0,0.59
4.310324307,0.7,0.0,0.0,0.59
4.311148119,0.7,0.0,0.0,0.59
4.312371974,0.69,0.0,0.0,0.59
4.314330087,0.7,0.0,0.0,0.59
4.315103454,0.69,0.0,0.0,0.59
4.316411550000001,0.7,0.0,0.0,0.59
4.31709709,0.69,0.0,0.0,0.59
4.31841836,0.69,0.0,0.0,0.59
4.319090897000001,0.69,0.0,0.0,0.6
4.320394919,0.69,0.0,0.0,0.59
4.3210914990000004,0.68,0.0,0.0,0.59
4.322277724,0.69,0.0,0.0,0.59
4.323090194000001,0.69,0.0,0.0,0.6
4.324362929,0.69,0.0,0.0,0.59
4.325090609,0.69,0.0,0.01,0.59
4.326417222,0.69,0.0,0.0,0.6
4.327082132,0.69,0.0,0.0,0.59
4.328323545,0.68,0.0,0.0,0.59
4.330415711000001,0.7,0.0,0.0,0.59
4.331094158,0.7,0.0,0.0,0.59
4.332135394000001,0.69,0.0,0.0,0.59
4.3332806,0.7,0.0,0.0,0.59
4.334233872,0.69,0.0,0.0,0.59
4.33525431,0.69,0.0,0.0,0.59
4.336243589,0.68,0.0,0.0,0.59
4.3370884620000005,0.69,0.0,0.0,0.59
4.338303691,0.7,0.0,0.0,0.59
4.339102583,0.7,0.0,0.0,0.59
4.340179845000001,0.7,0.0,0.0,0.59
4.3411807520000005,0.7,0.0,0.0,0.59
4.343422199,0.7,0.0,0.0,0.59
4.344112977,0.69,0.0,0.0,0.6
4.345232589,0.69,0.0,0.0,0.59
4.346224686,0.7,0.0,0.0,0.59
4.3472457250000005,0.7,0.0,0.0,0.59
4.34810522,0.7,0.0,0.0,0.59
4.349403487,0.7,0.0,0.0,0.59
4.35011422,0.69,0.0,0.0,0.59
4.351372895,0.69,0.0,0.0,0.59
4.352115316,0.7,0.0,0.0,0.59
4.3533470030000005,0.7,0.0,0.0,0.59
4.354101001,0.7,0.0,0.0,0.59
4.3553302700000005,0.7,0.0,0.0,0.59
4.356102594,0.71,0.0,0.0,0.59
4.357397651,0.7,0.0,0.0,0.59
4.358111304,0.7,0.0,0.0,0.59
4.359393724,0.7,0.0,0.0,0.59
4.361331772000001,0.7,0.0,0.0,0.59
4.362101985000001,0.7,0.0,0.0,0.59
4.363397559,0.7,0.0,0.0,0.59
4.364101776,0.7,0.0,0.0,0.59
4.365185664,0.7,0.0,0.0,0.59
4.366226164,0.7,0.0,0.0,0.6
4.367241485,0.7,0.0,0.0,0.59
4.368232144,0.7,0.0,0.0,0.59
4.369178473,0.69,0.0,0.0,0.59
4.370186813,0.7,0.0,0.0,0.61
4.371338744,0.7,0.0,0.0,0.59
4.372104174,0.7,0.0,0.0,0.59
4.373364622,0.7,0.0,0.0,0.59
4.3753871150000005,0.7,0.0,0.0,0.59
4.376109452000001,0.7,0.0,0.0,0.59
4.377400603,0.7,0.0,0.0,0.59
4.378109696,0.7,0.0,0.0,0.59
4.379241106,0.69,0.0,0.0,0.59
4.380254895,0.7,0.0,0.0,0.6
4.3812018440000005,0.7,0.0,0.01,0.59
4.382154806,0.7,0.0,0.0,0.59
4.383100892,0.7,0.0,0.0,0.59
4.384191439,0.7,0.0,0.0,0.59
4.385129943,0.7,0.0,0.0,0.59
4.3861773280000005,0.7,0.0,0.0,0.6
4.38708952,0.69,0.0,0.0,0.59
4.388255217,0.7,0.0,0.0,0.59
4.389211341,0.7,0.0,0.0,0.59
4.390253526,0.7,0.0,0.0,0.59
4.392398587000001,0.7,0.0,0.0,0.59
4.393117751,0.7,0.0,0.0,0.59
4.3943873060000005,0.69,0.0,0.0,0.59
4.3951204100000005,0.69,0.0,0.0,0.6
4.396392979000001,0.69,0.0,0.0,0.6
4.397102287,0.69,0.0,0.0,0.59
4.398474388,0.69,0.0,0.0,0.59
4.399097616000001,0.69,0.0,0.0,0.59
4.400322614,0.7,0.0,0.0,0.59
4.401106367000001,0.69,0.0,0.0,0.59
4.402312023,0.69,0.0,0.0,0.59
4.404363572,0.69,0.0,0.0,0.59
4.405097853,0.7,0.0,0.0,0.59
4.406492111,0.7,0.0,0.0,0.59
4.407105603000001,0.7,0.0,0.0,0.59
4.408503689000001,0.7,0.0,0.0,0.6
4.409098483,0.69,0.0,0.0,0.59
4.4104387140000005,0.7,0.0,0.0,0.59
4.41109593,0.7,0.0,0.0,0.6
4.412390495,0.7,0.0,0.0,0.59
4.4130969570000005,0.7,0.0,0.0,0.59
4.41430129,0.7,0.0,0.0,0.6
4.415138927,0.7,0.0,0.0,0.59
4.416308105000001,0.7,0.0,0.0,0.59
4.418422856,0.7,0.0,0.0,0.59
4.4190966860000005,0.7,0.0,0.0,0.59
4.420398908,0.7,0.0,0.0,0.6
4.421098398000001,0.7,0.0,0.0,0.6
4.422284148,0.7,0.01,0.0,0.59
4.423237154000001,0.7,0.0,0.0,0.6
4.4240824750000005,0.7,0.0,0.0,0.59
4.425412217,0.7,0.0,0.01,0.59
4.426124545,0.7,0.0,0.0,0.6
4.4274567110000005,0.7,0.0,0.0,0.6
4.4280981210000006,0.7,0.0,0.01,0.6
4.429186484000001,0.7,0.0,0.0,0.59
4.4301792970000005,0.7,0.0,0.0,0.59
4.4311829640000004,0.7,0.0,0.0,0.59
4.43224224,0.7,0.0,0.0,0.59
4.434415755,0.7,0.0,0.0,0.59
4.435109082,0.7,0.0,0.0,0.59
4.4364067060000005,0.7,0.0,0.0,0.59
4.437099053,0.7,0.0,0.01,0.59
4.438414145,0.7,0.0,0.0,0.59
4.4390940180000005,0.7,0.0,0.0,0.59
4.44030619,0.7,0.0,0.0,0.59
4.441101491,0.7,0.0,0.0,0.59
4.4424562320000005,0.7,0.0,0.0,0.6
4.443094956,0.7,0.0,0.0,0.59
4.444314639,0.7,0.0,0.0,0.59
4.445132904,0.7,0.0,0.0,0.59
4.446306429,0.7,0.0,0.01,0.59
4.44714769,0.7,0.0,0.0,0.59
4.448143036,0.7,0.0,0.0,0.59
4.449277566,0.7,0.0,0.0,0.59
4.451530194,0.7,0.0,0.0,0.59
4.452094573,0.7,0.0,0.0,0.59
4.4532802170000005,0.7,0.0,0.0,0.59
4.454096544,0.7,0.01,0.0,0.59
4.455419999,0.7,0.0,0.0,0.59
4.456089179,0.7,0.0,0.0,0.6
4.457405243,0.7,0.0,0.0,0.59
4.4580878440000005,0.7,0.0,0.0,0.59
4.459320144,0.7,0.0,0.0,0.59
4.460124382,0.7,0.0,0.0,0.59
4.461583074,0.7,0.0,0.0,0.59
4.4621180890000005,0.7,0.0,0.0,0.59
4.463398178,0.71,0.0,0.01,0.59
4.465270756000001,0.7,0.0,0.0,0.59
4.466094775,0.7,0.0,0.0,0.59
4.467304639,0.7,0.0,0.0,0.59
4.4682093190000005,0.7,0.0,0.0,0.59
4.46922331,0.7,0.0,0.0,0.59
4.470295179,0.71,0.0,0.0,0.59
4.47117313,0.7,0.0,0.0,0.59
4.472247844,0.7,0.0,0.0,0.59
4.473187791,0.7,0.0,0.0,0.59
4.474172867,0.7,0.0,0.0,0.59
4.475312219,0.7,0.0,0.0,0.59
4.47612941,0.7,0.0,0.0,0.59
4.477423669,0.7,0.0,0.0,0.59
4.479411701,0.7,0.0,0.0,0.59
4.480098356,0.7,0.0,0.0,0.59
4.481399068,0.71,0.0,0.0,0.59
4.482095210000001,0.7,0.0,0.0,0.6
4.4831391510000005,0.7,0.0,0.0,0.59
4.484255054,0.71,0.0,0.0,0.59
4.485230452000001,0.7,0.0,0.0,0.59
4.486124942,0.71,0.0,0.0,0.59
4.487154866,0.71,0.0,0.0,0.59
4.488213481,0.71,0.0,0.0,0.6
4.489180555,0.71,0.0,0.0,0.59
4.4901742140000005,0.71,0.0,0.0,0.59
4.491144655,0.71,0.0,0.0,0.6
4.493378162,0.71,0.0,0.0,0.59
4.49410165,0.71,0.0,0.0,0.59
4.495206335000001,0.71,0.0,0.0,0.59
4.4962468840000005,0.71,0.0,0.0,0.59
4.497232207000001,0.71,0.0,0.0,0.59
4.498132281,0.71,0.0,0.0,0.59
4.499257168000001,0.7,0.0,0.0,0.59
4.500210658,0.7,0.0,0.0,0.59
4.501260448,0.7,0.0,0.0,0.59
4.502175166000001,0.7,0.0,0.0,0.59
4.5031502670000005,0.7,0.0,0.0,0.59
4.5041737500000005,0.71,0.0,0.0,0.59
4.5051757740000005,0.71,0.0,0.0,0.6
4.5061403900000006,0.7,0.0,0.0,0.6
4.507103734,0.7,0.01,0.0,0.59
4.5093981990000005,0.7,0.0,0.0,0.59
4.510112937000001,0.7,0.0,0.0,0.59
4.511151442,0.7,0.01,0.0,0.6
4.5121049310000005,0.7,0.0,0.0,0.59
4.513399551,0.7,0.0,0.0,0.6
4.514113205,0.71,0.0,0.0,0.59
4.5153051600000005,0.71,0.0,0.0,0.59
4.516112027,0.7,0.0,0.0,0.59
4.517412909,0.7,0.0,0.0,0.59
4.518105528,0.7,0.0,0.0,0.59
4.519325952,0.7,0.0,0.0,0.6
4.520108423,0.7,0.0,0.0,0.59
4.521183003,0.71,0.0,0.0,0.59
4.522184499000001,0.7,0.0,0.0,0.59
4.5232730750000005,0.7,0.0,0.0,0.59
4.525415641,0.71,0.0,0.0,0.59
4.526109881,0.71,0.0,0.0,0.59
4.527388922,0.7,0.0,0.0,0.59
4.528113,0.7,0.0,0.0,0.59
4.529391423,0.7,0.0,0.0,0.59
4.530105636,0.7,0.0,0.0,0.59
4.53126228,0.7,0.0,0.0,0.59
4.532203938,0.7,0.0,0.0,0.59
4.533236023000001,0.69,0.0,0.0,0.6
4.534189529000001,0.7,0.0,0.0,0.6
4.535325579,0.7,0.0,0.0,0.59
4.536106341,0.7,0.0,0.0,0.59
4.537335401,0.7,0.0,0.0,0.59
4.538097464000001,0.7,0.0,0.0,0.59
4.5401501930000006,0.7,0.0,0.0,0.59
4.54109987,0.7,0.01,0.0,0.59
4.542278106,0.7,0.0,0.0,0.59
4.543196191000001,0.7,0.0,0.0,0.59
4.544271771,0.7,0.0,0.0,0.59
4.545234429000001,0.7,0.0,0.0,0.59
4.5462625160000005,0.7,0.0,0.0,0.59
4.547261306,0.7,0.0,0.0,0.59
4.548094402,0.7,0.0,0.0,0.6
4.549394761,0.7,0.0,0.0,0.6
4.550104405,0.7,0.0,0.0,0.6
4.551315861,0.7,0.0,0.0,0.59
4.552095689000001,0.7,0.0,0.0,0.6
4.553389921,0.7,0.0,0.0,0.6
4.554103983,0.7,0.0,0.0,0.59
4.555399734,0.7,0.0,0.0,0.59
4.557403722,0.7,0.0,0.01,0.59
4.55809806,0.7,0.0,0.0,0.59
4.559393676,0.7,0.0,0.0,0.6
4.560098529,0.7,0.0,0.0,0.6
4.5613656680000005,0.7,0.0,0.0,0.59
4.562093474,0.7,0.0,0.0,0.59
4.563427572,0.7,0.0,0.0,0.59
4.564089695000001,0.7,0.0,0.0,0.59
4.565177483,0.7,0.0,0.0,0.59
4.56617359,0.7,0.01,0.0,0.59
4.567217644,0.7,0.0,0.0,0.59
4.5681923840000005,0.7,0.0,0.0,0.59
4.569305059,0.7,0.0,0.0,0.59
4.570166942,0.71,0.0,0.0,0.59
4.571291672,0.71,0.0,0.0,0.59
4.573279,0.7,0.0,0.0,0.6
4.574096977,0.71,0.0,0.0,0.59
4.57540397,0.7,0.0,0.0,0.59
4.576098561,0.7,0.0,0.0,0.6
4.577403404,0.7,0.0,0.0,0.59
4.578095391000001,0.71,0.0,0.0,0.6
4.579469306,0.7,0.0,0.0,0.59
4.580094365,0.7,0.0,0.0,0.59
4.581334088,0.7,0.0,0.0,0.59
4.5820942890000005,0.7,0.0,0.0,0.59
4.58326523,0.7,0.0,0.0,0.6
4.584192632000001,0.71,0.01,0.0,0.59
4.585408038000001,0.7,0.0,0.0,0.6
4.587232391000001,0.7,0.0,0.0,0.59
4.588228356,0.7,0.0,0.0,0.59
4.589239712,0.71,0.0,0.0,0.59
4.590258797000001,0.71,0.0,0.0,0.59
4.591248981000001,0.71,0.0,0.0,0.59
4.5922450470000005,0.71,0.0,0.0,0.59
4.593263596,0.71,0.0,0.0,0.6
4.594249702,0.7,0.0,0.0,0.59
4.59513018,0.71,0.0,0.0,0.59
4.596344926,0.7,0.0,0.0,0.59
4.597104155,0.71,0.0,0.0,0.59
4.598356739000001,0.7,0.0,0.0,0.59
4.599105892,0.7,0.0,0.0,0.59
4.601374113,0.7,0.0,0.0,0.6
4.602110765,0.7,0.0,0.0,0.59
4.603275592,0.7,0.0,0.0,0.6
4.604206321,0.7,0.0,0.0,0.59
4.60523401,0.7,0.0,0.0,0.59
4.606251712000001,0.7,0.0,0.0,0.59
4.607256363,0.7,0.0,0.0,0.59
4.608232539,0.7,0.0,0.0,0.59
4.609205731,0.7,0.0,0.0,0.59
4.610178486000001,0.71,0.0,0.0,0.59
4.611341634,0.7,0.0,0.0,0.6
4.612107284,0.7,0.0,0.0,0.59
4.613417717,0.7,0.0,0.0,0.59
4.614095434,0.7,0.0,0.0,0.59
4.6164352310000005,0.7,0.0,0.0,0.59
4.617099997,0.7,0.0,0.0,0.59
4.618429398,0.7,0.0,0.0,0.59
4.619094788,0.7,0.0,0.0,0.59
4.620359475,0.7,0.0,0.0,0.59
4.621095250000001,0.7,0.0,0.0,0.59
4.622408214,0.7,0.0,0.0,0.59
4.6230936090000005,0.7,0.0,0.0,0.59
4.624397211000001,0.7,0.0,0.0,0.59
4.625088678,0.7,0.0,0.0,0.59
4.626330304000001,0.7,0.0,0.01,0.59
4.627091161,0.7,0.0,0.0,0.59
4.628296332000001,0.7,0.0,0.0,0.59
4.630383571,0.7,0.0,0.0,0.59
4.631102899,0.7,0.0,0.0,0.59
4.632132082,0.71,0.0,0.0,0.6
4.633091684,0.71,0.0,0.0,0.59
4.634076080000001,0.7,0.0,0.0,0.59
4.635352449,0.7,0.0,0.0,0.59
4.636122945,0.7,0.0,0.0,0.59
4.637180108,0.7,0.0,0.0,0.59
4.638224353,0.71,0.0,0.0,0.59
4.639157337,0.7,0.0,0.0,0.59
4.640202368000001,0.71,0.0,0.0,0.59
4.641210191,0.71,0.0,0.0,0.6
4.642185726,0.71,0.0,0.01,0.59
4.643164538000001,0.71,0.0,0.0,0.59
4.6454658250000005,0.71,0.01,0.0,0.59
4.646506704,0.71,0.0,0.0,0.59
4.647466614000001,0.7,0.0,0.0,0.59
4.648384122,0.7,0.0,0.0,0.59
4.650447605,0.7,0.0,0.0,0.59
4.651128247,0.7,0.0,0.0,0.59
4.652188616,0.7,0.0,0.0,0.59
4.653168066,0.7,0.0,0.0,0.59
4.654153673000001,0.71,0.0,0.0,0.59
4.655175723,0.7,0.0,0.0,0.59
4.656180474,0.7,0.01,0.0,0.59
4.657173919,0.7,0.0,0.0,0.6
4.658157913,0.71,0.0,0.0,0.59
4.659149589,0.71,0.0,0.0,0.59
4.660184018000001,0.7,0.0,0.0,0.59
4.661119023,0.7,0.0,0.0,0.59
4.662333253,0.7,0.0,0.0,0.59
4.663117419000001,0.71,0.0,0.0,0.6
4.664280687000001,0.71,0.0,0.0,0.59
4.6651281860000005,0.7,0.0,0.0,0.59
4.666184437,0.7,0.0,0.0,0.59
4.66710224,0.7,0.0,0.0,0.59
4.668265614,0.7,0.0,0.0,0.59
4.669162297000001,0.7,0.0,0.0,0.59
4.670307563000001,0.71,0.0,0.0,0.59
4.6710902690000005,0.71,0.0,0.0,0.59
4.672314701,0.71,0.0,0.0,0.59
4.673136653,0.71,0.0,0.0,0.59
4.674320106000001,0.71,0.0,0.0,0.6
4.676482272,0.7,0.0,0.0,0.59
4.677098648,0.7,0.0,0.0,0.59
4.678248776,0.71,0.0,0.0,0.59
4.679079995,0.7,0.0,0.0,0.59
4.680340657,0.7,0.0,0.0,0.59
4.681123403,0.72,0.0,0.0,0.59
4.6822484740000005,0.71,0.0,0.0,0.59
4.683080540000001,0.7,0.0,0.0,0.59
4.6849395750000005,0.71,0.0,0.0,0.59
4.685255573,0.7,0.0,0.0,0.59
4.686133236,0.71,0.0,0.0,0.59
4.687238596,0.71,0.0,0.0,0.59
4.688116015,0.7,0.0,0.0,0.59
4.689232552,0.71,0.0,0.0,0.59
4.6913939440000005,0.7,0.0,0.0,0.59
4.692069416000001,0.7,0.0,0.0,0.59
4.693379772,0.71,0.0,0.0,0.59
4.694114159000001,0.71,0.0,0.0,0.59
4.695185846,0.71,0.0,0.0,0.59
4.696385973,0.7,0.0,0.0,0.59
4.697098287,0.7,0.0,0.0,0.59
4.698240371000001,0.7,0.0,0.0,0.59
4.699114327,0.7,0.0,0.0,0.59
4.700258108,0.7,0.0,0.0,0.6
4.701073841,0.7,0.0,0.0,0.59
4.702307141,0.7,0.0,0.0,0.59
4.703075994000001,0.7,0.0,0.0,0.59
4.705353509,0.71,0.0,0.0,0.59
4.70608392,0.7,0.0,0.0,0.59
4.7072303810000005,0.7,0.0,0.0,0.59
4.7082342950000005,0.7,0.0,0.0,0.59
4.709233074,0.7,0.0,0.0,0.59
4.710234767,0.7,0.0,0.0,0.59
4.711077761,0.71,0.0,0.0,0.59
4.712336514,0.7,0.0,0.0,0.6
4.713084931,0.7,0.0,0.0,0.59
4.714215981000001,0.7,0.0,0.0,0.59
4.71515397,0.71,0.0,0.0,0.6
4.717566378,0.7,0.01,0.0,0.59
4.7180921510000005,0.71,0.0,0.0,0.59
4.719352046,0.71,0.0,0.0,0.6
4.7200704,0.71,0.0,0.0,0.59
4.72138345,0.71,0.0,0.0,0.59
4.7221048350000006,0.71,0.0,0.0,0.59
4.723236587000001,0.71,0.0,0.0,0.6
4.724197159,0.71,0.0,0.0,0.6
4.725117377,0.71,0.0,0.0,0.59
4.7263081510000005,0.71,0.0,0.0,0.59
4.727203854,0.71,0.0,0.0,0.59
4.728062990000001,0.71,0.0,0.0,0.59
4.729205907,0.7,0.0,0.0,0.59
4.730166712,0.7,0.0,0.0,0.59
4.731138527000001,0.7,0.0,0.01,0.59
4.7320993840000005,0.71,0.0,0.0,0.59
4.7333405090000005,0.71,0.0,0.0,0.59
4.734072726,0.71,0.0,0.0,0.59
4.735358725,0.71,0.0,0.0,0.59
4.737252048,0.7,0.0,0.0,0.59
4.738107279,0.7,0.0,0.0,0.59
4.739252997,0.7,0.0,0.0,0.59
4.740147342,0.7,0.0,0.0,0.59
4.741235929,0.7,0.0,0.0,0.59
4.742179883,0.7,0.0,0.0,0.6
4.743231418000001,0.7,0.0,0.0,0.59
4.7440725740000005,0.7,0.0,0.0,0.59
4.745147965,0.69,0.0,0.0,0.59
4.746148095000001,0.69,0.0,0.0,0.59
4.748145633,0.7,0.0,0.0,0.59
4.749227827,0.7,0.0,0.0,0.59
4.75022825,0.7,0.0,0.0,0.59
4.751129339,0.7,0.0,0.0,0.59
4.752285841,0.7,0.0,0.0,0.59
4.753092313000001,0.69,0.0,0.0,0.6
4.7541367800000005,0.69,0.0,0.0,0.59
4.755225354,0.7,0.0,0.0,0.59
4.756113734,0.7,0.0,0.0,0.59
4.7571339120000005,0.7,0.0,0.0,0.59
4.7582176050000005,0.7,0.0,0.0,0.59
4.759197754000001,0.7,0.0,0.0,0.59
4.7601718790000005,0.7,0.0,0.0,0.59
4.7612446660000005,0.7,0.0,0.0,0.59
4.762092694000001,0.7,0.0,0.0,0.59
4.7633017230000005,0.7,0.0,0.0,0.59
4.764179167,0.7,0.01,0.0,0.59
4.76626279,0.7,0.0,0.0,0.59
4.767097463000001,0.7,0.0,0.0,0.59
4.768335508000001,0.7,0.0,0.0,0.59
4.769101556,0.7,0.0,0.0,0.59
4.770267074,0.7,0.0,0.0,0.59
4.771166429,0.7,0.0,0.0,0.59
4.772087521,0.69,0.0,0.0,0.59
4.773215544,0.7,0.0,0.0,0.6
4.774198513,0.7,0.0,0.0,0.59
4.77515514,0.7,0.0,0.0,0.59
4.776279662,0.69,0.0,0.0,0.6
4.777151509,0.7,0.0,0.0,0.59
4.778180235000001,0.7,0.0,0.0,0.59
4.780317514,0.7,0.0,0.0,0.59
4.7810958040000004,0.7,0.0,0.0,0.59
4.782249351,0.7,0.0,0.0,0.59
4.783138883,0.7,0.0,0.0,0.59
4.785747768,0.7,0.0,0.0,0.59
4.786192929,0.7,0.0,0.0,0.59
4.787080223,0.69,0.0,0.0,0.59
4.788369269,0.7,0.0,0.0,0.59
4.789073311,0.7,0.0,0.0,0.59
4.790299569,0.7,0.0,0.0,0.59
4.791108331,0.7,0.0,0.0,0.59
4.7922807910000005,0.69,0.0,0.0,0.59
4.793164418,0.7,0.0,0.0,0.59
4.794450074,0.7,0.0,0.0,0.59
4.795079328,0.7,0.0,0.0,0.59
4.796359718000001,0.7,0.0,0.0,0.59
4.797073857,0.7,0.0,0.0,0.59
4.798267583,0.7,0.0,0.0,0.59
4.799104208,0.7,0.0,0.0,0.59
4.800376524000001,0.7,0.0,0.0,0.59
4.801110256,0.7,0.0,0.0,0.59
4.802368746,0.7,0.0,0.0,0.59
4.803141714000001,0.7,0.0,0.0,0.59
4.804200376000001,0.7,0.0,0.0,0.59
4.805187146000001,0.7,0.0,0.0,0.59
4.806148213,0.7,0.0,0.0,0.6
4.807153057000001,0.7,0.0,0.0,0.59
4.808172471000001,0.7,0.0,0.01,0.59
4.80921356,0.7,0.0,0.0,0.59
4.810245816,0.7,0.0,0.0,0.6
4.8122878810000005,0.7,0.0,0.0,0.59
4.813084419,0.7,0.0,0.0,0.59
4.814221316,0.7,0.0,0.0,0.59
4.81507503,0.71,0.0,0.0,0.59
4.816110622,0.7,0.0,0.0,0.59
4.8171176540000005,0.71,0.0,0.0,0.59
4.81834847,0.71,0.0,0.0,0.59
4.819089929,0.71,0.0,0.0,0.59
4.820357894000001,0.71,0.0,0.0,0.59
4.821083626,0.71,0.0,0.0,0.59
4.82226418,0.71,0.0,0.0,0.59
4.823172329,0.71,0.0,0.0,0.59
4.8242053910000005,0.71,0.0,0.0,0.59
4.825234011,0.7,0.0,0.0,0.59
4.827351776,0.71,0.0,0.0,0.59
4.828094721,0.7,0.0,0.0,0.59
4.829328243,0.71,0.0,0.01,0.6
4.830089716000001,0.71,0.0,0.0,0.59
4.831181775,0.7,0.0,0.0,0.59
4.832245980000001,0.71,0.0,0.0,0.59
4.833230226,0.7,0.0,0.0,0.59
4.834361145,0.7,0.0,0.0,0.59
4.835101607,0.71,0.0,0.0,0.59
4.836271295,0.7,0.0,0.0,0.59
4.837080074,0.71,0.0,0.0,0.59
4.8382652870000005,0.71,0.0,0.0,0.59
4.839083593000001,0.71,0.0,0.0,0.59
4.840334611,0.71,0.0,0.0,0.6
4.842375971,0.7,0.0,0.0,0.59
4.8430905200000005,0.7,0.0,0.01,0.59
4.844295875,0.7,0.0,0.0,0.59
4.845226076,0.7,0.0,0.0,0.59
4.846213315,0.7,0.0,0.0,0.59
4.847270408,0.7,0.0,0.0,0.59
4.848079197000001,0.7,0.0,0.0,0.59
4.849112919,0.7,0.0,0.0,0.59
4.850339770000001,0.7,0.0,0.0,0.59
4.851093693,0.71,0.0,0.0,0.59
4.852156292,0.71,0.0,0.0,0.59
4.853148784,0.71,0.0,0.0,0.59
4.854115654,0.7,0.0,0.0,0.59
4.855361394,0.7,0.0,0.0,0.59
4.857346369,0.7,0.0,0.0,0.59
4.858092986,0.7,0.0,0.0,0.59
4.859214704,0.7,0.0,0.0,0.59
4.860224357,0.7,0.0,0.0,0.59
4.86107729,0.7,0.01,0.0,0.59
4.862459179,0.7,0.0,0.0,0.59
4.863085892,0.7,0.0,0.0,0.59
4.864325057,0.7,0.0,0.0,0.59
4.865093472,0.7,0.0,0.0,0.59
4.866160186,0.7,0.0,0.0,0.59
4.867150424,0.71,0.0,0.0,0.59
4.868157921,0.7,0.0,0.0,0.59
4.869282747000001,0.7,0.0,0.0,0.59
4.870167151,0.7,0.0,0.0,0.59
4.87134235,0.7,0.0,0.0,0.59
4.873365301000001,0.7,0.0,0.0,0.59
4.8740988220000006,0.7,0.0,0.0,0.59
4.875326865,0.7,0.0,0.0,0.59
4.876092424,0.7,0.0,0.0,0.59
4.877350482000001,0.7,0.0,0.0,0.59
4.878089481,0.7,0.0,0.01,0.59
4.879332033000001,0.7,0.0,0.0,0.59
4.880117509000001,0.7,0.0,0.0,0.59
4.881453361,0.7,0.0,0.0,0.59
4.882090066,0.7,0.0,0.0,0.59
4.883300647,0.7,0.0,0.0,0.59
4.885305751000001,0.7,0.0,0.0,0.59
4.886206437,0.7,0.0,0.0,0.59
4.887058582,0.7,0.0,0.0,0.59
4.888394108,0.7,0.0,0.0,0.6
4.889065794,0.7,0.0,0.0,0.59
4.890423983000001,0.7,0.0,0.0,0.59
4.891087875,0.7,0.0,0.0,0.59
4.892384894,0.7,0.0,0.0,0.59
4.893136269,0.7,0.0,0.0,0.59
4.894347987000001,0.7,0.0,0.0,0.59
4.895057792,0.7,0.0,0.0,0.59
4.896263877,0.7,0.0,0.0,0.59
4.897155409000001,0.7,0.0,0.0,0.6
4.898138885000001,0.7,0.0,0.0,0.59
4.899142606000001,0.7,0.0,0.0,0.59
4.901377368,0.7,0.0,0.0,0.59
4.902081092,0.7,0.0,0.0,0.59
4.9032411730000005,0.7,0.0,0.0,0.59
4.904076880000001,0.7,0.0,0.0,0.59
4.90522873,0.71,0.0,0.0,0.59
4.906130063,0.7,0.0,0.0,0.59
4.90724869,0.7,0.0,0.0,0.59
4.908217550000001,0.7,0.0,0.0,0.59
4.909234649,0.71,0.0,0.0,0.59
4.910213537000001,0.71,0.0,0.0,0.59
4.911075068000001,0.7,0.0,0.01,0.59
4.9121276410000005,0.7,0.0,0.0,0.59
4.913149614,0.7,0.0,0.01,0.59
4.91414288,0.7,0.0,0.0,0.59
4.915114738000001,0.7,0.0,0.0,0.59
4.916237003,0.69,0.0,0.0,0.59
4.918341464,0.7,0.0,0.0,0.59
4.919099925,0.7,0.0,0.0,0.59
4.920243793,0.7,0.0,0.0,0.59
4.921210960000001,0.7,0.0,0.0,0.59
4.9222282680000005,0.7,0.0,0.0,0.59
4.923350802000001,0.71,0.0,0.0,0.59
4.924088017,0.71,0.0,0.0,0.59
4.925352113000001,0.7,0.0,0.0,0.59
4.9260868900000006,0.7,0.0,0.0,0.59
4.927279263,0.7,0.0,0.0,0.59
4.928087464000001,0.7,0.0,0.0,0.59
4.929301822,0.7,0.0,0.0,0.59
4.930089541,0.71,0.0,0.0,0.59
4.932377160000001,0.7,0.0,0.0,0.59
4.933086494,0.7,0.0,0.0,0.59
4.934214981,0.7,0.0,0.0,0.59
4.935219418,0.7,0.0,0.0,0.59
4.936119652,0.7,0.0,0.0,0.59
4.9373613270000005,0.7,0.0,0.0,0.59
4.93809173,0.7,0.0,0.0,0.59
4.9392528680000005,0.7,0.0,0.0,0.59
4.940085290000001,0.7,0.0,0.0,0.59
4.941289918000001,0.7,0.0,0.0,0.59
4.942167517000001,0.7,0.0,0.01,0.59
4.9431482330000005,0.7,0.0,0.0,0.59
4.945404333,0.7,0.0,0.0,0.59
4.946088363,0.7,0.0,0.0,0.59
4.9472857470000005,0.7,0.0,0.0,0.59
4.948070798000001,0.7,0.0,0.0,0.59
4.949244108,0.7,0.0,0.0,0.6
4.950222513,0.7,0.0,0.0,0.6
4.9512302340000005,0.71,0.0,0.0,0.59
4.952223127,0.7,0.0,0.0,0.59
4.953218112,0.7,0.0,0.0,0.59
4.954222856,0.7,0.0,0.0,0.59
4.955399824000001,0.7,0.0,0.0,0.59
4.956088077,0.7,0.0,0.0,0.59
4.957286841,0.71,0.0,0.0,0.59
4.9581226350000005,0.7,0.0,0.0,0.59
4.959285591,0.71,0.0,0.0,0.59
4.960104607,0.7,0.0,0.0,0.59
4.961116796000001,0.7,0.0,0.0,0.59
4.962361311,0.7,0.0,0.0,0.59
4.964354064,0.7,0.0,0.0,0.59
4.965139161000001,0.7,0.0,0.0,0.59
4.966367764,0.71,0.0,0.0,0.59
4.967189659000001,0.7,0.0,0.01,0.59
4.968356141,0.7,0.0,0.0,0.6
4.96914526,0.7,0.0,0.0,0.59
4.970118467000001,0.7,0.0,0.0,0.59
4.97145008,0.7,0.0,0.0,0.59
4.972075070000001,0.7,0.0,0.0,0.59
4.9732810810000005,0.7,0.0,0.0,0.59
4.974069259,0.7,0.0,0.0,0.59
4.9753683330000005,0.7,0.0,0.0,0.59
4.976071506,0.7,0.0,0.0,0.59
4.977369321,0.7,0.0,0.0,0.59
4.979346937000001,0.7,0.0,0.0,0.59
4.980111266000001,0.7,0.0,0.0,0.59
4.981415667,0.7,0.0,0.0,0.59
4.982081835000001,0.7,0.0,0.0,0.59
4.984782601,0.7,0.0,0.0,0.59
4.98517493,0.7,0.0,0.0,0.59
4.986409003,0.7,0.0,0.0,0.59
4.987059503,0.7,0.0,0.0,0.59
4.988271686,0.7,0.0,0.0,0.59
4.9890614620000004,0.7,0.0,0.0,0.59
4.990388015000001,0.7,0.0,0.0,0.59
4.99106376,0.7,0.0,0.0,0.59
4.99237759,0.7,0.0,0.0,0.59
4.993095498000001,0.7,0.0,0.0,0.59
4.994451176,0.7,0.0,0.0,0.59
4.995068289000001,0.7,0.0,0.0,0.59
4.996360912,0.7,0.0,0.0,0.59
4.997072275000001,0.7,0.0,0.0,0.59
4.998224347000001,0.7,0.0,0.0,0.59
4.999219913,0.7,0.0,0.01,0.59
5.000289432000001,0.7,0.0,0.0,0.59
5.001207055,0.7,0.0,0.0,0.59
5.00229132,0.7,0.0,0.0,0.59
5.00315084,0.7,0.0,0.0,0.59
5.004199723,0.7,0.0,0.0,0.59
5.006397442,0.7,0.0,0.0,0.59
5.0070760640000005,0.71,0.0,0.0,0.58
5.008371250000001,0.71,0.0,0.0,0.59
5.009072744,0.71,0.0,0.0,0.59
5.01039072,0.71,0.0,0.0,0.59
5.011075817,0.71,0.0,0.0,0.59
5.012315337,0.71,0.0,0.0,0.59
5.013199353,0.71,0.0,0.0,0.59
5.014249498000001,0.71,0.0,0.0,0.59
5.015066454,0.71,0.0,0.0,0.59
5.016207899,0.71,0.0,0.0,0.59
5.017151941000001,0.7,0.0,0.0,0.59
5.0181523750000006,0.7,0.0,0.0,0.59
5.019293504,0.71,0.0,0.0,0.59
5.020083492,0.7,0.0,0.0,0.59
5.021330498,0.7,0.0,0.0,0.59
5.0233604750000005,0.7,0.0,0.01,0.59
5.024082276000001,0.7,0.0,0.0,0.59
5.0251884,0.7,0.0,0.0,0.59
5.0260991950000005,0.7,0.0,0.0,0.59
5.027252553,0.7,0.0,0.0,0.59
5.0282675910000005,0.7,0.0,0.0,0.59
5.0291085540000005,0.71,0.0,0.0,0.59
5.030343341,0.7,0.0,0.0,0.59
5.031091959,0.7,0.0,0.0,0.59
5.032295818000001,0.7,0.0,0.0,0.59
5.033150910000001,0.7,0.0,0.0,0.59
5.034174387,0.7,0.0,0.0,0.6
5.035167614000001,0.7,0.0,0.0,0.59
5.036194701,0.7,0.0,0.0,0.59
5.0383933480000005,0.7,0.0,0.0,0.59
5.0391567760000004,0.7,0.0,0.0,0.59
5.040187357000001,0.71,0.0,0.0,0.59
5.041189188000001,0.7,0.0,0.0,0.59
5.04219604,0.7,0.0,0.0,0.59
5.0432105940000005,0.7,0.0,0.0,0.59
5.044218451,0.7,0.0,0.0,0.59
5.045237741,0.7,0.0,0.0,0.59
5.046223519000001,0.7,0.0,0.0,0.59
5.047191668,0.7,0.0,0.0,0.59
5.048177623,0.7,0.0,0.0,0.59
5.049153314000001,0.7,0.0,0.0,0.59
5.050198314,0.7,0.0,0.0,0.59
5.051192135,0.7,0.0,0.0,0.59
5.053388906,0.71,0.0,0.0,0.59
5.05421527,0.7,0.0,0.0,0.59
5.05517731,0.7,0.0,0.0,0.59
5.0561987870000005,0.7,0.0,0.0,0.59
5.057190793,0.7,0.0,0.0,0.59
5.0583523360000004,0.7,0.0,0.0,0.59
5.059121409,0.7,0.0,0.0,0.59
5.060333824000001,0.7,0.0,0.0,0.59
5.061116941000001,0.7,0.0,0.0,0.59
5.062319229000001,0.7,0.0,0.0,0.59
5.063108309,0.7,0.0,0.0,0.59
5.064292966,0.7,0.0,0.0,0.59
5.065097512,0.7,0.0,0.0,0.59
5.0662072170000005,0.71,0.0,0.0,0.59
5.068334688,0.7,0.0,0.0,0.59
5.069098715,0.7,0.0,0.0,0.59
5.070290317,0.7,0.0,0.0,0.59
5.071113579,0.7,0.0,0.0,0.59
5.0722255480000005,0.7,0.0,0.0,0.59
5.073208705,0.7,0.0,0.0,0.59
5.0742184560000005,0.7,0.0,0.0,0.59
5.075184344,0.69,0.0,0.0,0.59
5.076159522,0.7,0.0,0.0,0.59
5.077190042000001,0.7,0.0,0.0,0.59
5.078208026,0.7,0.0,0.0,0.59
5.079223798,0.7,0.0,0.0,0.6
5.0802467,0.7,0.0,0.0,0.59
5.081209146,0.7,0.0,0.0,0.59
5.082731663000001,0.7,0.0,0.0,0.59
5.083611093,0.7,0.0,0.0,0.59
5.085433133,0.7,0.0,0.0,0.59
5.086288159,0.7,0.0,0.0,0.59
5.087201554,0.7,0.0,0.0,0.59
5.088198087,0.7,0.0,0.0,0.59
5.0891810820000005,0.7,0.0,0.0,0.59
5.090166691,0.7,0.0,0.0,0.59
5.091181698000001,0.7,0.0,0.0,0.59
5.092224047,0.7,0.0,0.0,0.6
5.093177403,0.7,0.0,0.0,0.59
5.094195032,0.7,0.0,0.0,0.59
5.095192311,0.69,0.0,0.0,0.59
5.0961962100000004,0.7,0.0,0.0,0.59
5.098201402,0.7,0.0,0.0,0.59
5.099178495,0.7,0.0,0.0,0.59
5.100184388000001,0.71,0.0,0.0,0.59
5.101185562,0.7,0.0,0.0,0.59
5.102204254,0.7,0.0,0.0,0.59
5.103195856,0.7,0.0,0.0,0.59
5.104202406000001,0.7,0.0,0.0,0.59
5.1051958200000005,0.7,0.0,0.01,0.59
5.106209753,0.7,0.0,0.0,0.59
5.107167106,0.7,0.0,0.0,0.59
5.108158529000001,0.7,0.0,0.0,0.59
5.109319098,0.7,0.0,0.0,0.59
5.110127456000001,0.7,0.0,0.0,0.59
5.111121237000001,0.7,0.0,0.0,0.59
5.113329516,0.7,0.0,0.0,0.59
5.114197937,0.7,0.0,0.0,0.59
5.11513971,0.7,0.0,0.0,0.59
5.116204903000001,0.7,0.0,0.0,0.59
5.117209487,0.7,0.0,0.0,0.59
5.118208791000001,0.7,0.0,0.0,0.59
5.119209838000001,0.7,0.0,0.0,0.59
5.120319513,0.7,0.0,0.0,0.59
5.121178953,0.7,0.01,0.0,0.59
5.122139015,0.7,0.0,0.0,0.59
5.123262914000001,0.7,0.0,0.0,0.59
5.124166662,0.7,0.0,0.0,0.59
5.12530977,0.7,0.0,0.0,0.59
5.126082015000001,0.7,0.0,0.0,0.59
5.127346239,0.71,0.0,0.0,0.59
5.129340997,0.71,0.0,0.0,0.59
5.130128857,0.69,0.0,0.0,0.59
5.131159146,0.7,0.0,0.0,0.59
5.132864255,0.7,0.0,0.0,0.59
5.1332176800000004,0.7,0.0,0.0,0.59
5.134278136000001,0.7,0.0,0.0,0.59
5.1352224170000005,0.7,0.0,0.0,0.59
5.136559568,0.7,0.0,0.0,0.59
5.137063401000001,0.7,0.0,0.0,0.59
5.13827569,0.7,0.0,0.0,0.59
5.139069235,0.7,0.0,0.0,0.59
5.140360423000001,0.7,0.0,0.0,0.59
5.14106754,0.7,0.0,0.0,0.59
5.1424117780000005,0.7,0.0,0.0,0.59
5.144468591000001,0.7,0.0,0.0,0.59
5.145075655,0.71,0.0,0.0,0.59
5.14637033,0.7,0.0,0.0,0.59
5.1471820600000004,0.7,0.0,0.0,0.59
5.148124751,0.7,0.0,0.0,0.59
5.149262874000001,0.7,0.0,0.0,0.59
5.150231054000001,0.7,0.0,0.0,0.59
5.151445097000001,0.7,0.0,0.0,0.59
5.15207423,0.7,0.0,0.0,0.59
5.153297897000001,0.7,0.0,0.0,0.59
5.154147989,0.7,0.0,0.0,0.59
5.155311831000001,0.7,0.0,0.01,0.59
5.156151843,0.7,0.0,0.0,0.59
5.157350021,0.7,0.0,0.0,0.59
5.159360258,0.7,0.0,0.0,0.59
5.160080290000001,0.71,0.0,0.0,0.59
5.161330486000001,0.7,0.0,0.01,0.59
5.162096898000001,0.7,0.0,0.0,0.59
5.163244644000001,0.7,0.0,0.0,0.59
5.164225268,0.7,0.0,0.0,0.59
5.16511483,0.7,0.0,0.0,0.59
5.166226778,0.71,0.0,0.0,0.59
5.1672037930000005,0.71,0.0,0.0,0.59
5.168159060000001,0.7,0.0,0.0,0.59
5.169203240000001,0.71,0.0,0.0,0.59
5.170204219,0.71,0.0,0.0,0.59
5.171207848,0.7,0.0,0.0,0.6
5.173578943000001,0.7,0.0,0.0,0.59
5.174852712000001,0.7,0.0,0.0,0.59
5.176062914,0.7,0.0,0.0,0.59
5.177260435,0.7,0.0,0.0,0.59
5.1783251980000005,0.7,0.0,0.0,0.59
5.179286358000001,0.7,0.0,0.0,0.59
5.180193111,0.7,0.0,0.0,0.6
5.181240007,0.7,0.0,0.0,0.59
5.1823064940000005,0.69,0.0,0.0,0.59
5.183251197000001,0.69,0.0,0.0,0.59
5.184167725,0.7,0.0,0.0,0.6
5.185157691000001,0.7,0.0,0.0,0.59
5.186184874,0.69,0.0,0.0,0.59
5.187216932,0.7,0.0,0.0,0.59
5.188187355,0.71,0.0,0.0,0.59
5.189164043,0.7,0.0,0.0,0.59
5.190231005,0.69,0.0,0.0,0.59
5.191200632,0.69,0.0,0.0,0.59
5.192232735,0.69,0.0,0.0,0.59
5.193207268,0.71,0.0,0.0,0.58
5.194226996,0.71,0.0,0.0,0.59
5.195227470000001,0.7,0.0,0.0,0.59
5.19621421,0.7,0.0,0.0,0.59
5.197225658000001,0.7,0.0,0.0,0.59
5.198118584,0.7,0.0,0.0,0.59
5.199340041,0.71,0.0,0.0,0.59
5.200133789000001,0.7,0.0,0.0,0.59
5.201181325,0.71,0.0,0.0,0.59
5.202239149,0.71,0.0,0.0,0.6
5.203183358,0.7,0.0,0.0,0.59
5.204399305,0.7,0.0,0.0,0.59
5.206388668000001,0.71,0.0,0.0,0.59
5.207118960000001,0.71,0.0,0.0,0.59
5.208395982000001,0.7,0.0,0.0,0.6
5.209105941000001,0.71,0.0,0.0,0.59
5.210405001000001,0.7,0.0,0.0,0.59
5.2110940900000005,0.71,0.0,0.0,0.59
5.212479829,0.71,0.0,0.0,0.59
5.213094934,0.7,0.0,0.0,0.59
5.2143150050000004,0.7,0.0,0.0,0.59
5.215103846000001,0.71,0.0,0.0,0.59
5.216297310000001,0.7,0.0,0.0,0.59
5.217100670000001,0.7,0.0,0.0,0.59
5.218397854,0.71,0.0,0.0,0.59
5.220321603,0.71,0.0,0.0,0.59
5.2211028960000005,0.7,0.0,0.0,0.59
5.222261980000001,0.7,0.0,0.0,0.59
5.223228551,0.7,0.0,0.0,0.59
5.224260099,0.71,0.0,0.0,0.59
5.225248789,0.7,0.0,0.0,0.59
5.226234783000001,0.71,0.0,0.0,0.59
5.227239501000001,0.71,0.0,0.0,0.59
5.228185135,0.71,0.0,0.0,0.59
5.229251827000001,0.71,0.0,0.0,0.59
5.230180248,0.71,0.0,0.0,0.59
5.2312006790000005,0.71,0.0,0.0,0.59
5.232210764,0.72,0.0,0.0,0.59
5.2343997490000005,0.7,0.0,0.0,0.6
5.2351187150000005,0.71,0.0,0.0,0.59
5.236401000000001,0.71,0.0,0.0,0.59
5.2371130500000005,0.71,0.0,0.0,0.59
5.238242893000001,0.71,0.0,0.0,0.59
5.239239417,0.71,0.0,0.0,0.59
5.2402558290000005,0.71,0.0,0.0,0.6
5.241134166,0.71,0.0,0.0,0.59
5.242454827,0.7,0.0,0.0,0.59
5.243110103,0.7,0.0,0.0,0.59
5.244319034,0.7,0.0,0.0,0.59
5.245112537000001,0.71,0.0,0.0,0.59
5.246346294,0.71,0.0,0.0,0.59
5.247105064,0.71,0.0,0.0,0.59
5.248387522000001,0.71,0.0,0.0,0.59
5.250311123,0.71,0.0,0.0,0.6
5.251111258,0.71,0.0,0.0,0.59
5.252416524,0.71,0.0,0.0,0.59
5.253108214,0.71,0.0,0.0,0.59
5.25427981,0.71,0.0,0.0,0.59
5.255100231,0.7,0.0,0.0,0.59
5.25639681,0.7,0.0,0.0,0.59
5.257097292,0.7,0.0,0.01,0.59
5.258386709000001,0.7,0.0,0.0,0.59
5.259107417,0.7,0.0,0.0,0.59
5.2603122330000005,0.7,0.0,0.0,0.59
5.26109502,0.7,0.0,0.0,0.59
5.262262221,0.7,0.0,0.0,0.59
5.263173957,0.7,0.0,0.0,0.59
5.265293527000001,0.7,0.0,0.0,0.59
5.266141467000001,0.7,0.0,0.0,0.59
5.267249242,0.7,0.0,0.0,0.59
5.268233178,0.7,0.0,0.0,0.59
5.269312621,0.7,0.0,0.0,0.59
5.270103795000001,0.71,0.0,0.0,0.59
5.271406569000001,0.71,0.0,0.0,0.59
5.272100829,0.71,0.0,0.0,0.6
5.273497508,0.71,0.0,0.0,0.59
5.274093902000001,0.71,0.0,0.0,0.59
5.275207659,0.71,0.0,0.0,0.59
5.276105272000001,0.71,0.0,0.0,0.59
5.277258077,0.7,0.0,0.0,0.59
5.278293623000001,0.7,0.0,0.0,0.59
5.280089399,0.7,0.0,0.0,0.59
5.281162854000001,0.71,0.0,0.0,0.59
5.282138982,0.7,0.0,0.0,0.59
5.283149709,0.7,0.0,0.0,0.59
5.284271078000001,0.71,0.0,0.0,0.59
5.285229631,0.7,0.0,0.0,0.6
5.28618621,0.7,0.0,0.0,0.59
5.287089258,0.7,0.0,0.0,0.59
5.288218685,0.7,0.0,0.0,0.59
5.289186499,0.7,0.0,0.0,0.59
5.2901736370000005,0.7,0.0,0.0,0.59
5.291168258,0.71,0.0,0.0,0.6
5.292192578000001,0.7,0.0,0.0,0.59
5.293258596,0.71,0.0,0.0,0.59
5.294237563,0.7,0.0,0.0,0.59
5.295250332,0.7,0.0,0.0,0.59
5.297384739,0.7,0.0,0.0,0.59
5.29811556,0.71,0.0,0.0,0.59
5.29938553,0.7,0.0,0.0,0.59
5.300105422000001,0.7,0.0,0.0,0.59
5.301400828,0.7,0.0,0.0,0.59
5.302105954,0.71,0.01,0.0,0.59
5.303491654,0.7,0.01,0.0,0.59
5.304102467000001,0.7,0.0,0.0,0.59
5.305284557,0.71,0.0,0.0,0.59
5.306095612,0.71,0.0,0.0,0.59
5.307306996,0.71,0.0,0.0,0.59
5.308214891,0.7,0.0,0.0,0.59
5.309273672000001,0.7,0.0,0.0,0.59
5.310232812000001,0.71,0.0,0.0,0.59
5.3122892870000005,0.7,0.0,0.0,0.59
5.313101906,0.7,0.0,0.0,0.59
5.314346831,0.7,0.0,0.0,0.59
5.315098758,0.7,0.0,0.0,0.59
5.316393633000001,0.71,0.0,0.0,0.59
5.317098362,0.7,0.0,0.01,0.59
5.318402614,0.7,0.0,0.0,0.59
5.319098488000001,0.7,0.0,0.0,0.59
5.320297137000001,0.7,0.0,0.0,0.59
5.321154367,0.7,0.0,0.0,0.59
5.322394122,0.71,0.0,0.0,0.59
5.323092523000001,0.7,0.0,0.0,0.59
5.324397597,0.7,0.0,0.0,0.59
5.326403245000001,0.71,0.0,0.0,0.59
5.327097881,0.7,0.0,0.0,0.59
5.328294443000001,0.7,0.0,0.0,0.59
5.329125895000001,0.7,0.0,0.0,0.59
5.330413811000001,0.7,0.0,0.0,0.59
5.3310953560000005,0.71,0.0,0.0,0.59
5.332274091,0.71,0.0,0.0,0.59
5.333137778,0.71,0.0,0.0,0.59
5.334179603,0.7,0.0,0.0,0.59
5.335175624000001,0.7,0.0,0.0,0.59
5.336127975,0.7,0.0,0.0,0.59
5.337386468,0.7,0.0,0.0,0.59
5.3380974430000006,0.71,0.0,0.0,0.59
5.339320812,0.71,0.0,0.0,0.59
5.341411113,0.71,0.0,0.0,0.59
5.342106543000001,0.71,0.0,0.0,0.59
5.34325424,0.71,0.0,0.0,0.59
5.344217947000001,0.71,0.0,0.0,0.59
5.345257923,0.71,0.0,0.0,0.59
5.346234475,0.71,0.0,0.0,0.59
5.347242415,0.71,0.0,0.0,0.59
5.348140134,0.71,0.0,0.0,0.59
5.349294801,0.7,0.0,0.0,0.59
5.350132963,0.71,0.0,0.0,0.59
5.351383084,0.7,0.0,0.0,0.59
5.352100577000001,0.7,0.0,0.0,0.59
5.353327753,0.71,0.0,0.0,0.59
5.355455768000001,0.7,0.0,0.0,0.59
5.356108741,0.7,0.0,0.0,0.59
5.357495482,0.7,0.0,0.0,0.59
5.358100601,0.7,0.0,0.01,0.59
5.359396568,0.7,0.0,0.0,0.59
5.360104829,0.71,0.0,0.0,0.59
5.36130825,0.7,0.0,0.0,0.59
5.362107121,0.71,0.0,0.0,0.59
5.363381929,0.71,0.0,0.0,0.59
5.364099554,0.71,0.0,0.0,0.59
5.36519162,0.71,0.0,0.0,0.59
5.366138616000001,0.71,0.0,0.0,0.59
5.367398188,0.71,0.0,0.0,0.59
5.369402917,0.71,0.0,0.0,0.59
5.370100993,0.71,0.0,0.0,0.59
5.3714038,0.71,0.0,0.0,0.59
5.372091385,0.71,0.0,0.0,0.59
5.37308786,0.71,0.0,0.0,0.59
5.374282474,0.71,0.0,0.0,0.6
5.375215556000001,0.71,0.0,0.0,0.59
5.376269533,0.71,0.0,0.0,0.59
5.377078477,0.71,0.0,0.0,0.59
5.378347484000001,0.71,0.0,0.0,0.59
5.379095364,0.71,0.0,0.0,0.59
5.381331763,0.71,0.0,0.0,0.59
5.382098315,0.71,0.0,0.0,0.59
5.383374853,0.71,0.0,0.0,0.59
5.3840943260000005,0.71,0.0,0.0,0.59
5.385273768,0.72,0.0,0.0,0.59
5.386147006000001,0.71,0.0,0.0,0.59
5.387421093,0.71,0.0,0.0,0.59
5.388096912,0.71,0.0,0.0,0.59
5.3894054680000005,0.71,0.0,0.0,0.59
5.390097734,0.71,0.0,0.0,0.59
5.391400883,0.71,0.0,0.0,0.59
5.3921004130000005,0.71,0.0,0.0,0.59
5.39345022,0.71,0.0,0.0,0.59
5.394101232000001,0.71,0.0,0.0,0.6
5.395330492,0.71,0.0,0.0,0.59
5.396105198000001,0.71,0.0,0.0,0.59
5.3972803890000005,0.71,0.0,0.0,0.59
5.398105673000001,0.7,0.0,0.0,0.59
5.39930336,0.71,0.0,0.0,0.59
5.401401942000001,0.71,0.0,0.0,0.59
5.402107975000001,0.72,0.0,0.0,0.59
5.4031327760000005,0.71,0.0,0.0,0.59
5.404131202,0.71,0.0,0.0,0.59
5.405137872,0.71,0.0,0.0,0.59
5.406202557,0.71,0.0,0.0,0.59
5.407211303,0.71,0.0,0.0,0.59
5.408260458,0.71,0.0,0.0,0.59
5.409091457000001,0.71,0.0,0.0,0.59
5.41035011,0.71,0.0,0.0,0.59
5.411109424,0.71,0.0,0.0,0.59
5.412101107000001,0.71,0.0,0.0,0.59
5.413224120000001,0.71,0.0,0.0,0.59
5.414162239,0.71,0.0,0.0,0.59
5.416396808,0.71,0.0,0.0,0.59
5.417120318,0.71,0.0,0.0,0.59
5.418243255,0.71,0.0,0.0,0.59
5.419221557,0.71,0.01,0.0,0.59
5.4201894500000005,0.71,0.0,0.0,0.59
5.421208344,0.71,0.0,0.0,0.59
5.422227276,0.71,0.0,0.0,0.6
5.42314637,0.71,0.0,0.0,0.59
5.424400984,0.71,0.0,0.0,0.6
5.425110549,0.71,0.0,0.0,0.59
5.426312401000001,0.71,0.0,0.0,0.59
5.4271021600000005,0.71,0.0,0.0,0.59
5.4282870480000005,0.71,0.0,0.0,0.59
5.429106796,0.71,0.0,0.0,0.59
5.430233284000001,0.71,0.0,0.0,0.59
5.432292247,0.71,0.0,0.0,0.59
5.433114284,0.71,0.0,0.0,0.59
5.434247913,0.71,0.0,0.0,0.59
5.435146288,0.71,0.0,0.0,0.6
5.436217689,0.71,0.0,0.0,0.59
5.4370995650000005,0.71,0.0,0.0,0.59
5.438139012000001,0.71,0.0,0.0,0.59
5.439156361,0.71,0.0,0.0,0.59
5.440179287,0.71,0.0,0.0,0.59
5.44118448,0.71,0.0,0.0,0.59
5.442151023,0.71,0.0,0.0,0.59
5.443386935,0.71,0.0,0.0,0.59
5.444114626,0.71,0.0,0.0,0.59
5.445380487,0.71,0.0,0.0,0.59
5.447340027,0.71,0.0,0.0,0.6
5.4481169750000005,0.71,0.0,0.0,0.59
5.44915226,0.71,0.0,0.0,0.59
5.450217082,0.71,0.0,0.0,0.6
5.451173788,0.7,0.0,0.0,0.59
5.452256915,0.71,0.0,0.0,0.59
5.453188197,0.7,0.0,0.0,0.59
5.454220079000001,0.7,0.0,0.0,0.59
5.455203767,0.71,0.0,0.0,0.59
5.456140753000001,0.7,0.0,0.0,0.6
5.457302285,0.71,0.0,0.0,0.59
5.458114728,0.71,0.0,0.0,0.59
5.459423652,0.71,0.0,0.0,0.59
5.461311159,0.71,0.01,0.0,0.59
5.462109262,0.7,0.0,0.0,0.59
5.463249483,0.7,0.0,0.0,0.6
5.464199306,0.71,0.0,0.0,0.6
5.46515768,0.71,0.0,0.0,0.59
5.4662161650000005,0.7,0.0,0.0,0.59
5.467259555,0.7,0.0,0.0,0.59
5.468142041,0.71,0.0,0.0,0.59
5.469295333000001,0.71,0.0,0.0,0.59
5.47011987,0.71,0.0,0.0,0.59
5.471322915,0.71,0.0,0.0,0.59
5.472107018,0.71,0.0,0.0,0.59
5.473400474,0.71,0.01,0.0,0.6
5.4753969730000005,0.71,0.0,0.0,0.59
5.476101241,0.7,0.0,0.0,0.59
5.477149589000001,0.7,0.0,0.0,0.6
5.478223635,0.71,0.0,0.0,0.59
5.479161265,0.71,0.0,0.0,0.59
5.480243268000001,0.71,0.0,0.0,0.59
5.481105734000001,0.7,0.0,0.0,0.59
5.48243825,0.7,0.0,0.0,0.59
5.483109521,0.7,0.0,0.01,0.59
5.4841514060000005,0.7,0.0,0.01,0.59
5.485143848000001,0.71,0.0,0.0,0.59
5.486321747000001,0.71,0.0,0.0,0.59
5.487113724,0.71,0.0,0.0,0.6
5.488329248,0.7,0.0,0.0,0.59
5.489101538000001,0.7,0.0,0.0,0.59
5.490313705,0.71,0.0,0.0,0.59
5.4923964860000005,0.71,0.0,0.0,0.59
5.493109127,0.71,0.0,0.0,0.59
5.494146714,0.71,0.0,0.0,0.59
5.495252918,0.71,0.0,0.0,0.59
5.496231332000001,0.7,0.0,0.0,0.59
5.497242864,0.71,0.0,0.0,0.59
5.498161632,0.71,0.0,0.0,0.59
5.499399361,0.71,0.0,0.0,0.59
5.500112624000001,0.71,0.0,0.0,0.59
5.501330574000001,0.71,0.0,0.0,0.59
5.502101466,0.71,0.0,0.0,0.59
5.5032703540000005,0.7,0.0,0.0,0.59
5.5054265110000005,0.7,0.0,0.0,0.59
5.506100330000001,0.7,0.0,0.0,0.59
5.507399609,0.7,0.0,0.0,0.59
5.508101327,0.7,0.0,0.0,0.59
5.509363257,0.7,0.0,0.0,0.59
5.510094909,0.7,0.0,0.0,0.59
5.511306240000001,0.7,0.0,0.0,0.59
5.5121458930000005,0.7,0.01,0.0,0.59
5.513282456000001,0.7,0.0,0.0,0.59
5.514186674,0.7,0.0,0.0,0.59
5.515145432000001,0.7,0.0,0.0,0.59
5.516184913,0.7,0.0,0.0,0.59
5.517175133,0.71,0.0,0.0,0.59
5.518155019,0.7,0.0,0.0,0.59
5.519342926,0.7,0.0,0.0,0.59
5.521252557,0.7,0.0,0.0,0.59
5.5221264340000005,0.71,0.0,0.0,0.59
5.523160156,0.71,0.0,0.0,0.59
5.5241011460000005,0.7,0.0,0.0,0.59
5.525368505,0.7,0.0,0.0,0.59
5.526109789,0.71,0.0,0.0,0.6
5.52739753,0.71,0.0,0.0,0.6
5.528107057000001,0.71,0.0,0.0,0.59
5.529288940000001,0.71,0.0,0.0,0.59
5.530110963,0.7,0.0,0.0,0.59
5.53120163,0.7,0.0,0.0,0.59
5.532099606,0.71,0.0,0.0,0.59
5.534385987,0.7,0.0,0.0,0.59
5.5351079620000005,0.71,0.0,0.0,0.59
5.536100102000001,0.71,0.0,0.0,0.59
5.537093235,0.71,0.0,0.0,0.59
5.5381416230000005,0.7,0.0,0.0,0.59
5.539177242,0.71,0.0,0.0,0.59
5.54025135,0.71,0.0,0.0,0.59
5.541250973,0.71,0.0,0.0,0.59
5.542166248,0.71,0.0,0.0,0.59
5.543257388000001,0.71,0.0,0.0,0.59
5.544220492,0.7,0.0,0.0,0.59
5.545149497000001,0.71,0.0,0.0,0.59
5.546187991,0.7,0.0,0.0,0.59
5.547182855,0.71,0.0,0.0,0.59
5.548099258000001,0.71,0.0,0.0,0.59
5.549309956,0.7,0.0,0.0,0.59
5.551392209,0.71,0.0,0.0,0.59
5.552114808000001,0.7,0.0,0.0,0.59
5.553225096,0.7,0.0,0.0,0.59
5.554151687,0.7,0.0,0.0,0.59
5.555252385,0.7,0.0,0.0,0.59
5.55617372,0.7,0.0,0.0,0.59
5.557237852,0.7,0.0,0.0,0.59
5.558148133,0.7,0.0,0.0,0.59
5.559199420000001,0.7,0.0,0.0,0.59
5.560176034,0.71,0.0,0.0,0.59
5.561096646,0.7,0.0,0.0,0.59
5.562133759,0.71,0.0,0.0,0.59
5.563184758,0.71,0.0,0.0,0.59
5.565297417,0.7,0.0,0.0,0.59
5.566124428,0.7,0.0,0.0,0.59
5.5671546670000005,0.7,0.0,0.0,0.59
5.568248283,0.7,0.0,0.0,0.59
5.569224624,0.7,0.0,0.0,0.59
5.57025488,0.71,0.0,0.0,0.59
5.571229795000001,0.7,0.0,0.0,0.59
5.57216527,0.71,0.0,0.0,0.59
5.573236206000001,0.71,0.0,0.0,0.59
5.574222322000001,0.7,0.0,0.0,0.59
5.575136829000001,0.71,0.0,0.0,0.59
5.576331376000001,0.71,0.0,0.0,0.59
5.577115444,0.71,0.0,0.0,0.59
5.578325467,0.71,0.0,0.0,0.59
5.579106224,0.71,0.0,0.0,0.59
5.580382789000001,0.71,0.0,0.0,0.59
5.582295338000001,0.7,0.01,0.0,0.59
5.583115323,0.7,0.0,0.0,0.59
5.584151693,0.7,0.0,0.0,0.59
5.5851394370000005,0.7,0.0,0.0,0.59
5.586373415000001,0.7,0.0,0.0,0.59
5.587110713,0.71,0.0,0.0,0.59
5.588278939,0.7,0.0,0.0,0.59
5.589100919000001,0.7,0.0,0.0,0.59
5.590390169,0.7,0.0,0.0,0.59
5.591095086,0.7,0.0,0.0,0.59
5.592306409000001,0.7,0.0,0.0,0.59
5.593092697,0.7,0.0,0.0,0.6
5.594422112,0.71,0.0,0.0,0.59
5.596413555000001,0.71,0.0,0.0,0.59
5.5970971270000005,0.71,0.0,0.0,0.59
5.598174675,0.71,0.0,0.0,0.59
5.5992717,0.7,0.0,0.0,0.59
5.600242558000001,0.71,0.0,0.0,0.59
5.601179522000001,0.7,0.0,0.0,0.59
5.602269717,0.7,0.0,0.0,0.59
5.603156532000001,0.71,0.0,0.0,0.6
5.60439605,0.71,0.0,0.0,0.59
5.605105496,0.71,0.0,0.0,0.59
5.60632398,0.7,0.0,0.0,0.59
5.607094769000001,0.71,0.0,0.0,0.59
5.608351342000001,0.7,0.0,0.0,0.59
5.609094013,0.71,0.0,0.0,0.59
5.610363483,0.71,0.0,0.0,0.59
5.612269626000001,0.71,0.0,0.0,0.59
5.6131615440000004,0.7,0.0,0.0,0.59
5.614092218000001,0.71,0.0,0.0,0.59
5.61515942,0.7,0.0,0.0,0.59
5.616137220000001,0.7,0.0,0.0,0.59
5.61740058,0.7,0.0,0.0,0.59
5.618105991,0.7,0.0,0.0,0.59
5.619397768000001,0.7,0.0,0.0,0.59
5.620097604000001,0.7,0.0,0.0,0.6
5.621185597,0.71,0.0,0.0,0.59
5.622183700000001,0.7,0.0,0.0,0.59
5.623178195,0.71,0.0,0.0,0.59
5.624423113000001,0.7,0.0,0.0,0.59
5.626402179,0.71,0.0,0.0,0.59
5.627106274,0.7,0.0,0.0,0.59
5.62815859,0.7,0.01,0.0,0.59
5.629096817000001,0.7,0.0,0.0,0.59
5.630245287,0.7,0.0,0.0,0.59
5.631146765,0.71,0.0,0.0,0.59
5.632223501,0.7,0.0,0.0,0.59
5.633255001,0.7,0.0,0.0,0.59
5.634219858000001,0.7,0.0,0.0,0.6
5.6351378510000005,0.7,0.0,0.0,0.59
5.636310233000001,0.71,0.0,0.0,0.59
5.637113029,0.7,0.0,0.0,0.59
5.638337345,0.71,0.0,0.0,0.59
5.639108459,0.7,0.0,0.0,0.59
5.640321749,0.71,0.0,0.0,0.59
5.642395898,0.7,0.0,0.0,0.59
5.643100256,0.7,0.0,0.0,0.59
5.644434816,0.7,0.0,0.0,0.59
5.645097863,0.7,0.0,0.0,0.59
5.6463848070000004,0.7,0.0,0.0,0.59
5.647102175000001,0.7,0.0,0.0,0.59
5.64826807,0.7,0.0,0.0,0.59
5.649095658,0.71,0.0,0.0,0.59
5.6501534840000005,0.71,0.0,0.0,0.59
5.651192268,0.71,0.0,0.0,0.59
5.652094434,0.71,0.0,0.0,0.59
5.653172183000001,0.7,0.0,0.0,0.59
5.654087013000001,0.7,0.0,0.0,0.59
5.655410165,0.71,0.0,0.0,0.59
5.657420224,0.7,0.0,0.0,0.59
5.658097511,0.71,0.0,0.0,0.59
5.659193375,0.7,0.0,0.0,0.59
5.660268252000001,0.71,0.0,0.0,0.59
5.661159714,0.7,0.0,0.0,0.59
5.662086530000001,0.71,0.0,0.0,0.59
5.663251725,0.71,0.0,0.0,0.59
5.664167559,0.71,0.0,0.0,0.59
5.665091892,0.71,0.0,0.0,0.59
5.666173222,0.7,0.0,0.0,0.59
5.6671682610000005,0.7,0.0,0.0,0.59
5.6681812680000005,0.7,0.0,0.0,0.59
5.669234565,0.71,0.0,0.0,0.59
5.670244426,0.7,0.0,0.0,0.59
5.67241603,0.7,0.0,0.0,0.59
5.673119071,0.7,0.0,0.0,0.59
5.674294143,0.7,0.0,0.0,0.59
5.675129013,0.7,0.0,0.0,0.59
5.676164058,0.7,0.0,0.0,0.59
5.677260102,0.7,0.0,0.0,0.59
5.67817331,0.7,0.0,0.0,0.59
5.679245922000001,0.7,0.0,0.0,0.59
5.68018673,0.7,0.0,0.0,0.59
5.681137785000001,0.7,0.0,0.0,0.59
5.682168183,0.7,0.0,0.0,0.59
5.683142752,0.71,0.0,0.0,0.59
5.684130843,0.71,0.0,0.0,0.59
5.6852614930000005,0.71,0.0,0.0,0.59
5.68622951,0.71,0.0,0.0,0.59
5.688396014,0.7,0.0,0.0,0.6
5.689122745000001,0.7,0.0,0.0,0.59
5.690236922,0.7,0.0,0.0,0.59
5.69124075,0.7,0.0,0.0,0.59
5.6922290570000005,0.71,0.0,0.0,0.59
5.69325213,0.71,0.0,0.0,0.59
5.694219651,0.71,0.0,0.0,0.59
5.695095398,0.7,0.0,0.0,0.59
5.696440068,0.7,0.0,0.0,0.59
5.697114214,0.7,0.0,0.0,0.59
5.698330522,0.7,0.0,0.0,0.59
5.699109134,0.7,0.0,0.0,0.59
5.700371213,0.7,0.0,0.0,0.59
5.702395942000001,0.71,0.0,0.0,0.59
5.703116017,0.7,0.0,0.0,0.59
5.704245238,0.7,0.0,0.0,0.59
5.70518533,0.7,0.0,0.0,0.59
5.706185795000001,0.7,0.0,0.0,0.58
5.707157864,0.7,0.0,0.0,0.59
5.708386991,0.71,0.0,0.0,0.59
5.709113102000001,0.71,0.0,0.0,0.59
5.710412636,0.7,0.0,0.0,0.59
5.711097391,0.71,0.0,0.0,0.59
5.7122880810000005,0.7,0.0,0.0,0.59
5.713093824,0.71,0.0,0.01,0.59
5.714377069,0.7,0.0,0.0,0.59
5.715094391,0.71,0.0,0.0,0.59
5.716400063,0.7,0.0,0.0,0.59
5.718406002,0.7,0.0,0.0,0.59
5.719101703000001,0.71,0.0,0.0,0.59
5.720408928,0.7,0.0,0.0,0.59
5.721095022,0.7,0.0,0.0,0.59
5.722417966,0.7,0.0,0.0,0.59
5.7230877090000005,0.7,0.0,0.01,0.59
5.724422011000001,0.7,0.0,0.0,0.59
5.725082233,0.7,0.0,0.0,0.59
5.726577804000001,0.71,0.0,0.0,0.59
5.727217338,0.71,0.0,0.0,0.59
5.728139868,0.7,0.0,0.0,0.59
5.729136236,0.7,0.0,0.0,0.59
5.730151216,0.7,0.0,0.0,0.59
5.731420225,0.7,0.0,0.0,0.59
5.733462467000001,0.7,0.0,0.0,0.59
5.7340805690000005,0.7,0.0,0.0,0.59
5.73540648,0.71,0.0,0.0,0.59
5.736086737,0.7,0.0,0.0,0.59
5.7374133910000005,0.7,0.0,0.0,0.59
5.7380860600000005,0.7,0.0,0.0,0.59
5.739154913,0.7,0.0,0.0,0.59
5.740122822,0.71,0.0,0.0,0.59
5.741373646,0.71,0.0,0.0,0.59
5.742087978000001,0.71,0.0,0.0,0.59
5.743353384000001,0.7,0.0,0.0,0.59
5.744125312,0.7,0.0,0.0,0.59
5.745425158000001,0.71,0.0,0.0,0.59
5.747428321,0.7,0.0,0.0,0.6
5.748094979,0.7,0.0,0.0,0.59
5.7494059140000005,0.7,0.0,0.01,0.59
5.7500952860000005,0.7,0.0,0.0,0.59
5.75143,0.7,0.0,0.0,0.59
5.752094358000001,0.7,0.0,0.0,0.59
5.753422777,0.7,0.0,0.0,0.59
5.75408186,0.7,0.0,0.0,0.59
5.755347601,0.7,0.0,0.0,0.59
5.756134505,0.71,0.0,0.0,0.59
5.757301224000001,0.7,0.0,0.0,0.59
5.758178637,0.7,0.0,0.0,0.59
5.7594453560000005,0.7,0.0,0.0,0.59
5.760085789000001,0.7,0.0,0.0,0.59
5.761354546000001,0.7,0.0,0.0,0.59
5.7634169,0.7,0.0,0.0,0.59
5.764090358000001,0.7,0.0,0.0,0.59
5.765410053,0.7,0.0,0.0,0.59
5.766075702,0.71,0.0,0.0,0.59
5.767275741000001,0.7,0.0,0.0,0.59
5.768187141,0.7,0.0,0.0,0.59
5.769202985000001,0.7,0.0,0.0,0.59
5.770197895000001,0.7,0.0,0.0,0.59
5.771186124000001,0.7,0.0,0.0,0.58
5.772178971000001,0.7,0.0,0.0,0.59
5.773190389000001,0.71,0.0,0.0,0.59
5.774142621,0.71,0.0,0.01,0.59
5.775200076,0.71,0.0,0.0,0.59
5.77743809,0.71,0.0,0.0,0.59
5.778325846,0.71,0.0,0.0,0.6
5.7793957680000005,0.7,0.0,0.0,0.59
5.780286790000001,0.7,0.0,0.0,0.59
5.78118902,0.71,0.0,0.0,0.59
5.782548855,0.71,0.0,0.0,0.59
5.783523585,0.7,0.0,0.0,0.59
5.784382001,0.71,0.0,0.0,0.59
5.7867191490000005,0.71,0.0,0.0,0.59
5.787452294,0.7,0.0,0.0,0.59
5.788134974,0.71,0.0,0.0,0.59
5.789196120000001,0.7,0.0,0.0,0.59
5.790161563000001,0.71,0.0,0.0,0.59
5.791184744000001,0.71,0.0,0.0,0.59
5.792161384000001,0.71,0.0,0.0,0.59
5.793192482,0.7,0.0,0.0,0.59
5.794259613,0.7,0.0,0.0,0.59
5.795150386,0.71,0.0,0.0,0.59
5.796186728,0.7,0.0,0.0,0.59
5.797153235000001,0.71,0.0,0.0,0.59
5.798497015000001,0.71,0.0,0.0,0.59
5.799117806,0.71,0.0,0.0,0.59
5.800159326,0.71,0.0,0.0,0.59
5.8012871100000005,0.71,0.0,0.0,0.59
5.802132680000001,0.71,0.0,0.0,0.59
5.803337826,0.71,0.0,0.0,0.59
5.804103497000001,0.71,0.0,0.0,0.59
5.805313645,0.71,0.0,0.0,0.59
5.807350721000001,0.71,0.0,0.0,0.59
5.808107969,0.71,0.0,0.0,0.59
5.809208937,0.71,0.0,0.0,0.59
5.810206939,0.71,0.0,0.0,0.59
5.811120656,0.71,0.0,0.0,0.59
5.812164966,0.71,0.0,0.0,0.59
5.813198537000001,0.71,0.0,0.0,0.59
5.814201044000001,0.71,0.0,0.0,0.59
5.815092123,0.71,0.0,0.0,0.6
5.816317959,0.71,0.0,0.0,0.59
5.817154543,0.71,0.0,0.0,0.59
5.818291156000001,0.71,0.0,0.0,0.59
5.819185968,0.71,0.0,0.0,0.59
5.820210487000001,0.71,0.0,0.0,0.59
5.821233261000001,0.71,0.0,0.0,0.6
5.823356717,0.7,0.0,0.0,0.59
5.824091514,0.71,0.0,0.0,0.59
5.825342893,0.7,0.0,0.0,0.59
5.826092915,0.7,0.0,0.0,0.59
5.827344748000001,0.71,0.0,0.0,0.59
5.828097669,0.7,0.0,0.01,0.59
5.829344156,0.7,0.0,0.0,0.59
5.830116236,0.7,0.0,0.0,0.59
5.8315371680000005,0.7,0.0,0.0,0.6
5.83208309,0.71,0.0,0.0,0.59
5.833254274000001,0.7,0.0,0.0,0.6
5.834184252,0.7,0.0,0.0,0.59
5.835364011,0.7,0.0,0.0,0.59
5.836126356,0.7,0.0,0.0,0.59
5.8373603570000006,0.7,0.0,0.0,0.59
5.839383951,0.71,0.0,0.0,0.59
5.840246931,0.71,0.0,0.0,0.6
5.8411739240000005,0.71,0.0,0.0,0.59
5.842193105000001,0.71,0.0,0.0,0.59
5.843196586,0.71,0.0,0.0,0.59
5.844210486000001,0.7,0.0,0.0,0.59
5.8452495010000005,0.71,0.0,0.0,0.59
5.846292283,0.7,0.0,0.0,0.59
5.847640490000001,0.71,0.0,0.0,0.59
5.848912129,0.71,0.0,0.0,0.59
5.850069604000001,0.71,0.0,0.0,0.59
5.851235610000001,0.71,0.0,0.0,0.59
5.852230638,0.71,0.0,0.0,0.59
5.85330232,0.71,0.0,0.0,0.59
5.854301273000001,0.7,0.0,0.0,0.59
5.855298215,0.71,0.01,0.01,0.59
5.8562715,0.7,0.0,0.0,0.59
5.857270104,0.71,0.0,0.0,0.59
5.85826958,0.71,0.0,0.0,0.59
5.859332276,0.71,0.0,0.0,0.59
5.860224302000001,0.71,0.0,0.0,0.59
5.861211161,0.71,0.0,0.0,0.59
5.862214109,0.71,0.0,0.0,0.59
5.8632321670000005,0.71,0.0,0.0,0.59
5.864238041,0.7,0.0,0.0,0.59
5.865321727,0.71,0.0,0.0,0.59
5.867158065,0.71,0.0,0.0,0.59
5.868148405,0.71,0.0,0.0,0.59
5.8692222350000005,0.7,0.0,0.0,0.59
5.870207239,0.7,0.0,0.0,0.6
5.8711570570000005,0.7,0.0,0.0,0.59
5.872212070000001,0.7,0.0,0.0,0.59
5.873202731,0.7,0.0,0.0,0.59
5.874231212000001,0.71,0.0,0.0,0.59
5.875230791000001,0.7,0.0,0.0,0.59
5.8761869110000005,0.7,0.0,0.0,0.59
5.8771848140000005,0.71,0.0,0.0,0.6
5.878107896,0.71,0.0,0.0,0.59
5.879327691,0.7,0.0,0.0,0.59
5.8801206200000005,0.7,0.0,0.0,0.59
5.881386561,0.7,0.0,0.0,0.59
5.883270037,0.7,0.0,0.0,0.59
5.884114461,0.7,0.0,0.0,0.59
5.885399259000001,0.71,0.0,0.0,0.59
5.886112194000001,0.7,0.0,0.0,0.59
5.887397034,0.71,0.0,0.0,0.59
5.888110089,0.7,0.0,0.0,0.59
5.889288337,0.7,0.0,0.0,0.59
5.890098025,0.7,0.0,0.0,0.59
5.8912508070000005,0.71,0.0,0.0,0.6
5.892175620000001,0.7,0.0,0.0,0.59
5.89331123,0.69,0.0,0.0,0.59
5.894130358,0.7,0.01,0.0,0.59
5.8953185040000005,0.7,0.0,0.0,0.59
5.896095406000001,0.7,0.0,0.0,0.59
5.897416386000001,0.7,0.0,0.0,0.59
5.899154024,0.7,0.0,0.0,0.59
5.900199172000001,0.7,0.0,0.0,0.59
5.901260971,0.7,0.0,0.0,0.59
5.902254088,0.7,0.0,0.0,0.59
5.903093318000001,0.7,0.0,0.0,0.59
5.9043539140000005,0.71,0.0,0.0,0.59
5.905108622,0.71,0.01,0.0,0.59
5.906131544,0.71,0.0,0.0,0.59
5.907207216000001,0.71,0.0,0.0,0.59
5.908191562000001,0.7,0.0,0.0,0.59
5.909194684,0.7,0.0,0.0,0.59
5.910202173,0.71,0.0,0.0,0.59
5.911275267000001,0.7,0.0,0.0,0.59
5.9134783440000005,0.7,0.0,0.0,0.59
5.914729812,0.7,0.0,0.0,0.59
5.915831767,0.7,0.0,0.0,0.59
5.916740732,0.7,0.0,0.0,0.59
5.917567930000001,0.71,0.0,0.0,0.59
5.918338264,0.7,0.0,0.0,0.59
5.919202736000001,0.7,0.0,0.0,0.59
5.920179795,0.7,0.0,0.0,0.59
5.921188065,0.7,0.0,0.0,0.59
5.922159462000001,0.71,0.0,0.0,0.59
5.923202249,0.71,0.0,0.0,0.6
5.924180978000001,0.7,0.0,0.0,0.59
5.925183281000001,0.71,0.0,0.0,0.59
5.926207947,0.71,0.0,0.0,0.59
5.927218118000001,0.71,0.0,0.0,0.59
5.929524923000001,0.71,0.0,0.0,0.59
5.930608597,0.71,0.0,0.0,0.59
5.931506512,0.71,0.0,0.0,0.59
5.932297388,0.7,0.0,0.0,0.59
5.933180844000001,0.71,0.0,0.0,0.59
5.934162120000001,0.7,0.0,0.01,0.59
5.935249903000001,0.71,0.0,0.0,0.59
5.936157129000001,0.71,0.0,0.0,0.59
5.937185889,0.71,0.0,0.0,0.59
5.938194259,0.7,0.0,0.0,0.59
5.939217163,0.7,0.0,0.0,0.59
5.9402103440000005,0.71,0.0,0.0,0.59
5.941228322000001,0.71,0.0,0.0,0.59
5.942240585,0.71,0.0,0.0,0.59
5.944667582,0.71,0.0,0.0,0.6
5.945655293000001,0.71,0.0,0.0,0.59
5.946483967000001,0.71,0.0,0.0,0.59
5.947325805,0.71,0.0,0.01,0.59
5.9481670840000005,0.71,0.0,0.0,0.59
5.9492537290000005,0.71,0.0,0.0,0.59
5.950356252000001,0.71,0.0,0.0,0.59
5.951221877,0.71,0.0,0.0,0.59
5.952210584,0.71,0.0,0.0,0.59
5.953247615,0.7,0.0,0.0,0.59
5.954258391000001,0.71,0.0,0.0,0.59
5.955233278000001,0.71,0.0,0.0,0.59
5.9562397570000005,0.71,0.0,0.0,0.59
5.957213165000001,0.7,0.0,0.0,0.59
5.959498144,0.71,0.0,0.0,0.59
5.960592658,0.7,0.0,0.0,0.59
5.961495611,0.7,0.0,0.0,0.59
5.962396672000001,0.71,0.0,0.0,0.59
5.963506949,0.71,0.0,0.0,0.59
5.964416449000001,0.71,0.0,0.0,0.59
5.965384331,0.7,0.0,0.0,0.59
5.966384326,0.7,0.0,0.0,0.59
5.967318691,0.7,0.0,0.0,0.59
5.9681952,0.71,0.0,0.01,0.59
5.969234543000001,0.7,0.0,0.0,0.59
5.970230366,0.71,0.0,0.0,0.59
5.971215797,0.71,0.0,0.0,0.59
5.972222295000001,0.71,0.0,0.0,0.59
5.9746075890000006,0.7,0.0,0.0,0.59
5.975874476,0.7,0.0,0.0,0.59
5.976886283000001,0.7,0.0,0.0,0.59
5.977753171000001,0.71,0.0,0.01,0.59
5.978552331,0.7,0.0,0.0,0.59
5.979284263,0.7,0.0,0.0,0.59
5.980191555,0.7,0.0,0.0,0.59
5.981178536000001,0.71,0.0,0.0,0.59
5.982184227,0.71,0.0,0.0,0.59
5.983199621000001,0.71,0.0,0.0,0.59
5.984154566,0.71,0.0,0.0,0.59
5.9851934490000005,0.7,0.0,0.0,0.59
5.9861730920000005,0.7,0.0,0.0,0.59
5.988384633000001,0.7,0.0,0.0,0.59
5.989132378000001,0.7,0.0,0.0,0.59
5.990191112000001,0.7,0.0,0.0,0.59
5.99112224,0.7,0.0,0.0,0.59
5.9921103030000005,0.7,0.0,0.0,0.59
5.993266596000001,0.71,0.0,0.0,0.59
5.994155705000001,0.7,0.0,0.0,0.59
5.995145449000001,0.7,0.0,0.0,0.59
5.9961395490000005,0.71,0.0,0.0,0.59
5.997297465,0.7,0.0,0.0,0.59
5.998123516000001,0.71,0.0,0.0,0.59
5.999306554,0.7,0.0,0.0,0.59
6.000113881000001,0.7,0.0,0.0,0.59
6.001205481,0.7,0.0,0.0,0.59
6.002153443,0.7,0.0,0.0,0.59
6.003277348,0.7,0.0,0.0,0.59
6.005253427,0.71,0.0,0.0,0.59
6.006199073,0.7,0.0,0.0,0.59
6.007157573000001,0.71,0.0,0.0,0.59
6.008179149,0.7,0.0,0.0,0.59
6.0091570700000005,0.7,0.0,0.0,0.6
6.010177741000001,0.71,0.0,0.0,0.59
6.011164248,0.7,0.0,0.0,0.59
6.012307501,0.7,0.01,0.0,0.59
6.013114178,0.71,0.0,0.0,0.59
6.014341068,0.71,0.0,0.0,0.59
6.015104668,0.71,0.0,0.0,0.59
6.016313146000001,0.71,0.0,0.0,0.6
6.018361051,0.71,0.0,0.0,0.59
6.019102340000001,0.7,0.0,0.0,0.59
6.020291488000001,0.7,0.0,0.0,0.59
6.021214218000001,0.71,0.0,0.0,0.59
6.022124906,0.71,0.0,0.0,0.59
6.0234476830000006,0.71,0.0,0.0,0.59
6.02409819,0.71,0.0,0.0,0.59
6.025307066000001,0.71,0.0,0.0,0.59
6.026106246,0.7,0.0,0.0,0.59
6.027231252,0.71,0.0,0.0,0.59
6.028194780000001,0.71,0.0,0.0,0.59
6.029189841,0.71,0.0,0.0,0.59
6.0301640270000005,0.71,0.0,0.0,0.59
6.031128761000001,0.7,0.0,0.0,0.59
6.032144012000001,0.71,0.0,0.0,0.59
6.033411620000001,0.71,0.0,0.0,0.58
6.035380106000001,0.71,0.0,0.0,0.59
6.036106793,0.71,0.0,0.0,0.59
6.037101908,0.71,0.0,0.0,0.59
6.038264418000001,0.71,0.0,0.0,0.59
6.039235291000001,0.71,0.0,0.0,0.59
6.040239564,0.71,0.0,0.0,0.59
6.041238172000001,0.71,0.0,0.0,0.59
6.042246782,0.71,0.0,0.0,0.59
6.043166628000001,0.71,0.0,0.0,0.59
6.044298393,0.71,0.0,0.0,0.59
6.045107957000001,0.71,0.0,0.0,0.59
6.04609855,0.7,0.0,0.0,0.59
6.047258455000001,0.71,0.0,0.0,0.59
6.048195909,0.7,0.0,0.0,0.59
6.050275200000001,0.71,0.0,0.0,0.59
6.051145547,0.71,0.0,0.0,0.59
6.05226869,0.7,0.0,0.0,0.59
6.0532100920000005,0.7,0.0,0.0,0.59
6.054185823,0.7,0.0,0.0,0.59
6.055311585,0.7,0.0,0.0,0.59
6.056125880000001,0.71,0.0,0.0,0.59
6.057259851,0.7,0.0,0.0,0.59
6.058191729000001,0.71,0.0,0.0,0.59
6.059208214000001,0.71,0.0,0.0,0.59
6.060187207,0.71,0.0,0.0,0.59
6.061302687,0.71,0.0,0.0,0.59
6.062093813000001,0.71,0.0,0.0,0.59
6.063353858,0.71,0.0,0.0,0.59
6.065458382,0.71,0.0,0.0,0.6
6.066094535,0.71,0.0,0.0,0.59
6.0674158810000005,0.71,0.0,0.0,0.59
6.068095990000001,0.71,0.0,0.0,0.59
6.069404467,0.71,0.0,0.0,0.59
6.0700979340000005,0.71,0.0,0.0,0.59
6.07140855,0.7,0.0,0.0,0.58
6.072094378,0.7,0.0,0.0,0.59
6.073140705,0.7,0.0,0.0,0.59
6.074430603000001,0.71,0.0,0.0,0.59
6.075084894000001,0.71,0.0,0.0,0.59
6.076244695000001,0.71,0.0,0.0,0.59
6.077231317000001,0.71,0.0,0.0,0.59
6.0794003000000005,0.71,0.0,0.0,0.59
6.080101145,0.71,0.0,0.0,0.59
6.081113641,0.71,0.0,0.0,0.59
6.0822611470000005,0.71,0.0,0.0,0.59
6.083144654000001,0.71,0.0,0.0,0.59
6.084077881000001,0.71,0.0,0.0,0.59
6.0854391340000005,0.71,0.0,0.0,0.59
6.086087334,0.71,0.0,0.01,0.59
6.08726806,0.71,0.0,0.0,0.59
6.088092368000001,0.71,0.0,0.0,0.59
6.089372303,0.7,0.0,0.0,0.59
6.090091011,0.71,0.0,0.0,0.59
6.091478614000001,0.71,0.0,0.0,0.59
6.093440307000001,0.7,0.0,0.0,0.59
6.094091294,0.71,0.0,0.0,0.59
6.095365896000001,0.7,0.0,0.0,0.59
6.096088190000001,0.7,0.0,0.0,0.59
6.097259842000001,0.7,0.0,0.0,0.6
6.098120509,0.71,0.0,0.0,0.59
6.099232129000001,0.7,0.0,0.0,0.59
6.100263982,0.7,0.0,0.01,0.59
6.101226829000001,0.71,0.0,0.0,0.59
6.102082438,0.7,0.0,0.0,0.59
6.1032341500000005,0.71,0.0,0.0,0.59
6.104187835,0.7,0.0,0.0,0.59
6.1051799220000005,0.71,0.0,0.0,0.59
6.106152049,0.71,0.0,0.0,0.59
6.107114367,0.71,0.0,0.0,0.59
6.108339067,0.71,0.0,0.0,0.59
6.110400816,0.71,0.0,0.0,0.59
6.111100578,0.71,0.0,0.0,0.59
6.112112157,0.71,0.0,0.0,0.59
6.113098658,0.71,0.0,0.0,0.59
6.114265006,0.7,0.0,0.0,0.59
6.1150897120000005,0.71,0.0,0.0,0.59
6.116262919,0.71,0.0,0.0,0.59
6.1172253990000005,0.71,0.0,0.0,0.59
6.118196179000001,0.71,0.0,0.0,0.59
6.119161969,0.71,0.0,0.0,0.59
6.120317086,0.71,0.0,0.0,0.59
6.121106211000001,0.71,0.0,0.0,0.59
6.122418236000001,0.71,0.0,0.0,0.59
6.124318755,0.72,0.0,0.0,0.59
6.125101723,0.71,0.0,0.0,0.59
6.126370945000001,0.71,0.0,0.0,0.59
6.127102484000001,0.71,0.0,0.0,0.59
6.128352836,0.71,0.0,0.0,0.59
6.129097666000001,0.71,0.0,0.0,0.59
6.130280541,0.71,0.0,0.0,0.59
6.131135744000001,0.71,0.0,0.0,0.59
6.132411017000001,0.7,0.0,0.0,0.59
6.133097152,0.71,0.0,0.0,0.59
6.134343810000001,0.71,0.0,0.0,0.59
6.135089613000001,0.71,0.0,0.0,0.59
6.136370911,0.71,0.0,0.0,0.59
6.1370875940000005,0.71,0.0,0.0,0.59
6.138234292000001,0.71,0.0,0.0,0.59
6.140156142,0.71,0.0,0.0,0.59
6.141143895000001,0.71,0.0,0.0,0.59
6.142280540000001,0.71,0.0,0.0,0.59
6.143197573,0.71,0.0,0.0,0.59
6.144270917,0.71,0.0,0.0,0.59
6.145178361,0.71,0.0,0.0,0.59
6.14621524,0.71,0.0,0.0,0.59
6.1470889500000006,0.71,0.0,0.0,0.59
6.148186292,0.71,0.0,0.0,0.59
6.149138158,0.71,0.0,0.0,0.59
6.150174873,0.71,0.0,0.01,0.59
6.151167473,0.7,0.0,0.0,0.59
6.15341686,0.72,0.0,0.0,0.59
6.154120022000001,0.71,0.0,0.0,0.59
6.1551500610000005,0.71,0.0,0.0,0.59
6.156202319,0.71,0.0,0.0,0.59
6.157136412000001,0.71,0.0,0.0,0.6
6.158400469,0.71,0.0,0.0,0.59
6.159112161,0.71,0.0,0.0,0.59
6.160382792,0.71,0.0,0.0,0.59
6.1611012590000005,0.71,0.0,0.0,0.59
6.162293043,0.71,0.0,0.0,0.59
6.163133907000001,0.7,0.0,0.0,0.59
6.164141701,0.7,0.0,0.0,0.59
6.165153581,0.71,0.0,0.0,0.6
6.166087601,0.71,0.0,0.0,0.59
6.168313230000001,0.71,0.0,0.0,0.59
6.169118331,0.7,0.0,0.0,0.59
6.170248408,0.71,0.0,0.0,0.59
6.171166372,0.71,0.0,0.0,0.59
6.172135085000001,0.71,0.0,0.0,0.59
6.173220072,0.71,0.0,0.0,0.59
6.1741886390000005,0.71,0.0,0.0,0.59
6.175244885000001,0.71,0.0,0.0,0.59
6.176216436000001,0.71,0.0,0.0,0.59
6.177213105000001,0.71,0.0,0.0,0.6
6.178154153,0.71,0.0,0.0,0.59
6.179179703,0.71,0.0,0.0,0.59
6.180332238,0.71,0.0,0.0,0.59
6.181109667,0.71,0.0,0.0,0.59
6.1821978170000005,0.71,0.0,0.0,0.59
6.1844147220000005,0.71,0.0,0.0,0.59
6.185114123,0.71,0.0,0.0,0.59
6.186149183,0.71,0.0,0.0,0.59
6.187099282,0.71,0.0,0.0,0.59
6.188446976000001,0.71,0.0,0.0,0.59
6.189108927,0.71,0.0,0.0,0.59
6.190404190000001,0.71,0.0,0.0,0.59
6.191109191000001,0.71,0.0,0.0,0.59
6.1923155990000005,0.71,0.0,0.0,0.59
6.193102065000001,0.71,0.0,0.0,0.59
6.194356057,0.71,0.0,0.0,0.59
6.195113963000001,0.71,0.0,0.0,0.59
6.1962231260000005,0.71,0.0,0.0,0.59
6.198398398,0.7,0.0,0.0,0.59
6.199098499000001,0.71,0.0,0.0,0.6
6.200263391,0.71,0.0,0.0,0.59
6.201099877000001,0.71,0.0,0.0,0.59
6.202284048,0.71,0.0,0.0,0.59
6.203214659,0.71,0.0,0.0,0.59
6.204347609,0.71,0.0,0.0,0.59
6.205109024,0.71,0.0,0.0,0.59
6.206410688,0.71,0.0,0.0,0.59
6.2070947620000005,0.71,0.0,0.0,0.59
6.208196799,0.71,0.0,0.0,0.59
6.209186881000001,0.71,0.0,0.0,0.59
6.210185246,0.71,0.0,0.0,0.59
6.2112084340000004,0.71,0.0,0.0,0.59
6.2121435190000005,0.71,0.0,0.0,0.59
6.213144017,0.71,0.0,0.0,0.59
6.214214215,0.71,0.0,0.0,0.59
6.215264007,0.71,0.0,0.0,0.59
6.217419562000001,0.71,0.0,0.0,0.59
6.2181039490000005,0.71,0.0,0.0,0.59
6.2192203290000005,0.71,0.0,0.0,0.59
6.220252005000001,0.71,0.0,0.0,0.59
6.221228982,0.71,0.0,0.0,0.59
6.222258389,0.71,0.0,0.0,0.59
6.223230783,0.71,0.0,0.0,0.59
6.2241997300000005,0.71,0.0,0.0,0.59
6.2251681020000005,0.71,0.0,0.0,0.59
6.226319567,0.71,0.0,0.0,0.59
6.227103410000001,0.71,0.0,0.0,0.59
6.228310757,0.71,0.0,0.0,0.59
6.230147495000001,0.71,0.0,0.0,0.59
6.231098463,0.71,0.0,0.0,0.6
6.232270701,0.71,0.0,0.0,0.59
6.23319603,0.71,0.0,0.0,0.59
6.234108,0.7,0.0,0.0,0.59
6.235365392,0.71,0.0,0.0,0.59
6.2361185390000005,0.71,0.0,0.0,0.59
6.237520139000001,0.71,0.0,0.0,0.59
6.23832713,0.71,0.0,0.0,0.59
6.239178049,0.71,0.0,0.0,0.59
6.2401888240000005,0.71,0.0,0.0,0.59
6.241200086,0.71,0.0,0.0,0.59
6.2421987660000005,0.7,0.0,0.0,0.59
6.243189484,0.71,0.0,0.0,0.59
6.244234834,0.71,0.0,0.0,0.59
6.246343179,0.71,0.0,0.0,0.59
6.247151174000001,0.71,0.0,0.0,0.59
6.248235877000001,0.71,0.0,0.0,0.59
6.249193464,0.71,0.01,0.0,0.59
6.250235750000001,0.71,0.0,0.01,0.59
6.251208109,0.71,0.0,0.0,0.59
6.25220947,0.71,0.0,0.0,0.6
6.253236995,0.71,0.0,0.0,0.59
6.25420525,0.71,0.0,0.0,0.59
6.255175633,0.71,0.0,0.0,0.59
6.256179782,0.71,0.0,0.0,0.59
6.257184299,0.71,0.0,0.0,0.59
6.258425356,0.71,0.0,0.0,0.59
6.260380164000001,0.71,0.0,0.0,0.59
6.261119030000001,0.71,0.0,0.0,0.59
6.262366922,0.71,0.0,0.0,0.59
6.263125092,0.71,0.0,0.01,0.59
6.264153617000001,0.71,0.0,0.0,0.6
6.265306986000001,0.71,0.0,0.0,0.59
6.266125812,0.71,0.0,0.0,0.59
6.267262786000001,0.71,0.0,0.0,0.59
6.268195314000001,0.71,0.0,0.0,0.59
6.269299731,0.71,0.0,0.0,0.59
6.270139201,0.71,0.0,0.0,0.59
6.271314554000001,0.71,0.0,0.0,0.59
6.272117005,0.71,0.0,0.0,0.59
6.273446809,0.71,0.0,0.0,0.59
6.275422020000001,0.71,0.0,0.0,0.59
6.276105243000001,0.71,0.0,0.0,0.6
6.277414622,0.71,0.0,0.0,0.59
6.278094707,0.71,0.0,0.0,0.59
6.279369078,0.71,0.0,0.0,0.59
6.280095099,0.71,0.0,0.0,0.59
6.281273907,0.71,0.0,0.0,0.59
6.282091022,0.71,0.0,0.0,0.59
6.283409815000001,0.7,0.0,0.0,0.6
6.284094904000001,0.71,0.0,0.0,0.59
6.285402131000001,0.71,0.0,0.0,0.59
6.286085653000001,0.71,0.0,0.0,0.59
6.287301018,0.71,0.0,0.01,0.59
6.288172755000001,0.71,0.0,0.0,0.59
6.289449812,0.71,0.0,0.0,0.59
6.291414971,0.71,0.0,0.0,0.59
6.292095118000001,0.71,0.0,0.0,0.59
6.2933942400000005,0.71,0.0,0.0,0.59
6.294096153000001,0.71,0.0,0.0,0.59
6.295378038,0.71,0.0,0.0,0.59
6.296092396000001,0.71,0.0,0.0,0.59
6.2971454620000005,0.71,0.0,0.0,0.59
6.298139649,0.71,0.01,0.0,0.59
6.299392117,0.71,0.0,0.0,0.59
6.300094617,0.71,0.0,0.0,0.6
6.301316255000001,0.71,0.0,0.0,0.59
6.302133680000001,0.71,0.0,0.0,0.6
6.303416114,0.71,0.0,0.0,0.6
6.305430237,0.71,0.0,0.0,0.59
6.306095399,0.71,0.0,0.0,0.59
6.30740409,0.71,0.0,0.0,0.59
6.3080948,0.71,0.0,0.0,0.61
6.309382877,0.71,0.0,0.0,0.59
6.310087163,0.7,0.0,0.0,0.59
6.311287030000001,0.71,0.0,0.0,0.6
6.312086381,0.71,0.0,0.0,0.59
6.3132667730000005,0.71,0.0,0.0,0.59
6.314146192000001,0.71,0.0,0.0,0.59
6.315286203,0.71,0.0,0.0,0.59
6.316158745,0.71,0.0,0.0,0.59
6.317332915000001,0.71,0.0,0.0,0.59
6.318134803,0.71,0.0,0.0,0.59
6.319411166,0.71,0.0,0.0,0.59
6.321411783,0.71,0.0,0.0,0.59
6.32209484,0.71,0.0,0.0,0.59
6.323303828,0.71,0.0,0.0,0.59
6.324096107000001,0.71,0.0,0.0,0.59
6.325408233,0.71,0.0,0.0,0.59
6.326094763,0.71,0.0,0.0,0.59
6.327272446,0.71,0.0,0.0,0.59
6.32808131,0.71,0.0,0.0,0.6
6.329180094000001,0.71,0.0,0.0,0.59
6.330185946,0.71,0.0,0.0,0.59
6.33124748,0.71,0.0,0.0,0.59
6.332180506,0.71,0.0,0.0,0.59
6.333427134000001,0.71,0.0,0.0,0.59
6.335365059000001,0.71,0.0,0.0,0.59
6.336088857,0.71,0.0,0.0,0.59
6.337143643,0.71,0.0,0.0,0.59
6.338183482000001,0.71,0.0,0.0,0.59
6.339310554000001,0.71,0.0,0.0,0.6
6.340086359000001,0.71,0.0,0.0,0.59
6.341254011,0.71,0.0,0.0,0.59
6.342150686,0.71,0.0,0.0,0.59
6.343347673,0.71,0.0,0.0,0.59
6.344085416,0.71,0.0,0.0,0.59
6.345304821,0.71,0.0,0.0,0.59
6.346134995000001,0.71,0.01,0.0,0.6
6.347253721,0.71,0.0,0.0,0.6
6.348173219,0.71,0.0,0.0,0.59
6.349373945,0.71,0.0,0.0,0.59
6.351420909000001,0.71,0.0,0.0,0.59
6.35209147,0.71,0.0,0.0,0.6
6.353349435,0.71,0.0,0.0,0.59
6.35410756,0.71,0.0,0.0,0.6
6.355269284,0.71,0.0,0.0,0.59
6.356093803,0.71,0.0,0.0,0.59
6.357141174000001,0.71,0.01,0.0,0.59
6.358261176,0.71,0.0,0.0,0.59
6.3592053680000005,0.71,0.0,0.0,0.59
6.360335795,0.71,0.0,0.0,0.59
6.361092797,0.71,0.0,0.0,0.59
6.3621438910000006,0.71,0.0,0.0,0.59
6.3631124130000005,0.71,0.0,0.01,0.59
6.365240104000001,0.71,0.0,0.0,0.59
6.366235876,0.71,0.0,0.0,0.59
6.367285434,0.71,0.0,0.0,0.59
6.368239267000001,0.71,0.0,0.0,0.59
6.369276007000001,0.71,0.0,0.0,0.59
6.3702422510000005,0.71,0.0,0.0,0.59
6.371508788000001,0.71,0.0,0.0,0.6
6.372085028000001,0.71,0.0,0.0,0.59
6.373355732,0.71,0.0,0.0,0.59
6.374098386,0.71,0.0,0.0,0.6
6.375322538000001,0.71,0.0,0.0,0.59
6.376126054,0.7,0.0,0.0,0.6
6.377453674000001,0.71,0.0,0.0,0.59
6.378091292000001,0.71,0.0,0.0,0.59
6.380387417000001,0.71,0.0,0.0,0.59
6.381096042,0.71,0.0,0.0,0.59
6.3824043,0.71,0.0,0.0,0.59
6.383092104,0.71,0.0,0.0,0.59
6.384285843000001,0.71,0.0,0.0,0.59
6.385135814000001,0.71,0.0,0.0,0.59
6.386413502000001,0.71,0.0,0.0,0.59
6.387088371000001,0.71,0.0,0.0,0.59
6.38826421,0.71,0.0,0.0,0.59
6.389087022,0.71,0.0,0.0,0.59
6.390252527,0.71,0.0,0.0,0.59
6.391149113,0.71,0.0,0.0,0.59
6.392556786,0.71,0.0,0.0,0.59
6.393094305,0.71,0.0,0.0,0.59
6.395491752000001,0.71,0.0,0.0,0.59
6.396091426000001,0.71,0.0,0.0,0.59
6.397392583,0.71,0.0,0.0,0.6
6.39809838,0.71,0.0,0.0,0.59
6.399256431,0.71,0.0,0.0,0.59
6.4001440050000005,0.71,0.0,0.0,0.59
6.401442837,0.71,0.0,0.0,0.59
6.402234791000001,0.71,0.0,0.0,0.59
6.4030834830000005,0.71,0.0,0.0,0.59
6.404322557,0.71,0.0,0.0,0.59
6.405138996000001,0.71,0.0,0.0,0.61
6.406360681000001,0.71,0.0,0.0,0.59
6.4071275960000005,0.71,0.0,0.0,0.59
6.408177595000001,0.71,0.0,0.0,0.59
6.410401886000001,0.71,0.0,0.0,0.59
6.41126119,0.71,0.0,0.0,0.59
6.412194056000001,0.71,0.0,0.0,0.59
6.413195637,0.71,0.0,0.0,0.59
6.4142185000000005,0.71,0.0,0.0,0.59
6.41523338,0.71,0.0,0.0,0.59
6.416210254,0.71,0.0,0.0,0.59
6.417190850000001,0.71,0.0,0.0,0.59
6.418193378000001,0.71,0.0,0.0,0.6
6.419179829000001,0.71,0.0,0.0,0.59
6.420152109,0.71,0.0,0.0,0.59
6.421177136000001,0.71,0.0,0.0,0.59
6.422162739,0.71,0.0,0.0,0.59
6.423162852000001,0.7,0.0,0.0,0.59
6.425380054000001,0.71,0.02,0.0,0.6
6.426162923000001,0.71,0.0,0.0,0.59
6.427189387,0.71,0.0,0.0,0.59
6.428123737000001,0.71,0.0,0.0,0.59
6.42917686,0.71,0.0,0.0,0.59
6.430184218000001,0.71,0.0,0.0,0.59
6.431200992000001,0.71,0.0,0.0,0.59
6.432151672000001,0.71,0.0,0.0,0.59
6.433340606000001,0.71,0.0,0.0,0.59
6.434144929,0.71,0.0,0.0,0.59
6.435183189,0.71,0.0,0.0,0.59
6.4361820430000005,0.71,0.0,0.0,0.59
6.437182115000001,0.71,0.0,0.0,0.59
6.438177191,0.71,0.0,0.0,0.59
6.43919861,0.71,0.0,0.0,0.59
6.441572497,0.71,0.0,0.0,0.59
6.4428205510000005,0.71,0.0,0.0,0.59
6.443830986,0.71,0.0,0.0,0.59
6.444749348,0.71,0.0,0.0,0.59
6.445607964000001,0.71,0.0,0.01,0.59
6.446399059,0.71,0.0,0.0,0.59
6.44713617,0.71,0.0,0.0,0.59
6.448199644000001,0.71,0.0,0.0,0.59
6.449187706,0.71,0.0,0.0,0.59
6.450175329,0.71,0.0,0.0,0.59
6.451294938,0.71,0.0,0.0,0.59
6.452179897000001,0.7,0.01,0.0,0.59
6.453196216,0.71,0.0,0.0,0.59
6.454195005000001,0.71,0.0,0.0,0.59
6.456468938,0.72,0.0,0.0,0.59
6.457506339,0.71,0.0,0.0,0.59
6.458414556,0.71,0.0,0.0,0.59
6.459219621000001,0.71,0.0,0.0,0.59
6.460197064000001,0.71,0.0,0.0,0.59
6.461191959000001,0.71,0.0,0.0,0.59
6.462152254,0.71,0.0,0.0,0.59
6.463163769,0.71,0.0,0.0,0.6
6.464188233000001,0.71,0.0,0.0,0.6
6.465157812,0.71,0.0,0.0,0.59
6.466151470000001,0.71,0.0,0.0,0.59
6.4671482010000005,0.71,0.0,0.0,0.6
6.468141622,0.71,0.0,0.0,0.59
6.469177432,0.71,0.0,0.0,0.59
6.471178978,0.71,0.0,0.0,0.59
6.472147778,0.71,0.0,0.0,0.59
6.473125414,0.71,0.0,0.0,0.59
6.474175237000001,0.71,0.0,0.0,0.59
6.47522394,0.71,0.0,0.0,0.59
6.476222349,0.71,0.0,0.0,0.59
6.477202106,0.71,0.0,0.0,0.59
6.478147371,0.7,0.0,0.0,0.59
6.479161599,0.71,0.0,0.0,0.59
6.480162343000001,0.71,0.0,0.0,0.59
6.481184176,0.71,0.0,0.01,0.59
6.482194843,0.71,0.0,0.0,0.59
6.483167123,0.71,0.0,0.0,0.58
6.4843285470000005,0.71,0.0,0.0,0.59
6.486052144,0.71,0.0,0.0,0.59
6.4867119220000005,0.71,0.0,0.0,0.59
6.488376681,0.71,0.0,0.0,0.59
6.489143926000001,0.71,0.0,0.0,0.59
6.490204014000001,0.71,0.0,0.0,0.59
6.4911991570000005,0.71,0.0,0.0,0.6
6.492137540000001,0.71,0.0,0.0,0.59
6.493329966,0.71,0.0,0.0,0.59
6.494122578000001,0.71,0.0,0.0,0.59
6.495159186,0.71,0.0,0.0,0.59
6.496150679,0.71,0.0,0.0,0.59
6.4971297990000005,0.71,0.0,0.0,0.59
6.498154315000001,0.71,0.0,0.0,0.59
6.499154774,0.71,0.0,0.0,0.6
6.500161254,0.71,0.0,0.0,0.59
6.501207525000001,0.71,0.0,0.0,0.59
6.503355224000001,0.71,0.0,0.0,0.59
6.504114706,0.71,0.0,0.0,0.59
6.505288848,0.71,0.0,0.01,0.6
6.506106509,0.71,0.0,0.0,0.6
6.507344546000001,0.71,0.0,0.0,0.59
6.508098584000001,0.71,0.0,0.0,0.59
6.50927421,0.71,0.0,0.0,0.59
6.510099541000001,0.71,0.0,0.0,0.58
6.511155357000001,0.7,0.0,0.0,0.59
6.51218012,0.7,0.0,0.0,0.58
6.513081004,0.7,0.0,0.0,0.58
6.5142829980000005,0.7,0.0,0.0,0.58
6.5162956240000005,0.69,0.0,0.0,0.58
6.517156659,0.69,0.0,0.0,0.57
6.518228722000001,0.69,0.0,0.0,0.58
6.519218601,0.68,0.02,0.0,0.58
6.520224656000001,0.68,0.0,0.0,0.58
6.521223029000001,0.68,0.0,0.0,0.58
6.5222162290000005,0.67,0.0,0.0,0.58
6.523338518,0.67,0.0,0.0,0.58
6.524092831000001,0.66,0.0,0.0,0.57
6.525336472,0.66,0.0,0.0,0.57
6.52611962,0.67,0.0,0.0,0.57
6.527277783000001,0.67,0.0,0.0,0.57
6.528114307,0.66,0.0,0.0,0.57
6.529344600000001,0.66,0.0,0.0,0.57
6.531244353000001,0.66,0.0,0.0,0.57
6.532174361,0.66,0.0,0.0,0.57
6.533358008,0.67,0.0,0.0,0.57
6.5340833830000005,0.67,0.0,0.0,0.57
6.53536006,0.66,0.0,0.0,0.57
6.536081442,0.67,0.0,0.0,0.57
6.537275153,0.67,0.0,0.0,0.57
6.538120436000001,0.67,0.0,0.0,0.57
6.5393369670000006,0.67,0.0,0.0,0.57
6.540078549,0.66,0.0,0.0,0.57
6.541272509000001,0.66,0.0,0.0,0.58
6.5421037790000005,0.67,0.0,0.0,0.57
6.543232133,0.66,0.0,0.0,0.57
6.544353302,0.67,0.0,0.0,0.57
6.545154296000001,0.67,0.0,0.0,0.57
6.547129509,0.67,0.0,0.0,0.57
6.548135145000001,0.67,0.0,0.0,0.57
6.549250014,0.67,0.0,0.0,0.57
6.550158495000001,0.67,0.02,0.0,0.58
6.551132529,0.67,0.0,0.0,0.57
6.552360567,0.67,0.0,0.0,0.57
6.553085555,0.67,0.0,0.0,0.57
6.554272845000001,0.67,0.0,0.0,0.57
6.555083772000001,0.67,0.0,0.0,0.57
6.556265317,0.67,0.0,0.0,0.58
6.557128323000001,0.67,0.0,0.0,0.56
6.558164821,0.67,0.0,0.0,0.57
6.560356568,0.68,0.0,0.0,0.58
6.561090754,0.67,0.0,0.0,0.57
6.562226675000001,0.67,0.0,0.0,0.57
6.563197296,0.67,0.0,0.0,0.58
6.564222975000001,0.67,0.0,0.0,0.57
6.565230865,0.67,0.0,0.02,0.57
6.566225066,0.67,0.0,0.0,0.57
6.567230326000001,0.67,0.0,0.0,0.57
6.568234636000001,0.67,0.0,0.0,0.57
6.56921375,0.67,0.0,0.0,0.57
6.570336353,0.67,0.0,0.0,0.57
6.571115387000001,0.67,0.0,0.0,0.57
6.572242920000001,0.67,0.0,0.0,0.58
6.573087644,0.67,0.0,0.0,0.57
6.574367342,0.66,0.0,0.0,0.57
6.576335640000001,0.67,0.0,0.0,0.57
6.577090839,0.67,0.0,0.0,0.57
6.5781377270000005,0.67,0.0,0.0,0.57
6.579161225,0.67,0.0,0.0,0.57
6.5801937200000005,0.67,0.0,0.0,0.57
6.581108337000001,0.67,0.0,0.0,0.58
6.582323003000001,0.67,0.0,0.0,0.57
6.584248978000001,0.67,0.0,0.0,0.58
6.585207939,0.67,0.0,0.0,0.57
6.586062132,0.67,0.0,0.0,0.57
6.5872211190000005,0.67,0.0,0.0,0.57
6.588317813000001,0.67,0.01,0.0,0.58
6.589331603000001,0.67,0.0,0.0,0.57
6.59021752,0.67,0.0,0.0,0.58
6.591265557000001,0.67,0.0,0.0,0.57
6.592260487000001,0.67,0.0,0.0,0.57
6.593260979,0.67,0.0,0.0,0.57
6.594397074000001,0.67,0.0,0.0,0.57
6.595145115,0.67,0.0,0.0,0.58
6.596332601,0.66,0.0,0.0,0.58
6.597068511000001,0.67,0.0,0.0,0.57
6.598224579,0.67,0.0,0.0,0.57
6.5991180300000005,0.67,0.0,0.0,0.58
6.600223081,0.67,0.0,0.0,0.57
6.601132795000001,0.67,0.0,0.0,0.57
6.602140465000001,0.67,0.0,0.0,0.57
6.603134605,0.66,0.0,0.0,0.57
6.6042065800000005,0.67,0.0,0.0,0.57
6.606254322000001,0.67,0.01,0.0,0.57
6.607082431,0.68,0.0,0.0,0.57
6.608232545000001,0.67,0.0,0.0,0.57
6.609234645000001,0.67,0.0,0.0,0.58
6.610230978000001,0.67,0.0,0.0,0.58
6.6110770400000005,0.67,0.0,0.0,0.57
6.612075396000001,0.67,0.0,0.0,0.58
6.613226281,0.67,0.0,0.0,0.57
6.614413167,0.67,0.0,0.0,0.58
6.615088285000001,0.67,0.0,0.0,0.58
6.616155450000001,0.67,0.0,0.0,0.58
6.617158397000001,0.68,0.0,0.0,0.57
6.618208004,0.68,0.0,0.0,0.57
6.619243706000001,0.67,0.0,0.0,0.57
6.620213264,0.67,0.0,0.0,0.57
6.622347694,0.67,0.0,0.0,0.58
6.623101389,0.68,0.0,0.0,0.58
6.624337684,0.67,0.0,0.0,0.58
6.625096356,0.67,0.0,0.0,0.56
6.626343744000001,0.67,0.0,0.0,0.56
6.6270883540000005,0.67,0.0,0.0,0.58
6.628339443000001,0.67,0.0,0.0,0.57
6.629117142,0.67,0.0,0.0,0.57
6.630202484000001,0.67,0.0,0.0,0.57
6.631116674,0.67,0.0,0.0,0.57
6.632278128,0.67,0.0,0.0,0.57
6.633083376,0.67,0.0,0.0,0.57
6.634327401,0.67,0.0,0.0,0.57
6.636361091,0.67,0.0,0.0,0.57
6.637088729,0.67,0.0,0.0,0.57
6.6383460560000005,0.67,0.0,0.0,0.57
6.639085909,0.67,0.0,0.0,0.57
6.640240046000001,0.67,0.0,0.0,0.57
6.6412185820000005,0.67,0.0,0.0,0.57
6.642225101,0.67,0.0,0.0,0.57
6.643227369000001,0.67,0.0,0.0,0.57
6.6443039200000005,0.67,0.0,0.0,0.57
6.645216551000001,0.67,0.0,0.0,0.57
6.646213009,0.67,0.0,0.0,0.57
6.647079928,0.67,0.0,0.0,0.57
6.64826504,0.67,0.0,0.0,0.57
6.649160950000001,0.67,0.0,0.0,0.57
6.650214389,0.67,0.0,0.0,0.57
6.651235617,0.67,0.0,0.0,0.57
6.652412159000001,0.67,0.0,0.0,0.57
6.654338626,0.67,0.0,0.0,0.57
6.655088136000001,0.67,0.0,0.0,0.57
6.656334381000001,0.67,0.0,0.0,0.57
6.657086199,0.67,0.0,0.0,0.57
6.658350843,0.67,0.0,0.0,0.57
6.65908016,0.67,0.0,0.0,0.58
6.660354913000001,0.67,0.0,0.0,0.58
6.661084011000001,0.67,0.0,0.0,0.57
6.662103747000001,0.67,0.0,0.0,0.57
6.663150913000001,0.67,0.0,0.0,0.57
6.664135535000001,0.67,0.0,0.0,0.57
6.665251261000001,0.67,0.0,0.0,0.58
6.667414256000001,0.67,0.0,0.0,0.57
6.668085242,0.67,0.0,0.0,0.57
6.669218314,0.67,0.0,0.0,0.57
6.6702246590000005,0.67,0.0,0.0,0.57
6.671222343,0.67,0.0,0.0,0.57
6.672222655000001,0.67,0.0,0.0,0.58
6.673112277,0.67,0.0,0.0,0.57
6.674338205000001,0.67,0.0,0.0,0.57
6.67509212,0.67,0.0,0.0,0.58
6.676266879000001,0.67,0.0,0.0,0.58
6.677162418,0.67,0.0,0.0,0.57
6.678158482000001,0.67,0.01,0.0,0.57
6.6791557820000005,0.67,0.0,0.0,0.57
6.680352958,0.67,0.0,0.0,0.57
6.682661886,0.67,0.0,0.0,0.57
6.683054179,0.67,0.0,0.0,0.57
6.684256099000001,0.67,0.0,0.0,0.56
6.685074129,0.67,0.0,0.0,0.56
6.686120732,0.67,0.0,0.0,0.56
6.6871965630000005,0.67,0.0,0.0,0.56
6.688191409000001,0.67,0.0,0.0,0.56
6.689198321,0.68,0.0,0.0,0.55
6.690205989000001,0.67,0.0,0.0,0.55
6.691165798,0.68,0.0,0.0,0.49
6.692203715000001,0.67,0.0,0.0,0.47
6.693165438,0.67,0.0,0.0,0.46
6.69418145,0.67,0.0,0.0,0.45
6.695196751,0.67,0.0,0.0,0.45
6.696579085000001,0.68,0.0,0.0,0.45
6.697767494000001,0.67,0.0,0.0,0.46
6.698917482000001,0.67,0.0,0.0,0.45
6.699979294,0.67,0.0,0.0,0.45
6.700977943000001,0.67,0.0,0.0,0.45
6.701959332,0.67,0.0,0.0,0.44
6.702966432,0.66,0.0,0.0,0.41
6.703966531000001,0.66,0.0,0.0,0.39
6.704895089000001,0.68,0.0,0.0,0.01
6.706232461000001,0.69,0.0,0.0,0.0
6.707239178,0.7,0.0,0.0,0.0
6.708218096,0.69,0.0,0.0,0.01
6.709190471,0.68,0.0,0.0,0.0
6.710202463000001,0.68,0.0,0.0,0.0
6.712453384000001,0.68,0.0,0.0,0.0
6.713484947,0.68,0.0,0.0,0.0
6.714410750000001,0.68,0.0,0.0,0.0
6.715290174000001,0.67,0.0,0.0,0.0
6.716194231,0.68,0.0,0.0,0.0
6.717158575,0.68,0.0,0.0,0.0
6.718222448000001,0.68,0.0,0.0,0.0
6.719148850000001,0.68,0.0,0.0,0.0
6.720250257,0.69,0.0,0.0,0.0
6.721150652,0.7,0.0,0.0,0.0
6.722190171,0.68,0.0,0.0,0.0
6.7231869380000004,0.69,0.0,0.0,0.0
6.724181866,0.7,0.0,0.01,0.0
6.725175127,0.69,0.01,0.0,0.0
6.72622929,0.69,0.0,0.0,0.0
6.727211996,0.68,0.0,0.0,0.01
6.729208981,0.67,0.0,0.0,0.0
6.730223634000001,0.68,0.0,0.0,0.0
6.731164764000001,0.67,0.0,0.0,0.0
6.732110229000001,0.68,0.01,0.0,0.0
6.733333029000001,0.68,0.0,0.0,0.0
6.734123227,0.68,0.0,0.0,0.0
6.735373825000001,0.67,0.0,0.0,0.0
6.736115121,0.67,0.0,0.01,0.0
6.737257349,0.68,0.0,0.0,0.0
6.738103055000001,0.68,0.0,0.0,0.0
6.739184979,0.67,0.0,0.0,0.0
6.740189494,0.67,0.0,0.0,0.0
6.74126294,0.67,0.0,0.0,0.0
6.742249566000001,0.67,0.0,0.0,0.0
6.743244627,0.67,0.0,0.0,0.0
6.745395562000001,0.67,0.0,0.0,0.0
6.746116270000001,0.67,0.0,0.0,0.0
6.747388610000001,0.67,0.0,0.0,0.0
6.7481099780000005,0.67,0.0,0.0,0.0
6.749395636,0.66,0.0,0.0,0.0
6.750101511,0.66,0.0,0.0,0.0
6.75140601,0.66,0.0,0.0,0.0
6.752090364000001,0.65,0.0,0.0,0.0
6.753351031,0.65,0.0,0.0,0.0
6.754120983000001,0.66,0.0,0.0,0.0
6.755223236000001,0.66,0.0,0.0,0.0
6.7561263480000004,0.66,0.0,0.0,0.0
6.7573052,0.66,0.0,0.0,0.0
6.759399329000001,0.65,0.0,0.0,0.0
6.760101440000001,0.66,0.0,0.0,0.0
6.7611456720000005,0.65,0.01,0.0,0.0
6.762215125,0.65,0.0,0.0,0.0
6.763199141,0.65,0.0,0.0,0.0
6.764281775000001,0.65,0.0,0.0,0.0
6.765135278000001,0.65,0.0,0.0,0.0
6.766406939,0.64,0.0,0.0,0.0
6.767096785000001,0.63,0.0,0.0,0.0
6.76833244,0.64,0.0,0.0,0.0
6.769115925,0.64,0.0,0.0,0.0
6.770407481,0.64,0.0,0.0,0.0
6.771088671,0.65,0.0,0.0,0.0
6.7724233840000005,0.65,0.0,0.0,0.0
6.7743902600000006,0.65,0.0,0.0,0.0
6.77509766,0.65,0.0,0.0,0.0
6.776400856,0.64,0.0,0.0,0.0
6.777093880000001,0.64,0.0,0.01,0.0
6.7783143070000005,0.64,0.0,0.0,0.0
6.779093545,0.64,0.0,0.0,0.0
6.780408595000001,0.64,0.0,0.0,0.0
6.781099642,0.64,0.0,0.0,0.0
6.7823680170000005,0.65,0.0,0.0,0.0
6.783093460000001,0.65,0.0,0.0,0.0
6.784311974,0.65,0.0,0.0,0.0
6.785126938,0.65,0.0,0.01,0.0
6.786265210000001,0.65,0.0,0.0,0.0
6.788410799,0.65,0.0,0.0,0.0
6.789102892000001,0.65,0.0,0.0,0.0
6.790403058000001,0.65,0.0,0.0,0.0
6.791102380000001,0.65,0.0,0.0,0.0
6.792405539000001,0.65,0.0,0.0,0.0
6.7930919130000005,0.65,0.0,0.0,0.01
6.7942947270000005,0.65,0.0,0.0,0.0
6.795214829000001,0.65,0.0,0.0,0.0
6.796192657000001,0.65,0.0,0.0,0.0
6.797186363000001,0.65,0.0,0.0,0.0
6.798326937000001,0.65,0.0,0.0,0.0
6.799125175,0.65,0.0,0.0,0.0
6.800183371,0.65,0.0,0.0,0.0
6.801289151000001,0.65,0.0,0.0,0.0
6.803421604,0.65,0.0,0.0,0.0
6.804111359,0.65,0.0,0.0,0.0
6.805447925,0.65,0.0,0.0,0.0
6.806105603000001,0.65,0.0,0.0,0.0
6.807480299000001,0.65,0.0,0.0,0.0
6.808107028,0.65,0.0,0.0,0.0
6.8094008850000005,0.65,0.0,0.0,0.0
6.810106971000001,0.65,0.0,0.0,0.0
6.811338553000001,0.65,0.0,0.0,0.0
6.812094986000001,0.65,0.0,0.0,0.0
6.813315852000001,0.65,0.0,0.0,0.0
6.814123788000001,0.65,0.0,0.0,0.0
6.8152632440000005,0.65,0.0,0.0,0.0
6.8161300350000005,0.65,0.0,0.0,0.0
6.817288517000001,0.65,0.0,0.0,0.0
6.819426906,0.65,0.0,0.0,0.0
6.820101493,0.65,0.0,0.0,0.01
6.82140985,0.65,0.0,0.0,0.0
6.822094059,0.65,0.0,0.0,0.0
6.823338781,0.65,0.0,0.0,0.0
6.824092882,0.65,0.0,0.0,0.0
6.825417188,0.64,0.0,0.0,0.0
6.826090726,0.64,0.0,0.0,0.0
6.827363383000001,0.64,0.0,0.0,0.0
6.828090848,0.65,0.0,0.0,0.0
6.829320347,0.64,0.0,0.0,0.0
6.8300842070000005,0.64,0.0,0.0,0.0
6.8313617650000005,0.64,0.0,0.0,0.0
6.833253094000001,0.64,0.0,0.0,0.0
6.834207263000001,0.65,0.0,0.0,0.0
6.835274795,0.65,0.0,0.0,0.0
6.836226917,0.63,0.0,0.0,0.0
6.837079448000001,0.64,0.0,0.0,0.0
6.838401464,0.63,0.0,0.0,0.0
6.839093938,0.63,0.0,0.0,0.0
6.840269043,0.64,0.0,0.0,0.0
6.841236279,0.64,0.0,0.0,0.0
6.842225503000001,0.63,0.0,0.0,0.0
6.843175174000001,0.63,0.0,0.0,0.0
6.844306260000001,0.63,0.0,0.0,0.0
6.8451245830000005,0.63,0.0,0.0,0.0
6.846409856,0.63,0.0,0.0,0.0
6.848222598,0.64,0.0,0.0,0.0
6.8491520370000005,0.64,0.0,0.0,0.0
6.850160124,0.64,0.0,0.0,0.0
6.851263007,0.64,0.0,0.0,0.0
6.852226169000001,0.64,0.0,0.01,0.0
6.853262085000001,0.65,0.0,0.0,0.0
6.854261524,0.65,0.0,0.0,0.0
6.855225248,0.65,0.0,0.0,0.0
6.856251047000001,0.65,0.0,0.0,0.0
6.857224424,0.65,0.0,0.0,0.0
6.858172261,0.65,0.0,0.0,0.0
6.859320627000001,0.65,0.0,0.0,0.0
6.860104676000001,0.65,0.0,0.0,0.0
6.86129136,0.65,0.0,0.0,0.0
6.863413199,0.65,0.0,0.0,0.0
6.864111946,0.65,0.0,0.0,0.0
6.865257679000001,0.65,0.0,0.0,0.0
6.866229913000001,0.65,0.0,0.0,0.0
6.867237441,0.65,0.0,0.0,0.0
6.868253016000001,0.64,0.0,0.0,0.0
6.869234465000001,0.64,0.0,0.0,0.0
6.8702223590000004,0.64,0.0,0.0,0.0
6.871249714,0.63,0.0,0.0,0.0
6.872199920000001,0.63,0.0,0.01,0.0
6.873187135,0.62,0.0,0.0,0.0
6.874194714000001,0.63,0.0,0.0,0.0
6.875324203000001,0.62,0.0,0.0,0.0
6.876109809000001,0.62,0.0,0.0,0.0
6.877255432,0.62,0.0,0.0,0.0
6.878223061000001,0.62,0.0,0.0,0.0
6.879388044000001,0.62,0.0,0.0,0.0
6.881309918,0.62,0.0,0.0,0.0
6.882106875000001,0.62,0.0,0.01,0.0
6.883275865000001,0.62,0.0,0.0,0.0
6.884136553,0.62,0.0,0.0,0.0
6.88540272,0.62,0.0,0.0,0.0
6.886101103000001,0.62,0.0,0.0,0.0
6.887346217,0.62,0.0,0.0,0.0
6.8881002680000005,0.62,0.0,0.0,0.0
6.889305834000001,0.62,0.0,0.0,0.0
6.8900978020000005,0.61,0.0,0.0,0.0
6.8914011660000005,0.61,0.0,0.0,0.0
6.892094628000001,0.62,0.0,0.0,0.0
6.8934060530000005,0.62,0.0,0.0,0.0
6.895413078000001,0.61,0.0,0.0,0.0
6.896093621,0.62,0.0,0.0,0.0
6.897389706,0.62,0.0,0.01,0.0
6.898095597,0.61,0.0,0.0,0.0
6.899417328,0.62,0.0,0.0,0.0
6.900094923,0.61,0.0,0.0,0.0
6.9014069330000005,0.62,0.0,0.0,0.0
6.902101268,0.62,0.0,0.0,0.0
6.903313973,0.62,0.0,0.0,0.0
6.90409551,0.63,0.0,0.0,0.0
6.905350103000001,0.62,0.0,0.02,0.0
6.906095213,0.64,0.0,0.0,0.0
6.907384612,0.64,0.0,0.01,0.0
6.909425476,0.64,0.0,0.0,0.0
6.910099865,0.64,0.0,0.0,0.0
6.9113123850000004,0.64,0.0,0.0,0.0
6.912126306,0.64,0.0,0.0,0.0
6.913403394,0.64,0.0,0.0,0.0
6.9140935390000005,0.63,0.0,0.0,0.0
6.915300105,0.64,0.0,0.0,0.0
6.916146277,0.64,0.0,0.0,0.0
6.9173409470000005,0.64,0.0,0.0,0.0
6.918094453,0.65,0.0,0.0,0.0
6.919324616000001,0.64,0.0,0.0,0.0
6.920100541,0.65,0.0,0.0,0.0
6.921423733,0.65,0.0,0.0,0.0
6.923411730000001,0.65,0.0,0.0,0.0
6.924102517000001,0.65,0.0,0.0,0.0
6.925256351000001,0.65,0.0,0.0,0.0
6.9262395670000005,0.65,0.0,0.0,0.0
6.927246589,0.66,0.0,0.0,0.0
6.928185486,0.67,0.0,0.0,0.0
6.929246458000001,0.68,0.0,0.0,0.0
6.930238188000001,0.67,0.0,0.0,0.0
6.931240798,0.68,0.0,0.0,0.0
6.932178990000001,0.68,0.0,0.0,0.0
6.933325002,0.69,0.0,0.0,0.0
6.9341083,0.7,0.0,0.0,0.0
6.935354291,0.7,0.0,0.0,0.0
6.936109513000001,0.7,0.0,0.0,0.0
6.937409700000001,0.7,0.0,0.01,0.0
6.939400726000001,0.7,0.0,0.0,0.0
6.940111069,0.7,0.0,0.0,0.0
6.941287015,0.71,0.0,0.0,0.0
6.9421100110000005,0.71,0.0,0.0,0.0
6.943396763000001,0.7,0.0,0.0,0.0
6.944105297,0.7,0.0,0.01,0.0
6.9453893330000005,0.7,0.0,0.0,0.0
6.946101438,0.7,0.0,0.0,0.0
6.9474881360000005,0.7,0.0,0.0,0.0
6.948092301000001,0.69,0.0,0.0,0.0
6.949384168000001,0.69,0.0,0.0,0.0
6.95009087,0.69,0.0,0.0,0.0
6.951439587,0.7,0.0,0.0,0.0
6.953431345,0.7,0.0,0.0,0.0
6.954102104,0.69,0.0,0.0,0.0
6.955383777000001,0.7,0.0,0.0,0.0
6.956106190000001,0.7,0.0,0.0,0.0
6.95739073,0.69,0.0,0.02,0.0
6.958093578000001,0.69,0.0,0.0,0.0
6.9592931060000005,0.7,0.0,0.0,0.0
6.960222208,0.7,0.0,0.0,0.0
6.961132234000001,0.71,0.0,0.0,0.0
6.962331505000001,0.69,0.0,0.0,0.0
6.963097716,0.67,0.0,0.0,0.01
6.9643105510000005,0.65,0.01,0.0,0.0
6.965126129000001,0.65,0.0,0.0,0.0
6.966189061000001,0.66,0.0,0.0,0.0
6.968399902000001,0.67,0.0,0.0,0.0
6.969100464,0.69,0.0,0.0,0.0
6.9704508060000006,0.69,0.0,0.0,0.0
6.971093959,0.69,0.0,0.0,0.0
6.972401299,0.69,0.0,0.0,0.0
6.973094494000001,0.69,0.0,0.0,0.0
6.974342631000001,0.69,0.0,0.0,0.0
6.975123723,0.68,0.0,0.0,0.0
6.9764174080000005,0.66,0.0,0.0,0.0
6.977081947,0.67,0.0,0.0,0.0
6.978579655000001,0.67,0.0,0.02,0.0
6.979087300000001,0.68,0.0,0.0,0.0
6.980353279,0.66,0.0,0.0,0.0
6.981099131000001,0.68,0.0,0.0,0.0
6.982322983,0.68,0.0,0.0,0.0
6.984421228,0.68,0.0,0.0,0.0
6.985087715000001,0.68,0.0,0.0,0.0
6.986263393000001,0.68,0.0,0.0,0.0
6.9871993670000005,0.68,0.0,0.0,0.0
6.988097446,0.67,0.0,0.0,0.0
6.989425797,0.67,0.0,0.0,0.0
6.99009267,0.67,0.0,0.0,0.0
6.991399424000001,0.67,0.0,0.01,0.0
6.992094943000001,0.68,0.0,0.0,0.0
6.993324587,0.69,0.02,0.0,0.0
6.994148223000001,0.68,0.0,0.0,0.0
6.9951969400000005,0.68,0.0,0.0,0.0
6.997412345000001,0.67,0.0,0.0,0.0
6.998106502000001,0.64,0.0,0.0,0.0
6.999397765,0.65,0.0,0.0,0.0
7.000097387,0.65,0.0,0.0,0.0
7.001409880000001,0.67,0.0,0.0,0.0
7.002098553000001,0.68,0.0,0.0,0.0
7.003407016000001,0.67,0.0,0.01,0.0
7.004095358000001,0.69,0.0,0.0,0.0
7.005301520000001,0.69,0.0,0.0,0.0
7.006146672000001,0.68,0.0,0.0,0.0
7.007141898,0.67,0.0,0.0,0.0
7.008165739000001,0.64,0.0,0.0,0.0
7.009183947,0.62,0.0,0.0,0.0
7.010166788,0.65,0.0,0.0,0.0
7.011125358,0.68,0.0,0.0,0.0
7.012308913,0.69,0.0,0.0,0.0
7.014399537,0.69,0.0,0.0,0.0
7.015102856,0.67,0.0,0.0,0.0
7.016271405,0.69,0.0,0.0,0.0
7.017224410000001,0.69,0.0,0.0,0.0
7.018289115000001,0.69,0.0,0.0,0.0
7.0192277810000006,0.68,0.0,0.0,0.0
7.020270561,0.67,0.0,0.0,0.0
7.021221232,0.68,0.0,0.0,0.0
7.022204459,0.68,0.0,0.0,0.0
7.023323434000001,0.68,0.0,0.0,0.0
7.024101160000001,0.69,0.0,0.0,0.0
7.025342801000001,0.68,0.0,0.0,0.0
7.026101175000001,0.68,0.0,0.0,0.0
7.0273810580000005,0.67,0.0,0.0,0.0
7.029403064,0.68,0.0,0.0,0.0
7.030105571,0.68,0.01,0.0,0.0
7.031267969000001,0.68,0.0,0.0,0.0
7.032135088,0.69,0.0,0.0,0.0
7.033284497,0.68,0.0,0.0,0.0
7.034130138,0.66,0.0,0.0,0.0
7.035232302000001,0.65,0.0,0.0,0.0
7.036176521000001,0.67,0.0,0.0,0.0
7.037145184000001,0.69,0.0,0.0,0.0
7.038121638000001,0.7,0.0,0.0,0.0
7.039147338,0.65,0.0,0.0,0.0
7.040098772,0.63,0.0,0.0,0.0
7.04244289,0.63,0.0,0.0,0.0
7.043114865000001,0.64,0.0,0.0,0.0
7.044109266,0.67,0.0,0.0,0.0
7.045260033000001,0.67,0.0,0.0,0.0
7.04617848,0.66,0.0,0.0,0.0
7.047252332,0.65,0.01,0.0,0.0
7.048132257000001,0.66,0.0,0.0,0.01
7.049264204000001,0.69,0.0,0.0,0.0
7.050227392,0.69,0.0,0.0,0.0
7.051140707,0.69,0.0,0.0,0.0
7.052303509000001,0.67,0.0,0.0,0.0
7.053103903,0.66,0.0,0.0,0.0
7.054153173,0.65,0.0,0.0,0.0
7.05514196,0.65,0.0,0.0,0.0
7.056385774000001,0.68,0.0,0.0,0.0
7.057100768000001,0.68,0.0,0.01,0.0
7.058391197000001,0.68,0.0,0.0,0.0
7.060407371,0.66,0.0,0.0,0.0
7.061109976,0.63,0.0,0.01,0.0
7.062322462,0.6,0.0,0.0,0.0
7.063106052,0.6,0.0,0.0,0.0
7.06415915,0.61,0.0,0.0,0.0
7.065202210000001,0.67,0.0,0.0,0.0
7.066184285,0.66,0.0,0.0,0.0
7.067258821,0.67,0.0,0.0,0.0
7.068230716,0.66,0.0,0.0,0.0
7.069182804,0.66,0.0,0.01,0.0
7.070358609,0.66,0.0,0.0,0.0
7.071094618,0.63,0.0,0.0,0.0
7.072423887,0.62,0.0,0.0,0.0
7.07309324,0.62,0.0,0.0,0.0
7.074206342,0.63,0.0,0.0,0.0
7.076517096000001,0.65,0.0,0.02,0.0
7.077094265,0.65,0.0,0.0,0.0
7.078095820000001,0.64,0.0,0.0,0.0
7.079238712,0.66,0.0,0.0,0.0
7.080252604,0.64,0.0,0.0,0.0
7.081083992000001,0.65,0.0,0.0,0.0
7.08226545,0.67,0.0,0.0,0.0
7.083178662000001,0.67,0.0,0.0,0.0
7.084088267,0.67,0.0,0.0,0.0
7.085130994,0.64,0.0,0.0,0.0
7.0861449930000004,0.6,0.0,0.0,0.0
7.087114356000001,0.59,0.0,0.0,0.0
7.088268151,0.59,0.0,0.0,0.0
7.09041337,0.6,0.0,0.0,0.0
7.091113574,0.62,0.0,0.0,0.0
7.092175212000001,0.64,0.0,0.0,0.0
7.0932471690000005,0.65,0.0,0.0,0.0
7.094142778,0.62,0.0,0.0,0.0
7.095139948000001,0.61,0.0,0.0,0.0
7.096237980000001,0.61,0.0,0.0,0.0
7.097166534,0.6,0.0,0.0,0.0
7.098274834000001,0.6,0.0,0.0,0.0
7.099114652000001,0.6,0.0,0.0,0.0
7.100162340000001,0.61,0.0,0.0,0.0
7.101254633000001,0.61,0.0,0.0,0.0
7.10218419,0.62,0.0,0.0,0.0
7.1043099210000005,0.61,0.0,0.0,0.0
7.105113745000001,0.61,0.0,0.0,0.0
7.10625041,0.61,0.0,0.0,0.0
7.107151868000001,0.61,0.0,0.0,0.0
7.108397354,0.62,0.0,0.0,0.0
7.109112861000001,0.64,0.0,0.0,0.0
7.1103905240000005,0.64,0.0,0.0,0.0
7.111113969000001,0.64,0.0,0.0,0.0
7.112190035,0.65,0.0,0.0,0.0
7.113175582,0.64,0.0,0.0,0.0
7.114190573,0.66,0.0,0.01,0.0
7.115128765000001,0.62,0.0,0.0,0.0
7.116188314,0.61,0.0,0.0,0.0
7.118467000000001,0.57,0.0,0.0,0.0
7.1191131180000005,0.56,0.0,0.0,0.0
7.120375647,0.59,0.0,0.0,0.0
7.1211140120000005,0.61,0.0,0.01,0.0
7.122340961000001,0.62,0.0,0.0,0.0
7.123105128000001,0.64,0.0,0.0,0.0
7.124403257000001,0.62,0.0,0.0,0.0
7.125105297,0.62,0.0,0.0,0.0
7.126408872000001,0.61,0.0,0.0,0.0
7.127095961,0.61,0.0,0.0,0.0
7.128307649000001,0.61,0.0,0.0,0.0
7.1291025480000005,0.61,0.0,0.0,0.0
7.130311675000001,0.6,0.0,0.0,0.0
7.131097896000001,0.61,0.0,0.0,0.0
7.132146927000001,0.61,0.0,0.01,0.0
7.134401339,0.63,0.0,0.0,0.0
7.1350977,0.62,0.0,0.0,0.0
7.136264207000001,0.62,0.0,0.0,0.0
7.1370955170000006,0.61,0.0,0.0,0.0
7.138260264,0.62,0.0,0.0,0.0
7.139208759000001,0.62,0.0,0.0,0.0
7.140160131,0.61,0.0,0.0,0.0
7.1412659110000005,0.63,0.0,0.0,0.0
7.142173706,0.62,0.0,0.0,0.0
7.143334611,0.63,0.0,0.0,0.0
7.14410186,0.64,0.0,0.0,0.0
7.145325287,0.64,0.0,0.0,0.0
7.1461014060000005,0.64,0.0,0.0,0.0
7.147349039000001,0.65,0.0,0.0,0.0
7.149426760000001,0.66,0.0,0.0,0.0
7.150102114,0.66,0.0,0.0,0.0
7.151393613000001,0.63,0.0,0.0,0.0
7.152106878000001,0.61,0.0,0.0,0.0
7.153191506000001,0.61,0.0,0.0,0.0
7.154251383,0.65,0.0,0.0,0.0
7.155250789,0.66,0.0,0.0,0.0
7.156130780000001,0.65,0.0,0.0,0.0
7.157187653,0.66,0.0,0.0,0.0
7.158204529000001,0.64,0.0,0.0,0.0
7.159181351000001,0.64,0.0,0.0,0.0
7.160177955000001,0.64,0.0,0.01,0.0
7.162286902000001,0.64,0.0,0.0,0.0
7.1631053200000006,0.63,0.0,0.0,0.0
7.164392023,0.65,0.0,0.0,0.0
7.165103939000001,0.65,0.0,0.0,0.0
7.166278768000001,0.62,0.0,0.0,0.0
7.167154922000001,0.62,0.0,0.0,0.0
7.168365661,0.64,0.0,0.0,0.0
7.169094342,0.66,0.0,0.0,0.0
7.170417208000001,0.65,0.0,0.0,0.0
7.17109926,0.64,0.0,0.0,0.0
7.1724339310000005,0.58,0.0,0.0,0.0
7.173091254,0.63,0.0,0.0,0.0
7.174254808000001,0.67,0.0,0.0,0.0
7.175160219,0.69,0.0,0.0,0.0
7.176180803,0.68,0.0,0.0,0.0
7.177177169,0.65,0.0,0.0,0.0
7.178191932000001,0.59,0.0,0.0,0.0
7.180412105,0.58,0.0,0.0,0.0
7.181099668000001,0.63,0.0,0.0,0.0
7.182395094,0.64,0.0,0.0,0.0
7.183093936000001,0.66,0.0,0.0,0.0
7.184393925,0.67,0.0,0.0,0.0
7.185092754,0.66,0.0,0.0,0.0
7.186278274,0.65,0.0,0.0,0.0
7.187097595,0.6,0.0,0.0,0.0
7.1882582390000005,0.63,0.0,0.0,0.0
7.189089216,0.65,0.0,0.0,0.0
7.190087894,0.64,0.0,0.0,0.01
7.19134983,0.59,0.0,0.0,0.0
7.1920981820000005,0.59,0.0,0.0,0.0
7.193362844,0.62,0.0,0.0,0.0
7.195406558,0.63,0.0,0.0,0.0
7.196098018000001,0.63,0.0,0.0,0.0
7.197264829000001,0.65,0.0,0.0,0.0
7.19814065,0.67,0.0,0.0,0.0
7.199140646,0.66,0.0,0.0,0.0
7.200142463000001,0.67,0.0,0.0,0.0
7.201190032,0.67,0.0,0.0,0.0
7.202145866,0.68,0.0,0.0,0.0
7.203261676,0.67,0.0,0.0,0.0
7.204188364,0.63,0.0,0.0,0.0
7.205167076,0.62,0.0,0.0,0.0
7.206336983000001,0.64,0.0,0.02,0.0
7.207112488000001,0.62,0.0,0.0,0.0
7.208248252000001,0.58,0.0,0.0,0.0
7.210393452000001,0.58,0.0,0.0,0.0
7.211114246,0.58,0.0,0.0,0.0
7.212382914000001,0.6,0.0,0.0,0.0
7.213115012,0.61,0.0,0.0,0.0
7.214438558,0.6,0.0,0.0,0.0
7.215110265000001,0.56,0.0,0.0,0.0
7.216390761,0.54,0.0,0.01,0.0
7.217097237000001,0.55,0.0,0.0,0.0
7.218261213000001,0.57,0.0,0.0,0.0
7.219095258,0.61,0.0,0.01,0.0
7.220329351,0.62,0.0,0.0,0.0
7.221122901,0.62,0.0,0.0,0.0
7.2223454170000005,0.62,0.0,0.0,0.0
7.223103106000001,0.6,0.0,0.0,0.0
7.224248205,0.58,0.0,0.0,0.0
7.2264186200000005,0.57,0.0,0.0,0.0
7.227094407,0.53,0.0,0.0,0.0
7.228497357,0.54,0.0,0.0,0.0
7.229092459,0.55,0.0,0.0,0.0
7.230418467000001,0.56,0.0,0.0,0.0
7.2310998920000005,0.57,0.0,0.0,0.0
7.232185772,0.58,0.0,0.0,0.0
7.233084012000001,0.57,0.0,0.0,0.0
7.234212229000001,0.57,0.0,0.0,0.0
7.235167635000001,0.56,0.0,0.0,0.0
7.236157009,0.57,0.0,0.0,0.0
7.237232608,0.57,0.02,0.0,0.0
7.238090839000001,0.57,0.0,0.0,0.0
7.239300812000001,0.62,0.0,0.0,0.0
7.2402258260000005,0.62,0.0,0.0,0.0
7.241270591,0.59,0.0,0.0,0.0
7.243408729,0.57,0.0,0.0,0.0
7.244093265,0.56,0.0,0.0,0.0
7.245387394000001,0.57,0.0,0.0,0.0
7.2461011420000006,0.56,0.01,0.0,0.0
7.247386244,0.57,0.0,0.0,0.0
7.248095772,0.58,0.0,0.0,0.0
7.2492813400000005,0.58,0.0,0.0,0.0
7.250148283000001,0.6,0.0,0.0,0.0
7.2512964250000005,0.61,0.0,0.0,0.0
7.252180299000001,0.61,0.0,0.0,0.0
7.25343099,0.62,0.0,0.0,0.0
7.254095002000001,0.61,0.0,0.0,0.0
7.255405086000001,0.61,0.0,0.0,0.0
7.257409249,0.61,0.0,0.0,0.0
7.258098,0.61,0.0,0.0,0.0
7.259392948,0.62,0.0,0.0,0.0
7.2600977040000005,0.61,0.0,0.0,0.0
7.261371917000001,0.58,0.0,0.0,0.0
7.262103434,0.58,0.0,0.0,0.0
7.263407213000001,0.57,0.0,0.0,0.0
7.264099765,0.6,0.0,0.0,0.0
7.265164014000001,0.61,0.0,0.0,0.0
7.266245185000001,0.62,0.0,0.0,0.0
7.267178085,0.62,0.0,0.0,0.01
7.268204508,0.61,0.0,0.0,0.0
7.269278009000001,0.6,0.0,0.0,0.0
7.270232301,0.6,0.0,0.0,0.0
7.2712761850000005,0.59,0.0,0.0,0.0
7.273397407,0.58,0.0,0.0,0.0
7.274109828,0.58,0.0,0.0,0.0
7.275191531000001,0.58,0.0,0.0,0.0
7.276253181,0.58,0.0,0.0,0.0
7.277227481000001,0.59,0.0,0.0,0.0
7.278174187,0.59,0.0,0.0,0.0
7.279324639,0.61,0.0,0.0,0.0
7.280104127,0.61,0.0,0.0,0.0
7.281350295,0.6,0.0,0.0,0.0
7.282099474000001,0.57,0.0,0.0,0.0
7.283261950000001,0.57,0.0,0.0,0.0
7.284157094,0.58,0.0,0.0,0.0
7.286273958000001,0.6,0.0,0.0,0.0
7.287108851,0.6,0.0,0.0,0.0
7.288248803,0.61,0.0,0.0,0.0
7.289230089,0.61,0.0,0.0,0.0
7.290228536000001,0.61,0.0,0.0,0.0
7.291237842,0.61,0.0,0.0,0.0
7.292233158,0.6,0.0,0.0,0.0
7.293257301000001,0.58,0.0,0.01,0.0
7.294207695000001,0.58,0.0,0.0,0.0
7.295187753,0.61,0.0,0.0,0.0
7.296330935,0.61,0.0,0.0,0.0
7.297112697,0.61,0.0,0.0,0.0
7.298207036000001,0.62,0.0,0.0,0.0
7.299137656,0.62,0.0,0.0,0.0
7.3014213130000005,0.63,0.01,0.0,0.0
7.302108481,0.63,0.0,0.0,0.0
7.303258273000001,0.64,0.0,0.0,0.0
7.30418355,0.63,0.0,0.0,0.0
7.305257076,0.63,0.0,0.0,0.0
7.306229078,0.61,0.0,0.0,0.0
7.30724147,0.62,0.0,0.0,0.0
7.308259681000001,0.63,0.0,0.0,0.0
7.309199561000001,0.63,0.0,0.01,0.0
7.310289264000001,0.63,0.0,0.0,0.0
7.311142419,0.63,0.0,0.0,0.0
7.312187077000001,0.63,0.0,0.0,0.0
7.314257336000001,0.63,0.0,0.0,0.0
7.3151523560000005,0.63,0.0,0.0,0.0
7.316166729000001,0.63,0.0,0.0,0.0
7.317270057000001,0.63,0.0,0.0,0.0
7.318225549,0.62,0.0,0.0,0.0
7.319160084000001,0.62,0.0,0.0,0.0
7.320269348,0.63,0.0,0.0,0.0
7.321226974000001,0.64,0.0,0.0,0.0
7.322190748000001,0.63,0.0,0.01,0.0
7.323226451,0.63,0.01,0.0,0.0
7.324186196,0.63,0.0,0.0,0.0
7.325181155,0.64,0.0,0.0,0.01
7.326173007,0.64,0.0,0.0,0.0
7.327314713000001,0.63,0.0,0.0,0.0
7.328109983,0.64,0.0,0.01,0.0
7.330386769,0.63,0.0,0.0,0.0
7.3311162020000005,0.63,0.0,0.0,0.0
7.33229909,0.64,0.0,0.0,0.0
7.333106621000001,0.64,0.0,0.0,0.0
7.3343950950000005,0.64,0.0,0.0,0.0
7.335097810000001,0.64,0.0,0.0,0.0
7.336423704,0.65,0.0,0.0,0.0
7.337094793,0.65,0.0,0.0,0.0
7.338258616,0.65,0.0,0.0,0.0
7.339144797,0.65,0.0,0.0,0.0
7.340331309000001,0.65,0.0,0.0,0.0
7.341092312000001,0.65,0.0,0.0,0.0
7.342293062,0.65,0.0,0.0,0.0
7.343219380000001,0.65,0.0,0.0,0.0
7.345439455,0.65,0.0,0.0,0.0
7.346099143000001,0.65,0.0,0.0,0.0
7.3471599340000004,0.64,0.0,0.0,0.0
7.348141920000001,0.65,0.0,0.0,0.0
7.3491357310000005,0.65,0.0,0.0,0.0
7.350162974000001,0.65,0.0,0.0,0.0
7.351155165000001,0.65,0.0,0.0,0.0
7.352199990000001,0.65,0.0,0.0,0.0
7.3532027090000005,0.65,0.0,0.0,0.0
7.354136131000001,0.65,0.0,0.0,0.0
7.355317268,0.65,0.0,0.0,0.0
7.356102765,0.65,0.0,0.0,0.0
7.35728747,0.65,0.0,0.0,0.0
7.358094374,0.65,0.0,0.0,0.0
7.359474774000001,0.65,0.0,0.0,0.0
7.361305452000001,0.65,0.0,0.0,0.0
7.362110556,0.65,0.0,0.0,0.0
7.363177032,0.65,0.0,0.0,0.0
7.364242331000001,0.64,0.0,0.0,0.0
7.365133787,0.64,0.0,0.0,0.0
7.366256348,0.64,0.0,0.0,0.0
7.367130445000001,0.64,0.0,0.0,0.0
7.368273218000001,0.64,0.0,0.0,0.0
7.369155562,0.64,0.0,0.0,0.01
7.370196116000001,0.65,0.0,0.0,0.0
7.37118727,0.65,0.0,0.0,0.0
7.372144878,0.65,0.0,0.0,0.0
7.373321833,0.65,0.0,0.0,0.0
7.375387397000001,0.66,0.0,0.0,0.0
7.376115391000001,0.66,0.0,0.0,0.0
7.377179594,0.66,0.0,0.0,0.0
7.378141764,0.66,0.0,0.0,0.0
7.3794198920000005,0.66,0.0,0.0,0.0
7.3801151240000005,0.66,0.0,0.0,0.0
7.381193821,0.66,0.0,0.0,0.0
7.3822193910000005,0.66,0.0,0.0,0.0
7.383103456000001,0.66,0.0,0.0,0.0
7.384392062000001,0.66,0.0,0.0,0.0
7.3851061410000005,0.66,0.0,0.0,0.0
7.386293867000001,0.66,0.0,0.0,0.0
7.387101848,0.66,0.0,0.0,0.0
7.388384881,0.66,0.0,0.0,0.0
7.389097825,0.66,0.0,0.0,0.0
7.390408377000001,0.65,0.0,0.0,0.0
7.3924310580000006,0.65,0.0,0.0,0.0
7.393094617,0.66,0.0,0.0,0.0
7.394131054000001,0.66,0.0,0.0,0.0
7.395270634,0.66,0.0,0.0,0.0
7.396174181,0.66,0.0,0.0,0.0
7.39725559,0.66,0.0,0.0,0.0
7.398132384,0.66,0.0,0.0,0.0
7.39925867,0.66,0.0,0.0,0.0
7.400182346,0.65,0.0,0.0,0.0
7.401306073000001,0.66,0.0,0.0,0.0
7.402164578000001,0.66,0.0,0.0,0.0
7.403162956,0.66,0.0,0.0,0.0
7.405415672,0.66,0.0,0.0,0.0
7.406101334000001,0.66,0.0,0.0,0.0
7.40738795,0.66,0.0,0.0,0.0
7.408101630000001,0.66,0.0,0.0,0.0
7.4094046030000005,0.66,0.0,0.0,0.0
7.410098353,0.66,0.0,0.0,0.0
7.411266972000001,0.67,0.0,0.0,0.0
7.412090396000001,0.66,0.0,0.0,0.0
7.413418711,0.66,0.0,0.0,0.0
7.414086764,0.66,0.0,0.0,0.0
7.4152697100000005,0.66,0.0,0.0,0.0
7.416144678,0.67,0.0,0.0,0.0
7.417315148,0.66,0.0,0.0,0.0
7.418091331,0.66,0.0,0.0,0.0
7.4193281970000005,0.66,0.0,0.0,0.0
7.42140581,0.65,0.0,0.0,0.0
7.422094876,0.66,0.0,0.0,0.0
7.423131680000001,0.66,0.01,0.0,0.0
7.424295279000001,0.65,0.0,0.0,0.0
7.425213627000001,0.66,0.0,0.0,0.0
7.426272625,0.66,0.0,0.0,0.0
7.427173006,0.66,0.0,0.0,0.0
7.428415845000001,0.67,0.0,0.0,0.0
7.429097335000001,0.67,0.0,0.0,0.0
7.430331023000001,0.67,0.0,0.0,0.0
7.431092704,0.68,0.0,0.0,0.0
7.432261143000001,0.69,0.0,0.0,0.0
7.433122642000001,0.68,0.0,0.0,0.0
7.435402164,0.68,0.0,0.0,0.0
7.436102534000001,0.68,0.0,0.0,0.0
7.437273285000001,0.68,0.0,0.0,0.0
7.438223034000001,0.68,0.0,0.0,0.0
7.439129118,0.68,0.0,0.0,0.0
7.440280261000001,0.68,0.0,0.0,0.0
7.441183778,0.68,0.0,0.0,0.0
7.442261245,0.68,0.0,0.0,0.0
7.4431318090000005,0.68,0.0,0.0,0.0
7.444292491000001,0.68,0.0,0.0,0.0
7.4451342590000005,0.68,0.0,0.0,0.0
7.446324262,0.68,0.0,0.0,0.0
7.447105509000001,0.68,0.01,0.0,0.0
7.448279477000001,0.67,0.0,0.0,0.0
7.450286061000001,0.67,0.0,0.0,0.02
7.451132266,0.68,0.0,0.0,0.0
7.452388491000001,0.68,0.0,0.0,0.0
7.453102817,0.68,0.0,0.0,0.0
7.454396442,0.68,0.0,0.0,0.0
7.455104414000001,0.68,0.0,0.0,0.0
7.456408274,0.67,0.0,0.0,0.0
7.457093762,0.67,0.0,0.0,0.0
7.458405789,0.67,0.0,0.0,0.0
7.459086782000001,0.67,0.0,0.0,0.0
7.460255666,0.68,0.0,0.0,0.0
7.461134426,0.67,0.0,0.0,0.0
7.462457786000001,0.68,0.0,0.0,0.01
7.463086903000001,0.68,0.0,0.0,0.0
7.464457942,0.68,0.0,0.0,0.0
7.466281594000001,0.68,0.0,0.0,0.0
7.467146820000001,0.68,0.0,0.0,0.0
7.468182659000001,0.68,0.0,0.01,0.0
7.469151339000001,0.68,0.0,0.0,0.0
7.470148509,0.68,0.0,0.0,0.0
7.471258347,0.68,0.0,0.0,0.0
7.47208745,0.68,0.0,0.0,0.0
7.473267144,0.68,0.0,0.0,0.0
7.474200239000001,0.68,0.0,0.0,0.0
7.475107401000001,0.68,0.0,0.0,0.0
7.476182543,0.68,0.0,0.0,0.0
7.477182667,0.68,0.0,0.0,0.0
7.4794160110000005,0.68,0.0,0.0,0.0
7.4801093970000005,0.68,0.0,0.01,0.0
7.481318669,0.68,0.0,0.0,0.0
7.482109654,0.68,0.0,0.01,0.0
7.483399299,0.7,0.0,0.0,0.0
7.4841080810000005,0.68,0.0,0.0,0.0
7.485288906,0.67,0.0,0.0,0.0
7.4861006230000005,0.68,0.0,0.0,0.0
7.487337613,0.68,0.0,0.0,0.0
7.488098242,0.68,0.0,0.0,0.0
7.489461147,0.68,0.0,0.0,0.0
7.490092004,0.68,0.0,0.0,0.0
7.491306071,0.68,0.0,0.0,0.0
7.4921747110000005,0.68,0.0,0.0,0.0
7.493371142000001,0.68,0.0,0.0,0.0
7.494095018,0.68,0.0,0.0,0.0
7.495408186000001,0.68,0.0,0.01,0.0
7.497409244000001,0.68,0.0,0.0,0.0
7.498096928000001,0.68,0.0,0.0,0.0
7.4992876410000004,0.68,0.0,0.0,0.0
7.5000996550000005,0.68,0.0,0.0,0.0
7.50140963,0.68,0.0,0.0,0.0
7.502094662,0.68,0.0,0.0,0.0
7.503423242,0.68,0.0,0.0,0.0
7.5040859310000005,0.68,0.0,0.0,0.0
7.505304464000001,0.69,0.0,0.0,0.0
7.506175009000001,0.69,0.0,0.0,0.01
7.507279768,0.68,0.0,0.0,0.0
7.5081114090000005,0.69,0.0,0.0,0.0
7.509188256000001,0.69,0.0,0.0,0.0
7.511344212000001,0.69,0.0,0.0,0.0
7.512095468,0.69,0.0,0.0,0.0
7.51326386,0.69,0.0,0.0,0.0
7.514250434,0.68,0.0,0.0,0.0
7.5151251100000005,0.69,0.0,0.0,0.0
7.516412122,0.69,0.0,0.0,0.0
7.517098057,0.69,0.0,0.0,0.0
7.5183950920000004,0.68,0.01,0.0,0.0
7.519089904,0.69,0.0,0.0,0.0
7.520397015,0.69,0.0,0.0,0.01
7.521087822,0.69,0.0,0.0,0.0
7.522288004000001,0.69,0.0,0.0,0.0
7.523087584000001,0.69,0.0,0.0,0.0
7.524427977,0.69,0.0,0.0,0.0
7.525091365000001,0.69,0.0,0.0,0.0
7.5264081130000005,0.69,0.0,0.0,0.0
7.528545748000001,0.69,0.0,0.0,0.0
7.52911835,0.69,0.0,0.0,0.0
7.5302581570000005,0.69,0.0,0.0,0.0
7.531149211000001,0.69,0.0,0.0,0.0
7.5322959890000005,0.69,0.0,0.01,0.01
7.533137977000001,0.69,0.0,0.0,0.0
7.534455397,0.69,0.0,0.0,0.0
7.535097866,0.69,0.0,0.0,0.0
7.536273134000001,0.69,0.0,0.0,0.0
7.537092231000001,0.69,0.0,0.0,0.0
7.538406368,0.69,0.0,0.0,0.0
7.539094754000001,0.69,0.0,0.0,0.0
7.540403683,0.69,0.0,0.0,0.0
7.542408664000001,0.69,0.0,0.0,0.0
7.543093900000001,0.69,0.0,0.0,0.0
7.544384467,0.69,0.0,0.0,0.0
7.545091155000001,0.69,0.0,0.0,0.0
7.546413438,0.69,0.0,0.0,0.0
7.547090075000001,0.69,0.0,0.0,0.0
7.5481536380000005,0.69,0.0,0.0,0.0
7.549138634,0.69,0.0,0.0,0.0
7.550492060000001,0.69,0.0,0.0,0.0
7.551090244,0.69,0.0,0.0,0.0
7.552372222000001,0.69,0.0,0.0,0.01
7.553094368000001,0.69,0.0,0.0,0.0
7.554373621000001,0.69,0.0,0.0,0.0
7.556410307,0.69,0.0,0.0,0.0
7.557098722,0.69,0.0,0.0,0.0
7.558156057000001,0.69,0.0,0.0,0.0
7.559188441000001,0.69,0.0,0.0,0.0
7.560270169000001,0.69,0.0,0.0,0.0
7.5611485940000005,0.69,0.0,0.0,0.0
7.562272039000001,0.69,0.0,0.0,0.0
7.563191025,0.69,0.0,0.0,0.0
7.564411618,0.69,0.0,0.0,0.0
7.565095974,0.69,0.0,0.0,0.0
7.566334660000001,0.7,0.0,0.0,0.0
7.5670984500000005,0.69,0.0,0.0,0.0
7.5683784880000005,0.69,0.0,0.0,0.0
7.5690948570000005,0.69,0.0,0.0,0.0
7.5704192820000005,0.69,0.0,0.0,0.0
7.572407083000001,0.69,0.0,0.0,0.0
7.573099444,0.69,0.0,0.0,0.0
7.574263257,0.69,0.0,0.0,0.0
7.575204066,0.69,0.0,0.0,0.0
7.5762698870000005,0.69,0.0,0.0,0.0
7.577226015000001,0.69,0.0,0.0,0.0
7.578251047,0.69,0.0,0.0,0.0
7.579235404,0.69,0.0,0.0,0.0
7.580249206,0.68,0.0,0.0,0.0
7.581211103,0.69,0.0,0.0,0.0
7.5823099130000005,0.69,0.01,0.0,0.0
7.583106153,0.69,0.0,0.0,0.0
7.584401201,0.69,0.0,0.0,0.0
7.585093723000001,0.7,0.0,0.0,0.0
7.586404389,0.7,0.0,0.0,0.0
7.588397083,0.7,0.0,0.0,0.0
7.589105115000001,0.7,0.0,0.0,0.01
7.590167349000001,0.7,0.0,0.0,0.0
7.591242263000001,0.7,0.0,0.0,0.0
7.592230404,0.7,0.0,0.0,0.0
7.593190032000001,0.7,0.01,0.0,0.0
7.594401368000001,0.7,0.0,0.0,0.0
7.595098776,0.7,0.0,0.0,0.0
7.596332573000001,0.7,0.0,0.0,0.0
7.597095540000001,0.7,0.0,0.0,0.0
7.598250387,0.7,0.0,0.0,0.0
7.599187725,0.7,0.0,0.0,0.0
7.600387368000001,0.7,0.0,0.0,0.0
7.602430666,0.7,0.0,0.0,0.0
7.6030941290000005,0.7,0.0,0.0,0.0
7.6042855860000005,0.7,0.0,0.0,0.0
7.605123581000001,0.7,0.0,0.0,0.0
7.606424874000001,0.7,0.0,0.0,0.0
7.607090872000001,0.7,0.0,0.0,0.0
7.608288172000001,0.7,0.0,0.0,0.0
7.609162992000001,0.7,0.0,0.0,0.0
7.610254158,0.7,0.0,0.0,0.0
7.6111918030000005,0.7,0.0,0.0,0.0
7.612163076000001,0.69,0.0,0.0,0.0
7.613175206,0.69,0.0,0.0,0.0
7.614546726,0.7,0.0,0.0,0.0
7.616378297000001,0.7,0.0,0.0,0.0
7.617090201000001,0.69,0.0,0.0,0.0
7.618349481,0.7,0.0,0.0,0.0
7.619122374000001,0.7,0.0,0.0,0.0
7.6201738390000004,0.7,0.0,0.0,0.0
7.621200047,0.69,0.0,0.0,0.0
7.62218308,0.7,0.0,0.0,0.0
7.623188979,0.7,0.0,0.0,0.0
7.6241916860000005,0.7,0.0,0.0,0.0
7.625193272000001,0.7,0.0,0.0,0.0
7.626218329,0.69,0.0,0.0,0.0
7.627229253,0.7,0.0,0.01,0.0
7.628268857,0.7,0.0,0.0,0.0
7.629571759,0.7,0.0,0.0,0.0
7.630796792000001,0.7,0.0,0.0,0.0
7.631948509000001,0.7,0.0,0.0,0.0
7.633031063000001,0.69,0.0,0.0,0.0
7.634005027000001,0.7,0.0,0.0,0.0
7.634898281000001,0.7,0.0,0.0,0.0
7.635749929,0.7,0.0,0.0,0.0
7.636641117000001,0.7,0.0,0.0,0.0
7.6382402130000004,0.7,0.0,0.0,0.0
7.639187736,0.7,0.0,0.0,0.0
7.640185394,0.7,0.0,0.0,0.0
7.641197300000001,0.7,0.0,0.0,0.0
7.642221458000001,0.69,0.0,0.0,0.0
7.643200973000001,0.7,0.0,0.0,0.0
7.644249135000001,0.7,0.0,0.0,0.0
7.6451619200000005,0.7,0.0,0.0,0.0
7.647430416000001,0.7,0.0,0.0,0.0
7.648129023,0.7,0.0,0.0,0.0
7.649214842,0.7,0.0,0.0,0.0
7.650176497,0.7,0.0,0.0,0.0
7.651150103000001,0.7,0.0,0.0,0.0
7.65219783,0.7,0.0,0.0,0.0
7.653199628,0.7,0.0,0.0,0.0
7.654105301,0.7,0.0,0.0,0.0
7.655299902,0.7,0.0,0.0,0.0
7.656111432,0.7,0.0,0.0,0.0
7.657104373,0.7,0.0,0.0,0.0
7.658155549000001,0.7,0.0,0.0,0.0
7.66037458,0.7,0.0,0.0,0.0
7.661122258000001,0.7,0.0,0.01,0.0
7.662193232000001,0.7,0.0,0.0,0.0
7.663106798,0.7,0.0,0.0,0.0
7.664199873,0.7,0.0,0.0,0.0
7.665127909000001,0.7,0.0,0.0,0.0
7.666332355000001,0.7,0.0,0.0,0.0
7.667099761,0.7,0.0,0.0,0.0
7.668350992000001,0.7,0.0,0.0,0.0
7.669089703,0.7,0.0,0.0,0.0
7.6703500270000005,0.69,0.01,0.0,0.0
7.6710821220000005,0.7,0.0,0.0,0.0
7.672273164000001,0.7,0.0,0.0,0.0
7.673081937,0.7,0.0,0.0,0.0
7.674294241,0.7,0.0,0.0,0.0
7.675166766,0.7,0.0,0.0,0.0
7.676221523000001,0.7,0.0,0.0,0.0
7.678276559,0.7,0.0,0.0,0.0
7.679091662,0.7,0.0,0.0,0.0
7.6802128650000006,0.69,0.0,0.0,0.0
7.681167438,0.7,0.01,0.0,0.0
7.6821154510000005,0.7,0.0,0.0,0.0
7.683147097000001,0.7,0.0,0.0,0.0
7.685300229,0.7,0.0,0.01,0.0
7.6861570630000005,0.7,0.0,0.0,0.0
7.6871982260000005,0.7,0.0,0.0,0.0
7.688179754,0.7,0.0,0.0,0.0
7.689332163,0.7,0.0,0.01,0.0
7.690114911,0.7,0.0,0.0,0.0
7.691397801000001,0.7,0.0,0.0,0.0
7.692150681,0.7,0.0,0.0,0.0
7.693229693,0.7,0.0,0.0,0.0
7.694161875000001,0.7,0.0,0.0,0.0
7.6951947480000005,0.7,0.0,0.0,0.0
7.696194182,0.7,0.0,0.0,0.0
7.697208222,0.69,0.0,0.0,0.0
7.698245874,0.69,0.0,0.0,0.0
7.6993351610000005,0.7,0.0,0.0,0.02
7.700330813000001,0.7,0.0,0.0,0.0
7.7014204820000005,0.7,0.0,0.0,0.0
7.702466833000001,0.7,0.0,0.0,0.0
7.703418031000001,0.69,0.0,0.0,0.0
7.704291959000001,0.7,0.0,0.0,0.0
7.705285689,0.7,0.01,0.0,0.0
7.7062657560000005,0.7,0.0,0.0,0.0
7.708430760000001,0.7,0.0,0.0,0.0
7.709256601000001,0.7,0.0,0.0,0.0
7.710178236000001,0.69,0.0,0.0,0.0
7.711147206000001,0.69,0.0,0.0,0.0
7.712199971,0.69,0.0,0.0,0.0
7.713218360000001,0.7,0.01,0.0,0.0
7.714220228,0.7,0.0,0.0,0.0
7.715298841,0.7,0.0,0.0,0.0
7.716117755000001,0.7,0.0,0.0,0.0
7.717325049,0.7,0.0,0.0,0.0
7.718114001000001,0.67,0.0,0.0,0.0
7.719306380000001,0.68,0.0,0.0,0.0
7.720142528,0.67,0.0,0.0,0.0
7.721254717000001,0.68,0.0,0.0,0.0
7.723248337,0.68,0.0,0.0,0.0
7.724179445000001,0.69,0.02,0.0,0.0
7.725176065,0.68,0.0,0.0,0.0
7.726198746000001,0.68,0.0,0.0,0.0
7.727188743,0.68,0.0,0.0,0.0
7.728166784000001,0.68,0.0,0.0,0.0
7.729185443,0.69,0.0,0.0,0.0
7.730219228,0.69,0.0,0.0,0.0
7.731415781000001,0.69,0.0,0.0,0.0
7.732111226000001,0.69,0.0,0.0,0.0
7.733176588,0.69,0.0,0.0,0.0
7.734182672,0.69,0.0,0.0,0.0
7.7351914740000005,0.69,0.0,0.0,0.0
7.737459189000001,0.69,0.0,0.0,0.0
7.738458177,0.69,0.0,0.0,0.0
7.739375499,0.69,0.0,0.0,0.0
7.740283337,0.69,0.0,0.0,0.0
7.741288376000001,0.69,0.0,0.0,0.0
7.742250001,0.69,0.0,0.0,0.0
7.743193258000001,0.69,0.0,0.0,0.0
7.7441936160000004,0.69,0.0,0.0,0.0
7.745173788000001,0.7,0.0,0.0,0.0
7.746164589,0.69,0.0,0.0,0.0
7.747180869,0.69,0.01,0.0,0.0
7.748175268000001,0.69,0.0,0.0,0.0
7.749188842000001,0.69,0.0,0.0,0.0
7.750175641,0.69,0.0,0.0,0.0
7.751152490000001,0.69,0.0,0.0,0.0
7.753201078000001,0.69,0.0,0.0,0.0
7.754171596000001,0.68,0.0,0.0,0.0
7.755198622000001,0.69,0.0,0.0,0.0
7.756178109,0.69,0.0,0.0,0.0
7.757193185,0.69,0.0,0.0,0.0
7.758186877000001,0.69,0.0,0.0,0.0
7.759186963,0.69,0.0,0.0,0.0
7.760185239,0.7,0.0,0.0,0.0
7.761146020000001,0.69,0.0,0.0,0.0
7.762348904,0.69,0.0,0.0,0.0
7.763123931000001,0.69,0.0,0.0,0.0
7.764312287,0.69,0.0,0.0,0.0
7.7651108970000005,0.7,0.0,0.0,0.0
7.766316249000001,0.7,0.0,0.0,0.0
7.76834498,0.69,0.0,0.0,0.0
7.769111602000001,0.69,0.0,0.0,0.0
7.770281595,0.69,0.0,0.0,0.0
7.771101707000001,0.69,0.0,0.0,0.0
7.772218872000001,0.7,0.0,0.0,0.0
7.773137629000001,0.7,0.0,0.0,0.0
7.774162348000001,0.69,0.0,0.0,0.0
7.775174425,0.69,0.0,0.0,0.0
7.776141376000001,0.69,0.0,0.0,0.0
7.777209867000001,0.7,0.0,0.0,0.0
7.778186981,0.69,0.0,0.0,0.0
7.779199438000001,0.69,0.0,0.0,0.0
7.78023122,0.69,0.0,0.0,0.0
7.781268164,0.7,0.0,0.0,0.0
7.782320627000001,0.69,0.01,0.0,0.0
7.78458628,0.69,0.0,0.0,0.01
7.7858047280000005,0.69,0.0,0.0,0.0
7.786812152,0.69,0.0,0.0,0.0
7.787729554,0.69,0.0,0.0,0.0
7.788575346000001,0.69,0.0,0.0,0.0
7.789399436,0.69,0.0,0.0,0.0
7.790167878,0.69,0.0,0.0,0.0
7.7912173430000005,0.69,0.0,0.0,0.0
7.7921887320000005,0.68,0.0,0.0,0.0
7.7931561270000005,0.68,0.0,0.0,0.0
7.794213686000001,0.68,0.0,0.0,0.0
7.795179571,0.68,0.0,0.0,0.0
7.797349571000001,0.68,0.0,0.0,0.0
7.798181578,0.68,0.0,0.0,0.0
7.799196623,0.68,0.0,0.0,0.0
7.800210651,0.68,0.0,0.0,0.0
7.801223406,0.68,0.0,0.0,0.0
7.802211644000001,0.68,0.0,0.0,0.0
7.803223474,0.67,0.0,0.0,0.0
7.804177109,0.67,0.0,0.0,0.0
7.8053224310000004,0.67,0.0,0.0,0.0
7.806127991,0.67,0.01,0.0,0.0
7.807256747,0.68,0.0,0.0,0.0
7.808150512,0.68,0.0,0.0,0.0
7.809324948,0.68,0.0,0.0,0.0
7.810108464000001,0.68,0.0,0.0,0.0
7.811334983,0.67,0.0,0.0,0.0
7.813415615,0.68,0.0,0.0,0.0
7.814113895,0.68,0.0,0.0,0.0
7.815206615,0.68,0.0,0.0,0.0
7.816222001000001,0.68,0.0,0.0,0.0
7.817233068,0.68,0.0,0.0,0.0
7.818252178000001,0.68,0.0,0.0,0.0
7.819224759000001,0.68,0.0,0.0,0.0
7.820276633000001,0.68,0.0,0.0,0.0
7.821202154000001,0.68,0.0,0.0,0.0
7.822507508,0.68,0.0,0.0,0.01
7.8231172010000005,0.68,0.0,0.0,0.0
7.824355849000001,0.68,0.0,0.0,0.0
7.825093508,0.68,0.0,0.0,0.0
7.826456084,0.67,0.0,0.0,0.01
7.828246665000001,0.67,0.0,0.0,0.0
7.82909593,0.67,0.0,0.0,0.0
7.830399945000001,0.67,0.0,0.0,0.01
7.831104228,0.68,0.0,0.0,0.0
7.832257911,0.68,0.0,0.0,0.0
7.8331906710000005,0.67,0.0,0.0,0.0
7.834210745000001,0.67,0.0,0.0,0.0
7.835240359,0.67,0.0,0.0,0.0
7.836308796000001,0.67,0.0,0.0,0.0
7.837224958,0.67,0.0,0.0,0.0
7.838149991000001,0.67,0.0,0.0,0.0
7.839183602,0.67,0.0,0.0,0.0
7.840177454000001,0.67,0.0,0.0,0.0
7.841199858,0.67,0.01,0.0,0.0
7.843446737000001,0.67,0.0,0.0,0.0
7.844313846,0.67,0.0,0.0,0.0
7.845273666000001,0.67,0.0,0.0,0.0
7.846383274000001,0.67,0.0,0.0,0.0
7.847391493000001,0.67,0.0,0.0,0.0
7.848284616000001,0.67,0.0,0.0,0.0
7.849185589,0.67,0.0,0.0,0.0
7.850246967,0.67,0.0,0.0,0.0
7.851220598,0.67,0.0,0.0,0.0
7.852199218000001,0.67,0.0,0.0,0.0
7.853214489000001,0.67,0.0,0.0,0.0
7.854245127,0.67,0.0,0.0,0.0
7.855256282000001,0.67,0.0,0.0,0.0
7.856259313000001,0.67,0.0,0.0,0.0
7.858224052000001,0.67,0.0,0.0,0.0
7.859182474000001,0.67,0.0,0.0,0.0
7.86018092,0.66,0.0,0.0,0.0
7.8614870230000005,0.67,0.0,0.0,0.0
7.862471989,0.67,0.0,0.0,0.0
7.863321734,0.67,0.0,0.0,0.0
7.864166366,0.67,0.0,0.0,0.0
7.865279803000001,0.67,0.0,0.0,0.0
7.866258534000001,0.67,0.0,0.0,0.0
7.867210745,0.67,0.0,0.0,0.0
7.868333924000001,0.66,0.0,0.0,0.0
7.869271208000001,0.67,0.0,0.0,0.0
7.870334208,0.67,0.0,0.0,0.0
7.871174899000001,0.68,0.0,0.0,0.0
7.872210983,0.68,0.0,0.0,0.0
7.874304836,0.67,0.0,0.0,0.0
7.87526654,0.65,0.0,0.0,0.0
7.876247063,0.65,0.0,0.0,0.0
7.877175452,0.65,0.0,0.0,0.0
7.878175393,0.66,0.0,0.0,0.0
7.879234079000001,0.66,0.0,0.0,0.0
7.880164618,0.67,0.0,0.0,0.0
7.881232203000001,0.67,0.0,0.0,0.0
7.882125791000001,0.67,0.0,0.0,0.0
7.883183160000001,0.66,0.0,0.0,0.0
7.884176571,0.65,0.0,0.0,0.0
7.885143814,0.66,0.0,0.0,0.02
7.886197933,0.67,0.0,0.0,0.0
7.8883895520000005,0.67,0.0,0.0,0.0
7.8891411300000005,0.67,0.0,0.0,0.0
7.8902018080000005,0.66,0.0,0.0,0.0
7.891231800000001,0.65,0.0,0.0,0.0
7.892099348,0.65,0.0,0.0,0.0
7.893239504,0.65,0.0,0.0,0.0
7.894238631,0.66,0.0,0.0,0.0
7.895150972000001,0.67,0.0,0.0,0.0
7.896102804000001,0.66,0.0,0.0,0.0
7.897225709000001,0.67,0.0,0.0,0.0
7.898189223,0.66,0.0,0.0,0.0
7.899137091,0.65,0.0,0.0,0.0
7.900121717,0.65,0.0,0.0,0.0
7.901189937000001,0.66,0.0,0.0,0.0
7.903384413,0.66,0.0,0.0,0.0
7.904128862,0.67,0.0,0.0,0.0
7.905159483,0.66,0.0,0.0,0.0
7.906254247000001,0.68,0.0,0.0,0.0
7.907218532000001,0.62,0.0,0.0,0.0
7.908234844000001,0.56,0.0,0.0,0.0
7.909174804,0.58,0.0,0.0,0.0
7.910234862,0.62,0.0,0.0,0.0
7.911219469000001,0.65,0.0,0.0,0.0
7.912102491000001,0.69,0.0,0.0,0.0
7.913326347000001,0.7,0.0,0.0,0.0
7.9141149550000005,0.66,0.0,0.0,0.0
7.915332638000001,0.64,0.0,0.0,0.0
7.916114618000001,0.62,0.0,0.0,0.01
7.917261170000001,0.63,0.0,0.0,0.0
7.919387776000001,0.65,0.0,0.0,0.0
7.920120568000001,0.66,0.0,0.0,0.0
7.921383743000001,0.69,0.0,0.0,0.0
7.922113862000001,0.69,0.0,0.0,0.0
7.923250412000001,0.64,0.0,0.0,0.0
7.924088313,0.59,0.0,0.0,0.0
7.925393972,0.58,0.0,0.0,0.0
7.9261022930000005,0.61,0.0,0.01,0.0
7.927237424,0.65,0.0,0.0,0.0
7.928150246,0.65,0.0,0.0,0.0
7.929313839000001,0.65,0.0,0.0,0.0
7.930125894000001,0.65,0.0,0.0,0.0
7.9311907360000005,0.65,0.0,0.0,0.0
7.932160127,0.62,0.0,0.0,0.0
7.934392809,0.62,0.0,0.0,0.0
7.935110482000001,0.64,0.0,0.0,0.0
7.936257246,0.66,0.0,0.0,0.0
7.937086248000001,0.66,0.0,0.0,0.0
7.9382633380000005,0.67,0.0,0.0,0.02
7.939234419000001,0.66,0.0,0.0,0.0
7.940260511000001,0.63,0.0,0.0,0.0
7.941242658,0.62,0.0,0.0,0.0
7.9422540580000005,0.63,0.0,0.0,0.0
7.943180937,0.66,0.0,0.0,0.0
7.944167313,0.66,0.0,0.0,0.0
7.9453245720000005,0.67,0.0,0.0,0.0
7.946107224,0.66,0.0,0.0,0.0
7.948196191,0.67,0.0,0.0,0.0
7.94922031,0.65,0.0,0.0,0.0
7.950236821000001,0.65,0.0,0.0,0.0
7.951246070000001,0.67,0.0,0.0,0.0
7.952243909000001,0.67,0.0,0.0,0.0
7.953240727000001,0.68,0.0,0.0,0.0
7.954253186000001,0.68,0.0,0.0,0.0
7.955238541000001,0.67,0.0,0.0,0.0
7.95624366,0.66,0.0,0.0,0.0
7.957193416000001,0.66,0.0,0.0,0.0
7.958334512,0.67,0.0,0.0,0.0
7.959105356,0.68,0.0,0.0,0.0
7.960189123,0.68,0.0,0.0,0.0
7.96129476,0.68,0.0,0.0,0.0
7.9621088900000005,0.69,0.0,0.0,0.0
7.963389827,0.68,0.0,0.0,0.0
7.965160723,0.66,0.0,0.01,0.0
7.966161484000001,0.67,0.0,0.0,0.0
7.967106863000001,0.67,0.0,0.0,0.0
7.968259907,0.68,0.0,0.0,0.0
7.969241056,0.68,0.0,0.0,0.0
7.97026909,0.68,0.0,0.0,0.0
7.971205294000001,0.68,0.0,0.0,0.0
7.972234393000001,0.67,0.0,0.0,0.0
7.973183152000001,0.67,0.0,0.0,0.0
7.974180207000001,0.68,0.0,0.0,0.0
7.975313889000001,0.68,0.0,0.0,0.0
7.976104138,0.68,0.0,0.0,0.0
7.977381047000001,0.67,0.0,0.0,0.0
7.979409457000001,0.65,0.0,0.0,0.0
7.980107039000001,0.62,0.0,0.0,0.0
7.981258852000001,0.61,0.0,0.0,0.0
7.982224572000001,0.62,0.0,0.0,0.0
7.983256579000001,0.63,0.0,0.0,0.0
7.984238933,0.64,0.0,0.0,0.0
7.985133467000001,0.64,0.0,0.0,0.0
7.986341445000001,0.64,0.0,0.0,0.0
7.9871051500000005,0.63,0.02,0.0,0.0
7.988398816,0.63,0.0,0.0,0.0
7.989098978,0.64,0.0,0.0,0.0
7.990269732000001,0.64,0.0,0.0,0.0
7.9910943560000005,0.64,0.0,0.0,0.0
7.992146462000001,0.65,0.0,0.0,0.0
7.993307548000001,0.65,0.0,0.0,0.0
7.995478019,0.64,0.0,0.0,0.0
7.996099787,0.63,0.0,0.0,0.0
7.997388249,0.62,0.0,0.0,0.0
7.998102312,0.62,0.0,0.0,0.0
7.9992823490000005,0.62,0.0,0.0,0.0
8.000101732000001,0.63,0.0,0.0,0.0
8.001266691,0.63,0.0,0.0,0.0
8.002210402000001,0.62,0.0,0.0,0.0
8.003179223,0.62,0.0,0.0,0.0
8.004310341,0.63,0.0,0.0,0.0
8.005094882,0.63,0.0,0.0,0.0
8.006365435000001,0.63,0.0,0.0,0.0
8.007093235000001,0.63,0.0,0.0,0.0
8.008397029000001,0.63,0.0,0.0,0.0
8.010398299,0.64,0.0,0.0,0.0
8.011101442000001,0.64,0.0,0.0,0.0
8.012254646,0.63,0.0,0.0,0.0
8.013239302,0.63,0.0,0.01,0.0
8.014233617,0.63,0.0,0.0,0.0
8.015133091000001,0.63,0.0,0.0,0.0
8.016406455,0.63,0.0,0.0,0.0
8.017101033000001,0.63,0.0,0.0,0.0
8.018377938,0.63,0.0,0.0,0.0
8.019094116,0.63,0.0,0.0,0.0
8.020361039,0.63,0.0,0.01,0.0
8.021092972,0.62,0.0,0.0,0.0
8.023294789000001,0.62,0.0,0.0,0.0
8.024111176,0.62,0.0,0.0,0.0
8.025403639,0.63,0.0,0.0,0.0
8.026104833,0.62,0.0,0.0,0.0
8.027397757000001,0.62,0.0,0.01,0.0
8.028094018,0.62,0.0,0.0,0.0
8.029324456000001,0.62,0.0,0.0,0.0
8.030100067000001,0.62,0.0,0.0,0.0
8.031390577,0.62,0.0,0.0,0.0
8.032094197000001,0.62,0.0,0.0,0.0
8.033355996000001,0.62,0.0,0.0,0.0
8.034092934,0.62,0.0,0.0,0.0
8.035298211,0.62,0.0,0.0,0.0
8.036089832,0.62,0.0,0.0,0.0
8.037236691,0.62,0.0,0.0,0.0
8.038202629,0.61,0.0,0.0,0.0
8.039277595,0.62,0.0,0.0,0.01
8.040235547,0.63,0.0,0.0,0.0
8.042433742,0.63,0.0,0.0,0.0
8.043092657,0.63,0.0,0.0,0.0
8.044400684000001,0.63,0.0,0.0,0.0
8.045098287,0.63,0.0,0.0,0.0
8.046404283000001,0.62,0.0,0.0,0.0
8.04709173,0.63,0.0,0.0,0.0
8.048227948000001,0.62,0.0,0.0,0.01
8.049195281000001,0.63,0.0,0.0,0.0
8.050183127,0.63,0.0,0.0,0.0
8.051344522,0.63,0.0,0.0,0.0
8.052113906,0.63,0.0,0.0,0.0
8.053449828,0.63,0.0,0.0,0.0
8.055403741000001,0.62,0.0,0.0,0.0
8.056094906,0.62,0.0,0.0,0.0
8.057358795,0.62,0.0,0.0,0.0
8.058095014000001,0.63,0.0,0.0,0.0
8.059404783,0.63,0.0,0.0,0.0
8.060095965,0.63,0.0,0.0,0.0
8.061276968000001,0.63,0.0,0.0,0.0
8.062095031,0.62,0.0,0.0,0.01
8.063430132,0.63,0.0,0.0,0.0
8.064095673,0.63,0.0,0.0,0.0
8.065219073,0.63,0.0,0.0,0.0
8.0661933,0.63,0.0,0.0,0.0
8.067188092,0.63,0.0,0.0,0.0
8.068476074000001,0.63,0.0,0.0,0.0
8.070400323000001,0.63,0.0,0.0,0.0
8.071102693,0.63,0.0,0.0,0.0
8.072446819000001,0.63,0.0,0.01,0.0
8.073097251,0.63,0.0,0.0,0.0
8.074397678,0.63,0.0,0.0,0.0
8.075102049,0.63,0.0,0.0,0.0
8.076400793000001,0.63,0.0,0.0,0.0
8.077103843,0.64,0.0,0.0,0.0
8.078392327000001,0.63,0.0,0.0,0.0
8.079101778,0.63,0.0,0.0,0.0
8.080312824,0.62,0.0,0.0,0.0
8.081147573,0.63,0.0,0.0,0.0
8.082250377000001,0.63,0.0,0.0,0.0
8.083165905000001,0.63,0.0,0.0,0.0
8.085213858000001,0.63,0.0,0.0,0.0
8.086189617,0.63,0.0,0.0,0.0
8.087184527,0.62,0.0,0.0,0.0
8.088272113,0.62,0.0,0.0,0.0
8.089147573,0.63,0.0,0.0,0.0
8.090277028000001,0.62,0.0,0.0,0.01
8.091103688,0.63,0.0,0.0,0.0
8.092124159,0.63,0.0,0.0,0.0
8.093270664,0.63,0.0,0.0,0.0
8.094168249,0.62,0.0,0.0,0.0
8.095096576000001,0.62,0.0,0.0,0.0
8.096183566,0.63,0.0,0.0,0.0
8.097178301000001,0.63,0.0,0.0,0.0
8.098230019,0.63,0.0,0.0,0.0
8.099129295000001,0.63,0.0,0.0,0.0
8.100413004,0.63,0.0,0.0,0.0
8.102411223,0.62,0.01,0.0,0.0
8.103114517,0.62,0.0,0.0,0.0
8.104267294000001,0.62,0.0,0.0,0.0
8.105199609000001,0.62,0.0,0.0,0.0
8.106261583,0.63,0.0,0.0,0.0
8.107224891000001,0.63,0.0,0.0,0.0
8.108183591000001,0.63,0.0,0.0,0.0
8.109312843,0.63,0.0,0.0,0.0
8.110105847,0.62,0.0,0.0,0.0
8.111328196,0.62,0.0,0.0,0.0
8.112105469000001,0.63,0.0,0.0,0.0
8.113402608000001,0.62,0.0,0.0,0.0
8.115283916000001,0.62,0.0,0.0,0.0
8.116127152,0.63,0.0,0.0,0.0
8.117177267,0.62,0.0,0.0,0.0
8.118272617,0.62,0.0,0.0,0.0
8.119232565,0.63,0.0,0.0,0.0
8.120266805,0.62,0.0,0.0,0.0
8.121227287,0.63,0.0,0.0,0.0
8.122271823,0.62,0.0,0.0,0.0
8.123231873,0.62,0.0,0.0,0.0
8.124214085,0.62,0.0,0.0,0.0
8.125306309,0.63,0.0,0.0,0.0
8.126131383,0.62,0.0,0.0,0.0
8.12738824,0.63,0.0,0.0,0.0
8.128096596,0.63,0.0,0.0,0.0
8.129400740000001,0.63,0.0,0.0,0.0
8.131482551000001,0.63,0.0,0.0,0.0
8.133069898,0.63,0.0,0.0,0.0
8.134353918,0.63,0.0,0.0,0.0
8.135121547,0.63,0.0,0.0,0.0
8.136200554,0.63,0.0,0.0,0.0
8.137203655,0.63,0.0,0.0,0.0
8.13820064,0.63,0.0,0.0,0.0
8.139205882,0.63,0.0,0.0,0.0
8.140167547,0.63,0.0,0.0,0.0
8.141191478,0.63,0.0,0.0,0.0
8.142213446000001,0.63,0.0,0.0,0.0
8.143225612,0.63,0.0,0.0,0.0
8.144361086,0.63,0.0,0.0,0.0
8.145343229,0.63,0.0,0.0,0.0
8.146216293,0.63,0.0,0.0,0.0
8.147216598,0.62,0.0,0.0,0.0
8.148198911,0.62,0.0,0.0,0.0
8.150394526000001,0.62,0.0,0.0,0.0
8.151253576,0.62,0.0,0.0,0.0
8.152194020000001,0.63,0.0,0.0,0.0
8.153198718,0.62,0.0,0.0,0.0
8.154158094000001,0.62,0.0,0.0,0.0
8.155134357,0.62,0.0,0.0,0.0
8.156178157000001,0.62,0.0,0.0,0.0
8.15717992,0.62,0.0,0.0,0.0
8.158194625,0.62,0.0,0.0,0.0
8.159192342,0.63,0.0,0.0,0.0
8.160191955,0.63,0.0,0.0,0.0
8.161197730000001,0.63,0.0,0.0,0.0
8.162174764000001,0.63,0.0,0.0,0.0
8.163201117,0.63,0.0,0.0,0.0
8.164200603000001,0.62,0.01,0.0,0.0
8.16512872,0.63,0.0,0.0,0.0
8.166204447,0.63,0.0,0.0,0.0
8.167207912,0.63,0.0,0.0,0.0
8.16819751,0.63,0.0,0.01,0.0
8.169160634,0.63,0.0,0.0,0.0
8.170272843000001,0.62,0.0,0.0,0.0
8.171132918,0.62,0.0,0.0,0.0
8.17230996,0.63,0.0,0.0,0.0
8.174342831,0.63,0.0,0.0,0.0
8.175099872,0.63,0.0,0.0,0.0
8.176245434,0.63,0.0,0.0,0.0
8.177191347,0.63,0.0,0.0,0.0
8.178140936,0.62,0.0,0.0,0.0
8.179221643,0.62,0.0,0.0,0.0
8.180216554000001,0.63,0.0,0.0,0.0
8.181207993000001,0.62,0.0,0.0,0.0
8.182121798,0.63,0.0,0.0,0.0
8.183087004,0.63,0.0,0.0,0.0
8.185637104000001,0.63,0.0,0.0,0.0
8.185972313,0.63,0.0,0.0,0.0
8.186298200000001,0.63,0.0,0.0,0.0
8.187108599,0.63,0.0,0.0,0.0
8.188340273,0.63,0.0,0.0,0.0
8.189205122,0.63,0.0,0.0,0.0
8.191415413,0.63,0.0,0.0,0.0
8.192071091,0.63,0.0,0.0,0.0
8.19337422,0.63,0.0,0.0,0.0
8.194119158000001,0.63,0.0,0.0,0.0
8.195205483,0.63,0.0,0.0,0.0
8.196247716,0.62,0.0,0.0,0.0
8.197249948000001,0.62,0.0,0.0,0.0
8.198211294,0.62,0.0,0.0,0.0
8.199288908,0.63,0.0,0.0,0.0
8.200075091,0.63,0.0,0.0,0.0
8.201268192,0.63,0.0,0.0,0.0
8.202162687000001,0.63,0.0,0.0,0.0
8.203159016,0.62,0.0,0.0,0.0
8.204388208000001,0.63,0.0,0.0,0.0
8.206238026000001,0.63,0.0,0.0,0.0
8.207128154000001,0.63,0.0,0.0,0.0
8.208128519,0.63,0.0,0.0,0.0
8.209360578,0.63,0.0,0.0,0.0
8.210085485,0.63,0.0,0.0,0.0
8.21113895,0.63,0.0,0.0,0.0
8.212219198,0.63,0.0,0.0,0.0
8.213123923000001,0.63,0.0,0.0,0.0
8.214163773000001,0.63,0.0,0.0,0.0
8.215099811,0.63,0.0,0.0,0.0
8.216092141,0.63,0.0,0.0,0.0
8.217164801000001,0.63,0.0,0.0,0.0
8.218170378,0.63,0.0,0.0,0.0
8.219322324,0.63,0.0,0.0,0.0
8.221352926,0.63,0.0,0.0,0.0
8.222141487,0.63,0.0,0.0,0.0
8.223189192000001,0.63,0.0,0.0,0.0
8.224183673,0.63,0.0,0.0,0.0
8.225211412,0.63,0.0,0.0,0.0
8.226168137,0.63,0.0,0.0,0.0
8.227188219,0.63,0.0,0.0,0.0
8.228196734,0.63,0.0,0.0,0.0
8.229218173000001,0.63,0.0,0.0,0.0
8.230236794,0.63,0.0,0.0,0.01
8.231275052,0.64,0.0,0.0,0.0
8.232255817,0.63,0.0,0.0,0.0
8.23444839,0.63,0.0,0.01,0.0
8.235346562,0.63,0.0,0.0,0.0
8.236233453,0.63,0.0,0.0,0.0
8.237163144,0.63,0.0,0.0,0.0
8.238176886,0.63,0.0,0.0,0.0
8.239190097,0.63,0.0,0.0,0.0
8.240164499,0.63,0.0,0.0,0.0
8.241191574,0.63,0.0,0.0,0.0
8.242193988,0.63,0.0,0.0,0.0
8.243217774,0.63,0.0,0.0,0.0
8.244230057000001,0.63,0.0,0.0,0.0
8.245289164,0.63,0.0,0.0,0.0
8.246262309,0.63,0.0,0.0,0.0
8.247270164,0.63,0.0,0.0,0.0
8.24834354,0.63,0.0,0.0,0.0
8.249440490000001,0.63,0.0,0.02,0.0
8.250500446,0.63,0.0,0.0,0.0
8.251438399000001,0.63,0.0,0.0,0.0
8.253525715,0.63,0.0,0.0,0.0
8.254594355,0.63,0.0,0.0,0.0
8.255502374,0.63,0.0,0.0,0.0
8.256361566,0.63,0.0,0.0,0.0
8.257145945000001,0.63,0.0,0.0,0.0
8.258200140000001,0.63,0.0,0.0,0.0
8.259176602,0.63,0.0,0.0,0.0
8.260158396000001,0.63,0.0,0.0,0.0
8.261179077000001,0.63,0.0,0.0,0.0
8.262202495,0.63,0.01,0.0,0.0
8.263181918,0.63,0.0,0.0,0.0
8.26421943,0.63,0.0,0.0,0.0
8.266403978000001,0.63,0.0,0.0,0.0
8.267153395000001,0.63,0.0,0.0,0.0
8.268177102000001,0.62,0.0,0.0,0.0
8.269178255,0.63,0.0,0.0,0.0
8.270151152,0.63,0.0,0.0,0.0
8.271389404,0.63,0.0,0.0,0.0
8.27212319,0.63,0.0,0.01,0.0
8.273192704000001,0.63,0.0,0.0,0.0
8.274133945,0.63,0.0,0.0,0.0
8.275157744000001,0.63,0.0,0.0,0.0
8.276318940000001,0.63,0.0,0.0,0.01
8.277114711000001,0.63,0.0,0.0,0.0
8.278194487,0.63,0.0,0.0,0.0
8.280223183,0.63,0.0,0.0,0.0
8.281210444000001,0.63,0.0,0.0,0.0
8.28213583,0.63,0.0,0.0,0.0
8.283199908,0.63,0.0,0.0,0.0
8.284204018,0.63,0.0,0.0,0.0
8.2863418,0.63,0.0,0.0,0.0
8.287193089,0.63,0.0,0.0,0.0
8.288208486,0.63,0.0,0.0,0.0
8.289213555,0.63,0.0,0.0,0.0
8.290227936,0.63,0.0,0.0,0.0
8.291207795,0.63,0.0,0.0,0.0
8.292200587,0.63,0.0,0.0,0.01
8.293185986000001,0.63,0.0,0.0,0.0
8.294231994,0.63,0.0,0.0,0.0
8.295173725,0.63,0.0,0.0,0.0
8.296148372000001,0.63,0.0,0.0,0.0
8.297190678,0.63,0.0,0.0,0.0
8.298154322,0.63,0.0,0.0,0.0
8.299176336,0.63,0.0,0.0,0.0
8.300167501,0.63,0.0,0.0,0.0
8.301188704000001,0.63,0.0,0.0,0.0
8.302197254000001,0.63,0.0,0.0,0.0
8.303199618,0.63,0.0,0.0,0.0
8.304114381,0.64,0.0,0.0,0.0
8.305122126,0.63,0.0,0.0,0.0
8.306142216000001,0.64,0.0,0.0,0.0
8.307135414000001,0.63,0.0,0.0,0.0
8.309228528,0.63,0.0,0.0,0.0
8.310210433,0.64,0.0,0.0,0.0
8.311108698,0.64,0.0,0.0,0.01
8.312134711,0.63,0.01,0.0,0.0
8.31334344,0.62,0.0,0.0,0.0
8.314142297,0.62,0.0,0.0,0.0
8.315185322000001,0.64,0.0,0.0,0.0
8.316243628,0.64,0.0,0.01,0.0
8.317196649000001,0.64,0.0,0.0,0.01
8.318187988,0.64,0.0,0.01,0.0
8.319226225000001,0.63,0.0,0.0,0.0
8.320185310000001,0.64,0.0,0.0,0.0
8.321197375,0.63,0.0,0.0,0.0
8.32221354,0.64,0.0,0.0,0.0
8.323227696,0.63,0.0,0.0,0.0
8.324253798,0.64,0.0,0.0,0.0
8.325353378,0.64,0.0,0.0,0.0
8.327510652,0.63,0.0,0.0,0.0
8.328685241,0.6,0.0,0.0,0.0
8.329610442,0.6,0.0,0.0,0.0
8.330402914,0.61,0.0,0.0,0.0
8.331273836000001,0.62,0.0,0.0,0.0
8.332159221000001,0.62,0.0,0.0,0.0
8.333197537,0.63,0.0,0.0,0.0
8.334142293000001,0.63,0.0,0.0,0.0
8.335181307000001,0.62,0.0,0.0,0.0
8.336174928,0.61,0.0,0.0,0.0
8.337145205,0.62,0.0,0.0,0.0
8.338166161,0.62,0.0,0.0,0.0
8.339165459,0.63,0.0,0.0,0.0
8.341270277000001,0.63,0.0,0.0,0.0
8.342126944,0.64,0.0,0.0,0.0
8.343187023,0.64,0.0,0.0,0.0
8.344242075,0.62,0.0,0.0,0.0
8.345142792,0.63,0.0,0.0,0.0
8.346374683,0.63,0.0,0.01,0.0
8.347117634,0.64,0.0,0.0,0.0
8.348186268000001,0.64,0.0,0.0,0.0
8.349105834000001,0.63,0.0,0.0,0.0
8.350091967000001,0.64,0.0,0.0,0.0
8.351135033,0.63,0.0,0.0,0.0
8.352131391,0.63,0.0,0.0,0.0
8.353370911,0.62,0.0,0.0,0.0
8.354110875,0.61,0.0,0.0,0.0
8.355441238000001,0.62,0.0,0.0,0.0
8.357408308,0.64,0.0,0.0,0.0
8.358111163,0.66,0.0,0.01,0.0
8.359244956000001,0.66,0.0,0.0,0.0
8.360232585,0.64,0.0,0.0,0.0
8.361158697,0.62,0.0,0.0,0.0
8.362326515000001,0.61,0.0,0.0,0.0
8.36310819,0.63,0.0,0.0,0.0
8.364409329,0.64,0.0,0.0,0.0
8.365099372000001,0.63,0.0,0.0,0.0
8.366143501,0.64,0.0,0.0,0.0
8.367186466,0.64,0.0,0.0,0.0
8.368161895,0.64,0.0,0.0,0.0
8.370407598,0.63,0.0,0.0,0.0
8.371101161,0.61,0.0,0.0,0.0
8.372272146,0.63,0.0,0.0,0.0
8.373237954,0.63,0.0,0.0,0.0
8.374271671,0.64,0.0,0.0,0.0
8.375243736,0.64,0.0,0.0,0.0
8.376265753,0.64,0.0,0.0,0.0
8.377249878,0.64,0.0,0.0,0.0
8.37814091,0.63,0.0,0.0,0.0
8.379391193,0.63,0.0,0.0,0.0
8.380104986000001,0.63,0.0,0.0,0.0
8.381341189,0.63,0.0,0.0,0.0
8.382093887,0.64,0.0,0.0,0.0
8.383378357,0.64,0.0,0.0,0.0
8.384098277,0.64,0.0,0.01,0.0
8.385273340000001,0.64,0.0,0.0,0.0
8.387348378,0.64,0.0,0.0,0.0
8.388101834,0.64,0.0,0.0,0.0
8.38941112,0.64,0.0,0.0,0.0
8.390102125,0.65,0.0,0.0,0.0
8.391278635,0.64,0.0,0.0,0.0
8.392122132,0.64,0.0,0.0,0.0
8.393311233,0.64,0.0,0.0,0.0
8.394103346000001,0.64,0.0,0.0,0.0
8.395331715000001,0.63,0.0,0.0,0.0
8.396094888,0.59,0.0,0.0,0.0
8.397258676,0.6,0.0,0.0,0.0
8.398103309,0.62,0.0,0.0,0.0
8.399159949000001,0.65,0.0,0.0,0.0
8.401434567,0.65,0.0,0.0,0.0
8.40210197,0.6,0.0,0.0,0.0
8.40329384,0.59,0.0,0.0,0.0
8.404186074,0.59,0.0,0.0,0.01
8.405294829,0.61,0.0,0.0,0.0
8.406124637000001,0.61,0.0,0.0,0.01
8.407197296,0.62,0.0,0.0,0.0
8.40814682,0.64,0.0,0.0,0.0
8.409081471,0.64,0.0,0.0,0.0
8.41022819,0.64,0.0,0.0,0.0
8.41112578,0.62,0.0,0.0,0.0
8.412090997,0.62,0.01,0.0,0.0
8.413175201000001,0.63,0.0,0.0,0.0
8.414250382,0.64,0.0,0.0,0.0
8.415340308000001,0.65,0.0,0.0,0.0
8.417417796,0.65,0.0,0.0,0.0
8.418109567,0.66,0.0,0.0,0.0
8.4192856,0.64,0.0,0.0,0.0
8.420128595000001,0.62,0.0,0.0,0.0
8.421427821,0.62,0.0,0.0,0.0
8.42209776,0.63,0.0,0.0,0.0
8.423429263000001,0.63,0.0,0.0,0.0
8.424091552,0.64,0.0,0.0,0.0
8.425179492,0.64,0.0,0.0,0.0
8.426145120000001,0.61,0.0,0.0,0.0
8.427162786,0.6,0.0,0.0,0.0
8.428170899000001,0.59,0.0,0.0,0.0
8.429176147,0.61,0.0,0.0,0.0
8.430286894,0.61,0.0,0.0,0.0
8.432266559,0.63,0.0,0.0,0.0
8.433173623,0.63,0.0,0.0,0.0
8.434285876,0.63,0.0,0.0,0.0
8.435212232000001,0.63,0.0,0.0,0.0
8.436284477000001,0.63,0.0,0.0,0.0
8.437088064000001,0.63,0.0,0.0,0.0
8.438425266000001,0.65,0.0,0.0,0.0
8.439095002,0.64,0.0,0.0,0.0
8.440485197000001,0.64,0.0,0.0,0.0
8.441093988,0.64,0.0,0.0,0.0
8.442270248,0.64,0.0,0.0,0.0
8.443091216000001,0.63,0.0,0.0,0.0
8.444189581,0.63,0.0,0.0,0.0
8.446391503000001,0.64,0.0,0.0,0.0
8.447101325,0.65,0.0,0.0,0.0
8.448099269,0.64,0.0,0.0,0.0
8.449286334,0.64,0.0,0.0,0.0
8.450210101,0.64,0.0,0.0,0.0
8.451279906,0.64,0.0,0.0,0.0
8.452240222,0.64,0.0,0.0,0.0
8.453140651,0.64,0.0,0.0,0.0
8.454424046,0.64,0.0,0.0,0.0
8.455097749,0.64,0.0,0.0,0.0
8.456143397,0.64,0.0,0.0,0.0
8.457118591,0.64,0.0,0.0,0.0
8.458293288,0.64,0.0,0.0,0.0
8.459150820000001,0.64,0.0,0.0,0.0
8.460416599,0.64,0.0,0.0,0.0
8.462226835000001,0.64,0.0,0.0,0.0
8.463097278000001,0.64,0.0,0.0,0.0
8.464208218000001,0.65,0.0,0.0,0.0
8.465110233,0.65,0.0,0.0,0.0
8.46621195,0.65,0.0,0.0,0.0
8.46723667,0.64,0.0,0.0,0.0
8.468285651,0.64,0.0,0.0,0.0
8.469224819,0.65,0.0,0.0,0.0
8.470228328000001,0.65,0.0,0.01,0.0
8.471175356,0.65,0.0,0.0,0.0
8.472259651,0.65,0.0,0.0,0.0
8.473138454,0.65,0.0,0.0,0.0
8.474427862,0.65,0.0,0.0,0.0
8.475095267,0.65,0.0,0.0,0.0
8.476419787000001,0.65,0.0,0.0,0.0
8.478141644,0.65,0.0,0.0,0.0
8.479138735000001,0.65,0.0,0.0,0.0
8.480199103,0.65,0.0,0.0,0.0
8.481287448,0.64,0.0,0.0,0.0
8.482221727,0.64,0.0,0.0,0.0
8.483125456,0.65,0.0,0.0,0.0
8.484125417000001,0.65,0.0,0.0,0.0
8.485384741,0.65,0.0,0.0,0.0
8.486105257,0.65,0.0,0.0,0.0
8.487190155,0.65,0.0,0.0,0.0
8.488132559,0.65,0.0,0.0,0.0
8.489185892,0.65,0.0,0.0,0.0
8.490225224000001,0.65,0.0,0.0,0.0
8.492428044,0.65,0.0,0.0,0.0
8.493094336,0.65,0.0,0.0,0.0
8.494273879000001,0.65,0.0,0.0,0.0
8.495094096,0.65,0.0,0.0,0.0
8.496174623,0.65,0.0,0.0,0.0
8.497242673,0.65,0.0,0.0,0.0
8.498205852,0.65,0.0,0.0,0.0
8.499126242,0.65,0.0,0.0,0.0
8.500265102,0.65,0.0,0.0,0.0
8.501094856,0.64,0.0,0.0,0.0
8.502279973,0.65,0.0,0.0,0.0
8.503134125,0.65,0.0,0.0,0.0
8.504333520000001,0.65,0.0,0.0,0.0
8.506356261,0.65,0.0,0.0,0.0
8.507101826000001,0.65,0.0,0.0,0.0
8.508394074,0.65,0.0,0.0,0.0
8.509100928,0.65,0.0,0.0,0.0
8.510263379000001,0.64,0.0,0.0,0.0
8.511192827,0.65,0.0,0.0,0.01
8.512156997,0.65,0.0,0.0,0.0
8.51339536,0.65,0.0,0.0,0.0
8.514097584,0.65,0.0,0.0,0.01
8.515281707,0.64,0.0,0.0,0.0
8.51613455,0.65,0.0,0.0,0.0
8.517288707,0.65,0.0,0.0,0.0
8.5181205,0.65,0.0,0.0,0.0
8.519409965000001,0.65,0.01,0.0,0.0
8.521403656,0.64,0.0,0.0,0.0
8.522105417,0.64,0.0,0.0,0.0
8.523166321,0.62,0.0,0.0,0.0
8.524149726000001,0.64,0.0,0.0,0.0
8.525277353,0.64,0.0,0.0,0.0
8.526221078,0.64,0.0,0.0,0.0
8.527281402,0.65,0.0,0.0,0.0
8.5280994,0.65,0.0,0.0,0.0
8.529389344,0.64,0.0,0.0,0.0
8.530100347000001,0.64,0.0,0.0,0.0
8.531101587,0.65,0.0,0.0,0.0
8.532275723,0.65,0.0,0.0,0.01
8.533145318,0.65,0.0,0.0,0.0
8.534372374,0.65,0.0,0.0,0.0
8.535095887,0.65,0.0,0.0,0.0
8.536411122,0.64,0.0,0.0,0.0
8.538397057000001,0.65,0.0,0.0,0.0
8.539102503,0.65,0.0,0.0,0.0
8.540398952,0.65,0.0,0.0,0.0
8.541106184,0.65,0.0,0.0,0.0
8.542392909,0.65,0.0,0.0,0.0
8.543096725,0.64,0.0,0.0,0.01
8.544411555,0.64,0.0,0.0,0.0
8.545095224,0.64,0.0,0.0,0.0
8.54650462,0.64,0.01,0.0,0.0
8.547096332,0.65,0.0,0.0,0.0
8.548219182,0.65,0.0,0.0,0.0
8.549096861,0.65,0.0,0.0,0.0
8.550154263000001,0.65,0.0,0.0,0.0
8.551296055,0.65,0.0,0.0,0.0
8.553423016,0.64,0.0,0.0,0.0
8.554096209,0.65,0.0,0.0,0.0
8.555277669,0.65,0.0,0.0,0.0
8.556214689,0.65,0.0,0.0,0.0
8.557273621,0.65,0.0,0.0,0.0
8.558239038,0.65,0.0,0.0,0.0
8.559259710000001,0.65,0.0,0.0,0.0
8.560204801000001,0.64,0.0,0.0,0.0
8.561617592000001,0.64,0.0,0.0,0.0
8.562086222000001,0.65,0.0,0.0,0.0
8.563309925,0.65,0.0,0.0,0.0
8.564092992,0.65,0.0,0.0,0.0
8.565159864,0.64,0.0,0.0,0.0
8.567426879000001,0.65,0.0,0.0,0.0
8.568096074000001,0.65,0.02,0.0,0.0
8.569400108,0.64,0.0,0.0,0.0
8.570097975000001,0.64,0.0,0.0,0.0
8.57140421,0.64,0.0,0.0,0.0
8.572097745,0.64,0.0,0.0,0.0
8.573412084000001,0.65,0.0,0.0,0.0
8.574094847000001,0.64,0.0,0.0,0.0
8.575407927,0.65,0.0,0.01,0.0
8.576094273,0.64,0.0,0.0,0.0
8.577335673,0.65,0.0,0.0,0.0
8.578105761,0.64,0.0,0.0,0.0
8.579145246000001,0.65,0.0,0.0,0.0
8.581391178,0.65,0.0,0.0,0.0
8.582101497,0.65,0.0,0.0,0.0
8.583104528,0.65,0.01,0.0,0.0
8.584141139,0.65,0.0,0.0,0.0
8.585135021000001,0.65,0.0,0.0,0.0
8.586255484,0.65,0.0,0.0,0.0
8.587101412,0.65,0.0,0.0,0.0
8.588267236,0.64,0.0,0.0,0.0
8.589230234,0.65,0.0,0.0,0.0
8.590238582000001,0.65,0.0,0.0,0.0
8.591199468000001,0.65,0.0,0.0,0.0
8.592171483000001,0.64,0.0,0.01,0.0
8.593181973,0.65,0.0,0.0,0.0
8.594354835,0.65,0.0,0.0,0.0
8.595115349,0.65,0.0,0.0,0.0
8.596251989,0.65,0.0,0.0,0.0
8.598340477,0.65,0.0,0.0,0.0
8.599109606,0.65,0.0,0.0,0.0
8.600270551000001,0.65,0.0,0.0,0.0
8.601215147000001,0.64,0.0,0.0,0.0
8.602269535000001,0.65,0.0,0.0,0.0
8.603212102,0.65,0.0,0.0,0.0
8.604279814,0.65,0.0,0.0,0.0
8.605227119,0.65,0.0,0.0,0.0
8.606179520000001,0.65,0.0,0.0,0.0
8.607319414000001,0.65,0.0,0.0,0.0
8.608102069000001,0.65,0.0,0.0,0.0
8.609299653,0.65,0.0,0.0,0.0
8.611320896,0.65,0.0,0.0,0.0
8.612116124,0.65,0.0,0.0,0.0
8.613254159,0.65,0.0,0.0,0.0
8.614218778,0.65,0.0,0.0,0.0
8.615132385,0.65,0.0,0.0,0.0
8.616176845,0.65,0.0,0.0,0.0
8.617251557000001,0.65,0.0,0.0,0.0
8.618131985,0.65,0.0,0.0,0.0
8.619268697,0.65,0.0,0.0,0.0
8.620275319000001,0.65,0.0,0.0,0.0
8.621180883000001,0.65,0.0,0.0,0.0
8.622112597000001,0.64,0.0,0.0,0.0
8.623130900000001,0.65,0.0,0.0,0.0
8.624149945000001,0.65,0.0,0.0,0.0
8.625219598000001,0.65,0.0,0.0,0.0
8.626251637000001,0.65,0.0,0.0,0.0
8.62817858,0.64,0.0,0.0,0.0
8.629197037,0.65,0.0,0.0,0.0
8.630237710000001,0.65,0.0,0.0,0.0
8.631225809,0.65,0.0,0.0,0.0
8.632250906000001,0.65,0.0,0.0,0.0
8.633228812,0.65,0.0,0.0,0.0
8.634247107,0.65,0.0,0.0,0.0
8.635234555,0.65,0.0,0.0,0.0
8.636181873,0.65,0.0,0.0,0.0
8.637211637,0.65,0.0,0.0,0.0
8.638145008,0.65,0.0,0.0,0.0
8.639309966,0.65,0.0,0.0,0.0
8.640101015,0.65,0.0,0.0,0.0
8.641441706,0.66,0.0,0.0,0.0
8.643126405,0.66,0.0,0.0,0.0
8.644132846,0.66,0.0,0.0,0.0
8.645176009,0.66,0.0,0.0,0.0
8.646162228,0.66,0.0,0.0,0.0
8.647135623,0.66,0.0,0.0,0.0
8.648180167000001,0.65,0.0,0.0,0.0
8.649209394,0.66,0.0,0.0,0.0
8.650156082,0.66,0.0,0.0,0.0
8.651219766,0.66,0.0,0.0,0.0
8.65219238,0.66,0.0,0.0,0.0
8.653222556000001,0.66,0.0,0.0,0.0
8.654206818,0.66,0.0,0.0,0.0
8.655228962,0.65,0.0,0.0,0.0
8.657491119000001,0.66,0.0,0.0,0.0
8.658530725,0.66,0.0,0.0,0.0
8.659392883,0.66,0.0,0.0,0.0
8.660142795,0.66,0.0,0.0,0.0
8.661201863,0.66,0.0,0.0,0.0
8.662185446,0.66,0.01,0.0,0.0
8.663164823,0.66,0.0,0.0,0.0
8.664185481,0.66,0.0,0.0,0.0
8.665207115000001,0.66,0.0,0.0,0.0
8.666150854000001,0.66,0.0,0.0,0.0
8.667190119,0.66,0.0,0.0,0.0
8.66815918,0.66,0.0,0.0,0.0
8.669150425,0.65,0.0,0.0,0.0
8.670175537,0.66,0.0,0.0,0.0
8.672328656000001,0.66,0.0,0.0,0.0
8.673139382,0.66,0.0,0.0,0.0
8.674125431,0.66,0.0,0.0,0.0
8.675196124000001,0.67,0.0,0.0,0.0
8.676196202,0.66,0.0,0.0,0.0
8.677196304,0.66,0.0,0.0,0.0
8.678145487,0.64,0.0,0.0,0.0
8.679194917,0.64,0.0,0.0,0.0
8.68010592,0.64,0.0,0.0,0.0
8.681184536,0.64,0.0,0.0,0.0
8.682147554,0.65,0.0,0.0,0.0
8.683314374,0.65,0.0,0.0,0.0
8.684132735,0.65,0.0,0.0,0.0
8.686015686000001,0.65,0.0,0.0,0.0
8.687346335,0.66,0.0,0.0,0.0
8.688080644000001,0.65,0.0,0.0,0.0
8.689375158,0.65,0.0,0.0,0.0
8.690079776000001,0.65,0.0,0.0,0.0
8.691376642,0.66,0.0,0.0,0.0
8.692075422,0.66,0.0,0.0,0.0
8.693363213000001,0.66,0.0,0.0,0.0
8.694102721,0.65,0.0,0.01,0.0
8.695219265,0.65,0.0,0.0,0.0
8.696220181000001,0.65,0.0,0.0,0.0
8.697188207,0.66,0.0,0.0,0.0
8.6982643,0.66,0.0,0.0,0.0
8.699082631000001,0.66,0.0,0.0,0.0
8.700334204,0.66,0.0,0.0,0.01
8.701138264,0.66,0.0,0.0,0.0
8.702441168,0.65,0.0,0.0,0.0
8.704355467000001,0.66,0.0,0.0,0.0
8.705089711000001,0.65,0.0,0.0,0.0
8.70612387,0.65,0.0,0.0,0.0
8.70729966,0.66,0.0,0.0,0.0
8.708091569,0.66,0.0,0.0,0.0
8.709228221,0.66,0.0,0.0,0.0
8.710230581000001,0.66,0.0,0.0,0.01
8.711080813,0.65,0.0,0.0,0.0
8.712268530000001,0.66,0.0,0.0,0.0
8.713160746,0.66,0.0,0.0,0.0
8.714138399000001,0.66,0.0,0.0,0.0
8.715874138,0.66,0.0,0.0,0.0
8.716297919,0.67,0.0,0.0,0.0
8.718392913,0.66,0.0,0.0,0.0
8.719077994000001,0.66,0.0,0.0,0.0
8.720358412000001,0.66,0.0,0.0,0.0
8.721100152,0.66,0.0,0.0,0.0
8.722203161000001,0.66,0.0,0.0,0.0
8.723201575000001,0.67,0.0,0.0,0.0
8.724196555,0.66,0.0,0.0,0.0
8.725196868000001,0.66,0.01,0.0,0.0
8.726208352,0.65,0.0,0.0,0.0
8.727157165000001,0.65,0.0,0.0,0.0
8.728181540000001,0.65,0.0,0.0,0.0
8.729197444,0.65,0.0,0.0,0.0
8.730206178000001,0.65,0.0,0.0,0.0
8.731217503,0.65,0.0,0.0,0.0
8.733518751,0.65,0.0,0.0,0.0
8.734580618,0.65,0.0,0.0,0.0
8.735415724000001,0.65,0.0,0.0,0.0
8.736156998,0.66,0.0,0.0,0.0
8.737190269000001,0.66,0.0,0.0,0.0
8.738156731,0.66,0.0,0.0,0.0
8.739191103000001,0.66,0.0,0.0,0.0
8.740163737000001,0.66,0.0,0.0,0.0
8.741206100000001,0.66,0.0,0.0,0.0
8.742180048,0.66,0.0,0.0,0.0
8.743173693000001,0.66,0.0,0.0,0.01
8.744175226000001,0.65,0.0,0.0,0.0
8.745181884,0.65,0.0,0.0,0.0
8.746165183,0.65,0.0,0.0,0.0
8.748139844,0.66,0.0,0.0,0.0
8.749188511,0.66,0.0,0.0,0.0
8.750194644,0.66,0.0,0.0,0.0
8.751165147,0.66,0.0,0.0,0.0
8.752221194,0.66,0.0,0.0,0.0
8.753190284,0.66,0.0,0.0,0.0
8.754212047000001,0.65,0.0,0.0,0.0
8.755296818,0.66,0.0,0.0,0.0
8.756292748,0.66,0.0,0.0,0.0
8.757343175,0.65,0.0,0.0,0.0
8.758455404000001,0.66,0.0,0.0,0.0
8.759466798,0.65,0.0,0.0,0.0
8.760403601,0.65,0.0,0.0,0.0
8.761275472000001,0.65,0.0,0.0,0.0
8.762299858,0.65,0.0,0.0,0.0
8.763297318000001,0.66,0.0,0.0,0.0
8.765384404,0.66,0.0,0.0,0.0
8.766649638,0.66,0.0,0.0,0.0
8.767559037,0.65,0.0,0.0,0.0
8.768265413,0.66,0.0,0.0,0.0
8.769150831000001,0.65,0.0,0.0,0.0
8.770238243000001,0.65,0.0,0.0,0.0
8.771166747,0.65,0.0,0.0,0.0
8.772206067,0.66,0.0,0.0,0.01
8.773156557,0.65,0.0,0.0,0.0
8.774338972,0.65,0.0,0.0,0.0
8.775132644000001,0.65,0.0,0.0,0.0
8.776396196,0.65,0.0,0.0,0.0
8.778414876000001,0.65,0.0,0.0,0.0
8.779131197,0.65,0.0,0.0,0.0
8.78023593,0.65,0.0,0.0,0.0
8.781236159,0.65,0.0,0.0,0.0
8.782155043000001,0.65,0.0,0.0,0.0
8.783377729,0.65,0.0,0.0,0.0
8.784113942000001,0.66,0.0,0.0,0.0
8.785284892,0.65,0.0,0.0,0.0
8.786111165000001,0.66,0.0,0.0,0.0
8.787390363,0.66,0.0,0.0,0.0
8.788097619,0.65,0.0,0.0,0.0
8.789283756,0.66,0.0,0.0,0.0
8.790098091,0.65,0.0,0.0,0.0
8.791425643,0.65,0.0,0.0,0.0
8.793402212,0.66,0.0,0.0,0.0
8.794101038,0.66,0.0,0.0,0.0
8.795390903000001,0.65,0.0,0.0,0.0
8.796101266,0.65,0.0,0.0,0.0
8.797399856,0.66,0.0,0.0,0.0
8.798098906,0.66,0.0,0.0,0.0
8.799317929,0.66,0.01,0.0,0.0
8.800098602,0.65,0.0,0.0,0.0
8.801404765000001,0.66,0.0,0.0,0.0
8.802098311,0.66,0.0,0.0,0.01
8.803334311,0.66,0.0,0.0,0.0
8.804091503,0.66,0.0,0.0,0.0
8.805361333,0.66,0.0,0.0,0.0
8.806093616,0.66,0.0,0.0,0.0
8.807393205,0.65,0.0,0.0,0.01
8.809422272,0.63,0.0,0.0,0.0
8.810097219000001,0.64,0.0,0.01,0.0
8.811307375,0.67,0.0,0.0,0.01
8.812099909,0.68,0.0,0.0,0.0
8.813408577,0.57,0.0,0.0,0.0
8.814098035,0.51,0.0,0.0,0.0
8.815528351000001,0.55,0.0,0.0,0.0
8.816098817,0.61,0.01,0.0,0.0
8.817378464,0.66,0.0,0.0,0.0
8.818092855,0.66,0.0,0.0,0.0
8.819274306,0.66,0.0,0.0,0.0
8.820151566,0.67,0.0,0.0,0.01
8.821418055,0.64,0.0,0.0,0.01
8.822097443,0.6,0.0,0.0,0.05
8.823412192000001,0.62,0.0,0.0,0.05
8.825307281,0.65,0.0,0.0,0.1
8.82609691,0.65,0.0,0.0,0.11
8.827158608000001,0.65,0.0,0.0,0.13
8.82824422,0.66,0.0,0.0,0.15
8.829247987,0.66,0.0,0.0,0.28
8.830172544,0.65,0.0,0.0,0.29
8.831398921,0.64,0.0,0.0,0.29
8.832103331,0.65,0.0,0.0,0.38
8.833149112000001,0.65,0.0,0.0,0.42
8.834257166,0.66,0.0,0.0,0.45
8.835140386,0.65,0.0,0.0,0.45
8.836301733,0.65,0.0,0.0,0.46
8.83840763,0.65,0.0,0.0,0.45
8.839100156,0.64,0.0,0.0,0.46
8.840391273,0.64,0.0,0.0,0.55
8.841097897000001,0.64,0.0,0.0,0.55
8.842405594,0.65,0.0,0.0,0.55
8.843092511,0.66,0.0,0.0,0.59
8.844418665000001,0.66,0.0,0.0,0.61
8.845089722,0.66,0.0,0.0,0.62
8.846262204,0.66,0.0,0.0,0.62
8.847085791000001,0.65,0.0,0.0,0.63
8.848087968,0.65,0.0,0.0,0.63
8.849287319,0.65,0.0,0.0,0.65
8.850163369,0.66,0.0,0.0,0.64
8.852360891,0.66,0.0,0.0,0.64
8.853109302,0.66,0.0,0.0,0.64
8.854393073,0.67,0.0,0.0,0.65
8.855098353,0.65,0.0,0.0,0.65
8.856284887000001,0.59,0.0,0.0,0.66
8.857143743,0.61,0.0,0.0,0.66
8.858125414,0.64,0.0,0.0,0.67
8.859143174,0.64,0.0,0.0,0.67
8.860130535,0.68,0.0,0.0,0.68
8.861132068,0.67,0.0,0.0,0.68
8.862165921,0.67,0.0,0.0,0.69
8.8631502,0.64,0.0,0.0,0.72
8.864150163,0.65,0.02,0.0,0.71
8.865092959,0.66,0.0,0.0,0.71
8.867364097000001,0.67,0.0,0.0,0.72
8.868110029,0.67,0.0,0.0,0.72
8.869389415,0.66,0.0,0.0,0.74
8.870109183,0.64,0.0,0.0,0.74
8.871399129,0.58,0.0,0.0,0.75
8.872101205,0.57,0.0,0.0,0.75
8.873272163000001,0.59,0.0,0.0,0.75
8.874243477,0.61,0.0,0.0,0.75
8.875129846,0.63,0.0,0.0,0.75
8.876343754,0.64,0.0,0.0,0.76
8.877097642,0.67,0.0,0.0,0.76
8.878290983000001,0.66,0.0,0.0,0.76
8.879150272,0.65,0.0,0.0,0.78
8.880183813,0.65,0.0,0.0,0.78
8.881132974,0.65,0.0,0.0,0.8
8.882459569,0.65,0.0,0.0,0.79
8.884395371,0.66,0.0,0.01,0.8
8.885101278,0.69,0.0,0.0,0.82
8.886164677,0.68,0.0,0.0,0.82
8.887143664,0.66,0.0,0.0,0.83
8.888395717,0.68,0.0,0.0,0.83
8.889103289000001,0.68,0.0,0.0,0.82
8.890350798,0.68,0.0,0.0,0.82
8.89110215,0.69,0.0,0.0,0.83
8.892330439,0.69,0.0,0.01,0.84
8.893094463,0.69,0.0,0.0,0.84
8.894312336,0.69,0.0,0.0,0.85
8.895095341000001,0.68,0.0,0.0,0.86
8.896244383,0.67,0.0,0.0,0.86
8.898434234,0.67,0.0,0.0,0.87
8.899096546,0.68,0.0,0.0,0.88
8.900415437000001,0.69,0.0,0.0,0.91
8.901088542,0.68,0.0,0.0,0.92
8.902343262,0.67,0.0,0.0,0.94
8.903124292000001,0.67,0.0,0.0,0.95
8.904294003,0.65,0.0,0.0,0.98
8.905088749,0.64,0.0,0.0,1.0
8.906473316000001,0.65,0.0,0.0,1.01
8.907081185000001,0.65,0.0,0.0,1.01
8.908305465,0.68,0.0,0.0,1.02
8.909140127,0.68,0.0,0.0,1.02
8.910173815,0.66,0.0,0.0,1.03
8.911152936,0.66,0.0,0.01,1.03
8.912474889,0.66,0.0,0.0,1.04
8.914405502000001,0.67,0.0,0.0,1.06
8.915103631000001,0.66,0.0,0.0,1.07
8.916134101,0.68,0.0,0.0,1.09
8.917274650000001,0.68,0.0,0.0,1.11
8.918130159,0.68,0.0,0.0,1.12
8.91941935,0.68,0.0,0.0,1.14
8.920098665000001,0.68,0.0,0.0,1.16
8.921405626,0.68,0.0,0.0,1.18
8.922098081,0.68,0.0,0.0,1.2
8.923478884000001,0.68,0.0,0.0,1.3
8.92409537,0.68,0.0,0.0,1.32
8.925308429000001,0.67,0.0,0.0,1.33
8.926129146000001,0.68,0.0,0.0,1.34
8.927454931,0.68,0.0,0.0,1.36
8.929464378,0.67,0.0,0.0,1.39
8.930101012,0.67,0.0,0.0,1.38
8.931394653,0.66,0.0,0.0,1.38
8.932104781000001,0.67,0.0,0.0,1.4
8.933274821000001,0.67,0.0,0.0,1.4
8.934131501000001,0.67,0.0,0.0,1.41
8.935416874000001,0.67,0.0,0.0,1.42
8.936095337000001,0.67,0.0,0.0,1.44
8.93716435,0.67,0.0,0.0,1.45
8.938198079000001,0.67,0.0,0.0,1.45
8.93917719,0.68,0.0,0.0,1.46
8.940126781,0.67,0.0,0.0,1.48
8.942444889,0.67,0.0,0.0,1.48
8.943106689,0.67,0.0,0.0,1.5
8.944254786,0.67,0.0,0.0,1.52
8.945191716,0.67,0.0,0.0,1.52
8.946237839,0.68,0.0,0.0,1.53
8.947239711,0.68,0.0,0.0,1.53
8.948095235,0.68,0.0,0.0,1.53
8.949293626000001,0.68,0.0,0.0,1.54
8.950107422,0.68,0.0,0.0,1.56
8.951247682,0.68,0.0,0.0,1.56
8.952153998,0.68,0.0,0.0,1.59
8.953347930000001,0.68,0.0,0.0,1.6
8.954104054,0.68,0.0,0.0,1.61
8.955231229,0.68,0.0,0.0,1.62
8.956172745,0.68,0.0,0.0,1.62
8.958411023,0.67,0.0,0.01,1.65
8.959096499000001,0.68,0.0,0.0,1.66
8.960396280000001,0.67,0.0,0.0,1.67
8.961099216000001,0.67,0.0,0.0,1.67
8.962243335,0.67,0.0,0.0,1.67
8.963186247000001,0.67,0.0,0.0,1.68
8.964247008000001,0.68,0.0,0.0,1.69
8.965126961000001,0.67,0.0,0.0,1.68
8.966285795000001,0.67,0.0,0.0,1.69
8.967234711,0.67,0.0,0.0,1.7
8.968187939,0.68,0.0,0.0,1.71
8.969126821,0.68,0.0,0.0,1.73
8.970320741,0.68,0.0,0.0,1.73
8.97111959,0.68,0.0,0.0,1.75
8.972416815,0.68,0.0,0.0,1.76
8.974408465,0.67,0.0,0.0,1.79
8.975102429000001,0.68,0.0,0.0,1.8
8.976410321000001,0.67,0.0,0.0,1.8
8.977101297,0.67,0.0,0.0,1.81
8.978527109,0.67,0.0,0.0,1.82
8.979092257000001,0.67,0.0,0.0,1.82
8.980407565,0.68,0.0,0.0,1.83
8.981100744,0.67,0.0,0.0,1.83
8.982277766000001,0.68,0.0,0.0,1.84
8.983097031,0.67,0.0,0.0,1.86
8.984186349,0.67,0.0,0.0,1.87
8.985128587,0.67,0.0,0.0,1.87
8.986282462,0.67,0.0,0.0,1.89
8.988396616000001,0.67,0.0,0.0,1.91
8.989097023000001,0.67,0.0,0.01,1.91
8.99026195,0.67,0.0,0.01,1.92
8.991213919,0.67,0.0,0.0,1.91
8.992272832000001,0.68,0.01,0.0,1.93
8.993225145,0.68,0.0,0.0,1.93
8.994259903000001,0.68,0.0,0.0,1.95
8.995180522,0.69,0.0,0.0,1.94
8.996388777,0.68,0.0,0.0,1.94
8.997106157000001,0.69,0.0,0.0,1.95
8.998448643,0.69,0.0,0.0,1.96
8.999095627,0.69,0.0,0.0,1.95
9.000295358,0.69,0.0,0.0,1.96
9.001117187,0.69,0.0,0.0,1.96
9.002414574000001,0.69,0.0,0.0,1.98
9.004486032,0.69,0.0,0.0,1.99
9.005102525,0.69,0.0,0.0,1.99
9.006316798,0.69,0.0,0.02,2.0
9.007128482,0.7,0.0,0.0,2.01
9.008214529,0.69,0.0,0.0,2.03
9.009078564000001,0.69,0.0,0.0,2.03
9.010312446,0.69,0.0,0.0,2.04
9.011151009,0.68,0.0,0.0,2.05
9.012257298,0.67,0.0,0.0,2.05
9.01318998,0.67,0.0,0.0,2.06
9.01417651,0.68,0.0,0.0,2.08
9.015112693,0.67,0.0,0.0,2.08
9.016131338000001,0.67,0.0,0.02,2.09
9.017143505,0.68,0.0,0.0,2.09
9.018450345,0.69,0.0,0.0,2.1
9.020417715,0.68,0.0,0.0,2.1
9.021111533000001,0.68,0.0,0.01,2.12
9.022263373000001,0.68,0.0,0.0,2.13
9.023223080000001,0.67,0.0,0.0,2.14
9.024260163000001,0.68,0.0,0.0,2.15
9.02523818,0.68,0.0,0.0,2.14
9.026232314000001,0.68,0.0,0.0,2.15
9.027240943,0.68,0.0,0.0,2.15
9.028146851,0.68,0.0,0.0,2.16
9.029327989,0.69,0.0,0.0,2.17
9.030104478,0.68,0.0,0.0,2.18
9.031324318000001,0.69,0.0,0.0,2.19
9.032101649000001,0.69,0.0,0.0,2.2
9.033276446,0.69,0.0,0.0,2.21
9.035412087000001,0.69,0.0,0.0,2.22
9.036106341,0.68,0.0,0.0,2.22
9.03740687,0.68,0.0,0.0,2.23
9.038111149,0.69,0.0,0.0,2.23
9.039390885000001,0.69,0.0,0.0,2.24
9.040096924,0.68,0.0,0.0,2.25
9.041286964000001,0.69,0.0,0.0,2.25
9.042104627,0.69,0.0,0.0,2.27
9.043497062,0.69,0.0,0.0,2.28
9.044093277,0.69,0.0,0.0,2.28
9.045368051,0.69,0.0,0.0,2.28
9.046106039000001,0.69,0.0,0.0,2.29
9.047400734,0.69,0.0,0.01,2.3
9.049138128000001,0.69,0.0,0.0,2.3
9.050162628,0.69,0.0,0.0,2.3
9.051299231,0.69,0.0,0.0,2.3
9.05223026,0.69,0.0,0.01,2.3
9.053165206000001,0.69,0.0,0.0,2.3
9.05428455,0.68,0.0,0.01,2.3
9.055144787,0.68,0.0,0.0,2.31
9.056270721,0.68,0.0,0.0,2.33
9.057234702,0.68,0.0,0.0,2.33
9.058219462,0.67,0.0,0.0,2.35
9.059172161000001,0.68,0.0,0.0,2.35
9.060319658000001,0.68,0.0,0.0,2.36
9.061185458,0.68,0.0,0.0,2.36
9.062109659,0.68,0.0,0.0,2.37
9.06421027,0.68,0.0,0.0,2.37
9.065148271,0.68,0.0,0.0,2.37
9.06619449,0.68,0.0,0.0,2.37
9.067200308,0.68,0.0,0.01,2.38
9.068202657,0.67,0.01,0.0,2.38
9.069197469,0.68,0.0,0.0,2.39
9.070167812000001,0.68,0.0,0.0,2.39
9.071177029000001,0.68,0.0,0.0,2.38
9.072186876,0.68,0.0,0.0,2.4
9.07321029,0.67,0.0,0.0,2.4
9.074205736,0.67,0.0,0.0,2.4
9.075214796000001,0.67,0.0,0.0,2.41
9.076212157,0.68,0.0,0.0,2.4
9.07719488,0.68,0.0,0.0,2.41
9.079441433000001,0.69,0.0,0.0,2.41
9.080326098,0.69,0.0,0.0,2.41
9.081241550000001,0.69,0.0,0.0,2.42
9.082182147000001,0.68,0.0,0.0,2.42
9.08315149,0.68,0.0,0.0,2.42
9.085250629,0.67,0.0,0.0,2.42
9.086163883000001,0.68,0.0,0.0,2.43
9.087153255,0.68,0.0,0.0,2.43
9.088237568,0.68,0.0,0.0,2.43
9.089176643,0.69,0.0,0.0,2.44
9.090183074,0.68,0.0,0.0,2.44
9.091222834,0.69,0.0,0.0,2.44
9.092253157,0.68,0.0,0.0,2.44
9.093205362,0.67,0.0,0.0,2.44
9.094301192000001,0.68,0.0,0.0,2.45
9.095324391,0.68,0.0,0.0,2.45
9.096308921,0.68,0.0,0.0,2.45
9.097190363000001,0.68,0.0,0.0,2.44
9.098189449000001,0.68,0.0,0.0,2.45
9.09915527,0.69,0.0,0.0,2.45
9.100152563,0.69,0.0,0.0,2.45
9.101219793,0.68,0.0,0.0,2.45
9.102165452000001,0.68,0.0,0.0,2.45
9.103184666,0.68,0.0,0.0,2.45
9.104123341000001,0.68,0.0,0.0,2.46
9.105160015000001,0.68,0.0,0.0,2.46
9.106157641000001,0.68,0.0,0.0,2.47
9.107164446,0.68,0.0,0.0,2.47
9.108195512,0.68,0.0,0.0,2.47
9.109224072,0.68,0.0,0.0,2.47
9.11136078,0.69,0.0,0.0,2.47
9.112203084,0.68,0.0,0.0,2.47
9.113179745,0.68,0.0,0.0,2.48
9.114224625,0.68,0.0,0.0,2.48
9.115158626000001,0.68,0.0,0.0,2.48
9.116151682,0.68,0.0,0.0,2.48
9.11724156,0.68,0.0,0.0,2.48
9.118223798,0.68,0.0,0.0,2.49
9.119164244,0.69,0.0,0.0,2.49
9.120346111,0.69,0.0,0.0,2.49
9.121118823,0.68,0.0,0.0,2.49
9.122326837000001,0.68,0.0,0.0,2.49
9.123104778,0.69,0.0,0.0,2.5
9.124390080000001,0.68,0.0,0.0,2.5
9.126407131,0.69,0.0,0.0,2.51
9.127109710000001,0.69,0.0,0.0,2.51
9.128158635,0.68,0.0,0.0,2.51
9.12925249,0.69,0.0,0.0,2.52
9.130208139,0.68,0.0,0.0,2.51
9.131255463,0.69,0.0,0.0,2.51
9.132212735000001,0.68,0.0,0.0,2.52
9.133087178,0.69,0.0,0.0,2.52
9.134194449,0.68,0.0,0.0,2.52
9.135138192000001,0.69,0.0,0.0,2.53
9.136296935,0.68,0.0,0.0,2.52
9.137109535,0.69,0.0,0.0,2.53
9.138325264,0.69,0.0,0.0,2.53
9.140113359,0.69,0.0,0.0,2.53
9.141154256,0.69,0.0,0.0,2.53
9.142228956,0.69,0.0,0.0,2.53
9.143236181,0.68,0.0,0.0,2.54
9.144249432,0.68,0.0,0.01,2.54
9.145243912,0.68,0.0,0.0,2.54
9.146238113,0.68,0.0,0.0,2.54
9.147135787,0.69,0.0,0.0,2.55
9.148095922000001,0.68,0.0,0.0,2.54
9.149200627,0.68,0.0,0.0,2.54
9.150143828000001,0.68,0.0,0.0,2.54
9.151137978000001,0.68,0.0,0.0,2.54
9.152291287,0.68,0.0,0.0,2.55
9.153111589,0.68,0.0,0.0,2.55
9.154257468,0.68,0.0,0.0,2.55
9.156390533,0.68,0.0,0.0,2.55
9.157114003,0.68,0.0,0.0,2.55
9.158242548,0.68,0.0,0.0,2.55
9.159227112,0.69,0.0,0.01,2.55
9.160246067000001,0.68,0.0,0.0,2.55
9.161167152,0.69,0.0,0.0,2.56
9.162236462000001,0.69,0.0,0.01,2.55
9.163142451,0.68,0.0,0.0,2.56
9.164432900000001,0.69,0.0,0.01,2.56
9.165121876,0.69,0.0,0.0,2.56
9.166322025000001,0.69,0.0,0.0,2.56
9.167102337000001,0.69,0.0,0.0,2.56
9.168414773,0.69,0.0,0.0,2.56
9.169101858000001,0.69,0.0,0.0,2.56
9.170416389000001,0.69,0.0,0.0,2.56
9.172418122,0.69,0.0,0.01,2.57
9.173102082,0.69,0.0,0.0,2.57
9.174398476,0.69,0.0,0.0,2.57
9.175102693000001,0.69,0.0,0.0,2.57
9.176400181,0.69,0.0,0.0,2.57
9.17710093,0.69,0.0,0.0,2.57
9.178154593,0.68,0.0,0.0,2.57
9.179205566,0.69,0.0,0.0,2.57
9.180189667,0.68,0.0,0.0,2.57
9.181135649,0.69,0.0,0.0,2.57
9.182354912000001,0.69,0.0,0.0,2.56
9.183093519,0.69,0.0,0.0,2.57
9.184279669,0.69,0.0,0.0,2.57
9.186377371,0.68,0.0,0.0,2.57
9.187102075,0.69,0.0,0.0,2.58
9.188390648,0.69,0.0,0.0,2.58
9.189093695,0.69,0.0,0.0,2.56
9.190419779,0.7,0.0,0.0,2.58
9.191093369,0.69,0.0,0.0,2.58
9.192301323,0.69,0.0,0.0,2.58
9.193123136,0.69,0.0,0.0,2.58
9.194737936000001,0.69,0.0,0.0,2.59
9.195205403000001,0.69,0.0,0.0,2.59
9.196202667000001,0.69,0.0,0.0,2.59
9.197127723000001,0.69,0.01,0.0,2.59
9.198177706000001,0.68,0.0,0.0,2.59
9.199128464000001,0.68,0.01,0.0,2.59
9.201417098,0.69,0.0,0.01,2.59
9.202097177,0.69,0.0,0.0,2.6
9.203282364000001,0.69,0.0,0.0,2.6
9.204218926000001,0.69,0.0,0.0,2.59
9.205264517,0.69,0.0,0.0,2.6
9.206229361,0.69,0.0,0.0,2.6
9.207255044,0.69,0.0,0.0,2.6
9.208226544,0.68,0.0,0.0,2.6
9.20938336,0.68,0.0,0.0,2.6
9.210096943,0.68,0.0,0.0,2.61
9.211458542,0.69,0.0,0.0,2.61
9.212086553,0.69,0.0,0.0,2.61
9.213216858000001,0.68,0.0,0.0,2.61
9.21413103,0.69,0.0,0.0,2.61
9.216296311,0.69,0.0,0.0,2.61
9.21711453,0.69,0.0,0.0,2.61
9.218254819,0.69,0.0,0.0,2.62
9.219097516,0.69,0.0,0.0,2.64
9.220248716,0.68,0.0,0.0,2.61
9.221136072,0.69,0.0,0.0,2.62
9.22239929,0.69,0.0,0.0,2.62
9.223112997000001,0.69,0.0,0.0,2.62
9.224432355000001,0.68,0.0,0.0,2.62
9.225113616,0.68,0.0,0.0,2.62
9.226149858000001,0.68,0.0,0.0,2.62
9.227101807,0.68,0.0,0.0,2.62
9.228116233,0.69,0.0,0.0,2.62
9.229168182,0.69,0.0,0.0,2.63
9.230192074000001,0.69,0.0,0.0,2.63
9.232298484000001,0.69,0.0,0.0,2.62
9.233116637,0.68,0.0,0.0,2.63
9.234249533,0.68,0.0,0.0,2.63
9.235213816,0.69,0.0,0.0,2.63
9.236249998,0.69,0.0,0.0,2.63
9.237123089,0.69,0.0,0.0,2.63
9.238146369,0.69,0.01,0.0,2.63
9.239429757,0.69,0.0,0.0,2.63
9.240114796,0.7,0.0,0.0,2.63
9.241283435,0.69,0.0,0.0,2.63
9.242105488,0.69,0.0,0.0,2.63
9.243380103,0.69,0.0,0.0,2.63
9.244106749,0.69,0.0,0.0,2.63
9.245284033,0.69,0.0,0.0,2.64
9.247397939,0.69,0.0,0.0,2.64
9.248108043,0.7,0.0,0.0,2.64
9.249360195000001,0.7,0.0,0.0,2.64
9.25011797,0.7,0.0,0.0,2.64
9.251295631000001,0.7,0.0,0.0,2.64
9.252106667000001,0.7,0.0,0.0,2.65
9.253092684,0.7,0.0,0.0,2.64
9.254207912,0.69,0.0,0.0,2.64
9.255147019,0.7,0.0,0.0,2.64
9.256311635000001,0.7,0.0,0.0,2.65
9.257456261,0.69,0.0,0.0,2.64
9.258109019,0.69,0.0,0.0,2.65
9.259414783,0.7,0.0,0.0,2.65
9.261532587000001,0.7,0.0,0.0,2.65
9.262124675,0.7,0.0,0.0,2.65
9.263383265,0.72,0.0,0.0,2.65
9.264097535000001,0.7,0.0,0.0,2.65
9.265341914,0.71,0.0,0.01,2.65
9.266096623000001,0.72,0.0,0.0,2.65
9.267419112,0.7,0.01,0.0,2.65
9.268091806000001,0.7,0.0,0.0,2.65
9.269365344,0.7,0.0,0.0,2.65
9.270088639,0.7,0.0,0.0,2.66
9.271286957000001,0.69,0.0,0.0,2.66
9.272173785000001,0.69,0.0,0.0,2.66
9.273165153,0.69,0.0,0.0,2.65
9.275136071,0.69,0.0,0.0,2.66
9.276128908,0.69,0.0,0.0,2.66
9.277134117000001,0.69,0.0,0.0,2.66
9.278268943,0.69,0.0,0.0,2.66
9.279091557000001,0.69,0.0,0.0,2.66
9.280170813,0.7,0.0,0.0,2.67
9.281223916,0.7,0.0,0.0,2.66
9.282279672000001,0.7,0.0,0.0,2.66
9.283150267,0.69,0.0,0.0,2.67
9.284124964,0.7,0.0,0.0,2.67
9.285271677,0.7,0.0,0.0,2.67
9.286144445,0.7,0.0,0.0,2.67
9.287310149000001,0.7,0.0,0.0,2.67
9.288171668,0.7,0.0,0.0,2.67
9.289271694,0.7,0.0,0.0,2.67
9.290181521000001,0.7,0.0,0.0,2.67
9.292388480000001,0.7,0.0,0.0,2.68
9.293135487,0.7,0.0,0.0,2.67
9.294239522,0.7,0.0,0.0,2.67
9.295206067,0.7,0.0,0.0,2.68
9.296200416000001,0.7,0.0,0.0,2.68
9.297227594,0.7,0.0,0.0,2.66
9.298199977000001,0.7,0.0,0.0,2.69
9.299160076,0.7,0.0,0.0,2.68
9.300183957,0.7,0.0,0.0,2.68
9.301138828000001,0.7,0.0,0.0,2.69
9.302137787000001,0.7,0.0,0.0,2.68
9.303141611000001,0.7,0.0,0.0,2.69
9.304256351000001,0.69,0.0,0.0,2.69
9.305227276,0.69,0.0,0.0,2.69
9.307396745,0.69,0.0,0.0,2.69
9.308124448000001,0.69,0.0,0.0,2.69
9.309377148000001,0.69,0.0,0.0,2.69
9.310109215,0.7,0.0,0.0,2.7
9.311325267,0.69,0.0,0.0,2.7
9.312110655000001,0.7,0.0,0.0,2.7
9.313343394,0.69,0.0,0.0,2.7
9.314101294,0.69,0.0,0.0,2.7
9.315345374000001,0.7,0.0,0.0,2.7
9.316099000000001,0.7,0.0,0.0,2.7
9.317274495000001,0.7,0.0,0.0,2.7
9.318124294,0.7,0.0,0.0,2.7
9.319415078,0.68,0.0,0.0,2.71
9.321411028,0.7,0.0,0.0,2.7
9.3221013,0.71,0.0,0.0,2.7
9.323279811,0.7,0.0,0.0,2.7
9.324084710000001,0.71,0.0,0.0,2.7
9.32534708,0.71,0.0,0.0,2.71
9.326098605,0.71,0.0,0.0,2.7
9.327273444000001,0.71,0.0,0.0,2.71
9.328130083000001,0.71,0.0,0.0,2.71
9.329182309,0.71,0.0,0.0,2.7
9.330193395,0.7,0.0,0.0,2.71
9.331644636,0.69,0.0,0.0,2.71
9.332320547,0.69,0.0,0.0,2.71
9.333187341,0.69,0.0,0.0,2.7
9.334209987000001,0.69,0.0,0.0,2.71
9.335219925,0.69,0.0,0.0,2.71
9.337443208,0.7,0.01,0.0,2.71
9.338298332,0.69,0.0,0.0,2.71
9.339190051000001,0.69,0.0,0.0,2.71
9.340164638000001,0.69,0.0,0.0,2.71
9.34120348,0.69,0.0,0.0,2.71
9.342178689,0.69,0.0,0.0,2.71
9.343194460000001,0.7,0.0,0.0,2.71
9.34428072,0.7,0.0,0.0,2.71
9.345120762,0.7,0.0,0.0,2.71
9.346347951,0.7,0.0,0.0,2.71
9.347176829,0.71,0.0,0.0,2.71
9.348148867,0.7,0.0,0.0,2.71
9.349293025,0.7,0.0,0.0,2.71
9.350106684,0.7,0.0,0.0,2.71
9.351284473,0.7,0.0,0.0,2.71
9.353382019000001,0.7,0.0,0.0,2.71
9.354108733,0.7,0.0,0.0,2.71
9.355096955,0.7,0.0,0.0,2.71
9.356156984,0.7,0.0,0.0,2.71
9.357204942000001,0.7,0.0,0.0,2.71
9.358145871000001,0.7,0.0,0.0,2.71
9.359149844000001,0.7,0.0,0.0,2.71
9.360277848,0.7,0.0,0.0,2.72
9.361117205000001,0.7,0.0,0.0,2.72
9.362289747,0.7,0.0,0.01,2.72
9.363095913,0.7,0.0,0.0,2.72
9.364260971,0.7,0.0,0.0,2.71
9.366251022,0.7,0.0,0.01,2.72
9.367135632,0.7,0.0,0.0,2.72
9.368177557000001,0.71,0.0,0.0,2.72
9.369218510000001,0.7,0.0,0.0,2.72
9.370081437000001,0.71,0.0,0.0,2.72
9.371222572,0.71,0.0,0.01,2.72
9.372222865000001,0.71,0.0,0.0,2.72
9.373113035000001,0.71,0.0,0.0,2.72
9.374296541000001,0.71,0.0,0.0,2.73
9.375091391,0.71,0.0,0.0,2.72
9.37633334,0.71,0.0,0.0,2.72
9.377086382,0.71,0.0,0.0,2.72
9.37825289,0.7,0.0,0.0,2.72
9.379165672000001,0.7,0.0,0.0,2.72
9.381259178,0.71,0.0,0.0,2.72
9.382088351,0.71,0.0,0.01,2.72
9.383242275,0.7,0.0,0.0,2.73
9.385677990000001,0.71,0.0,0.0,2.72
9.386058668,0.7,0.0,0.0,2.72
9.387285760000001,0.7,0.0,0.0,2.72
9.388120182,0.71,0.0,0.0,2.72
9.389219149,0.7,0.0,0.0,2.72
9.390116842000001,0.7,0.0,0.0,2.72
9.391266396,0.71,0.0,0.0,2.72
9.392149208000001,0.7,0.0,0.0,2.72
9.393242461,0.7,0.0,0.0,2.72
9.394094634,0.71,0.0,0.0,2.73
9.395108902,0.7,0.0,0.0,2.72
9.396228298,0.7,0.0,0.0,2.72
9.397086969,0.7,0.0,0.0,2.72
9.398457155000001,0.7,0.0,0.0,2.73
9.399075964000001,0.71,0.0,0.0,2.73
9.400368161000001,0.7,0.0,0.0,2.73
9.401113045,0.7,0.0,0.0,2.73
9.402420470000001,0.7,0.0,0.0,2.73
9.403074579,0.7,0.0,0.0,2.73
9.404140827,0.7,0.0,0.0,2.73
9.405187947,0.7,0.0,0.0,2.73
9.406151212000001,0.7,0.0,0.0,2.74
9.407114756,0.7,0.0,0.0,2.74
9.408149005,0.7,0.0,0.0,2.74
9.410379520000001,0.7,0.0,0.0,2.74
9.411096468,0.7,0.0,0.0,2.74
9.412330888000001,0.7,0.0,0.0,2.74
9.41308895,0.7,0.0,0.0,2.74
9.414340710000001,0.7,0.0,0.0,2.74
9.415999431000001,0.69,0.0,0.0,2.74
9.416360611,0.69,0.0,0.0,2.74
9.417118647,0.7,0.0,0.0,2.74
9.418398287,0.7,0.0,0.0,2.75
9.419138015000001,0.7,0.0,0.0,2.74
9.420145084000001,0.7,0.0,0.0,2.74
9.42113447,0.7,0.0,0.0,2.74
9.422226614000001,0.7,0.0,0.0,2.74
9.423098332,0.7,0.0,0.0,2.75
9.42430622,0.7,0.0,0.0,2.75
9.425068676,0.7,0.0,0.0,2.74
9.426223254,0.7,0.0,0.0,2.74
9.428364969,0.7,0.0,0.01,2.75
9.429073882,0.69,0.0,0.0,2.75
9.43025122,0.7,0.0,0.0,2.75
9.431214941,0.7,0.0,0.0,2.75
9.432189919,0.71,0.0,0.0,2.75
9.433369237,0.71,0.0,0.0,2.75
9.434107331,0.7,0.0,0.0,2.75
9.43531915,0.7,0.0,0.0,2.75
9.436129443,0.71,0.0,0.0,2.75
9.437127942,0.71,0.0,0.0,2.75
9.438123223,0.71,0.0,0.0,2.75
9.439234345000001,0.71,0.0,0.0,2.75
9.440251456,0.7,0.0,0.0,2.75
9.441255645,0.72,0.0,0.0,2.75
9.443349782,0.71,0.0,0.0,2.75
9.444222524,0.71,0.0,0.0,2.75
9.445197016,0.71,0.0,0.0,2.75
9.446149747,0.7,0.0,0.01,2.75
9.447239447000001,0.7,0.0,0.0,2.75
9.448120269,0.7,0.0,0.0,2.75
9.449259345,0.71,0.0,0.0,2.75
9.450178505,0.71,0.0,0.0,2.75
9.451114767,0.71,0.0,0.0,2.75
9.452228982000001,0.71,0.0,0.0,2.75
9.453103363,0.71,0.0,0.0,2.75
9.454262570000001,0.71,0.0,0.0,2.75
9.455295669,0.71,0.0,0.0,2.75
9.456266313,0.71,0.01,0.0,2.75
9.458360164,0.71,0.0,0.0,2.75
9.459084435000001,0.71,0.0,0.0,2.75
9.460361549,0.71,0.0,0.0,2.76
9.461089852,0.71,0.0,0.0,2.76
9.462338064,0.71,0.0,0.0,2.75
9.463071022000001,0.71,0.0,0.0,2.76
9.464297697000001,0.71,0.0,0.0,2.76
9.46507611,0.71,0.0,0.0,2.76
9.466296961000001,0.71,0.0,0.0,2.76
9.467157217,0.71,0.0,0.0,2.76
9.468146116,0.71,0.0,0.01,2.76
9.470218446,0.71,0.0,0.0,2.76
9.471174324000001,0.71,0.0,0.0,2.76
9.472223389,0.71,0.0,0.0,2.76
9.473119794,0.71,0.0,0.0,2.76
9.474113201,0.7,0.0,0.0,2.76
9.475122504,0.71,0.0,0.0,2.76
9.476340498,0.71,0.0,0.0,2.76
9.477116993000001,0.71,0.0,0.0,2.76
9.47822442,0.71,0.0,0.0,2.76
9.479141396000001,0.71,0.0,0.0,2.76
9.480338827,0.7,0.0,0.0,2.77
9.481086718,0.71,0.0,0.0,2.76
9.482299368000001,0.71,0.0,0.0,2.76
9.483151017,0.71,0.0,0.0,2.76
9.485292684000001,0.71,0.0,0.0,2.76
9.486094517,0.71,0.0,0.0,2.76
9.487178549000001,0.7,0.0,0.0,2.76
9.488387402,0.71,0.0,0.0,2.76
9.489119976000001,0.71,0.0,0.0,2.76
9.490256219,0.7,0.0,0.0,2.76
9.491187455,0.7,0.0,0.0,2.76
9.492205722000001,0.7,0.0,0.0,2.76
9.493188183000001,0.71,0.0,0.0,2.76
9.494244456,0.71,0.0,0.0,2.76
9.495072061,0.71,0.0,0.0,2.76
9.496099989000001,0.7,0.0,0.0,2.76
9.497294283,0.71,0.0,0.0,2.77
9.498117426,0.7,0.0,0.0,2.76
9.500252339000001,0.7,0.0,0.0,2.76
9.501184395000001,0.71,0.0,0.0,2.76
9.502240158000001,0.7,0.0,0.0,2.76
9.503238392,0.71,0.0,0.0,2.77
9.504088894,0.71,0.0,0.0,2.77
9.505375197000001,0.71,0.0,0.0,2.77
9.50608321,0.71,0.0,0.0,2.76
9.507347433000001,0.71,0.0,0.0,2.77
9.508126652000001,0.71,0.0,0.0,2.77
9.509358465,0.71,0.0,0.0,2.76
9.510114745000001,0.71,0.0,0.0,2.77
9.51113076,0.7,0.0,0.0,2.76
9.512120361000001,0.7,0.0,0.0,2.77
9.513159549000001,0.7,0.0,0.0,2.76
9.514117863000001,0.7,0.0,0.0,2.77
9.516343202,0.7,0.0,0.0,2.77
9.517126844,0.7,0.0,0.0,2.77
9.518241172,0.7,0.0,0.0,2.76
9.519228246,0.71,0.0,0.0,2.77
9.520071511000001,0.7,0.0,0.0,2.77
9.521371091,0.71,0.0,0.0,2.77
9.522083102,0.7,0.0,0.0,2.75
9.52329789,0.71,0.0,0.0,2.77
9.524077849000001,0.71,0.0,0.0,2.77
9.525353706,0.7,0.0,0.0,2.77
9.526106291000001,0.71,0.0,0.0,2.77
9.527151997,0.71,0.0,0.0,2.77
9.528166812,0.71,0.0,0.0,2.76
9.529145741,0.71,0.0,0.0,2.77
9.531513019,0.71,0.0,0.0,2.77
9.532087573,0.71,0.0,0.0,2.77
9.533254426000001,0.71,0.0,0.02,2.77
9.534197572,0.71,0.0,0.0,2.77
9.535277068000001,0.71,0.0,0.0,2.77
9.536117135000001,0.71,0.0,0.0,2.77
9.537354775,0.71,0.0,0.0,2.77
9.538080413000001,0.71,0.0,0.0,2.77
9.539240922000001,0.71,0.0,0.0,2.77
9.540176453,0.71,0.0,0.0,2.77
9.541129041000001,0.71,0.0,0.0,2.77
9.542155897,0.71,0.0,0.0,2.77
9.543136221000001,0.71,0.0,0.0,2.77
9.54424359,0.71,0.0,0.0,2.77
9.545159063,0.71,0.0,0.0,2.77
9.547436485,0.71,0.0,0.0,2.77
9.548091294,0.71,0.0,0.0,2.78
9.549316975,0.71,0.0,0.0,2.77
9.550085938,0.71,0.0,0.0,2.78
9.551234224,0.71,0.0,0.0,2.77
9.552228193000001,0.71,0.0,0.0,2.77
9.553130347,0.71,0.0,0.0,2.78
9.554301421,0.71,0.0,0.0,2.78
9.555122575,0.71,0.0,0.0,2.77
9.556333553,0.71,0.0,0.0,2.78
9.557123486,0.71,0.0,0.0,2.78
9.558149738000001,0.71,0.0,0.0,2.77
9.559250279,0.71,0.0,0.0,2.78
9.560145979000001,0.71,0.0,0.0,2.77
9.562345987,0.71,0.0,0.0,2.78
9.563086475,0.71,0.0,0.0,2.78
9.564223757,0.71,0.0,0.0,2.78
9.565113683,0.71,0.0,0.0,2.78
9.56611146,0.71,0.0,0.0,2.78
9.567287148,0.71,0.0,0.0,2.77
9.568088826,0.71,0.0,0.0,2.78
9.569201111,0.7,0.0,0.0,2.78
9.570081431,0.71,0.0,0.0,2.77
9.571370185000001,0.71,0.0,0.0,2.78
9.57208945,0.71,0.0,0.0,2.78
9.573247683,0.71,0.0,0.0,2.78
9.574156207000001,0.71,0.0,0.0,2.78
9.576388077,0.7,0.0,0.0,2.78
9.57708567,0.71,0.0,0.0,2.78
9.578333698,0.71,0.0,0.0,2.78
9.579091836,0.71,0.0,0.0,2.78
9.580339425,0.71,0.0,0.0,2.78
9.581085434,0.71,0.0,0.0,2.78
9.582136951,0.71,0.0,0.0,2.77
9.583540765,0.71,0.0,0.0,2.78
9.584083088,0.71,0.0,0.0,2.78
9.585339696,0.71,0.0,0.0,2.78
9.586165014,0.71,0.0,0.0,2.78
9.587160056,0.71,0.0,0.0,2.78
9.588155972000001,0.71,0.0,0.0,2.78
9.589154186,0.71,0.0,0.0,2.78
9.590156735,0.71,0.0,0.0,2.78
9.591194384000001,0.71,0.0,0.0,2.78
9.592167717,0.72,0.0,0.0,2.78
9.594393721000001,0.71,0.0,0.0,2.78
9.595198083000001,0.71,0.0,0.0,2.78
9.596186812000001,0.71,0.0,0.0,2.78
9.597190137,0.71,0.0,0.0,2.78
9.59821181,0.71,0.0,0.0,2.78
9.599222531,0.71,0.0,0.0,2.78
9.600201077000001,0.71,0.0,0.0,2.78
9.601194036,0.71,0.02,0.0,2.78
9.602163086000001,0.71,0.0,0.0,2.78
9.603176041000001,0.71,0.0,0.0,2.78
9.604145002000001,0.71,0.0,0.0,2.78
9.605185295,0.71,0.0,0.0,2.79
9.607349939,0.71,0.0,0.0,2.78
9.60815831,0.71,0.0,0.0,2.78
9.609142933000001,0.71,0.0,0.0,2.78
9.61019884,0.71,0.01,0.0,2.78
9.611153983000001,0.71,0.0,0.0,2.78
9.612165381,0.71,0.0,0.0,2.78
9.613476776,0.71,0.0,0.0,2.79
9.614150341,0.71,0.0,0.0,2.79
9.615210104,0.71,0.0,0.0,2.79
9.616163546000001,0.71,0.0,0.0,2.78
9.617194959,0.71,0.0,0.0,2.78
9.618212347,0.71,0.01,0.0,2.78
9.619225119000001,0.71,0.0,0.0,2.78
9.620309939,0.71,0.0,0.0,2.78
9.621349308000001,0.71,0.0,0.0,2.79
9.622348704,0.72,0.0,0.0,2.79
9.624519996,0.71,0.0,0.0,2.79
9.625583071000001,0.72,0.0,0.0,2.79
9.626483328,0.71,0.0,0.0,2.79
9.627339733000001,0.72,0.0,0.0,2.78
9.628144809,0.71,0.0,0.0,2.78
9.629234106,0.71,0.0,0.0,2.78
9.630237149000001,0.71,0.0,0.0,2.79
9.631240105,0.71,0.0,0.0,2.78
9.632193042,0.72,0.0,0.0,2.78
9.633179988,0.71,0.0,0.0,2.79
9.63416001,0.72,0.0,0.0,2.79
9.635175422000001,0.72,0.0,0.0,2.79
9.636198409,0.72,0.0,0.0,2.79
9.637186199,0.71,0.0,0.0,2.79
9.639395643,0.71,0.0,0.0,2.79
9.640205263,0.71,0.0,0.0,2.79
9.641192371,0.72,0.0,0.0,2.78
9.642234250000001,0.71,0.0,0.0,2.79
9.643210126000001,0.71,0.0,0.0,2.79
9.644458568000001,0.72,0.0,0.0,2.79
9.645114127000001,0.72,0.0,0.0,2.78
9.646298483,0.72,0.0,0.0,2.79
9.647109869000001,0.72,0.0,0.0,2.79
9.648182973,0.72,0.0,0.0,2.79
9.649152619,0.72,0.0,0.0,2.78
9.650249093000001,0.72,0.0,0.0,2.78
9.651197224,0.72,0.0,0.0,2.79
9.653498607000001,0.72,0.0,0.0,2.79
9.654109423000001,0.73,0.0,0.0,2.79
9.655261711000001,0.72,0.0,0.0,2.79
9.656133178000001,0.72,0.0,0.0,2.79
9.657204754,0.72,0.0,0.0,2.79
9.658132485000001,0.72,0.0,0.0,2.79
9.659382605000001,0.72,0.0,0.0,2.78
9.660110457,0.72,0.0,0.01,2.79
9.661168215,0.72,0.0,0.0,2.78
9.662159566000001,0.72,0.0,0.0,2.79
9.663090037,0.72,0.0,0.0,2.79
9.66413631,0.72,0.0,0.0,2.79
9.665099661000001,0.72,0.0,0.0,2.79
9.666097794,0.73,0.0,0.0,2.79
9.667150275000001,0.73,0.0,0.0,2.79
9.669378646,0.73,0.0,0.0,2.79
9.670119992,0.72,0.0,0.0,2.79
9.671250665,0.72,0.0,0.0,2.79
9.672225294,0.72,0.0,0.0,2.79
9.673231372,0.71,0.0,0.0,2.79
9.674225416,0.72,0.0,0.0,2.79
9.6751389,0.72,0.0,0.0,2.79
9.676434480000001,0.73,0.0,0.0,2.79
9.677110313,0.71,0.0,0.01,2.79
9.678326435,0.71,0.0,0.0,2.79
9.679107279,0.71,0.0,0.0,2.79
9.680235491000001,0.71,0.0,0.0,2.79
9.682522391000001,0.71,0.0,0.0,2.79
9.683113875,0.72,0.0,0.0,2.78
9.684117903,0.71,0.0,0.0,2.79
9.68514187,0.71,0.0,0.0,2.79
9.686131981,0.71,0.0,0.0,2.79
9.687234557,0.71,0.0,0.0,2.79
9.688222827,0.71,0.0,0.0,2.79
9.689137373000001,0.72,0.0,0.0,2.79
9.690293397000001,0.72,0.0,0.0,2.78
9.691114052000001,0.71,0.0,0.0,2.79
9.692192582,0.71,0.0,0.0,2.79
9.693183539000001,0.71,0.0,0.0,2.78
9.694172428,0.71,0.0,0.0,2.79
9.695158646000001,0.71,0.0,0.0,2.79
9.696396089,0.72,0.0,0.0,2.78
9.697104738,0.72,0.0,0.0,2.79
9.699289042,0.72,0.0,0.0,2.78
9.70011713,0.71,0.0,0.0,2.8
9.701394929000001,0.72,0.0,0.0,2.79
9.702112794000001,0.72,0.0,0.0,2.79
9.703403609,0.72,0.0,0.0,2.79
9.704110176,0.71,0.0,0.0,2.78
9.705402138,0.71,0.0,0.0,2.78
9.706106924,0.71,0.0,0.0,2.79
9.707373678,0.71,0.0,0.0,2.79
9.708108901000001,0.71,0.0,0.0,2.78
9.709306154,0.71,0.0,0.0,2.79
9.710093915,0.71,0.0,0.01,2.79
9.711370405,0.71,0.0,0.0,2.79
9.713397853,0.71,0.0,0.0,2.78
9.714111609000001,0.71,0.0,0.0,2.78
9.715141073,0.71,0.0,0.0,2.78
9.716135222,0.71,0.0,0.01,2.79
9.717090826,0.71,0.0,0.0,2.79
9.718158928000001,0.71,0.0,0.0,2.78
9.719272167,0.72,0.0,0.0,2.79
9.720176529,0.72,0.0,0.0,2.78
9.721250114,0.72,0.0,0.0,2.78
9.72222601,0.72,0.01,0.0,2.78
9.723175953,0.72,0.0,0.0,2.78
9.724251331000001,0.72,0.0,0.0,2.78
9.725145579000001,0.72,0.0,0.0,2.78
9.72618622,0.72,0.0,0.0,2.78
9.727381308,0.72,0.0,0.0,2.78
9.729379847,0.72,0.01,0.0,2.78
9.730115135,0.72,0.0,0.0,2.78
9.731245832,0.72,0.0,0.0,2.78
9.732141798,0.73,0.0,0.0,2.78
9.733364157,0.72,0.0,0.0,2.78
9.734095466000001,0.72,0.0,0.0,2.78
9.735409417000001,0.72,0.0,0.0,2.78
9.736098015000001,0.72,0.0,0.0,2.77
9.737094412000001,0.72,0.0,0.01,2.78
9.738179551,0.72,0.0,0.0,2.78
9.739183604,0.72,0.0,0.01,2.77
9.740170885000001,0.72,0.0,0.0,2.77
9.741211837,0.72,0.0,0.01,2.77
9.742272874000001,0.72,0.0,0.0,2.78
9.744348437000001,0.72,0.0,0.0,2.77
9.745113908,0.72,0.0,0.0,2.77
9.746379880000001,0.72,0.0,0.0,2.77
9.747114617000001,0.72,0.0,0.0,2.77
9.748257561,0.72,0.0,0.0,2.77
9.749103101000001,0.72,0.0,0.0,2.77
9.750122018,0.72,0.0,0.0,2.77
9.751132494,0.72,0.0,0.0,2.77
9.752228655000001,0.72,0.0,0.0,2.77
9.753189155000001,0.72,0.0,0.0,2.77
9.754176320000001,0.72,0.0,0.0,2.77
9.755186307,0.72,0.0,0.0,2.76
9.756302477,0.72,0.0,0.0,2.76
9.757112006,0.72,0.02,0.0,2.76
9.758237572,0.72,0.0,0.0,2.76
9.76041361,0.72,0.0,0.0,2.76
9.761116437,0.72,0.0,0.0,2.76
9.762106492000001,0.72,0.0,0.0,2.76
9.763242381000001,0.72,0.0,0.0,2.76
9.764239384000001,0.72,0.0,0.0,2.76
9.765133889000001,0.72,0.0,0.0,2.76
9.766404634,0.72,0.0,0.0,2.75
9.767105090000001,0.72,0.0,0.0,2.75
9.768315985000001,0.72,0.0,0.0,2.75
9.769106396,0.72,0.0,0.0,2.75
9.770324709,0.72,0.0,0.0,2.75
9.771133054,0.72,0.0,0.0,2.75
9.772346592,0.72,0.0,0.02,2.75
9.77441725,0.72,0.0,0.0,2.75
9.775098011,0.71,0.0,0.01,2.75
9.77640148,0.72,0.0,0.0,2.74
9.777099253000001,0.71,0.0,0.0,2.75
9.778194229,0.71,0.0,0.0,2.74
9.77923386,0.71,0.0,0.0,2.74
9.780251816,0.71,0.0,0.0,2.73
9.78118543,0.71,0.0,0.0,2.73
9.782159029,0.71,0.0,0.0,2.73
9.783339744000001,0.71,0.0,0.0,2.73
9.784102289,0.71,0.0,0.0,2.73
9.785281601000001,0.71,0.0,0.0,2.72
9.786138491,0.71,0.0,0.0,2.72
9.788399425000001,0.71,0.0,0.0,2.72
9.789103473,0.71,0.0,0.01,2.71
9.790402316,0.71,0.0,0.0,2.72
9.791097460000001,0.71,0.0,0.0,2.71
9.792405476,0.71,0.0,0.0,2.71
9.793094722000001,0.71,0.0,0.0,2.71
9.794408717000001,0.71,0.0,0.0,2.7
9.795096007000001,0.72,0.0,0.0,2.7
9.796403928,0.72,0.0,0.0,2.7
9.797097015,0.72,0.01,0.0,2.69
9.798525002,0.72,0.0,0.0,2.69
9.799101044,0.72,0.0,0.0,2.69
9.800319612000001,0.72,0.0,0.0,2.69
9.801101861000001,0.72,0.0,0.01,2.68
9.802441081000001,0.71,0.0,0.0,2.68
9.804433007,0.71,0.0,0.0,2.68
9.805105557000001,0.71,0.0,0.0,2.67
9.806398213000001,0.71,0.0,0.0,2.67
9.807104105,0.72,0.0,0.0,2.66
9.808394888,0.71,0.0,0.0,2.66
9.809104636,0.71,0.0,0.0,2.66
9.810404633000001,0.72,0.0,0.0,2.66
9.811101907000001,0.72,0.0,0.01,2.66
9.812310275,0.72,0.0,0.0,2.66
9.813093961,0.72,0.0,0.0,2.65
9.8143329,0.72,0.0,0.0,2.66
9.815099471,0.72,0.0,0.02,2.65
9.816152769,0.72,0.0,0.0,2.65
9.818314653,0.72,0.0,0.0,2.65
9.819120637000001,0.72,0.0,0.0,2.65
9.820086683000001,0.72,0.0,0.0,2.64
9.821293388,0.72,0.0,0.0,2.65
9.822162662,0.73,0.0,0.0,2.64
9.823276249000001,0.72,0.0,0.0,2.64
9.824233222,0.72,0.0,0.0,2.64
9.825265920000001,0.72,0.0,0.0,2.63
9.826248632,0.72,0.0,0.0,2.63
9.827122662,0.72,0.0,0.0,2.63
9.828313359000001,0.72,0.0,0.0,2.62
9.829122494,0.72,0.0,0.0,2.62
9.830302605,0.72,0.0,0.0,2.61
9.831132142000001,0.73,0.0,0.0,2.61
9.832135990000001,0.73,0.0,0.0,2.59
9.833132195000001,0.72,0.0,0.0,2.61
9.834408604,0.72,0.0,0.0,2.6
9.836403679,0.72,0.0,0.0,2.6
9.837105252,0.72,0.0,0.0,2.6
9.838318022000001,0.73,0.0,0.0,2.6
9.839094942000001,0.72,0.0,0.01,2.6
9.840153143,0.72,0.0,0.01,2.59
9.841260570000001,0.72,0.0,0.0,2.59
9.842147095000001,0.72,0.0,0.0,2.59
9.843179183,0.72,0.0,0.0,2.59
9.844133955,0.72,0.0,0.0,2.58
9.84530198,0.72,0.0,0.0,2.58
9.846107549000001,0.72,0.0,0.0,2.58
9.847211536000001,0.72,0.0,0.01,2.58
9.848258298000001,0.72,0.0,0.0,2.58
9.850473185,0.72,0.0,0.0,2.57
9.851114389000001,0.72,0.0,0.0,2.57
9.852235615000001,0.72,0.0,0.0,2.57
9.853205572,0.71,0.0,0.0,2.56
9.854100685,0.72,0.0,0.0,2.56
9.855257881,0.71,0.0,0.0,2.56
9.85625022,0.72,0.0,0.0,2.55
9.857228153000001,0.71,0.0,0.0,2.55
9.858166856,0.71,0.0,0.0,2.55
9.85929774,0.7,0.0,0.0,2.54
9.860109656,0.71,0.01,0.0,2.53
9.861502345,0.7,0.0,0.0,2.53
9.862096455000001,0.71,0.0,0.0,2.53
9.863374794,0.71,0.0,0.0,2.53
9.865232347000001,0.71,0.0,0.0,2.53
9.866159506,0.7,0.0,0.0,2.52
9.86726973,0.69,0.0,0.0,2.52
9.868238605,0.7,0.0,0.0,2.51
9.86919638,0.7,0.0,0.0,2.51
9.870276608000001,0.7,0.01,0.0,2.51
9.871250403000001,0.69,0.0,0.0,2.5
9.872244358000001,0.69,0.0,0.0,2.49
9.87312825,0.69,0.0,0.0,2.49
9.874114703,0.68,0.0,0.0,2.48
9.875132286000001,0.69,0.0,0.0,2.48
9.876177046,0.69,0.0,0.0,2.47
9.878374284000001,0.69,0.0,0.0,2.47
9.879116857000001,0.69,0.0,0.0,2.47
9.880159383,0.68,0.0,0.0,2.46
9.881260928000001,0.68,0.0,0.01,2.45
9.882164598000001,0.69,0.0,0.0,2.45
9.883100146,0.69,0.0,0.0,2.44
9.884254672,0.69,0.0,0.0,2.44
9.885239692,0.69,0.0,0.0,2.43
9.886249676,0.69,0.0,0.0,2.42
9.887111554,0.69,0.0,0.01,2.42
9.88819995,0.67,0.0,0.0,2.41
9.889164473000001,0.67,0.0,0.0,2.4
9.890136738,0.67,0.0,0.0,2.39
9.891347311,0.67,0.0,0.0,2.37
9.892111386,0.67,0.0,0.0,2.37
9.893374364000001,0.66,0.0,0.0,2.37
9.895416349000001,0.65,0.0,0.0,2.37
9.896110914000001,0.65,0.0,0.0,2.36
9.897258421,0.65,0.0,0.0,2.35
9.898141970000001,0.65,0.0,0.0,2.34
9.899268452000001,0.65,0.0,0.0,2.33
9.900175435000001,0.66,0.0,0.0,2.32
9.901269998,0.66,0.0,0.0,2.32
9.902158700000001,0.67,0.0,0.0,2.3
9.903228252,0.67,0.0,0.0,2.29
9.904194104,0.67,0.0,0.0,2.28
9.90517123,0.68,0.0,0.0,2.28
9.906333119000001,0.67,0.0,0.0,2.26
9.907105582,0.67,0.0,0.0,2.26
9.909393115,0.67,0.0,0.0,2.25
9.910101018,0.67,0.0,0.0,2.24
9.911098548,0.66,0.0,0.0,2.23
9.91209667,0.66,0.0,0.0,2.23
9.913238463,0.66,0.0,0.0,2.22
9.914256612,0.66,0.0,0.0,2.21
9.915093956,0.66,0.0,0.0,2.2
9.916135507,0.67,0.0,0.0,2.2
9.917250692000001,0.67,0.0,0.0,2.19
9.918204081,0.67,0.0,0.0,2.18
9.919174805,0.68,0.0,0.0,2.16
9.920280853000001,0.68,0.01,0.0,2.17
9.921147989000001,0.67,0.0,0.0,2.14
9.922383777,0.67,0.0,0.0,2.12
9.923101192,0.68,0.0,0.0,2.1
9.924394647,0.68,0.0,0.0,2.08
9.926399437,0.68,0.0,0.01,2.07
9.927111266,0.68,0.0,0.0,2.05
9.928151642000001,0.68,0.0,0.0,2.03
9.92924702,0.68,0.0,0.0,2.02
9.930231820000001,0.68,0.0,0.0,1.99
9.931260833000001,0.68,0.0,0.0,1.97
9.932145010000001,0.67,0.0,0.0,1.95
9.933378876,0.68,0.0,0.0,1.91
9.934103872000001,0.68,0.0,0.0,1.9
9.935307641000001,0.67,0.0,0.0,1.86
9.936109538,0.68,0.0,0.0,1.84
9.937363231,0.68,0.0,0.0,1.82
9.938097731000001,0.68,0.0,0.0,1.8
9.939281058,0.68,0.0,0.0,1.76
9.941434823,0.68,0.0,0.0,1.75
9.942104273,0.68,0.0,0.0,1.75
9.943250953000002,0.68,0.0,0.0,1.73
9.944234435,0.68,0.0,0.0,1.71
9.945247534,0.68,0.0,0.0,1.67
9.946089518,0.68,0.0,0.0,1.66
9.94739146,0.68,0.0,0.01,1.59
9.94810853,0.68,0.0,0.0,1.58
9.949208999000001,0.68,0.0,0.0,1.59
9.950181835,0.68,0.0,0.0,1.55
9.95117381,0.68,0.0,0.0,1.51
9.952172484,0.68,0.0,0.0,1.47
9.95340515,0.68,0.0,0.0,1.46
9.954110032,0.68,0.0,0.0,1.45
9.955406127,0.68,0.0,0.0,1.43
9.957413426,0.68,0.0,0.0,1.42
9.958109685,0.68,0.0,0.0,1.34
9.959259808,0.69,0.0,0.0,1.3
9.960235281000001,0.68,0.0,0.0,1.29
9.961145218,0.68,0.0,0.0,1.25
9.962390866,0.68,0.0,0.0,1.22
9.963096839,0.68,0.0,0.0,1.19
9.964289469,0.68,0.0,0.0,1.2
9.965107646,0.68,0.0,0.0,1.1
9.966173937,0.68,0.0,0.0,1.0
9.967140837,0.68,0.0,0.0,0.98
9.968355989,0.68,0.0,0.0,0.97
9.970419418,0.68,0.0,0.0,0.97
9.971109681000002,0.68,0.0,0.0,0.95
9.97225551,0.68,0.0,0.0,0.94
9.973173044000001,0.68,0.0,0.0,0.91
9.974098987000001,0.68,0.0,0.0,0.9
9.9753857,0.68,0.0,0.0,0.86
9.97610947,0.68,0.0,0.0,0.85
9.977098642000001,0.68,0.0,0.0,0.8
9.978101522000001,0.69,0.0,0.0,0.8
9.979204855,0.68,0.0,0.0,0.8
9.980181029,0.69,0.0,0.0,0.78
9.981190027,0.68,0.0,0.0,0.77
9.982136085,0.68,0.0,0.0,0.77
9.983289316,0.68,0.0,0.0,0.76
9.98414198,0.68,0.0,0.0,0.77
9.985264202,0.67,0.0,0.0,0.77
9.986240662,0.67,0.0,0.0,0.76
9.988411816000001,0.67,0.0,0.0,0.74
9.98911483,0.67,0.0,0.0,0.72
9.990391596,0.66,0.0,0.0,0.71
9.991109279,0.67,0.0,0.0,0.69
9.992389970000001,0.67,0.0,0.0,0.68
9.993110306,0.67,0.0,0.0,0.67
9.994429098000001,0.67,0.0,0.0,0.64
9.995110440000001,0.67,0.0,0.0,0.63
9.996207323,0.67,0.0,0.0,0.58
9.997176496,0.67,0.0,0.0,0.56
9.998277026,0.67,0.0,0.0,0.53
9.999146886,0.67,0.0,0.0,0.54
10.000289473,0.67,0.0,0.01,0.53
10.002388681000001,0.67,0.01,0.0,0.47
10.003109898,0.67,0.0,0.0,0.45
10.00419549,0.67,0.0,0.0,0.42
10.005247448,0.67,0.0,0.0,0.41
10.006246057,0.67,0.0,0.0,0.34
10.007233243,0.67,0.0,0.0,0.02
10.008259459000001,0.67,0.0,0.0,0.0
10.009180176000001,0.67,0.0,0.0,0.0
10.010268345,0.68,0.0,0.0,0.02
10.011144649,0.67,0.0,0.0,0.0
10.012221513,0.67,0.0,0.0,0.0
10.013139391000001,0.66,0.0,0.01,0.0
10.014265345,0.65,0.0,0.0,0.0
10.015135396,0.65,0.0,0.0,0.0
10.016265716000001,0.65,0.0,0.0,0.0
10.018401558,0.65,0.0,0.0,0.0
10.019109643,0.65,0.0,0.0,0.0
10.020255961,0.65,0.0,0.0,0.0
10.021204622,0.66,0.0,0.0,0.0
10.022257215,0.66,0.0,0.01,0.0
10.023236070000001,0.66,0.0,0.0,0.0
10.024242733000001,0.66,0.0,0.0,0.0
10.025177285,0.67,0.0,0.01,0.0
10.026327019,0.67,0.0,0.0,0.0
10.027105101,0.67,0.0,0.0,0.0
10.028307932,0.67,0.0,0.0,0.0
10.029100515000001,0.67,0.0,0.0,0.0
10.03040234,0.67,0.0,0.0,0.0
10.03231235,0.67,0.0,0.0,0.0
10.033109209000001,0.67,0.0,0.0,0.0
10.034401728,0.67,0.0,0.0,0.0
10.035099893,0.67,0.0,0.0,0.0
10.036398234,0.67,0.0,0.0,0.0
10.037099544,0.67,0.0,0.0,0.0
10.038393185,0.67,0.0,0.0,0.0
10.039094415000001,0.67,0.0,0.0,0.0
10.040342882000001,0.67,0.0,0.0,0.0
10.041094564,0.67,0.0,0.0,0.0
10.042316132,0.66,0.0,0.0,0.0
10.043094654,0.67,0.01,0.0,0.0
10.044464663000001,0.67,0.0,0.0,0.0
10.046397217,0.67,0.0,0.0,0.0
10.047101161,0.67,0.0,0.0,0.0
10.048166707,0.67,0.0,0.0,0.0
10.049261071,0.67,0.0,0.0,0.0
10.050232308,0.67,0.0,0.0,0.0
10.051280554,0.67,0.0,0.0,0.0
10.052228462,0.67,0.0,0.0,0.0
10.053279361000001,0.67,0.0,0.0,0.0
10.054226019000001,0.66,0.0,0.0,0.0
10.055193847,0.66,0.0,0.0,0.0
10.056318665000001,0.66,0.0,0.0,0.0
10.057093782,0.66,0.0,0.0,0.0
10.058368268,0.66,0.0,0.0,0.0
10.059098459000001,0.66,0.0,0.0,0.0
10.060442658000001,0.66,0.0,0.0,0.0
10.062392434000001,0.67,0.0,0.0,0.0
10.063109435000001,0.66,0.0,0.0,0.0
10.064256356000001,0.66,0.0,0.0,0.0
10.065134942,0.66,0.0,0.0,0.0
10.066143157,0.67,0.0,0.01,0.0
10.067084986000001,0.67,0.01,0.0,0.0
10.06819829,0.67,0.0,0.0,0.0
10.069147269,0.67,0.0,0.0,0.0
10.070189815,0.66,0.0,0.0,0.0
10.071174260000001,0.66,0.0,0.0,0.0
10.072223214000001,0.66,0.0,0.0,0.0
10.073179834000001,0.66,0.0,0.0,0.0
10.074092004,0.65,0.0,0.0,0.0
10.075441067,0.66,0.0,0.0,0.0
10.077316482,0.65,0.0,0.0,0.0
10.078114161,0.65,0.0,0.0,0.0
10.079106106000001,0.66,0.0,0.0,0.0
10.080218812,0.65,0.0,0.0,0.0
10.081340772,0.66,0.0,0.0,0.0
10.08215363,0.66,0.0,0.0,0.0
10.083323757,0.65,0.0,0.0,0.01
10.085202918,0.66,0.0,0.0,0.0
10.086140793,0.66,0.0,0.0,0.0
10.087198553,0.66,0.0,0.0,0.0
10.088200452,0.66,0.0,0.0,0.0
10.089176943,0.66,0.0,0.0,0.0
10.0901973,0.66,0.0,0.0,0.0
10.091404370000001,0.66,0.0,0.0,0.01
10.092462454000001,0.66,0.0,0.0,0.0
10.093399734,0.66,0.0,0.0,0.0
10.094280556000001,0.66,0.0,0.0,0.0
10.095129519,0.66,0.0,0.0,0.0
10.096168168,0.66,0.0,0.0,0.0
10.097195034,0.66,0.0,0.0,0.0
10.098309212,0.66,0.0,0.0,0.0
10.099135204000001,0.66,0.0,0.0,0.0
10.100182798,0.66,0.0,0.0,0.0
10.101202048000001,0.66,0.0,0.0,0.0
10.102160432,0.66,0.0,0.01,0.0
10.103206122000001,0.67,0.0,0.0,0.0
10.104147068000001,0.67,0.0,0.0,0.0
10.105346521000001,0.67,0.0,0.0,0.0
10.107333987,0.67,0.0,0.0,0.0
10.1081114,0.67,0.0,0.0,0.0
10.109344755,0.67,0.0,0.0,0.0
10.110106216,0.67,0.0,0.0,0.0
10.111182898000001,0.68,0.0,0.0,0.0
10.112214782,0.67,0.0,0.0,0.0
10.113124338,0.67,0.0,0.0,0.0
10.114230742,0.67,0.0,0.0,0.0
10.115094261000001,0.67,0.0,0.0,0.0
10.116264171000001,0.66,0.0,0.0,0.0
10.117159404,0.68,0.0,0.01,0.0
10.118283695,0.67,0.0,0.0,0.0
10.119191943,0.66,0.0,0.0,0.0
10.121149677,0.67,0.0,0.0,0.0
10.122227815,0.66,0.0,0.0,0.0
10.123096445,0.67,0.0,0.0,0.0
10.124115948,0.67,0.0,0.0,0.0
10.125152216,0.67,0.0,0.0,0.0
10.126222394000001,0.67,0.0,0.01,0.0
10.127256562000001,0.67,0.0,0.0,0.0
10.128129011,0.67,0.0,0.0,0.0
10.129229551,0.67,0.0,0.0,0.0
10.130107768,0.67,0.0,0.0,0.01
10.1319169,0.67,0.0,0.0,0.0
10.132305444,0.67,0.0,0.0,0.0
10.133104807,0.67,0.0,0.0,0.0
10.13432064,0.67,0.0,0.0,0.0
10.136371930000001,0.67,0.0,0.0,0.0
10.137143685,0.67,0.0,0.0,0.0
10.138187967,0.67,0.0,0.0,0.0
10.139224859,0.67,0.0,0.0,0.0
10.140183716000001,0.67,0.0,0.0,0.0
10.141195782,0.67,0.0,0.01,0.0
10.142207378,0.67,0.0,0.0,0.0
10.143243256,0.67,0.0,0.0,0.0
10.144295403000001,0.67,0.0,0.0,0.0
10.145258140000001,0.67,0.0,0.0,0.0
10.146306277,0.67,0.0,0.0,0.0
10.147403967,0.67,0.0,0.0,0.0
10.148534303,0.67,0.0,0.0,0.0
10.149501371000001,0.67,0.0,0.0,0.0
10.150364201,0.67,0.0,0.0,0.0
10.152417458,0.67,0.0,0.0,0.0
10.153419673,0.67,0.0,0.0,0.0
10.154222514,0.67,0.0,0.0,0.0
10.155187386000001,0.67,0.0,0.0,0.0
10.156163349,0.67,0.01,0.0,0.0
10.157189357,0.67,0.0,0.0,0.0
10.158203387,0.67,0.0,0.0,0.0
10.15924603,0.67,0.0,0.0,0.0
10.160191944000001,0.67,0.0,0.0,0.0
10.161537424,0.67,0.0,0.0,0.0
10.162163283,0.67,0.0,0.0,0.0
10.163201333,0.67,0.0,0.0,0.0
10.16421002,0.67,0.0,0.0,0.0
10.166345542,0.67,0.0,0.0,0.0
10.167129264000001,0.67,0.0,0.0,0.0
10.168217499,0.67,0.0,0.0,0.0
10.169259534,0.66,0.0,0.0,0.0
10.170221551000001,0.67,0.0,0.0,0.0
10.171139497,0.67,0.0,0.0,0.0
10.172371497,0.67,0.0,0.0,0.0
10.173114719,0.67,0.0,0.0,0.0
10.174314101,0.67,0.0,0.0,0.0
10.175105452,0.67,0.0,0.0,0.0
10.176346500000001,0.67,0.0,0.0,0.0
10.177106205000001,0.67,0.0,0.0,0.0
10.17835788,0.67,0.0,0.0,0.0
10.17909863,0.67,0.0,0.0,0.0
10.180472701000001,0.67,0.0,0.0,0.0
10.182230304,0.67,0.0,0.0,0.0
10.183154199,0.67,0.01,0.0,0.0
10.184198076000001,0.67,0.0,0.0,0.0
10.185268838,0.67,0.0,0.0,0.0
10.186239198,0.67,0.0,0.0,0.0
10.187100525,0.67,0.0,0.0,0.0
10.188410945000001,0.68,0.0,0.0,0.01
10.189095138,0.67,0.0,0.0,0.0
10.190137524,0.67,0.0,0.0,0.0
10.19110919,0.67,0.0,0.0,0.0
10.192177215000001,0.67,0.0,0.0,0.0
10.193173862,0.66,0.0,0.0,0.0
10.195275646,0.67,0.0,0.0,0.0
10.196112345000001,0.67,0.0,0.0,0.0
10.197148653000001,0.67,0.0,0.0,0.0
10.198260996,0.67,0.0,0.0,0.0
10.199184945,0.67,0.0,0.0,0.0
10.200202276,0.67,0.0,0.0,0.0
10.201272509,0.67,0.0,0.0,0.0
10.202243119,0.67,0.0,0.0,0.0
10.203142503,0.67,0.0,0.0,0.0
10.204410855,0.67,0.0,0.0,0.0
10.205101877,0.67,0.0,0.0,0.0
10.206129523000001,0.67,0.0,0.0,0.0
10.207287996,0.67,0.0,0.0,0.01
10.208096882000001,0.67,0.0,0.0,0.0
10.209374807000001,0.67,0.01,0.0,0.0
10.21135338,0.67,0.0,0.0,0.0
10.212109833000001,0.67,0.0,0.0,0.0
10.21317503,0.67,0.0,0.0,0.0
10.21423273,0.67,0.0,0.0,0.0
10.215153863000001,0.67,0.0,0.0,0.0
10.216366398,0.67,0.01,0.0,0.0
10.217111711000001,0.67,0.0,0.0,0.0
10.218409669000001,0.67,0.0,0.0,0.0
10.219100881000001,0.67,0.0,0.0,0.0
10.220297062,0.67,0.0,0.0,0.0
10.221124685000001,0.67,0.0,0.0,0.0
10.222182514,0.67,0.0,0.0,0.0
10.22312793,0.67,0.0,0.0,0.0
10.224297857,0.67,0.0,0.0,0.0
10.226534318,0.67,0.0,0.0,0.0
10.22714973,0.67,0.0,0.0,0.0
10.228147938000001,0.67,0.01,0.0,0.0
10.229143193,0.67,0.0,0.0,0.0
10.230366339000001,0.67,0.0,0.0,0.0
10.231117209,0.68,0.0,0.0,0.0
10.232209952,0.67,0.0,0.0,0.0
10.233150559,0.67,0.0,0.0,0.0
10.234177806,0.67,0.0,0.0,0.0
10.235217398000001,0.67,0.0,0.0,0.0
10.236202402,0.67,0.0,0.0,0.0
10.237172061,0.67,0.0,0.0,0.0
10.23817889,0.67,0.0,0.0,0.0
10.239234994,0.67,0.0,0.0,0.0
10.240129654,0.67,0.0,0.0,0.0
10.241459157000001,0.67,0.0,0.01,0.0
10.243358507,0.67,0.0,0.0,0.0
10.244114278000001,0.67,0.0,0.0,0.0
10.245104826,0.66,0.0,0.0,0.0
10.246254485000001,0.67,0.0,0.0,0.01
10.247138234000001,0.67,0.0,0.0,0.0
10.248117833,0.67,0.0,0.0,0.0
10.249313954,0.67,0.0,0.0,0.0
10.250119274000001,0.67,0.0,0.0,0.0
10.251212433000001,0.67,0.0,0.0,0.0
10.252175704,0.67,0.0,0.0,0.0
10.253177212,0.67,0.0,0.0,0.0
10.254139261,0.67,0.0,0.0,0.0
10.255433831000001,0.67,0.0,0.0,0.0
10.257390178000001,0.67,0.02,0.0,0.0
10.258112853,0.67,0.0,0.0,0.0
10.259386519000001,0.67,0.0,0.0,0.0
10.260105991000001,0.67,0.0,0.0,0.0
10.261273520000001,0.67,0.0,0.0,0.0
10.262099431000001,0.67,0.0,0.0,0.0
10.263264267,0.67,0.0,0.0,0.0
10.264167468,0.67,0.0,0.0,0.0
10.265231535,0.67,0.0,0.0,0.0
10.266085628,0.67,0.0,0.0,0.0
10.267313601000001,0.67,0.0,0.0,0.0
10.268100630000001,0.67,0.0,0.0,0.0
10.26921544,0.67,0.0,0.0,0.0
10.270180190000001,0.67,0.0,0.0,0.0
10.272252515,0.67,0.0,0.0,0.0
10.273203512,0.67,0.0,0.0,0.0
10.274226057,0.67,0.0,0.0,0.0
10.275110883,0.67,0.0,0.0,0.0
10.276404422,0.67,0.0,0.0,0.0
10.277098659,0.67,0.0,0.0,0.0
10.278324589,0.67,0.0,0.0,0.0
10.279094050000001,0.67,0.0,0.0,0.0
10.280196349,0.66,0.0,0.0,0.0
10.281110412,0.67,0.0,0.0,0.0
10.282192983,0.67,0.0,0.0,0.0
10.283154615,0.67,0.0,0.0,0.01
10.284254091000001,0.67,0.0,0.0,0.0
10.2851614,0.67,0.0,0.0,0.0
10.286386761000001,0.67,0.0,0.0,0.0
10.288414444,0.67,0.0,0.0,0.0
10.289094465,0.67,0.0,0.01,0.0
10.29037985,0.67,0.0,0.0,0.0
10.291095583,0.67,0.0,0.0,0.0
10.292388349000001,0.67,0.0,0.0,0.0
10.293091350000001,0.67,0.0,0.0,0.0
10.294489198,0.67,0.02,0.0,0.0
10.295094819000001,0.67,0.0,0.0,0.0
10.296268602000001,0.67,0.0,0.0,0.0
10.29713697,0.67,0.0,0.0,0.0
10.298308654000001,0.67,0.0,0.0,0.0
10.299089756,0.67,0.0,0.0,0.0
10.300293427000002,0.67,0.0,0.0,0.0
10.30115563,0.67,0.0,0.0,0.0
10.302426831,0.67,0.0,0.0,0.0
10.304416488000001,0.67,0.0,0.0,0.0
10.305096218000001,0.67,0.0,0.0,0.0
10.306271722,0.67,0.0,0.0,0.0
10.307163907000001,0.67,0.0,0.0,0.0
10.308413114,0.67,0.0,0.0,0.0
10.309095319,0.67,0.0,0.0,0.0
10.310432324,0.67,0.0,0.0,0.0
10.311091407000001,0.67,0.0,0.0,0.0
10.312159308,0.67,0.0,0.01,0.0
10.313125723,0.67,0.0,0.0,0.0
10.314334758000001,0.67,0.0,0.0,0.0
10.315094912000001,0.66,0.0,0.0,0.0
10.316321409,0.67,0.0,0.0,0.0
10.318421994000001,0.66,0.0,0.0,0.0
10.319094566,0.67,0.0,0.0,0.0
10.320421027,0.66,0.0,0.0,0.0
10.321087683,0.66,0.0,0.0,0.0
10.322368539000001,0.67,0.0,0.0,0.0
10.32309242,0.67,0.0,0.0,0.0
10.324411966000001,0.67,0.0,0.0,0.0
10.32508664,0.67,0.0,0.0,0.0
10.326357488000001,0.67,0.0,0.0,0.0
10.327129014,0.67,0.0,0.0,0.0
10.328317505000001,0.67,0.0,0.0,0.0
10.329160622,0.68,0.0,0.01,0.0
10.330139251,0.68,0.0,0.0,0.0
10.331301649,0.68,0.0,0.0,0.0
10.332168037,0.67,0.0,0.0,0.0
10.333430244,0.67,0.0,0.0,0.0
10.335451583000001,0.67,0.0,0.0,0.0
10.336101216000001,0.67,0.0,0.0,0.0
10.337326447,0.67,0.0,0.0,0.0
10.338119099,0.67,0.0,0.0,0.0
10.339266775,0.67,0.0,0.0,0.0
10.340090848000001,0.67,0.0,0.0,0.0
10.34141597,0.67,0.0,0.0,0.0
10.342091737,0.67,0.0,0.0,0.0
10.343337063,0.67,0.0,0.0,0.0
10.344095436,0.68,0.0,0.0,0.0
10.345339923000001,0.67,0.0,0.0,0.0
10.346101611,0.67,0.0,0.0,0.0
10.347272849000001,0.68,0.0,0.0,0.0
10.349410825000001,0.67,0.0,0.0,0.01
10.350094424,0.68,0.0,0.0,0.0
10.351404664,0.68,0.0,0.0,0.0
10.352094038,0.67,0.0,0.0,0.0
10.353406888,0.67,0.0,0.0,0.0
10.354089914000001,0.67,0.0,0.0,0.0
10.355415197000001,0.67,0.0,0.0,0.0
10.356086009,0.67,0.0,0.0,0.0
10.357327931,0.67,0.0,0.0,0.0
10.358082755,0.67,0.0,0.01,0.01
10.359375324,0.67,0.0,0.0,0.0
10.36008353,0.67,0.0,0.0,0.0
10.36127607,0.67,0.0,0.0,0.0
10.362171391,0.67,0.0,0.0,0.0
10.363385884000001,0.68,0.0,0.0,0.0
10.365413497,0.67,0.0,0.0,0.0
10.366092878,0.67,0.0,0.0,0.0
10.367294148000001,0.67,0.0,0.0,0.0
10.368184311,0.67,0.0,0.0,0.0
10.369261808000001,0.68,0.0,0.0,0.0
10.370203169,0.67,0.0,0.0,0.0
10.371341592,0.67,0.0,0.0,0.0
10.372115483,0.67,0.0,0.0,0.0
10.37328585,0.68,0.0,0.0,0.0
10.374086341,0.67,0.0,0.0,0.0
10.375163366,0.67,0.0,0.0,0.0
10.376137700000001,0.68,0.0,0.0,0.0
10.377399268000001,0.67,0.0,0.0,0.0
10.379311227,0.68,0.0,0.0,0.0
10.380122721000001,0.67,0.0,0.0,0.0
10.381406160000001,0.67,0.0,0.0,0.0
10.382099027,0.68,0.0,0.0,0.0
10.383388618000001,0.67,0.0,0.0,0.0
10.384097749,0.67,0.0,0.0,0.0
10.38514919,0.68,0.0,0.0,0.0
10.386239037000001,0.68,0.0,0.0,0.0
10.387109291,0.68,0.0,0.0,0.0
10.388314579000001,0.68,0.0,0.0,0.0
10.389095104,0.68,0.0,0.0,0.0
10.390275327000001,0.68,0.0,0.0,0.0
10.391200649,0.68,0.0,0.0,0.0
10.393421818,0.68,0.0,0.0,0.0
10.394094896,0.68,0.0,0.0,0.0
10.395366517000001,0.68,0.0,0.0,0.0
10.396090251,0.67,0.0,0.0,0.0
10.397144871,0.67,0.0,0.0,0.0
10.398142131,0.67,0.0,0.0,0.0
10.399137229,0.67,0.0,0.0,0.0
10.400245617000001,0.67,0.0,0.0,0.0
10.401210404,0.67,0.0,0.0,0.0
10.402147941,0.67,0.0,0.0,0.0
10.403120072,0.67,0.0,0.0,0.0
10.404119757,0.67,0.0,0.0,0.0
10.405569375,0.67,0.0,0.0,0.0
10.407421543,0.67,0.0,0.0,0.0
10.408098222000001,0.67,0.0,0.0,0.0
10.409511563,0.67,0.0,0.0,0.0
10.410092392000001,0.67,0.0,0.0,0.0
10.411294893,0.67,0.0,0.0,0.0
10.412094852000001,0.67,0.0,0.0,0.0
10.413267391,0.67,0.0,0.0,0.0
10.414193999,0.67,0.01,0.0,0.0
10.415272124000001,0.67,0.0,0.0,0.0
10.416092177000001,0.67,0.0,0.0,0.0
10.417329147,0.67,0.0,0.0,0.0
10.418122483000001,0.67,0.0,0.0,0.0
10.419320797000001,0.67,0.0,0.0,0.0
10.420126853000001,0.67,0.0,0.0,0.0
10.421586752000001,0.67,0.0,0.0,0.0
10.423431778000001,0.67,0.0,0.0,0.0
10.424094383,0.67,0.0,0.0,0.0
10.425412548,0.67,0.0,0.0,0.0
10.426090868000001,0.67,0.0,0.0,0.0
10.427408678,0.67,0.0,0.0,0.0
10.428091708,0.67,0.0,0.0,0.02
10.429340448000001,0.67,0.0,0.01,0.05
10.430090409,0.68,0.0,0.0,0.24
10.431280604000001,0.67,0.0,0.01,0.43
10.432094693,0.67,0.0,0.0,0.46
10.433316197,0.67,0.0,0.0,0.5
10.434093201000001,0.67,0.0,0.0,0.52
10.435401615,0.67,0.0,0.0,0.55
10.436085747,0.67,0.0,0.0,0.57
10.437289269,0.67,0.0,0.0,0.57
10.439406675,0.67,0.0,0.0,0.6
10.440091211,0.67,0.0,0.0,0.63
10.441398470000001,0.67,0.0,0.01,0.65
10.442087260000001,0.67,0.0,0.0,0.65
10.443424228000001,0.67,0.0,0.0,0.66
10.444089466000001,0.67,0.0,0.0,0.65
10.445369293,0.67,0.0,0.0,0.67
10.446097628,0.67,0.0,0.0,0.7
10.447558305000001,0.67,0.0,0.0,0.72
10.448085200000001,0.67,0.0,0.0,0.73
10.44931852,0.68,0.0,0.0,0.74
10.450094103000001,0.68,0.0,0.0,0.73
10.451444013000001,0.67,0.0,0.0,0.73
10.453424272000001,0.68,0.0,0.0,0.74
10.454093833,0.67,0.0,0.0,0.75
10.455410345,0.67,0.0,0.0,0.76
10.456095761,0.68,0.0,0.0,0.77
10.457418643,0.67,0.0,0.0,0.77
10.458091538000001,0.67,0.01,0.0,0.77
10.459293574,0.67,0.0,0.0,0.78
10.460096864,0.68,0.0,0.0,0.77
10.461271127,0.67,0.0,0.0,0.78
10.462195259000001,0.67,0.0,0.0,0.8
10.463209099,0.67,0.0,0.0,0.79
10.464137611,0.68,0.0,0.0,0.8
10.465095360000001,0.67,0.0,0.0,0.8
10.466271335,0.67,0.0,0.0,0.81
10.467251754000001,0.67,0.0,0.0,0.81
10.468266263,0.67,0.0,0.0,0.78
10.470425497,0.67,0.0,0.0,0.8
10.471096066000001,0.68,0.0,0.0,0.8
10.472394789,0.67,0.0,0.0,0.8
10.473093638,0.68,0.0,0.0,0.81
10.474404401000001,0.68,0.0,0.0,0.82
10.475097207000001,0.67,0.0,0.0,0.82
10.476438468000001,0.68,0.0,0.0,0.83
10.477087962,0.67,0.0,0.0,0.82
10.47826487,0.68,0.0,0.0,0.84
10.479132129,0.68,0.0,0.0,0.85
10.480246474000001,0.68,0.0,0.0,0.9
10.481187834,0.67,0.0,0.0,0.91
10.482426421000001,0.67,0.0,0.0,0.93
10.484136941000001,0.68,0.0,0.0,0.9
10.485402421,0.68,0.0,0.0,0.9
10.486087364000001,0.68,0.0,0.0,0.99
10.48741421,0.68,0.0,0.0,1.03
10.488085295000001,0.68,0.0,0.0,1.11
10.489415518000001,0.67,0.0,0.0,1.12
10.490094683,0.68,0.0,0.0,1.15
10.491164574,0.68,0.0,0.0,1.18
10.492141567000001,0.67,0.0,0.0,1.2
10.49314251,0.68,0.0,0.0,1.21
10.494182286000001,0.68,0.0,0.0,1.22
10.495192866,0.68,0.0,0.0,1.23
10.497402972000001,0.67,0.0,0.0,1.23
10.498102828,0.67,0.0,0.0,1.26
10.499269308,0.68,0.0,0.0,1.29
10.500224242,0.68,0.0,0.0,1.3
10.501262775,0.68,0.0,0.0,1.32
10.502247336,0.68,0.0,0.0,1.35
10.503244163000002,0.67,0.0,0.0,1.36
10.504254840000002,0.67,0.0,0.0,1.36
10.505252024,0.68,0.0,0.0,1.38
10.506241782,0.68,0.0,0.01,1.4
10.507190552,0.68,0.0,0.0,1.41
10.508339618,0.68,0.0,0.0,1.42
10.509102135000001,0.68,0.0,0.0,1.43
10.510373801,0.68,0.0,0.0,1.45
10.512359803,0.67,0.0,0.0,1.46
10.513117486,0.68,0.0,0.0,1.47
10.51431024,0.67,0.0,0.0,1.48
10.515105870000001,0.68,0.0,0.0,1.51
10.516401914000001,0.68,0.0,0.0,1.53
10.517098361,0.68,0.0,0.0,1.55
10.518399682,0.68,0.0,0.0,1.57
10.519100218,0.67,0.0,0.0,1.59
10.520400062,0.67,0.0,0.0,1.61
10.521096742000001,0.68,0.0,0.0,1.64
10.522347764000001,0.68,0.0,0.0,1.66
10.523102316000001,0.68,0.0,0.0,1.66
10.524257637,0.68,0.0,0.0,1.67
10.525172818000001,0.68,0.0,0.0,1.68
10.526453518,0.68,0.0,0.0,1.7
10.528322269,0.68,0.0,0.0,1.7
10.529099393000001,0.68,0.0,0.0,1.71
10.53035397,0.68,0.0,0.0,1.76
10.531104204,0.68,0.0,0.0,1.76
10.532396332000001,0.68,0.0,0.0,1.76
10.533093851,0.68,0.01,0.0,1.77
10.534325817000001,0.68,0.0,0.0,1.79
10.535090068,0.68,0.0,0.0,1.79
10.536399396,0.68,0.0,0.0,1.81
10.537099021000001,0.68,0.0,0.0,1.86
10.538287870000001,0.69,0.0,0.0,1.87
10.539110305000001,0.68,0.0,0.0,1.9
10.540366845000001,0.68,0.0,0.0,1.91
10.542442858000001,0.68,0.0,0.0,1.93
10.543099318000001,0.69,0.0,0.0,1.94
10.544268425,0.68,0.0,0.0,1.96
10.545212852,0.68,0.0,0.0,1.99
10.546083202,0.68,0.0,0.0,2.0
10.547307049,0.68,0.0,0.0,2.01
10.548137848000001,0.68,0.0,0.0,2.03
10.549212053000002,0.68,0.0,0.0,2.04
10.55027471,0.68,0.0,0.0,2.04
10.551219548,0.68,0.0,0.0,2.06
10.552142922,0.68,0.0,0.0,2.07
10.553323832,0.68,0.0,0.0,2.09
10.554102517,0.68,0.0,0.0,2.1
10.555317045,0.68,0.0,0.0,2.11
10.557184671,0.69,0.0,0.0,2.12
10.558107779,0.68,0.0,0.0,2.13
10.559235447,0.68,0.0,0.01,2.14
10.560246433000001,0.68,0.0,0.0,2.14
10.561139009000001,0.69,0.0,0.0,2.14
10.562083515000001,0.68,0.0,0.0,2.14
10.563237546,0.68,0.0,0.0,2.15
10.564142586000001,0.68,0.0,0.0,2.16
10.565186668,0.68,0.0,0.0,2.18
10.566117272000001,0.69,0.0,0.0,2.18
10.567105765,0.68,0.0,0.0,2.2
10.568224110000001,0.68,0.0,0.0,2.22
10.569193364,0.68,0.0,0.0,2.22
10.570193991,0.69,0.0,0.0,2.24
10.571228513000001,0.68,0.0,0.0,2.24
10.572264668,0.68,0.0,0.0,2.25
10.574432156,0.68,0.0,0.0,2.26
10.575109525,0.68,0.0,0.0,2.26
10.576405291,0.67,0.0,0.0,2.26
10.577106784000001,0.68,0.0,0.0,2.28
10.578298496,0.67,0.0,0.0,2.28
10.579116312,0.68,0.0,0.0,2.28
10.580217580000001,0.67,0.0,0.0,2.29
10.581092980000001,0.67,0.0,0.0,2.3
10.582344825,0.68,0.0,0.0,2.31
10.583100598000001,0.68,0.0,0.0,2.32
10.584196298,0.68,0.0,0.0,2.32
10.585179281,0.67,0.0,0.0,2.33
10.58620677,0.66,0.0,0.0,2.34
10.588424395,0.68,0.01,0.0,2.34
10.589104503000002,0.68,0.0,0.0,2.35
10.59011839,0.67,0.0,0.0,2.35
10.591147545,0.68,0.0,0.0,2.35
10.59226375,0.67,0.0,0.0,2.36
10.593231638,0.67,0.0,0.0,2.37
10.594208348,0.67,0.0,0.0,2.36
10.595239333,0.68,0.0,0.0,2.37
10.596232797,0.68,0.0,0.0,2.37
10.597190059,0.68,0.0,0.0,2.38
10.598134641000001,0.68,0.0,0.0,2.38
10.599326609,0.68,0.0,0.0,2.39
10.600108842000001,0.68,0.0,0.0,2.4
10.601344541000001,0.69,0.0,0.0,2.4
10.60327996,0.68,0.0,0.0,2.4
10.60414281,0.69,0.0,0.0,2.39
10.605273068,0.69,0.0,0.0,2.39
10.606238445,0.69,0.0,0.0,2.42
10.607155852,0.69,0.0,0.0,2.4
10.608409432,0.7,0.0,0.0,2.41
10.609101868000002,0.69,0.0,0.0,2.41
10.610404381,0.69,0.0,0.0,2.42
10.611106393,0.69,0.0,0.0,2.42
10.612356636000001,0.69,0.0,0.0,2.42
10.613110054,0.69,0.0,0.0,2.41
10.614269698000001,0.69,0.0,0.0,2.42
10.615105046,0.69,0.0,0.0,2.42
10.616398033000001,0.69,0.0,0.0,2.42
10.618400447,0.69,0.0,0.0,2.43
10.619099444000001,0.69,0.0,0.0,2.43
10.620404938,0.7,0.0,0.0,2.43
10.621097359,0.69,0.0,0.0,2.44
10.622412083,0.7,0.0,0.0,2.43
10.623093538000001,0.69,0.0,0.0,2.44
10.624413122,0.69,0.0,0.0,2.44
10.625093633,0.69,0.0,0.0,2.44
10.626408316000001,0.69,0.0,0.0,2.45
10.627095078,0.69,0.0,0.0,2.45
10.628313583,0.69,0.0,0.0,2.45
10.629122176000001,0.69,0.0,0.0,2.45
10.630339351,0.69,0.0,0.0,2.46
10.631118935,0.69,0.0,0.0,2.46
10.632386307,0.69,0.0,0.0,2.46
10.634418222,0.69,0.0,0.0,2.46
10.635100769000001,0.69,0.0,0.0,2.47
10.636342107,0.69,0.0,0.0,2.47
10.637096130000002,0.69,0.0,0.0,2.47
10.638398744,0.69,0.0,0.0,2.46
10.639099265,0.7,0.0,0.0,2.48
10.640417693,0.69,0.0,0.0,2.48
10.641098285,0.69,0.0,0.0,2.49
10.642490223000001,0.7,0.0,0.0,2.48
10.643088949000001,0.69,0.0,0.0,2.49
10.644310178000001,0.7,0.0,0.0,2.49
10.645086008,0.7,0.0,0.0,2.49
10.646489475000001,0.7,0.0,0.0,2.49
10.647094839000001,0.7,0.0,0.0,2.5
10.648264668000001,0.7,0.0,0.0,2.49
10.650422936,0.7,0.0,0.0,2.49
10.651091242000001,0.7,0.0,0.0,2.5
10.652328062,0.7,0.0,0.02,2.5
10.65312014,0.7,0.0,0.0,2.5
10.654257905000001,0.7,0.0,0.0,2.5
10.655152195000001,0.69,0.0,0.0,2.5
10.656435192,0.7,0.0,0.0,2.5
10.657087775,0.7,0.0,0.0,2.51
10.658276704,0.7,0.0,0.0,2.51
10.659088135000001,0.7,0.0,0.01,2.51
10.660286236000001,0.7,0.0,0.0,2.52
10.661082159000001,0.7,0.0,0.0,2.51
10.662140176000001,0.7,0.0,0.0,2.51
10.664237715,0.7,0.0,0.0,2.52
10.665142231,0.7,0.0,0.0,2.52
10.66629915,0.7,0.0,0.0,2.52
10.667208853,0.7,0.0,0.0,2.53
10.668286178,0.71,0.0,0.0,2.53
10.669225715000001,0.7,0.0,0.0,2.53
10.670258315,0.7,0.01,0.0,2.53
10.671267934000001,0.71,0.0,0.0,2.53
10.672119409,0.71,0.0,0.0,2.53
10.67326716,0.71,0.0,0.0,2.54
10.674092906,0.7,0.0,0.0,2.54
10.67529305,0.7,0.0,0.0,2.55
10.676131147000001,0.7,0.0,0.0,2.54
10.677268727000001,0.7,0.0,0.0,2.55
10.679378278000002,0.7,0.0,0.0,2.55
10.680116519,0.7,0.0,0.0,2.55
10.681202028000001,0.7,0.0,0.0,2.55
10.68210619,0.7,0.0,0.0,2.55
10.68315343,0.71,0.0,0.0,2.55
10.684258178,0.7,0.0,0.0,2.56
10.685203987000001,0.7,0.0,0.0,2.56
10.686268347,0.71,0.0,0.0,2.56
10.687092898000001,0.7,0.0,0.0,2.57
10.688382573,0.7,0.0,0.0,2.57
10.689098614,0.7,0.0,0.0,2.57
10.690190695,0.71,0.0,0.0,2.57
10.691149239000001,0.7,0.0,0.0,2.57
10.692348739,0.7,0.0,0.0,2.57
10.694410292,0.7,0.0,0.0,2.58
10.695104811,0.7,0.0,0.0,2.58
10.696229439000001,0.7,0.0,0.0,2.58
10.697253637000001,0.7,0.0,0.0,2.58
10.698240649,0.69,0.0,0.0,2.58
10.699245595,0.7,0.0,0.0,2.59
10.700243162000001,0.7,0.0,0.0,2.59
10.70124945,0.7,0.0,0.0,2.59
10.702130897,0.7,0.0,0.0,2.59
10.703322097000001,0.7,0.0,0.0,2.59
10.704106329,0.7,0.0,0.0,2.59
10.705302058000001,0.7,0.0,0.0,2.6
10.706116278000001,0.7,0.0,0.0,2.59
10.707384262000001,0.7,0.0,0.0,2.59
10.709395637,0.7,0.0,0.0,2.6
10.710109384,0.7,0.0,0.0,2.6
10.711157201,0.7,0.0,0.0,2.6
10.712174576,0.7,0.0,0.0,2.6
10.713235728,0.7,0.0,0.0,2.6
10.71413175,0.71,0.0,0.0,2.6
10.715121824,0.7,0.0,0.0,2.6
10.716084625,0.7,0.0,0.0,2.6
10.717405754000001,0.71,0.0,0.01,2.6
10.718095214,0.71,0.0,0.0,2.61
10.719315642000002,0.71,0.0,0.0,2.6
10.720094261,0.71,0.0,0.0,2.6
10.722436911,0.71,0.0,0.0,2.61
10.723106454,0.71,0.0,0.0,2.6
10.724258861000001,0.71,0.0,0.0,2.61
10.725218700000001,0.71,0.0,0.0,2.61
10.726256031,0.71,0.01,0.0,2.6
10.727239521000001,0.7,0.0,0.0,2.61
10.728136519000001,0.71,0.0,0.0,2.61
10.729359604,0.71,0.0,0.0,2.61
10.730111063,0.7,0.0,0.0,2.61
10.731397659,0.71,0.0,0.0,2.61
10.732101014000001,0.71,0.0,0.0,2.61
10.733342418000001,0.72,0.0,0.0,2.61
10.734102156,0.71,0.0,0.0,2.62
10.735310187000001,0.71,0.0,0.0,2.62
10.736128281000001,0.72,0.0,0.0,2.62
10.737401698000001,0.72,0.0,0.0,2.62
10.739273297,0.72,0.0,0.0,2.62
10.740101205,0.71,0.0,0.0,2.62
10.741274276,0.72,0.0,0.0,2.62
10.742233146,0.72,0.0,0.0,2.62
10.743250580000002,0.72,0.0,0.0,2.62
10.744137058000002,0.72,0.0,0.0,2.62
10.745382399,0.72,0.01,0.0,2.63
10.746106239000001,0.72,0.0,0.0,2.63
10.747328784,0.72,0.0,0.0,2.63
10.748093715000001,0.72,0.0,0.0,2.63
10.749307793,0.72,0.0,0.0,2.63
10.750130928,0.72,0.0,0.0,2.63
10.751349757,0.72,0.0,0.0,2.63
10.752090381,0.72,0.0,0.0,2.63
10.753405816,0.72,0.0,0.0,2.63
10.755421965,0.72,0.0,0.0,2.63
10.756096776000001,0.72,0.0,0.0,2.63
10.757401435,0.71,0.0,0.0,2.63
10.758094826,0.72,0.0,0.0,2.63
10.759407543,0.72,0.0,0.0,2.64
10.760090774,0.72,0.0,0.0,2.63
10.761284510000001,0.72,0.02,0.0,2.63
10.762179207,0.72,0.0,0.0,2.63
10.76319187,0.71,0.0,0.0,2.64
10.764077641,0.72,0.0,0.0,2.64
10.765174145000001,0.72,0.0,0.0,2.64
10.767307277,0.72,0.0,0.0,2.64
10.768123258000001,0.71,0.0,0.0,2.64
10.769274215000001,0.71,0.0,0.0,2.64
10.770234842,0.71,0.0,0.0,2.64
10.771252214,0.71,0.0,0.0,2.64
10.772185056000001,0.71,0.0,0.0,2.64
10.773310479000001,0.71,0.0,0.0,2.64
10.774154399,0.72,0.0,0.0,2.64
10.775398457000001,0.71,0.0,0.0,2.64
10.776093908,0.71,0.0,0.0,2.64
10.777398851000001,0.71,0.0,0.0,2.65
10.778097575,0.71,0.0,0.0,2.64
10.779316169000001,0.72,0.0,0.0,2.64
10.780134899,0.72,0.0,0.0,2.65
10.781499228000001,0.72,0.0,0.0,2.64
10.782100474,0.72,0.0,0.0,2.64
10.783384750000002,0.72,0.0,0.0,2.64
10.785282753,0.72,0.0,0.0,2.64
10.786155094000001,0.72,0.0,0.0,2.64
10.787275529,0.72,0.0,0.0,2.64
10.788180059,0.72,0.0,0.0,2.64
10.789287486000001,0.72,0.0,0.0,2.64
10.790228800000001,0.72,0.0,0.0,2.64
10.791280157000001,0.72,0.0,0.0,2.64
10.792212066000001,0.72,0.0,0.0,2.64
10.793399898,0.73,0.0,0.0,2.64
10.794094048,0.72,0.0,0.0,2.64
10.795318722000001,0.72,0.0,0.0,2.64
10.79609903,0.72,0.0,0.0,2.64
10.797409981000001,0.72,0.0,0.0,2.63
10.799229720000001,0.72,0.0,0.0,2.64
10.800103770000002,0.72,0.0,0.0,2.64
10.801271304,0.72,0.0,0.0,2.65
10.80219179,0.72,0.0,0.0,2.63
10.803213341000001,0.71,0.0,0.01,2.64
10.804187963,0.72,0.0,0.01,2.64
10.805236115000001,0.72,0.0,0.0,2.64
10.806203088,0.72,0.0,0.0,2.64
10.80713657,0.72,0.0,0.0,2.64
10.808404297000001,0.72,0.0,0.0,2.64
10.809103504000001,0.72,0.0,0.0,2.64
10.810347013000001,0.72,0.0,0.0,2.65
10.811134057,0.72,0.0,0.01,2.64
10.812101844,0.72,0.0,0.0,2.64
10.814295176,0.72,0.0,0.0,2.64
10.815134954000001,0.71,0.0,0.0,2.64
10.816147922,0.72,0.0,0.0,2.64
10.817381125,0.72,0.0,0.0,2.64
10.81810134,0.71,0.0,0.0,2.64
10.819288346,0.72,0.0,0.0,2.64
10.820097751,0.72,0.0,0.0,2.64
10.821398008000001,0.71,0.0,0.0,2.64
10.822106238,0.72,0.0,0.0,2.64
10.823486159000002,0.71,0.0,0.0,2.64
10.824090718,0.71,0.0,0.0,2.64
10.825396386000001,0.71,0.0,0.0,2.65
10.826090836,0.72,0.0,0.0,2.64
10.827382249000001,0.72,0.0,0.0,2.64
10.828094731,0.72,0.0,0.0,2.64
10.829360862000001,0.71,0.0,0.0,2.65
10.831311927000002,0.72,0.0,0.0,2.64
10.832116995,0.72,0.0,0.0,2.65
10.833292384,0.72,0.0,0.0,2.65
10.834216723,0.72,0.0,0.0,2.64
10.835279553000001,0.72,0.0,0.0,2.65
10.836112250000001,0.72,0.0,0.0,2.64
10.837211380000001,0.72,0.0,0.0,2.64
10.838142690000002,0.72,0.0,0.0,2.64
10.839286775000001,0.72,0.0,0.0,2.65
10.840141431000001,0.72,0.0,0.0,2.64
10.841311079,0.72,0.0,0.0,2.65
10.842120181,0.72,0.0,0.0,2.65
10.843365361,0.73,0.0,0.0,2.64
10.845374681000001,0.72,0.0,0.0,2.65
10.846102035000001,0.72,0.0,0.0,2.64
10.847158274,0.72,0.0,0.0,2.65
10.848234262,0.72,0.0,0.0,2.65
10.849086968,0.72,0.0,0.0,2.65
10.850274007000001,0.74,0.0,0.01,2.64
10.851235922,0.72,0.0,0.0,2.64
10.852243718,0.72,0.0,0.0,2.64
10.853207025000001,0.72,0.0,0.0,2.64
10.854171581000001,0.72,0.0,0.0,2.64
10.855318946,0.72,0.0,0.0,2.64
10.856097238,0.72,0.0,0.0,2.63
10.857371254,0.72,0.0,0.01,2.64
10.858097406,0.72,0.0,0.0,2.64
10.859373914,0.72,0.0,0.0,2.64
10.861584663,0.72,0.0,0.0,2.64
10.86207373,0.72,0.0,0.0,2.64
10.863273106000001,0.72,0.0,0.0,2.64
10.864122265,0.72,0.0,0.0,2.64
10.865089627000001,0.72,0.0,0.0,2.64
10.866085965,0.72,0.0,0.0,2.64
10.867160614000001,0.72,0.0,0.0,2.64
10.868209318,0.72,0.0,0.0,2.64
10.869187605,0.72,0.0,0.0,2.64
10.87019467,0.72,0.0,0.0,2.64
10.871177349,0.72,0.0,0.0,2.64
10.872382636000001,0.72,0.0,0.0,2.64
10.873097081000001,0.72,0.0,0.0,2.64
10.874406941,0.72,0.0,0.0,2.64
10.876406284000002,0.72,0.0,0.0,2.64
10.877109753000001,0.72,0.0,0.0,2.64
10.878118275,0.72,0.0,0.0,2.64
10.879165809,0.72,0.0,0.0,2.64
10.880251246,0.72,0.0,0.0,2.64
10.881187638,0.72,0.01,0.0,2.64
10.88226107,0.72,0.0,0.0,2.64
10.883105211,0.72,0.0,0.0,2.64
10.884152957000001,0.72,0.0,0.0,2.64
10.885161386,0.72,0.01,0.0,2.64
10.886165901,0.72,0.0,0.0,2.64
10.887159113000001,0.72,0.0,0.0,2.64
10.888391267000001,0.72,0.01,0.0,2.64
10.890319304,0.72,0.01,0.01,2.64
10.891116251000001,0.73,0.0,0.0,2.64
10.892260959000001,0.72,0.0,0.0,2.64
10.893211714000001,0.72,0.0,0.0,2.64
10.894254734,0.73,0.0,0.0,2.64
10.895103697000001,0.72,0.0,0.0,2.64
10.896351723,0.72,0.0,0.0,2.63
10.897113225,0.72,0.0,0.0,2.64
10.898301452,0.72,0.02,0.0,2.63
10.899097637,0.72,0.0,0.0,2.64
10.900316788000001,0.72,0.0,0.0,2.63
10.901133803,0.72,0.0,0.0,2.64
10.902433822,0.72,0.0,0.0,2.64
10.903081139000001,0.72,0.0,0.0,2.64
10.904270552,0.72,0.0,0.0,2.63
10.906346681,0.72,0.0,0.0,2.64
10.907114744000001,0.72,0.0,0.0,2.63
10.908200522000001,0.72,0.0,0.0,2.63
10.909195186,0.72,0.0,0.0,2.63
10.910175265000001,0.72,0.0,0.0,2.63
10.911182522,0.72,0.0,0.0,2.63
10.912193480000001,0.72,0.0,0.0,2.63
10.913173384,0.72,0.0,0.0,2.63
10.914205106,0.72,0.0,0.0,2.63
10.91521719,0.72,0.0,0.0,2.64
10.916238624,0.72,0.0,0.0,2.63
10.917234582,0.72,0.0,0.0,2.63
10.918206492000001,0.72,0.0,0.0,2.63
10.920451897000001,0.72,0.0,0.0,2.63
10.921398014000001,0.73,0.0,0.0,2.63
10.922164616,0.73,0.0,0.0,2.63
10.923163641,0.72,0.0,0.0,2.63
10.924142765000001,0.73,0.0,0.01,2.63
10.925197908000001,0.72,0.02,0.0,2.63
10.926195342000002,0.72,0.0,0.0,2.63
10.927200812,0.73,0.01,0.0,2.63
10.92817703,0.73,0.0,0.0,2.63
10.929316879,0.73,0.0,0.0,2.63
10.930135555000001,0.73,0.0,0.0,2.63
10.931201241,0.73,0.0,0.0,2.63
10.932132471000001,0.72,0.0,0.0,2.63
10.933190625,0.73,0.0,0.0,2.63
10.934210308,0.73,0.0,0.0,2.63
10.936341228,0.73,0.0,0.0,2.63
10.937110331000001,0.73,0.0,0.0,2.63
10.938344749,0.73,0.0,0.0,2.62
10.939104858,0.73,0.0,0.0,2.62
10.940327111,0.73,0.0,0.0,2.63
10.941099843,0.73,0.0,0.0,2.62
10.942319335,0.73,0.0,0.0,2.63
10.943089061,0.73,0.0,0.0,2.62
10.944292841000001,0.73,0.0,0.0,2.62
10.945172086000001,0.73,0.0,0.0,2.62
10.946115603,0.73,0.0,0.0,2.62
10.947124904,0.73,0.0,0.0,2.62
10.948236119,0.73,0.0,0.0,2.62
10.949219508,0.73,0.01,0.0,2.62
10.951248193000001,0.73,0.0,0.0,2.62
10.952096141,0.73,0.0,0.0,2.62
10.953301861,0.73,0.0,0.0,2.62
10.954145442000002,0.73,0.0,0.0,2.62
10.955354795,0.73,0.0,0.0,2.62
10.956305618,0.73,0.0,0.0,2.62
10.957116297,0.73,0.0,0.0,2.62
10.958403133000001,0.73,0.0,0.0,2.62
10.959139347,0.73,0.0,0.0,2.62
10.960197909000001,0.73,0.0,0.01,2.62
10.961370631000001,0.73,0.0,0.0,2.62
10.962152315,0.73,0.0,0.0,2.62
10.96317817,0.73,0.0,0.0,2.62
10.96529113,0.73,0.0,0.0,2.62
10.966136807,0.74,0.0,0.0,2.62
10.967204635,0.73,0.0,0.0,2.62
10.968204008,0.72,0.0,0.0,2.62
10.969135308,0.72,0.0,0.0,2.62
10.970392685,0.73,0.0,0.0,2.62
10.971121518,0.73,0.02,0.0,2.62
10.972348514,0.73,0.0,0.0,2.61
10.973106558000001,0.73,0.0,0.0,2.62
10.974347647,0.73,0.0,0.0,2.61
10.975108431,0.72,0.0,0.0,2.62
10.976252603,0.73,0.0,0.0,2.61
10.977095408,0.72,0.0,0.0,2.61
10.978293969000001,0.72,0.0,0.0,2.61
10.980255405000001,0.73,0.0,0.0,2.61
10.981184821000001,0.73,0.01,0.0,2.61
10.982134017,0.73,0.0,0.0,2.61
10.98312123,0.72,0.0,0.01,2.61
10.984091483,0.73,0.0,0.0,2.61
10.985120728,0.73,0.0,0.0,2.61
10.986222258000002,0.73,0.0,0.0,2.61
10.987309025,0.73,0.0,0.0,2.61
10.988114864,0.71,0.0,0.0,2.61
10.989417225,0.71,0.0,0.0,2.61
10.990180302,0.72,0.0,0.0,2.61
10.991206060000001,0.72,0.0,0.0,2.6
10.992165018000001,0.72,0.0,0.0,2.61
10.993175769,0.72,0.0,0.0,2.61
10.994194496,0.71,0.0,0.0,2.61
10.996482283,0.73,0.0,0.0,2.61
10.997585799000001,0.72,0.0,0.0,2.6
10.998636822,0.71,0.0,0.0,2.61
10.999695245,0.71,0.0,0.0,2.6
11.000726084,0.71,0.0,0.02,2.6
11.001677156000001,0.7,0.0,0.0,2.61
11.002568175,0.7,0.0,0.0,2.6
11.003397096,0.7,0.0,0.0,2.61
11.004226077,0.71,0.0,0.0,2.6
11.005201937,0.71,0.0,0.0,2.61
11.006184205,0.71,0.0,0.0,2.6
11.007160089000001,0.71,0.0,0.0,2.6
11.008196141,0.71,0.0,0.0,2.6
11.010392585,0.72,0.0,0.0,2.6
11.01111657,0.72,0.0,0.0,2.6
11.012185391000001,0.72,0.0,0.0,2.6
11.013133619000001,0.72,0.0,0.01,2.6
11.014308963000001,0.71,0.0,0.0,2.6
11.015114311000001,0.71,0.0,0.0,2.6
11.016358289000001,0.71,0.0,0.0,2.59
11.017111037000001,0.71,0.0,0.0,2.59
11.018342500000001,0.72,0.0,0.01,2.59
11.019151583000001,0.71,0.0,0.0,2.59
11.020159132,0.72,0.0,0.0,2.59
11.021202176000001,0.72,0.0,0.0,2.58
11.022181715,0.71,0.0,0.0,2.59
11.02319166,0.71,0.0,0.0,2.59
11.024206315,0.72,0.0,0.0,2.58
11.026584025,0.72,0.0,0.0,2.58
11.027894120000001,0.72,0.0,0.0,2.58
11.028970679,0.72,0.0,0.0,2.58
11.029928732,0.71,0.0,0.0,2.58
11.030804219,0.71,0.0,0.0,2.58
11.031616671,0.71,0.0,0.0,2.57
11.032380708,0.72,0.0,0.0,2.57
11.033199261,0.72,0.0,0.0,2.57
11.034160505000001,0.72,0.0,0.0,2.58
11.03517948,0.72,0.0,0.0,2.57
11.036173007,0.72,0.0,0.0,2.56
11.037167853000001,0.73,0.0,0.0,2.56
11.038164727,0.72,0.0,0.0,2.57
11.039195593,0.72,0.0,0.0,2.56
11.041350313,0.72,0.0,0.0,2.56
11.042140436,0.72,0.0,0.0,2.56
11.043353054,0.72,0.01,0.0,2.56
11.044120292,0.72,0.0,0.0,2.55
11.045311001,0.72,0.0,0.0,2.55
11.046110515,0.72,0.0,0.0,2.55
11.047268967,0.72,0.0,0.0,2.55
11.048099727,0.71,0.0,0.0,2.55
11.049253870000001,0.72,0.0,0.0,2.55
11.050176165,0.72,0.0,0.0,2.54
11.0512806,0.71,0.0,0.0,2.54
11.052088639,0.72,0.0,0.0,2.54
11.053277779,0.72,0.0,0.0,2.54
11.054133986,0.72,0.0,0.0,2.54
11.055314634,0.71,0.0,0.0,2.53
11.057352141,0.72,0.0,0.0,2.53
11.058092932000001,0.72,0.0,0.0,2.53
11.059218699,0.72,0.0,0.0,2.52
11.060227115,0.71,0.0,0.01,2.52
11.061112271,0.71,0.0,0.0,2.52
11.062344177,0.72,0.0,0.0,2.52
11.063085206,0.72,0.0,0.01,2.51
11.064268496,0.72,0.0,0.0,2.51
11.065089326,0.71,0.0,0.0,2.51
11.066304566000001,0.72,0.0,0.0,2.51
11.067086918000001,0.72,0.0,0.0,2.51
11.068155307000001,0.72,0.0,0.0,2.51
11.069200347,0.71,0.0,0.0,2.51
11.070230010000001,0.71,0.0,0.0,2.5
11.071227762000001,0.72,0.0,0.0,2.5
11.073359906,0.72,0.0,0.0,2.5
11.07409301,0.72,0.0,0.0,2.49
11.075292891,0.72,0.0,0.0,2.49
11.076089058,0.72,0.0,0.0,2.48
11.077106634000002,0.72,0.0,0.0,2.48
11.078142542,0.72,0.0,0.0,2.48
11.079196919000001,0.73,0.0,0.0,2.47
11.080139715000001,0.72,0.0,0.0,2.46
11.081158629,0.72,0.0,0.0,2.45
11.082152014,0.72,0.0,0.0,2.45
11.083189589,0.72,0.0,0.0,2.45
11.085465392000001,0.73,0.0,0.0,2.44
11.086299050000001,0.72,0.0,0.0,2.44
11.087268237,0.72,0.0,0.0,2.43
11.08819987,0.73,0.0,0.01,2.43
11.089185604,0.72,0.0,0.0,2.42
11.090162216000001,0.72,0.0,0.0,2.42
11.091188273,0.72,0.0,0.0,2.42
11.092200740000001,0.72,0.0,0.0,2.4
11.09319303,0.73,0.0,0.01,2.4
11.094278353,0.72,0.0,0.0,2.39
11.095176347,0.72,0.0,0.0,2.38
11.096158723,0.72,0.0,0.0,2.37
11.097187642000002,0.72,0.0,0.0,2.36
11.098195029000001,0.72,0.0,0.0,2.36
11.099179346000001,0.72,0.0,0.0,2.35
11.100191068,0.72,0.0,0.0,2.34
11.102353324000001,0.72,0.0,0.0,2.33
11.103143026000001,0.72,0.0,0.0,2.33
11.104205393,0.72,0.0,0.0,2.31
11.105208598,0.72,0.0,0.0,2.32
11.106147402000001,0.72,0.0,0.0,2.31
11.107290646000001,0.72,0.0,0.0,2.3
11.108110874000001,0.72,0.0,0.0,2.29
11.109335498,0.72,0.0,0.0,2.29
11.110107246,0.72,0.0,0.0,2.27
11.111178241000001,0.71,0.0,0.0,2.26
11.112099891000002,0.72,0.0,0.0,2.24
11.113157489,0.72,0.0,0.0,2.23
11.114227853000001,0.72,0.0,0.0,2.22
11.11513809,0.72,0.0,0.0,2.19
11.116354658,0.72,0.0,0.0,2.18
11.118353716000001,0.72,0.0,0.0,2.16
11.119095143000001,0.72,0.0,0.0,2.16
11.120343267,0.72,0.0,0.0,2.15
11.121092615,0.72,0.0,0.0,2.13
11.122204405000002,0.72,0.0,0.0,2.12
11.123240226,0.73,0.0,0.01,2.1
11.124233102,0.72,0.0,0.0,2.08
11.125219306,0.72,0.0,0.0,2.07
11.126070562,0.72,0.0,0.0,2.04
11.12726729,0.72,0.0,0.0,2.03
11.128092261,0.72,0.0,0.0,2.02
11.129119784,0.72,0.0,0.0,2.0
11.130306387000001,0.72,0.0,0.0,1.98
11.132984327,0.71,0.0,0.0,1.96
11.133421016000002,0.72,0.0,0.0,1.95
11.134074185000001,0.72,0.0,0.0,1.92
11.135279304,0.71,0.0,0.0,1.89
11.136160945,0.72,0.0,0.0,1.88
11.137106936,0.71,0.0,0.0,1.85
11.138253403,0.72,0.0,0.0,1.83
11.139130241,0.72,0.0,0.0,1.83
11.14024592,0.72,0.0,0.0,1.82
11.141176219,0.72,0.0,0.0,1.79
11.142151996,0.72,0.0,0.0,1.77
11.143152348000001,0.72,0.0,0.0,1.72
11.144244899,0.72,0.0,0.0,1.64
11.145067971000001,0.72,0.0,0.0,1.62
11.146367680000001,0.72,0.01,0.0,1.56
11.148241603,0.72,0.0,0.0,1.53
11.149156356,0.71,0.0,0.0,1.51
11.150242562,0.72,0.0,0.0,1.44
11.151237230000001,0.72,0.0,0.0,1.4
11.152216002000001,0.72,0.0,0.0,1.39
11.153256659,0.72,0.0,0.0,1.35
11.154112714,0.72,0.0,0.0,1.3
11.155224456000001,0.71,0.0,0.0,1.28
11.156166632000001,0.72,0.0,0.0,1.26
11.157265954000001,0.71,0.0,0.0,1.24
11.158087844,0.71,0.0,0.0,1.19
11.159304082,0.72,0.0,0.0,1.18
11.160180473,0.72,0.0,0.0,1.13
11.162343178,0.72,0.0,0.0,0.96
11.16308983,0.72,0.0,0.0,0.94
11.164334861,0.72,0.0,0.0,0.9
11.16508858,0.72,0.0,0.0,0.86
11.166227704,0.72,0.0,0.01,0.85
11.167229118,0.71,0.0,0.0,0.85
11.168125293000001,0.71,0.0,0.0,0.84
11.169328094,0.72,0.0,0.0,0.84
11.170090386,0.71,0.0,0.0,0.83
11.171292036,0.71,0.0,0.0,0.83
11.172120003,0.71,0.0,0.0,0.8
11.173113437000001,0.71,0.0,0.0,0.77
11.174187247,0.7,0.0,0.0,0.77
11.175228460000001,0.71,0.0,0.0,0.72
11.177366498000001,0.71,0.0,0.0,0.71
11.178096313000001,0.71,0.01,0.0,0.69
11.179243959,0.71,0.0,0.0,0.68
11.180128942000001,0.71,0.0,0.0,0.67
11.182582971,0.71,0.0,0.0,0.65
11.182984604000001,0.71,0.0,0.0,0.63
11.183338507,0.71,0.0,0.0,0.61
11.184189006,0.71,0.0,0.0,0.6
11.185260769000001,0.71,0.0,0.0,0.59
11.186125505000001,0.71,0.0,0.0,0.55
11.187147546,0.71,0.0,0.0,0.51
11.189399147000001,0.71,0.0,0.0,0.47
11.190136386,0.71,0.0,0.0,0.45
11.191246862,0.71,0.0,0.0,0.4
11.192249304,0.71,0.0,0.0,0.0
11.193246751,0.7,0.0,0.0,0.0
11.194283437000001,0.71,0.0,0.0,0.0
11.195222768,0.71,0.0,0.0,0.0
11.196340971000001,0.71,0.0,0.0,0.0
11.197076093000002,0.71,0.0,0.0,0.0
11.198253214000001,0.71,0.0,0.0,0.0
11.199077561000001,0.7,0.0,0.0,0.0
11.200329024,0.7,0.0,0.0,0.0
11.20115408,0.69,0.0,0.0,0.01
11.202289349,0.69,0.0,0.01,0.0
11.203166430000001,0.69,0.0,0.0,0.0
11.204274126000001,0.69,0.0,0.0,0.0
11.206367068,0.69,0.0,0.0,0.0
11.207082580000002,0.7,0.0,0.0,0.01
11.208352547,0.69,0.0,0.0,0.0
11.209083244,0.69,0.0,0.0,0.0
11.210352648,0.69,0.0,0.0,0.0
11.211086914000001,0.69,0.0,0.0,0.0
11.212347579000001,0.69,0.0,0.0,0.0
11.21310832,0.69,0.0,0.0,0.0
11.214423379000001,0.69,0.0,0.0,0.0
11.215117403,0.7,0.0,0.0,0.0
11.216368244,0.7,0.0,0.0,0.0
11.217141121000001,0.69,0.0,0.0,0.0
11.218143454000002,0.7,0.0,0.0,0.0
11.219216453000001,0.69,0.0,0.0,0.0
11.221473968000002,0.69,0.0,0.0,0.0
11.222491543,0.7,0.0,0.0,0.0
11.223388984000001,0.7,0.0,0.0,0.0
11.22430943,0.69,0.0,0.0,0.0
11.225316653,0.69,0.0,0.0,0.0
11.226393508000001,0.7,0.0,0.0,0.0
11.227363217,0.69,0.0,0.0,0.0
11.228237896000001,0.7,0.0,0.0,0.0
11.229279619000001,0.69,0.0,0.0,0.0
11.230316251000001,0.69,0.0,0.0,0.0
11.231175713,0.69,0.0,0.0,0.0
11.232213662000001,0.69,0.0,0.0,0.0
11.233197832,0.69,0.0,0.0,0.0
11.234183365000002,0.68,0.0,0.0,0.0
11.235153914000001,0.69,0.0,0.0,0.0
11.236238197,0.69,0.0,0.0,0.0
11.237306547000001,0.69,0.0,0.0,0.0
11.239372041000001,0.69,0.0,0.01,0.0
11.240151673000002,0.69,0.0,0.0,0.0
11.241151113,0.68,0.0,0.0,0.0
11.242199052,0.68,0.0,0.0,0.0
11.243206138000001,0.68,0.0,0.0,0.0
11.244305202000001,0.68,0.0,0.0,0.0
11.245153978000001,0.68,0.0,0.0,0.0
11.2462148,0.68,0.0,0.0,0.0
11.24719042,0.69,0.0,0.0,0.0
11.248174577,0.68,0.0,0.0,0.0
11.249185687,0.68,0.0,0.0,0.0
11.250211621,0.67,0.0,0.0,0.0
11.251202710000001,0.69,0.0,0.0,0.0
11.253367976,0.68,0.0,0.0,0.0
11.254214784,0.68,0.0,0.0,0.0
11.255139392,0.68,0.0,0.0,0.0
11.256199762000001,0.69,0.0,0.0,0.0
11.257196800000001,0.68,0.0,0.01,0.0
11.258204521000001,0.68,0.0,0.0,0.0
11.259213596,0.67,0.0,0.0,0.0
11.260134831,0.67,0.0,0.0,0.0
11.261196194,0.67,0.0,0.0,0.0
11.262179587,0.67,0.0,0.0,0.0
11.263161733,0.67,0.0,0.0,0.0
11.264158056000001,0.67,0.0,0.0,0.0
11.26514684,0.67,0.0,0.0,0.0
11.266136367000001,0.67,0.0,0.0,0.0
11.268307191,0.66,0.0,0.0,0.0
11.269130397000001,0.66,0.0,0.0,0.0
11.27017642,0.66,0.0,0.0,0.0
11.271191227000001,0.67,0.0,0.0,0.0
11.272232135000001,0.66,0.0,0.0,0.0
11.273158403,0.67,0.0,0.0,0.0
11.274198997000001,0.67,0.0,0.0,0.0
11.275193863,0.66,0.0,0.0,0.0
11.276194423000002,0.66,0.0,0.0,0.0
11.277190636,0.67,0.0,0.0,0.0
11.278215192000001,0.66,0.0,0.0,0.0
11.279226909,0.67,0.0,0.0,0.0
11.280259717,0.67,0.0,0.01,0.0
11.282515238,0.66,0.0,0.0,0.0
11.283586305,0.67,0.0,0.0,0.0
11.284520187,0.67,0.0,0.0,0.0
11.28534651,0.67,0.0,0.0,0.0
11.286219729,0.67,0.0,0.0,0.0
11.287161878000001,0.67,0.0,0.0,0.0
11.288209212,0.67,0.0,0.0,0.0
11.289187898000002,0.68,0.0,0.0,0.0
11.290215607,0.68,0.0,0.0,0.0
11.291189418,0.68,0.0,0.0,0.0
11.292197089,0.68,0.0,0.0,0.0
11.293198549000001,0.68,0.0,0.0,0.0
11.29414477,0.68,0.0,0.0,0.0
11.295380875000001,0.68,0.0,0.0,0.0
11.2961296,0.68,0.0,0.0,0.0
11.297377133000001,0.68,0.0,0.0,0.0
11.298394033000001,0.68,0.0,0.0,0.0
11.300331055000001,0.68,0.0,0.0,0.0
11.301130523000001,0.68,0.0,0.0,0.0
11.30219942,0.69,0.0,0.0,0.0
11.303202799000001,0.68,0.0,0.0,0.0
11.304150516,0.69,0.0,0.0,0.0
11.305195322000001,0.68,0.0,0.0,0.0
11.306215001,0.68,0.0,0.0,0.0
11.307162474,0.68,0.01,0.0,0.0
11.308185201,0.68,0.0,0.0,0.0
11.309209476000001,0.69,0.0,0.0,0.0
11.310222791000001,0.69,0.0,0.0,0.0
11.312439371,0.69,0.0,0.0,0.0
11.313373323,0.69,0.0,0.0,0.0
11.314408912000001,0.68,0.0,0.0,0.0
11.316218752000001,0.69,0.0,0.0,0.0
11.317749073,0.68,0.0,0.0,0.0
11.319137173000001,0.68,0.0,0.0,0.0
11.320459673,0.68,0.0,0.0,0.0
11.321667739,0.68,0.0,0.0,0.0
11.322250521,0.68,0.0,0.0,0.0
11.323144371000001,0.68,0.0,0.0,0.0
11.324149604,0.68,0.0,0.01,0.0
11.325320687000001,0.68,0.0,0.0,0.01
11.326555690000001,0.68,0.0,0.0,0.0
11.327244749,0.68,0.0,0.0,0.0
11.328159004000002,0.68,0.0,0.0,0.0
11.329200489000002,0.68,0.0,0.0,0.02
11.330201952000001,0.68,0.0,0.0,0.0
11.331199811000001,0.69,0.0,0.0,0.0
11.332163388000001,0.69,0.0,0.0,0.0
11.333181975,0.69,0.0,0.0,0.0
11.334213744000001,0.68,0.0,0.0,0.0
11.335226324,0.68,0.0,0.0,0.0
11.336266781,0.69,0.0,0.01,0.0
11.337356998,0.69,0.0,0.0,0.0
11.33829038,0.69,0.0,0.0,0.0
11.339259558,0.68,0.0,0.0,0.0
11.340327406,0.68,0.0,0.0,0.0
11.341315146000001,0.68,0.0,0.0,0.0
11.342259604,0.69,0.0,0.0,0.0
11.343190114,0.69,0.0,0.0,0.0
11.344175896000001,0.69,0.0,0.0,0.0
11.345162989,0.69,0.0,0.0,0.0
11.346160469,0.69,0.0,0.0,0.0
11.347191639,0.69,0.0,0.0,0.0
11.348177975,0.69,0.0,0.0,0.0
11.349189632,0.69,0.0,0.0,0.0
11.350194927,0.69,0.0,0.0,0.0
11.351178855,0.69,0.0,0.0,0.0
11.352185871000001,0.69,0.0,0.0,0.0
11.353204812000001,0.69,0.0,0.0,0.0
11.354228416000002,0.69,0.0,0.0,0.0
11.355267214000001,0.69,0.0,0.0,0.0
11.357498254000001,0.69,0.0,0.0,0.0
11.358605906000001,0.69,0.0,0.0,0.0
11.359625584000002,0.69,0.0,0.0,0.0
11.360601878,0.69,0.0,0.0,0.0
11.362278909,0.68,0.01,0.0,0.0
11.36319999,0.69,0.0,0.0,0.0
11.364182389000002,0.69,0.01,0.0,0.0
11.36516737,0.69,0.0,0.0,0.0
11.366187196,0.7,0.0,0.0,0.0
11.367182295000001,0.7,0.0,0.0,0.0
11.368191846,0.7,0.0,0.0,0.0
11.369227907,0.7,0.0,0.0,0.0
11.370232955,0.71,0.0,0.01,0.0
11.371208866,0.7,0.0,0.0,0.0
11.372190438,0.7,0.0,0.0,0.0
11.373195306000001,0.7,0.0,0.0,0.0
11.374208252,0.7,0.0,0.0,0.0
11.375205336,0.69,0.0,0.0,0.0
11.376216424,0.7,0.0,0.01,0.0
11.377204055,0.7,0.0,0.0,0.0
11.378175782000001,0.7,0.0,0.0,0.0
11.379162906000001,0.7,0.0,0.0,0.0
11.380184074,0.7,0.0,0.0,0.0
11.381167363000001,0.7,0.0,0.0,0.0
11.382155852,0.69,0.0,0.0,0.0
11.383287527,0.69,0.0,0.0,0.0
11.384193285,0.69,0.0,0.01,0.0
11.385210501000001,0.69,0.0,0.0,0.0
11.386245638,0.69,0.0,0.0,0.0
11.388542729000001,0.69,0.0,0.0,0.0
11.389736126,0.7,0.0,0.0,0.0
11.390780361000001,0.7,0.0,0.0,0.0
11.391730392000001,0.69,0.0,0.0,0.0
11.392607445000001,0.7,0.0,0.0,0.0
11.393473908,0.7,0.0,0.0,0.0
11.394310809,0.7,0.0,0.0,0.0
11.39520847,0.7,0.0,0.0,0.0
11.396180988000001,0.71,0.0,0.0,0.0
11.397194755000001,0.7,0.0,0.0,0.0
11.398225284,0.7,0.0,0.0,0.0
11.399189609,0.7,0.0,0.0,0.0
11.400165758,0.7,0.0,0.0,0.0
11.402369559,0.69,0.0,0.0,0.0
11.403155011,0.69,0.0,0.0,0.0
11.404182866000001,0.69,0.0,0.0,0.0
11.405181655000002,0.69,0.0,0.0,0.0
11.40623032,0.69,0.0,0.0,0.0
11.407216088,0.69,0.01,0.0,0.01
11.408206976,0.69,0.0,0.0,0.0
11.409217862,0.7,0.0,0.0,0.0
11.41023333,0.7,0.0,0.0,0.0
11.411179114000001,0.7,0.0,0.0,0.0
11.412200137000001,0.7,0.0,0.0,0.0
11.413182074,0.7,0.0,0.0,0.0
11.414159463,0.7,0.0,0.0,0.0
11.415145354,0.7,0.0,0.0,0.0
11.416311675000001,0.7,0.0,0.0,0.0
11.418403852,0.7,0.0,0.0,0.0
11.419122741,0.7,0.0,0.0,0.0
11.420397134,0.7,0.0,0.0,0.0
11.421113490000002,0.7,0.0,0.0,0.0
11.422374169000001,0.7,0.0,0.0,0.0
11.42310422,0.7,0.0,0.0,0.0
11.424407842,0.7,0.0,0.0,0.0
11.425097108000001,0.7,0.0,0.0,0.0
11.426408167,0.7,0.0,0.0,0.0
11.427093881000001,0.69,0.0,0.0,0.0
11.428320187,0.7,0.01,0.0,0.0
11.429117430000002,0.7,0.0,0.0,0.0
11.430359559000001,0.7,0.0,0.0,0.0
11.431089091,0.7,0.0,0.0,0.01
11.433433632,0.7,0.0,0.0,0.0
11.434093957,0.7,0.0,0.0,0.0
11.435271169,0.7,0.0,0.0,0.0
11.436408402000001,0.7,0.0,0.0,0.0
11.437082127,0.7,0.0,0.0,0.0
11.438406687,0.7,0.0,0.0,0.0
11.439092955000001,0.7,0.0,0.0,0.0
11.440415184,0.7,0.0,0.0,0.0
11.441095402,0.7,0.0,0.0,0.0
11.442380857,0.7,0.0,0.0,0.0
11.443085957000001,0.7,0.0,0.0,0.0
11.444325335,0.7,0.0,0.0,0.0
11.445163995000001,0.7,0.0,0.0,0.0
11.446279486,0.7,0.0,0.0,0.0
11.448204146,0.7,0.0,0.0,0.0
11.449144276,0.7,0.0,0.0,0.0
11.450093244000001,0.7,0.0,0.0,0.01
11.451267176,0.7,0.0,0.0,0.0
11.452196954000001,0.7,0.0,0.0,0.0
11.453138093000002,0.7,0.0,0.0,0.0
11.454262094,0.7,0.0,0.0,0.0
11.455167490000001,0.7,0.0,0.0,0.0
11.456214218000001,0.7,0.0,0.0,0.0
11.457176381,0.7,0.0,0.0,0.0
11.458176919000001,0.7,0.0,0.0,0.0
11.459164783,0.7,0.0,0.0,0.0
11.460337209,0.7,0.0,0.0,0.0
11.462242435,0.7,0.0,0.0,0.0
11.463163642000001,0.7,0.0,0.0,0.0
11.464174362000001,0.7,0.0,0.0,0.0
11.465139105,0.7,0.0,0.0,0.0
11.466259565000001,0.7,0.0,0.0,0.0
11.467241403000001,0.7,0.0,0.0,0.0
11.46826847,0.7,0.0,0.0,0.0
11.469238251,0.7,0.0,0.0,0.0
11.470159374000001,0.7,0.0,0.0,0.0
11.471399989,0.7,0.0,0.0,0.0
11.4720978,0.7,0.0,0.0,0.0
11.473328504000001,0.7,0.0,0.0,0.0
11.474102279,0.7,0.0,0.0,0.0
11.475341892000001,0.7,0.01,0.0,0.0
11.476094006,0.7,0.0,0.0,0.0
11.477406483000001,0.7,0.0,0.0,0.0
11.479416347,0.69,0.0,0.0,0.0
11.480097321,0.69,0.0,0.0,0.0
11.481096618,0.69,0.0,0.0,0.0
11.482134174,0.69,0.0,0.0,0.0
11.483241242,0.7,0.0,0.0,0.0
11.484155077,0.69,0.0,0.0,0.0
11.485108523000001,0.69,0.0,0.0,0.0
11.486268135000001,0.7,0.0,0.0,0.0
11.487086845,0.69,0.0,0.0,0.0
11.488317748,0.69,0.0,0.01,0.0
11.489101957,0.69,0.0,0.0,0.0
11.490426082,0.69,0.0,0.0,0.0
11.4911027,0.69,0.0,0.0,0.0
11.492389842000001,0.69,0.0,0.0,0.0
11.494434017000001,0.69,0.0,0.0,0.0
11.495107947000001,0.69,0.0,0.0,0.0
11.496398841000001,0.69,0.0,0.0,0.0
11.497093487,0.69,0.0,0.0,0.0
11.498257948000001,0.7,0.0,0.0,0.0
11.499094128000001,0.69,0.0,0.0,0.0
11.500504309,0.7,0.0,0.0,0.0
11.501091655000002,0.7,0.0,0.0,0.0
11.502386121,0.68,0.0,0.0,0.0
11.50308569,0.67,0.0,0.0,0.0
11.504304804,0.65,0.0,0.0,0.0
11.505180071,0.65,0.0,0.0,0.0
11.506464745,0.65,0.0,0.0,0.0
11.508307674000001,0.66,0.0,0.0,0.0
11.509107741000001,0.65,0.0,0.0,0.0
11.510294162000001,0.65,0.0,0.0,0.0
11.511110888000001,0.66,0.0,0.0,0.0
11.512254614000001,0.67,0.0,0.0,0.0
11.513095065,0.67,0.0,0.0,0.0
11.514392126,0.67,0.0,0.0,0.0
11.515096668,0.66,0.0,0.0,0.0
11.516152234000002,0.67,0.0,0.0,0.0
11.517213504,0.67,0.0,0.0,0.0
11.518178814,0.68,0.0,0.0,0.0
11.519168065,0.68,0.0,0.0,0.0
11.520369681,0.67,0.0,0.0,0.0
11.521095387,0.68,0.0,0.0,0.0
11.522383105000001,0.67,0.0,0.0,0.0
11.524414066,0.67,0.0,0.0,0.0
11.525101818000001,0.67,0.0,0.0,0.0
11.526400842000001,0.67,0.0,0.0,0.0
11.527097706000001,0.67,0.0,0.0,0.0
11.528417081,0.67,0.0,0.0,0.0
11.529102616000001,0.67,0.0,0.0,0.0
11.530390036,0.67,0.0,0.0,0.0
11.531096348,0.67,0.0,0.0,0.0
11.532264568,0.67,0.0,0.0,0.0
11.533095257000001,0.68,0.0,0.0,0.0
11.534311329000001,0.67,0.0,0.0,0.0
11.535148735,0.67,0.0,0.0,0.0
11.536421406,0.67,0.0,0.0,0.0
11.537095052000002,0.68,0.0,0.0,0.0
11.538422448,0.68,0.0,0.0,0.0
11.540213922000001,0.68,0.0,0.0,0.0
11.541239618,0.67,0.0,0.0,0.0
11.542251148,0.68,0.0,0.0,0.0
11.543262316,0.68,0.0,0.0,0.02
11.544251066000001,0.68,0.0,0.0,0.0
11.545229738000002,0.68,0.0,0.0,0.0
11.546193666,0.68,0.0,0.0,0.0
11.547132724,0.68,0.0,0.0,0.0
11.548268010000001,0.68,0.0,0.0,0.0
11.549129956000002,0.68,0.0,0.0,0.0
11.550090139,0.68,0.0,0.0,0.0
11.551247959000001,0.68,0.0,0.0,0.0
11.552154754,0.68,0.0,0.01,0.0
11.554407084000001,0.68,0.0,0.0,0.0
11.555100683000001,0.68,0.0,0.0,0.0
11.556402270000001,0.68,0.0,0.0,0.0
11.557102935000001,0.68,0.0,0.0,0.0
11.558482810000001,0.68,0.0,0.0,0.0
11.559091634000001,0.68,0.0,0.0,0.0
11.560418069,0.7,0.0,0.0,0.0
11.561090028,0.68,0.0,0.0,0.0
11.562319326,0.68,0.0,0.0,0.0
11.563094488,0.68,0.0,0.0,0.0
11.564311692,0.68,0.0,0.0,0.0
11.565131137,0.68,0.0,0.0,0.0
11.56629752,0.68,0.0,0.0,0.0
11.567151117,0.68,0.0,0.0,0.01
11.568300446,0.68,0.0,0.0,0.0
11.570481553,0.68,0.0,0.0,0.0
11.571093807,0.68,0.0,0.01,0.0
11.572404547000001,0.68,0.0,0.0,0.0
11.573105531000001,0.68,0.0,0.0,0.0
11.574299992,0.68,0.0,0.0,0.0
11.575167956000001,0.68,0.0,0.0,0.0
11.576292762000001,0.68,0.0,0.0,0.0
11.577233102000001,0.68,0.0,0.0,0.0
11.578138672000001,0.67,0.0,0.0,0.0
11.579441312,0.68,0.0,0.0,0.0
11.580087861,0.68,0.0,0.0,0.0
11.581153122,0.68,0.0,0.0,0.0
11.582338120000001,0.68,0.0,0.0,0.0
11.584249332,0.68,0.0,0.0,0.0
11.585096581,0.68,0.0,0.0,0.0
11.586270132000001,0.68,0.0,0.0,0.0
11.587091123,0.68,0.0,0.0,0.0
11.588266992000001,0.68,0.0,0.0,0.0
11.589237695000001,0.67,0.0,0.0,0.0
11.590267637,0.68,0.0,0.0,0.0
11.591089599,0.68,0.0,0.0,0.0
11.592383895000001,0.68,0.0,0.0,0.0
11.593102424000001,0.68,0.0,0.0,0.0
11.594177798,0.68,0.0,0.0,0.0
11.595178224000001,0.68,0.0,0.0,0.0
11.596173968,0.68,0.0,0.0,0.0
11.597241656000001,0.68,0.0,0.0,0.0
11.599300618000001,0.68,0.0,0.0,0.0
11.600113555,0.68,0.0,0.0,0.0
11.601194297000001,0.68,0.0,0.0,0.0
11.602253752000001,0.68,0.0,0.0,0.0
11.60322835,0.68,0.0,0.0,0.0
11.604230319000001,0.68,0.0,0.0,0.0
11.605152234,0.68,0.0,0.0,0.0
11.606181064000001,0.68,0.0,0.0,0.0
11.607240476000001,0.69,0.0,0.0,0.0
11.608193149,0.68,0.0,0.0,0.0
11.609173714,0.68,0.0,0.01,0.0
11.610180054,0.69,0.0,0.0,0.0
11.611319489000001,0.67,0.0,0.0,0.0
11.612122481,0.68,0.0,0.0,0.0
11.613345561000001,0.68,0.0,0.0,0.08
11.615287246000001,0.68,0.0,0.0,0.17
11.616114431000002,0.68,0.01,0.0,0.33
11.617256357,0.68,0.0,0.0,0.39
11.618226357000001,0.68,0.0,0.0,0.59
11.619254424000001,0.68,0.0,0.0,0.64
11.62022436,0.68,0.0,0.0,0.65
11.621261356000002,0.68,0.0,0.0,0.64
11.622225404,0.68,0.0,0.0,0.69
11.623182616000001,0.68,0.0,0.0,0.73
11.624313879,0.68,0.0,0.0,0.72
11.625105661000001,0.68,0.0,0.0,0.74
11.627431683000001,0.68,0.0,0.0,0.74
11.628115405,0.69,0.0,0.0,0.75
11.629386067,0.68,0.0,0.0,0.77
11.630110700000001,0.68,0.0,0.0,0.79
11.631183244,0.68,0.0,0.0,0.79
11.632154712,0.68,0.0,0.0,0.81
11.633314501000001,0.68,0.0,0.0,0.81
11.634104599,0.68,0.0,0.0,0.82
11.635401745000001,0.68,0.0,0.0,0.83
11.63610197,0.68,0.0,0.01,0.8
11.637389147,0.69,0.0,0.0,0.82
11.638094574,0.68,0.0,0.0,0.83
11.639321869000002,0.69,0.0,0.0,0.84
11.640157305,0.68,0.0,0.01,0.85
11.641384389,0.68,0.0,0.0,0.86
11.642085641000001,0.68,0.0,0.0,0.87
11.643412574000001,0.69,0.0,0.0,0.87
11.645422692,0.68,0.0,0.0,0.89
11.646094788000001,0.68,0.0,0.0,0.9
11.647396224000001,0.68,0.0,0.0,0.94
11.648096068000001,0.68,0.0,0.0,1.02
11.649418824000001,0.69,0.0,0.0,1.02
11.650092201000001,0.68,0.0,0.0,1.14
11.651425317000001,0.69,0.0,0.0,1.15
11.652100424,0.69,0.0,0.0,1.17
11.653298579000001,0.68,0.0,0.0,1.19
11.654159642000002,0.69,0.0,0.0,1.21
11.65537948,0.69,0.0,0.0,1.31
11.656088729,0.69,0.0,0.0,1.39
11.657389376000001,0.68,0.0,0.01,1.43
11.65941229,0.68,0.0,0.0,1.46
11.660098507,0.69,0.0,0.0,1.52
11.661300809,0.68,0.0,0.0,1.51
11.662094715,0.69,0.0,0.0,1.54
11.663396258,0.68,0.0,0.0,1.57
11.664103237,0.69,0.0,0.0,1.6
11.665292194000001,0.68,0.0,0.0,1.62
11.666106385,0.68,0.0,0.0,1.65
11.667116199,0.68,0.0,0.0,1.67
11.668315894000001,0.68,0.0,0.0,1.69
11.669129818,0.68,0.0,0.0,1.7
11.670294373,0.69,0.0,0.0,1.72
11.671150954000002,0.69,0.0,0.0,1.73
11.673344807000001,0.68,0.0,0.0,1.75
11.674099285,0.68,0.0,0.0,1.78
11.675193561,0.68,0.0,0.0,1.79
11.676199226000001,0.68,0.0,0.0,1.82
11.677197577000001,0.68,0.0,0.0,1.84
11.678143938000002,0.68,0.0,0.0,1.85
11.679200837000002,0.69,0.0,0.0,1.88
11.680166384000001,0.68,0.0,0.0,1.9
11.681187217000002,0.69,0.0,0.0,1.93
11.682197946,0.68,0.0,0.0,1.94
11.683210491,0.68,0.0,0.0,1.96
11.684224517,0.69,0.0,0.0,1.97
11.686196096000002,0.68,0.0,0.01,1.97
11.686969058,0.68,0.0,0.0,2.01
11.687643195000001,0.68,0.0,0.0,2.03
11.688246775000001,0.68,0.0,0.01,2.04
11.690371330000001,0.68,0.0,0.0,2.04
11.691185948000001,0.68,0.0,0.0,2.06
11.692194801000001,0.69,0.0,0.0,2.07
11.693191796,0.69,0.0,0.0,2.08
11.694270697,0.68,0.0,0.0,2.09
11.695158972000002,0.69,0.0,0.0,2.1
11.696188193000001,0.68,0.0,0.0,2.11
11.697186608,0.68,0.0,0.0,2.12
11.698180631000001,0.69,0.0,0.01,2.12
11.699335958,0.69,0.0,0.0,2.13
11.700110485000002,0.68,0.0,0.0,2.14
11.701284272,0.69,0.0,0.01,2.15
11.702133531000001,0.68,0.0,0.0,2.15
11.703314687,0.68,0.0,0.0,2.17
11.705346181000001,0.69,0.0,0.0,2.18
11.706098610000002,0.68,0.01,0.0,2.19
11.707167638000001,0.68,0.0,0.0,2.19
11.708209325,0.69,0.0,0.0,2.22
11.709208311000001,0.68,0.0,0.0,2.22
11.710210463000001,0.69,0.0,0.0,2.23
11.711086176,0.69,0.0,0.0,2.23
11.712423898,0.69,0.0,0.0,2.24
11.713089344,0.68,0.0,0.0,2.25
11.714319919000001,0.69,0.0,0.0,2.25
11.716012214000001,0.69,0.0,0.0,2.26
11.716434000000001,0.69,0.0,0.0,2.27
11.717065984000001,0.69,0.0,0.0,2.28
11.718347546,0.69,0.0,0.0,2.29
11.720348243,0.69,0.0,0.0,2.29
11.721120486,0.69,0.0,0.0,2.29
11.722175778,0.69,0.0,0.0,2.29
11.723182387000001,0.69,0.0,0.0,2.29
11.724175054000002,0.69,0.0,0.0,2.31
11.725216929,0.69,0.0,0.0,2.31
11.726214177000001,0.69,0.0,0.0,2.31
11.727183133,0.69,0.0,0.0,2.32
11.728191625000001,0.69,0.01,0.0,2.33
11.729205012000001,0.69,0.0,0.0,2.34
11.730217637,0.68,0.0,0.0,2.34
11.731290038000001,0.69,0.0,0.0,2.36
11.732202457000001,0.69,0.0,0.0,2.35
11.733221035000001,0.69,0.0,0.0,2.35
11.735453702000001,0.69,0.0,0.0,2.35
11.736362002,0.69,0.0,0.0,2.36
11.737275581,0.69,0.0,0.0,2.36
11.738154667,0.69,0.0,0.0,2.37
11.739200982000002,0.69,0.0,0.0,2.37
11.740193369,0.69,0.0,0.0,2.37
11.741121329,0.69,0.0,0.0,2.37
11.742189949,0.69,0.0,0.0,2.38
11.743199030000001,0.69,0.0,0.0,2.39
11.744200483,0.69,0.0,0.01,2.4
11.745166711000001,0.69,0.0,0.0,2.4
11.746160339000001,0.7,0.0,0.0,2.41
11.747526227000002,0.69,0.0,0.0,2.41
11.748245393000001,0.7,0.0,0.0,2.41
11.750447608,0.69,0.0,0.0,2.42
11.75133072,0.69,0.0,0.0,2.42
11.752193230000001,0.69,0.0,0.0,2.42
11.753240940000001,0.7,0.0,0.0,2.43
11.754313586,0.7,0.0,0.0,2.43
11.755154974,0.7,0.0,0.0,2.44
11.756220791,0.7,0.0,0.0,2.44
11.757221633,0.7,0.0,0.0,2.44
11.758214823000001,0.7,0.0,0.0,2.44
11.75921415,0.7,0.0,0.0,2.44
11.760191152,0.7,0.0,0.0,2.44
11.761207127,0.7,0.0,0.0,2.45
11.762221937000001,0.7,0.0,0.0,2.44
11.763223308,0.7,0.0,0.0,2.45
11.765495742,0.7,0.0,0.0,2.45
11.766542936,0.7,0.0,0.0,2.45
11.767425147,0.7,0.0,0.0,2.45
11.768163772000001,0.7,0.0,0.0,2.45
11.769183433,0.7,0.0,0.0,2.46
11.770209396,0.7,0.0,0.0,2.46
11.771165184000001,0.7,0.0,0.0,2.46
11.772201115000001,0.7,0.0,0.0,2.46
11.773209494000001,0.7,0.0,0.0,2.47
11.77419895,0.7,0.0,0.0,2.47
11.775184429000001,0.7,0.01,0.0,2.48
11.776182336000002,0.7,0.0,0.0,2.48
11.777182944000002,0.69,0.0,0.0,2.49
11.778210351,0.7,0.0,0.0,2.49
11.780219639,0.69,0.0,0.0,2.49
11.781202508000002,0.7,0.0,0.0,2.49
11.782219307,0.7,0.0,0.0,2.5
11.783108557,0.7,0.0,0.0,2.5
11.784391331,0.7,0.0,0.0,2.5
11.785123673000001,0.7,0.0,0.0,2.51
11.786178255000001,0.7,0.0,0.0,2.5
11.787240835,0.7,0.0,0.0,2.5
11.788209963,0.7,0.0,0.0,2.51
11.78914647,0.7,0.0,0.0,2.51
11.790189172000002,0.7,0.0,0.0,2.52
11.791136212000001,0.7,0.0,0.0,2.51
11.793417515000002,0.7,0.0,0.0,2.52
11.794115705000001,0.7,0.0,0.0,2.52
11.795240553000001,0.7,0.0,0.0,2.53
11.796220056000001,0.7,0.0,0.0,2.53
11.797245358000001,0.7,0.0,0.0,2.53
11.798105883,0.7,0.0,0.0,2.53
11.799129122,0.7,0.0,0.0,2.53
11.800260927,0.71,0.0,0.0,2.53
11.801196532,0.71,0.0,0.0,2.54
11.802244374,0.71,0.0,0.0,2.54
11.803231024,0.71,0.0,0.0,2.54
11.804201987,0.71,0.0,0.0,2.54
11.805178340000001,0.7,0.0,0.0,2.55
11.806180996,0.71,0.0,0.0,2.55
11.807324147000001,0.71,0.0,0.0,2.55
11.808104593000001,0.71,0.0,0.0,2.55
11.80938221,0.71,0.0,0.0,2.55
11.811335459,0.71,0.0,0.0,2.55
11.812115494,0.71,0.0,0.01,2.55
11.813244839000001,0.71,0.0,0.0,2.55
11.814267812,0.7,0.0,0.0,2.55
11.815138402,0.71,0.0,0.0,2.55
11.816333699000001,0.71,0.0,0.0,2.55
11.817106222000001,0.7,0.0,0.0,2.55
11.818483628000001,0.71,0.0,0.01,2.55
11.819098296,0.71,0.0,0.0,2.55
11.820261987,0.71,0.0,0.0,2.56
11.821093911,0.71,0.0,0.01,2.56
11.822289569,0.7,0.0,0.0,2.56
11.823215699,0.7,0.0,0.0,2.55
11.825406541000001,0.71,0.0,0.0,2.56
11.82609817,0.71,0.0,0.0,2.56
11.827400884000001,0.71,0.0,0.0,2.56
11.828100382,0.71,0.0,0.0,2.56
11.829391616,0.7,0.0,0.0,2.56
11.830091008,0.71,0.0,0.0,2.56
11.831360235,0.71,0.0,0.0,2.56
11.832089682000001,0.71,0.0,0.0,2.56
11.833271782,0.7,0.0,0.0,2.56
11.834202345000001,0.7,0.0,0.0,2.56
11.835314009000001,0.7,0.0,0.0,2.56
11.83615496,0.7,0.0,0.01,2.56
11.837224521000001,0.7,0.0,0.0,2.56
11.839436780000002,0.71,0.0,0.0,2.56
11.840089755000001,0.71,0.0,0.0,2.56
11.841415002000002,0.71,0.0,0.0,2.56
11.842087746,0.71,0.0,0.0,2.56
11.843425793000002,0.71,0.0,0.0,2.56
11.844085004,0.71,0.0,0.0,2.56
11.845414333,0.71,0.0,0.0,2.56
11.846084684000001,0.71,0.0,0.0,2.56
11.847426185000002,0.71,0.0,0.0,2.56
11.848088037,0.71,0.0,0.0,2.56
11.849268984,0.71,0.0,0.0,2.56
11.850109545,0.71,0.0,0.0,2.56
11.852388315,0.71,0.0,0.0,2.56
11.853094163000002,0.72,0.01,0.0,2.56
11.854311258000001,0.71,0.0,0.0,2.56
11.855094783,0.71,0.0,0.0,2.56
11.856423903000001,0.71,0.0,0.0,2.56
11.857094168000001,0.71,0.0,0.0,2.55
11.858547642000001,0.71,0.0,0.0,2.56
11.859098045000001,0.71,0.0,0.0,2.56
11.860401071,0.71,0.0,0.0,2.56
11.861083444,0.72,0.0,0.0,2.56
11.862145572000001,0.71,0.0,0.0,2.56
11.863244213000002,0.71,0.0,0.0,2.56
11.864225398,0.71,0.0,0.0,2.56
11.865121368,0.71,0.0,0.0,2.56
11.867381531000001,0.72,0.0,0.0,2.56
11.868094070000001,0.71,0.0,0.0,2.56
11.869268063000002,0.71,0.0,0.0,2.56
11.870247356,0.71,0.0,0.0,2.56
11.871246714000002,0.71,0.0,0.0,2.56
11.872251147,0.71,0.0,0.0,2.56
11.873249940000001,0.71,0.0,0.0,2.55
11.874226624,0.7,0.0,0.0,2.56
11.875264006,0.71,0.0,0.0,2.56
11.87622103,0.71,0.0,0.0,2.56
11.877509181,0.71,0.0,0.0,2.56
11.878097943,0.71,0.01,0.0,2.56
11.879371672000001,0.71,0.0,0.0,2.56
11.880096959000001,0.71,0.0,0.0,2.56
11.881301741000001,0.71,0.0,0.0,2.56
11.882104692,0.72,0.0,0.0,2.56
11.883277544,0.71,0.01,0.0,2.56
11.885287708,0.71,0.0,0.0,2.56
11.886133967000001,0.72,0.0,0.0,2.56
11.887103679,0.71,0.0,0.0,2.56
11.888396245000001,0.72,0.0,0.0,2.56
11.889106665,0.72,0.0,0.0,2.56
11.890407926,0.72,0.0,0.0,2.56
11.891103917,0.72,0.0,0.0,2.56
11.892400951,0.72,0.0,0.0,2.56
11.893097592,0.72,0.0,0.0,2.56
11.894401023,0.72,0.0,0.0,2.56
11.895101231,0.72,0.0,0.0,2.56
11.89631508,0.72,0.0,0.0,2.56
11.897094108000001,0.72,0.0,0.0,2.56
11.898400741000001,0.72,0.0,0.0,2.56
11.900398821000001,0.72,0.0,0.0,2.56
11.901107077,0.72,0.0,0.0,2.57
11.902199399,0.72,0.0,0.0,2.56
11.903272133000002,0.72,0.0,0.0,2.56
11.90423947,0.73,0.0,0.0,2.56
11.905259374,0.72,0.0,0.0,2.56
11.906255198,0.72,0.0,0.0,2.56
11.907254078000001,0.73,0.0,0.0,2.56
11.908154018000001,0.73,0.0,0.0,2.56
11.909497337000001,0.72,0.0,0.0,2.56
11.910097494,0.72,0.0,0.0,2.56
11.911368701,0.73,0.0,0.0,2.56
11.912088534,0.72,0.0,0.0,2.56
11.913410543000001,0.72,0.0,0.0,2.56
11.914088464,0.72,0.0,0.0,2.56
11.915271328000001,0.72,0.0,0.0,2.56
11.917295716,0.72,0.0,0.0,2.56
11.918175362000001,0.72,0.0,0.0,2.56
11.919291334,0.71,0.01,0.0,2.56
11.920202005,0.72,0.0,0.0,2.56
11.921274181000001,0.72,0.0,0.0,2.56
11.922237827,0.72,0.0,0.0,2.56
11.923249711,0.72,0.0,0.0,2.56
11.924196227000001,0.73,0.0,0.0,2.56
11.925340910000001,0.72,0.0,0.0,2.56
11.926095531000001,0.72,0.0,0.0,2.56
11.927311941000001,0.73,0.0,0.0,2.56
11.928128487,0.72,0.0,0.0,2.56
11.929440213000001,0.73,0.0,0.0,2.56
11.931573397000001,0.72,0.0,0.0,2.56
11.932058424000001,0.72,0.0,0.0,2.56
11.933392782,0.72,0.0,0.0,2.56
11.934105604,0.72,0.0,0.0,2.56
11.935267511000001,0.73,0.0,0.0,2.56
11.936236106,0.73,0.0,0.0,2.56
11.937270846,0.72,0.0,0.0,2.56
11.938237776000001,0.72,0.0,0.0,2.56
11.939155855000001,0.72,0.0,0.0,2.56
11.940317036000001,0.73,0.0,0.0,2.56
11.941104149000001,0.72,0.0,0.0,2.56
11.942310162,0.72,0.0,0.0,2.56
11.943096717000001,0.72,0.0,0.0,2.55
11.944378440000001,0.72,0.0,0.0,2.55
11.946403363,0.72,0.0,0.0,2.56
11.947101362000002,0.73,0.0,0.0,2.56
11.948093987,0.73,0.0,0.0,2.56
11.949287235,0.72,0.0,0.0,2.56
11.950228896,0.72,0.0,0.0,2.56
11.95126351,0.72,0.0,0.0,2.56
11.952247998,0.73,0.01,0.0,2.56
11.953132333000001,0.73,0.0,0.0,2.56
11.954397105,0.73,0.0,0.0,2.56
11.95509728,0.72,0.0,0.0,2.56
11.956311864,0.72,0.0,0.0,2.56
11.957144341000001,0.72,0.0,0.0,2.56
11.958391404,0.72,0.0,0.0,2.56
11.959096501000001,0.72,0.0,0.0,2.56
11.960400589,0.73,0.0,0.0,2.56
11.962393429,0.72,0.0,0.0,2.56
11.963101914000001,0.73,0.0,0.0,2.55
11.964129604,0.73,0.0,0.0,2.55
11.965290116,0.72,0.0,0.0,2.56
11.966243973000001,0.72,0.0,0.0,2.56
11.967255956,0.72,0.0,0.0,2.56
11.968249481,0.72,0.0,0.0,2.56
11.969236543000001,0.72,0.0,0.0,2.56
11.970127562,0.72,0.0,0.0,2.56
11.971328474,0.73,0.0,0.0,2.56
11.972105819000001,0.72,0.0,0.0,2.55
11.973292933000002,0.72,0.0,0.0,2.56
11.975454255,0.72,0.0,0.0,2.55
11.976104962,0.72,0.0,0.0,2.56
11.977411398000001,0.72,0.0,0.0,2.56
11.978100948000002,0.72,0.0,0.0,2.55
11.979094796,0.72,0.0,0.0,2.56
11.980259509000001,0.72,0.0,0.0,2.56
11.981125707,0.72,0.0,0.0,2.55
11.982265766000001,0.72,0.0,0.0,2.56
11.983100135,0.71,0.0,0.0,2.56
11.984235232000001,0.72,0.0,0.0,2.55
11.985199011,0.72,0.0,0.0,2.56
11.986139138,0.72,0.0,0.0,2.56
11.987208555,0.72,0.0,0.0,2.56
11.988276087000001,0.72,0.0,0.0,2.56
11.989183045,0.72,0.0,0.0,2.55
11.990397981000001,0.72,0.0,0.0,2.55
11.992396512000001,0.72,0.0,0.0,2.55
11.993100362000002,0.71,0.0,0.0,2.55
11.994394382000001,0.72,0.0,0.0,2.56
11.995106074,0.72,0.0,0.01,2.55
11.996384310000002,0.72,0.0,0.0,2.55
11.997098102,0.72,0.0,0.0,2.55
11.998428425,0.72,0.0,0.0,2.55
11.999102001,0.72,0.0,0.0,2.55
12.000394202,0.72,0.0,0.0,2.55
12.001091181000001,0.72,0.0,0.0,2.55
12.002376939000001,0.72,0.0,0.0,2.55
12.003099463000002,0.72,0.0,0.0,2.55
12.004321697,0.72,0.0,0.01,2.55
12.006270207,0.72,0.0,0.0,2.55
12.007100425,0.72,0.0,0.0,2.55
12.00821237,0.72,0.0,0.0,2.55
12.009274481,0.72,0.0,0.0,2.55
12.010233153000001,0.72,0.0,0.0,2.55
12.011121742,0.72,0.0,0.0,2.55
12.012302463000001,0.72,0.0,0.0,2.55
12.013161514,0.72,0.0,0.0,2.55
12.014260473,0.72,0.0,0.02,2.55
12.015128055,0.71,0.0,0.0,2.55
12.016152414,0.71,0.0,0.0,2.56
12.017098334,0.72,0.0,0.0,2.55
12.019466841000002,0.72,0.0,0.0,2.55
12.02010268,0.71,0.0,0.0,2.55
12.02126527,0.72,0.0,0.0,2.55
12.022247214,0.72,0.0,0.0,2.55
12.023190958,0.72,0.0,0.0,2.55
12.024260570000001,0.72,0.0,0.0,2.55
12.025236902000001,0.72,0.0,0.0,2.54
12.026243736000001,0.72,0.0,0.0,2.55
12.027244771000001,0.72,0.0,0.0,2.54
12.028207398000001,0.71,0.0,0.0,2.54
12.029439664,0.71,0.0,0.0,2.55
12.030101003,0.72,0.0,0.0,2.54
12.031278755,0.72,0.0,0.0,2.54
12.032106307000001,0.72,0.0,0.0,2.54
12.033368981,0.72,0.0,0.0,2.53
12.034103290000001,0.72,0.0,0.0,2.55
12.035379071000001,0.72,0.0,0.0,2.54
12.037271244000001,0.72,0.0,0.0,2.54
12.038203742,0.72,0.0,0.0,2.54
12.039269888000002,0.72,0.0,0.0,2.54
12.04023147,0.73,0.0,0.0,2.53
12.041254382,0.73,0.0,0.0,2.53
12.042245591,0.72,0.0,0.0,2.54
12.043283402,0.72,0.0,0.0,2.53
12.044255861,0.72,0.0,0.0,2.53
12.045213109,0.72,0.0,0.0,2.53
12.046175363000001,0.72,0.0,0.0,2.52
12.047302193,0.72,0.0,0.0,2.53
12.048130476,0.74,0.0,0.0,2.52
12.049423813,0.74,0.0,0.0,2.53
12.051398959,0.74,0.0,0.0,2.52
12.052107186,0.75,0.0,0.0,2.52
12.05325234,0.75,0.0,0.0,2.52
12.054219174,0.75,0.0,0.0,2.51
12.055255156000001,0.75,0.0,0.0,2.52
12.056236418000001,0.74,0.0,0.0,2.51
12.057253009,0.74,0.0,0.0,2.51
12.058242512000001,0.74,0.0,0.0,2.51
12.059225645000001,0.74,0.0,0.0,2.51
12.060190919,0.74,0.0,0.0,2.5
12.061299294000001,0.74,0.0,0.0,2.5
12.062106943000002,0.75,0.0,0.0,2.5
12.063324231000001,0.74,0.0,0.0,2.5
12.064098688000001,0.74,0.0,0.0,2.5
12.065211450000001,0.75,0.0,0.0,2.49
12.067212657,0.74,0.0,0.0,2.49
12.06822299,0.74,0.0,0.0,2.5
12.069250695000001,0.75,0.0,0.0,2.49
12.070230676000001,0.75,0.0,0.0,2.49
12.071252655,0.75,0.0,0.0,2.49
12.072233787,0.75,0.0,0.0,2.49
12.073201649000001,0.75,0.0,0.0,2.49
12.074238449000001,0.75,0.0,0.0,2.48
12.075205099000001,0.75,0.0,0.0,2.48
12.076172205,0.74,0.0,0.0,2.47
12.077312483,0.74,0.0,0.0,2.47
12.078096888000001,0.74,0.0,0.0,2.47
12.079395633,0.74,0.0,0.0,2.46
12.080097994,0.73,0.0,0.0,2.46
12.082409053000001,0.74,0.0,0.0,2.45
12.083101370000001,0.74,0.0,0.0,2.45
12.084282349,0.74,0.0,0.0,2.45
12.085154492000001,0.71,0.0,0.0,2.44
12.086407234000001,0.72,0.0,0.0,2.45
12.087095139,0.72,0.0,0.0,2.44
12.088423778000001,0.71,0.01,0.0,2.44
12.089094447,0.71,0.0,0.0,2.43
12.090411098,0.71,0.0,0.0,2.43
12.091081488,0.71,0.0,0.0,2.43
12.092313034,0.72,0.0,0.0,2.42
12.093156278,0.71,0.0,0.0,2.41
12.094468911,0.71,0.0,0.0,2.42
12.096423048,0.71,0.0,0.0,2.41
12.097091225000002,0.71,0.0,0.0,2.41
12.098285927000001,0.71,0.0,0.0,2.4
12.09913122,0.71,0.0,0.0,2.4
12.100257075,0.71,0.0,0.0,2.4
12.101256863000001,0.71,0.0,0.0,2.39
12.102239787,0.71,0.0,0.0,2.38
12.103255329000001,0.71,0.0,0.0,2.37
12.104122889000001,0.71,0.0,0.0,2.37
12.105409231000001,0.71,0.0,0.0,2.36
12.106096536,0.71,0.0,0.0,2.36
12.107305018,0.71,0.0,0.0,2.35
12.108091616000001,0.71,0.0,0.0,2.34
12.109387776,0.71,0.0,0.0,2.33
12.110094341,0.71,0.0,0.0,2.33
12.111353082,0.71,0.0,0.0,2.32
12.113406410000001,0.71,0.0,0.0,2.31
12.114097822000002,0.71,0.0,0.0,2.3
12.115135921,0.71,0.0,0.0,2.3
12.116205684,0.71,0.0,0.0,2.29
12.117186129,0.71,0.0,0.0,2.29
12.118286662000001,0.71,0.0,0.0,2.27
12.119178705000001,0.71,0.0,0.0,2.25
12.120222408,0.71,0.0,0.0,2.25
12.121190904,0.71,0.0,0.0,2.23
12.122128683000001,0.71,0.0,0.0,2.21
12.123167823000001,0.7,0.0,0.0,2.21
12.124125026000002,0.71,0.0,0.0,2.2
12.125337888,0.7,0.0,0.0,2.18
12.127410389000001,0.7,0.0,0.0,2.18
12.128109324,0.7,0.0,0.0,2.16
12.129390373000001,0.71,0.0,0.0,2.15
12.130099333,0.7,0.0,0.0,2.15
12.131278647,0.7,0.0,0.0,2.13
12.132122191,0.7,0.0,0.0,2.12
12.133257745,0.7,0.0,0.0,2.11
12.13423543,0.7,0.0,0.0,2.1
12.135226587,0.7,0.0,0.0,2.08
12.136188784000002,0.7,0.0,0.01,2.07
12.137167303,0.7,0.0,0.0,2.05
12.138160026000001,0.7,0.0,0.0,2.05
12.139183016,0.7,0.0,0.0,2.03
12.140195720000001,0.7,0.0,0.0,2.01
12.1411905,0.7,0.0,0.0,2.0
12.143458987,0.7,0.0,0.0,1.99
12.14448061,0.7,0.0,0.0,1.99
12.145374629,0.7,0.0,0.0,1.98
12.146248064,0.7,0.0,0.0,1.96
12.147326354,0.7,0.0,0.0,1.95
12.148154769000001,0.7,0.0,0.0,1.94
12.149236458,0.7,0.0,0.0,1.92
12.150237747,0.7,0.0,0.0,1.9
12.151192527000001,0.7,0.0,0.0,1.87
12.152166234000001,0.7,0.0,0.0,1.86
12.153189913,0.7,0.0,0.0,1.82
12.154184708,0.7,0.0,0.0,1.8
12.155179778,0.7,0.0,0.0,1.78
12.157335852000001,0.7,0.0,0.0,1.71
12.158158686,0.7,0.0,0.0,1.67
12.159207235,0.7,0.0,0.0,1.61
12.160194838,0.7,0.0,0.0,1.56
12.161149687,0.7,0.0,0.0,1.52
12.162347072000001,0.7,0.0,0.0,1.52
12.163126040000002,0.7,0.0,0.0,1.51
12.164343253,0.7,0.0,0.0,1.5
12.165110120000001,0.7,0.0,0.0,1.45
12.166300057,0.7,0.0,0.0,1.43
12.167109363000002,0.7,0.0,0.0,1.4
12.168283346,0.7,0.0,0.0,1.37
12.169151901000001,0.7,0.0,0.0,1.35
12.170434643,0.7,0.0,0.0,1.32
12.172366369,0.7,0.0,0.0,1.32
12.173096684,0.7,0.0,0.0,1.29
12.174340630000001,0.7,0.0,0.0,1.23
12.175091677000001,0.7,0.0,0.0,1.22
12.176347728000001,0.7,0.0,0.0,1.22
12.177082258,0.7,0.0,0.0,1.23
12.178269324,0.7,0.0,0.0,1.21
12.179083194,0.7,0.0,0.0,1.2
12.180351525,0.7,0.0,0.0,1.19
12.181108493,0.7,0.0,0.0,1.17
12.182279622000001,0.7,0.0,0.0,1.15
12.183083083000001,0.7,0.0,0.0,1.12
12.184229919000002,0.7,0.0,0.0,0.93
12.185139459,0.7,0.0,0.0,0.9
12.186116408,0.7,0.0,0.0,0.86
12.187347841000001,0.7,0.0,0.0,0.85
12.189241785,0.7,0.0,0.0,0.83
12.190209293,0.7,0.0,0.0,0.83
12.191100669,0.7,0.0,0.0,0.83
12.192351482000001,0.7,0.0,0.0,0.81
12.193102484,0.7,0.0,0.0,0.8
12.194270072,0.7,0.0,0.0,0.78
12.195183801,0.69,0.0,0.0,0.77
12.196188925000001,0.69,0.0,0.0,0.76
12.197189060000001,0.7,0.0,0.0,0.74
12.198201993000001,0.7,0.01,0.0,0.73
12.199213017,0.7,0.0,0.0,0.72
12.200207935,0.7,0.0,0.0,0.67
12.201211129,0.7,0.0,0.0,0.66
12.203506910000002,0.7,0.0,0.0,0.64
12.204568694,0.7,0.0,0.0,0.64
12.205424514,0.7,0.0,0.0,0.6
12.206185419,0.7,0.0,0.0,0.6
12.207201397,0.7,0.0,0.0,0.59
12.208178641,0.7,0.0,0.0,0.55
12.209175676000001,0.7,0.0,0.0,0.55
12.210203086,0.7,0.0,0.0,0.54
12.21114831,0.7,0.01,0.0,0.46
12.212398084,0.7,0.0,0.0,0.44
12.213182845,0.7,0.0,0.0,0.43
12.214177498000002,0.7,0.0,0.0,0.41
12.216326456000001,0.7,0.0,0.0,0.35
12.217270268,0.69,0.0,0.0,0.34
12.218184749,0.7,0.0,0.0,0.5
12.219202838000001,0.7,0.0,0.0,0.35
12.220226918000002,0.69,0.0,0.0,0.51
12.221256244000001,0.69,0.0,0.02,0.38
12.222207444,0.7,0.0,0.0,0.23
12.22322319,0.7,0.0,0.0,0.01
12.224379926000001,0.7,0.0,0.0,0.0
12.225509329000001,0.7,0.0,0.0,0.0
12.226544861,0.7,0.01,0.0,0.0
12.227491055000002,0.7,0.0,0.0,0.0
12.228376048000001,0.7,0.0,0.0,0.15
12.229242377,0.7,0.0,0.0,0.14
12.230225963,0.7,0.0,0.0,0.13
12.231236565000001,0.7,0.0,0.0,0.01
12.233428680000001,0.7,0.0,0.0,0.0
12.234214748000001,0.7,0.0,0.0,0.0
12.235177161000001,0.7,0.0,0.0,0.0
12.236208139,0.7,0.0,0.0,0.0
12.237132188,0.7,0.0,0.0,0.0
12.238227206000001,0.7,0.0,0.0,0.0
12.239215335,0.7,0.0,0.0,0.0
12.240216853000002,0.7,0.0,0.0,0.0
12.241203374000001,0.7,0.0,0.0,0.0
12.242186024,0.7,0.0,0.0,0.0
12.243181253000001,0.7,0.0,0.0,0.0
12.244191943,0.7,0.0,0.0,0.0
12.245155981,0.7,0.0,0.0,0.0
12.246366122000001,0.69,0.0,0.0,0.0
12.248194036000001,0.69,0.0,0.0,0.0
12.249167414,0.69,0.0,0.0,0.0
12.250106924,0.69,0.0,0.0,0.0
12.251250123,0.69,0.0,0.0,0.0
12.252235604000001,0.69,0.0,0.0,0.0
12.253234723,0.69,0.0,0.0,0.0
12.25414692,0.69,0.0,0.0,0.0
12.255408057,0.69,0.0,0.0,0.0
12.256109416000001,0.69,0.0,0.0,0.0
12.257334739000001,0.69,0.0,0.0,0.0
12.258093631000001,0.7,0.0,0.0,0.0
12.259379073000002,0.69,0.0,0.0,0.0
12.26009584,0.69,0.0,0.0,0.0
12.261285143,0.69,0.0,0.0,0.0
12.263415385,0.69,0.0,0.0,0.0
12.26410528,0.69,0.0,0.0,0.0
12.265151557000001,0.69,0.0,0.0,0.0
12.266096999,0.67,0.0,0.0,0.0
12.267092214000002,0.67,0.0,0.0,0.0
12.268263501000002,0.67,0.0,0.0,0.0
12.269236972000002,0.67,0.0,0.01,0.0
12.270110786,0.67,0.0,0.0,0.0
12.271201276000001,0.67,0.0,0.0,0.0
12.272181415,0.67,0.0,0.0,0.0
12.273167022,0.68,0.0,0.0,0.0
12.274137448000001,0.68,0.0,0.0,0.0
12.275303710000001,0.68,0.0,0.0,0.0
12.277397856,0.68,0.0,0.0,0.0
12.278113496000001,0.68,0.0,0.0,0.0
12.279240979,0.68,0.0,0.0,0.0
12.280176125,0.68,0.0,0.0,0.0
12.281209635000002,0.68,0.0,0.0,0.0
12.282143771000001,0.68,0.0,0.0,0.0
12.283278881000001,0.68,0.0,0.01,0.0
12.284116240000001,0.68,0.0,0.0,0.0
12.285444663000002,0.7,0.0,0.0,0.0
12.286104530000001,0.7,0.0,0.0,0.0
12.287167229000001,0.68,0.0,0.0,0.0
12.288094714000001,0.69,0.0,0.0,0.0
12.289157211000001,0.69,0.0,0.0,0.0
12.290178545000002,0.69,0.0,0.0,0.0
12.291191162,0.69,0.0,0.0,0.0
12.292369548,0.69,0.0,0.0,0.0
12.294381588,0.69,0.0,0.0,0.0
12.295106529,0.69,0.0,0.0,0.0
12.296209318,0.69,0.0,0.0,0.0
12.297184865,0.69,0.0,0.0,0.0
12.298085634000001,0.69,0.0,0.0,0.0
12.299283181000002,0.68,0.0,0.0,0.0
12.300107617,0.69,0.0,0.0,0.0
12.301259579,0.69,0.0,0.0,0.0
12.302097613,0.69,0.0,0.0,0.0
12.303271122,0.69,0.0,0.0,0.0
12.304143377,0.69,0.0,0.0,0.0
12.305286929000001,0.69,0.0,0.0,0.0
12.306094805,0.69,0.0,0.0,0.0
12.307408048000001,0.69,0.0,0.0,0.0
12.309266157000001,0.69,0.0,0.0,0.0
12.310180296,0.69,0.0,0.0,0.0
12.311138640000001,0.69,0.0,0.0,0.0
12.312263525,0.69,0.0,0.0,0.0
12.313127537000002,0.69,0.0,0.0,0.0
12.314186796000001,0.69,0.0,0.0,0.0
12.315128515000001,0.69,0.0,0.0,0.0
12.316214377000001,0.69,0.0,0.0,0.0
12.317177926000001,0.69,0.0,0.0,0.0
12.318186468,0.68,0.0,0.0,0.0
12.319152890000002,0.69,0.0,0.0,0.0
12.320087836,0.69,0.0,0.0,0.0
12.322211791,0.69,0.0,0.0,0.0
12.323229981,0.69,0.0,0.0,0.0
12.324140852000001,0.71,0.0,0.0,0.0
12.325214622,0.69,0.0,0.0,0.0
12.326249597,0.69,0.0,0.0,0.0
12.327233937,0.69,0.0,0.0,0.0
12.328137524,0.69,0.0,0.0,0.0
12.329242028000001,0.69,0.0,0.0,0.0
12.330141024000001,0.69,0.0,0.0,0.0
12.331269108,0.69,0.0,0.0,0.0
12.332206726,0.69,0.0,0.0,0.0
12.333294427,0.69,0.0,0.0,0.0
12.334149463000001,0.69,0.0,0.0,0.0
12.33535997,0.69,0.0,0.0,0.0
12.33610614,0.69,0.0,0.0,0.0
12.337314701,0.69,0.0,0.0,0.0
12.339372504,0.69,0.0,0.0,0.0
12.340110028000002,0.69,0.0,0.0,0.0
12.341143318,0.69,0.0,0.01,0.0
12.342098888,0.69,0.0,0.0,0.0
12.343398197,0.69,0.0,0.0,0.0
12.344106490000001,0.69,0.0,0.0,0.0
12.345401481000001,0.69,0.0,0.0,0.0
12.346102133,0.69,0.0,0.0,0.0
12.347402122,0.69,0.0,0.0,0.0
12.348096095,0.69,0.0,0.0,0.0
12.349326434,0.69,0.0,0.0,0.0
12.350093777000001,0.69,0.0,0.0,0.0
12.351452124000001,0.68,0.0,0.0,0.0
12.353405681,0.7,0.0,0.0,0.0
12.354102935,0.68,0.0,0.0,0.0
12.355186191000001,0.67,0.0,0.0,0.0
12.356269327000001,0.67,0.0,0.0,0.0
12.357176767,0.67,0.0,0.0,0.0
12.358267723,0.67,0.0,0.0,0.0
12.359244879,0.68,0.0,0.0,0.0
12.360256960000001,0.67,0.0,0.0,0.0
12.36113201,0.68,0.0,0.0,0.0
12.362470844,0.68,0.0,0.0,0.0
12.363106301,0.68,0.0,0.0,0.0
12.364267973,0.68,0.0,0.0,0.0
12.365129587,0.69,0.0,0.0,0.0
12.366426836,0.69,0.0,0.0,0.0
12.368412094,0.69,0.0,0.0,0.0
12.369105943000001,0.69,0.0,0.0,0.0
12.370250767,0.69,0.0,0.0,0.0
12.371173641,0.69,0.0,0.0,0.0
12.372133747000001,0.68,0.0,0.0,0.0
12.373159511,0.69,0.0,0.0,0.0
12.374211841000001,0.69,0.0,0.0,0.0
12.375249761000001,0.69,0.0,0.0,0.0
12.37625187,0.69,0.0,0.0,0.0
12.377279430000002,0.69,0.0,0.0,0.0
12.378175907000001,0.69,0.0,0.0,0.0
12.379186331000001,0.69,0.0,0.0,0.0
12.380180187,0.69,0.0,0.0,0.0
12.382156364,0.69,0.0,0.0,0.0
12.383149648000002,0.68,0.0,0.0,0.0
12.384094533,0.69,0.0,0.0,0.0
12.385272169,0.69,0.0,0.0,0.0
12.386226408,0.69,0.0,0.0,0.0
12.387086313000001,0.7,0.0,0.0,0.0
12.388259215000001,0.69,0.0,0.0,0.0
12.389242111000002,0.7,0.0,0.0,0.0
12.390248732000002,0.69,0.0,0.0,0.0
12.391227268000002,0.7,0.0,0.0,0.0
12.392192333,0.7,0.0,0.0,0.0
12.393339208,0.7,0.0,0.0,0.0
12.39410175,0.69,0.0,0.0,0.0
12.395312634000001,0.69,0.0,0.0,0.0
12.396117647,0.69,0.0,0.0,0.0
12.397386343,0.69,0.0,0.0,0.0
12.399400446000001,0.69,0.0,0.0,0.0
12.400101384000001,0.69,0.0,0.0,0.0
12.401276356,0.69,0.0,0.0,0.0
12.402097901000001,0.69,0.0,0.0,0.0
12.403323331000001,0.69,0.0,0.0,0.0
12.404136772000001,0.69,0.0,0.0,0.0
12.405292533,0.69,0.0,0.0,0.0
12.406139763,0.69,0.0,0.0,0.0
12.407183798,0.69,0.0,0.0,0.0
12.408120809000001,0.69,0.0,0.0,0.0
12.409192479000001,0.69,0.0,0.01,0.0
12.41018043,0.69,0.0,0.0,0.0
12.411154569,0.69,0.0,0.0,0.0
12.412182679,0.69,0.0,0.0,0.0
12.414429927,0.69,0.0,0.0,0.0
12.415103062,0.69,0.0,0.0,0.0
12.416121464000001,0.69,0.0,0.0,0.0
12.41723795,0.69,0.0,0.0,0.0
12.418223914,0.69,0.0,0.0,0.0
12.419208556000001,0.69,0.0,0.0,0.0
12.420206589000001,0.69,0.0,0.0,0.0
12.421189942000002,0.69,0.01,0.0,0.0
12.422192997000002,0.69,0.0,0.0,0.0
12.423193558000001,0.69,0.0,0.0,0.0
12.424147636,0.69,0.0,0.0,0.0
12.425195638,0.69,0.0,0.0,0.0
12.4261806,0.69,0.0,0.0,0.0
12.428457543,0.69,0.0,0.0,0.0
12.429451032000001,0.69,0.0,0.0,0.0
12.430353008,0.69,0.0,0.0,0.0
12.431254941,0.69,0.0,0.0,0.0
12.432378836000002,0.69,0.0,0.0,0.0
12.433281071000001,0.69,0.0,0.0,0.0
12.43427117,0.69,0.0,0.0,0.0
12.43519406,0.69,0.0,0.0,0.0
12.436164099,0.69,0.0,0.0,0.0
12.437178291,0.69,0.0,0.0,0.0
12.438190269000001,0.69,0.0,0.01,0.0
12.439163578,0.69,0.0,0.0,0.0
12.440178574,0.69,0.0,0.0,0.0
12.441172439,0.69,0.0,0.0,0.0
12.44335549,0.69,0.0,0.0,0.0
12.44414987,0.69,0.0,0.0,0.0
12.445205322000001,0.69,0.0,0.0,0.0
12.446189075000001,0.69,0.0,0.0,0.0
12.447153799,0.69,0.0,0.0,0.0
12.448305415,0.69,0.0,0.0,0.0
12.449126365000001,0.69,0.0,0.0,0.0
12.450342236000001,0.69,0.0,0.0,0.0
12.451106352,0.69,0.0,0.0,0.0
12.45234553,0.69,0.0,0.0,0.0
12.453106647,0.69,0.0,0.0,0.0
12.454198428000002,0.69,0.0,0.0,0.0
12.455163681,0.69,0.0,0.0,0.0
12.456172599,0.69,0.0,0.0,0.0
12.458405110000001,0.69,0.0,0.0,0.0
12.459156326,0.69,0.0,0.0,0.0
12.460178974000002,0.69,0.0,0.01,0.0
12.461204215,0.69,0.0,0.0,0.0
12.462209921000001,0.69,0.0,0.0,0.0
12.46322727,0.69,0.0,0.0,0.0
12.464278744000001,0.7,0.0,0.0,0.0
12.465231415000002,0.69,0.0,0.0,0.0
12.466203275000002,0.69,0.0,0.0,0.0
12.467194709000001,0.69,0.0,0.0,0.0
12.468207537000001,0.69,0.0,0.0,0.0
12.469195953000002,0.69,0.0,0.0,0.0
12.470186858,0.69,0.0,0.0,0.0
12.471179826,0.69,0.0,0.0,0.0
12.472150061,0.69,0.0,0.0,0.0
12.473192166,0.69,0.0,0.0,0.0
12.4753824,0.7,0.0,0.0,0.0
12.476233479000001,0.69,0.0,0.0,0.0
12.477145427,0.69,0.0,0.0,0.0
12.478163406,0.69,0.0,0.0,0.01
12.479188566000001,0.69,0.0,0.0,0.0
12.480185086,0.69,0.0,0.0,0.0
12.481351346,0.69,0.0,0.0,0.0
12.482121134000002,0.69,0.0,0.0,0.0
12.483404398000001,0.69,0.0,0.0,0.0
12.484115143,0.69,0.0,0.0,0.0
12.485315747000001,0.69,0.0,0.0,0.0
12.486108015000001,0.69,0.0,0.0,0.0
12.487322706,0.69,0.0,0.0,0.0
12.489349576,0.69,0.0,0.0,0.0
12.490097843000001,0.7,0.0,0.0,0.0
12.491194103000002,0.69,0.0,0.0,0.0
12.492205197,0.7,0.0,0.0,0.0
12.493210255000001,0.7,0.0,0.0,0.0
12.494260301,0.69,0.0,0.0,0.0
12.495104484,0.7,0.0,0.0,0.0
12.496328174,0.7,0.0,0.0,0.0
12.497095127000001,0.69,0.0,0.0,0.0
12.499518849000001,0.69,0.0,0.0,0.0
12.499981775,0.69,0.0,0.0,0.0
12.500362260000001,0.7,0.0,0.0,0.0
12.501107356,0.7,0.0,0.0,0.0
12.502323429,0.69,0.0,0.0,0.0
12.504334486000001,0.69,0.0,0.0,0.0
12.505137806,0.69,0.0,0.0,0.0
12.506205065000001,0.69,0.0,0.0,0.0
12.507185765000001,0.69,0.0,0.0,0.0
12.508202053000002,0.69,0.0,0.0,0.0
12.509186829,0.69,0.0,0.0,0.0
12.510207487,0.69,0.0,0.0,0.0
12.511227498,0.69,0.0,0.0,0.0
12.512281221,0.69,0.0,0.0,0.0
12.513327448,0.69,0.0,0.0,0.0
12.514203482000001,0.69,0.0,0.0,0.0
12.515220585000002,0.7,0.0,0.01,0.0
12.516202105000001,0.69,0.0,0.0,0.0
12.517180891,0.69,0.0,0.0,0.0
12.519401823,0.69,0.0,0.0,0.0
12.520204128000001,0.69,0.0,0.01,0.0
12.521161013,0.69,0.0,0.0,0.0
12.522197188000002,0.69,0.0,0.0,0.0
12.523192812000001,0.69,0.0,0.0,0.0
12.524189438,0.69,0.0,0.0,0.0
12.525196219000001,0.69,0.0,0.0,0.0
12.526141915,0.7,0.0,0.0,0.0
12.527350471,0.69,0.0,0.0,0.0
12.528119496,0.7,0.0,0.0,0.0
12.529163428,0.7,0.0,0.0,0.0
12.530205566000001,0.7,0.0,0.0,0.0
12.531155031,0.69,0.0,0.0,0.0
12.533483038,0.69,0.0,0.0,0.0
12.534423607,0.69,0.0,0.0,0.0
12.535322175000001,0.69,0.0,0.0,0.0
12.536212521000001,0.69,0.0,0.0,0.0
12.537352756,0.69,0.0,0.0,0.0
12.538344809000002,0.69,0.0,0.0,0.0
12.539239317000002,0.69,0.0,0.0,0.0
12.540240301,0.69,0.0,0.0,0.0
12.541229218000002,0.7,0.01,0.0,0.0
12.542216213000001,0.69,0.0,0.0,0.0
12.543246769000001,0.69,0.0,0.0,0.0
12.544196769000001,0.69,0.0,0.0,0.0
12.545164928,0.69,0.0,0.0,0.0
12.546164229,0.69,0.0,0.0,0.01
12.547162716,0.69,0.0,0.0,0.0
12.549421242000001,0.69,0.0,0.0,0.0
12.550159862000001,0.69,0.0,0.0,0.0
12.551216646,0.69,0.01,0.0,0.0
12.552174897,0.69,0.0,0.0,0.0
12.553228005000001,0.69,0.0,0.0,0.0
12.554216819,0.69,0.0,0.0,0.0
12.555215845000001,0.69,0.0,0.0,0.0
12.556231412,0.69,0.0,0.0,0.0
12.557149494,0.69,0.0,0.0,0.0
12.558158665,0.69,0.0,0.0,0.0
12.559151151,0.69,0.0,0.0,0.0
12.560332774,0.69,0.0,0.0,0.0
12.561125141000002,0.69,0.0,0.0,0.0
12.56217773,0.69,0.0,0.0,0.0
12.563233080000002,0.69,0.0,0.0,0.0
12.564239623,0.69,0.0,0.0,0.0
12.566265803,0.68,0.0,0.0,0.0
12.567145952,0.69,0.0,0.0,0.0
12.568237028,0.69,0.0,0.0,0.0
12.569198904,0.69,0.0,0.01,0.01
12.570239071000001,0.69,0.0,0.0,0.0
12.571240728000001,0.69,0.0,0.01,0.0
12.572234754,0.69,0.0,0.0,0.0
12.573230825000001,0.69,0.0,0.0,0.0
12.574195267,0.69,0.0,0.0,0.0
12.575173346000001,0.69,0.0,0.0,0.0
12.576324965000001,0.69,0.0,0.0,0.0
12.577114781,0.69,0.0,0.0,0.0
12.578186236,0.69,0.0,0.0,0.0
12.580419526,0.69,0.0,0.0,0.0
12.581123387000002,0.69,0.0,0.0,0.0
12.58223023,0.69,0.0,0.0,0.0
12.583242933000001,0.69,0.0,0.0,0.0
12.584140186,0.69,0.0,0.0,0.0
12.585098301,0.69,0.0,0.0,0.0
12.586126864,0.7,0.0,0.0,0.0
12.58726008,0.69,0.0,0.0,0.0
12.588140991000001,0.7,0.0,0.0,0.0
12.589139788,0.69,0.0,0.0,0.0
12.590145798,0.69,0.0,0.0,0.01
12.591199341000001,0.69,0.0,0.0,0.0
12.593423072,0.69,0.0,0.0,0.0
12.594120044,0.69,0.0,0.0,0.0
12.595384854,0.69,0.0,0.0,0.0
12.596119453,0.69,0.0,0.0,0.0
12.597247215000001,0.69,0.0,0.0,0.0
12.598105372000001,0.69,0.0,0.0,0.0
12.599275667,0.69,0.0,0.0,0.0
12.600137735,0.7,0.0,0.0,0.0
12.60140121,0.7,0.0,0.0,0.0
12.60210616,0.7,0.0,0.0,0.0
12.603118618000002,0.7,0.0,0.0,0.0
12.604179668,0.7,0.0,0.0,0.0
12.605173332000001,0.7,0.0,0.0,0.0
12.606275668,0.7,0.0,0.0,0.0
12.607191169,0.69,0.0,0.0,0.0
12.608259559,0.7,0.0,0.0,0.0
12.610398419000001,0.69,0.0,0.0,0.0
12.611105353000001,0.69,0.0,0.0,0.0
12.612250562000002,0.69,0.0,0.0,0.0
12.613237892,0.69,0.0,0.0,0.0
12.614250198,0.69,0.0,0.0,0.0
12.615223936000001,0.69,0.0,0.0,0.0
12.616253195,0.69,0.0,0.0,0.0
12.617201324000002,0.69,0.0,0.0,0.0
12.618344835,0.69,0.0,0.0,0.0
12.619105614,0.69,0.0,0.0,0.0
12.620310748000001,0.69,0.0,0.0,0.0
12.621102266000001,0.69,0.0,0.0,0.0
12.622196062,0.69,0.0,0.0,0.0
12.624409665,0.69,0.0,0.0,0.0
12.625105175000002,0.69,0.0,0.0,0.0
12.626392196000001,0.69,0.0,0.0,0.0
12.627102471,0.69,0.0,0.0,0.0
12.628398078,0.69,0.0,0.0,0.0
12.629094886,0.69,0.0,0.0,0.0
12.630397143000001,0.69,0.0,0.0,0.0
12.631096018000001,0.69,0.0,0.0,0.0
12.632280258000002,0.69,0.0,0.0,0.0
12.633101034000001,0.69,0.0,0.0,0.0
12.634315655,0.68,0.0,0.0,0.0
12.635121541,0.69,0.0,0.0,0.0
12.636439872,0.69,0.01,0.0,0.0
12.637086767000001,0.69,0.0,0.0,0.0
12.638391874000002,0.69,0.0,0.0,0.0
12.640424059,0.69,0.0,0.0,0.0
12.641093378,0.69,0.0,0.0,0.0
12.642411352000002,0.69,0.0,0.0,0.0
12.643094191000001,0.69,0.0,0.0,0.0
12.644421150000001,0.69,0.0,0.0,0.0
12.645088932,0.69,0.0,0.0,0.0
12.646406851,0.69,0.0,0.0,0.0
12.647090346,0.69,0.0,0.0,0.0
12.648141841000001,0.69,0.0,0.0,0.0
12.64920921,0.69,0.0,0.0,0.0
12.650127864000002,0.69,0.0,0.0,0.0
12.651295374,0.69,0.0,0.0,0.0
12.652084327,0.69,0.0,0.0,0.0
12.653403843000001,0.69,0.0,0.0,0.0
12.655403326,0.69,0.0,0.0,0.0
12.656095242000001,0.69,0.0,0.0,0.0
12.657404962000001,0.69,0.0,0.0,0.01
12.658098056,0.69,0.0,0.0,0.0
12.659281281,0.69,0.0,0.0,0.0
12.660233888,0.69,0.0,0.0,0.0
12.661174611000002,0.69,0.0,0.0,0.0
12.662222543,0.69,0.0,0.0,0.0
12.663093884,0.69,0.0,0.0,0.0
12.664176344000001,0.69,0.0,0.0,0.0
12.665132000000002,0.69,0.0,0.0,0.0
12.666172620000001,0.69,0.0,0.0,0.0
12.667184930000001,0.69,0.0,0.0,0.0
12.668267393,0.69,0.0,0.0,0.0
12.670423769000001,0.69,0.0,0.0,0.0
12.671110452,0.69,0.0,0.0,0.0
12.67239389,0.69,0.0,0.0,0.0
12.673097909,0.69,0.0,0.0,0.0
12.674409593,0.69,0.0,0.0,0.0
12.675094210000001,0.69,0.0,0.0,0.0
12.676402787,0.69,0.0,0.0,0.0
12.677093372000002,0.69,0.0,0.0,0.0
12.678325917,0.69,0.0,0.0,0.0
12.679094743,0.69,0.0,0.0,0.0
12.680316914,0.69,0.0,0.0,0.0
12.681094704000001,0.69,0.0,0.0,0.0
12.682282411000001,0.69,0.0,0.0,0.0
12.683102251000001,0.69,0.0,0.0,0.0
12.684312036000001,0.69,0.0,0.0,0.0
12.686430695,0.7,0.0,0.0,0.0
12.687100713000001,0.69,0.0,0.0,0.0
12.688276424000001,0.7,0.0,0.0,0.0
12.689225427,0.69,0.01,0.0,0.0
12.690268544,0.69,0.0,0.0,0.0
12.691246082000001,0.69,0.0,0.0,0.0
12.692227308000001,0.7,0.0,0.0,0.0
12.693231668000001,0.69,0.0,0.0,0.0
12.694180927000001,0.69,0.0,0.0,0.0
12.695339420000002,0.69,0.0,0.0,0.0
12.696102609,0.69,0.0,0.0,0.0
12.697340569000001,0.69,0.0,0.0,0.0
12.698102279,0.69,0.0,0.0,0.0
12.699416078,0.7,0.0,0.0,0.0
12.701401501000001,0.69,0.0,0.0,0.0
12.702097129,0.69,0.0,0.0,0.0
12.703276495,0.68,0.0,0.0,0.0
12.70413714,0.69,0.0,0.0,0.0
12.705327479000001,0.69,0.0,0.0,0.0
12.706122584000001,0.69,0.0,0.0,0.0
12.707409409,0.7,0.0,0.0,0.0
12.708088045,0.69,0.0,0.0,0.0
12.709331993000001,0.69,0.0,0.0,0.0
12.710147444,0.69,0.0,0.0,0.0
12.711325568000001,0.69,0.0,0.0,0.0
12.712122962,0.7,0.0,0.0,0.0
12.713447071000001,0.69,0.0,0.0,0.0
12.715278126000001,0.69,0.0,0.0,0.0
12.716164797000001,0.69,0.0,0.0,0.0
12.717103827,0.69,0.0,0.0,0.0
12.718409286,0.69,0.0,0.0,0.0
12.719093350000001,0.69,0.0,0.0,0.0
12.720345422000001,0.69,0.0,0.0,0.0
12.721094356,0.69,0.0,0.0,0.0
12.722451889,0.69,0.0,0.0,0.0
12.723093441000001,0.69,0.0,0.0,0.0
12.724335357000001,0.69,0.0,0.0,0.01
12.725093730000001,0.69,0.0,0.0,0.0
12.726323939,0.69,0.0,0.0,0.0
12.727090642,0.69,0.0,0.0,0.0
12.728439566,0.69,0.0,0.0,0.0
12.730398713000001,0.69,0.0,0.0,0.0
12.731102198,0.69,0.0,0.0,0.0
12.732283111000001,0.69,0.0,0.0,0.0
12.733224963000001,0.69,0.0,0.0,0.0
12.734279213,0.69,0.0,0.0,0.0
12.735230883000002,0.69,0.0,0.0,0.0
12.736284279000001,0.69,0.0,0.0,0.0
12.737220436000001,0.69,0.0,0.0,0.0
12.738223443,0.69,0.0,0.0,0.0
12.739379025000002,0.69,0.0,0.0,0.0
12.740094898,0.69,0.0,0.0,0.0
12.741344341000001,0.69,0.0,0.0,0.0
12.742098239,0.68,0.0,0.0,0.0
12.743360682,0.69,0.0,0.01,0.0
12.745392587000001,0.69,0.0,0.0,0.0
12.746104756000001,0.69,0.0,0.0,0.0
12.747088639000001,0.69,0.0,0.0,0.0
12.748134592000001,0.69,0.0,0.0,0.0
12.749132475000001,0.69,0.0,0.0,0.0
12.750088774,0.69,0.0,0.0,0.0
12.751131784,0.69,0.0,0.0,0.0
12.752213547,0.69,0.0,0.0,0.0
12.753251488,0.69,0.0,0.0,0.0
12.75420858,0.69,0.0,0.0,0.0
12.755167936000001,0.69,0.0,0.0,0.0
12.756306065,0.69,0.0,0.0,0.0
12.757105649000001,0.69,0.01,0.0,0.0
12.758190573,0.69,0.0,0.01,0.0
12.760410306,0.69,0.0,0.01,0.0
12.761109486,0.69,0.01,0.0,0.0
12.762183152,0.69,0.0,0.0,0.0
12.763153184,0.69,0.0,0.0,0.0
12.764237949,0.69,0.0,0.0,0.0
12.765243517,0.69,0.0,0.01,0.0
12.766254326,0.69,0.0,0.0,0.0
12.767197915,0.69,0.0,0.0,0.0
12.768526539000002,0.69,0.0,0.0,0.0
12.769098110000002,0.69,0.0,0.0,0.01
12.770261841,0.69,0.0,0.0,0.0
12.771183385,0.69,0.0,0.0,0.0
12.772191457,0.69,0.0,0.0,0.0
12.773146578,0.69,0.0,0.0,0.0
12.774392663,0.69,0.0,0.0,0.0
12.776400415000001,0.69,0.0,0.0,0.0
12.777110259,0.69,0.0,0.0,0.0
12.778349316000002,0.69,0.0,0.0,0.0
12.779101310000001,0.69,0.0,0.0,0.0
12.780271291,0.69,0.0,0.0,0.0
12.781088111,0.69,0.0,0.0,0.0
12.782265082,0.69,0.0,0.0,0.0
12.783163155,0.69,0.0,0.0,0.0
12.784134609,0.69,0.0,0.0,0.0
12.785173680000002,0.69,0.0,0.0,0.0
12.786129555,0.69,0.0,0.0,0.0
12.788398672000001,0.69,0.0,0.01,0.0
12.789109221,0.69,0.0,0.0,0.0
12.790212963,0.69,0.0,0.0,0.0
12.791253038,0.69,0.0,0.0,0.0
12.79218962,0.69,0.0,0.0,0.0
12.793252290000002,0.69,0.0,0.0,0.0
12.79420593,0.69,0.0,0.0,0.0
12.795174809,0.69,0.0,0.0,0.0
12.796297263000001,0.69,0.0,0.0,0.0
12.797110036000001,0.69,0.0,0.0,0.0
12.798283849,0.69,0.0,0.0,0.0
12.799131369000001,0.69,0.0,0.0,0.0
12.800345873000001,0.69,0.0,0.0,0.0
12.801101349000001,0.69,0.0,0.0,0.0
12.802298775,0.69,0.0,0.0,0.0
12.803094375,0.69,0.01,0.0,0.0
12.804301139000001,0.69,0.01,0.0,0.0
12.806287036,0.69,0.0,0.0,0.0
12.80710801,0.69,0.0,0.0,0.0
12.808404139,0.69,0.0,0.0,0.0
12.809101452,0.69,0.0,0.0,0.0
12.810206356,0.69,0.0,0.0,0.0
12.811130914000001,0.69,0.0,0.0,0.0
12.812261920000001,0.69,0.0,0.0,0.0
12.813185718000002,0.69,0.0,0.0,0.0
12.814097256,0.69,0.0,0.0,0.0
12.815140588,0.69,0.0,0.0,0.0
12.816183966,0.68,0.0,0.0,0.0
12.817167933,0.69,0.0,0.0,0.0
12.818190583000002,0.69,0.0,0.0,0.0
12.819085699,0.69,0.0,0.0,0.0
12.820408927,0.69,0.0,0.0,0.0
12.822309278,0.69,0.0,0.0,0.0
12.823109797,0.69,0.0,0.0,0.0
12.824140036000001,0.69,0.0,0.0,0.0
12.825248989,0.69,0.0,0.0,0.0
12.826222689000002,0.69,0.0,0.0,0.0
12.827159341000002,0.69,0.0,0.0,0.0
12.828281327000001,0.69,0.0,0.0,0.0
12.829135486,0.69,0.0,0.0,0.0
12.830351604,0.69,0.0,0.0,0.0
12.831107165,0.69,0.0,0.0,0.0
12.832275871,0.69,0.0,0.0,0.0
12.833098455,0.69,0.0,0.0,0.0
12.834454091000001,0.69,0.0,0.0,0.0
12.836370446,0.69,0.0,0.0,0.0
12.837106861,0.69,0.0,0.0,0.0
12.838276441000001,0.69,0.0,0.0,0.0
12.839153145000001,0.69,0.0,0.0,0.0
12.840235994,0.69,0.0,0.0,0.0
12.841220435,0.69,0.0,0.0,0.0
12.842239583000001,0.69,0.0,0.0,0.0
12.843129108000001,0.7,0.0,0.0,0.0
12.844282266,0.69,0.0,0.0,0.0
12.845183556,0.69,0.0,0.0,0.0
12.846328685000001,0.69,0.0,0.0,0.0
12.847097958,0.7,0.0,0.0,0.0
12.848297120000002,0.69,0.0,0.0,0.0
12.850420782,0.69,0.0,0.0,0.01
12.851101250000001,0.69,0.0,0.0,0.0
12.852402778,0.69,0.0,0.0,0.0
12.853102451000002,0.69,0.0,0.0,0.0
12.854277357,0.69,0.0,0.0,0.0
12.855189282000001,0.69,0.0,0.0,0.0
12.85628572,0.69,0.0,0.0,0.0
12.857129808000002,0.69,0.0,0.0,0.0
12.858320259000001,0.69,0.0,0.0,0.0
12.859123894000001,0.69,0.0,0.0,0.0
12.860311482,0.69,0.0,0.0,0.0
12.861097491,0.69,0.0,0.0,0.0
12.862322454000001,0.69,0.0,0.0,0.0
12.863136248,0.69,0.0,0.0,0.0
12.864438854000001,0.69,0.0,0.0,0.0
12.866256228000001,0.69,0.0,0.0,0.0
12.867117492,0.69,0.0,0.01,0.0
12.868177774000001,0.69,0.0,0.0,0.0
12.869276077,0.69,0.0,0.0,0.0
12.870127984000002,0.69,0.0,0.0,0.0
12.87127126,0.7,0.0,0.0,0.0
12.872247193000002,0.69,0.0,0.0,0.0
12.873243252,0.69,0.0,0.0,0.0
12.874199694000001,0.69,0.0,0.0,0.0
12.875319915,0.69,0.0,0.0,0.0
12.876098638,0.69,0.0,0.0,0.0
12.877341433000002,0.69,0.0,0.0,0.0
12.878095171,0.69,0.0,0.0,0.0
12.879430161,0.69,0.0,0.0,0.0
12.881175624,0.69,0.0,0.0,0.0
12.882114033,0.69,0.0,0.0,0.0
12.883098224000001,0.69,0.0,0.0,0.0
12.88429499,0.69,0.0,0.0,0.0
12.885190701,0.69,0.0,0.0,0.0
12.886288492,0.69,0.0,0.0,0.0
12.887113307000002,0.69,0.0,0.0,0.0
12.888402916,0.69,0.0,0.0,0.0
12.889097069,0.69,0.0,0.0,0.0
12.890186739,0.69,0.0,0.0,0.0
12.891166352,0.69,0.0,0.0,0.0
12.892312107,0.69,0.0,0.0,0.0
12.893094166000001,0.69,0.0,0.0,0.0
12.894453198,0.69,0.0,0.0,0.0
12.896419138,0.69,0.0,0.0,0.0
12.897097370000001,0.69,0.0,0.0,0.0
12.89827198,0.69,0.0,0.0,0.0
12.899142636,0.69,0.0,0.0,0.0
12.900327489,0.69,0.0,0.0,0.0
12.901099535,0.69,0.0,0.0,0.0
12.902322949,0.69,0.0,0.0,0.0
12.903099835,0.69,0.0,0.0,0.0
12.904188596000001,0.69,0.0,0.0,0.0
12.905202642,0.69,0.0,0.0,0.0
12.906134851000001,0.69,0.0,0.0,0.0
12.908378207,0.69,0.0,0.0,0.0
12.909107565000001,0.69,0.0,0.0,0.0
12.910267379,0.69,0.0,0.0,0.0
12.911113851000001,0.69,0.0,0.0,0.0
12.912091872000001,0.69,0.0,0.0,0.0
12.913388919,0.69,0.0,0.0,0.0
12.914099124000002,0.69,0.0,0.0,0.0
12.915392753,0.69,0.0,0.0,0.0
12.916096691000002,0.69,0.0,0.0,0.0
12.917404728000001,0.69,0.0,0.0,0.0
12.91809753,0.69,0.0,0.0,0.0
12.919414218,0.69,0.0,0.0,0.0
12.920093205,0.69,0.01,0.0,0.0
12.921294774000001,0.69,0.0,0.0,0.0
12.922093228000001,0.69,0.0,0.0,0.0
12.923359931,0.69,0.0,0.0,0.0
12.924093531,0.69,0.0,0.0,0.0
12.925392274,0.69,0.0,0.0,0.0
12.927476885,0.68,0.0,0.0,0.0
12.92809446,0.69,0.0,0.01,0.0
12.929397938000001,0.69,0.0,0.0,0.0
12.930094687,0.69,0.0,0.0,0.0
12.931224288000001,0.69,0.0,0.0,0.0
12.932139161,0.69,0.0,0.0,0.0
12.933084703,0.69,0.0,0.0,0.0
12.934270462,0.69,0.0,0.0,0.0
12.935201088000001,0.69,0.0,0.0,0.0
12.936174596,0.69,0.0,0.0,0.0
12.937087071,0.69,0.0,0.0,0.0
12.938315873,0.69,0.0,0.0,0.0
12.939101294,0.69,0.0,0.0,0.0
12.940249125000001,0.69,0.0,0.0,0.0
12.941221847000001,0.69,0.0,0.0,0.0
12.942258757000001,0.69,0.0,0.0,0.0
12.944351404,0.69,0.0,0.0,0.0
12.94510432,0.69,0.0,0.0,0.0
12.946388160000001,0.69,0.0,0.0,0.0
12.947110145000002,0.69,0.0,0.0,0.0
12.948251562000001,0.69,0.0,0.0,0.0
12.949164004,0.68,0.0,0.0,0.0
12.950226192,0.69,0.0,0.0,0.0
12.951174572000001,0.69,0.0,0.0,0.0
12.952312504,0.69,0.0,0.0,0.0
12.953129306000001,0.69,0.0,0.0,0.0
12.954407743,0.7,0.0,0.0,0.0
12.956406034,0.69,0.0,0.0,0.0
12.957101736,0.69,0.0,0.0,0.0
12.9582692,0.69,0.0,0.0,0.0
12.959096675000001,0.69,0.0,0.0,0.0
12.960391897000001,0.69,0.0,0.0,0.0
12.961101591,0.69,0.0,0.0,0.0
12.962181657,0.69,0.0,0.0,0.0
12.963261703,0.69,0.0,0.0,0.0
12.964245247000001,0.69,0.01,0.0,0.0
12.96515821,0.69,0.0,0.0,0.0
12.966084019,0.69,0.0,0.0,0.0
12.967355586,0.69,0.0,0.0,0.0
12.968101748,0.69,0.0,0.0,0.0
12.969372909,0.69,0.0,0.0,0.0
12.971397143,0.69,0.0,0.0,0.0
12.972104797,0.69,0.0,0.0,0.0
12.973268529,0.69,0.0,0.0,0.0
12.974242135,0.69,0.0,0.0,0.0
12.975258700000001,0.69,0.0,0.0,0.0
12.976240859,0.68,0.0,0.0,0.0
12.977273740000001,0.69,0.0,0.0,0.0
12.978241591000002,0.69,0.0,0.0,0.0
12.979224493,0.69,0.0,0.0,0.0
12.980200303,0.69,0.0,0.0,0.0
12.981213817,0.69,0.0,0.0,0.0
12.982191901,0.69,0.0,0.0,0.0
12.983359594000001,0.69,0.0,0.0,0.0
12.98409479,0.69,0.0,0.0,0.0
12.985364983,0.7,0.0,0.0,0.0
12.987408721000001,0.69,0.0,0.0,0.0
12.988097555000001,0.69,0.0,0.0,0.0
12.989096054000001,0.69,0.0,0.0,0.0
12.990186028,0.69,0.0,0.0,0.0
12.991275289,0.69,0.0,0.0,0.0
12.992240079,0.69,0.0,0.0,0.0
12.993248386000001,0.69,0.0,0.0,0.0
12.994234574,0.69,0.0,0.0,0.0
12.995192063000001,0.69,0.0,0.0,0.0
12.996330003,0.69,0.0,0.0,0.0
12.997100751000001,0.69,0.0,0.0,0.0
12.998313495000001,0.69,0.0,0.0,0.0
12.999121497,0.69,0.0,0.0,0.0
13.000379610000001,0.69,0.0,0.0,0.0
13.002406741000001,0.69,0.0,0.0,0.0
13.003102181000001,0.7,0.0,0.01,0.0
13.004305146,0.69,0.0,0.0,0.0
13.005105927,0.69,0.0,0.0,0.0
13.006274053,0.7,0.0,0.0,0.0
13.007232972,0.7,0.0,0.0,0.0
13.00826438,0.69,0.0,0.0,0.0
13.009243654,0.69,0.0,0.0,0.0
13.010227270000001,0.69,0.01,0.0,0.0
13.011188529,0.69,0.0,0.0,0.0
13.012311363,0.69,0.0,0.0,0.01
13.013100835000001,0.69,0.0,0.0,0.0
13.014382032,0.69,0.0,0.0,0.0
13.015099504,0.69,0.0,0.0,0.0
13.01640953,0.69,0.0,0.0,0.0
13.018421267,0.69,0.01,0.0,0.0
13.019097413,0.69,0.0,0.0,0.0
13.020404269,0.69,0.0,0.0,0.0
13.021096739,0.69,0.0,0.0,0.0
13.022266769000002,0.69,0.0,0.0,0.0
13.023101033000001,0.69,0.0,0.0,0.0
13.024397248000001,0.69,0.0,0.0,0.0
13.025097745,0.69,0.0,0.0,0.0
13.026330271,0.69,0.0,0.0,0.0
13.027091106,0.69,0.0,0.0,0.0
13.028384129,0.69,0.0,0.0,0.0
13.02909469,0.69,0.0,0.0,0.0
13.03045548,0.69,0.0,0.0,0.0
13.03217713,0.69,0.0,0.0,0.0
13.033256666000002,0.69,0.0,0.0,0.0
13.034237486,0.69,0.0,0.0,0.0
13.035295176,0.69,0.0,0.0,0.0
13.036224491,0.69,0.0,0.0,0.0
13.037070923000002,0.69,0.0,0.0,0.0
13.038232934000002,0.69,0.0,0.0,0.0
13.039235829,0.69,0.0,0.0,0.0
13.040241208000001,0.69,0.0,0.0,0.0
13.041183493,0.68,0.0,0.0,0.0
13.042166799,0.69,0.0,0.0,0.0
13.043163715,0.69,0.0,0.0,0.0
13.044193407000002,0.69,0.0,0.0,0.0
13.045260350000001,0.69,0.0,0.0,0.0
13.046266482,0.69,0.0,0.0,0.0
13.04819752,0.69,0.01,0.0,0.0
13.049220281,0.68,0.0,0.0,0.0
13.050140141,0.68,0.0,0.0,0.0
13.051255318,0.69,0.0,0.0,0.0
13.052128625,0.68,0.0,0.0,0.0
13.053396398,0.69,0.0,0.0,0.0
13.054101668000001,0.68,0.0,0.0,0.0
13.055411504,0.67,0.0,0.0,0.0
13.056101396,0.67,0.0,0.0,0.0
13.057201881000001,0.67,0.0,0.0,0.0
13.058186528,0.67,0.0,0.0,0.0
13.059177653,0.67,0.0,0.0,0.0
13.060383432,0.68,0.0,0.01,0.0
13.062276674000001,0.68,0.0,0.0,0.0
13.063181931,0.68,0.0,0.0,0.0
13.064086048,0.68,0.0,0.0,0.0
13.065116565,0.68,0.0,0.0,0.0
13.066083868000002,0.68,0.0,0.0,0.0
13.067274193000001,0.68,0.0,0.0,0.0
13.068229395000001,0.68,0.0,0.0,0.0
13.069273778000001,0.68,0.0,0.0,0.0
13.070224019000001,0.68,0.0,0.0,0.0
13.07117361,0.66,0.01,0.0,0.0
13.072174855,0.65,0.0,0.0,0.0
13.073164128,0.67,0.0,0.0,0.01
13.075427648000002,0.67,0.0,0.0,0.0
13.076105755,0.67,0.0,0.0,0.0
13.077404293,0.67,0.0,0.0,0.0
13.078104926,0.67,0.0,0.0,0.0
13.079390100000001,0.67,0.0,0.0,0.0
13.080097864,0.67,0.0,0.0,0.0
13.081310026,0.68,0.0,0.0,0.0
13.082097175000001,0.68,0.0,0.0,0.0
13.083266787000001,0.67,0.0,0.0,0.0
13.084096829,0.68,0.0,0.01,0.0
13.085416678000001,0.68,0.0,0.01,0.0
13.086091388000002,0.68,0.0,0.01,0.0
13.087218529000001,0.68,0.0,0.01,0.0
13.088163691,0.68,0.0,0.01,0.0
13.089179006,0.67,0.0,0.01,0.0
13.090254014000001,0.68,0.0,0.02,0.0
13.092410384,0.68,0.0,0.03,0.0
13.093101835,0.68,0.0,0.03,0.0
13.094268889,0.68,0.0,0.02,0.0
13.095215452000001,0.68,0.0,0.02,0.0
13.096250849,0.68,0.0,0.02,0.0
13.097244522,0.68,0.0,0.02,0.0
13.098184628,0.69,0.0,0.03,0.0
13.099268126,0.68,0.0,0.03,0.0
13.100196500000001,0.68,0.0,0.03,0.0
13.101188070000001,0.68,0.0,0.03,0.0
13.102165875,0.68,0.0,0.04,0.0
13.103418717,0.68,0.0,0.04,0.0
13.104104701,0.68,0.0,0.05,0.0
13.106378212000001,0.68,0.0,0.07,0.0
13.107118258000002,0.68,0.0,0.05,0.0
13.108398828,0.69,0.0,0.06,0.0
13.109110932,0.68,0.0,0.08,0.0
13.110387504,0.68,0.0,0.11,0.0
13.111109893,0.68,0.0,0.11,0.0
13.11238142,0.68,0.0,0.12,0.0
13.113105501000001,0.68,0.0,0.11,0.0
13.114383640000002,0.68,0.01,0.13,0.0
13.115099276,0.68,0.0,0.26,0.0
13.116159080000001,0.68,0.0,0.28,0.0
13.117165245,0.68,0.0,0.29,0.0
13.118183776,0.68,0.0,0.28,0.0
13.119268974,0.69,0.0,0.29,0.0
13.120321797,0.68,0.0,0.29,0.0
13.122430683000001,0.69,0.0,0.28,0.0
13.123114249,0.68,0.0,0.3,0.0
13.124253668000001,0.69,0.0,0.29,0.0
13.125213992,0.69,0.0,0.29,0.01
13.126262099000002,0.69,0.0,0.29,0.0
13.127237409000001,0.69,0.0,0.3,0.0
13.128247985000002,0.69,0.0,0.31,0.0
13.129253532000002,0.69,0.0,0.31,0.0
13.130252641,0.69,0.0,0.31,0.0
13.13108599,0.69,0.0,0.31,0.0
13.132312435000001,0.69,0.0,0.31,0.0
13.133104835000001,0.69,0.0,0.31,0.0
13.135406714,0.69,0.0,0.32,0.0
13.136109523,0.69,0.0,0.32,0.0
13.137388827,0.7,0.0,0.32,0.0
13.138101298,0.7,0.0,0.33,0.0
13.139405439,0.7,0.0,0.29,0.0
13.140100463000001,0.69,0.0,0.3,0.0
13.141393388000001,0.69,0.0,0.3,0.01
13.142111430000002,0.69,0.0,0.3,0.0
13.143268938,0.69,0.0,0.38,0.0
13.144233956,0.69,0.0,0.36,0.0
13.145277146000002,0.69,0.0,0.35,0.0
13.146207886000001,0.7,0.0,0.36,0.0
13.147148822,0.69,0.0,0.36,0.0
13.148268654,0.69,0.0,0.37,0.0
13.149121472000001,0.69,0.0,0.37,0.0
13.150093325,0.69,0.0,0.35,0.0
13.152451473000001,0.7,0.0,0.35,0.0
13.153084986000001,0.7,0.0,0.36,0.0
13.154086339000001,0.7,0.0,0.36,0.0
13.155162672000001,0.7,0.0,0.37,0.0
13.156246577000001,0.7,0.0,0.38,0.0
13.1571075,0.7,0.0,0.37,0.0
13.158237488000001,0.7,0.0,0.38,0.0
13.159244489,0.7,0.0,0.38,0.0
13.160228322,0.7,0.0,0.39,0.0
13.161144673,0.7,0.0,0.39,0.0
13.162205383000002,0.7,0.0,0.38,0.0
13.163195479,0.7,0.0,0.45,0.0
13.164187660000001,0.7,0.0,0.45,0.0
13.165208056,0.7,0.0,0.45,0.01
13.167399802,0.7,0.0,0.45,0.0
13.168113956000001,0.7,0.0,0.47,0.0
13.169393875,0.7,0.0,0.47,0.0
13.170114092,0.7,0.0,0.45,0.0
13.171399887000002,0.7,0.0,0.45,0.0
13.172098436,0.7,0.0,0.45,0.0
13.173322051000001,0.7,0.0,0.46,0.0
13.174123334,0.7,0.0,0.48,0.0
13.175313148,0.7,0.0,0.47,0.0
13.176164579000002,0.7,0.0,0.45,0.0
13.177308563,0.7,0.0,0.47,0.0
13.178124307000001,0.7,0.0,0.47,0.0
13.179323145000001,0.7,0.0,0.47,0.0
13.180123083000002,0.7,0.0,0.44,0.0
13.182582353,0.7,0.0,0.46,0.0
13.183126191000001,0.7,0.0,0.49,0.0
13.184399008000002,0.7,0.0,0.49,0.0
13.185101147000001,0.7,0.0,0.5,0.0
13.186407267000002,0.7,0.0,0.51,0.0
13.187095135000002,0.7,0.0,0.54,0.0
13.188409060000001,0.7,0.0,0.55,0.0
13.189088854000001,0.7,0.0,0.57,0.0
13.190414743000002,0.7,0.0,0.57,0.0
13.191087928,0.7,0.0,0.56,0.0
13.192319920000001,0.7,0.0,0.56,0.0
13.193082539,0.7,0.0,0.59,0.0
13.19434912,0.7,0.0,0.6,0.0
13.195085063,0.7,0.0,0.61,0.0
13.196453526,0.7,0.0,0.6,0.0
13.198146253,0.7,0.0,0.61,0.0
13.199275567,0.7,0.0,0.62,0.0
13.200223817000001,0.7,0.0,0.64,0.0
13.201286964000001,0.7,0.0,0.64,0.0
13.202226433000002,0.7,0.0,0.64,0.0
13.203173838000001,0.7,0.0,0.65,0.0
13.204280144,0.7,0.0,0.65,0.0
13.205144178000001,0.7,0.0,0.65,0.0
13.206143513,0.7,0.0,0.67,0.0
13.207198357000001,0.7,0.0,0.68,0.0
13.208190733,0.7,0.0,0.68,0.0
13.209193264000001,0.7,0.0,0.69,0.0
13.210185383,0.7,0.0,0.68,0.01
13.211129145000001,0.7,0.0,0.68,0.0
13.213281308000001,0.7,0.0,0.67,0.0
13.214165899000001,0.7,0.0,0.68,0.0
13.215150218000002,0.7,0.0,0.68,0.0
13.216261643000001,0.69,0.0,0.7,0.0
13.217242149,0.69,0.0,0.7,0.0
13.218245884000002,0.69,0.0,0.71,0.0
13.219246761,0.69,0.0,0.72,0.0
13.220229857000001,0.69,0.0,0.71,0.0
13.221251547000001,0.69,0.0,0.72,0.0
13.222165780000001,0.69,0.0,0.73,0.0
13.223320649000001,0.69,0.0,0.73,0.0
13.224103573,0.69,0.0,0.73,0.0
13.225358378000001,0.69,0.0,0.75,0.0
13.226105330000001,0.69,0.0,0.75,0.0
13.22749295,0.7,0.0,0.75,0.0
13.229387796000001,0.69,0.0,0.75,0.0
13.23010947,0.7,0.0,0.8,0.0
13.231341301,0.7,0.0,0.82,0.0
13.232105160000001,0.7,0.0,0.83,0.0
13.233407863,0.7,0.0,0.84,0.0
13.234094632000001,0.69,0.0,0.84,0.0
13.235432139,0.69,0.0,0.84,0.0
13.236091714,0.69,0.0,0.84,0.0
13.237309719,0.69,0.0,0.85,0.0
13.238148287000001,0.69,0.0,0.86,0.0
13.23912471,0.69,0.0,0.85,0.0
13.240241097,0.68,0.0,0.86,0.0
13.242415170000001,0.68,0.0,0.86,0.0
13.243098325,0.68,0.01,0.86,0.0
13.244280898000001,0.68,0.0,0.87,0.0
13.245227071,0.68,0.0,0.87,0.0
13.246271405000002,0.68,0.0,0.87,0.0
13.247235835000001,0.68,0.0,0.88,0.0
13.248130230000001,0.68,0.0,0.87,0.0
13.249413146,0.69,0.0,0.88,0.0
13.250099465000002,0.69,0.0,0.88,0.0
13.251242707000001,0.69,0.0,0.88,0.0
13.252189081000001,0.65,0.0,0.87,0.0
13.253174973,0.66,0.0,0.87,0.0
13.254171631,0.68,0.0,0.88,0.0
13.256461062000001,0.67,0.0,0.88,0.0
13.257113482000001,0.67,0.0,0.87,0.0
13.258223191,0.68,0.0,0.88,0.0
13.259248426000001,0.67,0.0,0.87,0.0
13.260249124000001,0.68,0.0,0.88,0.0
13.261194421,0.67,0.0,0.88,0.0
13.262245982000001,0.68,0.0,0.88,0.0
13.263240907,0.69,0.0,0.87,0.02
13.264246346,0.7,0.0,0.87,0.0
13.26514324,0.68,0.0,0.88,0.0
13.266239291000002,0.68,0.0,0.87,0.01
13.267229994000001,0.69,0.0,0.87,0.0
13.268173169,0.68,0.0,0.87,0.0
13.269181453000002,0.67,0.0,0.87,0.0
13.270354636,0.67,0.0,0.87,0.0
13.271116823000002,0.68,0.0,0.87,0.0
13.272346267000001,0.68,0.0,0.86,0.0
13.274307739000001,0.68,0.0,0.87,0.0
13.275114631000001,0.68,0.0,0.87,0.0
13.276234573,0.69,0.0,0.87,0.0
13.277235808,0.68,0.0,0.86,0.0
13.27824174,0.68,0.0,0.86,0.0
13.279235411,0.69,0.0,0.87,0.0
13.280244567,0.69,0.0,0.87,0.0
13.281092481,0.69,0.0,0.86,0.0
13.28237908,0.69,0.0,0.87,0.0
13.283108542,0.69,0.0,0.87,0.0
13.284178032000002,0.69,0.0,0.87,0.0
13.285180027000001,0.69,0.0,0.86,0.0
13.286417495,0.7,0.0,0.87,0.0
13.288222277000001,0.7,0.0,0.88,0.0
13.289201423000002,0.7,0.0,0.88,0.0
13.290253571000001,0.69,0.0,0.87,0.0
13.291184079,0.7,0.0,0.88,0.0
13.292225229000001,0.69,0.0,0.87,0.01
13.293211988000001,0.69,0.0,0.87,0.0
13.294268738000001,0.7,0.0,0.88,0.0
13.295144886000001,0.7,0.0,0.88,0.0
13.296279045,0.7,0.0,0.88,0.0
13.297134082000001,0.69,0.0,0.88,0.0
13.298309156,0.69,0.0,0.88,0.0
13.299136202000001,0.69,0.0,0.88,0.0
13.300321102000002,0.69,0.0,0.88,0.0
13.301125679,0.68,0.0,0.89,0.0
13.302390386,0.68,0.0,0.89,0.0
13.304215378,0.69,0.0,0.89,0.0
13.305212087000001,0.68,0.0,0.89,0.0
13.30626117,0.68,0.0,0.89,0.0
13.307083228000002,0.68,0.0,0.89,0.0
13.308261966000002,0.67,0.0,0.89,0.0
13.30923036,0.68,0.0,0.89,0.0
13.31024908,0.68,0.0,0.9,0.0
13.311117604000001,0.67,0.0,0.89,0.0
13.312102805,0.68,0.0,0.89,0.0
13.313242151,0.68,0.0,0.9,0.0
13.314154971,0.68,0.0,0.89,0.0
13.315138591,0.69,0.0,0.89,0.0
13.316232597,0.68,0.0,0.9,0.0
13.317142146,0.68,0.0,0.9,0.0
13.319403078,0.69,0.0,0.9,0.0
13.320113714000001,0.69,0.0,0.89,0.0
13.321102841,0.68,0.0,0.9,0.01
13.322269596000002,0.68,0.0,0.89,0.0
13.323217304000002,0.68,0.0,0.89,0.0
13.324259559000001,0.69,0.0,0.89,0.0
13.325247346000001,0.68,0.0,0.89,0.0
13.3261497,0.68,0.0,0.89,0.01
13.327336337,0.68,0.0,0.89,0.0
13.328105995000001,0.68,0.0,0.89,0.0
13.329274805,0.69,0.0,0.88,0.0
13.330148974,0.69,0.0,0.89,0.0
13.331408834000001,0.68,0.0,0.88,0.0
13.332099651,0.68,0.0,0.88,0.0
13.333362924000001,0.68,0.0,0.89,0.0
13.335411741000001,0.68,0.0,0.89,0.0
13.336092036,0.68,0.0,0.89,0.0
13.337152364000001,0.68,0.0,0.89,0.0
13.338178143,0.68,0.0,0.88,0.0
13.339268572000002,0.68,0.0,0.88,0.01
13.340181989000001,0.68,0.0,0.88,0.0
13.341235447,0.69,0.0,0.88,0.0
13.342182924000001,0.68,0.0,0.87,0.0
13.343120484,0.68,0.0,0.88,0.0
13.344150953000002,0.69,0.0,0.88,0.0
13.345250765000001,0.68,0.0,0.87,0.0
13.346193613,0.69,0.0,0.86,0.0
13.348179522,0.69,0.0,0.86,0.0
13.349099701,0.68,0.0,0.86,0.0
13.350279658000002,0.68,0.0,0.86,0.0
13.351234673,0.69,0.0,0.86,0.0
13.352256633000001,0.69,0.0,0.85,0.0
13.353143737000002,0.69,0.0,0.85,0.0
13.354403825,0.68,0.0,0.85,0.0
13.355096954,0.69,0.01,0.85,0.0
13.356409456000002,0.69,0.0,0.84,0.0
13.357094617000001,0.68,0.0,0.84,0.0
13.35830027,0.69,0.0,0.85,0.0
13.359097995,0.68,0.0,0.84,0.0
13.360296113,0.68,0.0,0.84,0.01
13.361105056000001,0.68,0.0,0.84,0.0
13.363398427000002,0.68,0.0,0.84,0.0
13.364100208,0.68,0.0,0.83,0.0
13.365264307,0.68,0.0,0.83,0.0
13.366179346000001,0.69,0.0,0.83,0.0
13.367414266,0.69,0.0,0.83,0.0
13.368090330000001,0.68,0.0,0.83,0.0
13.369301793,0.69,0.0,0.82,0.01
13.370092392,0.69,0.0,0.82,0.0
13.371266537,0.68,0.0,0.82,0.0
13.372088176,0.68,0.0,0.81,0.0
13.373265796,0.68,0.0,0.8,0.0
13.374172229000001,0.69,0.0,0.8,0.0
13.375165993000001,0.69,0.0,0.8,0.0
13.376411655,0.69,0.0,0.8,0.0
13.378406742000001,0.69,0.0,0.8,0.0
13.379097128000002,0.69,0.0,0.8,0.0
13.380408577,0.69,0.0,0.8,0.0
13.381096757000002,0.69,0.0,0.8,0.0
13.382126613,0.69,0.0,0.79,0.01
13.383340077000002,0.69,0.0,0.79,0.0
13.384094669000001,0.69,0.0,0.78,0.0
13.385404611,0.69,0.0,0.79,0.0
13.386093562000001,0.69,0.0,0.79,0.0
13.387391122,0.69,0.0,0.79,0.0
13.388089711000001,0.69,0.0,0.79,0.0
13.389206211000001,0.7,0.0,0.79,0.0
13.390146301000001,0.69,0.0,0.79,0.0
13.391440656,0.7,0.0,0.79,0.0
13.393341214000001,0.69,0.0,0.8,0.0
13.394185124000002,0.69,0.0,0.8,0.0
13.395200146,0.69,0.0,0.8,0.0
13.396194990000001,0.69,0.0,0.8,0.0
13.397195223,0.69,0.0,0.8,0.0
13.398331818,0.69,0.0,0.79,0.0
13.399271180000001,0.69,0.0,0.78,0.0
13.400192105,0.69,0.0,0.78,0.0
13.401164435,0.69,0.0,0.77,0.0
13.402174335000002,0.7,0.0,0.77,0.0
13.403165807,0.69,0.0,0.76,0.0
13.404130125,0.69,0.0,0.76,0.0
13.405200792,0.69,0.0,0.76,0.0
13.406209194,0.69,0.01,0.76,0.0
13.408395886000001,0.7,0.0,0.76,0.0
13.409147356,0.7,0.0,0.76,0.0
13.410233230000001,0.68,0.0,0.76,0.0
13.411164801,0.69,0.0,0.76,0.0
13.412219,0.71,0.0,0.76,0.0
13.413221245,0.69,0.02,0.75,0.0
13.414216149000001,0.69,0.0,0.76,0.0
13.415243951,0.7,0.0,0.75,0.0
13.416207672,0.69,0.0,0.75,0.0
13.417227185000002,0.69,0.0,0.75,0.0
13.418192012,0.69,0.0,0.75,0.0
13.419104024000001,0.69,0.0,0.76,0.0
13.420341194,0.69,0.0,0.76,0.0
13.421125834000001,0.69,0.0,0.76,0.01
13.422167479,0.69,0.0,0.76,0.0
13.424405506000001,0.69,0.0,0.73,0.0
13.425123002000001,0.69,0.0,0.75,0.0
13.426382044,0.69,0.0,0.76,0.0
13.427113874000002,0.69,0.0,0.76,0.0
13.428395417,0.69,0.0,0.75,0.0
13.429114641,0.69,0.0,0.76,0.0
13.430391581,0.69,0.0,0.75,0.0
13.431107163,0.69,0.0,0.75,0.0
13.432276327,0.69,0.0,0.76,0.0
13.433119985000001,0.69,0.0,0.76,0.0
13.434145408000001,0.69,0.0,0.76,0.0
13.436388817000001,0.69,0.0,0.76,0.0
13.437107726,0.69,0.0,0.75,0.01
13.438262764000001,0.69,0.0,0.74,0.0
13.439226788000001,0.69,0.0,0.75,0.0
13.440251178,0.7,0.0,0.74,0.0
13.441235402,0.69,0.0,0.74,0.0
13.442239782000001,0.7,0.0,0.73,0.0
13.443252874,0.69,0.0,0.74,0.0
13.444302367,0.69,0.0,0.73,0.0
13.445209060000002,0.69,0.0,0.73,0.0
13.446390682,0.69,0.01,0.73,0.0
13.44711545,0.7,0.0,0.73,0.0
13.448159547000001,0.7,0.0,0.65,0.0
13.449180283,0.69,0.0,0.65,0.0
13.450134976000001,0.69,0.0,0.64,0.0
13.451189219000002,0.69,0.0,0.64,0.01
13.452210525000002,0.69,0.0,0.64,0.0
13.453213138,0.7,0.0,0.64,0.0
13.455431024000001,0.7,0.0,0.63,0.01
13.456110357,0.69,0.01,0.62,0.0
13.457399395000001,0.69,0.0,0.62,0.0
13.458107112,0.69,0.0,0.62,0.0
13.45940582,0.69,0.0,0.62,0.0
13.460102799000001,0.69,0.0,0.61,0.0
13.461316120000001,0.69,0.0,0.61,0.0
13.46209907,0.69,0.0,0.61,0.0
13.463213945000001,0.69,0.0,0.6,0.0
13.464177418,0.69,0.0,0.58,0.0
13.465129143,0.69,0.01,0.6,0.0
13.466268801,0.69,0.0,0.56,0.0
13.4671733,0.7,0.0,0.54,0.0
13.469417109,0.69,0.0,0.58,0.0
13.470100934000001,0.69,0.0,0.58,0.0
13.471411359000001,0.69,0.0,0.57,0.0
13.472102424000001,0.69,0.0,0.52,0.0
13.473261827,0.69,0.0,0.5,0.0
13.474192337000002,0.69,0.0,0.5,0.0
13.475276568,0.69,0.0,0.49,0.0
13.476124661,0.69,0.0,0.5,0.0
13.477261498,0.68,0.0,0.5,0.0
13.478131432000001,0.69,0.0,0.51,0.0
13.479192641000001,0.69,0.0,0.5,0.0
13.480181883,0.69,0.0,0.48,0.0
13.481199292000001,0.69,0.0,0.5,0.0
13.48215064,0.69,0.0,0.49,0.01
13.484411796000002,0.69,0.01,0.49,0.0
13.485094829000001,0.69,0.0,0.48,0.0
13.486266407,0.69,0.0,0.48,0.0
13.487095878000002,0.69,0.0,0.48,0.0
13.488109677,0.68,0.0,0.47,0.0
13.489265888,0.68,0.0,0.47,0.0
13.490229509,0.68,0.0,0.46,0.0
13.491131543000002,0.68,0.0,0.45,0.0
13.49213931,0.68,0.0,0.45,0.0
13.493124674,0.68,0.0,0.46,0.0
13.494175994,0.68,0.0,0.45,0.0
13.495173767,0.68,0.0,0.46,0.0
13.49617957,0.68,0.0,0.5,0.0
13.498164977,0.68,0.0,0.5,0.0
13.499178987,0.68,0.0,0.5,0.0
13.50011229,0.68,0.0,0.47,0.0
13.501246214,0.68,0.0,0.47,0.0
13.502231747000002,0.68,0.0,0.46,0.0
13.503250490000001,0.68,0.0,0.47,0.0
13.504138227,0.68,0.0,0.47,0.0
13.505140729,0.68,0.0,0.45,0.0
13.506257812000001,0.69,0.0,0.45,0.0
13.507136565000001,0.68,0.0,0.45,0.0
13.508456751,0.69,0.0,0.47,0.0
13.509104667,0.69,0.0,0.45,0.0
13.510325694,0.68,0.0,0.44,0.0
13.511097626000002,0.69,0.0,0.44,0.0
13.512363200000001,0.69,0.0,0.44,0.0
13.514383938000002,0.69,0.0,0.45,0.0
13.515105726000002,0.69,0.0,0.47,0.0
13.516300495000001,0.69,0.0,0.45,0.0
13.517111119,0.69,0.0,0.44,0.0
13.518401436000001,0.69,0.0,0.44,0.0
13.519098129000001,0.69,0.0,0.42,0.0
13.52028286,0.7,0.0,0.44,0.0
13.521128619,0.69,0.0,0.44,0.0
13.522406052000001,0.69,0.0,0.42,0.0
13.523094646,0.69,0.01,0.42,0.0
13.524324620000002,0.69,0.0,0.43,0.0
13.525087431000001,0.7,0.0,0.43,0.0
13.526329753,0.7,0.0,0.43,0.0
13.527130139,0.7,0.0,0.44,0.0
13.528320744,0.7,0.0,0.44,0.0
13.530415424000001,0.7,0.0,0.44,0.0
13.531096491000001,0.7,0.0,0.45,0.0
13.532263962,0.7,0.0,0.45,0.0
13.533127841,0.7,0.0,0.45,0.0
13.534288635000001,0.71,0.0,0.45,0.0
13.535230131,0.71,0.0,0.45,0.0
13.536274295,0.7,0.0,0.45,0.0
13.537227231000001,0.7,0.0,0.46,0.0
13.53824694,0.7,0.0,0.46,0.0
13.539177745000002,0.7,0.0,0.46,0.0
13.540319536,0.7,0.0,0.46,0.0
13.541094262000001,0.71,0.0,0.46,0.0
13.542315122000002,0.7,0.0,0.47,0.0
13.543154435000002,0.7,0.0,0.48,0.0
13.545407072000001,0.7,0.0,0.48,0.0
13.546101763000001,0.7,0.0,0.48,0.0
13.547122394,0.7,0.0,0.47,0.0
13.548187003,0.7,0.0,0.48,0.01
13.549130879000002,0.7,0.0,0.47,0.0
13.550269369,0.7,0.0,0.47,0.0
13.551219009,0.7,0.01,0.48,0.0
13.552266390000002,0.7,0.0,0.49,0.0
13.55308888,0.69,0.0,0.49,0.0
13.554355336,0.69,0.0,0.51,0.0
13.555114932,0.69,0.0,0.53,0.0
13.556251931,0.7,0.0,0.55,0.0
13.557190008000001,0.69,0.0,0.58,0.0
13.558225774,0.7,0.0,0.61,0.0
13.559279136,0.69,0.0,0.7,0.0
13.560231207000001,0.69,0.01,0.72,0.0
13.562276549000002,0.69,0.0,0.75,0.0
13.563178422,0.69,0.0,0.74,0.0
13.564430635,0.71,0.0,0.75,0.0
13.565095534000001,0.7,0.0,0.77,0.0
13.566406324,0.7,0.0,0.78,0.0
13.567092259,0.71,0.0,0.78,0.0
13.568430655,0.7,0.0,0.81,0.0
13.569082647,0.7,0.0,0.81,0.0
13.570321736,0.71,0.0,0.82,0.0
13.571079944000001,0.7,0.0,0.81,0.0
13.572385399000002,0.7,0.0,0.82,0.0
13.573082542000002,0.7,0.0,0.83,0.0
13.574332982000001,0.7,0.0,0.83,0.0
13.576424044000001,0.7,0.0,0.83,0.0
13.577093719,0.7,0.0,0.83,0.0
13.578220932,0.7,0.0,0.83,0.0
13.579276716,0.7,0.0,0.84,0.0
13.580235855000002,0.71,0.0,0.84,0.0
13.581193616,0.7,0.0,0.83,0.0
13.582555639,0.71,0.0,0.83,0.0
13.58309932,0.69,0.0,0.84,0.0
13.584485713000001,0.7,0.0,0.84,0.0
13.585098603,0.69,0.0,0.85,0.0
13.586314593,0.69,0.0,0.85,0.0
13.587108888000001,0.69,0.0,0.86,0.0
13.588399186,0.69,0.0,0.86,0.0
13.58910318,0.69,0.0,0.87,0.0
13.590397336,0.69,0.0,0.86,0.0
13.592395335,0.69,0.0,0.88,0.0
13.593104918000002,0.69,0.0,0.88,0.0
13.594405447000002,0.69,0.0,0.88,0.0
13.595099155000002,0.69,0.0,0.88,0.0
13.596341161000002,0.69,0.0,0.88,0.01
13.597094809000001,0.69,0.0,0.88,0.0
13.598163635,0.69,0.0,0.88,0.0
13.599146404,0.69,0.0,0.88,0.0
13.600178548,0.69,0.0,0.87,0.0
13.601306018,0.69,0.0,0.87,0.0
13.602150790000001,0.69,0.0,0.88,0.0
13.603408159,0.69,0.0,0.9,0.0
13.604091457,0.69,0.0,0.89,0.0
13.605402414,0.69,0.0,0.89,0.0
13.607410002000002,0.69,0.0,0.91,0.0
13.608097719000002,0.68,0.0,0.9,0.0
13.60939605,0.69,0.0,0.92,0.0
13.610096761000001,0.69,0.0,0.93,0.0
13.611266378000002,0.69,0.0,0.92,0.0
13.612095072,0.69,0.0,0.92,0.0
13.613407151,0.7,0.0,0.92,0.0
13.614101453,0.69,0.0,0.93,0.0
13.615280319,0.69,0.0,0.93,0.0
13.616093757000002,0.69,0.0,0.93,0.0
13.61734835,0.69,0.0,0.93,0.0
13.618126161000001,0.69,0.0,0.93,0.0
13.619391673,0.69,0.0,0.94,0.0
13.621426013,0.69,0.0,0.94,0.0
13.622095747000001,0.69,0.0,0.94,0.0
13.623415202,0.69,0.0,0.95,0.0
13.624092301000001,0.69,0.0,0.95,0.0
13.625288450000001,0.69,0.0,0.95,0.0
13.626222012000001,0.69,0.0,0.95,0.0
13.627288911,0.69,0.0,0.96,0.0
13.628180632000001,0.7,0.0,0.96,0.0
13.629449625000001,0.71,0.0,0.96,0.0
13.630094183,0.7,0.0,0.97,0.0
13.631291993000001,0.7,0.0,0.97,0.0
13.632139458000001,0.7,0.0,0.97,0.0
13.633151576000001,0.7,0.0,0.98,0.0
13.634101544,0.7,0.0,0.99,0.0
13.635177542000001,0.7,0.0,0.99,0.0
13.636276075000001,0.7,0.0,0.99,0.0
13.638416413000002,0.7,0.0,1.0,0.0
13.639101371,0.7,0.0,1.01,0.0
13.640308467,0.7,0.0,1.02,0.0
13.641102149000002,0.7,0.0,1.01,0.0
13.642401060000001,0.7,0.01,1.02,0.0
13.643097580000001,0.7,0.0,1.03,0.0
13.644378048,0.7,0.0,1.04,0.0
13.645094510000002,0.7,0.0,1.04,0.0
13.646305069,0.7,0.0,1.05,0.0
13.64709386,0.7,0.0,1.05,0.0
13.64826257,0.7,0.0,1.05,0.0
13.649211358,0.69,0.0,1.05,0.0
13.650210564,0.69,0.0,1.06,0.0
13.652338992,0.7,0.0,1.06,0.0
13.653134631,0.7,0.0,1.05,0.0
13.654285622000002,0.7,0.0,1.07,0.0
13.65523139,0.7,0.0,1.07,0.0
13.656193347,0.7,0.0,1.07,0.0
13.657291617,0.7,0.0,1.07,0.0
13.658225624000002,0.7,0.0,1.08,0.0
13.659265153000002,0.7,0.0,1.08,0.0
13.660199119000001,0.71,0.0,1.08,0.0
13.661292435,0.7,0.0,1.08,0.0
13.662093989,0.7,0.0,1.08,0.0
13.663383721,0.69,0.0,1.08,0.0
13.66409574,0.69,0.0,1.08,0.0
13.665369463000001,0.7,0.0,1.08,0.0
13.667413061000001,0.7,0.0,1.08,0.0
13.668098139000001,0.69,0.0,1.08,0.0
13.669405967000001,0.69,0.0,1.09,0.0
13.670099122000002,0.69,0.0,1.09,0.0
13.671498747000001,0.7,0.0,1.09,0.0
13.672090061,0.7,0.0,1.11,0.0
13.673419350000001,0.7,0.0,1.1,0.0
13.674095754000001,0.69,0.0,1.1,0.0
13.675321273000002,0.7,0.0,1.1,0.0
13.676147962000002,0.7,0.0,1.1,0.0
13.678407658000001,0.7,0.0,1.12,0.0
13.679092181000001,0.7,0.01,1.12,0.0
13.680398198,0.71,0.0,1.13,0.0
13.681100986,0.71,0.0,1.13,0.0
13.682421603000002,0.71,0.0,1.13,0.0
13.683093476000002,0.7,0.0,1.13,0.0
13.684293529000001,0.7,0.0,1.14,0.0
13.685232622000001,0.7,0.0,1.15,0.0
13.686295232,0.69,0.0,1.15,0.0
13.687076136000002,0.7,0.0,1.15,0.0
13.688421083000001,0.7,0.0,1.15,0.0
13.689093722,0.7,0.0,1.15,0.0
13.690319162000002,0.69,0.0,1.15,0.0
13.691177075,0.69,0.0,1.15,0.0
13.693450593000001,0.69,0.0,1.14,0.0
13.69409162,0.69,0.0,1.15,0.0
13.695401924,0.69,0.0,1.15,0.0
13.696093302000001,0.69,0.0,1.16,0.0
13.697316377000002,0.69,0.0,1.16,0.0
13.69812282,0.7,0.0,1.17,0.01
13.699147731,0.7,0.0,1.17,0.0
13.700097008,0.69,0.01,1.17,0.0
13.701292014000002,0.69,0.0,1.18,0.0
13.702241438000001,0.7,0.0,1.18,0.0
13.703149088,0.7,0.0,1.19,0.0
13.704308964,0.7,0.0,1.18,0.0
13.705095797,0.7,0.0,1.19,0.0
13.706408392,0.71,0.0,1.19,0.0
13.707087517000001,0.7,0.0,1.18,0.0
13.708406143000001,0.7,0.0,1.18,0.0
13.710401713000001,0.7,0.0,1.19,0.0
13.711094183,0.7,0.01,1.19,0.0
13.712283946000001,0.7,0.0,1.2,0.0
13.71315268,0.7,0.0,1.21,0.0
13.714282393000001,0.7,0.0,1.21,0.0
13.715134112000001,0.7,0.0,1.21,0.0
13.716423465,0.7,0.0,1.22,0.0
13.717094008,0.7,0.0,1.22,0.0
13.718403882,0.7,0.0,1.22,0.0
13.719093687,0.7,0.0,1.22,0.0
13.720340077000001,0.7,0.0,1.23,0.01
13.721090290000001,0.7,0.0,1.23,0.0
13.72235122,0.7,0.0,1.24,0.0
13.723095629000001,0.7,0.0,1.25,0.0
13.72540502,0.7,0.0,1.25,0.0
13.726097208,0.7,0.0,1.24,0.0
13.727394264,0.7,0.0,1.25,0.0
13.728095088000002,0.7,0.0,1.25,0.0
13.729394321000001,0.7,0.0,1.25,0.0
13.730096211000001,0.7,0.0,1.25,0.0
13.731375032,0.7,0.0,1.26,0.0
13.73209995,0.7,0.0,1.25,0.0
13.733166135000001,0.7,0.0,1.25,0.0
13.734226320000001,0.7,0.0,1.25,0.0
13.735178975,0.71,0.0,1.25,0.0
13.736183374000001,0.7,0.0,1.25,0.0
13.73723958,0.7,0.0,1.26,0.0
13.738094287000001,0.7,0.0,1.25,0.0
13.739456532,0.7,0.0,1.26,0.0
13.741393125,0.72,0.0,1.27,0.0
13.742101713,0.7,0.0,1.27,0.0
13.743399619000002,0.7,0.0,1.28,0.0
13.744093029,0.71,0.0,1.28,0.0
13.745400762000001,0.7,0.0,1.28,0.0
13.746099593,0.71,0.0,1.28,0.0
13.747404593,0.71,0.0,1.28,0.0
13.748094764000001,0.71,0.0,1.29,0.01
13.74936987,0.71,0.0,1.28,0.0
13.750098331,0.7,0.0,1.27,0.0
13.751310056000001,0.7,0.0,1.28,0.0
13.752085911,0.71,0.0,1.3,0.0
13.753374557,0.7,0.0,1.29,0.0
13.755413987,0.7,0.0,1.3,0.0
13.756093401000001,0.7,0.0,1.29,0.0
13.757407054000002,0.7,0.0,1.29,0.0
13.758095142,0.7,0.0,1.29,0.0
13.75931865,0.7,0.0,1.29,0.0
13.760166759,0.7,0.0,1.29,0.0
13.76119663,0.7,0.0,1.29,0.0
13.762163514000001,0.71,0.0,1.3,0.0
13.763217776000001,0.71,0.0,1.28,0.0
13.764199148000001,0.7,0.0,1.29,0.0
13.765341957,0.71,0.0,1.29,0.0
13.766150108000001,0.7,0.0,1.29,0.0
13.767138371000001,0.71,0.0,1.29,0.0
13.768200803000001,0.71,0.0,1.29,0.0
13.769221685000002,0.71,0.0,1.29,0.0
13.771415194000001,0.7,0.0,1.3,0.0
13.772134993000002,0.71,0.0,1.3,0.0
13.773240087000001,0.72,0.0,1.3,0.0
13.77421101,0.71,0.0,1.3,0.0
13.775232964,0.72,0.0,1.3,0.0
13.776231182,0.71,0.0,1.3,0.0
13.777218435,0.71,0.0,1.3,0.0
13.778229051,0.71,0.0,1.29,0.0
13.779223275000001,0.71,0.0,1.3,0.0
13.780176276,0.71,0.0,1.29,0.0
13.781100692,0.71,0.0,1.3,0.0
13.782335022000002,0.7,0.01,1.3,0.0
13.783118875000001,0.69,0.0,1.3,0.0
13.784152228000002,0.71,0.0,1.3,0.0
13.786412072000001,0.71,0.0,1.3,0.0
13.787112866000001,0.71,0.0,1.3,0.0
13.788256697000001,0.7,0.0,1.3,0.0
13.789136165,0.7,0.0,1.3,0.0
13.790277317000001,0.7,0.0,1.3,0.0
13.791112861,0.7,0.0,1.3,0.0
13.792270273000002,0.7,0.0,1.31,0.0
13.793205183000001,0.7,0.0,1.3,0.0
13.794083068,0.7,0.0,1.3,0.0
13.795199131,0.7,0.0,1.31,0.0
13.796132247000001,0.7,0.0,1.31,0.0
13.797174783,0.7,0.0,1.31,0.0
13.798131002000002,0.7,0.0,1.31,0.0
13.799250037,0.7,0.0,1.32,0.0
13.800263568,0.7,0.0,1.32,0.0
13.802406854000001,0.71,0.01,1.32,0.0
13.803109809,0.7,0.0,1.32,0.0
13.804395815000001,0.71,0.0,1.32,0.0
13.805105432000001,0.71,0.0,1.32,0.0
13.806403756000002,0.71,0.0,1.32,0.0
13.807097289000001,0.71,0.0,1.33,0.0
13.808408736,0.71,0.0,1.33,0.0
13.809097167000001,0.71,0.0,1.33,0.0
13.810384773000001,0.71,0.01,1.33,0.0
13.811098234000001,0.71,0.0,1.34,0.0
13.812327008,0.71,0.0,1.34,0.0
13.813091567,0.71,0.0,1.34,0.0
13.814342747000001,0.71,0.0,1.34,0.0
13.816412998,0.71,0.0,1.35,0.0
13.817097944,0.71,0.0,1.36,0.0
13.818402493,0.71,0.0,1.35,0.0
13.819093525000001,0.71,0.0,1.35,0.0
13.820302225,0.7,0.0,1.36,0.0
13.821093520000002,0.71,0.0,1.35,0.0
13.822285811,0.7,0.0,1.35,0.0
13.823175383,0.71,0.01,1.36,0.0
13.824183994,0.71,0.0,1.36,0.0
13.825379942000001,0.71,0.01,1.36,0.0
13.826094776000001,0.71,0.0,1.35,0.0
13.827433645000001,0.71,0.0,1.36,0.0
13.828088021000001,0.71,0.0,1.36,0.0
13.829279909,0.71,0.0,1.36,0.0
13.831508293,0.71,0.0,1.35,0.0
13.832271587000001,0.71,0.0,1.36,0.0
13.833142809000002,0.71,0.0,1.35,0.0
13.834357760000001,0.71,0.0,1.36,0.0
13.835107232,0.7,0.0,1.35,0.0
13.836373718,0.71,0.0,1.35,0.0
13.837150856000001,0.71,0.0,1.35,0.0
13.838210826000001,0.71,0.0,1.35,0.0
13.839184450000001,0.71,0.0,1.35,0.0
13.840200293,0.71,0.0,1.35,0.0
13.841185482,0.71,0.0,1.35,0.01
13.842198527,0.71,0.0,1.35,0.0
13.843214579000001,0.71,0.0,1.35,0.0
13.844329979000001,0.69,0.0,1.35,0.0
13.845231708,0.7,0.0,1.35,0.01
13.847354628000001,0.7,0.0,1.35,0.0
13.848270485,0.7,0.0,1.35,0.0
13.849194808,0.7,0.0,1.35,0.0
13.850161210000001,0.72,0.0,1.35,0.0
13.851184546,0.7,0.0,1.35,0.0
13.852127338,0.71,0.0,1.35,0.0
13.85320439,0.7,0.0,1.36,0.0
13.854196168000001,0.69,0.0,1.36,0.0
13.855116942,0.7,0.0,1.36,0.0
13.856144785000001,0.7,0.0,1.36,0.0
13.857168319000001,0.7,0.0,1.36,0.0
13.858157415,0.7,0.0,1.36,0.0
13.859178403000001,0.7,0.0,1.37,0.0
13.86125954,0.69,0.0,1.37,0.0
13.862131236000002,0.7,0.0,1.37,0.0
13.863200203000002,0.7,0.0,1.37,0.0
13.864216674000001,0.7,0.0,1.36,0.0
13.865137110000001,0.7,0.0,1.36,0.0
13.866181633,0.7,0.0,1.37,0.0
13.867197840000001,0.69,0.0,1.37,0.0
13.868200942000001,0.7,0.0,1.38,0.0
13.869200630000002,0.7,0.0,1.38,0.0
13.870098562,0.7,0.0,1.38,0.0
13.871298227,0.7,0.0,1.38,0.0
13.87210802,0.7,0.0,1.38,0.0
13.873158904,0.7,0.0,1.38,0.0
13.875331808,0.7,0.0,1.39,0.0
13.876107779000002,0.7,0.0,1.39,0.0
13.877356314,0.7,0.0,1.41,0.0
13.878105595000001,0.7,0.0,1.41,0.0
13.879262163000002,0.7,0.0,1.41,0.0
13.880095482000002,0.7,0.0,1.43,0.0
13.881276170000001,0.7,0.0,1.45,0.0
13.882137888,0.7,0.0,1.44,0.01
13.883253177,0.7,0.0,1.44,0.0
13.88415511,0.7,0.0,1.45,0.0
13.885196571000002,0.7,0.0,1.46,0.0
13.886111367000002,0.7,0.0,1.45,0.0
13.887247081000002,0.7,0.0,1.46,0.0
13.888087914000002,0.7,0.0,1.46,0.0
13.889355551000001,0.7,0.0,1.46,0.0
13.89135487,0.7,0.0,1.46,0.0
13.892091896,0.7,0.0,1.46,0.0
13.893224826,0.69,0.0,1.46,0.0
13.8941976,0.7,0.0,1.46,0.0
13.895203458000001,0.69,0.0,1.45,0.0
13.89616595,0.69,0.01,1.45,0.0
13.897194041,0.69,0.0,1.46,0.0
13.898997135,0.69,0.0,1.46,0.0
13.899349646000001,0.69,0.0,1.46,0.0
13.900108209,0.69,0.0,1.46,0.0
13.901283234000001,0.69,0.0,1.46,0.0
13.902074979,0.69,0.0,1.46,0.0
13.903123910000001,0.69,0.0,1.46,0.0
13.905543247,0.69,0.0,1.46,0.0
13.906083243000001,0.69,0.0,1.46,0.0
13.907358208000002,0.69,0.0,1.46,0.0
13.908081802000002,0.69,0.0,1.46,0.0
13.909469909,0.69,0.0,1.46,0.0
13.910077397,0.69,0.0,1.45,0.0
13.91120875,0.69,0.02,1.45,0.0
13.9121185,0.69,0.0,1.45,0.0
13.913102996000001,0.69,0.0,1.45,0.0
13.914237819,0.69,0.0,1.44,0.0
13.915109128000001,0.69,0.0,1.43,0.0
13.916236794000001,0.69,0.0,1.42,0.0
13.917148241000001,0.68,0.0,1.42,0.0
13.918155206000002,0.69,0.0,1.42,0.0
13.919154323,0.68,0.0,1.4,0.0
13.920185149000002,0.69,0.0,1.39,0.01
13.921244632,0.69,0.0,1.39,0.01
13.922231275000001,0.69,0.0,1.39,0.01
13.924344788,0.68,0.0,1.39,0.0
13.925129514,0.68,0.0,1.39,0.0
13.926340888,0.68,0.0,1.38,0.0
13.927125364,0.68,0.0,1.37,0.0
13.928215749000001,0.68,0.0,1.37,0.0
13.929223845000001,0.68,0.0,1.37,0.0
13.930222834,0.68,0.0,1.37,0.0
13.931187540000002,0.68,0.0,1.36,0.0
13.93223015,0.68,0.0,1.35,0.0
13.933980847,0.69,0.0,1.35,0.0
13.934324776,0.69,0.0,1.35,0.0
13.93516613,0.69,0.0,1.34,0.0
13.936423658,0.69,0.0,1.33,0.01
13.938425321,0.69,0.0,1.32,0.0
13.939064833000002,0.69,0.0,1.31,0.0
13.940381803000001,0.69,0.0,1.3,0.0
13.941067355000001,0.69,0.0,1.29,0.0
13.942399763000001,0.69,0.0,1.28,0.0
13.943071614,0.69,0.0,1.28,0.0
13.944347873000002,0.69,0.0,1.27,0.0
13.945073081,0.69,0.0,1.26,0.0
13.946279184000002,0.69,0.0,1.25,0.0
13.947074454000001,0.69,0.0,1.25,0.01
13.948234642000001,0.7,0.0,1.24,0.01
13.949176251,0.69,0.0,1.23,0.0
13.950148187000002,0.69,0.0,1.21,0.01
13.951161297,0.69,0.0,1.18,0.0
13.952191239000001,0.69,0.0,1.18,0.0
13.954250584,0.69,0.0,1.15,0.0
13.955080308000001,0.68,0.0,1.16,0.0
13.956356362000001,0.69,0.0,1.14,0.0
13.957081217,0.69,0.0,1.13,0.0
13.958355787,0.69,0.0,1.14,0.0
13.959080937000001,0.69,0.0,1.12,0.0
13.960354151,0.69,0.0,1.11,0.0
13.961082071000002,0.69,0.0,1.1,0.0
13.962119187,0.69,0.0,1.09,0.01
13.963229221,0.69,0.0,1.08,0.01
13.96423672,0.68,0.0,1.06,0.0
13.965160186,0.69,0.0,1.06,0.0
13.966326720000001,0.68,0.0,1.03,0.0
13.968346975000001,0.69,0.0,1.04,0.0
13.969083728000001,0.69,0.0,1.03,0.0
13.970118581000001,0.69,0.0,1.02,0.0
13.971217690000001,0.69,0.0,1.01,0.0
13.972122674000001,0.69,0.0,0.97,0.0
13.973351596,0.69,0.0,0.95,0.0
13.974086102000001,0.69,0.0,0.93,0.0
13.975299124000001,0.68,0.0,0.91,0.0
13.976168225,0.69,0.0,0.88,0.0
13.977175962,0.69,0.0,0.89,0.0
13.978076327,0.69,0.01,0.88,0.0
13.979275327000002,0.69,0.0,0.86,0.0
13.981351141000001,0.69,0.0,0.84,0.0
13.982094131,0.69,0.0,0.84,0.0
13.983307252000001,0.69,0.0,0.83,0.0
13.984123208000002,0.7,0.01,0.82,0.0
13.985199385000001,0.69,0.0,0.79,0.0
13.986249777000001,0.69,0.0,0.77,0.0
13.987076431,0.7,0.0,0.76,0.0
13.988355435,0.69,0.0,0.67,0.0
13.989108485000001,0.69,0.0,0.64,0.0
13.990218572000002,0.69,0.0,0.6,0.0
13.991175056000001,0.69,0.0,0.56,0.0
13.992279406000002,0.69,0.0,0.51,0.0
13.993126083000002,0.69,0.0,0.49,0.0
13.99431539,0.69,0.0,0.41,0.0
13.995085461,0.69,0.0,0.34,0.0
13.99643906,0.69,0.0,0.29,0.0
13.998767290000002,0.69,0.0,0.28,0.0
13.999638944,0.69,0.0,0.24,0.0
14.000419305000001,0.69,0.0,0.25,0.0
14.001255058000002,0.7,0.0,0.25,0.0
14.002332717000002,0.69,0.0,0.24,0.0
14.003313906,0.69,0.0,0.21,0.0
14.004383059,0.69,0.0,0.22,0.0
14.005525356000001,0.69,0.0,0.19,0.0
14.006729911,0.69,0.0,0.14,0.0
14.007310217,0.69,0.0,0.14,0.0
14.008140831,0.69,0.0,0.12,0.0
14.009389019,0.69,0.0,0.09,0.0
14.010201243000001,0.69,0.0,0.09,0.0
14.012377425,0.69,0.0,0.08,0.0
14.013235739,0.7,0.0,0.08,0.0
14.014142383000001,0.7,0.0,0.09,0.0
14.015162062000002,0.69,0.0,0.08,0.0
14.016193727000001,0.69,0.0,0.07,0.0
14.017146499,0.69,0.0,0.06,0.0
14.018191677,0.69,0.0,0.0,0.0
14.019185815,0.69,0.0,0.0,0.0
14.020203559,0.69,0.0,0.0,0.0
14.021145655000002,0.69,0.0,0.0,0.0
14.022160240000002,0.69,0.0,0.0,0.0
14.023152291,0.69,0.0,0.0,0.0
14.024289609,0.69,0.0,0.0,0.0
14.025116799000001,0.69,0.0,0.0,0.0
14.026326981,0.69,0.0,0.0,0.0
14.028322981,0.69,0.0,0.0,0.0
14.029113035000002,0.69,0.0,0.01,0.0
14.030135129000001,0.69,0.0,0.0,0.0
14.031320579,0.69,0.0,0.01,0.0
14.032953116000002,0.7,0.0,0.0,0.0
14.033334684000002,0.7,0.0,0.0,0.0
14.034171495,0.69,0.0,0.0,0.0
14.035243076,0.69,0.0,0.0,0.0
14.036190267,0.69,0.0,0.0,0.0
14.037094262,0.69,0.0,0.0,0.0
14.038276207000001,0.69,0.0,0.0,0.0
14.039106314000001,0.69,0.0,0.0,0.0
14.04022617,0.69,0.0,0.0,0.0
14.042373737,0.69,0.0,0.0,0.0
14.043083125,0.69,0.0,0.0,0.0
14.044264949,0.69,0.0,0.0,0.0
14.045124338,0.69,0.0,0.0,0.0
14.046330459,0.69,0.0,0.0,0.0
14.047090909000001,0.69,0.0,0.0,0.0
14.04824935,0.69,0.0,0.0,0.0
14.049165644,0.69,0.0,0.0,0.0
14.050232627000002,0.69,0.0,0.0,0.0
14.051168281,0.69,0.0,0.0,0.0
14.052157166,0.69,0.0,0.0,0.0
14.053339808,0.69,0.0,0.0,0.0
14.054082072000002,0.69,0.0,0.0,0.0
14.055279345,0.7,0.0,0.0,0.0
14.057338790000001,0.69,0.0,0.0,0.0
14.058119821,0.69,0.0,0.0,0.0
14.059217367,0.69,0.0,0.0,0.0
14.060180224000002,0.69,0.0,0.0,0.0
14.061210793,0.7,0.0,0.0,0.0
14.062220951,0.7,0.0,0.01,0.0
14.063164086,0.7,0.0,0.0,0.0
14.064130676000001,0.7,0.0,0.0,0.0
14.065119757000001,0.69,0.0,0.0,0.0
14.066258125000001,0.69,0.0,0.0,0.0
14.067129327000002,0.69,0.0,0.0,0.0
14.068127359,0.69,0.0,0.0,0.0
14.069263613,0.69,0.0,0.0,0.0
14.070084924000001,0.69,0.0,0.0,0.0
14.071443409,0.69,0.0,0.0,0.0
14.073354709,0.69,0.0,0.0,0.0
14.074080358000002,0.69,0.0,0.0,0.0
14.075234908,0.69,0.0,0.0,0.0
14.076232339,0.69,0.0,0.0,0.0
14.077226374,0.69,0.0,0.0,0.0
14.078217655000001,0.7,0.0,0.0,0.0
14.079104805,0.7,0.0,0.0,0.0
14.080333704000001,0.69,0.0,0.0,0.0
14.081084211,0.69,0.0,0.0,0.0
14.082287947000001,0.7,0.0,0.0,0.0
14.083082671000001,0.69,0.0,0.0,0.0
14.084254091,0.69,0.0,0.0,0.0
14.086341489,0.69,0.0,0.0,0.0
14.087114406000001,0.69,0.0,0.0,0.0
14.088229230000001,0.69,0.0,0.0,0.0
14.089240512000002,0.69,0.0,0.0,0.0
14.090116099000001,0.69,0.0,0.0,0.0
14.091231935000001,0.69,0.0,0.0,0.0
14.092227838000001,0.7,0.0,0.0,0.0
14.093227644,0.69,0.0,0.0,0.0
14.094224925,0.69,0.0,0.0,0.01
14.095115947,0.7,0.0,0.09,0.0
14.096324626000001,0.7,0.0,0.09,0.0
14.09712651,0.7,0.0,0.09,0.0
14.098090697000002,0.69,0.0,0.09,0.0
14.099123508000002,0.69,0.0,0.09,0.0
14.100259999,0.7,0.0,0.09,0.0
14.102238332,0.69,0.0,0.09,0.0
14.103179089000001,0.7,0.0,0.09,0.0
14.104120803,0.69,0.0,0.08,0.0
14.105225268000002,0.7,0.0,0.08,0.0
14.106222403,0.7,0.0,0.09,0.0
14.107191639000002,0.7,0.0,0.09,0.0
14.108113008,0.7,0.0,0.09,0.0
14.109372899,0.7,0.0,0.09,0.0
14.110090355,0.7,0.0,0.09,0.0
14.111142906000001,0.7,0.0,0.09,0.0
14.112185472,0.7,0.0,0.08,0.0
14.113153839,0.7,0.0,0.09,0.0
14.114139499,0.7,0.0,0.09,0.0
14.115246865000001,0.7,0.0,0.09,0.0
14.116173166000001,0.7,0.0,0.09,0.0
14.118352417,0.7,0.0,0.08,0.0
14.119089559,0.7,0.0,0.09,0.0
14.120362736,0.7,0.0,0.09,0.0
14.121090382,0.7,0.0,0.09,0.0
14.122339454,0.71,0.0,0.09,0.0
14.123088495000001,0.71,0.0,0.09,0.0
14.124245823,0.7,0.0,0.09,0.0
14.125153339,0.71,0.0,0.08,0.0
14.126120538,0.72,0.0,0.08,0.0
14.127253332,0.7,0.0,0.08,0.0
14.128134493000001,0.7,0.0,0.08,0.0
14.129152358,0.7,0.0,0.09,0.0
14.130282192000001,0.7,0.0,0.08,0.0
14.131124777,0.7,0.0,0.09,0.0
14.132238853,0.7,0.0,0.08,0.0
14.135047234000002,0.7,0.0,0.08,0.0
14.136113203,0.7,0.0,0.08,0.0
14.137107152,0.7,0.0,0.08,0.0
14.138105645000001,0.7,0.0,0.08,0.0
14.139375925000001,0.7,0.0,0.08,0.0
14.140133856,0.71,0.0,0.08,0.0
14.141123200000001,0.7,0.0,0.09,0.0
14.142231169,0.7,0.0,0.08,0.0
14.143118272,0.7,0.0,0.09,0.0
14.144178687,0.7,0.0,0.09,0.0
14.145150677,0.7,0.0,0.08,0.0
14.146112019,0.7,0.0,0.09,0.0
14.147069577000002,0.7,0.0,0.09,0.0
14.148117361,0.7,0.0,0.08,0.0
14.149109597,0.7,0.02,0.09,0.0
14.150106086000001,0.7,0.0,0.09,0.0
14.151229354000002,0.7,0.0,0.08,0.0
14.152110457000001,0.7,0.0,0.09,0.0
14.153176774,0.7,0.0,0.08,0.0
14.154112640000001,0.7,0.0,0.09,0.0
14.155114463,0.71,0.0,0.09,0.0
14.156316022,0.7,0.0,0.08,0.0
14.157086677,0.71,0.0,0.08,0.0
14.158235209,0.7,0.0,0.09,0.01
14.159133045,0.71,0.0,0.08,0.0
14.160249474,0.7,0.0,0.09,0.0
14.162377427000001,0.71,0.0,0.09,0.0
14.163089923000001,0.71,0.0,0.08,0.0
14.164330353,0.71,0.0,0.08,0.0
14.166039187,0.71,0.0,0.08,0.0
14.16667291,0.71,0.0,0.08,0.0
14.167092218,0.7,0.0,0.08,0.0
14.168302444,0.71,0.0,0.08,0.0
14.169140985,0.7,0.0,0.08,0.0
14.170162714000002,0.7,0.0,0.08,0.01
14.171219537,0.71,0.0,0.08,0.0
14.172184495000002,0.7,0.0,0.08,0.0
14.173183461,0.71,0.0,0.08,0.0
14.174184851000001,0.7,0.0,0.08,0.0
14.175186962000002,0.7,0.0,0.08,0.0
14.176212614,0.7,0.0,0.08,0.0
14.178460627000002,0.7,0.0,0.08,0.0
14.179439677000001,0.7,0.0,0.09,0.0
14.180336838,0.7,0.0,0.09,0.0
14.181241967,0.7,0.0,0.08,0.0
14.182383291,0.7,0.0,0.08,0.0
14.183425020000001,0.7,0.0,0.09,0.0
14.184384971,0.7,0.0,0.08,0.0
14.185240115000001,0.7,0.0,0.08,0.0
14.186228151000002,0.7,0.0,0.08,0.0
14.187204251,0.7,0.0,0.08,0.0
14.188174703000001,0.7,0.0,0.08,0.0
14.18915179,0.7,0.0,0.09,0.0
14.190191458000001,0.7,0.0,0.08,0.0
14.191166110000001,0.7,0.0,0.08,0.0
14.193383916,0.7,0.0,0.08,0.0
14.194221847000001,0.7,0.0,0.08,0.0
14.195203841000001,0.7,0.0,0.08,0.0
14.1962051,0.7,0.01,0.08,0.0
14.197217272000001,0.7,0.0,0.08,0.0
14.198228943,0.7,0.0,0.08,0.0
14.200838925000001,0.71,0.0,0.08,0.0
14.201915387000001,0.7,0.0,0.08,0.0
14.202835012000001,0.71,0.0,0.08,0.0
14.203699102000002,0.71,0.0,0.08,0.0
14.204535993,0.71,0.0,0.08,0.0
14.205322769,0.71,0.0,0.08,0.0
14.206245527,0.7,0.0,0.08,0.0
14.207188448,0.71,0.0,0.08,0.0
14.208167669000002,0.71,0.0,0.08,0.0
14.209179952000001,0.71,0.0,0.08,0.0
14.210191360000001,0.71,0.0,0.08,0.0
14.211586230000002,0.7,0.0,0.08,0.0
14.212490063,0.71,0.0,0.08,0.0
14.213267544,0.7,0.0,0.08,0.02
14.214163502000002,0.71,0.0,0.08,0.0
14.215192545,0.71,0.0,0.08,0.0
14.216176899,0.71,0.0,0.08,0.0
14.217232546000002,0.71,0.0,0.08,0.0
14.218123108,0.71,0.0,0.07,0.0
14.219189597000002,0.7,0.0,0.08,0.0
14.220161293,0.7,0.0,0.08,0.0
14.221193571,0.71,0.0,0.08,0.0
14.222174651000001,0.71,0.0,0.08,0.0
14.224384533,0.71,0.0,0.08,0.0
14.225140416,0.7,0.0,0.08,0.0
14.226237235000001,0.7,0.0,0.08,0.0
14.227219825,0.71,0.01,0.08,0.0
14.228217633000002,0.71,0.0,0.08,0.0
14.229205114,0.7,0.0,0.08,0.0
14.230215771000001,0.71,0.0,0.08,0.0
14.231156255,0.7,0.0,0.08,0.0
14.233294537,0.7,0.0,0.08,0.0
14.234133529000001,0.7,0.0,0.08,0.0
14.235202182,0.7,0.0,0.08,0.0
14.236186865,0.7,0.0,0.08,0.0
14.237180988,0.71,0.0,0.08,0.0
14.238198153,0.71,0.0,0.08,0.0
14.239207791,0.71,0.0,0.08,0.0
14.240193974,0.71,0.0,0.08,0.0
14.24118237,0.71,0.0,0.08,0.0
14.242178702,0.71,0.0,0.08,0.0
14.243184088000001,0.71,0.0,0.08,0.0
14.244245439,0.71,0.0,0.08,0.0
14.245139014000001,0.71,0.0,0.08,0.0
14.246190423000002,0.71,0.0,0.08,0.0
14.247132927000001,0.71,0.0,0.08,0.0
14.248155148,0.71,0.0,0.08,0.0
14.249166012000002,0.7,0.0,0.08,0.0
14.250162259000001,0.71,0.0,0.08,0.0
14.251152963000001,0.7,0.0,0.08,0.0
14.252334073,0.7,0.0,0.09,0.0
14.25434998,0.7,0.0,0.09,0.0
14.255119537,0.7,0.0,0.08,0.0
14.256314368000002,0.71,0.0,0.08,0.0
14.257107547,0.71,0.0,0.09,0.0
14.258334669000002,0.71,0.0,0.3,0.0
14.259107309000001,0.71,0.0,0.31,0.0
14.260341354000001,0.71,0.0,0.31,0.0
14.261103816,0.7,0.0,0.31,0.0
14.262332095000001,0.71,0.0,0.32,0.0
14.263082766,0.7,0.0,0.32,0.0
14.264160307000001,0.7,0.0,0.32,0.0
14.265120624000001,0.71,0.0,0.32,0.0
14.266113397000002,0.71,0.0,0.32,0.0
14.267327253000001,0.7,0.0,0.31,0.0
14.269398156000001,0.71,0.0,0.31,0.0
14.270089972000001,0.7,0.0,0.32,0.0
14.271223921,0.7,0.0,0.38,0.0
14.272228817,0.71,0.0,0.38,0.0
14.273220849000001,0.7,0.0,0.38,0.0
14.274341117,0.71,0.0,0.39,0.0
14.275118995000001,0.7,0.0,0.38,0.0
14.276391307,0.71,0.0,0.38,0.0
14.277117327000001,0.71,0.0,0.38,0.0
14.278350902000001,0.71,0.0,0.38,0.0
14.279122310000002,0.71,0.0,0.37,0.0
14.280165626,0.71,0.0,0.38,0.0
14.281157886,0.7,0.0,0.37,0.0
14.282321825,0.71,0.0,0.37,0.0
14.284262264,0.71,0.0,0.37,0.0
14.285161884,0.71,0.0,0.37,0.0
14.286202076,0.71,0.0,0.39,0.0
14.28710114,0.71,0.0,0.43,0.0
14.288206440000002,0.71,0.0,0.43,0.0
14.289194982000001,0.71,0.0,0.43,0.0
14.290195683,0.71,0.0,0.44,0.01
14.291201257,0.71,0.0,0.44,0.0
14.292185689,0.71,0.0,0.44,0.0
14.293319582,0.71,0.0,0.44,0.0
14.294178081,0.71,0.0,0.45,0.0
14.295293734000001,0.71,0.0,0.45,0.0
14.296098827000002,0.71,0.0,0.46,0.0
14.297356378000002,0.72,0.0,0.46,0.0
14.299492285000001,0.71,0.0,0.47,0.0
14.30008725,0.71,0.0,0.46,0.0
14.301093179,0.71,0.0,0.46,0.0
14.302242048,0.71,0.0,0.46,0.0
14.303068134,0.71,0.0,0.46,0.0
14.304310081,0.71,0.0,0.44,0.0
14.305183573,0.7,0.0,0.45,0.0
14.306251186,0.69,0.0,0.46,0.0
14.307211056000002,0.7,0.0,0.49,0.0
14.308157385000001,0.67,0.0,0.51,0.0
14.309263607,0.66,0.0,0.52,0.0
14.310184455000002,0.67,0.0,0.5,0.0
14.311076857000002,0.68,0.0,0.51,0.0
14.312387267,0.68,0.0,0.54,0.0
14.314364296,0.68,0.0,0.54,0.0
14.315087223,0.67,0.0,0.55,0.0
14.316122187000001,0.68,0.0,0.56,0.0
14.31724949,0.67,0.0,0.55,0.0
14.318131079,0.67,0.0,0.54,0.0
14.31918169,0.68,0.0,0.55,0.0
14.320079371,0.68,0.0,0.55,0.0
14.321229948000001,0.68,0.0,0.61,0.0
14.322173580000001,0.68,0.0,0.63,0.0
14.323175179000001,0.67,0.0,0.62,0.0
14.324149803000001,0.68,0.0,0.61,0.0
14.325125123000001,0.67,0.0,0.62,0.0
14.326240909000001,0.67,0.0,0.63,0.0
14.327089472,0.68,0.0,0.71,0.0
14.32933884,0.68,0.0,0.72,0.0
14.330124020000001,0.68,0.0,0.72,0.0
14.331932965,0.68,0.0,0.74,0.0
14.332960178,0.69,0.0,0.76,0.0
14.333324276,0.68,0.0,0.77,0.0
14.334195938,0.68,0.0,0.82,0.0
14.335401247,0.68,0.0,0.83,0.0
14.336115885000002,0.69,0.0,0.82,0.0
14.337211561,0.68,0.0,0.85,0.0
14.338106207000001,0.68,0.0,0.86,0.0
14.339208426,0.68,0.0,0.87,0.0
14.340240403000001,0.68,0.0,0.88,0.0
14.341100670000001,0.69,0.0,0.89,0.0
14.342223868000001,0.69,0.0,0.9,0.01
14.343171170000002,0.69,0.0,0.89,0.0
14.344333175000001,0.69,0.0,0.9,0.0
14.346401952,0.68,0.0,0.9,0.0
14.347072492,0.68,0.0,0.91,0.0
14.348366825000001,0.68,0.0,0.9,0.0
14.349077662000001,0.69,0.0,0.91,0.0
14.350356804,0.69,0.0,0.91,0.0
14.351146651,0.69,0.0,0.91,0.0
14.352399554000002,0.7,0.0,0.91,0.0
14.353106182000001,0.69,0.0,0.92,0.0
14.354223723,0.68,0.0,0.92,0.0
14.355116460000001,0.68,0.0,0.93,0.0
14.357427390000002,0.68,0.0,0.93,0.0
14.358078268000002,0.69,0.0,0.93,0.0
14.359354098,0.69,0.0,0.94,0.0
14.360111527,0.69,0.0,0.94,0.0
14.361136833000002,0.68,0.0,0.94,0.0
14.362127399,0.69,0.0,0.95,0.0
14.363237386000002,0.69,0.0,0.95,0.0
14.364298327,0.68,0.0,0.95,0.0
14.365214686000002,0.68,0.0,0.95,0.0
14.366242902000002,0.69,0.0,0.96,0.0
14.367234632,0.69,0.0,0.96,0.0
14.368188398000001,0.69,0.0,0.96,0.0
14.369152677,0.69,0.0,0.97,0.0
14.370067567000001,0.69,0.01,0.97,0.0
14.371236533000001,0.69,0.0,0.98,0.0
14.37218204,0.69,0.0,0.98,0.0
14.373226718000002,0.69,0.0,0.98,0.0
14.375219974,0.69,0.0,0.99,0.0
14.376128153000002,0.69,0.0,0.99,0.0
14.377239718,0.7,0.01,1.0,0.0
14.378190408,0.69,0.0,1.0,0.0
14.379230052,0.69,0.0,1.01,0.0
14.380203384000001,0.69,0.0,1.01,0.0
14.381110866,0.69,0.01,1.01,0.0
14.382245559000001,0.69,0.0,1.02,0.0
14.383086679000002,0.7,0.0,1.02,0.01
14.384113097,0.69,0.0,1.03,0.0
14.385249034000001,0.69,0.0,1.04,0.0
14.386088366000001,0.7,0.0,1.05,0.0
14.387142123,0.69,0.0,1.06,0.0
14.389310040000002,0.7,0.0,1.07,0.0
14.390143688,0.69,0.0,1.07,0.0
14.391222047000001,0.68,0.0,1.08,0.0
14.392159770000001,0.68,0.0,1.1,0.0
14.393377467,0.69,0.0,1.12,0.0
14.394160433000001,0.69,0.0,1.11,0.0
14.395327077000001,0.69,0.0,1.11,0.0
14.396083167,0.69,0.0,1.13,0.0
14.397426203,0.69,0.0,1.14,0.0
14.398084681,0.69,0.0,1.14,0.0
14.399263267,0.69,0.0,1.14,0.0
14.400161151,0.69,0.0,1.15,0.0
14.401290119,0.69,0.0,1.15,0.0
14.402079777,0.69,0.0,1.16,0.0
14.403257207000001,0.7,0.0,1.15,0.0
14.405265181,0.7,0.0,1.16,0.0
14.40612246,0.7,0.0,1.17,0.0
14.407158205000002,0.7,0.0,1.18,0.0
14.408144209000001,0.7,0.0,1.2,0.0
14.409232995000002,0.7,0.0,1.21,0.0
14.410224613,0.7,0.0,1.21,0.0
14.411076488,0.71,0.0,1.21,0.0
14.412128492,0.7,0.0,1.22,0.0
14.413203032,0.7,0.0,1.22,0.0
14.414140580000002,0.7,0.0,1.23,0.0
14.415110696000001,0.7,0.0,1.24,0.0
14.416276647,0.7,0.0,1.22,0.0
14.417088145000001,0.7,0.0,1.22,0.0
14.418336156,0.7,0.0,1.23,0.0
14.420331315,0.7,0.0,1.24,0.0
14.421161002000002,0.7,0.0,1.25,0.0
14.422225877,0.7,0.0,1.27,0.0
14.423156294000002,0.69,0.0,1.29,0.0
14.42422303,0.7,0.0,1.28,0.0
14.425229324,0.7,0.0,1.29,0.0
14.426229796000001,0.7,0.0,1.29,0.0
14.427211039000001,0.7,0.01,1.28,0.0
14.428222892,0.7,0.0,1.29,0.0
14.429146970000001,0.7,0.0,1.28,0.0
14.430272982000002,0.7,0.0,1.28,0.0
14.431089854000001,0.7,0.0,1.29,0.0
14.432350851,0.7,0.0,1.29,0.0
14.433111590000001,0.69,0.0,1.3,0.0
14.434364113,0.7,0.0,1.31,0.0
14.436385991000002,0.69,0.0,1.32,0.0
14.437090232000001,0.7,0.0,1.32,0.01
14.438126080000002,0.7,0.0,1.32,0.0
14.439149155,0.69,0.0,1.32,0.0
14.440082048,0.69,0.0,1.32,0.0
14.441218217000001,0.69,0.0,1.33,0.0
14.442214635000001,0.69,0.0,1.33,0.0
14.443200337,0.69,0.0,1.34,0.0
14.444138362,0.69,0.0,1.34,0.0
14.445150083000001,0.69,0.0,1.34,0.0
14.446287295000001,0.69,0.0,1.35,0.0
14.447088564000001,0.7,0.0,1.35,0.0
14.448125396000002,0.7,0.0,1.35,0.0
14.450219737000001,0.7,0.0,1.36,0.0
14.451216408,0.7,0.0,1.36,0.0
14.452210923,0.7,0.0,1.35,0.0
14.453231206000002,0.7,0.0,1.36,0.0
14.454211113000001,0.7,0.0,1.36,0.0
14.455210875,0.7,0.0,1.37,0.0
14.456216959,0.7,0.0,1.38,0.0
14.457207568000001,0.7,0.0,1.4,0.0
14.458205197000002,0.7,0.0,1.4,0.0
14.459350875,0.7,0.0,1.4,0.0
14.460094392,0.7,0.0,1.4,0.0
14.461218568000001,0.7,0.0,1.39,0.0
14.462165145,0.7,0.0,1.4,0.0
14.463310299000002,0.7,0.0,1.41,0.0
14.465262422,0.7,0.0,1.42,0.0
14.466197549,0.7,0.0,1.43,0.0
14.467232378,0.7,0.0,1.43,0.0
14.468145514000001,0.7,0.0,1.44,0.01
14.469352644,0.7,0.0,1.45,0.0
14.470093608,0.7,0.0,1.47,0.0
14.471343885000001,0.7,0.0,1.48,0.0
14.472111741,0.7,0.0,1.48,0.0
14.473245212,0.7,0.0,1.48,0.0
14.474080339,0.7,0.0,1.49,0.0
14.475272103000002,0.7,0.0,1.51,0.0
14.476078012,0.69,0.0,1.51,0.0
14.477396394000001,0.7,0.0,1.53,0.0
14.478078677000001,0.7,0.0,1.56,0.0
14.479365346000002,0.7,0.0,1.55,0.0
14.481432243,0.71,0.0,1.56,0.0
14.482082138,0.7,0.0,1.57,0.0
14.483224208000001,0.7,0.0,1.56,0.0
14.484219348000002,0.7,0.0,1.57,0.0
14.485088835,0.7,0.0,1.57,0.0
14.486120167000001,0.7,0.0,1.57,0.0
14.487125466,0.7,0.0,1.59,0.0
14.488126483,0.7,0.0,1.6,0.0
14.489233630000001,0.7,0.0,1.6,0.0
14.490152187000001,0.7,0.0,1.61,0.0
14.491114757,0.7,0.0,1.61,0.0
14.492153209000001,0.7,0.0,1.63,0.0
14.49315724,0.7,0.0,1.63,0.0
14.494229332000002,0.7,0.0,1.64,0.0
14.495207214,0.7,0.0,1.64,0.0
14.497363345,0.7,0.0,1.64,0.0
14.498102754000001,0.7,0.0,1.64,0.0
14.49914947,0.7,0.0,1.64,0.0
14.500125254,0.69,0.0,1.64,0.0
14.501256012,0.69,0.0,1.64,0.0
14.502129014000001,0.7,0.0,1.65,0.01
14.503156924,0.69,0.0,1.65,0.0
14.504136059,0.69,0.0,1.66,0.0
14.505279278000001,0.69,0.01,1.67,0.0
14.506189430000001,0.7,0.0,1.67,0.0
14.507153766,0.7,0.0,1.66,0.0
14.508339191000001,0.7,0.0,1.66,0.0
14.510399357,0.7,0.0,1.68,0.0
14.511089411,0.7,0.0,1.68,0.0
14.512182267,0.7,0.0,1.69,0.0
14.513083974,0.7,0.0,1.7,0.0
14.514344586000002,0.7,0.0,1.7,0.0
14.515085872,0.7,0.0,1.7,0.0
14.516246333000002,0.7,0.0,1.71,0.0
14.517239513000002,0.7,0.0,1.71,0.0
14.518206752000001,0.69,0.0,1.73,0.0
14.519156781000001,0.7,0.0,1.73,0.01
14.520282947,0.7,0.0,1.73,0.0
14.521081290000001,0.7,0.0,1.73,0.0
14.522305917,0.7,0.0,1.73,0.0
14.523111389,0.7,0.0,1.73,0.0
14.524358259000001,0.69,0.0,1.74,0.0
14.526353591000001,0.7,0.0,1.73,0.0
14.527083953000002,0.7,0.0,1.74,0.0
14.528234623000001,0.69,0.0,1.74,0.0
14.529240300000001,0.69,0.0,1.74,0.0
14.530189802,0.7,0.0,1.74,0.0
14.531261324,0.7,0.0,1.74,0.0
14.532101174000001,0.7,0.0,1.74,0.0
14.533552238,0.69,0.0,1.75,0.0
14.534089533000001,0.69,0.0,1.75,0.0
14.535173136000001,0.7,0.0,1.75,0.0
14.537364809000001,0.7,0.0,1.75,0.0
14.538106916,0.7,0.0,1.76,0.0
14.539392702,0.7,0.0,1.76,0.0
14.540129996000001,0.7,0.0,1.77,0.0
14.541135332000001,0.7,0.0,1.76,0.0
14.542231329000002,0.7,0.0,1.76,0.0
14.543156751000001,0.7,0.0,1.77,0.0
14.544200194,0.7,0.0,1.76,0.0
14.545188515000001,0.7,0.0,1.76,0.0
14.546224073000001,0.7,0.0,1.77,0.0
14.547237310000002,0.71,0.0,1.77,0.0
14.548323264,0.7,0.0,1.77,0.0
14.549268918000001,0.7,0.0,1.78,0.0
14.550222934,0.7,0.0,1.78,0.0
14.551351859,0.7,0.0,1.78,0.0
14.552338087,0.7,0.0,1.79,0.0
14.55323025,0.7,0.0,1.79,0.0
14.554228522,0.7,0.0,1.79,0.0
14.556245515,0.7,0.0,1.8,0.0
14.557189231,0.7,0.0,1.8,0.0
14.558189266000001,0.69,0.0,1.8,0.0
14.559189178,0.7,0.0,1.8,0.0
14.560157401000001,0.7,0.0,1.81,0.0
14.561183145000001,0.7,0.0,1.81,0.0
14.562185007,0.7,0.0,1.81,0.0
14.563160692,0.7,0.0,1.81,0.0
14.564205412000002,0.7,0.0,1.81,0.0
14.565197074,0.7,0.0,1.81,0.0
14.566163919000001,0.7,0.0,1.81,0.0
14.567195338000001,0.7,0.0,1.82,0.02
14.568205104,0.7,0.0,1.82,0.0
14.570260014,0.7,0.0,1.82,0.0
14.571124557000001,0.7,0.0,1.83,0.0
14.572226199000001,0.7,0.0,1.84,0.0
14.573229410000001,0.7,0.0,1.84,0.0
14.574223059000001,0.7,0.0,1.84,0.0
14.57521408,0.7,0.0,1.84,0.0
14.576221017000002,0.7,0.0,1.84,0.0
14.577231742,0.7,0.0,1.84,0.0
14.578121798000002,0.7,0.01,1.85,0.0
14.579380004,0.69,0.0,1.87,0.0
14.580123249000001,0.69,0.0,1.87,0.0
14.581233165,0.69,0.01,1.87,0.0
14.582114507000002,0.69,0.0,1.89,0.0
14.583210365000001,0.69,0.0,1.87,0.0
14.584262249000002,0.69,0.0,1.87,0.0
14.586397791000001,0.69,0.0,1.88,0.0
14.587113686,0.69,0.0,1.88,0.0
14.588400833000001,0.69,0.0,1.89,0.0
14.589100709,0.69,0.0,1.89,0.0
14.590403011000001,0.69,0.0,1.89,0.0
14.591093158000001,0.69,0.0,1.89,0.0
14.592409523,0.69,0.0,1.89,0.0
14.593094277,0.7,0.0,1.89,0.0
14.594444959,0.69,0.0,1.9,0.0
14.595092412000001,0.69,0.0,1.9,0.0
14.596337897000002,0.69,0.0,1.91,0.0
14.597092769000001,0.69,0.0,1.89,0.0
14.598277303000001,0.7,0.0,1.91,0.0
14.600422924,0.69,0.0,1.91,0.0
14.601101751000002,0.69,0.0,1.9,0.0
14.602399968,0.69,0.0,1.91,0.0
14.603098467,0.69,0.0,1.91,0.0
14.60431973,0.69,0.0,1.91,0.0
14.605103456,0.69,0.0,1.92,0.0
14.606204182,0.69,0.0,1.92,0.0
14.607156487000001,0.69,0.0,1.92,0.0
14.608289479000002,0.7,0.0,1.91,0.0
14.609195629,0.69,0.0,1.92,0.0
14.610183278000001,0.69,0.0,1.91,0.0
14.611127173000002,0.69,0.0,1.91,0.0
14.612127013,0.69,0.0,1.91,0.0
14.613223433000002,0.69,0.0,1.9,0.0
14.615428649,0.69,0.0,1.9,0.0
14.616102643000001,0.69,0.0,1.9,0.0
14.617277272,0.69,0.0,1.9,0.0
14.618216244000001,0.69,0.0,1.91,0.0
14.619281548000002,0.69,0.0,1.91,0.0
14.620237843000002,0.69,0.0,1.91,0.0
14.621145306,0.69,0.0,1.91,0.0
14.622306257000002,0.69,0.0,1.91,0.0
14.623122836,0.69,0.0,1.92,0.0
14.624092156000001,0.69,0.0,1.92,0.0
14.625186377,0.69,0.0,1.92,0.0
14.626160031000001,0.7,0.01,1.92,0.0
14.627252962,0.7,0.0,1.92,0.0
14.628160505,0.7,0.0,1.92,0.0
14.630424430000001,0.7,0.01,1.92,0.0
14.631108177000002,0.7,0.0,1.92,0.0
14.632260733,0.7,0.0,1.92,0.0
14.633221326000001,0.7,0.0,1.93,0.0
14.634260788,0.69,0.0,1.93,0.0
14.63508573,0.69,0.0,1.93,0.0
14.636128586000002,0.69,0.0,1.93,0.0
14.637105902,0.69,0.0,1.93,0.01
14.638261367,0.69,0.0,1.93,0.0
14.639108972,0.69,0.0,1.93,0.01
14.640327975000002,0.69,0.0,1.94,0.0
14.641107164000001,0.69,0.0,1.93,0.0
14.642385212,0.69,0.0,1.93,0.0
14.643104947000001,0.69,0.0,1.93,0.0
14.644370934000001,0.68,0.0,1.93,0.0
14.646397749,0.68,0.0,1.93,0.0
14.647104969,0.68,0.0,1.94,0.0
14.648258473,0.68,0.0,1.94,0.0
14.649215887,0.67,0.0,1.93,0.0
14.650270410000001,0.68,0.0,1.95,0.0
14.651242529000001,0.68,0.0,1.95,0.0
14.652101662000002,0.68,0.01,1.95,0.0
14.653285866000001,0.68,0.0,1.95,0.0
14.654096220000001,0.69,0.0,1.96,0.0
14.655165672,0.68,0.0,1.96,0.0
14.656147699000002,0.68,0.0,1.96,0.0
14.657193133000002,0.68,0.0,1.96,0.0
14.658191007000001,0.68,0.0,1.96,0.0
14.659275203000002,0.68,0.0,1.96,0.0
14.661238178000001,0.68,0.0,1.96,0.0
14.662105181000001,0.68,0.0,1.96,0.0
14.663213169,0.68,0.0,1.96,0.0
14.664259454000002,0.68,0.0,1.96,0.0
14.665138364,0.68,0.0,1.96,0.0
14.666389496,0.68,0.0,1.96,0.0
14.667105687000001,0.68,0.0,1.96,0.0
14.668265564,0.68,0.0,1.96,0.0
14.669101745,0.68,0.0,1.96,0.0
14.670184926000001,0.67,0.0,1.96,0.01
14.671139638000001,0.68,0.0,1.97,0.0
14.672323584,0.68,0.0,1.97,0.0
14.673101235,0.68,0.0,1.96,0.01
14.674184613000001,0.68,0.0,1.97,0.0
14.676425492000002,0.68,0.0,1.96,0.0
14.677097941000001,0.68,0.0,1.96,0.0
14.678421027,0.68,0.0,1.96,0.0
14.679101192000001,0.68,0.0,1.96,0.0
14.680387207,0.68,0.0,1.96,0.0
14.681098389,0.68,0.0,1.97,0.0
14.682316356000001,0.67,0.0,1.97,0.0
14.683168057000001,0.68,0.0,1.97,0.0
14.684136183000001,0.68,0.0,1.97,0.0
14.685200787000001,0.68,0.0,1.97,0.01
14.686141345000001,0.67,0.0,1.97,0.0
14.687185615,0.67,0.0,1.97,0.0
14.688138704000002,0.67,0.0,1.97,0.0
14.690443241,0.67,0.0,1.97,0.0
14.691118314,0.67,0.0,1.97,0.0
14.6922335,0.67,0.0,1.97,0.0
14.693231016,0.67,0.0,1.98,0.0
14.694088998000002,0.67,0.0,1.97,0.0
14.695239581000001,0.67,0.0,1.98,0.0
14.696250630000002,0.67,0.0,1.97,0.0
14.697242656,0.67,0.0,1.97,0.0
14.698148849,0.67,0.0,1.97,0.0
14.699080873000002,0.67,0.0,1.97,0.0
14.700273454000001,0.68,0.0,1.97,0.01
14.701147497000001,0.67,0.0,1.97,0.0
14.702181206,0.67,0.0,1.98,0.0
14.703160554,0.67,0.0,1.98,0.0
14.704318667,0.67,0.0,1.98,0.0
14.706414988,0.68,0.0,1.99,0.0
14.707105048,0.68,0.0,1.98,0.0
14.708493990000001,0.67,0.0,1.99,0.0
14.709105691000001,0.68,0.0,1.98,0.0
14.71039661,0.68,0.0,1.99,0.0
14.711104950000001,0.68,0.0,1.98,0.0
14.712396104000002,0.68,0.0,1.99,0.0
14.71309787,0.68,0.0,1.99,0.0
14.714418513,0.68,0.0,1.99,0.0
14.715093209,0.68,0.0,1.99,0.0
14.716276261,0.67,0.0,1.99,0.0
14.717130516000001,0.68,0.0,1.99,0.0
14.718398853,0.68,0.0,1.99,0.0
14.719090950000002,0.68,0.01,1.98,0.0
14.720438112,0.68,0.0,1.98,0.0
14.72245786,0.68,0.0,1.99,0.0
14.723098311000001,0.68,0.0,1.99,0.0
14.724405220000001,0.68,0.0,1.99,0.0
14.725094663,0.68,0.0,1.99,0.0
14.726275446,0.69,0.0,1.99,0.0
14.727093403000001,0.69,0.0,2.0,0.0
14.728314925000001,0.69,0.0,2.01,0.0
14.729133361,0.69,0.0,2.01,0.0
14.730478888,0.69,0.0,2.01,0.0
14.731100403000001,0.69,0.0,2.01,0.0
14.732301425000001,0.69,0.0,2.01,0.0
14.733090382,0.69,0.0,2.01,0.01
14.734149536,0.69,0.0,2.01,0.0
14.735128952,0.69,0.0,2.01,0.0
14.737397946000002,0.69,0.0,2.02,0.0
14.738101865,0.69,0.0,2.01,0.01
14.739406795,0.69,0.0,2.02,0.0
14.740095142000001,0.69,0.0,2.01,0.0
14.741427003,0.69,0.0,2.02,0.0
14.742088542000001,0.7,0.0,2.01,0.0
14.743344607000001,0.69,0.01,2.01,0.0
14.744091339,0.69,0.0,2.01,0.0
14.74552455,0.7,0.0,2.01,0.0
14.746092636,0.7,0.0,2.02,0.0
14.747261778,0.7,0.0,2.02,0.0
14.74809141,0.7,0.0,2.02,0.0
14.749432262000001,0.7,0.0,2.02,0.0
14.751381302,0.7,0.01,2.02,0.0
14.752086646,0.7,0.0,2.02,0.0
14.75321901,0.7,0.0,2.02,0.0
14.754138523000002,0.7,0.0,2.02,0.0
14.755199143,0.7,0.0,2.02,0.0
14.756193426000001,0.7,0.0,2.01,0.0
14.757192469000001,0.7,0.0,2.01,0.0
14.758205822,0.7,0.0,2.01,0.0
14.759195688,0.7,0.0,2.01,0.0
14.760164586,0.7,0.0,2.01,0.0
14.761191535000002,0.7,0.0,2.01,0.0
14.762207682000001,0.7,0.0,2.01,0.0
14.763189550000002,0.7,0.0,2.02,0.0
14.764273349000002,0.7,0.0,2.01,0.0
14.766400628000001,0.7,0.0,2.02,0.0
14.767202912,0.7,0.0,2.01,0.0
14.768162365,0.7,0.0,2.02,0.0
14.769182336,0.7,0.0,2.01,0.0
14.770136778000001,0.7,0.0,2.01,0.0
14.771184843,0.7,0.0,2.02,0.0
14.772186646000002,0.69,0.0,2.01,0.0
14.773183869,0.7,0.0,2.02,0.0
14.774155819,0.7,0.0,2.02,0.0
14.775165905000001,0.7,0.0,2.02,0.0
14.776159156,0.7,0.0,2.02,0.0
14.777300697000001,0.7,0.0,2.02,0.0
14.778122944000001,0.7,0.0,2.02,0.0
14.779306036000001,0.7,0.0,2.03,0.0
14.780116522,0.7,0.0,2.03,0.0
14.781372729000001,0.7,0.0,2.03,0.0
14.783334192000002,0.71,0.0,2.03,0.0
14.784139236000001,0.71,0.0,2.03,0.0
14.785245415,0.71,0.0,2.03,0.0
14.786162093000002,0.71,0.0,2.02,0.0
14.787163600000001,0.71,0.0,2.02,0.0
14.788209511000002,0.71,0.0,2.03,0.0
14.789192868,0.71,0.0,2.03,0.0
14.790206778000002,0.71,0.0,2.03,0.0
14.791230315000002,0.71,0.0,2.03,0.0
14.792272171,0.71,0.0,2.04,0.0
14.793255222,0.71,0.0,2.04,0.0
14.794299577,0.71,0.0,2.03,0.0
14.795263019,0.71,0.0,2.04,0.0
14.797495869,0.71,0.0,2.04,0.0
14.798592763,0.71,0.0,2.04,0.0
14.799491387000002,0.71,0.0,2.04,0.0
14.800265646000001,0.71,0.0,2.04,0.0
14.801177531,0.71,0.0,2.05,0.0
14.802161699000001,0.71,0.0,2.05,0.0
14.803188598,0.71,0.0,2.05,0.0
14.804215745,0.71,0.0,2.05,0.0
14.805156299,0.71,0.0,2.05,0.0
14.80619891,0.71,0.0,2.05,0.0
14.807194183000002,0.71,0.0,2.05,0.0
14.80815976,0.71,0.0,2.05,0.01
14.809196973,0.71,0.0,2.05,0.0
14.811159401000001,0.71,0.0,2.05,0.0
14.812161272,0.71,0.0,2.05,0.0
14.813159818,0.71,0.0,2.05,0.0
14.814233342000001,0.71,0.0,2.06,0.0
14.815164542000002,0.7,0.0,2.06,0.0
14.816138610000001,0.7,0.0,2.06,0.0
14.817236152000001,0.7,0.0,2.06,0.0
14.818152642000001,0.7,0.0,2.06,0.0
14.819360013,0.69,0.0,2.06,0.0
14.820123764000002,0.7,0.0,2.06,0.0
14.821400406,0.7,0.0,2.06,0.0
14.822112068000001,0.7,0.0,2.06,0.0
14.823320717000001,0.69,0.0,2.06,0.0
14.824113236,0.69,0.0,2.07,0.0
14.825351161,0.7,0.0,2.07,0.0
14.827436898,0.7,0.0,2.07,0.0
14.828112751,0.7,0.0,2.07,0.01
14.829105912000001,0.7,0.0,2.07,0.0
14.830249429,0.7,0.0,2.07,0.0
14.831095239000001,0.7,0.0,2.06,0.0
14.832153879000002,0.7,0.0,2.07,0.0
14.833130668,0.69,0.0,2.07,0.0
14.834365231000001,0.7,0.0,2.07,0.0
14.835113811000001,0.7,0.0,2.07,0.0
14.836360618,0.69,0.0,2.07,0.0
14.837112315,0.7,0.0,2.07,0.0
14.83829558,0.7,0.0,2.07,0.0
14.839123461000002,0.7,0.0,2.07,0.01
14.840318035000001,0.7,0.0,2.07,0.0
14.842407402000001,0.7,0.0,2.07,0.0
14.843101401,0.7,0.0,2.07,0.0
14.844242938,0.7,0.0,2.07,0.0
14.845250687,0.7,0.0,2.07,0.0
14.846089402,0.7,0.0,2.07,0.0
14.847278601000001,0.7,0.01,2.07,0.0
14.848108031,0.7,0.0,2.07,0.0
14.849138641000001,0.7,0.0,2.07,0.0
14.850225301,0.7,0.0,2.07,0.0
14.851185983,0.7,0.0,2.07,0.0
14.852192250000002,0.7,0.0,2.07,0.0
14.853182677000001,0.7,0.0,2.07,0.0
14.854164539000001,0.7,0.0,2.08,0.0
14.855136562,0.7,0.0,2.07,0.01
14.856394236000002,0.71,0.0,2.07,0.0
14.858402678000001,0.7,0.0,2.08,0.0
14.859108763,0.7,0.0,2.07,0.0
14.86014386,0.7,0.0,2.08,0.0
14.861182839000001,0.7,0.0,2.08,0.01
14.862237951000001,0.7,0.0,2.08,0.0
14.863240182,0.7,0.0,2.08,0.01
14.864253746000001,0.7,0.0,2.08,0.0
14.865144703,0.7,0.0,2.08,0.0
14.866284074000001,0.7,0.0,2.08,0.0
14.867113298000001,0.7,0.0,2.08,0.0
14.868183663000002,0.7,0.01,2.08,0.0
14.869182140000001,0.7,0.0,2.08,0.0
14.870325946000001,0.7,0.0,2.08,0.0
14.872416710000001,0.7,0.0,2.08,0.0
14.873108161000001,0.7,0.0,2.08,0.0
14.874154048000001,0.7,0.0,2.08,0.0
14.875267734000001,0.7,0.0,2.08,0.0
14.876127028,0.7,0.0,2.09,0.0
14.877325023000001,0.7,0.0,2.08,0.01
14.878101556,0.7,0.0,2.08,0.0
14.879378255,0.7,0.0,2.08,0.0
14.880103918000001,0.7,0.0,2.08,0.0
14.881192049000001,0.7,0.0,2.08,0.0
14.882129516000001,0.69,0.0,2.08,0.01
14.883298213000002,0.7,0.0,2.08,0.0
14.884135105,0.7,0.01,2.08,0.0
14.885370120000001,0.7,0.0,2.08,0.0
14.887291142,0.7,0.0,2.08,0.0
14.88810499,0.7,0.0,2.08,0.0
14.889217967,0.7,0.0,2.08,0.0
14.890262899000001,0.7,0.0,2.08,0.0
14.891105003000002,0.7,0.0,2.08,0.0
14.892260188000002,0.7,0.0,2.08,0.0
14.893124810000002,0.7,0.0,2.08,0.0
14.894119822,0.7,0.0,2.08,0.0
14.895261536000001,0.7,0.0,2.08,0.0
14.896189808,0.7,0.0,2.08,0.0
14.897139176000001,0.7,0.0,2.08,0.0
14.898134888000001,0.7,0.0,2.08,0.0
14.899138056000002,0.7,0.0,2.08,0.0
14.900176501,0.7,0.0,2.08,0.0
14.901141897,0.7,0.0,2.08,0.0
14.902211418,0.7,0.0,2.08,0.0
14.904404478000002,0.7,0.0,2.08,0.01
14.905112658,0.7,0.0,2.08,0.0
14.906155736,0.7,0.0,2.08,0.0
14.907105625000002,0.7,0.0,2.08,0.0
14.908195619,0.7,0.0,2.08,0.0
14.909256105,0.7,0.0,2.08,0.0
14.910236783,0.7,0.0,2.08,0.0
14.91117245,0.7,0.0,2.08,0.0
14.912096789000001,0.7,0.0,2.08,0.0
14.913341969000001,0.7,0.0,2.08,0.0
14.914113930000001,0.7,0.0,2.08,0.01
14.915161149000001,0.7,0.0,2.08,0.0
14.916145891000001,0.7,0.0,2.08,0.0
14.917260615000002,0.7,0.0,2.08,0.0
14.919389089000001,0.7,0.0,2.08,0.0
14.920114060000001,0.7,0.0,2.08,0.0
14.921356118,0.7,0.0,2.08,0.0
14.922112738000001,0.69,0.0,2.08,0.0
14.923383757000002,0.69,0.0,2.08,0.0
14.924101361000002,0.69,0.0,2.08,0.0
14.925393165000001,0.7,0.0,2.08,0.0
14.926101416000002,0.7,0.0,2.07,0.0
14.927292520000002,0.69,0.0,2.07,0.0
14.928122261,0.7,0.0,2.08,0.0
14.929305577000001,0.7,0.0,2.08,0.01
14.930138768,0.7,0.0,2.09,0.0
14.931264745000002,0.7,0.0,2.07,0.01
14.932164795,0.7,0.0,2.07,0.0
14.934345424000002,0.7,0.0,2.07,0.0
14.935105501,0.7,0.0,2.07,0.0
14.936123821,0.7,0.0,2.07,0.0
14.937123057,0.7,0.0,2.07,0.0
14.938272973,0.69,0.0,2.07,0.0
14.939233587,0.69,0.0,2.07,0.0
14.940193608000001,0.7,0.0,2.07,0.0
14.941196163,0.69,0.0,2.07,0.0
14.942240452,0.69,0.0,2.06,0.0
14.943179144,0.7,0.0,2.07,0.0
14.944294034,0.69,0.0,2.06,0.0
14.945101543000002,0.69,0.0,2.06,0.0
14.946353796,0.69,0.01,2.06,0.0
14.948265757000001,0.69,0.0,2.05,0.0
14.949100664000001,0.69,0.01,2.05,0.0
14.950137138,0.69,0.0,2.05,0.0
14.951277123,0.69,0.0,2.05,0.0
14.952150653,0.69,0.0,2.05,0.0
14.953225094,0.68,0.0,2.04,0.0
14.954151364000001,0.68,0.0,2.03,0.0
14.95535266,0.69,0.0,2.03,0.0
14.956101572000001,0.69,0.0,2.03,0.0
14.957374802,0.69,0.0,2.03,0.0
14.958096485,0.69,0.0,2.03,0.0
14.959181243000002,0.67,0.0,2.03,0.0
14.960151396,0.68,0.0,2.03,0.0
14.961330372,0.68,0.0,2.03,0.0
14.963274244,0.68,0.0,2.03,0.0
14.964149734000001,0.68,0.0,2.03,0.0
14.965160098,0.68,0.0,2.03,0.0
14.966173243,0.67,0.0,2.03,0.0
14.967229683000001,0.67,0.0,2.02,0.0
14.968253881,0.67,0.0,2.02,0.0
14.969232044000002,0.68,0.0,2.01,0.0
14.970225411000001,0.68,0.0,2.01,0.0
14.971238199,0.68,0.0,2.01,0.0
14.972209732000001,0.68,0.0,2.0,0.0
14.973167519,0.68,0.0,1.99,0.0
14.974290275000001,0.68,0.0,1.99,0.0
14.975135811000001,0.68,0.0,1.98,0.0
14.976349083,0.68,0.0,1.97,0.0
14.978338617,0.69,0.0,1.95,0.0
14.979111425000001,0.68,0.0,1.94,0.0
14.980379778000001,0.69,0.0,1.93,0.0
14.981100733000002,0.69,0.0,1.93,0.0
14.982403154000002,0.69,0.0,1.92,0.0
14.983101932,0.69,0.0,1.9,0.0
14.9842718,0.69,0.0,1.89,0.0
14.985176456000001,0.69,0.0,1.86,0.0
14.986165278000001,0.69,0.0,1.85,0.0
14.987189283000001,0.7,0.0,1.84,0.0
14.988146403000002,0.69,0.0,1.82,0.0
14.989175547,0.69,0.0,1.8,0.0
14.990131647,0.68,0.0,1.76,0.0
14.991379902,0.69,0.0,1.74,0.01
14.993272113000002,0.68,0.0,1.71,0.0
14.994129813,0.69,0.0,1.68,0.0
14.995094803,0.69,0.0,1.66,0.0
14.996251515,0.68,0.0,1.63,0.0
14.997248734000001,0.68,0.0,1.62,0.0
14.998092620000001,0.68,0.0,1.61,0.0
14.999131369,0.68,0.0,1.58,0.0
15.00009591,0.69,0.0,1.57,0.0
15.001265973,0.7,0.0,1.54,0.0
15.002172849,0.69,0.0,1.52,0.0
15.003131946000002,0.7,0.0,1.48,0.0
15.004139318000002,0.71,0.0,1.44,0.0
15.006434957000002,0.69,0.0,1.43,0.0
15.007115472,0.7,0.0,1.38,0.0
15.008112652000001,0.71,0.0,1.36,0.0
15.009166513,0.7,0.0,1.34,0.0
15.010246977000001,0.71,0.0,1.35,0.0
15.011184922000002,0.69,0.0,1.3,0.0
15.012098248000001,0.7,0.0,1.29,0.0
15.013241498000001,0.7,0.0,1.3,0.0
15.014244932,0.68,0.0,1.27,0.0
15.015225614,0.68,0.0,1.25,0.0
15.016240522,0.68,0.0,1.22,0.0
15.017192146000001,0.68,0.0,1.19,0.0
15.018332935,0.68,0.0,1.16,0.0
15.019104878,0.68,0.0,1.15,0.0
15.020369986,0.68,0.0,1.12,0.0
15.021109370000001,0.7,0.0,1.05,0.0
15.022372498000001,0.7,0.0,1.01,0.0
15.024261357,0.71,0.0,0.97,0.01
15.025185704,0.71,0.0,0.95,0.0
15.026093568,0.71,0.0,0.96,0.0
15.027347495,0.71,0.0,0.95,0.0
15.028101456000002,0.71,0.0,0.91,0.0
15.029261962000001,0.71,0.0,0.89,0.0
15.030239130000002,0.71,0.0,0.86,0.0
15.031086571000001,0.71,0.0,0.82,0.0
15.032289887000001,0.71,0.0,0.78,0.0
15.033102252,0.71,0.0,0.76,0.0
15.034097836,0.71,0.0,0.69,0.0
15.035195412,0.72,0.0,0.64,0.0
15.036087354000001,0.72,0.0,0.62,0.0
15.038389547000001,0.71,0.0,0.61,0.0
15.039113928,0.72,0.0,0.58,0.0
15.040186076000001,0.72,0.0,0.57,0.0
15.041272127000001,0.72,0.0,0.58,0.0
15.042197504,0.72,0.0,0.66,0.0
15.043261115000002,0.71,0.0,0.66,0.0
15.044287003,0.72,0.0,0.66,0.0
15.045219546,0.72,0.0,0.66,0.0
15.046257115000001,0.71,0.0,0.66,0.0
15.047132809,0.72,0.0,0.67,0.0
15.048273936000001,0.72,0.0,0.71,0.0
15.049166415,0.72,0.0,0.72,0.01
15.050324973,0.72,0.0,0.74,0.0
15.051097321,0.71,0.0,0.75,0.0
15.052297364000001,0.72,0.0,0.76,0.0
15.054422638,0.72,0.0,0.83,0.0
15.055113649,0.72,0.0,0.85,0.0
15.056314654000001,0.72,0.0,0.86,0.0
15.057106017,0.72,0.0,0.87,0.0
15.058392513000001,0.72,0.0,0.87,0.0
15.059104309,0.72,0.0,0.88,0.0
15.060404776,0.72,0.0,0.9,0.0
15.061098675,0.72,0.0,0.9,0.0
15.062225691,0.72,0.0,0.91,0.0
15.063094878000001,0.72,0.0,0.91,0.0
15.064130311000001,0.71,0.0,0.92,0.0
15.065299496000002,0.71,0.0,0.93,0.0
15.066093415000001,0.71,0.0,0.93,0.0
15.067410915000002,0.71,0.0,0.94,0.0
15.069415144,0.71,0.01,0.94,0.0
15.070098049,0.72,0.0,0.93,0.0
15.071275136,0.72,0.0,0.94,0.0
15.072234850000001,0.72,0.0,0.94,0.0
15.073272068000001,0.72,0.0,0.94,0.0
15.074232438000001,0.73,0.0,0.93,0.0
15.075120967,0.74,0.01,0.9,0.0
15.076468832000002,0.74,0.0,0.89,0.0
15.077097239,0.72,0.0,0.89,0.0
15.078298526000001,0.71,0.0,0.87,0.0
15.079136080000001,0.72,0.0,0.83,0.0
15.080126094,0.72,0.0,0.81,0.0
15.082401756000001,0.72,0.0,0.79,0.0
15.083101521000001,0.72,0.0,0.8,0.0
15.0841981,0.72,0.0,0.78,0.0
15.08527233,0.72,0.0,0.71,0.0
15.086125358,0.72,0.0,0.68,0.0
15.087343638,0.72,0.0,0.68,0.0
15.088102506,0.71,0.0,0.65,0.0
15.089297522,0.71,0.0,0.64,0.0
15.090104431,0.71,0.0,0.64,0.0
15.091284994,0.7,0.0,0.61,0.0
15.092149602000001,0.7,0.0,0.61,0.0
15.093190539,0.7,0.0,0.62,0.0
15.09418553,0.7,0.0,0.6,0.01
15.095200923,0.71,0.0,0.59,0.0
15.096183871000001,0.71,0.0,0.59,0.0
15.097356429000001,0.71,0.0,0.57,0.0
15.099264599000001,0.71,0.0,0.57,0.0
15.100126319000001,0.72,0.0,0.53,0.0
15.101268999,0.71,0.0,0.52,0.0
15.102226282,0.72,0.0,0.52,0.0
15.103143268,0.71,0.0,0.51,0.0
15.104371611000001,0.72,0.0,0.49,0.0
15.105102505000001,0.71,0.0,0.48,0.0
15.106404893,0.72,0.0,0.47,0.0
15.107093328000001,0.72,0.0,0.46,0.0
15.108367324000001,0.72,0.0,0.45,0.01
15.109094381,0.72,0.0,0.45,0.0
15.110346154,0.72,0.0,0.45,0.0
15.111094889,0.71,0.01,0.44,0.0
15.112405372000001,0.71,0.0,0.43,0.0
15.114411295000002,0.71,0.0,0.42,0.0
15.115098987000001,0.71,0.0,0.43,0.0
15.116400947,0.72,0.0,0.42,0.0
15.117092887,0.72,0.0,0.45,0.0
15.118403856,0.71,0.0,0.45,0.0
15.119094030000001,0.72,0.0,0.44,0.0
15.120360817000002,0.72,0.0,0.41,0.0
15.121094691000001,0.72,0.0,0.42,0.0
15.122308377000001,0.73,0.0,0.4,0.0
15.123109207,0.73,0.0,0.4,0.0
15.12420591,0.73,0.0,0.4,0.0
15.125088658000001,0.72,0.0,0.41,0.0
15.126418681,0.72,0.0,0.41,0.0
15.127087308,0.72,0.0,0.41,0.0
15.128389887,0.73,0.0,0.3,0.0
15.130424853000001,0.72,0.0,0.31,0.0
15.131098671,0.73,0.0,0.3,0.0
15.132241807000002,0.73,0.0,0.3,0.0
15.133181854000002,0.73,0.0,0.31,0.0
15.134272254,0.73,0.0,0.32,0.0
15.135207696,0.73,0.0,0.26,0.0
15.136287103,0.73,0.0,0.27,0.0
15.137088104000002,0.72,0.0,0.27,0.0
15.13825757,0.73,0.0,0.26,0.0
15.139096606,0.72,0.0,0.26,0.0
15.140291591,0.73,0.0,0.27,0.0
15.141146030000002,0.73,0.0,0.26,0.0
15.143413779000001,0.72,0.0,0.26,0.0
15.144100909,0.73,0.0,0.25,0.0
15.145402209,0.72,0.0,0.28,0.0
15.146099882000001,0.73,0.0,0.29,0.0
15.147411099000001,0.73,0.0,0.28,0.0
15.148095731000002,0.72,0.0,0.28,0.0
15.149288126,0.73,0.0,0.3,0.0
15.150096438,0.72,0.0,0.29,0.0
15.151193479000002,0.72,0.0,0.3,0.0
15.152093144,0.73,0.0,0.33,0.0
15.153178407,0.73,0.0,0.3,0.0
15.154129943000001,0.73,0.0,0.32,0.0
15.155146134,0.73,0.0,0.29,0.0
15.157388176000001,0.73,0.0,0.32,0.0
15.158109686000001,0.73,0.0,0.32,0.0
15.159395374,0.72,0.0,0.28,0.0
15.160105901000001,0.73,0.0,0.31,0.0
15.161301808000001,0.72,0.0,0.32,0.0
15.162111069000002,0.73,0.0,0.32,0.0
15.163295042000001,0.73,0.0,0.32,0.0
15.164119240000002,0.72,0.0,0.32,0.0
15.165284106000001,0.73,0.0,0.31,0.0
15.166178411,0.73,0.0,0.29,0.0
15.167196962,0.72,0.0,0.32,0.0
15.168120778,0.73,0.0,0.32,0.0
15.169385433,0.73,0.0,0.32,0.0
15.170097333000001,0.73,0.0,0.32,0.0
15.171420584000002,0.73,0.0,0.32,0.0
15.173424068000001,0.73,0.0,0.32,0.0
15.174101127,0.73,0.0,0.31,0.0
15.175134418,0.73,0.0,0.31,0.0
15.17620632,0.73,0.0,0.31,0.0
15.177128533000001,0.73,0.0,0.31,0.0
15.178334964000001,0.73,0.0,0.32,0.0
15.179104942,0.73,0.0,0.32,0.0
15.180168199,0.73,0.0,0.32,0.0
15.181130895,0.73,0.0,0.32,0.0
15.182159414000001,0.73,0.0,0.32,0.0
15.183091245000002,0.73,0.0,0.32,0.0
15.184152744,0.72,0.0,0.31,0.0
15.18513656,0.73,0.0,0.32,0.0
15.186314718,0.73,0.0,0.32,0.0
15.187105476000001,0.72,0.0,0.33,0.0
15.188447719000001,0.73,0.0,0.32,0.0
15.190367342000002,0.73,0.0,0.33,0.0
15.191110215,0.73,0.0,0.33,0.0
15.192213991000001,0.73,0.0,0.34,0.0
15.193166567,0.73,0.0,0.34,0.0
15.194373185000002,0.73,0.0,0.34,0.0
15.195105209000001,0.73,0.0,0.34,0.0
15.196408352,0.72,0.0,0.34,0.0
15.197104494000001,0.73,0.0,0.34,0.0
15.198287708,0.73,0.0,0.34,0.0
15.199137619000002,0.73,0.0,0.34,0.0
15.200265233000001,0.73,0.0,0.33,0.0
15.201139601000001,0.73,0.0,0.33,0.0
15.202410039,0.72,0.0,0.33,0.0
15.204406557,0.73,0.0,0.32,0.0
15.205101707,0.73,0.0,0.27,0.0
15.206287677,0.74,0.0,0.31,0.0
15.207168048000002,0.73,0.0,0.32,0.0
15.208119797,0.73,0.0,0.3,0.0
15.209278907000002,0.73,0.0,0.31,0.0
15.210181857,0.73,0.0,0.25,0.0
15.211270543000001,0.74,0.0,0.25,0.0
15.212152530000001,0.73,0.0,0.24,0.0
15.213144153000002,0.73,0.0,0.25,0.0
15.214081889000001,0.73,0.0,0.25,0.0
15.215132074000001,0.73,0.0,0.25,0.0
15.216128098,0.73,0.0,0.25,0.0
15.217283505000001,0.73,0.0,0.25,0.0
15.21819239,0.73,0.0,0.24,0.0
15.220382319,0.73,0.0,0.25,0.0
15.221103833,0.73,0.0,0.25,0.0
15.222282479,0.74,0.0,0.25,0.0
15.223151626000002,0.73,0.0,0.25,0.0
15.224292745000001,0.73,0.0,0.25,0.0
15.225131967000001,0.73,0.0,0.25,0.0
15.226282650000002,0.73,0.0,0.27,0.0
15.22709457,0.73,0.0,0.29,0.0
15.228299842,0.73,0.0,0.29,0.0
15.229126575,0.73,0.0,0.29,0.0
15.230254395000001,0.73,0.0,0.29,0.0
15.231097913000001,0.73,0.0,0.29,0.0
15.232387993000001,0.73,0.0,0.28,0.0
15.234274416000002,0.73,0.0,0.27,0.0
15.235143585000001,0.73,0.0,0.29,0.0
15.236133098000002,0.73,0.01,0.28,0.0
15.237218919000002,0.73,0.0,0.28,0.0
15.238129366,0.73,0.0,0.29,0.0
15.239374696,0.72,0.0,0.27,0.0
15.240104191,0.72,0.0,0.27,0.0
15.24127198,0.72,0.0,0.25,0.0
15.242100481000001,0.72,0.0,0.25,0.0
15.243359165000001,0.72,0.0,0.26,0.0
15.244099164000001,0.72,0.0,0.26,0.0
15.24527091,0.71,0.0,0.27,0.0
15.24609586,0.72,0.0,0.26,0.0
15.247267111000001,0.72,0.0,0.26,0.0
15.24942665,0.72,0.0,0.26,0.0
15.250100730000002,0.72,0.0,0.25,0.01
15.251134181000001,0.72,0.0,0.24,0.0
15.252225334,0.72,0.0,0.24,0.0
15.253143927000002,0.7,0.0,0.23,0.0
15.254401374,0.7,0.0,0.22,0.0
15.255101102000001,0.7,0.0,0.21,0.0
15.256399688,0.72,0.0,0.22,0.0
15.257093984,0.72,0.0,0.21,0.0
15.258272134,0.72,0.01,0.21,0.0
15.259097397000001,0.72,0.0,0.23,0.0
15.260262986,0.72,0.0,0.25,0.0
15.261140318,0.73,0.0,0.25,0.0
15.262281823,0.73,0.0,0.25,0.0
15.263197893000001,0.73,0.0,0.25,0.0
15.265416870000001,0.73,0.0,0.24,0.0
15.266101699000002,0.73,0.0,0.24,0.0
15.267274746000002,0.73,0.0,0.24,0.0
15.268232897,0.73,0.0,0.25,0.0
15.269275906,0.72,0.0,0.25,0.0
15.270234360000002,0.73,0.0,0.25,0.0
15.271133747,0.73,0.0,0.25,0.0
15.272457761,0.73,0.0,0.25,0.0
15.273102860000002,0.73,0.0,0.25,0.0
15.274151816000002,0.72,0.0,0.25,0.0
15.275153750000001,0.72,0.0,0.25,0.0
15.276128594000001,0.72,0.0,0.24,0.0
15.277271945,0.72,0.0,0.25,0.0
15.278245289000001,0.72,0.0,0.24,0.0
15.280414154,0.72,0.0,0.23,0.0
15.281103595000001,0.72,0.0,0.22,0.0
15.282139365,0.72,0.0,0.2,0.0
15.283397564000001,0.72,0.0,0.23,0.0
15.284102608000001,0.73,0.0,0.23,0.0
15.285347707000001,0.72,0.0,0.23,0.0
15.286095915,0.72,0.0,0.23,0.0
15.287097450000001,0.72,0.0,0.2,0.0
15.288175835,0.72,0.0,0.18,0.0
15.289273843,0.72,0.0,0.2,0.0
15.290121467,0.72,0.0,0.19,0.0
15.291345132000002,0.71,0.0,0.19,0.0
15.292116631,0.72,0.0,0.19,0.0
15.293197524000002,0.72,0.0,0.18,0.0
15.295419184000002,0.72,0.0,0.17,0.0
15.29610551,0.72,0.0,0.17,0.0
15.297391559000001,0.71,0.0,0.18,0.0
15.298101277,0.72,0.0,0.17,0.0
15.299272816,0.72,0.0,0.17,0.0
15.300100927,0.72,0.0,0.18,0.0
15.301297012000001,0.72,0.0,0.17,0.0
15.302125973,0.72,0.0,0.18,0.0
15.303429173000001,0.72,0.0,0.18,0.0
15.304095163000001,0.72,0.0,0.18,0.0
15.305274223000001,0.72,0.0,0.17,0.0
15.306122427000002,0.72,0.0,0.17,0.0
15.307148879000001,0.72,0.0,0.17,0.0
15.309417659000001,0.72,0.0,0.17,0.0
15.310096365000001,0.72,0.0,0.16,0.01
15.311100936,0.72,0.0,0.17,0.0
15.312154802,0.72,0.0,0.17,0.0
15.31314281,0.72,0.0,0.17,0.0
15.314134226,0.72,0.0,0.17,0.0
15.315134514,0.72,0.0,0.18,0.0
15.316365552,0.72,0.0,0.17,0.0
15.317093979000001,0.72,0.0,0.17,0.0
15.318329256,0.72,0.0,0.17,0.0
15.319095377000002,0.72,0.0,0.17,0.0
15.320361869000001,0.72,0.0,0.17,0.0
15.321094386,0.72,0.0,0.17,0.0
15.322301946000001,0.72,0.0,0.22,0.0
15.323130616,0.72,0.0,0.23,0.0
15.324280328,0.72,0.0,0.22,0.0
15.326344201000001,0.72,0.0,0.22,0.0
15.327105317000001,0.72,0.0,0.23,0.0
15.328316818000001,0.72,0.0,0.23,0.01
15.329094387000001,0.72,0.0,0.23,0.0
15.330316445000001,0.72,0.0,0.23,0.0
15.331097464,0.72,0.0,0.23,0.0
15.332177799,0.72,0.0,0.23,0.0
15.333143013,0.72,0.0,0.23,0.0
15.334326157000001,0.72,0.0,0.23,0.0
15.335123293,0.72,0.0,0.23,0.0
15.336350184,0.72,0.0,0.23,0.0
15.337096385,0.72,0.0,0.18,0.0
15.338387087000001,0.72,0.0,0.2,0.0
15.340145587,0.72,0.0,0.2,0.0
15.341217498,0.72,0.0,0.2,0.0
15.342151843000002,0.72,0.0,0.21,0.0
15.343407283000001,0.72,0.0,0.21,0.0
15.344098211,0.72,0.0,0.21,0.0
15.345488367000002,0.72,0.0,0.2,0.0
15.346097767000002,0.72,0.0,0.21,0.0
15.347277805000001,0.72,0.0,0.21,0.0
15.348236808000001,0.72,0.0,0.21,0.0
15.349164052,0.72,0.0,0.2,0.0
15.350158794,0.72,0.0,0.2,0.0
15.351148885,0.72,0.0,0.2,0.0
15.352136832000001,0.72,0.0,0.19,0.0
15.353137206000001,0.72,0.0,0.19,0.0
15.355322186,0.72,0.01,0.19,0.0
15.356150536000001,0.72,0.0,0.2,0.0
15.357195546000002,0.71,0.0,0.2,0.0
15.358189389000001,0.72,0.0,0.2,0.0
15.359187563,0.72,0.0,0.2,0.0
15.360197236000001,0.72,0.0,0.2,0.0
15.361247152,0.72,0.0,0.2,0.0
15.362187019,0.72,0.0,0.2,0.0
15.363269539000001,0.72,0.0,0.2,0.0
15.364227012,0.72,0.0,0.2,0.0
15.365201494,0.72,0.0,0.2,0.0
15.366182653000001,0.72,0.0,0.2,0.0
15.367155572000001,0.72,0.0,0.21,0.0
15.36820437,0.72,0.0,0.21,0.0
15.370280525,0.72,0.0,0.21,0.0
15.371159602,0.72,0.0,0.21,0.0
15.372206944,0.72,0.0,0.2,0.0
15.373193688,0.72,0.0,0.21,0.0
15.374166602,0.72,0.0,0.21,0.0
15.375196816,0.72,0.0,0.21,0.0
15.376199262,0.72,0.0,0.21,0.0
15.377200827000001,0.72,0.0,0.2,0.0
15.378123689,0.72,0.0,0.2,0.0
15.379348437,0.72,0.0,0.2,0.0
15.380107199000001,0.72,0.0,0.2,0.0
15.381141968000001,0.72,0.0,0.19,0.0
15.382127993000001,0.72,0.0,0.2,0.0
15.383320608000002,0.72,0.0,0.2,0.0
15.385283844000002,0.72,0.0,0.19,0.0
15.386102913,0.72,0.0,0.19,0.0
15.387146446000001,0.72,0.0,0.19,0.0
15.388220385,0.72,0.0,0.19,0.0
15.389121701,0.72,0.0,0.2,0.0
15.390210567,0.72,0.0,0.19,0.0
15.391211148000002,0.72,0.0,0.19,0.0
15.392214747,0.72,0.0,0.19,0.0
15.393160266,0.72,0.0,0.19,0.0
15.394274600000001,0.72,0.0,0.19,0.0
15.395138168,0.72,0.0,0.19,0.0
15.396299244000001,0.72,0.0,0.19,0.0
15.397092766,0.72,0.0,0.19,0.0
15.399250451,0.72,0.0,0.19,0.0
15.400093156,0.72,0.0,0.19,0.0
15.401252314,0.72,0.0,0.19,0.0
15.40213903,0.72,0.0,0.19,0.0
15.403291006000002,0.72,0.0,0.2,0.0
15.404149105,0.72,0.0,0.2,0.0
15.405237866,0.72,0.0,0.21,0.0
15.406131629,0.72,0.0,0.21,0.0
15.40737793,0.72,0.0,0.2,0.0
15.408081797000001,0.72,0.0,0.2,0.0
15.409245079000002,0.72,0.0,0.2,0.0
15.410134139,0.72,0.01,0.21,0.0
15.411134823000001,0.72,0.0,0.2,0.0
15.412129671,0.72,0.0,0.21,0.0
15.414353230000001,0.72,0.0,0.21,0.0
15.415109253,0.72,0.0,0.2,0.0
15.416423278000002,0.72,0.0,0.21,0.0
15.417088486,0.72,0.0,0.22,0.0
15.418356583000001,0.72,0.0,0.22,0.0
15.419088011000001,0.72,0.0,0.21,0.0
15.420137191,0.72,0.0,0.21,0.0
15.421251471000001,0.72,0.0,0.22,0.0
15.422247203000001,0.72,0.0,0.21,0.0
15.423111939000002,0.72,0.0,0.22,0.0
15.424273008,0.72,0.0,0.21,0.0
15.425117005,0.72,0.0,0.21,0.0
15.426328014000001,0.72,0.0,0.22,0.0
15.427132872000001,0.72,0.0,0.22,0.0
15.428471876000001,0.72,0.0,0.21,0.0
15.430385147,0.72,0.0,0.22,0.0
15.431080113,0.72,0.0,0.22,0.0
15.43227339,0.72,0.0,0.2,0.0
15.433734000000001,0.72,0.0,0.2,0.0
15.434555979,0.72,0.0,0.2,0.0
15.435225022000001,0.72,0.0,0.19,0.0
15.436175775,0.72,0.0,0.19,0.0
15.437194443000001,0.72,0.0,0.19,0.0
15.438151053,0.72,0.0,0.2,0.0
15.439400883000001,0.72,0.01,0.2,0.0
15.440113921000002,0.72,0.0,0.19,0.0
15.441317437,0.72,0.0,0.19,0.0
15.442147180000001,0.72,0.0,0.2,0.0
15.443192450000002,0.72,0.0,0.2,0.0
15.444196093,0.72,0.0,0.19,0.0
15.446429546000001,0.72,0.0,0.19,0.0
15.447376304,0.72,0.0,0.19,0.0
15.448418727000002,0.72,0.0,0.19,0.0
15.449604386,0.72,0.0,0.19,0.0
15.450508955,0.72,0.0,0.2,0.0
15.451271052000001,0.72,0.0,0.19,0.0
15.452200267,0.72,0.0,0.19,0.0
15.453208121000001,0.72,0.0,0.19,0.0
15.454160940000001,0.72,0.0,0.19,0.0
15.455193541000002,0.72,0.0,0.19,0.0
15.456180672,0.72,0.0,0.2,0.0
15.457166268000002,0.72,0.0,0.19,0.0
15.458174240000002,0.72,0.0,0.19,0.0
15.459205422,0.72,0.0,0.19,0.0
15.461283626,0.72,0.0,0.19,0.0
15.462132378000002,0.72,0.0,0.19,0.0
15.463193386,0.72,0.0,0.19,0.0
15.464103697,0.71,0.0,0.19,0.0
15.465280483,0.72,0.0,0.19,0.0
15.466106851000001,0.72,0.0,0.19,0.0
15.467209384,0.72,0.0,0.19,0.0
15.468125029000001,0.72,0.0,0.19,0.0
15.469329027,0.72,0.0,0.2,0.0
15.470101869,0.72,0.0,0.19,0.0
15.471128445000002,0.72,0.0,0.19,0.0
15.472134923,0.72,0.0,0.19,0.0
15.473136997000001,0.72,0.0,0.19,0.0
15.474284239000001,0.72,0.0,0.19,0.0
15.476332825000002,0.72,0.0,0.18,0.0
15.477102288000001,0.72,0.0,0.18,0.0
15.478133426000001,0.72,0.0,0.19,0.0
15.479204195000001,0.73,0.0,0.19,0.0
15.480203282000002,0.72,0.0,0.19,0.0
15.481114402000001,0.73,0.0,0.22,0.0
15.482251637000001,0.73,0.0,0.22,0.0
15.483192165,0.73,0.0,0.22,0.0
15.484219943000001,0.73,0.0,0.22,0.0
15.485173839000002,0.72,0.0,0.23,0.0
15.486320287000002,0.72,0.0,0.23,0.0
15.487089852,0.73,0.0,0.23,0.0
15.488242745,0.72,0.0,0.23,0.0
15.489137532,0.73,0.0,0.23,0.0
15.490353403,0.72,0.0,0.23,0.0
15.492270784,0.73,0.0,0.23,0.0
15.493089587000002,0.73,0.0,0.24,0.0
15.494227076000001,0.73,0.0,0.25,0.0
15.495220248,0.72,0.0,0.24,0.0
15.496211461000001,0.73,0.0,0.24,0.0
15.497247578000001,0.73,0.0,0.25,0.0
15.498122153,0.73,0.0,0.24,0.0
15.499224686000002,0.73,0.0,0.25,0.0
15.500179628000001,0.72,0.0,0.25,0.0
15.501288214,0.73,0.0,0.25,0.0
15.502161291,0.73,0.0,0.25,0.0
15.503316739,0.73,0.0,0.25,0.0
15.504086504000002,0.72,0.0,0.25,0.0
15.505253504,0.73,0.0,0.25,0.0
15.507352377,0.73,0.0,0.25,0.0
15.508086615000002,0.72,0.0,0.24,0.0
15.509324952000002,0.73,0.0,0.24,0.0
15.510123386000002,0.73,0.0,0.24,0.0
15.511186597000002,0.72,0.01,0.25,0.0
15.512177601000001,0.72,0.0,0.25,0.0
15.513154059000001,0.72,0.0,0.25,0.0
15.514121193000001,0.72,0.0,0.25,0.0
15.515104006000001,0.72,0.0,0.25,0.0
15.516226363000001,0.72,0.0,0.24,0.0
15.517081182,0.72,0.0,0.24,0.0
15.518244244000002,0.72,0.0,0.24,0.0
15.51911291,0.72,0.0,0.24,0.0
15.52013997,0.72,0.0,0.24,0.0
15.521173019,0.72,0.0,0.24,0.0
15.523265376000001,0.73,0.0,0.26,0.0
15.524089960000001,0.72,0.0,0.25,0.0
15.525356453,0.72,0.0,0.25,0.0
15.526115413000001,0.72,0.0,0.25,0.0
15.527237756000002,0.73,0.0,0.24,0.0
15.528077833000001,0.72,0.0,0.25,0.0
15.529339293000001,0.72,0.0,0.25,0.0
15.530080257000002,0.73,0.0,0.25,0.0
15.531237035,0.73,0.0,0.25,0.0
15.532154933000001,0.72,0.0,0.25,0.0
15.53441708,0.73,0.0,0.25,0.0
15.535094246000002,0.72,0.0,0.25,0.0
15.536161375,0.72,0.0,0.25,0.0
15.537108089,0.72,0.0,0.25,0.0
15.538105716,0.73,0.0,0.25,0.0
15.539277676000001,0.73,0.0,0.25,0.0
15.540116604000001,0.72,0.0,0.25,0.0
15.541187913000002,0.73,0.0,0.25,0.0
15.542181985000001,0.73,0.0,0.25,0.0
15.543102422,0.73,0.0,0.25,0.0
15.544270469,0.73,0.0,0.25,0.0
15.545165878,0.73,0.0,0.25,0.0
15.546153524000001,0.73,0.01,0.25,0.0
15.547175342000001,0.73,0.0,0.24,0.0
15.548135272000001,0.72,0.0,0.24,0.0
15.549236718000001,0.72,0.0,0.24,0.0
15.551247744000001,0.72,0.0,0.24,0.0
15.552207219000001,0.72,0.0,0.24,0.0
15.553218519000001,0.72,0.0,0.24,0.0
15.554115362000001,0.72,0.0,0.23,0.0
15.555353864,0.72,0.0,0.23,0.0
15.55608068,0.72,0.01,0.23,0.0
15.557233507000001,0.72,0.0,0.23,0.0
15.558158762000001,0.73,0.0,0.23,0.0
15.559120408000002,0.72,0.0,0.23,0.0
15.560105069,0.73,0.0,0.23,0.0
15.561247177,0.72,0.0,0.23,0.0
15.562080035000001,0.72,0.0,0.23,0.0
15.563335914000001,0.72,0.0,0.23,0.0
15.565625045,0.72,0.0,0.23,0.0
15.566107029000001,0.72,0.0,0.24,0.0
15.567266299000002,0.72,0.0,0.24,0.0
15.568094117000001,0.72,0.0,0.23,0.0
15.569331290000001,0.72,0.0,0.23,0.0
15.570126192000002,0.72,0.0,0.24,0.0
15.571234867000001,0.72,0.0,0.24,0.0
15.572199394,0.72,0.0,0.23,0.01
15.573183351,0.72,0.0,0.24,0.01
15.574209205,0.72,0.0,0.25,0.0
15.575157343,0.72,0.0,0.27,0.0
15.576214180000001,0.72,0.0,0.27,0.0
15.577207499000002,0.72,0.0,0.28,0.0
15.578353244,0.73,0.0,0.28,0.0
15.579216712000001,0.72,0.0,0.28,0.0
15.580283592,0.72,0.0,0.28,0.0
15.582511695,0.72,0.0,0.28,0.0
15.583630167,0.72,0.0,0.28,0.0
15.584428691000001,0.72,0.0,0.28,0.0
15.585211794000001,0.72,0.0,0.27,0.0
15.586241245000002,0.72,0.0,0.27,0.0
15.587252368000001,0.72,0.0,0.27,0.0
15.588276786000002,0.72,0.0,0.28,0.0
15.589287983,0.72,0.0,0.28,0.0
15.590239589000001,0.72,0.0,0.28,0.0
15.591193732,0.72,0.0,0.27,0.0
15.592183769000002,0.72,0.0,0.27,0.0
15.593189779000001,0.72,0.0,0.28,0.0
15.594199898000001,0.72,0.0,0.28,0.0
15.596379839,0.73,0.0,0.28,0.0
15.597657103000001,0.72,0.0,0.28,0.0
15.598866238000001,0.72,0.0,0.28,0.0
15.599890346,0.72,0.0,0.28,0.0
15.600894911000001,0.72,0.0,0.26,0.0
15.601817257,0.72,0.0,0.27,0.0
15.602699172000001,0.72,0.0,0.27,0.0
15.603517778,0.72,0.0,0.26,0.0
15.604335457000001,0.72,0.0,0.27,0.0
15.605289027000001,0.72,0.0,0.27,0.0
15.606204912,0.72,0.0,0.26,0.0
15.607182962000001,0.72,0.0,0.26,0.0
15.608191886,0.72,0.0,0.26,0.0
15.609189610000001,0.72,0.0,0.26,0.0
15.611458217000001,0.72,0.0,0.26,0.0
15.612356302,0.72,0.0,0.26,0.0
15.613242658,0.72,0.0,0.26,0.0
15.614161498000001,0.72,0.0,0.26,0.0
15.615189531,0.73,0.0,0.26,0.0
15.616232999000001,0.72,0.0,0.27,0.0
15.617166567000002,0.72,0.0,0.26,0.0
15.618178105,0.72,0.0,0.26,0.0
15.619238692000001,0.72,0.0,0.26,0.0
15.620201866,0.72,0.0,0.26,0.0
15.621112879000002,0.72,0.0,0.26,0.0
15.622163219,0.72,0.0,0.27,0.0
15.623209134000001,0.72,0.0,0.26,0.0
15.625385559000001,0.72,0.0,0.26,0.0
15.626125422000001,0.72,0.0,0.26,0.0
15.627212305,0.72,0.0,0.26,0.0
15.628200339000001,0.72,0.0,0.26,0.0
15.629320129000002,0.72,0.0,0.26,0.0
15.630260174000002,0.72,0.0,0.26,0.0
15.631318367,0.72,0.0,0.27,0.0
15.632183947000001,0.72,0.0,0.27,0.0
15.633231397000001,0.72,0.0,0.26,0.0
15.634221108,0.72,0.0,0.27,0.0
15.635199945,0.72,0.0,0.28,0.0
15.636208884,0.72,0.0,0.28,0.0
15.637226903,0.72,0.0,0.28,0.0
15.638235532000001,0.72,0.0,0.28,0.0
15.639239138,0.72,0.0,0.28,0.0
15.640363429,0.72,0.0,0.28,0.0
15.641300429000001,0.72,0.0,0.28,0.0
15.643436733000001,0.72,0.0,0.28,0.0
15.644396469,0.73,0.0,0.28,0.0
15.64521507,0.72,0.0,0.28,0.0
15.646186360000002,0.72,0.0,0.28,0.0
15.647153543000002,0.72,0.0,0.28,0.0
15.648188566000002,0.73,0.0,0.28,0.0
15.649183373000001,0.72,0.0,0.28,0.0
15.650186235000001,0.72,0.0,0.28,0.0
15.651173661000001,0.73,0.0,0.28,0.0
15.652158701000001,0.72,0.0,0.28,0.0
15.653157662000002,0.72,0.0,0.28,0.0
15.654166931,0.72,0.0,0.28,0.0
15.655197752000001,0.72,0.0,0.28,0.0
15.657358083,0.72,0.0,0.28,0.0
15.658131716000002,0.72,0.0,0.28,0.0
15.65920116,0.73,0.0,0.28,0.0
15.660198683,0.72,0.0,0.28,0.0
15.661302115000002,0.72,0.0,0.28,0.0
15.662111453000001,0.73,0.0,0.28,0.0
15.663328433,0.72,0.0,0.28,0.0
15.664100254000001,0.73,0.0,0.28,0.0
15.665340859,0.73,0.0,0.28,0.0
15.666096712000002,0.73,0.0,0.28,0.0
15.667284502000001,0.73,0.0,0.28,0.0
15.668124593000002,0.72,0.0,0.28,0.01
15.669353838000001,0.73,0.0,0.27,0.0
15.671365530000001,0.73,0.0,0.28,0.0
15.672091305,0.73,0.0,0.28,0.0
15.673259057000001,0.73,0.0,0.28,0.0
15.674132938000001,0.73,0.0,0.27,0.0
15.675349954000001,0.73,0.0,0.27,0.0
15.676086782,0.73,0.0,0.27,0.0
15.677433418000001,0.73,0.0,0.26,0.0
15.678085256000001,0.72,0.0,0.26,0.0
15.679251476000001,0.73,0.0,0.26,0.0
15.680201140000001,0.73,0.0,0.24,0.0
15.681129234,0.72,0.0,0.25,0.0
15.682259851000001,0.73,0.0,0.25,0.0
15.683165515,0.73,0.0,0.25,0.0
15.684346427000001,0.73,0.0,0.25,0.0
15.686357437000002,0.73,0.0,0.25,0.0
15.68711427,0.72,0.0,0.25,0.0
15.688324588,0.73,0.0,0.25,0.0
15.689086363000001,0.72,0.0,0.25,0.0
15.690358326,0.73,0.0,0.25,0.0
15.691111248,0.73,0.0,0.24,0.0
15.692269303000002,0.72,0.0,0.24,0.0
15.693209243000002,0.73,0.0,0.22,0.0
15.694318984,0.73,0.0,0.23,0.0
15.695080237,0.73,0.0,0.24,0.0
15.696271171000001,0.73,0.0,0.25,0.0
15.697174576,0.73,0.0,0.25,0.0
15.698107079000001,0.73,0.0,0.25,0.0
15.70024188,0.73,0.0,0.25,0.0
15.701221942,0.73,0.0,0.26,0.0
15.702214354,0.73,0.0,0.26,0.0
15.703081753000001,0.73,0.0,0.26,0.0
15.704091283,0.73,0.0,0.26,0.0
15.705215475000001,0.73,0.0,0.27,0.0
15.706127858,0.73,0.0,0.26,0.0
15.707111159,0.73,0.0,0.26,0.0
15.708287477,0.73,0.0,0.26,0.0
15.709088220000002,0.73,0.0,0.25,0.0
15.710194545,0.73,0.0,0.26,0.01
15.711085279,0.73,0.0,0.25,0.0
15.712155202000002,0.73,0.0,0.25,0.0
15.713151696,0.73,0.0,0.25,0.0
15.715273602000002,0.73,0.0,0.25,0.0
15.716096420000001,0.73,0.0,0.24,0.0
15.717209414000001,0.73,0.0,0.24,0.0
15.718216138,0.73,0.0,0.24,0.0
15.719194686000002,0.73,0.0,0.23,0.0
15.720237010000002,0.73,0.0,0.24,0.0
15.721211531000002,0.73,0.0,0.23,0.0
15.722162633000002,0.73,0.0,0.23,0.0
15.723361777000001,0.73,0.0,0.24,0.0
15.724091988000001,0.73,0.0,0.23,0.0
15.725373961,0.73,0.0,0.23,0.0
15.726089332,0.73,0.0,0.23,0.0
15.727286515000001,0.73,0.0,0.25,0.0
15.728108189,0.73,0.0,0.25,0.0
15.729143545000001,0.72,0.0,0.25,0.0
15.731238276000001,0.73,0.0,0.23,0.01
15.732162235,0.73,0.0,0.23,0.0
15.733624173,0.73,0.0,0.24,0.0
15.734495635000002,0.73,0.0,0.24,0.0
15.735228455000001,0.72,0.0,0.24,0.0
15.736099307000002,0.73,0.0,0.24,0.0
15.737359089000002,0.72,0.0,0.23,0.0
15.738120841,0.71,0.0,0.22,0.0
15.739157838,0.72,0.0,0.23,0.0
15.740150469000001,0.73,0.0,0.22,0.0
15.741331576,0.73,0.0,0.2,0.0
15.742118925000002,0.73,0.0,0.18,0.0
15.743192364,0.73,0.0,0.2,0.0
15.744212449,0.73,0.0,0.2,0.0
15.746436353000002,0.73,0.0,0.19,0.0
15.747261252000001,0.73,0.0,0.19,0.0
15.748953099000001,0.73,0.0,0.21,0.0
15.750483831,0.73,0.0,0.19,0.0
15.752057266000001,0.73,0.0,0.2,0.0
15.753475846,0.73,0.0,0.18,0.0
15.754745252000001,0.73,0.0,0.18,0.0
15.755751411,0.73,0.0,0.19,0.0
15.756266334000001,0.73,0.0,0.19,0.0
15.757134279,0.73,0.0,0.2,0.0
15.758133112000001,0.73,0.0,0.21,0.0
15.759286652,0.73,0.0,0.21,0.0
15.760306665000002,0.72,0.0,0.22,0.01
15.761387858,0.72,0.0,0.21,0.0
15.762413067,0.73,0.0,0.1,0.0
15.763384901,0.73,0.0,0.1,0.0
15.7642877,0.72,0.0,0.11,0.0
15.765276751000002,0.73,0.0,0.1,0.0
15.766290354,0.73,0.0,0.1,0.0
15.767180568,0.73,0.0,0.11,0.0
15.768221463000001,0.73,0.0,0.11,0.0
15.76921755,0.73,0.0,0.11,0.0
15.770145800000002,0.73,0.0,0.11,0.0
15.771162741000001,0.73,0.0,0.11,0.0
15.772163575,0.73,0.0,0.11,0.0
15.773182996000001,0.72,0.0,0.11,0.0
15.774202844000001,0.73,0.0,0.1,0.0
15.775158758000002,0.72,0.0,0.11,0.0
15.776202235000001,0.72,0.0,0.11,0.0
15.777182607,0.73,0.0,0.11,0.0
15.778192271000002,0.73,0.0,0.1,0.0
15.779168041,0.73,0.0,0.11,0.0
15.780208311,0.73,0.0,0.11,0.0
15.781200708000002,0.73,0.0,0.1,0.0
15.782200376,0.73,0.0,0.11,0.0
15.783188778000001,0.73,0.0,0.1,0.0
15.784193102000001,0.73,0.0,0.1,0.0
15.785193109000001,0.73,0.0,0.1,0.0
15.786184989,0.73,0.0,0.1,0.0
15.787160828000001,0.73,0.0,0.1,0.0
15.788158676,0.73,0.0,0.11,0.0
15.789324605000001,0.73,0.0,0.11,0.0
15.790121464,0.73,0.0,0.1,0.0
15.791338327000002,0.72,0.0,0.1,0.0
15.793346060000001,0.72,0.0,0.1,0.0
15.794158793000001,0.72,0.0,0.1,0.0
15.795140211000001,0.73,0.0,0.1,0.0
15.796199972,0.73,0.0,0.11,0.0
15.797192174000001,0.73,0.0,0.1,0.0
15.798123463000001,0.73,0.0,0.1,0.0
15.799504948000001,0.73,0.0,0.1,0.0
15.800098974,0.73,0.0,0.12,0.0
15.801186173000001,0.72,0.0,0.11,0.0
15.802258938000001,0.73,0.0,0.1,0.0
15.803082673,0.73,0.0,0.1,0.0
15.804234898,0.73,0.0,0.1,0.0
15.805166456,0.74,0.0,0.09,0.0
15.806369239,0.73,0.0,0.1,0.0
15.808370711,0.73,0.0,0.09,0.0
15.809083110000001,0.73,0.0,0.09,0.0
15.810233887,0.73,0.0,0.09,0.0
15.811076209000001,0.73,0.0,0.09,0.0
15.812402876,0.73,0.01,0.1,0.0
15.813083472,0.73,0.0,0.11,0.0
15.814218377000001,0.73,0.0,0.1,0.0
15.815216917,0.73,0.01,0.1,0.0
15.816160527000001,0.72,0.0,0.1,0.0
15.817269286,0.72,0.0,0.1,0.0
15.818086351000002,0.73,0.0,0.1,0.0
15.819307859,0.73,0.0,0.11,0.0
15.821341634000001,0.73,0.0,0.1,0.0
15.822145056000002,0.73,0.0,0.1,0.0
15.823232166,0.73,0.0,0.1,0.0
15.824224884000001,0.72,0.0,0.1,0.0
15.825219731,0.73,0.0,0.1,0.0
15.826129285,0.73,0.0,0.1,0.0
15.827411706000001,0.73,0.0,0.11,0.0
15.828091630000001,0.74,0.0,0.11,0.0
15.829339205,0.73,0.0,0.11,0.0
15.830161247000001,0.73,0.0,0.11,0.0
15.831755388000001,0.73,0.0,0.11,0.0
15.832310469000001,0.72,0.0,0.11,0.0
15.833102537,0.73,0.0,0.11,0.0
15.834180341000001,0.73,0.0,0.1,0.0
15.835217318000002,0.74,0.0,0.11,0.0
15.836238862000002,0.73,0.0,0.11,0.0
15.838398071,0.73,0.0,0.11,0.0
15.839225890000002,0.73,0.0,0.11,0.0
15.840178238000002,0.73,0.0,0.11,0.0
15.841189411,0.73,0.0,0.11,0.0
15.842195867000001,0.73,0.0,0.11,0.0
15.843220591000001,0.74,0.0,0.11,0.0
15.844218769000001,0.74,0.01,0.11,0.0
15.845331810000001,0.73,0.0,0.11,0.0
15.846349498,0.73,0.0,0.11,0.0
15.847248053000001,0.73,0.0,0.11,0.0
15.848279165000001,0.73,0.0,0.11,0.0
15.849247361000002,0.73,0.0,0.11,0.0
15.850184454,0.73,0.0,0.11,0.0
15.851164330000001,0.73,0.0,0.11,0.0
15.85344667,0.73,0.0,0.11,0.0
15.854226946,0.74,0.0,0.1,0.0
15.855174729000002,0.74,0.0,0.11,0.0
15.856207048000002,0.72,0.0,0.11,0.0
15.857197990000001,0.72,0.0,0.11,0.0
15.858155817000002,0.73,0.0,0.11,0.0
15.859226887,0.73,0.0,0.11,0.0
15.860211657,0.73,0.0,0.11,0.0
15.861140907000001,0.74,0.0,0.11,0.0
15.862212062000001,0.73,0.0,0.11,0.0
15.863181954000002,0.73,0.0,0.12,0.0
15.864186894000001,0.73,0.0,0.11,0.0
15.865147775,0.73,0.0,0.11,0.0
15.86636348,0.73,0.0,0.11,0.0
15.868396316,0.73,0.0,0.11,0.0
15.869124093000002,0.73,0.0,0.11,0.0
15.870243438000001,0.73,0.0,0.11,0.0
15.871223505000001,0.73,0.0,0.11,0.0
15.872229993000001,0.73,0.0,0.11,0.0
15.873216101,0.72,0.0,0.11,0.0
15.874249129,0.73,0.0,0.11,0.0
15.875222493,0.73,0.0,0.11,0.0
15.876231616,0.73,0.0,0.11,0.0
15.877195512,0.73,0.0,0.11,0.0
15.878335143000001,0.72,0.0,0.11,0.0
15.879106610000001,0.72,0.0,0.11,0.0
15.880376900000002,0.71,0.0,0.11,0.0
15.882152453000002,0.72,0.0,0.11,0.0
15.883210115,0.72,0.0,0.1,0.0
15.884263872000002,0.73,0.0,0.09,0.0
15.885232138000001,0.73,0.0,0.07,0.0
15.886271528000002,0.73,0.0,0.0,0.0
15.887208794000001,0.73,0.0,0.01,0.0
15.888223554000001,0.73,0.0,0.0,0.0
15.889107115000002,0.73,0.0,0.0,0.0
15.890292696000001,0.73,0.0,0.0,0.0
15.891147557000002,0.73,0.0,0.0,0.0
15.892162763000002,0.73,0.0,0.0,0.0
15.893165025000002,0.73,0.0,0.01,0.0
15.894203227,0.73,0.0,0.0,0.0
15.895187903000002,0.72,0.0,0.0,0.0
15.896205883,0.72,0.0,0.01,0.0
15.898389718,0.73,0.0,0.01,0.0
15.899211381,0.72,0.0,0.01,0.0
15.900198578000001,0.72,0.0,0.01,0.0
15.901200703,0.72,0.0,0.02,0.0
15.902212061,0.72,0.0,0.01,0.0
15.903223081,0.72,0.0,0.02,0.0
15.904213569000001,0.72,0.0,0.01,0.0
15.905195382,0.72,0.0,0.01,0.0
15.9061658,0.72,0.0,0.02,0.0
15.907167643000001,0.72,0.0,0.02,0.0
15.908184173,0.73,0.0,0.01,0.0
15.909192136000001,0.73,0.0,0.01,0.0
15.910187503000001,0.73,0.0,0.02,0.0
15.911140895,0.73,0.0,0.02,0.0
15.912197168,0.73,0.0,0.02,0.0
15.914348993,0.73,0.0,0.03,0.0
15.915139646000002,0.73,0.0,0.03,0.0
15.916200776,0.73,0.0,0.02,0.0
15.91719735,0.73,0.0,0.03,0.0
15.91835209,0.73,0.0,0.03,0.0
15.919117473000002,0.73,0.0,0.02,0.0
15.920110008000002,0.72,0.0,0.02,0.0
15.92120685,0.72,0.0,0.02,0.0
15.922134657,0.73,0.0,0.01,0.0
15.923257043000001,0.72,0.0,0.01,0.0
15.92409566,0.73,0.0,0.01,0.0
15.925156618,0.72,0.0,0.01,0.0
15.926179555000001,0.72,0.0,0.01,0.0
15.927219126,0.73,0.0,0.0,0.0
15.929284876,0.72,0.0,0.0,0.0
15.930103455000001,0.73,0.0,0.01,0.0
15.931131605000001,0.73,0.0,0.01,0.0
15.932207495,0.73,0.0,0.01,0.0
15.934077749000002,0.73,0.0,0.0,0.0
15.93533638,0.74,0.0,0.01,0.0
15.936142593000001,0.73,0.0,0.01,0.0
15.937290202000002,0.73,0.0,0.01,0.0
15.938074232000002,0.74,0.0,0.01,0.0
15.93927588,0.73,0.0,0.01,0.0
15.940145200000002,0.74,0.0,0.01,0.0
15.941359983000002,0.74,0.0,0.01,0.0
15.942141277000001,0.73,0.0,0.0,0.0
15.943353586,0.74,0.0,0.0,0.0
15.944121677000002,0.74,0.0,0.0,0.0
15.945350707000001,0.73,0.0,0.0,0.0
15.946156981000001,0.73,0.0,0.0,0.0
15.947293408,0.73,0.0,0.0,0.0
15.948116852000002,0.73,0.0,0.01,0.0
15.949372067,0.73,0.0,0.01,0.0
15.950128358,0.73,0.0,0.01,0.0
15.951365517000001,0.73,0.0,0.01,0.0
15.952070386,0.73,0.0,0.01,0.0
15.953220384000002,0.73,0.0,0.01,0.0
15.954069342,0.73,0.0,0.01,0.0
15.95532275,0.73,0.0,0.01,0.0
15.956071130000002,0.73,0.0,0.01,0.0
15.957473366,0.73,0.0,0.02,0.0
15.959361123,0.73,0.0,0.04,0.0
15.960080666000001,0.73,0.0,0.05,0.0
15.961077716,0.73,0.0,0.03,0.0
15.962448025,0.73,0.0,0.05,0.0
15.963084415,0.73,0.0,0.06,0.0
15.964193273000001,0.73,0.0,0.05,0.0
15.965128405000002,0.73,0.0,0.06,0.0
15.966360695,0.73,0.0,0.07,0.0
15.967131101000001,0.73,0.0,0.06,0.0
15.968150067000002,0.73,0.0,0.05,0.0
15.969260729,0.73,0.0,0.03,0.0
15.970079078000001,0.72,0.0,0.06,0.0
15.971364235000001,0.72,0.0,0.06,0.0
15.972073515000002,0.73,0.0,0.06,0.0
15.973373665,0.73,0.0,0.07,0.0
15.975366298,0.73,0.0,0.07,0.0
15.976077663000002,0.73,0.0,0.07,0.0
15.977246747,0.73,0.0,0.07,0.0
15.978067305000001,0.73,0.0,0.07,0.0
15.979352466000002,0.73,0.0,0.07,0.0
15.980077478,0.73,0.0,0.07,0.01
15.981112678,0.73,0.0,0.07,0.0
15.982253381000001,0.73,0.0,0.08,0.0
15.983138609000001,0.73,0.0,0.08,0.0
15.984289419000001,0.73,0.0,0.08,0.0
15.985161009,0.73,0.0,0.08,0.0
15.986353141,0.72,0.0,0.08,0.0
15.988381834,0.72,0.0,0.07,0.0
15.989083442000002,0.73,0.0,0.07,0.0
15.990351035000002,0.73,0.0,0.08,0.0
15.991078100000001,0.73,0.0,0.07,0.0
15.992254265000001,0.73,0.0,0.07,0.0
15.993243246,0.72,0.0,0.06,0.0
15.994225009,0.72,0.0,0.06,0.0
15.995198711,0.72,0.0,0.05,0.0
15.996408958000002,0.73,0.0,0.05,0.0
15.997081551,0.73,0.0,0.05,0.0
15.999514727000001,0.73,0.0,0.06,0.0
16.00007947,0.72,0.0,0.05,0.0
16.001398435000002,0.72,0.0,0.05,0.0
16.002067685,0.72,0.0,0.06,0.0
16.003351382,0.72,0.0,0.05,0.0
16.004073703,0.73,0.0,0.08,0.0
16.005368882000003,0.73,0.0,0.08,0.0
16.006138535,0.73,0.0,0.07,0.0
16.007134742,0.73,0.0,0.08,0.0
16.008252617,0.72,0.0,0.07,0.0
16.009258798,0.72,0.0,0.07,0.0
16.010254583000002,0.73,0.0,0.08,0.0
16.011072814000002,0.72,0.0,0.08,0.0
16.012303176,0.73,0.0,0.07,0.0
16.013171729,0.73,0.0,0.07,0.0
16.014284767,0.73,0.0,0.08,0.01
16.015071305,0.72,0.0,0.08,0.0
16.016216724,0.72,0.0,0.08,0.0
16.018371277,0.73,0.0,0.08,0.0
16.019132988000003,0.73,0.0,0.06,0.0
16.020105963000002,0.73,0.0,0.06,0.0
16.021214224,0.73,0.0,0.07,0.0
16.022248774,0.73,0.0,0.06,0.0
16.02324245,0.72,0.0,0.05,0.0
16.024253085,0.72,0.0,0.06,0.0
16.025241559,0.72,0.0,0.06,0.0
16.026215011,0.73,0.0,0.07,0.0
16.027315875,0.73,0.0,0.06,0.0
16.028126999,0.73,0.0,0.06,0.0
16.029270654,0.73,0.01,0.05,0.0
16.030173569000002,0.73,0.0,0.06,0.0
16.032367333,0.73,0.0,0.05,0.0
16.034183173000002,0.73,0.0,0.07,0.0
16.035273225,0.72,0.0,0.06,0.0
16.036180408,0.72,0.0,0.07,0.0
16.037285939,0.73,0.0,0.07,0.0
16.038264585,0.72,0.0,0.07,0.0
16.03926359,0.73,0.0,0.07,0.0
16.040060143,0.73,0.0,0.07,0.0
16.04148523,0.73,0.0,0.05,0.0
16.042075619000002,0.73,0.0,0.05,0.0
16.043279911000003,0.73,0.0,0.05,0.0
16.044144989,0.73,0.0,0.06,0.01
16.045256332,0.73,0.0,0.06,0.0
16.046070112000002,0.73,0.0,0.05,0.0
16.047289221,0.73,0.0,0.05,0.0
16.048112765000003,0.73,0.0,0.05,0.0
16.049247621,0.72,0.0,0.07,0.0
16.050071599000002,0.72,0.0,0.07,0.0
16.0512863,0.72,0.0,0.08,0.0
16.052070201,0.72,0.0,0.06,0.0
16.053258518,0.72,0.0,0.09,0.0
16.054074226,0.73,0.0,0.07,0.0
16.055223950000002,0.72,0.01,0.07,0.0
16.056243783,0.72,0.0,0.08,0.0
16.057212163000003,0.72,0.0,0.08,0.0
16.058146965000002,0.72,0.0,0.07,0.0
16.059333484,0.72,0.0,0.08,0.0
16.060073141,0.72,0.0,0.07,0.0
16.061210808000002,0.73,0.0,0.07,0.01
16.063375402000002,0.73,0.0,0.04,0.0
16.064086930000002,0.73,0.0,0.04,0.0
16.065239859000002,0.72,0.0,0.04,0.0
16.066238209,0.74,0.0,0.03,0.0
16.067245308,0.73,0.0,0.03,0.0
16.068234363000002,0.73,0.0,0.04,0.0
16.069241186,0.77,0.0,0.05,0.0
16.070074591,0.74,0.0,0.08,0.0
16.071387037,0.74,0.0,0.07,0.0
16.072078186000002,0.74,0.0,0.07,0.0
16.07326689,0.74,0.0,0.08,0.0
16.074078676000003,0.75,0.0,0.08,0.0
16.075253487,0.75,0.0,0.08,0.0
16.076190710000002,0.74,0.0,0.09,0.0
16.078359473000003,0.75,0.0,0.08,0.0
16.079088288,0.74,0.0,0.09,0.0
16.080319711,0.74,0.0,0.1,0.0
16.081118877,0.75,0.0,0.1,0.0
16.082329513,0.75,0.0,0.1,0.0
16.083120945,0.75,0.0,0.11,0.0
16.084310633,0.75,0.0,0.12,0.0
16.085080529000003,0.75,0.0,0.11,0.0
16.086270600000002,0.75,0.0,0.11,0.0
16.087143667,0.75,0.0,0.11,0.0
16.088153891,0.75,0.0,0.11,0.0
16.089147871,0.75,0.0,0.11,0.0
16.090134756,0.75,0.0,0.12,0.0
16.091280386,0.75,0.0,0.11,0.0
16.092080956,0.75,0.0,0.11,0.0
16.094319804,0.75,0.0,0.12,0.0
16.095145694,0.75,0.0,0.11,0.0
16.09623188,0.75,0.0,0.11,0.0
16.097238619000002,0.76,0.0,0.11,0.0
16.098129611,0.75,0.01,0.11,0.0
16.099375058,0.75,0.0,0.11,0.0
16.100085575,0.75,0.0,0.11,0.0
16.10136581,0.75,0.0,0.12,0.0
16.102115258,0.75,0.0,0.11,0.0
16.103186271000002,0.76,0.0,0.11,0.0
16.104092826000002,0.76,0.0,0.11,0.0
16.105288284,0.79,0.0,0.11,0.0
16.106154864,0.78,0.0,0.11,0.0
16.10836284,0.78,0.0,0.11,0.0
16.109086638,0.77,0.0,0.11,0.0
16.110350491000002,0.77,0.0,0.11,0.0
16.111094776,0.77,0.0,0.11,0.0
16.112301562000003,0.77,0.0,0.11,0.0
16.113127269,0.74,0.0,0.11,0.0
16.114262796000002,0.74,0.0,0.11,0.0
16.115109582000002,0.75,0.01,0.11,0.0
16.116239657,0.75,0.0,0.11,0.0
16.117126340000002,0.75,0.0,0.11,0.0
16.118146433,0.74,0.0,0.11,0.0
16.119147298,0.75,0.0,0.1,0.0
16.120284567000002,0.76,0.0,0.1,0.01
16.121147538000002,0.76,0.0,0.11,0.0
16.122398468,0.75,0.0,0.09,0.01
16.124371523,0.76,0.0,0.09,0.0
16.125088284,0.76,0.0,0.09,0.0
16.126163785,0.77,0.0,0.09,0.0
16.127188682,0.77,0.0,0.09,0.0
16.128216137000003,0.77,0.0,0.09,0.0
16.129221261,0.77,0.0,0.09,0.0
16.130211356,0.77,0.0,0.09,0.0
16.131240146,0.77,0.0,0.09,0.0
16.132089966000002,0.77,0.0,0.09,0.0
16.134147665,0.77,0.0,0.07,0.0
16.135115039000002,0.77,0.0,0.08,0.0
16.1361557,0.76,0.0,0.07,0.0
16.137285084000002,0.75,0.0,0.08,0.0
16.13812003,0.75,0.0,0.08,0.0
16.139232317,0.74,0.0,0.09,0.0
16.140071475000003,0.75,0.0,0.09,0.0
16.141370934,0.75,0.0,0.09,0.0
16.142131243,0.73,0.0,0.09,0.0
16.143264858000002,0.73,0.0,0.08,0.0
16.144201601000002,0.73,0.0,0.09,0.0
16.145283208000002,0.73,0.0,0.1,0.0
16.146162788,0.72,0.0,0.11,0.0
16.147111398,0.71,0.0,0.1,0.0
16.148226845,0.72,0.0,0.1,0.0
16.149157091,0.74,0.0,0.1,0.0
16.150165658000002,0.74,0.0,0.11,0.0
16.151205262,0.74,0.0,0.11,0.0
16.153353983000002,0.74,0.0,0.1,0.0
16.154082255000002,0.75,0.0,0.1,0.0
16.155361779,0.74,0.0,0.1,0.0
16.156077330000002,0.72,0.0,0.1,0.0
16.157243678,0.71,0.0,0.09,0.0
16.158251393,0.71,0.0,0.1,0.0
16.159247175,0.72,0.0,0.1,0.0
16.160104145000002,0.71,0.0,0.09,0.0
16.161255633,0.72,0.0,0.09,0.0
16.162134607000002,0.72,0.0,0.08,0.0
16.163166308,0.7,0.0,0.09,0.0
16.16407062,0.67,0.0,0.08,0.0
16.165214209000002,0.67,0.0,0.08,0.0
16.166078025,0.68,0.0,0.09,0.0
16.167132343000002,0.68,0.0,0.07,0.0
16.168267362,0.7,0.0,0.08,0.0
16.170129087,0.7,0.0,0.07,0.0
16.171118815,0.7,0.0,0.08,0.0
16.172117914,0.68,0.0,0.09,0.0
16.173077045,0.69,0.0,0.09,0.0
16.174118491,0.7,0.0,0.11,0.0
16.175153657000003,0.7,0.0,0.1,0.0
16.176220898,0.71,0.0,0.09,0.0
16.17722817,0.71,0.0,0.1,0.0
16.178223018,0.71,0.0,0.11,0.0
16.179216907,0.71,0.0,0.11,0.0
16.180330486000003,0.71,0.0,0.1,0.0
16.181117670000003,0.71,0.0,0.11,0.0
16.182301333,0.71,0.0,0.11,0.0
16.183157043,0.7,0.0,0.11,0.0
16.184342994,0.7,0.0,0.11,0.0
16.186329105000002,0.71,0.0,0.11,0.0
16.187090137000002,0.71,0.0,0.11,0.0
16.1882288,0.71,0.0,0.1,0.0
16.189086105,0.69,0.0,0.1,0.0
16.190252387,0.69,0.0,0.11,0.0
16.191111768000003,0.69,0.0,0.11,0.0
16.192130732000003,0.7,0.0,0.11,0.0
16.193384887,0.7,0.0,0.11,0.0
16.194124568,0.7,0.0,0.11,0.0
16.195078893,0.69,0.0,0.11,0.0
16.196152863000002,0.69,0.0,0.11,0.0
16.197105401,0.69,0.0,0.11,0.0
16.198067673,0.69,0.0,0.11,0.0
16.199303989,0.7,0.0,0.11,0.0
16.200222462,0.7,0.02,0.11,0.0
16.202357405,0.7,0.0,0.11,0.0
16.203089554,0.7,0.01,0.11,0.0
16.204257914,0.7,0.0,0.11,0.0
16.205210047,0.7,0.0,0.11,0.0
16.206236363000002,0.7,0.0,0.11,0.0
16.207351754,0.7,0.0,0.11,0.0
16.208083573,0.7,0.0,0.11,0.0
16.209281725,0.7,0.0,0.11,0.0
16.210083097000002,0.71,0.0,0.11,0.0
16.211183037,0.71,0.0,0.11,0.0
16.212270108000002,0.71,0.0,0.1,0.0
16.213145394,0.7,0.0,0.1,0.0
16.214391309,0.7,0.0,0.11,0.0
16.216394289,0.71,0.0,0.1,0.0
16.217140154000003,0.7,0.0,0.11,0.0
16.218147202,0.7,0.0,0.1,0.0
16.219239856,0.7,0.0,0.11,0.0
16.220158977,0.71,0.0,0.1,0.0
16.221201928,0.71,0.0,0.1,0.0
16.22218912,0.71,0.0,0.1,0.0
16.22321959,0.71,0.0,0.1,0.0
16.224237503,0.72,0.0,0.1,0.0
16.225363338,0.72,0.0,0.1,0.0
16.22639647,0.72,0.0,0.1,0.0
16.227495960000002,0.73,0.0,0.09,0.0
16.228632204,0.72,0.0,0.1,0.0
16.229561693,0.73,0.0,0.1,0.0
16.230402743000003,0.73,0.0,0.1,0.0
16.232428714,0.73,0.0,0.1,0.0
16.235255378,0.73,0.0,0.1,0.0
16.236228535000002,0.74,0.0,0.1,0.0
16.237213809,0.74,0.0,0.1,0.0
16.238186394,0.74,0.0,0.07,0.01
16.239183564,0.73,0.0,0.07,0.0
16.240188973000002,0.73,0.0,0.07,0.0
16.24129817,0.73,0.0,0.07,0.0
16.242207970000003,0.73,0.0,0.08,0.0
16.243180667,0.74,0.0,0.08,0.0
16.244204341,0.73,0.0,0.07,0.0
16.245165806,0.74,0.0,0.08,0.0
16.246190825,0.74,0.0,0.09,0.01
16.247197062,0.74,0.0,0.09,0.0
16.248191732000002,0.74,0.0,0.09,0.0
16.24916481,0.74,0.0,0.09,0.0
16.250190221,0.75,0.0,0.08,0.0
16.251197292,0.74,0.0,0.08,0.0
16.252196553,0.74,0.0,0.09,0.0
16.253198023,0.75,0.0,0.08,0.0
16.254173728,0.74,0.0,0.08,0.0
16.255152233,0.74,0.0,0.08,0.0
16.256283368000002,0.74,0.0,0.09,0.0
16.257111227,0.74,0.0,0.09,0.0
16.258160834,0.75,0.0,0.08,0.0
16.259127409,0.75,0.0,0.08,0.0
16.26027732,0.73,0.0,0.08,0.0
16.261106716,0.73,0.0,0.09,0.0
16.262282562,0.74,0.0,0.09,0.0
16.263134887,0.74,0.0,0.08,0.0
16.264317763,0.74,0.0,0.09,0.0
16.265124895,0.73,0.0,0.08,0.0
16.267710578000003,0.74,0.0,0.08,0.0
16.268131867,0.74,0.0,0.08,0.0
16.269264644,0.74,0.0,0.08,0.0
16.270166725,0.74,0.0,0.08,0.0
16.271370316000002,0.73,0.0,0.09,0.0
16.272107021,0.74,0.0,0.09,0.0
16.273338234,0.73,0.0,0.09,0.0
16.274082203000003,0.74,0.0,0.09,0.0
16.275262801,0.74,0.0,0.09,0.0
16.276072134,0.74,0.0,0.08,0.0
16.277451307,0.73,0.0,0.09,0.0
16.278071343,0.73,0.0,0.08,0.0
16.279361958000003,0.73,0.0,0.08,0.0
16.280072293,0.73,0.0,0.08,0.0
16.281527629,0.74,0.0,0.07,0.0
16.282070983,0.74,0.0,0.07,0.0
16.283497873,0.74,0.0,0.07,0.0
16.284072148,0.74,0.0,0.08,0.0
16.285270297,0.74,0.0,0.08,0.0
16.286138621000003,0.74,0.0,0.09,0.0
16.287354585000003,0.74,0.0,0.1,0.0
16.28817846,0.73,0.0,0.1,0.0
16.290224585,0.73,0.0,0.09,0.0
16.291143107,0.73,0.0,0.09,0.0
16.292255764,0.73,0.0,0.09,0.0
16.293087438,0.73,0.0,0.09,0.0
16.29439885,0.74,0.15,0.1,0.0
16.295082653,0.73,0.15,0.1,0.0
16.296350253,0.73,0.16,0.1,0.0
16.297135289,0.74,0.16,0.11,0.0
16.298248195,0.74,0.16,0.1,0.0
16.299144300000002,0.73,0.16,0.1,0.0
16.301082504,0.74,0.16,0.11,0.0
16.302114244000002,0.73,0.16,0.11,0.0
16.303647959000003,0.73,0.16,0.11,0.0
16.304059246,0.73,0.17,0.11,0.0
16.30543284,0.73,0.16,0.11,0.0
16.306058030000003,0.72,0.16,0.11,0.0
16.307410815,0.73,0.16,0.11,0.0
16.308061426000002,0.72,0.16,0.1,0.0
16.309210454000002,0.73,0.16,0.1,0.0
16.310161455,0.74,0.16,0.1,0.0
16.311100442,0.72,0.16,0.1,0.0
16.312099367000002,0.73,0.16,0.09,0.0
16.313280442,0.72,0.16,0.08,0.0
16.314151439,0.72,0.16,0.07,0.0
16.315221620000003,0.72,0.16,0.08,0.0
16.316153818,0.71,0.16,0.08,0.0
16.317423147,0.71,0.16,0.09,0.0
16.31806997,0.71,0.16,0.09,0.0
16.319255377,0.71,0.16,0.09,0.0
16.321214273000002,0.7,0.16,0.09,0.01
16.322253453000002,0.7,0.16,0.09,0.0
16.323126791,0.7,0.16,0.09,0.0
16.324107138000002,0.7,0.16,0.09,0.0
16.325418963,0.69,0.16,0.09,0.0
16.326081744,0.7,0.16,0.09,0.0
16.327436185,0.69,0.16,0.1,0.0
16.328084648,0.69,0.0,0.09,0.0
16.329249671,0.69,0.0,0.09,0.0
16.330076764,0.7,0.0,0.1,0.0
16.331289617,0.7,0.0,0.09,0.0
16.332156671,0.7,0.0,0.09,0.0
16.333354527,0.7,0.0,0.1,0.0
16.335510414,0.68,0.0,0.09,0.0
16.336067476,0.68,0.0,0.09,0.0
16.337245158,0.68,0.0,0.09,0.0
16.338060016,0.68,0.0,0.1,0.0
16.339397857,0.69,0.0,0.11,0.0
16.340065078000002,0.68,0.0,0.11,0.0
16.341410249000003,0.67,0.0,0.1,0.0
16.342075415,0.67,0.0,0.11,0.0
16.343236024,0.67,0.0,0.11,0.0
16.344153426000002,0.67,0.0,0.1,0.0
16.345107770000002,0.68,0.0,0.1,0.0
16.346150508,0.68,0.0,0.1,0.0
16.348084812,0.68,0.0,0.11,0.0
16.34920082,0.68,0.0,0.11,0.0
16.350192735,0.68,0.0,0.11,0.0
16.351197028,0.68,0.0,0.11,0.0
16.352189807000002,0.68,0.0,0.11,0.0
16.353198868,0.68,0.0,0.11,0.0
16.354182707,0.68,0.0,0.11,0.0
16.355195443,0.69,0.0,0.11,0.0
16.356187411,0.68,0.0,0.11,0.01
16.357210486,0.68,0.0,0.11,0.0
16.358207334,0.68,0.0,0.11,0.0
16.359203303,0.68,0.0,0.11,0.0
16.360202015000002,0.68,0.0,0.11,0.0
16.361218912000002,0.68,0.0,0.11,0.0
16.362190051000002,0.68,0.0,0.11,0.0
16.363178301,0.69,0.0,0.11,0.0
16.365398406,0.69,0.0,0.11,0.0
16.366181839,0.69,0.0,0.11,0.0
16.367161926,0.68,0.0,0.11,0.0
16.368202678,0.69,0.0,0.11,0.0
16.369198231000002,0.68,0.0,0.11,0.0
16.370195017,0.68,0.0,0.11,0.0
16.371191523,0.68,0.0,0.1,0.0
16.37218996,0.68,0.0,0.1,0.0
16.373194524000002,0.69,0.0,0.1,0.0
16.374159702,0.68,0.0,0.09,0.0
16.375157583,0.68,0.0,0.09,0.0
16.376158388,0.68,0.0,0.1,0.0
16.377311163,0.68,0.0,0.09,0.0
16.378117204000002,0.68,0.01,0.08,0.0
16.379318935,0.68,0.0,0.05,0.0
16.381328341,0.68,0.0,0.05,0.0
16.38210651,0.68,0.0,0.08,0.0
16.383273101,0.69,0.0,0.07,0.0
16.384147297000002,0.69,0.0,0.06,0.0
16.385117020000003,0.69,0.0,0.08,0.0
16.386211565,0.69,0.0,0.09,0.0
16.387205904,0.68,0.0,0.06,0.0
16.388199707000002,0.68,0.0,0.04,0.0
16.389192555,0.68,0.0,0.04,0.0
16.390193258,0.68,0.0,0.04,0.0
16.391209277,0.68,0.0,0.05,0.0
16.392188235000003,0.68,0.0,0.02,0.0
16.393194563,0.68,0.0,0.03,0.0
16.394280740000003,0.69,0.0,0.02,0.0
16.395332193,0.68,0.0,0.0,0.0
16.397509507000002,0.68,0.0,0.0,0.0
16.398642495,0.69,0.0,0.01,0.0
16.400982269,0.69,0.0,0.01,0.0
16.401730132,0.69,0.0,0.0,0.0
16.402397489000002,0.69,0.0,0.0,0.0
16.403151783000002,0.69,0.0,0.0,0.0
16.404204507,0.69,0.0,0.0,0.0
16.405183689,0.69,0.0,0.0,0.0
16.406178932,0.69,0.0,0.0,0.0
16.407160388,0.69,0.0,0.0,0.0
16.408330835,0.69,0.0,0.0,0.0
16.409120204,0.69,0.0,0.0,0.0
16.410345784,0.69,0.0,0.0,0.0
16.411124157,0.69,0.0,0.0,0.0
16.412326163,0.69,0.0,0.0,0.0
16.413102138,0.68,0.0,0.0,0.0
16.414363902,0.69,0.0,0.0,0.0
16.4151001,0.69,0.0,0.0,0.0
16.416323916,0.69,0.0,0.0,0.0
16.417096806,0.69,0.0,0.0,0.0
16.4183425,0.69,0.0,0.0,0.0
16.419089203000002,0.69,0.0,0.0,0.0
16.420144028,0.69,0.0,0.0,0.0
16.42113686,0.68,0.0,0.0,0.0
16.422146692000002,0.68,0.0,0.0,0.0
16.423186753,0.69,0.0,0.01,0.0
16.424242294000003,0.68,0.0,0.0,0.0
16.426444103,0.69,0.0,0.0,0.0
16.427091301,0.69,0.0,0.0,0.0
16.428339094000002,0.69,0.0,0.0,0.0
16.429089206,0.69,0.0,0.0,0.0
16.430348779000003,0.69,0.0,0.0,0.0
16.431110044,0.7,0.0,0.0,0.0
16.432351135,0.69,0.0,0.0,0.0
16.434214364000002,0.7,0.0,0.0,0.0
16.435163285,0.69,0.0,0.01,0.0
16.436343264,0.69,0.0,0.01,0.0
16.437139186,0.69,0.0,0.0,0.0
16.438389209,0.69,0.0,0.01,0.0
16.439106023,0.69,0.0,0.01,0.0
16.440385021,0.69,0.0,0.0,0.0
16.441069677,0.69,0.0,0.05,0.0
16.442378945,0.69,0.0,0.06,0.0
16.443069965,0.69,0.0,0.05,0.0
16.444332120000002,0.69,0.0,0.07,0.0
16.445068908,0.69,0.0,0.06,0.0
16.446369778,0.69,0.0,0.07,0.0
16.447073629000002,0.69,0.0,0.07,0.0
16.448217919,0.69,0.0,0.08,0.0
16.449118894,0.69,0.0,0.09,0.0
16.450076027,0.7,0.0,0.09,0.0
16.451153615000003,0.69,0.0,0.08,0.0
16.45216328,0.69,0.0,0.08,0.0
16.453178294,0.69,0.0,0.09,0.0
16.454122712,0.69,0.0,0.09,0.0
16.455238051000002,0.69,0.0,0.09,0.0
16.457353576000003,0.69,0.0,0.09,0.0
16.458088614,0.7,0.0,0.09,0.0
16.459351532,0.69,0.0,0.09,0.0
16.460112600000002,0.69,0.0,0.1,0.0
16.461204176000003,0.69,0.0,0.09,0.0
16.462175279,0.69,0.0,0.1,0.0
16.463230703,0.7,0.0,0.06,0.0
16.464073429000003,0.7,0.0,0.07,0.0
16.465239788,0.69,0.0,0.07,0.0
16.466159956000002,0.69,0.0,0.07,0.0
16.467264619,0.69,0.0,0.06,0.0
16.468162918,0.69,0.0,0.08,0.0
16.469398609000002,0.69,0.0,0.08,0.0
16.471367229000002,0.69,0.0,0.06,0.0
16.472087757,0.69,0.0,0.07,0.0
16.473347193000002,0.69,0.0,0.07,0.0
16.474114887000002,0.69,0.0,0.07,0.0
16.47535742,0.69,0.0,0.08,0.0
16.476114991,0.69,0.0,0.07,0.0
16.477426988,0.69,0.0,0.07,0.0
16.478081764000002,0.7,0.0,0.08,0.0
16.479373167000002,0.7,0.0,0.07,0.0
16.480069444,0.7,0.0,0.08,0.0
16.481296093,0.7,0.0,0.07,0.0
16.482119150000003,0.7,0.0,0.07,0.0
16.48320757,0.69,0.0,0.07,0.0
16.48537688,0.7,0.0,0.07,0.0
16.486110046,0.7,0.0,0.06,0.0
16.487228502,0.7,0.0,0.06,0.0
16.488190687,0.7,0.0,0.08,0.0
16.489130078000002,0.7,0.0,0.07,0.0
16.490232812000002,0.7,0.01,0.07,0.0
16.491237085,0.7,0.0,0.09,0.0
16.492229539,0.7,0.0,0.08,0.0
16.493229471,0.7,0.0,0.08,0.0
16.494141106,0.7,0.0,0.09,0.01
16.495337167000002,0.7,0.0,0.09,0.0
16.496086165,0.7,0.0,0.09,0.0
16.497277052,0.7,0.0,0.09,0.0
16.499219582000002,0.7,0.0,0.09,0.0
16.500264568000002,0.7,0.0,0.09,0.0
16.501149996000002,0.7,0.0,0.09,0.0
16.502254677,0.7,0.0,0.1,0.0
16.503065219,0.7,0.0,0.08,0.0
16.504260389000002,0.7,0.0,0.09,0.0
16.505254462,0.71,0.0,0.09,0.0
16.50625659,0.7,0.0,0.09,0.0
16.507101009,0.7,0.0,0.09,0.0
16.508232299,0.7,0.0,0.09,0.0
16.509180142,0.71,0.0,0.09,0.0
16.51016191,0.7,0.0,0.09,0.0
16.511132193,0.7,0.0,0.08,0.0
16.512160725,0.7,0.0,0.07,0.0
16.513273038,0.7,0.0,0.08,0.0
16.514156503000002,0.7,0.0,0.07,0.0
16.516372308,0.7,0.0,0.07,0.0
16.517092547,0.7,0.01,0.07,0.0
16.518226353,0.7,0.0,0.07,0.0
16.519225259000002,0.7,0.0,0.08,0.0
16.520247457,0.69,0.0,0.07,0.0
16.521229072,0.7,0.0,0.08,0.0
16.522167162000002,0.69,0.0,0.08,0.0
16.523228278,0.69,0.0,0.08,0.0
16.524203725,0.69,0.0,0.1,0.0
16.525299812,0.69,0.0,0.1,0.0
16.526083406,0.69,0.0,0.1,0.0
16.527280649,0.69,0.0,0.1,0.0
16.528116525,0.69,0.0,0.1,0.0
16.529353944,0.69,0.0,0.1,0.0
16.531356907,0.69,0.0,0.09,0.0
16.532085718,0.7,0.0,0.09,0.0
16.533227638,0.69,0.0,0.08,0.0
16.534738485000002,0.69,0.0,0.09,0.0
16.535540047,0.69,0.0,0.09,0.0
16.536208265000003,0.69,0.0,0.09,0.0
16.53717406,0.69,0.0,0.09,0.0
16.538232595,0.69,0.0,0.1,0.0
16.539216961,0.69,0.0,0.09,0.0
16.540240750000002,0.69,0.0,0.1,0.0
16.541265198,0.69,0.0,0.1,0.0
16.542245093000002,0.69,0.0,0.1,0.0
16.543302181,0.69,0.0,0.1,0.0
16.544347579,0.69,0.0,0.1,0.0
16.545330158000002,0.69,0.0,0.1,0.0
16.547420943000002,0.69,0.0,0.1,0.0
16.548310468,0.69,0.0,0.1,0.0
16.549299038,0.69,0.0,0.1,0.0
16.550312072,0.69,0.0,0.1,0.0
16.55132901,0.69,0.0,0.1,0.0
16.55229221,0.69,0.0,0.1,0.0
16.553310243000002,0.69,0.0,0.1,0.0
16.554294196,0.69,0.0,0.1,0.0
16.555227971,0.69,0.0,0.1,0.0
16.556232077,0.7,0.0,0.09,0.0
16.557226246000003,0.7,0.0,0.1,0.0
16.558210549000002,0.7,0.0,0.1,0.0
16.559194003,0.69,0.0,0.1,0.0
16.561221617,0.69,0.0,0.1,0.0
16.562251738,0.69,0.0,0.09,0.0
16.563254377,0.69,0.0,0.1,0.0
16.564249235000002,0.69,0.0,0.1,0.0
16.565195559,0.69,0.0,0.1,0.0
16.566173851000002,0.69,0.0,0.1,0.0
16.5671928,0.69,0.0,0.1,0.0
16.568185233,0.69,0.0,0.09,0.0
16.569207234,0.69,0.0,0.1,0.0
16.570126697000003,0.69,0.0,0.09,0.0
16.571197476000002,0.69,0.0,0.09,0.0
16.572157888,0.69,0.0,0.09,0.0
16.573125448000003,0.69,0.0,0.09,0.0
16.574203964000002,0.69,0.0,0.09,0.0
16.576397857,0.69,0.0,0.09,0.0
16.577141625,0.69,0.0,0.06,0.0
16.578199077,0.69,0.0,0.09,0.0
16.579223804,0.69,0.0,0.09,0.0
16.580198433,0.69,0.0,0.09,0.0
16.581237692000002,0.69,0.0,0.09,0.0
16.582177763,0.69,0.0,0.06,0.0
16.583388839,0.69,0.0,0.06,0.0
16.584114588000002,0.68,0.0,0.07,0.0
16.585390697,0.69,0.0,0.06,0.0
16.586105437,0.69,0.0,0.06,0.0
16.587221724000003,0.69,0.0,0.07,0.0
16.588191525000003,0.69,0.0,0.04,0.0
16.58918645,0.68,0.0,0.05,0.0
16.590369949,0.68,0.0,0.05,0.0
16.592403102000002,0.69,0.01,0.03,0.0
16.593101581000003,0.69,0.0,0.05,0.0
16.594447599000002,0.69,0.0,0.04,0.0
16.595094182,0.69,0.0,0.06,0.0
16.596398871,0.68,0.0,0.05,0.0
16.597097585,0.69,0.0,0.03,0.0
16.598294548000002,0.69,0.0,0.04,0.0
16.599160301,0.68,0.0,0.04,0.0
16.60025836,0.68,0.0,0.04,0.0
16.60114282,0.69,0.0,0.04,0.0
16.602183202000003,0.69,0.0,0.03,0.0
16.603172404000002,0.69,0.0,0.04,0.0
16.605378820000002,0.69,0.0,0.03,0.0
16.606097093000002,0.69,0.0,0.02,0.0
16.607381478,0.68,0.0,0.0,0.0
16.608102552000002,0.69,0.0,0.0,0.0
16.609279469,0.69,0.0,0.0,0.0
16.610316545,0.68,0.0,0.0,0.0
16.611138169,0.69,0.0,0.0,0.0
16.612333504000002,0.69,0.0,0.0,0.0
16.613104,0.69,0.0,0.0,0.0
16.614449163,0.69,0.0,0.0,0.0
16.615091247000002,0.68,0.0,0.0,0.0
16.616366481,0.68,0.0,0.01,0.0
16.617091144,0.68,0.01,0.0,0.0
16.618319096,0.68,0.0,0.0,0.0
16.61913216,0.69,0.0,0.0,0.0
16.620290456,0.68,0.0,0.0,0.0
16.622408345,0.68,0.0,0.0,0.0
16.623098063,0.68,0.0,0.01,0.0
16.62426277,0.69,0.0,0.0,0.0
16.625233085,0.68,0.0,0.0,0.0
16.626256205,0.69,0.0,0.0,0.0
16.627243975000003,0.69,0.0,0.0,0.0
16.628272337000002,0.68,0.0,0.01,0.0
16.629234655,0.68,0.0,0.0,0.0
16.630125154,0.68,0.0,0.0,0.0
16.631154861000002,0.68,0.0,0.0,0.0
16.632143477,0.69,0.0,0.0,0.0
16.633308223,0.69,0.0,0.0,0.0
16.63410228,0.68,0.0,0.0,0.0
16.635344325000002,0.69,0.0,0.0,0.0
16.637306702,0.68,0.0,0.07,0.0
16.638128724,0.69,0.0,0.07,0.0
16.639403007000002,0.69,0.0,0.07,0.0
16.640093262,0.69,0.0,0.07,0.0
16.641413017,0.69,0.0,0.07,0.0
16.642093832,0.69,0.0,0.05,0.0
16.643408301,0.69,0.0,0.06,0.0
16.644093805,0.69,0.0,0.06,0.0
16.645462513000002,0.69,0.0,0.06,0.0
16.646094957000003,0.69,0.0,0.07,0.0
16.647314063,0.69,0.0,0.06,0.0
16.648084668000003,0.69,0.0,0.05,0.0
16.649420273,0.69,0.0,0.05,0.0
16.650093565000002,0.69,0.0,0.06,0.0
16.651425669,0.69,0.0,0.07,0.0
16.653385225,0.69,0.0,0.06,0.0
16.654090469,0.68,0.0,0.06,0.0
16.65542037,0.68,0.0,0.06,0.0
16.656084370000002,0.69,0.0,0.06,0.0
16.65741766,0.69,0.0,0.06,0.0
16.65808814,0.69,0.0,0.06,0.0
16.659413079,0.68,0.0,0.07,0.0
16.660091561,0.69,0.0,0.06,0.0
16.661516749,0.69,0.0,0.06,0.0
16.662096422,0.69,0.0,0.06,0.0
16.66331834,0.69,0.0,0.07,0.0
16.664104072,0.69,0.0,0.06,0.0
16.665327737000002,0.69,0.0,0.06,0.0
16.667348961000002,0.69,0.0,0.07,0.0
16.668126009,0.69,0.0,0.06,0.0
16.66930708,0.69,0.0,0.06,0.0
16.670216201000002,0.69,0.0,0.07,0.0
16.671284565,0.69,0.0,0.07,0.0
16.672233949000002,0.69,0.0,0.07,0.0
16.673283448,0.69,0.0,0.06,0.0
16.674247362000003,0.69,0.0,0.07,0.0
16.675198018,0.69,0.0,0.07,0.0
16.676193851,0.69,0.0,0.04,0.0
16.677335861,0.69,0.0,0.07,0.0
16.678123499,0.69,0.0,0.07,0.0
16.679353631,0.69,0.0,0.07,0.0
16.68009923,0.69,0.0,0.07,0.0
16.682414889,0.69,0.0,0.07,0.0
16.683094873,0.69,0.0,0.07,0.0
16.684428162,0.69,0.0,0.07,0.0
16.685084241000002,0.69,0.0,0.07,0.0
16.686428125000003,0.69,0.0,0.07,0.0
16.687084004000003,0.69,0.0,0.07,0.0
16.688428447,0.69,0.0,0.07,0.0
16.689084904,0.69,0.0,0.08,0.0
16.690405732000002,0.69,0.0,0.07,0.0
16.691088225,0.69,0.0,0.07,0.0
16.692132908,0.69,0.0,0.07,0.0
16.693093549,0.69,0.0,0.04,0.0
16.694227345,0.69,0.0,0.06,0.0
16.696302421000002,0.69,0.0,0.06,0.0
16.697194831,0.69,0.0,0.06,0.0
16.698130564,0.69,0.0,0.05,0.0
16.699281302,0.69,0.0,0.07,0.0
16.700128616,0.69,0.0,0.08,0.0
16.701252261,0.69,0.0,0.08,0.0
16.70216423,0.69,0.0,0.08,0.0
16.703284918,0.69,0.0,0.08,0.0
16.704230065,0.69,0.0,0.07,0.0
16.705253359,0.69,0.0,0.05,0.0
16.706077058,0.69,0.0,0.07,0.0
16.70731087,0.69,0.0,0.08,0.0
16.708095069000002,0.69,0.0,0.06,0.0
16.709269148,0.69,0.0,0.07,0.0
16.710359908,0.69,0.0,0.07,0.0
16.712347057000002,0.69,0.0,0.07,0.0
16.713102423000002,0.69,0.0,0.06,0.0
16.714260665,0.69,0.0,0.05,0.0
16.71513656,0.69,0.0,0.09,0.0
16.716268247000002,0.69,0.0,0.09,0.0
16.717233385,0.69,0.0,0.09,0.0
16.718254673,0.69,0.0,0.09,0.0
16.719247614,0.69,0.0,0.09,0.0
16.720249778,0.69,0.0,0.09,0.0
16.721214657,0.69,0.0,0.09,0.0
16.722305095,0.69,0.0,0.09,0.0
16.7231309,0.69,0.0,0.09,0.0
16.724202737000002,0.69,0.0,0.09,0.0
16.725196555,0.68,0.0,0.1,0.0
16.726261677,0.69,0.0,0.11,0.0
16.727180032,0.69,0.0,0.11,0.0
16.728400296,0.69,0.0,0.11,0.0
16.730388547,0.69,0.0,0.11,0.0
16.731100007000002,0.69,0.0,0.11,0.0
16.732261547,0.69,0.0,0.1,0.0
16.733181430000002,0.69,0.0,0.11,0.0
16.734131795,0.69,0.0,0.11,0.0
16.735293748,0.69,0.0,0.11,0.0
16.736136997000003,0.69,0.0,0.11,0.0
16.737222435,0.69,0.0,0.11,0.0
16.738200770000002,0.69,0.0,0.11,0.0
16.739174857000002,0.69,0.0,0.11,0.0
16.740371149,0.69,0.0,0.11,0.0
16.742459903,0.69,0.0,0.11,0.0
16.743101003,0.69,0.0,0.11,0.0
16.744372231,0.69,0.0,0.11,0.0
16.745102924,0.69,0.0,0.11,0.0
16.746401871,0.69,0.0,0.11,0.0
16.74709339,0.69,0.0,0.11,0.0
16.748319061,0.69,0.0,0.11,0.0
16.749139906,0.69,0.0,0.11,0.0
16.750409821,0.69,0.0,0.11,0.0
16.751093261,0.69,0.0,0.11,0.0
16.752335782,0.69,0.0,0.11,0.0
16.753085733000002,0.69,0.0,0.11,0.0
16.75432465,0.69,0.0,0.11,0.0
16.755093185,0.69,0.01,0.11,0.0
16.756280383,0.69,0.0,0.11,0.0
16.758411079000002,0.7,0.0,0.11,0.0
16.759095073,0.69,0.0,0.11,0.0
16.760406093,0.69,0.0,0.1,0.0
16.761087582000002,0.69,0.0,0.11,0.0
16.762313170000002,0.69,0.0,0.1,0.0
16.763190124,0.69,0.0,0.1,0.0
16.764291565,0.69,0.0,0.09,0.0
16.765124688,0.69,0.0,0.1,0.0
16.766268766,0.69,0.0,0.1,0.0
16.767200449,0.69,0.0,0.1,0.0
16.768301403000002,0.68,0.0,0.1,0.0
16.769161280000002,0.69,0.0,0.08,0.0
16.770468624,0.69,0.0,0.07,0.0
16.772412979000002,0.69,0.0,0.08,0.0
16.773093876,0.69,0.0,0.08,0.0
16.774400813,0.68,0.0,0.08,0.0
16.775094133,0.69,0.0,0.07,0.0
16.776418766000003,0.68,0.0,0.08,0.0
16.777093727,0.68,0.0,0.08,0.0
16.778367198,0.69,0.0,0.08,0.0
16.77912573,0.68,0.0,0.07,0.01
16.780491179000002,0.68,0.0,0.08,0.0
16.781085218,0.69,0.0,0.08,0.0
16.782301967000002,0.69,0.0,0.08,0.0
16.78313569,0.69,0.0,0.06,0.0
16.784376255,0.68,0.0,0.07,0.0
16.785087710000003,0.68,0.0,0.09,0.01
16.786371861000003,0.68,0.0,0.08,0.0
16.788414692,0.68,0.0,0.09,0.0
16.789094763,0.68,0.0,0.09,0.0
16.790405024000002,0.68,0.0,0.09,0.0
16.791094854,0.68,0.0,0.09,0.0
16.792409934000002,0.69,0.0,0.09,0.0
16.793091195000002,0.69,0.0,0.08,0.0
16.794405936,0.69,0.0,0.09,0.0
16.795088321,0.69,0.0,0.09,0.0
16.796508502000002,0.68,0.0,0.09,0.0
16.797090556,0.69,0.0,0.09,0.0
16.798274726000002,0.69,0.0,0.1,0.0
16.799217097,0.7,0.0,0.11,0.0
16.800186485,0.69,0.0,0.11,0.0
16.802259425000003,0.69,0.0,0.1,0.0
16.803099104,0.69,0.02,0.03,0.0
16.804163432,0.69,0.07,0.02,0.0
16.805266804000002,0.69,0.0,0.05,0.0
16.806236063,0.69,0.01,0.02,0.0
16.807258416,0.7,0.0,0.08,0.0
16.808233819,0.7,0.09,0.08,0.0
16.809264841,0.69,0.13,0.07,0.0
16.810216654,0.7,0.13,0.08,0.0
16.811131036000003,0.7,0.13,0.07,0.0
16.812483411000002,0.69,0.15,0.07,0.0
16.813107999,0.69,0.15,0.08,0.0
16.814322843,0.69,0.15,0.08,0.0
16.815098867,0.7,0.17,0.08,0.0
16.816350272,0.7,0.17,0.08,0.0
16.818342367,0.69,0.16,0.07,0.0
16.819095171,0.69,0.2,0.08,0.0
16.82035742,0.69,0.33,0.08,0.0
16.821120512,0.69,0.35,0.08,0.0
16.82220029,0.68,0.46,0.08,0.0
16.823213818000003,0.69,0.46,0.08,0.0
16.824212061,0.68,0.46,0.1,0.0
16.825177008,0.68,0.45,0.08,0.0
16.826167650000002,0.69,0.46,0.07,0.0
16.827193060000003,0.68,0.47,0.07,0.0
16.828241173000002,0.68,0.46,0.07,0.0
16.829200908,0.68,0.46,0.06,0.0
16.830181961,0.69,0.47,0.08,0.0
16.832399366,0.69,0.54,0.08,0.0
16.833496603,0.7,0.55,0.06,0.0
16.835425564,0.69,0.55,0.06,0.0
16.836143387,0.69,0.58,0.08,0.0
16.837141076,0.7,0.58,0.07,0.0
16.838202568,0.7,0.6,0.06,0.0
16.839207626,0.7,0.6,0.06,0.0
16.840164934,0.7,0.61,0.09,0.0
16.841189113000002,0.69,0.61,0.07,0.0
16.84221213,0.69,0.63,0.09,0.0
16.843206699,0.7,0.64,0.09,0.0
16.844207268,0.7,0.65,0.06,0.0
16.845206812,0.7,0.74,0.08,0.0
16.846212759,0.69,0.77,0.08,0.0
16.847201986,0.7,0.78,0.08,0.0
16.848211174,0.7,0.79,0.09,0.0
16.849204709000002,0.7,0.79,0.09,0.0
16.850201487,0.7,0.81,0.1,0.0
16.851189983,0.7,0.81,0.1,0.0
16.85215927,0.7,0.81,0.1,0.0
16.853187216000002,0.7,0.81,0.09,0.0
16.854188320000002,0.7,0.81,0.09,0.0
16.855149965000003,0.7,0.82,0.1,0.0
16.856128625,0.7,0.82,0.09,0.0
16.857192695000002,0.7,0.82,0.09,0.0
16.858182,0.7,0.83,0.1,0.0
16.859167594000002,0.7,0.84,0.09,0.0
16.86016116,0.69,0.84,0.1,0.0
16.861133704,0.69,0.87,0.09,0.0
16.862370390000002,0.7,0.87,0.1,0.0
16.864332808,0.69,0.87,0.1,0.0
16.86512531,0.7,0.87,0.1,0.0
16.866201352,0.69,0.88,0.1,0.0
16.86719548,0.69,0.88,0.1,0.0
16.868124726,0.7,0.88,0.1,0.0
16.869210138,0.69,0.88,0.1,0.0
16.870210552,0.69,0.89,0.1,0.0
16.87119695,0.69,0.89,0.1,0.0
16.872197733,0.69,0.89,0.1,0.0
16.873183394,0.69,0.9,0.1,0.0
16.874203523000002,0.69,0.91,0.09,0.0
16.875188042,0.69,0.91,0.09,0.01
16.876209791,0.69,0.91,0.09,0.0
16.878482628,0.69,0.92,0.09,0.0
16.879486618,0.68,0.94,0.09,0.0
16.880291288000002,0.68,0.93,0.09,0.0
16.881205626,0.68,0.94,0.09,0.0
16.88216563,0.68,0.95,0.09,0.0
16.88319109,0.68,0.96,0.1,0.0
16.884192438,0.69,0.96,0.1,0.0
16.885199575,0.68,0.97,0.09,0.0
16.886192314000002,0.68,0.98,0.09,0.0
16.887147519000003,0.69,0.98,0.1,0.0
16.888122116,0.69,1.0,0.09,0.0
16.889166551000002,0.69,1.0,0.09,0.0
16.890158856,0.69,1.03,0.09,0.0
16.891172093,0.68,1.05,0.09,0.0
16.892192947,0.68,1.05,0.09,0.0
16.894326858,0.68,1.06,0.09,0.0
16.895130165,0.68,1.06,0.09,0.0
16.896195771000002,0.68,1.08,0.09,0.0
16.897204780000003,0.69,1.09,0.09,0.0
16.898135688,0.68,1.11,0.08,0.0
16.899337585,0.68,1.12,0.09,0.0
16.900111724000002,0.68,1.13,0.09,0.0
16.901326846,0.68,1.15,0.08,0.0
16.902092406,0.68,1.16,0.09,0.0
16.903152969,0.68,1.16,0.08,0.0
16.904165541,0.68,1.17,0.08,0.0
16.905150470000002,0.68,1.17,0.08,0.0
16.906290975,0.68,1.19,0.07,0.0
16.907136867000002,0.68,1.2,0.07,0.0
16.908254041,0.68,1.23,0.07,0.0
16.910356751000002,0.67,1.23,0.07,0.0
16.911091155,0.66,1.27,0.07,0.0
16.912295904,0.67,1.27,0.07,0.0
16.913091345,0.66,1.28,0.06,0.0
16.914337471,0.66,1.3,0.06,0.0
16.915122883000002,0.67,1.32,0.07,0.0
16.916114297,0.66,1.33,0.07,0.0
16.917158145000002,0.67,1.33,0.09,0.0
16.918147405000003,0.67,1.34,0.1,0.0
16.919306757,0.66,1.35,0.1,0.0
16.920110957000002,0.66,1.35,0.1,0.0
16.921167486,0.66,1.35,0.1,0.0
16.922229231,0.66,1.36,0.09,0.0
16.923236637000002,0.66,1.38,0.08,0.0
16.925360982,0.66,1.38,0.08,0.02
16.926090805,0.66,1.39,0.07,0.0
16.927423432,0.66,1.39,0.07,0.0
16.928085982000002,0.66,1.4,0.09,0.0
16.929328548,0.66,1.41,0.1,0.0
16.930078782000002,0.67,1.41,0.1,0.0
16.931224580000002,0.67,1.42,0.1,0.0
16.932444589000003,0.67,1.42,0.1,0.0
16.933782919000002,0.67,1.43,0.09,0.0
16.934085335000002,0.67,1.44,0.06,0.0
16.935342032,0.67,1.45,0.06,0.0
16.936059833,0.66,1.45,0.07,0.0
16.937209261,0.66,1.46,0.07,0.0
16.939395189000003,0.66,1.46,0.06,0.0
16.940115085000002,0.67,1.48,0.06,0.0
16.941378797000002,0.67,1.48,0.08,0.0
16.942122467,0.67,1.49,0.09,0.0
16.943392013,0.67,1.49,0.06,0.0
16.944098726,0.67,1.5,0.06,0.0
16.945374201,0.67,1.49,0.1,0.0
16.946161718000003,0.67,1.5,0.1,0.0
16.947148978,0.67,1.51,0.07,0.0
16.948101958000002,0.67,1.52,0.07,0.0
16.949256924,0.67,1.51,0.05,0.0
16.950154394000002,0.67,1.51,0.07,0.0
16.951224798000002,0.67,1.52,0.07,0.0
16.95225469,0.67,1.54,0.07,0.0
16.953286519000002,0.67,1.54,0.07,0.0
16.954244006,0.67,1.54,0.07,0.0
16.955377198,0.67,1.55,0.06,0.0
16.957384562,0.67,1.55,0.08,0.0
16.958106673,0.67,1.56,0.07,0.0
16.959249665,0.67,1.58,0.05,0.0
16.960245587,0.66,1.6,0.07,0.0
16.961069068,0.67,1.61,0.08,0.0
16.962233975,0.66,1.62,0.07,0.0
16.963199704,0.67,1.63,0.07,0.0
16.9640974,0.67,1.64,0.08,0.0
16.965916042,0.67,1.65,0.0,0.0
16.966298055,0.67,1.64,0.0,0.0
16.96714424,0.67,1.65,0.0,0.0
16.968352991,0.67,1.65,0.0,0.0
16.970341629,0.67,1.66,0.0,0.0
16.971107145,0.67,1.67,0.0,0.0
16.972144499000002,0.66,1.67,0.0,0.0
16.973155204,0.67,1.67,0.0,0.0
16.974204483,0.67,1.68,0.0,0.0
16.9751996,0.67,1.69,0.0,0.0
16.976199518,0.67,1.69,0.0,0.0
16.977163029,0.66,1.69,0.0,0.0
16.978185511,0.67,1.7,0.0,0.01
16.979374416000002,0.66,1.71,0.0,0.0
16.980576066,0.67,1.71,0.0,0.0
16.981855556,0.66,1.72,0.0,0.0
16.983060273,0.67,1.72,0.0,0.0
16.984163801,0.67,1.72,0.0,0.0
16.985350266,0.66,1.73,0.0,0.0
16.986262149,0.66,1.73,0.01,0.0
16.987278272,0.66,1.73,0.0,0.0
16.988292481000002,0.66,1.73,0.0,0.0
16.989241163000003,0.66,1.75,0.01,0.0
16.990194652,0.66,1.75,0.0,0.0
16.991203674,0.67,1.75,0.0,0.0
16.992221616000002,0.67,1.77,0.0,0.0
16.99322333,0.67,1.78,0.0,0.0
16.994239181,0.67,1.78,0.0,0.0
16.995207934,0.67,1.79,0.0,0.0
16.996178381,0.67,1.79,0.01,0.0
16.998372737,0.67,1.79,0.0,0.0
16.999153346,0.67,1.79,0.01,0.01
17.000179115,0.67,1.79,0.08,0.0
17.001154067,0.66,1.8,0.06,0.0
17.002233149000002,0.67,1.8,0.06,0.0
17.003203513000003,0.66,1.8,0.06,0.0
17.004174179,0.66,1.81,0.07,0.0
17.005238622,0.67,1.81,0.07,0.0
17.006204276000002,0.67,1.81,0.06,0.0
17.007237437,0.67,1.82,0.07,0.0
17.008193649000003,0.67,1.82,0.07,0.0
17.009174347000002,0.66,1.82,0.07,0.01
17.010181011,0.67,1.82,0.06,0.0
17.011141338,0.67,1.82,0.07,0.0
17.012293211,0.67,1.82,0.07,0.0
17.014394250000002,0.67,1.82,0.07,0.0
17.015131669000002,0.67,1.82,0.07,0.0
17.016240308,0.67,1.82,0.07,0.0
17.017231833,0.67,1.83,0.08,0.0
17.018245951,0.67,1.83,0.07,0.0
17.019246187,0.67,1.83,0.07,0.0
17.020245426000002,0.67,1.83,0.07,0.0
17.021238346,0.67,1.83,0.07,0.0
17.022195768,0.67,1.83,0.09,0.0
17.023336485,0.67,1.83,0.08,0.0
17.024105056,0.67,1.84,0.06,0.0
17.025141475,0.67,1.84,0.05,0.0
17.026367059000002,0.67,1.85,0.05,0.0
17.027100005,0.67,1.85,0.05,0.0
17.028403892,0.67,1.85,0.07,0.0
17.030383325000003,0.67,1.85,0.08,0.0
17.031112821,0.67,1.85,0.05,0.0
17.03217498,0.68,1.86,0.05,0.0
17.033096585000003,0.68,1.87,0.05,0.0
17.034269477000002,0.67,1.87,0.07,0.0
17.035228336,0.67,1.87,0.05,0.0
17.036275654,0.67,1.87,0.07,0.0
17.03709263,0.67,1.87,0.06,0.0
17.038198399000002,0.67,1.87,0.06,0.0
17.039098105,0.67,1.88,0.05,0.0
17.040129112000002,0.67,1.88,0.05,0.0
17.042427268,0.67,1.88,0.05,0.0
17.043105837000002,0.67,1.88,0.07,0.01
17.044256699,0.68,1.89,0.07,0.0
17.045237021000002,0.67,1.89,0.07,0.0
17.046186034,0.68,1.89,0.07,0.0
17.047256768,0.68,1.89,0.07,0.0
17.048089294,0.67,1.89,0.05,0.0
17.049097906,0.68,1.89,0.05,0.0
17.050161807000002,0.68,1.9,0.05,0.0
17.051259169,0.67,1.9,0.06,0.0
17.052227322,0.67,1.91,0.06,0.0
17.053166445000002,0.67,1.9,0.05,0.0
17.054171862,0.67,1.9,0.07,0.0
17.055178222000002,0.68,1.9,0.06,0.0
17.057422386000002,0.68,1.9,0.05,0.0
17.058108408000002,0.68,1.91,0.06,0.0
17.059408519,0.68,1.91,0.06,0.0
17.060110227000003,0.68,1.91,0.05,0.0
17.06132038,0.68,1.92,0.06,0.0
17.062105470000002,0.68,1.92,0.06,0.0
17.063261288,0.68,1.92,0.05,0.0
17.064181622,0.68,1.92,0.06,0.0
17.065250034,0.68,1.92,0.06,0.0
17.066132206000002,0.68,1.92,0.09,0.0
17.067445733,0.68,1.92,0.08,0.0
17.068102298,0.68,1.93,0.08,0.0
17.069328990000002,0.68,1.93,0.07,0.0
17.070093974000002,0.68,1.94,0.05,0.0
17.071318353000002,0.68,1.94,0.03,0.0
17.072098945,0.68,1.94,0.0,0.0
17.073397481,0.68,1.94,0.03,0.0
17.075407464,0.68,1.94,0.07,0.0
17.076097872000002,0.68,1.94,0.01,0.0
17.077266404,0.68,1.95,0.0,0.0
17.078173505000002,0.68,1.95,0.0,0.0
17.07926159,0.68,1.95,0.0,0.0
17.080255984,0.68,1.95,0.0,0.0
17.081279368,0.67,1.95,0.01,0.0
17.082196205000002,0.68,1.95,0.0,0.0
17.083532627,0.68,1.95,0.07,0.0
17.084097932000002,0.68,1.95,0.06,0.0
17.085309158,0.68,1.95,0.05,0.0
17.086092269,0.68,1.95,0.05,0.0
17.087446109000002,0.68,1.95,0.05,0.0
17.089418617,0.68,1.95,0.05,0.0
17.090094512,0.68,1.96,0.05,0.0
17.091275073000002,0.68,1.96,0.06,0.0
17.09218031,0.68,1.96,0.05,0.0
17.093417252000002,0.68,1.96,0.07,0.0
17.094121342,0.68,1.96,0.06,0.0
17.095406609,0.68,1.95,0.06,0.01
17.096084939,0.68,1.96,0.07,0.0
17.097412106,0.68,1.96,0.06,0.0
17.098087917,0.68,1.96,0.07,0.0
17.099301211,0.68,1.96,0.08,0.0
17.100086371,0.68,1.96,0.09,0.0
17.101294743,0.68,1.96,0.09,0.0
17.102172625,0.68,1.96,0.09,0.0
17.103512344000002,0.68,1.97,0.1,0.0
17.105440911000002,0.68,1.96,0.1,0.0
17.106094551,0.68,1.96,0.07,0.0
17.10728989,0.68,1.96,0.09,0.0
17.10821794,0.68,1.96,0.08,0.0
17.109285217,0.68,1.96,0.08,0.0
17.11014991,0.68,1.96,0.07,0.0
17.111123816000003,0.67,1.96,0.07,0.0
17.112362037,0.68,1.96,0.07,0.0
17.11309464,0.68,1.96,0.07,0.0
17.114494355,0.68,1.96,0.08,0.0
17.115094416,0.68,1.96,0.07,0.0
17.116325908,0.68,1.96,0.07,0.0
17.117095305,0.67,1.96,0.08,0.0
17.118390373,0.67,1.96,0.07,0.0
17.120409948000002,0.67,1.98,0.08,0.0
17.121094181,0.68,1.96,0.08,0.0
17.122139757,0.68,1.96,0.09,0.0
17.123087205,0.68,1.97,0.09,0.0
17.124263442,0.68,1.97,0.09,0.0
17.125229282,0.68,1.96,0.09,0.0
17.126268429,0.67,1.96,0.09,0.0
17.127238483,0.68,1.96,0.08,0.0
17.128205378,0.67,1.97,0.08,0.0
17.129175298,0.68,1.97,0.08,0.0
17.130172426,0.68,1.97,0.08,0.0
17.132319213000002,0.68,1.97,0.08,0.0
17.133112037,0.68,1.97,0.07,0.0
17.134144720000002,0.68,1.97,0.07,0.0
17.135268501000002,0.68,1.97,0.07,0.01
17.136227732000002,0.68,1.97,0.07,0.0
17.137118226000002,0.68,1.97,0.07,0.0
17.138345136,0.67,1.97,0.06,0.0
17.139097720000002,0.68,1.97,0.07,0.0
17.140277513,0.68,1.97,0.07,0.0
17.141133381,0.68,1.97,0.05,0.0
17.142395976,0.68,1.97,0.06,0.0
17.143103301,0.67,1.97,0.06,0.0
17.144351959,0.68,1.97,0.06,0.0
17.145096187,0.68,1.97,0.06,0.0
17.146338602,0.68,1.97,0.06,0.0
17.147094164000002,0.68,1.97,0.08,0.0
17.149415961000003,0.68,1.97,0.07,0.0
17.150099846,0.68,1.97,0.06,0.0
17.151402975,0.68,1.97,0.06,0.0
17.152100747000002,0.68,1.97,0.06,0.0
17.153394979,0.68,1.97,0.05,0.0
17.154095653000002,0.68,1.97,0.06,0.0
17.155412051000003,0.68,1.96,0.07,0.0
17.156093045000002,0.68,1.96,0.07,0.0
17.15743021,0.67,1.96,0.08,0.0
17.158091454,0.68,1.96,0.07,0.0
17.15932569,0.68,1.96,0.06,0.0
17.160085694000003,0.68,1.96,0.09,0.0
17.16112645,0.68,1.96,0.06,0.0
17.162227785000002,0.68,1.96,0.06,0.0
17.163294114000003,0.68,1.96,0.07,0.0
17.165296261,0.68,1.96,0.08,0.0
17.166163411,0.68,1.96,0.07,0.0
17.167279184,0.68,1.96,0.08,0.0
17.168250449000002,0.68,1.96,0.08,0.0
17.169251039000002,0.68,1.96,0.08,0.0
17.170079114,0.68,1.96,0.08,0.0
17.171274487,0.68,1.96,0.1,0.0
17.172243958000003,0.68,1.96,0.09,0.0
17.173217962000003,0.68,1.95,0.1,0.0
17.174171974,0.68,1.96,0.09,0.0
17.175302907000003,0.68,1.95,0.09,0.0
17.176097393000003,0.68,1.95,0.09,0.0
17.177380293000002,0.68,1.95,0.1,0.0
17.179388937000002,0.68,1.95,0.09,0.0
17.180104427,0.68,1.95,0.09,0.0
17.181269231,0.68,1.95,0.08,0.0
17.182206291,0.68,1.95,0.09,0.0
17.183167077,0.68,1.94,0.09,0.0
17.184396401,0.68,1.94,0.09,0.0
17.185098225,0.68,1.94,0.09,0.0
17.18640667,0.68,1.94,0.1,0.0
17.187092026000002,0.68,1.93,0.1,0.0
17.188388878,0.68,1.94,0.09,0.0
17.189086373000002,0.68,1.94,0.09,0.0
17.190191589,0.68,1.93,0.09,0.0
17.191193723,0.69,1.93,0.09,0.0
17.192311201000003,0.68,1.93,0.09,0.0
17.194505493,0.68,1.92,0.09,0.0
17.195098871000003,0.68,1.92,0.07,0.0
17.196401173,0.68,1.91,0.06,0.0
17.197091261,0.68,1.9,0.09,0.0
17.198230333,0.68,1.9,0.07,0.0
17.199143798,0.7,1.9,0.06,0.0
17.20041425,0.68,1.89,0.09,0.0
17.201087215,0.68,1.89,0.09,0.0
17.202260509000002,0.68,1.89,0.06,0.0
17.203195421,0.68,1.89,0.08,0.01
17.20416579,0.68,1.89,0.06,0.0
17.205416101,0.68,1.86,0.07,0.0
17.206084614,0.68,1.86,0.07,0.0
17.207400169,0.68,1.86,0.06,0.0
17.208084989,0.69,1.85,0.06,0.0
17.20942163,0.67,1.84,0.08,0.0
17.211297583,0.67,1.84,0.07,0.0
17.212172333,0.66,1.83,0.06,0.0
17.213082579,0.67,1.83,0.07,0.0
17.214268121,0.67,1.82,0.08,0.0
17.215129595,0.67,1.82,0.08,0.0
17.216140836,0.66,1.81,0.07,0.0
17.217194956,0.67,1.81,0.08,0.0
17.218236656000002,0.67,1.8,0.07,0.0
17.219178576,0.67,1.8,0.08,0.0
17.220301064,0.67,1.8,0.09,0.0
17.221126445,0.67,1.79,0.06,0.0
17.222438618,0.67,1.78,0.07,0.0
17.223094522,0.66,1.78,0.07,0.0
17.224421045,0.67,1.77,0.07,0.0
17.226407393000002,0.67,1.76,0.07,0.0
17.227098823000002,0.67,1.76,0.07,0.0
17.228266822000002,0.66,1.75,0.07,0.0
17.229254735,0.66,1.75,0.06,0.0
17.230242607,0.66,1.75,0.05,0.01
17.231082316000002,0.66,1.74,0.06,0.0
17.232240446000002,0.66,1.74,0.07,0.0
17.233226010000003,0.66,1.74,0.05,0.0
17.234131475,0.66,1.73,0.05,0.0
17.235287295000003,0.67,1.72,0.03,0.0
17.236129503,0.67,1.71,0.01,0.0
17.238445152,0.67,1.71,0.0,0.0
17.239101345,0.67,1.7,0.0,0.0
17.240403435,0.66,1.69,0.01,0.0
17.241100344,0.67,1.7,0.01,0.0
17.242314768,0.66,1.69,0.01,0.0
17.243101340000003,0.66,1.68,0.01,0.0
17.2442937,0.67,1.66,0.01,0.0
17.245130621,0.67,1.66,0.01,0.0
17.246290388000002,0.67,1.65,0.01,0.01
17.247172734,0.67,1.65,0.01,0.0
17.24808892,0.67,1.64,0.01,0.0
17.249219764,0.67,1.63,0.01,0.0
17.250158855000002,0.67,1.63,0.01,0.0
17.252287686000003,0.67,1.63,0.01,0.0
17.253107682,0.67,1.62,0.0,0.0
17.254148471,0.67,1.61,0.01,0.0
17.255195961000002,0.67,1.6,0.0,0.0
17.256191162,0.67,1.59,0.01,0.0
17.257194555,0.67,1.58,0.01,0.0
17.258199962000003,0.67,1.57,0.01,0.0
17.259173547,0.67,1.55,0.01,0.0
17.260180593,0.67,1.53,0.0,0.0
17.261210217000002,0.67,1.52,0.0,0.0
17.262218888,0.67,1.5,0.01,0.0
17.263229006,0.67,1.5,0.01,0.0
17.264216143000002,0.67,1.48,0.01,0.0
17.265229166,0.67,1.47,0.01,0.0
17.266259781000002,0.68,1.47,0.01,0.0
17.267212761,0.67,1.46,0.01,0.0
17.268188562000002,0.67,1.44,0.01,0.0
17.270420964,0.68,1.43,0.01,0.0
17.271253476000002,0.67,1.42,0.01,0.0
17.272188272,0.68,1.4,0.01,0.0
17.273147651000002,0.68,1.39,0.0,0.0
17.274150971,0.68,1.37,0.0,0.0
17.27533688,0.68,1.33,0.01,0.0
17.276233143000002,0.68,1.32,0.0,0.0
17.277160787,0.68,1.29,0.0,0.0
17.278165841,0.67,1.28,0.0,0.0
17.279209314000003,0.67,1.27,0.0,0.0
17.280212057,0.68,1.25,0.0,0.0
17.281252199,0.67,1.24,0.01,0.0
17.282360152000003,0.68,1.23,0.0,0.0
17.283393991,0.68,1.21,0.01,0.0
17.284390121,0.68,1.17,0.0,0.0
17.285344866000003,0.68,1.17,0.0,0.0
17.287436977000002,0.68,1.16,0.0,0.0
17.288508853,0.68,1.15,0.0,0.0
17.289369524,0.68,1.15,0.0,0.0
17.290139890000003,0.68,1.14,0.01,0.0
17.291178752,0.67,1.12,0.0,0.0
17.292158692,0.67,1.11,0.0,0.0
17.293192687,0.68,1.1,0.0,0.0
17.294167012000003,0.68,1.08,0.0,0.0
17.295187053,0.67,1.06,0.01,0.0
17.296194776,0.68,1.04,0.01,0.0
17.297166886,0.68,1.02,0.0,0.0
17.298165444000002,0.67,1.02,0.0,0.0
17.300313961,0.67,1.0,0.0,0.0
17.301141613000002,0.67,0.99,0.0,0.0
17.302242912,0.68,0.98,0.01,0.0
17.30318472,0.68,0.98,0.0,0.0
17.304234644,0.67,0.98,0.0,0.0
17.305215212,0.67,0.98,0.0,0.0
17.30623054,0.67,0.96,0.0,0.0
17.307149103,0.68,0.96,0.01,0.0
17.308243579000003,0.68,0.95,0.0,0.0
17.309139669,0.68,0.94,0.01,0.0
17.310152648000003,0.68,0.94,0.0,0.0
17.311177814,0.68,0.93,0.01,0.0
17.31213104,0.67,0.92,0.0,0.0
17.313309664000002,0.67,0.9,0.0,0.0
17.314123896,0.67,0.89,0.01,0.0
17.315286018000002,0.68,0.87,0.0,0.0
17.317402874000003,0.67,0.85,0.0,0.0
17.318110681,0.68,0.83,0.01,0.0
17.319399767,0.68,0.81,0.0,0.0
17.32010134,0.68,0.8,0.0,0.0
17.321403884000002,0.68,0.78,0.01,0.0
17.322101844000002,0.68,0.79,0.0,0.0
17.323405889,0.68,0.69,0.0,0.0
17.324093352000002,0.68,0.67,0.0,0.0
17.325317368,0.68,0.65,0.0,0.0
17.326123608,0.68,0.65,0.0,0.0
17.327378852000002,0.68,0.62,0.0,0.0
17.32809058,0.68,0.6,0.0,0.0
17.32936331,0.68,0.58,0.0,0.0
17.331328969,0.68,0.38,0.0,0.0
17.332078855000002,0.67,0.33,0.0,0.0
17.33323309,0.67,0.29,0.0,0.0
17.334120154,0.67,0.25,0.0,0.0
17.335178865,0.67,0.2,0.0,0.0
17.336194619,0.68,0.17,0.0,0.0
17.337193931,0.68,0.16,0.0,0.0
17.338188069,0.68,0.31,0.0,0.0
17.339180995,0.68,0.28,0.01,0.0
17.340180301,0.68,0.25,0.0,0.0
17.341182178,0.68,0.21,0.01,0.0
17.342433482,0.67,0.13,0.0,0.0
17.343540034,0.67,0.11,0.0,0.0
17.344876889000002,0.68,0.06,0.0,0.0
17.345836035,0.67,0.07,0.0,0.0
17.346634944,0.67,0.07,0.0,0.0
17.348325810000002,0.68,0.07,0.0,0.0
17.349257945,0.67,0.07,0.0,0.0
17.35016079,0.68,0.07,0.0,0.0
17.351207245,0.67,0.07,0.01,0.0
17.352193711,0.68,0.06,0.0,0.0
17.353224835000002,0.67,0.06,0.0,0.0
17.354229846000003,0.68,0.06,0.0,0.0
17.355186684,0.68,0.0,0.0,0.0
17.356181977000002,0.68,0.0,0.0,0.0
17.357182011000003,0.68,0.0,0.0,0.0
17.359230321000002,0.68,0.0,0.0,0.0
17.360117276,0.68,0.0,0.0,0.0
17.361148259,0.68,0.0,0.0,0.0
17.36221945,0.68,0.0,0.0,0.0
17.363225631000002,0.68,0.0,0.0,0.0
17.364228544,0.67,0.01,0.01,0.0
17.365166765,0.68,0.02,0.01,0.0
17.366239941,0.68,0.01,0.0,0.0
17.367221435,0.67,0.01,0.0,0.0
17.368238833,0.68,0.01,0.01,0.0
17.369136894,0.67,0.0,0.0,0.0
17.370363147000003,0.67,0.0,0.0,0.0
17.371115248000002,0.67,0.01,0.01,0.0
17.372324216000003,0.68,0.01,0.0,0.0
17.373106309,0.68,0.01,0.01,0.0
17.374361389,0.67,0.0,0.0,0.0
17.37645744,0.67,0.01,0.0,0.0
17.377108760000002,0.67,0.0,0.0,0.0
17.378181310000002,0.67,0.0,0.0,0.0
17.379254347,0.67,0.0,0.0,0.0
17.380215193,0.68,0.0,0.01,0.0
17.381254568000003,0.68,0.01,0.01,0.0
17.382088804000002,0.68,0.02,0.0,0.0
17.383396947,0.67,0.03,0.0,0.0
17.384106517,0.67,0.0,0.0,0.0
17.38518767,0.67,0.0,0.0,0.0
17.386176246,0.68,0.0,0.01,0.0
17.387120752,0.68,0.0,0.0,0.0
17.388187656,0.69,0.0,0.0,0.0
17.389253217,0.69,0.0,0.0,0.0
17.39140557,0.67,0.0,0.0,0.0
17.392109241,0.68,0.0,0.0,0.0
17.393261317,0.68,0.0,0.0,0.0
17.394307599,0.67,0.0,0.0,0.0
17.395206155,0.68,0.0,0.01,0.0
17.396254065,0.68,0.0,0.0,0.0
17.397248676,0.68,0.0,0.01,0.0
17.398091113,0.68,0.0,0.0,0.0
17.399397206,0.68,0.0,0.0,0.0
17.400097579,0.68,0.0,0.01,0.0
17.401182126000002,0.68,0.0,0.0,0.0
17.402090351000002,0.69,0.0,0.0,0.0
17.403385977000003,0.68,0.0,0.0,0.0
17.404093359,0.69,0.0,0.01,0.0
17.405289389,0.68,0.0,0.0,0.0
17.407484202000003,0.68,0.0,0.0,0.0
17.408105715,0.68,0.0,0.0,0.0
17.409269844,0.69,0.0,0.0,0.0
17.410231217,0.69,0.0,0.0,0.0
17.411124591,0.68,0.0,0.01,0.0
17.412309344,0.68,0.0,0.01,0.0
17.413101226000002,0.68,0.0,0.01,0.0
17.414261126,0.69,0.0,0.0,0.0
17.415082376,0.69,0.0,0.0,0.0
17.416316435000002,0.68,0.0,0.0,0.0
17.41712673,0.68,0.0,0.01,0.0
17.41836929,0.68,0.0,0.0,0.0
17.419094308000002,0.68,0.0,0.0,0.0
17.420485282,0.68,0.0,0.0,0.0
17.422408259,0.68,0.0,0.0,0.0
17.423102134,0.68,0.0,0.01,0.0
17.424386939,0.68,0.0,0.0,0.0
17.425099815,0.68,0.0,0.01,0.0
17.426269048,0.69,0.0,0.0,0.0
17.427237497,0.68,0.0,0.0,0.0
17.428259083,0.68,0.0,0.01,0.0
17.429155378,0.69,0.0,0.0,0.0
17.430500551,0.68,0.0,0.0,0.0
17.431098936,0.67,0.0,0.0,0.0
17.43227925,0.67,0.0,0.0,0.0
17.433180812,0.68,0.0,0.0,0.0
17.434286697,0.68,0.0,0.01,0.0
17.43643879,0.68,0.0,0.0,0.0
17.437101856,0.68,0.01,0.0,0.0
17.438413546,0.68,0.0,0.01,0.0
17.439102566000003,0.69,0.0,0.0,0.0
17.440364854000002,0.68,0.0,0.0,0.0
17.441094642,0.68,0.0,0.0,0.0
17.442404781,0.69,0.0,0.0,0.0
17.443099011,0.68,0.0,0.01,0.0
17.444409565,0.68,0.0,0.0,0.0
17.445094898,0.68,0.0,0.01,0.0
17.446343219000003,0.68,0.0,0.0,0.0
17.447091098,0.69,0.0,0.0,0.0
17.448323798,0.69,0.0,0.0,0.0
17.449088855,0.69,0.0,0.01,0.0
17.450535114,0.68,0.0,0.01,0.0
17.452406111000002,0.68,0.0,0.0,0.01
17.453098247,0.68,0.0,0.0,0.0
17.454276157000002,0.69,0.0,0.0,0.0
17.455225597000002,0.68,0.0,0.0,0.0
17.456273080000003,0.68,0.0,0.0,0.0
17.457244483,0.68,0.0,0.0,0.0
17.458264095,0.68,0.0,0.01,0.0
17.459237832,0.69,0.0,0.0,0.0
17.460237308,0.68,0.0,0.0,0.0
17.461078428,0.68,0.0,0.01,0.0
17.462309567000002,0.68,0.0,0.0,0.0
17.463099479,0.68,0.0,0.0,0.0
17.464361751000002,0.68,0.0,0.0,0.0
17.465101521,0.69,0.0,0.0,0.0
17.46614859,0.68,0.0,0.0,0.0
17.467214565000003,0.68,0.0,0.0,0.0
17.469413564,0.68,0.0,0.0,0.0
17.470104289000002,0.68,0.0,0.01,0.0
17.471397986,0.67,0.0,0.01,0.0
17.47210531,0.68,0.0,0.0,0.0
17.473275554,0.68,0.0,0.0,0.0
17.474158141,0.68,0.0,0.01,0.0
17.475449761,0.68,0.0,0.0,0.0
17.476097454,0.68,0.0,0.0,0.0
17.477315396,0.68,0.0,0.0,0.0
17.478102663,0.68,0.0,0.0,0.0
17.479374056,0.68,0.0,0.0,0.0
17.480096979000002,0.68,0.0,0.0,0.0
17.481405251,0.68,0.0,0.0,0.0
17.483453612,0.68,0.0,0.0,0.0
17.484097560000002,0.68,0.0,0.01,0.0
17.485419785,0.68,0.0,0.06,0.0
17.486099258,0.68,0.0,0.06,0.0
17.487389533,0.68,0.0,0.06,0.0
17.488094647,0.68,0.0,0.07,0.01
17.489483828,0.68,0.0,0.06,0.0
17.490093728,0.69,0.0,0.06,0.0
17.491307216000003,0.68,0.0,0.07,0.0
17.492081648000003,0.68,0.0,0.07,0.0
17.493450107,0.69,0.0,0.08,0.0
17.494090004,0.69,0.0,0.08,0.0
17.496416065000002,0.68,0.0,0.08,0.0
17.497093034000002,0.68,0.0,0.08,0.0
17.498243170000002,0.68,0.0,0.08,0.0
17.499091681,0.68,0.0,0.1,0.0
17.500205514,0.68,0.0,0.1,0.0
17.501139441,0.68,0.0,0.09,0.0
17.502420825,0.69,0.0,0.09,0.0
17.503088109,0.68,0.0,0.09,0.0
17.50429922,0.69,0.0,0.09,0.0
17.505088706000002,0.68,0.0,0.09,0.0
17.506299172000002,0.68,0.0,0.09,0.0
17.507084258000003,0.68,0.0,0.09,0.0
17.508368412,0.68,0.0,0.09,0.0
17.509090251,0.68,0.0,0.09,0.0
17.510383801,0.68,0.0,0.09,0.01
17.512317474,0.68,0.0,0.1,0.0
17.513181611,0.69,0.0,0.1,0.01
17.514282754,0.69,0.0,0.1,0.0
17.515125870000002,0.69,0.0,0.1,0.0
17.516416467000003,0.68,0.0,0.1,0.0
17.517090812000003,0.68,0.0,0.1,0.0
17.518418134,0.68,0.0,0.1,0.0
17.519090381,0.68,0.0,0.11,0.0
17.520433237000002,0.68,0.0,0.1,0.0
17.521090611,0.69,0.0,0.11,0.0
17.522297642,0.68,0.0,0.11,0.0
17.523081546,0.69,0.0,0.1,0.0
17.524318419,0.69,0.0,0.1,0.0
17.526417331,0.69,0.0,0.1,0.0
17.527094669,0.69,0.0,0.1,0.0
17.528275755000003,0.69,0.0,0.1,0.0
17.529230755,0.69,0.0,0.1,0.0
17.530254686000003,0.69,0.0,0.11,0.0
17.531107474000002,0.69,0.0,0.11,0.0
17.532411087,0.68,0.0,0.11,0.0
17.533098564,0.69,0.0,0.11,0.0
17.534266393,0.68,0.0,0.11,0.0
17.535190879,0.69,0.0,0.12,0.0
17.536162424,0.69,0.0,0.11,0.0
17.537096987,0.68,0.0,0.11,0.0
17.539240720000002,0.68,0.0,0.11,0.0
17.540273925,0.68,0.0,0.12,0.0
17.541137878,0.68,0.0,0.12,0.0
17.542263076,0.67,0.0,0.12,0.0
17.543240469,0.68,0.0,0.12,0.0
17.544268768000002,0.69,0.0,0.12,0.0
17.545235771,0.69,0.0,0.12,0.0
17.546253353,0.69,0.0,0.12,0.0
17.547210457000002,0.7,0.0,0.13,0.0
17.54839046,0.7,0.0,0.12,0.0
17.549101971000002,0.7,0.0,0.12,0.0
17.550400701,0.7,0.0,0.12,0.0
17.551096087,0.7,0.0,0.13,0.0
17.552335406,0.7,0.0,0.12,0.0
17.553098133000002,0.7,0.0,0.13,0.0
17.554306496000002,0.69,0.0,0.13,0.0
17.55627526,0.7,0.0,0.13,0.0
17.557161738,0.7,0.0,0.13,0.01
17.558259857,0.69,0.0,0.13,0.0
17.55923488,0.7,0.0,0.14,0.0
17.560257768,0.7,0.0,0.13,0.0
17.561123779000003,0.7,0.0,0.13,0.0
17.562206424000003,0.7,0.0,0.13,0.0
17.563254474,0.7,0.0,0.13,0.0
17.564248548000002,0.7,0.0,0.13,0.0
17.565141586000003,0.7,0.0,0.13,0.0
17.566449766,0.7,0.0,0.13,0.0
17.567101999000002,0.7,0.0,0.13,0.0
17.568319456,0.7,0.0,0.13,0.0
17.569098162,0.7,0.0,0.13,0.0
17.570426256,0.7,0.0,0.13,0.0
17.57242314,0.69,0.0,0.13,0.0
17.573102093000003,0.7,0.0,0.13,0.0
17.574348108000002,0.7,0.0,0.13,0.0
17.575101815,0.7,0.0,0.13,0.0
17.576149534000002,0.7,0.0,0.13,0.0
17.577148702000002,0.7,0.0,0.14,0.0
17.578312125,0.69,0.0,0.13,0.0
17.579118454,0.7,0.0,0.13,0.0
17.580548305,0.7,0.0,0.14,0.0
17.581087045,0.7,0.0,0.14,0.0
17.582324304,0.7,0.0,0.13,0.0
17.583166192,0.7,0.0,0.13,0.0
17.584258815000002,0.7,0.0,0.13,0.0
17.585133803,0.7,0.0,0.13,0.0
17.586403731,0.7,0.0,0.13,0.0
17.588425823,0.7,0.0,0.13,0.0
17.589093974,0.7,0.0,0.14,0.0
17.590368934,0.7,0.0,0.13,0.0
17.591098373,0.7,0.0,0.13,0.0
17.592392198000002,0.7,0.0,0.13,0.0
17.593101518,0.7,0.01,0.13,0.0
17.594464331,0.7,0.0,0.13,0.0
17.595093727000002,0.7,0.0,0.14,0.0
17.596401229,0.7,0.0,0.14,0.0
17.597089407000002,0.7,0.0,0.14,0.0
17.598215262,0.7,0.01,0.13,0.0
17.599141041000003,0.7,0.0,0.13,0.0
17.600428645,0.7,0.0,0.13,0.0
17.601087925,0.7,0.0,0.13,0.0
17.602413213000002,0.69,0.0,0.14,0.0
17.604213772,0.7,0.0,0.14,0.0
17.605220813000003,0.7,0.0,0.14,0.0
17.606084056,0.7,0.0,0.13,0.0
17.607278819,0.7,0.0,0.14,0.0
17.608230114,0.7,0.0,0.13,0.0
17.609260873,0.7,0.0,0.14,0.0
17.610223836,0.7,0.02,0.14,0.0
17.611136282,0.7,0.0,0.13,0.0
17.612179534000003,0.7,0.0,0.14,0.0
17.613172925,0.7,0.0,0.13,0.0
17.614302827,0.7,0.0,0.14,0.0
17.615136226,0.7,0.0,0.14,0.0
17.616215837000002,0.7,0.0,0.14,0.0
17.618404098000003,0.7,0.0,0.14,0.0
17.619092309000003,0.7,0.0,0.13,0.0
17.620289616,0.7,0.0,0.13,0.0
17.621207715,0.7,0.0,0.14,0.0
17.622225936,0.7,0.0,0.13,0.0
17.623269902,0.7,0.0,0.13,0.0
17.62423832,0.7,0.0,0.13,0.0
17.625260410000003,0.7,0.0,0.13,0.0
17.626219544,0.7,0.0,0.14,0.0
17.627166622,0.7,0.0,0.13,0.0
17.628167896,0.7,0.0,0.13,0.0
17.6293301,0.7,0.0,0.13,0.0
17.630096365,0.7,0.0,0.13,0.0
17.631279339000002,0.7,0.0,0.13,0.0
17.633519163000003,0.7,0.0,0.13,0.0
17.634097848,0.7,0.0,0.13,0.0
17.635140682,0.7,0.0,0.14,0.0
17.636266938000002,0.7,0.0,0.14,0.0
17.637231392,0.7,0.0,0.14,0.0
17.638266374,0.7,0.0,0.13,0.0
17.63924479,0.7,0.0,0.14,0.0
17.640245555,0.7,0.0,0.14,0.0
17.641205231,0.7,0.0,0.14,0.0
17.642166576,0.7,0.0,0.14,0.0
17.643311859,0.7,0.0,0.13,0.0
17.644105249000003,0.7,0.0,0.14,0.0
17.645361536,0.7,0.0,0.14,0.0
17.646097287,0.7,0.0,0.13,0.0
17.64740496,0.7,0.0,0.14,0.0
17.649177433000002,0.7,0.0,0.13,0.0
17.650097555000002,0.7,0.0,0.13,0.0
17.651300955,0.7,0.0,0.13,0.0
17.652085983000003,0.7,0.0,0.14,0.0
17.653298771,0.7,0.0,0.13,0.0
17.654086668,0.7,0.0,0.13,0.0
17.655288291,0.7,0.0,0.13,0.0
17.656207265000003,0.7,0.0,0.13,0.0
17.657181569000002,0.7,0.0,0.13,0.0
17.658165526,0.7,0.0,0.13,0.0
17.659306268,0.7,0.0,0.13,0.0
17.660183377000003,0.7,0.0,0.13,0.0
17.662319030000003,0.7,0.0,0.13,0.0
17.663106762,0.7,0.0,0.13,0.0
17.664314256,0.7,0.0,0.13,0.0
17.665121862,0.7,0.0,0.14,0.0
17.666134795,0.7,0.0,0.13,0.0
17.667428085,0.7,0.01,0.13,0.0
17.668094248000003,0.7,0.0,0.13,0.0
17.669411823,0.7,0.0,0.13,0.0
17.670089857,0.7,0.0,0.13,0.0
17.671416878000002,0.7,0.0,0.14,0.0
17.6720903,0.7,0.0,0.14,0.0
17.673295789,0.71,0.0,0.14,0.0
17.674186337000002,0.7,0.0,0.14,0.0
17.676468529,0.7,0.0,0.13,0.0
17.677094196000002,0.7,0.0,0.13,0.0
17.678310471,0.7,0.0,0.13,0.0
17.679131043,0.7,0.0,0.13,0.0
17.680394809000003,0.7,0.0,0.13,0.0
17.681095401,0.7,0.0,0.14,0.0
17.682262051000002,0.7,0.0,0.13,0.0
17.683129828000002,0.7,0.0,0.13,0.0
17.684148811,0.7,0.0,0.13,0.0
17.685286498,0.7,0.0,0.13,0.0
17.686192499,0.7,0.0,0.13,0.0
17.687119966,0.7,0.0,0.13,0.0
17.688174019,0.7,0.0,0.13,0.0
17.689290666,0.7,0.0,0.14,0.0
17.690175064,0.7,0.0,0.14,0.0
17.691269130000002,0.7,0.0,0.13,0.01
17.692232131,0.7,0.0,0.14,0.0
17.693264376000002,0.7,0.0,0.13,0.0
17.69527159,0.7,0.0,0.13,0.0
17.696198231,0.7,0.0,0.13,0.0
17.697122295,0.7,0.0,0.13,0.0
17.698167811,0.69,0.0,0.13,0.0
17.699272859,0.7,0.0,0.13,0.0
17.700242494,0.7,0.0,0.13,0.0
17.701273987,0.7,0.0,0.13,0.01
17.702122572,0.7,0.0,0.13,0.0
17.703324009000003,0.7,0.01,0.13,0.0
17.704097438,0.7,0.0,0.13,0.0
17.705345604,0.7,0.0,0.14,0.0
17.706094639,0.7,0.0,0.13,0.0
17.707395654000003,0.7,0.0,0.14,0.0
17.709403715,0.7,0.0,0.13,0.0
17.710102398,0.7,0.0,0.13,0.0
17.711280194,0.7,0.0,0.13,0.0
17.712120525,0.7,0.0,0.13,0.0
17.713185672,0.7,0.0,0.13,0.0
17.7142833,0.7,0.0,0.13,0.0
17.715140411,0.7,0.0,0.13,0.0
17.716434639000003,0.7,0.0,0.13,0.0
17.717095468,0.7,0.0,0.13,0.0
17.718318782,0.7,0.0,0.13,0.0
17.719125302000002,0.7,0.01,0.13,0.0
17.720185838000003,0.7,0.0,0.13,0.0
17.721219391,0.7,0.0,0.13,0.0
17.722282337,0.7,0.0,0.13,0.0
17.723228879,0.7,0.0,0.13,0.0
17.725429793,0.7,0.0,0.13,0.0
17.726101890000002,0.7,0.0,0.13,0.0
17.727405625,0.7,0.0,0.13,0.0
17.728100066,0.71,0.0,0.13,0.0
17.729401556000003,0.7,0.0,0.13,0.0
17.730094473,0.7,0.0,0.13,0.0
17.731193484000002,0.71,0.0,0.14,0.0
17.732226212,0.7,0.0,0.13,0.0
17.733186724,0.7,0.0,0.14,0.0
17.734279825,0.71,0.0,0.13,0.0
17.735091011,0.71,0.0,0.13,0.0
17.736472814000003,0.71,0.0,0.13,0.0
17.737090733000002,0.7,0.0,0.13,0.0
17.738413162,0.71,0.0,0.14,0.0
17.740137431,0.71,0.0,0.14,0.0
17.741151566000003,0.71,0.0,0.14,0.0
17.742281144,0.71,0.0,0.14,0.0
17.743219993,0.71,0.0,0.14,0.0
17.744228954,0.7,0.0,0.13,0.0
17.745136849,0.7,0.0,0.13,0.0
17.746271590000003,0.71,0.0,0.13,0.0
17.747228741,0.71,0.0,0.14,0.0
17.748083028,0.71,0.0,0.13,0.0
17.749312029000002,0.71,0.0,0.13,0.0
17.750097419,0.71,0.0,0.13,0.0
17.751229737000003,0.71,0.0,0.14,0.0
17.752262374,0.7,0.0,0.13,0.0
17.753245525,0.7,0.0,0.14,0.0
17.754261595000003,0.71,0.0,0.14,0.0
17.756421276,0.71,0.0,0.14,0.0
17.757101522000003,0.7,0.0,0.14,0.0
17.758361092,0.7,0.0,0.13,0.0
17.759096682000003,0.71,0.0,0.14,0.0
17.760412441,0.71,0.0,0.13,0.0
17.761093866,0.71,0.0,0.13,0.0
17.76244505,0.7,0.0,0.13,0.0
17.763094429000002,0.7,0.0,0.13,0.0
17.764329859,0.7,0.0,0.13,0.0
17.765095245,0.7,0.0,0.14,0.0
17.766193446000003,0.7,0.0,0.14,0.0
17.768417932000002,0.7,0.0,0.14,0.0
17.769101924,0.7,0.0,0.13,0.0
17.770390287,0.7,0.0,0.13,0.0
17.771101244,0.71,0.0,0.14,0.0
17.772509882,0.7,0.0,0.14,0.0
17.773103049,0.7,0.0,0.13,0.0
17.774158441,0.7,0.0,0.13,0.0
17.775254214,0.71,0.0,0.13,0.0
17.776193720000002,0.71,0.0,0.14,0.0
17.777178823,0.71,0.0,0.13,0.0
17.778138225000003,0.7,0.0,0.13,0.0
17.779314387,0.71,0.0,0.14,0.0
17.780094187,0.71,0.0,0.14,0.0
17.782463891000003,0.71,0.0,0.14,0.0
17.783105017,0.7,0.0,0.14,0.0
17.784403815,0.7,0.0,0.13,0.0
17.785101618000002,0.7,0.0,0.14,0.0
17.786402711,0.7,0.0,0.13,0.0
17.787098527,0.7,0.0,0.14,0.0
17.788400192,0.7,0.0,0.14,0.0
17.789098571,0.7,0.0,0.14,0.0
17.790410032,0.71,0.01,0.14,0.0
17.791094873000002,0.71,0.0,0.14,0.0
17.792539408,0.71,0.0,0.13,0.0
17.793093267,0.7,0.0,0.14,0.0
17.79429358,0.7,0.0,0.13,0.0
17.795167909,0.71,0.0,0.14,0.0
17.796401197,0.71,0.0,0.14,0.0
17.798301557000002,0.71,0.0,0.14,0.0
17.799138763000002,0.71,0.0,0.13,0.0
17.80026189,0.71,0.0,0.14,0.0
17.801097312,0.71,0.0,0.14,0.0
17.802397954,0.71,0.0,0.14,0.0
17.803093905,0.71,0.0,0.14,0.0
17.804404143000003,0.71,0.0,0.14,0.0
17.805094025000002,0.71,0.0,0.14,0.0
17.806324070000002,0.71,0.0,0.14,0.0
17.807099436,0.71,0.0,0.14,0.0
17.808191075,0.7,0.0,0.14,0.0
17.809182494,0.71,0.0,0.13,0.0
17.810193475000002,0.71,0.0,0.14,0.0
17.812317233,0.7,0.0,0.13,0.0
17.813100327,0.7,0.0,0.14,0.0
17.814402566000002,0.71,0.0,0.14,0.0
17.815094988000002,0.7,0.0,0.14,0.0
17.816293205,0.71,0.0,0.14,0.0
17.817216991000002,0.71,0.0,0.14,0.0
17.818229008,0.7,0.0,0.14,0.0
17.819292406000002,0.71,0.0,0.14,0.0
17.820194941,0.71,0.0,0.14,0.0
17.821272022000002,0.71,0.0,0.14,0.0
17.822212158000003,0.71,0.0,0.14,0.0
17.823171612,0.7,0.0,0.13,0.0
17.82430018,0.7,0.0,0.14,0.0
17.825090762000002,0.71,0.0,0.14,0.0
17.826422759,0.71,0.0,0.14,0.0
17.827090597,0.71,0.0,0.14,0.0
17.828460715000002,0.71,0.0,0.13,0.0
17.830444065000002,0.71,0.0,0.14,0.01
17.831105173,0.71,0.0,0.13,0.01
17.832143426000002,0.7,0.0,0.14,0.0
17.833132667,0.7,0.0,0.13,0.0
17.834132367000002,0.7,0.01,0.14,0.0
17.835159785000002,0.7,0.0,0.14,0.0
17.836242481000003,0.7,0.0,0.14,0.0
17.837124457,0.7,0.0,0.14,0.0
17.838333397,0.71,0.0,0.14,0.0
17.839101658,0.7,0.0,0.14,0.0
17.840281688,0.71,0.0,0.14,0.0
17.841098172000002,0.7,0.0,0.14,0.0
17.842304141,0.7,0.0,0.13,0.0
17.84477717,0.7,0.0,0.14,0.0
17.845299321000002,0.7,0.0,0.14,0.0
17.846149975,0.7,0.0,0.13,0.0
17.847266901,0.7,0.0,0.14,0.0
17.84809084,0.7,0.0,0.14,0.0
17.849254453,0.7,0.0,0.14,0.0
17.850136953,0.7,0.0,0.13,0.0
17.851238749,0.7,0.0,0.14,0.0
17.852129184000002,0.7,0.0,0.14,0.0
17.853171748,0.7,0.0,0.14,0.0
17.854126652,0.7,0.0,0.13,0.0
17.855314096,0.7,0.0,0.14,0.0
17.856105298000003,0.7,0.0,0.14,0.0
17.857273263,0.7,0.0,0.14,0.0
17.859400292,0.7,0.0,0.14,0.0
17.860107170000003,0.71,0.0,0.14,0.0
17.861187732,0.69,0.0,0.14,0.0
17.862163485,0.68,0.0,0.14,0.0
17.863257152000003,0.7,0.0,0.14,0.0
17.864166186000002,0.7,0.0,0.14,0.0
17.865295645,0.7,0.0,0.14,0.0
17.866110384000002,0.7,0.0,0.14,0.0
17.86745549,0.7,0.0,0.14,0.0
17.868101749,0.7,0.01,0.14,0.01
17.869212434,0.7,0.03,0.14,0.0
17.870194365,0.7,0.06,0.14,0.0
17.871150841000002,0.7,0.07,0.14,0.0
17.872445510000002,0.7,0.08,0.14,0.0
17.874427347,0.7,0.08,0.14,0.0
17.87510036,0.7,0.15,0.14,0.0
17.876269865,0.7,0.21,0.14,0.0
17.877167150000002,0.7,0.39,0.14,0.0
17.878180639,0.7,0.43,0.14,0.0
17.87924688,0.69,0.44,0.14,0.0
17.880176839,0.7,0.45,0.14,0.0
17.881256178,0.7,0.47,0.14,0.0
17.882184982000002,0.7,0.58,0.14,0.0
17.883142021,0.7,0.58,0.14,0.0
17.884128293,0.7,0.63,0.14,0.0
17.885269491000003,0.7,0.64,0.14,0.0
17.886097445,0.7,0.65,0.14,0.0
17.887193628000002,0.7,0.68,0.14,0.0
17.889416575000002,0.7,0.68,0.14,0.0
17.890098124,0.7,0.68,0.14,0.0
17.891398073,0.7,0.71,0.14,0.0
17.892094608,0.69,0.73,0.14,0.0
17.893409545,0.69,0.74,0.14,0.0
17.89409196,0.69,0.74,0.14,0.0
17.895153753000002,0.69,0.75,0.14,0.0
17.896206464000002,0.69,0.76,0.14,0.0
17.897131422,0.69,0.78,0.14,0.0
17.898142215,0.69,0.79,0.14,0.0
17.899092011,0.69,0.8,0.13,0.0
17.900189163,0.69,0.82,0.14,0.0
17.90118997,0.69,0.83,0.14,0.0
17.903292815,0.69,0.84,0.14,0.0
17.904121999,0.69,0.84,0.14,0.0
17.905120458000003,0.69,0.85,0.14,0.0
17.906152607000003,0.69,0.86,0.14,0.0
17.907250021,0.69,0.87,0.15,0.0
17.908133438,0.69,0.88,0.14,0.0
17.909155063,0.69,0.9,0.14,0.0
17.910275548,0.69,0.91,0.14,0.0
17.911101087000002,0.69,0.92,0.15,0.0
17.912118263,0.7,0.97,0.14,0.0
17.913376264,0.69,0.97,0.15,0.0
17.914114197,0.69,0.98,0.14,0.0
17.915155901000002,0.69,0.98,0.14,0.01
17.917455168,0.68,0.99,0.14,0.0
17.918099053000002,0.69,1.01,0.14,0.0
17.919364656000003,0.69,1.02,0.14,0.0
17.920098394,0.69,1.05,0.14,0.0
17.921412064000002,0.69,1.09,0.14,0.0
17.922093857,0.69,1.1,0.14,0.0
17.923284554000002,0.69,1.12,0.14,0.0
17.924098588,0.69,1.13,0.14,0.0
17.925301759,0.69,1.16,0.14,0.0
17.926187672,0.7,1.17,0.14,0.0
17.927102257,0.69,1.19,0.14,0.0
17.928314587000003,0.7,1.2,0.14,0.0
17.929176310000003,0.7,1.21,0.14,0.0
17.930293655,0.69,1.24,0.14,0.0
17.931086578000002,0.69,1.25,0.14,0.0
17.932386136,0.69,1.27,0.14,0.0
17.934275442,0.69,1.29,0.14,0.0
17.935101918,0.69,1.32,0.14,0.0
17.936265101,0.69,1.32,0.14,0.0
17.937094239,0.69,1.33,0.14,0.0
17.938402616,0.69,1.35,0.14,0.0
17.939103086,0.69,1.38,0.14,0.0
17.940412156,0.69,1.4,0.14,0.0
17.941103444,0.69,1.42,0.14,0.0
17.942414728000003,0.69,1.43,0.14,0.0
17.943093477,0.69,1.44,0.14,0.0
17.944261757,0.69,1.45,0.14,0.0
17.94509317,0.69,1.46,0.14,0.0
17.946404756,0.69,1.47,0.14,0.0
17.94709486,0.69,1.49,0.14,0.0
17.949433987000003,0.69,1.5,0.14,0.0
17.950096336,0.69,1.52,0.14,0.0
17.951414078000003,0.69,1.54,0.14,0.0
17.952093941,0.69,1.54,0.14,0.0
17.953287067,0.69,1.59,0.14,0.0
17.954094599,0.69,1.6,0.14,0.0
17.955446493,0.68,1.61,0.14,0.0
17.956134848,0.69,1.63,0.14,0.0
17.957119059,0.69,1.65,0.14,0.0
17.958266904000002,0.7,1.66,0.14,0.0
17.959160598,0.69,1.69,0.14,0.0
17.960295727000002,0.69,1.72,0.14,0.0
17.961132259000003,0.69,1.72,0.14,0.0
17.96229883,0.69,1.73,0.14,0.0
17.963189815,0.69,1.73,0.14,0.0
17.965267847,0.69,1.74,0.15,0.0
17.96614786,0.69,1.77,0.14,0.0
17.967236967,0.69,1.79,0.14,0.0
17.968198527000002,0.7,1.81,0.14,0.0
17.969231513,0.69,1.81,0.14,0.0
17.970149755,0.69,1.81,0.14,0.0
17.971401302,0.7,1.82,0.14,0.0
17.972118564000002,0.69,1.83,0.14,0.0
17.973382768,0.7,1.84,0.14,0.0
17.974119046000002,0.7,1.85,0.15,0.0
17.975309436,0.7,1.85,0.14,0.0
17.976100825,0.7,1.85,0.15,0.0
17.977310744,0.7,1.86,0.14,0.0
17.978101205,0.7,1.87,0.14,0.0
17.979398255,0.7,1.89,0.14,0.0
17.981200307,0.7,1.9,0.15,0.0
17.982149573,0.7,1.9,0.14,0.0
17.983096995,0.7,1.91,0.14,0.0
17.984308252,0.7,1.92,0.14,0.0
17.985177912,0.7,1.93,0.14,0.0
17.986227248000002,0.7,1.92,0.15,0.0
17.987203308,0.7,1.93,0.14,0.0
17.988184813,0.7,1.94,0.14,0.0
17.989151591000002,0.7,1.95,0.14,0.0
17.990150464000003,0.7,1.96,0.14,0.0
17.991181113,0.7,1.96,0.15,0.0
17.992157103,0.7,1.95,0.14,0.0
17.993196911000002,0.7,1.96,0.14,0.0
17.995429496,0.7,1.97,0.14,0.0
17.996314726,0.7,1.97,0.14,0.0
17.997299838,0.7,1.97,0.14,0.0
17.998285324,0.7,1.98,0.15,0.0
17.999314319,0.7,1.98,0.14,0.0
18.000260934,0.7,1.98,0.14,0.0
18.001180502,0.7,1.98,0.15,0.0
18.002236713000002,0.7,1.99,0.14,0.0
18.003212636,0.7,1.99,0.14,0.0
18.004183751,0.69,1.99,0.14,0.0
18.005172937,0.7,2.0,0.14,0.0
18.006167076,0.69,2.0,0.14,0.0
18.007189964000002,0.7,2.0,0.14,0.0
18.008189459,0.69,2.01,0.14,0.0
18.009275566,0.7,2.01,0.15,0.0
18.011160118,0.7,2.01,0.15,0.0
18.012187112,0.7,2.02,0.14,0.0
18.013195916,0.7,2.02,0.15,0.0
18.014212368000003,0.7,2.02,0.14,0.0
18.015236553,0.7,2.02,0.14,0.0
18.016285388,0.7,2.03,0.14,0.0
18.017179099,0.7,2.03,0.15,0.01
18.018224224,0.7,2.04,0.14,0.0
18.019214805,0.7,2.04,0.14,0.0
18.020281771,0.7,2.04,0.14,0.0
18.021283157000003,0.69,2.04,0.15,0.0
18.022237331,0.7,2.05,0.15,0.0
18.023218443,0.7,2.05,0.14,0.0
18.024198419,0.7,2.05,0.14,0.0
18.026202799,0.7,2.05,0.15,0.0
18.027156034,0.7,2.05,0.14,0.0
18.028154424,0.69,2.05,0.14,0.0
18.029154666,0.7,2.06,0.14,0.0
18.030191393000003,0.69,2.06,0.14,0.0
18.031122533,0.69,2.06,0.15,0.0
18.032189703,0.7,2.07,0.15,0.0
18.033190825000002,0.69,2.07,0.15,0.0
18.034188012,0.7,2.08,0.15,0.0
18.035190377000003,0.7,2.08,0.15,0.0
18.036195328,0.7,2.08,0.14,0.0
18.037166971,0.7,2.09,0.14,0.0
18.038221079,0.7,2.09,0.15,0.0
18.039246386000002,0.7,2.08,0.15,0.0
18.040210220000002,0.7,2.08,0.15,0.0
18.042351329000002,0.7,2.09,0.14,0.0
18.043107872,0.69,2.09,0.14,0.0
18.044280494000002,0.69,2.09,0.15,0.0
18.045141855,0.7,2.1,0.14,0.0
18.046332839,0.7,2.1,0.14,0.0
18.04709274,0.69,2.1,0.14,0.0
18.048361892000003,0.7,2.1,0.14,0.0
18.04908972,0.7,2.1,0.15,0.0
18.050250619,0.69,2.1,0.15,0.0
18.051086463,0.7,2.1,0.15,0.0
18.052301996,0.7,2.1,0.14,0.0
18.053086419,0.7,2.11,0.15,0.0
18.05423687,0.71,2.12,0.14,0.0
18.056352349,0.7,2.12,0.14,0.0
18.057088433,0.7,2.12,0.14,0.0
18.058219703000002,0.69,2.13,0.15,0.0
18.059216472000003,0.69,2.13,0.14,0.0
18.060219757000002,0.69,2.13,0.15,0.0
18.061080004,0.69,2.13,0.15,0.0
18.062438103,0.69,2.13,0.14,0.0
18.063093078,0.69,2.13,0.14,0.0
18.064564173,0.69,2.14,0.15,0.0
18.065091560000003,0.69,2.14,0.14,0.0
18.066176977,0.69,2.14,0.15,0.0
18.067187007,0.7,2.14,0.14,0.0
18.068214707000003,0.7,2.14,0.14,0.0
18.070350773,0.69,2.15,0.14,0.0
18.071129369,0.69,2.15,0.14,0.0
18.072208788,0.69,2.15,0.15,0.0
18.073203985000003,0.69,2.15,0.14,0.0
18.074201435000003,0.69,2.15,0.14,0.0
18.075155618,0.69,2.15,0.15,0.0
18.076195519000002,0.69,2.15,0.14,0.0
18.077197315,0.69,2.15,0.14,0.0
18.078207045000003,0.69,2.16,0.15,0.0
18.079219027,0.69,2.16,0.15,0.0
18.080219003,0.69,2.17,0.14,0.0
18.081202954000002,0.69,2.17,0.14,0.01
18.082223112,0.69,2.17,0.14,0.0
18.083212978000002,0.69,2.17,0.15,0.0
18.085194888,0.69,2.17,0.15,0.0
18.086153785,0.69,2.18,0.15,0.0
18.087396208,0.69,2.18,0.15,0.0
18.088448778,0.7,2.18,0.14,0.0
18.089398506000002,0.69,2.18,0.15,0.0
18.090328485,0.7,2.18,0.15,0.0
18.091241762000003,0.69,2.19,0.15,0.0
18.092292419,0.69,2.19,0.15,0.0
18.093281421,0.7,2.18,0.15,0.0
18.094255037,0.69,2.19,0.14,0.0
18.095242492,0.69,2.19,0.15,0.0
18.096202616,0.69,2.21,0.15,0.0
18.097217962000002,0.69,2.19,0.14,0.0
18.098273977,0.69,2.19,0.15,0.0
18.099325074000003,0.69,2.19,0.15,0.0
18.101229064,0.69,2.2,0.14,0.0
18.102194161,0.69,2.2,0.15,0.0
18.103187045000002,0.69,2.2,0.14,0.0
18.104161734,0.69,2.2,0.15,0.0
18.105200328000002,0.7,2.2,0.14,0.0
18.106196792000002,0.7,2.2,0.15,0.0
18.107195026,0.7,2.2,0.15,0.0
18.108160709,0.69,2.2,0.14,0.0
18.109218804,0.7,2.21,0.14,0.0
18.110192441000002,0.69,2.21,0.15,0.0
18.111158222,0.7,2.21,0.14,0.0
18.112191485,0.69,2.21,0.14,0.0
18.113231418,0.69,2.22,0.14,0.0
18.114306053,0.69,2.22,0.15,0.0
18.116364545,0.69,2.22,0.15,0.0
18.117125677,0.69,2.22,0.15,0.0
18.118248503,0.69,2.22,0.15,0.0
18.119230706,0.69,2.22,0.14,0.0
18.120244744,0.69,2.22,0.15,0.0
18.12122342,0.69,2.23,0.15,0.0
18.122260914,0.69,2.22,0.15,0.0
18.123227081,0.69,2.22,0.15,0.0
18.124215635000002,0.69,2.22,0.15,0.0
18.125334689000002,0.69,2.23,0.15,0.0
18.126102083000003,0.7,2.23,0.15,0.0
18.127377453,0.69,2.23,0.15,0.0
18.128101061000002,0.69,2.24,0.15,0.0
18.129384668,0.69,2.23,0.15,0.0
18.131282978,0.69,2.23,0.14,0.0
18.132167018,0.69,2.24,0.15,0.0
18.133282148000003,0.69,2.23,0.15,0.0
18.134128456000003,0.69,2.24,0.15,0.0
18.135134057000002,0.69,2.24,0.14,0.0
18.136231786,0.67,2.24,0.15,0.0
18.137215163,0.69,2.24,0.14,0.0
18.138175642,0.69,2.24,0.15,0.0
18.139156294000003,0.69,2.24,0.15,0.0
18.14017553,0.69,2.24,0.14,0.0
18.141132332,0.69,2.24,0.15,0.0
18.142211906,0.69,2.24,0.15,0.0
18.143193659,0.69,2.24,0.14,0.0
18.144181894000003,0.69,2.25,0.14,0.0
18.146471757,0.69,2.25,0.14,0.0
18.147560944000002,0.69,2.25,0.14,0.0
18.148612207000003,0.69,2.25,0.15,0.0
18.149668312000003,0.69,2.25,0.14,0.0
18.150628145000002,0.69,2.25,0.14,0.0
18.151507543,0.68,2.25,0.14,0.0
18.152323492,0.69,2.25,0.14,0.0
18.153253714,0.68,2.25,0.14,0.0
18.154163923000002,0.69,2.25,0.14,0.0
18.155152583,0.68,2.25,0.14,0.0
18.156165629,0.68,2.25,0.14,0.0
18.157166339,0.68,2.26,0.14,0.0
18.158163871000003,0.69,2.25,0.14,0.0
18.159166382000002,0.68,2.26,0.14,0.0
18.160206907000003,0.69,2.26,0.15,0.0
18.162434275000003,0.69,2.25,0.15,0.0
18.163162889000002,0.68,2.26,0.15,0.0
18.164177029,0.69,2.26,0.14,0.0
18.165183226,0.69,2.26,0.14,0.0
18.166195451,0.69,2.26,0.14,0.0
18.167230594,0.69,2.26,0.14,0.0
18.16823179,0.69,2.26,0.14,0.0
18.169280366000002,0.69,2.26,0.14,0.0
18.170224203,0.69,2.26,0.14,0.0
18.171227367,0.69,2.26,0.15,0.0
18.172320411,0.69,2.26,0.14,0.0
18.173502562,0.7,2.26,0.14,0.0
18.174384845000002,0.69,2.26,0.15,0.0
18.176439737000003,0.69,2.26,0.14,0.0
18.1772421,0.69,2.26,0.14,0.0
18.178178269,0.69,2.26,0.14,0.01
18.179143298,0.69,2.26,0.15,0.0
18.180221353,0.69,2.26,0.14,0.0
18.181216654,0.69,2.27,0.14,0.0
18.182195289000003,0.69,2.26,0.14,0.0
18.183223614000003,0.7,2.27,0.14,0.0
18.184212488,0.7,2.27,0.14,0.0
18.185187609,0.7,2.27,0.14,0.0
18.186177044,0.7,2.27,0.14,0.0
18.187119557000003,0.69,2.27,0.14,0.0
18.188392824,0.69,2.27,0.14,0.0
18.190391707,0.69,2.27,0.14,0.0
18.191119483,0.69,2.28,0.14,0.0
18.192245238,0.69,2.28,0.14,0.0
18.193215582,0.69,2.28,0.14,0.0
18.194177383,0.69,2.28,0.14,0.0
18.195387607,0.69,2.28,0.14,0.01
18.196113956,0.69,2.28,0.14,0.0
18.197382009000002,0.69,2.28,0.14,0.0
18.198111296,0.69,2.29,0.14,0.0
18.199341525,0.69,2.29,0.14,0.0
18.200098436,0.69,2.29,0.14,0.0
18.201304602,0.69,2.29,0.14,0.0
18.202129779,0.69,2.29,0.14,0.0
18.203380582,0.69,2.29,0.14,0.0
18.205429517000002,0.69,2.29,0.14,0.0
18.206189503,0.69,2.3,0.14,0.0
18.207121152000003,0.69,2.3,0.14,0.0
18.208286527000002,0.68,2.29,0.14,0.0
18.209172668,0.68,2.3,0.14,0.0
18.21027837,0.69,2.3,0.14,0.0
18.211129301,0.69,2.3,0.14,0.0
18.212231574,0.69,2.3,0.14,0.0
18.213145758,0.69,2.3,0.14,0.0
18.214096519,0.69,2.3,0.14,0.0
18.21516574,0.69,2.3,0.14,0.0
18.216135673,0.69,2.3,0.14,0.0
18.217269907000002,0.69,2.31,0.14,0.0
18.21814678,0.69,2.3,0.14,0.0
18.219298006000002,0.69,2.3,0.14,0.0
18.221411123000003,0.69,2.3,0.14,0.0
18.222106416000003,0.69,2.31,0.14,0.0
18.22326091,0.69,2.3,0.14,0.0
18.224155893000002,0.69,2.31,0.14,0.0
18.225234967000002,0.69,2.31,0.14,0.0
18.226173396,0.69,2.31,0.14,0.0
18.227383689,0.69,2.31,0.14,0.0
18.228109487,0.7,2.31,0.14,0.0
18.229333686,0.69,2.31,0.14,0.0
18.230101277000003,0.69,2.31,0.14,0.0
18.231283914000002,0.69,2.31,0.14,0.01
18.232118006,0.69,2.31,0.14,0.01
18.233229066,0.69,2.31,0.14,0.0
18.234194924,0.69,2.32,0.14,0.0
18.236423827,0.69,2.32,0.14,0.0
18.237130280000002,0.69,2.32,0.14,0.0
18.238139457000003,0.69,2.32,0.14,0.0
18.239217188,0.69,2.32,0.14,0.0
18.240132324,0.69,2.33,0.14,0.0
18.241348912,0.69,2.32,0.14,0.0
18.242101781000002,0.69,2.32,0.14,0.0
18.243290929,0.69,2.33,0.14,0.0
18.244151077,0.69,2.32,0.14,0.0
18.245343567000003,0.69,2.32,0.14,0.0
18.246094952,0.69,2.33,0.14,0.0
18.247303793,0.69,2.32,0.14,0.0
18.248092834,0.69,2.33,0.14,0.0
18.249271866,0.69,2.33,0.14,0.0
18.251338895,0.69,2.33,0.14,0.0
18.252097872,0.69,2.33,0.14,0.0
18.253271776000002,0.69,2.33,0.14,0.0
18.254153352,0.69,2.33,0.14,0.0
18.255374816,0.69,2.33,0.14,0.01
18.256099362,0.69,2.33,0.14,0.0
18.257282982,0.69,2.33,0.14,0.0
18.258092763,0.69,2.33,0.14,0.0
18.259261315,0.69,2.34,0.14,0.0
18.260157551000002,0.69,2.33,0.14,0.0
18.261269475000002,0.69,2.34,0.14,0.0
18.262127016,0.68,2.34,0.14,0.0
18.26338016,0.68,2.34,0.14,0.0
18.264100177,0.69,2.34,0.14,0.0
18.266149029,0.69,2.34,0.14,0.0
18.267103453,0.69,2.34,0.14,0.0
18.268302151,0.69,2.35,0.14,0.0
18.269080715,0.69,2.34,0.14,0.0
18.270421951,0.69,2.35,0.14,0.01
18.271098082,0.69,2.35,0.14,0.0
18.272421192,0.69,2.35,0.14,0.0
18.273095350000002,0.69,2.35,0.14,0.0
18.274553833000002,0.69,2.35,0.14,0.0
18.275086007000002,0.69,2.35,0.14,0.0
18.276280381,0.69,2.35,0.13,0.0
18.277135432,0.69,2.35,0.14,0.0
18.278249495,0.69,2.35,0.14,0.0
18.279228888000002,0.69,2.35,0.14,0.0
18.280238835000002,0.69,2.35,0.14,0.0
18.282419502,0.7,2.35,0.13,0.0
18.283094363,0.69,2.35,0.13,0.0
18.284128034000002,0.7,2.35,0.14,0.0
18.285300014,0.7,2.35,0.14,0.0
18.286091263,0.7,2.35,0.14,0.0
18.287414236,0.7,2.35,0.13,0.0
18.28809489,0.69,2.35,0.14,0.0
18.289374865000003,0.69,2.35,0.14,0.0
18.290081857,0.7,2.35,0.13,0.0
18.291251561000003,0.69,2.35,0.13,0.0
18.292134865,0.69,2.35,0.13,0.0
18.293100448,0.69,2.36,0.13,0.0
18.294379089,0.7,2.36,0.13,0.0
18.296433446,0.69,2.36,0.13,0.0
18.297093233000002,0.69,2.36,0.13,0.0
18.298203283,0.69,2.36,0.13,0.0
18.299146046,0.7,2.36,0.13,0.0
18.300232208,0.69,2.36,0.13,0.0
18.301125463,0.7,2.36,0.13,0.0
18.302561483,0.71,2.36,0.13,0.0
18.303092263,0.7,2.36,0.13,0.0
18.304143242000002,0.7,2.36,0.12,0.0
18.305137763,0.7,2.36,0.12,0.0
18.306126693,0.69,2.36,0.12,0.0
18.307120889,0.69,2.36,0.13,0.0
18.308274015000002,0.69,2.36,0.11,0.0
18.30909085,0.69,2.36,0.12,0.0
18.310421151,0.69,2.36,0.12,0.0
18.312194738000002,0.7,2.36,0.12,0.0
18.313148136000002,0.69,2.36,0.12,0.0
18.314141265,0.69,2.36,0.12,0.0
18.315277003000002,0.69,2.36,0.11,0.0
18.316216098,0.7,2.36,0.11,0.0
18.317267838000003,0.69,2.36,0.11,0.0
18.318239170000002,0.69,2.36,0.11,0.0
18.319127332,0.69,2.36,0.11,0.0
18.320263695,0.69,2.36,0.09,0.0
18.321152648,0.69,2.37,0.09,0.0
18.322143108000002,0.69,2.37,0.08,0.0
18.323133029,0.69,2.37,0.09,0.0
18.324352214,0.7,2.37,0.07,0.0
18.326414778,0.69,2.37,0.07,0.0
18.327094537,0.69,2.37,0.09,0.0
18.328282644,0.69,2.37,0.09,0.0
18.329102389000003,0.69,2.37,0.09,0.0
18.330269222000002,0.69,2.37,0.07,0.0
18.331149459000002,0.7,2.37,0.07,0.0
18.332414311,0.69,2.37,0.07,0.0
18.333095030000003,0.69,2.37,0.08,0.0
18.334267957,0.7,2.37,0.07,0.0
18.335146832,0.69,2.37,0.07,0.0
18.336279311000002,0.69,2.37,0.08,0.0
18.337096162,0.7,2.37,0.09,0.0
18.338364457,0.7,2.37,0.1,0.0
18.33909458,0.7,2.37,0.09,0.0
18.340421485,0.7,2.37,0.09,0.0
18.342429285,0.69,2.37,0.11,0.0
18.343097546000003,0.69,2.37,0.1,0.0
18.344402483,0.7,2.37,0.1,0.0
18.345097793,0.7,2.37,0.1,0.0
18.346382136000003,0.69,2.37,0.09,0.0
18.347098565,0.69,2.37,0.11,0.0
18.348157670000003,0.69,2.37,0.11,0.0
18.349095555,0.69,2.37,0.1,0.0
18.350084967,0.69,2.37,0.1,0.0
18.351129915,0.69,2.37,0.1,0.0
18.352128001,0.69,2.38,0.09,0.0
18.353173216000002,0.69,2.37,0.07,0.0
18.354195244,0.69,2.38,0.08,0.0
18.355086913,0.69,2.38,0.1,0.0
18.357225063,0.69,2.37,0.08,0.0
18.358106973,0.69,2.38,0.06,0.0
18.359145309000002,0.69,2.38,0.06,0.0
18.360269187,0.69,2.38,0.05,0.0
18.361114982,0.69,2.38,0.06,0.0
18.362159078,0.7,2.38,0.06,0.0
18.363255316,0.69,2.38,0.08,0.0
18.36419536,0.69,2.38,0.04,0.0
18.365098671000002,0.69,2.38,0.06,0.0
18.366088991,0.69,2.38,0.05,0.0
18.367130988,0.69,2.38,0.05,0.0
18.368135644000002,0.7,2.38,0.06,0.0
18.369110301000003,0.69,2.38,0.06,0.0
18.370208104,0.69,2.38,0.06,0.0
18.372399679,0.69,2.38,0.03,0.0
18.373114637,0.69,2.38,0.05,0.0
18.374258756,0.69,2.38,0.09,0.0
18.375229677,0.69,2.38,0.09,0.0
18.376256115,0.69,2.38,0.1,0.0
18.377210581,0.7,2.38,0.1,0.0
18.37838515,0.69,2.38,0.1,0.0
18.37910948,0.69,2.38,0.1,0.0
18.380529132,0.69,2.38,0.1,0.0
18.381117954,0.69,2.38,0.1,0.0
18.382281359,0.69,2.38,0.1,0.0
18.383097556000003,0.69,2.38,0.1,0.0
18.384419235000003,0.7,2.38,0.1,0.0
18.386351549,0.7,2.38,0.11,0.0
18.387098657000003,0.7,2.38,0.11,0.0
18.388509934000002,0.69,2.38,0.1,0.0
18.389095269000002,0.7,2.38,0.1,0.0
18.390412472,0.7,2.38,0.1,0.0
18.391093358000003,0.69,2.38,0.1,0.0
18.392415121000003,0.69,2.38,0.09,0.0
18.393092515000003,0.7,2.38,0.1,0.0
18.394282811,0.69,2.38,0.1,0.0
18.395165069,0.7,2.38,0.09,0.0
18.396136581,0.69,2.38,0.1,0.0
18.397273814000002,0.69,2.38,0.1,0.0
18.398174292,0.69,2.38,0.1,0.0
18.399125368,0.7,2.38,0.1,0.0
18.400285353,0.7,2.38,0.1,0.0
18.402353034,0.7,2.38,0.11,0.0
18.40310427,0.69,2.38,0.1,0.0
18.404404222,0.7,2.38,0.11,0.0
18.405104097000002,0.69,2.38,0.11,0.0
18.406520987,0.69,2.38,0.11,0.0
18.407093967,0.69,2.37,0.11,0.0
18.408421425,0.7,2.38,0.11,0.0
18.409093821000003,0.69,2.38,0.11,0.0
18.410295772,0.69,2.38,0.11,0.0
18.41109111,0.7,2.38,0.11,0.0
18.412261631,0.7,2.37,0.1,0.01
18.413136091000002,0.69,2.38,0.11,0.0
18.414232743,0.69,2.38,0.11,0.0
18.415202147000002,0.69,2.37,0.1,0.0
18.417337299,0.69,2.37,0.1,0.0
18.41809924,0.69,2.37,0.1,0.0
18.419175707,0.69,2.37,0.1,0.0
18.420127396,0.69,2.37,0.1,0.0
18.421278187000002,0.69,2.37,0.1,0.0
18.422122108,0.69,2.37,0.1,0.0
18.423180268,0.69,2.37,0.1,0.0
18.424190324,0.69,2.37,0.1,0.0
18.42524594,0.69,2.37,0.1,0.0
18.426151921000002,0.69,2.37,0.1,0.0
18.427335074000002,0.69,2.37,0.11,0.0
18.428122050000002,0.69,2.37,0.1,0.0
18.429394071,0.69,2.37,0.1,0.0
18.430092213000002,0.69,2.37,0.09,0.0
18.431275489,0.69,2.37,0.1,0.0
18.433415654,0.69,2.37,0.1,0.0
18.434095998,0.69,2.37,0.11,0.0
18.435265865,0.7,2.37,0.11,0.0
18.436196301000003,0.69,2.37,0.1,0.0
18.437149041,0.69,2.37,0.1,0.0
18.438417549,0.69,2.36,0.11,0.0
18.439094557,0.7,2.37,0.1,0.0
18.440515932,0.7,2.37,0.11,0.0
18.44108462,0.7,2.36,0.11,0.0
18.442294015,0.69,2.37,0.11,0.0
18.443132759,0.7,2.36,0.1,0.0
18.444134717,0.7,2.37,0.1,0.0
18.445309953000002,0.7,2.36,0.09,0.0
18.447322646,0.7,2.36,0.1,0.0
18.44809695,0.7,2.36,0.11,0.0
18.449265564,0.7,2.36,0.1,0.0
18.450216511,0.69,2.35,0.11,0.0
18.451273094,0.7,2.35,0.1,0.0
18.452224512,0.69,2.35,0.1,0.0
18.453076446,0.69,2.35,0.1,0.0
18.454299990000003,0.69,2.35,0.1,0.0
18.455174966,0.69,2.35,0.1,0.0
18.456239667000002,0.7,2.35,0.1,0.0
18.457178788,0.69,2.35,0.09,0.0
18.458175888,0.69,2.35,0.1,0.0
18.459355981,0.69,2.34,0.09,0.0
18.460093952,0.69,2.34,0.1,0.0
18.461337197000002,0.69,2.34,0.1,0.0
18.463428516,0.69,2.34,0.09,0.0
18.464098578,0.69,2.34,0.1,0.0
18.465337212,0.7,2.34,0.1,0.0
18.466093967000003,0.69,2.33,0.09,0.0
18.467277726000003,0.69,2.33,0.1,0.0
18.468229686,0.69,2.32,0.1,0.0
18.46927745,0.7,2.31,0.11,0.0
18.470208725000003,0.69,2.31,0.1,0.0
18.471514558000003,0.69,2.31,0.11,0.0
18.47209347,0.69,2.31,0.11,0.0
18.473305679000003,0.7,2.31,0.07,0.0
18.47412999,0.69,2.31,0.1,0.0
18.475440324,0.69,2.29,0.1,0.0
18.477338435,0.69,2.29,0.09,0.0
18.478099843000003,0.69,2.28,0.1,0.0
18.479183101,0.69,2.27,0.09,0.0
18.480256889,0.69,2.27,0.11,0.0
18.481244642,0.69,2.26,0.1,0.0
18.482183794,0.69,2.25,0.1,0.0
18.483132389,0.69,2.25,0.1,0.0
18.484424096,0.7,2.24,0.09,0.0
18.48510302,0.7,2.24,0.09,0.0
18.486470537000002,0.69,2.24,0.1,0.0
18.487118259000002,0.69,2.23,0.1,0.0
18.488381674000003,0.69,2.23,0.1,0.0
18.489101733000002,0.69,2.22,0.07,0.0
18.490475463000003,0.7,2.21,0.05,0.01
18.492415432,0.69,2.21,0.05,0.0
18.493103502,0.7,2.2,0.06,0.0
18.494264309000002,0.69,2.2,0.06,0.0
18.49508222,0.7,2.2,0.06,0.0
18.496125276,0.7,2.19,0.06,0.0
18.49719482,0.7,2.18,0.06,0.0
18.498133905,0.69,2.18,0.08,0.0
18.49915027,0.69,2.18,0.06,0.0
18.500189811000002,0.69,2.17,0.06,0.0
18.501179844000003,0.69,2.16,0.06,0.0
18.502192216,0.69,2.15,0.07,0.0
18.503166585000002,0.7,2.15,0.07,0.0
18.504200175,0.69,2.15,0.08,0.0
18.505202966000002,0.69,2.13,0.07,0.0
18.507521372000003,0.7,2.13,0.06,0.0
18.508654274,0.69,2.11,0.05,0.0
18.509628166000002,0.7,2.11,0.07,0.0
18.510483988,0.7,2.09,0.06,0.0
18.511275503,0.7,2.08,0.07,0.0
18.512446794000002,0.69,2.07,0.09,0.0
18.513264290000002,0.69,2.05,0.07,0.0
18.514223139000002,0.69,2.05,0.05,0.0
18.51521671,0.7,2.03,0.06,0.0
18.516205853000002,0.7,2.02,0.07,0.0
18.517194542000002,0.69,2.01,0.04,0.0
18.518183419,0.7,1.99,0.05,0.0
18.519206988,0.7,1.97,0.07,0.0
18.520230833,0.7,1.94,0.05,0.0
18.522418306000002,0.7,1.92,0.08,0.0
18.523217065,0.7,1.89,0.05,0.0
18.524193211,0.69,1.88,0.09,0.0
18.525146399,0.69,1.86,0.09,0.0
18.526194503000003,0.69,1.84,0.09,0.0
18.527194394000002,0.7,1.83,0.09,0.0
18.528122841000002,0.7,1.82,0.06,0.0
18.529190204000002,0.69,1.79,0.04,0.0
18.530184544,0.69,1.79,0.06,0.0
18.5311485,0.69,1.77,0.06,0.0
18.532323399000003,0.69,1.74,0.07,0.0
18.53311588,0.69,1.73,0.05,0.0
18.534302908,0.7,1.71,0.04,0.0
18.535099768000002,0.69,1.7,0.05,0.0
18.536354935000002,0.7,1.7,0.05,0.0
18.538346775,0.69,1.68,0.05,0.0
18.539095553000003,0.7,1.67,0.06,0.0
18.540148406,0.7,1.64,0.05,0.0
18.54109443,0.69,1.63,0.05,0.0
18.542145815,0.69,1.62,0.05,0.0
18.543233410000003,0.7,1.6,0.07,0.0
18.544133252,0.69,1.6,0.08,0.0
18.545356001000002,0.69,1.58,0.06,0.0
18.54608473,0.7,1.55,0.07,0.0
18.547269162000003,0.7,1.53,0.06,0.0
18.548079066,0.69,1.48,0.07,0.0
18.549243236000002,0.7,1.48,0.07,0.0
18.550168189,0.69,1.45,0.05,0.0
18.551150241000002,0.69,1.4,0.07,0.0
18.553364361,0.69,1.36,0.08,0.0
18.554088493000002,0.7,1.33,0.07,0.0
18.555345693,0.7,1.26,0.07,0.0
18.556086648,0.7,1.2,0.08,0.0
18.557365530000002,0.7,1.14,0.07,0.0
18.558083925000002,0.69,1.09,0.07,0.0
18.559370256,0.7,1.03,0.07,0.0
18.560079187,0.7,0.98,0.09,0.0
18.561299306000002,0.7,0.95,0.07,0.0
18.562076291,0.7,0.93,0.03,0.0
18.563253296000003,0.7,0.89,0.05,0.0
18.564084115,0.7,0.85,0.05,0.0
18.565270452,0.7,0.78,0.05,0.0
18.567362302000003,0.7,0.72,0.04,0.0
18.568080657,0.7,0.65,0.04,0.0
18.569398924,0.71,0.65,0.04,0.0
18.570082411,0.7,0.63,0.03,0.0
18.571357046000003,0.7,0.6,0.03,0.0
18.572123811,0.69,0.54,0.03,0.0
18.573362462000002,0.7,0.19,0.04,0.0
18.574076462,0.69,0.09,0.04,0.0
18.575382937,0.69,0.03,0.04,0.0
18.576077116,0.7,0.0,0.05,0.0
18.577252659000003,0.7,0.0,0.04,0.0
18.578072577,0.7,0.0,0.02,0.0
18.5792653,0.7,0.0,0.03,0.0
18.581358343,0.7,0.01,0.04,0.0
18.582226649000003,0.7,0.0,0.04,0.0
18.583155722,0.7,0.0,0.04,0.0
18.584274979,0.7,0.0,0.04,0.0
18.58521095,0.7,0.0,0.04,0.0
18.586248739000002,0.71,0.0,0.04,0.0
18.587166735,0.7,0.0,0.04,0.0
18.588253794,0.71,0.01,0.04,0.0
18.589142329,0.7,0.0,0.05,0.0
18.590235777,0.7,0.0,0.04,0.0
18.591158561,0.7,0.0,0.04,0.0
18.59221107,0.71,0.0,0.03,0.0
18.59321628,0.71,0.0,0.04,0.0
18.594232820000002,0.7,0.0,0.04,0.0
18.595325311,0.71,0.0,0.04,0.0
18.596290269,0.7,0.0,0.05,0.0
18.598407248,0.71,0.0,0.04,0.0
18.599510003000002,0.71,0.0,0.04,0.0
18.600621095,0.7,0.0,0.04,0.0
18.601801615,0.71,0.0,0.04,0.0
18.602578992,0.71,0.0,0.04,0.0
18.603262415,0.7,0.0,0.03,0.0
18.604150013,0.71,0.0,0.02,0.0
18.605214986,0.71,0.0,0.02,0.0
18.606178131,0.7,0.0,0.05,0.0
18.607116854,0.7,0.0,0.04,0.0
18.608190055,0.7,0.0,0.03,0.0
18.609162949,0.7,0.0,0.04,0.0
18.610184121,0.7,0.0,0.05,0.0
18.611305856,0.7,0.0,0.03,0.0
18.613375175,0.7,0.0,0.04,0.0
18.614117057,0.7,0.0,0.04,0.0
18.615153971,0.7,0.0,0.03,0.0
18.616278774,0.7,0.0,0.05,0.0
18.617210021,0.7,0.0,0.03,0.0
18.618231231000003,0.71,0.0,0.04,0.0
18.619150117,0.7,0.0,0.03,0.0
18.620366710000003,0.7,0.0,0.02,0.0
18.621104992000003,0.7,0.0,0.02,0.0
18.622322235000002,0.71,0.0,0.03,0.0
18.623093234000002,0.71,0.0,0.02,0.0
18.624327228000002,0.71,0.0,0.02,0.0
18.625091100000002,0.71,0.0,0.03,0.0
18.626388721,0.71,0.0,0.03,0.0
18.628419187000002,0.7,0.0,0.02,0.0
18.629096659000002,0.71,0.0,0.01,0.0
18.630408492,0.7,0.0,0.01,0.0
18.631089707,0.71,0.0,0.01,0.0
18.632200065000003,0.71,0.0,0.01,0.0
18.633179139000003,0.71,0.0,0.01,0.0
18.634126015,0.71,0.0,0.01,0.0
18.635511071,0.71,0.0,0.02,0.0
18.636081113,0.71,0.0,0.03,0.0
18.637387324000002,0.71,0.0,0.02,0.0
18.638082509,0.71,0.0,0.01,0.0
18.639400919,0.71,0.0,0.01,0.0
18.640083373,0.7,0.0,0.01,0.0
18.641488956,0.71,0.0,0.02,0.0
18.643439153000003,0.7,0.0,0.02,0.0
18.644093045,0.71,0.0,0.01,0.0
18.645401994,0.71,0.01,0.01,0.0
18.646093531,0.71,0.0,0.01,0.0
18.647409184,0.71,0.0,0.03,0.0
18.648092493,0.71,0.0,0.0,0.0
18.649436294,0.7,0.0,0.01,0.0
18.650083933,0.71,0.0,0.01,0.01
18.651302609000002,0.7,0.01,0.01,0.0
18.652096890000003,0.71,0.0,0.02,0.0
18.653288858,0.7,0.0,0.04,0.0
18.654133978,0.71,0.0,0.05,0.0
18.655438801000003,0.7,0.0,0.05,0.0
18.657451985,0.71,0.0,0.04,0.0
18.658094324,0.7,0.0,0.05,0.0
18.659414737000002,0.7,0.0,0.04,0.0
18.660093509000003,0.71,0.0,0.03,0.0
18.661376577000002,0.7,0.0,0.03,0.0
18.662143364000002,0.71,0.0,0.05,0.0
18.663587826,0.71,0.0,0.03,0.0
18.664080293,0.7,0.0,0.01,0.0
18.665130443000002,0.71,0.0,0.02,0.0
18.666185422,0.71,0.0,0.01,0.0
18.667128359,0.71,0.0,0.01,0.0
18.668148566000003,0.7,0.0,0.01,0.0
18.669075003,0.7,0.0,0.0,0.0
18.670151631,0.71,0.0,0.0,0.0
18.672200297,0.7,0.0,0.0,0.0
18.673192068000002,0.7,0.0,0.0,0.0
18.674193242,0.7,0.0,0.0,0.0
18.675196106,0.7,0.0,0.0,0.0
18.676202039,0.7,0.0,0.0,0.0
18.677165132000003,0.7,0.0,0.0,0.0
18.678200094,0.7,0.0,0.0,0.0
18.679193291,0.71,0.0,0.0,0.0
18.68020358,0.7,0.0,0.01,0.0
18.681422364,0.71,0.0,0.0,0.0
18.68245868,0.7,0.0,0.01,0.0
18.683332313,0.71,0.0,0.0,0.0
18.684307678,0.71,0.0,0.0,0.0
18.685204545,0.7,0.0,0.0,0.0
18.686181997000002,0.7,0.0,0.0,0.0
18.688415316,0.71,0.0,0.0,0.0
18.689258085000002,0.7,0.0,0.0,0.0
18.690203732,0.7,0.0,0.0,0.0
18.691205195000002,0.71,0.0,0.01,0.0
18.692214888000002,0.7,0.0,0.0,0.0
18.693227179,0.7,0.0,0.01,0.0
18.694270982000003,0.7,0.0,0.0,0.0
18.695207223,0.7,0.0,0.0,0.0
18.696177431000002,0.71,0.0,0.0,0.0
18.697150084,0.7,0.0,0.0,0.0
18.698164403,0.7,0.0,0.0,0.0
18.699166924,0.7,0.0,0.01,0.0
18.700167857,0.71,0.0,0.0,0.0
18.702417999,0.7,0.0,0.0,0.0
18.703113771,0.71,0.0,0.01,0.0
18.704299183,0.7,0.0,0.0,0.0
18.705111971,0.7,0.0,0.0,0.0
18.706337126,0.71,0.0,0.01,0.01
18.707100332,0.7,0.0,0.0,0.0
18.708338207,0.7,0.0,0.01,0.0
18.709095201,0.71,0.0,0.0,0.0
18.710226881,0.7,0.0,0.0,0.0
18.71115672,0.7,0.0,0.0,0.0
18.712376408,0.71,0.0,0.0,0.0
18.713081283,0.7,0.0,0.0,0.0
18.714264606,0.7,0.0,0.0,0.0
18.715159074000002,0.71,0.0,0.0,0.0
18.716154052,0.71,0.0,0.0,0.0
18.717227336,0.7,0.0,0.0,0.0
18.718241213000002,0.7,0.0,0.0,0.0
18.720129643,0.7,0.0,0.0,0.0
18.721237888,0.7,0.0,0.0,0.0
18.722194809,0.7,0.0,0.0,0.0
18.723230911,0.7,0.0,0.0,0.0
18.724237596000002,0.71,0.0,0.0,0.0
18.725106255,0.7,0.0,0.0,0.0
18.726346448,0.7,0.0,0.0,0.0
18.727086081,0.7,0.0,0.0,0.0
18.728097146,0.7,0.0,0.0,0.0
18.729155797,0.7,0.0,0.0,0.01
18.730151329,0.71,0.0,0.0,0.0
18.731345957000002,0.7,0.0,0.0,0.0
18.73208027,0.7,0.0,0.0,0.0
18.733283098,0.71,0.0,0.0,0.0
18.735363496,0.71,0.0,0.0,0.01
18.736089178,0.71,0.0,0.0,0.0
18.737232671,0.71,0.0,0.0,0.0
18.738232334000003,0.71,0.0,0.0,0.0
18.739194067,0.7,0.0,0.0,0.0
18.740167708,0.7,0.0,0.0,0.0
18.74123384,0.71,0.0,0.0,0.0
18.742097685,0.7,0.0,0.0,0.0
18.743445182000002,0.7,0.0,0.0,0.0
18.744098451000003,0.71,0.0,0.0,0.0
18.745265958,0.67,0.0,0.0,0.0
18.74617421,0.66,0.0,0.0,0.0
18.747383027,0.67,0.0,0.0,0.0
18.749376289,0.69,0.0,0.0,0.0
18.750082454,0.7,0.0,0.0,0.0
18.751233011,0.7,0.0,0.0,0.0
18.752234322,0.7,0.0,0.0,0.0
18.753249326000002,0.67,0.0,0.0,0.0
18.754230898,0.66,0.0,0.0,0.0
18.755232861,0.68,0.0,0.0,0.0
18.756305147000003,0.7,0.0,0.0,0.0
18.757105778,0.7,0.0,0.0,0.0
18.758137134000002,0.7,0.0,0.0,0.0
18.7591512,0.7,0.0,0.0,0.0
18.760197562000002,0.7,0.0,0.0,0.0
18.761166809000002,0.7,0.0,0.0,0.0
18.762172911,0.7,0.0,0.0,0.0
18.764486830000003,0.71,0.0,0.0,0.0
18.765418661000002,0.71,0.0,0.0,0.0
18.766182653,0.71,0.0,0.0,0.0
18.767224861000003,0.72,0.0,0.0,0.0
18.768232457,0.71,0.0,0.0,0.0
18.769231839,0.7,0.0,0.0,0.0
18.770320796,0.71,0.0,0.0,0.0
18.771236124,0.72,0.0,0.0,0.0
18.77228021,0.71,0.0,0.0,0.0
18.773252148,0.71,0.0,0.0,0.0
18.774194249,0.71,0.01,0.0,0.0
18.775156115,0.7,0.0,0.0,0.0
18.776199508,0.7,0.0,0.0,0.0
18.777227207000003,0.7,0.0,0.0,0.0
18.779393943000002,0.71,0.0,0.0,0.0
18.780238801,0.71,0.0,0.0,0.0
18.781152646000002,0.71,0.0,0.0,0.0
18.782233989,0.71,0.0,0.0,0.0
18.783186286,0.7,0.0,0.0,0.0
18.78423368,0.7,0.0,0.0,0.0
18.785205154,0.7,0.0,0.0,0.0
18.786230523,0.7,0.0,0.0,0.0
18.787152419,0.7,0.0,0.0,0.0
18.788176148,0.7,0.0,0.0,0.0
18.789100121,0.7,0.0,0.0,0.0
18.79029102,0.7,0.0,0.0,0.0
18.791125552,0.7,0.0,0.0,0.0
18.792257021,0.7,0.0,0.0,0.0
18.794424388,0.7,0.0,0.0,0.0
18.795123619,0.71,0.0,0.0,0.0
18.796378745000002,0.72,0.0,0.0,0.0
18.797120076000002,0.71,0.0,0.0,0.0
18.798475275,0.72,0.0,0.0,0.0
18.799104947,0.72,0.0,0.0,0.01
18.800285987000002,0.73,0.0,0.0,0.0
18.801133754000002,0.72,0.0,0.0,0.0
18.802384346,0.72,0.0,0.0,0.0
18.803097431,0.72,0.01,0.0,0.0
18.804302727,0.72,0.01,0.0,0.0
18.80514157,0.72,0.0,0.0,0.0
18.806408880000003,0.72,0.0,0.0,0.0
18.807087866,0.72,0.0,0.0,0.0
18.80940318,0.73,0.0,0.0,0.0
18.810094605,0.72,0.0,0.0,0.0
18.811259711,0.72,0.0,0.0,0.0
18.812213579,0.72,0.0,0.0,0.0
18.813283808,0.72,0.0,0.0,0.0
18.814079800000002,0.72,0.0,0.0,0.0
18.815255158000003,0.71,0.0,0.0,0.0
18.816242799,0.71,0.0,0.0,0.0
18.817199175000002,0.72,0.0,0.0,0.0
18.818274969,0.72,0.0,0.0,0.0
18.819084393,0.72,0.0,0.0,0.0
18.820361609000003,0.72,0.0,0.0,0.0
18.821088383000003,0.71,0.0,0.0,0.0
18.822467459000002,0.71,0.0,0.0,0.0
18.824410551,0.71,0.0,0.0,0.0
18.825093546,0.72,0.0,0.0,0.0
18.826293201000002,0.72,0.0,0.0,0.0
18.827215887,0.72,0.0,0.0,0.0
18.828127284,0.71,0.0,0.01,0.0
18.829262928000002,0.71,0.0,0.01,0.0
18.830162786000002,0.71,0.0,0.0,0.0
18.831085149,0.72,0.0,0.0,0.0
18.832254598000002,0.72,0.0,0.0,0.0
18.833210320000003,0.72,0.0,0.0,0.0
18.834180458000002,0.72,0.0,0.0,0.0
18.835180958000002,0.72,0.0,0.0,0.0
18.836168164,0.72,0.0,0.0,0.0
18.837242082,0.72,0.0,0.0,0.0
18.838257532,0.72,0.0,0.0,0.0
18.840396991000002,0.72,0.0,0.0,0.0
18.841101637,0.72,0.0,0.0,0.0
18.842418741,0.72,0.0,0.0,0.0
18.843096709,0.72,0.0,0.0,0.0
18.844468286,0.72,0.0,0.0,0.0
18.84509848,0.71,0.0,0.0,0.0
18.846390974000002,0.71,0.0,0.0,0.0
18.847102877,0.72,0.0,0.0,0.0
18.848218868,0.72,0.0,0.0,0.0
18.849191318000003,0.71,0.0,0.0,0.0
18.850137932000003,0.71,0.0,0.0,0.0
18.851297652,0.71,0.0,0.0,0.0
18.852207701,0.71,0.0,0.0,0.0
18.853420272,0.71,0.0,0.0,0.0
18.855285693000003,0.72,0.0,0.0,0.0
18.856179279000003,0.72,0.0,0.0,0.0
18.857286916,0.71,0.0,0.0,0.0
18.858222406,0.71,0.0,0.0,0.0
18.859283597,0.71,0.0,0.0,0.0
18.860243119,0.72,0.0,0.0,0.0
18.861132986,0.72,0.0,0.0,0.0
18.862427622000002,0.71,0.0,0.0,0.0
18.863095802,0.72,0.0,0.0,0.0
18.864315232000003,0.71,0.0,0.0,0.0
18.865094778,0.72,0.0,0.0,0.0
18.866424154,0.72,0.0,0.01,0.0
18.867093855,0.72,0.0,0.0,0.0
18.868418128000002,0.72,0.0,0.0,0.0
18.870433752,0.72,0.0,0.0,0.0
18.871093486,0.72,0.0,0.0,0.01
18.872275327,0.72,0.0,0.0,0.0
18.873229576,0.72,0.0,0.0,0.0
18.874261625000003,0.72,0.0,0.0,0.0
18.875254353000003,0.72,0.0,0.0,0.0
18.876245381,0.72,0.0,0.0,0.0
18.877257223,0.71,0.0,0.0,0.0
18.878124496,0.71,0.0,0.0,0.0
18.879304433,0.72,0.0,0.01,0.0
18.880131371,0.72,0.0,0.0,0.0
18.881352038000003,0.72,0.0,0.0,0.0
18.882093898,0.72,0.0,0.01,0.0
18.884430658,0.72,0.0,0.0,0.0
18.885097043000002,0.72,0.0,0.0,0.0
18.886404097,0.72,0.0,0.06,0.0
18.887094743000002,0.72,0.0,0.07,0.0
18.888179764,0.72,0.0,0.07,0.0
18.889278032,0.72,0.0,0.06,0.0
18.890236180000002,0.72,0.0,0.06,0.0
18.89111198,0.72,0.0,0.07,0.0
18.892486291,0.71,0.0,0.07,0.0
18.89309468,0.72,0.0,0.07,0.0
18.894338802,0.71,0.0,0.07,0.0
18.895095281,0.72,0.0,0.08,0.0
18.896396003,0.72,0.0,0.05,0.0
18.897093756,0.72,0.0,0.07,0.0
18.898273389,0.72,0.0,0.08,0.0
18.900294417,0.71,0.0,0.07,0.0
18.901120414,0.72,0.0,0.08,0.0
18.902094402,0.71,0.0,0.08,0.0
18.903178762,0.72,0.0,0.07,0.0
18.904272159,0.72,0.0,0.08,0.0
18.905153337,0.71,0.0,0.08,0.0
18.90626478,0.72,0.0,0.06,0.0
18.907240662,0.72,0.0,0.07,0.0
18.90823567,0.72,0.0,0.07,0.0
18.909185088,0.71,0.0,0.07,0.0
18.910316224000002,0.72,0.0,0.08,0.0
18.911119353,0.72,0.0,0.07,0.0
18.912385501000003,0.72,0.0,0.07,0.01
18.913093802000002,0.71,0.0,0.07,0.0
18.914385756,0.71,0.0,0.07,0.0
18.916371084,0.72,0.0,0.06,0.0
18.917102964,0.71,0.0,0.06,0.0
18.918398995,0.72,0.0,0.07,0.0
18.919102340000002,0.72,0.0,0.07,0.0
18.920393523,0.71,0.0,0.07,0.0
18.921096563000003,0.72,0.0,0.06,0.0
18.922405483000002,0.72,0.0,0.07,0.0
18.923093546,0.72,0.0,0.08,0.0
18.924314906000003,0.71,0.0,0.08,0.0
18.925090546,0.71,0.0,0.08,0.0
18.926352531000003,0.72,0.0,0.08,0.0
18.927091036,0.72,0.0,0.08,0.0
18.92837824,0.72,0.0,0.08,0.0
18.930398067000002,0.71,0.0,0.08,0.0
18.931097419,0.71,0.0,0.07,0.0
18.932281845000002,0.71,0.0,0.08,0.0
18.933149603,0.71,0.0,0.07,0.0
18.934277229000003,0.71,0.0,0.07,0.0
18.935246931000002,0.71,0.0,0.07,0.0
18.936260512,0.71,0.0,0.07,0.0
18.93723573,0.71,0.0,0.08,0.0
18.938213545,0.71,0.0,0.08,0.0
18.939324187,0.71,0.0,0.07,0.0
18.94009326,0.71,0.0,0.08,0.0
18.941346528,0.71,0.0,0.07,0.0
18.942094559,0.71,0.0,0.07,0.0
18.94336372,0.71,0.0,0.07,0.0
18.945412185000002,0.71,0.0,0.07,0.0
18.946096609,0.71,0.0,0.07,0.0
18.947266436,0.71,0.0,0.06,0.0
18.94808837,0.71,0.0,0.07,0.0
18.949295763000002,0.71,0.0,0.08,0.0
18.950099769,0.71,0.0,0.09,0.0
18.951256947,0.72,0.0,0.09,0.0
18.952183322,0.72,0.0,0.09,0.0
18.953237476,0.71,0.0,0.09,0.0
18.954172758000002,0.71,0.0,0.09,0.0
18.955167851000002,0.72,0.0,0.09,0.0
18.95617585,0.71,0.0,0.08,0.0
18.957215252,0.71,0.0,0.08,0.0
18.958269438000002,0.71,0.0,0.08,0.0
18.960410068,0.71,0.0,0.07,0.0
18.961113518,0.71,0.0,0.08,0.0
18.962314741,0.72,0.0,0.07,0.0
18.963108804,0.72,0.0,0.08,0.0
18.964716461000002,0.71,0.0,0.08,0.0
18.96511972,0.71,0.0,0.08,0.0
18.966239954000002,0.71,0.0,0.08,0.0
18.967215468000003,0.72,0.0,0.08,0.0
18.968200237,0.72,0.0,0.08,0.0
18.969175501000002,0.72,0.0,0.09,0.0
18.970115936000003,0.71,0.0,0.09,0.0
18.971188051000002,0.71,0.0,0.08,0.0
18.972193893,0.71,0.0,0.09,0.0
18.973156903,0.71,0.0,0.09,0.0
18.974445791,0.71,0.0,0.09,0.0
18.97543007,0.72,0.0,0.08,0.0
18.977528045,0.71,0.0,0.09,0.0
18.978480959000002,0.72,0.0,0.09,0.0
18.979252821000003,0.71,0.0,0.09,0.0
18.980209802,0.71,0.0,0.08,0.0
18.981214741000002,0.72,0.0,0.09,0.0
18.982213241,0.72,0.0,0.09,0.0
18.983226525000003,0.72,0.0,0.09,0.0
18.984235818000002,0.72,0.0,0.09,0.0
18.985216247,0.71,0.0,0.09,0.0
18.986214275000002,0.71,0.0,0.09,0.01
18.987203205,0.72,0.0,0.09,0.0
18.988197133,0.71,0.0,0.09,0.0
18.990432771000002,0.71,0.0,0.09,0.0
18.991401213,0.71,0.0,0.09,0.0
18.992207232000002,0.71,0.0,0.09,0.0
18.993189801,0.72,0.0,0.09,0.0
18.994194932000003,0.71,0.0,0.09,0.0
18.995167625,0.72,0.0,0.09,0.0
18.996192742,0.72,0.0,0.09,0.0
18.997189125000002,0.72,0.0,0.09,0.0
18.998194059000003,0.72,0.0,0.09,0.0
18.999166027,0.72,0.0,0.09,0.0
19.000749211000002,0.72,0.0,0.09,0.0
19.0013466,0.72,0.0,0.09,0.0
19.002136084,0.72,0.0,0.09,0.0
19.003118331,0.72,0.0,0.09,0.0
19.005201594000003,0.72,0.0,0.09,0.0
19.006131375000002,0.71,0.0,0.09,0.0
19.007309807000002,0.72,0.0,0.08,0.0
19.008111585,0.72,0.0,0.08,0.0
19.009207603,0.72,0.0,0.09,0.0
19.010203629000003,0.71,0.0,0.09,0.0
19.011088594,0.72,0.0,0.09,0.0
19.012337316,0.73,0.0,0.09,0.0
19.013097135000002,0.72,0.0,0.09,0.0
19.014180736,0.72,0.0,0.09,0.0
19.015129007000002,0.71,0.0,0.08,0.0
19.016276501,0.71,0.0,0.09,0.0
19.017167269,0.71,0.0,0.09,0.0
19.018238320000002,0.71,0.0,0.09,0.0
19.020139138,0.72,0.0,0.09,0.0
19.021234272,0.73,0.0,0.09,0.0
19.02219611,0.72,0.0,0.09,0.0
19.023226966000003,0.71,0.0,0.08,0.0
19.024231618,0.71,0.0,0.08,0.0
19.025232428000002,0.71,0.0,0.09,0.0
19.026222021000002,0.72,0.0,0.08,0.0
19.027249338,0.71,0.0,0.08,0.0
19.028105741,0.72,0.0,0.09,0.0
19.029298796000003,0.72,0.0,0.09,0.0
19.030086331,0.72,0.0,0.08,0.0
19.031280638000002,0.72,0.0,0.09,0.0
19.032158319,0.72,0.0,0.08,0.0
19.034777378,0.71,0.0,0.09,0.0
19.035188798,0.72,0.0,0.09,0.0
19.036233632000002,0.72,0.0,0.07,0.0
19.037250403,0.71,0.0,0.09,0.0
19.038238792,0.72,0.0,0.08,0.0
19.039250832,0.71,0.0,0.08,0.0
19.040180079000002,0.71,0.0,0.08,0.0
19.041369799,0.71,0.0,0.09,0.0
19.042124671,0.71,0.0,0.08,0.0
19.043342055,0.72,0.0,0.09,0.0
19.044144262,0.72,0.0,0.08,0.0
19.045205842,0.72,0.0,0.08,0.0
19.046185060000003,0.72,0.0,0.08,0.0
19.047176079,0.72,0.0,0.09,0.0
19.048165668000003,0.72,0.0,0.08,0.0
19.050486421000002,0.72,0.0,0.08,0.0
19.051528293,0.72,0.0,0.08,0.0
19.052451149,0.71,0.0,0.08,0.0
19.053263407000003,0.72,0.0,0.08,0.0
19.054192037,0.72,0.0,0.08,0.0
19.055164894,0.72,0.0,0.08,0.0
19.056180521,0.71,0.0,0.08,0.0
19.057198975000002,0.72,0.0,0.08,0.0
19.058191466,0.71,0.0,0.09,0.0
19.059205616,0.72,0.0,0.08,0.0
19.060177421000002,0.72,0.0,0.08,0.0
19.061163484,0.72,0.01,0.08,0.0
19.062338464,0.72,0.0,0.08,0.0
19.063132278,0.71,0.0,0.08,0.0
19.065362464,0.71,0.0,0.08,0.0
19.066128992,0.72,0.0,0.08,0.0
19.067446138,0.72,0.0,0.08,0.0
19.068138072,0.72,0.0,0.09,0.0
19.069209309,0.72,0.0,0.09,0.0
19.070205979,0.72,0.0,0.09,0.0
19.071203875000002,0.72,0.0,0.09,0.0
19.072213651000002,0.72,0.0,0.09,0.0
19.073175316,0.71,0.0,0.08,0.0
19.074186262,0.72,0.0,0.09,0.0
19.075212698,0.72,0.0,0.08,0.0
19.076213001000003,0.72,0.0,0.09,0.0
19.077198586,0.72,0.0,0.09,0.0
19.078194538,0.72,0.0,0.08,0.0
19.080391155,0.72,0.0,0.08,0.0
19.081182703,0.71,0.0,0.09,0.0
19.082161093,0.72,0.0,0.08,0.0
19.083174717000002,0.72,0.0,0.08,0.0
19.084198389,0.72,0.0,0.09,0.0
19.085193278000002,0.72,0.0,0.08,0.0
19.086193228000003,0.72,0.0,0.09,0.0
19.087128553,0.72,0.0,0.08,0.0
19.088201718,0.72,0.0,0.09,0.0
19.089194354,0.72,0.0,0.09,0.01
19.090161876,0.72,0.0,0.09,0.0
19.091305094000003,0.72,0.0,0.09,0.0
19.092124231,0.72,0.0,0.09,0.0
19.093322227,0.72,0.0,0.09,0.0
19.094127476,0.72,0.0,0.09,0.0
19.096322665000002,0.72,0.0,0.09,0.0
19.097107794000003,0.71,0.0,0.09,0.0
19.098257573,0.72,0.0,0.09,0.0
19.099098113,0.71,0.0,0.08,0.0
19.100262596,0.71,0.0,0.09,0.0
19.10221767,0.71,0.0,0.08,0.0
19.103069283,0.71,0.0,0.09,0.0
19.104208233,0.72,0.0,0.08,0.0
19.105164789,0.71,0.0,0.08,0.0
19.106115917,0.71,0.0,0.09,0.0
19.107184383,0.72,0.0,0.09,0.0
19.108224742,0.71,0.0,0.08,0.0
19.109255353,0.71,0.0,0.08,0.0
19.110248381,0.71,0.0,0.08,0.0
19.111124211,0.71,0.0,0.09,0.0
19.112259841,0.71,0.0,0.09,0.0
19.113073540000002,0.72,0.0,0.09,0.0
19.11423982,0.71,0.0,0.09,0.0
19.115074394,0.72,0.0,0.09,0.0
19.116522059,0.71,0.0,0.09,0.0
19.117075433,0.71,0.0,0.09,0.0
19.118371182,0.71,0.0,0.09,0.0
19.119107709,0.71,0.0,0.09,0.0
19.12028846,0.71,0.0,0.09,0.0
19.12116555,0.71,0.0,0.09,0.01
19.122146954,0.71,0.0,0.09,0.0
19.124343368,0.71,0.0,0.08,0.0
19.125119657000003,0.71,0.0,0.09,0.0
19.126219118,0.71,0.0,0.09,0.0
19.127175458,0.71,0.0,0.09,0.0
19.128077139000002,0.71,0.0,0.09,0.0
19.129342817,0.71,0.0,0.09,0.0
19.130086773000002,0.72,0.0,0.09,0.0
19.131111995,0.72,0.0,0.09,0.0
19.13224572,0.71,0.0,0.09,0.0
19.133159385000003,0.71,0.0,0.09,0.0
19.135012018,0.72,0.0,0.09,0.0
19.136299792000003,0.71,0.0,0.09,0.0
19.137131644,0.71,0.0,0.09,0.0
19.138405344000002,0.71,0.0,0.09,0.0
19.139065251,0.72,0.0,0.09,0.0
19.140501389,0.72,0.0,0.09,0.0
19.141134557,0.72,0.0,0.09,0.0
19.142387841,0.71,0.0,0.09,0.0
19.143126871,0.71,0.0,0.09,0.0
19.144202068000002,0.71,0.0,0.1,0.0
19.145101498000002,0.71,0.0,0.09,0.0
19.146191910000002,0.71,0.0,0.09,0.0
19.147264933000002,0.71,0.0,0.09,0.0
19.148100146,0.71,0.0,0.09,0.0
19.149238666000002,0.72,0.0,0.09,0.0
19.150135163,0.71,0.0,0.09,0.0
19.151261042,0.71,0.0,0.09,0.0
19.152071297000003,0.72,0.0,0.09,0.0
19.153397517000002,0.71,0.0,0.09,0.0
19.155229448,0.72,0.0,0.09,0.0
19.156108075000002,0.71,0.01,0.09,0.0
19.157195009000002,0.71,0.0,0.09,0.0
19.158234013,0.71,0.0,0.09,0.0
19.159118631000002,0.71,0.0,0.09,0.0
19.160310428000003,0.71,0.0,0.09,0.0
19.161086032,0.72,0.0,0.09,0.0
19.162366878,0.71,0.0,0.09,0.0
19.163079885000002,0.71,0.0,0.09,0.0
19.164378726000002,0.72,0.0,0.09,0.0
19.165078972,0.71,0.0,0.09,0.0
19.166309535,0.71,0.0,0.09,0.0
19.167159753,0.71,0.0,0.1,0.0
19.168341029,0.71,0.0,0.09,0.0
19.169080754,0.71,0.0,0.1,0.0
19.17023614,0.71,0.0,0.1,0.0
19.172372128000003,0.71,0.0,0.1,0.0
19.173083555,0.71,0.0,0.1,0.0
19.174356578,0.71,0.0,0.09,0.0
19.175082039000003,0.71,0.0,0.1,0.0
19.176353621,0.71,0.0,0.1,0.0
19.177077415000003,0.71,0.0,0.1,0.0
19.178212468,0.71,0.0,0.1,0.0
19.179198169000003,0.71,0.0,0.09,0.0
19.18017469,0.71,0.0,0.09,0.0
19.181344557000003,0.72,0.0,0.09,0.0
19.182080367,0.71,0.0,0.09,0.0
19.183320365,0.71,0.0,0.09,0.0
19.18408403,0.71,0.0,0.09,0.0
19.185355083,0.71,0.0,0.09,0.0
19.187375546000002,0.71,0.0,0.1,0.0
19.188087314,0.71,0.0,0.1,0.0
19.18934098,0.72,0.0,0.09,0.0
19.190125186,0.72,0.0,0.09,0.0
19.191136252,0.72,0.0,0.1,0.0
19.192247955000003,0.72,0.0,0.1,0.0
19.193086354000002,0.72,0.0,0.09,0.0
19.194115381,0.72,0.0,0.09,0.0
19.19507419,0.72,0.0,0.1,0.0
19.196156153,0.71,0.0,0.1,0.0
19.198254841,0.72,0.0,0.1,0.0
19.200509605,0.71,0.0,0.1,0.0
19.201090496000003,0.71,0.0,0.09,0.0
19.202358793000002,0.72,0.01,0.09,0.0
19.203097229,0.72,0.0,0.09,0.0
19.204342807,0.71,0.0,0.09,0.0
19.205122046,0.72,0.0,0.09,0.0
19.206200255000002,0.72,0.0,0.09,0.0
19.20719808,0.71,0.0,0.09,0.0
19.208201764000002,0.72,0.0,0.09,0.0
19.209208834000002,0.72,0.0,0.1,0.0
19.210164073,0.72,0.0,0.09,0.0
19.211188341,0.72,0.0,0.09,0.0
19.212192616000003,0.72,0.0,0.09,0.0
19.21320417,0.72,0.0,0.09,0.0
19.214217369,0.72,0.0,0.1,0.0
19.215267637,0.71,0.0,0.1,0.0
19.216331332000003,0.72,0.0,0.1,0.0
19.217159640000002,0.72,0.0,0.1,0.0
19.218218320000002,0.72,0.0,0.1,0.0
19.219374548,0.72,0.0,0.1,0.0
19.220228373,0.72,0.0,0.1,0.0
19.221224436,0.72,0.0,0.1,0.0
19.222199588000002,0.72,0.0,0.1,0.0
19.223178677,0.72,0.0,0.1,0.0
19.224175864000003,0.72,0.0,0.1,0.0
19.225195075000002,0.71,0.0,0.1,0.0
19.22620093,0.72,0.0,0.1,0.0
19.227178871,0.71,0.0,0.09,0.0
19.228185272,0.71,0.0,0.1,0.01
19.229155929,0.72,0.0,0.1,0.0
19.230196814000003,0.71,0.0,0.09,0.0
19.232374252,0.71,0.0,0.1,0.0
19.233200628000002,0.72,0.0,0.1,0.0
19.23420385,0.71,0.0,0.1,0.0
19.235195948,0.71,0.0,0.09,0.0
19.236238195000002,0.71,0.0,0.1,0.0
19.237112601,0.72,0.0,0.09,0.0
19.238349741,0.71,0.0,0.09,0.0
19.239125516,0.72,0.0,0.09,0.0
19.240204024,0.72,0.0,0.09,0.0
19.241159903,0.71,0.0,0.09,0.0
19.24231573,0.72,0.0,0.09,0.0
19.243108559,0.72,0.0,0.09,0.0
19.244263755000002,0.72,0.0,0.1,0.0
19.246340056,0.72,0.0,0.1,0.0
19.247099881,0.71,0.0,0.1,0.0
19.248318847,0.71,0.0,0.1,0.0
19.249129496000002,0.71,0.0,0.1,0.0
19.250343486000002,0.72,0.0,0.1,0.0
19.251113354,0.72,0.0,0.1,0.0
19.252336045,0.71,0.0,0.1,0.0
19.253089845,0.73,0.0,0.1,0.0
19.254352649,0.72,0.0,0.1,0.0
19.25508615,0.72,0.0,0.09,0.0
19.256276688,0.72,0.0,0.1,0.0
19.257173381,0.72,0.0,0.1,0.0
19.258152208000002,0.72,0.0,0.09,0.0
19.260355676,0.72,0.0,0.09,0.0
19.261096683,0.72,0.0,0.09,0.0
19.262356156000003,0.72,0.0,0.1,0.0
19.263085339,0.72,0.0,0.09,0.0
19.264346171,0.72,0.0,0.09,0.0
19.266490314000002,0.72,0.0,0.1,0.0
19.267143393,0.72,0.0,0.1,0.0
19.268218531000002,0.71,0.0,0.09,0.0
19.269099312,0.71,0.0,0.09,0.0
19.270159884,0.71,0.0,0.1,0.0
19.271158621,0.72,0.0,0.1,0.0
19.272152399,0.72,0.0,0.11,0.0
19.273143174,0.71,0.0,0.09,0.0
19.274118898,0.71,0.0,0.09,0.0
19.275269874000003,0.71,0.0,0.1,0.0
19.276147449,0.71,0.0,0.1,0.0
19.277262157000003,0.7,0.0,0.09,0.0
19.278078664000002,0.7,0.0,0.09,0.0
19.279221843000002,0.69,0.0,0.1,0.0
19.280215729000002,0.68,0.0,0.09,0.0
19.281112834,0.68,0.0,0.09,0.0
19.282264756,0.65,0.0,0.09,0.0
19.283144614,0.63,0.0,0.09,0.0
19.284123069,0.62,0.0,0.09,0.0
19.285204702,0.59,0.0,0.09,0.0
19.286148088,0.59,0.0,0.1,0.0
19.287304545,0.58,0.0,0.1,0.0
19.28814884,0.58,0.0,0.09,0.0
19.289194509,0.6,0.0,0.1,0.0
19.290236916,0.59,0.0,0.09,0.0
19.292360812000002,0.61,0.0,0.1,0.0
19.293089586,0.59,0.0,0.1,0.0
19.294265745,0.6,0.0,0.09,0.0
19.295177019,0.6,0.0,0.09,0.0
19.296304791,0.61,0.0,0.09,0.0
19.297088893,0.61,0.0,0.09,0.0
19.298261576,0.62,0.0,0.09,0.0
19.299085183000003,0.62,0.0,0.09,0.0
19.300987765000002,0.64,0.0,0.09,0.01
19.301526926,0.63,0.0,0.09,0.0
19.302069226,0.64,0.0,0.09,0.0
19.303120195,0.64,0.0,0.09,0.0
19.305240683,0.64,0.0,0.09,0.0
19.306077591,0.62,0.0,0.09,0.0
19.30725242,0.61,0.0,0.09,0.0
19.308113322,0.62,0.0,0.09,0.0
19.309355442,0.61,0.0,0.09,0.0
19.310082439000002,0.62,0.0,0.09,0.0
19.311176607,0.63,0.0,0.09,0.0
19.312079024000003,0.63,0.0,0.09,0.0
19.313112476,0.64,0.0,0.09,0.0
19.314077888,0.64,0.0,0.09,0.0
19.315126096,0.64,0.0,0.09,0.0
19.316162806,0.63,0.0,0.09,0.0
19.317107569,0.63,0.0,0.09,0.0
19.318321937,0.61,0.0,0.09,0.0
19.319135114,0.62,0.0,0.09,0.0
19.320340227000003,0.61,0.01,0.09,0.0
19.322337813,0.62,0.0,0.09,0.0
19.323133565000003,0.62,0.0,0.09,0.0
19.324220481,0.62,0.0,0.09,0.0
19.325232658,0.62,0.0,0.1,0.0
19.326236831000003,0.62,0.0,0.09,0.0
19.327333546000002,0.62,0.0,0.09,0.0
19.328074368000003,0.63,0.0,0.09,0.0
19.329356729,0.62,0.0,0.09,0.0
19.330083046000002,0.62,0.0,0.09,0.0
19.331250782,0.62,0.0,0.09,0.0
19.332165055,0.62,0.0,0.09,0.0
19.333121446,0.61,0.0,0.09,0.0
19.334946924,0.61,0.0,0.09,0.0
19.335488967,0.61,0.0,0.09,0.0
19.337402213,0.62,0.0,0.08,0.0
19.338109326,0.61,0.0,0.08,0.0
19.339384441,0.61,0.0,0.09,0.0
19.340095481000002,0.61,0.0,0.08,0.0
19.341391898,0.62,0.0,0.09,0.0
19.342069097,0.61,0.0,0.09,0.0
19.343430772,0.62,0.0,0.09,0.0
19.344076744000002,0.62,0.0,0.09,0.0
19.345319439,0.61,0.0,0.09,0.0
19.346067883,0.61,0.0,0.08,0.0
19.347332097000002,0.6,0.0,0.09,0.0
19.348072997000003,0.6,0.0,0.09,0.0
19.349550307,0.6,0.0,0.09,0.0
19.350070985000002,0.6,0.0,0.09,0.0
19.351234708,0.6,0.0,0.08,0.0
19.35337105,0.59,0.0,0.08,0.0
19.354081721,0.58,0.0,0.08,0.0
19.355270675,0.58,0.0,0.06,0.0
19.356136488,0.57,0.0,0.06,0.0
19.357260057,0.54,0.0,0.09,0.0
19.35817853,0.53,0.0,0.09,0.0
19.359245553,0.52,0.0,0.09,0.0
19.360227632,0.51,0.0,0.09,0.0
19.361157359,0.49,0.0,0.09,0.0
19.362121232,0.47,0.0,0.09,0.0
19.363165220000003,0.45,0.0,0.09,0.0
19.364129292,0.39,0.0,0.09,0.0
19.365759263,0.35,0.0,0.09,0.0
19.367392300000002,0.35,0.0,0.09,0.0
19.368068009,0.33,0.0,0.09,0.0
19.369124266,0.32,0.0,0.09,0.0
19.370180927,0.29,0.0,0.08,0.0
19.371108897000003,0.3,0.0,0.08,0.0
19.372261092000002,0.28,0.0,0.07,0.0
19.373255801000003,0.29,0.0,0.07,0.0
19.374115497000002,0.28,0.0,0.08,0.0
19.375272128000002,0.29,0.0,0.08,0.0
19.376076748000003,0.28,0.0,0.07,0.0
19.37734669,0.28,0.0,0.08,0.0
19.378081178000002,0.28,0.0,0.09,0.0
19.379372343,0.28,0.0,0.09,0.0
19.381236809,0.28,0.0,0.09,0.01
19.382079652,0.29,0.0,0.09,0.0
19.383241015000003,0.28,0.0,0.09,0.0
19.384246807,0.28,0.0,0.09,0.0
19.385244211,0.29,0.0,0.08,0.0
19.386108214,0.28,0.0,0.09,0.0
19.38734504,0.28,0.0,0.09,0.0
19.388077779,0.28,0.0,0.09,0.0
19.389337036,0.28,0.0,0.09,0.0
19.390082165000003,0.27,0.0,0.09,0.01
19.39128042,0.28,0.0,0.09,0.0
19.392161436000002,0.28,0.0,0.09,0.0
19.393150099,0.27,0.0,0.09,0.0
19.394249676,0.28,0.0,0.09,0.0
19.395118928000002,0.28,0.0,0.09,0.0
19.396273631,0.27,0.0,0.09,0.0
19.398185023,0.26,0.0,0.09,0.0
19.400122556,0.25,0.0,0.09,0.0
19.401264458,0.23,0.0,0.09,0.0
19.402204138000002,0.0,0.0,0.09,0.0
19.403064331,0.0,0.0,0.09,0.0
19.404058615,0.0,0.0,0.08,0.0
19.405101740000003,0.0,0.0,0.09,0.0
19.406100287,0.0,0.0,0.08,0.0
19.407238291000002,0.0,0.0,0.08,0.0
19.408081531,0.0,0.0,0.09,0.0
19.409122925000002,0.0,0.0,0.09,0.0
19.410159494000002,0.0,0.0,0.09,0.0
19.411077088000003,0.0,0.0,0.09,0.0
19.412117805,0.0,0.0,0.09,0.0
19.413341981000002,0.0,0.0,0.09,0.0
19.414104462,0.0,0.0,0.09,0.0
19.415135716,0.0,0.0,0.09,0.0
19.416166131,0.0,0.0,0.09,0.0
19.417243136,0.0,0.0,0.09,0.01
19.418241346000002,0.0,0.0,0.09,0.0
19.419179336000003,0.0,0.0,0.09,0.0
19.420074485,0.0,0.0,0.09,0.0
19.421229758000003,0.0,0.0,0.09,0.0
19.422084208,0.0,0.0,0.09,0.0
19.423150355,0.0,0.0,0.09,0.0
19.425382392,0.0,0.0,0.08,0.0
19.426089394,0.0,0.0,0.09,0.0
19.427239411000002,0.0,0.0,0.09,0.0
19.428080252,0.0,0.0,0.09,0.0
19.429213239000003,0.0,0.0,0.09,0.0
19.430215005,0.0,0.0,0.09,0.0
19.431109503000002,0.0,0.0,0.09,0.0
19.4323498,0.0,0.0,0.08,0.0
19.433118115000003,0.0,0.0,0.08,0.0
19.434359437,0.0,0.0,0.08,0.0
19.435105382,0.0,0.0,0.08,0.0
19.436210889,0.0,0.0,0.08,0.0
19.437130626000002,0.0,0.0,0.08,0.0
19.438329941000003,0.0,0.0,0.09,0.0
19.439089022,0.0,0.0,0.09,0.0
19.440375918,0.0,0.0,0.08,0.0
19.442365467000002,0.0,0.0,0.09,0.0
19.443091752,0.0,0.0,0.09,0.0
19.444291572,0.0,0.0,0.09,0.0
19.445193127,0.0,0.0,0.09,0.0
19.446241345,0.0,0.0,0.09,0.0
19.447242885,0.0,0.0,0.09,0.0
19.448266687,0.0,0.0,0.09,0.0
19.449098974,0.0,0.0,0.09,0.0
19.450372775,0.0,0.0,0.09,0.0
19.451099115,0.0,0.0,0.09,0.0
19.452263555000002,0.0,0.0,0.08,0.0
19.453113616,0.0,0.0,0.09,0.0
19.454519151,0.0,0.0,0.09,0.0
19.455075582000003,0.0,0.0,0.09,0.0
19.456356637000003,0.0,0.0,0.09,0.0
19.458377024,0.0,0.0,0.09,0.0
19.459086142,0.0,0.0,0.09,0.0
19.460135658000002,0.0,0.0,0.09,0.0
19.461118139,0.0,0.0,0.09,0.0
19.462336463,0.0,0.0,0.09,0.0
19.463083997000002,0.0,0.0,0.09,0.0
19.464420014,0.0,0.0,0.09,0.0
19.465084182000002,0.0,0.0,0.09,0.0
19.466273603,0.0,0.0,0.09,0.0
19.467110029,0.0,0.0,0.09,0.0
19.46823564,0.0,0.0,0.09,0.0
19.46908423,0.0,0.0,0.09,0.0
19.470291491,0.31,0.0,0.1,0.0
19.471185926,0.0,0.0,0.1,0.0
19.473376415,0.0,0.0,0.09,0.0
19.474085594,0.0,0.0,0.1,0.0
19.475357652,0.0,0.0,0.09,0.0
19.476085857,0.0,0.0,0.09,0.0
19.477419092,0.0,0.0,0.1,0.0
19.478085089,0.0,0.0,0.09,0.0
19.479344164,0.0,0.0,0.09,0.0
19.480079654,0.0,0.0,0.09,0.0
19.481129753,0.0,0.0,0.09,0.0
19.482150092,0.0,0.0,0.09,0.0
19.483068598000003,0.0,0.0,0.09,0.0
19.484283543,0.0,0.0,0.1,0.0
19.485173881,0.0,0.0,0.09,0.0
19.48611817,0.0,0.0,0.1,0.0
19.488363132,0.0,0.0,0.1,0.0
19.489092211000003,0.0,0.0,0.09,0.0
19.490120422,0.0,0.0,0.09,0.0
19.491133198,0.0,0.0,0.1,0.0
19.492250545,0.0,0.0,0.1,0.0
19.493123616000002,0.0,0.0,0.1,0.0
19.494158605000003,0.0,0.0,0.1,0.0
19.495221593,0.0,0.0,0.1,0.0
19.49615461,0.0,0.0,0.1,0.0
19.49726962,0.0,0.0,0.1,0.0
19.498256152,0.0,0.0,0.1,0.0
19.500539905,0.0,0.0,0.1,0.0
19.500876976,0.0,0.0,0.1,0.0
19.501174285,0.0,0.01,0.1,0.0
19.503118924000002,0.0,0.0,0.1,0.0
19.504206824,0.0,0.0,0.09,0.0
19.505059566,0.0,0.0,0.1,0.0
19.506437162,0.0,0.0,0.1,0.0
19.507062185000002,0.0,0.0,0.1,0.0
19.508415637000002,0.0,0.0,0.11,0.0
19.509063356000002,0.0,0.0,0.11,0.0
19.510404087,0.0,0.0,0.11,0.0
19.511069001000003,0.01,0.0,0.11,0.0
19.512479331,0.0,0.0,0.1,0.0
19.513066551,0.0,0.0,0.11,0.0
19.514323866,0.0,0.0,0.11,0.0
19.515068592000002,0.0,0.0,0.11,0.0
19.516460164,0.0,0.0,0.11,0.0
19.518373635,0.0,0.0,0.11,0.0
19.519138715,0.0,0.0,0.11,0.0
19.520186473000003,0.0,0.0,0.11,0.0
19.521123432,0.0,0.0,0.11,0.0
19.522270619,0.0,0.0,0.11,0.0
19.523258657,0.0,0.0,0.12,0.0
19.524256712,0.0,0.0,0.12,0.0
19.52524607,0.0,0.0,0.12,0.0
19.526209199,0.0,0.0,0.12,0.0
19.527390869,0.0,0.0,0.12,0.0
19.528097597000002,0.0,0.0,0.12,0.0
19.529275697000003,0.0,0.0,0.12,0.0
19.530173821,0.0,0.0,0.12,0.0
19.531476877000003,0.0,0.0,0.12,0.0
19.533233171000003,0.0,0.0,0.12,0.0
19.534228472000002,0.0,0.0,0.12,0.0
19.535244541,0.0,0.0,0.12,0.0
19.536248363000002,0.0,0.0,0.12,0.0
19.537254875000002,0.0,0.0,0.12,0.0
19.538235846000003,0.0,0.0,0.12,0.0
19.539413095,0.0,0.0,0.13,0.0
19.540077093,0.0,0.0,0.13,0.0
19.541342122,0.0,0.0,0.13,0.0
19.542080300000002,0.0,0.0,0.12,0.0
19.543265546,0.0,0.0,0.13,0.0
19.544087830000002,0.0,0.0,0.13,0.0
19.545317049,0.0,0.0,0.13,0.0
19.547371259000002,0.0,0.0,0.13,0.0
19.548096949,0.0,0.0,0.13,0.0
19.549354239,0.01,0.0,0.13,0.0
19.550079519,0.0,0.0,0.13,0.0
19.551362942,0.0,0.0,0.13,0.0
19.552077425,0.0,0.0,0.13,0.0
19.553384564,0.0,0.0,0.14,0.0
19.554076985000002,0.0,0.0,0.14,0.0
19.555368421,0.0,0.0,0.14,0.0
19.556075933000002,0.0,0.0,0.13,0.0
19.557264783,0.0,0.0,0.13,0.0
19.558075458,0.0,0.0,0.14,0.0
19.559293777,0.0,0.0,0.14,0.0
19.560075443000002,0.0,0.0,0.13,0.0
19.561300420000002,0.0,0.0,0.13,0.0
19.563386705000003,0.0,0.0,0.14,0.0
19.564147006000002,0.0,0.0,0.14,0.0
19.565114629,0.0,0.0,0.14,0.0
19.566182696000002,0.0,0.0,0.14,0.0
19.567231718000002,0.0,0.0,0.14,0.0
19.56823107,0.0,0.0,0.14,0.0
19.569241468,0.0,0.0,0.14,0.0
19.570074769,0.0,0.0,0.14,0.0
19.571344853000003,0.0,0.0,0.14,0.0
19.572085596,0.0,0.0,0.13,0.0
19.573271781000003,0.0,0.0,0.14,0.0
19.574164711,0.0,0.0,0.14,0.0
19.576392381,0.0,0.0,0.14,0.0
19.577083088000002,0.0,0.0,0.14,0.0
19.5780825,0.0,0.0,0.14,0.0
19.579232344,0.0,0.0,0.14,0.0
19.580219271,0.0,0.0,0.14,0.0
19.581214485,0.0,0.0,0.14,0.0
19.582191192,0.0,0.0,0.14,0.0
19.583357011,0.0,0.0,0.14,0.0
19.584083642,0.0,0.0,0.14,0.0
19.585354828,0.0,0.0,0.14,0.0
19.58610594,0.0,0.0,0.14,0.0
19.587134061,0.0,0.0,0.14,0.0
19.588159357000002,0.0,0.0,0.14,0.0
19.589152428000002,0.0,0.0,0.14,0.0
19.590108049,0.0,0.0,0.14,0.0
19.591247238,0.0,0.0,0.14,0.0
19.592149164000002,0.0,0.0,0.14,0.0
19.594255297,0.24,0.0,0.14,0.0
19.595198584000002,0.24,0.0,0.13,0.01
19.596224906,0.23,0.0,0.14,0.0
19.597198115,0.28,0.0,0.14,0.0
19.598119805,0.28,0.0,0.14,0.0
19.599211961,0.31,0.0,0.14,0.0
19.601218013,0.31,0.0,0.14,0.0
19.60218292,0.32,0.0,0.14,0.0
19.603094111,0.32,0.0,0.14,0.0
19.604156783,0.32,0.0,0.14,0.0
19.605223299000002,0.33,0.0,0.14,0.0
19.606232235,0.33,0.0,0.14,0.0
19.607239045,0.34,0.0,0.15,0.0
19.608239652,0.33,0.0,0.14,0.0
19.609245715,0.0,0.0,0.14,0.0
19.610242864,0.0,0.0,0.13,0.0
19.611229735000002,0.01,0.0,0.14,0.0
19.612077096,0.0,0.0,0.12,0.0
19.613362036,0.0,0.0,0.13,0.0
19.614110229,0.0,0.0,0.14,0.0
19.615234214,0.0,0.0,0.13,0.0
19.616080289000003,0.0,0.0,0.13,0.0
19.617260452,0.0,0.0,0.13,0.0
19.618158772,0.0,0.0,0.13,0.0
19.619316365,0.0,0.0,0.13,0.0
19.620077341000002,0.0,0.0,0.13,0.0
19.621358278000002,0.0,0.0,0.14,0.0
19.623370307000002,0.0,0.0,0.14,0.0
19.624090703,0.0,0.0,0.14,0.0
19.625347945,0.0,0.0,0.13,0.0
19.626082064000002,0.0,0.0,0.13,0.0
19.627414284,0.0,0.0,0.13,0.0
19.628082182,0.0,0.0,0.14,0.0
19.629230997,0.0,0.0,0.13,0.0
19.630081286000003,0.0,0.0,0.13,0.0
19.631490511000003,0.01,0.0,0.13,0.0
19.632074555000003,0.0,0.0,0.13,0.0
19.633258939,0.0,0.0,0.13,0.0
19.634108435,0.0,0.0,0.13,0.0
19.635288881,0.0,0.0,0.13,0.0
19.636075296,0.0,0.0,0.13,0.0
19.637421698,0.0,0.0,0.13,0.0
19.639356420000002,0.0,0.0,0.13,0.0
19.640086193000002,0.0,0.0,0.13,0.0
19.641166865000002,0.0,0.0,0.14,0.0
19.642323536000003,0.0,0.0,0.13,0.0
19.643066353000002,0.0,0.0,0.13,0.0
19.644295645,0.01,0.0,0.13,0.0
19.645181988,0.0,0.0,0.13,0.0
19.646233882,0.0,0.0,0.13,0.0
19.647150072000002,0.0,0.0,0.13,0.0
19.648106328,0.0,0.0,0.13,0.0
19.649178377000002,0.0,0.0,0.13,0.0
19.651245073000002,0.0,0.0,0.13,0.0
19.652228974,0.0,0.0,0.13,0.0
19.653229367,0.0,0.0,0.13,0.0
19.654226952000002,0.0,0.0,0.13,0.0
19.65523066,0.0,0.0,0.13,0.0
19.656117423,0.0,0.0,0.13,0.0
19.657289281,0.0,0.0,0.13,0.0
19.658092649,0.0,0.0,0.13,0.0
19.659354572,0.0,0.0,0.13,0.0
19.660116347000002,0.0,0.0,0.13,0.0
19.661322037,0.0,0.0,0.13,0.0
19.662187648,0.0,0.0,0.13,0.0
19.663147956,0.0,0.0,0.13,0.0
19.665803308,0.0,0.0,0.13,0.0
19.666201482,0.0,0.0,0.13,0.0
19.667268421000003,0.0,0.0,0.13,0.0
19.668248027,0.0,0.0,0.14,0.0
19.669281614000003,0.0,0.0,0.13,0.0
19.670063823,0.0,0.0,0.14,0.0
19.671177141,0.0,0.0,0.13,0.0
19.672279859,0.0,0.0,0.14,0.0
19.673264941000003,0.0,0.0,0.14,0.0
19.674269925,0.0,0.0,0.13,0.0
19.675074019,0.0,0.0,0.14,0.0
19.676156616,0.0,0.0,0.14,0.0
19.677107482,0.0,0.01,0.14,0.0
19.678107951,0.0,0.0,0.14,0.0
19.67926804,0.0,0.0,0.14,0.0
19.680165648000003,0.0,0.0,0.14,0.0
19.681532003,0.0,0.0,0.14,0.0
19.68329331,0.0,0.0,0.14,0.0
19.684151393,0.0,0.0,0.14,0.0
19.685354479,0.0,0.0,0.14,0.0
19.686122284,0.0,0.0,0.14,0.0
19.687376116000003,0.0,0.0,0.14,0.0
19.688102129,0.0,0.0,0.14,0.0
19.689367584000003,0.0,0.0,0.15,0.0
19.690100699000002,0.0,0.0,0.14,0.0
19.691431303,0.0,0.0,0.14,0.0
19.692079955,0.0,0.0,0.15,0.0
19.693272617,0.0,0.0,0.14,0.0
19.694086897000002,0.0,0.0,0.13,0.0
19.69534382,0.0,0.0,0.14,0.0
19.696129489,0.0,0.0,0.15,0.0
19.697329282000002,0.0,0.0,0.13,0.0
19.699385359,0.0,0.0,0.14,0.0
19.70127892,0.0,0.0,0.15,0.0
19.702255859,0.0,0.0,0.14,0.0
19.703057008000002,0.0,0.0,0.14,0.0
19.704403519,0.0,0.0,0.14,0.0
19.705130851,0.0,0.0,0.12,0.0
19.706460375000002,0.0,0.0,0.14,0.0
19.707062828,0.0,0.0,0.14,0.0
19.708253772000003,0.0,0.0,0.14,0.0
19.709138398,0.0,0.0,0.15,0.0
19.710457574000003,0.0,0.0,0.14,0.0
19.71106904,0.0,0.0,0.15,0.0
19.712407252000002,0.0,0.0,0.14,0.0
19.713070896,0.0,0.0,0.14,0.0
19.714361665000002,0.0,0.0,0.14,0.0
19.715068894,0.0,0.0,0.14,0.0
19.71630731,0.0,0.0,0.13,0.0
19.717072835,0.0,0.0,0.14,0.0
19.718377926000002,0.0,0.0,0.15,0.0
19.719108403,0.0,0.0,0.14,0.0
19.720143979,0.0,0.0,0.14,0.0
19.72111391,0.0,0.0,0.14,0.0
19.722236596000002,0.0,0.0,0.14,0.0
19.72315244,0.0,0.0,0.13,0.0
19.724260384,0.0,0.0,0.14,0.0
19.725158802000003,0.0,0.0,0.14,0.0
19.727419673,0.0,0.0,0.15,0.0
19.728084019,0.0,0.0,0.14,0.0
19.729345086000002,0.0,0.0,0.14,0.0
19.730083052,0.0,0.0,0.14,0.0
19.731296352,0.0,0.0,0.14,0.0
19.732163335000003,0.0,0.0,0.14,0.0
19.733244584,0.01,0.0,0.13,0.0
19.734246423000002,0.0,0.0,0.14,0.0
19.735238852000002,0.0,0.0,0.13,0.0
19.736275183,0.0,0.0,0.14,0.0
19.737204987000002,0.0,0.0,0.12,0.0
19.738145912,0.0,0.0,0.14,0.0
19.739278373,0.0,0.0,0.13,0.0
19.740110393000002,0.0,0.0,0.13,0.0
19.741337452,0.0,0.0,0.14,0.0
19.742176879000002,0.0,0.0,0.14,0.0
19.744271995000002,0.0,0.0,0.14,0.0
19.745085785,0.0,0.0,0.13,0.0
19.746244945,0.0,0.0,0.13,0.0
19.747225459000003,0.0,0.0,0.14,0.0
19.748226025,0.0,0.0,0.13,0.0
19.749250051,0.0,0.0,0.14,0.0
19.750079659,0.0,0.0,0.14,0.0
19.751351759000002,0.0,0.0,0.14,0.0
19.752084793,0.0,0.0,0.14,0.0
19.753161784,0.0,0.0,0.14,0.0
19.754130353,0.0,0.0,0.14,0.0
19.755264288000003,0.0,0.0,0.14,0.0
19.756163687,0.0,0.0,0.14,0.0
19.757377956000003,0.0,0.0,0.14,0.0
19.759354815000002,0.0,0.0,0.13,0.0
19.760089697,0.0,0.0,0.14,0.0
19.761127593,0.0,0.0,0.14,0.0
19.762228710000002,0.0,0.0,0.13,0.0
19.763212834,0.0,0.0,0.14,0.0
19.764216401000002,0.0,0.0,0.13,0.0
19.765956789,0.0,0.0,0.13,0.0
19.766320034,0.0,0.0,0.14,0.0
19.76718921,0.0,0.0,0.13,0.0
19.7683536,0.0,0.0,0.13,0.0
19.769098314,0.0,0.0,0.13,0.0
19.770298688,0.0,0.0,0.14,0.0
19.771121553,0.0,0.0,0.14,0.0
19.772364553000003,0.0,0.0,0.13,0.0
19.773145093,0.0,0.0,0.13,0.0
19.775298642000003,0.0,0.0,0.13,0.0
19.77623852,0.0,0.0,0.14,0.0
19.77719784,0.0,0.0,0.13,0.0
19.778208092,0.0,0.0,0.13,0.0
19.779211213,0.0,0.0,0.14,0.0
19.780204777,0.0,0.0,0.14,0.0
19.781201043000003,0.0,0.0,0.13,0.0
19.782206346000002,0.0,0.0,0.13,0.0
19.783209719000002,0.0,0.0,0.14,0.0
19.784192513,0.0,0.0,0.14,0.0
19.785162629000002,0.0,0.0,0.13,0.0
19.786176896,0.0,0.0,0.13,0.0
19.787311745,0.0,0.0,0.14,0.0
19.788228849000003,0.0,0.0,0.15,0.0
19.790520488000002,0.0,0.0,0.14,0.0
19.79168623,0.0,0.0,0.13,0.0
19.792724274,0.0,0.0,0.14,0.0
19.79361226,0.0,0.0,0.14,0.0
19.79444673,0.0,0.0,0.14,0.0
19.795263667,0.0,0.0,0.14,0.0
19.796223212,0.0,0.0,0.14,0.0
19.797212473000002,0.0,0.0,0.13,0.0
19.798243286,0.0,0.01,0.14,0.01
19.799332041,0.0,0.0,0.14,0.0
19.800186041,0.0,0.0,0.14,0.0
19.801207567000002,0.0,0.0,0.14,0.0
19.802193036000002,0.0,0.0,0.15,0.0
19.804437945,0.0,0.0,0.14,0.0
19.80531513,0.0,0.0,0.14,0.0
19.806200069000003,0.0,0.0,0.14,0.0
19.807163916,0.0,0.0,0.15,0.0
19.80842431,0.0,0.0,0.14,0.0
19.809646083,0.0,0.0,0.14,0.0
19.810301733000003,0.0,0.0,0.14,0.0
19.811142103,0.0,0.0,0.14,0.0
19.812224234000002,0.0,0.0,0.14,0.0
19.813183932,0.0,0.0,0.14,0.0
19.814183797000002,0.0,0.0,0.13,0.0
19.815157073,0.0,0.0,0.14,0.0
19.816187041000003,0.0,0.0,0.14,0.0
19.817237944000002,0.0,0.0,0.14,0.0
19.818209665,0.0,0.0,0.13,0.0
19.819245187,0.0,0.0,0.13,0.0
19.821404091,0.0,0.0,0.14,0.0
19.822118652,0.0,0.01,0.14,0.0
19.823396845,0.0,0.0,0.14,0.0
19.824114604000002,0.0,0.0,0.14,0.0
19.825395026000002,0.0,0.0,0.14,0.0
19.826101422,0.0,0.0,0.14,0.0
19.827408065,0.0,0.0,0.14,0.01
19.828095165,0.0,0.0,0.14,0.0
19.82948095,0.0,0.0,0.14,0.0
19.830092929000003,0.0,0.0,0.14,0.0
19.83122274,0.0,0.0,0.14,0.0
19.832091227000003,0.0,0.0,0.14,0.0
19.833485465000003,0.0,0.0,0.14,0.0
19.83409533,0.0,0.0,0.14,0.0
19.83541698,0.0,0.0,0.13,0.0
19.837318377000003,0.0,0.0,0.14,0.0
19.838093942,0.0,0.0,0.14,0.0
19.839408696,0.0,0.0,0.13,0.0
19.840090243000002,0.0,0.0,0.13,0.0
19.841410197000002,0.0,0.0,0.14,0.0
19.842090958,0.0,0.0,0.14,0.0
19.843533451000003,0.0,0.0,0.15,0.0
19.844086335,0.0,0.0,0.15,0.0
19.845322462000002,0.0,0.0,0.14,0.0
19.846112869000002,0.0,0.0,0.13,0.0
19.847439137000002,0.0,0.0,0.14,0.0
19.849473359,0.0,0.0,0.14,0.0
19.850094051000003,0.0,0.0,0.15,0.0
19.851277558,0.0,0.0,0.14,0.0
19.852231914,0.0,0.01,0.14,0.0
19.85319107,0.0,0.0,0.14,0.0
19.854410781000002,0.0,0.01,0.14,0.0
19.855093979000003,0.0,0.0,0.14,0.0
19.856403630000003,0.0,0.0,0.14,0.0
19.857093881,0.0,0.0,0.13,0.0
19.858412761,0.0,0.0,0.14,0.0
19.859087363,0.0,0.0,0.14,0.0
19.860302943,0.0,0.0,0.14,0.0
19.861158488,0.0,0.0,0.13,0.0
19.862407145000002,0.0,0.0,0.14,0.0
19.864416585,0.0,0.0,0.14,0.0
19.865097879,0.0,0.0,0.14,0.0
19.866406174,0.0,0.0,0.14,0.0
19.867094831000003,0.0,0.0,0.15,0.0
19.868419934000002,0.0,0.0,0.14,0.0
19.869090651,0.0,0.0,0.14,0.0
19.870263847,0.0,0.0,0.14,0.0
19.871142002000003,0.0,0.0,0.14,0.0
19.87215871,0.0,0.0,0.14,0.0
19.873245575000002,0.0,0.0,0.14,0.0
19.874154281000003,0.0,0.0,0.14,0.0
19.875306278,0.0,0.0,0.15,0.0
19.876159813,0.0,0.0,0.0,0.0
19.877184683000003,0.0,0.0,0.0,0.0
19.878156230000002,0.0,0.0,0.0,0.0
19.880404483,0.0,0.0,0.0,0.0
19.881107487,0.0,0.0,0.0,0.0
19.882142156,0.0,0.0,0.0,0.0
19.883258147000003,0.0,0.0,0.0,0.0
19.884248935000002,0.0,0.0,0.0,0.0
19.885196601,0.0,0.0,0.0,0.0
19.886267048,0.0,0.0,0.0,0.0
19.887139474,0.0,0.0,0.0,0.0
19.888286444000002,0.0,0.0,0.0,0.0
19.889138550000002,0.0,0.0,0.0,0.0
19.890175002000003,0.0,0.0,0.0,0.0
19.892385523,0.0,0.0,0.0,0.0
19.893107790000002,0.0,0.0,0.0,0.0
19.894258020000002,0.0,0.0,0.0,0.0
19.895221522,0.0,0.0,0.0,0.0
19.896245181,0.0,0.0,0.0,0.0
19.897243359,0.0,0.0,0.0,0.0
19.898113050000003,0.0,0.0,0.0,0.0
19.899269491000002,0.0,0.0,0.0,0.01
19.900177372,0.0,0.0,0.0,0.0
19.901143895,0.0,0.0,0.0,0.0
19.902133377000002,0.0,0.0,0.0,0.0
19.903158854,0.0,0.0,0.0,0.0
19.904177402000002,0.0,0.0,0.0,0.0
19.905086718,0.0,0.0,0.0,0.0
19.90616324,0.0,0.0,0.0,0.0
19.908392817000003,0.0,0.0,0.0,0.0
19.909115286000002,0.0,0.0,0.0,0.0
19.910260586,0.0,0.0,0.0,0.0
19.911145127,0.0,0.0,0.0,0.0
19.912319905,0.0,0.0,0.0,0.0
19.913106215000003,0.0,0.0,0.0,0.0
19.914260363,0.0,0.0,0.0,0.0
19.915131236,0.0,0.0,0.0,0.0
19.916405311000002,0.23,0.0,0.0,0.0
19.917103732,0.27,0.0,0.0,0.0
19.918395367000002,0.01,0.0,0.0,0.0
19.919094489000003,0.27,0.0,0.0,0.0
19.920320402,0.28,0.0,0.0,0.0
19.921138411,0.28,0.0,0.0,0.0
19.922404630000003,0.28,0.0,0.0,0.0
19.923086048000002,0.32,0.0,0.0,0.0
19.924429058,0.33,0.0,0.0,0.0
19.926433597000003,0.33,0.0,0.01,0.0
19.927094503000003,0.36,0.0,0.0,0.01
19.928403779,0.35,0.0,0.0,0.0
19.929093728,0.33,0.0,0.0,0.0
19.930273222,0.35,0.0,0.0,0.0
19.931085459000002,0.37,0.0,0.0,0.0
19.932127798,0.36,0.0,0.0,0.0
19.933161143,0.36,0.0,0.01,0.0
19.934195563000003,0.37,0.0,0.0,0.0
19.935184942000003,0.37,0.0,0.0,0.0
19.936176472,0.36,0.0,0.0,0.0
19.937362376000003,0.37,0.0,0.0,0.0
19.938098503000003,0.39,0.0,0.0,0.0
19.939389992000002,0.39,0.0,0.0,0.0
19.941407599,0.41,0.0,0.0,0.0
19.942102389000002,0.41,0.0,0.0,0.0
19.943263317,0.42,0.0,0.0,0.0
19.944131231,0.42,0.0,0.0,0.0
19.945396666,0.42,0.0,0.0,0.0
19.946099018,0.42,0.0,0.0,0.0
19.947261705000003,0.43,0.0,0.0,0.0
19.948091662,0.42,0.0,0.0,0.0
19.949379393,0.42,0.0,0.0,0.0
19.950093983000002,0.42,0.0,0.0,0.0
19.951318269,0.42,0.0,0.0,0.0
19.952130441,0.42,0.0,0.0,0.0
19.954385824000003,0.43,0.0,0.0,0.0
19.955100887,0.41,0.0,0.0,0.0
19.956395372000003,0.43,0.0,0.0,0.0
19.957102133000003,0.41,0.0,0.0,0.0
19.958396846000003,0.4,0.0,0.01,0.0
19.959097658,0.41,0.0,0.0,0.0
19.960403714,0.4,0.0,0.0,0.0
19.961094361,0.4,0.0,0.0,0.0
19.96241406,0.39,0.01,0.0,0.0
19.963090742000002,0.4,0.0,0.0,0.0
19.964311642000002,0.38,0.0,0.0,0.0
19.965128088,0.38,0.0,0.0,0.0
19.966319036,0.37,0.0,0.0,0.0
19.967145485,0.36,0.0,0.0,0.0
19.968416074,0.36,0.0,0.0,0.0
19.970414784000003,0.37,0.0,0.0,0.0
19.97109594,0.38,0.0,0.0,0.0
19.972407714000003,0.36,0.0,0.0,0.0
19.973094351,0.36,0.0,0.0,0.0
19.974406159,0.35,0.0,0.0,0.0
19.975087913000003,0.35,0.0,0.0,0.0
19.976421765,0.35,0.0,0.0,0.0
19.977084046,0.34,0.0,0.0,0.0
19.978248338,0.34,0.0,0.0,0.0
19.979088272000002,0.35,0.0,0.0,0.0
19.980294319000002,0.34,0.0,0.0,0.0
19.981183713,0.34,0.0,0.0,0.0
19.982439481,0.34,0.0,0.0,0.0
19.98308651,0.32,0.0,0.0,0.0
19.984402355,0.32,0.0,0.0,0.0
19.986531605,0.33,0.0,0.0,0.0
19.987094062,0.32,0.0,0.0,0.0
19.988417395000003,0.05,0.0,0.0,0.0
19.9890948,0.03,0.0,0.0,0.0
19.990413638,0.01,0.0,0.0,0.0
19.991093521,0.01,0.0,0.0,0.0
19.992295717,0.0,0.0,0.0,0.0
19.993087305,0.01,0.0,0.0,0.0
19.994271648,0.0,0.0,0.0,0.0
19.995088497,0.0,0.0,0.0,0.0
19.996165767,0.0,0.0,0.0,0.0
19.997291153000003,0.0,0.0,0.01,0.0
19.998139951000002,0.0,0.0,0.0,0.0
19.999381524,0.0,0.0,0.0,0.0
20.001364216000002,0.0,0.0,0.0,0.0
20.002095954,0.0,0.0,0.0,0.0
20.003401724,0.0,0.0,0.0,0.0
20.004098285,0.0,0.0,0.0,0.0
20.005286913000003,0.0,0.0,0.0,0.0
20.006184434,0.0,0.0,0.0,0.0
20.007277657,0.01,0.0,0.0,0.0
20.008079251,0.0,0.0,0.0,0.0
20.009182133,0.01,0.0,0.0,0.0
20.010173697000003,0.02,0.0,0.0,0.0
20.011095029,0.02,0.0,0.0,0.0
20.013407933,0.01,0.0,0.0,0.0
20.014120908000002,0.02,0.0,0.0,0.0
20.01510061,0.02,0.0,0.0,0.0
20.016270097,0.01,0.0,0.0,0.0
20.017220603000002,0.01,0.0,0.0,0.0
20.018269198000002,0.01,0.0,0.0,0.0
20.019240115000002,0.0,0.0,0.0,0.0
20.020256775,0.0,0.0,0.0,0.0
20.021226234,0.0,0.0,0.0,0.0
20.022246936000002,0.01,0.0,0.0,0.0
20.023136450000003,0.01,0.0,0.0,0.0
20.024292287,0.0,0.0,0.0,0.0
20.02510843,0.0,0.0,0.0,0.0
20.026315330000003,0.01,0.0,0.0,0.0
20.027097593,0.0,0.0,0.0,0.0
20.02837625,0.0,0.0,0.0,0.0
20.030412806,0.01,0.0,0.0,0.0
20.031102370000003,0.01,0.0,0.0,0.0
20.032265407,0.01,0.0,0.0,0.0
20.033217370000003,0.0,0.0,0.0,0.0
20.034130616000002,0.0,0.0,0.0,0.0
20.035283403,0.0,0.0,0.0,0.0
20.036175103,0.0,0.0,0.0,0.0
20.037201253000003,0.01,0.0,0.0,0.0
20.038262120000002,0.0,0.0,0.0,0.0
20.039187480000002,0.0,0.0,0.0,0.0
20.040174001,0.0,0.0,0.0,0.0
20.041315539000003,0.0,0.0,0.0,0.0
20.042119757000002,0.0,0.0,0.0,0.0
20.043378490000002,0.0,0.0,0.0,0.0
20.04538849,0.01,0.0,0.0,0.0
20.046105191000002,0.01,0.0,0.0,0.0
20.047384473,0.0,0.0,0.0,0.0
20.048099157000003,0.01,0.0,0.0,0.0
20.049412851,0.01,0.0,0.0,0.0
20.050094846,0.01,0.0,0.0,0.0
20.051418217000002,0.01,0.0,0.0,0.0
20.052094093,0.0,0.0,0.0,0.0
20.053348905,0.0,0.01,0.0,0.0
20.054091377000002,0.01,0.0,0.0,0.0
20.055547623000002,0.01,0.0,0.0,0.0
20.056092295000003,0.01,0.0,0.0,0.0
20.057221373,0.01,0.0,0.0,0.0
20.058193902000003,0.01,0.0,0.0,0.0
20.059397153000003,0.01,0.0,0.0,0.0
20.061251562000002,0.01,0.0,0.0,0.0
20.062111698000002,0.01,0.0,0.0,0.0
20.063281751,0.01,0.0,0.0,0.0
20.064172908,0.01,0.0,0.0,0.0
20.065125899,0.01,0.0,0.0,0.0
20.066420147000002,0.01,0.0,0.0,0.0
20.067093935000003,0.01,0.0,0.0,0.0
20.068419917,0.01,0.0,0.0,0.0
20.069090293000002,0.01,0.0,0.0,0.0
20.070332381,0.01,0.0,0.0,0.0
20.071129972,0.02,0.0,0.0,0.0
20.072399227000002,0.01,0.0,0.0,0.0
20.07308703,0.01,0.0,0.0,0.0
20.074391682,0.01,0.0,0.0,0.0
20.076406552,0.01,0.0,0.0,0.0
20.077093887,0.01,0.0,0.0,0.0
20.078341457,0.01,0.0,0.0,0.0
20.079093555,0.01,0.0,0.0,0.0
20.080429267,0.03,0.0,0.0,0.0
20.081089947000002,0.01,0.0,0.0,0.0
20.082440098000003,0.01,0.0,0.0,0.0
20.083096361000003,0.01,0.0,0.0,0.0
20.084486822000002,0.01,0.0,0.01,0.0
20.085085449,0.01,0.0,0.0,0.0
20.086295616,0.01,0.0,0.0,0.0
20.087188977,0.01,0.0,0.0,0.0
20.08846771,0.02,0.0,0.0,0.0
20.08908478,0.01,0.0,0.0,0.0
20.090384368000002,0.01,0.0,0.0,0.0
20.092422902000003,0.01,0.0,0.0,0.0
20.093095624,0.01,0.0,0.0,0.0
20.09446776,0.01,0.0,0.0,0.0
20.095090554000002,0.01,0.0,0.0,0.0
20.09640866,0.01,0.0,0.0,0.0
20.097093833000002,0.01,0.0,0.0,0.0
20.098241001,0.01,0.0,0.0,0.0
20.099091907000002,0.01,0.0,0.0,0.0
20.100139237,0.01,0.0,0.0,0.0
20.101184598,0.01,0.0,0.0,0.0
20.102125304,0.01,0.0,0.0,0.0
20.104302823,0.02,0.0,0.0,0.0
20.105143154,0.02,0.0,0.0,0.0
20.106327463,0.02,0.0,0.0,0.0
20.107122832,0.02,0.0,0.0,0.0
20.108417991,0.02,0.0,0.0,0.0
20.109093575000003,0.03,0.0,0.0,0.0
20.1104172,0.03,0.0,0.0,0.0
20.111087570000002,0.03,0.0,0.0,0.0
20.112381922,0.03,0.0,0.0,0.0
20.113094424,0.03,0.0,0.0,0.0
20.114446591,0.03,0.0,0.0,0.0
20.115088115000002,0.03,0.0,0.0,0.0
20.116184313,0.03,0.0,0.0,0.0
20.117162804000003,0.03,0.0,0.0,0.0
20.118273331,0.03,0.0,0.0,0.0
20.119125165,0.03,0.0,0.0,0.0
20.12026764,0.03,0.0,0.0,0.0
20.122345288,0.03,0.0,0.0,0.0
20.123131148000002,0.03,0.0,0.0,0.0
20.124203413,0.29,0.0,0.0,0.0
20.125193040000003,0.3,0.0,0.0,0.0
20.126204864,0.28,0.0,0.0,0.0
20.12718466,0.29,0.0,0.0,0.0
20.128193173,0.29,0.0,0.0,0.0
20.129190255,0.29,0.0,0.0,0.0
20.130202528,0.3,0.01,0.0,0.0
20.131184285,0.28,0.0,0.0,0.0
20.132165396,0.28,0.01,0.0,0.0
20.133182446000003,0.28,0.0,0.0,0.0
20.134167195,0.31,0.0,0.0,0.0
20.135213108000002,0.32,0.0,0.0,0.0
20.136206932,0.32,0.0,0.0,0.0
20.138362082,0.32,0.0,0.0,0.0
20.139150015000002,0.31,0.0,0.0,0.0
20.140189656,0.31,0.0,0.01,0.0
20.141189027000003,0.31,0.0,0.0,0.0
20.142123507,0.3,0.0,0.0,0.0
20.143348516,0.33,0.0,0.0,0.0
20.144118917,0.31,0.0,0.0,0.0
20.145327109,0.31,0.0,0.0,0.0
20.146106153,0.34,0.0,0.0,0.0
20.147281195,0.35,0.0,0.0,0.0
20.148135030000002,0.35,0.0,0.0,0.0
20.149251538,0.33,0.0,0.0,0.0
20.150098026000002,0.33,0.0,0.0,0.0
20.151348228,0.33,0.01,0.0,0.0
20.153313891,0.33,0.0,0.0,0.0
20.15412237,0.33,0.0,0.0,0.0
20.155346529000003,0.34,0.0,0.0,0.0
20.156097104,0.35,0.0,0.0,0.0
20.157355799,0.35,0.0,0.0,0.0
20.158086028,0.36,0.0,0.0,0.0
20.159331738000002,0.35,0.0,0.0,0.0
20.160142515,0.35,0.0,0.0,0.0
20.161202533,0.36,0.0,0.0,0.0
20.162125132,0.37,0.0,0.0,0.0
20.163279905,0.37,0.0,0.0,0.0
20.164083404000003,0.37,0.0,0.0,0.0
20.165265991000002,0.37,0.0,0.0,0.0
20.167358189,0.37,0.0,0.0,0.0
20.168130272000003,0.38,0.0,0.0,0.0
20.169239008,0.38,0.0,0.0,0.0
20.170073834,0.38,0.0,0.0,0.0
20.171128333000002,0.37,0.0,0.0,0.0
20.172349532000002,0.37,0.0,0.0,0.0
20.173125551000002,0.37,0.0,0.0,0.0
20.174156489,0.37,0.0,0.0,0.0
20.175360602,0.37,0.0,0.0,0.0
20.176080542,0.37,0.0,0.0,0.0
20.177381484,0.38,0.0,0.0,0.0
20.178086426,0.38,0.0,0.0,0.0
20.179327101000002,0.38,0.0,0.0,0.0
20.180096817000003,0.39,0.0,0.0,0.0
20.181381057000003,0.39,0.0,0.0,0.0
20.183495477,0.39,0.0,0.0,0.0
20.184126268,0.39,0.0,0.0,0.0
20.185216974000003,0.41,0.0,0.0,0.0
20.186191635,0.41,0.0,0.0,0.0
20.187189707,0.41,0.0,0.0,0.0
20.188205302,0.42,0.0,0.0,0.0
20.189180857,0.41,0.0,0.0,0.0
20.190196258,0.41,0.0,0.0,0.0
20.191205808000003,0.42,0.0,0.0,0.0
20.192238883,0.42,0.0,0.0,0.0
20.193315152,0.43,0.0,0.0,0.0
20.194188206,0.44,0.0,0.0,0.0
20.195216016,0.45,0.0,0.0,0.0
20.196200673,0.45,0.0,0.0,0.0
20.198499668,0.46,0.0,0.0,0.0
20.199567730000002,0.46,0.0,0.0,0.0
20.20041253,0.47,0.0,0.0,0.0
20.201136937,0.49,0.0,0.0,0.0
20.202203435,0.5,0.0,0.0,0.0
20.203145448,0.51,0.0,0.0,0.0
20.204228678,0.55,0.0,0.0,0.0
20.205215037000002,0.57,0.0,0.0,0.0
20.206229615,0.6,0.0,0.0,0.0
20.207250994000002,0.61,0.0,0.0,0.0
20.208265802,0.64,0.0,0.0,0.0
20.209255719,0.65,0.0,0.0,0.0
20.21021422,0.66,0.0,0.0,0.0
20.212234126000002,0.67,0.0,0.0,0.0
20.213236644000002,0.68,0.0,0.0,0.0
20.214226812,0.7,0.0,0.0,0.0
20.215244437000003,0.7,0.0,0.0,0.0
20.216262768,0.7,0.0,0.0,0.0
20.217311588,0.69,0.0,0.0,0.0
20.218201941,0.7,0.0,0.0,0.0
20.219247607,0.7,0.0,0.0,0.0
20.220249696,0.72,0.0,0.0,0.0
20.221225675000003,0.71,0.0,0.0,0.0
20.2221842,0.71,0.0,0.0,0.0
20.223166300000003,0.72,0.0,0.0,0.0
20.224166540000002,0.72,0.0,0.0,0.0
20.225193898,0.73,0.0,0.0,0.0
20.226203638,0.73,0.0,0.0,0.0
20.227224783,0.74,0.0,0.0,0.0
20.229406702000002,0.75,0.0,0.0,0.0
20.230187176,0.75,0.0,0.0,0.0
20.231139957,0.75,0.0,0.0,0.0
20.232234327,0.75,0.0,0.0,0.0
20.233215066,0.76,0.0,0.0,0.0
20.234234618000002,0.75,0.0,0.0,0.0
20.235223155,0.75,0.0,0.0,0.0
20.236231297,0.75,0.0,0.0,0.0
20.23717801,0.76,0.0,0.0,0.0
20.238297341000003,0.77,0.0,0.0,0.0
20.239121368000003,0.77,0.0,0.0,0.0
20.240108342000003,0.77,0.0,0.0,0.0
20.241244511,0.79,0.0,0.0,0.0
20.243282934,0.78,0.0,0.0,0.0
20.244118856,0.79,0.0,0.0,0.0
20.245145963000002,0.79,0.0,0.0,0.0
20.246223435,0.79,0.0,0.0,0.0
20.247148903000003,0.8,0.0,0.0,0.0
20.248161656,0.82,0.0,0.0,0.0
20.24913936,0.82,0.0,0.0,0.0
20.250252998,0.84,0.0,0.0,0.0
20.251221634,0.85,0.0,0.0,0.0
20.252174757000002,0.83,0.0,0.0,0.0
20.253322764,0.83,0.0,0.0,0.0
20.254105613,0.85,0.0,0.0,0.0
20.255406604,0.85,0.0,0.0,0.0
20.256105578,0.84,0.0,0.0,0.0
20.257289209,0.87,0.0,0.0,0.0
20.259414084000003,0.88,0.0,0.0,0.0
20.260109058,0.88,0.0,0.0,0.01
20.261167228,0.88,0.0,0.0,0.0
20.262250959000003,0.87,0.0,0.0,0.0
20.263234279000002,0.89,0.0,0.0,0.0
20.264292108000003,0.87,0.0,0.0,0.0
20.265128208,0.89,0.0,0.0,0.0
20.266254495000002,0.91,0.0,0.0,0.0
20.267174975,0.92,0.0,0.0,0.0
20.268203545000002,0.92,0.0,0.0,0.0
20.269138137000002,0.92,0.0,0.0,0.0
20.270263079000003,0.93,0.0,0.0,0.0
20.271096441,0.94,0.0,0.0,0.0
20.272363662,0.94,0.0,0.0,0.0
20.274383899,0.94,0.0,0.0,0.0
20.275096067,0.94,0.0,0.0,0.0
20.276096926,0.94,0.0,0.0,0.0
20.277277946,0.95,0.0,0.0,0.0
20.278202459000003,0.95,0.0,0.0,0.0
20.279133944,0.95,0.0,0.0,0.0
20.280271057,0.96,0.0,0.0,0.0
20.281097836,0.96,0.0,0.0,0.0
20.282182439,0.96,0.0,0.0,0.0
20.28318054,0.97,0.0,0.0,0.0
20.284177386,0.98,0.0,0.0,0.0
20.285402424,1.0,0.0,0.0,0.0
20.286098372,1.01,0.0,0.0,0.0
20.287346927,1.03,0.0,0.0,0.0
20.289411021000003,1.04,0.0,0.0,0.0
20.290097766000002,1.04,0.0,0.0,0.0
20.291375681,1.06,0.0,0.0,0.0
20.292101405,1.07,0.0,0.0,0.0
20.293308853000003,1.07,0.0,0.0,0.0
20.294116509000002,1.09,0.0,0.0,0.0
20.295132156,1.11,0.0,0.0,0.0
20.296256336000003,1.13,0.0,0.0,0.0
20.297174574,1.13,0.0,0.0,0.0
20.298183278,1.15,0.0,0.0,0.0
20.299152995,1.16,0.0,0.0,0.0
20.300208974,1.17,0.0,0.0,0.0
20.301172065000003,1.18,0.0,0.0,0.0
20.302409397,1.17,0.0,0.0,0.0
20.30441446,1.17,0.0,0.0,0.0
20.305099434000002,1.19,0.0,0.0,0.0
20.306117296,1.19,0.0,0.0,0.0
20.307141094000002,1.2,0.0,0.0,0.0
20.308132706000002,1.2,0.0,0.0,0.0
20.309380332,1.21,0.0,0.0,0.0
20.310095501000003,1.21,0.0,0.0,0.0
20.311100640000003,1.22,0.0,0.0,0.0
20.312100396,1.23,0.0,0.0,0.0
20.313278132,1.23,0.0,0.0,0.0
20.314183393,1.23,0.0,0.0,0.0
20.315130326000002,1.24,0.0,0.0,0.0
20.316280088000003,1.25,0.0,0.0,0.0
20.318440159,1.25,0.0,0.0,0.0
20.319110088000002,1.25,0.0,0.0,0.0
20.320260926,1.24,0.0,0.0,0.0
20.321226877,1.24,0.0,0.0,0.0
20.322263934000002,1.25,0.0,0.0,0.0
20.323217036000003,1.26,0.0,0.0,0.0
20.324124253,1.28,0.0,0.0,0.0
20.32537113,1.28,0.0,0.0,0.0
20.326105087000002,1.29,0.0,0.0,0.0
20.327323589000002,1.31,0.0,0.0,0.0
20.328104845000002,1.32,0.0,0.0,0.0
20.329321808,1.34,0.0,0.0,0.0
20.330093993000002,1.34,0.0,0.0,0.0
20.331238827,1.35,0.0,0.0,0.01
20.333148789000003,1.35,0.0,0.0,0.0
20.334097487,1.35,0.0,0.0,0.0
20.335276412000002,1.37,0.0,0.0,0.0
20.336082785000002,1.37,0.0,0.0,0.0
20.337228944,1.39,0.0,0.0,0.0
20.338225691,1.41,0.0,0.0,0.0
20.339228879,1.42,0.0,0.0,0.0
20.340231845,1.42,0.0,0.0,0.0
20.341162685,1.43,0.01,0.0,0.0
20.342175261,1.41,0.0,0.0,0.0
20.343305558,1.41,0.0,0.0,0.0
20.344128151,1.42,0.0,0.0,0.0
20.34520531,1.42,0.0,0.0,0.0
20.347414099,1.43,0.0,0.0,0.0
20.348104686000003,1.43,0.0,0.0,0.0
20.349403268,1.45,0.0,0.0,0.0
20.350094658,1.46,0.0,0.0,0.0
20.351338681,1.46,0.0,0.0,0.0
20.352095404,1.47,0.0,0.0,0.0
20.353412755,1.48,0.0,0.0,0.0
20.35409371,1.48,0.0,0.0,0.0
20.355416804,1.5,0.0,0.0,0.0
20.35609459,1.49,0.0,0.0,0.0
20.357271265,1.51,0.0,0.0,0.01
20.358088844,1.51,0.0,0.0,0.0
20.359348731,1.51,0.0,0.0,0.0
20.360090275,1.52,0.0,0.0,0.0
20.36228612,1.52,0.0,0.0,0.0
20.363134052000003,1.53,0.0,0.0,0.01
20.364493634000002,1.53,0.0,0.0,0.0
20.365091841,1.55,0.0,0.0,0.0
20.366262619,1.56,0.0,0.0,0.0
20.367167031,1.57,0.0,0.0,0.0
20.368413972000003,1.59,0.0,0.0,0.0
20.369088183000002,1.58,0.0,0.0,0.0
20.370253209,1.59,0.0,0.0,0.0
20.37113832,1.6,0.0,0.0,0.0
20.372322777,1.61,0.0,0.0,0.0
20.373142738000002,1.61,0.0,0.0,0.0
20.37441747,1.62,0.0,0.0,0.0
20.375088971,1.63,0.0,0.0,0.01
20.376432592,1.63,0.0,0.0,0.0
20.378286857000003,1.63,0.0,0.0,0.0
20.379194148,1.64,0.0,0.0,0.0
20.380149618,1.66,0.0,0.0,0.0
20.381078997000003,1.67,0.0,0.0,0.0
20.382139217000002,1.66,0.0,0.0,0.0
20.383224487,1.66,0.0,0.0,0.0
20.38425316,1.66,0.0,0.0,0.0
20.385232505,1.66,0.0,0.0,0.0
20.386123469,1.68,0.0,0.0,0.0
20.387302610000003,1.67,0.0,0.0,0.0
20.388097963,1.68,0.0,0.0,0.0
20.38933889,1.69,0.0,0.0,0.0
20.390115212,1.68,0.01,0.0,0.0
20.39139794,1.68,0.0,0.0,0.0
20.393323118,1.69,0.0,0.0,0.0
20.394132263000003,1.7,0.0,0.0,0.0
20.395273944000003,1.7,0.0,0.0,0.0
20.396161571,1.71,0.0,0.0,0.0
20.397217,1.72,0.0,0.0,0.0
20.398155605000003,1.74,0.0,0.0,0.0
20.399081205,1.75,0.0,0.0,0.0
20.400132769000002,1.75,0.0,0.0,0.0
20.401234818000002,1.75,0.0,0.0,0.0
20.402109533,1.75,0.0,0.0,0.0
20.403183772000002,1.75,0.0,0.0,0.0
20.404104738,1.77,0.0,0.0,0.0
20.405211038,1.79,0.0,0.0,0.0
20.406247796000002,1.77,0.0,0.0,0.0
20.407158115,1.78,0.0,0.0,0.0
20.409271463,1.79,0.0,0.0,0.0
20.410132314000002,1.79,0.0,0.0,0.0
20.411219430000003,1.79,0.0,0.0,0.0
20.412120140000003,1.8,0.0,0.0,0.0
20.413414720000002,1.81,0.0,0.0,0.0
20.414099563,1.81,0.0,0.0,0.0
20.41529899,1.82,0.0,0.0,0.0
20.416097793000002,1.85,0.01,0.0,0.0
20.417327066000002,1.85,0.0,0.0,0.0
20.418128130000003,1.87,0.0,0.0,0.0
20.419182072,1.87,0.0,0.0,0.0
20.420201638,1.89,0.0,0.0,0.0
20.421133042,1.9,0.0,0.0,0.0
20.422284418,1.9,0.0,0.0,0.0
20.424147406000003,1.91,0.0,0.0,0.0
20.425114041,1.92,0.0,0.0,0.0
20.426270596000002,1.93,0.0,0.0,0.0
20.427225268,1.93,0.0,0.0,0.0
20.428246065,1.92,0.0,0.0,0.0
20.429201217000003,1.94,0.01,0.0,0.0
20.430283264,1.93,0.0,0.0,0.0
20.431134708000002,1.94,0.0,0.0,0.0
20.432178075000003,1.95,0.0,0.0,0.0
20.433173689,1.97,0.0,0.0,0.0
20.434081345000003,1.98,0.0,0.0,0.0
20.436346169,1.99,0.0,0.0,0.0
20.437110808,1.99,0.0,0.0,0.0
20.438264459000003,1.99,0.0,0.0,0.0
20.439224099,1.99,0.0,0.0,0.0
20.440233568,1.99,0.01,0.0,0.0
20.441144219,2.01,0.01,0.0,0.0
20.442401205000003,2.01,0.0,0.0,0.0
20.443102187,2.02,0.0,0.0,0.01
20.444824773,2.03,0.0,0.0,0.0
20.445217250000002,2.05,0.0,0.0,0.0
20.446631316,2.05,0.0,0.0,0.0
20.447178056000002,2.05,0.0,0.0,0.0
20.448111706000002,2.07,0.01,0.0,0.0
20.449175007,2.09,0.0,0.01,0.0
20.450182909000002,2.09,0.0,0.0,0.0
20.451414885000002,2.11,0.0,0.0,0.0
20.453394176,2.12,0.0,0.0,0.0
20.454114278000002,2.12,0.01,0.0,0.0
20.455150235,2.14,0.0,0.0,0.0
20.456097237,2.13,0.0,0.0,0.0
20.457254434000003,2.15,0.0,0.0,0.0
20.458221936,2.16,0.0,0.0,0.0
20.459264819,2.17,0.0,0.0,0.0
20.460226704,2.16,0.0,0.0,0.0
20.461109806,2.16,0.0,0.0,0.0
20.462254595,2.16,0.0,0.0,0.0
20.463103119000003,2.17,0.0,0.0,0.0
20.464195110000002,2.17,0.0,0.0,0.0
20.465088851,2.18,0.0,0.0,0.0
20.46740116,2.18,0.0,0.0,0.01
20.468113541,2.18,0.0,0.0,0.0
20.469257083000002,2.18,0.0,0.0,0.0
20.470190151,2.18,0.0,0.0,0.0
20.471257429,2.19,0.0,0.0,0.0
20.472250043000003,2.19,0.0,0.0,0.0
20.473245172000002,2.2,0.0,0.0,0.0
20.474230387000002,2.21,0.01,0.0,0.0
20.475234099,2.21,0.0,0.0,0.0
20.476201596000003,2.21,0.0,0.0,0.0
20.477350733,2.21,0.0,0.0,0.0
20.478110365000003,2.21,0.0,0.0,0.0
20.479309158,2.22,0.0,0.0,0.0
20.480127219,2.21,0.0,0.0,0.0
20.482387483,2.22,0.0,0.01,0.0
20.483101535000003,2.22,0.0,0.0,0.0
20.484406283000002,2.22,0.0,0.0,0.0
20.485098161,2.23,0.0,0.0,0.0
20.486268231,2.24,0.0,0.0,0.0
20.487096625,2.23,0.0,0.0,0.0
20.488414547,2.23,0.0,0.0,0.0
20.489090167,2.24,0.0,0.0,0.0
20.490143092,2.24,0.0,0.0,0.0
20.491374776,2.24,0.0,0.0,0.0
20.492086897,2.25,0.0,0.0,0.0
20.493311938,2.24,0.0,0.0,0.0
20.494093066,2.25,0.0,0.0,0.0
20.495379716000002,2.24,0.01,0.0,0.0
20.496087918,2.25,0.0,0.0,0.0
20.497429943,2.25,0.0,0.0,0.0
20.499459492,2.25,0.0,0.0,0.0
20.500088019,2.26,0.0,0.0,0.0
20.501254890000002,2.25,0.0,0.0,0.0
20.502094482,2.26,0.0,0.0,0.0
20.503241064,2.26,0.0,0.0,0.0
20.504194069,2.26,0.0,0.0,0.0
20.50527181,2.26,0.0,0.0,0.0
20.506167124,2.27,0.0,0.0,0.0
20.50734689,2.27,0.0,0.0,0.0
20.508088096,2.27,0.0,0.0,0.0
20.509296118,2.27,0.0,0.0,0.0
20.510118997000003,2.27,0.0,0.0,0.0
20.511093701,2.28,0.0,0.0,0.0
20.512288629,2.28,0.0,0.0,0.0
20.514411637000002,2.29,0.0,0.0,0.0
20.515100243000003,2.29,0.0,0.0,0.0
20.516104008000003,2.29,0.0,0.0,0.0
20.51708951,2.3,0.0,0.0,0.0
20.518251935000002,2.3,0.0,0.0,0.0
20.51923639,2.3,0.0,0.0,0.0
20.520174020000002,2.31,0.0,0.0,0.0
20.521127726,2.31,0.0,0.0,0.0
20.522266616,2.31,0.01,0.0,0.0
20.523156096,2.31,0.0,0.0,0.0
20.524162557,2.31,0.0,0.0,0.0
20.525158999000002,2.32,0.0,0.0,0.0
20.526175869000003,2.31,0.0,0.0,0.0
20.528187585,2.32,0.0,0.0,0.0
20.529140522000002,2.33,0.0,0.0,0.0
20.530194077,2.33,0.0,0.0,0.0
20.53148359,2.33,0.0,0.0,0.0
20.532458895,2.33,0.0,0.0,0.0
20.533330867,2.33,0.0,0.0,0.0
20.534305895000003,2.33,0.0,0.0,0.0
20.535196455,2.33,0.0,0.0,0.0
20.536157782,2.33,0.0,0.0,0.0
20.537220636,2.33,0.0,0.0,0.01
20.538151792,2.33,0.0,0.0,0.0
20.539203177,2.34,0.01,0.0,0.0
20.540197529,2.34,0.0,0.0,0.0
20.541194565,2.34,0.0,0.0,0.0
20.54220565,2.34,0.0,0.01,0.0
20.543228797,2.34,0.0,0.0,0.0
20.545228072,2.34,0.0,0.0,0.0
20.546123157,2.34,0.01,0.0,0.0
20.547157747,2.34,0.0,0.0,0.0
20.548162328,2.34,0.0,0.0,0.0
20.549190553000003,2.35,0.0,0.0,0.0
20.550120941000003,2.35,0.0,0.0,0.0
20.551233368000002,2.35,0.0,0.0,0.0
20.552212319000002,2.35,0.0,0.0,0.0
20.553188402,2.35,0.0,0.0,0.0
20.554120413,2.35,0.0,0.0,0.0
20.555178593,2.35,0.0,0.0,0.0
20.556155867,2.35,0.01,0.0,0.0
20.557233571,2.35,0.0,0.0,0.0
20.558240884,2.35,0.0,0.0,0.0
20.559231941,2.35,0.0,0.0,0.0
20.561242290000003,2.35,0.0,0.0,0.0
20.562165034,2.35,0.0,0.0,0.0
20.563242268,2.35,0.0,0.0,0.0
20.564222526000002,2.36,0.0,0.0,0.0
20.565181289,2.35,0.0,0.0,0.0
20.566251874000002,2.36,0.0,0.0,0.0
20.567218792000002,2.36,0.0,0.0,0.0
20.568187663,2.36,0.0,0.0,0.0
20.569323365000002,2.36,0.0,0.0,0.0
20.57011032,2.36,0.0,0.0,0.0
20.571350641000002,2.36,0.0,0.0,0.0
20.572101542000002,2.36,0.0,0.0,0.0
20.573462185,2.36,0.0,0.0,0.0
20.575415331000002,2.36,0.0,0.0,0.0
20.576101151,2.36,0.01,0.0,0.0
20.577479045,2.36,0.0,0.0,0.0
20.57827223,2.36,0.0,0.0,0.0
20.579098839,2.36,0.0,0.0,0.0
20.580263608000003,2.36,0.0,0.0,0.0
20.581081561,2.36,0.02,0.0,0.0
20.582304087,2.37,0.0,0.0,0.0
20.583106199000003,2.37,0.0,0.0,0.0
20.584247681,2.36,0.0,0.0,0.0
20.585176005,2.37,0.0,0.0,0.0
20.587274919000002,2.37,0.0,0.0,0.0
20.588210795000002,2.37,0.0,0.0,0.0
20.589231225000002,2.36,0.0,0.0,0.0
20.590276524,2.37,0.0,0.0,0.0
20.591126232,2.36,0.01,0.0,0.0
20.592275649,2.36,0.0,0.0,0.0
20.593226476,2.36,0.0,0.0,0.0
20.594291700000003,2.36,0.0,0.0,0.0
20.595218326,2.36,0.0,0.0,0.0
20.596255901000003,2.36,0.0,0.0,0.0
20.597213935000003,2.36,0.0,0.0,0.0
20.598084528,2.36,0.0,0.0,0.0
20.599267311000002,2.36,0.0,0.0,0.0
20.600097549,2.36,0.0,0.0,0.0
20.601258356000002,2.36,0.0,0.0,0.0
20.602238165000003,2.36,0.0,0.0,0.0
20.604414873,2.36,0.0,0.0,0.0
20.605105369,2.36,0.0,0.0,0.0
20.606265669000003,2.36,0.0,0.0,0.0
20.607198308,2.36,0.0,0.01,0.0
20.608265595000002,2.36,0.0,0.0,0.0
20.609149525000003,2.35,0.0,0.0,0.0
20.610248159,2.36,0.0,0.0,0.0
20.611116639000002,2.35,0.0,0.0,0.0
20.612097967,2.35,0.0,0.0,0.0
20.613177359,2.35,0.0,0.0,0.0
20.614185560000003,2.35,0.0,0.0,0.0
20.615141818,2.35,0.0,0.0,0.0
20.617436178000002,2.35,0.0,0.0,0.0
20.618111807000002,2.35,0.0,0.0,0.0
20.619149808,2.35,0.0,0.0,0.0
20.620254215000003,2.34,0.01,0.0,0.0
20.621190958,2.34,0.0,0.0,0.0
20.62224991,2.34,0.0,0.0,0.0
20.623185654,2.34,0.0,0.0,0.0
20.624308267,2.34,0.01,0.0,0.0
20.625105957000002,2.33,0.0,0.0,0.0
20.626419958,2.33,0.0,0.0,0.0
20.627105113000002,2.33,0.0,0.0,0.0
20.628338447,2.33,0.0,0.0,0.0
20.629105263,2.34,0.0,0.0,0.0
20.630179974,2.33,0.01,0.0,0.0
20.631112385,2.32,0.0,0.0,0.01
20.633408925,2.32,0.01,0.0,0.0
20.634110762000002,2.31,0.0,0.0,0.0
20.635157484,2.31,0.0,0.0,0.0
20.636181228,2.3,0.0,0.0,0.0
20.637085531,2.31,0.0,0.0,0.0
20.638413727,2.3,0.0,0.0,0.0
20.639102563,2.3,0.0,0.0,0.0
20.640135397,2.3,0.0,0.0,0.0
20.641143815000003,2.29,0.0,0.0,0.0
20.642091654,2.29,0.0,0.0,0.0
20.64347794,2.29,0.0,0.0,0.0
20.644102327000002,2.28,0.0,0.0,0.0
20.645187885000002,2.27,0.0,0.0,0.0
20.646205566000003,2.27,0.0,0.0,0.0
20.647137171,2.27,0.0,0.0,0.0
20.648290173000003,2.26,0.01,0.0,0.0
20.650425941,2.26,0.01,0.0,0.0
20.651109795,2.25,0.0,0.01,0.01
20.652471706,2.25,0.0,0.0,0.0
20.653091110000002,2.25,0.0,0.0,0.0
20.654361674,2.24,0.0,0.0,0.0
20.655093341,2.24,0.0,0.0,0.0
20.656334174,2.22,0.0,0.0,0.0
20.657121416000003,2.22,0.0,0.0,0.0
20.658151478,2.21,0.0,0.01,0.0
20.659182267000002,2.21,0.0,0.0,0.0
20.660195763,2.21,0.0,0.0,0.0
20.66123915,2.19,0.0,0.0,0.0
20.662176777000003,2.18,0.0,0.0,0.0
20.664496701,2.17,0.0,0.0,0.0
20.665557897000003,2.15,0.0,0.01,0.0
20.666511844000002,2.15,0.0,0.0,0.0
20.667442326,2.14,0.0,0.0,0.0
20.668301104,2.13,0.01,0.0,0.0
20.669266672000003,2.13,0.0,0.0,0.0
20.670197373,2.11,0.01,0.0,0.0
20.671196188,2.1,0.0,0.0,0.01
20.672173061000002,2.09,0.0,0.0,0.0
20.673181177,2.07,0.01,0.0,0.0
20.67416695,2.06,0.0,0.0,0.0
20.675174379,2.05,0.0,0.0,0.0
20.676177595000002,2.04,0.0,0.0,0.0
20.677196133000002,2.03,0.0,0.0,0.0
20.67933257,2.03,0.0,0.0,0.0
20.680151138000003,2.0,0.0,0.0,0.0
20.681156524000002,1.99,0.0,0.0,0.0
20.682305772000003,1.98,0.0,0.0,0.0
20.683132416000003,1.96,0.0,0.0,0.0
20.684355175,1.95,0.0,0.0,0.0
20.685113583,1.95,0.0,0.0,0.0
20.686355683000002,1.96,0.0,0.0,0.0
20.687108019,1.94,0.0,0.0,0.0
20.688412340000003,1.94,0.0,0.0,0.0
20.689097452000002,1.92,0.0,0.0,0.0
20.690278459,1.91,0.0,0.0,0.0
20.691097201,1.92,0.0,0.0,0.0
20.692300175,1.92,0.0,0.0,0.0
20.694352857000002,1.91,0.0,0.0,0.0
20.695096052,1.9,0.0,0.0,0.0
20.696339431000002,1.9,0.0,0.0,0.0
20.69709677,1.89,0.0,0.0,0.0
20.698248216,1.87,0.0,0.0,0.0
20.699092902,1.86,0.0,0.0,0.0
20.70027696,1.85,0.0,0.0,0.0
20.701131658,1.84,0.0,0.0,0.0
20.70220958,1.83,0.0,0.0,0.0
20.703137245,1.84,0.0,0.0,0.0
20.704275389000003,1.82,0.0,0.0,0.0
20.705163746,1.81,0.0,0.0,0.0
20.706119933,1.8,0.0,0.0,0.0
20.708380743000003,1.77,0.02,0.0,0.0
20.709131146,1.76,0.0,0.0,0.0
20.710239758,1.75,0.0,0.0,0.0
20.711178285000003,1.74,0.0,0.0,0.0
20.712165314,1.73,0.0,0.0,0.0
20.713174513000002,1.72,0.01,0.0,0.0
20.714211522000003,1.7,0.0,0.0,0.0
20.715232187,1.68,0.0,0.0,0.0
20.716294304,1.66,0.0,0.0,0.0
20.717225108,1.63,0.01,0.0,0.0
20.718236546,1.62,0.0,0.0,0.0
20.719273945,1.59,0.0,0.0,0.0
20.720237756000003,1.58,0.0,0.0,0.0
20.721307625,1.57,0.0,0.0,0.0
20.722176766,1.55,0.0,0.0,0.0
20.724503077,1.54,0.0,0.0,0.0
20.725448516,1.52,0.0,0.0,0.0
20.7263096,1.5,0.0,0.0,0.0
20.727200049,1.49,0.0,0.0,0.0
20.728158801000003,1.47,0.0,0.0,0.0
20.729205078,1.45,0.0,0.0,0.0
20.73017772,1.44,0.0,0.0,0.0
20.731132225,1.42,0.0,0.0,0.0
20.732176202,1.4,0.0,0.0,0.0
20.733205565000002,1.36,0.0,0.0,0.0
20.734157743,1.35,0.0,0.0,0.0
20.735191566,1.32,0.0,0.0,0.0
20.736183953,1.29,0.0,0.0,0.0
20.737146826,1.29,0.0,0.0,0.0
20.738376174000003,1.27,0.0,0.0,0.0
20.740388443,1.26,0.0,0.0,0.0
20.741122432,1.26,0.0,0.0,0.0
20.742112015,1.24,0.0,0.0,0.0
20.743474254000002,1.21,0.0,0.0,0.0
20.744127055,1.2,0.0,0.0,0.0
20.745286896,1.19,0.0,0.0,0.0
20.746109292,1.17,0.0,0.0,0.0
20.747395564,1.15,0.0,0.0,0.0
20.7481069,1.14,0.0,0.0,0.0
20.749327759,1.12,0.0,0.0,0.0
20.750133925,1.11,0.0,0.0,0.0
20.751469046,1.07,0.0,0.0,0.0
20.752093139000003,1.05,0.0,0.0,0.0
20.753449288000002,1.02,0.0,0.0,0.0
20.755280642000002,1.01,0.0,0.0,0.0
20.756185658,0.98,0.0,0.0,0.0
20.757255184,0.85,0.0,0.0,0.0
20.758201913,0.87,0.0,0.0,0.0
20.759409023,0.83,0.0,0.0,0.0
20.760097838,0.83,0.0,0.0,0.0
20.761238307000003,0.77,0.0,0.0,0.0
20.762204055,0.71,0.0,0.0,0.0
20.763135763,0.68,0.0,0.0,0.0
20.764321461,0.67,0.0,0.0,0.0
20.765090496000003,0.64,0.0,0.0,0.0
20.766348633,0.57,0.0,0.0,0.0
20.767094078000003,0.48,0.0,0.0,0.0
20.768383679000003,0.41,0.0,0.0,0.0
20.770547965000002,0.38,0.0,0.0,0.0
20.771094668,0.3,0.0,0.0,0.0
20.772280688000002,0.04,0.0,0.0,0.0
20.773226099000002,0.01,0.0,0.0,0.0
20.774279148,0.01,0.0,0.0,0.0
20.775239255000002,0.02,0.0,0.0,0.0
20.776251605000002,0.02,0.0,0.0,0.0
20.777261177,0.0,0.0,0.0,0.0
20.778191914,0.0,0.0,0.0,0.0
20.779146081,0.02,0.0,0.0,0.0
20.780180773,0.01,0.0,0.0,0.0
20.781080195,0.02,0.0,0.0,0.0
20.783381623,0.02,0.0,0.0,0.0
20.784107423000002,0.03,0.0,0.0,0.0
20.785260017000002,0.03,0.0,0.0,0.0
20.786232679,0.05,0.0,0.0,0.0
20.787248339,0.04,0.0,0.0,0.0
20.788211578000002,0.04,0.0,0.0,0.0
20.789263184000003,0.05,0.0,0.0,0.0
20.790234740000002,0.05,0.0,0.0,0.0
20.791229007000002,0.09,0.0,0.0,0.0
20.79227167,0.15,0.0,0.0,0.0
20.793219389,0.33,0.0,0.0,0.0
20.794290624000002,0.34,0.0,0.0,0.0
20.795097661,0.34,0.0,0.0,0.0
20.796326166,0.34,0.0,0.0,0.0
20.797097539000003,0.35,0.0,0.0,0.0
20.798444971000002,0.37,0.0,0.0,0.0
20.800151663,0.41,0.0,0.0,0.0
20.801245073,0.41,0.02,0.0,0.0
20.802239281000002,0.41,0.0,0.0,0.0
20.803275802,0.41,0.0,0.0,0.0
20.804088105,0.42,0.0,0.0,0.0
20.805281185000002,0.43,0.0,0.0,0.0
20.806163039,0.43,0.0,0.0,0.0
20.807276991000002,0.43,0.0,0.0,0.0
20.808125215,0.43,0.0,0.0,0.0
20.80932568,0.43,0.0,0.0,0.0
20.810121965,0.43,0.0,0.0,0.0
20.811402503,0.43,0.0,0.0,0.0
20.812094603000002,0.43,0.0,0.0,0.0
20.813464385,0.43,0.0,0.0,0.0
20.81513805,0.43,0.0,0.0,0.0
20.816372481000002,0.43,0.0,0.0,0.0
20.817085654,0.43,0.0,0.0,0.0
20.818364845,0.43,0.0,0.0,0.0
20.819119427,0.43,0.0,0.0,0.0
20.820313551,0.43,0.0,0.0,0.0
20.821163273,0.43,0.0,0.0,0.0
20.822466517000002,0.42,0.0,0.0,0.0
20.823089259,0.42,0.0,0.0,0.0
20.824304576000003,0.43,0.0,0.0,0.0
20.82510985,0.43,0.0,0.0,0.0
20.82625487,0.43,0.0,0.02,0.0
20.827166159,0.43,0.0,0.0,0.0
20.828514953000003,0.43,0.0,0.0,0.0
20.829080159,0.43,0.0,0.0,0.0
20.831282085,0.0,0.0,0.0,0.0
20.832092735,0.0,0.0,0.0,0.0
20.833117354000002,0.0,0.0,0.0,0.0
20.834275311000003,0.0,0.0,0.0,0.0
20.835207299,0.0,0.0,0.0,0.0
20.836686896,0.0,0.0,0.0,0.0
20.83709048,0.0,0.0,0.0,0.0
20.838415977,0.0,0.0,0.0,0.0
20.839089483000002,0.0,0.0,0.0,0.0
20.840300990000003,0.0,0.0,0.0,0.0
20.841082712000002,0.0,0.0,0.0,0.0
20.842242956,0.0,0.0,0.0,0.0
20.843210250000002,0.0,0.0,0.0,0.0
20.844761347000002,0.0,0.0,0.0,0.0
20.845176282,0.0,0.0,0.0,0.0
20.847452124,0.0,0.0,0.0,0.0
20.848434218,0.01,0.0,0.0,0.0
20.849074006000002,0.0,0.0,0.0,0.0
20.850274653,0.0,0.0,0.0,0.0
20.851070704,0.0,0.0,0.0,0.0
20.852230446,0.0,0.0,0.0,0.0
20.853684051000002,0.0,0.0,0.0,0.0
20.854041493,0.0,0.0,0.0,0.0
20.855472508000002,0.0,0.0,0.0,0.0
20.856082878000002,0.0,0.0,0.0,0.0
20.857264125,0.0,0.0,0.0,0.0
20.859499148,0.0,0.0,0.0,0.0
20.860087705,0.0,0.0,0.0,0.0
20.861264402,0.0,0.0,0.0,0.0
20.862085514,0.0,0.0,0.0,0.0
20.863403609000002,0.0,0.0,0.0,0.0
20.864085672,0.0,0.0,0.0,0.0
20.865355531000002,0.0,0.0,0.0,0.0
20.866112346,0.0,0.0,0.0,0.0
20.86749764,0.0,0.0,0.0,0.0
20.868087757,0.0,0.0,0.0,0.01
20.869289026,0.01,0.0,0.0,0.0
20.870167523000003,0.0,0.0,0.0,0.0
20.871293438000002,0.0,0.0,0.0,0.0
20.872119862,0.0,0.0,0.01,0.0
20.873320341000003,0.0,0.0,0.0,0.0
20.875443477,0.0,0.0,0.0,0.0
20.876094425,0.0,0.0,0.0,0.0
20.877291019,0.0,0.0,0.0,0.0
20.878095416,0.0,0.0,0.0,0.0
20.879413531,0.0,0.0,0.0,0.0
20.880094833,0.0,0.0,0.0,0.0
20.881392682,0.0,0.0,0.01,0.0
20.882089582000003,0.0,0.0,0.0,0.0
20.883478011,0.0,0.0,0.0,0.0
20.884088589,0.0,0.0,0.0,0.0
20.885289148000002,0.0,0.0,0.0,0.0
20.886262791,0.0,0.0,0.0,0.0
20.887176636000003,0.0,0.0,0.0,0.0
20.888402691,0.0,0.0,0.0,0.0
20.89012833,0.0,0.0,0.0,0.0
20.891415931,0.0,0.0,0.0,0.0
20.892092675,0.01,0.0,0.0,0.0
20.893431624,0.0,0.0,0.0,0.0
20.894083264000002,0.0,0.0,0.0,0.0
20.895278824000002,0.0,0.0,0.0,0.0
20.896186487,0.0,0.0,0.0,0.0
20.897367222,0.0,0.0,0.0,0.0
20.898083627000002,0.0,0.0,0.0,0.0
20.899284293,0.0,0.0,0.0,0.0
20.900141982,0.0,0.0,0.0,0.0
20.901245267,0.0,0.0,0.0,0.0
20.90209098,0.0,0.0,0.0,0.0
20.903143349,0.0,0.0,0.0,0.0
20.905446761,0.0,0.0,0.0,0.0
20.906087898000003,0.0,0.0,0.0,0.0
20.907429392,0.0,0.0,0.0,0.0
20.90808806,0.0,0.0,0.0,0.0
20.909412902,0.0,0.0,0.0,0.0
20.910088627,0.0,0.0,0.0,0.0
20.911259694,0.0,0.0,0.0,0.0
20.912084925000002,0.0,0.0,0.0,0.0
20.913408033,0.0,0.0,0.0,0.0
20.914094452,0.0,0.0,0.0,0.0
20.915275681,0.0,0.0,0.0,0.0
20.916107857,0.0,0.0,0.0,0.01
20.917330003,0.0,0.0,0.0,0.0
20.91808182,0.0,0.0,0.0,0.0
20.919267696000002,0.0,0.0,0.0,0.0
20.921442274,0.0,0.0,0.0,0.0
20.922094320000003,0.0,0.0,0.0,0.0
20.923257572,0.0,0.0,0.0,0.0
20.924159653,0.0,0.0,0.0,0.0
20.925290111000002,0.0,0.0,0.0,0.0
20.926216614,0.0,0.0,0.0,0.0
20.927283972,0.0,0.0,0.0,0.0
20.928075902,0.0,0.0,0.0,0.0
20.929190726,0.0,0.0,0.0,0.0
20.930172852000002,0.0,0.0,0.0,0.0
20.931086335,0.0,0.0,0.0,0.0
20.932367072,0.0,0.0,0.0,0.0
20.933101403000002,0.0,0.0,0.0,0.0
20.934383248,0.0,0.0,0.0,0.0
20.93644154,0.0,0.0,0.01,0.0
20.937104345,0.0,0.0,0.0,0.0
20.938271211,0.0,0.0,0.0,0.0
20.939340254,0.0,0.0,0.0,0.0
20.940108214000002,0.0,0.0,0.0,0.0
20.941285162,0.0,0.0,0.0,0.0
20.942219851,0.0,0.0,0.0,0.0
20.943257194,0.0,0.0,0.0,0.0
20.944127842,0.0,0.0,0.0,0.0
20.945321139,0.0,0.0,0.0,0.0
20.946132899000002,0.0,0.0,0.0,0.0
20.947597437000002,0.0,0.0,0.0,0.0
20.948342581000002,0.01,0.0,0.0,0.0
20.950317865000002,0.19,0.0,0.0,0.0
20.951147464,0.2,0.0,0.0,0.0
20.952216426,0.21,0.0,0.0,0.0
20.953205297,0.21,0.0,0.0,0.0
20.954141171,0.25,0.0,0.0,0.0
20.955192271,0.26,0.0,0.0,0.0
20.956190241,0.28,0.0,0.0,0.0
20.957190066000003,0.28,0.0,0.0,0.0
20.958149736000003,0.29,0.0,0.0,0.0
20.959213243,0.3,0.0,0.0,0.0
20.96017914,0.32,0.0,0.0,0.0
20.961205411,0.34,0.0,0.0,0.0
20.962216125,0.34,0.0,0.0,0.0
20.963235309,0.34,0.0,0.0,0.0
20.964634143,0.38,0.0,0.0,0.0
20.966221604,0.38,0.0,0.0,0.0
20.967376335,0.38,0.0,0.0,0.0
20.968370018,0.42,0.0,0.0,0.0
20.969272292000003,0.44,0.0,0.0,0.0
20.970283341000002,0.5,0.0,0.0,0.0
20.971283628000002,0.5,0.0,0.0,0.0
20.972224807,0.51,0.0,0.0,0.0
20.97320543,0.51,0.0,0.0,0.0
20.974174867000002,0.5,0.0,0.0,0.0
20.975186248,0.47,0.0,0.0,0.0
20.976146004,0.53,0.0,0.0,0.0
20.977206469000002,0.54,0.0,0.0,0.0
20.978189321000002,0.54,0.0,0.0,0.0
20.979193956,0.55,0.0,0.0,0.0
20.98139146,0.55,0.0,0.0,0.0
20.982164448000002,0.55,0.0,0.0,0.0
20.983136646000002,0.56,0.0,0.0,0.0
20.984121870000003,0.57,0.0,0.0,0.0
20.985238936000002,0.57,0.0,0.0,0.0
20.986212687000002,0.57,0.0,0.0,0.0
20.987165791000002,0.58,0.0,0.0,0.0
20.988242890000002,0.58,0.0,0.0,0.0
20.989210438,0.57,0.0,0.0,0.0
20.990191911,0.58,0.0,0.0,0.0
20.991340283,0.6,0.0,0.0,0.0
20.992109695,0.6,0.0,0.0,0.0
20.993362492000003,0.64,0.0,0.0,0.0
20.994101301,0.65,0.0,0.0,0.0
20.995401075,0.66,0.0,0.0,0.0
20.997389937,0.66,0.0,0.0,0.0
20.998101664,0.67,0.0,0.0,0.0
20.999411583,0.68,0.0,0.0,0.0
21.000093853000003,0.68,0.0,0.0,0.0
21.001411405000002,0.69,0.0,0.0,0.0
21.00209439,0.69,0.0,0.0,0.0
21.003429823,0.7,0.0,0.0,0.0
21.004094560000002,0.79,0.0,0.0,0.0
21.005320269000002,0.79,0.0,0.0,0.0
21.006085102,0.8,0.0,0.0,0.0
21.007342411,0.81,0.0,0.0,0.0
21.008134795,0.82,0.0,0.0,0.0
21.009425607,0.81,0.0,0.0,0.0
21.010084178,0.82,0.0,0.0,0.0
21.011273044000003,0.82,0.0,0.0,0.0
21.013427261,0.82,0.0,0.0,0.0
21.014097491,0.82,0.0,0.0,0.0
21.015133076,0.82,0.0,0.0,0.0
21.016200296,0.82,0.0,0.0,0.0
21.017236963000002,0.82,0.0,0.0,0.0
21.018187414,0.82,0.0,0.0,0.0
21.019288989,0.82,0.0,0.0,0.0
21.020142422000003,0.83,0.0,0.0,0.0
21.021328246000003,0.83,0.0,0.0,0.0
21.022122669,0.82,0.0,0.0,0.0
21.023184460000003,0.82,0.0,0.0,0.0
21.024185533,0.83,0.0,0.0,0.0
21.025286586,0.83,0.0,0.0,0.0
21.026233653000002,0.85,0.0,0.0,0.0
21.027261096,0.84,0.0,0.0,0.0
21.029375728,0.85,0.0,0.0,0.0
21.030104671,0.85,0.0,0.0,0.0
21.031240284000003,0.86,0.0,0.0,0.0
21.03219495,0.87,0.0,0.0,0.0
21.033394649,0.86,0.0,0.0,0.0
21.034093335,0.87,0.0,0.0,0.0
21.035541547,0.87,0.0,0.0,0.0
21.036094149,0.87,0.0,0.0,0.0
21.037311181,0.87,0.0,0.0,0.0
21.038097926000003,0.87,0.0,0.0,0.0
21.039420808000003,0.88,0.0,0.0,0.0
21.041313182,0.87,0.0,0.0,0.0
21.042109670000002,0.88,0.0,0.0,0.0
21.04344972,0.87,0.0,0.0,0.0
21.044097889,0.87,0.0,0.0,0.0
21.045387073,0.86,0.0,0.0,0.0
21.046094369000002,0.87,0.0,0.0,0.0
21.047404057,0.86,0.0,0.0,0.0
21.048089769,0.85,0.0,0.0,0.0
21.049372984,0.85,0.0,0.0,0.0
21.050090586,0.84,0.0,0.0,0.0
21.051299501000003,0.83,0.0,0.0,0.0
21.052175218000002,0.82,0.0,0.0,0.0
21.054412176,0.84,0.0,0.0,0.0
21.055087699,0.82,0.0,0.0,0.0
21.056425693,0.82,0.0,0.0,0.0
21.057091399,0.81,0.0,0.0,0.0
21.058423570000002,0.8,0.0,0.0,0.0
21.059082222,0.81,0.0,0.0,0.0
21.060428503,0.79,0.0,0.0,0.0
21.061082793,0.8,0.0,0.0,0.0
21.062404012000002,0.8,0.0,0.0,0.01
21.063085012000002,0.8,0.0,0.0,0.0
21.064290550000003,0.81,0.0,0.0,0.0
21.065186935,0.8,0.0,0.0,0.0
21.066161037,0.8,0.0,0.0,0.0
21.067301092,0.8,0.0,0.0,0.01
21.068182774,0.8,0.0,0.0,0.0
21.069511534,0.8,0.0,0.0,0.0
21.070087129,0.8,0.0,0.0,0.0
21.072425068,0.8,0.0,0.0,0.0
21.073094743000002,0.8,0.0,0.0,0.0
21.074150760000002,0.8,0.0,0.0,0.0
21.075275381,0.8,0.0,0.0,0.0
21.076221797000002,0.8,0.0,0.0,0.0
21.077283606,0.8,0.0,0.0,0.0
21.078133798,0.8,0.0,0.0,0.0
21.079494092,0.79,0.0,0.0,0.0
21.080098835,0.79,0.0,0.0,0.0
21.081334542,0.79,0.0,0.0,0.0
21.082091471000002,0.77,0.01,0.0,0.0
21.083374556000003,0.77,0.0,0.0,0.0
21.084088387,0.77,0.0,0.0,0.0
21.085423747,0.76,0.0,0.0,0.0
21.087271400000002,0.77,0.0,0.0,0.0
21.088206136,0.76,0.0,0.0,0.0
21.089213046,0.78,0.0,0.0,0.0
21.090278951000002,0.78,0.0,0.0,0.0
21.091233121000002,0.78,0.0,0.0,0.0
21.092282508,0.78,0.0,0.0,0.0
21.093241848,0.78,0.0,0.0,0.0
21.094144637000003,0.79,0.0,0.0,0.0
21.095504260000002,0.78,0.0,0.0,0.0
21.096098757,0.78,0.0,0.0,0.0
21.097317566,0.7,0.0,0.0,0.0
21.098119112000003,0.7,0.0,0.0,0.0
21.099420245,0.65,0.0,0.0,0.0
21.101196797,0.66,0.0,0.0,0.0
21.102245353,0.65,0.0,0.0,0.0
21.103095725000003,0.65,0.0,0.0,0.0
21.10428564,0.65,0.0,0.0,0.0
21.105225773,0.65,0.0,0.0,0.0
21.106128285,0.65,0.0,0.0,0.0
21.107131597000002,0.65,0.0,0.0,0.0
21.108280412000003,0.65,0.0,0.0,0.0
21.109228263000002,0.65,0.0,0.0,0.0
21.110196939,0.64,0.0,0.0,0.0
21.111252156000003,0.63,0.01,0.0,0.0
21.112094979000002,0.63,0.01,0.0,0.0
21.113309943,0.62,0.0,0.0,0.0
21.114124976000003,0.61,0.0,0.0,0.0
21.115300482000002,0.59,0.0,0.0,0.0
21.117429698000002,0.55,0.0,0.0,0.0
21.118100217000002,0.55,0.0,0.0,0.0
21.119403074,0.55,0.0,0.0,0.0
21.120096728,0.51,0.0,0.0,0.0
21.121400898,0.5,0.0,0.0,0.0
21.122095089000002,0.49,0.0,0.0,0.0
21.123400193000002,0.54,0.0,0.0,0.0
21.124093978,0.56,0.0,0.0,0.0
21.125474413000003,0.61,0.0,0.0,0.0
21.126094329,0.6,0.0,0.0,0.0
21.127302201000003,0.62,0.0,0.0,0.0
21.128093807000003,0.65,0.0,0.0,0.0
21.129406484,0.66,0.0,0.0,0.0
21.131205396000002,0.66,0.0,0.0,0.0
21.132153814000002,0.66,0.0,0.0,0.0
21.133137357000003,0.67,0.0,0.0,0.0
21.134086948,0.76,0.0,0.0,0.0
21.135276469,0.78,0.0,0.0,0.0
21.136321756,0.79,0.0,0.0,0.0
21.137182825,0.79,0.0,0.0,0.0
21.138269891,0.8,0.0,0.0,0.0
21.13921753,0.82,0.0,0.0,0.0
21.140174827000003,0.82,0.0,0.0,0.0
21.141180115,0.82,0.0,0.0,0.0
21.14208416,0.85,0.0,0.0,0.0
21.14331936,0.87,0.0,0.0,0.0
21.144101052,0.87,0.0,0.0,0.0
21.145363661,0.9,0.0,0.0,0.0
21.147434324000002,0.92,0.0,0.0,0.0
21.148111128,0.93,0.0,0.0,0.0
21.14938928,0.91,0.01,0.0,0.0
21.150106791000002,0.9,0.0,0.0,0.0
21.151402603,0.92,0.0,0.0,0.0
21.152100615000002,0.94,0.0,0.0,0.0
21.153348736,0.95,0.0,0.0,0.0
21.154094389,0.93,0.0,0.0,0.0
21.155411783,0.94,0.0,0.0,0.0
21.156093703,0.95,0.0,0.0,0.0
21.157301773,0.96,0.0,0.0,0.0
21.158156706,0.96,0.0,0.0,0.0
21.159395396,0.96,0.0,0.01,0.0
21.160094543,0.96,0.0,0.0,0.0
21.161302351,0.97,0.0,0.0,0.0
21.163414905,0.98,0.0,0.0,0.0
21.164100316000003,0.99,0.0,0.0,0.0
21.165144456,0.99,0.0,0.0,0.0
21.166296672,1.0,0.0,0.0,0.0
21.16713639,1.0,0.0,0.01,0.0
21.168393526000003,1.01,0.0,0.0,0.0
21.169096095,1.01,0.0,0.0,0.0
21.170421022000003,1.02,0.0,0.01,0.0
21.171095807,1.02,0.0,0.0,0.0
21.172309841,1.02,0.0,0.0,0.0
21.173118408,1.01,0.0,0.0,0.0
21.174411196,1.0,0.0,0.0,0.0
21.175086647,1.0,0.01,0.0,0.0
21.176432482000003,0.99,0.0,0.0,0.0
21.178407922,0.97,0.0,0.0,0.0
21.179095120000003,0.97,0.0,0.0,0.0
21.18040276,1.01,0.0,0.0,0.0
21.181086302,1.02,0.0,0.0,0.0
21.182430679000003,1.02,0.0,0.0,0.0
21.183087842000003,1.03,0.0,0.0,0.0
21.184419624,1.05,0.0,0.0,0.0
21.185089246,1.04,0.0,0.0,0.0
21.186314838,1.05,0.0,0.0,0.0
21.187150346000003,1.06,0.0,0.0,0.0
21.189400327,1.06,0.0,0.0,0.0
21.190094448,1.06,0.01,0.0,0.0
21.191424291,1.07,0.0,0.0,0.0
21.192094208,1.07,0.0,0.0,0.0
21.193281953,1.09,0.0,0.01,0.0
21.194146991,1.09,0.0,0.0,0.0
21.195409002,1.09,0.0,0.0,0.0
21.196093248,1.08,0.0,0.0,0.0
21.197410613000002,1.09,0.0,0.0,0.0
21.198089063,1.1,0.01,0.0,0.0
21.199264824,1.09,0.0,0.0,0.0
21.200225555000003,1.1,0.0,0.0,0.0
21.201312126,1.1,0.0,0.0,0.0
21.202162651000002,1.11,0.01,0.0,0.0
21.203292217,1.11,0.0,0.0,0.0
21.204148223,1.12,0.0,0.0,0.0
21.205474423000002,1.13,0.0,0.0,0.0
21.207430947000002,1.14,0.0,0.0,0.0
21.208091081000003,1.14,0.0,0.0,0.0
21.209299060000003,1.16,0.0,0.0,0.0
21.210127365,1.17,0.0,0.0,0.0
21.211123498000003,1.18,0.0,0.0,0.0
21.212345061,1.17,0.0,0.0,0.0
21.213100563,1.2,0.0,0.0,0.0
21.214323721000003,1.2,0.0,0.0,0.0
21.215120966,1.2,0.0,0.0,0.0
21.216207669000003,1.21,0.0,0.0,0.0
21.217172530000003,1.21,0.0,0.0,0.0
21.218330270000003,1.23,0.0,0.0,0.0
21.219092042,1.24,0.0,0.0,0.0
21.220499319,1.25,0.0,0.0,0.0
21.222426765,1.25,0.0,0.0,0.0
21.223101252000003,1.27,0.0,0.0,0.0
21.224267931,1.29,0.01,0.0,0.0
21.225178172,1.3,0.0,0.0,0.0
21.226277276,1.31,0.0,0.0,0.0
21.227238022,1.32,0.0,0.0,0.0
21.228257785,1.34,0.0,0.0,0.0
21.229091603,1.35,0.0,0.0,0.0
21.230456332000003,1.36,0.0,0.0,0.0
21.231096586,1.36,0.0,0.0,0.0
21.232221198,1.37,0.0,0.0,0.0
21.233193893000003,1.38,0.0,0.0,0.0
21.234193353000002,1.41,0.0,0.0,0.0
21.235102407000003,1.43,0.0,0.01,0.0
21.237316680000003,1.46,0.0,0.0,0.0
21.238118985,1.46,0.0,0.0,0.0
21.239202426000002,1.5,0.0,0.0,0.0
21.240132367,1.51,0.0,0.0,0.0
21.241204655,1.52,0.0,0.0,0.0
21.242444709,1.52,0.0,0.0,0.0
21.243390171,1.52,0.0,0.0,0.0
21.244189958,1.53,0.0,0.0,0.0
21.245186686,1.55,0.0,0.0,0.0
21.246158379,1.55,0.0,0.0,0.0
21.247211388,1.57,0.0,0.0,0.0
21.248139627,1.56,0.0,0.0,0.0
21.249205491,1.58,0.0,0.0,0.0
21.250156398,1.59,0.0,0.0,0.0
21.252389886,1.59,0.0,0.0,0.0
21.253166468,1.61,0.0,0.0,0.0
21.254207577000003,1.62,0.0,0.0,0.0
21.255167622000002,1.63,0.0,0.0,0.0
21.256164049000002,1.64,0.0,0.0,0.0
21.257216872,1.64,0.0,0.0,0.0
21.258144972,1.64,0.0,0.0,0.0
21.25920408,1.63,0.0,0.0,0.0
21.260211326,1.64,0.0,0.0,0.0
21.261197218000003,1.64,0.0,0.0,0.0
21.262182434,1.65,0.0,0.0,0.0
21.263198993,1.66,0.0,0.0,0.0
21.264220822000002,1.67,0.0,0.0,0.0
21.265200842000002,1.67,0.0,0.0,0.0
21.267422208000003,1.68,0.0,0.01,0.0
21.268270685,1.68,0.0,0.0,0.0
21.269192683,1.69,0.0,0.0,0.0
21.270511907000003,1.7,0.0,0.0,0.0
21.271265897000003,1.7,0.0,0.0,0.0
21.272142403,1.71,0.0,0.0,0.0
21.273198639,1.71,0.0,0.0,0.0
21.274141558,1.71,0.0,0.0,0.0
21.275149506,1.72,0.0,0.0,0.0
21.276173266,1.72,0.0,0.0,0.0
21.277120659,1.73,0.0,0.0,0.01
21.278149535,1.73,0.0,0.0,0.0
21.279162271,1.74,0.0,0.0,0.0
21.280167505,1.74,0.0,0.0,0.0
21.282340942,1.75,0.0,0.0,0.0
21.283116727000003,1.75,0.0,0.0,0.0
21.284347143,1.75,0.01,0.0,0.0
21.285107831,1.76,0.0,0.0,0.0
21.286335051000002,1.75,0.0,0.0,0.0
21.287103291,1.76,0.0,0.0,0.01
21.288345734,1.79,0.0,0.0,0.0
21.289092216,1.77,0.0,0.0,0.0
21.290281332000003,1.78,0.0,0.0,0.0
21.291191159,1.77,0.0,0.0,0.0
21.292147141,1.77,0.0,0.0,0.0
21.293284416000002,1.78,0.0,0.0,0.0
21.294088436000003,1.79,0.0,0.0,0.0
21.295337354,1.78,0.0,0.0,0.0
21.297347951000003,1.78,0.0,0.0,0.0
21.298089237000003,1.78,0.0,0.0,0.0
21.299221865,1.78,0.0,0.0,0.0
21.30130274,1.78,0.0,0.0,0.0
21.30224537,1.79,0.0,0.0,0.0
21.303161093,1.79,0.0,0.0,0.0
21.304398425000002,1.79,0.0,0.0,0.0
21.305066229,1.8,0.0,0.0,0.0
21.306239873000003,1.81,0.0,0.0,0.0
21.307133473,1.81,0.0,0.0,0.0
21.308272529,1.81,0.0,0.0,0.0
21.309149576000003,1.82,0.0,0.0,0.0
21.310375197000003,1.82,0.0,0.0,0.0
21.311077053,1.83,0.0,0.0,0.0
21.312372037000003,1.83,0.01,0.0,0.0
21.313067922000002,1.83,0.0,0.0,0.0
21.314165266,1.83,0.0,0.0,0.0
21.315085156000002,1.83,0.0,0.0,0.0
21.316176834,1.83,0.0,0.0,0.0
21.317068383000002,1.84,0.0,0.0,0.0
21.318106552,1.84,0.0,0.0,0.0
21.319380968,1.84,0.0,0.0,0.0
21.320107032000003,1.85,0.0,0.0,0.0
21.321262128,1.85,0.0,0.0,0.0
21.32219061,1.85,0.0,0.0,0.0
21.323270176,1.85,0.0,0.0,0.0
21.324069725,1.85,0.0,0.0,0.0
21.325228113,1.85,0.0,0.0,0.0
21.32612272,1.85,0.0,0.0,0.0
21.327353398,1.86,0.0,0.0,0.0
21.3292851,1.86,0.0,0.0,0.0
21.330125348000003,1.86,0.0,0.0,0.0
21.331233705000002,1.86,0.0,0.0,0.0
21.332237069,1.87,0.0,0.0,0.0
21.33323628,1.87,0.0,0.0,0.0
21.334234645000002,1.87,0.0,0.0,0.0
21.335237875,1.87,0.0,0.0,0.0
21.336225799,1.87,0.0,0.0,0.0
21.337190567,1.87,0.0,0.0,0.0
21.338297743000002,1.88,0.0,0.0,0.0
21.339093022,1.88,0.0,0.0,0.0
21.340288664000003,1.88,0.0,0.0,0.0
21.341181519000003,1.89,0.0,0.0,0.0
21.34336227,1.88,0.0,0.0,0.0
21.344090841,1.89,0.0,0.0,0.0
21.345166736000003,1.89,0.0,0.0,0.0
21.346227210000002,1.89,0.0,0.0,0.0
21.347171594000002,1.89,0.0,0.0,0.0
21.348108968000002,1.89,0.0,0.0,0.0
21.349239891,1.9,0.01,0.0,0.0
21.350127693,1.9,0.01,0.0,0.0
21.351346331000002,1.89,0.0,0.0,0.0
21.352115521,1.9,0.0,0.0,0.0
21.353427025000002,1.9,0.0,0.0,0.0
21.354082298,1.9,0.0,0.0,0.0
21.355368390000002,1.9,0.0,0.0,0.0
21.357354245,1.91,0.0,0.0,0.0
21.358087831000002,1.91,0.0,0.0,0.0
21.359354882,1.91,0.0,0.01,0.0
21.360126101000002,1.91,0.0,0.0,0.0
21.361267271000003,1.91,0.0,0.0,0.0
21.362208492,1.91,0.0,0.0,0.0
21.363356384000003,1.91,0.0,0.0,0.0
21.364083085,1.91,0.0,0.0,0.0
21.36538849,1.91,0.0,0.0,0.0
21.366070957,1.92,0.0,0.0,0.0
21.367268078000002,1.92,0.0,0.0,0.0
21.368155806,1.92,0.0,0.0,0.0
21.369374522,1.92,0.0,0.0,0.0
21.370075420000003,1.92,0.01,0.0,0.0
21.37144928,1.92,0.0,0.0,0.0
21.373397920000002,1.92,0.0,0.0,0.0
21.374077452,1.92,0.0,0.0,0.0
21.375356292000003,1.92,0.0,0.0,0.0
21.376136539,1.92,0.0,0.0,0.0
21.377327784000002,1.92,0.0,0.0,0.0
21.378070245,1.92,0.0,0.0,0.0
21.379354993,1.92,0.0,0.0,0.0
21.380126781,1.92,0.0,0.0,0.0
21.381284615000002,1.93,0.0,0.0,0.0
21.382118584,1.92,0.0,0.0,0.0
21.383251435000002,1.93,0.0,0.0,0.0
21.384109549,1.92,0.0,0.0,0.0
21.385326478,1.93,0.0,0.01,0.0
21.387360129,1.92,0.0,0.0,0.0
21.38812246,1.92,0.0,0.0,0.0
21.389345277,1.92,0.0,0.0,0.0
21.390134326000002,1.93,0.0,0.0,0.0
21.391364076000002,1.93,0.0,0.0,0.0
21.392161987,1.93,0.0,0.0,0.0
21.393354138000003,1.93,0.0,0.0,0.0
21.394079937,1.93,0.0,0.0,0.0
21.395362338,1.93,0.0,0.0,0.0
21.396161058,1.93,0.0,0.0,0.0
21.397330546000003,1.93,0.0,0.0,0.0
21.398117845,1.93,0.0,0.0,0.0
21.399623694000002,1.93,0.0,0.0,0.0
21.400059467000002,1.93,0.0,0.0,0.0
21.401509106000002,1.93,0.0,0.0,0.0
21.403199148000002,1.93,0.0,0.0,0.0
21.404398862,1.93,0.0,0.0,0.0
21.405090177,1.93,0.0,0.0,0.0
21.406405936000002,1.93,0.0,0.0,0.0
21.407094354,1.93,0.0,0.0,0.0
21.408397186000002,1.93,0.0,0.0,0.0
21.409121724000002,1.93,0.0,0.0,0.0
21.410416343,1.93,0.0,0.0,0.0
21.411066941,1.93,0.0,0.0,0.0
21.412259048000003,1.93,0.0,0.0,0.0
21.413248928,1.93,0.0,0.0,0.0
21.414255271000002,1.92,0.0,0.0,0.0
21.415214154,1.93,0.0,0.0,0.0
21.416275535,1.93,0.0,0.0,0.0
21.418382782000002,1.93,0.0,0.0,0.0
21.419133699,1.93,0.0,0.0,0.0
21.420291576,1.93,0.0,0.0,0.0
21.421366943000002,1.93,0.0,0.0,0.0
21.422167742000003,1.93,0.0,0.0,0.0
21.423396212,1.93,0.0,0.0,0.0
21.424065883,1.93,0.0,0.0,0.0
21.425387523,1.93,0.0,0.0,0.0
21.426128249,1.93,0.0,0.0,0.0
21.427373532,1.93,0.0,0.0,0.0
21.428118009000002,1.93,0.0,0.0,0.0
21.429244708000002,1.93,0.0,0.0,0.0
21.430160379,1.93,0.0,0.01,0.0
21.431414604,1.93,0.0,0.0,0.0
21.43337753,1.93,0.0,0.0,0.0
21.434077736000003,1.94,0.0,0.0,0.0
21.435365738,1.93,0.0,0.0,0.0
21.43607713,1.93,0.0,0.0,0.0
21.43715722,1.94,0.0,0.0,0.0
21.438247639,1.93,0.0,0.0,0.0
21.439289575,1.94,0.0,0.0,0.0
21.440117085,1.94,0.01,0.0,0.0
21.441114608000003,1.94,0.0,0.0,0.0
21.442227017,1.94,0.0,0.0,0.0
21.443128950000002,1.94,0.0,0.0,0.0
21.444093043000002,1.94,0.0,0.0,0.0
21.445292222000003,1.94,0.0,0.0,0.01
21.446182615,1.95,0.0,0.0,0.0
21.447354469,1.95,0.0,0.0,0.0
21.449372605,1.95,0.0,0.0,0.0
21.450104435,1.95,0.01,0.0,0.0
21.451355645,1.94,0.0,0.01,0.0
21.452083493,1.95,0.0,0.0,0.0
21.453381671000002,1.95,0.0,0.0,0.0
21.454082071000002,1.95,0.0,0.01,0.0
21.455361278,1.95,0.0,0.0,0.0
21.456101036,1.95,0.0,0.0,0.0
21.457194367,1.95,0.0,0.0,0.0
21.458148123,1.95,0.0,0.0,0.0
21.459261173,1.95,0.0,0.0,0.0
21.460154575,1.95,0.0,0.0,0.0
21.461158951,1.95,0.0,0.0,0.0
21.462329782,1.95,0.0,0.0,0.0
21.464273709,1.95,0.0,0.0,0.0
21.465081857,1.95,0.0,0.0,0.0
21.466374502,1.95,0.0,0.0,0.0
21.467130356000002,1.95,0.0,0.0,0.0
21.468245507000002,1.96,0.0,0.0,0.0
21.469245085,1.96,0.0,0.0,0.0
21.470240487,1.96,0.0,0.0,0.0
21.471142698,1.96,0.01,0.0,0.0
21.472410458000002,1.96,0.0,0.0,0.0
21.473081217,1.96,0.0,0.0,0.0
21.474260934,1.96,0.01,0.0,0.0
21.475157412,1.96,0.0,0.0,0.0
21.476357777,1.96,0.0,0.0,0.0
21.478247517,1.96,0.0,0.0,0.0
21.479214096,1.96,0.0,0.0,0.0
21.480238968000002,1.96,0.0,0.0,0.0
21.481236021,1.96,0.0,0.0,0.0
21.482117873,1.96,0.0,0.0,0.0
21.483359146,1.97,0.0,0.0,0.0
21.484116005,1.96,0.0,0.0,0.0
21.485366683000002,1.96,0.0,0.0,0.0
21.4860763,1.96,0.0,0.0,0.0
21.487127181,1.96,0.0,0.0,0.0
21.488162646000003,1.96,0.0,0.0,0.0
21.489156141000002,1.97,0.0,0.0,0.0
21.490211126000002,1.96,0.0,0.0,0.0
21.491240165,1.97,0.0,0.0,0.0
21.492249875000002,1.97,0.0,0.0,0.0
21.49423626,1.97,0.0,0.0,0.0
21.49511555,1.96,0.0,0.0,0.0
21.496219667000002,1.96,0.0,0.0,0.0
21.497218037,1.97,0.0,0.0,0.0
21.498134805000003,1.96,0.0,0.0,0.0
21.499677121,1.97,0.0,0.0,0.0
21.500204501000002,1.96,0.0,0.0,0.0
21.501175991,1.96,0.0,0.0,0.0
21.502188872,1.96,0.0,0.0,0.0
21.503118791000002,1.97,0.0,0.0,0.0
21.504344995,1.97,0.0,0.0,0.0
21.50515107,1.96,0.0,0.0,0.0
21.50618516,1.96,0.0,0.0,0.0
21.507182176,1.97,0.0,0.0,0.0
21.509472625,1.96,0.0,0.0,0.0
21.510476177,1.97,0.0,0.0,0.0
21.511848233000002,1.97,0.0,0.0,0.0
21.512838836,1.97,0.0,0.0,0.0
21.513810671,1.97,0.0,0.0,0.0
21.515473444,1.96,0.0,0.0,0.0
21.517044175000002,1.96,0.0,0.0,0.0
21.51826176,1.97,0.0,0.0,0.0
21.51919578,1.96,0.0,0.0,0.0
21.520163764000003,1.96,0.0,0.0,0.0
21.521183417,1.96,0.0,0.0,0.0
21.522199785,1.96,0.0,0.0,0.0
21.523162026,1.96,0.0,0.0,0.0
21.524202966,1.97,0.0,0.0,0.0
21.525199126,1.97,0.0,0.0,0.0
21.526208273,1.97,0.0,0.0,0.0
21.527214255,1.97,0.0,0.0,0.0
21.528234941,1.97,0.0,0.0,0.0
21.529265430000002,1.97,0.01,0.0,0.0
21.53031292,1.97,0.0,0.0,0.0
21.531240769,1.97,0.0,0.0,0.0
21.532301370000003,1.97,0.0,0.0,0.0
21.533268234,1.97,0.0,0.0,0.0
21.534192447000002,1.97,0.0,0.0,0.0
21.535166274,1.97,0.0,0.0,0.0
21.536182997,1.97,0.0,0.0,0.0
21.537192213,1.97,0.01,0.0,0.0
21.538205502,1.97,0.0,0.0,0.0
21.539158961000002,1.97,0.0,0.0,0.0
21.540133775,1.97,0.0,0.0,0.0
21.541154176000003,1.97,0.0,0.0,0.0
21.542177008000003,1.97,0.0,0.0,0.01
21.543213558,1.97,0.0,0.0,0.0
21.544145110000002,1.97,0.0,0.0,0.0
21.545199942,1.97,0.0,0.0,0.0
21.546162051,1.97,0.0,0.0,0.0
21.547194233000003,1.97,0.0,0.0,0.0
21.548212941000003,1.97,0.0,0.0,0.0
21.549237153,1.97,0.0,0.0,0.0
21.550282536,1.97,0.0,0.0,0.0
21.551360337000002,1.96,0.0,0.0,0.0
21.552273131,1.97,0.0,0.0,0.0
21.553306545,1.97,0.0,0.0,0.0
21.555481801000003,1.97,0.01,0.0,0.0
21.556430161,1.97,0.0,0.0,0.0
21.557185955,1.97,0.01,0.0,0.0
21.558186861000003,1.97,0.0,0.0,0.0
21.559160123,1.97,0.0,0.0,0.0
21.560194333000002,1.97,0.0,0.0,0.01
21.561152664,1.97,0.0,0.0,0.0
21.562203768,1.97,0.0,0.0,0.01
21.563154076,1.97,0.0,0.0,0.0
21.564231638000003,1.97,0.0,0.0,0.0
21.565129531,1.98,0.01,0.0,0.0
21.566120567000002,1.97,0.0,0.0,0.0
21.567182753,1.97,0.01,0.0,0.0
21.569336789,1.97,0.0,0.0,0.0
21.570124138,1.97,0.0,0.0,0.0
21.571351333000003,1.97,0.01,0.0,0.0
21.572112401000002,1.98,0.0,0.0,0.01
21.573335442,1.98,0.0,0.0,0.0
21.574106783,1.98,0.0,0.0,0.0
21.575338623,1.97,0.0,0.0,0.0
21.576095969,1.98,0.0,0.0,0.0
21.577409597000003,1.98,0.0,0.0,0.0
21.578089780000003,1.98,0.0,0.0,0.0
21.579240996000003,1.98,0.01,0.0,0.0
21.580083595,1.98,0.0,0.0,0.0
21.581315455000002,1.98,0.0,0.0,0.0
21.583341848,1.98,0.0,0.0,0.0
21.584130987,1.98,0.0,0.0,0.0
21.58534543,1.98,0.0,0.0,0.0
21.586089242,1.98,0.0,0.0,0.0
21.587353163000003,1.98,0.0,0.0,0.0
21.588084376,1.98,0.0,0.0,0.0
21.589359315000003,1.98,0.0,0.0,0.0
21.590077787000002,1.98,0.0,0.0,0.0
21.591270751,1.98,0.0,0.0,0.0
21.592073684000002,1.98,0.0,0.0,0.0
21.593319236000003,1.98,0.0,0.0,0.0
21.59407999,1.97,0.0,0.0,0.0
21.595263425000002,1.98,0.0,0.0,0.0
21.596120655,1.98,0.0,0.0,0.0
21.597400846000003,1.98,0.0,0.0,0.0
21.599248417000002,1.98,0.0,0.0,0.0
21.600123046,1.98,0.0,0.0,0.0
21.601240694,1.97,0.0,0.0,0.0
21.602247711,1.97,0.0,0.0,0.01
21.603235391000002,1.97,0.0,0.0,0.0
21.604095458,1.97,0.0,0.0,0.0
21.605356095,1.97,0.0,0.0,0.0
21.606078018,1.97,0.0,0.0,0.0
21.60735087,1.97,0.0,0.0,0.0
21.60813874,1.97,0.0,0.0,0.0
21.609151177,1.98,0.0,0.0,0.0
21.610268957000002,1.97,0.0,0.0,0.0
21.611146792000003,1.98,0.0,0.0,0.0
21.612372742,1.97,0.0,0.0,0.0
21.614359183,1.97,0.0,0.0,0.0
21.615104865000003,1.97,0.0,0.0,0.0
21.616224193,1.97,0.0,0.0,0.0
21.617224603,1.97,0.0,0.0,0.01
21.618230121,1.97,0.0,0.0,0.0
21.619221736,1.97,0.0,0.0,0.0
21.620171994,1.97,0.0,0.0,0.0
21.621357803000002,1.97,0.0,0.0,0.0
21.622085950000002,1.97,0.0,0.0,0.0
21.623349971,1.97,0.0,0.0,0.0
21.62408344,1.97,0.0,0.0,0.0
21.625252702,1.96,0.0,0.0,0.0
21.626131219,1.96,0.0,0.0,0.0
21.62725135,1.96,0.0,0.0,0.0
21.628242999,1.96,0.0,0.0,0.0
21.630342054,1.96,0.0,0.0,0.0
21.631105809,1.96,0.0,0.0,0.0
21.632240300000003,1.96,0.0,0.0,0.0
21.63323078,1.96,0.0,0.0,0.0
21.634233602000002,1.95,0.0,0.0,0.0
21.635233120000002,1.95,0.0,0.0,0.0
21.63616717,1.95,0.0,0.0,0.0
21.637344546,1.95,0.0,0.0,0.0
21.638111047000002,1.95,0.0,0.0,0.0
21.639289836,1.95,0.0,0.0,0.0
21.640112804,1.95,0.0,0.0,0.0
21.641296667000002,1.95,0.0,0.0,0.0
21.643346697000002,1.95,0.0,0.0,0.0
21.644083229,1.94,0.0,0.0,0.0
21.645350671000003,1.94,0.0,0.0,0.0
21.646076457000003,1.94,0.0,0.0,0.0
21.647361164000003,1.93,0.0,0.0,0.0
21.648075651000003,1.93,0.0,0.0,0.0
21.649372764000002,1.94,0.0,0.0,0.0
21.65007303,1.93,0.0,0.0,0.0
21.651375987,1.93,0.0,0.0,0.0
21.652113045,1.92,0.01,0.0,0.0
21.653130877000002,1.92,0.0,0.0,0.0
21.654113052,1.92,0.0,0.0,0.0
21.655226735000003,1.91,0.0,0.0,0.0
21.656193196,1.91,0.0,0.0,0.0
21.657345973,1.91,0.0,0.0,0.0
21.659375076,1.9,0.0,0.0,0.0
21.660107817,1.9,0.0,0.0,0.0
21.661262174,1.89,0.0,0.0,0.0
21.662077253,1.89,0.0,0.0,0.0
21.663342597,1.89,0.0,0.0,0.0
21.664084175000003,1.88,0.0,0.0,0.0
21.665267634000003,1.88,0.0,0.0,0.0
21.666207585000002,1.88,0.0,0.0,0.0
21.667259289,1.87,0.0,0.0,0.0
21.668204029,1.86,0.0,0.0,0.0
21.669286555000003,1.86,0.0,0.0,0.0
21.670107258,1.86,0.0,0.0,0.0
21.671295422,1.86,0.0,0.0,0.0
21.672073089,1.85,0.0,0.0,0.0
21.673344630000003,1.85,0.0,0.0,0.0
21.675365646000003,1.85,0.0,0.0,0.0
21.676077903000003,1.84,0.0,0.0,0.0
21.67733815,1.84,0.0,0.0,0.0
21.678069866,1.83,0.0,0.0,0.0
21.679352294,1.82,0.0,0.0,0.0
21.680138770000003,1.81,0.0,0.0,0.0
21.681249592,1.8,0.0,0.0,0.0
21.68222645,1.8,0.0,0.0,0.0
21.68317176,1.79,0.0,0.0,0.0
21.684266093,1.76,0.0,0.0,0.0
21.68507689,1.77,0.0,0.0,0.0
21.686269528,1.75,0.0,0.0,0.0
21.687086112000003,1.75,0.0,0.0,0.0
21.688339223,1.74,0.0,0.0,0.0
21.690332339,1.73,0.0,0.0,0.0
21.69108056,1.69,0.0,0.0,0.0
21.692239799000003,1.67,0.01,0.0,0.0
21.693238801,1.65,0.0,0.0,0.0
21.694079343000002,1.65,0.0,0.0,0.0
21.695340238,1.65,0.01,0.0,0.0
21.696140635000003,1.63,0.01,0.0,0.0
21.697241361,1.63,0.0,0.0,0.0
21.698105098000003,1.62,0.0,0.0,0.0
21.699289445,1.61,0.0,0.0,0.0
21.701276453000002,1.59,0.0,0.0,0.0
21.702151047,1.58,0.0,0.0,0.0
21.703109058000003,1.56,0.0,0.0,0.0
21.704280530000002,1.49,0.0,0.0,0.0
21.70527231,1.49,0.0,0.0,0.0
21.706275045,1.47,0.0,0.0,0.0
21.707289766000002,1.44,0.01,0.0,0.0
21.70826241,1.42,0.0,0.0,0.0
21.709264201,1.4,0.0,0.0,0.0
21.710263257,1.4,0.0,0.0,0.0
21.711132343000003,1.39,0.0,0.0,0.0
21.712431328,1.39,0.0,0.0,0.0
21.713071608,1.36,0.0,0.0,0.0
21.71426568,1.34,0.0,0.0,0.0
21.715149637,1.33,0.0,0.0,0.0
21.71624908,1.31,0.0,0.0,0.0
21.717119474,1.3,0.0,0.0,0.0
21.718255749,1.28,0.0,0.0,0.0
21.720139266,1.28,0.0,0.0,0.0
21.721123981,1.28,0.0,0.0,0.0
21.722372097,1.25,0.0,0.0,0.0
21.723072900000002,1.25,0.0,0.0,0.0
21.724373416000002,1.24,0.0,0.0,0.0
21.725110123,1.24,0.0,0.0,0.0
21.726363642000003,1.23,0.0,0.0,0.0
21.727073885000003,1.22,0.0,0.0,0.0
21.728122452,1.22,0.0,0.0,0.0
21.729150242000003,1.21,0.0,0.0,0.0
21.731296812,1.21,0.0,0.0,0.0
21.732083485,1.21,0.0,0.0,0.0
21.733369957,1.21,0.0,0.0,0.0
21.734087275,1.2,0.0,0.0,0.0
21.735358954000002,1.19,0.0,0.0,0.0
21.736122032,1.17,0.0,0.0,0.0
21.737251662000002,1.16,0.0,0.0,0.0
21.738196989000002,1.15,0.0,0.0,0.0
21.739243557,1.15,0.0,0.0,0.0
21.740193532000003,1.13,0.0,0.0,0.0
21.741243816,1.12,0.0,0.0,0.0
21.742376438,1.12,0.0,0.0,0.0
21.743084663,1.11,0.0,0.0,0.0
21.744101068000003,1.11,0.0,0.0,0.0
21.745296182,1.11,0.0,0.0,0.0
21.746128127000002,1.1,0.0,0.0,0.0
21.747313285,1.08,0.0,0.0,0.0
21.748145952,1.06,0.0,0.0,0.0
21.749227721,1.07,0.0,0.0,0.0
21.751347598000002,1.06,0.0,0.0,0.0
21.752110538,1.07,0.0,0.0,0.0
21.7531293,1.06,0.0,0.0,0.0
21.754135404000003,1.05,0.0,0.0,0.0
21.755228266,1.04,0.0,0.0,0.0
21.756219225000002,1.01,0.0,0.0,0.0
21.757224862,1.01,0.01,0.0,0.0
21.758226381,1.0,0.0,0.0,0.0
21.759196543,0.99,0.0,0.0,0.0
21.760264537,0.99,0.0,0.0,0.0
21.761109154,0.98,0.0,0.0,0.0
21.762284671,0.98,0.0,0.0,0.0
21.763155036,0.99,0.0,0.0,0.0
21.764385272000002,0.97,0.0,0.0,0.0
21.766366163,0.97,0.0,0.0,0.0
21.767116532000003,0.92,0.0,0.0,0.0
21.768373394,0.92,0.0,0.0,0.0
21.769079298,0.92,0.0,0.0,0.0
21.770204791,0.91,0.0,0.0,0.0
21.771261069,0.9,0.0,0.0,0.0
21.772263442,0.93,0.0,0.01,0.0
21.773177433,0.93,0.0,0.0,0.0
21.774340608000003,0.94,0.0,0.0,0.0
21.775125846,0.94,0.0,0.0,0.0
21.776264766,0.93,0.0,0.0,0.0
21.777072601,0.93,0.0,0.0,0.0
21.77815777,0.93,0.0,0.0,0.0
21.779349674000002,0.93,0.0,0.0,0.0
21.781382988,0.92,0.0,0.0,0.0
21.782110997,0.92,0.0,0.0,0.0
21.783411783000002,0.91,0.0,0.0,0.0
21.784087213000003,0.88,0.0,0.0,0.0
21.785355600000003,0.87,0.0,0.0,0.0
21.786083339,0.85,0.01,0.0,0.0
21.787132109,0.85,0.0,0.0,0.0
21.788248316,0.83,0.0,0.0,0.0
21.789072667000003,0.8,0.0,0.0,0.0
21.790150506,0.77,0.0,0.0,0.01
21.791094642,0.74,0.0,0.0,0.0
21.792149572000003,0.69,0.0,0.0,0.0
21.793191214,0.7,0.01,0.0,0.0
21.795348543000003,0.67,0.0,0.0,0.0
21.796117593,0.66,0.0,0.0,0.0
21.797346173,0.67,0.0,0.0,0.0
21.798082709000003,0.67,0.0,0.0,0.0
21.799353251000003,0.66,0.0,0.0,0.0
21.801211204,0.65,0.0,0.0,0.0
21.802277449,0.62,0.0,0.0,0.0
21.803095579,0.63,0.0,0.0,0.0
21.804260779,0.63,0.0,0.0,0.0
21.805151059,0.62,0.0,0.0,0.0
21.806306385000003,0.62,0.0,0.0,0.0
21.807069067,0.62,0.0,0.0,0.0
21.8082694,0.61,0.0,0.0,0.0
21.809323661,0.62,0.0,0.0,0.0
21.810063844000002,0.62,0.0,0.0,0.0
21.811162113,0.61,0.0,0.0,0.0
21.812162114000003,0.64,0.0,0.0,0.0
21.813254032,0.63,0.0,0.0,0.0
21.814244436000003,0.64,0.0,0.0,0.0
21.815103266,0.63,0.0,0.0,0.0
21.816476466,0.63,0.0,0.0,0.0
21.817078415,0.63,0.0,0.0,0.0
21.818456305,0.63,0.0,0.0,0.0
21.819075189000003,0.64,0.0,0.0,0.0
21.820127618,0.64,0.01,0.0,0.0
21.821166874000003,0.64,0.0,0.0,0.0
21.822151856,0.63,0.0,0.0,0.0
21.823223692000003,0.56,0.0,0.0,0.0
21.824253002000003,0.55,0.0,0.0,0.0
21.8263725,0.55,0.0,0.0,0.0
21.827110575000003,0.53,0.0,0.0,0.0
21.828080126,0.53,0.0,0.0,0.0
21.829247331,0.52,0.0,0.0,0.0
21.830233847000002,0.52,0.0,0.0,0.0
21.831256197000002,0.54,0.0,0.0,0.0
21.832235105000002,0.51,0.0,0.0,0.0
21.833067505000002,0.48,0.0,0.0,0.0
21.834339295000003,0.47,0.0,0.0,0.0
21.835143701,0.46,0.0,0.0,0.0
21.836293281,0.46,0.0,0.0,0.0
21.837081824000002,0.45,0.01,0.0,0.0
21.838343435000002,0.45,0.0,0.0,0.0
21.840127798,0.45,0.0,0.0,0.0
21.841081304000003,0.44,0.0,0.0,0.0
21.842153567,0.44,0.0,0.0,0.0
21.843250823,0.44,0.0,0.0,0.0
21.844073164,0.44,0.0,0.01,0.0
21.845241088,0.44,0.0,0.0,0.0
21.846242116000003,0.43,0.0,0.0,0.0
21.847235764,0.41,0.0,0.0,0.0
21.848102754000003,0.42,0.0,0.0,0.0
21.849158838,0.41,0.0,0.0,0.0
21.850161038000003,0.41,0.0,0.0,0.0
21.851148932,0.41,0.0,0.0,0.0
21.852150096000003,0.41,0.0,0.0,0.0
21.853162883000003,0.4,0.0,0.0,0.0
21.854252309,0.41,0.0,0.0,0.0
21.85636878,0.4,0.0,0.0,0.0
21.857088326000003,0.41,0.0,0.0,0.0
21.858221983,0.4,0.0,0.0,0.0
21.859221158,0.4,0.0,0.0,0.0
21.860220715,0.39,0.0,0.0,0.0
21.861080936,0.39,0.0,0.0,0.0
21.862329334000002,0.39,0.0,0.0,0.0
21.863131677000002,0.39,0.0,0.01,0.0
21.864333398000003,0.39,0.0,0.0,0.0
21.865084449,0.39,0.0,0.0,0.0
21.866276464000002,0.39,0.01,0.0,0.0
21.867167418,0.39,0.0,0.0,0.0
21.868173761,0.37,0.0,0.0,0.0
21.869243482,0.19,0.0,0.0,0.0
21.871339465000002,0.09,0.0,0.0,0.0
21.872086124000003,0.07,0.0,0.0,0.0
21.873114758,0.02,0.0,0.0,0.0
21.874283269000003,0.01,0.0,0.0,0.0
21.875089202,0.01,0.0,0.0,0.0
21.876362392,0.01,0.0,0.0,0.0
21.877088032,0.01,0.0,0.0,0.0
21.878153280000003,0.01,0.0,0.0,0.0
21.879182638,0.02,0.0,0.0,0.0
21.880163188,0.01,0.0,0.0,0.0
21.881278875000003,0.01,0.0,0.0,0.0
21.882130452000002,0.01,0.0,0.0,0.0
21.883349813000002,0.01,0.0,0.0,0.0
21.885372107000002,0.02,0.0,0.0,0.0
21.886107116,0.01,0.0,0.0,0.0
21.887140841,0.01,0.0,0.0,0.0
21.888242137000002,0.16,0.0,0.0,0.0
21.889249972,0.17,0.0,0.0,0.0
21.890241145,0.17,0.0,0.0,0.0
21.891245585,0.18,0.0,0.0,0.0
21.892239581000002,0.18,0.0,0.0,0.0
21.893236181000002,0.18,0.0,0.0,0.0
21.894151993,0.18,0.0,0.0,0.01
21.895286539,0.18,0.0,0.0,0.0
21.896162190000002,0.18,0.0,0.0,0.0
21.897282641,0.18,0.0,0.0,0.0
21.898136679,0.18,0.0,0.0,0.0
21.899402295,0.18,0.0,0.0,0.0
21.901293873,0.18,0.0,0.0,0.0
21.90221418,0.21,0.0,0.0,0.0
21.903118812000002,0.19,0.0,0.0,0.0
21.904065725000002,0.2,0.0,0.0,0.0
21.905425543,0.2,0.0,0.0,0.0
21.906111778,0.19,0.0,0.0,0.0
21.907391194000002,0.21,0.0,0.0,0.0
21.908114524000002,0.21,0.0,0.0,0.0
21.909386054000002,0.25,0.0,0.0,0.0
21.910131713000002,0.24,0.0,0.0,0.01
21.911202944000003,0.25,0.0,0.0,0.0
21.912285083,0.24,0.0,0.0,0.0
21.913156632,0.24,0.0,0.0,0.0
21.914434771,0.25,0.0,0.0,0.0
21.916217238,0.25,0.0,0.0,0.0
21.917092792000002,0.25,0.0,0.01,0.0
21.918204109,0.25,0.0,0.0,0.0
21.919255181,0.25,0.0,0.0,0.0
21.920235338,0.25,0.0,0.0,0.0
21.921250446000002,0.25,0.0,0.0,0.0
21.922258792,0.25,0.0,0.0,0.0
21.923247741,0.24,0.0,0.0,0.0
21.924226294,0.24,0.0,0.0,0.0
21.925175491,0.25,0.0,0.0,0.0
21.926145486000003,0.24,0.0,0.0,0.0
21.927338803,0.25,0.0,0.0,0.0
21.928078547000002,0.26,0.0,0.0,0.0
21.929368671000002,0.26,0.0,0.0,0.0
21.931270617000003,0.26,0.0,0.0,0.0
21.932265935,0.25,0.0,0.0,0.0
21.933111463000003,0.25,0.0,0.0,0.0
21.934266693,0.24,0.0,0.0,0.0
21.935233994,0.26,0.0,0.0,0.0
21.936235946,0.25,0.0,0.0,0.0
21.937264122000002,0.25,0.0,0.0,0.01
21.938137361000003,0.25,0.0,0.0,0.0
21.939202231000003,0.24,0.0,0.0,0.0
21.940199887000002,0.25,0.0,0.0,0.0
21.941204635000002,0.25,0.0,0.0,0.0
21.942201051,0.25,0.0,0.0,0.0
21.943199908,0.25,0.0,0.0,0.0
21.944180918,0.26,0.0,0.0,0.0
21.945193235,0.24,0.0,0.0,0.0
21.947657674000002,0.25,0.0,0.0,0.0
21.948862029,0.25,0.0,0.0,0.0
21.94985252,0.25,0.0,0.0,0.0
21.950715653,0.25,0.0,0.0,0.0
21.951503483,0.26,0.0,0.0,0.01
21.952241648,0.25,0.0,0.0,0.0
21.953185072,0.25,0.0,0.0,0.0
21.954177419,0.25,0.0,0.0,0.0
21.955182,0.25,0.0,0.0,0.0
21.956200018,0.25,0.0,0.0,0.0
21.957176273,0.39,0.0,0.0,0.0
21.958176671,0.41,0.0,0.0,0.0
21.959183159000002,0.43,0.0,0.0,0.0
21.960195684000002,0.43,0.0,0.0,0.0
21.962297535,0.46,0.0,0.0,0.0
21.963132852,0.6,0.0,0.0,0.0
21.964194448,0.61,0.0,0.0,0.0
21.96514747,0.65,0.0,0.0,0.0
21.966143039000002,0.67,0.0,0.0,0.01
21.967223669000003,0.7,0.0,0.0,0.0
21.968205541,0.71,0.0,0.0,0.0
21.969136802,0.75,0.0,0.0,0.0
21.970185796000003,0.79,0.0,0.0,0.0
21.971207637000003,0.79,0.0,0.0,0.0
21.972153594,0.78,0.0,0.0,0.0
21.973304367,0.79,0.0,0.0,0.0
21.974123515000002,0.81,0.01,0.0,0.0
21.975319014,0.84,0.0,0.0,0.0
21.977432236000002,0.85,0.0,0.0,0.0
21.978099118000003,0.88,0.0,0.0,0.0
21.979203277,0.89,0.0,0.0,0.0
21.980200720000003,0.93,0.0,0.0,0.0
21.981205648000003,0.94,0.0,0.0,0.0
21.982206484000002,0.95,0.0,0.0,0.0
21.983166031,0.96,0.0,0.0,0.0
21.984222596000002,0.97,0.0,0.0,0.0
21.985210201,0.99,0.0,0.0,0.0
21.986114449000002,1.02,0.0,0.0,0.0
21.98727336,1.04,0.0,0.0,0.0
21.988137659000003,1.05,0.0,0.0,0.0
21.98938562,1.05,0.0,0.0,0.0
21.991360605,1.06,0.0,0.0,0.0
21.992092792,1.06,0.0,0.0,0.0
21.993355281000003,1.08,0.0,0.0,0.01
21.994092384,1.1,0.0,0.0,0.0
21.995342839000003,1.11,0.0,0.0,0.0
21.996150776,1.12,0.0,0.0,0.0
21.997348354,1.13,0.0,0.0,0.0
21.998141381,1.13,0.0,0.0,0.0
21.999186577,1.15,0.0,0.0,0.0
22.000234784,1.15,0.0,0.0,0.0
22.001191197,1.15,0.0,0.0,0.0
22.002485110000002,1.15,0.0,0.0,0.0
22.003071984,1.16,0.0,0.0,0.0
22.004264056,1.18,0.0,0.0,0.0
22.005238247,1.18,0.0,0.0,0.0
22.007392160000002,1.19,0.0,0.0,0.0
22.008075121,1.2,0.0,0.0,0.0
22.009507940000002,1.22,0.0,0.0,0.0
22.010082843000003,1.23,0.0,0.0,0.0
22.011232915,1.25,0.0,0.0,0.0
22.012231011,1.27,0.0,0.0,0.0
22.013221927,1.3,0.0,0.0,0.0
22.014467567,1.31,0.0,0.0,0.0
22.015075959,1.33,0.0,0.0,0.0
22.016230875,1.34,0.0,0.0,0.0
22.017077155000003,1.35,0.0,0.0,0.0
22.018328753000002,1.37,0.0,0.0,0.0
22.019172899,1.39,0.0,0.0,0.0
22.020365873000003,1.41,0.0,0.0,0.0
22.022379824,1.41,0.0,0.0,0.0
22.023080921000002,1.42,0.0,0.0,0.0
22.024298787000003,1.44,0.0,0.0,0.0
22.0250944,1.47,0.0,0.0,0.0
22.026347144000002,1.5,0.0,0.0,0.0
22.027135651000002,1.52,0.0,0.0,0.0
22.028243536,1.55,0.0,0.0,0.0
22.029177744000002,1.55,0.0,0.0,0.0
22.030237418000002,1.56,0.0,0.0,0.0
22.031102262,1.56,0.0,0.0,0.0
22.032248224,1.57,0.0,0.0,0.0
22.033082456000002,1.57,0.0,0.0,0.0
22.034296150000003,1.58,0.0,0.0,0.0
22.035134042000003,1.57,0.0,0.0,0.0
22.036204008000002,1.59,0.0,0.0,0.0
22.037242212000002,1.59,0.0,0.0,0.0
22.039357925,1.6,0.0,0.0,0.0
22.040091724,1.62,0.0,0.0,0.0
22.041346495000003,1.65,0.0,0.0,0.0
22.042136416,1.66,0.0,0.0,0.0
22.043350150000002,1.67,0.0,0.0,0.0
22.044088227000003,1.66,0.01,0.0,0.0
22.045349664,1.66,0.0,0.0,0.0
22.046111829,1.68,0.0,0.0,0.0
22.047281623,1.69,0.0,0.0,0.0
22.048121005000002,1.69,0.0,0.0,0.0
22.049152087000003,1.69,0.0,0.0,0.0
22.050226097000003,1.69,0.0,0.0,0.0
22.051240891000003,1.71,0.0,0.0,0.0
22.052243025000003,1.73,0.0,0.0,0.0
22.054365030000003,1.72,0.0,0.0,0.0
22.05510568,1.72,0.0,0.0,0.0
22.056275302000003,1.73,0.0,0.0,0.0
22.057137670000003,1.74,0.01,0.0,0.0
22.058248199,1.75,0.0,0.0,0.0
22.05912743,1.77,0.0,0.0,0.0
22.060137395,1.76,0.0,0.0,0.01
22.061183684000003,1.76,0.0,0.0,0.0
22.062161372000002,1.77,0.0,0.0,0.0
22.063202598,1.78,0.0,0.0,0.0
22.064074349000002,1.79,0.0,0.0,0.0
22.065156522000002,1.8,0.0,0.0,0.0
22.067360714000003,1.8,0.0,0.0,0.0
22.068088784,1.82,0.0,0.0,0.0
22.069354235000002,1.82,0.0,0.0,0.0
22.070089828,1.83,0.0,0.0,0.0
22.071403994,1.83,0.0,0.0,0.0
22.07208281,1.84,0.0,0.0,0.0
22.073377508,1.84,0.0,0.0,0.0
22.074081183,1.84,0.0,0.0,0.0
22.075498553000003,1.85,0.0,0.0,0.0
22.076078106,1.85,0.0,0.0,0.0
22.077340574,1.85,0.0,0.0,0.01
22.078079444,1.86,0.0,0.0,0.0
22.079335657,1.86,0.0,0.0,0.0
22.081384841000002,1.86,0.0,0.0,0.0
22.082086406000002,1.87,0.0,0.0,0.0
22.083366696000002,1.88,0.0,0.0,0.0
22.084109815,1.87,0.0,0.0,0.0
22.085351351,1.87,0.0,0.0,0.0
22.086075491000003,1.88,0.0,0.0,0.0
22.087401673000002,1.88,0.0,0.0,0.0
22.088077987000002,1.88,0.0,0.0,0.0
22.089249289,1.88,0.0,0.0,0.0
22.090124157,1.89,0.0,0.0,0.0
22.091329208,1.89,0.0,0.0,0.0
22.092124472000002,1.9,0.0,0.0,0.01
22.093256075000003,1.89,0.0,0.0,0.0
22.094083293,1.89,0.0,0.0,0.0
22.095398602000003,1.9,0.0,0.0,0.0
22.097364961,1.9,0.0,0.0,0.0
22.098082352000002,1.9,0.0,0.0,0.0
22.100676053,1.9,0.0,0.0,0.0
22.101065128000002,1.9,0.0,0.0,0.0
22.102264449,1.91,0.0,0.0,0.0
22.103127717000003,1.91,0.0,0.0,0.0
22.104238061,1.91,0.0,0.0,0.0
22.105066879000002,1.91,0.0,0.0,0.0
22.106315054000003,1.91,0.01,0.0,0.0
22.107067613,1.92,0.0,0.0,0.0
22.108279514000003,1.92,0.0,0.0,0.0
22.109155397000002,1.92,0.0,0.01,0.0
22.110268968,1.92,0.0,0.0,0.0
22.111061734,1.92,0.0,0.0,0.0
22.112370826000003,1.92,0.0,0.0,0.0
22.113069747,1.93,0.0,0.0,0.0
22.114374966,1.93,0.0,0.0,0.0
22.11506946,1.93,0.01,0.0,0.0
22.116386678,1.93,0.0,0.0,0.0
22.117069764,1.93,0.0,0.0,0.0
22.118413266,1.95,0.0,0.0,0.0
22.119096332,1.95,0.0,0.0,0.0
22.120107454000003,1.95,0.0,0.0,0.0
22.121065391000002,1.95,0.0,0.0,0.0
22.123215904000002,1.95,0.0,0.0,0.0
22.124117069,1.96,0.0,0.0,0.0
22.125116001000002,1.96,0.0,0.0,0.0
22.126266397000002,1.99,0.0,0.0,0.0
22.127320116,1.97,0.0,0.0,0.0
22.128208415000003,1.98,0.0,0.0,0.0
22.129246305000002,1.99,0.0,0.0,0.0
22.130107536,1.99,0.0,0.0,0.0
22.131220536,1.99,0.0,0.0,0.0
22.132249586,1.99,0.0,0.0,0.0
22.13321634,2.0,0.0,0.0,0.0
22.134256237000002,2.01,0.0,0.0,0.0
22.135252679,2.01,0.0,0.0,0.0
22.136066791,2.01,0.0,0.0,0.0
22.137277218,2.02,0.0,0.0,0.0
22.138116055,2.01,0.0,0.0,0.0
22.13934794,2.01,0.0,0.0,0.0
22.140076325000003,2.02,0.0,0.0,0.0
22.141397576000003,2.03,0.0,0.0,0.0
22.143367281,2.02,0.0,0.0,0.0
22.144082715,2.03,0.0,0.0,0.0
22.145097339000003,2.03,0.0,0.0,0.0
22.146253095000002,2.02,0.01,0.0,0.0
22.147248808,2.03,0.0,0.0,0.0
22.148100907,2.03,0.0,0.0,0.0
22.149257849,2.03,0.01,0.0,0.0
22.150130105000002,2.03,0.0,0.0,0.0
22.151508194,2.04,0.0,0.0,0.0
22.152081226,2.04,0.0,0.0,0.0
22.153183418,2.04,0.0,0.0,0.0
22.154137592,2.04,0.0,0.0,0.0
22.155372911,2.03,0.0,0.0,0.0
22.157386812000002,2.04,0.0,0.0,0.0
22.158082801000003,2.03,0.0,0.0,0.0
22.159235015,2.03,0.0,0.0,0.0
22.160244235,2.03,0.0,0.0,0.0
22.161076617000003,2.03,0.0,0.0,0.0
22.162336970000002,2.03,0.0,0.0,0.0
22.163082961,2.02,0.0,0.0,0.0
22.164143948000003,2.03,0.0,0.0,0.0
22.165082123,2.05,0.0,0.0,0.0
22.166176659,2.05,0.0,0.0,0.0
22.167151025000003,2.05,0.0,0.0,0.0
22.168147478,2.06,0.0,0.0,0.0
22.169284722,2.05,0.0,0.0,0.0
22.170135172000002,2.06,0.0,0.0,0.0
22.172359599,2.06,0.0,0.0,0.0
22.173090052000003,2.06,0.0,0.0,0.0
22.174351841,2.06,0.0,0.0,0.0
22.175086276000002,2.06,0.0,0.0,0.0
22.176369337,2.06,0.0,0.0,0.0
22.177108224,2.06,0.0,0.0,0.0
22.178075027000002,2.06,0.0,0.0,0.0
22.179153883,2.06,0.0,0.0,0.0
22.180225666000002,2.06,0.0,0.0,0.0
22.181179753000002,2.06,0.0,0.0,0.0
22.182095496000002,2.07,0.0,0.0,0.0
22.183124922,2.07,0.0,0.0,0.0
22.184145343,2.07,0.0,0.0,0.0
22.185335597,2.07,0.0,0.0,0.0
22.187392998,2.07,0.0,0.0,0.0
22.188095186,2.07,0.0,0.0,0.0
22.1892207,2.07,0.0,0.0,0.0
22.190215744,2.07,0.0,0.0,0.0
22.191219691,2.07,0.0,0.0,0.0
22.192150856,2.07,0.0,0.0,0.0
22.19321529,2.07,0.0,0.0,0.0
22.19409311,2.07,0.0,0.0,0.0
22.195113292000002,2.07,0.0,0.0,0.0
22.196195205000002,2.07,0.0,0.0,0.0
22.197157357000002,2.07,0.0,0.0,0.0
22.199328808,2.07,0.0,0.0,0.0
22.199674563000002,2.07,0.0,0.0,0.0
22.200072062,2.07,0.0,0.0,0.0
22.201360928,2.07,0.0,0.0,0.0
22.203115672000003,2.07,0.0,0.0,0.0
22.204263411000003,2.07,0.0,0.0,0.0
22.205199791000002,2.05,0.0,0.0,0.0
22.206251641,2.06,0.0,0.0,0.0
22.207250678,2.06,0.0,0.0,0.0
22.208254495000002,2.06,0.0,0.0,0.0
22.209246555,2.06,0.0,0.0,0.0
22.21014985,2.05,0.0,0.0,0.0
22.211231567000002,2.07,0.0,0.0,0.0
22.212075727000002,2.05,0.01,0.0,0.0
22.21326909,2.05,0.0,0.01,0.0
22.214174431,2.05,0.0,0.0,0.0
22.215210082000002,2.05,0.0,0.0,0.0
22.217366989000002,2.04,0.0,0.0,0.0
22.21815219,2.05,0.0,0.0,0.0
22.219244171,2.05,0.0,0.0,0.0
22.220270879,2.04,0.0,0.0,0.0
22.221230812,2.04,0.0,0.0,0.0
22.222236343000002,2.04,0.0,0.0,0.0
22.223232655,2.04,0.0,0.0,0.0
22.224347006000002,2.04,0.0,0.0,0.01
22.225080917,2.03,0.01,0.0,0.0
22.226296464,2.02,0.0,0.0,0.01
22.227160967,2.02,0.0,0.0,0.0
22.228072651,2.01,0.0,0.0,0.0
22.229268717,2.0,0.0,0.0,0.0
22.230083930000003,2.0,0.0,0.0,0.0
22.23236427,2.0,0.01,0.0,0.0
22.233082813000003,1.99,0.0,0.0,0.0
22.234167589000002,1.98,0.0,0.0,0.0
22.235242055,1.98,0.0,0.0,0.0
22.236253164,1.98,0.0,0.0,0.0
22.237248536000003,1.98,0.0,0.0,0.0
22.238234232,1.98,0.0,0.0,0.0
22.239240274,1.98,0.0,0.0,0.0
22.240241235000003,1.98,0.0,0.0,0.0
22.241070282000003,1.98,0.0,0.0,0.0
22.242283279000002,1.98,0.0,0.0,0.0
22.243127492000003,1.97,0.0,0.0,0.0
22.244214408,1.96,0.0,0.0,0.0
22.245158844000002,1.96,0.0,0.0,0.0
22.246390399000003,1.96,0.0,0.0,0.0
22.248246123,1.95,0.0,0.0,0.0
22.249078205,1.95,0.0,0.01,0.0
22.250431359,1.95,0.0,0.0,0.0
22.251080909000002,1.95,0.0,0.0,0.0
22.252369053000002,1.94,0.0,0.0,0.0
22.253078142,1.93,0.0,0.0,0.0
22.254231603,1.93,0.0,0.0,0.0
22.255078412000003,1.92,0.0,0.0,0.0
22.256264941,1.92,0.01,0.0,0.0
22.257149830000003,1.91,0.0,0.0,0.0
22.258155991000002,1.92,0.0,0.0,0.0
22.259151764000002,1.89,0.0,0.0,0.0
22.260163531,1.89,0.0,0.0,0.0
22.261161813,1.88,0.0,0.0,0.0
22.263449275000003,1.87,0.0,0.0,0.0
22.264091028000003,1.87,0.0,0.0,0.0
22.265238837000002,1.87,0.0,0.0,0.0
22.266229390000003,1.86,0.0,0.0,0.0
22.267230717,1.86,0.0,0.0,0.0
22.268234751,1.85,0.0,0.0,0.0
22.269227858,1.85,0.01,0.0,0.0
22.270072635000002,1.84,0.0,0.0,0.0
22.271349523,1.83,0.0,0.0,0.0
22.272082962000002,1.82,0.0,0.0,0.0
22.273232844000002,1.82,0.0,0.0,0.0
22.274106943000003,1.81,0.0,0.0,0.0
22.275143104,1.8,0.0,0.0,0.0
22.277410459000002,1.8,0.0,0.0,0.0
22.278086271000003,1.79,0.0,0.0,0.0
22.279179972,1.79,0.0,0.0,0.0
22.280218523000002,1.77,0.0,0.0,0.0
22.281109886000003,1.75,0.0,0.0,0.0
22.282364490000003,1.75,0.0,0.0,0.0
22.283087119,1.75,0.0,0.0,0.0
22.28435985,1.71,0.0,0.0,0.0
22.285080462,1.71,0.0,0.0,0.0
22.286377867000002,1.7,0.0,0.0,0.0
22.287080861,1.68,0.0,0.0,0.0
22.288265082000002,1.65,0.0,0.0,0.0
22.289081097,1.63,0.0,0.0,0.0
22.290400043,1.61,0.0,0.0,0.0
22.291079022,1.59,0.0,0.0,0.0
22.292368212000003,1.56,0.0,0.0,0.0
22.294223985000002,1.52,0.0,0.0,0.0
22.295237429,1.5,0.0,0.0,0.0
22.296222373000003,1.48,0.0,0.0,0.0
22.297225326000003,1.45,0.0,0.0,0.0
22.299463646000003,1.43,0.0,0.0,0.0
22.299869985,1.36,0.0,0.0,0.0
22.300201831000003,1.34,0.0,0.0,0.0
22.301230072000003,1.31,0.0,0.0,0.0
22.302170819,1.29,0.0,0.0,0.0
22.303115501,1.26,0.0,0.0,0.0
22.304149596000002,1.25,0.0,0.0,0.0
22.305158197,1.23,0.0,0.0,0.0
22.306328837000002,1.22,0.0,0.0,0.0
22.307141084,1.21,0.0,0.0,0.0
22.309377018000003,1.2,0.0,0.0,0.0
22.310145663,1.17,0.0,0.0,0.0
22.311175206,1.16,0.0,0.0,0.0
22.312194051000002,1.14,0.0,0.0,0.0
22.313152161,1.12,0.0,0.0,0.0
22.314356580000002,1.11,0.0,0.0,0.0
22.315115293,1.09,0.0,0.0,0.0
22.316339692,1.04,0.0,0.0,0.0
22.317110374000002,0.99,0.0,0.0,0.0
22.318301368,0.91,0.0,0.0,0.0
22.319107025,0.85,0.0,0.0,0.0
22.320342283000002,0.79,0.0,0.0,0.0
22.321099908,0.71,0.0,0.0,0.0
22.322335713,0.68,0.0,0.0,0.0
22.324105537,0.54,0.0,0.0,0.0
22.325277239000002,0.14,0.0,0.0,0.0
22.326222249,0.08,0.0,0.0,0.0
22.327307674,0.05,0.0,0.0,0.0
22.328073915,0.04,0.0,0.0,0.0
22.329355347,0.04,0.0,0.0,0.0
22.330111655,0.02,0.0,0.0,0.0
22.331112279000003,0.01,0.0,0.0,0.0
22.332209957,0.01,0.0,0.0,0.0
22.3331522,0.0,0.0,0.0,0.0
22.334257029,0.01,0.0,0.0,0.0
22.335174537,0.0,0.0,0.0,0.0
22.336187430000003,0.0,0.0,0.0,0.0
22.337217814000002,0.0,0.0,0.0,0.0
22.338236499,0.0,0.0,0.0,0.0
22.340447190000003,0.0,0.0,0.0,0.0
22.341084482000003,0.0,0.0,0.0,0.0
22.342212680000003,0.0,0.0,0.0,0.0
22.343077678,0.0,0.0,0.0,0.0
22.344106935000003,0.0,0.0,0.0,0.0
22.345212150000002,0.01,0.0,0.0,0.0
22.346217973,0.01,0.0,0.0,0.0
22.347214546,0.02,0.0,0.0,0.0
22.348109716,0.14,0.0,0.0,0.0
22.34917983,0.15,0.0,0.0,0.0
22.350159561,0.16,0.0,0.0,0.0
22.351179105,0.15,0.0,0.0,0.0
22.352214009,0.16,0.0,0.0,0.0
22.353237091,0.17,0.0,0.0,0.0
22.355369395,0.16,0.0,0.0,0.0
22.356088319,0.16,0.0,0.0,0.0
22.357195505,0.17,0.0,0.0,0.0
22.358223591,0.16,0.0,0.0,0.01
22.359215937000002,0.16,0.0,0.0,0.0
22.36022073,0.17,0.0,0.0,0.0
22.361162371000002,0.15,0.0,0.0,0.0
22.362226059,0.16,0.0,0.01,0.0
22.363144788000003,0.16,0.0,0.0,0.0
22.364272763000002,0.16,0.0,0.0,0.0
22.365082567,0.17,0.0,0.0,0.0
22.366245647000003,0.16,0.0,0.0,0.0
22.367148875,0.15,0.0,0.0,0.0
22.369392461,0.16,0.0,0.0,0.0
22.370086762,0.17,0.0,0.0,0.0
22.371230436,0.18,0.0,0.0,0.0
22.37222549,0.21,0.0,0.0,0.0
22.373226042000002,0.2,0.0,0.0,0.0
22.374231472,0.19,0.0,0.0,0.0
22.375238719000002,0.2,0.0,0.0,0.0
22.376238796000003,0.16,0.0,0.0,0.0
22.377280026,0.15,0.0,0.0,0.0
22.378071897,0.16,0.0,0.0,0.0
22.379324327000003,0.16,0.0,0.0,0.0
22.380085237000003,0.19,0.0,0.0,0.0
22.381376794,0.21,0.0,0.0,0.0
22.383342413,0.22,0.0,0.0,0.0
22.384089063,0.2,0.0,0.0,0.0
22.385230332000003,0.2,0.0,0.0,0.0
22.386233370000003,0.2,0.0,0.0,0.0
22.387234662,0.23,0.0,0.0,0.0
22.388107389,0.23,0.0,0.0,0.0
22.389245144,0.22,0.0,0.0,0.0
22.390139935,0.22,0.0,0.0,0.0
22.391354897000003,0.22,0.0,0.0,0.0
22.392114118000002,0.22,0.0,0.0,0.0
22.393272761000002,0.22,0.0,0.0,0.0
22.394085334,0.23,0.0,0.0,0.0
22.395275739000002,0.21,0.0,0.0,0.0
22.396167799,0.22,0.0,0.0,0.0
22.397378331000002,0.22,0.0,0.0,0.0
22.398527741000002,0.19,0.0,0.0,0.0
22.400335004000002,0.2,0.0,0.0,0.0
22.401092097000003,0.22,0.0,0.0,0.0
22.402310583000002,0.21,0.0,0.0,0.0
22.403101492,0.19,0.0,0.0,0.0
22.404143748000003,0.19,0.0,0.0,0.0
22.405174349000003,0.19,0.0,0.0,0.0
22.406191745,0.19,0.0,0.0,0.0
22.407177710000003,0.19,0.0,0.0,0.0
22.408190418,0.2,0.0,0.0,0.0
22.409198365,0.23,0.0,0.0,0.0
22.410241956,0.23,0.0,0.0,0.0
22.411506695,0.22,0.0,0.0,0.0
22.412527574000002,0.23,0.0,0.0,0.0
22.413563345,0.22,0.0,0.0,0.0
22.414656508,0.2,0.0,0.0,0.0
22.415718334,0.21,0.0,0.0,0.0
22.416865863,0.22,0.0,0.0,0.0
22.417877614000002,0.23,0.0,0.0,0.0
22.418805374,0.22,0.0,0.0,0.0
22.420246572,0.22,0.0,0.0,0.0
22.421231917,0.2,0.0,0.0,0.0
22.422208307000002,0.2,0.0,0.0,0.0
22.423191187,0.21,0.0,0.0,0.0
22.424157051,0.22,0.0,0.0,0.0
22.425209484,0.22,0.0,0.0,0.0
22.426140319,0.22,0.0,0.0,0.0
22.427175192,0.21,0.0,0.0,0.0
22.429265593,0.23,0.0,0.0,0.0
22.430149518,0.21,0.0,0.0,0.0
22.431230452,0.22,0.0,0.0,0.0
22.432117692000002,0.21,0.0,0.0,0.0
22.433151337,0.21,0.0,0.0,0.0
22.434110376000003,0.22,0.0,0.0,0.0
22.435240838000002,0.2,0.0,0.0,0.0
22.436229717,0.23,0.0,0.0,0.0
22.437319236,0.23,0.0,0.0,0.0
22.438127701000003,0.23,0.0,0.0,0.0
22.439177238000003,0.22,0.0,0.0,0.0
22.440156511,0.22,0.0,0.0,0.0
22.441174589000003,0.24,0.01,0.0,0.0
22.442234533,0.24,0.0,0.0,0.0
22.443258784,0.25,0.0,0.0,0.0
22.445398256,0.24,0.0,0.0,0.0
22.446120786,0.24,0.0,0.0,0.0
22.447234463,0.25,0.0,0.0,0.0
22.448097805,0.25,0.0,0.0,0.0
22.449399179,0.25,0.0,0.0,0.0
22.45010951,0.25,0.0,0.0,0.0
22.451401582000003,0.25,0.0,0.0,0.0
22.452102173,0.23,0.0,0.0,0.0
22.453377599000003,0.23,0.0,0.0,0.0
22.454097486000002,0.23,0.0,0.0,0.0
22.455301397000003,0.23,0.0,0.0,0.0
22.456090501000002,0.24,0.0,0.0,0.0
22.457457778000002,0.21,0.0,0.0,0.0
22.459385597,0.21,0.0,0.01,0.0
22.460098142,0.2,0.0,0.0,0.0
22.461227057000002,0.2,0.0,0.0,0.0
22.462265864000003,0.19,0.0,0.0,0.0
22.463229204,0.19,0.0,0.0,0.0
22.464289998,0.2,0.0,0.0,0.0
22.465134139,0.19,0.0,0.0,0.0
22.466240742,0.19,0.0,0.0,0.0
22.467162906000002,0.21,0.0,0.0,0.0
22.468181156,0.23,0.0,0.0,0.0
22.46918025,0.22,0.0,0.0,0.0
22.470179086,0.22,0.0,0.0,0.01
22.47112582,0.22,0.0,0.0,0.0
22.472438872,0.22,0.0,0.0,0.0
22.474405889,0.21,0.0,0.0,0.0
22.47510198,0.23,0.0,0.0,0.0
22.476277731,0.24,0.0,0.0,0.0
22.477131818,0.21,0.0,0.0,0.0
22.47814387,0.23,0.0,0.0,0.0
22.479188156000003,0.24,0.0,0.0,0.0
22.480155485,0.23,0.0,0.0,0.0
22.481147819,0.24,0.0,0.0,0.0
22.482204257000003,0.25,0.0,0.0,0.0
22.483179563,0.23,0.0,0.0,0.0
22.484178328000002,0.22,0.0,0.0,0.0
22.485168083,0.21,0.0,0.0,0.0
22.48636712,0.21,0.0,0.0,0.0
22.487093229000003,0.21,0.0,0.0,0.0
22.489285655,0.2,0.0,0.0,0.0
22.490302867,0.19,0.0,0.0,0.0
22.491119639,0.23,0.0,0.0,0.0
22.492250939,0.24,0.0,0.0,0.0
22.493225107,0.24,0.0,0.0,0.0
22.494317143,0.25,0.0,0.0,0.0
22.495134679000003,0.25,0.0,0.0,0.0
22.496225724000002,0.25,0.0,0.0,0.0
22.49724672,0.24,0.0,0.0,0.0
22.498117101000002,0.25,0.0,0.0,0.0
22.499180853000002,0.25,0.0,0.0,0.0
22.500115733,0.26,0.0,0.0,0.0
22.501312599000002,0.27,0.0,0.0,0.0
22.502115030000002,0.25,0.0,0.0,0.0
22.503304065000002,0.26,0.0,0.0,0.0
22.505228592,0.25,0.0,0.0,0.0
22.506227041000002,0.25,0.0,0.0,0.0
22.507176417,0.25,0.0,0.0,0.0
22.508196719,0.19,0.0,0.0,0.0
22.509196855000003,0.14,0.0,0.0,0.0
22.510194494,0.06,0.0,0.0,0.0
22.511158997000003,0.08,0.0,0.0,0.0
22.512198745000003,0.07,0.0,0.0,0.0
22.513165494000003,0.05,0.0,0.0,0.0
22.514292096000002,0.06,0.0,0.01,0.0
22.515344419,0.03,0.0,0.0,0.0
22.516228152,0.02,0.0,0.0,0.0
22.517307848,0.02,0.0,0.0,0.0
22.519514083,0.01,0.0,0.0,0.0
22.520569724,0.01,0.0,0.0,0.0
22.521432331,0.01,0.0,0.0,0.0
22.522195175,0.0,0.0,0.0,0.0
22.523222652,0.01,0.0,0.0,0.0
22.524214622000002,0.0,0.0,0.0,0.0
22.525197561000002,0.01,0.0,0.0,0.0
22.526221773000003,0.01,0.0,0.0,0.0
22.527222156,0.01,0.0,0.0,0.0
22.528195362,0.01,0.0,0.0,0.0
22.529183223,0.01,0.0,0.0,0.0
22.530179227,0.0,0.0,0.01,0.0
22.531198001,0.0,0.0,0.0,0.0
22.532180621000002,0.0,0.0,0.0,0.0
22.53435206,0.0,0.0,0.0,0.0
22.535145419000003,0.0,0.0,0.0,0.0
22.536241339,0.0,0.0,0.0,0.0
22.537213487000002,0.0,0.0,0.01,0.0
22.538202253,0.0,0.0,0.02,0.0
22.539335224000002,0.0,0.0,0.0,0.0
22.540114850000002,0.0,0.0,0.0,0.0
22.541331925,0.0,0.0,0.0,0.0
22.542093042,0.0,0.0,0.0,0.0
22.543344113,0.0,0.0,0.0,0.0
22.544088248,0.0,0.0,0.0,0.0
22.545270735000003,0.0,0.0,0.0,0.0
22.546153482,0.0,0.0,0.0,0.0
22.547346310000002,0.0,0.0,0.0,0.0
22.549360957,0.0,0.01,0.0,0.0
22.550085425000002,0.0,0.0,0.0,0.0
22.551279402000002,0.0,0.0,0.0,0.0
22.552120261000002,0.0,0.0,0.0,0.0
22.553351351,0.0,0.0,0.0,0.0
22.554108921,0.0,0.0,0.0,0.0
22.55536083,0.0,0.0,0.0,0.0
22.556087453,0.0,0.0,0.0,0.0
22.557372297,0.0,0.0,0.0,0.0
22.558107239,0.0,0.0,0.0,0.0
22.559276665000002,0.0,0.0,0.0,0.0
22.560156636000002,0.0,0.0,0.0,0.0
22.561266599,0.0,0.0,0.0,0.0
22.563325541,0.0,0.0,0.0,0.0
22.564189272,0.0,0.0,0.0,0.0
22.565092275,0.0,0.0,0.0,0.0
22.566368045,0.0,0.0,0.0,0.0
22.567080867,0.0,0.0,0.0,0.0
22.568431155000003,0.0,0.0,0.0,0.0
22.569077547000003,0.0,0.0,0.0,0.0
22.570126294,0.0,0.0,0.0,0.0
22.571255674,0.0,0.0,0.0,0.0
22.572224058,0.0,0.0,0.0,0.0
22.573166087,0.0,0.0,0.0,0.0
22.574283357000002,0.0,0.0,0.0,0.0
22.575123247,0.0,0.0,0.0,0.0
22.576280095,0.0,0.0,0.0,0.0
22.577203266,0.06,0.0,0.0,0.0
22.579353717,0.1,0.0,0.0,0.0
22.580111555000002,0.1,0.0,0.0,0.0
22.581115209,0.22,0.0,0.0,0.0
22.582249217,0.13,0.0,0.0,0.0
22.583084447,0.17,0.0,0.0,0.0
22.584344913000002,0.18,0.0,0.0,0.0
22.585120663,0.2,0.0,0.0,0.0
22.58635276,0.19,0.0,0.0,0.0
22.587081892,0.53,0.0,0.01,0.0
22.588312114,0.54,0.0,0.0,0.0
22.589084082000003,0.55,0.0,0.0,0.0
22.590279058,0.57,0.0,0.0,0.0
22.591161425000003,0.57,0.0,0.0,0.0
22.592331368,0.66,0.0,0.0,0.0
22.593161499,0.64,0.0,0.0,0.0
22.595350731,0.65,0.0,0.0,0.0
22.596084124,0.64,0.0,0.0,0.0
22.597348311,0.6,0.0,0.0,0.0
22.598705820000003,0.63,0.0,0.0,0.0
22.599467322000002,0.63,0.0,0.0,0.0
22.600116867,0.64,0.0,0.0,0.0
22.601257465,0.69,0.0,0.0,0.0
22.602189669,0.7,0.0,0.0,0.0
22.603222753,0.73,0.01,0.0,0.0
22.604171947,0.75,0.0,0.0,0.0
22.605312190000003,0.76,0.0,0.0,0.0
22.606134828000002,0.77,0.0,0.0,0.0
22.607212462,0.78,0.0,0.0,0.0
22.609404905,0.77,0.0,0.0,0.0
22.610254705000003,0.77,0.0,0.0,0.0
22.611218607,0.78,0.0,0.0,0.0
22.612215399,0.78,0.0,0.0,0.0
22.613226147000002,0.79,0.0,0.0,0.0
22.614230892000002,0.8,0.0,0.0,0.0
22.615239976,0.81,0.0,0.0,0.0
22.616327140000003,0.82,0.0,0.0,0.0
22.61754665,0.83,0.0,0.0,0.0
22.618561045,0.82,0.0,0.0,0.0
22.619566847,0.83,0.0,0.0,0.0
22.620483121000003,0.82,0.0,0.0,0.0
22.621347768,0.83,0.0,0.0,0.0
22.622176778,0.82,0.0,0.0,0.0
22.623229874,0.82,0.0,0.0,0.0
22.624214786000003,0.83,0.0,0.0,0.0
22.626498155,0.84,0.0,0.0,0.0
22.627543900000003,0.86,0.0,0.0,0.0
22.628450737,0.87,0.0,0.0,0.0
22.629294265000002,0.88,0.0,0.0,0.0
22.630290075,0.86,0.0,0.0,0.0
22.631319925,0.82,0.0,0.0,0.0
22.632203111000003,0.82,0.0,0.0,0.0
22.633192929,0.84,0.0,0.0,0.0
22.634178441000003,0.83,0.0,0.0,0.0
22.635157116000002,0.83,0.0,0.0,0.0
22.636198743,0.84,0.0,0.0,0.0
22.637178708,0.83,0.0,0.0,0.0
22.638191675,0.81,0.0,0.0,0.0
22.639229450000002,0.82,0.0,0.0,0.0
22.641407479,0.81,0.0,0.0,0.0
22.642176688000003,0.82,0.0,0.0,0.0
22.643202767000002,0.82,0.0,0.0,0.0
22.644164424000003,0.83,0.0,0.0,0.0
22.645208326000002,0.83,0.0,0.0,0.0
22.646216597000002,0.8,0.0,0.0,0.0
22.647182703000002,0.82,0.0,0.0,0.0
22.648331089000003,0.8,0.0,0.0,0.0
22.649129260000002,0.81,0.0,0.0,0.0
22.650108147,0.8,0.0,0.0,0.0
22.65133043,0.81,0.0,0.0,0.0
22.652120072000002,0.81,0.0,0.0,0.0
22.65338033,0.79,0.0,0.0,0.0
22.654099021,0.8,0.0,0.0,0.0
22.655429721,0.81,0.0,0.0,0.0
22.657410873,0.8,0.0,0.0,0.0
22.65809695,0.8,0.0,0.0,0.0
22.659391205000002,0.79,0.0,0.0,0.0
22.66009435,0.81,0.0,0.0,0.0
22.661313977000002,0.8,0.0,0.0,0.0
22.662096061,0.79,0.0,0.0,0.0
22.663286238,0.8,0.0,0.0,0.0
22.664238759,0.79,0.0,0.0,0.0
22.665125334000003,0.78,0.0,0.0,0.0
22.666325843000003,0.77,0.0,0.0,0.0
22.667144697,0.82,0.0,0.0,0.0
22.668451398000002,0.81,0.0,0.0,0.0
22.670443867000003,0.82,0.0,0.0,0.0
22.671100694,0.83,0.0,0.0,0.0
22.672275771000002,0.84,0.0,0.0,0.01
22.673172353000002,0.85,0.0,0.0,0.0
22.674293327,0.85,0.0,0.0,0.0
22.675097346,0.86,0.0,0.0,0.0
22.676299670000002,0.85,0.0,0.0,0.0
22.677152499,0.85,0.0,0.0,0.0
22.67825648,0.84,0.0,0.0,0.0
22.679198009,0.85,0.0,0.0,0.0
22.680338688000003,0.85,0.0,0.0,0.0
22.681096094,0.86,0.0,0.0,0.0
22.682176097000003,0.85,0.0,0.0,0.0
22.683213121,0.84,0.0,0.0,0.0
22.684329832000003,0.84,0.0,0.0,0.0
22.686432756000002,0.84,0.0,0.0,0.0
22.687101753,0.85,0.0,0.0,0.0
22.688265880000003,0.85,0.0,0.0,0.0
22.689222687,0.85,0.0,0.0,0.0
22.690268803000002,0.85,0.0,0.0,0.0
22.691245203,0.85,0.0,0.0,0.0
22.692265125000002,0.85,0.0,0.0,0.0
22.693232585,0.86,0.0,0.0,0.0
22.694269732000002,0.85,0.0,0.0,0.0
22.695176413000002,0.84,0.0,0.0,0.0
22.696318225000002,0.84,0.0,0.0,0.0
22.6970899,0.89,0.0,0.0,0.0
22.698326317000003,0.9,0.0,0.0,0.0
22.700426108000002,0.91,0.0,0.0,0.0
22.701096563,0.9,0.0,0.0,0.0
22.70240048,0.9,0.0,0.0,0.0
22.703094353,0.9,0.0,0.0,0.0
22.704407704,0.9,0.0,0.0,0.0
22.705100114,0.9,0.0,0.0,0.0
22.706310902000002,0.89,0.0,0.0,0.0
22.707097570000002,0.9,0.0,0.0,0.0
22.708409658,0.9,0.0,0.0,0.0
22.70909082,0.9,0.0,0.0,0.0
22.710381067,0.9,0.0,0.0,0.0
22.711093165,0.9,0.0,0.0,0.01
22.71230759,0.9,0.0,0.0,0.0
22.713164254000002,0.9,0.0,0.0,0.0
22.714465706000002,0.9,0.0,0.0,0.0
22.716420013,0.91,0.0,0.0,0.0
22.717097305000003,0.89,0.0,0.01,0.0
22.718274398000002,0.89,0.0,0.0,0.0
22.719235573000002,0.89,0.0,0.0,0.0
22.720179794,0.89,0.0,0.0,0.0
22.721271272000003,0.89,0.0,0.0,0.0
22.722233260000003,0.89,0.0,0.0,0.0
22.723261174,0.89,0.0,0.0,0.0
22.724236614000002,0.89,0.0,0.0,0.0
22.725167155,0.89,0.0,0.0,0.0
22.72631704,0.89,0.0,0.0,0.0
22.727093954,0.88,0.0,0.0,0.0
22.728398141000003,0.88,0.0,0.0,0.0
22.729095116,0.89,0.0,0.0,0.0
22.730396367,0.89,0.0,0.0,0.0
22.732410318000003,0.89,0.0,0.0,0.0
22.733098254,0.89,0.0,0.0,0.0
22.734285206000003,0.89,0.0,0.0,0.0
22.735209621000003,0.89,0.0,0.0,0.0
22.736159732,0.88,0.0,0.0,0.0
22.737408806,0.88,0.0,0.0,0.0
22.738093604000003,0.89,0.0,0.0,0.0
22.739289161000002,0.88,0.0,0.0,0.0
22.740102964000002,0.88,0.0,0.0,0.0
22.741315293000003,0.88,0.0,0.0,0.0
22.742121634,0.88,0.0,0.0,0.0
22.743331143000002,0.88,0.0,0.0,0.0
22.744088207,0.88,0.0,0.0,0.0
22.745445686,0.88,0.0,0.0,0.0
22.747426039,0.88,0.0,0.0,0.0
22.748096504000003,0.89,0.0,0.0,0.0
22.749296060000002,0.88,0.0,0.0,0.0
22.750222710000003,0.88,0.0,0.0,0.0
22.751282246000002,0.88,0.0,0.0,0.0
22.752223569,0.88,0.0,0.0,0.0
22.753269784,0.89,0.0,0.0,0.0
22.754192789,0.89,0.0,0.0,0.0
22.755332561000003,0.89,0.0,0.0,0.0
22.756093905,0.89,0.0,0.0,0.0
22.757332536,0.89,0.0,0.0,0.0
22.758118583,0.89,0.0,0.0,0.0
22.759319687,0.89,0.0,0.0,0.0
22.761264982,0.89,0.0,0.0,0.0
22.762094656000002,0.9,0.0,0.0,0.0
22.763400252,0.9,0.0,0.0,0.0
22.764098342,0.91,0.0,0.0,0.0
22.765420183,0.9,0.0,0.0,0.0
22.766088679000003,0.91,0.0,0.0,0.0
22.767449390000003,0.91,0.0,0.0,0.0
22.768091939,0.91,0.0,0.0,0.0
22.769371393,0.92,0.0,0.0,0.0
22.770085807,0.92,0.0,0.0,0.0
22.771299464000002,0.93,0.0,0.0,0.0
22.772166824000003,0.93,0.0,0.0,0.0
22.773504707,0.93,0.0,0.0,0.0
22.775422624,0.93,0.0,0.0,0.0
22.776093563,0.93,0.0,0.0,0.0
22.777281350000003,0.93,0.0,0.0,0.0
22.778219507000003,0.94,0.0,0.0,0.0
22.779207486,0.94,0.0,0.0,0.0
22.780271574,0.93,0.0,0.0,0.0
22.78107741,0.93,0.0,0.0,0.0
22.782111307,0.93,0.0,0.0,0.01
22.783267548,0.93,0.0,0.0,0.0
22.784231105,0.93,0.0,0.0,0.0
22.785216328,0.94,0.0,0.0,0.0
22.786106254,0.93,0.0,0.0,0.0
22.787148699000003,0.92,0.0,0.0,0.0
22.788179317,0.91,0.0,0.0,0.0
22.789211039,0.91,0.0,0.0,0.0
22.790267152000002,0.92,0.0,0.0,0.0
22.791246727,0.92,0.0,0.0,0.0
22.793406397000002,0.92,0.0,0.0,0.0
22.794114779,0.92,0.0,0.0,0.0
22.795388632,0.92,0.0,0.0,0.0
22.796100469000002,0.93,0.0,0.0,0.0
22.797269959,0.92,0.0,0.0,0.0
22.798140096,0.92,0.0,0.0,0.0
22.799272687000002,0.91,0.0,0.0,0.0
22.800100479,0.93,0.0,0.0,0.0
22.801313263,0.92,0.0,0.0,0.0
22.802125889000003,0.92,0.0,0.0,0.0
22.803321699,0.92,0.0,0.0,0.0
22.804116306,0.93,0.0,0.0,0.0
22.805393145,0.94,0.0,0.0,0.0
22.807438713,0.94,0.0,0.0,0.0
22.808100550000002,0.93,0.0,0.0,0.0
22.809406304000003,0.93,0.0,0.0,0.0
22.810097537,0.92,0.0,0.0,0.0
22.811257724,0.93,0.0,0.0,0.0
22.812100495000003,0.92,0.0,0.0,0.0
22.813398074000002,0.93,0.0,0.0,0.0
22.814094076,0.93,0.0,0.0,0.0
22.815296767000003,0.92,0.0,0.0,0.0
22.816199212,0.91,0.0,0.0,0.0
22.817175418,0.9,0.0,0.0,0.0
22.818327562,0.91,0.0,0.0,0.0
22.81909046,0.93,0.0,0.0,0.0
22.820426635,0.91,0.0,0.0,0.0
22.822407941,0.9,0.0,0.0,0.0
22.823095610000003,0.91,0.0,0.0,0.0
22.824403509,0.91,0.0,0.0,0.0
22.825094362,0.93,0.0,0.0,0.0
22.826417533,0.93,0.0,0.0,0.0
22.827094155,0.92,0.0,0.0,0.0
22.828413321000003,0.91,0.0,0.0,0.0
22.82909185,0.89,0.0,0.0,0.0
22.83048837,0.89,0.0,0.0,0.0
22.831084219,0.91,0.0,0.0,0.0
22.832216969,0.92,0.0,0.01,0.0
22.833089540000003,0.92,0.0,0.0,0.0
22.834146518,0.92,0.0,0.0,0.0
22.835085924,0.92,0.0,0.0,0.0
22.836433325,0.92,0.0,0.0,0.0
22.838415432,0.9,0.0,0.0,0.0
22.839090995000003,0.91,0.0,0.0,0.0
22.840415328000002,0.91,0.0,0.0,0.0
22.84108892,0.9,0.0,0.0,0.0
22.842543955,0.9,0.0,0.0,0.0
22.843088497,0.86,0.0,0.0,0.01
22.844255785,0.85,0.0,0.0,0.0
22.845084396,0.83,0.0,0.0,0.0
22.846350926000003,0.83,0.0,0.01,0.0
22.847113848000003,0.8,0.0,0.0,0.0
22.848228121000002,0.83,0.0,0.0,0.0
22.849105314000003,0.83,0.0,0.0,0.0
22.850074770000003,0.81,0.0,0.0,0.0
22.851295358,0.82,0.0,0.0,0.0
22.852231783,0.79,0.0,0.0,0.0
22.854366770000002,0.84,0.0,0.0,0.0
22.855103009,0.86,0.0,0.0,0.0
22.856267399,0.85,0.0,0.0,0.0
22.857230477,0.79,0.0,0.0,0.0
22.858141765000003,0.79,0.0,0.0,0.0
22.85945161,0.76,0.0,0.0,0.0
22.860101816,0.76,0.0,0.0,0.0
22.861307807000003,0.77,0.0,0.0,0.0
22.862101994,0.77,0.0,0.0,0.0
22.863179496,0.77,0.0,0.0,0.0
22.864219651000003,0.74,0.0,0.0,0.0
22.865129596000003,0.74,0.0,0.0,0.0
22.866318458000002,0.73,0.0,0.0,0.0
22.868397215,0.73,0.0,0.0,0.0
22.86909589,0.73,0.0,0.0,0.0
22.870268798,0.72,0.0,0.0,0.0
22.871216437,0.72,0.0,0.0,0.0
22.872263999,0.72,0.0,0.0,0.0
22.873227858,0.73,0.0,0.0,0.0
22.874271917,0.73,0.0,0.0,0.0
22.875241509000002,0.72,0.0,0.0,0.0
22.876173617000003,0.71,0.0,0.0,0.0
22.877299284000003,0.72,0.0,0.0,0.0
22.878097101,0.72,0.0,0.0,0.0
22.879416094,0.71,0.0,0.0,0.0
22.880093155,0.72,0.0,0.0,0.0
22.882405948000002,0.72,0.0,0.0,0.0
22.883098142,0.72,0.0,0.0,0.0
22.884411218,0.72,0.0,0.0,0.0
22.885087366,0.72,0.01,0.0,0.0
22.886414834,0.71,0.0,0.0,0.0
22.887092437,0.72,0.0,0.0,0.0
22.88842311,0.72,0.0,0.0,0.0
22.889086845,0.72,0.0,0.0,0.0
22.890264138000003,0.72,0.0,0.0,0.0
22.891199616,0.71,0.0,0.0,0.0
22.892141503,0.72,0.0,0.0,0.0
22.893182458000002,0.73,0.0,0.0,0.0
22.895432613,0.73,0.0,0.0,0.0
22.896094486000003,0.73,0.0,0.0,0.0
22.897553116,0.73,0.0,0.0,0.0
22.898088846,0.74,0.0,0.0,0.0
22.899417579,0.72,0.0,0.0,0.0
22.900091267,0.71,0.0,0.0,0.0
22.901409204,0.71,0.0,0.0,0.0
22.902093183,0.72,0.0,0.0,0.0
22.903299462,0.73,0.0,0.0,0.0
22.904173781,0.72,0.0,0.0,0.0
22.90527687,0.73,0.0,0.0,0.0
22.906188106000002,0.75,0.0,0.0,0.0
22.907155522,0.76,0.0,0.0,0.0
22.908312718,0.77,0.0,0.0,0.0
22.910398370000003,0.73,0.0,0.0,0.0
22.911096965000002,0.76,0.0,0.0,0.0
22.912409389,0.74,0.0,0.0,0.0
22.913089482,0.74,0.0,0.0,0.0
22.9144104,0.74,0.0,0.0,0.0
22.91509113,0.73,0.0,0.0,0.0
22.916078805,0.75,0.0,0.0,0.0
22.917428659000002,0.75,0.0,0.0,0.0
22.918087769000003,0.75,0.0,0.0,0.0
22.919469707,0.74,0.0,0.0,0.0
22.920088477,0.74,0.0,0.0,0.0
22.921300617,0.75,0.0,0.0,0.0
22.922165669,0.75,0.0,0.0,0.0
22.923275167,0.76,0.0,0.0,0.0
22.924128689,0.76,0.0,0.0,0.0
22.925417502000002,0.77,0.0,0.0,0.0
22.927418214000003,0.76,0.0,0.0,0.0
22.928092019,0.77,0.0,0.0,0.0
22.929144123,0.76,0.0,0.0,0.0
22.93028292,0.78,0.0,0.0,0.0
22.93107674,0.78,0.0,0.0,0.0
22.932284451,0.77,0.0,0.0,0.0
22.933187602,0.77,0.0,0.0,0.0
22.934265667000002,0.78,0.0,0.0,0.0
22.935193741000003,0.8,0.0,0.0,0.0
22.936182337,0.8,0.0,0.0,0.0
22.937281728000002,0.8,0.0,0.0,0.0
22.938185126,0.81,0.0,0.0,0.0
22.939199862000002,0.81,0.0,0.0,0.0
22.941415828,0.81,0.0,0.0,0.0
22.942094945,0.82,0.0,0.0,0.0
22.943405315,0.81,0.0,0.0,0.0
22.944094330000002,0.82,0.0,0.0,0.0
22.945414903000003,0.82,0.0,0.0,0.0
22.946093017000003,0.83,0.0,0.0,0.0
22.947401838,0.83,0.0,0.0,0.0
22.948096423000003,0.84,0.0,0.0,0.0
22.949482449,0.84,0.0,0.0,0.0
22.950091442,0.84,0.0,0.0,0.0
22.951277631,0.85,0.0,0.0,0.0
22.952151876000002,0.84,0.0,0.0,0.0
22.953429924,0.85,0.0,0.0,0.0
22.954086618,0.87,0.0,0.0,0.0
22.955413774,0.87,0.0,0.0,0.0
22.957273192000002,0.88,0.0,0.0,0.0
22.958202103,0.89,0.0,0.0,0.0
22.959112623000003,0.88,0.0,0.0,0.0
22.960425833000002,0.88,0.0,0.0,0.0
22.961090483000003,0.87,0.0,0.0,0.0
22.962382345,0.87,0.0,0.0,0.0
22.963089134,0.87,0.0,0.0,0.0
22.964301371,0.87,0.0,0.0,0.0
22.965119971,0.87,0.0,0.0,0.0
22.966300190000002,0.88,0.0,0.0,0.0
22.967163399,0.86,0.0,0.0,0.0
22.968354717,0.86,0.0,0.0,0.0
22.969085616,0.86,0.0,0.0,0.0
22.970488042000003,0.87,0.0,0.0,0.0
22.972429052000003,0.88,0.0,0.0,0.0
22.973094455000002,0.88,0.0,0.0,0.0
22.974273216,0.88,0.0,0.0,0.0
22.975230131,0.89,0.0,0.0,0.0
22.976284418000002,0.89,0.0,0.0,0.0
22.977177046,0.89,0.0,0.0,0.0
22.978269986,0.89,0.0,0.01,0.0
22.979210546,0.88,0.0,0.0,0.0
22.980256158000003,0.88,0.0,0.0,0.0
22.981087269000003,0.88,0.0,0.0,0.0
22.982263092,0.87,0.0,0.0,0.0
22.983099129000003,0.87,0.0,0.0,0.0
22.984213025000003,0.87,0.0,0.0,0.0
22.985252687000003,0.87,0.0,0.0,0.0
22.987390889,0.88,0.0,0.0,0.0
22.98809954,0.88,0.0,0.0,0.0
22.989269383,0.87,0.0,0.0,0.0
22.99023383,0.88,0.0,0.0,0.0
22.99108078,0.88,0.0,0.0,0.0
22.992407366000002,0.88,0.0,0.0,0.0
22.993098160000002,0.89,0.0,0.0,0.0
22.994285776,0.89,0.0,0.0,0.0
22.995126011,0.89,0.0,0.0,0.0
22.996336926,0.88,0.0,0.0,0.0
22.997093591000002,0.89,0.0,0.0,0.0
22.998279179,0.88,0.0,0.0,0.0
22.999141866000002,0.88,0.0,0.0,0.0
23.001427619,0.87,0.0,0.0,0.0
23.002101522,0.87,0.0,0.0,0.01
23.003269437,0.88,0.0,0.0,0.0
23.004226677000002,0.88,0.0,0.0,0.0
23.005273312,0.88,0.0,0.0,0.0
23.006239665000003,0.87,0.0,0.0,0.0
23.007266846,0.87,0.0,0.0,0.0
23.008248705,0.87,0.0,0.0,0.0
23.009248813000003,0.87,0.0,0.0,0.0
23.010214991,0.89,0.0,0.0,0.0
23.011295928000003,0.87,0.0,0.0,0.0
23.012097556,0.87,0.0,0.0,0.0
23.013317494000002,0.87,0.0,0.0,0.0
23.014132048,0.92,0.0,0.0,0.0
23.015271032,0.93,0.0,0.0,0.0
23.017161,0.93,0.01,0.0,0.0
23.018239086,0.94,0.0,0.0,0.0
23.019233819,0.94,0.0,0.0,0.0
23.020324235,0.94,0.0,0.0,0.0
23.021087177000002,0.94,0.0,0.0,0.0
23.022289874000002,0.93,0.0,0.0,0.0
23.023215745,0.94,0.0,0.0,0.0
23.024291689000002,0.94,0.0,0.0,0.0
23.02523886,0.95,0.0,0.0,0.0
23.026201433,0.95,0.0,0.0,0.0
23.027175788,0.95,0.0,0.0,0.0
23.028379761,0.95,0.01,0.0,0.0
23.029094769,0.95,0.0,0.0,0.0
23.030421202000003,0.95,0.0,0.0,0.0
23.032427206,0.95,0.0,0.0,0.01
23.033097489000003,0.95,0.0,0.0,0.0
23.03427913,0.94,0.0,0.0,0.0
23.03522641,0.94,0.0,0.0,0.0
23.036290054000002,0.95,0.0,0.0,0.0
23.037232833,0.95,0.0,0.0,0.0
23.038277897,0.95,0.0,0.0,0.0
23.039238471,0.95,0.0,0.0,0.0
23.040260027000002,0.96,0.0,0.0,0.0
23.041208811,0.95,0.0,0.0,0.0
23.04233438,0.95,0.0,0.0,0.0
23.043094347,0.96,0.0,0.0,0.0
23.044338172,0.96,0.0,0.0,0.0
23.045096301,0.96,0.0,0.0,0.0
23.046454461,0.96,0.0,0.0,0.0
23.048183593,0.96,0.0,0.0,0.0
23.049153824,0.96,0.0,0.0,0.0
23.050096563,0.96,0.0,0.0,0.0
23.05126973,0.97,0.01,0.0,0.0
23.052241167000002,0.98,0.0,0.0,0.01
23.053254993000003,0.98,0.0,0.0,0.0
23.054144336,0.98,0.0,0.0,0.0
23.055428913,0.98,0.0,0.0,0.0
23.056100109000003,0.98,0.0,0.0,0.0
23.057307706000003,0.99,0.0,0.0,0.0
23.058099352000003,1.0,0.0,0.01,0.0
23.059310547000003,0.99,0.0,0.0,0.0
23.0600938,0.99,0.0,0.0,0.0
23.061137426000002,0.98,0.0,0.0,0.0
23.063383172,0.98,0.0,0.0,0.0
23.064113222000003,0.98,0.0,0.0,0.0
23.065278999,0.98,0.0,0.0,0.0
23.066166453,0.98,0.0,0.0,0.0
23.067276428000003,0.99,0.0,0.0,0.0
23.068232747,0.99,0.0,0.0,0.0
23.069267981000003,1.0,0.0,0.0,0.0
23.070166965000002,1.0,0.0,0.0,0.0
23.071473203,0.99,0.0,0.0,0.0
23.072100187,0.99,0.0,0.0,0.0
23.073300761000002,0.99,0.0,0.0,0.0
23.07413456,1.0,0.0,0.0,0.0
23.075326536000002,1.0,0.0,0.0,0.0
23.076097629000003,1.01,0.0,0.0,0.0
23.078411334000002,1.0,0.0,0.0,0.0
23.079094307000002,1.0,0.0,0.0,0.0
23.080278462000003,1.02,0.0,0.0,0.0
23.081116615000003,1.0,0.0,0.0,0.0
23.082263588,1.0,0.0,0.0,0.0
23.083093530000003,1.0,0.0,0.0,0.0
23.084406350000002,1.01,0.0,0.0,0.0
23.085094283,1.01,0.0,0.0,0.0
23.086383268000002,1.02,0.0,0.0,0.0
23.087089685000002,1.01,0.0,0.0,0.0
23.088173795000003,1.01,0.0,0.0,0.0
23.089176686000002,1.02,0.0,0.0,0.0
23.090281570000002,1.02,0.0,0.0,0.0
23.091129552,1.02,0.0,0.0,0.0
23.093496509,1.01,0.0,0.01,0.0
23.094098356,1.03,0.0,0.0,0.0
23.095393509,1.03,0.0,0.0,0.01
23.096098627,1.02,0.0,0.0,0.0
23.097396691,1.03,0.0,0.0,0.0
23.098091668000002,1.03,0.0,0.0,0.0
23.099262095,1.03,0.0,0.0,0.0
23.100145332,1.03,0.0,0.0,0.0
23.101365944,1.03,0.0,0.0,0.0
23.102095244,1.03,0.0,0.0,0.0
23.1033091,1.03,0.0,0.0,0.0
23.104089646000002,1.03,0.0,0.0,0.0
23.105451563000003,1.03,0.0,0.0,0.0
23.107310736000002,1.03,0.0,0.0,0.0
23.108149745000002,1.03,0.0,0.0,0.0
23.109297225000002,1.03,0.0,0.0,0.0
23.110227332,1.03,0.0,0.0,0.0
23.111091953000003,1.03,0.0,0.0,0.0
23.11227067,1.03,0.0,0.0,0.0
23.113198514,1.02,0.0,0.0,0.0
23.114291612000002,1.03,0.0,0.0,0.01
23.11512493,1.03,0.0,0.0,0.0
23.116267746000002,1.04,0.0,0.0,0.0
23.117202250000002,1.03,0.0,0.0,0.0
23.118119157000002,1.03,0.0,0.0,0.0
23.120334549000003,1.03,0.0,0.0,0.0
23.121094903000003,1.04,0.0,0.0,0.0
23.122213327,1.03,0.0,0.0,0.0
23.123276289000003,1.04,0.0,0.0,0.0
23.12422686,1.03,0.0,0.0,0.0
23.125268553,1.02,0.0,0.0,0.0
23.126250781000003,1.03,0.0,0.0,0.0
23.127182856,1.04,0.0,0.0,0.0
23.12827259,1.04,0.0,0.01,0.0
23.129213681000003,1.04,0.0,0.0,0.0
23.130257194000002,1.04,0.0,0.0,0.0
23.131083062000002,1.04,0.0,0.0,0.0
23.132303643,1.04,0.0,0.0,0.0
23.133138481000003,1.04,0.01,0.0,0.0
23.134372044000003,1.05,0.0,0.0,0.0
23.135090373,1.05,0.0,0.0,0.0
23.136410172,1.05,0.0,0.0,0.0
23.138412727000002,1.05,0.0,0.0,0.0
23.139097849000002,1.05,0.0,0.0,0.0
23.140292217000002,1.04,0.0,0.0,0.0
23.141131698000002,1.05,0.0,0.0,0.0
23.142276515000002,1.05,0.0,0.0,0.0
23.143216237,1.05,0.0,0.0,0.0
23.144079452,1.05,0.0,0.0,0.0
23.145482773,1.05,0.0,0.0,0.0
23.146097354000002,1.05,0.0,0.0,0.0
23.147310577000002,1.05,0.0,0.0,0.0
23.148096763,1.05,0.0,0.0,0.0
23.149310844000002,1.05,0.0,0.0,0.0
23.150139383000003,1.05,0.0,0.0,0.0
23.151476432000003,1.05,0.0,0.0,0.0
23.153406538000002,1.05,0.0,0.0,0.0
23.154095226000003,1.05,0.0,0.0,0.0
23.155293512,1.05,0.0,0.0,0.0
23.156224625,1.05,0.0,0.01,0.0
23.157281543,1.05,0.0,0.0,0.0
23.158236251,1.05,0.0,0.0,0.0
23.159268304,1.05,0.0,0.0,0.0
23.160243785000002,1.05,0.0,0.0,0.0
23.161133686000003,1.05,0.0,0.0,0.0
23.162305705,1.04,0.0,0.0,0.0
23.163143741000003,1.05,0.0,0.01,0.0
23.164339991000002,1.05,0.0,0.0,0.01
23.165090244,1.05,0.0,0.0,0.0
23.166293621,1.05,0.0,0.0,0.0
23.168147086,1.05,0.0,0.0,0.0
23.169284406000003,1.05,0.0,0.0,0.0
23.170146594000002,1.05,0.0,0.0,0.0
23.171287417000002,1.05,0.0,0.0,0.0
23.172172345,1.05,0.0,0.0,0.0
23.173276529000002,1.05,0.0,0.0,0.0
23.174237534000003,1.05,0.01,0.0,0.0
23.175259119,1.05,0.0,0.0,0.0
23.17623798,1.06,0.0,0.0,0.0
23.177192116,1.06,0.0,0.0,0.0
23.178282537,1.05,0.0,0.0,0.0
23.179144875000002,1.06,0.0,0.0,0.0
23.180120693000003,1.06,0.0,0.0,0.0
23.181324515,1.06,0.0,0.0,0.0
23.182204545,1.06,0.0,0.0,0.0
23.184249094000002,1.06,0.0,0.0,0.0
23.185131227000003,1.06,0.0,0.0,0.0
23.186322585000003,1.06,0.0,0.0,0.0
23.187118282,1.06,0.0,0.0,0.0
23.188158425,1.07,0.0,0.0,0.0
23.189258663,1.07,0.0,0.0,0.0
23.190190412,1.07,0.0,0.0,0.0
23.191167685,1.07,0.0,0.0,0.0
23.192201047,1.07,0.0,0.0,0.0
23.19319544,1.07,0.0,0.0,0.0
23.19424112,1.07,0.0,0.0,0.0
23.195266353,1.07,0.0,0.0,0.0
23.196280318000003,1.08,0.0,0.0,0.0
23.197275753000003,1.08,0.0,0.0,0.0
23.199593241000002,1.08,0.0,0.0,0.0
23.200476252,1.08,0.0,0.0,0.0
23.201277654000002,1.09,0.0,0.0,0.0
23.2022011,1.09,0.0,0.0,0.0
23.20320542,1.09,0.0,0.0,0.0
23.204181615000003,1.08,0.0,0.0,0.0
23.205152204,1.08,0.0,0.0,0.0
23.206133535000003,1.09,0.0,0.0,0.0
23.207198536,1.08,0.0,0.0,0.0
23.208179905,1.08,0.0,0.0,0.0
23.209121864,1.08,0.0,0.0,0.0
23.210165272,1.08,0.0,0.0,0.0
23.211159152,1.08,0.0,0.0,0.0
23.212188491000003,1.08,0.0,0.0,0.0
23.213153919,1.08,0.0,0.0,0.0
23.215314026,1.08,0.0,0.0,0.0
23.216130008,1.08,0.0,0.0,0.0
23.217206461,1.08,0.0,0.0,0.0
23.218160835000003,1.08,0.0,0.0,0.0
23.21933874,1.08,0.0,0.0,0.0
23.220110945000002,1.08,0.0,0.0,0.0
23.221331618,1.08,0.0,0.0,0.0
23.222099803000003,1.08,0.0,0.0,0.0
23.223291553000003,1.07,0.0,0.0,0.0
23.224123671,1.08,0.0,0.0,0.0
23.225155031,1.08,0.0,0.0,0.0
23.226161829000002,1.08,0.0,0.0,0.0
23.227308143000002,1.07,0.0,0.0,0.0
23.229332991,1.08,0.0,0.0,0.0
23.230121731,1.08,0.0,0.0,0.0
23.231122278,1.08,0.0,0.0,0.0
23.232250065000002,1.08,0.0,0.0,0.0
23.233141543000002,1.08,0.0,0.0,0.0
23.234188537,1.08,0.0,0.0,0.0
23.235217637,1.08,0.0,0.0,0.0
23.236196908,1.08,0.0,0.0,0.0
23.237236271,1.08,0.0,0.0,0.0
23.238156779,1.08,0.0,0.0,0.0
23.239146823000002,1.08,0.0,0.0,0.0
23.240082616000002,1.08,0.0,0.0,0.0
23.241276940000002,1.08,0.0,0.0,0.0
23.242250827000003,1.08,0.0,0.0,0.0
23.24323167,1.08,0.0,0.0,0.0
23.245339601,1.08,0.0,0.0,0.0
23.246090841,1.08,0.0,0.0,0.0
23.247231513000003,1.08,0.0,0.0,0.0
23.248108988000002,1.08,0.0,0.0,0.0
23.249349711,1.08,0.0,0.0,0.0
23.250124166000003,1.08,0.0,0.0,0.0
23.251289846000002,1.08,0.0,0.0,0.0
23.252084970000002,1.08,0.0,0.0,0.0
23.253201298,1.08,0.0,0.0,0.0
23.254130191,1.08,0.0,0.01,0.0
23.255159951000003,1.08,0.0,0.0,0.0
23.256158878,1.08,0.0,0.0,0.0
23.257230013,1.08,0.0,0.0,0.0
23.258229392,1.07,0.0,0.0,0.0
23.260345332,1.07,0.0,0.0,0.0
23.261091444,1.08,0.0,0.0,0.0
23.262138606,1.07,0.0,0.0,0.0
23.263384023,1.07,0.0,0.0,0.0
23.264124101,1.07,0.0,0.0,0.0
23.265118744000002,1.07,0.0,0.0,0.0
23.266156085000002,1.09,0.0,0.0,0.0
23.267201635000003,1.07,0.0,0.0,0.0
23.268160299,1.07,0.0,0.0,0.0
23.269269216,1.07,0.0,0.0,0.0
23.270130159,1.07,0.0,0.0,0.0
23.271276358,1.07,0.0,0.0,0.0
23.273378354000002,1.07,0.0,0.0,0.0
23.274089917,1.07,0.0,0.0,0.0
23.275150192,1.07,0.0,0.0,0.0
23.276141134000003,1.07,0.0,0.0,0.0
23.277295974,1.07,0.0,0.0,0.0
23.27818818,1.08,0.0,0.0,0.0
23.279212675,1.07,0.0,0.0,0.0
23.280181462,1.08,0.0,0.0,0.0
23.281252969,1.08,0.0,0.0,0.0
23.28208881,1.07,0.0,0.0,0.0
23.283313998,1.08,0.0,0.0,0.0
23.284088868,1.08,0.0,0.0,0.0
23.285282066,1.08,0.0,0.0,0.0
23.286135064,1.07,0.0,0.0,0.0
23.287279379,1.07,0.0,0.0,0.0
23.289283948,1.07,0.0,0.0,0.0
23.29012191,1.08,0.0,0.0,0.01
23.291146853,1.07,0.0,0.0,0.0
23.292121546,1.07,0.0,0.0,0.0
23.293214255000002,1.08,0.0,0.0,0.0
23.294088201,1.07,0.0,0.0,0.0
23.295241175,1.08,0.0,0.0,0.0
23.296133664000003,1.07,0.0,0.0,0.0
23.297117319,1.07,0.0,0.0,0.0
23.298116285000003,1.07,0.0,0.0,0.0
23.300093505000003,1.08,0.0,0.0,0.0
23.301301417,1.07,0.0,0.0,0.0
23.302183702,1.08,0.0,0.0,0.0
23.303263843,1.07,0.0,0.0,0.0
23.304104927,1.07,0.0,0.0,0.0
23.305188153000003,1.07,0.0,0.0,0.0
23.306200378,1.07,0.0,0.0,0.0
23.307196710000003,1.08,0.0,0.0,0.0
23.308198967000003,1.08,0.0,0.0,0.0
23.309203027000002,1.07,0.0,0.0,0.0
23.310188158000003,1.07,0.0,0.0,0.0
23.311190863,1.07,0.0,0.0,0.0
23.312191236,1.07,0.0,0.0,0.0
23.313207464,1.08,0.0,0.0,0.0
23.314229216,1.07,0.0,0.0,0.0
23.315260767,1.07,0.0,0.0,0.0
23.316302540000002,1.07,0.0,0.0,0.0
23.317297922,1.07,0.0,0.0,0.0
23.319459468,1.07,0.0,0.0,0.0
23.32030552,1.07,0.0,0.0,0.0
23.321176131,1.07,0.0,0.0,0.0
23.322146247000003,1.07,0.0,0.0,0.0
23.323212124,1.07,0.0,0.0,0.0
23.32421774,1.07,0.0,0.0,0.0
23.325195173,1.07,0.0,0.0,0.0
23.326195759,1.07,0.0,0.0,0.0
23.327190026,1.07,0.0,0.0,0.0
23.328165735000002,1.07,0.0,0.0,0.0
23.329320072,1.07,0.0,0.0,0.0
23.330128189,1.07,0.0,0.0,0.01
23.331148107,1.07,0.0,0.0,0.0
23.332191265000002,1.07,0.0,0.0,0.0
23.334347274000002,1.06,0.0,0.0,0.0
23.335121563,1.07,0.0,0.0,0.0
23.336102998,1.07,0.0,0.0,0.0
23.337205178,1.07,0.0,0.0,0.0
23.33819686,1.06,0.0,0.0,0.0
23.339090893,1.06,0.0,0.0,0.0
23.340163883000002,1.06,0.0,0.01,0.0
23.341234231,1.07,0.0,0.0,0.0
23.342184980000003,1.06,0.0,0.0,0.0
23.343196651000003,1.06,0.0,0.0,0.0
23.344184211,1.06,0.0,0.0,0.0
23.345208564,1.06,0.0,0.0,0.0
23.346226851,1.07,0.0,0.0,0.0
23.347287486000003,1.07,0.0,0.0,0.0
23.348345543,1.06,0.0,0.0,0.0
23.349459068,1.06,0.0,0.0,0.0
23.35057145,1.07,0.0,0.0,0.0
23.351588451,1.07,0.0,0.0,0.0
23.352526013000002,1.06,0.0,0.0,0.0
23.354415384000003,1.06,0.0,0.0,0.0
23.355477597,1.06,0.0,0.0,0.0
23.356338370000003,1.06,0.0,0.0,0.0
23.357262121,1.06,0.0,0.0,0.0
23.358188951000002,1.06,0.0,0.0,0.0
23.359173891,1.06,0.0,0.0,0.0
23.360185239,1.06,0.0,0.0,0.0
23.361148278,1.06,0.0,0.0,0.0
23.362203724,1.06,0.0,0.01,0.0
23.364428551000003,1.06,0.0,0.0,0.0
23.365126850000003,1.06,0.0,0.01,0.0
23.366356637000003,1.06,0.0,0.0,0.0
23.367149387,1.06,0.0,0.0,0.0
23.368189739,1.06,0.0,0.0,0.0
23.369194209,1.06,0.0,0.0,0.0
23.370191948000002,1.06,0.0,0.0,0.0
23.371206559,1.06,0.02,0.0,0.0
23.372816364000002,1.06,0.0,0.0,0.0
23.374048951000002,1.06,0.0,0.0,0.0
23.375017902,1.06,0.0,0.0,0.0
23.3758781,1.06,0.0,0.0,0.0
23.376693619,1.06,0.0,0.0,0.0
23.377457014,1.05,0.0,0.0,0.0
23.379430012,1.05,0.0,0.0,0.0
23.380255411,1.05,0.0,0.0,0.0
23.381178492,1.05,0.0,0.0,0.0
23.382176602,1.05,0.0,0.0,0.0
23.383167494000002,1.05,0.0,0.0,0.0
23.384223734000003,1.05,0.0,0.0,0.0
23.385210592,1.05,0.0,0.0,0.0
23.3861205,1.04,0.0,0.0,0.0
23.387234936000002,1.04,0.0,0.0,0.0
23.388213863,1.03,0.0,0.0,0.0
23.389177499000002,1.03,0.0,0.0,0.0
23.390130571,1.02,0.0,0.0,0.0
23.391340523,1.02,0.0,0.0,0.0
23.392124023,1.02,0.0,0.0,0.0
23.393358436,1.02,0.0,0.0,0.0
23.395405048,1.01,0.0,0.0,0.0
23.396116247000002,1.01,0.0,0.0,0.0
23.397149516000002,1.01,0.0,0.0,0.0
23.398127652000003,1.0,0.0,0.0,0.0
23.399228805,1.0,0.0,0.0,0.0
23.400250055,0.99,0.0,0.0,0.0
23.401219895,0.98,0.0,0.0,0.0
23.402122784000003,0.97,0.0,0.0,0.0
23.403301763,0.97,0.0,0.0,0.0
23.404126558,0.96,0.0,0.0,0.0
23.405308512,0.96,0.0,0.0,0.0
23.406127738000002,0.96,0.0,0.0,0.0
23.407340682,0.96,0.01,0.0,0.0
23.409430329000003,0.96,0.0,0.0,0.0
23.410101256,0.97,0.0,0.0,0.0
23.411334217,0.97,0.0,0.0,0.0
23.412101044,0.97,0.0,0.0,0.0
23.413357946,0.97,0.01,0.0,0.0
23.414094468000002,0.96,0.0,0.0,0.0
23.41526435,0.97,0.0,0.0,0.0
23.416098064,0.97,0.0,0.0,0.0
23.417220106000002,0.96,0.0,0.0,0.0
23.418195641,0.96,0.0,0.0,0.0
23.419180506,0.95,0.0,0.0,0.0
23.420304326,0.95,0.0,0.0,0.0
23.421095083,0.95,0.0,0.0,0.0
23.422202563000003,0.95,0.0,0.0,0.0
23.424413301,0.94,0.0,0.0,0.0
23.425097183000002,0.94,0.0,0.0,0.0
23.426323243000002,0.94,0.0,0.0,0.0
23.427094614,0.94,0.0,0.0,0.0
23.428506634,0.93,0.0,0.0,0.0
23.429094744,0.93,0.0,0.0,0.0
23.430273764000003,0.93,0.0,0.0,0.0
23.431100584000003,0.92,0.0,0.0,0.0
23.432448782,0.92,0.0,0.0,0.0
23.433094943,0.93,0.0,0.0,0.0
23.434305412,0.92,0.0,0.0,0.0
23.435139157000002,0.91,0.01,0.0,0.0
23.436451818000002,0.92,0.0,0.0,0.0
23.437087497,0.91,0.0,0.0,0.0
23.438287672,0.91,0.0,0.0,0.0
23.440413486,0.92,0.0,0.0,0.0
23.441093569000003,0.92,0.0,0.0,0.0
23.442415837000002,0.91,0.0,0.0,0.0
23.443094184000003,0.92,0.0,0.0,0.0
23.444261477,0.92,0.0,0.0,0.0
23.445140858000002,0.93,0.0,0.0,0.0
23.446128415,0.93,0.0,0.0,0.0
23.447201188,0.94,0.0,0.0,0.0
23.448128658,0.92,0.0,0.0,0.0
23.449173016000003,0.93,0.0,0.0,0.0
23.450097963,0.93,0.0,0.0,0.0
23.451356031000003,0.94,0.0,0.0,0.0
23.452091454,0.93,0.0,0.0,0.0
23.45350699,0.93,0.0,0.0,0.0
23.455413710000002,0.93,0.0,0.0,0.0
23.456097997,0.93,0.0,0.01,0.0
23.457278983000002,0.93,0.0,0.0,0.0
23.458227954,0.93,0.0,0.0,0.0
23.459270225,0.93,0.0,0.0,0.0
23.460247545,0.92,0.0,0.0,0.0
23.461125969,0.93,0.0,0.0,0.0
23.462396726,0.94,0.0,0.0,0.0
23.463095156,0.95,0.0,0.0,0.0
23.464318736000003,0.94,0.0,0.0,0.0
23.465093932000002,0.94,0.0,0.0,0.0
23.466329802,0.94,0.0,0.0,0.0
23.467113984,0.94,0.0,0.0,0.0
23.468383934000002,0.94,0.0,0.0,0.0
23.470427976,0.94,0.0,0.0,0.0
23.471093899000003,0.94,0.0,0.0,0.0
23.472454606000003,0.93,0.01,0.0,0.0
23.473094234,0.94,0.0,0.0,0.0
23.474408596,0.94,0.0,0.0,0.0
23.475090445000003,0.93,0.0,0.0,0.0
23.476411846,0.94,0.0,0.0,0.0
23.477091031,0.94,0.0,0.0,0.0
23.478560531000003,0.94,0.0,0.0,0.0
23.479084629000003,0.94,0.0,0.0,0.0
23.480311598,0.95,0.0,0.0,0.0
23.481094186,0.94,0.0,0.0,0.0
23.483331546000002,0.93,0.0,0.0,0.0
23.484159772,0.93,0.0,0.0,0.0
23.485298396,0.93,0.01,0.0,0.0
23.486122202,0.93,0.0,0.0,0.0
23.487412678000002,0.93,0.0,0.0,0.0
23.488092517000002,0.91,0.0,0.0,0.0
23.489418590000003,0.91,0.0,0.0,0.0
23.490091684000003,0.91,0.0,0.0,0.0
23.491413096000002,0.91,0.0,0.0,0.0
23.492084329,0.91,0.0,0.0,0.0
23.49352066,0.91,0.0,0.0,0.0
23.494402637,0.9,0.0,0.0,0.0
23.495094244,0.9,0.0,0.0,0.0
23.497413978,0.91,0.0,0.0,0.0
23.498095383000003,0.9,0.0,0.0,0.0
23.499279063000003,0.9,0.0,0.01,0.0
23.500213283,0.9,0.0,0.0,0.0
23.501273643,0.9,0.0,0.0,0.0
23.502242631,0.9,0.0,0.0,0.0
23.503107073000002,0.89,0.0,0.0,0.0
23.504402462,0.88,0.0,0.0,0.0
23.505094702,0.88,0.0,0.0,0.0
23.506321831,0.87,0.0,0.0,0.0
23.507089725,0.87,0.0,0.0,0.0
23.508273049000003,0.87,0.0,0.0,0.0
23.509190330000003,0.86,0.0,0.0,0.0
23.510297545,0.86,0.0,0.0,0.0
23.511157790000002,0.85,0.0,0.0,0.0
23.512424876,0.86,0.0,0.0,0.0
23.513088807000003,0.86,0.0,0.0,0.0
23.515249697,0.86,0.0,0.0,0.0
23.516196941,0.86,0.0,0.0,0.0
23.5172814,0.86,0.0,0.0,0.0
23.518230399,0.86,0.0,0.0,0.0
23.519284015,0.85,0.0,0.0,0.0
23.520217877,0.85,0.0,0.0,0.0
23.521415954000002,0.84,0.0,0.0,0.0
23.522090444,0.83,0.0,0.0,0.0
23.523391417000003,0.85,0.0,0.0,0.0
23.524089985,0.85,0.0,0.0,0.0
23.525309066000002,0.85,0.0,0.0,0.0
23.526117801,0.85,0.0,0.0,0.0
23.527408774,0.85,0.0,0.0,0.0
23.528089483000002,0.85,0.0,0.0,0.0
23.530414284000003,0.84,0.0,0.0,0.0
23.5310995,0.85,0.0,0.0,0.0
23.532410119,0.86,0.0,0.0,0.0
23.533094624,0.84,0.0,0.0,0.0
23.534416986,0.84,0.0,0.0,0.0
23.535087400000002,0.84,0.0,0.0,0.0
23.536429958000003,0.84,0.0,0.0,0.0
23.537088123,0.85,0.0,0.0,0.0
23.538508854,0.84,0.0,0.0,0.0
23.539091669,0.85,0.0,0.0,0.0
23.540360369000002,0.85,0.0,0.0,0.0
23.541089413,0.85,0.0,0.0,0.0
23.542409505000002,0.85,0.0,0.0,0.0
23.543083615,0.84,0.0,0.0,0.0
23.544377608,0.84,0.0,0.0,0.0
23.546425428000003,0.84,0.0,0.0,0.0
23.54709514,0.84,0.0,0.0,0.0
23.548127031,0.83,0.0,0.0,0.0
23.549279127000002,0.82,0.0,0.0,0.0
23.550223195,0.83,0.0,0.01,0.0
23.551266739000003,0.82,0.0,0.0,0.0
23.552227964,0.82,0.0,0.0,0.0
23.553241453000002,0.82,0.0,0.0,0.0
23.554173993000003,0.83,0.0,0.0,0.0
23.55530998,0.83,0.0,0.0,0.0
23.556093679,0.82,0.0,0.0,0.0
23.557382347,0.81,0.0,0.0,0.0
23.558093396,0.81,0.0,0.0,0.0
23.559411602,0.8,0.0,0.0,0.0
23.561282260000002,0.8,0.0,0.0,0.0
23.562165438,0.81,0.0,0.0,0.0
23.563265314000002,0.8,0.0,0.0,0.0
23.564239719,0.81,0.0,0.0,0.0
23.565128457,0.81,0.0,0.0,0.0
23.566275097000002,0.81,0.0,0.0,0.0
23.56714218,0.81,0.0,0.0,0.0
23.568495513000002,0.82,0.0,0.0,0.0
23.569103725,0.81,0.0,0.0,0.0
23.570306141000003,0.81,0.0,0.0,0.0
23.571134526,0.82,0.0,0.0,0.0
23.572285646,0.83,0.0,0.0,0.0
23.574280375,0.83,0.0,0.0,0.0
23.575129769,0.89,0.0,0.0,0.0
23.576277576000003,0.86,0.0,0.0,0.0
23.577231987,0.86,0.0,0.0,0.01
23.578263883,0.85,0.0,0.0,0.0
23.579193253000003,0.85,0.0,0.0,0.0
23.580401918,0.85,0.0,0.0,0.0
23.581095721,0.86,0.0,0.0,0.0
23.582430142,0.87,0.0,0.0,0.0
23.583099554,0.87,0.0,0.0,0.0
23.584309427,0.88,0.0,0.0,0.0
23.585134055,0.89,0.0,0.0,0.0
23.586364505000002,0.89,0.0,0.0,0.0
23.587096810000002,0.91,0.0,0.0,0.0
23.588329187000003,0.93,0.0,0.0,0.0
23.590437034,0.92,0.0,0.0,0.0
23.591098381000002,0.93,0.0,0.0,0.0
23.592295616,0.93,0.0,0.0,0.0
23.593160129,0.93,0.0,0.0,0.0
23.594286831,0.95,0.0,0.0,0.0
23.595140108000002,0.96,0.0,0.0,0.0
23.596314154,0.95,0.0,0.0,0.0
23.59708811,0.95,0.0,0.0,0.0
23.598127191000003,0.94,0.0,0.0,0.0
23.599126035,0.94,0.0,0.0,0.0
23.600374464,0.94,0.0,0.0,0.0
23.601097446,0.94,0.0,0.0,0.0
23.602323287,0.94,0.0,0.0,0.0
23.603092727,0.95,0.0,0.0,0.0
23.604293625,0.94,0.0,0.0,0.0
23.60640605,0.93,0.0,0.0,0.0
23.607097324,0.94,0.0,0.0,0.0
23.608420441,0.94,0.0,0.0,0.01
23.609098760000002,0.94,0.0,0.0,0.0
23.610392663000002,0.94,0.0,0.0,0.0
23.611096254000003,0.94,0.0,0.0,0.0
23.612243465000002,0.95,0.0,0.0,0.0
23.613235386000003,0.94,0.0,0.0,0.0
23.614180354000002,0.93,0.0,0.0,0.0
23.615127311000002,0.92,0.0,0.0,0.0
23.616312454000003,0.88,0.0,0.0,0.0
23.617126399,0.86,0.0,0.0,0.0
23.618189724,0.85,0.0,0.0,0.0
23.620445747,0.83,0.0,0.0,0.0
23.621101318,0.82,0.0,0.0,0.0
23.622408669000002,0.8,0.0,0.0,0.0
23.623098557000002,0.76,0.0,0.0,0.0
23.624369931,0.76,0.0,0.0,0.0
23.625099806,0.7,0.0,0.0,0.0
23.626284771,0.63,0.0,0.0,0.0
23.627178992,0.53,0.0,0.0,0.0
23.628247465,0.51,0.01,0.0,0.0
23.629127403000002,0.49,0.0,0.0,0.0
23.630295354,0.41,0.0,0.0,0.0
23.631126075,0.38,0.0,0.0,0.0
23.632327865,0.39,0.0,0.0,0.0
23.63309956,0.29,0.0,0.0,0.0
23.634388434,0.15,0.01,0.0,0.0
23.636297482,0.01,0.0,0.0,0.0
23.637431420000002,0.01,0.0,0.0,0.0
23.638086974,0.06,0.0,0.0,0.0
23.639414067,0.16,0.0,0.0,0.0
23.640093392,0.16,0.0,0.0,0.0
23.641459027,0.21,0.0,0.0,0.0
23.642093745,0.22,0.0,0.0,0.0
23.643413478000003,0.22,0.0,0.0,0.0
23.644085811,0.24,0.0,0.0,0.0
23.645297962,0.23,0.0,0.0,0.0
23.646091855,0.24,0.0,0.0,0.0
23.647355178,0.24,0.0,0.0,0.0
23.648090582000002,0.24,0.0,0.0,0.0
23.649307862,0.25,0.0,0.0,0.0
23.651418186,0.26,0.0,0.0,0.0
23.652102967,0.35,0.0,0.0,0.0
23.653137003,0.35,0.0,0.0,0.0
23.654280106,0.38,0.0,0.0,0.0
23.655144859,0.39,0.0,0.0,0.0
23.656271256,0.38,0.0,0.0,0.0
23.657244173000002,0.38,0.0,0.0,0.0
23.658255993,0.38,0.0,0.0,0.0
23.659231369,0.39,0.0,0.0,0.0
23.660150221000002,0.4,0.0,0.0,0.0
23.661286418000003,0.41,0.0,0.0,0.0
23.662102658000002,0.41,0.0,0.0,0.0
23.663378264000002,0.43,0.0,0.0,0.0
23.665270707,0.44,0.0,0.0,0.0
23.666179535,0.44,0.0,0.0,0.0
23.667272471,0.44,0.0,0.0,0.0
23.668206400000003,0.44,0.0,0.0,0.0
23.669265043000003,0.45,0.0,0.0,0.0
23.670195193,0.45,0.0,0.0,0.0
23.671133636,0.45,0.0,0.0,0.0
23.672514032000002,0.46,0.0,0.0,0.0
23.673107484000003,0.45,0.01,0.0,0.0
23.674449895000002,0.46,0.0,0.0,0.01
23.675097342,0.47,0.0,0.0,0.0
23.67631644,0.46,0.0,0.0,0.0
23.677094737,0.47,0.0,0.0,0.01
23.678127155000002,0.46,0.0,0.0,0.0
23.679079837,0.47,0.0,0.0,0.0
23.681250858000002,0.47,0.0,0.01,0.0
23.682191883,0.48,0.0,0.0,0.0
23.683149195000002,0.47,0.0,0.0,0.0
23.684268251000002,0.47,0.0,0.0,0.0
23.685229989,0.47,0.0,0.0,0.0
23.686129905,0.47,0.0,0.0,0.0
23.687260528000003,0.47,0.0,0.0,0.0
23.688101739,0.47,0.0,0.0,0.0
23.689249898,0.47,0.0,0.0,0.0
23.690164602000003,0.47,0.0,0.0,0.0
23.691298420000003,0.47,0.0,0.0,0.0
23.692104461000003,0.47,0.0,0.0,0.0
23.693150827,0.47,0.0,0.0,0.0
23.694269858000002,0.47,0.0,0.0,0.0
23.695138698,0.47,0.01,0.0,0.0
23.697380756,0.47,0.0,0.0,0.0
23.698122249,0.46,0.0,0.0,0.0
23.699187427000002,0.47,0.0,0.0,0.0
23.700221306000003,0.46,0.0,0.0,0.0
23.701161820000003,0.46,0.0,0.0,0.0
23.702377576,0.46,0.0,0.0,0.0
23.703105145000002,0.45,0.0,0.0,0.0
23.704318505,0.47,0.0,0.0,0.0
23.705106339,0.46,0.0,0.0,0.0
23.706540667000002,0.46,0.0,0.0,0.0
23.707093741,0.41,0.0,0.0,0.0
23.708148917000003,0.39,0.0,0.0,0.0
23.710425167,0.38,0.0,0.0,0.0
23.711093656000003,0.39,0.0,0.0,0.0
23.712364909,0.38,0.0,0.0,0.0
23.713091968,0.38,0.0,0.0,0.0
23.714400617000003,0.37,0.0,0.0,0.0
23.715095230000003,0.38,0.0,0.0,0.0
23.716254907,0.37,0.0,0.0,0.0
23.717215241,0.37,0.0,0.0,0.0
23.718469724000002,0.38,0.0,0.0,0.0
23.719085287000002,0.38,0.0,0.0,0.0
23.720265735,0.37,0.0,0.0,0.0
23.721188198,0.37,0.0,0.0,0.0
23.722278181,0.37,0.0,0.0,0.0
23.723156281,0.37,0.0,0.0,0.0
23.724302587,0.37,0.0,0.0,0.0
23.726437386,0.37,0.0,0.0,0.0
23.727093911,0.37,0.0,0.0,0.0
23.728277212000002,0.36,0.0,0.0,0.0
23.729129974000003,0.36,0.0,0.0,0.0
23.73042174,0.27,0.0,0.0,0.0
23.731094664,0.23,0.0,0.01,0.0
23.732333784,0.03,0.0,0.0,0.0
23.733130622,0.03,0.0,0.0,0.0
23.734530563,0.01,0.0,0.0,0.0
23.735085117,0.01,0.0,0.0,0.0
23.736312475000002,0.01,0.0,0.0,0.0
23.73708347,0.01,0.0,0.0,0.0
23.738316442000002,0.01,0.0,0.0,0.0
23.74045226,0.02,0.0,0.0,0.0
23.741094276000002,0.01,0.0,0.0,0.0
23.742415917000002,0.01,0.0,0.0,0.0
23.743098683000003,0.01,0.0,0.0,0.0
23.744540104000002,0.01,0.0,0.0,0.0
23.745094493,0.01,0.0,0.0,0.0
23.746264460000003,0.02,0.0,0.0,0.0
23.747119862,0.02,0.0,0.0,0.0
23.748244162000002,0.02,0.0,0.0,0.0
23.749125636000002,0.02,0.0,0.0,0.0
23.750165747,0.02,0.0,0.0,0.0
23.751318001,0.03,0.0,0.0,0.0
23.752094269,0.04,0.0,0.0,0.0
23.753288576000003,0.16,0.0,0.0,0.0
23.754222253000002,0.25,0.0,0.0,0.0
23.756210604000003,0.28,0.0,0.0,0.01
23.757076879000003,0.28,0.0,0.0,0.0
23.758243563,0.29,0.0,0.0,0.0
23.759220444,0.29,0.0,0.0,0.0
23.760209245000002,0.3,0.0,0.0,0.0
23.761131695000003,0.29,0.0,0.0,0.0
23.762284952,0.35,0.0,0.0,0.0
23.763202557000003,0.36,0.0,0.0,0.0
23.764200128000002,0.37,0.0,0.0,0.0
23.765176745,0.37,0.0,0.0,0.0
23.766175914,0.37,0.0,0.0,0.01
23.767134186,0.38,0.0,0.0,0.0
23.768197854,0.4,0.0,0.0,0.0
23.769212322,0.42,0.0,0.0,0.0
23.771408909,0.42,0.0,0.0,0.0
23.772183115,0.43,0.0,0.0,0.0
23.773216174,0.43,0.0,0.0,0.0
23.774180645,0.44,0.0,0.0,0.0
23.775240087,0.45,0.0,0.0,0.0
23.776229508,0.45,0.0,0.0,0.0
23.777232479000002,0.45,0.0,0.0,0.0
23.778229543000002,0.46,0.0,0.0,0.0
23.779234216000003,0.47,0.0,0.0,0.0
23.78020104,0.47,0.0,0.0,0.0
23.781144765,0.47,0.0,0.0,0.0
23.782314246000002,0.48,0.0,0.0,0.0
23.783185381000003,0.49,0.0,0.0,0.0
23.784196581,0.5,0.0,0.0,0.0
23.786395770000002,0.51,0.0,0.0,0.0
23.787105258,0.52,0.0,0.0,0.0
23.788407477,0.53,0.01,0.0,0.0
23.7891003,0.53,0.0,0.0,0.0
23.790454531,0.54,0.0,0.0,0.0
23.791100238000002,0.55,0.0,0.0,0.0
23.792411553,0.54,0.0,0.0,0.0
23.793097614,0.54,0.0,0.0,0.0
23.794292063,0.56,0.0,0.0,0.0
23.795094804,0.55,0.0,0.0,0.0
23.796094169,0.56,0.0,0.0,0.0
23.797291808,0.56,0.0,0.0,0.0
23.798378186,0.57,0.0,0.0,0.0
23.799091154000003,0.56,0.0,0.0,0.0
23.800434851000002,0.57,0.01,0.0,0.0
23.802444585,0.58,0.0,0.0,0.0
23.803081808,0.58,0.0,0.0,0.0
23.804472917000002,0.59,0.0,0.0,0.0
23.805081584,0.6,0.0,0.0,0.0
23.806422872000002,0.62,0.0,0.0,0.0
23.807088182,0.62,0.01,0.0,0.0
23.808276782,0.63,0.0,0.0,0.0
23.809203649,0.64,0.0,0.0,0.0
23.810190247,0.65,0.0,0.0,0.0
23.811093103,0.67,0.0,0.0,0.0
23.812293276000002,0.68,0.0,0.0,0.0
23.813088269,0.68,0.0,0.0,0.0
23.814450400000002,0.7,0.0,0.0,0.0
23.816299105000002,0.7,0.0,0.0,0.0
23.817096275,0.69,0.0,0.0,0.0
23.818293447000002,0.73,0.0,0.0,0.0
23.819197242,0.73,0.0,0.0,0.0
23.820194751000002,0.72,0.0,0.0,0.0
23.821263100000003,0.72,0.0,0.0,0.0
23.822231014,0.73,0.0,0.0,0.0
23.823279569,0.73,0.0,0.0,0.0
23.824237759000003,0.73,0.0,0.01,0.0
23.825337049,0.74,0.0,0.0,0.0
23.826116239,0.74,0.0,0.0,0.0
23.827304231000003,0.76,0.01,0.0,0.0
23.828127033,0.76,0.0,0.0,0.0
23.829297490000002,0.77,0.0,0.0,0.0
23.831203988000002,0.78,0.0,0.0,0.0
23.832127161000003,0.78,0.0,0.0,0.0
23.833188642000003,0.79,0.0,0.0,0.0
23.834230353000002,0.79,0.0,0.0,0.0
23.835133664,0.78,0.0,0.0,0.0
23.836279421,0.78,0.0,0.0,0.0
23.837162135,0.78,0.0,0.0,0.0
23.838279225,0.78,0.0,0.0,0.0
23.839084464000003,0.79,0.0,0.0,0.0
23.840524770000002,0.79,0.0,0.0,0.0
23.84110155,0.79,0.0,0.0,0.0
23.842311952000003,0.81,0.0,0.0,0.0
23.843101862,0.8,0.0,0.0,0.0
23.844386897000003,0.81,0.0,0.0,0.0
23.8450951,0.81,0.0,0.0,0.0
23.846394356,0.8,0.0,0.0,0.0
23.848206765,0.8,0.0,0.0,0.0
23.849097238000002,0.79,0.0,0.0,0.0
23.850090876000003,0.8,0.0,0.0,0.0
23.851393096000002,0.8,0.0,0.0,0.0
23.852094529000002,0.8,0.0,0.0,0.0
23.853429442000003,0.81,0.0,0.0,0.0
23.854065836,0.8,0.0,0.0,0.0
23.85546194,0.81,0.0,0.0,0.01
23.856090674,0.83,0.0,0.0,0.0
23.857294287000002,0.83,0.01,0.0,0.0
23.858164679,0.83,0.0,0.0,0.0
23.860418427000003,0.84,0.0,0.0,0.0
23.861101891,0.85,0.0,0.0,0.0
23.862513521,0.85,0.0,0.0,0.0
23.863092574000003,0.85,0.0,0.0,0.0
23.864377277000003,0.85,0.0,0.0,0.0
23.86509006,0.84,0.0,0.0,0.0
23.866424998000003,0.85,0.0,0.0,0.0
23.867087692000002,0.85,0.0,0.0,0.0
23.868430095,0.86,0.0,0.0,0.0
23.869084400000002,0.86,0.0,0.0,0.0
23.870391427,0.86,0.0,0.0,0.0
23.871087493,0.86,0.0,0.0,0.0
23.872276954,0.86,0.0,0.0,0.0
23.873081446,0.87,0.0,0.0,0.0
23.874405259000003,0.87,0.0,0.0,0.0
23.875081087,0.87,0.0,0.0,0.0
23.876281158,0.87,0.0,0.0,0.0
23.878402956000002,0.89,0.0,0.0,0.0
23.879090585,0.89,0.0,0.0,0.0
23.880290570000003,0.89,0.0,0.0,0.0
23.881110544000002,0.91,0.0,0.0,0.0
23.882077426000002,0.91,0.0,0.0,0.0
23.883284109,0.92,0.0,0.0,0.0
23.88422998,0.94,0.0,0.0,0.0
23.885134905,0.95,0.0,0.0,0.0
23.886330629000003,0.96,0.0,0.0,0.0
23.887117405,0.96,0.0,0.0,0.0
23.888375290000003,0.96,0.0,0.0,0.0
23.889091370000003,0.97,0.0,0.0,0.0
23.890254361,0.97,0.0,0.0,0.0
23.892433202000003,0.98,0.0,0.0,0.0
23.893092390000003,0.98,0.0,0.0,0.0
23.894642270000002,0.99,0.0,0.0,0.0
23.895079816000003,0.98,0.0,0.0,0.0
23.89640271,0.99,0.0,0.0,0.0
23.897087388000003,0.99,0.0,0.0,0.0
23.898166844000002,1.0,0.0,0.0,0.0
23.899163855,0.99,0.0,0.0,0.0
23.900139886,1.01,0.0,0.0,0.0
23.901175132000002,1.02,0.0,0.0,0.0
23.902133064,1.01,0.0,0.0,0.0
23.903165907,1.02,0.0,0.0,0.0
23.905257805,1.04,0.0,0.0,0.0
23.906098204000003,1.03,0.0,0.0,0.0
23.907136396000002,1.04,0.0,0.0,0.0
23.908131837000003,1.05,0.0,0.0,0.0
23.909283185000003,1.05,0.0,0.0,0.0
23.910212861,1.07,0.0,0.0,0.0
23.911125156,1.08,0.0,0.0,0.0
23.912263339000003,1.08,0.0,0.0,0.0
23.913167214,1.09,0.0,0.01,0.0
23.914153316,1.09,0.0,0.0,0.0
23.915216706000002,1.1,0.0,0.0,0.0
23.916137882,1.11,0.0,0.0,0.0
23.917130797000002,1.1,0.0,0.0,0.0
23.918295349,1.11,0.0,0.0,0.0
23.919128903,1.1,0.0,0.0,0.0
23.920446922,1.12,0.0,0.0,0.0
23.922535103,1.12,0.0,0.0,0.0
23.923096967000003,1.12,0.0,0.0,0.0
23.924269180000003,1.13,0.0,0.0,0.0
23.925208932,1.14,0.0,0.0,0.0
23.926128095000003,1.13,0.0,0.0,0.0
23.92732552,1.14,0.0,0.0,0.0
23.928130587000002,1.14,0.0,0.0,0.0
23.929353724000002,1.14,0.0,0.0,0.0
23.93009469,1.15,0.0,0.0,0.0
23.931147797,1.15,0.0,0.0,0.0
23.932095613,1.16,0.0,0.0,0.0
23.933178622,1.16,0.0,0.0,0.0
23.934176178,1.16,0.0,0.0,0.0
23.935283874000003,1.17,0.0,0.0,0.0
23.937258793,1.17,0.0,0.0,0.0
23.938149861000003,1.17,0.0,0.0,0.0
23.939141265,1.18,0.0,0.0,0.0
23.940174246,1.18,0.0,0.0,0.0
23.941274595000003,1.17,0.0,0.0,0.0
23.942238895000003,1.18,0.0,0.0,0.0
23.943281319,1.18,0.0,0.0,0.0
23.944157710000002,1.18,0.0,0.0,0.0
23.945243405000003,1.19,0.0,0.0,0.0
23.946178654,1.2,0.0,0.0,0.0
23.947343239000002,1.2,0.0,0.0,0.0
23.9481281,1.18,0.0,0.0,0.0
23.950420610000002,1.19,0.0,0.0,0.0
23.951099206000002,1.17,0.0,0.0,0.0
23.952395284,1.18,0.0,0.0,0.0
23.953096176000003,1.18,0.0,0.0,0.0
23.954433654000002,1.18,0.0,0.0,0.0
23.955094452,1.18,0.0,0.0,0.0
23.956403337,1.18,0.0,0.0,0.0
23.957098581,1.19,0.0,0.0,0.0
23.958409899000003,1.19,0.0,0.0,0.0
23.959096152,1.19,0.0,0.0,0.0
23.960493816000003,1.2,0.0,0.0,0.0
23.961090307000003,1.21,0.0,0.0,0.0
23.962285762,1.2,0.0,0.0,0.0
23.96308519,1.21,0.0,0.0,0.0
23.964296008,1.21,0.0,0.0,0.0
23.965194266,1.2,0.0,0.0,0.0
23.966419198,1.2,0.0,0.0,0.0
23.968357493000003,1.2,0.0,0.0,0.0
23.969095422000002,1.19,0.0,0.0,0.0
23.970371056,1.2,0.0,0.0,0.0
23.97109545,1.16,0.0,0.0,0.0
23.972306039000003,1.16,0.0,0.0,0.0
23.973093949000003,1.18,0.0,0.0,0.0
23.974436996,1.17,0.0,0.0,0.0
23.975094547,1.18,0.0,0.0,0.0
23.976323082,1.18,0.0,0.0,0.0
23.977147809,1.19,0.0,0.0,0.0
23.978292011,1.19,0.0,0.0,0.0
23.979114888,1.19,0.0,0.0,0.0
23.980436896,1.2,0.0,0.0,0.0
23.982414361,1.19,0.0,0.0,0.0
23.98309519,1.2,0.0,0.0,0.0
23.984408564000002,1.2,0.0,0.0,0.0
23.985094547000003,1.19,0.0,0.0,0.0
23.986394134,1.2,0.0,0.0,0.0
23.987086193000003,1.21,0.0,0.0,0.0
23.988427452,1.21,0.0,0.0,0.0
23.989086148000002,1.21,0.0,0.0,0.0
23.990423885000002,1.21,0.0,0.0,0.0
23.991084901,1.21,0.0,0.0,0.0
23.99230459,1.23,0.0,0.01,0.0
23.993139961,1.23,0.0,0.0,0.0
23.994358401000003,1.24,0.0,0.0,0.0
23.995086089,1.26,0.0,0.0,0.0
23.99640531,1.26,0.0,0.0,0.0
23.998263837000003,1.26,0.0,0.0,0.0
23.999157371000003,1.27,0.0,0.0,0.0
24.000085743000003,1.27,0.0,0.0,0.0
24.001088412,1.28,0.0,0.0,0.0
24.002410001,1.27,0.0,0.0,0.0
24.003088141000003,1.28,0.0,0.0,0.0
24.004136778000003,1.28,0.0,0.0,0.0
24.005293100000003,1.28,0.0,0.0,0.0
24.006161159,1.29,0.0,0.0,0.0
24.007160049000003,1.29,0.0,0.0,0.0
24.008157637,1.28,0.0,0.0,0.0
24.009164075,1.29,0.0,0.0,0.0
24.010293509,1.3,0.0,0.0,0.0
24.012393040000003,1.3,0.0,0.0,0.0
24.013102728,1.3,0.0,0.0,0.0
24.014387934000002,1.3,0.0,0.0,0.0
24.015098011000003,1.3,0.0,0.0,0.0
24.016445204,1.3,0.0,0.0,0.0
24.01709517,1.3,0.0,0.0,0.0
24.018404736,1.32,0.0,0.0,0.0
24.019096869000002,1.31,0.0,0.0,0.0
24.020388890000003,1.3,0.0,0.0,0.0
24.021094632,1.31,0.0,0.0,0.0
24.022331785000002,1.33,0.0,0.0,0.0
24.023093622,1.33,0.0,0.0,0.0
24.024356043,1.33,0.0,0.0,0.0
24.025095867,1.33,0.0,0.0,0.0
24.026456306,1.33,0.0,0.0,0.0
24.028406148000002,1.34,0.0,0.0,0.0
24.029094569,1.34,0.0,0.0,0.0
24.030397489000002,1.34,0.0,0.0,0.0
24.031095914,1.34,0.0,0.0,0.0
24.032140204,1.34,0.0,0.0,0.0
24.033157043000003,1.35,0.0,0.0,0.0
24.03429664,1.35,0.0,0.01,0.0
24.035198366000003,1.35,0.0,0.0,0.0
24.036323996,1.35,0.0,0.0,0.0
24.0371005,1.35,0.0,0.0,0.0
24.038318335000003,1.35,0.0,0.0,0.0
24.039155456000003,1.35,0.0,0.0,0.0
24.040472384,1.35,0.0,0.0,0.0
24.041083177,1.35,0.0,0.0,0.0
24.042418586,1.36,0.0,0.0,0.0
24.044404755000002,1.35,0.0,0.0,0.0
24.045092216,1.35,0.0,0.0,0.0
24.046408301000003,1.36,0.0,0.0,0.0
24.047091091000002,1.36,0.0,0.0,0.0
24.048138219000002,1.36,0.0,0.0,0.0
24.049288105000002,1.36,0.0,0.0,0.0
24.050213707,1.36,0.0,0.0,0.0
24.051255747000003,1.37,0.0,0.0,0.0
24.052192585,1.37,0.0,0.0,0.0
24.053177714,1.37,0.0,0.0,0.0
24.054312201000002,1.37,0.0,0.0,0.0
24.055094818,1.36,0.0,0.0,0.0
24.056375474000003,1.37,0.0,0.0,0.0
24.058421752,1.37,0.0,0.0,0.0
24.059102634000002,1.37,0.0,0.0,0.0
24.060478457000002,1.36,0.0,0.0,0.0
24.061086965,1.36,0.0,0.0,0.0
24.062429517,1.36,0.0,0.0,0.0
24.06311999,1.37,0.0,0.0,0.0
24.064176391,1.37,0.0,0.0,0.0
24.065200565,1.37,0.0,0.0,0.0
24.066130313000002,1.37,0.0,0.0,0.0
24.067225599,1.37,0.0,0.0,0.0
24.068184028,1.38,0.0,0.0,0.0
24.069175479000002,1.38,0.0,0.0,0.0
24.070384313,1.38,0.0,0.0,0.0
24.071109518,1.38,0.0,0.01,0.0
24.072393892,1.39,0.0,0.0,0.0
24.074406095,1.39,0.0,0.0,0.0
24.075105162,1.39,0.0,0.0,0.0
24.076265815000003,1.38,0.0,0.0,0.0
24.0772346,1.39,0.0,0.0,0.0
24.078225970000002,1.38,0.0,0.0,0.0
24.079190896,1.4,0.0,0.0,0.0
24.080440995,1.39,0.0,0.0,0.0
24.081103475000003,1.39,0.0,0.0,0.0
24.082348502000002,1.39,0.0,0.0,0.0
24.083097888,1.39,0.0,0.0,0.0
24.084304170000003,1.39,0.0,0.0,0.0
24.08509415,1.39,0.0,0.0,0.0
24.086349661,1.39,0.0,0.0,0.0
24.088443278,1.42,0.0,0.0,0.0
24.08909826,1.42,0.0,0.0,0.0
24.090285367,1.42,0.0,0.0,0.0
24.091161500000002,1.42,0.0,0.0,0.01
24.092265919000003,1.42,0.0,0.0,0.0
24.093234501,1.42,0.0,0.0,0.0
24.094213966,1.43,0.0,0.0,0.0
24.095241628,1.42,0.0,0.0,0.0
24.096115025000003,1.42,0.0,0.0,0.0
24.097184374,1.43,0.0,0.0,0.0
24.098159678000002,1.43,0.0,0.0,0.0
24.099114545000003,1.43,0.0,0.0,0.0
24.101430235000002,1.43,0.0,0.0,0.0
24.102102849,1.43,0.0,0.0,0.0
24.103482753,1.43,0.0,0.0,0.0
24.104117520000003,1.43,0.0,0.0,0.0
24.105403333,1.44,0.0,0.0,0.0
24.106098749,1.43,0.0,0.0,0.0
24.107402372000003,1.43,0.0,0.0,0.0
24.108095493,1.44,0.0,0.0,0.0
24.109347267,1.44,0.0,0.0,0.0
24.110093248000002,1.44,0.0,0.0,0.0
24.111136354000003,1.44,0.0,0.0,0.0
24.112200783000002,1.45,0.0,0.0,0.0
24.113177233000002,1.45,0.0,0.0,0.0
24.114182086000003,1.44,0.0,0.0,0.0
24.115166513000002,1.45,0.0,0.0,0.0
24.116291429,1.46,0.0,0.0,0.0
24.11721431,1.45,0.0,0.0,0.0
24.119423309000002,1.45,0.0,0.0,0.0
24.120101844,1.44,0.0,0.0,0.0
24.121408991000003,1.44,0.0,0.0,0.0
24.122094529,1.45,0.0,0.0,0.0
24.123151225,1.44,0.0,0.0,0.0
24.124097899000002,1.45,0.0,0.0,0.0
24.125417950000003,1.44,0.0,0.0,0.01
24.126094671,1.45,0.0,0.02,0.0
24.1272677,1.45,0.0,0.0,0.0
24.128098884,1.45,0.0,0.0,0.0
24.129293790000002,1.45,0.0,0.0,0.0
24.130137907,1.45,0.0,0.0,0.0
24.131132293,1.45,0.0,0.0,0.0
24.133442619,1.45,0.0,0.0,0.0
24.134097423,1.45,0.0,0.0,0.0
24.135406991,1.45,0.0,0.0,0.0
24.136099106000003,1.45,0.0,0.0,0.0
24.137496819000003,1.45,0.0,0.0,0.0
24.138099815,1.45,0.0,0.0,0.0
24.139418071,1.45,0.0,0.0,0.0
24.140087025000003,1.45,0.0,0.0,0.0
24.141292982000003,1.45,0.0,0.0,0.0
24.142142313,1.45,0.0,0.0,0.0
24.143336324,1.45,0.0,0.0,0.0
24.144102598,1.45,0.0,0.0,0.0
24.145299372,1.45,0.0,0.0,0.0
24.146087574000003,1.45,0.0,0.0,0.0
24.147570100000003,1.45,0.0,0.0,0.0
24.14957636,1.45,0.0,0.0,0.0
24.150314868000002,1.45,0.0,0.0,0.0
24.151197769000003,1.45,0.0,0.0,0.0
24.152210602,1.45,0.0,0.0,0.0
24.153234556,1.45,0.0,0.0,0.0
24.154328646,1.45,0.0,0.0,0.0
24.155142423,1.45,0.0,0.0,0.0
24.156141178000002,1.45,0.0,0.0,0.0
24.157197640000003,1.45,0.0,0.0,0.0
24.158190602,1.45,0.0,0.0,0.0
24.159145381000002,1.45,0.0,0.0,0.0
24.160176176,1.45,0.0,0.0,0.0
24.161214461,1.45,0.0,0.0,0.0
24.163460593,1.45,0.0,0.0,0.0
24.164602697000003,1.45,0.0,0.0,0.0
24.16559174,1.45,0.0,0.0,0.0
24.166522566,1.45,0.0,0.0,0.0
24.167361394,1.45,0.0,0.0,0.0
24.168299008,1.45,0.0,0.0,0.0
24.169191461,1.45,0.0,0.0,0.0
24.170184910000003,1.45,0.0,0.0,0.0
24.171157274000002,1.45,0.0,0.0,0.0
24.172190196000003,1.45,0.0,0.0,0.0
24.173197199,1.45,0.0,0.0,0.0
24.174176895000002,1.45,0.01,0.0,0.0
24.175179,1.45,0.0,0.0,0.0
24.176182185000002,1.45,0.0,0.0,0.0
24.177281959000002,1.46,0.0,0.0,0.0
24.179338942,1.45,0.0,0.0,0.0
24.180132115000003,1.45,0.0,0.0,0.0
24.181155298,1.45,0.0,0.0,0.0
24.182205605,1.45,0.0,0.0,0.0
24.183193958,1.45,0.0,0.0,0.0
24.184130735,1.45,0.0,0.0,0.0
24.185336081000003,1.45,0.0,0.0,0.0
24.186150884,1.45,0.0,0.0,0.0
24.18736428,1.45,0.0,0.0,0.0
24.188196437000002,1.45,0.0,0.0,0.0
24.189122903,1.45,0.0,0.0,0.0
24.190275695,1.45,0.0,0.0,0.0
24.191095029000003,1.46,0.0,0.0,0.0
24.192324781,1.45,0.0,0.0,0.0
24.194182194000003,1.45,0.0,0.0,0.0
24.195230844,1.45,0.0,0.0,0.0
24.196209878,1.45,0.0,0.0,0.0
24.197216585000003,1.45,0.0,0.0,0.0
24.198115614000002,1.45,0.0,0.0,0.0
24.199241838000003,1.45,0.0,0.0,0.0
24.200182977,1.46,0.0,0.0,0.0
24.201229688,1.45,0.0,0.0,0.0
24.202216849000003,1.45,0.0,0.0,0.0
24.20317212,1.45,0.0,0.0,0.0
24.204295675,1.45,0.0,0.0,0.0
24.205108541,1.45,0.0,0.0,0.0
24.206338729000002,1.46,0.0,0.0,0.0
24.207083307,1.45,0.0,0.0,0.0
24.208359198,1.45,0.0,0.0,0.0
24.210359742,1.45,0.0,0.0,0.0
24.211092749000002,1.45,0.0,0.0,0.0
24.212229419,1.45,0.0,0.0,0.0
24.213135162,1.45,0.0,0.0,0.0
24.214295164000003,1.44,0.0,0.0,0.0
24.215121673000002,1.45,0.0,0.01,0.0
24.216247885,1.45,0.0,0.0,0.0
24.217144375,1.45,0.0,0.0,0.0
24.218362831,1.45,0.0,0.0,0.0
24.219113565,1.45,0.0,0.0,0.0
24.220285099,1.45,0.0,0.0,0.0
24.221086566,1.44,0.0,0.0,0.0
24.222330503000002,1.45,0.0,0.0,0.0
24.224358403,1.45,0.0,0.0,0.0
24.225117703000002,1.44,0.0,0.0,0.0
24.226181676000003,1.45,0.0,0.0,0.0
24.227312343,1.45,0.0,0.0,0.0
24.228193149000003,1.45,0.0,0.0,0.0
24.229218171000003,1.45,0.0,0.0,0.0
24.230216645000002,1.45,0.0,0.0,0.0
24.231110387,1.45,0.0,0.0,0.0
24.23239506,1.45,0.0,0.0,0.0
24.233088546,1.45,0.0,0.0,0.0
24.234298792,1.45,0.0,0.0,0.0
24.235163292000003,1.45,0.0,0.0,0.0
24.236272398,1.45,0.0,0.0,0.0
24.237084697,1.45,0.0,0.0,0.0
24.238340882000003,1.45,0.0,0.0,0.0
24.240365920000002,1.45,0.0,0.0,0.0
24.241080863,1.45,0.0,0.0,0.0
24.242251937000002,1.45,0.0,0.0,0.0
24.243246394,1.45,0.0,0.0,0.0
24.244070551,1.45,0.0,0.0,0.0
24.245351368,1.45,0.0,0.0,0.0
24.24607856,1.45,0.0,0.0,0.0
24.247368864000002,1.45,0.0,0.0,0.0
24.248106954,1.45,0.0,0.0,0.0
24.249119514,1.45,0.0,0.0,0.0
24.250130383000002,1.45,0.0,0.0,0.0
24.251303363,1.45,0.0,0.0,0.0
24.252077947,1.45,0.0,0.0,0.0
24.2533326,1.45,0.0,0.0,0.0
24.255373723,1.44,0.0,0.0,0.0
24.256083609,1.45,0.0,0.0,0.0
24.257234023000002,1.44,0.0,0.0,0.01
24.258231124,1.44,0.0,0.0,0.0
24.259232306,1.45,0.0,0.0,0.0
24.260233866,1.45,0.0,0.0,0.0
24.261226992,1.45,0.0,0.0,0.0
24.262230443,1.45,0.0,0.0,0.0
24.263215703,1.45,0.0,0.0,0.0
24.26407283,1.45,0.0,0.0,0.0
24.265271614000003,1.45,0.0,0.0,0.0
24.266079956000002,1.45,0.01,0.0,0.0
24.267351588,1.45,0.0,0.0,0.0
24.268078057,1.45,0.0,0.0,0.0
24.269364318,1.45,0.0,0.0,0.0
24.271373946,1.45,0.0,0.0,0.0
24.272090407,1.45,0.0,0.0,0.0
24.273350141,1.45,0.0,0.0,0.0
24.274087003,1.44,0.0,0.0,0.0
24.275119529,1.45,0.0,0.0,0.0
24.276346329000003,1.45,0.0,0.0,0.0
24.277131268,1.44,0.0,0.01,0.0
24.27823701,1.45,0.0,0.0,0.0
24.279177152000003,1.44,0.0,0.0,0.0
24.280152731,1.44,0.0,0.0,0.0
24.281276063,1.44,0.0,0.0,0.0
24.282099731000002,1.44,0.0,0.0,0.0
24.283183486000002,1.44,0.0,0.0,0.0
24.284235780000003,1.44,0.0,0.0,0.0
24.286211196,1.44,0.0,0.0,0.0
24.28710517,1.44,0.0,0.0,0.0
24.288316257,1.45,0.0,0.0,0.0
24.28917337,1.44,0.0,0.0,0.0
24.29026636,1.45,0.0,0.0,0.0
24.291228898,1.45,0.0,0.0,0.0
24.292224099000002,1.45,0.0,0.0,0.0
24.293197645000003,1.45,0.0,0.0,0.0
24.294195089000002,1.45,0.0,0.0,0.0
24.295180215000002,1.45,0.0,0.0,0.0
24.296190640000003,1.45,0.0,0.0,0.0
24.29718214,1.45,0.0,0.0,0.0
24.298568067,1.45,0.01,0.0,0.0
24.29946367,1.45,0.0,0.0,0.0
24.301248111000003,1.44,0.0,0.0,0.01
24.302272103,1.45,0.0,0.0,0.0
24.303282725000003,1.45,0.0,0.0,0.0
24.304238572000003,1.45,0.01,0.0,0.0
24.305214086000003,1.45,0.0,0.0,0.0
24.306209299000002,1.45,0.0,0.0,0.0
24.307193129,1.45,0.0,0.0,0.0
24.308191031,1.45,0.0,0.0,0.0
24.309180783000002,1.45,0.01,0.0,0.0
24.310188595000003,1.45,0.0,0.0,0.0
24.311203731000003,1.45,0.0,0.0,0.0
24.312206366,1.45,0.0,0.0,0.0
24.313196917000003,1.45,0.0,0.0,0.0
24.31528996,1.45,0.0,0.0,0.0
24.316204406,1.45,0.0,0.0,0.0
24.317156676,1.45,0.0,0.0,0.0
24.318200172,1.45,0.0,0.0,0.0
24.319186912000003,1.45,0.0,0.0,0.0
24.320188386,1.45,0.01,0.0,0.0
24.321192371000002,1.46,0.0,0.0,0.0
24.322187852000003,1.45,0.0,0.0,0.0
24.323199939000002,1.46,0.0,0.0,0.0
24.3241571,1.45,0.0,0.0,0.0
24.325173934000002,1.45,0.0,0.0,0.0
24.326155016,1.45,0.0,0.0,0.0
24.327173177000002,1.45,0.0,0.0,0.0
24.328344582000003,1.45,0.0,0.0,0.0
24.330321968,1.45,0.0,0.0,0.0
24.331558491000003,1.45,0.0,0.0,0.0
24.332233656000003,1.45,0.0,0.0,0.0
24.333159746,1.45,0.0,0.0,0.0
24.334237100000003,1.45,0.0,0.0,0.0
24.335184429,1.45,0.0,0.0,0.0
24.336184941000003,1.45,0.0,0.0,0.01
24.337191527,1.45,0.0,0.0,0.0
24.33821151,1.45,0.0,0.0,0.0
24.339222073000002,1.45,0.0,0.0,0.0
24.340309849,1.45,0.0,0.0,0.0
24.341270431,1.45,0.0,0.0,0.0
24.342255246,1.45,0.0,0.0,0.0
24.343315909,1.46,0.0,0.0,0.0
24.344370523000002,1.45,0.0,0.0,0.0
24.346495978,1.45,0.0,0.0,0.0
24.347620639000002,1.46,0.0,0.0,0.0
24.348575986,1.46,0.0,0.0,0.0
24.349337083,1.46,0.0,0.0,0.0
24.350167169000002,1.46,0.0,0.0,0.0
24.35115996,1.46,0.0,0.0,0.0
24.35221005,1.46,0.0,0.0,0.0
24.353184815000002,1.46,0.0,0.0,0.0
24.354205036,1.46,0.0,0.0,0.0
24.355198656000002,1.46,0.0,0.0,0.0
24.356184967,1.45,0.0,0.0,0.0
24.357190457,1.46,0.0,0.0,0.0
24.358236650000002,1.46,0.0,0.0,0.0
24.36030711,1.46,0.0,0.0,0.0
24.361151373000002,1.46,0.0,0.0,0.0
24.362245825000002,1.46,0.0,0.01,0.0
24.363202689,1.46,0.0,0.0,0.0
24.364297645,1.45,0.01,0.0,0.0
24.365178007,1.46,0.0,0.0,0.0
24.366384479,1.46,0.0,0.0,0.0
24.367113745,1.46,0.0,0.0,0.0
24.368442028,1.46,0.0,0.0,0.0
24.369107802000002,1.45,0.0,0.0,0.0
24.370307257,1.46,0.0,0.0,0.0
24.371102266,1.46,0.0,0.0,0.0
24.372304861,1.46,0.0,0.0,0.0
24.373124518,1.46,0.0,0.0,0.0
24.374416555,1.46,0.0,0.0,0.0
24.376439863,1.46,0.0,0.0,0.0
24.377097841,1.46,0.0,0.0,0.0
24.378395343,1.48,0.0,0.0,0.0
24.379098646000003,1.46,0.0,0.0,0.0
24.380318163000002,1.46,0.0,0.0,0.0
24.381095761,1.46,0.0,0.0,0.0
24.382438802000003,1.47,0.0,0.0,0.0
24.383094109,1.46,0.0,0.0,0.01
24.384344186,1.46,0.0,0.0,0.0
24.38511965,1.47,0.0,0.0,0.0
24.386335025,1.47,0.0,0.0,0.0
24.387111247,1.46,0.0,0.0,0.0
24.388410753000002,1.46,0.0,0.0,0.0
24.390427537,1.46,0.0,0.0,0.0
24.391092547000003,1.46,0.0,0.0,0.0
24.392420744000002,1.46,0.0,0.0,0.0
24.393091555,1.46,0.0,0.0,0.0
24.394382731,1.46,0.0,0.0,0.0
24.39508537,1.47,0.0,0.0,0.0
24.396416026,1.46,0.0,0.0,0.0
24.397087569,1.46,0.0,0.0,0.0
24.398319268,1.46,0.0,0.0,0.0
24.399150977,1.46,0.0,0.0,0.0
24.400289254,1.47,0.0,0.0,0.0
24.40108375,1.46,0.0,0.0,0.0
24.402410678000003,1.45,0.0,0.0,0.0
24.403102411000003,1.46,0.0,0.0,0.0
24.404308742,1.46,0.0,0.0,0.0
24.40615099,1.46,0.0,0.0,0.0
24.407224182,1.46,0.0,0.0,0.0
24.408199826,1.46,0.0,0.0,0.0
24.409196247,1.46,0.0,0.0,0.0
24.410194406000002,1.46,0.0,0.0,0.0
24.411175714000002,1.46,0.0,0.0,0.0
24.412182569000002,1.46,0.0,0.0,0.0
24.413191724,1.45,0.0,0.0,0.0
24.414195499,1.45,0.0,0.0,0.0
24.415205556,1.46,0.0,0.0,0.0
24.416219574000003,1.46,0.0,0.0,0.0
24.417205962,1.46,0.0,0.0,0.0
24.418194138,1.46,0.0,0.0,0.0
24.41936726,1.46,0.0,0.0,0.0
24.421515741,1.46,0.0,0.0,0.0
24.422632427,1.46,0.0,0.0,0.0
24.423535342,1.46,0.0,0.0,0.0
24.424376865000003,1.46,0.0,0.0,0.0
24.425200958,1.46,0.0,0.0,0.0
24.426202195000002,1.46,0.0,0.0,0.0
24.427209331,1.46,0.0,0.0,0.0
24.428206944000003,1.46,0.0,0.0,0.0
24.429189274000002,1.46,0.0,0.0,0.0
24.430166326000002,1.46,0.0,0.0,0.0
24.431162083,1.45,0.0,0.0,0.0
24.432177559000003,1.46,0.0,0.0,0.0
24.433153059000002,1.46,0.0,0.0,0.0
24.435393553,1.46,0.0,0.0,0.0
24.436160635,1.45,0.0,0.0,0.0
24.437246614000003,1.45,0.0,0.0,0.0
24.438127731,1.46,0.0,0.0,0.0
24.439234018,1.45,0.0,0.0,0.0
24.440204735000002,1.46,0.0,0.0,0.0
24.441229929000002,1.45,0.0,0.0,0.0
24.442235576,1.45,0.0,0.0,0.0
24.443191321,1.45,0.0,0.0,0.0
24.444308268,1.45,0.0,0.0,0.0
24.445118798000003,1.45,0.0,0.0,0.0
24.446325271000003,1.45,0.0,0.0,0.0
24.447119475,1.45,0.0,0.0,0.0
24.448410142,1.44,0.0,0.0,0.0
24.450423511,1.44,0.0,0.0,0.0
24.45110837,1.44,0.0,0.0,0.0
24.45226501,1.44,0.0,0.0,0.0
24.453133622000003,1.44,0.0,0.0,0.0
24.454257756,1.44,0.0,0.0,0.0
24.455201223000003,1.44,0.0,0.0,0.0
24.456257155000003,1.44,0.0,0.0,0.0
24.457241222,1.43,0.01,0.0,0.0
24.458207697000002,1.43,0.0,0.0,0.0
24.459195594,1.44,0.0,0.0,0.0
24.460256251,1.43,0.0,0.0,0.0
24.461103689,1.43,0.0,0.0,0.0
24.462421333,1.44,0.0,0.0,0.0
24.463098182000003,1.44,0.0,0.0,0.0
24.464385177,1.44,0.0,0.0,0.0
24.466265955,1.44,0.01,0.0,0.0
24.467111162000002,1.44,0.0,0.0,0.0
24.468405672000003,1.43,0.0,0.0,0.0
24.469105854000002,1.44,0.0,0.0,0.0
24.470375107000002,1.43,0.0,0.0,0.0
24.471103493,1.43,0.0,0.0,0.0
24.472411898,1.44,0.0,0.0,0.0
24.473101998,1.44,0.0,0.0,0.0
24.474301488000002,1.43,0.0,0.0,0.0
24.475091063,1.44,0.0,0.0,0.0
24.476231131000002,1.43,0.0,0.0,0.0
24.477125972000003,1.43,0.0,0.0,0.0
24.478397263,1.43,0.0,0.0,0.0
24.480411831,1.43,0.0,0.0,0.0
24.481095121000003,1.42,0.0,0.0,0.0
24.482415666,1.43,0.0,0.0,0.0
24.483094842,1.42,0.0,0.0,0.0
24.484295911,1.42,0.0,0.0,0.0
24.485123531000003,1.41,0.0,0.0,0.0
24.48615475,1.41,0.0,0.0,0.0
24.487279609,1.41,0.0,0.0,0.0
24.488235117000002,1.41,0.0,0.0,0.0
24.489215246,1.4,0.0,0.0,0.0
24.490166234,1.41,0.0,0.0,0.0
24.491322032000003,1.4,0.0,0.0,0.0
24.492094914000003,1.4,0.0,0.0,0.0
24.49340163,1.4,0.0,0.0,0.0
24.494095495,1.4,0.0,0.0,0.0
24.495430109,1.39,0.0,0.0,0.0
24.497432901,1.39,0.0,0.0,0.0
24.498097022000003,1.39,0.0,0.0,0.0
24.499283366,1.39,0.0,0.0,0.0
24.500162722000002,1.39,0.0,0.0,0.0
24.501282582,1.38,0.01,0.0,0.0
24.502219849000003,1.39,0.0,0.0,0.0
24.503503295,1.38,0.0,0.0,0.0
24.504092930000002,1.38,0.0,0.0,0.0
24.505302081,1.38,0.0,0.0,0.0
24.506174697000002,1.38,0.0,0.0,0.0
24.507391237,1.37,0.0,0.0,0.0
24.508085675,1.37,0.0,0.0,0.0
24.509494647,1.38,0.0,0.0,0.0
24.511329231,1.37,0.0,0.0,0.0
24.512126325,1.37,0.0,0.0,0.0
24.513412763,1.37,0.0,0.0,0.0
24.514094378000003,1.37,0.01,0.0,0.0
24.515419387,1.37,0.0,0.0,0.0
24.516095396,1.36,0.0,0.0,0.0
24.517421282,1.36,0.0,0.0,0.0
24.518091647000002,1.34,0.0,0.0,0.0
24.519264479,1.35,0.0,0.0,0.0
24.520194048,1.35,0.0,0.0,0.0
24.521305928,1.35,0.0,0.0,0.0
24.522084503000002,1.35,0.0,0.0,0.0
24.523283132000003,1.35,0.0,0.0,0.0
24.524122700000003,1.35,0.0,0.0,0.0
24.52513296,1.35,0.0,0.0,0.0
24.526434867000003,1.35,0.0,0.0,0.0
24.528433800000002,1.35,0.0,0.0,0.0
24.529088991000002,1.35,0.0,0.0,0.0
24.530418799000003,1.35,0.0,0.0,0.0
24.531086430000002,1.35,0.0,0.0,0.0
24.532427539,1.34,0.0,0.0,0.0
24.533085460000002,1.34,0.0,0.0,0.0
24.534541515,1.34,0.0,0.0,0.0
24.535082691000003,1.32,0.0,0.0,0.0
24.536328589,1.31,0.0,0.0,0.0
24.537083628,1.31,0.0,0.0,0.0
24.538453375000003,1.31,0.0,0.0,0.0
24.539082323000002,1.3,0.0,0.0,0.0
24.540454833000002,1.3,0.0,0.0,0.0
24.542427469000003,1.3,0.0,0.0,0.0
24.543086565000003,1.3,0.0,0.0,0.0
24.544359956,1.29,0.0,0.0,0.0
24.545083562000002,1.3,0.0,0.0,0.0
24.546423545000003,1.3,0.0,0.0,0.0
24.547080386,1.3,0.0,0.0,0.0
24.548183938,1.29,0.0,0.0,0.0
24.549499543000003,1.29,0.0,0.0,0.0
24.550081186,1.29,0.0,0.0,0.0
24.551316962,1.28,0.0,0.0,0.0
24.552163293000003,1.29,0.0,0.0,0.0
24.553712004,1.28,0.0,0.0,0.0
24.554113249,1.27,0.0,0.0,0.0
24.555461606,1.26,0.0,0.0,0.0
24.557311154,1.28,0.01,0.0,0.0
24.558083945,1.26,0.0,0.0,0.0
24.559423575,1.27,0.0,0.0,0.0
24.560082497,1.26,0.0,0.0,0.0
24.561501124000003,1.25,0.0,0.0,0.0
24.56208307,1.25,0.0,0.0,0.0
24.563478545000002,1.25,0.0,0.0,0.0
24.5640824,1.26,0.0,0.0,0.0
24.565268818,1.26,0.0,0.0,0.0
24.566086316,1.27,0.0,0.0,0.0
24.567346620000002,1.26,0.0,0.0,0.0
24.568135191000003,1.25,0.0,0.0,0.0
24.569453645000003,1.25,0.0,0.0,0.0
24.571444671000002,1.25,0.0,0.0,0.0
24.572089236,1.26,0.0,0.0,0.0
24.573417783,1.25,0.0,0.0,0.0
24.574089289,1.25,0.0,0.0,0.0
24.575422651,1.24,0.0,0.0,0.0
24.576088472000002,1.25,0.0,0.0,0.0
24.577423794,1.24,0.0,0.0,0.0
24.578086401,1.24,0.0,0.0,0.0
24.579527403,1.24,0.0,0.0,0.0
24.580081850000003,1.25,0.0,0.0,0.0
24.581142081000003,1.25,0.0,0.0,0.0
24.582135896,1.25,0.0,0.0,0.0
24.583292786,1.25,0.0,0.0,0.0
24.584215011,1.24,0.0,0.0,0.0
24.585293485,1.22,0.0,0.0,0.0
24.587220837,1.22,0.0,0.0,0.0
24.588177688000002,1.21,0.0,0.0,0.0
24.589123200000003,1.2,0.0,0.0,0.0
24.590157337,1.2,0.0,0.01,0.0
24.591425790000002,1.2,0.0,0.0,0.0
24.592087466000002,1.19,0.0,0.0,0.0
24.593422286000003,1.18,0.0,0.0,0.0
24.594082155000002,1.17,0.0,0.0,0.0
24.595440465000003,1.17,0.0,0.0,0.0
24.596080209,1.19,0.0,0.0,0.0
24.597344711,1.17,0.0,0.0,0.0
24.598088890000003,1.17,0.0,0.0,0.0
24.599547435,1.16,0.0,0.0,0.0
24.601440263,1.16,0.0,0.0,0.0
24.602091615000003,1.14,0.0,0.0,0.0
24.603407388,1.14,0.0,0.0,0.0
24.604091075000003,1.14,0.0,0.02,0.0
24.605416818000002,1.12,0.0,0.0,0.0
24.606090847,1.11,0.0,0.0,0.0
24.607424802,1.09,0.0,0.0,0.0
24.608088736000003,1.08,0.0,0.0,0.0
24.609398661,1.07,0.0,0.0,0.0
24.610086428000002,1.07,0.0,0.0,0.0
24.611282312,1.06,0.0,0.0,0.0
24.612082981,1.05,0.0,0.01,0.0
24.613437886,1.05,0.01,0.0,0.0
24.614100016000002,1.05,0.0,0.0,0.0
24.615433560000003,1.03,0.0,0.0,0.0
24.617424055,1.03,0.0,0.0,0.0
24.618091407,1.03,0.0,0.0,0.0
24.619425702,1.03,0.0,0.0,0.0
24.620082971000002,1.03,0.0,0.0,0.0
24.621425586,1.02,0.0,0.0,0.0
24.622083192,1.02,0.0,0.0,0.0
24.623175541000002,1.02,0.0,0.0,0.0
24.624542839,1.01,0.0,0.0,0.0
24.62507941,1.01,0.0,0.01,0.0
24.626394161,1.01,0.0,0.0,0.0
24.627081804000003,0.99,0.0,0.0,0.0
24.628437715,0.99,0.0,0.0,0.0
24.629086692,0.99,0.0,0.0,0.0
24.630458845000003,0.99,0.0,0.0,0.0
24.632440116,0.99,0.0,0.0,0.0
24.633085485000002,0.98,0.0,0.0,0.0
24.634416045000002,0.98,0.0,0.0,0.0
24.635084642000002,0.98,0.0,0.0,0.0
24.636425159,0.99,0.0,0.0,0.0
24.637085484,0.99,0.0,0.0,0.0
24.638421184000002,0.99,0.0,0.0,0.0
24.639081835000002,0.99,0.0,0.0,0.0
24.640290996,0.98,0.0,0.0,0.0
24.64108564,0.98,0.0,0.0,0.0
24.642329241000002,0.99,0.0,0.0,0.0
24.643120523,0.99,0.0,0.0,0.0
24.64435211,0.99,0.0,0.0,0.0
24.646414804000003,0.99,0.0,0.0,0.0
24.647100712,0.99,0.0,0.01,0.0
24.648186073,1.01,0.0,0.0,0.0
24.649152737,1.01,0.0,0.0,0.0
24.650256416,1.01,0.0,0.0,0.0
24.651193217000003,1.02,0.0,0.0,0.0
24.652372774,1.01,0.0,0.0,0.0
24.653127881000003,1.01,0.0,0.0,0.0
24.654088196,1.02,0.0,0.0,0.0
24.655190217,1.01,0.0,0.0,0.0
24.656163132000003,1.02,0.0,0.0,0.0
24.657159895000003,1.02,0.0,0.0,0.0
24.658307027000003,1.02,0.0,0.0,0.0
24.659154647,1.02,0.0,0.0,0.0
24.660304989,1.02,0.0,0.0,0.0
24.66241124,1.02,0.0,0.0,0.0
24.663097229,1.03,0.0,0.0,0.0
24.664479302,1.03,0.0,0.0,0.0
24.665099048000002,1.02,0.0,0.0,0.0
24.666402162,1.03,0.0,0.0,0.0
24.667095827,1.02,0.0,0.0,0.0
24.668417802,1.02,0.0,0.0,0.0
24.669091812,1.03,0.0,0.0,0.0
24.670327309,1.02,0.0,0.0,0.0
24.671115695,1.02,0.0,0.0,0.0
24.672290118000003,1.02,0.0,0.0,0.0
24.673184678000002,1.02,0.0,0.0,0.0
24.674488665000002,1.02,0.0,0.0,0.0
24.676434517,1.03,0.0,0.0,0.0
24.677095337,1.03,0.0,0.0,0.0
24.678404155000003,1.03,0.0,0.0,0.0
24.67909595,1.03,0.0,0.0,0.0
24.680420315000003,1.03,0.0,0.0,0.0
24.681108238,1.03,0.0,0.0,0.0
24.682123345,1.02,0.0,0.0,0.0
24.683144973,1.03,0.0,0.0,0.0
24.684139368,1.03,0.0,0.0,0.0
24.685258348,1.03,0.0,0.0,0.0
24.686133657000003,1.03,0.0,0.0,0.0
24.687292458,1.03,0.0,0.0,0.0
24.688152879,1.03,0.0,0.0,0.0
24.689472707,1.03,0.0,0.0,0.0
24.691450072000002,1.02,0.0,0.0,0.0
24.692092854000002,1.02,0.0,0.0,0.0
24.693407667000002,1.02,0.0,0.0,0.0
24.694092389,1.02,0.0,0.0,0.0
24.695427267000003,1.02,0.0,0.0,0.0
24.696091260000003,1.02,0.0,0.0,0.0
24.697414365,1.02,0.0,0.0,0.0
24.698094311000002,1.02,0.0,0.0,0.0
24.699431224,1.02,0.0,0.0,0.0
24.700078882000003,1.03,0.0,0.0,0.0
24.701279083000003,1.02,0.0,0.0,0.0
24.702080405,1.02,0.0,0.0,0.0
24.703389345,1.02,0.0,0.0,0.0
24.704085602000003,1.01,0.0,0.0,0.0
24.705433388000003,1.0,0.0,0.0,0.0
24.707435831,1.0,0.0,0.0,0.0
24.708096913000002,1.0,0.0,0.0,0.0
24.709262906000003,0.98,0.0,0.0,0.0
24.710094697000002,0.98,0.0,0.0,0.0
24.711453681000002,0.98,0.0,0.0,0.0
24.712100587000002,0.98,0.0,0.0,0.0
24.713410330000002,0.97,0.0,0.0,0.0
24.714104132000003,0.97,0.0,0.0,0.0
24.715274763,0.98,0.0,0.0,0.0
24.716089192000002,0.96,0.0,0.0,0.0
24.717308655,0.96,0.0,0.0,0.0
24.718164209,0.96,0.0,0.0,0.0
24.719395508,0.95,0.0,0.0,0.0
24.720087292000002,0.95,0.0,0.0,0.0
24.721467578000002,0.95,0.0,0.0,0.0
24.723428773000002,0.94,0.0,0.0,0.0
24.724088812,0.94,0.0,0.0,0.0
24.725427617,0.91,0.01,0.0,0.0
24.726081843000003,0.9,0.0,0.0,0.0
24.727428005,0.9,0.0,0.0,0.0
24.728085262,0.89,0.0,0.0,0.0
24.729140408000003,0.87,0.0,0.0,0.0
24.730560863,0.87,0.0,0.0,0.0
24.731082623000002,0.87,0.0,0.0,0.0
24.732349733000003,0.87,0.0,0.0,0.0
24.733085648000003,0.88,0.0,0.0,0.0
24.73444951,0.87,0.0,0.0,0.0
24.736436334,0.87,0.0,0.0,0.0
24.737092016000002,0.87,0.0,0.0,0.0
24.738308205000003,0.88,0.0,0.0,0.0
24.739127907,0.87,0.0,0.0,0.0
24.740353545,0.86,0.0,0.0,0.0
24.741204033000002,0.85,0.0,0.0,0.0
24.742161986000003,0.86,0.0,0.0,0.0
24.743242136000003,0.85,0.0,0.0,0.0
24.744199813,0.85,0.0,0.0,0.0
24.74522371,0.81,0.0,0.0,0.0
24.746131508,0.81,0.0,0.01,0.0
24.747183244000002,0.81,0.0,0.0,0.0
24.748144176,0.79,0.0,0.0,0.0
24.749167018,0.8,0.0,0.0,0.0
24.75019251,0.79,0.0,0.0,0.0
24.752388034000003,0.79,0.0,0.0,0.0
24.753179765000002,0.75,0.0,0.0,0.0
24.754189475,0.74,0.0,0.0,0.0
24.755206345,0.76,0.0,0.0,0.0
24.756213903000003,0.77,0.0,0.0,0.0
24.757209213000003,0.75,0.0,0.0,0.0
24.758204028,0.74,0.0,0.0,0.0
24.759207541000002,0.73,0.0,0.0,0.0
24.760196234000002,0.73,0.0,0.0,0.0
24.76119165,0.73,0.0,0.0,0.0
24.762174672,0.73,0.0,0.0,0.0
24.763177087000003,0.72,0.0,0.0,0.0
24.764177431,0.72,0.0,0.0,0.0
24.766409760000002,0.72,0.0,0.0,0.0
24.767267882000002,0.71,0.0,0.0,0.0
24.768179032000003,0.71,0.0,0.0,0.0
24.769147388,0.71,0.0,0.0,0.0
24.770167577000002,0.69,0.0,0.0,0.0
24.771175661,0.68,0.0,0.0,0.0
24.772187609000003,0.66,0.0,0.0,0.0
24.77317418,0.66,0.0,0.0,0.0
24.774124882000002,0.66,0.0,0.0,0.0
24.775190468,0.64,0.0,0.0,0.0
24.776166828,0.65,0.0,0.0,0.0
24.777321122,0.66,0.0,0.0,0.0
24.778119656,0.65,0.0,0.0,0.0
24.77918189,0.67,0.0,0.0,0.0
24.780185748,0.66,0.0,0.0,0.0
24.782345854000003,0.66,0.0,0.0,0.0
24.783111139000003,0.65,0.0,0.0,0.0
24.7842065,0.65,0.0,0.0,0.0
24.785204211,0.65,0.0,0.0,0.0
24.786137187,0.66,0.0,0.0,0.0
24.787313895,0.66,0.0,0.0,0.0
24.788094139000002,0.67,0.0,0.0,0.0
24.789351647,0.66,0.0,0.0,0.0
24.790092094000002,0.68,0.0,0.0,0.0
24.791302690000002,0.68,0.0,0.0,0.0
24.792171863,0.68,0.0,0.0,0.0
24.793342836,0.7,0.0,0.0,0.0
24.794079935000003,0.7,0.0,0.0,0.0
24.795413035000003,0.7,0.0,0.0,0.0
24.797244605000003,0.7,0.0,0.0,0.0
24.798239447,0.7,0.0,0.0,0.0
24.799105417,0.7,0.0,0.0,0.0
24.800201463,0.7,0.0,0.0,0.0
24.801153105,0.68,0.0,0.0,0.0
24.802188603,0.69,0.0,0.0,0.0
24.803232245,0.7,0.0,0.0,0.0
24.804188427000003,0.7,0.0,0.0,0.0
24.805201121000003,0.7,0.0,0.0,0.0
24.806244013,0.71,0.0,0.0,0.0
24.807271642,0.71,0.0,0.0,0.0
24.808330559,0.69,0.0,0.0,0.0
24.809148634000003,0.68,0.0,0.0,0.0
24.810199597,0.68,0.0,0.0,0.0
24.811211966000002,0.69,0.0,0.0,0.0
24.813369108,0.71,0.0,0.0,0.0
24.814180819,0.71,0.0,0.01,0.0
24.81514916,0.72,0.0,0.0,0.0
24.816165727,0.75,0.0,0.0,0.0
24.817197899,0.75,0.0,0.0,0.0
24.818198367,0.74,0.0,0.0,0.0
24.819220169,0.75,0.0,0.0,0.0
24.820195781000002,0.75,0.0,0.0,0.0
24.821167875,0.74,0.0,0.0,0.0
24.822172249,0.74,0.0,0.0,0.0
24.823309339,0.75,0.0,0.0,0.0
24.824107428,0.75,0.0,0.0,0.0
24.825316453000003,0.74,0.0,0.0,0.0
24.827389464000003,0.73,0.0,0.0,0.0
24.828114113,0.74,0.0,0.0,0.0
24.829144121000002,0.73,0.0,0.0,0.0
24.830203573000002,0.78,0.0,0.0,0.0
24.831244610000002,0.78,0.0,0.0,0.01
24.832088317,0.79,0.0,0.0,0.0
24.833121589,0.78,0.0,0.0,0.0
24.834143849,0.78,0.0,0.0,0.0
24.835260982,0.78,0.0,0.0,0.0
24.836180363,0.78,0.0,0.0,0.0
24.837195078,0.77,0.0,0.0,0.0
24.838152175,0.78,0.0,0.0,0.0
24.839357755,0.78,0.0,0.0,0.0
24.840077673000003,0.79,0.0,0.0,0.0
24.841363280000003,0.79,0.0,0.0,0.0
24.843397931000002,0.79,0.0,0.0,0.0
24.844096174,0.79,0.0,0.0,0.0
24.84526086,0.8,0.0,0.0,0.0
24.846200695,0.79,0.0,0.0,0.0
24.847084792,0.8,0.0,0.0,0.0
24.848408926,0.8,0.0,0.0,0.0
24.84908454,0.81,0.0,0.0,0.0
24.85025235,0.81,0.0,0.0,0.0
24.851161515,0.81,0.0,0.0,0.0
24.852156693,0.82,0.0,0.0,0.0
24.853069675,0.82,0.0,0.0,0.0
24.854285165,0.82,0.0,0.0,0.0
24.856368719000002,0.82,0.0,0.0,0.0
24.857084951,0.83,0.0,0.0,0.0
24.858203845000002,0.82,0.0,0.0,0.0
24.859110209,0.83,0.0,0.0,0.0
24.860180127000003,0.83,0.0,0.0,0.0
24.861159590000003,0.83,0.0,0.0,0.0
24.862120134,0.83,0.0,0.0,0.0
24.863112418,0.83,0.0,0.0,0.0
24.864151116000002,0.83,0.0,0.0,0.0
24.865106707000002,0.84,0.0,0.0,0.0
24.866076071000002,0.84,0.0,0.0,0.0
24.867149805,0.84,0.0,0.0,0.0
24.868149387000003,0.84,0.0,0.0,0.0
24.869099761,0.84,0.0,0.0,0.0
24.870157315,0.83,0.0,0.0,0.0
24.872343487000002,0.83,0.0,0.0,0.0
24.873095018,0.83,0.0,0.0,0.0
24.874215534,0.83,0.0,0.0,0.0
24.875117404,0.84,0.0,0.0,0.0
24.876220579,0.84,0.0,0.0,0.0
24.877162361,0.83,0.0,0.0,0.0
24.878211309,0.83,0.0,0.0,0.0
24.879157446,0.83,0.0,0.0,0.0
24.880114822000003,0.83,0.0,0.0,0.0
24.881286159000002,0.83,0.0,0.0,0.0
24.882161963,0.83,0.0,0.0,0.0
24.883317267000002,0.83,0.0,0.0,0.0
24.884139391,0.83,0.0,0.0,0.0
24.885858032,0.83,0.0,0.0,0.0
24.886196,0.83,0.0,0.0,0.0
24.888397541,0.83,0.0,0.0,0.0
24.889069793,0.83,0.0,0.0,0.0
24.890380612,0.83,0.0,0.01,0.0
24.891068403000002,0.82,0.0,0.0,0.0
24.892307335,0.82,0.0,0.0,0.0
24.893068889000002,0.82,0.0,0.0,0.0
24.894114180000003,0.82,0.0,0.0,0.0
24.895236182,0.81,0.0,0.0,0.0
24.896110500000002,0.82,0.0,0.0,0.0
24.897102787,0.81,0.0,0.0,0.0
24.898124219000003,0.81,0.0,0.0,0.0
24.899242689,0.81,0.0,0.0,0.0
24.900073934,0.81,0.0,0.0,0.0
24.901350178,0.8,0.0,0.01,0.0
24.903132869,0.81,0.0,0.0,0.0
24.904116226000003,0.81,0.0,0.0,0.0
24.905186726,0.81,0.0,0.0,0.0
24.906250974000002,0.82,0.0,0.0,0.0
24.907256502000003,0.82,0.0,0.0,0.0
24.908105651000003,0.81,0.0,0.0,0.0
24.909367835,0.82,0.0,0.0,0.0
24.910076919,0.82,0.0,0.01,0.0
24.911262162,0.82,0.0,0.0,0.0
24.912179363,0.82,0.0,0.0,0.0
24.913091737000002,0.82,0.0,0.0,0.0
24.914171829,0.82,0.0,0.0,0.0
24.915213976,0.82,0.0,0.0,0.01
24.917378989000003,0.82,0.0,0.0,0.0
24.918084796000002,0.82,0.0,0.0,0.0
24.919236199,0.82,0.0,0.0,0.0
24.920238193000003,0.82,0.0,0.0,0.0
24.921229327000002,0.82,0.0,0.0,0.0
24.922237608000003,0.83,0.0,0.0,0.0
24.923230555,0.81,0.0,0.0,0.0
24.924240337,0.83,0.0,0.0,0.0
24.925247886,0.82,0.0,0.0,0.0
24.926083325,0.83,0.0,0.0,0.0
24.927343519,0.82,0.0,0.0,0.0
24.928126573,0.82,0.0,0.0,0.0
24.929288672000002,0.82,0.0,0.0,0.0
24.930133815,0.82,0.0,0.0,0.0
24.93123839,0.82,0.0,0.0,0.0
24.933394719000002,0.82,0.0,0.0,0.0
24.934086518,0.84,0.0,0.0,0.0
24.935353976000002,0.82,0.0,0.0,0.0
24.936116317000003,0.81,0.0,0.0,0.0
24.937242144000002,0.82,0.0,0.0,0.0
24.938234615000002,0.82,0.0,0.0,0.0
24.939231476,0.82,0.0,0.0,0.0
24.94023185,0.82,0.0,0.0,0.0
24.941176739000003,0.82,0.0,0.0,0.0
24.942335213,0.82,0.0,0.0,0.0
24.94311593,0.82,0.0,0.0,0.0
24.944139016,0.82,0.01,0.0,0.0
24.945079215,0.82,0.0,0.0,0.0
24.946325820000002,0.82,0.0,0.0,0.0
24.948244962,0.82,0.0,0.0,0.0
24.949221035,0.82,0.0,0.0,0.0
24.950120377,0.82,0.0,0.0,0.0
24.951403243,0.81,0.0,0.0,0.0
24.952079267000002,0.81,0.0,0.0,0.01
24.953247862,0.8,0.0,0.0,0.0
24.95419864,0.8,0.0,0.0,0.0
24.955249775000002,0.8,0.0,0.0,0.0
24.95610973,0.8,0.0,0.0,0.0
24.957271976,0.81,0.0,0.0,0.0
24.958122043000003,0.81,0.0,0.0,0.0
24.959273898000003,0.8,0.0,0.0,0.0
24.960080364000003,0.81,0.0,0.0,0.0
24.961259038,0.81,0.0,0.0,0.0
24.963353321000003,0.81,0.0,0.0,0.0
24.964089859,0.8,0.0,0.0,0.0
24.965360476,0.8,0.0,0.0,0.0
24.966077601000002,0.8,0.0,0.0,0.0
24.967369239,0.8,0.0,0.0,0.0
24.968075139000003,0.8,0.0,0.0,0.0
24.969395271,0.79,0.0,0.0,0.0
24.970076268000003,0.79,0.0,0.0,0.0
24.971381235000003,0.8,0.0,0.0,0.0
24.97210707,0.79,0.0,0.0,0.0
24.973234492000003,0.79,0.0,0.0,0.0
24.974098157,0.79,0.0,0.0,0.0
24.975402041000002,0.8,0.0,0.0,0.0
24.977416358000003,0.79,0.0,0.0,0.0
24.978085016,0.79,0.0,0.0,0.0
24.979335821000003,0.79,0.0,0.0,0.0
24.980083425,0.8,0.0,0.0,0.0
24.981236069,0.79,0.0,0.0,0.0
24.982081171,0.78,0.0,0.0,0.0
24.983251083000003,0.79,0.0,0.0,0.0
24.984149128000002,0.79,0.01,0.0,0.0
24.985167831000002,0.79,0.0,0.0,0.0
24.986074427000002,0.79,0.0,0.0,0.0
24.987280043000002,0.78,0.0,0.0,0.0
24.988134722,0.79,0.0,0.0,0.0
24.989352165000003,0.79,0.0,0.0,0.0
24.990078581000002,0.79,0.0,0.0,0.0
24.991423149000003,0.78,0.0,0.0,0.0
24.993359259,0.79,0.0,0.0,0.0
24.994087938,0.79,0.0,0.0,0.0
24.995156188000003,0.8,0.0,0.0,0.0
24.996239715,0.79,0.0,0.0,0.0
24.997228879,0.78,0.0,0.0,0.0
24.998101719,0.79,0.0,0.0,0.0
24.999353983000002,0.79,0.0,0.0,0.0
25.000080586000003,0.79,0.0,0.0,0.0
25.001349798000003,0.79,0.0,0.0,0.0
25.002081333000003,0.79,0.0,0.0,0.0
25.003128250000003,0.79,0.0,0.0,0.0
25.004158738,0.8,0.0,0.0,0.0
25.006380373000002,0.8,0.01,0.0,0.0
25.007086391,0.8,0.0,0.0,0.0
25.008225457,0.81,0.0,0.0,0.0
25.009224058,0.81,0.0,0.0,0.0
25.01022271,0.8,0.0,0.0,0.0
25.011075436000002,0.81,0.0,0.0,0.0
25.012335869,0.81,0.0,0.0,0.0
25.013086507,0.81,0.0,0.0,0.01
25.014320139000002,0.82,0.0,0.0,0.0
25.015156645,0.83,0.0,0.0,0.0
25.016377545,0.83,0.0,0.0,0.0
25.017114338000003,0.84,0.0,0.0,0.0
25.018273801000003,0.86,0.0,0.0,0.0
25.019078483,0.87,0.0,0.0,0.0
25.020327002000002,0.87,0.0,0.0,0.0
25.022292606,0.88,0.0,0.0,0.0
25.023191762000003,0.88,0.0,0.0,0.0
25.024129823000003,0.89,0.0,0.0,0.0
25.02535413,0.89,0.0,0.0,0.0
25.026077885000003,0.9,0.0,0.0,0.0
25.027401799000003,0.89,0.0,0.0,0.0
25.028111151,0.9,0.0,0.0,0.0
25.029582797000003,0.9,0.0,0.0,0.0
25.030075994,0.91,0.0,0.0,0.0
25.031222695,0.91,0.0,0.0,0.0
25.03217961,0.94,0.0,0.0,0.0
25.033152978,0.95,0.0,0.0,0.0
25.03426207,0.96,0.0,0.0,0.0
25.035166275,0.95,0.0,0.0,0.0
25.037357439,0.98,0.0,0.0,0.0
25.038112318000003,0.98,0.0,0.0,0.0
25.039239819000002,0.98,0.0,0.0,0.0
25.040247561,0.99,0.0,0.0,0.0
25.041145027000002,0.99,0.0,0.0,0.0
25.04236566,0.99,0.0,0.0,0.0
25.043080568,1.0,0.0,0.0,0.0
25.044133701,1.01,0.0,0.0,0.0
25.045151645,1.01,0.0,0.0,0.0
25.046250919000002,1.03,0.0,0.0,0.0
25.047243199,1.03,0.0,0.0,0.0
25.048095468000003,1.05,0.0,0.0,0.0
25.049068349000002,1.05,0.0,0.0,0.0
25.050268178000003,1.05,0.0,0.0,0.0
25.051166157,1.06,0.0,0.0,0.0
25.053314429,1.06,0.0,0.0,0.0
25.054092880000002,1.08,0.0,0.0,0.0
25.05524424,1.08,0.0,0.0,0.0
25.05616178,1.08,0.0,0.0,0.0
25.057233116000003,1.08,0.0,0.0,0.0
25.058234306000003,1.09,0.0,0.0,0.0
25.059233838,1.1,0.0,0.0,0.0
25.060220729,1.1,0.0,0.0,0.0
25.061184788000002,1.1,0.0,0.0,0.0
25.062266643,1.11,0.0,0.0,0.0
25.063151432,1.12,0.0,0.0,0.0
25.064227235,1.12,0.0,0.0,0.0
25.065162724,1.13,0.0,0.0,0.0
25.067335262,1.14,0.0,0.0,0.0
25.068085988,1.14,0.0,0.0,0.0
25.069232486,1.14,0.0,0.0,0.0
25.070233811,1.14,0.0,0.0,0.0
25.071237781,1.15,0.0,0.0,0.0
25.072235116,1.16,0.0,0.0,0.0
25.07324016,1.17,0.0,0.0,0.0
25.07434758,1.17,0.0,0.0,0.0
25.075082049000002,1.17,0.0,0.0,0.0
25.076347041000002,1.19,0.0,0.0,0.0
25.077214467,1.2,0.0,0.0,0.0
25.078075468,1.22,0.0,0.0,0.0
25.079280465,1.22,0.0,0.0,0.0
25.08016156,1.22,0.0,0.0,0.0
25.081122342,1.23,0.0,0.0,0.0
25.082238611,1.23,0.0,0.0,0.0
25.084353642,1.24,0.01,0.0,0.0
25.085123082000003,1.25,0.0,0.0,0.0
25.086343578,1.25,0.0,0.0,0.0
25.087324220000003,1.25,0.0,0.0,0.0
25.088241393,1.25,0.0,0.0,0.0
25.089266728000002,1.26,0.0,0.0,0.0
25.090057878000003,1.27,0.0,0.0,0.0
25.091434946000003,1.27,0.0,0.0,0.0
25.092071038,1.27,0.0,0.0,0.0
25.093264519,1.27,0.0,0.0,0.0
25.09407543,1.26,0.0,0.0,0.0
25.095312470000003,1.27,0.0,0.0,0.0
25.097359524,1.27,0.0,0.0,0.0
25.098075504,1.28,0.0,0.0,0.0
25.099362902000003,1.28,0.01,0.0,0.0
25.100073352000003,1.28,0.0,0.0,0.0
25.101366832,1.3,0.0,0.0,0.0
25.102073601,1.29,0.0,0.0,0.0
25.103259796000003,1.3,0.0,0.0,0.0
25.104221589,1.3,0.0,0.0,0.0
25.105257188000003,1.3,0.0,0.0,0.0
25.106241750000002,1.32,0.0,0.0,0.0
25.107167173,1.35,0.0,0.0,0.0
25.108269134,1.35,0.0,0.0,0.0
25.109105239,1.35,0.0,0.0,0.0
25.110272445000003,1.36,0.0,0.01,0.0
25.111141771000003,1.37,0.0,0.0,0.0
25.112284607000003,1.39,0.0,0.0,0.0
25.114179592000003,1.4,0.0,0.0,0.0
25.115236498,1.4,0.0,0.0,0.0
25.116135114000002,1.41,0.0,0.0,0.0
25.117173635,1.42,0.0,0.0,0.0
25.11824998,1.43,0.0,0.0,0.0
25.119251755,1.45,0.0,0.0,0.0
25.120066140000002,1.46,0.0,0.0,0.0
25.121307881,1.47,0.0,0.0,0.0
25.122109660000003,1.47,0.0,0.0,0.0
25.123250964,1.48,0.0,0.0,0.0
25.124154883000003,1.49,0.0,0.0,0.0
25.125294884000002,1.49,0.0,0.0,0.0
25.126142827000002,1.5,0.0,0.0,0.0
25.127402165000003,1.53,0.0,0.0,0.0
25.129461652,1.53,0.0,0.0,0.0
25.130084278,1.54,0.0,0.0,0.0
25.13111623,1.54,0.0,0.0,0.0
25.132258977000003,1.55,0.0,0.0,0.0
25.133178110000003,1.57,0.0,0.0,0.0
25.134091275000003,1.58,0.0,0.0,0.01
25.135222396000003,1.58,0.0,0.0,0.0
25.136174589000003,1.59,0.0,0.0,0.0
25.137221598,1.6,0.0,0.0,0.0
25.138148494000003,1.61,0.0,0.0,0.0
25.139241428000002,1.63,0.0,0.0,0.0
25.140086845000003,1.64,0.0,0.0,0.0
25.141282283000002,1.64,0.0,0.0,0.0
25.142129248,1.65,0.0,0.0,0.0
25.143330771000002,1.66,0.0,0.0,0.0
25.145337888,1.67,0.0,0.0,0.0
25.146086727,1.67,0.0,0.0,0.0
25.147307728,1.67,0.0,0.0,0.0
25.148079006000003,1.68,0.0,0.0,0.0
25.149226740000003,1.69,0.01,0.0,0.0
25.150072948000002,1.69,0.0,0.0,0.0
25.151403901000002,1.69,0.0,0.0,0.0
25.152089245000003,1.69,0.0,0.0,0.0
25.153144064000003,1.71,0.0,0.0,0.0
25.154121649,1.7,0.0,0.0,0.0
25.155281552,1.72,0.0,0.0,0.0
25.156109771,1.73,0.0,0.0,0.0
25.157330943,1.73,0.0,0.0,0.0
25.159357861,1.73,0.0,0.0,0.0
25.160086385000003,1.74,0.0,0.0,0.01
25.161235862,1.75,0.0,0.0,0.0
25.162229501000002,1.75,0.0,0.0,0.0
25.163256885000003,1.76,0.0,0.0,0.0
25.164180931,1.76,0.0,0.0,0.0
25.165232136,1.76,0.0,0.0,0.0
25.166207566,1.76,0.0,0.0,0.0
25.167137496000002,1.77,0.0,0.0,0.0
25.168245521000003,1.77,0.0,0.0,0.0
25.169120981000003,1.78,0.0,0.0,0.0
25.170119130000003,1.78,0.0,0.0,0.0
25.171248548,1.78,0.0,0.0,0.0
25.172205910000002,1.78,0.0,0.0,0.0
25.174403976,1.79,0.0,0.0,0.0
25.175088794,1.79,0.0,0.0,0.0
25.176355479,1.8,0.0,0.0,0.0
25.177086124000002,1.81,0.0,0.0,0.0
25.178081807,1.8,0.0,0.0,0.0
25.179151269000002,1.81,0.0,0.0,0.0
25.180217589,1.81,0.0,0.0,0.0
25.181113871,1.81,0.0,0.0,0.0
25.182486217,1.82,0.0,0.0,0.0
25.183089603000003,1.82,0.0,0.0,0.0
25.184454056,1.83,0.0,0.0,0.0
25.185090422000002,1.82,0.0,0.0,0.0
25.186231182,1.83,0.0,0.01,0.0
25.188457040000003,1.84,0.0,0.0,0.0
25.189084451000003,1.84,0.0,0.0,0.0
25.190350372,1.84,0.0,0.0,0.0
25.191082761,1.84,0.0,0.0,0.0
25.192363163000003,1.85,0.0,0.0,0.0
25.193080838,1.85,0.0,0.0,0.0
25.194185965000003,1.85,0.0,0.0,0.0
25.195222367000003,1.86,0.0,0.0,0.0
25.196235584,1.86,0.0,0.0,0.0
25.197117516000002,1.86,0.0,0.0,0.0
25.198233064,1.86,0.0,0.0,0.0
25.199163414,1.86,0.0,0.0,0.0
25.200325036000002,1.86,0.0,0.0,0.0
25.201122921000003,1.87,0.0,0.0,0.0
25.202393437,1.86,0.0,0.0,0.0
25.204354377,1.87,0.01,0.0,0.0
25.205127873000002,1.87,0.0,0.0,0.0
25.206111992,1.89,0.0,0.0,0.0
25.20725562,1.88,0.0,0.0,0.0
25.208204768,1.88,0.0,0.0,0.0
25.209239773,1.88,0.0,0.0,0.0
25.210239434000002,1.88,0.0,0.0,0.0
25.211216961,1.89,0.0,0.0,0.0
25.212126702000003,1.89,0.0,0.0,0.0
25.213269116000003,1.89,0.0,0.0,0.0
25.214083909000003,1.9,0.0,0.0,0.0
25.215270088,1.9,0.0,0.0,0.0
25.217044918000003,1.9,0.0,0.0,0.0
25.218425743,1.9,0.0,0.0,0.0
25.219073161,1.91,0.0,0.0,0.0
25.220263420000002,1.91,0.0,0.0,0.0
25.221106755,1.91,0.0,0.0,0.0
25.222236354000003,1.91,0.0,0.0,0.0
25.223167401,1.92,0.0,0.0,0.0
25.224152733,1.92,0.0,0.0,0.0
25.225392427000003,1.92,0.0,0.0,0.0
25.226071751000003,1.92,0.0,0.0,0.0
25.227509041,1.92,0.0,0.0,0.0
25.228068118000003,1.92,0.0,0.0,0.0
25.229232914,1.93,0.0,0.0,0.0
25.230071916,1.93,0.0,0.0,0.0
25.231173511,1.93,0.0,0.0,0.0
25.232068288,1.94,0.0,0.0,0.0
25.234282285000003,1.94,0.0,0.0,0.0
25.235233722,1.94,0.0,0.0,0.0
25.236295669,1.95,0.0,0.0,0.0
25.237068586000003,1.94,0.0,0.0,0.0
25.238109879000003,1.95,0.0,0.0,0.0
25.239238816,1.95,0.0,0.0,0.0
25.240261675000003,1.95,0.0,0.0,0.0
25.241264801,1.95,0.0,0.0,0.0
25.242210162000003,1.95,0.01,0.0,0.0
25.243207713,1.95,0.0,0.0,0.0
25.244095694000002,1.95,0.0,0.0,0.0
25.245126645000003,1.95,0.0,0.0,0.0
25.246205890000002,1.95,0.0,0.0,0.0
25.247175727000002,1.95,0.0,0.0,0.0
25.249249966,1.96,0.0,0.0,0.0
25.250203187,1.95,0.0,0.0,0.0
25.251235531000003,1.95,0.0,0.0,0.0
25.252221018,1.95,0.0,0.0,0.0
25.253167412,1.96,0.0,0.0,0.0
25.254160745,1.96,0.0,0.0,0.0
25.255199134,1.96,0.0,0.0,0.0
25.256189662,1.96,0.0,0.0,0.0
25.257219177000003,1.96,0.0,0.0,0.0
25.258232217000003,1.96,0.0,0.0,0.0
25.25925784,1.96,0.0,0.0,0.0
25.260355396,1.96,0.0,0.0,0.0
25.261248109,1.96,0.0,0.0,0.0
25.262317284,1.96,0.0,0.0,0.0
25.263282805000003,1.96,0.0,0.0,0.0
25.265314757000002,1.97,0.0,0.0,0.0
25.26625067,1.97,0.0,0.0,0.0
25.267186367,1.97,0.0,0.0,0.0
25.268160913000003,1.96,0.0,0.0,0.0
25.269192241000002,1.97,0.0,0.01,0.0
25.270189766,1.97,0.0,0.0,0.0
25.271230394,1.97,0.0,0.0,0.0
25.272157689,1.97,0.0,0.0,0.0
25.273226261,1.96,0.0,0.0,0.0
25.274137921,1.97,0.0,0.0,0.0
25.275179588,1.97,0.0,0.0,0.0
25.276178001,1.97,0.0,0.0,0.0
25.277189558,1.97,0.0,0.0,0.0
25.279306243,1.97,0.0,0.0,0.0
25.280124641,1.98,0.0,0.0,0.0
25.281277771000003,1.98,0.0,0.0,0.0
25.282114223,1.98,0.0,0.0,0.0
25.283260037,1.98,0.0,0.0,0.0
25.284216164,1.98,0.01,0.0,0.0
25.285136310000002,1.98,0.0,0.0,0.0
25.286308603000002,1.98,0.0,0.0,0.0
25.287105691,1.98,0.0,0.0,0.0
25.288489362,1.98,0.01,0.0,0.0
25.289104472000002,1.98,0.0,0.0,0.0
25.290315557000003,1.98,0.0,0.0,0.0
25.291125113000003,1.98,0.0,0.0,0.0
25.292325811,1.98,0.0,0.0,0.0
25.294316743000003,1.98,0.0,0.0,0.0
25.295145239,1.98,0.0,0.0,0.0
25.29626842,1.98,0.0,0.0,0.0
25.297222821000002,1.98,0.0,0.01,0.0
25.298125784000003,1.99,0.0,0.0,0.0
25.29915318,1.99,0.0,0.0,0.0
25.300299565000003,1.99,0.0,0.0,0.0
25.301133277,1.99,0.0,0.0,0.01
25.302313374,2.0,0.0,0.0,0.0
25.303097682,2.0,0.0,0.0,0.0
25.304151768,2.0,0.0,0.0,0.0
25.305192346000002,2.0,0.0,0.0,0.0
25.306178584,2.0,0.0,0.0,0.0
25.30720054,2.0,0.0,0.0,0.0
25.308220452,2.0,0.0,0.0,0.0
25.310459247,2.02,0.0,0.0,0.0
25.311097356,2.01,0.0,0.0,0.0
25.312425731,2.02,0.0,0.0,0.0
25.313100654000003,2.02,0.0,0.0,0.0
25.314372744,2.02,0.0,0.0,0.0
25.315098666,2.02,0.0,0.0,0.0
25.316127183000003,2.03,0.0,0.0,0.0
25.317420958000003,2.03,0.0,0.0,0.0
25.318092154000002,2.03,0.0,0.01,0.0
25.319296298,2.03,0.0,0.0,0.0
25.320102907000003,2.03,0.0,0.0,0.0
25.321386134,2.03,0.0,0.0,0.0
25.322084848000003,2.03,0.0,0.0,0.0
25.323333743000003,2.03,0.0,0.0,0.0
25.325139061,2.03,0.0,0.0,0.0
25.326088234,2.03,0.0,0.0,0.0
25.327269355000002,2.03,0.0,0.0,0.0
25.328237660000003,2.03,0.0,0.0,0.0
25.329164169000002,2.03,0.0,0.0,0.0
25.330200629,2.03,0.0,0.0,0.0
25.331078955000002,2.03,0.0,0.0,0.0
25.332296626,2.03,0.01,0.0,0.0
25.333205747,2.03,0.0,0.0,0.0
25.334199954000002,2.03,0.0,0.0,0.0
25.335184318000003,2.02,0.0,0.0,0.0
25.336410071000003,2.03,0.0,0.0,0.0
25.337098131,2.03,0.0,0.0,0.0
25.338278828,2.03,0.0,0.0,0.0
25.340406638,2.03,0.0,0.0,0.0
25.341092071000002,2.04,0.0,0.0,0.0
25.342128335,2.04,0.0,0.0,0.0
25.343250465,2.04,0.0,0.0,0.0
25.344137810000003,2.04,0.0,0.0,0.0
25.345316986,2.04,0.0,0.0,0.0
25.346127325,2.04,0.0,0.0,0.0
25.347404454000003,2.06,0.0,0.0,0.0
25.348099089,2.05,0.0,0.0,0.0
25.349327686000002,2.05,0.0,0.0,0.0
25.350124994,2.05,0.0,0.0,0.0
25.351310924,2.05,0.01,0.0,0.0
25.352094513,2.05,0.0,0.0,0.0
25.353339134000002,2.05,0.0,0.0,0.0
25.355425378000003,2.05,0.0,0.0,0.0
25.356140563,2.05,0.0,0.0,0.0
25.357094532,2.05,0.0,0.0,0.0
25.358327778000003,2.05,0.0,0.0,0.0
25.359070526,2.05,0.0,0.0,0.0
25.360136633000003,2.05,0.0,0.0,0.0
25.361182748,2.05,0.0,0.0,0.0
25.362128677,2.05,0.0,0.0,0.0
25.363197683000003,2.05,0.0,0.0,0.0
25.364129156,2.05,0.0,0.0,0.0
25.365182457000003,2.05,0.01,0.0,0.0
25.366175628,2.05,0.0,0.0,0.0
25.368437311,2.05,0.0,0.0,0.0
25.369104914,2.05,0.0,0.0,0.0
25.37013859,2.05,0.0,0.0,0.0
25.371230670000003,2.05,0.0,0.0,0.0
25.372232046,2.05,0.0,0.0,0.0
25.373139146000003,2.05,0.0,0.0,0.0
25.374256607000003,2.05,0.0,0.0,0.0
25.375223246,2.05,0.0,0.0,0.0
25.376148709000002,2.05,0.0,0.0,0.0
25.37740201,2.05,0.0,0.0,0.0
25.378103677000002,2.05,0.0,0.0,0.0
25.379304599,2.05,0.0,0.0,0.0
25.380138236,2.05,0.0,0.0,0.0
25.38123878,2.05,0.0,0.0,0.0
25.382093673,2.05,0.0,0.0,0.0
25.383426421000003,2.06,0.0,0.0,0.0
25.38529402,2.05,0.0,0.0,0.0
25.386106582,2.06,0.0,0.0,0.0
25.387092993000003,2.06,0.0,0.0,0.0
25.388274747,2.06,0.0,0.0,0.0
25.389176952000003,2.05,0.0,0.0,0.0
25.390100774,2.06,0.0,0.0,0.0
25.391189933000003,2.06,0.0,0.0,0.0
25.392245898000002,2.06,0.0,0.0,0.0
25.393185610000003,2.06,0.0,0.0,0.0
25.394140041,2.06,0.0,0.0,0.0
25.395166436,2.06,0.0,0.0,0.0
25.396178628,2.06,0.0,0.0,0.0
25.397183608000002,2.06,0.0,0.0,0.0
25.399387705000002,2.06,0.0,0.0,0.0
25.400111052000003,2.06,0.0,0.0,0.0
25.401094988,2.06,0.0,0.0,0.0
25.402166749000003,2.06,0.0,0.0,0.0
25.403232227,2.06,0.0,0.0,0.0
25.404180758000003,2.05,0.0,0.0,0.0
25.405264470000002,2.06,0.0,0.0,0.0
25.406234487000003,2.06,0.0,0.0,0.0
25.407247325,2.06,0.0,0.0,0.0
25.408241372000003,2.06,0.0,0.0,0.0
25.409182936,2.08,0.0,0.0,0.0
25.410294946,2.06,0.0,0.0,0.0
25.41110636,2.06,0.0,0.0,0.0
25.412338496,2.06,0.0,0.0,0.0
25.413098247,2.06,0.0,0.0,0.0
25.414333116,2.06,0.0,0.0,0.0
25.416368881,2.06,0.0,0.0,0.0
25.417110738,2.06,0.0,0.0,0.0
25.418228755,2.06,0.0,0.0,0.0
25.419264344000002,2.06,0.0,0.0,0.0
25.420232218000002,2.06,0.0,0.0,0.0
25.421182877000003,2.06,0.0,0.0,0.0
25.422104443000002,2.06,0.0,0.0,0.0
25.423115295000002,2.06,0.0,0.0,0.0
25.424100813000003,2.05,0.0,0.0,0.0
25.425301045,2.06,0.0,0.01,0.0
25.426128476000002,2.06,0.0,0.0,0.0
25.428408338,2.06,0.0,0.0,0.0
25.429098568,2.06,0.0,0.0,0.0
25.430403560000002,2.06,0.0,0.0,0.0
25.431096306,2.05,0.0,0.0,0.0
25.432406352,2.06,0.0,0.0,0.0
25.43309297,2.05,0.0,0.0,0.0
25.434420073000002,2.05,0.0,0.0,0.0
25.435087244,2.05,0.0,0.0,0.0
25.436423369,2.05,0.0,0.0,0.0
25.437093454000003,2.04,0.0,0.0,0.0
25.438426146,2.04,0.0,0.0,0.0
25.439087195000003,2.03,0.0,0.0,0.0
25.440301772,2.03,0.0,0.0,0.0
25.441088097,2.02,0.0,0.0,0.0
25.442373625000002,2.02,0.0,0.0,0.0
25.443084754,2.01,0.0,0.0,0.0
25.444350483,2.01,0.0,0.0,0.0
25.446417214,2.01,0.0,0.0,0.0
25.447085212,2.0,0.0,0.0,0.0
25.448269852000003,2.0,0.0,0.0,0.0
25.449115382000002,2.0,0.0,0.0,0.0
25.450099759,2.0,0.0,0.0,0.0
25.451430405,2.0,0.0,0.0,0.0
25.45208333,2.0,0.0,0.0,0.0
25.453460628000002,1.99,0.0,0.0,0.0
25.454090664000002,2.0,0.0,0.0,0.0
25.455164168000003,1.99,0.0,0.0,0.0
25.456156418000003,2.0,0.0,0.0,0.0
25.457156548,2.0,0.0,0.0,0.0
25.458228018000003,1.99,0.0,0.0,0.0
25.459314309,2.0,0.0,0.0,0.0
25.461532987000002,1.99,0.0,0.0,0.0
25.462098363000003,1.99,0.0,0.0,0.0
25.46338752,1.99,0.0,0.0,0.0
25.464102418000003,1.99,0.0,0.0,0.0
25.465421869,1.99,0.0,0.0,0.0
25.466091558000002,1.99,0.0,0.0,0.0
25.467421184000003,1.99,0.0,0.0,0.0
25.468087845000003,1.99,0.01,0.0,0.0
25.469416767000002,1.98,0.0,0.0,0.0
25.470084919,1.98,0.0,0.0,0.0
25.471330386,1.98,0.0,0.0,0.0
25.472158970000002,1.98,0.0,0.0,0.0
25.473455022000003,1.98,0.0,0.0,0.0
25.475426344000002,1.98,0.0,0.0,0.0
25.476092818,1.98,0.0,0.0,0.0
25.477407334000002,1.97,0.0,0.0,0.0
25.478092189,1.97,0.0,0.0,0.0
25.479400528000003,1.96,0.0,0.0,0.0
25.480094757,1.96,0.0,0.0,0.0
25.481337512000003,1.95,0.0,0.0,0.0
25.482164067000003,1.95,0.0,0.0,0.0
25.483134033000002,1.95,0.0,0.0,0.0
25.484299538000002,1.95,0.0,0.0,0.0
25.485082067,1.95,0.0,0.0,0.0
25.486262160000003,1.94,0.0,0.0,0.0
25.487089144000002,1.94,0.0,0.0,0.01
25.489503340000002,1.94,0.0,0.0,0.0
25.490090533,1.93,0.0,0.0,0.0
25.491417111,1.92,0.0,0.0,0.0
25.492084837,1.92,0.0,0.0,0.0
25.493428952000002,1.92,0.0,0.0,0.0
25.494088127,1.91,0.0,0.0,0.0
25.495415185000002,1.91,0.0,0.0,0.0
25.496089655000002,1.91,0.0,0.0,0.0
25.497421542,1.9,0.0,0.0,0.0
25.498086496000003,1.89,0.0,0.0,0.0
25.499388094,1.88,0.0,0.0,0.0
25.500083841000002,1.88,0.0,0.0,0.0
25.50128927,1.87,0.01,0.0,0.01
25.502158687,1.87,0.0,0.0,0.01
25.503376004000003,1.86,0.0,0.0,0.0
25.505454885000002,1.85,0.0,0.0,0.0
25.506090979000003,1.84,0.0,0.0,0.0
25.507411326000003,1.84,0.0,0.0,0.0
25.508088213,1.84,0.0,0.0,0.0
25.509415223,1.83,0.0,0.0,0.0
25.510083149000003,1.82,0.0,0.0,0.0
25.511581364,1.81,0.0,0.0,0.0
25.512087908,1.8,0.0,0.0,0.0
25.513213575,1.79,0.0,0.0,0.0
25.514156668000002,1.78,0.0,0.0,0.0
25.515111652,1.77,0.0,0.0,0.0
25.516105611,1.78,0.0,0.0,0.0
25.517345235,1.76,0.0,0.0,0.0
25.518122085,1.74,0.0,0.0,0.0
25.519510330000003,1.73,0.0,0.0,0.0
25.521251666,1.72,0.0,0.0,0.0
25.522209760000003,1.72,0.0,0.0,0.0
25.523280489,1.71,0.0,0.0,0.0
25.524078097,1.7,0.0,0.0,0.0
25.525418622,1.68,0.0,0.0,0.0
25.526087476,1.68,0.0,0.0,0.0
25.527299677000002,1.67,0.0,0.0,0.0
25.528141545,1.66,0.0,0.0,0.0
25.529077116,1.64,0.01,0.0,0.0
25.530174933,1.61,0.0,0.0,0.0
25.531079628,1.58,0.0,0.0,0.0
25.533365389,1.57,0.0,0.0,0.0
25.534105315,1.55,0.0,0.0,0.0
25.535268086000002,1.54,0.0,0.0,0.0
25.536222006000003,1.52,0.0,0.0,0.0
25.537263133000003,1.5,0.0,0.0,0.0
25.538233566000002,1.48,0.0,0.0,0.0
25.539151055,1.46,0.0,0.0,0.0
25.540126219,1.46,0.0,0.0,0.0
25.541267354000002,1.44,0.0,0.0,0.01
25.542107905,1.42,0.0,0.0,0.0
25.54334207,1.42,0.0,0.0,0.0
25.544123665,1.4,0.0,0.0,0.0
25.545173829000003,1.4,0.0,0.0,0.0
25.546181777,1.39,0.0,0.0,0.0
25.547260749000003,1.37,0.0,0.0,0.0
25.548141781,1.35,0.0,0.0,0.0
25.549213373,1.29,0.0,0.0,0.0
25.551459144000003,1.28,0.0,0.0,0.0
25.552432556000003,1.28,0.0,0.0,0.0
25.553288034,1.25,0.0,0.0,0.0
25.554197137000003,1.23,0.0,0.0,0.0
25.555177928000003,1.22,0.0,0.0,0.0
25.556162009,1.19,0.0,0.0,0.0
25.557179751000003,1.18,0.0,0.0,0.0
25.558178341,1.15,0.0,0.0,0.0
25.559212528000003,1.15,0.0,0.0,0.0
25.56016288,1.13,0.0,0.0,0.0
25.561161546,1.13,0.0,0.0,0.0
25.562181023,1.09,0.0,0.0,0.0
25.563262837,1.04,0.0,0.0,0.0
25.564186494,1.01,0.0,0.0,0.0
25.566346290000002,0.98,0.0,0.0,0.0
25.567137353000003,0.96,0.0,0.0,0.0
25.568200557,0.91,0.0,0.0,0.0
25.569196875000003,0.9,0.0,0.0,0.0
25.570158386000003,0.87,0.0,0.0,0.0
25.571160483,0.81,0.0,0.0,0.0
25.572299774,0.81,0.0,0.0,0.0
25.573110600000003,0.79,0.0,0.0,0.0
25.574390924000003,0.78,0.0,0.0,0.0
25.575106466,0.72,0.0,0.0,0.0
25.576309323,0.66,0.0,0.0,0.0
25.577177463,0.7,0.0,0.0,0.0
25.578156924,0.68,0.0,0.0,0.0
25.579155392,0.63,0.0,0.0,0.0
25.580388063,0.46,0.0,0.0,0.0
25.582345108000002,0.45,0.0,0.0,0.0
25.583122802000002,0.44,0.0,0.0,0.0
25.584221709,0.32,0.0,0.0,0.0
25.585221304,0.32,0.0,0.0,0.0
25.586093180000002,0.32,0.0,0.0,0.0
25.587358561000002,0.32,0.0,0.0,0.0
25.588090087,0.32,0.0,0.0,0.0
25.589076992000003,0.32,0.0,0.0,0.0
25.590209996000002,0.32,0.0,0.0,0.0
25.591240430000003,0.32,0.0,0.0,0.0
25.592151323000003,0.32,0.0,0.0,0.0
25.593286818000003,0.32,0.0,0.0,0.0
25.594088064,0.32,0.0,0.0,0.0
25.595397915000003,0.33,0.0,0.0,0.0
25.597364181000003,0.32,0.0,0.0,0.0
25.598080353,0.32,0.0,0.0,0.0
25.599359485,0.32,0.0,0.0,0.0
25.600141983,0.32,0.0,0.0,0.0
25.601158487000003,0.32,0.0,0.0,0.0
25.602249279000002,0.33,0.0,0.0,0.0
25.603069664000003,0.33,0.0,0.0,0.0
25.604370377000002,0.33,0.0,0.0,0.0
25.605115719,0.33,0.0,0.0,0.0
25.606138644,0.33,0.0,0.0,0.0
25.607296627,0.33,0.0,0.0,0.0
25.608151242,0.32,0.0,0.0,0.0
25.609151258,0.33,0.0,0.0,0.0
25.610231552000002,0.33,0.0,0.0,0.0
25.611221704000002,0.33,0.0,0.0,0.01
25.612248633,0.33,0.0,0.0,0.0
25.614222243,0.33,0.0,0.0,0.0
25.615125818000003,0.33,0.0,0.0,0.0
25.616232612,0.32,0.0,0.0,0.0
25.617234118000002,0.33,0.0,0.0,0.0
25.618225269,0.33,0.0,0.0,0.0
25.619240992,0.33,0.0,0.0,0.0
25.620201891,0.33,0.0,0.0,0.0
25.621284220000003,0.32,0.0,0.0,0.0
25.622157329,0.34,0.0,0.0,0.0
25.623290061000002,0.33,0.0,0.0,0.0
25.624161415000003,0.33,0.0,0.0,0.0
25.625341308000003,0.33,0.0,0.0,0.0
25.627385048,0.34,0.0,0.0,0.0
25.628085926,0.33,0.0,0.0,0.0
25.629352228000002,0.34,0.0,0.0,0.0
25.630079069,0.33,0.0,0.0,0.0
25.631299539,0.33,0.0,0.0,0.0
25.63211752,0.34,0.0,0.01,0.0
25.633244483000002,0.33,0.0,0.0,0.0
25.634145081000003,0.34,0.0,0.0,0.0
25.635205255000002,0.34,0.0,0.0,0.0
25.636156586000002,0.34,0.0,0.0,0.0
25.637165900000003,0.33,0.0,0.0,0.0
25.638151828,0.34,0.0,0.0,0.0
25.639176432000003,0.33,0.0,0.0,0.0
25.64022525,0.34,0.0,0.0,0.0
25.64227147,0.34,0.0,0.0,0.0
25.643178738000003,0.34,0.0,0.0,0.0
25.644088764000003,0.34,0.0,0.0,0.0
25.645210793,0.34,0.0,0.0,0.0
25.646209117,0.34,0.0,0.0,0.0
25.647071603,0.34,0.0,0.0,0.0
25.648224001000003,0.34,0.0,0.0,0.0
25.649204423,0.34,0.0,0.0,0.0
25.650176069,0.34,0.0,0.0,0.0
25.651218999,0.34,0.0,0.0,0.0
25.652094462,0.34,0.0,0.0,0.0
25.653284835,0.33,0.0,0.0,0.0
25.654085171000002,0.34,0.0,0.0,0.0
25.655384222000002,0.34,0.0,0.0,0.0
25.657355812000002,0.34,0.0,0.0,0.0
25.658089293000003,0.34,0.0,0.0,0.0
25.6592197,0.33,0.0,0.0,0.0
25.660220722000002,0.33,0.0,0.0,0.0
25.661207188000002,0.34,0.0,0.0,0.0
25.66221616,0.34,0.0,0.0,0.0
25.663132676,0.33,0.0,0.0,0.0
25.664079208,0.33,0.0,0.0,0.0
25.665258378,0.34,0.01,0.0,0.0
25.666130658,0.33,0.0,0.0,0.0
25.667156629,0.34,0.0,0.0,0.0
25.669333366,0.33,0.0,0.0,0.0
25.670098546000002,0.34,0.0,0.0,0.0
25.671127727000002,0.34,0.0,0.0,0.0
25.672333241,0.34,0.0,0.0,0.0
25.673095395,0.34,0.0,0.0,0.0
25.674345389000003,0.34,0.0,0.0,0.0
25.675088812000002,0.34,0.0,0.0,0.0
25.676352054000002,0.34,0.0,0.0,0.0
25.677085147000003,0.33,0.0,0.0,0.0
25.678188539,0.33,0.0,0.0,0.0
25.679227762,0.33,0.0,0.0,0.0
25.680216744000003,0.33,0.0,0.0,0.0
25.681107964000002,0.34,0.0,0.0,0.0
25.682270178000003,0.34,0.0,0.0,0.0
25.683083212000003,0.34,0.0,0.0,0.0
25.684266410000003,0.34,0.0,0.0,0.0
25.685085541000003,0.34,0.0,0.0,0.0
25.686318501000002,0.34,0.0,0.0,0.0
25.687211123,0.34,0.01,0.0,0.0
25.689374799000003,0.34,0.0,0.0,0.0
25.690078731,0.34,0.0,0.0,0.0
25.691370498,0.34,0.0,0.0,0.0
25.692077795000003,0.34,0.0,0.0,0.0
25.693351843000002,0.34,0.0,0.0,0.0
25.694082624,0.34,0.0,0.0,0.0
25.695357781000002,0.34,0.0,0.0,0.0
25.696079525000002,0.33,0.0,0.01,0.0
25.697300259000002,0.33,0.0,0.0,0.0
25.698164538,0.33,0.0,0.0,0.0
25.699112980000002,0.33,0.0,0.0,0.0
25.700279467,0.33,0.0,0.0,0.0
25.701188539,0.33,0.0,0.0,0.0
25.702255298,0.33,0.0,0.0,0.0
25.704214883000002,0.33,0.0,0.0,0.0
25.705181281,0.33,0.0,0.0,0.0
25.706074630000003,0.33,0.0,0.0,0.0
25.707360960000003,0.33,0.0,0.0,0.0
25.708079829000003,0.34,0.0,0.0,0.0
25.709252551000002,0.33,0.0,0.0,0.0
25.710241731,0.34,0.0,0.0,0.0
25.711185141,0.33,0.0,0.0,0.0
25.712162493,0.33,0.0,0.0,0.0
25.713100954,0.33,0.0,0.0,0.0
25.714288113000002,0.33,0.0,0.0,0.0
25.715110863000003,0.33,0.0,0.0,0.0
25.716112043000003,0.33,0.0,0.0,0.0
25.717897039,0.33,0.0,0.0,0.0
25.718320301000002,0.33,0.0,0.0,0.0
25.720267063,0.33,0.0,0.0,0.0
25.721071768,0.33,0.0,0.0,0.0
25.722256975,0.34,0.0,0.0,0.0
25.723254696,0.34,0.0,0.0,0.0
25.724134923,0.34,0.0,0.0,0.0
25.725154389,0.34,0.0,0.0,0.0
25.726217205,0.34,0.0,0.0,0.0
25.727231895000003,0.34,0.0,0.0,0.0
25.728157199,0.33,0.0,0.0,0.0
25.729154245,0.33,0.0,0.0,0.0
25.730327860000003,0.34,0.0,0.0,0.0
25.731130806000003,0.34,0.0,0.0,0.0
25.732241391000002,0.34,0.0,0.0,0.0
25.733253772,0.34,0.0,0.0,0.0
25.735362159,0.34,0.0,0.0,0.0
25.736086262,0.34,0.0,0.0,0.0
25.737364178,0.33,0.0,0.0,0.0
25.738128481,0.33,0.0,0.0,0.0
25.739356943,0.33,0.0,0.0,0.0
25.740083231,0.33,0.0,0.0,0.0
25.74145945,0.33,0.0,0.0,0.0
25.742081742,0.33,0.0,0.0,0.0
25.743265212,0.33,0.0,0.0,0.0
25.744079619,0.33,0.0,0.01,0.0
25.745368517000003,0.34,0.0,0.0,0.0
25.74740036,0.33,0.0,0.0,0.0
25.748081198,0.34,0.0,0.0,0.0
25.749243074000002,0.33,0.0,0.0,0.0
25.750250161,0.33,0.0,0.0,0.0
25.751239048000002,0.33,0.0,0.0,0.0
25.752243444,0.33,0.0,0.0,0.0
25.753138688,0.33,0.0,0.0,0.0
25.754354079000002,0.33,0.0,0.0,0.0
25.755078923000003,0.33,0.0,0.0,0.0
25.756235755000002,0.33,0.0,0.0,0.0
25.757140627000002,0.33,0.0,0.0,0.0
25.758155502,0.33,0.0,0.0,0.0
25.760369486000002,0.33,0.0,0.0,0.0
25.761097649,0.34,0.0,0.0,0.0
25.762341791,0.33,0.0,0.0,0.0
25.76308607,0.33,0.0,0.0,0.0
25.764212878000002,0.33,0.0,0.0,0.0
25.765136249,0.34,0.0,0.0,0.0
25.766231991,0.34,0.0,0.0,0.0
25.767223710000003,0.33,0.0,0.0,0.0
25.768223794,0.34,0.0,0.0,0.01
25.769226355,0.33,0.0,0.0,0.0
25.770306337,0.34,0.0,0.0,0.0
25.771175158000002,0.34,0.0,0.0,0.0
25.772155595,0.33,0.0,0.0,0.0
25.774295844,0.33,0.0,0.0,0.0
25.775086249,0.34,0.0,0.0,0.0
25.776351028,0.33,0.0,0.0,0.0
25.777080515,0.34,0.0,0.0,0.0
25.778076040000002,0.34,0.0,0.0,0.0
25.779350021000003,0.34,0.0,0.0,0.0
25.780083281000003,0.34,0.0,0.0,0.0
25.781119883000002,0.34,0.0,0.0,0.0
25.782341138000003,0.34,0.0,0.0,0.0
25.783166134000002,0.34,0.0,0.0,0.0
25.784239090000003,0.34,0.0,0.0,0.0
25.785202617000003,0.34,0.0,0.0,0.0
25.786293367000003,0.33,0.0,0.0,0.0
25.787084011,0.34,0.0,0.0,0.0
25.788271221000002,0.34,0.0,0.0,0.0
25.789130545000003,0.33,0.0,0.0,0.0
25.790128636000002,0.33,0.0,0.0,0.0
25.791340942,0.33,0.0,0.0,0.0
25.793368939,0.33,0.0,0.0,0.0
25.794085669,0.34,0.0,0.0,0.0
25.795167946000003,0.33,0.0,0.0,0.0
25.796248781000003,0.33,0.0,0.0,0.0
25.797240253000002,0.33,0.0,0.0,0.0
25.798123513,0.33,0.0,0.0,0.0
25.799372026,0.34,0.0,0.0,0.0
25.80007862,0.33,0.0,0.0,0.0
25.801329729000003,0.33,0.0,0.0,0.0
25.802104778,0.33,0.0,0.0,0.0
25.803252292000003,0.33,0.0,0.0,0.0
25.804162685,0.33,0.0,0.0,0.0
25.805382116,0.33,0.0,0.0,0.0
25.807355936,0.33,0.0,0.0,0.0
25.808080876000002,0.34,0.0,0.0,0.01
25.80923728,0.33,0.0,0.0,0.0
25.81024053,0.34,0.0,0.0,0.0
25.811070374000003,0.34,0.0,0.0,0.0
25.812352017000002,0.34,0.0,0.0,0.0
25.813080619,0.34,0.0,0.0,0.0
25.814348291,0.34,0.0,0.0,0.0
25.815075101,0.34,0.0,0.0,0.0
25.816669689,0.34,0.0,0.0,0.0
25.817157828000003,0.34,0.0,0.0,0.0
25.818337667,0.34,0.0,0.0,0.0
25.81912303,0.34,0.0,0.01,0.0
25.820441250000002,0.34,0.0,0.0,0.0
25.821097618000003,0.34,0.0,0.01,0.0
25.822413877000002,0.34,0.0,0.0,0.0
25.824257133000003,0.34,0.0,0.0,0.0
25.825157234000002,0.34,0.0,0.0,0.0
25.826213991000003,0.34,0.0,0.0,0.0
25.827163185,0.33,0.0,0.0,0.0
25.828198011,0.34,0.0,0.0,0.0
25.829208849,0.34,0.0,0.0,0.0
25.830222892000002,0.34,0.0,0.0,0.0
25.831257242000003,0.34,0.0,0.0,0.0
25.832390074000003,0.34,0.0,0.0,0.0
25.833401426000002,0.33,0.0,0.0,0.0
25.834254841,0.34,0.0,0.0,0.0
25.835240644000002,0.34,0.0,0.0,0.0
25.836192957,0.34,0.0,0.0,0.0
25.8384305,0.34,0.0,0.0,0.0
25.839216799000003,0.34,0.0,0.0,0.0
25.840174096000002,0.34,0.0,0.0,0.0
25.841168136,0.34,0.0,0.0,0.0
25.842218625,0.34,0.0,0.0,0.0
25.843213300000002,0.34,0.0,0.0,0.0
25.844177434000002,0.34,0.0,0.0,0.0
25.845222288000002,0.34,0.0,0.0,0.0
25.846223853,0.34,0.0,0.0,0.0
25.847160312000003,0.34,0.0,0.0,0.0
25.848355552,0.34,0.0,0.0,0.0
25.849218274000002,0.34,0.0,0.0,0.0
25.850114468,0.34,0.0,0.0,0.0
25.851413366000003,0.34,0.0,0.0,0.0
25.853371923,0.34,0.0,0.0,0.0
25.854129273,0.33,0.0,0.0,0.0
25.855281395000002,0.34,0.0,0.0,0.0
25.856191269,0.34,0.0,0.0,0.0
25.857284792,0.33,0.0,0.0,0.0
25.858224147,0.34,0.0,0.0,0.0
25.859276024000003,0.34,0.0,0.0,0.0
25.860233994,0.34,0.0,0.0,0.0
25.861130913,0.34,0.0,0.0,0.01
25.862509951000003,0.34,0.0,0.0,0.0
25.863099392000002,0.34,0.0,0.0,0.0
25.864320016,0.34,0.0,0.0,0.0
25.865130976000003,0.33,0.0,0.0,0.0
25.866483524000003,0.33,0.0,0.0,0.0
25.868410719,0.33,0.0,0.0,0.0
25.8690946,0.33,0.0,0.0,0.0
25.870411552,0.34,0.0,0.0,0.0
25.87109899,0.34,0.0,0.0,0.0
25.872401723000003,0.34,0.0,0.0,0.0
25.873090963000003,0.34,0.0,0.0,0.0
25.874405135,0.34,0.0,0.0,0.0
25.875090598,0.34,0.0,0.0,0.0
25.876423792,0.34,0.0,0.0,0.0
25.877091157000002,0.34,0.0,0.0,0.0
25.878307699,0.34,0.0,0.0,0.0
25.879143492,0.34,0.0,0.0,0.0
25.880385969000002,0.34,0.0,0.0,0.0
25.881087357000002,0.34,0.0,0.0,0.0
25.88339798,0.34,0.0,0.0,0.0
25.884249055,0.34,0.0,0.0,0.0
25.885111593,0.34,0.0,0.0,0.0
25.886265286,0.34,0.0,0.0,0.0
25.887153999000002,0.34,0.0,0.0,0.0
25.888180914000003,0.34,0.0,0.0,0.0
25.889202815,0.34,0.0,0.0,0.0
25.890211912,0.34,0.0,0.0,0.0
25.891230829,0.33,0.0,0.0,0.0
25.892186427000002,0.33,0.0,0.0,0.0
25.893187782000002,0.34,0.0,0.0,0.0
25.894175749000002,0.34,0.0,0.0,0.0
25.895193994000003,0.33,0.0,0.0,0.0
25.897227052,0.34,0.0,0.0,0.0
25.898110788,0.33,0.0,0.0,0.0
25.899387056000002,0.33,0.0,0.0,0.0
25.900125900000003,0.34,0.0,0.0,0.0
25.901387159000002,0.33,0.0,0.0,0.0
25.902121687,0.34,0.0,0.0,0.0
25.903398552000002,0.34,0.0,0.0,0.0
25.904112642,0.34,0.0,0.0,0.0
25.905403559000003,0.34,0.0,0.0,0.0
25.906095246000003,0.33,0.0,0.0,0.0
25.907382749,0.34,0.0,0.0,0.0
25.90809527,0.34,0.0,0.0,0.0
25.909307360000003,0.34,0.0,0.0,0.0
25.910095051000003,0.33,0.0,0.0,0.0
25.911386482,0.34,0.0,0.01,0.0
25.913440813,0.34,0.0,0.0,0.0
25.914101046000003,0.33,0.0,0.0,0.0
25.915154448000003,0.34,0.0,0.0,0.0
25.916156092,0.34,0.0,0.0,0.0
25.917343990000003,0.33,0.0,0.0,0.0
25.918094970000002,0.34,0.0,0.0,0.0
25.919419350000002,0.34,0.0,0.0,0.0
25.920092063000002,0.33,0.0,0.0,0.0
25.921255118,0.33,0.0,0.0,0.0
25.922219215000002,0.34,0.0,0.0,0.0
25.923317102000002,0.34,0.0,0.0,0.0
25.924080157000002,0.34,0.0,0.0,0.0
25.925355273,0.33,0.0,0.0,0.0
25.926085504000003,0.01,0.0,0.0,0.0
25.927464814,0.29,0.0,0.0,0.0
25.929138503,0.3,0.0,0.0,0.0
25.930287869,0.3,0.0,0.0,0.01
25.931094263000002,0.3,0.0,0.0,0.0
25.932417459000003,0.3,0.0,0.0,0.0
25.933091172,0.3,0.0,0.0,0.0
25.934417769000003,0.3,0.0,0.0,0.0
25.935089503,0.3,0.0,0.0,0.0
25.936461493000003,0.3,0.0,0.0,0.0
25.937083481000002,0.3,0.0,0.0,0.0
25.938607582000003,0.31,0.0,0.0,0.0
25.939101826,0.3,0.0,0.0,0.0
25.940347738000003,0.31,0.0,0.0,0.0
25.941096251,0.3,0.0,0.0,0.0
25.942448614,0.3,0.0,0.0,0.0
25.944355524000002,0.3,0.0,0.0,0.0
25.945095295,0.3,0.0,0.0,0.0
25.946406449,0.3,0.0,0.0,0.0
25.947092977,0.3,0.0,0.0,0.0
25.948191916000003,0.3,0.0,0.0,0.0
25.949093397000002,0.3,0.0,0.0,0.0
25.950426869,0.3,0.0,0.0,0.0
25.951098441000003,0.3,0.0,0.0,0.0
25.952526891,0.3,0.0,0.0,0.0
25.953084432,0.3,0.0,0.0,0.0
25.954203273,0.3,0.0,0.01,0.0
25.955172822,0.29,0.0,0.0,0.0
25.956444206,0.3,0.0,0.0,0.0
25.957081507,0.3,0.0,0.0,0.0
25.959496297,0.3,0.0,0.0,0.0
25.960085458000002,0.3,0.0,0.0,0.0
25.961310142000002,0.3,0.0,0.0,0.0
25.962088141000002,0.31,0.0,0.0,0.0
25.963418337,0.31,0.0,0.0,0.0
25.964084675000002,0.3,0.0,0.0,0.0
25.965134178000003,0.31,0.0,0.0,0.0
25.966410373000002,0.3,0.0,0.0,0.0
25.967080018,0.31,0.0,0.0,0.0
25.968276444,0.3,0.0,0.0,0.0
25.969138679,0.31,0.0,0.0,0.0
25.970286785000003,0.31,0.0,0.0,0.0
25.971187476,0.31,0.0,0.0,0.0
25.972437391000003,0.31,0.0,0.0,0.0
25.974374878000003,0.3,0.0,0.0,0.0
25.975087416,0.3,0.0,0.0,0.0
25.97642055,0.31,0.0,0.0,0.0
25.977084694000002,0.3,0.0,0.0,0.0
25.978422761,0.31,0.0,0.0,0.0
25.979088997,0.3,0.0,0.0,0.0
25.980426278000003,0.29,0.0,0.0,0.0
25.981199756000002,0.29,0.0,0.0,0.0
25.982176792,0.28,0.0,0.0,0.0
25.983142016000002,0.29,0.0,0.0,0.0
25.984155411000003,0.28,0.0,0.0,0.0
25.985145527,0.28,0.0,0.0,0.0
25.986100092,0.29,0.0,0.0,0.0
25.988205986,0.29,0.0,0.0,0.0
25.989163166,0.29,0.0,0.0,0.0
25.990187809000002,0.28,0.0,0.0,0.0
25.991211849000003,0.29,0.0,0.0,0.0
25.992158145,0.29,0.0,0.0,0.0
25.99320511,0.29,0.0,0.0,0.0
25.994214169000003,0.28,0.0,0.0,0.0
25.995209726000002,0.29,0.0,0.0,0.0
25.996206917000002,0.29,0.0,0.0,0.0
25.997189243,0.3,0.0,0.0,0.0
25.998208232000003,0.3,0.0,0.0,0.0
25.999189636,0.3,0.0,0.0,0.0
26.000178311000003,0.29,0.0,0.0,0.0
26.001165701,0.29,0.0,0.0,0.0
26.003407477000003,0.29,0.0,0.0,0.0
26.004218183000003,0.29,0.0,0.0,0.0
26.005178164,0.29,0.0,0.0,0.0
26.006142125,0.29,0.0,0.0,0.0
26.007187971,0.29,0.0,0.0,0.0
26.008193252,0.3,0.0,0.0,0.0
26.009194070000003,0.29,0.0,0.0,0.0
26.010194021,0.29,0.0,0.0,0.0
26.01111729,0.29,0.0,0.0,0.0
26.012195366,0.29,0.0,0.0,0.0
26.013158930000003,0.29,0.0,0.0,0.0
26.014156004,0.29,0.0,0.0,0.0
26.015282578,0.29,0.0,0.0,0.0
26.017596440000002,0.29,0.0,0.0,0.0
26.018023908,0.29,0.0,0.0,0.0
26.019355575000002,0.29,0.0,0.0,0.0
26.020084483,0.29,0.0,0.0,0.0
26.021356365000003,0.29,0.0,0.0,0.0
26.022139243,0.29,0.0,0.0,0.0
26.023375232000003,0.29,0.0,0.0,0.0
26.024071028,0.29,0.0,0.0,0.0
26.025378436,0.29,0.0,0.0,0.0
26.026069079000003,0.29,0.0,0.0,0.0
26.027365785,0.29,0.0,0.0,0.0
26.02812172,0.3,0.0,0.0,0.0
26.029274855,0.3,0.0,0.0,0.0
26.030071384000003,0.3,0.0,0.0,0.0
26.031257593000003,0.3,0.0,0.0,0.0
26.033201837,0.3,0.0,0.0,0.01
26.034184402,0.29,0.0,0.0,0.0
26.035254883,0.3,0.0,0.0,0.0
26.036260520000003,0.29,0.0,0.0,0.0
26.037273891,0.29,0.0,0.0,0.0
26.038253452000003,0.3,0.0,0.0,0.0
26.039261211000003,0.3,0.0,0.0,0.0
26.040260721000003,0.31,0.0,0.0,0.0
26.041248936000002,0.29,0.0,0.0,0.0
26.042060891000002,0.29,0.0,0.0,0.0
26.043265231000003,0.29,0.0,0.0,0.0
26.04408189,0.29,0.0,0.0,0.0
26.045160216000003,0.3,0.0,0.0,0.0
26.047337949000003,0.29,0.0,0.0,0.0
26.0480422,0.29,0.0,0.0,0.0
26.049349491,0.29,0.0,0.01,0.0
26.05012211,0.29,0.0,0.0,0.0
26.051360815000002,0.29,0.0,0.0,0.0
26.052078427,0.29,0.0,0.0,0.0
26.053376715000002,0.3,0.0,0.0,0.0
26.054103828000002,0.3,0.0,0.0,0.0
26.055377384000003,0.31,0.0,0.0,0.0
26.056073686,0.31,0.0,0.0,0.0
26.057348347,0.31,0.0,0.0,0.0
26.058155293000002,0.32,0.0,0.0,0.0
26.059152360000002,0.31,0.0,0.0,0.0
26.060149205000002,0.31,0.0,0.0,0.0
26.061188997000002,0.32,0.0,0.0,0.0
26.062161083000003,0.32,0.0,0.0,0.0
26.064128477,0.32,0.0,0.0,0.0
26.065288746,0.33,0.0,0.0,0.0
26.066103331,0.33,0.0,0.0,0.0
26.067264761,0.31,0.0,0.0,0.0
26.068197229000003,0.32,0.0,0.0,0.0
26.069241133000002,0.31,0.0,0.0,0.0
26.07020482,0.32,0.0,0.0,0.0
26.071198417,0.32,0.0,0.0,0.0
26.07217465,0.32,0.0,0.0,0.0
26.073221543000002,0.32,0.0,0.0,0.0
26.074178365,0.32,0.01,0.0,0.0
26.075207428000002,0.32,0.0,0.0,0.0
26.076238423000003,0.32,0.0,0.0,0.0
26.077314192000003,0.32,0.0,0.0,0.0
26.0782701,0.32,0.0,0.0,0.0
26.080592929,0.32,0.0,0.0,0.0
26.081983808,0.32,0.0,0.0,0.0
26.083145737000002,0.32,0.0,0.0,0.0
26.084161691000002,0.32,0.0,0.0,0.0
26.085234619,0.32,0.0,0.0,0.0
26.086214589,0.32,0.0,0.0,0.0
26.087196185000003,0.32,0.0,0.0,0.0
26.088167482000003,0.32,0.0,0.0,0.01
26.089165565000002,0.32,0.0,0.0,0.0
26.090185821000002,0.32,0.0,0.0,0.0
26.091200062000002,0.32,0.0,0.01,0.0
26.092198114000002,0.32,0.0,0.0,0.0
26.093193993,0.34,0.0,0.0,0.0
26.094182605,0.32,0.0,0.0,0.0
26.095221598000002,0.32,0.01,0.0,0.0
26.096224687000003,0.32,0.0,0.0,0.0
26.097187651000002,0.32,0.0,0.0,0.0
26.098237873000002,0.31,0.0,0.0,0.0
26.099157551,0.32,0.0,0.0,0.0
26.100231228000002,0.32,0.0,0.0,0.0
26.101226951,0.32,0.0,0.0,0.0
26.102232235000002,0.32,0.0,0.0,0.0
26.1032003,0.32,0.0,0.0,0.0
26.104141616000003,0.32,0.0,0.0,0.0
26.105324063,0.33,0.0,0.0,0.0
26.106114723,0.33,0.0,0.0,0.0
26.107421572000003,0.33,0.0,0.0,0.0
26.109418793000003,0.33,0.0,0.0,0.0
26.110110563000003,0.32,0.0,0.0,0.0
26.111368066,0.32,0.0,0.0,0.0
26.112112444,0.32,0.0,0.0,0.0
26.113399073,0.32,0.0,0.0,0.0
26.114112474000002,0.32,0.0,0.0,0.0
26.115415079,0.32,0.0,0.0,0.0
26.116095360000003,0.32,0.0,0.0,0.0
26.117275209000002,0.32,0.0,0.0,0.0
26.118091403,0.32,0.0,0.0,0.0
26.119320333,0.32,0.0,0.0,0.0
26.12016531,0.32,0.0,0.0,0.0
26.121377469000002,0.33,0.0,0.0,0.0
26.122091750000003,0.33,0.0,0.0,0.0
26.123441273,0.33,0.0,0.0,0.0
26.125345853000002,0.33,0.0,0.0,0.0
26.126100021000003,0.33,0.0,0.0,0.0
26.127402286000002,0.33,0.0,0.0,0.0
26.128094930000003,0.33,0.0,0.0,0.0
26.129147615,0.33,0.0,0.0,0.0
26.130277009,0.33,0.0,0.0,0.0
26.131096773000003,0.33,0.0,0.0,0.0
26.132268602,0.33,0.0,0.0,0.0
26.133229953,0.33,0.0,0.0,0.0
26.134084375,0.34,0.0,0.0,0.0
26.135309206000002,0.33,0.01,0.0,0.0
26.136174356,0.33,0.0,0.0,0.0
26.1373928,0.33,0.0,0.0,0.0
26.138095095,0.33,0.0,0.0,0.0
26.139424017000003,0.33,0.0,0.0,0.0
26.141420865,0.33,0.0,0.0,0.0
26.142098884000003,0.33,0.0,0.0,0.0
26.143401991,0.33,0.0,0.0,0.0
26.144095428,0.33,0.0,0.0,0.0
26.145394654,0.33,0.0,0.0,0.0
26.146094747000003,0.34,0.0,0.0,0.0
26.147404314000003,0.33,0.0,0.0,0.0
26.148097438,0.33,0.0,0.0,0.0
26.149541844,0.34,0.0,0.0,0.0
26.150088409000002,0.34,0.0,0.0,0.0
26.151307359,0.34,0.0,0.0,0.0
26.152095443,0.34,0.0,0.0,0.0
26.15352168,0.34,0.0,0.0,0.0
26.155163073,0.33,0.0,0.0,0.0
26.156185022000003,0.34,0.0,0.0,0.0
26.157179843,0.33,0.0,0.0,0.0
26.158184733000002,0.33,0.0,0.0,0.0
26.159234989,0.33,0.0,0.0,0.0
26.160204185,0.32,0.0,0.0,0.0
26.161154544000002,0.33,0.0,0.0,0.0
26.162114851000002,0.33,0.0,0.0,0.0
26.163195081,0.33,0.0,0.0,0.0
26.164306237,0.33,0.0,0.0,0.0
26.165198721000003,0.33,0.0,0.0,0.0
26.166190736,0.33,0.0,0.0,0.0
26.167164257000003,0.33,0.0,0.0,0.0
26.168227327,0.33,0.0,0.0,0.0
26.169141443,0.34,0.0,0.0,0.0
26.171402537000002,0.34,0.0,0.0,0.0
26.172206824,0.33,0.0,0.0,0.0
26.173183705000003,0.33,0.0,0.0,0.0
26.174242908,0.33,0.0,0.0,0.0
26.175212899,0.33,0.0,0.0,0.0
26.176238893,0.33,0.0,0.0,0.0
26.177234722,0.33,0.0,0.0,0.0
26.178198452,0.33,0.0,0.0,0.0
26.179188644,0.33,0.0,0.0,0.0
26.180340279000003,0.33,0.0,0.0,0.0
26.181123386000003,0.33,0.0,0.0,0.0
26.182368996,0.33,0.0,0.0,0.0
26.183105793000003,0.33,0.0,0.0,0.0
26.184408889,0.34,0.0,0.0,0.0
26.18637997,0.33,0.0,0.0,0.0
26.187112492,0.33,0.0,0.0,0.0
26.188288107,0.33,0.0,0.0,0.0
26.189116418,0.33,0.0,0.0,0.0
26.190338947,0.33,0.0,0.0,0.0
26.191105565,0.33,0.0,0.0,0.0
26.192398208,0.33,0.0,0.0,0.0
26.193093988,0.33,0.0,0.0,0.0
26.194286372,0.33,0.0,0.0,0.0
26.19515127,0.33,0.0,0.0,0.0
26.196319072,0.33,0.0,0.0,0.0
26.197125489,0.33,0.0,0.0,0.0
26.198403062,0.33,0.0,0.0,0.0
26.200436934000003,0.33,0.0,0.0,0.01
26.201101499,0.33,0.0,0.0,0.0
26.202407645,0.33,0.0,0.0,0.0
26.203099360000003,0.32,0.0,0.0,0.01
26.204153543,0.32,0.0,0.0,0.0
26.205213604,0.32,0.0,0.0,0.0
26.206271126,0.32,0.0,0.0,0.0
26.207236167,0.32,0.0,0.0,0.0
26.208385573,0.33,0.0,0.0,0.0
26.209091633,0.32,0.0,0.0,0.0
26.210335114000003,0.32,0.0,0.0,0.0
26.211090032,0.33,0.0,0.0,0.0
26.212435878,0.32,0.0,0.0,0.0
26.213091836,0.33,0.0,0.0,0.0
26.214417251,0.32,0.0,0.01,0.0
26.216255051,0.32,0.0,0.0,0.0
26.217139636000002,0.32,0.0,0.0,0.0
26.218152437,0.32,0.0,0.0,0.0
26.219274866000003,0.32,0.0,0.0,0.0
26.22020818,0.32,0.0,0.0,0.0
26.221435186,0.32,0.0,0.0,0.0
26.222093949,0.32,0.0,0.0,0.0
26.223412484,0.32,0.0,0.0,0.0
26.224084405000003,0.32,0.0,0.0,0.0
26.225317306,0.31,0.0,0.0,0.0
26.226086605000003,0.31,0.0,0.0,0.0
26.227413900000002,0.32,0.0,0.0,0.0
26.228086023000003,0.32,0.0,0.0,0.0
26.230415337,0.33,0.0,0.0,0.0
26.231097138000003,0.32,0.0,0.0,0.0
26.232414698000003,0.32,0.0,0.0,0.0
26.233101961000003,0.32,0.0,0.0,0.0
26.234412908000003,0.32,0.0,0.0,0.0
26.235093681000002,0.32,0.0,0.0,0.0
26.236422612000002,0.32,0.0,0.0,0.0
26.237087564000003,0.32,0.0,0.0,0.0
26.238519755000002,0.32,0.0,0.0,0.0
26.239084591,0.32,0.0,0.0,0.0
26.240314486000003,0.31,0.01,0.0,0.0
26.241086459,0.31,0.0,0.0,0.0
26.242420275,0.31,0.0,0.0,0.0
26.243085658000002,0.31,0.0,0.0,0.0
26.244339483,0.31,0.0,0.0,0.0
26.246276439000003,0.31,0.0,0.0,0.0
26.247140946000002,0.31,0.0,0.0,0.0
26.248192158000002,0.31,0.0,0.0,0.0
26.249159706,0.31,0.0,0.0,0.0
26.250309100000003,0.31,0.0,0.0,0.0
26.251074279,0.31,0.0,0.0,0.0
26.252244857,0.31,0.0,0.0,0.0
26.253243846,0.31,0.0,0.0,0.0
26.254107541000003,0.31,0.0,0.0,0.01
26.255152554000002,0.31,0.0,0.0,0.0
26.256162553000003,0.31,0.0,0.0,0.0
26.258399445000002,0.31,0.0,0.0,0.0
26.259153026,0.3,0.0,0.0,0.0
26.260189163000003,0.3,0.0,0.0,0.0
26.261240320000002,0.3,0.0,0.0,0.0
26.262217679000003,0.3,0.0,0.0,0.0
26.263228596,0.3,0.0,0.0,0.0
26.264307145,0.3,0.0,0.0,0.0
26.265263329000003,0.3,0.0,0.0,0.0
26.266190475000002,0.3,0.0,0.0,0.0
26.267154224000002,0.3,0.0,0.0,0.0
26.268202658,0.3,0.0,0.0,0.0
26.269184052,0.3,0.0,0.0,0.0
26.270195463,0.3,0.0,0.0,0.0
26.27117962,0.3,0.0,0.0,0.0
26.272168086,0.31,0.0,0.0,0.0
26.274333078,0.3,0.0,0.0,0.0
26.275140089,0.3,0.0,0.0,0.0
26.27620199,0.31,0.0,0.0,0.0
26.277139752,0.3,0.0,0.0,0.0
26.278188069000002,0.31,0.0,0.0,0.0
26.279189631,0.3,0.0,0.0,0.0
26.280327683000003,0.31,0.0,0.0,0.0
26.281111328,0.3,0.0,0.0,0.0
26.282276753,0.3,0.0,0.0,0.0
26.283105854000002,0.31,0.0,0.0,0.0
26.284197992000003,0.31,0.0,0.0,0.0
26.286080128000002,0.31,0.0,0.0,0.0
26.287176069,0.31,0.0,0.0,0.0
26.288212281000003,0.3,0.0,0.0,0.0
26.289239392000002,0.31,0.0,0.0,0.0
26.290241650000002,0.31,0.0,0.0,0.0
26.291249689,0.31,0.0,0.0,0.0
26.292239721,0.31,0.0,0.0,0.0
26.293238977,0.31,0.0,0.0,0.0
26.294132048,0.31,0.0,0.0,0.0
26.295221561,0.31,0.0,0.0,0.0
26.296216428,0.31,0.0,0.0,0.0
26.297250790000003,0.31,0.0,0.0,0.0
26.298104604000002,0.31,0.0,0.0,0.0
26.299438902000002,0.31,0.0,0.0,0.0
26.300078814000003,0.31,0.0,0.0,0.0
26.301261718000003,0.31,0.0,0.0,0.0
26.302164477,0.32,0.0,0.0,0.0
26.303405838000003,0.32,0.0,0.0,0.0
26.305371288,0.31,0.0,0.0,0.0
26.306112412,0.31,0.0,0.0,0.0
26.307201402,0.31,0.0,0.0,0.0
26.308146811,0.32,0.0,0.0,0.0
26.309225182000002,0.32,0.0,0.0,0.0
26.310221339,0.31,0.0,0.0,0.0
26.311222551,0.31,0.0,0.0,0.0
26.312218724,0.32,0.0,0.0,0.0
26.313112469,0.32,0.0,0.0,0.0
26.314296054000003,0.32,0.0,0.0,0.0
26.315953895000003,0.32,0.0,0.01,0.0
26.316325287,0.32,0.0,0.0,0.0
26.317139134,0.32,0.0,0.0,0.0
26.31841843,0.32,0.0,0.0,0.0
26.32041157,0.32,0.0,0.0,0.0
26.321073939,0.32,0.0,0.0,0.0
26.322369260000002,0.32,0.0,0.0,0.0
26.323136386,0.32,0.0,0.0,0.0
26.324375297000003,0.32,0.0,0.0,0.0
26.325072601000002,0.32,0.0,0.0,0.0
26.326366989,0.32,0.0,0.0,0.0
26.327216914,0.32,0.0,0.0,0.0
26.328265377,0.32,0.0,0.0,0.0
26.329199459,0.32,0.0,0.0,0.0
26.330291593000002,0.32,0.0,0.0,0.0
26.331069313,0.32,0.0,0.0,0.0
26.332305841,0.32,0.0,0.0,0.0
26.333172081,0.32,0.0,0.0,0.0
26.334387059,0.32,0.0,0.0,0.0
26.336394016000003,0.32,0.0,0.0,0.0
26.337071026,0.32,0.0,0.0,0.0
26.338390317,0.32,0.0,0.0,0.0
26.339067590000003,0.32,0.0,0.0,0.0
26.340242956,0.32,0.0,0.0,0.0
26.341131934000003,0.32,0.0,0.0,0.0
26.342373882,0.32,0.0,0.0,0.0
26.343142030000003,0.32,0.0,0.0,0.0
26.344120630000003,0.32,0.0,0.0,0.0
26.345285866,0.33,0.0,0.0,0.0
26.346163609,0.33,0.0,0.0,0.01
26.347322876000003,0.32,0.0,0.0,0.0
26.348068383,0.32,0.0,0.0,0.0
26.349418291000003,0.33,0.0,0.0,0.0
26.351408175000003,0.33,0.0,0.0,0.0
26.352079216,0.32,0.0,0.0,0.0
26.353304949,0.32,0.01,0.0,0.0
26.35417341,0.32,0.0,0.0,0.0
26.355262757000002,0.32,0.0,0.0,0.0
26.356161663,0.32,0.0,0.0,0.0
26.357254784000002,0.32,0.0,0.0,0.0
26.358255222,0.32,0.0,0.0,0.0
26.359160813000003,0.32,0.0,0.0,0.0
26.360272542,0.32,0.0,0.0,0.0
26.361108559,0.32,0.0,0.0,0.0
26.362285242000002,0.32,0.0,0.0,0.0
26.363077959,0.32,0.0,0.0,0.0
26.365375819,0.32,0.0,0.0,0.0
26.366077317000002,0.32,0.0,0.0,0.0
26.367254935000002,0.32,0.0,0.0,0.0
26.368250476,0.32,0.0,0.0,0.0
26.369250381,0.32,0.0,0.0,0.0
26.370070140000003,0.32,0.0,0.0,0.0
26.371352604000002,0.32,0.0,0.0,0.0
26.372077750000003,0.32,0.0,0.0,0.0
26.373426872000003,0.32,0.0,0.0,0.0
26.37407645,0.32,0.0,0.0,0.0
26.37526563,0.32,0.0,0.0,0.0
26.376157492,0.31,0.0,0.0,0.0
26.377224485000003,0.32,0.0,0.0,0.0
26.378149884000003,0.32,0.0,0.0,0.0
26.380362468,0.32,0.0,0.0,0.0
26.381083766000003,0.32,0.0,0.0,0.0
26.382204192000003,0.32,0.0,0.0,0.0
26.383183523000003,0.32,0.01,0.0,0.0
26.384226803,0.32,0.0,0.0,0.0
26.385224775,0.32,0.0,0.0,0.0
26.386120933,0.32,0.0,0.0,0.0
26.387240996000003,0.33,0.0,0.0,0.0
26.388075968000003,0.32,0.0,0.0,0.0
26.389197958,0.31,0.0,0.0,0.0
26.390143648000002,0.31,0.0,0.0,0.0
26.391138935,0.31,0.0,0.0,0.0
26.392271511,0.31,0.0,0.0,0.0
26.393086540000002,0.32,0.0,0.0,0.0
26.395128178,0.32,0.0,0.0,0.0
26.396087462,0.32,0.0,0.0,0.0
26.397245859,0.31,0.0,0.0,0.0
26.398162206000002,0.31,0.0,0.0,0.0
26.399094978,0.32,0.0,0.0,0.0
26.400411411,0.32,0.0,0.0,0.0
26.401105533000003,0.31,0.0,0.0,0.0
26.402275073000002,0.32,0.0,0.0,0.0
26.403158780000002,0.31,0.0,0.0,0.0
26.404167901,0.31,0.0,0.0,0.0
26.405156474,0.32,0.0,0.0,0.0
26.406086728000002,0.32,0.0,0.0,0.0
26.407151788,0.32,0.0,0.0,0.0
26.408078793,0.32,0.0,0.0,0.0
26.410358279,0.32,0.0,0.0,0.0
26.411101834,0.32,0.0,0.0,0.0
26.412221692000003,0.32,0.0,0.0,0.0
26.413204264,0.32,0.0,0.0,0.0
26.414269794000003,0.32,0.0,0.0,0.0
26.415150625000003,0.32,0.0,0.0,0.0
26.416347719,0.32,0.0,0.0,0.0
26.417092282000002,0.33,0.0,0.0,0.0
26.418343429,0.33,0.0,0.0,0.0
26.419130509000002,0.32,0.0,0.0,0.0
26.420299167000003,0.32,0.0,0.0,0.0
26.421079723000002,0.33,0.0,0.0,0.0
26.422277985,0.32,0.0,0.0,0.0
26.423180848,0.33,0.01,0.0,0.0
26.425369061,0.32,0.0,0.0,0.0
26.426083360000003,0.33,0.0,0.0,0.0
26.427267017000002,0.32,0.0,0.0,0.0
26.428102198,0.32,0.0,0.0,0.0
26.429232491,0.32,0.0,0.0,0.0
26.430164859,0.32,0.0,0.0,0.0
26.431109882,0.32,0.0,0.0,0.0
26.432144305,0.32,0.0,0.0,0.0
26.433262531,0.33,0.0,0.0,0.0
26.434138354,0.32,0.0,0.0,0.0
26.435287721,0.32,0.0,0.0,0.0
26.436089466000002,0.33,0.0,0.0,0.0
26.437280679,0.32,0.0,0.0,0.0
26.438086628,0.32,0.0,0.0,0.0
26.439229004,0.32,0.0,0.0,0.0
26.440225045000002,0.32,0.0,0.0,0.0
26.442350674,0.32,0.0,0.0,0.0
26.443089953,0.32,0.0,0.0,0.0
26.444149940000003,0.32,0.0,0.0,0.0
26.445167116,0.32,0.0,0.0,0.0
26.446226810000002,0.32,0.0,0.0,0.0
26.447253457000002,0.32,0.0,0.0,0.0
26.448111725,0.32,0.0,0.0,0.0
26.449455109000002,0.32,0.0,0.0,0.0
26.450090514000003,0.32,0.0,0.0,0.0
26.451293959,0.32,0.0,0.0,0.0
26.452150666,0.33,0.0,0.0,0.0
26.453326906,0.32,0.0,0.0,0.0
26.454194206,0.32,0.0,0.0,0.0
26.455367104,0.32,0.0,0.0,0.0
26.457374886,0.32,0.0,0.0,0.0
26.458079816,0.32,0.0,0.0,0.0
26.459356065,0.32,0.0,0.0,0.0
26.460081766000002,0.32,0.0,0.0,0.0
26.461235978,0.32,0.0,0.0,0.0
26.462075266000003,0.32,0.0,0.0,0.0
26.463244126000003,0.32,0.0,0.0,0.0
26.464113726,0.32,0.0,0.0,0.0
26.465253744,0.32,0.0,0.0,0.0
26.466157147,0.32,0.0,0.0,0.0
26.467151638,0.32,0.0,0.0,0.0
26.468296026,0.32,0.0,0.0,0.0
26.469078080000003,0.32,0.0,0.0,0.0
26.470313105000002,0.32,0.0,0.0,0.0
26.471193825,0.31,0.0,0.0,0.0
26.473368106000002,0.32,0.0,0.0,0.0
26.474080967000003,0.32,0.0,0.0,0.0
26.475357436000003,0.32,0.01,0.0,0.0
26.476080104,0.32,0.0,0.0,0.0
26.477300483,0.32,0.0,0.0,0.0
26.478111509,0.32,0.0,0.0,0.0
26.479358444000002,0.32,0.0,0.0,0.0
26.480083467,0.32,0.0,0.0,0.0
26.481159327,0.32,0.0,0.0,0.0
26.482176239,0.32,0.0,0.0,0.0
26.483159354,0.32,0.0,0.0,0.0
26.484176759,0.32,0.0,0.0,0.0
26.485292799000003,0.32,0.0,0.0,0.0
26.487494173,0.32,0.0,0.0,0.0
26.488090988000003,0.32,0.0,0.0,0.0
26.489450183000002,0.32,0.0,0.0,0.0
26.49012035,0.32,0.0,0.0,0.0
26.491248854000002,0.32,0.0,0.0,0.0
26.492179933000003,0.32,0.0,0.0,0.0
26.493200787000003,0.32,0.0,0.0,0.0
26.494190747,0.32,0.01,0.0,0.0
26.495173524000002,0.32,0.0,0.0,0.0
26.496190145,0.32,0.0,0.0,0.0
26.497208376000003,0.32,0.0,0.0,0.0
26.498229445000003,0.32,0.0,0.0,0.0
26.49931717,0.32,0.0,0.0,0.0
26.500269357,0.32,0.0,0.0,0.0
26.502548679,0.32,0.0,0.0,0.0
26.50377761,0.32,0.0,0.0,0.0
26.504829370000003,0.32,0.01,0.0,0.0
26.505709064,0.32,0.0,0.0,0.0
26.506539669000002,0.32,0.0,0.0,0.0
26.507294439000002,0.32,0.0,0.0,0.0
26.508177504000003,0.32,0.0,0.0,0.0
26.50916183,0.32,0.0,0.0,0.0
26.510190944,0.32,0.0,0.0,0.0
26.51116619,0.32,0.01,0.0,0.0
26.51219439,0.32,0.0,0.0,0.0
26.513195436,0.32,0.0,0.0,0.0
26.514219104000002,0.32,0.0,0.0,0.0
26.515173492000002,0.32,0.0,0.0,0.0
26.517393753,0.32,0.0,0.0,0.0
26.518140356,0.32,0.0,0.0,0.0
26.519113731,0.31,0.0,0.0,0.0
26.520386138000003,0.32,0.0,0.0,0.0
26.521118530000003,0.32,0.0,0.0,0.0
26.522379983,0.32,0.0,0.0,0.0
26.523113414,0.32,0.0,0.0,0.0
26.524315937,0.32,0.0,0.0,0.0
26.525101751,0.33,0.0,0.0,0.0
26.526241795,0.32,0.0,0.0,0.0
26.527190732,0.32,0.0,0.0,0.0
26.528319249000003,0.32,0.0,0.0,0.0
26.529100105,0.32,0.0,0.0,0.0
26.530395575,0.32,0.0,0.0,0.0
26.532386486,0.32,0.0,0.0,0.0
26.533101441000003,0.32,0.0,0.0,0.0
26.534405366,0.32,0.0,0.0,0.0
26.535102983,0.32,0.0,0.0,0.0
26.536408958000003,0.32,0.0,0.0,0.0
26.537098101,0.32,0.0,0.0,0.0
26.538421321,0.32,0.0,0.0,0.0
26.539088993,0.32,0.0,0.0,0.0
26.540383282,0.32,0.0,0.0,0.0
26.541090885000003,0.32,0.0,0.0,0.0
26.542457828000003,0.32,0.0,0.0,0.0
26.543086371,0.32,0.0,0.0,0.0
26.544346280000003,0.32,0.0,0.0,0.0
26.546441231000003,0.32,0.0,0.0,0.0
26.547094696000002,0.32,0.0,0.0,0.0
26.548144003,0.32,0.0,0.0,0.0
26.549282007000002,0.32,0.0,0.0,0.0
26.550083966000003,0.32,0.0,0.0,0.0
26.551413890000003,0.32,0.0,0.01,0.0
26.552090971000002,0.32,0.0,0.0,0.0
26.553418410000003,0.32,0.0,0.0,0.0
26.554092442,0.32,0.0,0.0,0.0
26.55529174,0.32,0.0,0.0,0.0
26.556144026000002,0.32,0.0,0.0,0.0
26.557307228000003,0.32,0.0,0.0,0.0
26.558157783000002,0.32,0.0,0.0,0.0
26.559357689000002,0.32,0.0,0.0,0.0
26.561249349,0.32,0.0,0.0,0.0
26.56219996,0.32,0.0,0.0,0.0
26.563188989,0.32,0.0,0.0,0.0
26.564129756000003,0.32,0.0,0.0,0.0
26.565179030000003,0.32,0.0,0.0,0.0
26.566206711000003,0.32,0.0,0.0,0.0
26.56718382,0.32,0.0,0.0,0.0
26.568179423,0.32,0.0,0.0,0.0
26.569199734,0.32,0.0,0.0,0.0
26.570235425,0.32,0.0,0.0,0.0
26.571278737,0.32,0.0,0.0,0.0
26.572271788000002,0.32,0.0,0.0,0.0
26.573204278000002,0.32,0.0,0.0,0.0
26.574202482,0.32,0.0,0.0,0.0
26.575177761000003,0.32,0.0,0.0,0.0
26.577459564,0.32,0.0,0.0,0.0
26.578317067,0.32,0.0,0.0,0.0
26.579183566,0.32,0.0,0.0,0.0
26.580147357,0.33,0.0,0.0,0.0
26.581177162000003,0.33,0.0,0.0,0.0
26.582198853,0.33,0.0,0.0,0.0
26.583197804,0.32,0.0,0.0,0.0
26.584198649,0.33,0.0,0.0,0.0
26.585192952000003,0.32,0.0,0.0,0.0
26.586138498,0.32,0.0,0.0,0.0
26.587137599000002,0.32,0.0,0.0,0.0
26.58815873,0.32,0.0,0.0,0.0
26.58916311,0.33,0.0,0.0,0.0
26.590146581000003,0.33,0.0,0.0,0.0
26.591377501,0.32,0.0,0.0,0.0
26.593331997,0.32,0.0,0.0,0.0
26.594122152,0.32,0.0,0.0,0.0
26.595103665,0.33,0.0,0.0,0.0
26.596206993000003,0.34,0.0,0.01,0.0
26.597193028000003,0.34,0.0,0.0,0.0
26.598124027,0.34,0.0,0.01,0.0
26.599342906,0.33,0.0,0.0,0.0
26.600103094,0.33,0.0,0.0,0.0
26.601305219,0.33,0.0,0.0,0.0
26.602095666,0.33,0.0,0.01,0.0
26.603236839,0.33,0.0,0.0,0.0
26.604160229,0.33,0.0,0.0,0.0
26.605216007000003,0.32,0.0,0.01,0.0
26.606251921000002,0.32,0.0,0.0,0.0
26.608351968,0.32,0.0,0.0,0.0
26.609091917,0.32,0.0,0.0,0.0
26.610224514000002,0.32,0.0,0.0,0.0
26.611145031000003,0.32,0.0,0.0,0.0
26.612212012,0.32,0.0,0.0,0.0
26.613210983000002,0.32,0.0,0.0,0.0
26.614207004,0.32,0.0,0.0,0.0
26.615863418,0.32,0.0,0.0,0.0
26.61629268,0.32,0.0,0.01,0.0
26.617138551,0.33,0.0,0.0,0.0
26.619302995,0.32,0.0,0.0,0.0
26.620113321,0.32,0.0,0.0,0.0
26.621210201,0.33,0.0,0.0,0.0
26.6222059,0.32,0.0,0.0,0.0
26.623172125,0.32,0.0,0.0,0.0
26.624184843000002,0.32,0.0,0.0,0.0
26.625208946,0.32,0.0,0.0,0.0
26.626182972000002,0.32,0.0,0.0,0.0
26.627210185000003,0.32,0.0,0.0,0.0
26.628219164,0.32,0.0,0.0,0.0
26.629220587000002,0.32,0.0,0.0,0.0
26.630235096000003,0.32,0.0,0.0,0.0
26.631326706000003,0.32,0.0,0.0,0.0
26.632197104000003,0.32,0.0,0.0,0.0
26.633228161,0.32,0.0,0.0,0.0
26.634193584000002,0.32,0.0,0.0,0.0
26.635177788,0.31,0.0,0.0,0.0
26.637425850000003,0.32,0.0,0.0,0.0
26.638231100000002,0.32,0.0,0.0,0.0
26.639160513,0.32,0.0,0.0,0.0
26.640198140000003,0.31,0.0,0.0,0.0
26.641186116,0.32,0.0,0.0,0.0
26.642189759,0.32,0.0,0.0,0.0
26.643198757,0.32,0.0,0.0,0.0
26.644160473000003,0.32,0.0,0.01,0.0
26.645342337000002,0.32,0.0,0.0,0.0
26.646122554,0.32,0.0,0.0,0.0
26.647152567000003,0.32,0.0,0.0,0.0
26.648156210000003,0.32,0.0,0.0,0.0
26.649191316000003,0.32,0.0,0.0,0.0
26.650258323000003,0.32,0.0,0.0,0.0
26.652489104,0.32,0.0,0.0,0.0
26.653580620000003,0.32,0.0,0.0,0.0
26.654533438,0.32,0.0,0.0,0.0
26.655517152,0.32,0.0,0.0,0.0
26.656584513000002,0.32,0.0,0.0,0.0
26.657648365,0.32,0.0,0.0,0.0
26.658603510000003,0.31,0.0,0.0,0.0
26.659530087,0.31,0.0,0.0,0.0
26.660381481,0.31,0.0,0.0,0.0
26.661215161,0.31,0.0,0.0,0.0
26.662224736000002,0.31,0.0,0.0,0.0
26.663195215000002,0.31,0.0,0.0,0.0
26.664235916000003,0.31,0.0,0.0,0.0
26.665246340000003,0.31,0.0,0.0,0.0
26.666248481,0.31,0.0,0.0,0.0
26.668463363,0.31,0.0,0.0,0.0
26.669383961,0.32,0.0,0.0,0.0
26.670137753000002,0.31,0.0,0.0,0.0
26.671166068,0.31,0.0,0.0,0.0
26.672149933,0.31,0.0,0.0,0.0
26.673225212000002,0.31,0.0,0.0,0.0
26.674162985000002,0.32,0.0,0.0,0.0
26.675224548000003,0.31,0.0,0.0,0.0
26.676204571000003,0.31,0.0,0.0,0.0
26.677228945000003,0.31,0.0,0.0,0.0
26.678179411000002,0.31,0.0,0.0,0.0
26.679151973000003,0.31,0.0,0.0,0.0
26.680190770000003,0.31,0.0,0.0,0.0
26.682195764000003,0.31,0.0,0.0,0.0
26.683151198,0.31,0.0,0.0,0.0
26.684253992000002,0.31,0.0,0.0,0.01
26.685151325000003,0.31,0.0,0.0,0.0
26.686178605000002,0.31,0.0,0.0,0.0
26.687247863000003,0.31,0.0,0.0,0.01
26.688210772,0.31,0.0,0.01,0.0
26.689234991000003,0.31,0.0,0.0,0.0
26.690231787000002,0.31,0.0,0.0,0.0
26.691136114000003,0.32,0.0,0.0,0.0
26.692294139,0.31,0.0,0.0,0.0
26.693114128,0.31,0.0,0.0,0.0
26.694330686,0.32,0.0,0.0,0.0
26.695104365000002,0.32,0.0,0.0,0.0
26.696380908000002,0.32,0.0,0.0,0.0
26.69823166,0.32,0.0,0.0,0.0
26.699213837000002,0.31,0.0,0.0,0.0
26.700233561,0.31,0.0,0.0,0.0
26.701261748,0.31,0.0,0.0,0.0
26.702241039,0.31,0.0,0.0,0.0
26.703189384,0.31,0.0,0.0,0.0
26.704406161,0.31,0.0,0.01,0.0
26.705102002,0.31,0.0,0.0,0.0
26.706462298,0.31,0.0,0.0,0.01
26.70709473,0.31,0.0,0.0,0.0
26.708355602,0.31,0.0,0.0,0.0
26.709094134,0.31,0.0,0.0,0.0
26.710322275000003,0.31,0.0,0.0,0.0
26.712406879000003,0.31,0.0,0.0,0.0
26.713101404000003,0.31,0.0,0.0,0.0
26.7141513,0.31,0.0,0.0,0.0
26.715133159,0.31,0.0,0.0,0.0
26.716168127000003,0.31,0.0,0.0,0.0
26.717148249,0.31,0.0,0.0,0.0
26.718408096,0.31,0.0,0.01,0.0
26.719097446000003,0.31,0.0,0.0,0.01
26.72044452,0.31,0.0,0.0,0.0
26.721098281000003,0.31,0.0,0.0,0.0
26.722364282,0.31,0.0,0.0,0.0
26.723094796,0.31,0.0,0.0,0.0
26.724424925,0.31,0.0,0.0,0.0
26.725093626000003,0.31,0.0,0.0,0.0
26.726287171000003,0.32,0.0,0.0,0.0
26.728269922000003,0.31,0.0,0.0,0.0
26.729099703000003,0.32,0.0,0.0,0.0
26.730387917,0.31,0.0,0.0,0.0
26.731096751000003,0.32,0.0,0.0,0.0
26.732403665000003,0.31,0.0,0.0,0.0
26.733094758,0.32,0.0,0.0,0.0
26.734423212000003,0.32,0.0,0.0,0.0
26.735095287,0.32,0.0,0.0,0.0
26.736464409000003,0.31,0.0,0.0,0.0
26.73709167,0.32,0.0,0.0,0.0
26.738278933,0.32,0.0,0.0,0.0
26.739088465000002,0.31,0.0,0.0,0.0
26.740329627,0.31,0.0,0.0,0.0
26.742278071,0.32,0.0,0.0,0.0
26.74309698,0.32,0.0,0.0,0.0
26.744319203000003,0.32,0.0,0.0,0.0
26.745123134,0.32,0.0,0.0,0.0
26.746312527,0.32,0.0,0.0,0.0
26.747095399000003,0.32,0.0,0.0,0.0
26.748308192000003,0.32,0.0,0.0,0.0
26.749132855000003,0.32,0.0,0.0,0.0
26.750447671000003,0.32,0.0,0.0,0.0
26.751090703000003,0.32,0.0,0.0,0.0
26.752294946000003,0.32,0.0,0.0,0.0
26.753094519,0.32,0.0,0.0,0.0
26.754139041000002,0.33,0.0,0.0,0.0
26.755304499,0.32,0.0,0.0,0.0
26.756144808000002,0.33,0.0,0.0,0.0
26.758445626,0.32,0.0,0.0,0.0
26.759093447,0.33,0.0,0.0,0.0
26.760259258,0.33,0.0,0.01,0.0
26.76112467,0.33,0.0,0.0,0.0
26.762408447000002,0.32,0.0,0.0,0.0
26.763094682000002,0.33,0.0,0.0,0.0
26.764273962,0.32,0.0,0.0,0.0
26.765196263,0.32,0.0,0.0,0.0
26.766536364,0.32,0.0,0.0,0.0
26.767085654000002,0.32,0.0,0.0,0.0
26.768332386,0.32,0.0,0.0,0.0
26.769113277000002,0.32,0.0,0.0,0.0
26.770400277,0.32,0.0,0.0,0.0
26.771087173,0.32,0.0,0.0,0.0
26.772401355000003,0.32,0.0,0.0,0.0
26.774406479000003,0.32,0.0,0.0,0.0
26.775094592000002,0.32,0.0,0.0,0.0
26.776340254,0.32,0.0,0.0,0.0
26.777091806,0.32,0.0,0.0,0.0
26.778408069,0.32,0.0,0.0,0.0
26.779093878,0.32,0.0,0.0,0.0
26.780407922000002,0.32,0.0,0.0,0.0
26.781092201000003,0.32,0.0,0.0,0.0
26.782314351,0.33,0.0,0.0,0.0
26.783097048000002,0.32,0.0,0.0,0.0
26.784436927,0.32,0.0,0.0,0.0
26.785087461000003,0.32,0.0,0.0,0.0
26.786469895000003,0.32,0.0,0.0,0.0
26.788423756,0.32,0.0,0.0,0.0
26.789093551,0.32,0.0,0.0,0.0
26.790414803,0.32,0.0,0.0,0.0
26.791089488,0.32,0.0,0.0,0.0
26.792380109000003,0.32,0.0,0.0,0.0
26.793088276000002,0.32,0.0,0.0,0.0
26.794312727,0.32,0.0,0.0,0.0
26.795152520000002,0.32,0.0,0.0,0.0
26.796473706,0.33,0.0,0.0,0.0
26.797098074,0.33,0.0,0.0,0.0
26.798139446,0.32,0.0,0.0,0.0
26.799285913000002,0.32,0.0,0.0,0.0
26.800143633,0.32,0.0,0.0,0.0
26.801424122,0.32,0.0,0.0,0.0
26.803430874,0.32,0.0,0.0,0.0
26.804090562000003,0.32,0.0,0.0,0.0
26.805427311000003,0.32,0.0,0.0,0.0
26.806094117,0.32,0.0,0.0,0.0
26.807175319000002,0.32,0.0,0.0,0.0
26.808083186,0.33,0.0,0.0,0.0
26.809337102,0.33,0.0,0.0,0.0
26.810085068000003,0.33,0.0,0.0,0.0
26.811381105000002,0.33,0.0,0.0,0.0
26.812107687,0.33,0.0,0.0,0.0
26.813288561,0.33,0.0,0.0,0.0
26.814092148,0.32,0.0,0.0,0.0
26.815280929,0.32,0.0,0.0,0.0
26.817279649000003,0.32,0.0,0.0,0.0
26.818095055,0.32,0.0,0.0,0.0
26.819421289,0.32,0.0,0.0,0.0
26.820096249000002,0.32,0.0,0.0,0.0
26.821295145,0.34,0.0,0.0,0.0
26.82215562,0.34,0.0,0.0,0.0
26.823442478,0.33,0.0,0.0,0.0
26.824097477000002,0.34,0.0,0.0,0.0
26.825271805000003,0.34,0.0,0.0,0.0
26.826195663,0.34,0.0,0.0,0.0
26.827345459,0.34,0.0,0.0,0.0
26.828123518,0.34,0.0,0.0,0.0
26.829308328000003,0.34,0.0,0.0,0.0
26.830129135,0.34,0.0,0.01,0.0
26.831164101000002,0.34,0.0,0.0,0.0
26.832572589,0.34,0.0,0.0,0.0
26.834278099000002,0.34,0.0,0.0,0.0
26.835142066000003,0.34,0.0,0.0,0.0
26.836458197000002,0.34,0.0,0.0,0.0
26.837100257000003,0.34,0.0,0.0,0.0
26.838416445,0.34,0.0,0.0,0.0
26.839087162000002,0.34,0.0,0.0,0.0
26.840444124,0.34,0.0,0.0,0.0
26.841067443,0.34,0.0,0.0,0.0
26.842153341000003,0.34,0.0,0.0,0.0
26.843139922000002,0.34,0.0,0.0,0.0
26.845318144,0.33,0.0,0.0,0.0
26.84612538,0.33,0.0,0.0,0.0
26.847161448,0.34,0.0,0.0,0.0
26.848159323,0.34,0.0,0.0,0.0
26.849199107,0.34,0.0,0.0,0.0
26.850195729000003,0.34,0.0,0.01,0.0
26.851166461000002,0.34,0.0,0.0,0.0
26.852215616000002,0.34,0.0,0.0,0.0
26.85320583,0.34,0.0,0.0,0.0
26.854220891,0.34,0.0,0.0,0.0
26.855236582000003,0.34,0.0,0.0,0.0
26.856271566,0.34,0.0,0.0,0.0
26.857238989000003,0.34,0.0,0.0,0.0
26.858199126000002,0.34,0.0,0.01,0.0
26.859190864000002,0.34,0.0,0.0,0.0
26.860163525,0.34,0.0,0.0,0.0
26.862399600000003,0.34,0.0,0.0,0.0
26.863158173000002,0.35,0.0,0.0,0.0
26.864207162000003,0.34,0.0,0.0,0.0
26.865144313000002,0.34,0.0,0.0,0.0
26.866175571000003,0.34,0.0,0.01,0.0
26.867215812,0.34,0.0,0.0,0.0
26.868196365000003,0.34,0.0,0.01,0.0
26.869189631,0.33,0.0,0.0,0.0
26.870191041,0.34,0.0,0.0,0.0
26.871139498,0.34,0.0,0.0,0.0
26.872312930000003,0.34,0.0,0.0,0.0
26.873126623,0.34,0.0,0.0,0.0
26.874286672,0.34,0.0,0.0,0.0
26.875105411000003,0.33,0.0,0.0,0.0
26.876296511000003,0.34,0.0,0.0,0.0
26.878337151,0.34,0.0,0.0,0.0
26.879101646000002,0.33,0.0,0.0,0.0
26.880121849000002,0.34,0.0,0.0,0.0
26.881258888,0.33,0.0,0.0,0.0
26.882154342000003,0.32,0.0,0.0,0.0
26.883130659000003,0.34,0.0,0.0,0.0
26.884212514,0.35,0.0,0.0,0.0
26.885187429000002,0.33,0.0,0.0,0.0
26.886191812000003,0.33,0.0,0.0,0.0
26.887202621,0.34,0.0,0.0,0.0
26.888229288,0.33,0.0,0.0,0.0
26.889261193000003,0.33,0.0,0.0,0.0
26.890362903000003,0.33,0.0,0.0,0.0
26.891265722,0.34,0.0,0.01,0.0
26.892282413,0.34,0.0,0.0,0.0
26.893292317,0.33,0.0,0.0,0.0
26.895221547000002,0.34,0.0,0.0,0.0
26.89619227,0.34,0.0,0.0,0.0
26.897206225,0.34,0.0,0.0,0.0
26.898207849000002,0.34,0.0,0.0,0.0
26.899384609000002,0.34,0.0,0.0,0.0
26.900391545,0.33,0.0,0.0,0.0
26.901237055000003,0.34,0.0,0.0,0.0
26.902155058,0.33,0.0,0.0,0.01
26.903198658,0.34,0.0,0.0,0.0
26.904148287,0.34,0.0,0.0,0.0
26.905190596,0.33,0.0,0.0,0.01
26.906177250000002,0.33,0.0,0.0,0.0
26.908297738,0.34,0.0,0.0,0.0
26.909142836,0.33,0.0,0.0,0.0
26.91017515,0.33,0.0,0.0,0.0
26.911132352000003,0.33,0.0,0.0,0.0
26.912368066000003,0.33,0.0,0.0,0.0
26.913125276000002,0.33,0.0,0.0,0.0
26.914266479000002,0.33,0.0,0.0,0.0
26.915193384000002,0.33,0.0,0.0,0.0
26.916917618000003,0.33,0.0,0.0,0.0
26.917351678000003,0.33,0.01,0.0,0.0
26.918130601,0.33,0.0,0.0,0.0
26.919117324000002,0.32,0.0,0.0,0.0
26.920197363000003,0.34,0.0,0.0,0.0
26.921210939,0.34,0.0,0.0,0.0
26.922160594,0.34,0.0,0.0,0.0
26.923210552,0.34,0.0,0.0,0.0
26.925279095,0.34,0.0,0.0,0.0
26.926182054,0.33,0.0,0.0,0.0
26.927304772000003,0.34,0.0,0.0,0.0
26.928231330000003,0.34,0.0,0.0,0.0
26.929178108000002,0.34,0.0,0.0,0.0
26.930175233,0.34,0.0,0.0,0.0
26.93116218,0.34,0.0,0.0,0.0
26.932161238000003,0.34,0.0,0.0,0.0
26.933159666,0.33,0.0,0.0,0.0
26.934182215000003,0.34,0.0,0.0,0.0
26.935179108000003,0.34,0.0,0.0,0.0
26.936165989000003,0.34,0.0,0.0,0.0
26.938263057,0.34,0.0,0.0,0.0
26.939136010000002,0.33,0.0,0.0,0.0
26.940153398000003,0.34,0.0,0.0,0.0
26.941200114,0.34,0.0,0.0,0.0
26.942197321000002,0.34,0.0,0.0,0.0
26.943193893,0.33,0.0,0.0,0.0
26.944345572000003,0.33,0.0,0.0,0.0
26.945139243000003,0.33,0.0,0.0,0.0
26.946241522,0.33,0.0,0.0,0.0
26.947185301,0.33,0.0,0.0,0.0
26.948191174,0.33,0.0,0.0,0.0
26.949163044000002,0.34,0.0,0.0,0.0
26.950183462000002,0.34,0.0,0.0,0.0
26.951224855000003,0.33,0.0,0.0,0.0
26.952183447000003,0.32,0.0,0.0,0.0
26.954508758000003,0.33,0.0,0.0,0.0
26.955599820000003,0.33,0.0,0.0,0.0
26.956613125,0.33,0.0,0.0,0.0
26.95760641,0.33,0.0,0.0,0.0
26.958745024000002,0.33,0.0,0.0,0.0
26.959657353,0.33,0.0,0.0,0.0
26.960486778,0.33,0.0,0.0,0.0
26.961213012,0.33,0.0,0.0,0.0
26.962203541,0.33,0.0,0.0,0.0
26.963160016000003,0.34,0.0,0.0,0.0
26.964206998,0.34,0.0,0.0,0.0
26.965197269,0.34,0.0,0.0,0.0
26.966198469000002,0.33,0.0,0.0,0.0
26.967215913,0.33,0.0,0.0,0.0
26.969417109000002,0.33,0.0,0.0,0.0
26.970178977000003,0.34,0.0,0.0,0.0
26.971217178000003,0.34,0.0,0.0,0.0
26.972201987000002,0.33,0.0,0.0,0.0
26.973112326000003,0.33,0.0,0.0,0.0
26.974354870000003,0.35,0.0,0.0,0.0
26.975125487000003,0.34,0.0,0.0,0.0
26.976385701,0.34,0.0,0.0,0.0
26.977114901,0.34,0.0,0.0,0.0
26.978409591000002,0.34,0.0,0.0,0.0
26.979106874000003,0.34,0.0,0.0,0.0
26.980319691000002,0.34,0.0,0.0,0.0
26.981106506000003,0.34,0.0,0.0,0.0
26.982395747,0.35,0.0,0.0,0.0
26.984504051000002,0.34,0.0,0.0,0.0
26.985098914,0.35,0.0,0.0,0.0
26.986353422,0.35,0.0,0.0,0.0
26.98709492,0.35,0.0,0.0,0.0
26.988305507000003,0.35,0.0,0.01,0.0
26.989124808000003,0.34,0.0,0.0,0.0
26.990179067000003,0.35,0.0,0.0,0.0
26.991242643000003,0.36,0.0,0.0,0.0
26.992230367,0.34,0.0,0.0,0.0
26.993160044000003,0.35,0.0,0.0,0.0
26.994102433000002,0.34,0.0,0.0,0.0
26.995176819,0.34,0.0,0.0,0.0
26.996177748,0.35,0.0,0.0,0.0
26.997179449,0.34,0.0,0.0,0.0
26.998181010000003,0.34,0.0,0.0,0.0
26.999202524,0.35,0.0,0.0,0.0
27.001406578,0.35,0.0,0.0,0.0
27.002257468000003,0.35,0.0,0.0,0.0
27.003242078000003,0.35,0.0,0.0,0.0
27.004211752000003,0.35,0.0,0.0,0.0
27.005189556,0.35,0.0,0.0,0.0
27.006159383,0.35,0.0,0.0,0.0
27.007199316,0.35,0.0,0.0,0.0
27.008177663,0.35,0.0,0.0,0.0
27.009201121,0.35,0.0,0.0,0.0
27.010178785,0.35,0.0,0.0,0.0
27.011190867000003,0.34,0.0,0.0,0.0
27.012173589000003,0.35,0.0,0.0,0.0
27.013331482,0.34,0.0,0.0,0.0
27.015341233,0.34,0.0,0.0,0.0
27.017661417000003,0.35,0.0,0.0,0.0
27.018116188,0.34,0.0,0.0,0.0
27.019265942,0.35,0.0,0.0,0.0
27.020192603,0.35,0.0,0.0,0.0
27.021233829000003,0.35,0.0,0.0,0.0
27.022208684000002,0.35,0.0,0.0,0.0
27.023106939,0.35,0.0,0.0,0.0
27.024249585000003,0.35,0.0,0.0,0.0
27.025172892,0.35,0.0,0.0,0.0
27.026149410000002,0.35,0.0,0.0,0.0
27.027362453000002,0.35,0.0,0.0,0.0
27.028082908000002,0.35,0.0,0.0,0.0
27.029117866,0.35,0.0,0.0,0.0
27.030225614000003,0.35,0.0,0.0,0.0
27.031108630000002,0.35,0.0,0.0,0.0
27.032271397000002,0.35,0.0,0.0,0.0
27.033086710000003,0.35,0.0,0.0,0.0
27.034354208000003,0.35,0.0,0.0,0.0
27.035083356,0.35,0.0,0.0,0.0
27.036260183000003,0.35,0.0,0.0,0.0
27.037242384000002,0.35,0.0,0.0,0.0
27.038222714000003,0.34,0.0,0.0,0.0
27.039111914000003,0.35,0.0,0.0,0.0
27.040314426000002,0.35,0.0,0.0,0.0
27.041159483,0.35,0.0,0.0,0.0
27.04232275,0.35,0.0,0.0,0.0
27.043080827,0.35,0.0,0.0,0.0
27.044134421000003,0.35,0.0,0.0,0.0
27.046375502,0.35,0.0,0.0,0.0
27.047161695000003,0.35,0.0,0.0,0.0
27.04810011,0.35,0.0,0.0,0.0
27.049118764000003,0.35,0.0,0.0,0.0
27.050113683000003,0.35,0.0,0.0,0.0
27.051222827,0.35,0.0,0.0,0.0
27.052144014000003,0.35,0.01,0.0,0.0
27.053385286,0.35,0.0,0.0,0.0
27.054083553,0.35,0.0,0.0,0.0
27.055274921000002,0.35,0.0,0.0,0.0
27.056167425,0.34,0.0,0.0,0.0
27.057158443000002,0.35,0.0,0.0,0.0
27.058226307,0.35,0.0,0.0,0.0
27.059233098,0.35,0.0,0.0,0.0
27.060228325,0.35,0.0,0.0,0.0
27.062336259000002,0.35,0.0,0.0,0.0
27.063119051,0.35,0.0,0.0,0.0
27.064266393,0.35,0.0,0.0,0.0
27.065195701,0.35,0.0,0.0,0.0
27.066226698,0.35,0.0,0.0,0.0
27.067208138,0.35,0.0,0.0,0.0
27.068199247000003,0.35,0.0,0.0,0.0
27.069188005,0.35,0.0,0.0,0.0
27.070167729,0.35,0.0,0.0,0.0
27.071174504000002,0.35,0.0,0.0,0.0
27.072189746000003,0.35,0.0,0.0,0.0
27.073205032,0.35,0.0,0.0,0.0
27.075497685000002,0.35,0.0,0.0,0.0
27.076524083000002,0.35,0.0,0.0,0.0
27.077425343,0.35,0.0,0.0,0.0
27.078512735,0.35,0.01,0.0,0.0
27.079712999,0.35,0.0,0.0,0.0
27.080612553,0.35,0.0,0.0,0.0
27.081429922,0.36,0.0,0.0,0.0
27.082193476,0.35,0.0,0.0,0.0
27.083192283000002,0.35,0.0,0.0,0.0
27.085705608,0.35,0.0,0.0,0.0
27.086338718,0.35,0.0,0.0,0.0
27.087134073,0.35,0.01,0.0,0.0
27.088197063000003,0.35,0.0,0.0,0.0
27.089191035000002,0.35,0.0,0.0,0.0
27.090192782000003,0.35,0.0,0.0,0.0
27.091193967000002,0.35,0.0,0.0,0.0
27.092201996,0.35,0.0,0.0,0.0
27.093198955000002,0.35,0.0,0.0,0.0
27.094103726,0.35,0.0,0.0,0.0
27.095329554000003,0.34,0.0,0.0,0.0
27.096110692000003,0.34,0.0,0.0,0.0
27.097331592000003,0.35,0.0,0.0,0.0
27.098100776000003,0.35,0.0,0.0,0.0
27.099279647000003,0.35,0.0,0.0,0.0
27.100176087,0.35,0.0,0.0,0.0
27.101156051,0.35,0.0,0.0,0.0
27.102206227,0.34,0.0,0.0,0.0
27.104346364,0.34,0.0,0.0,0.0
27.105098664000003,0.35,0.0,0.0,0.0
27.106212111,0.35,0.0,0.0,0.0
27.107213738000002,0.35,0.0,0.0,0.0
27.108209993000003,0.35,0.0,0.0,0.0
27.109212946000003,0.35,0.0,0.0,0.0
27.110214429000003,0.35,0.0,0.0,0.0
27.111199305000003,0.35,0.0,0.0,0.0
27.112278285000002,0.35,0.0,0.0,0.0
27.113091852,0.35,0.0,0.0,0.0
27.114222788000003,0.35,0.0,0.0,0.0
27.115083047000002,0.34,0.0,0.0,0.0
27.116133765,0.35,0.0,0.0,0.0
27.117161662,0.35,0.0,0.01,0.0
27.119360134,0.34,0.0,0.0,0.0
27.120099109,0.35,0.0,0.0,0.0
27.121156099,0.35,0.0,0.0,0.0
27.122215147000002,0.35,0.0,0.0,0.0
27.123078778,0.35,0.0,0.0,0.0
27.124350482,0.34,0.0,0.0,0.0
27.125092076,0.34,0.0,0.0,0.0
27.126236971,0.34,0.0,0.0,0.0
27.12728848,0.34,0.0,0.01,0.0
27.128200192,0.35,0.0,0.0,0.0
27.129440643000002,0.34,0.0,0.0,0.0
27.130081087,0.35,0.0,0.0,0.0
27.131247043000002,0.35,0.0,0.01,0.0
27.132082311,0.35,0.0,0.0,0.0
27.133385385,0.35,0.0,0.0,0.0
27.135356631,0.35,0.0,0.0,0.0
27.136112966000002,0.34,0.0,0.0,0.0
27.137253392,0.34,0.0,0.0,0.0
27.138207232000003,0.34,0.0,0.0,0.0
27.139241846,0.34,0.0,0.0,0.0
27.14023805,0.34,0.0,0.0,0.0
27.141236462000002,0.34,0.0,0.0,0.0
27.142235958,0.34,0.0,0.0,0.0
27.143456865,0.34,0.0,0.0,0.0
27.144081132,0.34,0.0,0.0,0.0
27.145251846,0.34,0.0,0.0,0.0
27.146159035,0.34,0.0,0.0,0.0
27.147335959000003,0.34,0.0,0.0,0.0
27.148134698000003,0.34,0.0,0.0,0.0
27.150275913,0.35,0.0,0.0,0.0
27.151073254,0.34,0.0,0.0,0.0
27.152469074000003,0.34,0.0,0.0,0.0
27.153104520000003,0.35,0.0,0.0,0.0
27.154239930000003,0.35,0.0,0.0,0.0
27.155231959,0.34,0.0,0.0,0.0
27.156263896000002,0.35,0.0,0.0,0.0
27.157061432000003,0.35,0.0,0.0,0.0
27.158226674,0.35,0.0,0.0,0.0
27.159175485000002,0.34,0.0,0.0,0.0
27.160116285,0.34,0.0,0.0,0.0
27.161142651000002,0.34,0.0,0.0,0.0
27.163399856,0.34,0.0,0.0,0.0
27.164091454,0.34,0.0,0.0,0.0
27.165361837000003,0.34,0.0,0.0,0.0
27.166084354000002,0.34,0.0,0.0,0.0
27.167370440000003,0.34,0.0,0.0,0.0
27.168117878,0.34,0.0,0.0,0.0
27.169370017000002,0.34,0.0,0.0,0.0
27.170082486000002,0.34,0.0,0.0,0.0
27.171363818000003,0.34,0.0,0.0,0.0
27.172082652,0.34,0.0,0.0,0.0
27.173416383000003,0.35,0.0,0.0,0.0
27.174079032,0.34,0.0,0.0,0.0
27.175326157,0.34,0.0,0.0,0.0
27.17607697,0.34,0.0,0.0,0.0
27.177354763,0.34,0.0,0.0,0.0
27.178121656000002,0.34,0.0,0.0,0.0
27.180362003000003,0.34,0.0,0.0,0.0
27.181101487000003,0.34,0.0,0.0,0.0
27.182371014,0.35,0.0,0.0,0.0
27.183080554,0.34,0.0,0.0,0.0
27.184327805000002,0.34,0.0,0.0,0.0
27.185078965000002,0.34,0.0,0.0,0.0
27.186360660000002,0.34,0.0,0.0,0.0
27.187103913,0.34,0.0,0.0,0.0
27.188438978,0.34,0.0,0.0,0.0
27.189076536,0.34,0.0,0.0,0.0
27.190115264000003,0.34,0.01,0.0,0.0
27.191107881,0.34,0.0,0.0,0.0
27.192324923,0.34,0.0,0.0,0.0
27.193078341000003,0.34,0.0,0.0,0.0
27.195242694,0.34,0.0,0.0,0.0
27.196118628,0.34,0.0,0.0,0.0
27.19711102,0.34,0.0,0.0,0.0
27.198231997,0.34,0.0,0.0,0.0
27.199081065,0.34,0.0,0.0,0.0
27.200359917,0.34,0.0,0.0,0.0
27.201104363000002,0.34,0.0,0.0,0.0
27.202436773000002,0.34,0.0,0.0,0.0
27.203103535,0.34,0.0,0.0,0.0
27.204263647,0.34,0.0,0.0,0.0
27.205131768,0.34,0.0,0.0,0.0
27.206221605000003,0.34,0.0,0.0,0.0
27.207128196000003,0.34,0.0,0.0,0.0
27.208151140000002,0.34,0.0,0.0,0.0
27.209246747,0.34,0.0,0.0,0.0
27.211248695000002,0.34,0.0,0.0,0.0
27.212081481000002,0.34,0.0,0.0,0.0
27.213109799,0.34,0.0,0.0,0.0
27.214334708000003,0.34,0.0,0.0,0.0
27.215421640000002,0.34,0.0,0.0,0.0
27.216104354000002,0.34,0.0,0.0,0.0
27.217309313,0.34,0.0,0.0,0.0
27.218205166,0.34,0.0,0.0,0.0
27.219199167000003,0.34,0.0,0.0,0.0
27.220174315,0.34,0.0,0.0,0.0
27.221188789000003,0.33,0.01,0.0,0.0
27.222198715,0.34,0.0,0.0,0.0
27.223207743000003,0.34,0.0,0.0,0.0
27.225229673,0.34,0.0,0.0,0.0
27.226173828,0.33,0.0,0.0,0.0
27.227209394000003,0.34,0.0,0.0,0.0
27.228312520000003,0.34,0.0,0.0,0.0
27.229222624000002,0.34,0.0,0.0,0.0
27.230289902000003,0.33,0.0,0.0,0.0
27.231195051,0.33,0.0,0.0,0.0
27.232223173,0.33,0.0,0.0,0.0
27.233203212000003,0.34,0.0,0.0,0.0
27.234188776000003,0.34,0.0,0.0,0.0
27.235407177000003,0.34,0.0,0.0,0.0
27.236216027,0.33,0.01,0.0,0.0
27.23717939,0.33,0.0,0.0,0.0
27.239360853,0.34,0.0,0.0,0.0
27.240217645,0.34,0.0,0.0,0.0
27.241163693,0.34,0.0,0.0,0.0
27.242186012,0.34,0.0,0.0,0.0
27.243197901000002,0.34,0.0,0.0,0.0
27.244208977000003,0.34,0.0,0.0,0.0
27.245232652000002,0.34,0.0,0.0,0.01
27.246854050000003,0.34,0.0,0.0,0.0
27.248273243000003,0.34,0.0,0.0,0.0
27.249349498,0.33,0.0,0.0,0.0
27.250285034,0.34,0.0,0.0,0.0
27.251299554000003,0.33,0.0,0.0,0.0
27.252223305,0.34,0.0,0.0,0.0
27.253195281,0.34,0.0,0.0,0.0
27.254159551,0.34,0.0,0.0,0.0
27.255210028,0.34,0.0,0.0,0.0
27.256139547,0.34,0.0,0.0,0.0
27.257231919000002,0.34,0.0,0.0,0.0
27.258160543000002,0.34,0.0,0.0,0.0
27.25923547,0.34,0.0,0.0,0.0
27.260208353000003,0.34,0.0,0.0,0.0
27.261187807000002,0.34,0.0,0.0,0.0
27.262221503000003,0.34,0.01,0.0,0.0
27.263232419,0.34,0.0,0.0,0.0
27.264205176,0.34,0.0,0.0,0.0
27.265183259,0.35,0.0,0.0,0.0
27.266166492,0.34,0.0,0.0,0.0
27.267338968,0.34,0.0,0.0,0.0
27.268114996,0.35,0.0,0.0,0.0
27.269262912000002,0.34,0.0,0.0,0.0
27.271390768000003,0.34,0.0,0.0,0.0
27.272113758000003,0.34,0.0,0.0,0.0
27.273100655,0.34,0.0,0.0,0.0
27.274160055000003,0.34,0.0,0.0,0.0
27.275133803000003,0.34,0.0,0.0,0.0
27.276261008000002,0.34,0.0,0.0,0.0
27.277227444,0.34,0.0,0.0,0.0
27.278251041,0.34,0.0,0.0,0.0
27.279138343000003,0.34,0.0,0.0,0.0
27.280179781,0.34,0.0,0.0,0.0
27.281087461000002,0.33,0.0,0.0,0.0
27.283377238000003,0.34,0.0,0.0,0.0
27.284113360000003,0.34,0.0,0.0,0.0
27.285166278000002,0.34,0.0,0.0,0.0
27.286138266000002,0.34,0.0,0.0,0.0
27.287253759000002,0.34,0.0,0.0,0.0
27.288244387000002,0.34,0.0,0.0,0.0
27.289243915,0.34,0.0,0.0,0.0
27.290243006,0.34,0.0,0.0,0.0
27.291239857,0.34,0.0,0.0,0.0
27.292246706,0.34,0.0,0.0,0.0
27.293221111,0.34,0.0,0.0,0.0
27.294143906000002,0.34,0.0,0.0,0.0
27.295336263000003,0.34,0.0,0.0,0.0
27.296104936000003,0.34,0.0,0.0,0.0
27.297271586,0.34,0.0,0.0,0.0
27.298104178000003,0.34,0.0,0.0,0.0
27.299326808,0.34,0.0,0.0,0.0
27.301404133000002,0.35,0.0,0.0,0.0
27.302093375000002,0.34,0.0,0.0,0.01
27.303408973000003,0.34,0.0,0.0,0.0
27.304107478000002,0.34,0.0,0.0,0.0
27.305411250000002,0.35,0.0,0.0,0.0
27.306083218,0.35,0.0,0.0,0.0
27.307292372000003,0.35,0.0,0.01,0.0
27.308224329,0.34,0.0,0.0,0.0
27.309177666,0.34,0.0,0.0,0.0
27.310387282,0.35,0.0,0.0,0.0
27.311092896,0.35,0.0,0.0,0.0
27.312320365,0.34,0.0,0.0,0.0
27.313139434,0.34,0.0,0.0,0.0
27.314279929,0.34,0.0,0.0,0.0
27.315161754000002,0.34,0.0,0.0,0.0
27.317148593000002,0.34,0.0,0.0,0.0
27.318292103,0.35,0.0,0.0,0.0
27.319210786000003,0.35,0.0,0.0,0.0
27.320286411,0.35,0.0,0.0,0.0
27.321229348000003,0.35,0.0,0.0,0.0
27.322261651,0.34,0.0,0.0,0.0
27.323233226000003,0.34,0.0,0.0,0.0
27.324240124000003,0.35,0.0,0.0,0.0
27.325189445000003,0.35,0.0,0.0,0.0
27.326354793,0.35,0.0,0.0,0.0
27.327098068,0.35,0.0,0.0,0.0
27.328301469000003,0.35,0.0,0.0,0.0
27.329094118,0.34,0.0,0.0,0.0
27.330416327000002,0.34,0.0,0.0,0.0
27.332315451000003,0.34,0.0,0.0,0.0
27.333100769,0.34,0.0,0.0,0.0
27.334136545000003,0.35,0.0,0.0,0.0
27.335272187,0.35,0.0,0.0,0.0
27.336125723000002,0.34,0.0,0.0,0.0
27.337209386,0.34,0.0,0.0,0.0
27.338211311000002,0.34,0.0,0.0,0.0
27.339263794,0.35,0.0,0.0,0.0
27.340198660000002,0.34,0.0,0.0,0.0
27.341139767,0.34,0.0,0.0,0.0
27.342291156,0.34,0.01,0.0,0.0
27.343101485000002,0.34,0.0,0.0,0.0
27.344318564,0.34,0.0,0.0,0.0
27.346402174,0.34,0.0,0.0,0.0
27.347104100000003,0.34,0.0,0.0,0.0
27.348342693000003,0.35,0.0,0.0,0.0
27.349100275,0.34,0.0,0.0,0.0
27.350274541,0.33,0.0,0.0,0.0
27.351235416,0.34,0.0,0.0,0.0
27.352151452,0.34,0.0,0.0,0.0
27.3531201,0.34,0.0,0.0,0.0
27.354260577,0.34,0.0,0.0,0.0
27.355186474000003,0.33,0.0,0.0,0.0
27.356190212,0.34,0.0,0.0,0.0
27.357179158,0.34,0.0,0.0,0.0
27.358288446000003,0.34,0.0,0.0,0.0
27.359094170000002,0.34,0.0,0.0,0.0
27.360383193,0.34,0.0,0.0,0.0
27.362409977000002,0.34,0.0,0.0,0.0
27.363103855000002,0.34,0.0,0.0,0.0
27.364201672,0.34,0.0,0.0,0.0
27.365182241000003,0.33,0.0,0.0,0.0
27.366177519,0.34,0.0,0.0,0.0
27.367178049000003,0.34,0.0,0.0,0.01
27.368243430000003,0.33,0.0,0.0,0.0
27.369242495,0.34,0.0,0.0,0.0
27.37012687,0.34,0.0,0.0,0.0
27.371185876000002,0.33,0.0,0.0,0.0
27.372151215000002,0.34,0.0,0.0,0.0
27.373160698000003,0.33,0.0,0.0,0.0
27.374183517000002,0.34,0.0,0.0,0.0
27.37520401,0.34,0.0,0.0,0.0
27.37726964,0.34,0.0,0.0,0.0
27.378123555000002,0.34,0.0,0.0,0.0
27.379189554000003,0.34,0.0,0.0,0.0
27.380193883,0.33,0.0,0.0,0.0
27.381181186000003,0.34,0.0,0.0,0.0
27.38220988,0.34,0.0,0.0,0.0
27.383164001,0.34,0.0,0.0,0.0
27.384181023,0.34,0.0,0.0,0.0
27.385194004000002,0.34,0.0,0.0,0.0
27.386235232,0.33,0.0,0.0,0.0
27.387213591000002,0.33,0.0,0.0,0.0
27.388208208,0.33,0.0,0.0,0.0
27.389178648,0.34,0.0,0.0,0.0
27.391352147000003,0.34,0.0,0.0,0.0
27.392207819000003,0.34,0.0,0.0,0.0
27.393193895000003,0.34,0.0,0.0,0.0
27.394132399,0.34,0.0,0.0,0.0
27.395200481000003,0.34,0.0,0.0,0.0
27.396189139,0.34,0.0,0.0,0.0
27.397144329000003,0.34,0.0,0.0,0.0
27.398147523000002,0.34,0.0,0.0,0.0
27.399380194000003,0.34,0.0,0.0,0.0
27.400115717000002,0.34,0.0,0.0,0.0
27.40128181,0.33,0.0,0.0,0.0
27.402110403000002,0.34,0.0,0.0,0.0
27.403291315,0.34,0.0,0.0,0.0
27.404124909,0.34,0.0,0.0,0.0
27.405220166000003,0.34,0.0,0.0,0.0
27.407347246,0.34,0.0,0.0,0.0
27.408096114000003,0.34,0.0,0.0,0.0
27.409348241,0.34,0.0,0.0,0.0
27.410092003000003,0.34,0.0,0.0,0.0
27.41125235,0.33,0.0,0.0,0.01
27.412107984000002,0.34,0.0,0.0,0.0
27.413344202,0.34,0.0,0.0,0.0
27.415383279,0.34,0.0,0.0,0.0
27.416062616,0.35,0.0,0.0,0.0
27.417401885,0.34,0.0,0.0,0.0
27.418101717000003,0.34,0.0,0.0,0.0
27.419471259,0.34,0.0,0.0,0.0
27.420066215000002,0.34,0.0,0.0,0.0
27.421368205,0.34,0.0,0.0,0.0
27.422140913000003,0.34,0.0,0.0,0.0
27.423219353,0.34,0.0,0.0,0.0
27.424268672,0.34,0.0,0.0,0.0
27.425255149,0.34,0.0,0.0,0.0
27.426256169000002,0.34,0.0,0.0,0.0
27.427415015,0.34,0.0,0.0,0.0
27.428072184,0.34,0.0,0.0,0.0
27.429217005,0.34,0.0,0.0,0.0
27.430230395000002,0.34,0.0,0.0,0.0
27.431068393,0.34,0.0,0.0,0.0
27.432243999,0.34,0.0,0.0,0.0
27.433071251,0.34,0.0,0.0,0.0
27.434383127,0.34,0.0,0.0,0.0
27.436371012000002,0.35,0.0,0.0,0.0
27.437081588,0.34,0.0,0.0,0.0
27.438244054000002,0.34,0.0,0.0,0.0
27.439233023000003,0.34,0.0,0.0,0.0
27.440231805000003,0.34,0.0,0.0,0.0
27.441231232000003,0.34,0.0,0.0,0.0
27.442237932,0.34,0.0,0.0,0.0
27.443343298000002,0.34,0.0,0.0,0.0
27.444089127,0.34,0.0,0.0,0.0
27.445374745000002,0.34,0.0,0.0,0.0
27.446080909000003,0.34,0.0,0.0,0.0
27.447284544000002,0.34,0.0,0.0,0.0
27.448399543,0.34,0.0,0.0,0.0
27.449113945,0.34,0.0,0.0,0.0
27.451264774000002,0.34,0.0,0.0,0.0
27.452226133000003,0.33,0.0,0.0,0.0
27.453372294,0.34,0.0,0.0,0.0
27.454102241,0.34,0.0,0.0,0.0
27.455383132,0.34,0.0,0.0,0.0
27.456070978000003,0.34,0.0,0.0,0.0
27.457250277,0.34,0.0,0.0,0.0
27.458076557000002,0.34,0.0,0.0,0.0
27.459368014000002,0.34,0.0,0.0,0.0
27.460125302,0.34,0.0,0.0,0.0
27.461215083000003,0.34,0.0,0.0,0.0
27.462133482000002,0.34,0.0,0.0,0.0
27.463241064,0.34,0.0,0.0,0.0
27.464135069,0.34,0.0,0.0,0.0
27.466375349000003,0.34,0.0,0.0,0.0
27.467078906,0.34,0.0,0.0,0.0
27.468245853000003,0.34,0.0,0.0,0.0
27.469278661,0.34,0.0,0.0,0.0
27.470234633,0.34,0.0,0.0,0.0
27.471251213000002,0.34,0.0,0.0,0.0
27.472242475,0.34,0.0,0.0,0.0
27.473354750000002,0.34,0.0,0.0,0.0
27.474075046000003,0.34,0.0,0.0,0.0
27.475231487000002,0.34,0.0,0.0,0.0
27.476153131,0.34,0.0,0.0,0.0
27.477336363000003,0.34,0.0,0.0,0.0
27.478078209000003,0.34,0.0,0.0,0.01
27.479355686,0.34,0.0,0.0,0.0
27.480077839000003,0.34,0.0,0.0,0.0
27.481249986,0.34,0.0,0.0,0.0
27.483289138,0.34,0.0,0.0,0.0
27.485205933000003,0.35,0.0,0.0,0.0
27.486382158,0.34,0.0,0.0,0.0
27.487167210000003,0.34,0.0,0.0,0.0
27.488236073000003,0.34,0.0,0.0,0.0
27.489214441,0.34,0.0,0.0,0.0
27.490204660000003,0.34,0.0,0.0,0.0
27.491182336,0.34,0.0,0.0,0.0
27.492161596000003,0.35,0.0,0.0,0.0
27.49317264,0.34,0.0,0.0,0.0
27.494175357000003,0.34,0.0,0.0,0.0
27.495199157000002,0.34,0.0,0.0,0.0
27.496186544,0.34,0.0,0.0,0.0
27.497186125000002,0.34,0.0,0.0,0.01
27.498189533,0.35,0.0,0.0,0.0
27.499202556,0.35,0.0,0.0,0.0
27.50043644,0.35,0.0,0.0,0.0
27.501353312000003,0.34,0.0,0.0,0.0
27.502165945,0.34,0.0,0.0,0.0
27.503255597000003,0.34,0.0,0.0,0.0
27.504184891,0.34,0.0,0.0,0.0
27.505158961000003,0.34,0.0,0.0,0.0
27.506203805000002,0.34,0.0,0.0,0.0
27.507174342000003,0.34,0.0,0.0,0.0
27.508180655,0.34,0.0,0.0,0.0
27.509178603000002,0.35,0.0,0.0,0.0
27.510178674000002,0.35,0.0,0.0,0.0
27.511187689000003,0.35,0.0,0.0,0.0
27.512184414,0.35,0.0,0.0,0.0
27.514095921000003,0.34,0.0,0.0,0.0
27.516052988000002,0.34,0.0,0.0,0.0
27.516616481000003,0.35,0.0,0.0,0.0
27.517057699000002,0.34,0.0,0.0,0.0
27.518202617,0.35,0.0,0.0,0.0
27.519192974000003,0.35,0.0,0.0,0.0
27.520121446,0.35,0.0,0.0,0.0
27.521203338000003,0.35,0.0,0.0,0.0
27.52220484,0.34,0.0,0.0,0.0
27.523154554,0.34,0.0,0.0,0.0
27.524219045000002,0.34,0.0,0.0,0.0
27.525209106000002,0.34,0.0,0.0,0.0
27.526218283000002,0.34,0.0,0.0,0.0
27.52854157,0.34,0.0,0.0,0.0
27.52974924,0.35,0.0,0.0,0.0
27.530780082000003,0.34,0.0,0.0,0.0
27.532300878,0.34,0.0,0.0,0.0
27.533394082,0.34,0.0,0.0,0.0
27.534360999,0.34,0.0,0.0,0.0
27.535240158,0.34,0.0,0.0,0.0
27.53621687,0.34,0.0,0.0,0.0
27.537208771000003,0.34,0.0,0.0,0.0
27.538183725000003,0.34,0.0,0.0,0.0
27.539188583,0.34,0.0,0.0,0.0
27.540175182000002,0.34,0.0,0.0,0.0
27.541158567,0.34,0.0,0.0,0.0
27.542202309,0.34,0.0,0.0,0.0
27.543188032000003,0.34,0.0,0.0,0.0
27.544137045000003,0.34,0.0,0.0,0.0
27.545146130000003,0.34,0.0,0.0,0.0
27.546181154000003,0.34,0.0,0.0,0.0
27.547262351,0.34,0.0,0.0,0.0
27.548142312000003,0.34,0.0,0.0,0.0
27.549144758,0.35,0.0,0.0,0.0
27.550307434,0.34,0.0,0.0,0.0
27.551117950000002,0.34,0.0,0.0,0.0
27.552308678000003,0.34,0.01,0.0,0.0
27.553115685,0.35,0.0,0.0,0.0
27.554284868000003,0.34,0.0,0.0,0.0
27.555091193000003,0.35,0.0,0.0,0.0
27.556331668000002,0.34,0.0,0.0,0.0
27.558352196,0.35,0.0,0.0,0.0
27.559107812,0.34,0.0,0.0,0.0
27.560141086,0.35,0.0,0.0,0.0
27.561216187000003,0.34,0.0,0.0,0.0
27.562200715000003,0.34,0.0,0.0,0.0
27.563197919,0.34,0.0,0.0,0.0
27.564081576000003,0.34,0.0,0.0,0.0
27.565212415,0.35,0.0,0.0,0.0
27.566182917000003,0.34,0.0,0.0,0.0
27.567146377,0.34,0.0,0.0,0.01
27.568282162000003,0.35,0.0,0.0,0.0
27.569092316000003,0.35,0.0,0.0,0.0
27.570220486,0.35,0.0,0.0,0.0
27.571222125000002,0.35,0.0,0.0,0.0
27.57334944,0.35,0.0,0.0,0.0
27.574096064000003,0.35,0.0,0.0,0.0
27.575253784,0.35,0.0,0.0,0.0
27.576092426000002,0.35,0.0,0.0,0.0
27.577264333000002,0.35,0.0,0.0,0.0
27.578213876000003,0.35,0.0,0.0,0.0
27.579208861,0.35,0.0,0.0,0.0
27.580227994,0.35,0.0,0.0,0.0
27.58111651,0.35,0.0,0.0,0.0
27.582270655000002,0.35,0.0,0.0,0.0
27.583088572,0.35,0.0,0.0,0.0
27.584298666000002,0.35,0.0,0.0,0.0
27.585088303000003,0.35,0.0,0.0,0.0
27.587374696,0.35,0.0,0.0,0.0
27.588091229000003,0.35,0.0,0.0,0.0
27.589339971,0.35,0.0,0.0,0.0
27.590088355000002,0.34,0.0,0.0,0.0
27.591365647000003,0.34,0.0,0.0,0.0
27.592109006,0.34,0.0,0.0,0.0
27.593369291000002,0.34,0.0,0.0,0.0
27.594079226,0.34,0.0,0.0,0.0
27.595429430000003,0.34,0.0,0.0,0.0
27.596071323,0.34,0.0,0.0,0.0
27.597253998000003,0.34,0.0,0.0,0.0
27.598126920000002,0.34,0.0,0.0,0.0
27.600376327000003,0.34,0.0,0.0,0.0
27.601076987000003,0.34,0.0,0.0,0.0
27.602366977000003,0.34,0.0,0.0,0.0
27.603080642000002,0.34,0.0,0.0,0.0
27.604248837,0.34,0.0,0.0,0.0
27.605227755,0.33,0.0,0.0,0.0
27.606107407000003,0.35,0.0,0.0,0.0
27.607223171,0.35,0.0,0.0,0.0
27.608075785,0.35,0.0,0.0,0.0
27.609463914000003,0.35,0.0,0.0,0.0
27.610082692000002,0.35,0.0,0.0,0.0
27.611266850000003,0.35,0.0,0.0,0.0
27.61214384,0.34,0.0,0.0,0.0
27.613269870000003,0.34,0.0,0.0,0.0
27.614108688,0.35,0.0,0.0,0.0
27.615376013000002,0.35,0.0,0.0,0.0
27.618363033,0.34,0.0,0.0,0.0
27.61909361,0.34,0.0,0.0,0.0
27.620435414000003,0.34,0.0,0.0,0.0
27.621087528,0.34,0.0,0.0,0.0
27.622446125000003,0.34,0.0,0.0,0.0
27.623056998000003,0.35,0.0,0.0,0.0
27.624440146,0.34,0.0,0.0,0.0
27.625055886000002,0.34,0.0,0.0,0.0
27.626274295,0.34,0.0,0.0,0.0
27.627072497,0.34,0.0,0.0,0.0
27.628236459,0.35,0.0,0.0,0.0
27.629060690000003,0.34,0.0,0.0,0.0
27.630423557,0.35,0.0,0.0,0.0
27.631065652,0.34,0.0,0.0,0.0
27.632388814000002,0.34,0.0,0.0,0.0
27.633103386000002,0.34,0.0,0.0,0.0
27.634398267,0.34,0.0,0.0,0.0
27.635062933,0.34,0.0,0.0,0.0
27.636399116000003,0.34,0.0,0.0,0.0
27.637112248,0.34,0.0,0.0,0.0
27.638283523000002,0.34,0.0,0.0,0.0
27.639234353000003,0.34,0.0,0.0,0.0
27.640089951,0.34,0.0,0.0,0.0
27.641369450000003,0.35,0.0,0.0,0.0
27.642126654000002,0.34,0.0,0.0,0.0
27.643285171000002,0.35,0.0,0.0,0.0
27.644074246000002,0.34,0.0,0.0,0.0
27.645355491,0.34,0.0,0.0,0.0
27.647200174,0.34,0.0,0.0,0.0
27.648151487000003,0.34,0.0,0.0,0.0
27.649160689000002,0.35,0.0,0.0,0.0
27.650253509000002,0.34,0.0,0.0,0.0
27.651256816,0.34,0.0,0.0,0.0
27.652113893000003,0.34,0.0,0.0,0.0
27.653134877000003,0.34,0.0,0.0,0.0
27.654258894,0.34,0.0,0.0,0.0
27.655167958000003,0.34,0.0,0.0,0.0
27.656223047,0.34,0.0,0.0,0.0
27.657158542,0.34,0.0,0.0,0.0
27.658266162,0.34,0.0,0.0,0.0
27.659153569,0.34,0.0,0.0,0.0
27.660160209,0.34,0.0,0.0,0.0
27.661225266000002,0.34,0.0,0.0,0.0
27.663362559000003,0.34,0.0,0.0,0.0
27.664080726,0.34,0.0,0.0,0.0
27.66536526,0.34,0.0,0.01,0.0
27.666075849000002,0.34,0.0,0.0,0.0
27.667264641000003,0.34,0.0,0.0,0.0
27.668062473000003,0.34,0.0,0.0,0.0
27.669353394,0.34,0.0,0.0,0.0
27.670079349,0.34,0.0,0.0,0.0
27.671182187000003,0.34,0.0,0.0,0.0
27.672165308,0.34,0.0,0.0,0.0
27.673102875,0.34,0.0,0.0,0.0
27.674303318000003,0.34,0.0,0.0,0.0
27.675153015000003,0.34,0.0,0.0,0.0
27.677387743,0.34,0.0,0.0,0.0
27.678086017000002,0.34,0.0,0.0,0.0
27.679255747000003,0.34,0.0,0.0,0.0
27.680281998,0.34,0.0,0.0,0.0
27.681140925,0.34,0.0,0.0,0.0
27.682241167,0.34,0.0,0.0,0.0
27.683241016,0.34,0.0,0.0,0.0
27.684238232000002,0.34,0.0,0.0,0.0
27.686157512,0.34,0.0,0.0,0.0
27.687251197000002,0.34,0.0,0.0,0.0
27.688143550000003,0.34,0.0,0.0,0.0
27.689259102,0.34,0.0,0.0,0.0
27.690095855000003,0.34,0.0,0.0,0.0
27.691370772000003,0.34,0.0,0.0,0.01
27.692068016,0.34,0.0,0.0,0.0
27.693408333,0.34,0.0,0.0,0.0
27.694076826000003,0.34,0.0,0.0,0.0
27.695370207000003,0.34,0.0,0.0,0.0
27.696098795,0.34,0.0,0.0,0.0
27.697378095,0.35,0.0,0.0,0.0
27.698120339000003,0.34,0.0,0.0,0.0
27.699222338000002,0.34,0.0,0.0,0.0
27.700198575,0.34,0.0,0.0,0.0
27.701301642,0.34,0.0,0.0,0.0
27.70209704,0.34,0.0,0.0,0.0
27.703191655,0.34,0.0,0.0,0.0
27.704133454,0.34,0.0,0.0,0.0
27.705423659,0.34,0.0,0.0,0.0
27.707375780000003,0.35,0.0,0.0,0.0
27.708075789000002,0.34,0.0,0.01,0.0
27.709262173000003,0.35,0.0,0.0,0.0
27.710260956000003,0.34,0.0,0.0,0.0
27.711199106000002,0.34,0.0,0.0,0.0
27.712366599000003,0.34,0.0,0.0,0.0
27.713108509,0.34,0.0,0.0,0.0
27.714373301000002,0.34,0.0,0.0,0.0
27.716026852000002,0.34,0.0,0.0,0.0
27.717435772,0.34,0.0,0.0,0.0
27.718102408,0.34,0.0,0.0,0.0
27.719282085000003,0.34,0.0,0.0,0.0
27.720117306000002,0.34,0.0,0.0,0.0
27.721222783,0.34,0.0,0.0,0.0
27.722225391000002,0.34,0.0,0.0,0.0
27.723192873000002,0.34,0.0,0.0,0.0
27.724208099000002,0.34,0.0,0.0,0.0
27.725178304000003,0.34,0.0,0.0,0.0
27.726191506000003,0.34,0.0,0.0,0.01
27.727227215000003,0.34,0.0,0.0,0.0
27.728335138000002,0.33,0.0,0.0,0.0
27.729214948000003,0.33,0.0,0.0,0.0
27.730321685000003,0.34,0.0,0.0,0.0
27.73126664,0.34,0.0,0.0,0.0
27.732276133000003,0.34,0.0,0.0,0.0
27.733288374,0.34,0.0,0.0,0.0
27.734180552,0.34,0.0,0.0,0.0
27.735163819,0.34,0.0,0.0,0.0
27.736223699,0.34,0.0,0.0,0.01
27.738192454,0.34,0.0,0.0,0.0
27.739200683,0.34,0.0,0.0,0.0
27.740211098000003,0.34,0.0,0.0,0.0
27.741162487,0.34,0.0,0.0,0.0
27.742192589000002,0.34,0.0,0.0,0.0
27.743199595,0.34,0.0,0.0,0.0
27.744226806,0.34,0.0,0.0,0.0
27.745229753,0.34,0.0,0.0,0.0
27.746218774000003,0.34,0.0,0.0,0.0
27.747216475000002,0.35,0.0,0.0,0.0
27.748209386000003,0.34,0.0,0.0,0.0
27.749579032000003,0.34,0.0,0.0,0.0
27.750618172000003,0.34,0.0,0.0,0.0
27.751501921000003,0.35,0.0,0.0,0.0
27.752345565000002,0.35,0.0,0.0,0.0
27.754465842000002,0.34,0.0,0.0,0.0
27.755465716000003,0.35,0.0,0.0,0.0
27.756351052000003,0.34,0.01,0.0,0.0
27.757158087,0.34,0.0,0.0,0.0
27.758202742,0.34,0.0,0.0,0.0
27.759185325,0.35,0.0,0.0,0.0
27.760156006000003,0.34,0.0,0.0,0.0
27.761400650000002,0.34,0.0,0.0,0.0
27.762701052,0.34,0.0,0.0,0.0
27.763383314000002,0.34,0.0,0.0,0.0
27.764163709,0.34,0.0,0.0,0.0
27.765191843,0.34,0.0,0.0,0.0
27.767202662000003,0.34,0.0,0.0,0.0
27.768230059,0.34,0.0,0.0,0.0
27.769246247,0.34,0.0,0.0,0.0
27.770294319,0.34,0.0,0.0,0.0
27.771662763000002,0.34,0.0,0.0,0.0
27.772760303000002,0.34,0.0,0.0,0.0
27.773649844,0.34,0.0,0.0,0.0
27.774508879000003,0.34,0.0,0.0,0.0
27.775312607,0.34,0.0,0.0,0.0
27.776226960000002,0.34,0.0,0.0,0.0
27.777189558000003,0.34,0.0,0.0,0.0
27.778198473000003,0.34,0.0,0.0,0.0
27.779182605000003,0.34,0.0,0.0,0.0
27.780153294,0.34,0.0,0.0,0.0
27.781155589,0.34,0.0,0.0,0.0
27.783402084000002,0.34,0.0,0.0,0.0
27.784139458000002,0.34,0.0,0.0,0.0
27.785219279000003,0.34,0.0,0.0,0.0
27.786178826,0.34,0.0,0.0,0.0
27.787245073,0.34,0.0,0.0,0.0
27.788181826000002,0.34,0.0,0.0,0.0
27.789234114000003,0.34,0.0,0.0,0.0
27.790210841,0.34,0.0,0.0,0.0
27.791149829000002,0.34,0.0,0.0,0.0
27.792167253000002,0.34,0.0,0.0,0.01
27.793180567,0.34,0.0,0.0,0.0
27.794178333,0.34,0.0,0.0,0.0
27.795374653000003,0.34,0.0,0.0,0.0
27.796125663,0.34,0.0,0.0,0.0
27.797365222000003,0.34,0.0,0.0,0.0
27.799142165000003,0.34,0.0,0.0,0.0
27.800253870000002,0.34,0.0,0.01,0.0
27.801220657000002,0.34,0.0,0.0,0.0
27.802198394,0.34,0.0,0.0,0.0
27.803188289,0.34,0.0,0.0,0.0
27.804177191,0.34,0.0,0.0,0.0
27.805190300000003,0.34,0.0,0.0,0.0
27.806211145000002,0.34,0.0,0.0,0.0
27.807191402,0.34,0.0,0.0,0.0
27.808178836000003,0.34,0.0,0.0,0.0
27.809203903,0.34,0.0,0.0,0.0
27.810236896000003,0.34,0.0,0.0,0.0
27.811322693,0.34,0.01,0.0,0.0
27.813475648,0.34,0.0,0.0,0.0
27.814526779,0.34,0.0,0.0,0.0
27.815421190000002,0.34,0.0,0.0,0.0
27.816211916,0.34,0.0,0.0,0.0
27.817183719000003,0.34,0.0,0.0,0.0
27.818161145,0.34,0.0,0.0,0.0
27.81920036,0.34,0.0,0.0,0.0
27.820160064000003,0.34,0.0,0.0,0.0
27.821212075000002,0.34,0.0,0.01,0.0
27.822153736,0.35,0.0,0.0,0.0
27.823154022,0.34,0.0,0.0,0.0
27.824336518000003,0.34,0.0,0.0,0.0
27.825137817,0.34,0.0,0.0,0.0
27.826188448000003,0.34,0.0,0.0,0.0
27.827329334,0.34,0.0,0.0,0.0
27.82937957,0.34,0.0,0.0,0.0
27.830119889000002,0.34,0.0,0.0,0.0
27.831202516,0.34,0.0,0.0,0.0
27.832145496000003,0.34,0.0,0.0,0.0
27.833196732,0.34,0.0,0.0,0.0
27.834192615000003,0.33,0.0,0.0,0.0
27.835195243,0.34,0.0,0.0,0.0
27.836344711000002,0.34,0.0,0.0,0.0
27.837102049000002,0.34,0.0,0.0,0.0
27.838455885000002,0.34,0.0,0.0,0.0
27.839106888000003,0.34,0.0,0.0,0.0
27.840293144,0.34,0.0,0.0,0.0
27.841114639,0.34,0.0,0.0,0.0
27.843379143000003,0.34,0.0,0.0,0.0
27.844159054000002,0.34,0.0,0.0,0.0
27.845188481,0.34,0.0,0.0,0.0
27.846197063,0.34,0.0,0.0,0.0
27.847262781,0.34,0.0,0.0,0.0
27.848244241000003,0.34,0.0,0.0,0.0
27.849259531,0.35,0.0,0.0,0.0
27.850263896,0.35,0.0,0.0,0.0
27.851192384,0.34,0.0,0.0,0.0
27.852208320000003,0.34,0.0,0.0,0.0
27.853233799,0.35,0.0,0.0,0.0
27.854182585,0.34,0.0,0.0,0.0
27.855471404000003,0.34,0.0,0.0,0.0
27.856791859,0.34,0.01,0.0,0.0
27.858198603,0.35,0.0,0.0,0.0
27.859361936000003,0.35,0.0,0.0,0.0
27.860197196,0.35,0.0,0.0,0.0
27.861202461,0.34,0.0,0.0,0.0
27.862188635000003,0.34,0.0,0.0,0.0
27.863203564000003,0.34,0.0,0.0,0.0
27.864208520000002,0.34,0.0,0.0,0.0
27.865213035,0.34,0.0,0.0,0.0
27.866227557000002,0.34,0.0,0.0,0.0
27.867209260000003,0.34,0.0,0.0,0.0
27.868198184,0.34,0.0,0.0,0.0
27.869180065000002,0.34,0.0,0.0,0.0
27.870178378000002,0.34,0.0,0.0,0.0
27.871319812000003,0.34,0.0,0.0,0.0
27.872297040000003,0.34,0.0,0.0,0.01
27.874423883000002,0.34,0.0,0.0,0.0
27.875280726000003,0.34,0.0,0.0,0.0
27.876200215,0.34,0.0,0.0,0.0
27.877271493000002,0.34,0.0,0.0,0.0
27.878195193000003,0.34,0.0,0.0,0.0
27.879185046000003,0.34,0.0,0.0,0.0
27.880162273000003,0.34,0.0,0.0,0.0
27.881161430000002,0.34,0.0,0.0,0.0
27.882202228,0.34,0.0,0.0,0.0
27.883187597000003,0.34,0.0,0.0,0.0
27.884174308000002,0.34,0.0,0.0,0.0
27.885145281000003,0.34,0.0,0.0,0.0
27.886228983000002,0.34,0.0,0.0,0.0
27.887127976000002,0.34,0.0,0.0,0.0
27.888221154,0.34,0.0,0.0,0.0
27.890185095000003,0.34,0.0,0.0,0.0
27.891110641,0.34,0.0,0.0,0.0
27.892206501,0.34,0.0,0.0,0.0
27.893206089000003,0.33,0.0,0.0,0.0
27.894091098,0.34,0.0,0.0,0.0
27.895204348,0.33,0.0,0.0,0.0
27.896194082,0.34,0.0,0.0,0.0
27.897200028,0.33,0.0,0.0,0.0
27.898128556000003,0.34,0.0,0.0,0.0
27.899272635000003,0.34,0.0,0.0,0.0
27.900152259000002,0.34,0.0,0.0,0.0
27.901162596000002,0.34,0.0,0.0,0.0
27.902411513,0.33,0.0,0.0,0.0
27.904268737000002,0.33,0.0,0.0,0.0
27.905095112,0.33,0.0,0.0,0.0
27.906346178000003,0.34,0.0,0.0,0.0
27.907095076,0.34,0.0,0.0,0.0
27.908345753000003,0.34,0.0,0.0,0.0
27.909085517,0.34,0.0,0.0,0.0
27.910342499000002,0.33,0.0,0.0,0.0
27.911089182,0.34,0.0,0.0,0.0
27.912357046,0.33,0.0,0.0,0.0
27.913081362000003,0.33,0.0,0.0,0.0
27.914266323000003,0.34,0.0,0.0,0.0
27.915962927000002,0.33,0.0,0.0,0.0
27.916288524000002,0.34,0.0,0.0,0.0
27.917307826000002,0.34,0.0,0.0,0.0
27.919428793,0.34,0.0,0.0,0.0
27.920068054,0.34,0.0,0.0,0.0
27.921401989000003,0.34,0.0,0.0,0.0
27.922064903000003,0.34,0.0,0.0,0.0
27.923242989000002,0.34,0.0,0.0,0.0
27.924062668,0.34,0.0,0.0,0.0
27.925395257,0.34,0.0,0.0,0.0
27.926143533,0.34,0.0,0.0,0.0
27.927486218000002,0.34,0.0,0.0,0.0
27.928064379000002,0.34,0.0,0.0,0.0
27.929276114,0.34,0.0,0.0,0.0
27.93014081,0.34,0.0,0.0,0.0
27.932274908,0.34,0.0,0.0,0.0
27.933074844,0.34,0.0,0.0,0.0
27.934256269000002,0.34,0.0,0.0,0.0
27.935256845,0.34,0.0,0.0,0.0
27.936256275,0.34,0.0,0.0,0.0
27.937064785,0.34,0.0,0.0,0.0
27.938376716,0.34,0.0,0.0,0.0
27.939075488,0.34,0.0,0.0,0.0
27.940369116000003,0.34,0.0,0.0,0.0
27.941075272000003,0.33,0.0,0.0,0.0
27.942370922000002,0.34,0.0,0.0,0.0
27.943075056,0.34,0.0,0.0,0.0
27.944162570000003,0.34,0.0,0.0,0.0
27.945166574,0.34,0.0,0.0,0.0
27.946163315000003,0.34,0.0,0.0,0.0
27.947109108000003,0.33,0.0,0.0,0.0
27.94866641,0.33,0.0,0.0,0.0
27.950282307000002,0.34,0.0,0.0,0.0
27.951211368000003,0.34,0.0,0.0,0.0
27.952252528000002,0.34,0.0,0.0,0.0
27.953127958000003,0.34,0.0,0.0,0.0
27.954146457,0.33,0.0,0.0,0.0
27.955251584000003,0.34,0.0,0.0,0.0
27.956175886,0.33,0.0,0.0,0.0
27.957207724000003,0.34,0.0,0.0,0.0
27.958174331000002,0.33,0.0,0.0,0.0
27.959182907000002,0.34,0.0,0.0,0.0
27.960209011000003,0.33,0.0,0.0,0.0
27.961310303,0.34,0.0,0.0,0.0
27.962266954,0.34,0.0,0.0,0.0
27.963222563000002,0.33,0.0,0.0,0.0
27.964269316000003,0.34,0.0,0.0,0.0
27.966577113000003,0.34,0.0,0.0,0.0
27.967766633,0.34,0.0,0.0,0.0
27.968717657000003,0.34,0.0,0.0,0.0
27.969555425000003,0.34,0.0,0.0,0.0
27.970337869,0.34,0.0,0.0,0.0
27.971193824,0.34,0.0,0.0,0.0
27.972162033,0.34,0.0,0.0,0.0
27.973191713000002,0.34,0.0,0.0,0.0
27.974206342000002,0.34,0.0,0.0,0.0
27.975192531,0.34,0.0,0.0,0.0
27.976186934,0.34,0.0,0.0,0.0
27.978377987000002,0.34,0.0,0.0,0.0
27.979144735000002,0.34,0.0,0.0,0.0
27.980245626000002,0.34,0.0,0.0,0.0
27.981207354000002,0.34,0.0,0.0,0.0
27.982101406,0.34,0.0,0.01,0.0
27.983189319,0.34,0.0,0.0,0.0
27.984188407,0.34,0.0,0.0,0.0
27.985244987,0.34,0.0,0.0,0.0
27.986236824000002,0.34,0.0,0.0,0.0
27.987182629000003,0.34,0.0,0.0,0.0
27.988183477000003,0.34,0.0,0.0,0.0
27.989349620000002,0.34,0.0,0.0,0.0
27.990109648,0.34,0.0,0.0,0.0
27.991400946000002,0.34,0.0,0.0,0.0
27.992100120000003,0.34,0.0,0.0,0.0
27.993368037000003,0.34,0.0,0.0,0.0
27.995404581000003,0.33,0.0,0.0,0.0
27.996106173,0.34,0.0,0.0,0.0
27.997396086000002,0.33,0.0,0.0,0.0
27.998097684,0.33,0.0,0.0,0.0
27.999412640000003,0.33,0.0,0.0,0.0
28.000094698,0.33,0.0,0.0,0.0
28.001434096,0.33,0.0,0.01,0.0
28.002081192000002,0.33,0.0,0.0,0.0
28.003309949000002,0.33,0.0,0.0,0.0
28.004079887000003,0.34,0.0,0.0,0.0
28.005281881000002,0.34,0.0,0.0,0.0
28.006113704,0.33,0.0,0.0,0.0
28.007420560000003,0.34,0.0,0.0,0.0
28.008081511,0.33,0.0,0.0,0.0
28.009416876000003,0.33,0.0,0.0,0.0
28.011125581,0.33,0.0,0.0,0.0
28.012303832,0.33,0.0,0.0,0.0
28.013212549000002,0.33,0.0,0.0,0.0
28.014228797,0.33,0.0,0.0,0.0
28.015141810000003,0.34,0.0,0.0,0.0
28.016182033000003,0.34,0.0,0.0,0.0
28.017295808,0.33,0.0,0.0,0.0
28.018222167,0.34,0.0,0.0,0.0
28.019225028,0.34,0.0,0.0,0.0
28.020177884000002,0.33,0.0,0.0,0.0
28.021194919000003,0.34,0.0,0.0,0.0
28.022173505,0.33,0.0,0.0,0.0
28.023229152000003,0.33,0.0,0.0,0.0
28.025442731000002,0.33,0.0,0.0,0.0
28.026098784000002,0.33,0.0,0.0,0.0
28.027435471,0.34,0.0,0.0,0.0
28.02810622,0.34,0.0,0.0,0.0
28.029433365000003,0.34,0.0,0.0,0.0
28.030094366,0.34,0.0,0.0,0.0
28.031348971000003,0.34,0.0,0.0,0.0
28.032095125,0.34,0.0,0.01,0.0
28.033369961000002,0.34,0.0,0.0,0.0
28.034088958,0.34,0.0,0.0,0.0
28.035158789,0.34,0.0,0.0,0.0
28.036291495,0.34,0.0,0.0,0.0
28.037155444000003,0.34,0.0,0.0,0.0
28.038192530000003,0.34,0.0,0.0,0.0
28.039171392,0.34,0.0,0.0,0.0
28.041329726,0.34,0.0,0.0,0.0
28.042141804000003,0.34,0.0,0.0,0.0
28.043288325000002,0.34,0.0,0.0,0.0
28.044139147000003,0.34,0.0,0.0,0.0
28.045404702000003,0.34,0.0,0.0,0.0
28.046093730000003,0.34,0.0,0.0,0.0
28.04740658,0.34,0.0,0.0,0.0
28.048091495,0.34,0.0,0.0,0.0
28.049400243,0.34,0.0,0.0,0.0
28.050093413000003,0.34,0.0,0.0,0.0
28.051297752,0.34,0.0,0.0,0.0
28.052188144000002,0.34,0.0,0.0,0.0
28.053211465,0.34,0.0,0.0,0.0
28.054074827,0.34,0.0,0.0,0.0
28.055424895,0.34,0.0,0.0,0.0
28.057423773,0.34,0.0,0.0,0.0
28.058090800000002,0.34,0.0,0.0,0.0
28.059300224,0.34,0.0,0.0,0.0
28.060223099,0.34,0.0,0.0,0.0
28.061216489000003,0.34,0.0,0.0,0.0
28.062279345,0.34,0.0,0.0,0.0
28.063261131,0.34,0.0,0.0,0.0
28.06422101,0.34,0.0,0.0,0.0
28.065379063,0.34,0.0,0.0,0.0
28.066091127,0.34,0.0,0.0,0.0
28.067359282,0.34,0.0,0.0,0.0
28.068090297,0.34,0.0,0.0,0.0
28.070164820000002,0.34,0.0,0.0,0.0
28.071293172,0.34,0.0,0.0,0.0
28.072198372000003,0.34,0.0,0.0,0.0
28.073107228,0.34,0.0,0.0,0.0
28.074202260000003,0.34,0.0,0.0,0.0
28.075281053,0.34,0.0,0.0,0.0
28.076224579,0.34,0.0,0.0,0.0
28.077281748,0.34,0.0,0.0,0.0
28.078224148,0.34,0.0,0.0,0.0
28.079081005000003,0.34,0.0,0.0,0.0
28.080388720000002,0.34,0.0,0.0,0.0
28.081095660000003,0.34,0.0,0.0,0.0
28.082312867000002,0.34,0.0,0.0,0.0
28.083150862,0.34,0.0,0.0,0.0
28.084451132,0.34,0.0,0.0,0.0
28.086333649,0.34,0.0,0.0,0.0
28.087125908,0.34,0.0,0.0,0.0
28.088286259,0.34,0.0,0.0,0.0
28.089183586,0.34,0.0,0.0,0.0
28.090278520000002,0.34,0.0,0.0,0.0
28.091231575000002,0.34,0.0,0.0,0.0
28.092257382000003,0.34,0.0,0.0,0.0
28.093249812000003,0.34,0.0,0.0,0.0
28.094489795,0.34,0.0,0.0,0.0
28.095088565,0.34,0.0,0.0,0.0
28.096336481,0.34,0.0,0.0,0.0
28.097121683,0.34,0.0,0.0,0.0
28.098142821000003,0.34,0.0,0.0,0.0
28.099411445,0.34,0.01,0.0,0.0
28.101543578,0.34,0.0,0.0,0.0
28.102095945000002,0.34,0.0,0.0,0.0
28.103408995000002,0.34,0.0,0.0,0.0
28.104094752,0.34,0.0,0.0,0.0
28.105422661000002,0.35,0.0,0.0,0.0
28.106087635,0.35,0.0,0.0,0.0
28.107278876000002,0.35,0.0,0.0,0.0
28.108186562,0.35,0.0,0.0,0.0
28.109224655000002,0.35,0.0,0.0,0.0
28.110186059,0.35,0.0,0.0,0.0
28.111129950000002,0.35,0.0,0.0,0.0
28.112172259,0.35,0.0,0.0,0.0
28.113193408,0.35,0.0,0.0,0.0
28.114238809000003,0.35,0.0,0.0,0.0
28.115223101,0.35,0.0,0.0,0.0
28.116202063000003,0.35,0.0,0.0,0.0
28.118305371,0.35,0.0,0.0,0.0
28.119098785000002,0.35,0.0,0.0,0.0
28.120395827000003,0.35,0.0,0.0,0.0
28.121099618000002,0.35,0.0,0.0,0.0
28.122319487000002,0.35,0.0,0.0,0.0
28.123180027,0.35,0.0,0.0,0.0
28.124225039000002,0.35,0.0,0.0,0.0
28.125176318,0.34,0.0,0.0,0.0
28.126408059000003,0.35,0.0,0.0,0.0
28.127090585,0.35,0.0,0.0,0.0
28.128394955,0.35,0.0,0.0,0.0
28.129094874000003,0.35,0.0,0.0,0.0
28.130428495,0.35,0.0,0.0,0.0
28.132302572,0.35,0.0,0.0,0.0
28.133102398000002,0.35,0.0,0.0,0.0
28.134207540000002,0.35,0.0,0.0,0.0
28.135278971,0.35,0.0,0.0,0.0
28.136225854000003,0.35,0.0,0.0,0.0
28.137261948000003,0.35,0.0,0.0,0.0
28.138238561,0.35,0.0,0.0,0.0
28.139148289,0.35,0.0,0.0,0.0
28.140305857,0.35,0.0,0.0,0.0
28.141139396000003,0.35,0.0,0.0,0.01
28.143417206000002,0.35,0.0,0.0,0.0
28.144102073000003,0.35,0.0,0.0,0.0
28.145395423,0.35,0.0,0.0,0.0
28.146103004,0.33,0.0,0.0,0.0
28.147361739,0.34,0.0,0.0,0.0
28.148097856000003,0.34,0.0,0.0,0.0
28.149408242000003,0.34,0.0,0.0,0.0
28.150093797,0.35,0.0,0.0,0.0
28.151408642000003,0.34,0.0,0.0,0.0
28.152097707000003,0.34,0.0,0.0,0.0
28.153424707000003,0.34,0.0,0.0,0.0
28.154088835000003,0.34,0.0,0.0,0.0
28.155277230000003,0.34,0.0,0.0,0.0
28.156145727000002,0.34,0.0,0.0,0.0
28.157332114000003,0.34,0.0,0.0,0.0
28.158144714000002,0.34,0.0,0.0,0.0
28.159437772,0.34,0.0,0.0,0.0
28.161251931000002,0.34,0.0,0.0,0.0
28.162090817000003,0.34,0.0,0.0,0.0
28.163278843,0.34,0.0,0.0,0.0
28.16421571,0.34,0.0,0.0,0.0
28.165147932,0.34,0.0,0.0,0.0
28.166084428,0.34,0.0,0.0,0.0
28.167091145,0.34,0.0,0.0,0.0
28.168267574,0.34,0.0,0.0,0.0
28.169226300000002,0.34,0.0,0.0,0.0
28.170127425,0.34,0.0,0.0,0.0
28.171309379,0.33,0.0,0.01,0.0
28.172137709,0.34,0.0,0.0,0.0
28.173409649000003,0.34,0.0,0.0,0.0
28.175420894000002,0.33,0.0,0.0,0.0
28.176094752,0.34,0.0,0.0,0.0
28.177414442000003,0.34,0.0,0.0,0.0
28.178093981000004,0.34,0.0,0.0,0.0
28.179444493000002,0.34,0.0,0.0,0.0
28.180092432000002,0.33,0.0,0.0,0.0
28.181207150000002,0.33,0.0,0.0,0.0
28.182249984000002,0.34,0.0,0.0,0.0
28.183241996000003,0.33,0.0,0.0,0.0
28.18424638,0.34,0.0,0.0,0.0
28.185189603,0.33,0.0,0.0,0.0
28.186403868000003,0.34,0.0,0.0,0.0
28.187091593,0.34,0.0,0.0,0.0
28.188451732,0.35,0.0,0.0,0.0
28.18908987,0.35,0.0,0.0,0.0
28.19041357,0.34,0.0,0.0,0.0
28.1923481,0.34,0.0,0.0,0.0
28.193093894,0.34,0.0,0.0,0.0
28.194296996000002,0.34,0.0,0.0,0.0
28.195099568000003,0.34,0.0,0.0,0.0
28.196400044,0.34,0.0,0.0,0.0
28.197095742000002,0.34,0.0,0.0,0.0
28.198150001000002,0.34,0.0,0.0,0.0
28.199164355,0.34,0.0,0.0,0.0
28.200242202000002,0.34,0.0,0.0,0.0
28.201197458000003,0.34,0.0,0.0,0.0
28.20230515,0.34,0.0,0.0,0.0
28.203137547,0.34,0.0,0.0,0.0
28.205341031000003,0.34,0.0,0.0,0.0
28.206124192,0.34,0.0,0.0,0.0
28.20742436,0.33,0.0,0.0,0.0
28.208088593000003,0.34,0.0,0.0,0.0
28.209425890000002,0.33,0.0,0.0,0.0
28.210081825000003,0.34,0.0,0.0,0.0
28.211133399,0.33,0.0,0.0,0.0
28.212209279000003,0.34,0.0,0.0,0.0
28.213130859000003,0.34,0.0,0.0,0.0
28.214388022,0.34,0.0,0.0,0.0
28.215128798000002,0.33,0.0,0.0,0.0
28.216135873000002,0.33,0.0,0.0,0.0
28.217135187,0.33,0.0,0.0,0.0
28.219334851000003,0.33,0.01,0.0,0.0
28.220206849,0.33,0.0,0.0,0.0
28.221264509,0.34,0.0,0.0,0.0
28.222228140000002,0.34,0.0,0.0,0.0
28.223180772000003,0.34,0.0,0.0,0.0
28.224288105000003,0.34,0.0,0.0,0.0
28.225102200000002,0.34,0.0,0.0,0.0
28.226418637000002,0.34,0.0,0.0,0.0
28.227094172,0.34,0.0,0.0,0.0
28.228292011,0.34,0.0,0.0,0.0
28.229085581000003,0.34,0.0,0.0,0.0
28.230337455,0.34,0.0,0.0,0.0
28.231090001000002,0.34,0.0,0.0,0.0
28.232274046,0.34,0.0,0.0,0.0
28.233182065,0.34,0.0,0.0,0.0
28.234301865000003,0.34,0.0,0.0,0.0
28.235372348000002,0.34,0.0,0.0,0.0
28.237433884,0.34,0.0,0.0,0.0
28.238094395,0.34,0.0,0.0,0.0
28.239418057,0.34,0.0,0.0,0.0
28.240084316,0.34,0.0,0.0,0.0
28.241437271000002,0.34,0.0,0.0,0.0
28.242082159000002,0.34,0.0,0.0,0.0
28.243501043000002,0.34,0.0,0.0,0.0
28.244109421,0.35,0.0,0.0,0.0
28.245301932,0.35,0.0,0.0,0.0
28.246109751000002,0.35,0.0,0.0,0.0
28.247449520000004,0.35,0.0,0.0,0.0
28.248080444000003,0.34,0.0,0.0,0.0
28.249525102000003,0.34,0.0,0.0,0.0
28.251446749000003,0.34,0.0,0.0,0.0
28.252085403000002,0.34,0.0,0.0,0.0
28.253431582,0.34,0.0,0.0,0.01
28.2540836,0.34,0.0,0.0,0.0
28.255444091,0.34,0.0,0.0,0.0
28.256088747000003,0.34,0.0,0.0,0.0
28.257129548,0.35,0.0,0.0,0.0
28.258076322,0.35,0.0,0.0,0.0
28.259357201,0.35,0.0,0.0,0.0
28.260079323000003,0.35,0.0,0.0,0.0
28.261124941000002,0.34,0.0,0.0,0.0
28.262181051000002,0.34,0.0,0.0,0.0
28.263189521,0.34,0.0,0.0,0.0
28.264269010000003,0.34,0.0,0.0,0.0
28.265122256,0.35,0.0,0.0,0.0
28.266451631000002,0.34,0.0,0.0,0.0
28.268425329000003,0.34,0.0,0.0,0.0
28.269094151,0.34,0.0,0.0,0.0
28.270281281000003,0.34,0.0,0.0,0.0
28.271244893000002,0.34,0.0,0.0,0.0
28.272263071,0.34,0.0,0.0,0.0
28.273229241000003,0.34,0.0,0.0,0.0
28.274145159000003,0.34,0.0,0.0,0.0
28.275325263000003,0.34,0.0,0.0,0.0
28.276094607,0.34,0.0,0.0,0.0
28.277317321,0.34,0.0,0.0,0.0
28.278128893,0.34,0.0,0.0,0.0
28.279439256000003,0.34,0.0,0.0,0.0
28.281155109,0.33,0.0,0.0,0.0
28.282167695000002,0.34,0.0,0.0,0.0
28.283271555000002,0.34,0.0,0.0,0.0
28.284225906000003,0.34,0.0,0.0,0.0
28.285131218,0.34,0.0,0.0,0.0
28.286148281000003,0.34,0.0,0.0,0.0
28.287394892000002,0.35,0.0,0.0,0.0
28.288097282000003,0.35,0.0,0.0,0.0
28.289416295000002,0.34,0.0,0.0,0.0
28.290102029000003,0.35,0.0,0.0,0.0
28.291352317,0.34,0.0,0.0,0.0
28.292097916000003,0.34,0.0,0.0,0.0
28.293355828000003,0.34,0.0,0.0,0.0
28.294150321,0.34,0.0,0.0,0.0
28.295404936,0.34,0.0,0.0,0.0
28.297419064000003,0.34,0.0,0.0,0.0
28.29808947,0.34,0.0,0.0,0.0
28.299419926000002,0.34,0.0,0.0,0.0
28.300094267000002,0.34,0.0,0.0,0.0
28.301426307000003,0.34,0.0,0.0,0.0
28.302091607,0.35,0.0,0.0,0.0
28.303267826000003,0.34,0.0,0.0,0.0
28.304136122000003,0.34,0.0,0.0,0.0
28.305518153,0.34,0.0,0.0,0.0
28.306093239000003,0.34,0.0,0.0,0.0
28.307446700000003,0.34,0.0,0.0,0.0
28.308088310000002,0.34,0.0,0.0,0.0
28.309443295,0.34,0.0,0.0,0.0
28.310088318000002,0.34,0.0,0.0,0.0
28.3113297,0.34,0.0,0.0,0.0
28.313441527000002,0.34,0.0,0.0,0.0
28.314101686,0.34,0.0,0.0,0.0
28.315254751,0.34,0.0,0.0,0.0
28.316136379000003,0.34,0.0,0.0,0.0
28.317278236000003,0.34,0.0,0.0,0.0
28.318227980000003,0.35,0.0,0.0,0.0
28.319255846,0.34,0.0,0.0,0.0
28.320220621,0.34,0.0,0.0,0.0
28.321209544000002,0.35,0.0,0.0,0.0
28.322326681000003,0.35,0.0,0.0,0.0
28.323120882,0.34,0.0,0.0,0.0
28.324381843,0.34,0.0,0.0,0.0
28.325095789000002,0.34,0.0,0.0,0.0
28.326393235,0.34,0.0,0.0,0.0
28.328407644000002,0.34,0.0,0.0,0.0
28.329098689000002,0.34,0.0,0.0,0.0
28.330403768,0.34,0.0,0.0,0.0
28.331097118000002,0.34,0.0,0.0,0.0
28.332268198,0.34,0.0,0.0,0.0
28.333093671,0.33,0.0,0.0,0.0
28.334416013000002,0.34,0.0,0.0,0.0
28.335090487000002,0.34,0.0,0.0,0.0
28.336564731000003,0.34,0.0,0.0,0.0
28.337104921,0.34,0.0,0.0,0.0
28.338306183,0.34,0.0,0.0,0.0
28.339161905,0.35,0.0,0.0,0.0
28.340303298000002,0.34,0.0,0.0,0.0
28.341119953000003,0.34,0.0,0.0,0.0
28.342430546000003,0.34,0.0,0.0,0.0
28.344312126000002,0.34,0.0,0.0,0.0
28.345124700000003,0.34,0.0,0.0,0.0
28.346272205,0.34,0.0,0.0,0.0
28.34720005,0.34,0.0,0.0,0.0
28.348081964000002,0.34,0.0,0.0,0.0
28.349331218000003,0.34,0.0,0.0,0.0
28.350099171,0.34,0.0,0.0,0.0
28.351194646000003,0.34,0.0,0.0,0.0
28.352175958,0.33,0.0,0.0,0.0
28.353176473,0.34,0.0,0.0,0.0
28.354156528,0.34,0.0,0.0,0.0
28.355209697000003,0.34,0.0,0.0,0.0
28.356215551000002,0.34,0.0,0.0,0.0
28.357280896000002,0.34,0.0,0.0,0.0
28.3594097,0.34,0.0,0.0,0.0
28.360097510000003,0.34,0.0,0.0,0.0
28.36125904,0.34,0.0,0.0,0.0
28.362208558000003,0.34,0.0,0.0,0.0
28.363270627000002,0.34,0.0,0.0,0.0
28.364252315,0.34,0.0,0.0,0.0
28.365260454,0.34,0.0,0.0,0.0
28.366211971000002,0.34,0.0,0.0,0.0
28.367306731000003,0.34,0.0,0.0,0.0
28.368090841,0.34,0.0,0.0,0.0
28.369412880000002,0.33,0.0,0.0,0.0
28.370086695,0.34,0.0,0.0,0.0
28.371443009,0.34,0.0,0.0,0.0
28.373422716,0.34,0.0,0.0,0.0
28.374094625,0.34,0.0,0.0,0.0
28.375399739000002,0.33,0.0,0.0,0.0
28.376093923000003,0.34,0.0,0.0,0.0
28.377432363,0.34,0.0,0.0,0.0
28.378097601,0.34,0.0,0.0,0.01
28.379412001000002,0.34,0.0,0.0,0.0
28.380091686,0.34,0.0,0.0,0.0
28.381244365,0.34,0.0,0.0,0.0
28.382087759,0.34,0.0,0.0,0.0
28.383255415,0.34,0.0,0.0,0.0
28.384195858000002,0.34,0.0,0.0,0.0
28.385224473,0.34,0.0,0.0,0.0
28.386076773000003,0.34,0.0,0.0,0.0
28.387423296,0.34,0.0,0.0,0.0
28.389442307000003,0.34,0.0,0.0,0.0
28.390098463,0.34,0.0,0.0,0.0
28.391401424,0.34,0.0,0.0,0.0
28.392094199000002,0.34,0.0,0.0,0.0
28.393435540000002,0.34,0.0,0.0,0.0
28.39409128,0.34,0.0,0.0,0.0
28.395490792,0.35,0.0,0.0,0.0
28.396085793,0.34,0.0,0.0,0.0
28.397324374,0.34,0.0,0.0,0.0
28.398098118,0.34,0.0,0.0,0.0
28.399128136,0.35,0.0,0.0,0.0
28.400409206000003,0.34,0.0,0.0,0.0
