timestamp,FSR1,FSR2,FSR3,FSR4
0.002288923,0.01,0.0,0.02,0.0
0.007281377,0.0,0.0,0.0,0.0
0.008190053000000001,0.0,0.0,0.0,0.0
0.00927231,0.0,0.0,0.01,0.0
0.010190254000000001,0.0,0.0,0.01,0.0
0.011082610000000001,0.0,0.0,0.0,0.01
0.012069162000000001,0.0,0.0,0.0,0.0
0.013083304,0.0,0.0,0.0,0.0
0.014090072,0.0,0.01,0.0,0.0
0.015467932,0.0,0.0,0.0,0.0
0.01609712,0.0,0.0,0.0,0.0
0.017391467,0.0,0.0,0.0,0.0
0.018181058,0.0,0.0,0.0,0.0
0.01935547,0.0,0.0,0.0,0.01
0.020199708,0.0,0.0,0.0,0.0
0.021525568000000002,0.0,0.01,0.0,0.0
0.022077477,0.0,0.0,0.01,0.0
0.023523147,0.0,0.0,0.0,0.0
0.024076442,0.0,0.0,0.0,0.0
0.025639545000000003,0.0,0.0,0.01,0.0
0.026092781000000002,0.0,0.0,0.0,0.0
0.027164375,0.0,0.0,0.0,0.0
0.028121739000000003,0.0,0.0,0.0,0.0
0.029158182,0.01,0.0,0.0,0.01
0.030078707000000003,0.0,0.0,0.0,0.0
0.031393519,0.0,0.0,0.01,0.0
0.032165909,0.0,0.0,0.0,0.0
0.033390865,0.01,0.0,0.0,0.0
0.034171501,0.0,0.0,0.0,0.0
0.035174182000000005,0.01,0.01,0.0,0.01
0.036116231000000006,0.01,0.0,0.0,0.0
0.037310497000000005,0.0,0.0,0.0,0.0
0.038201541000000006,0.0,0.05,0.0,0.0
0.039131561,0.0,0.0,0.0,0.01
0.040406927,0.0,0.0,0.0,0.0
0.041149456,0.0,0.0,0.0,0.0
0.042206486,0.0,0.0,0.0,0.0
0.043203302000000006,0.0,0.03,0.0,0.0
0.044168068000000005,0.0,0.0,0.0,0.0
0.045255796,0.01,0.01,0.0,0.0
0.046497058,0.0,0.0,0.0,0.01
0.047063961,0.0,0.0,0.0,0.0
0.048406525000000006,0.0,0.0,0.0,0.0
0.049107426,0.0,0.0,0.0,0.0
0.050240770000000004,0.0,0.01,0.0,0.0
0.051202248000000006,0.0,0.0,0.0,0.0
0.052178821,0.01,0.0,0.0,0.0
0.053326266000000004,0.0,0.02,0.01,0.0
0.054155837000000005,0.0,0.0,0.01,0.0
0.055524578000000005,0.0,0.0,0.0,0.01
0.056078908000000004,0.01,0.0,0.0,0.0
0.057389062000000005,0.0,0.01,0.0,0.0
0.058081935,0.0,0.0,0.0,0.0
0.059406740000000006,0.0,0.0,0.01,0.0
0.060111696000000006,0.0,0.0,0.0,0.01
0.061674107000000006,0.0,0.0,0.01,0.0
0.062053028,0.0,0.0,0.0,0.02
0.063458097,0.0,0.0,0.0,0.0
0.064083956,0.0,0.01,0.0,0.01
0.065127696,0.01,0.0,0.0,0.0
0.066322145,0.0,0.0,0.0,0.0
0.06720129300000001,0.0,0.0,0.0,0.0
0.06811207500000001,0.0,0.0,0.0,0.0
0.069326039,0.0,0.0,0.0,0.0
0.070209281,0.0,0.01,0.0,0.0
0.07125656000000001,0.0,0.0,0.0,0.0
0.07219802,0.0,0.0,0.0,0.0
0.073319754,0.0,0.0,0.01,0.0
0.074090398,0.0,0.0,0.01,0.0
0.075282901,0.0,0.0,0.0,0.0
0.07608719600000001,0.0,0.0,0.0,0.01
0.077451394,0.0,0.0,0.0,0.0
0.079525838,0.0,0.0,0.01,0.0
0.08010168000000001,0.0,0.0,0.0,0.0
0.081305108,0.0,0.01,0.0,0.01
0.082175077,0.0,0.0,0.0,0.0
0.083087031,0.0,0.0,0.0,0.0
0.08430668100000001,0.0,0.0,0.02,0.0
0.08513216100000001,0.0,0.0,0.0,0.02
0.086278904,0.0,0.0,0.0,0.0
0.087212303,0.0,0.0,0.01,0.0
0.088192137,0.0,0.0,0.0,0.0
0.089174575,0.0,0.0,0.0,0.01
0.090336027,0.0,0.0,0.0,0.0
0.09111975700000001,0.01,0.0,0.0,0.0
0.092367212,0.0,0.0,0.0,0.0
0.094428156,0.0,0.0,0.0,0.0
0.09511147,0.0,0.0,0.01,0.0
0.096177078,0.0,0.0,0.0,0.0
0.097215914,0.0,0.0,0.0,0.0
0.098276552,0.0,0.0,0.0,0.0
0.099260394,0.01,0.01,0.0,0.0
0.100209608,0.0,0.0,0.0,0.01
0.10112309000000001,0.0,0.0,0.0,0.0
0.10217886300000001,0.0,0.01,0.0,0.0
0.10322352800000001,0.01,0.0,0.0,0.0
0.10419349900000001,0.0,0.0,0.0,0.0
0.105185674,0.0,0.0,0.0,0.0
0.10622743300000001,0.0,0.0,0.0,0.0
0.107266706,0.0,0.0,0.0,0.0
0.109417949,0.0,0.0,0.01,0.0
0.11010054500000001,0.0,0.0,0.01,0.02
0.111413834,0.0,0.0,0.01,0.0
0.112109605,0.0,0.01,0.0,0.0
0.113426095,0.0,0.0,0.0,0.0
0.114101219,0.0,0.04,0.0,0.0
0.11543703400000001,0.0,0.0,0.01,0.0
0.116098479,0.0,0.0,0.01,0.0
0.11721587300000001,0.0,0.0,0.0,0.0
0.118167057,0.0,0.0,0.0,0.01
0.119166216,0.01,0.0,0.01,0.0
0.12017485100000001,0.01,0.0,0.01,0.0
0.121249744,0.0,0.0,0.0,0.0
0.12225796900000001,0.0,0.0,0.0,0.0
0.123241,0.0,0.0,0.0,0.0
0.12425893700000001,0.0,0.0,0.0,0.0
0.126284584,0.0,0.0,0.0,0.0
0.127170848,0.01,0.0,0.0,0.0
0.128115486,0.0,0.0,0.0,0.0
0.129443405,0.0,0.0,0.0,0.0
0.130099465,0.0,0.0,0.0,0.0
0.131439258,0.01,0.0,0.0,0.0
0.13209114800000002,0.01,0.0,0.0,0.0
0.133233559,0.0,0.0,0.0,0.0
0.13418132700000002,0.0,0.0,0.0,0.0
0.13517889700000002,0.01,0.01,0.0,0.0
0.13617505000000002,0.0,0.0,0.0,0.0
0.137303917,0.0,0.0,0.01,0.0
0.138240103,0.0,0.0,0.0,0.0
0.13927778700000001,0.01,0.0,0.0,0.0
0.141429523,0.01,0.01,0.0,0.0
0.142107644,0.0,0.0,0.0,0.01
0.14341678800000002,0.0,0.0,0.0,0.0
0.144106691,0.0,0.01,0.0,0.01
0.14542094700000002,0.01,0.01,0.0,0.0
0.14609796900000002,0.0,0.0,0.0,0.0
0.14747580700000001,0.0,0.0,0.0,0.0
0.14809844700000002,0.0,0.0,0.0,0.0
0.149348535,0.0,0.0,0.0,0.0
0.150091829,0.0,0.0,0.0,0.05
0.15147764800000002,0.0,0.0,0.01,0.0
0.15343388000000002,0.0,0.0,0.0,0.0
0.154106184,0.0,0.01,0.0,0.0
0.155449835,0.0,0.0,0.0,0.0
0.156105865,0.0,0.0,0.0,0.0
0.15727285700000002,0.0,0.0,0.0,0.01
0.158103651,0.0,0.01,0.0,0.0
0.15933839400000002,0.0,0.0,0.01,0.0
0.16014503300000002,0.0,0.0,0.0,0.0
0.161094077,0.0,0.0,0.0,0.0
0.16218089300000002,0.0,0.0,0.0,0.0
0.16315227200000001,0.0,0.0,0.0,0.0
0.16417150400000002,0.0,0.0,0.0,0.01
0.165154552,0.0,0.0,0.0,0.0
0.166160942,0.0,0.0,0.0,0.0
0.16721206000000002,0.0,0.0,0.0,0.0
0.168203919,0.0,0.0,0.0,0.0
0.170391636,0.0,0.0,0.0,0.0
0.17113661600000002,0.0,0.0,0.0,0.0
0.172208719,0.0,0.0,0.0,0.0
0.173202466,0.01,0.0,0.0,0.01
0.174208165,0.0,0.01,0.0,0.0
0.175213634,0.01,0.01,0.0,0.01
0.176230737,0.0,0.0,0.0,0.0
0.17721951300000002,0.0,0.0,0.0,0.0
0.17821299100000002,0.0,0.0,0.0,0.01
0.179184112,0.0,0.0,0.0,0.0
0.18017355000000002,0.0,0.0,0.0,0.0
0.181192122,0.0,0.0,0.0,0.0
0.18219417000000002,0.0,0.0,0.03,0.0
0.18320976,0.01,0.01,0.01,0.0
0.185387127,0.0,0.0,0.0,0.0
0.18615257200000002,0.0,0.01,0.01,0.0
0.187212695,0.0,0.0,0.0,0.01
0.188152214,0.0,0.0,0.0,0.0
0.18932469600000001,0.01,0.0,0.0,0.01
0.19012947900000002,0.0,0.0,0.0,0.0
0.19135301300000002,0.01,0.01,0.0,0.0
0.19211071400000002,0.0,0.0,0.0,0.0
0.193109844,0.01,0.0,0.0,0.0
0.194247776,0.0,0.0,0.0,0.01
0.195092066,0.0,0.0,0.0,0.0
0.196361696,0.01,0.0,0.01,0.0
0.198376365,0.0,0.0,0.01,0.01
0.19909991000000002,0.0,0.0,0.01,0.0
0.200130519,0.0,0.02,0.0,0.0
0.201152774,0.01,0.01,0.0,0.0
0.20222108000000003,0.0,0.0,0.0,0.0
0.20322605500000002,0.0,0.0,0.0,0.0
0.20422435700000002,0.0,0.0,0.0,0.0
0.20513436300000001,0.0,0.0,0.0,0.0
0.206142461,0.0,0.0,0.0,0.0
0.207189747,0.02,0.0,0.0,0.0
0.20814679900000002,0.0,0.0,0.0,0.0
0.21034306400000002,0.0,0.0,0.01,0.01
0.21111073600000002,0.0,0.0,0.01,0.0
0.212386297,0.0,0.0,0.0,0.0
0.21311265100000001,0.01,0.01,0.0,0.01
0.21430272,0.0,0.05,0.0,0.0
0.21515666100000003,0.0,0.0,0.0,0.01
0.21645459800000003,0.01,0.0,0.0,0.0
0.21709913800000002,0.0,0.0,0.0,0.0
0.21837886,0.0,0.0,0.0,0.0
0.219091057,0.01,0.01,0.0,0.01
0.220252681,0.0,0.0,0.01,0.0
0.22108508500000001,0.0,0.0,0.0,0.0
0.22213584,0.0,0.01,0.0,0.0
0.223262076,0.0,0.0,0.0,0.01
0.224117382,0.0,0.0,0.0,0.01
0.225149766,0.0,0.01,0.01,0.0
0.22628509700000002,0.0,0.0,0.0,0.0
0.227288864,0.0,0.0,0.01,0.0
0.22938312700000002,0.0,0.01,0.0,0.0
0.23009310100000002,0.0,0.0,0.0,0.0
0.231394744,0.0,0.0,0.0,0.0
0.232093018,0.0,0.01,0.0,0.0
0.23346192500000001,0.0,0.0,0.01,0.01
0.23409335,0.0,0.0,0.0,0.0
0.235392082,0.0,0.0,0.0,0.0
0.23609410300000003,0.0,0.0,0.0,0.01
0.237268476,0.0,0.0,0.01,0.0
0.238187329,0.0,0.0,0.0,0.0
0.23908991500000001,0.0,0.01,0.0,0.0
0.240208054,0.02,0.01,0.01,0.0
0.24125378000000003,0.0,0.0,0.0,0.0
0.24226269700000003,0.0,0.0,0.0,0.0
0.24439692400000002,0.0,0.01,0.03,0.0
0.245104239,0.01,0.0,0.0,0.0
0.24635979300000002,0.0,0.01,0.0,0.0
0.24709693100000002,0.01,0.01,0.0,0.0
0.24837176500000002,0.0,0.0,0.0,0.0
0.24912331000000001,0.0,0.0,0.0,0.0
0.25027271,0.0,0.02,0.0,0.0
0.251131313,0.0,0.01,0.0,0.0
0.25225916600000003,0.0,0.0,0.01,0.0
0.25309048700000003,0.0,0.0,0.0,0.01
0.254081815,0.0,0.0,0.0,0.0
0.25533963800000004,0.0,0.0,0.0,0.0
0.256135483,0.0,0.0,0.0,0.01
0.257253958,0.01,0.0,0.0,0.0
0.25936268100000004,0.0,0.0,0.0,0.0
0.260123903,0.0,0.01,0.0,0.0
0.261345867,0.0,0.0,0.0,0.0
0.26209998500000004,0.0,0.0,0.0,0.0
0.263376162,0.0,0.0,0.0,0.0
0.26409387300000003,0.0,0.0,0.0,0.0
0.265394719,0.0,0.0,0.0,0.0
0.266096777,0.0,0.0,0.01,0.0
0.267266124,0.0,0.0,0.0,0.0
0.268112487,0.0,0.0,0.0,0.0
0.269291157,0.01,0.0,0.01,0.0
0.270159441,0.0,0.0,0.0,0.0
0.271418356,0.0,0.0,0.0,0.0
0.273373301,0.0,0.01,0.01,0.0
0.274090785,0.0,0.0,0.0,0.0
0.275378106,0.0,0.0,0.0,0.0
0.276108234,0.0,0.0,0.0,0.0
0.277377154,0.01,0.0,0.01,0.0
0.278093711,0.01,0.0,0.0,0.0
0.27938207800000003,0.0,0.0,0.01,0.0
0.280090129,0.01,0.0,0.0,0.0
0.281273849,0.0,0.0,0.01,0.0
0.282146779,0.0,0.0,0.01,0.0
0.28311861800000004,0.0,0.0,0.0,0.01
0.28424119000000003,0.0,0.0,0.0,0.0
0.28512571800000003,0.0,0.0,0.0,0.0
0.286134027,0.0,0.01,0.0,0.0
0.288380277,0.0,0.0,0.0,0.01
0.289124097,0.01,0.0,0.0,0.0
0.290298302,0.0,0.01,0.0,0.01
0.291187101,0.01,0.0,0.01,0.0
0.29218207500000004,0.0,0.0,0.0,0.0
0.29313742000000004,0.0,0.0,0.0,0.0
0.294257245,0.0,0.0,0.01,0.0
0.29511874000000005,0.0,0.0,0.0,0.0
0.296175165,0.0,0.0,0.0,0.0
0.297241594,0.0,0.0,0.0,0.0
0.298111615,0.0,0.01,0.0,0.0
0.29925934400000004,0.0,0.01,0.0,0.0
0.30009341100000003,0.0,0.0,0.0,0.0
0.30133365300000003,0.0,0.0,0.0,0.0
0.303487913,0.0,0.0,0.0,0.0
0.30409732300000003,0.0,0.01,0.0,0.0
0.30536789400000003,0.0,0.0,0.0,0.0
0.306087591,0.0,0.0,0.0,0.0
0.30734775400000003,0.0,0.0,0.0,0.0
0.30813377200000003,0.0,0.0,0.0,0.0
0.30920526000000004,0.0,0.0,0.0,0.01
0.31024972,0.01,0.0,0.0,0.0
0.31111558,0.0,0.0,0.0,0.0
0.31224388200000003,0.0,0.0,0.01,0.01
0.31315331500000004,0.0,0.0,0.0,0.0
0.314126931,0.0,0.0,0.0,0.0
0.31530969400000003,0.0,0.0,0.0,0.0
0.316093826,0.0,0.0,0.0,0.0
0.317353282,0.0,0.01,0.0,0.0
0.31936954100000003,0.0,0.0,0.0,0.0
0.32010304300000003,0.0,0.0,0.0,0.0
0.321143695,0.0,0.01,0.01,0.0
0.322204985,0.01,0.01,0.01,0.0
0.323216281,0.0,0.0,0.01,0.0
0.32421867600000004,0.0,0.0,0.0,0.0
0.32523427800000004,0.0,0.0,0.01,0.0
0.32618813900000004,0.0,0.0,0.0,0.03
0.32736765500000004,0.0,0.01,0.0,0.01
0.32810130800000004,0.03,0.0,0.0,0.0
0.32926753200000003,0.0,0.0,0.0,0.01
0.330143803,0.01,0.0,0.0,0.0
0.331383034,0.01,0.0,0.01,0.0
0.333375523,0.05,0.0,0.0,0.0
0.334098428,0.0,0.0,0.0,0.0
0.33536276200000004,0.01,0.0,0.0,0.01
0.336126863,0.0,0.01,0.0,0.0
0.33736566500000004,0.0,0.0,0.0,0.01
0.33809176700000004,0.0,0.0,0.0,0.0
0.33937957100000005,0.0,0.0,0.0,0.0
0.34009029900000004,0.0,0.0,0.0,0.0
0.34139698900000004,0.01,0.0,0.0,0.01
0.34208845000000004,0.0,0.01,0.0,0.0
0.343259178,0.0,0.0,0.0,0.0
0.34412543700000003,0.0,0.0,0.0,0.0
0.34533392300000004,0.0,0.0,0.0,0.0
0.34616144400000004,0.0,0.0,0.0,0.0
0.347373223,0.01,0.0,0.01,0.01
0.34938598800000004,0.0,0.0,0.0,0.0
0.350091003,0.0,0.0,0.0,0.0
0.35119390100000003,0.0,0.01,0.0,0.01
0.352104711,0.01,0.0,0.01,0.0
0.35324987300000005,0.0,0.01,0.0,0.0
0.354145831,0.0,0.0,0.0,0.0
0.35523560000000004,0.0,0.0,0.0,0.0
0.35618349400000004,0.0,0.0,0.0,0.0
0.357183034,0.0,0.0,0.0,0.0
0.35815178200000003,0.0,0.01,0.0,0.0
0.359258151,0.01,0.01,0.0,0.0
0.36017565500000004,0.0,0.0,0.03,0.01
0.361251111,0.0,0.0,0.0,0.0
0.36334633600000005,0.0,0.0,0.0,0.01
0.36410016,0.0,0.01,0.0,0.0
0.36525376200000004,0.0,0.0,0.0,0.0
0.36623843500000003,0.0,0.0,0.01,0.0
0.367187423,0.0,0.0,0.0,0.0
0.368107024,0.0,0.0,0.0,0.0
0.36922395300000005,0.0,0.0,0.0,0.0
0.37022391000000004,0.0,0.0,0.0,0.01
0.371208937,0.0,0.01,0.0,0.01
0.37214947600000003,0.01,0.01,0.0,0.0
0.37327058,0.0,0.0,0.01,0.0
0.374139985,0.01,0.0,0.0,0.01
0.375410159,0.0,0.05,0.0,0.0
0.37609554,0.0,0.05,0.0,0.0
0.377277112,0.0,0.04,0.0,0.0
0.378251961,0.0,0.05,0.0,0.01
0.38025189400000003,0.0,0.04,0.0,0.0
0.38121554100000005,0.0,0.04,0.0,0.0
0.38225106600000003,0.0,0.04,0.01,0.01
0.383132764,0.0,0.04,0.01,0.0
0.38440545000000004,0.0,0.05,0.0,0.0
0.38509471300000003,0.0,0.05,0.0,0.0
0.386423558,0.0,0.05,0.0,0.0
0.38709431400000005,0.0,0.06,0.01,0.01
0.388250971,0.0,0.06,0.0,0.0
0.389165482,0.0,0.06,0.0,0.0
0.39025466600000003,0.0,0.07,0.0,0.0
0.39117878500000003,0.0,0.06,0.01,0.0
0.39224855900000005,0.0,0.06,0.0,0.01
0.394333137,0.0,0.06,0.0,0.0
0.395137946,0.0,0.05,0.01,0.0
0.39637818100000005,0.0,0.06,0.0,0.0
0.397091069,0.0,0.06,0.0,0.0
0.398272294,0.0,0.06,0.0,0.0
0.399195728,0.0,0.06,0.0,0.0
0.400233006,0.0,0.06,0.0,0.0
0.40123989800000004,0.0,0.07,0.0,0.0
0.40212010800000003,0.0,0.07,0.0,0.01
0.403252257,0.0,0.07,0.0,0.0
0.404094816,0.0,0.06,0.0,0.01
0.405140021,0.0,0.05,0.0,0.01
0.40630074000000005,0.0,0.07,0.01,0.0
0.408381651,0.0,0.06,0.0,0.0
0.409095425,0.0,0.07,0.0,0.0
0.410365062,0.01,0.07,0.01,0.0
0.41108972400000005,0.0,0.05,0.0,0.0
0.412278374,0.0,0.06,0.0,0.0
0.41318777500000003,0.0,0.06,0.0,0.0
0.41424872,0.0,0.06,0.0,0.0
0.41523101300000004,0.0,0.06,0.0,0.01
0.41620111800000004,0.0,0.07,0.0,0.0
0.41711575700000003,0.0,0.06,0.0,0.0
0.41825086,0.0,0.06,0.0,0.01
0.419130363,0.0,0.07,0.0,0.0
0.42017605100000005,0.0,0.07,0.0,0.0
0.42121206400000005,0.0,0.06,0.01,0.0
0.42212545,0.0,0.05,0.01,0.0
0.42335330000000004,0.0,0.07,0.0,0.0
0.42530859800000004,0.0,0.07,0.0,0.0
0.426152623,0.01,0.05,0.01,0.0
0.427126155,0.01,0.07,0.0,0.0
0.42835893900000005,0.0,0.07,0.01,0.0
0.429126292,0.01,0.08,0.01,0.01
0.43037406,0.0,0.07,0.01,0.0
0.43109455,0.01,0.07,0.01,0.0
0.43238630400000005,0.0,0.06,0.0,0.0
0.43309076700000004,0.0,0.07,0.01,0.0
0.43427263800000004,0.0,0.06,0.0,0.01
0.43509057100000004,0.01,0.07,0.0,0.0
0.436296962,0.0,0.07,0.0,0.0
0.437089104,0.0,0.06,0.0,0.0
0.438348247,0.0,0.07,0.0,0.0
0.440365518,0.0,0.07,0.0,0.0
0.44110134900000003,0.0,0.06,0.0,0.0
0.44231670900000003,0.0,0.07,0.0,0.0
0.44309861700000003,0.02,0.05,0.0,0.0
0.444353845,0.0,0.06,0.0,0.0
0.445099063,0.01,0.07,0.0,0.01
0.446245102,0.0,0.08,0.01,0.0
0.447160111,0.0,0.09,0.0,0.01
0.448145652,0.0,0.08,0.0,0.0
0.449243445,0.0,0.08,0.0,0.0
0.450100818,0.0,0.07,0.0,0.01
0.451133875,0.0,0.08,0.0,0.01
0.452126238,0.0,0.07,0.0,0.0
0.45323626,0.0,0.07,0.01,0.0
0.455261132,0.0,0.07,0.02,0.0
0.456111364,0.0,0.09,0.0,0.0
0.457151097,0.0,0.07,0.0,0.01
0.45819957200000005,0.0,0.06,0.0,0.0
0.459208084,0.0,0.07,0.01,0.0
0.46013575100000004,0.0,0.06,0.0,0.0
0.461220045,0.0,0.08,0.0,0.0
0.462165515,0.03,0.05,0.0,0.0
0.463126472,0.01,0.06,0.0,0.01
0.464269101,0.0,0.07,0.0,0.0
0.46518429400000005,0.0,0.07,0.0,0.0
0.466144388,0.0,0.07,0.0,0.0
0.467163284,0.0,0.08,0.01,0.0
0.46931003800000004,0.0,0.07,0.0,0.0
0.470165592,0.0,0.06,0.0,0.0
0.47122523600000005,0.0,0.06,0.0,0.0
0.472218458,0.0,0.08,0.0,0.0
0.47312792600000003,0.0,0.09,0.01,0.0
0.47436221900000003,0.01,0.06,0.01,0.0
0.47510993900000004,0.0,0.07,0.0,0.0
0.476277125,0.0,0.07,0.0,0.01
0.477191731,0.0,0.08,0.0,0.0
0.478474924,0.0,0.07,0.01,0.0
0.47909226200000005,0.0,0.05,0.0,0.01
0.480264128,0.0,0.06,0.01,0.0
0.48117237300000004,0.0,0.06,0.01,0.0
0.48242142400000004,0.0,0.08,0.0,0.01
0.48446858800000003,0.01,0.08,0.0,0.0
0.48508920400000005,0.0,0.09,0.01,0.0
0.486384774,0.0,0.08,0.01,0.0
0.48709768500000006,0.0,0.06,0.0,0.0
0.48836810100000005,0.0,0.06,0.0,0.0
0.48909051700000006,0.01,0.06,0.0,0.0
0.490394983,0.0,0.07,0.0,0.0
0.49109499700000003,0.0,0.05,0.01,0.0
0.492429459,0.04,0.06,0.0,0.01
0.49309414300000004,0.0,0.06,0.0,0.0
0.49424935500000006,0.0,0.06,0.0,0.0
0.495084919,0.0,0.06,0.0,0.0
0.49628189600000006,0.0,0.06,0.0,0.0
0.49714534800000004,0.0,0.06,0.0,0.0
0.49854372300000005,0.0,0.06,0.0,0.0
0.500395875,0.0,0.06,0.0,0.0
0.501133811,0.01,0.06,0.0,0.0
0.502293792,0.0,0.05,0.0,0.0
0.503134235,0.0,0.07,0.0,0.0
0.504328831,0.0,0.06,0.0,0.01
0.50508761,0.0,0.05,0.01,0.0
0.5062529330000001,0.0,0.06,0.0,0.0
0.5071143180000001,0.0,0.05,0.0,0.0
0.508270974,0.0,0.05,0.0,0.0
0.509183532,0.0,0.05,0.0,0.01
0.5101146830000001,0.0,0.05,0.0,0.0
0.5112342280000001,0.0,0.05,0.0,0.0
0.512264968,0.0,0.05,0.01,0.01
0.513255958,0.0,0.05,0.0,0.0
0.5153815340000001,0.0,0.04,0.0,0.01
0.516095367,0.0,0.05,0.0,0.0
0.5173743190000001,0.01,0.05,0.0,0.0
0.518126249,0.0,0.05,0.0,0.0
0.519358909,0.0,0.05,0.0,0.0
0.520084517,0.01,0.05,0.0,0.0
0.5214048,0.0,0.04,0.0,0.0
0.5220835540000001,0.0,0.05,0.0,0.0
0.523529208,0.01,0.09,0.0,0.0
0.5240826940000001,0.01,0.04,0.0,0.0
0.5253637320000001,0.0,0.05,0.0,0.0
0.526080867,0.0,0.04,0.0,0.0
0.527522708,0.0,0.0,0.0,0.0
0.529298221,0.01,0.0,0.0,0.01
0.530218818,0.0,0.01,0.01,0.0
0.531263248,0.01,0.0,0.0,0.0
0.532227617,0.01,0.0,0.0,0.03
0.533162317,0.0,0.0,0.0,0.0
0.5343797650000001,0.0,0.0,0.01,0.01
0.535124773,0.0,0.0,0.02,0.0
0.536198179,0.0,0.0,0.01,0.01
0.5371587790000001,0.0,0.01,0.0,0.0
0.538261516,0.0,0.0,0.01,0.01
0.539327854,0.0,0.0,0.01,0.0
0.5401181420000001,0.01,0.0,0.0,0.0
0.5413798870000001,0.0,0.0,0.0,0.0
0.54208447,0.0,0.0,0.01,0.0
0.5433780020000001,0.0,0.0,0.0,0.0
0.545366829,0.0,0.0,0.0,0.0
0.546096032,0.01,0.0,0.01,0.0
0.5473609970000001,0.0,0.0,0.0,0.0
0.548095301,0.0,0.0,0.0,0.0
0.549250668,0.01,0.0,0.0,0.0
0.550215664,0.0,0.0,0.0,0.0
0.5512334090000001,0.01,0.0,0.0,0.0
0.55224245,0.0,0.0,0.0,0.0
0.5531249810000001,0.0,0.0,0.0,0.01
0.5544988430000001,0.0,0.0,0.0,0.0
0.555096243,0.0,0.0,0.0,0.0
0.556316916,0.0,0.0,0.0,0.0
0.557192633,0.0,0.0,0.0,0.0
0.559270244,0.0,0.0,0.0,0.0
0.560147002,0.01,0.01,0.01,0.0
0.561204494,0.0,0.0,0.0,0.0
0.562173118,0.0,0.0,0.0,0.0
0.563242588,0.0,0.0,0.0,0.0
0.564233061,0.0,0.0,0.0,0.0
0.565088147,0.0,0.01,0.0,0.0
0.566356225,0.0,0.0,0.01,0.0
0.567093595,0.01,0.0,0.0,0.0
0.568294784,0.0,0.01,0.0,0.01
0.5691358160000001,0.0,0.01,0.0,0.0
0.5702279610000001,0.0,0.01,0.01,0.02
0.571121862,0.0,0.01,0.0,0.0
0.5721566530000001,0.01,0.0,0.0,0.0
0.574356675,0.0,0.01,0.0,0.0
0.5751041680000001,0.0,0.0,0.0,0.0
0.576238416,0.0,0.0,0.0,0.0
0.5772080070000001,0.0,0.0,0.0,0.0
0.578216837,0.0,0.0,0.0,0.0
0.579151516,0.0,0.0,0.0,0.0
0.580386615,0.01,0.0,0.01,0.01
0.581109065,0.01,0.02,0.0,0.0
0.5823512750000001,0.0,0.0,0.0,0.0
0.583099813,0.0,0.01,0.0,0.0
0.5842841950000001,0.0,0.0,0.0,0.0
0.585101473,0.01,0.0,0.0,0.0
0.586268195,0.0,0.0,0.0,0.01
0.587096034,0.0,0.0,0.0,0.0
0.5883846730000001,0.0,0.0,0.0,0.0
0.5903115680000001,0.0,0.0,0.0,0.0
0.591155108,0.0,0.0,0.0,0.0
0.592223626,0.0,0.0,0.0,0.0
0.5932274940000001,0.0,0.0,0.0,0.01
0.594118357,0.0,0.0,0.0,0.0
0.59534134,0.01,0.0,0.01,0.01
0.5961324290000001,0.01,0.0,0.0,0.0
0.597152484,0.0,0.0,0.0,0.0
0.5980816130000001,0.0,0.0,0.0,0.0
0.599113369,0.0,0.0,0.0,0.0
0.600156753,0.0,0.0,0.01,0.0
0.601187904,0.0,0.0,0.0,0.01
0.602133185,0.0,0.0,0.0,0.0
0.6033430870000001,0.01,0.0,0.0,0.02
0.605346269,0.0,0.0,0.0,0.01
0.6061310790000001,0.01,0.0,0.01,0.0
0.607216518,0.0,0.0,0.0,0.0
0.6082219990000001,0.0,0.0,0.0,0.0
0.609213388,0.0,0.0,0.0,0.0
0.6102114740000001,0.0,0.01,0.01,0.01
0.611219835,0.0,0.01,0.0,0.02
0.612125059,0.01,0.0,0.0,0.0
0.6132574040000001,0.0,0.01,0.01,0.02
0.6141513470000001,0.01,0.0,0.01,0.01
0.6151359390000001,0.0,0.0,0.01,0.0
0.6161551820000001,0.0,0.0,0.0,0.01
0.617375888,0.0,0.0,0.0,0.0
0.6193547020000001,0.01,0.0,0.0,0.0
0.620109687,0.0,0.0,0.0,0.0
0.621269002,0.0,0.0,0.0,0.01
0.62215927,0.0,0.0,0.0,0.0
0.623392221,0.0,0.0,0.0,0.0
0.6241007110000001,0.0,0.0,0.0,0.0
0.6253643210000001,0.0,0.01,0.0,0.01
0.626130588,0.0,0.0,0.01,0.0
0.6272636570000001,0.0,0.0,0.0,0.0
0.628091822,0.0,0.0,0.0,0.0
0.629267001,0.0,0.0,0.0,0.0
0.630090063,0.0,0.0,0.0,0.01
0.631262745,0.0,0.0,0.0,0.0
0.632174678,0.0,0.0,0.0,0.0
0.63423755,0.0,0.0,0.0,0.0
0.6352409360000001,0.0,0.0,0.0,0.0
0.63623984,0.0,0.0,0.02,0.01
0.6371834630000001,0.0,0.0,0.0,0.0
0.638241884,0.0,0.0,0.01,0.0
0.639172559,0.01,0.0,0.0,0.0
0.640365199,0.01,0.0,0.0,0.0
0.641092663,0.0,0.0,0.0,0.0
0.6424309970000001,0.0,0.0,0.0,0.0
0.643092847,0.0,0.0,0.01,0.0
0.644257202,0.0,0.01,0.0,0.01
0.645177636,0.0,0.0,0.01,0.0
0.646165832,0.01,0.01,0.0,0.02
0.6471815780000001,0.0,0.0,0.01,0.0
0.648243396,0.0,0.0,0.0,0.0
0.6502497340000001,0.0,0.0,0.0,0.01
0.6510991140000001,0.0,0.0,0.0,0.0
0.65212563,0.0,0.0,0.0,0.0
0.6532934370000001,0.0,0.0,0.01,0.01
0.654135739,0.0,0.0,0.01,0.0
0.655355635,0.0,0.01,0.0,0.0
0.656115694,0.0,0.0,0.0,0.0
0.657458579,0.0,0.01,0.0,0.0
0.658091565,0.0,0.0,0.0,0.0
0.6592975200000001,0.0,0.0,0.0,0.0
0.660152737,0.01,0.0,0.0,0.0
0.661306346,0.0,0.0,0.0,0.0
0.663359123,0.01,0.0,0.0,0.0
0.664102202,0.0,0.0,0.0,0.0
0.6652825,0.0,0.0,0.01,0.0
0.666148665,0.0,0.01,0.0,0.0
0.6673862650000001,0.0,0.01,0.01,0.0
0.668100078,0.0,0.0,0.0,0.0
0.66934675,0.0,0.0,0.01,0.0
0.6700941370000001,0.0,0.0,0.0,0.0
0.6714219060000001,0.0,0.0,0.0,0.0
0.672086571,0.0,0.0,0.0,0.0
0.67330394,0.01,0.0,0.0,0.0
0.6741090700000001,0.0,0.0,0.01,0.0
0.6751650690000001,0.0,0.0,0.0,0.01
0.676225092,0.0,0.0,0.01,0.0
0.677190449,0.0,0.0,0.01,0.0
0.679360603,0.0,0.01,0.0,0.0
0.680099395,0.0,0.0,0.0,0.0
0.681360319,0.0,0.0,0.01,0.01
0.682099252,0.0,0.0,0.01,0.0
0.6831425040000001,0.0,0.0,0.0,0.0
0.684263183,0.01,0.01,0.0,0.0
0.68512995,0.0,0.0,0.0,0.0
0.6861358070000001,0.0,0.0,0.01,0.02
0.6871510190000001,0.0,0.0,0.0,0.02
0.6881836720000001,0.01,0.0,0.0,0.0
0.6891787690000001,0.0,0.0,0.01,0.01
0.6901517020000001,0.0,0.0,0.0,0.0
0.691305154,0.0,0.01,0.03,0.0
0.6921292,0.0,0.0,0.0,0.0
0.6933211290000001,0.0,0.0,0.0,0.0
0.694218059,0.0,0.0,0.0,0.0
0.696388518,0.0,0.0,0.0,0.0
0.697104167,0.0,0.0,0.02,0.0
0.6983771790000001,0.0,0.0,0.0,0.0
0.6990914850000001,0.0,0.0,0.0,0.01
0.7003609470000001,0.0,0.0,0.0,0.0
0.701127483,0.01,0.0,0.0,0.0
0.702245703,0.01,0.01,0.0,0.0
0.7032435610000001,0.0,0.0,0.0,0.01
0.7041791820000001,0.0,0.0,0.0,0.0
0.705176592,0.0,0.0,0.0,0.01
0.706281166,0.01,0.0,0.0,0.0
0.707089128,0.0,0.0,0.0,0.0
0.708409637,0.0,0.0,0.0,0.0
0.7103756750000001,0.0,0.01,0.0,0.0
0.711096375,0.0,0.0,0.0,0.0
0.712373176,0.0,0.01,0.0,0.01
0.7130910530000001,0.0,0.0,0.0,0.0
0.714379242,0.0,0.0,0.0,0.0
0.715090022,0.0,0.0,0.0,0.01
0.716381131,0.01,0.01,0.01,0.0
0.71708601,0.0,0.01,0.01,0.0
0.7183130640000001,0.0,0.01,0.0,0.0
0.719168001,0.0,0.03,0.0,0.0
0.72016658,0.0,0.0,0.0,0.0
0.7211580320000001,0.0,0.0,0.0,0.0
0.722190513,0.0,0.01,0.04,0.0
0.723239637,0.0,0.02,0.0,0.0
0.725406081,0.0,0.0,0.0,0.01
0.7260957800000001,0.0,0.01,0.0,0.0
0.727369916,0.0,0.0,0.0,0.0
0.728127315,0.0,0.01,0.0,0.0
0.7293749650000001,0.0,0.0,0.0,0.01
0.730122687,0.0,0.0,0.01,0.0
0.7313724180000001,0.01,0.01,0.0,0.0
0.732084202,0.01,0.0,0.0,0.0
0.7333723280000001,0.0,0.0,0.01,0.01
0.734085877,0.0,0.0,0.01,0.0
0.73528684,0.0,0.01,0.0,0.0
0.7360892560000001,0.0,0.0,0.0,0.0
0.737322012,0.0,0.0,0.0,0.0
0.738087621,0.0,0.0,0.01,0.0
0.739394428,0.0,0.0,0.0,0.0
0.741385162,0.0,0.0,0.02,0.0
0.7420962360000001,0.0,0.0,0.01,0.01
0.7432404060000001,0.0,0.01,0.0,0.0
0.7441265720000001,0.0,0.0,0.0,0.01
0.745126975,0.0,0.01,0.0,0.0
0.746131257,0.0,0.01,0.0,0.0
0.747370074,0.0,0.0,0.0,0.0
0.748097961,0.01,0.0,0.0,0.0
0.7493244050000001,0.0,0.01,0.0,0.0
0.750092612,0.0,0.01,0.0,0.0
0.7512922910000001,0.0,0.0,0.0,0.0
0.752170281,0.0,0.0,0.0,0.0
0.7533937860000001,0.0,0.0,0.0,0.0
0.755395225,0.0,0.0,0.0,0.0
0.7561232950000001,0.0,0.0,0.0,0.0
0.757378165,0.04,0.0,0.0,0.0
0.7580919380000001,0.0,0.01,0.0,0.0
0.759384084,0.01,0.02,0.01,0.0
0.7600893780000001,0.0,0.0,0.0,0.0
0.761392112,0.0,0.01,0.0,0.01
0.7620843580000001,0.0,0.0,0.0,0.0
0.763433161,0.03,0.0,0.0,0.0
0.764081558,0.0,0.0,0.01,0.0
0.7652793410000001,0.0,0.0,0.0,0.0
0.766168658,0.0,0.01,0.0,0.0
0.7671761960000001,0.0,0.0,0.0,0.0
0.7683976020000001,0.0,0.0,0.0,0.0
0.7703756390000001,0.0,0.0,0.01,0.01
0.7711191660000001,0.0,0.0,0.0,0.0
0.7723593700000001,0.0,0.0,0.0,0.0
0.773117276,0.01,0.0,0.01,0.02
0.7742418910000001,0.0,0.0,0.0,0.0
0.775123435,0.0,0.0,0.0,0.0
0.77636786,0.0,0.0,0.0,0.0
0.777094122,0.01,0.0,0.01,0.0
0.7782299420000001,0.0,0.0,0.0,0.0
0.7790768330000001,0.0,0.0,0.0,0.0
0.7802829640000001,0.0,0.0,0.0,0.01
0.781175986,0.01,0.0,0.0,0.0
0.782170079,0.0,0.0,0.0,0.0
0.783205267,0.0,0.0,0.0,0.0
0.785359565,0.0,0.0,0.0,0.0
0.786101068,0.0,0.0,0.0,0.0
0.787354812,0.0,0.0,0.0,0.0
0.788095505,0.0,0.01,0.0,0.0
0.7892471120000001,0.0,0.0,0.01,0.0
0.790221347,0.0,0.0,0.0,0.0
0.7912334780000001,0.0,0.0,0.0,0.0
0.7922432890000001,0.0,0.0,0.0,0.0
0.793225768,0.0,0.0,0.0,0.0
0.7941811000000001,0.01,0.0,0.0,0.0
0.795285537,0.0,0.0,0.0,0.0
0.7961832130000001,0.0,0.0,0.01,0.0
0.7971623990000001,0.0,0.0,0.0,0.0
0.798252928,0.0,0.0,0.01,0.0
0.799247472,0.0,0.01,0.01,0.0
0.8013795810000001,0.0,0.0,0.0,0.0
0.802097649,0.0,0.0,0.0,0.0
0.803349843,0.01,0.0,0.0,0.0
0.8041034050000001,0.01,0.0,0.01,0.0
0.8052374000000001,0.0,0.01,0.01,0.0
0.806126306,0.0,0.01,0.0,0.01
0.807373568,0.01,0.01,0.0,0.0
0.8080997350000001,0.0,0.01,0.0,0.01
0.809196624,0.0,0.0,0.0,0.0
0.8101262690000001,0.0,0.01,0.0,0.0
0.811124799,0.0,0.0,0.0,0.0
0.8123389050000001,0.0,0.0,0.01,0.02
0.8143694690000001,0.0,0.0,0.0,0.0
0.815091577,0.0,0.0,0.0,0.0
0.816382202,0.0,0.0,0.01,0.0
0.8170900440000001,0.0,0.0,0.0,0.0
0.8183740490000001,0.0,0.0,0.0,0.0
0.8190932860000001,0.0,0.0,0.0,0.0
0.820245776,0.0,0.01,0.0,0.0
0.821239978,0.0,0.01,0.0,0.0
0.822191968,0.0,0.01,0.0,0.0
0.823229858,0.01,0.0,0.0,0.0
0.82427742,0.0,0.0,0.0,0.0
0.825129034,0.0,0.01,0.0,0.0
0.8262850530000001,0.0,0.0,0.0,0.0
0.827138036,0.0,0.01,0.0,0.0
0.82940495,0.0,0.01,0.0,0.0
0.8301138480000001,0.0,0.0,0.0,0.0
0.831403275,0.0,0.0,0.0,0.0
0.832092692,0.0,0.0,0.0,0.0
0.833369592,0.0,0.01,0.02,0.0
0.8340911360000001,0.0,0.0,0.01,0.0
0.835376183,0.01,0.0,0.0,0.0
0.836092347,0.0,0.0,0.0,0.0
0.8372422610000001,0.02,0.01,0.01,0.0
0.8381600450000001,0.0,0.0,0.01,0.0
0.839129499,0.0,0.0,0.0,0.01
0.840155847,0.0,0.0,0.0,0.0
0.8423012070000001,0.01,0.01,0.0,0.0
0.843139725,0.0,0.0,0.0,0.0
0.844167219,0.0,0.0,0.0,0.0
0.8452204990000001,0.02,0.0,0.0,0.0
0.846223652,0.0,0.0,0.0,0.0
0.847217265,0.0,0.0,0.0,0.0
0.848215374,0.0,0.01,0.01,0.0
0.8493567550000001,0.0,0.0,0.01,0.0
0.8501060180000001,0.0,0.0,0.01,0.0
0.8513639730000001,0.0,0.0,0.0,0.01
0.852099613,0.0,0.0,0.0,0.01
0.853350252,0.0,0.0,0.01,0.0
0.854098282,0.0,0.0,0.0,0.0
0.855268424,0.0,0.0,0.0,0.0
0.856141001,0.0,0.0,0.0,0.0
0.85836793,0.01,0.0,0.0,0.01
0.859102907,0.0,0.01,0.0,0.0
0.8602419910000001,0.0,0.0,0.0,0.0
0.8612337200000001,0.0,0.0,0.0,0.01
0.862226805,0.0,0.02,0.0,0.0
0.863232914,0.0,0.0,0.0,0.0
0.864224702,0.0,0.0,0.0,0.0
0.865229193,0.0,0.0,0.01,0.01
0.8662275070000001,0.0,0.0,0.01,0.0
0.867228946,0.0,0.01,0.0,0.0
0.868123007,0.0,0.0,0.0,0.0
0.869327606,0.0,0.0,0.0,0.0
0.870099554,0.0,0.0,0.0,0.0
0.871270957,0.0,0.0,0.0,0.0
0.872117766,0.0,0.0,0.0,0.0
0.8733821820000001,0.01,0.0,0.01,0.0
0.8752938410000001,0.0,0.0,0.0,0.01
0.876179718,0.0,0.0,0.0,0.01
0.877198637,0.0,0.0,0.02,0.0
0.878223309,0.0,0.01,0.0,0.0
0.879219497,0.0,0.01,0.0,0.0
0.880217613,0.0,0.0,0.0,0.0
0.8812143760000001,0.0,0.0,0.0,0.0
0.882223716,0.0,0.0,0.01,0.0
0.8832259320000001,0.0,0.01,0.0,0.0
0.884249798,0.01,0.01,0.0,0.0
0.8851851150000001,0.0,0.0,0.01,0.0
0.8862003770000001,0.0,0.0,0.0,0.0
0.887098813,0.0,0.0,0.0,0.0
0.888375832,0.0,0.0,0.0,0.0
0.8890951260000001,0.0,0.0,0.0,0.0
0.890377473,0.0,0.0,0.01,0.0
0.8923771540000001,0.0,0.01,0.0,0.0
0.8930943480000001,0.01,0.0,0.0,0.0
0.8943579180000001,0.0,0.0,0.0,0.01
0.8951258230000001,0.0,0.01,0.0,0.0
0.896369901,0.0,0.01,0.0,0.0
0.8971044850000001,0.0,0.0,0.01,0.0
0.8983687010000001,0.0,0.0,0.0,0.0
0.8990863910000001,0.0,0.0,0.0,0.01
0.9003719050000001,0.0,0.0,0.0,0.0
0.9011168380000001,0.0,0.0,0.0,0.0
0.90234608,0.0,0.01,0.0,0.0
0.903182632,0.0,0.0,0.01,0.0
0.904302637,0.0,0.0,0.0,0.0
0.90638149,0.0,0.01,0.0,0.0
0.907122176,0.0,0.0,0.0,0.0
0.9084498550000001,0.0,0.0,0.0,0.0
0.9090834560000001,0.0,0.0,0.0,0.0
0.91038525,0.0,0.0,0.0,0.01
0.911082275,0.0,0.0,0.01,0.0
0.9123833360000001,0.0,0.0,0.0,0.0
0.9131163210000001,0.02,0.01,0.01,0.0
0.914192438,0.0,0.01,0.01,0.0
0.9151537630000001,0.0,0.0,0.01,0.0
0.916160929,0.0,0.0,0.01,0.0
0.917277133,0.0,0.0,0.0,0.0
0.9180940030000001,0.0,0.01,0.01,0.0
0.9193427770000001,0.0,0.0,0.0,0.0
0.9213590380000001,0.01,0.0,0.0,0.0
0.9220975100000001,0.01,0.01,0.0,0.01
0.9232441020000001,0.0,0.0,0.0,0.0
0.9242044490000001,0.0,0.0,0.01,0.0
0.925236664,0.0,0.0,0.01,0.0
0.926225833,0.01,0.0,0.0,0.0
0.9272314700000001,0.0,0.0,0.01,0.0
0.928238816,0.0,0.01,0.0,0.0
0.9292089960000001,0.0,0.01,0.0,0.0
0.9301176640000001,0.0,0.0,0.0,0.01
0.9312937800000001,0.0,0.01,0.0,0.01
0.9320981920000001,0.0,0.01,0.0,0.0
0.933361976,0.01,0.02,0.0,0.0
0.9341008230000001,0.0,0.0,0.0,0.0
0.935266585,0.0,0.0,0.0,0.0
0.9373527580000001,0.0,0.0,0.0,0.0
0.9381048980000001,0.0,0.0,0.0,0.0
0.9393548330000001,0.0,0.01,0.0,0.0
0.940101056,0.0,0.01,0.0,0.0
0.941362582,0.0,0.0,0.0,0.01
0.9421242190000001,0.0,0.0,0.0,0.0
0.9433726330000001,0.0,0.0,0.0,0.01
0.944096279,0.0,0.0,0.0,0.0
0.945177374,0.0,0.0,0.0,0.0
0.94616219,0.0,0.0,0.0,0.0
0.9471588980000001,0.0,0.0,0.0,0.0
0.9481886880000001,0.0,0.0,0.01,0.0
0.949230969,0.0,0.0,0.03,0.0
0.9513458220000001,0.01,0.0,0.0,0.02
0.952102187,0.0,0.0,0.0,0.0
0.953342668,0.0,0.0,0.0,0.0
0.9541062490000001,0.01,0.01,0.0,0.0
0.955358911,0.0,0.0,0.01,0.0
0.9560954100000001,0.0,0.0,0.02,0.0
0.957363968,0.0,0.0,0.0,0.01
0.958089787,0.0,0.01,0.0,0.0
0.959453136,0.01,0.0,0.01,0.0
0.9600875200000001,0.0,0.0,0.02,0.0
0.96118773,0.0,0.0,0.0,0.0
0.9622134210000001,0.0,0.0,0.0,0.0
0.963195628,0.0,0.0,0.0,0.01
0.9642787700000001,0.0,0.0,0.0,0.0
0.966432163,0.0,0.0,0.01,0.0
0.967167188,0.0,0.0,0.0,0.0
0.968187431,0.0,0.01,0.0,0.0
0.969187577,0.01,0.0,0.0,0.0
0.970209936,0.0,0.0,0.0,0.01
0.971218609,0.0,0.0,0.0,0.0
0.972237439,0.0,0.01,0.0,0.0
0.9732491780000001,0.0,0.0,0.0,0.0
0.9742948920000001,0.0,0.0,0.0,0.01
0.9751797130000001,0.0,0.0,0.0,0.01
0.976226417,0.0,0.0,0.01,0.0
0.977197929,0.0,0.0,0.0,0.0
0.978187318,0.0,0.0,0.0,0.0
0.9791717160000001,0.0,0.01,0.0,0.0
0.9814161170000001,0.0,0.0,0.0,0.0
0.9821627690000001,0.0,0.0,0.0,0.0
0.983189159,0.0,0.01,0.0,0.0
0.9842240780000001,0.0,0.0,0.0,0.0
0.98522067,0.0,0.0,0.0,0.01
0.9862250520000001,0.0,0.0,0.0,0.0
0.987195934,0.0,0.0,0.0,0.0
0.9882377000000001,0.01,0.0,0.0,0.01
0.989225377,0.0,0.0,0.0,0.0
0.9901898910000001,0.0,0.0,0.03,0.0
0.9913192510000001,0.0,0.01,0.01,0.0
0.9921201500000001,0.0,0.0,0.0,0.0
0.9932922820000001,0.0,0.0,0.0,0.0
0.9941610780000001,0.0,0.0,0.0,0.02
0.995361157,0.0,0.0,0.0,0.01
0.997402298,0.0,0.0,0.0,0.0
0.99813737,0.0,0.0,0.0,0.0
0.9992283390000001,0.0,0.0,0.0,0.0
1.000378768,0.0,0.0,0.0,0.0
1.0013047430000002,0.0,0.0,0.0,0.0
1.002256416,0.0,0.0,0.0,0.0
1.003188191,0.0,0.01,0.0,0.0
1.004200943,0.0,0.01,0.01,0.0
1.0051999600000001,0.0,0.01,0.0,0.0
1.0062093650000001,0.0,0.0,0.0,0.0
1.0072244110000002,0.0,0.0,0.0,0.0
1.008236355,0.0,0.0,0.0,0.0
1.00921664,0.0,0.0,0.0,0.0
1.01142584,0.0,0.0,0.0,0.01
1.012319113,0.0,0.0,0.0,0.0
1.013174013,0.0,0.0,0.0,0.0
1.014185369,0.0,0.0,0.0,0.0
1.015192106,0.0,0.01,0.0,0.0
1.0161969290000001,0.0,0.0,0.0,0.0
1.017203077,0.01,0.01,0.0,0.01
1.018198487,0.0,0.01,0.01,0.0
1.019201344,0.0,0.0,0.01,0.01
1.0201770650000002,0.0,0.0,0.0,0.0
1.021333571,0.0,0.0,0.0,0.0
1.0221315480000002,0.01,0.01,0.01,0.0
1.023288934,0.0,0.01,0.0,0.0
1.0241229870000002,0.0,0.0,0.01,0.0
1.0253206590000001,0.0,0.0,0.0,0.0
1.027264612,0.0,0.0,0.0,0.01
1.028117368,0.0,0.0,0.01,0.0
1.029343407,0.0,0.0,0.0,0.01
1.030111,0.0,0.0,0.01,0.02
1.031350083,0.0,0.01,0.01,0.01
1.0321040780000001,0.0,0.0,0.0,0.0
1.0333249230000001,0.0,0.0,0.01,0.04
1.03410187,0.0,0.0,0.0,0.0
1.035329116,0.0,0.0,0.0,0.0
1.036137723,0.0,0.0,0.0,0.0
1.0372904170000001,0.0,0.0,0.0,0.0
1.038092411,0.0,0.0,0.0,0.0
1.039422242,0.0,0.0,0.0,0.0
1.041365849,0.0,0.0,0.01,0.0
1.0420960270000001,0.0,0.01,0.0,0.0
1.04336972,0.0,0.01,0.0,0.01
1.044088779,0.0,0.0,0.0,0.0
1.045252866,0.0,0.01,0.0,0.01
1.046245313,0.0,0.01,0.0,0.0
1.047211319,0.0,0.0,0.0,0.0
1.048236854,0.0,0.0,0.02,0.0
1.049232761,0.0,0.0,0.0,0.0
1.050181161,0.01,0.01,0.0,0.01
1.051151516,0.0,0.0,0.0,0.0
1.052286641,0.0,0.0,0.0,0.0
1.053095629,0.0,0.0,0.01,0.01
1.054313384,0.0,0.0,0.0,0.0
1.0553021980000001,0.01,0.0,0.0,0.0
1.05735976,0.0,0.0,0.0,0.0
1.0581054410000001,0.0,0.0,0.0,0.0
1.059232414,0.0,0.0,0.0,0.01
1.0601332810000001,0.01,0.0,0.01,0.0
1.0611273730000002,0.0,0.0,0.0,0.01
1.0623499870000002,0.01,0.0,0.04,0.0
1.06310627,0.0,0.0,0.01,0.0
1.0641970470000002,0.0,0.0,0.0,0.01
1.0650925390000001,0.0,0.0,0.0,0.01
1.066162564,0.0,0.0,0.0,0.0
1.067150204,0.0,0.0,0.0,0.0
1.0681596770000001,0.0,0.0,0.0,0.0
1.069224785,0.0,0.0,0.0,0.01
1.070231589,0.0,0.0,0.01,0.0
1.0723510820000002,0.0,0.02,0.0,0.0
1.073111258,0.0,0.0,0.0,0.01
1.074223243,0.0,0.0,0.01,0.0
1.075210668,0.0,0.0,0.0,0.0
1.0762084950000002,0.02,0.0,0.01,0.0
1.077207188,0.0,0.0,0.0,0.0
1.078202001,0.0,0.0,0.01,0.0
1.079207249,0.0,0.0,0.0,0.0
1.080167628,0.0,0.0,0.0,0.0
1.081309357,0.01,0.0,0.0,0.0
1.082140442,0.0,0.01,0.0,0.0
1.083263861,0.0,0.0,0.0,0.0
1.084125687,0.0,0.0,0.0,0.0
1.0853940370000001,0.0,0.0,0.0,0.0
1.087288976,0.0,0.0,0.01,0.0
1.088166084,0.0,0.0,0.0,0.01
1.089350211,0.0,0.0,0.0,0.0
1.090098033,0.0,0.0,0.0,0.0
1.0913648280000001,0.0,0.0,0.0,0.0
1.092093295,0.0,0.0,0.0,0.0
1.093354155,0.0,0.01,0.0,0.0
1.094093612,0.0,0.0,0.0,0.0
1.0952752970000001,0.0,0.0,0.0,0.0
1.0960851420000002,0.0,0.0,0.0,0.0
1.0972808390000002,0.0,0.0,0.0,0.0
1.098083643,0.0,0.0,0.0,0.0
1.09940506,0.0,0.0,0.0,0.0
1.101352222,0.0,0.0,0.0,0.0
1.102123474,0.0,0.01,0.0,0.0
1.103232362,0.0,0.01,0.0,0.0
1.10421872,0.0,0.01,0.0,0.0
1.1052198560000002,0.01,0.01,0.01,0.0
1.1062172220000002,0.0,0.01,0.0,0.0
1.107218827,0.0,0.01,0.0,0.0
1.108204761,0.0,0.0,0.0,0.0
1.109217586,0.0,0.0,0.01,0.01
1.1101961900000001,0.0,0.01,0.01,0.01
1.11129484,0.0,0.0,0.0,0.0
1.112098885,0.0,0.0,0.01,0.01
1.1134173200000002,0.0,0.0,0.0,0.0
1.1140942930000002,0.0,0.0,0.0,0.01
1.1153058610000002,0.0,0.0,0.0,0.0
1.117334464,0.01,0.0,0.0,0.0
1.118139978,0.0,0.0,0.01,0.0
1.1193750070000001,0.0,0.0,0.0,0.01
1.1200988950000001,0.01,0.0,0.01,0.0
1.121333407,0.0,0.0,0.0,0.01
1.1221471600000001,0.0,0.0,0.0,0.0
1.123343954,0.0,0.01,0.0,0.0
1.124101021,0.0,0.0,0.0,0.01
1.125273725,0.0,0.0,0.0,0.01
1.126178356,0.0,0.0,0.0,0.0
1.1272907460000001,0.01,0.0,0.0,0.0
1.128098639,0.0,0.0,0.01,0.0
1.129383915,0.0,0.0,0.0,0.0
1.1313757640000002,0.0,0.0,0.0,0.0
1.132105978,0.01,0.01,0.0,0.0
1.133329289,0.01,0.01,0.02,0.02
1.134108109,0.0,0.0,0.0,0.0
1.135207361,0.0,0.0,0.01,0.0
1.136222101,0.0,0.0,0.0,0.0
1.1372133020000001,0.0,0.0,0.0,0.01
1.138173112,0.0,0.0,0.01,0.0
1.139229413,0.0,0.0,0.01,0.0
1.1401897870000002,0.01,0.0,0.0,0.0
1.1411586770000002,0.01,0.01,0.0,0.0
1.1421552670000001,0.0,0.0,0.02,0.0
1.143305156,0.01,0.01,0.0,0.01
1.144144776,0.0,0.0,0.01,0.01
1.145242349,0.01,0.01,0.0,0.01
1.147279433,0.0,0.01,0.0,0.0
1.1481995280000001,0.0,0.0,0.0,0.01
1.149116604,0.0,0.0,0.0,0.0
1.150223342,0.0,0.01,0.0,0.0
1.15121796,0.01,0.01,0.0,0.01
1.15216153,0.0,0.0,0.02,0.0
1.153301151,0.0,0.01,0.01,0.0
1.1541002340000002,0.0,0.0,0.01,0.0
1.155342357,0.0,0.0,0.0,0.0
1.1561013740000001,0.0,0.0,0.01,0.0
1.157279082,0.0,0.0,0.0,0.0
1.158093434,0.0,0.0,0.0,0.0
1.15938027,0.0,0.0,0.0,0.0
1.1613593260000001,0.0,0.0,0.0,0.0
1.1621064440000002,0.01,0.0,0.0,0.01
1.16335656,0.0,0.01,0.01,0.0
1.1641018600000002,0.0,0.0,0.0,0.0
1.16519645,0.0,0.0,0.01,0.0
1.166228222,0.0,0.01,0.0,0.01
1.167236192,0.0,0.0,0.0,0.0
1.1681951350000002,0.0,0.0,0.0,0.01
1.1692007050000002,0.0,0.0,0.0,0.0
1.17016859,0.0,0.01,0.01,0.01
1.171289266,0.01,0.01,0.0,0.0
1.1720986770000001,0.0,0.0,0.0,0.0
1.173298162,0.0,0.01,0.0,0.0
1.1753395290000002,0.0,0.01,0.01,0.0
1.176125141,0.0,0.0,0.0,0.0
1.177132746,0.0,0.0,0.01,0.01
1.1781309100000001,0.0,0.0,0.0,0.0
1.1792609040000002,0.0,0.0,0.0,0.0
1.1802139230000002,0.01,0.0,0.01,0.01
1.1812214010000002,0.0,0.0,0.0,0.0
1.1822178410000002,0.0,0.0,0.0,0.0
1.1833947180000002,0.01,0.0,0.0,0.02
1.1841004510000002,0.0,0.0,0.0,0.01
1.185379541,0.01,0.0,0.0,0.01
1.186096917,0.0,0.01,0.0,0.0
1.1872797560000001,0.0,0.0,0.0,0.0
1.1881404500000001,0.0,0.0,0.0,0.0
1.1893523700000002,0.0,0.0,0.0,0.0
1.191351639,0.01,0.01,0.0,0.01
1.192126556,0.0,0.01,0.01,0.0
1.193359198,0.0,0.0,0.01,0.01
1.1940920000000002,0.0,0.01,0.0,0.0
1.19535889,0.0,0.0,0.0,0.01
1.196122367,0.0,0.0,0.0,0.0
1.19737234,0.0,0.0,0.01,0.0
1.1981162440000002,0.0,0.0,0.0,0.0
1.199248024,0.0,0.0,0.0,0.0
1.200197097,0.0,0.0,0.0,0.0
1.20115415,0.0,0.0,0.01,0.0
1.202285942,0.01,0.0,0.0,0.0
1.2031512130000002,0.0,0.0,0.0,0.0
1.204270544,0.0,0.0,0.0,0.0
1.206364749,0.01,0.0,0.01,0.0
1.207091163,0.0,0.0,0.0,0.0
1.2081151970000001,0.0,0.0,0.0,0.0
1.20936514,0.0,0.0,0.0,0.0
1.210102292,0.0,0.0,0.0,0.0
1.211353107,0.0,0.0,0.0,0.0
1.212094526,0.0,0.01,0.01,0.01
1.213370585,0.01,0.0,0.0,0.0
1.2140934380000001,0.0,0.0,0.0,0.0
1.215360701,0.0,0.0,0.0,0.0
1.216095328,0.0,0.0,0.0,0.0
1.217146405,0.0,0.01,0.0,0.0
1.2183002120000002,0.0,0.01,0.0,0.0
1.219135488,0.0,0.01,0.0,0.0
1.2204059040000002,0.0,0.0,0.0,0.02
1.222367381,0.02,0.01,0.0,0.0
1.223089724,0.01,0.0,0.0,0.0
1.224368992,0.0,0.0,0.0,0.0
1.2251023280000002,0.0,0.01,0.0,0.0
1.2262513640000001,0.0,0.0,0.01,0.0
1.227240589,0.0,0.01,0.01,0.0
1.228232036,0.0,0.0,0.0,0.0
1.229231149,0.0,0.0,0.0,0.0
1.2301612670000002,0.0,0.0,0.0,0.01
1.231277661,0.0,0.0,0.0,0.0
1.2321481410000001,0.0,0.01,0.0,0.0
1.233307275,0.0,0.0,0.0,0.01
1.234134898,0.0,0.01,0.0,0.0
1.235327695,0.0,0.0,0.01,0.0
1.237368845,0.0,0.0,0.0,0.0
1.2381003160000001,0.0,0.0,0.0,0.0
1.2391241670000002,0.01,0.0,0.0,0.0
1.24038329,0.0,0.0,0.0,0.01
1.2410921460000002,0.0,0.0,0.01,0.0
1.242389337,0.0,0.0,0.0,0.0
1.2431464520000002,0.0,0.0,0.0,0.0
1.2441680590000002,0.0,0.0,0.0,0.01
1.245126838,0.0,0.01,0.0,0.0
1.246457073,0.0,0.0,0.0,0.0
1.2470859440000002,0.0,0.0,0.0,0.0
1.248289406,0.0,0.0,0.01,0.01
1.2490905060000002,0.0,0.01,0.0,0.0
1.2502820270000001,0.0,0.0,0.01,0.0
1.25236191,0.0,0.0,0.0,0.0
1.253129844,0.0,0.0,0.0,0.0
1.2542091450000001,0.0,0.0,0.0,0.0
1.255242621,0.0,0.0,0.0,0.01
1.256157615,0.0,0.0,0.0,0.0
1.25735777,0.01,0.01,0.0,0.0
1.258098439,0.0,0.0,0.0,0.0
1.2593560990000001,0.0,0.01,0.0,0.01
1.260091042,0.0,0.0,0.0,0.01
1.2612854420000001,0.0,0.0,0.0,0.0
1.262154143,0.0,0.0,0.0,0.0
1.263160026,0.0,0.02,0.0,0.01
1.265263955,0.0,0.0,0.0,0.0
1.266175405,0.0,0.0,0.0,0.0
1.267227413,0.0,0.0,0.0,0.0
1.2682288750000001,0.0,0.0,0.0,0.0
1.269119338,0.0,0.0,0.0,0.0
1.27028292,0.0,0.01,0.0,0.0
1.271143657,0.0,0.0,0.02,0.0
1.2722207010000002,0.0,0.01,0.0,0.0
1.273228792,0.0,0.0,0.0,0.0
1.2742199120000002,0.01,0.0,0.0,0.0
1.2751301800000001,0.0,0.0,0.0,0.0
1.276284401,0.05,0.01,0.0,0.0
1.2771460140000002,0.0,0.0,0.0,0.0
1.278298383,0.01,0.0,0.0,0.0
1.279101065,0.01,0.0,0.0,0.0
1.2803290390000002,0.0,0.0,0.01,0.0
1.2823605580000002,0.0,0.0,0.0,0.0
1.283124962,0.0,0.0,0.01,0.0
1.284380316,0.0,0.0,0.0,0.0
1.2850925910000002,0.0,0.0,0.0,0.01
1.286364199,0.0,0.0,0.0,0.01
1.2870904490000001,0.0,0.0,0.01,0.0
1.288356263,0.0,0.0,0.01,0.0
1.289110754,0.0,0.0,0.01,0.01
1.29039133,0.01,0.0,0.01,0.0
1.291087002,0.0,0.0,0.0,0.0
1.2922831780000001,0.0,0.0,0.0,0.0
1.293171445,0.0,0.0,0.01,0.01
1.29417547,0.0,0.0,0.01,0.0
1.295219823,0.0,0.0,0.0,0.01
1.2973583770000001,0.0,0.0,0.0,0.0
1.298122602,0.0,0.0,0.0,0.0
1.2993842820000001,0.0,0.0,0.0,0.0
1.3000895730000002,0.0,0.01,0.0,0.0
1.301369055,0.0,0.01,0.0,0.0
1.3021137040000001,0.0,0.01,0.01,0.0
1.303246592,0.0,0.01,0.0,0.0
1.304241569,0.0,0.0,0.0,0.01
1.305228247,0.0,0.0,0.0,0.0
1.306379509,0.0,0.01,0.0,0.0
1.3070842070000002,0.0,0.01,0.0,0.0
1.308300862,0.0,0.0,0.0,0.0
1.309087648,0.01,0.0,0.0,0.0
1.310328315,0.0,0.01,0.0,0.0
1.312353608,0.02,0.01,0.0,0.0
1.313099244,0.0,0.0,0.05,0.01
1.314219755,0.0,0.01,0.0,0.0
1.315221094,0.0,0.0,0.01,0.0
1.3162209440000001,0.0,0.0,0.0,0.01
1.3172098600000002,0.01,0.0,0.0,0.0
1.318211736,0.01,0.0,0.02,0.01
1.319216385,0.0,0.0,0.0,0.0
1.320225408,0.0,0.0,0.0,0.0
1.321167294,0.0,0.01,0.0,0.0
1.322275593,0.01,0.0,0.0,0.0
1.323172441,0.0,0.0,0.0,0.0
1.324132627,0.0,0.0,0.0,0.01
1.3252259100000001,0.0,0.01,0.0,0.0
1.327358386,0.0,0.0,0.0,0.0
1.328109146,0.0,0.0,0.0,0.01
1.329350626,0.0,0.0,0.0,0.0
1.330106763,0.0,0.0,0.0,0.0
1.331287737,0.0,0.0,0.0,0.0
1.332174014,0.01,0.01,0.0,0.0
1.333221516,0.0,0.01,0.0,0.0
1.3342251660000002,0.0,0.0,0.0,0.0
1.3352219520000002,0.0,0.0,0.01,0.0
1.3361253830000002,0.0,0.0,0.0,0.01
1.337273302,0.0,0.01,0.0,0.0
1.338093074,0.0,0.0,0.0,0.0
1.339321961,0.0,0.0,0.0,0.0
1.341345585,0.01,0.0,0.0,0.0
1.3420988150000002,0.0,0.01,0.0,0.0
1.343365093,0.0,0.0,0.0,0.01
1.344130102,0.0,0.0,0.0,0.0
1.345355907,0.0,0.0,0.01,0.01
1.3460879460000001,0.0,0.0,0.01,0.02
1.3473687170000002,0.0,0.0,0.0,0.0
1.348085412,0.0,0.0,0.0,0.0
1.3493765830000002,0.0,0.0,0.0,0.0
1.350109731,0.0,0.0,0.0,0.01
1.351307931,0.0,0.0,0.0,0.0
1.3521542960000001,0.0,0.0,0.01,0.0
1.3531573080000001,0.0,0.0,0.0,0.0
1.354187937,0.0,0.0,0.01,0.01
1.3552460020000001,0.0,0.0,0.0,0.01
1.3573638270000001,0.0,0.0,0.0,0.0
1.358095751,0.0,0.0,0.0,0.02
1.3593599120000002,0.0,0.01,0.01,0.0
1.3600983340000001,0.0,0.01,0.0,0.01
1.361267583,0.0,0.0,0.0,0.0
1.362092896,0.01,0.0,0.0,0.0
1.363244045,0.0,0.0,0.0,0.0
1.364223269,0.0,0.01,0.0,0.01
1.3650853390000002,0.0,0.0,0.0,0.01
1.366292859,0.0,0.0,0.0,0.0
1.367169093,0.0,0.0,0.0,0.0
1.368292413,0.0,0.0,0.0,0.01
1.3690897290000001,0.01,0.0,0.01,0.0
1.37039402,0.0,0.01,0.01,0.0
1.3723570760000001,0.0,0.0,0.0,0.0
1.373101531,0.0,0.01,0.0,0.0
1.3742203940000002,0.0,0.0,0.0,0.0
1.3752148830000002,0.0,0.0,0.0,0.0
1.376207093,0.0,0.01,0.0,0.0
1.377221433,0.0,0.0,0.0,0.0
1.3782088250000002,0.0,0.0,0.0,0.0
1.379203251,0.0,0.0,0.0,0.0
1.380202936,0.0,0.0,0.01,0.05
1.381393196,0.0,0.0,0.0,0.05
1.3821064250000001,0.0,0.02,0.02,0.01
1.3832744350000001,0.0,0.0,0.0,0.01
1.384191871,0.02,0.0,0.0,0.0
1.385216543,0.0,0.01,0.01,0.0
1.387352665,0.0,0.01,0.0,0.0
1.3881063470000001,0.0,0.01,0.0,0.0
1.3892064000000002,0.0,0.0,0.0,0.0
1.3902027300000002,0.0,0.0,0.04,0.0
1.391203114,0.0,0.0,0.0,0.0
1.392129796,0.0,0.0,0.01,0.0
1.3932664890000002,0.0,0.0,0.0,0.01
1.394151136,0.0,0.01,0.0,0.01
1.3952055950000002,0.0,0.0,0.0,0.0
1.39617868,0.0,0.0,0.01,0.0
1.397163221,0.01,0.0,0.01,0.0
1.3982341010000001,0.01,0.0,0.0,0.0
1.399141865,0.0,0.0,0.0,0.0
1.4001395250000002,0.0,0.0,0.0,0.0
1.4023857830000002,0.0,0.0,0.01,0.0
1.403113956,0.0,0.0,0.0,0.0
1.4042462720000002,0.0,0.01,0.0,0.0
1.405147358,0.0,0.0,0.01,0.01
1.406205184,0.01,0.0,0.0,0.0
1.407202647,0.0,0.0,0.0,0.0
1.408213151,0.0,0.0,0.0,0.0
1.409171084,0.0,0.01,0.0,0.0
1.410203035,0.01,0.0,0.0,0.0
1.41115312,0.0,0.0,0.0,0.0
1.412298722,0.0,0.0,0.0,0.0
1.4131324550000002,0.0,0.0,0.0,0.01
1.414308012,0.0,0.0,0.0,0.01
1.415105177,0.0,0.0,0.0,0.0
1.416318702,0.0,0.01,0.0,0.0
1.418375661,0.0,0.01,0.0,0.01
1.419099279,0.01,0.0,0.0,0.0
1.420365491,0.0,0.01,0.0,0.0
1.421095666,0.0,0.0,0.01,0.0
1.422376772,0.0,0.0,0.01,0.01
1.423093183,0.0,0.0,0.03,0.0
1.424335519,0.01,0.01,0.0,0.0
1.425094934,0.01,0.0,0.0,0.0
1.4264250520000001,0.0,0.01,0.01,0.0
1.427084806,0.0,0.01,0.0,0.0
1.4283079170000001,0.0,0.0,0.0,0.01
1.429135354,0.01,0.0,0.0,0.01
1.4304013830000002,0.01,0.0,0.0,0.0
1.432365544,0.0,0.0,0.0,0.0
1.433091053,0.0,0.0,0.0,0.01
1.434382099,0.0,0.0,0.01,0.0
1.435089713,0.0,0.01,0.0,0.01
1.4363712050000002,0.01,0.0,0.0,0.0
1.4371217170000001,0.0,0.0,0.0,0.0
1.438364336,0.0,0.0,0.0,0.0
1.4390788600000002,0.0,0.01,0.01,0.0
1.4403820660000002,0.01,0.01,0.0,0.01
1.4410821950000001,0.0,0.01,0.0,0.0
1.4422810220000002,0.0,0.0,0.0,0.0
1.443172101,0.0,0.0,0.0,0.0
1.44435866,0.0,0.0,0.0,0.0
1.445191978,0.0,0.0,0.0,0.0
1.446377188,0.0,0.0,0.0,0.0
1.448364137,0.0,0.01,0.0,0.0
1.4491307070000001,0.0,0.0,0.0,0.0
1.4503656090000001,0.0,0.0,0.0,0.0
1.4510898330000002,0.0,0.0,0.01,0.0
1.45236495,0.0,0.03,0.0,0.0
1.453093999,0.01,0.01,0.0,0.01
1.4542716910000002,0.0,0.02,0.0,0.0
1.455085376,0.0,0.01,0.0,0.0
1.456291873,0.0,0.0,0.0,0.0
1.457148992,0.0,0.0,0.0,0.01
1.458183462,0.01,0.0,0.0,0.0
1.459119293,0.0,0.01,0.0,0.0
1.4601196470000002,0.0,0.0,0.0,0.0
1.4623593910000001,0.0,0.0,0.0,0.0
1.463129707,0.0,0.0,0.01,0.0
1.464240792,0.0,0.0,0.0,0.0
1.465202106,0.0,0.0,0.01,0.0
1.4662401600000001,0.0,0.0,0.0,0.0
1.4671160060000001,0.0,0.0,0.0,0.0
1.4682384160000002,0.01,0.0,0.0,0.01
1.4692353980000001,0.0,0.0,0.0,0.0
1.470180808,0.01,0.0,0.0,0.0
1.4711884910000002,0.0,0.01,0.0,0.0
1.472162879,0.01,0.0,0.01,0.01
1.4731550150000001,0.0,0.0,0.0,0.0
1.474281935,0.0,0.0,0.0,0.0
1.475176112,0.0,0.0,0.0,0.0
1.476234459,0.0,0.0,0.0,0.0
1.4782642240000001,0.0,0.0,0.0,0.0
1.4791069000000001,0.0,0.0,0.0,0.01
1.480221328,0.0,0.0,0.0,0.0
1.481212691,0.0,0.02,0.0,0.0
1.482215827,0.0,0.0,0.0,0.0
1.483201648,0.0,0.02,0.0,0.01
1.4841913580000001,0.0,0.0,0.0,0.01
1.4851602590000001,0.01,0.0,0.0,0.0
1.486124762,0.01,0.0,0.0,0.0
1.4872824050000002,0.0,0.01,0.0,0.0
1.48810277,0.01,0.0,0.0,0.0
1.489305332,0.0,0.0,0.0,0.0
1.490152645,0.0,0.0,0.0,0.01
1.491220103,0.0,0.0,0.0,0.0
1.492217257,0.0,0.0,0.0,0.0
1.4932147340000002,0.0,0.0,0.0,0.0
1.495356182,0.0,0.0,0.0,0.0
1.496108269,0.01,0.0,0.0,0.0
1.497211759,0.0,0.0,0.0,0.0
1.49821135,0.0,0.01,0.0,0.0
1.4992035350000001,0.0,0.0,0.0,0.0
1.500205736,0.0,0.0,0.0,0.0
1.501191787,0.0,0.01,0.0,0.0
1.502167564,0.0,0.0,0.0,0.0
1.503297821,0.0,0.0,0.0,0.0
1.504109895,0.0,0.0,0.01,0.0
1.5053555150000002,0.0,0.0,0.01,0.0
1.5073578550000002,0.0,0.01,0.0,0.0
1.508106492,0.0,0.01,0.0,0.0
1.509355317,0.0,0.0,0.0,0.01
1.5101271630000002,0.0,0.01,0.0,0.0
1.511370644,0.01,0.04,0.01,0.0
1.512095715,0.0,0.02,0.01,0.0
1.5133546640000002,0.0,0.0,0.0,0.0
1.5140997580000002,0.0,0.0,0.0,0.0
1.515240713,0.0,0.0,0.01,0.0
1.516127707,0.01,0.0,0.0,0.01
1.5171550740000002,0.0,0.0,0.0,0.0
1.518138731,0.0,0.0,0.01,0.0
1.5193135100000001,0.0,0.0,0.0,0.0
1.520185099,0.0,0.0,0.0,0.0
1.5213514910000001,0.0,0.01,0.01,0.0
1.5233629590000002,0.0,0.0,0.0,0.01
1.524127062,0.0,0.0,0.01,0.0
1.5252840900000002,0.0,0.0,0.0,0.0
1.5261796810000001,0.0,0.0,0.0,0.0
1.5273665600000002,0.0,0.0,0.0,0.01
1.528099005,0.01,0.0,0.0,0.0
1.5293777350000002,0.0,0.0,0.0,0.0
1.530093509,0.0,0.0,0.0,0.0
1.531423626,0.01,0.0,0.0,0.0
1.5320958530000002,0.0,0.0,0.01,0.0
1.53330126,0.0,0.0,0.01,0.0
1.534096128,0.0,0.0,0.01,0.0
1.5353592930000002,0.0,0.0,0.01,0.0
1.537364962,0.0,0.01,0.0,0.0
1.5381040430000001,0.01,0.01,0.0,0.0
1.539412126,0.0,0.0,0.0,0.0
1.540111854,0.0,0.0,0.0,0.0
1.541216667,0.0,0.0,0.0,0.0
1.542217318,0.0,0.0,0.0,0.0
1.5432115320000002,0.0,0.0,0.01,0.01
1.544235048,0.0,0.0,0.0,0.0
1.545131709,0.0,0.0,0.0,0.0
1.5461985530000002,0.0,0.0,0.0,0.0
1.5471269820000002,0.0,0.0,0.0,0.0
1.548328637,0.0,0.0,0.0,0.0
1.549107161,0.01,0.0,0.01,0.0
1.550370717,0.03,0.0,0.01,0.01
1.552247508,0.01,0.0,0.0,0.0
1.553159326,0.0,0.0,0.01,0.0
1.5543535540000002,0.0,0.0,0.01,0.0
1.555114024,0.01,0.0,0.0,0.0
1.5563378790000002,0.0,0.0,0.0,0.0
1.5571111160000002,0.02,0.0,0.01,0.0
1.5582191090000002,0.0,0.0,0.01,0.0
1.5592086310000002,0.0,0.0,0.01,0.0
1.560204971,0.0,0.0,0.0,0.0
1.5611876,0.0,0.0,0.0,0.0
1.5622984210000002,0.0,0.0,0.0,0.0
1.563111995,0.0,0.0,0.0,0.0
1.564283222,0.0,0.0,0.0,0.0
1.5652031750000002,0.0,0.02,0.0,0.0
1.56622908,0.0,0.0,0.0,0.0
1.5683518230000002,0.01,0.0,0.01,0.0
1.569110014,0.0,0.0,0.0,0.0
1.570215865,0.0,0.01,0.0,0.0
1.5712031860000002,0.0,0.0,0.0,0.0
1.572217457,0.0,0.0,0.01,0.0
1.573206008,0.01,0.01,0.0,0.0
1.5741997460000001,0.0,0.01,0.0,0.0
1.575206786,0.0,0.0,0.0,0.0
1.576092929,0.0,0.0,0.0,0.0
1.577333109,0.0,0.0,0.0,0.0
1.5781114330000001,0.0,0.01,0.0,0.0
1.5791432470000002,0.0,0.0,0.0,0.07
1.580134916,0.0,0.0,0.0,0.01
1.5812117410000002,0.0,0.01,0.0,0.0
1.5833674400000002,0.0,0.01,0.0,0.01
1.584159604,0.0,0.01,0.0,0.0
1.585227119,0.0,0.01,0.0,0.0
1.586221094,0.0,0.0,0.01,0.0
1.587219061,0.0,0.0,0.0,0.01
1.588129117,0.0,0.0,0.0,0.0
1.5892577810000001,0.0,0.0,0.01,0.0
1.590214859,0.01,0.01,0.0,0.0
1.5911299520000002,0.0,0.0,0.0,0.0
1.5922709720000001,0.0,0.0,0.01,0.0
1.593139577,0.0,0.0,0.0,0.01
1.594249099,0.0,0.0,0.01,0.0
1.595154548,0.0,0.0,0.0,0.0
1.59628538,0.0,0.0,0.0,0.0
1.598232993,0.0,0.0,0.0,0.0
1.599243788,0.0,0.0,0.0,0.0
1.600226903,0.0,0.0,0.0,0.0
1.6012335100000001,0.0,0.0,0.0,0.01
1.6022395960000002,0.0,0.0,0.0,0.0
1.603252034,0.0,0.0,0.0,0.0
1.6041898810000002,0.0,0.01,0.0,0.0
1.6051852080000002,0.0,0.0,0.0,0.0
1.606136083,0.0,0.01,0.0,0.0
1.60711058,0.0,0.0,0.0,0.0
1.608260994,0.0,0.0,0.0,0.0
1.6091554860000001,0.0,0.0,0.0,0.02
1.6102384950000002,0.02,0.01,0.01,0.0
1.6111500220000001,0.0,0.0,0.01,0.01
1.6122481910000002,0.03,0.0,0.0,0.0
1.614251675,0.0,0.0,0.02,0.0
1.615247689,0.0,0.0,0.0,0.01
1.616243332,0.01,0.0,0.0,0.0
1.617243819,0.0,0.0,0.0,0.0
1.6182549860000002,0.0,0.0,0.0,0.0
1.619265245,0.0,0.01,0.0,0.01
1.620272093,0.01,0.01,0.0,0.0
1.6212980840000002,0.01,0.01,0.0,0.0
1.6221628140000002,0.0,0.01,0.0,0.0
1.623141108,0.0,0.0,0.0,0.0
1.624246069,0.0,0.0,0.0,0.0
1.62513843,0.0,0.0,0.02,0.01
1.626114968,0.0,0.0,0.0,0.0
1.6281101820000001,0.0,0.0,0.01,0.0
1.62914395,0.0,0.0,0.0,0.0
1.6300835610000002,0.01,0.0,0.0,0.0
1.6317436790000002,0.0,0.0,0.0,0.0
1.632082583,0.0,0.0,0.0,0.0
1.6335375030000001,0.0,0.0,0.0,0.0
1.634080642,0.0,0.0,0.0,0.0
1.6356475840000002,0.0,0.0,0.0,0.0
1.636083487,0.0,0.0,0.0,0.0
1.6376312530000001,0.0,0.0,0.0,0.01
1.638042086,0.01,0.01,0.0,0.0
1.6393421400000001,0.0,0.0,0.0,0.0
1.6401308060000002,0.01,0.01,0.03,0.01
1.6413130310000001,0.02,0.0,0.0,0.0
1.6434061850000001,0.0,0.0,0.01,0.0
1.644192644,0.01,0.0,0.0,0.0
1.6451704960000002,0.03,0.0,0.0,0.0
1.646206523,0.0,0.0,0.0,0.0
1.647176001,0.0,0.01,0.01,0.0
1.648173104,0.0,0.01,0.0,0.0
1.6491926270000001,0.0,0.0,0.0,0.0
1.6502018,0.01,0.0,0.0,0.0
1.6511791020000002,0.0,0.0,0.0,0.01
1.6522039080000002,0.0,0.01,0.0,0.0
1.65321004,0.0,0.0,0.0,0.0
1.6542175010000002,0.01,0.01,0.01,0.0
1.655190012,0.0,0.0,0.0,0.0
1.6561949800000002,0.0,0.0,0.01,0.0
1.6584106070000002,0.0,0.0,0.0,0.0
1.659169375,0.0,0.0,0.0,0.0
1.660252748,0.0,0.0,0.01,0.0
1.661204912,0.0,0.0,0.0,0.0
1.6622457810000002,0.0,0.01,0.0,0.0
1.663205258,0.01,0.0,0.0,0.0
1.664245774,0.0,0.0,0.0,0.0
1.6651737690000001,0.01,0.0,0.0,0.0
1.666400139,0.01,0.0,0.0,0.0
1.6671262910000002,0.0,0.0,0.01,0.0
1.66843354,0.01,0.0,0.0,0.0
1.6691250780000002,0.0,0.0,0.0,0.01
1.6703294370000001,0.0,0.0,0.0,0.0
1.671114911,0.0,0.0,0.01,0.0
1.6721706200000002,0.0,0.0,0.0,0.0
1.6732855690000001,0.01,0.0,0.01,0.0
1.675408546,0.01,0.01,0.0,0.01
1.676109768,0.0,0.0,0.0,0.0
1.677425659,0.0,0.0,0.01,0.0
1.6781133760000002,0.0,0.0,0.0,0.01
1.679249572,0.0,0.01,0.01,0.0
1.680177674,0.0,0.0,0.0,0.01
1.681241808,0.0,0.0,0.0,0.0
1.6822109140000001,0.0,0.0,0.0,0.0
1.6832169520000002,0.0,0.01,0.0,0.0
1.684185526,0.0,0.0,0.0,0.0
1.685141586,0.0,0.01,0.0,0.0
1.686245094,0.01,0.0,0.0,0.0
1.688360185,0.0,0.01,0.01,0.0
1.689112833,0.0,0.0,0.0,0.0
1.6904007170000002,0.0,0.0,0.0,0.0
1.6911166180000001,0.0,0.0,0.0,0.0
1.6922782390000002,0.01,0.0,0.0,0.0
1.6931988100000002,0.0,0.0,0.01,0.0
1.694265912,0.01,0.0,0.0,0.0
1.695096093,0.0,0.0,0.01,0.0
1.6962646190000001,0.0,0.0,0.0,0.0
1.697154732,0.0,0.0,0.0,0.0
1.6982647020000001,0.0,0.0,0.0,0.0
1.6991737690000002,0.0,0.0,0.0,0.0
1.7002391790000002,0.0,0.0,0.0,0.01
1.7011889,0.0,0.0,0.0,0.01
1.7023472020000001,0.01,0.0,0.0,0.0
1.7042703350000001,0.0,0.0,0.01,0.01
1.705110495,0.0,0.0,0.0,0.0
1.706416042,0.0,0.0,0.0,0.0
1.707112659,0.0,0.01,0.0,0.0
1.7084145880000001,0.0,0.01,0.0,0.0
1.709116829,0.0,0.01,0.0,0.0
1.7104191340000001,0.0,0.01,0.0,0.01
1.7111011630000001,0.0,0.0,0.0,0.0
1.7124528700000001,0.0,0.01,0.0,0.0
1.7130961310000001,0.0,0.01,0.0,0.0
1.7143362800000002,0.0,0.01,0.0,0.0
1.7150993650000002,0.0,0.0,0.0,0.0
1.716415714,0.0,0.0,0.0,0.0
1.7184282290000001,0.0,0.0,0.0,0.0
1.719097365,0.0,0.0,0.0,0.01
1.7204294320000002,0.0,0.0,0.0,0.0
1.7211033240000002,0.0,0.0,0.0,0.0
1.722423105,0.0,0.01,0.0,0.0
1.723105786,0.0,0.0,0.0,0.0
1.72443334,0.0,0.0,0.0,0.0
1.725096305,0.0,0.0,0.01,0.01
1.7262793200000002,0.0,0.01,0.01,0.0
1.727084883,0.0,0.0,0.0,0.0
1.7281801710000002,0.0,0.01,0.01,0.0
1.7291670940000001,0.01,0.0,0.0,0.0
1.73017909,0.01,0.01,0.0,0.0
1.731256335,0.0,0.0,0.0,0.0
1.732256763,0.0,0.0,0.0,0.0
1.734445559,0.0,0.0,0.0,0.0
1.7351567250000002,0.0,0.0,0.0,0.01
1.7362190940000002,0.01,0.01,0.0,0.0
1.7372440470000001,0.0,0.0,0.01,0.0
1.738251387,0.0,0.0,0.0,0.0
1.7392525920000002,0.0,0.0,0.0,0.0
1.7401027180000002,0.0,0.01,0.0,0.0
1.741238236,0.0,0.0,0.0,0.0
1.7422028600000001,0.0,0.0,0.0,0.0
1.743176827,0.0,0.0,0.0,0.0
1.744174952,0.0,0.0,0.01,0.0
1.7451790880000002,0.0,0.0,0.0,0.0
1.7473887410000002,0.01,0.0,0.0,0.0
1.748123099,0.0,0.0,0.0,0.0
1.749396964,0.02,0.01,0.0,0.0
1.7501273780000002,0.0,0.0,0.01,0.0
1.75130293,0.0,0.0,0.0,0.0
1.752117031,0.0,0.03,0.0,0.0
1.753402479,0.0,0.01,0.0,0.0
1.7541077550000002,0.0,0.0,0.01,0.0
1.755405064,0.0,0.0,0.0,0.0
1.756108894,0.02,0.0,0.0,0.0
1.7574153250000002,0.0,0.0,0.0,0.0
1.758098769,0.0,0.0,0.0,0.0
1.7593577580000002,0.01,0.0,0.0,0.01
1.76012531,0.0,0.0,0.0,0.03
1.761483252,0.0,0.0,0.0,0.0
1.763408596,0.0,0.0,0.01,0.0
1.7641351650000001,0.0,0.0,0.0,0.0
1.765362072,0.01,0.0,0.01,0.0
1.7661038830000002,0.01,0.0,0.0,0.0
1.7674209600000002,0.01,0.0,0.0,0.0
1.768100897,0.0,0.0,0.0,0.0
1.769175608,0.0,0.0,0.0,0.0
1.7704350560000002,0.0,0.0,0.0,0.0
1.771097356,0.0,0.0,0.0,0.0
1.7725464560000002,0.0,0.0,0.0,0.01
1.773101161,0.0,0.01,0.0,0.0
1.7743497510000001,0.0,0.0,0.0,0.0
1.7751005400000002,0.0,0.0,0.01,0.0
1.776493507,0.0,0.01,0.0,0.01
1.778423198,0.0,0.0,0.0,0.0
1.7791053140000002,0.0,0.01,0.0,0.0
1.780392135,0.0,0.0,0.01,0.0
1.781104596,0.0,0.0,0.01,0.0
1.782412839,0.0,0.0,0.0,0.0
1.7831186280000002,0.0,0.0,0.0,0.01
1.7844621010000001,0.0,0.0,0.0,0.0
1.785103241,0.0,0.01,0.0,0.0
1.786355673,0.0,0.01,0.0,0.0
1.7871003410000001,0.0,0.0,0.0,0.0
1.7883281480000002,0.0,0.0,0.0,0.0
1.7891008050000001,0.0,0.0,0.0,0.0
1.790395342,0.0,0.01,0.0,0.0
1.791094817,0.0,0.0,0.0,0.0
1.792471533,0.01,0.01,0.01,0.0
1.7944502740000001,0.0,0.0,0.0,0.0
1.7951239700000001,0.0,0.0,0.0,0.0
1.796205725,0.01,0.01,0.0,0.0
1.797214231,0.0,0.0,0.0,0.0
1.7982709510000001,0.0,0.02,0.01,0.0
1.7991282990000002,0.0,0.0,0.0,0.01
1.8001523480000001,0.0,0.0,0.0,0.0
1.801256841,0.05,0.01,0.01,0.0
1.8022186420000001,0.01,0.0,0.01,0.0
1.8031212330000002,0.0,0.0,0.01,0.0
1.8043134420000002,0.0,0.01,0.04,0.01
1.805162259,0.0,0.0,0.01,0.0
1.806314951,0.0,0.01,0.0,0.04
1.807371606,0.0,0.0,0.0,0.0
1.8094052520000001,0.0,0.01,0.0,0.0
1.810116652,0.0,0.0,0.0,0.0
1.811400085,0.0,0.01,0.0,0.01
1.8121162530000001,0.0,0.0,0.0,0.0
1.8132903070000002,0.0,0.0,0.0,0.0
1.814170134,0.0,0.0,0.0,0.0
1.8152314200000002,0.0,0.0,0.01,0.01
1.816256424,0.0,0.0,0.01,0.0
1.8172168450000001,0.0,0.0,0.01,0.0
1.818176623,0.0,0.02,0.01,0.0
1.8191659690000002,0.0,0.0,0.0,0.0
1.820243636,0.0,0.0,0.01,0.0
1.8212743500000002,0.0,0.01,0.0,0.0
1.8222709350000001,0.0,0.0,0.0,0.0
1.824409686,0.0,0.01,0.0,0.0
1.82513257,0.0,0.0,0.0,0.0
1.8261824320000002,0.0,0.0,0.01,0.0
1.8272968770000002,0.0,0.0,0.01,0.0
1.8281319200000001,0.01,0.0,0.0,0.0
1.829164811,0.0,0.0,0.0,0.0
1.8302565110000002,0.0,0.0,0.0,0.0
1.831217528,0.01,0.0,0.0,0.0
1.8322139210000001,0.0,0.0,0.0,0.01
1.833200645,0.0,0.0,0.0,0.01
1.834195016,0.0,0.0,0.0,0.0
1.8353139200000002,0.0,0.01,0.0,0.0
1.8361161810000002,0.0,0.01,0.01,0.0
1.8373872320000002,0.0,0.01,0.0,0.0
1.8394104580000001,0.0,0.0,0.0,0.0
1.8401287590000002,0.0,0.0,0.0,0.0
1.8413999250000002,0.0,0.0,0.0,0.0
1.8421222510000002,0.0,0.0,0.0,0.0
1.8434698870000001,0.01,0.0,0.0,0.0
1.8441160820000002,0.0,0.01,0.01,0.0
1.845420942,0.01,0.0,0.0,0.0
1.846123203,0.0,0.0,0.0,0.0
1.847357684,0.0,0.0,0.01,0.0
1.848121039,0.0,0.0,0.0,0.0
1.849316629,0.0,0.0,0.0,0.0
1.8501177340000001,0.01,0.01,0.01,0.0
1.851414895,0.0,0.0,0.01,0.0
1.8534046350000002,0.0,0.0,0.01,0.0
1.854120793,0.01,0.0,0.0,0.0
1.855394814,0.0,0.0,0.0,0.0
1.8561283190000002,0.0,0.0,0.01,0.0
1.857169901,0.0,0.0,0.0,0.0
1.858097949,0.0,0.0,0.0,0.0
1.8594132900000002,0.0,0.01,0.0,0.0
1.860120731,0.0,0.0,0.0,0.0
1.8614015560000001,0.0,0.0,0.0,0.0
1.862106209,0.0,0.0,0.0,0.0
1.863312971,0.0,0.0,0.0,0.0
1.8641006510000002,0.0,0.01,0.01,0.0
1.8653457400000002,0.0,0.0,0.0,0.01
1.866104167,0.0,0.0,0.0,0.01
1.8672104150000002,0.0,0.0,0.0,0.0
1.869398429,0.0,0.01,0.0,0.0
1.8701133950000002,0.0,0.0,0.0,0.0
1.871390716,0.0,0.0,0.01,0.0
1.8721152540000001,0.0,0.0,0.0,0.01
1.873407607,0.0,0.01,0.0,0.0
1.8741072570000001,0.0,0.01,0.0,0.0
1.8751603250000002,0.0,0.0,0.0,0.0
1.876096149,0.0,0.0,0.0,0.0
1.877212899,0.0,0.01,0.01,0.0
1.878183206,0.0,0.0,0.0,0.0
1.8791882850000001,0.0,0.0,0.0,0.0
1.880174527,0.0,0.01,0.0,0.0
1.8812329900000002,0.0,0.01,0.0,0.0
1.8822111490000002,0.0,0.0,0.0,0.0
1.8832632930000002,0.01,0.0,0.0,0.01
1.885404654,0.0,0.0,0.0,0.0
1.8861303170000001,0.0,0.01,0.0,0.01
1.887170867,0.0,0.0,0.0,0.0
1.888132361,0.0,0.01,0.0,0.0
1.8892728890000001,0.0,0.02,0.0,0.0
1.8901600740000002,0.01,0.0,0.01,0.0
1.891245124,0.0,0.01,0.0,0.0
1.8922018580000002,0.0,0.0,0.0,0.0
1.8932013490000001,0.0,0.0,0.0,0.0
1.894169793,0.0,0.0,0.0,0.0
1.8951829610000002,0.0,0.01,0.0,0.0
1.8962328410000002,0.0,0.0,0.0,0.0
1.897212523,0.0,0.0,0.0,0.0
1.8982549080000002,0.0,0.0,0.0,0.0
1.900265067,0.0,0.0,0.0,0.01
1.901123877,0.0,0.0,0.0,0.01
1.902246043,0.0,0.01,0.0,0.0
1.9032245250000002,0.0,0.0,0.0,0.01
1.9042346970000001,0.0,0.0,0.03,0.0
1.9052422340000001,0.0,0.0,0.0,0.01
1.9061958630000002,0.0,0.0,0.0,0.0
1.907192156,0.0,0.0,0.0,0.0
1.908334135,0.0,0.0,0.0,0.0
1.9091273380000002,0.0,0.01,0.0,0.0
1.9103358060000002,0.0,0.0,0.0,0.0
1.9111229820000002,0.0,0.0,0.0,0.0
1.9123881640000002,0.0,0.01,0.0,0.0
1.914409475,0.01,0.01,0.0,0.0
1.91512107,0.0,0.0,0.0,0.01
1.916394911,0.0,0.0,0.0,0.0
1.9171136270000002,0.01,0.0,0.01,0.0
1.9182347970000002,0.0,0.0,0.0,0.01
1.919318477,0.0,0.0,0.0,0.0
1.920125684,0.01,0.01,0.0,0.0
1.921393941,0.0,0.0,0.0,0.0
1.922117045,0.0,0.01,0.0,0.0
1.9233486100000001,0.0,0.0,0.01,0.0
1.924103871,0.0,0.0,0.0,0.0
1.9252232360000001,0.01,0.0,0.0,0.01
1.9260985830000001,0.01,0.0,0.0,0.0
1.9274659920000001,0.0,0.0,0.01,0.0
1.9294264710000002,0.0,0.01,0.0,0.0
1.9301031000000002,0.0,0.0,0.0,0.0
1.931418536,0.0,0.0,0.01,0.0
1.932103622,0.0,0.0,0.0,0.0
1.9333917170000001,0.0,0.0,0.0,0.0
1.934108662,0.0,0.0,0.0,0.0
1.935403368,0.0,0.0,0.01,0.01
1.936099978,0.0,0.0,0.0,0.0
1.937391537,0.0,0.0,0.0,0.0
1.9380921780000002,0.0,0.0,0.01,0.0
1.939287302,0.0,0.0,0.0,0.0
1.9401497070000002,0.0,0.0,0.01,0.0
1.9412063540000002,0.0,0.0,0.0,0.0
1.943413432,0.0,0.0,0.01,0.0
1.9441047240000002,0.0,0.0,0.0,0.0
1.945288332,0.0,0.0,0.0,0.0
1.946219541,0.01,0.0,0.01,0.0
1.947269775,0.0,0.0,0.0,0.0
1.9483121010000002,0.0,0.0,0.0,0.0
1.9490938640000002,0.01,0.0,0.0,0.01
1.950115591,0.0,0.0,0.01,0.01
1.9512285930000002,0.01,0.02,0.0,0.0
1.9521477120000001,0.0,0.0,0.0,0.0
1.9531801000000002,0.0,0.0,0.0,0.0
1.9541676380000002,0.01,0.0,0.0,0.0
1.955120736,0.0,0.01,0.01,0.0
1.9562004650000002,0.01,0.0,0.0,0.01
1.9572091470000001,0.0,0.0,0.0,0.01
1.9581915470000002,0.0,0.0,0.0,0.0
1.9604749200000002,0.0,0.0,0.01,0.0
1.961487028,0.0,0.0,0.01,0.0
1.96239968,0.0,0.02,0.0,0.01
1.963305719,0.0,0.0,0.0,0.0
1.964267063,0.0,0.0,0.0,0.0
1.9652061870000002,0.0,0.01,0.0,0.0
1.966183773,0.0,0.0,0.0,0.0
1.967182318,0.0,0.01,0.0,0.0
1.9681955150000001,0.0,0.0,0.0,0.0
1.969192548,0.0,0.0,0.0,0.0
1.970175199,0.0,0.01,0.0,0.01
1.971183812,0.0,0.0,0.0,0.0
1.972193399,0.0,0.0,0.0,0.0
1.9743850410000001,0.0,0.0,0.0,0.01
1.9751287770000001,0.0,0.0,0.0,0.0
1.9761938550000002,0.0,0.01,0.02,0.0
1.9771895430000002,0.0,0.0,0.01,0.0
1.9781937930000002,0.0,0.01,0.0,0.0
1.979158691,0.01,0.0,0.0,0.0
1.98022029,0.01,0.0,0.0,0.01
1.981184853,0.01,0.02,0.0,0.0
1.9821904320000001,0.0,0.0,0.01,0.0
1.9831617970000002,0.0,0.0,0.0,0.0
1.98416035,0.01,0.0,0.0,0.0
1.9853067030000002,0.0,0.0,0.01,0.0
1.9861324720000002,0.01,0.01,0.0,0.0
1.9873907960000001,0.0,0.0,0.0,0.0
1.9893345050000002,0.0,0.0,0.0,0.0
1.9901234820000002,0.0,0.01,0.0,0.01
1.9913352450000001,0.0,0.0,0.0,0.0
1.992115649,0.0,0.0,0.01,0.0
1.9933514440000002,0.0,0.0,0.0,0.0
1.9941199500000002,0.0,0.0,0.01,0.01
1.9953452720000002,0.01,0.0,0.0,0.0
1.996109906,0.0,0.0,0.0,0.01
1.997344629,0.0,0.0,0.01,0.0
1.998110158,0.0,0.01,0.01,0.0
1.9991644480000001,0.0,0.0,0.0,0.0
2.001315733,0.0,0.0,0.0,0.0
2.002115183,0.0,0.0,0.0,0.0
2.0033427010000002,0.0,0.0,0.01,0.0
2.004115337,0.01,0.0,0.0,0.0
2.005356234,0.01,0.0,0.0,0.0
2.0061108450000003,0.0,0.0,0.01,0.0
2.007334191,0.0,0.0,0.0,0.0
2.008109438,0.0,0.0,0.0,0.0
2.009353049,0.0,0.0,0.0,0.0
2.0101060310000003,0.0,0.0,0.0,0.0
2.011315416,0.0,0.0,0.0,0.01
2.012100416,0.0,0.0,0.01,0.0
2.0132777610000003,0.0,0.0,0.0,0.0
2.0140958490000003,0.0,0.0,0.02,0.0
2.015167363,0.01,0.0,0.0,0.0
2.016178044,0.0,0.01,0.0,0.0
2.017132784,0.0,0.0,0.01,0.01
2.018323199,0.01,0.0,0.0,0.0
2.020337651,0.0,0.0,0.0,0.0
2.021114255,0.0,0.0,0.0,0.0
2.022216608,0.01,0.0,0.0,0.01
2.02320807,0.0,0.0,0.01,0.0
2.0242016830000003,0.0,0.01,0.0,0.0
2.025187077,0.02,0.0,0.0,0.0
2.026202705,0.0,0.0,0.01,0.0
2.027201608,0.0,0.0,0.01,0.0
2.028181681,0.0,0.0,0.01,0.0
2.0293149820000003,0.0,0.01,0.0,0.0
2.0301200440000002,0.0,0.01,0.0,0.0
2.031307231,0.01,0.0,0.0,0.0
2.0321148570000003,0.0,0.0,0.01,0.0
2.034361527,0.01,0.0,0.01,0.0
2.035122001,0.0,0.01,0.01,0.0
2.036355109,0.0,0.0,0.0,0.0
2.03710664,0.0,0.0,0.0,0.0
2.0383465590000003,0.0,0.0,0.0,0.0
2.03932782,0.0,0.0,0.0,0.0
2.0402699390000003,0.0,0.01,0.0,0.0
2.041123259,0.0,0.01,0.0,0.0
2.042161908,0.0,0.0,0.0,0.0
2.043134798,0.0,0.0,0.0,0.01
2.0441665270000002,0.0,0.0,0.01,0.0
2.0451707000000003,0.01,0.0,0.0,0.0
2.047370341,0.0,0.0,0.01,0.0
2.0481157100000003,0.0,0.0,0.0,0.0
2.0493403580000003,0.01,0.0,0.0,0.0
2.050105304,0.0,0.0,0.0,0.0
2.051346043,0.01,0.0,0.01,0.02
2.052102664,0.0,0.01,0.01,0.01
2.05334541,0.01,0.0,0.0,0.0
2.054102038,0.01,0.0,0.01,0.0
2.055226834,0.0,0.0,0.0,0.0
2.0562190350000003,0.0,0.0,0.0,0.01
2.057232153,0.01,0.01,0.0,0.0
2.05817301,0.0,0.0,0.0,0.0
2.0592862000000003,0.0,0.0,0.0,0.0
2.060176018,0.01,0.0,0.0,0.0
2.0611906380000002,0.0,0.0,0.0,0.0
2.0622158290000003,0.0,0.0,0.0,0.0
2.063223566,0.01,0.0,0.0,0.0
2.065339987,0.0,0.0,0.0,0.0
2.066115029,0.0,0.0,0.0,0.0
2.067213663,0.0,0.0,0.0,0.0
2.068204521,0.0,0.01,0.0,0.01
2.0691993810000002,0.0,0.0,0.0,0.0
2.070207438,0.0,0.0,0.0,0.0
2.0712010100000002,0.01,0.0,0.01,0.0
2.072141271,0.0,0.01,0.0,0.02
2.073101399,0.0,0.01,0.0,0.0
2.0742986620000003,0.0,0.0,0.0,0.0
2.0751370120000003,0.0,0.0,0.0,0.0
2.076323959,0.0,0.0,0.01,0.0
2.078265917,0.0,0.0,0.0,0.0
2.079173902,0.0,0.0,0.0,0.01
2.080283632,0.02,0.0,0.0,0.0
2.081141954,0.01,0.0,0.0,0.01
2.082416153,0.0,0.0,0.0,0.02
2.0831077980000003,0.0,0.03,0.01,0.0
2.084375466,0.01,0.0,0.0,0.0
2.085099725,0.0,0.0,0.0,0.0
2.086349635,0.0,0.01,0.0,0.0
2.087105686,0.0,0.01,0.0,0.0
2.088397033,0.0,0.0,0.0,0.0
2.089102236,0.0,0.0,0.0,0.01
2.0902825540000003,0.0,0.0,0.0,0.0
2.0911031860000002,0.01,0.0,0.01,0.0
2.0922005930000003,0.0,0.0,0.0,0.01
2.0932289180000003,0.0,0.01,0.0,0.0
2.0953483250000002,0.0,0.03,0.0,0.0
2.096110067,0.0,0.0,0.01,0.0
2.097354198,0.01,0.0,0.0,0.01
2.0981101850000003,0.0,0.0,0.0,0.0
2.099207507,0.0,0.0,0.0,0.0
2.100216017,0.0,0.01,0.0,0.0
2.101205107,0.0,0.0,0.0,0.01
2.102204032,0.01,0.0,0.0,0.0
2.103128727,0.0,0.0,0.0,0.0
2.1043375180000004,0.0,0.0,0.0,0.0
2.105108146,0.0,0.0,0.0,0.0
2.106294343,0.0,0.0,0.0,0.0
2.107153281,0.0,0.01,0.0,0.01
2.108219533,0.0,0.01,0.0,0.0
2.110339579,0.0,0.01,0.01,0.0
2.1111148550000003,0.0,0.0,0.0,0.0
2.112351818,0.0,0.01,0.0,0.0
2.113119035,0.0,0.0,0.0,0.0
2.114304805,0.0,0.05,0.0,0.0
2.115117686,0.01,0.0,0.0,0.0
2.11617582,0.0,0.0,0.0,0.01
2.1171403890000002,0.0,0.0,0.0,0.0
2.118172939,0.01,0.01,0.0,0.0
2.1191581050000003,0.0,0.0,0.0,0.0
2.120306654,0.0,0.02,0.0,0.0
2.121130473,0.0,0.0,0.0,0.0
2.122383921,0.0,0.0,0.01,0.0
2.124358162,0.0,0.0,0.0,0.0
2.1250993520000003,0.0,0.0,0.0,0.0
2.1263720150000003,0.0,0.0,0.0,0.0
2.12710146,0.0,0.0,0.0,0.0
2.1283593570000003,0.0,0.01,0.0,0.0
2.129099444,0.0,0.0,0.0,0.01
2.1304786190000002,0.0,0.0,0.01,0.0
2.131099801,0.0,0.01,0.01,0.0
2.132358386,0.0,0.0,0.0,0.01
2.133094405,0.0,0.0,0.0,0.0
2.134166897,0.0,0.0,0.0,0.0
2.1351215270000004,0.0,0.01,0.0,0.0
2.1362837270000004,0.0,0.0,0.0,0.0
2.137176692,0.0,0.0,0.0,0.01
2.139371443,0.0,0.0,0.0,0.0
2.140095509,0.01,0.0,0.0,0.0
2.141236762,0.0,0.0,0.0,0.0
2.142224486,0.0,0.0,0.0,0.01
2.1432456600000003,0.0,0.0,0.0,0.0
2.1442305260000003,0.0,0.01,0.01,0.0
2.145178579,0.0,0.0,0.0,0.0
2.146230337,0.01,0.0,0.0,0.0
2.1472189470000003,0.0,0.0,0.0,0.01
2.148192516,0.0,0.0,0.0,0.0
2.1491488590000003,0.0,0.01,0.01,0.0
2.150306698,0.0,0.0,0.0,0.0
2.151102954,0.0,0.0,0.0,0.0
2.152365538,0.0,0.0,0.01,0.01
2.154371522,0.0,0.0,0.0,0.01
2.1551027840000003,0.0,0.0,0.0,0.0
2.156211851,0.0,0.0,0.01,0.0
2.157212598,0.0,0.0,0.0,0.01
2.158205924,0.0,0.0,0.0,0.0
2.159209073,0.0,0.01,0.0,0.0
2.160198256,0.0,0.0,0.0,0.0
2.1612036590000003,0.0,0.0,0.0,0.0
2.1622144270000003,0.0,0.01,0.01,0.0
2.163196739,0.01,0.0,0.01,0.01
2.1641815970000002,0.0,0.0,0.0,0.0
2.1652710130000004,0.0,0.01,0.0,0.0
2.166143441,0.0,0.01,0.0,0.0
2.167154217,0.0,0.0,0.0,0.0
2.1682095710000002,0.0,0.01,0.0,0.0
2.17036221,0.01,0.0,0.0,0.0
2.171114166,0.0,0.0,0.0,0.0
2.1722026800000003,0.0,0.0,0.0,0.0
2.1732006690000003,0.0,0.0,0.0,0.0
2.1742074710000003,0.0,0.0,0.0,0.01
2.175128322,0.0,0.0,0.01,0.01
2.176346074,0.0,0.0,0.0,0.0
2.1771177440000002,0.0,0.0,0.0,0.0
2.178373693,0.0,0.0,0.0,0.0
2.179101702,0.0,0.01,0.0,0.0
2.1802888940000003,0.0,0.0,0.0,0.0
2.181143333,0.0,0.0,0.0,0.01
2.1823493490000003,0.01,0.0,0.0,0.0
2.184354612,0.0,0.0,0.0,0.0
2.185099659,0.0,0.01,0.0,0.02
2.186350945,0.0,0.0,0.0,0.0
2.1871102280000003,0.0,0.01,0.0,0.01
2.188339498,0.0,0.0,0.0,0.0
2.1891108000000004,0.0,0.0,0.0,0.0
2.190359731,0.0,0.0,0.0,0.0
2.1910996870000004,0.0,0.0,0.01,0.0
2.1923498510000003,0.0,0.0,0.01,0.0
2.193102742,0.01,0.0,0.0,0.0
2.1943012850000003,0.0,0.0,0.0,0.01
2.195140958,0.0,0.0,0.0,0.0
2.1962645480000003,0.01,0.0,0.01,0.01
2.1970926410000002,0.0,0.0,0.0,0.0
2.198240487,0.0,0.0,0.0,0.0
2.20035887,0.0,0.0,0.0,0.0
2.2011020510000003,0.0,0.01,0.0,0.0
2.202316906,0.0,0.01,0.0,0.0
2.203132323,0.0,0.0,0.0,0.0
2.204346552,0.0,0.0,0.01,0.0
2.205095537,0.01,0.0,0.0,0.01
2.2063365790000002,0.0,0.0,0.0,0.0
2.207098486,0.0,0.0,0.0,0.0
2.208396843,0.0,0.0,0.0,0.0
2.2090986100000003,0.0,0.0,0.0,0.0
2.210162023,0.0,0.0,0.0,0.0
2.211160125,0.0,0.0,0.0,0.0
2.212357152,0.0,0.0,0.0,0.0
2.214344365,0.0,0.0,0.0,0.0
2.215110848,0.0,0.0,0.0,0.0
2.216212047,0.0,0.0,0.0,0.0
2.217212682,0.01,0.0,0.0,0.0
2.2182056070000002,0.0,0.0,0.01,0.0
2.219203807,0.0,0.01,0.01,0.0
2.2202064040000002,0.0,0.0,0.0,0.0
2.221201765,0.0,0.0,0.0,0.0
2.222203157,0.0,0.0,0.01,0.0
2.2233495970000003,0.0,0.0,0.0,0.0
2.2241163640000003,0.0,0.01,0.0,0.0
2.225311528,0.0,0.0,0.0,0.0
2.226123602,0.01,0.0,0.01,0.0
2.227297248,0.0,0.0,0.01,0.0
2.2292534920000002,0.0,0.0,0.0,0.01
2.230199911,0.0,0.0,0.01,0.0
2.231214796,0.01,0.01,0.0,0.0
2.232218902,0.0,0.0,0.0,0.0
2.2333444080000002,0.0,0.0,0.01,0.0
2.2341114280000003,0.01,0.0,0.0,0.0
2.2353442620000004,0.0,0.01,0.0,0.0
2.236106233,0.0,0.0,0.0,0.0
2.2373504950000003,0.0,0.06,0.0,0.0
2.238099031,0.01,0.0,0.0,0.0
2.2393104100000003,0.01,0.0,0.0,0.0
2.240139975,0.0,0.0,0.0,0.0
2.241174598,0.0,0.0,0.0,0.01
2.242174082,0.01,0.0,0.0,0.0
2.2432289400000003,0.0,0.01,0.0,0.0
2.245345458,0.0,0.0,0.0,0.0
2.2461056420000003,0.0,0.0,0.01,0.0
2.247213989,0.0,0.0,0.0,0.0
2.248218886,0.0,0.0,0.0,0.0
2.249203783,0.0,0.0,0.0,0.0
2.2502016570000003,0.0,0.0,0.0,0.0
2.251198557,0.0,0.0,0.01,0.0
2.252207567,0.0,0.0,0.01,0.0
2.253206988,0.0,0.0,0.0,0.0
2.254156546,0.0,0.0,0.0,0.0
2.2553001,0.01,0.0,0.0,0.0
2.256109851,0.0,0.0,0.0,0.0
2.2571665700000003,0.0,0.0,0.0,0.0
2.2581320120000004,0.0,0.0,0.0,0.01
2.259348366,0.0,0.0,0.0,0.0
2.261343718,0.01,0.0,0.01,0.0
2.262108924,0.0,0.0,0.0,0.0
2.2633446750000004,0.02,0.0,0.0,0.0
2.26410498,0.01,0.04,0.0,0.01
2.265348764,0.0,0.0,0.01,0.0
2.266098298,0.0,0.0,0.0,0.0
2.267392949,0.0,0.0,0.0,0.02
2.2680960750000003,0.01,0.0,0.0,0.0
2.269319219,0.0,0.0,0.0,0.0
2.270097826,0.0,0.0,0.0,0.01
2.27128708,0.0,0.0,0.0,0.0
2.272222529,0.0,0.0,0.01,0.0
2.273239776,0.0,0.01,0.0,0.0
2.2755536650000003,0.0,0.0,0.0,0.0
2.276100249,0.0,0.0,0.01,0.0
2.277233079,0.0,0.0,0.0,0.0
2.278241967,0.0,0.0,0.0,0.0
2.279230857,0.0,0.01,0.01,0.0
2.2801835120000002,0.0,0.0,0.0,0.0
2.281103336,0.0,0.01,0.0,0.0
2.2822249070000002,0.01,0.0,0.0,0.0
2.2832035480000004,0.0,0.01,0.0,0.01
2.284162968,0.01,0.0,0.0,0.0
2.285293004,0.0,0.01,0.0,0.0
2.2861012720000002,0.01,0.01,0.0,0.0
2.287325918,0.0,0.0,0.0,0.0
2.2881201030000002,0.0,0.0,0.0,0.0
2.290351109,0.0,0.01,0.0,0.0
2.291131034,0.0,0.0,0.0,0.0
2.292343294,0.0,0.0,0.0,0.0
2.2931075940000003,0.0,0.01,0.0,0.0
2.294143249,0.01,0.0,0.0,0.0
2.2952133530000003,0.0,0.0,0.0,0.0
2.296203916,0.0,0.0,0.0,0.0
2.2972010590000003,0.0,0.01,0.0,0.0
2.29820422,0.01,0.0,0.01,0.0
2.29930076,0.0,0.0,0.0,0.0
2.300105506,0.0,0.01,0.0,0.0
2.301299874,0.0,0.0,0.0,0.0
2.302104142,0.0,0.02,0.01,0.01
2.3032024850000004,0.0,0.0,0.0,0.01
2.305329821,0.0,0.0,0.01,0.0
2.306113293,0.0,0.01,0.0,0.0
2.307205773,0.0,0.0,0.0,0.0
2.3082011980000003,0.0,0.0,0.01,0.0
2.309200983,0.0,0.0,0.0,0.0
2.310200818,0.0,0.0,0.0,0.0
2.311338702,0.0,0.01,0.0,0.0
2.312118695,0.01,0.0,0.0,0.0
2.3133518800000004,0.0,0.0,0.0,0.0
2.314109765,0.01,0.0,0.0,0.01
2.315305158,0.0,0.0,0.01,0.0
2.3160991550000003,0.01,0.01,0.0,0.0
2.317324601,0.01,0.01,0.0,0.0
2.319289553,0.0,0.0,0.0,0.0
2.320109473,0.0,0.0,0.0,0.0
2.3212791040000003,0.0,0.01,0.01,0.0
2.322157794,0.0,0.0,0.0,0.0
2.323210713,0.0,0.01,0.0,0.01
2.324216216,0.0,0.0,0.0,0.0
2.325214867,0.0,0.0,0.0,0.01
2.326202711,0.0,0.0,0.0,0.0
2.3273473300000003,0.0,0.0,0.0,0.0
2.3281131690000003,0.0,0.0,0.0,0.0
2.329369426,0.0,0.0,0.0,0.02
2.330105204,0.0,0.02,0.0,0.01
2.3312844850000003,0.01,0.0,0.01,0.01
2.332100687,0.0,0.01,0.02,0.0
2.333330933,0.0,0.0,0.0,0.0
2.3353533420000003,0.0,0.0,0.01,0.0
2.3361018650000003,0.0,0.01,0.01,0.0
2.337217382,0.0,0.0,0.01,0.01
2.338209001,0.0,0.03,0.0,0.0
2.339213944,0.0,0.0,0.0,0.0
2.340198531,0.01,0.01,0.0,0.0
2.341203187,0.01,0.0,0.0,0.0
2.342349795,0.01,0.0,0.0,0.0
2.34311326,0.0,0.0,0.0,0.0
2.3441860510000003,0.0,0.01,0.0,0.0
2.3453400760000003,0.0,0.0,0.01,0.0
2.346127392,0.0,0.0,0.0,0.0
2.347184356,0.0,0.01,0.0,0.0
2.348222015,0.0,0.01,0.01,0.0
2.3492258500000003,0.0,0.0,0.0,0.0
2.351273242,0.0,0.0,0.0,0.0
2.352271751,0.0,0.02,0.0,0.0
2.353256973,0.01,0.0,0.01,0.0
2.35420634,0.0,0.0,0.0,0.0
2.355220465,0.0,0.0,0.0,0.0
2.356230436,0.0,0.0,0.0,0.0
2.357235711,0.0,0.0,0.0,0.0
2.358293824,0.0,0.0,0.01,0.0
2.359348429,0.01,0.0,0.01,0.0
2.3603696760000004,0.0,0.0,0.0,0.0
2.361293394,0.0,0.0,0.0,0.0
2.36228841,0.01,0.0,0.0,0.0
2.363242511,0.0,0.0,0.0,0.0
2.364198576,0.0,0.0,0.0,0.0
2.366442725,0.0,0.01,0.0,0.0
2.3672693430000002,0.01,0.03,0.0,0.0
2.3682040950000003,0.0,0.0,0.0,0.0
2.369177493,0.0,0.0,0.0,0.01
2.370205882,0.0,0.0,0.0,0.0
2.37120219,0.0,0.01,0.02,0.0
2.372221041,0.0,0.0,0.0,0.01
2.3732059480000003,0.0,0.0,0.0,0.0
2.374228854,0.0,0.01,0.0,0.0
2.375220031,0.0,0.01,0.0,0.0
2.376229786,0.0,0.0,0.0,0.0
2.3771828310000003,0.0,0.0,0.0,0.0
2.378193398,0.01,0.0,0.01,0.0
2.379238747,0.0,0.0,0.0,0.0
2.3802223330000003,0.0,0.0,0.0,0.0
2.382280573,0.0,0.0,0.0,0.0
2.383131311,0.0,0.0,0.0,0.0
2.38424767,0.0,0.0,0.0,0.0
2.385130698,0.0,0.0,0.01,0.0
2.3862487970000004,0.0,0.0,0.0,0.0
2.3872137920000003,0.0,0.01,0.0,0.0
2.388252468,0.01,0.0,0.01,0.0
2.3891613780000003,0.0,0.0,0.0,0.0
2.390184118,0.0,0.04,0.0,0.0
2.3911832,0.04,0.0,0.0,0.0
2.3921337510000003,0.0,0.0,0.0,0.0
2.393234757,0.01,0.0,0.01,0.0
2.394258695,0.0,0.0,0.0,0.0
2.396435008,0.0,0.0,0.0,0.0
2.397127134,0.0,0.0,0.03,0.01
2.3984250630000004,0.0,0.01,0.0,0.0
2.399130726,0.0,0.0,0.0,0.0
2.400276796,0.0,0.0,0.01,0.0
2.401146971,0.0,0.0,0.0,0.01
2.402398168,0.0,0.01,0.0,0.0
2.4031048950000002,0.0,0.0,0.0,0.0
2.404439081,0.0,0.0,0.01,0.02
2.405105219,0.0,0.0,0.0,0.0
2.4063392830000003,0.0,0.0,0.0,0.0
2.407112049,0.0,0.0,0.0,0.0
2.408429087,0.0,0.01,0.01,0.0
2.41041418,0.0,0.0,0.0,0.0
2.411111017,0.0,0.0,0.0,0.01
2.412185203,0.0,0.0,0.0,0.0
2.4131101050000003,0.0,0.01,0.01,0.0
2.414107123,0.0,0.0,0.0,0.0
2.415306289,0.0,0.0,0.0,0.0
2.416179321,0.0,0.0,0.0,0.0
2.417106285,0.0,0.0,0.0,0.01
2.4182502400000003,0.0,0.0,0.0,0.0
2.419186921,0.0,0.0,0.01,0.0
2.420170208,0.0,0.0,0.0,0.0
2.4211777850000002,0.0,0.0,0.0,0.0
2.422258754,0.0,0.0,0.01,0.01
2.4232176500000002,0.0,0.0,0.0,0.0
2.4242807820000003,0.0,0.01,0.0,0.0
2.426403168,0.0,0.01,0.0,0.01
2.427118656,0.0,0.0,0.0,0.01
2.428273744,0.0,0.02,0.0,0.0
2.429206668,0.0,0.0,0.0,0.0
2.4302735180000004,0.0,0.01,0.01,0.0
2.431191133,0.03,0.0,0.0,0.0
2.432268608,0.01,0.0,0.01,0.01
2.433207897,0.01,0.01,0.0,0.0
2.4341951290000003,0.01,0.0,0.0,0.0
2.435318449,0.01,0.0,0.0,0.0
2.4361270470000003,0.0,0.0,0.0,0.0
2.437351617,0.0,0.0,0.0,0.0
2.4381148560000003,0.0,0.0,0.0,0.0
2.4393989470000004,0.0,0.01,0.0,0.0
2.441415833,0.0,0.0,0.0,0.0
2.442284758,0.01,0.0,0.0,0.0
2.4431929890000004,0.0,0.0,0.01,0.0
2.4443349480000003,0.0,0.01,0.01,0.0
2.4452265470000003,0.0,0.01,0.0,0.0
2.446418624,0.0,0.0,0.01,0.0
2.4471338840000003,0.01,0.0,0.0,0.0
2.448247154,0.0,0.0,0.01,0.0
2.449197818,0.01,0.0,0.01,0.0
2.450173652,0.0,0.0,0.0,0.01
2.451226685,0.0,0.0,0.0,0.01
2.4521707800000003,0.0,0.0,0.0,0.0
2.4532165000000004,0.0,0.0,0.0,0.0
2.4542298440000003,0.0,0.0,0.0,0.0
2.456573087,0.0,0.0,0.0,0.0
2.4579798520000002,0.0,0.0,0.0,0.0
2.4591922210000003,0.0,0.0,0.0,0.0
2.4602419120000003,0.01,0.0,0.0,0.0
2.461198258,0.01,0.0,0.0,0.0
2.4623020540000002,0.0,0.0,0.0,0.0
2.4632806360000004,0.0,0.0,0.0,0.01
2.4642592430000003,0.01,0.0,0.0,0.01
2.465202665,0.0,0.01,0.0,0.0
2.4661935510000004,0.0,0.0,0.0,0.02
2.467196135,0.0,0.0,0.0,0.0
2.468186815,0.0,0.0,0.0,0.0
2.4691811780000004,0.0,0.0,0.0,0.0
2.470165508,0.0,0.0,0.0,0.0
2.471211577,0.0,0.01,0.0,0.0
2.472173284,0.0,0.0,0.0,0.0
2.47318827,0.01,0.0,0.01,0.0
2.4741702510000003,0.0,0.0,0.0,0.0
2.475281652,0.0,0.01,0.0,0.01
2.476135836,0.0,0.0,0.0,0.01
2.4774293540000003,0.0,0.0,0.02,0.0
2.4781797560000003,0.02,0.0,0.0,0.01
2.479211082,0.0,0.0,0.0,0.0
2.480227427,0.0,0.0,0.0,0.0
2.481264721,0.0,0.0,0.0,0.0
2.482295965,0.0,0.0,0.0,0.0
2.48339201,0.0,0.0,0.01,0.0
2.4847067440000004,0.0,0.0,0.0,0.0
2.4855714040000003,0.0,0.0,0.0,0.0
2.486316619,0.0,0.0,0.0,0.0
2.488417859,0.0,0.0,0.01,0.0
2.489241154,0.0,0.0,0.0,0.0
2.490222148,0.0,0.0,0.0,0.0
2.491177397,0.01,0.0,0.0,0.0
2.4921907510000003,0.0,0.0,0.0,0.0
2.493185075,0.0,0.0,0.0,0.0
2.494198566,0.01,0.0,0.0,0.0
2.495237618,0.0,0.0,0.0,0.0
2.4962294280000004,0.0,0.0,0.0,0.0
2.497237642,0.0,0.0,0.0,0.0
2.49822252,0.0,0.01,0.0,0.0
2.500434771,0.0,0.0,0.0,0.0
2.5012819690000003,0.0,0.0,0.0,0.0
2.502179926,0.01,0.01,0.0,0.0
2.503188948,0.0,0.0,0.0,0.0
2.5041671020000003,0.03,0.0,0.0,0.0
2.505167988,0.0,0.0,0.0,0.01
2.506171214,0.0,0.0,0.0,0.0
2.507229298,0.0,0.0,0.05,0.0
2.508175933,0.0,0.0,0.0,0.0
2.509207977,0.0,0.0,0.0,0.0
2.510206052,0.0,0.0,0.0,0.0
2.5112142210000004,0.0,0.0,0.0,0.01
2.512221208,0.0,0.01,0.0,0.0
2.5132248880000003,0.0,0.0,0.0,0.06
2.514203708,0.0,0.0,0.0,0.0
2.5164868940000003,0.0,0.0,0.0,0.0
2.5175336120000003,0.0,0.0,0.0,0.0
2.5184100050000002,0.0,0.0,0.01,0.0
2.519217931,0.0,0.0,0.0,0.0
2.520210691,0.0,0.01,0.0,0.0
2.5211815530000004,0.0,0.0,0.0,0.01
2.522173467,0.0,0.01,0.0,0.0
2.523182111,0.0,0.0,0.01,0.0
2.5241829150000004,0.0,0.0,0.0,0.0
2.525168416,0.01,0.0,0.01,0.02
2.5261935120000003,0.0,0.0,0.0,0.0
2.5271876460000002,0.0,0.0,0.0,0.0
2.5282043410000004,0.01,0.0,0.01,0.0
2.529195027,0.0,0.0,0.01,0.01
2.531188744,0.0,0.0,0.0,0.0
2.532194918,0.0,0.0,0.0,0.0
2.533195687,0.0,0.0,0.0,0.0
2.53419562,0.0,0.0,0.0,0.0
2.5351584160000002,0.0,0.0,0.0,0.01
2.536157851,0.0,0.0,0.0,0.0
2.53717154,0.0,0.0,0.0,0.01
2.5381482380000002,0.01,0.0,0.0,0.0
2.5393588520000003,0.0,0.0,0.01,0.01
2.540134248,0.0,0.0,0.0,0.0
2.541314013,0.0,0.0,0.0,0.0
2.5421231740000003,0.01,0.0,0.0,0.0
2.543332801,0.0,0.0,0.0,0.0
2.5441144330000003,0.0,0.0,0.0,0.0
2.545344001,0.01,0.0,0.01,0.0
2.5473430780000004,0.0,0.0,0.01,0.01
2.548111929,0.0,0.0,0.01,0.01
2.549331284,0.01,0.0,0.0,0.01
2.550113181,0.0,0.0,0.0,0.0
2.5513458150000003,0.0,0.0,0.0,0.0
2.5521114160000002,0.0,0.0,0.0,0.01
2.553350586,0.02,0.0,0.0,0.0
2.5540947270000003,0.0,0.0,0.0,0.0
2.55531166,0.0,0.0,0.0,0.01
2.556144975,0.0,0.0,0.0,0.0
2.5572956760000003,0.0,0.0,0.0,0.0
2.5581878270000002,0.0,0.0,0.01,0.0
2.559126775,0.0,0.0,0.01,0.0
2.560373303,0.0,0.01,0.0,0.0
2.562359404,0.0,0.01,0.0,0.0
2.5630938000000003,0.0,0.0,0.0,0.01
2.5642038240000002,0.0,0.0,0.0,0.0
2.565223586,0.0,0.0,0.0,0.0
2.5661230720000003,0.0,0.0,0.0,0.01
2.5672655200000003,0.0,0.0,0.0,0.01
2.5681475490000003,0.0,0.0,0.0,0.0
2.5691330110000004,0.0,0.0,0.0,0.0
2.5701404350000003,0.0,0.0,0.01,0.0
2.571160567,0.0,0.01,0.01,0.01
2.5721504960000003,0.0,0.0,0.0,0.0
2.573168973,0.0,0.0,0.0,0.0
2.5742015900000004,0.0,0.0,0.01,0.0
2.576342068,0.01,0.0,0.01,0.0
2.5771168180000004,0.01,0.0,0.0,0.01
2.5783418780000003,0.0,0.0,0.0,0.0
2.5791181830000003,0.0,0.0,0.0,0.0
2.5803524770000004,0.0,0.0,0.0,0.0
2.5811064700000004,0.0,0.01,0.0,0.0
2.582344843,0.0,0.01,0.0,0.0
2.583099276,0.0,0.0,0.0,0.0
2.584357171,0.0,0.0,0.01,0.01
2.585098903,0.0,0.0,0.0,0.0
2.586290296,0.0,0.01,0.0,0.0
2.587100609,0.0,0.0,0.0,0.0
2.5881576330000002,0.0,0.01,0.01,0.0
2.589227691,0.0,0.01,0.01,0.0
2.591405115,0.01,0.01,0.0,0.0
2.592105639,0.0,0.0,0.0,0.0
2.5932207440000004,0.0,0.0,0.0,0.0
2.594218419,0.0,0.01,0.0,0.0
2.595206279,0.0,0.01,0.01,0.0
2.5962089660000003,0.0,0.0,0.0,0.01
2.5971291,0.01,0.0,0.0,0.0
2.5983008030000003,0.01,0.0,0.01,0.0
2.599106159,0.0,0.0,0.0,0.0
2.6002866520000003,0.0,0.0,0.0,0.0
2.6011578760000003,0.0,0.0,0.0,0.0
2.6021397160000004,0.0,0.0,0.0,0.0
2.6032258400000003,0.0,0.0,0.0,0.0
2.605357602,0.0,0.0,0.0,0.0
2.6061048110000002,0.0,0.0,0.0,0.0
2.6073338990000003,0.0,0.0,0.0,0.0
2.608139367,0.0,0.0,0.0,0.02
2.609354165,0.0,0.0,0.0,0.0
2.6100992020000002,0.0,0.0,0.0,0.0
2.611350785,0.0,0.0,0.0,0.0
2.612124638,0.0,0.0,0.0,0.0
2.613351724,0.0,0.0,0.0,0.01
2.614097782,0.0,0.0,0.0,0.0
2.615279821,0.0,0.0,0.0,0.0
2.6160977080000003,0.0,0.0,0.0,0.0
2.617283708,0.0,0.01,0.0,0.0
2.6181480190000004,0.0,0.0,0.0,0.0
2.620290488,0.0,0.0,0.0,0.01
2.6211583640000002,0.0,0.01,0.0,0.0
2.6222199120000003,0.01,0.0,0.0,0.0
2.6232254210000003,0.0,0.01,0.01,0.02
2.6242207480000004,0.01,0.0,0.01,0.0
2.6252181180000003,0.0,0.0,0.0,0.0
2.6263679580000003,0.0,0.01,0.0,0.0
2.6271022320000004,0.0,0.0,0.0,0.01
2.628296848,0.0,0.0,0.0,0.0
2.6291549520000004,0.0,0.01,0.0,0.0
2.6302762690000003,0.0,0.0,0.0,0.0
2.6311371230000002,0.0,0.0,0.0,0.01
2.632279163,0.01,0.0,0.0,0.0
2.633194874,0.0,0.0,0.0,0.0
2.6342702890000003,0.0,0.0,0.0,0.0
2.636337546,0.0,0.0,0.0,0.0
2.637142635,0.0,0.0,0.0,0.0
2.6383457050000003,0.0,0.0,0.0,0.0
2.6391043830000003,0.0,0.01,0.0,0.0
2.6402706400000002,0.0,0.0,0.0,0.0
2.6410966570000003,0.0,0.0,0.01,0.0
2.6423645860000002,0.0,0.0,0.01,0.01
2.643094231,0.01,0.0,0.0,0.0
2.644404917,0.0,0.0,0.0,0.0
2.645097579,0.0,0.0,0.0,0.0
2.646163322,0.0,0.0,0.01,0.0
2.647155509,0.0,0.0,0.0,0.0
2.648294581,0.0,0.0,0.0,0.0
2.6491792380000003,0.0,0.0,0.0,0.0
2.6513703580000003,0.0,0.0,0.0,0.0
2.652103221,0.0,0.01,0.0,0.0
2.653354524,0.0,0.0,0.0,0.0
2.6540980800000002,0.0,0.0,0.0,0.0
2.6553239210000004,0.0,0.0,0.0,0.0
2.656127229,0.0,0.0,0.0,0.01
2.657353208,0.0,0.0,0.0,0.0
2.6581279550000003,0.01,0.0,0.0,0.0
2.659260129,0.0,0.01,0.01,0.0
2.6600904880000003,0.0,0.0,0.01,0.0
2.661306165,0.0,0.0,0.0,0.0
2.662153773,0.03,0.01,0.0,0.01
2.663312222,0.0,0.0,0.0,0.0
2.66536103,0.0,0.0,0.02,0.0
2.666119848,0.0,0.0,0.0,0.0
2.6672760650000003,0.0,0.0,0.0,0.0
2.668173394,0.0,0.0,0.0,0.0
2.669372344,0.0,0.0,0.0,0.0
2.670099988,0.0,0.0,0.0,0.0
2.6713700840000003,0.0,0.0,0.01,0.0
2.6720951850000003,0.01,0.02,0.01,0.0
2.6730916000000002,0.0,0.0,0.0,0.0
2.674119218,0.0,0.05,0.01,0.01
2.675338523,0.0,0.0,0.01,0.0
2.67615178,0.0,0.0,0.0,0.01
2.6771656750000004,0.0,0.0,0.0,0.0
2.678152758,0.0,0.01,0.0,0.01
2.6793488830000003,0.0,0.0,0.0,0.0
2.6813491210000002,0.0,0.0,0.0,0.0
2.682106484,0.0,0.0,0.0,0.0
2.683146631,0.0,0.01,0.0,0.0
2.684213204,0.0,0.0,0.0,0.0
2.685185097,0.0,0.0,0.0,0.01
2.6861898550000003,0.0,0.0,0.0,0.0
2.6871989430000003,0.0,0.0,0.0,0.0
2.688129651,0.0,0.0,0.0,0.0
2.689329291,0.0,0.0,0.0,0.0
2.690113707,0.0,0.01,0.0,0.0
2.691211474,0.01,0.01,0.0,0.0
2.6921648830000002,0.0,0.0,0.0,0.01
2.6933848670000002,0.0,0.0,0.0,0.0
2.6940997810000002,0.0,0.0,0.01,0.01
2.695356207,0.0,0.0,0.0,0.01
2.6973539640000004,0.0,0.0,0.01,0.0
2.698107614,0.0,0.01,0.0,0.0
2.699338242,0.01,0.0,0.0,0.0
2.700099681,0.0,0.0,0.0,0.0
2.7013497600000003,0.0,0.0,0.0,0.0
2.702101409,0.0,0.0,0.0,0.0
2.703348197,0.0,0.0,0.0,0.0
2.7040956900000004,0.0,0.0,0.0,0.0
2.7053201590000002,0.0,0.0,0.0,0.0
2.706094292,0.0,0.01,0.01,0.0
2.7073037290000004,0.0,0.02,0.01,0.0
2.708172208,0.0,0.0,0.0,0.01
2.709120797,0.01,0.0,0.0,0.0
2.711354289,0.0,0.0,0.0,0.01
2.712097429,0.0,0.0,0.01,0.0
2.7132229380000004,0.0,0.01,0.0,0.0
2.714146266,0.0,0.02,0.01,0.0
2.715128554,0.0,0.01,0.0,0.0
2.7163309530000004,0.01,0.0,0.0,0.01
2.717106748,0.0,0.0,0.0,0.0
2.7181354200000003,0.0,0.0,0.0,0.01
2.719340895,0.0,0.0,0.0,0.0
2.720099031,0.0,0.0,0.0,0.01
2.721124774,0.0,0.01,0.02,0.0
2.722309414,0.0,0.0,0.0,0.0
2.723095653,0.0,0.0,0.0,0.0
2.724464406,0.0,0.0,0.0,0.0
2.726384883,0.0,0.0,0.0,0.0
2.727097316,0.0,0.0,0.0,0.0
2.7282044300000003,0.0,0.0,0.0,0.01
2.729221506,0.0,0.0,0.0,0.0
2.730219142,0.0,0.0,0.01,0.0
2.731188607,0.0,0.01,0.0,0.0
2.7321909150000003,0.0,0.0,0.0,0.0
2.73321668,0.0,0.0,0.0,0.0
2.7341536950000003,0.0,0.0,0.0,0.0
2.7352982700000004,0.0,0.01,0.01,0.0
2.736151994,0.0,0.0,0.0,0.0
2.737162568,0.0,0.0,0.0,0.0
2.7383037590000003,0.0,0.0,0.0,0.0
2.739188722,0.01,0.0,0.01,0.0
2.74039418,0.0,0.0,0.0,0.0
2.7423343740000004,0.01,0.0,0.01,0.0
2.7431394420000004,0.01,0.02,0.0,0.01
2.7443533930000004,0.0,0.0,0.0,0.03
2.7451080290000003,0.0,0.01,0.0,0.01
2.7463078540000003,0.01,0.01,0.0,0.0
2.747130406,0.0,0.0,0.01,0.0
2.7483538540000003,0.0,0.0,0.0,0.01
2.749106273,0.0,0.01,0.0,0.0
2.750363934,0.0,0.0,0.0,0.0
2.7511053320000003,0.06,0.0,0.01,0.0
2.752282664,0.0,0.0,0.0,0.0
2.753139666,0.0,0.0,0.03,0.0
2.754390716,0.0,0.01,0.01,0.0
2.756352349,0.0,0.0,0.0,0.0
2.757104875,0.0,0.01,0.01,0.0
2.758318418,0.0,0.0,0.0,0.01
2.7591265270000003,0.0,0.0,0.0,0.0
2.760354232,0.0,0.0,0.01,0.0
2.7611092370000003,0.0,0.0,0.01,0.01
2.7623748900000002,0.0,0.01,0.02,0.01
2.763111734,0.0,0.0,0.0,0.0
2.764351569,0.0,0.0,0.0,0.0
2.765110243,0.0,0.0,0.0,0.0
2.766286582,0.0,0.0,0.01,0.0
2.7670993860000004,0.0,0.01,0.0,0.0
2.768260384,0.0,0.0,0.0,0.0
2.77034657,0.0,0.0,0.0,0.0
2.7710987950000003,0.0,0.0,0.0,0.0
2.772346424,0.0,0.0,0.0,0.0
2.773120501,0.0,0.0,0.0,0.01
2.7741817930000003,0.0,0.01,0.0,0.0
2.7752204220000003,0.0,0.0,0.0,0.0
2.776218098,0.0,0.0,0.0,0.0
2.777147132,0.0,0.0,0.0,0.0
2.778381913,0.0,0.01,0.0,0.0
2.779102581,0.0,0.01,0.0,0.0
2.7802698240000003,0.0,0.0,0.0,0.0
2.781173769,0.0,0.02,0.01,0.01
2.782126254,0.0,0.0,0.0,0.0
2.783165652,0.0,0.01,0.01,0.0
2.785365772,0.0,0.0,0.0,0.0
2.7861897580000003,0.02,0.0,0.0,0.0
2.7871042640000003,0.0,0.0,0.0,0.01
2.788266847,0.0,0.0,0.0,0.0
2.789224491,0.01,0.01,0.0,0.0
2.790214134,0.0,0.0,0.0,0.0
2.791214833,0.0,0.0,0.01,0.0
2.792125784,0.0,0.0,0.01,0.0
2.793211668,0.0,0.0,0.0,0.0
2.794204225,0.0,0.0,0.0,0.0
2.795180482,0.0,0.01,0.0,0.01
2.796315196,0.0,0.0,0.02,0.0
2.7971105350000003,0.01,0.0,0.0,0.0
2.7982850540000004,0.01,0.0,0.01,0.01
2.7991698670000003,0.0,0.0,0.01,0.0
2.8002317650000004,0.0,0.01,0.0,0.0
2.8023656160000003,0.0,0.01,0.0,0.0
2.803099908,0.0,0.0,0.0,0.0
2.804337742,0.0,0.0,0.0,0.0
2.805128239,0.01,0.0,0.0,0.0
2.806339651,0.0,0.0,0.0,0.0
2.807131897,0.01,0.0,0.0,0.0
2.8083424370000003,0.0,0.0,0.0,0.0
2.8091254560000003,0.0,0.0,0.0,0.0
2.810362678,0.01,0.0,0.02,0.0
2.8110997230000003,0.01,0.01,0.0,0.01
2.812259912,0.0,0.0,0.0,0.0
2.8130951680000003,0.0,0.0,0.0,0.01
2.814172708,0.0,0.0,0.0,0.0
2.816370096,0.0,0.01,0.0,0.01
2.817111739,0.0,0.0,0.0,0.0
2.818217016,0.0,0.0,0.0,0.0
2.819153324,0.0,0.0,0.0,0.0
2.820147494,0.0,0.0,0.0,0.0
2.8212005380000003,0.0,0.0,0.0,0.0
2.8221399870000003,0.0,0.0,0.01,0.0
2.823312424,0.0,0.0,0.0,0.0
2.824104476,0.01,0.01,0.0,0.01
2.825318085,0.0,0.06,0.0,0.01
2.82613147,0.0,0.0,0.0,0.0
2.827318715,0.0,0.0,0.03,0.0
2.8281432630000003,0.01,0.01,0.0,0.01
2.8293628390000003,0.0,0.0,0.0,0.0
2.831347324,0.0,0.0,0.0,0.0
2.832103779,0.0,0.01,0.0,0.01
2.8332064910000003,0.0,0.0,0.0,0.0
2.834232772,0.0,0.0,0.0,0.0
2.835197136,0.0,0.0,0.0,0.0
2.8362131080000004,0.0,0.0,0.0,0.0
2.8371289060000002,0.0,0.0,0.0,0.01
2.8382096470000002,0.0,0.0,0.0,0.0
2.839210967,0.0,0.0,0.01,0.01
2.840175711,0.0,0.0,0.0,0.0
2.8411544760000003,0.0,0.0,0.0,0.0
2.84212628,0.0,0.0,0.0,0.0
2.8433089060000003,0.01,0.0,0.01,0.0
2.844114791,0.0,0.0,0.0,0.0
2.8453632740000003,0.01,0.0,0.0,0.0
2.8473366880000004,0.0,0.01,0.01,0.0
2.848110831,0.0,0.01,0.0,0.0
2.8493592960000003,0.0,0.01,0.0,0.0
2.850099423,0.0,0.0,0.0,0.0
2.8513280780000003,0.0,0.0,0.01,0.0
2.852147977,0.01,0.0,0.0,0.01
2.8533578200000003,0.0,0.0,0.0,0.0
2.8541010940000002,0.0,0.0,0.01,0.0
2.8553574680000002,0.0,0.0,0.0,0.0
2.85609591,0.0,0.0,0.0,0.0
2.857293518,0.0,0.0,0.0,0.01
2.8581525460000003,0.0,0.0,0.0,0.0
2.8592988900000003,0.0,0.0,0.0,0.0
2.860139476,0.0,0.0,0.0,0.0
2.861371215,0.0,0.01,0.01,0.0
2.8633531760000004,0.01,0.0,0.0,0.0
2.864127079,0.0,0.01,0.0,0.0
2.8651831530000003,0.0,0.0,0.0,0.01
2.8662217400000003,0.0,0.0,0.0,0.0
2.867218904,0.01,0.0,0.01,0.0
2.86817506,0.0,0.0,0.0,0.0
2.869217647,0.0,0.0,0.0,0.0
2.870217385,0.0,0.0,0.0,0.0
2.8711581230000003,0.0,0.0,0.0,0.0
2.8723750050000003,0.0,0.0,0.0,0.0
2.8731024990000003,0.0,0.0,0.0,0.0
2.874308162,0.0,0.0,0.0,0.0
2.8751486490000002,0.01,0.0,0.0,0.0
2.876341317,0.0,0.0,0.01,0.0
2.878338691,0.0,0.01,0.0,0.0
2.879127775,0.0,0.0,0.0,0.0
2.880360812,0.0,0.0,0.0,0.01
2.881095035,0.02,0.0,0.0,0.0
2.88238035,0.01,0.0,0.0,0.0
2.8830964910000003,0.01,0.0,0.0,0.01
2.884345815,0.0,0.0,0.01,0.0
2.885092068,0.0,0.01,0.0,0.0
2.886226508,0.0,0.0,0.0,0.0
2.887165844,0.0,0.01,0.0,0.0
2.888161754,0.0,0.0,0.0,0.0
2.889158193,0.0,0.0,0.0,0.0
2.8901663820000003,0.0,0.0,0.01,0.0
2.891230869,0.0,0.0,0.01,0.0
2.892226467,0.0,0.01,0.0,0.0
2.894344938,0.01,0.0,0.01,0.0
2.8951115040000004,0.0,0.01,0.02,0.01
2.896281316,0.0,0.01,0.0,0.0
2.8971074370000003,0.0,0.0,0.0,0.02
2.898306927,0.0,0.0,0.0,0.01
2.8991258380000002,0.0,0.0,0.01,0.0
2.900195543,0.0,0.0,0.01,0.0
2.9011271080000003,0.0,0.0,0.01,0.0
2.9022508260000004,0.0,0.0,0.0,0.0
2.9031024800000003,0.01,0.01,0.0,0.0
2.9041605560000003,0.01,0.0,0.0,0.0
2.905161535,0.0,0.0,0.01,0.0
2.9061289830000003,0.01,0.01,0.01,0.0
2.90734825,0.0,0.0,0.0,0.0
2.9093658540000003,0.0,0.0,0.0,0.0
2.910106985,0.0,0.0,0.01,0.0
2.911341724,0.0,0.01,0.0,0.0
2.912102898,0.0,0.0,0.0,0.0
2.913347588,0.0,0.0,0.01,0.0
2.9140963760000003,0.0,0.0,0.0,0.0
2.9152075510000004,0.0,0.0,0.0,0.0
2.916165765,0.0,0.0,0.01,0.0
2.9172420740000002,0.0,0.01,0.0,0.01
2.9181445970000004,0.0,0.01,0.0,0.0
2.919134151,0.01,0.0,0.04,0.01
2.920336883,0.0,0.0,0.01,0.0
2.922346939,0.0,0.0,0.0,0.01
2.9231409800000003,0.0,0.01,0.0,0.0
2.924314303,0.0,0.0,0.0,0.0
2.9251010760000002,0.0,0.0,0.0,0.0
2.9263855430000003,0.0,0.01,0.0,0.0
2.927101819,0.0,0.0,0.0,0.0
2.9283471170000004,0.0,0.01,0.0,0.0
2.9291034280000003,0.01,0.0,0.0,0.0
2.9303788,0.0,0.0,0.0,0.0
2.9311040480000004,0.0,0.0,0.01,0.0
2.932288175,0.0,0.01,0.0,0.0
2.93310154,0.0,0.0,0.0,0.01
2.934165584,0.0,0.0,0.0,0.0
2.9352132170000003,0.0,0.0,0.0,0.0
2.9372723410000003,0.0,0.0,0.0,0.0
2.938153562,0.01,0.0,0.0,0.0
2.9391349530000004,0.0,0.0,0.01,0.0
2.94021333,0.0,0.01,0.01,0.0
2.9412060980000003,0.0,0.0,0.0,0.0
2.942143124,0.0,0.0,0.0,0.0
2.9431429390000003,0.0,0.0,0.0,0.0
2.9441567440000003,0.0,0.0,0.01,0.0
2.945291884,0.0,0.0,0.0,0.01
2.9461379,0.0,0.01,0.0,0.0
2.9473007100000004,0.0,0.0,0.0,0.0
2.9481311370000003,0.0,0.0,0.01,0.0
2.949162094,0.0,0.0,0.0,0.0
2.950221393,0.0,0.0,0.0,0.0
2.952352556,0.01,0.02,0.0,0.0
2.9531188900000003,0.0,0.0,0.01,0.0
2.954124193,0.0,0.0,0.01,0.0
2.955163805,0.0,0.0,0.0,0.0
2.9562059680000004,0.01,0.0,0.0,0.0
2.9571643200000004,0.0,0.0,0.0,0.0
2.9582100650000003,0.0,0.01,0.0,0.0
2.9591813090000003,0.0,0.0,0.0,0.0
2.960192762,0.0,0.01,0.01,0.0
2.9613286420000002,0.0,0.02,0.0,0.0
2.9621153280000003,0.0,0.0,0.02,0.0
2.963161502,0.0,0.0,0.01,0.0
2.964166709,0.0,0.0,0.01,0.0
2.9653180590000003,0.0,0.01,0.0,0.0
2.96734614,0.0,0.0,0.01,0.0
2.968117797,0.0,0.0,0.01,0.0
2.969298965,0.0,0.01,0.0,0.0
2.970116231,0.0,0.0,0.0,0.0
2.971151539,0.0,0.0,0.0,0.01
2.972208567,0.0,0.01,0.0,0.0
2.9731333340000003,0.01,0.0,0.0,0.0
2.9741918800000002,0.0,0.0,0.0,0.0
2.9751370660000003,0.0,0.0,0.0,0.0
2.976341596,0.01,0.0,0.0,0.0
2.9771143760000003,0.0,0.0,0.0,0.0
2.978140885,0.0,0.0,0.01,0.0
2.979162799,0.0,0.0,0.01,0.0
2.9803016920000003,0.0,0.0,0.0,0.0
2.982354539,0.0,0.0,0.0,0.0
2.983116717,0.02,0.0,0.0,0.0
2.984334892,0.0,0.0,0.0,0.01
2.9851106890000003,0.0,0.0,0.0,0.01
2.9862012310000003,0.01,0.0,0.01,0.0
2.987206858,0.0,0.0,0.0,0.0
2.9882122460000002,0.0,0.0,0.01,0.0
2.989201807,0.0,0.0,0.0,0.0
2.99013711,0.0,0.0,0.0,0.0
2.991314983,0.01,0.01,0.0,0.0
2.99210939,0.02,0.01,0.0,0.01
2.9933282730000004,0.01,0.0,0.04,0.0
2.994100821,0.01,0.0,0.0,0.01
2.9953709170000002,0.0,0.0,0.0,0.0
2.997414241,0.0,0.01,0.0,0.0
2.998099938,0.0,0.0,0.0,0.0
2.9992719070000002,0.0,0.0,0.01,0.0
3.000192305,0.0,0.0,0.0,0.01
3.0011290500000003,0.0,0.0,0.0,0.01
3.0023023500000003,0.01,0.0,0.0,0.0
3.003151792,0.0,0.0,0.0,0.0
3.00418077,0.0,0.0,0.0,0.01
3.005147163,0.0,0.0,0.0,0.0
3.006298563,0.0,0.0,0.01,0.0
3.0070988730000003,0.0,0.0,0.0,0.0
3.00829044,0.0,0.0,0.0,0.0
3.0091205810000003,0.0,0.0,0.0,0.0
3.010208184,0.0,0.0,0.01,0.0
3.012358668,0.0,0.01,0.0,0.01
3.0130995350000003,0.0,0.0,0.01,0.0
3.014357714,0.0,0.0,0.0,0.0
3.0151013900000003,0.0,0.0,0.0,0.0
3.0161938740000003,0.0,0.0,0.0,0.0
3.0172180180000003,0.01,0.0,0.0,0.01
3.018139188,0.0,0.0,0.0,0.0
3.01935046,0.0,0.0,0.0,0.0
3.020103298,0.01,0.0,0.01,0.0
3.0212655940000004,0.0,0.01,0.0,0.0
3.0220969540000002,0.0,0.0,0.01,0.0
3.0232904040000004,0.0,0.0,0.0,0.0
3.024093967,0.0,0.0,0.01,0.0
3.025360011,0.0,0.01,0.0,0.01
3.027356392,0.02,0.0,0.0,0.0
3.028107587,0.0,0.01,0.0,0.0
3.0292109650000003,0.01,0.01,0.0,0.0
3.03013906,0.02,0.0,0.0,0.01
3.031274311,0.0,0.0,0.0,0.01
3.032143886,0.01,0.01,0.0,0.0
3.033214226,0.01,0.0,0.01,0.0
3.034223217,0.0,0.0,0.0,0.0
3.0350895290000004,0.0,0.01,0.01,0.01
3.036145667,0.0,0.0,0.0,0.0
3.03712931,0.0,0.0,0.0,0.0
3.038301741,0.01,0.0,0.0,0.0
3.039137536,0.0,0.0,0.0,0.0
3.0402108940000003,0.0,0.0,0.0,0.01
3.041224983,0.0,0.0,0.01,0.0
3.043342469,0.0,0.0,0.0,0.0
3.044111163,0.0,0.0,0.0,0.0
3.045220859,0.0,0.0,0.0,0.01
3.046206156,0.0,0.0,0.01,0.01
3.0472123640000004,0.0,0.0,0.0,0.0
3.0482125790000003,0.0,0.0,0.0,0.0
3.0492054960000003,0.01,0.01,0.0,0.0
3.0502302980000002,0.0,0.0,0.0,0.01
3.051188508,0.0,0.0,0.0,0.01
3.0523061790000003,0.0,0.0,0.0,0.02
3.0531068,0.01,0.0,0.01,0.0
3.0543066650000004,0.0,0.0,0.0,0.0
3.055135667,0.0,0.0,0.0,0.0
3.0564045,0.01,0.0,0.0,0.0
3.058358709,0.0,0.0,0.0,0.0
3.0590956470000004,0.01,0.0,0.0,0.0
3.060391897,0.0,0.0,0.0,0.0
3.061098969,0.0,0.0,0.0,0.0
3.062279835,0.01,0.0,0.0,0.0
3.063142418,0.0,0.0,0.01,0.0
3.0642274510000003,0.0,0.01,0.02,0.01
3.0652233030000002,0.0,0.0,0.0,0.0
3.066180333,0.02,0.0,0.0,0.0
3.067118051,0.0,0.02,0.0,0.0
3.068209023,0.0,0.0,0.0,0.0
3.069227445,0.0,0.01,0.0,0.0
3.070205457,0.0,0.0,0.0,0.01
3.071206761,0.0,0.0,0.0,0.0
3.073355786,0.0,0.0,0.0,0.0
3.0741065360000004,0.0,0.0,0.0,0.0
3.0753135850000004,0.01,0.0,0.02,0.0
3.076109879,0.01,0.0,0.0,0.03
3.077177637,0.0,0.01,0.01,0.0
3.0782021520000002,0.01,0.0,0.0,0.0
3.079202115,0.01,0.0,0.0,0.0
3.080185556,0.0,0.0,0.0,0.0
3.081162587,0.0,0.0,0.0,0.0
3.082153351,0.0,0.01,0.0,0.0
3.08315246,0.0,0.0,0.0,0.01
3.084321445,0.0,0.0,0.0,0.0
3.0851049390000003,0.01,0.0,0.0,0.01
3.0863457850000002,0.01,0.0,0.0,0.0
3.088345259,0.01,0.01,0.0,0.0
3.0891084920000003,0.0,0.01,0.01,0.0
3.0903437730000003,0.0,0.0,0.0,0.01
3.0911053330000002,0.01,0.0,0.0,0.01
3.0921547470000004,0.0,0.0,0.01,0.0
3.0932179580000003,0.01,0.0,0.0,0.01
3.0941332910000003,0.0,0.0,0.0,0.01
3.095339082,0.01,0.0,0.0,0.0
3.096102004,0.0,0.0,0.01,0.0
3.097282131,0.0,0.0,0.0,0.0
3.098103731,0.0,0.0,0.0,0.0
3.0991596670000003,0.0,0.0,0.0,0.0
3.1001795800000003,0.0,0.0,0.0,0.0
3.101220747,0.0,0.01,0.0,0.0
3.103343116,0.0,0.0,0.01,0.0
3.104107543,0.0,0.0,0.0,0.01
3.105212528,0.0,0.0,0.0,0.0
3.106184214,0.0,0.0,0.0,0.0
3.107350341,0.0,0.01,0.0,0.02
3.108108608,0.0,0.01,0.0,0.0
3.109331407,0.0,0.0,0.0,0.0
3.110138833,0.0,0.0,0.0,0.0
3.1112743380000003,0.0,0.0,0.0,0.0
3.112100256,0.0,0.01,0.0,0.0
3.113269233,0.0,0.0,0.0,0.0
3.1141362110000004,0.0,0.01,0.0,0.01
3.115285445,0.01,0.0,0.0,0.01
3.1173615330000004,0.0,0.0,0.0,0.0
3.118099591,0.01,0.0,0.01,0.0
3.1192515370000002,0.0,0.0,0.0,0.0
3.120196867,0.0,0.01,0.0,0.0
3.121222641,0.0,0.0,0.0,0.0
3.12221851,0.0,0.0,0.0,0.0
3.123122615,0.0,0.0,0.0,0.0
3.1243260150000003,0.0,0.0,0.0,0.0
3.125131859,0.0,0.0,0.01,0.0
3.126392264,0.0,0.0,0.0,0.01
3.1270979650000004,0.0,0.0,0.0,0.0
3.128300571,0.0,0.0,0.01,0.0
3.12910308,0.0,0.0,0.0,0.0
3.1303534510000004,0.01,0.0,0.0,0.01
3.1323633600000003,0.0,0.0,0.0,0.01
3.133098894,0.0,0.0,0.0,0.0
3.1343614000000004,0.0,0.0,0.0,0.0
3.135094923,0.0,0.0,0.0,0.0
3.136137434,0.0,0.0,0.0,0.0
3.1374555180000003,0.01,0.0,0.0,0.0
3.1380921550000003,0.0,0.0,0.0,0.0
3.139329161,0.0,0.01,0.0,0.01
3.140087464,0.0,0.0,0.01,0.01
3.141434282,0.0,0.0,0.01,0.0
3.142092395,0.0,0.0,0.01,0.01
3.1432895110000003,0.0,0.0,0.0,0.0
3.1440899250000003,0.01,0.0,0.0,0.0
3.146350357,0.0,0.0,0.01,0.0
3.147103952,0.0,0.01,0.0,0.0
3.1483385150000003,0.0,0.0,0.0,0.0
3.1491028930000002,0.01,0.0,0.0,0.0
3.1502703110000003,0.01,0.01,0.0,0.0
3.1511645720000003,0.0,0.0,0.01,0.0
3.1522346100000003,0.01,0.0,0.0,0.0
3.1531996550000003,0.0,0.0,0.01,0.0
3.1540821680000004,0.0,0.0,0.0,0.0
3.1552517310000003,0.0,0.0,0.0,0.0
3.1560981370000003,0.0,0.0,0.0,0.0
3.157155304,0.0,0.01,0.0,0.0
3.1581608500000002,0.0,0.01,0.0,0.0
3.1592944490000003,0.0,0.0,0.01,0.0
3.160122573,0.0,0.0,0.0,0.0
3.1613369710000003,0.0,0.0,0.01,0.0
3.1633418,0.01,0.0,0.01,0.0
3.1641360020000002,0.0,0.0,0.01,0.0
3.165212657,0.02,0.0,0.0,0.0
3.1661619030000003,0.0,0.0,0.0,0.0
3.1671286600000004,0.0,0.01,0.01,0.0
3.1682024380000002,0.0,0.0,0.01,0.0
3.1692084260000004,0.0,0.01,0.0,0.0
3.170219964,0.0,0.0,0.0,0.01
3.1711647210000002,0.0,0.0,0.01,0.0
3.1721552330000002,0.01,0.0,0.0,0.0
3.173302468,0.04,0.0,0.0,0.0
3.1741101740000004,0.0,0.01,0.0,0.0
3.1751789180000003,0.01,0.0,0.0,0.02
3.1773571090000003,0.01,0.01,0.0,0.0
3.1781145310000003,0.0,0.01,0.0,0.0
3.179350631,0.0,0.0,0.0,0.0
3.180113668,0.0,0.0,0.0,0.0
3.1813567270000003,0.0,0.0,0.0,0.0
3.1821062870000003,0.0,0.0,0.0,0.0
3.183257964,0.0,0.0,0.0,0.01
3.1841622750000003,0.0,0.0,0.0,0.0
3.1852564570000004,0.0,0.0,0.01,0.0
3.1861026800000003,0.0,0.0,0.0,0.0
3.1872885170000003,0.0,0.01,0.01,0.0
3.1881743240000002,0.0,0.0,0.0,0.0
3.189300198,0.02,0.01,0.0,0.0
3.190177642,0.0,0.0,0.0,0.0
3.1914128390000003,0.0,0.0,0.0,0.0
3.193340735,0.0,0.0,0.0,0.0
3.194102683,0.0,0.0,0.0,0.0
3.1951370540000004,0.0,0.0,0.0,0.0
3.1961900040000004,0.0,0.0,0.0,0.0
3.197199529,0.0,0.01,0.0,0.0
3.198086297,0.0,0.0,0.0,0.0
3.1993436170000003,0.0,0.02,0.0,0.01
3.2001022260000003,0.0,0.0,0.0,0.0
3.2011831230000003,0.0,0.01,0.0,0.0
3.202148352,0.0,0.01,0.0,0.0
3.2032961130000004,0.01,0.0,0.01,0.0
3.204141849,0.01,0.01,0.0,0.01
3.2052682580000003,0.0,0.0,0.0,0.01
3.20745447,0.0,0.01,0.01,0.01
3.208108052,0.0,0.0,0.0,0.0
3.209363687,0.01,0.0,0.0,0.0
3.2101106940000004,0.0,0.0,0.0,0.0
3.211348396,0.0,0.01,0.0,0.0
3.2121035260000004,0.01,0.0,0.0,0.0
3.2132579480000003,0.0,0.0,0.0,0.01
3.214186724,0.0,0.01,0.0,0.01
3.2151381380000004,0.0,0.0,0.0,0.0
3.2162705380000003,0.0,0.01,0.01,0.0
3.217174671,0.0,0.01,0.0,0.0
3.2181325100000002,0.0,0.0,0.01,0.0
3.219129015,0.0,0.0,0.0,0.0
3.2201279840000003,0.0,0.02,0.01,0.0
3.222350552,0.0,0.0,0.0,0.0
3.223108052,0.01,0.0,0.0,0.0
3.224365057,0.0,0.0,0.0,0.01
3.2250991940000002,0.0,0.01,0.01,0.0
3.2263583220000003,0.0,0.0,0.0,0.0
3.227112102,0.01,0.0,0.0,0.01
3.22838217,0.0,0.0,0.0,0.0
3.2291029100000004,0.0,0.01,0.0,0.0
3.230387067,0.0,0.0,0.01,0.0
3.231099838,0.01,0.0,0.01,0.0
3.2322985510000004,0.0,0.01,0.0,0.0
3.233131884,0.0,0.0,0.0,0.0
3.234279545,0.0,0.0,0.0,0.0
3.2351575450000003,0.0,0.0,0.0,0.0
3.2363291490000003,0.0,0.0,0.0,0.0
3.2383524940000004,0.0,0.0,0.0,0.0
3.2391010590000002,0.0,0.0,0.0,0.0
3.2402142140000003,0.0,0.01,0.0,0.0
3.2411493210000004,0.0,0.01,0.0,0.0
3.242348799,0.0,0.0,0.02,0.0
3.2431086110000003,0.03,0.0,0.0,0.0
3.2443547280000002,0.0,0.0,0.0,0.0
3.245111188,0.0,0.0,0.01,0.0
3.246341177,0.0,0.0,0.01,0.0
3.247097327,0.0,0.01,0.01,0.0
3.248278032,0.0,0.01,0.0,0.0
3.2490938060000003,0.0,0.0,0.01,0.0
3.2503673710000003,0.01,0.0,0.0,0.0
3.2522696090000003,0.01,0.01,0.0,0.0
3.2530974190000004,0.0,0.0,0.01,0.0
3.2541923020000003,0.0,0.0,0.01,0.01
3.255218331,0.01,0.0,0.0,0.0
3.256223614,0.0,0.01,0.0,0.0
3.257145786,0.0,0.0,0.0,0.0
3.258222473,0.0,0.0,0.0,0.0
3.259145252,0.0,0.01,0.0,0.01
3.260137056,0.0,0.0,0.0,0.0
3.2613611450000004,0.01,0.0,0.0,0.0
3.262099178,0.0,0.0,0.01,0.0
3.26330218,0.01,0.0,0.0,0.0
3.26412345,0.0,0.0,0.0,0.01
3.265170699,0.01,0.0,0.01,0.0
3.2672476080000004,0.0,0.0,0.0,0.0
3.2681279290000003,0.0,0.01,0.0,0.0
3.2692181440000003,0.01,0.0,0.04,0.01
3.270166543,0.0,0.0,0.0,0.0
3.271212153,0.0,0.0,0.0,0.0
3.272275199,0.0,0.01,0.0,0.0
3.2732179880000003,0.01,0.0,0.01,0.0
3.274208857,0.0,0.0,0.0,0.0
3.275171705,0.0,0.0,0.0,0.0
3.2763124410000004,0.0,0.0,0.0,0.0
3.277132716,0.03,0.0,0.0,0.0
3.2782588300000004,0.0,0.0,0.0,0.0
3.279150574,0.01,0.0,0.0,0.0
3.28026636,0.0,0.0,0.0,0.0
3.2823616110000002,0.0,0.0,0.0,0.0
3.2831034910000003,0.0,0.0,0.01,0.0
3.284358393,0.0,0.0,0.0,0.02
3.285099939,0.0,0.0,0.0,0.01
3.2863512960000003,0.0,0.0,0.01,0.0
3.2870930620000003,0.0,0.01,0.0,0.0
3.288372212,0.0,0.0,0.01,0.0
3.2890929300000002,0.0,0.0,0.0,0.0
3.290427304,0.0,0.0,0.01,0.0
3.2910962140000004,0.0,0.0,0.0,0.0
3.2921308330000003,0.0,0.0,0.0,0.0
3.2932458440000003,0.0,0.0,0.0,0.01
3.294167433,0.0,0.01,0.0,0.0
3.295160316,0.01,0.0,0.0,0.0
3.2962247450000004,0.0,0.0,0.01,0.0
3.298349974,0.0,0.01,0.0,0.0
3.2991112510000002,0.0,0.0,0.0,0.0
3.300206948,0.0,0.0,0.0,0.0
3.3012129640000003,0.0,0.03,0.0,0.0
3.3021986830000003,0.0,0.0,0.0,0.0
3.303199155,0.0,0.0,0.0,0.01
3.304345579,0.0,0.0,0.0,0.0
3.305115609,0.0,0.0,0.02,0.0
3.306350923,0.0,0.0,0.0,0.0
3.3071049820000002,0.01,0.0,0.0,0.0
3.3082847220000002,0.01,0.0,0.0,0.0
3.309152451,0.01,0.01,0.0,0.01
3.3102587590000003,0.01,0.0,0.0,0.0
3.311151461,0.0,0.01,0.0,0.0
3.313328615,0.0,0.0,0.0,0.0
3.314095414,0.0,0.0,0.0,0.0
3.315226045,0.0,0.0,0.0,0.0
3.3161188810000004,0.0,0.0,0.0,0.0
3.317124762,0.0,0.0,0.0,0.01
3.318343001,0.0,0.0,0.0,0.0
3.3191033570000004,0.0,0.0,0.0,0.0
3.320198854,0.0,0.0,0.0,0.0
3.3211232920000002,0.0,0.01,0.0,0.0
3.3221582630000004,0.0,0.0,0.0,0.0
3.323264585,0.0,0.0,0.0,0.0
3.3241380090000003,0.0,0.0,0.0,0.0
3.325301536,0.0,0.0,0.0,0.0
3.326094421,0.0,0.0,0.0,0.01
3.3273632450000004,0.0,0.0,0.0,0.0
3.3293461030000002,0.0,0.0,0.0,0.0
3.3301128280000003,0.01,0.0,0.0,0.0
3.331432421,0.0,0.0,0.0,0.0
3.332103265,0.0,0.0,0.01,0.01
3.333381069,0.01,0.01,0.01,0.0
3.334095957,0.0,0.01,0.07,0.0
3.3352544,0.0,0.0,0.0,0.0
3.336150495,0.0,0.0,0.0,0.0
3.337276847,0.0,0.0,0.0,0.0
3.338092848,0.0,0.0,0.0,0.0
3.339264275,0.0,0.0,0.0,0.0
3.340115008,0.0,0.0,0.0,0.0
3.3413750390000003,0.0,0.0,0.0,0.0
3.343371562,0.0,0.01,0.0,0.0
3.344098239,0.0,0.01,0.0,0.0
3.3452772360000003,0.0,0.03,0.0,0.0
3.3461431680000002,0.0,0.0,0.04,0.0
3.347247063,0.0,0.0,0.0,0.0
3.3481682150000003,0.0,0.0,0.01,0.0
3.3492561210000003,0.0,0.0,0.0,0.0
3.3501463900000004,0.0,0.0,0.0,0.0
3.35139296,0.0,0.01,0.01,0.0
3.35209027,0.0,0.0,0.0,0.0
3.353261712,0.0,0.01,0.01,0.0
3.354156198,0.0,0.0,0.0,0.0
3.3552803040000003,0.0,0.0,0.0,0.0
3.3560858020000004,0.0,0.01,0.0,0.01
3.3583748150000003,0.0,0.0,0.0,0.01
3.359103413,0.0,0.0,0.0,0.01
3.3601397520000003,0.01,0.0,0.01,0.0
3.361083917,0.0,0.0,0.0,0.01
3.362123003,0.0,0.01,0.0,0.0
3.363123158,0.0,0.0,0.01,0.01
3.3640840900000004,0.01,0.01,0.0,0.0
3.3651359870000004,0.01,0.0,0.01,0.01
3.366208368,0.0,0.0,0.0,0.0
3.367173133,0.0,0.01,0.0,0.0
3.3681602760000002,0.0,0.0,0.0,0.0
3.369314821,0.0,0.0,0.0,0.0
3.370110731,0.0,0.0,0.0,0.01
3.371140978,0.0,0.0,0.0,0.0
3.3723256900000003,0.01,0.0,0.0,0.0
3.3743461490000004,0.0,0.0,0.0,0.0
3.375114792,0.0,0.0,0.0,0.0
3.376270513,0.0,0.0,0.0,0.03
3.3771090000000004,0.0,0.0,0.01,0.0
3.378324445,0.0,0.0,0.0,0.0
3.379131994,0.0,0.0,0.0,0.0
3.3803382990000004,0.0,0.0,0.0,0.0
3.3810973150000003,0.0,0.0,0.01,0.01
3.382300733,0.0,0.01,0.0,0.0
3.383159308,0.0,0.0,0.01,0.0
3.384288977,0.0,0.05,0.0,0.0
3.385162674,0.0,0.0,0.0,0.0
3.3863690280000003,0.0,0.0,0.0,0.0
3.388336665,0.01,0.0,0.01,0.0
3.3890981690000004,0.0,0.0,0.0,0.0
3.3903332290000003,0.0,0.0,0.0,0.0
3.391103879,0.01,0.0,0.0,0.0
3.3921532620000003,0.0,0.0,0.01,0.0
3.393185989,0.01,0.02,0.01,0.0
3.394190049,0.0,0.01,0.0,0.0
3.3953573460000004,0.0,0.0,0.01,0.0
3.3960998850000004,0.0,0.0,0.0,0.0
3.3972739580000004,0.01,0.0,0.0,0.0
3.398168537,0.0,0.0,0.0,0.0
3.3992573850000003,0.0,0.0,0.0,0.01
3.400179705,0.0,0.01,0.0,0.0
3.401353256,0.0,0.0,0.0,0.0
3.403248753,0.0,0.01,0.01,0.0
3.4041414160000003,0.0,0.01,0.0,0.0
3.4052173540000004,0.0,0.0,0.01,0.0
3.4061311880000003,0.0,0.0,0.0,0.0
3.407347718,0.0,0.0,0.0,0.0
3.4081039470000003,0.0,0.0,0.0,0.0
3.409198033,0.0,0.0,0.0,0.0
3.4101783400000003,0.0,0.0,0.0,0.0
3.4110899650000004,0.0,0.0,0.0,0.0
3.4122982310000003,0.0,0.0,0.01,0.02
3.413107643,0.0,0.0,0.0,0.0
3.414163305,0.0,0.0,0.0,0.0
3.41516454,0.0,0.0,0.0,0.0
3.4162052660000004,0.0,0.0,0.0,0.0
3.4171268280000002,0.0,0.01,0.0,0.0
3.419340222,0.0,0.0,0.0,0.0
3.420116118,0.0,0.01,0.0,0.0
3.4212819540000003,0.01,0.02,0.0,0.0
3.4221462000000002,0.0,0.0,0.0,0.0
3.423354563,0.01,0.0,0.0,0.0
3.424100504,0.01,0.0,0.0,0.0
3.42535223,0.01,0.0,0.0,0.0
3.426099788,0.01,0.01,0.0,0.01
3.427290186,0.0,0.0,0.01,0.0
3.428096033,0.0,0.0,0.0,0.0
3.4292836290000004,0.0,0.0,0.0,0.0
3.4301393090000003,0.0,0.0,0.0,0.0
3.431279785,0.01,0.01,0.0,0.0
3.432135031,0.0,0.0,0.01,0.0
3.434346997,0.0,0.0,0.0,0.0
3.435139829,0.01,0.0,0.0,0.0
3.4362740460000003,0.0,0.0,0.0,0.0
3.4371557740000003,0.0,0.0,0.0,0.0
3.4383509730000004,0.01,0.0,0.0,0.0
3.4390973380000003,0.0,0.0,0.01,0.0
3.4403859920000004,0.0,0.01,0.0,0.0
3.4410918980000003,0.0,0.01,0.0,0.0
3.4422712900000003,0.0,0.0,0.0,0.0
3.4431399440000003,0.0,0.01,0.0,0.0
3.444234912,0.0,0.0,0.0,0.0
3.4451295820000003,0.01,0.0,0.0,0.0
3.446287361,0.0,0.0,0.01,0.0
3.448316215,0.0,0.0,0.0,0.0
3.44909504,0.0,0.0,0.0,0.0
3.4503697640000004,0.0,0.0,0.01,0.01
3.4510932690000002,0.01,0.0,0.0,0.0
3.452403502,0.01,0.01,0.01,0.0
3.4531038240000003,0.0,0.0,0.0,0.0
3.45438575,0.0,0.0,0.0,0.0
3.455092866,0.0,0.01,0.0,0.0
3.456246445,0.0,0.0,0.01,0.0
3.4571741840000003,0.0,0.0,0.0,0.01
3.4581550410000004,0.0,0.01,0.01,0.01
3.4591541140000004,0.0,0.01,0.0,0.0
3.4603289000000004,0.0,0.01,0.0,0.0
3.461124299,0.0,0.0,0.0,0.0
3.462375392,0.0,0.0,0.01,0.0
3.4642847310000002,0.04,0.01,0.0,0.0
3.4651355730000004,0.0,0.03,0.0,0.01
3.4662364790000004,0.0,0.0,0.01,0.0
3.467175944,0.0,0.01,0.0,0.01
3.468186154,0.01,0.0,0.0,0.0
3.469116295,0.0,0.0,0.0,0.0
3.470287673,0.0,0.0,0.0,0.0
3.4710957590000002,0.0,0.0,0.0,0.0
3.472365001,0.0,0.0,0.0,0.0
3.47310021,0.0,0.0,0.0,0.01
3.474304515,0.0,0.01,0.0,0.0
3.475137783,0.0,0.0,0.0,0.01
3.4762822800000004,0.0,0.01,0.0,0.0
3.478380762,0.0,0.01,0.0,0.0
3.479096723,0.0,0.01,0.01,0.0
3.4803519250000003,0.0,0.0,0.0,0.0
3.4811103070000002,0.0,0.0,0.0,0.01
3.482330016,0.01,0.0,0.0,0.0
3.483150171,0.0,0.01,0.01,0.0
3.484372629,0.0,0.0,0.02,0.01
3.4850911940000002,0.01,0.0,0.0,0.0
3.486374495,0.0,0.0,0.0,0.0
3.4870883260000003,0.01,0.0,0.0,0.01
3.488282369,0.0,0.0,0.0,0.0
3.4891727070000003,0.0,0.0,0.0,0.0
3.4903182900000003,0.0,0.01,0.0,0.0
3.491086144,0.0,0.01,0.0,0.01
3.4923914910000002,0.0,0.0,0.0,0.0
3.494252571,0.0,0.01,0.0,0.0
3.4951453320000003,0.0,0.0,0.0,0.0
3.496267243,0.0,0.0,0.0,0.0
3.497193298,0.0,0.0,0.0,0.0
3.4984920890000004,0.0,0.01,0.0,0.0
3.499089944,0.0,0.0,0.0,0.0
3.500366767,0.0,0.0,0.0,0.01
3.50109285,0.0,0.01,0.0,0.01
3.502466622,0.0,0.01,0.01,0.01
3.5030848530000003,0.0,0.0,0.0,0.0
3.5042789830000003,0.0,0.01,0.0,0.01
3.5051725630000004,0.0,0.0,0.0,0.0
3.5064237150000004,0.0,0.01,0.0,0.0
3.5084484440000003,0.01,0.01,0.0,0.0
3.509089517,0.0,0.0,0.0,0.0
3.510360168,0.0,0.0,0.0,0.0
3.511089735,0.0,0.01,0.0,0.0
3.51239412,0.0,0.0,0.0,0.0
3.5130843840000003,0.0,0.01,0.0,0.0
3.5143774540000003,0.0,0.0,0.01,0.0
3.515082226,0.0,0.0,0.0,0.0
3.516291246,0.0,0.01,0.0,0.0
3.5171612690000003,0.0,0.0,0.0,0.0
3.5181343710000004,0.0,0.0,0.0,0.0
3.5191731010000002,0.0,0.0,0.0,0.0
3.5201859310000003,0.0,0.0,0.0,0.01
3.5223098540000004,0.0,0.01,0.0,0.0
3.52313466,0.0,0.0,0.01,0.0
3.524379842,0.0,0.0,0.0,0.0
3.525088283,0.0,0.0,0.0,0.0
3.5264293760000003,0.0,0.0,0.0,0.0
3.5270871610000003,0.01,0.0,0.0,0.0
3.5282883610000004,0.0,0.0,0.0,0.0
3.5291836180000002,0.0,0.01,0.0,0.0
3.53037766,0.0,0.0,0.0,0.0
3.5311234010000003,0.0,0.01,0.0,0.01
3.5323740480000003,0.03,0.0,0.0,0.0
3.533088815,0.0,0.0,0.01,0.0
3.5342605320000002,0.0,0.0,0.0,0.0
3.535085667,0.0,0.0,0.0,0.0
3.536429274,0.0,0.0,0.0,0.0
3.5383597950000003,0.02,0.01,0.0,0.01
3.539092487,0.0,0.0,0.0,0.0
3.5403573,0.0,0.0,0.0,0.0
3.541122816,0.0,0.0,0.01,0.01
3.54225447,0.0,0.01,0.0,0.01
3.5431213820000003,0.0,0.0,0.02,0.0
3.5442533320000003,0.0,0.0,0.0,0.0
3.545164203,0.0,0.01,0.0,0.0
3.546230715,0.0,0.01,0.0,0.0
3.5471655710000003,0.01,0.0,0.0,0.0
3.5481680200000003,0.0,0.0,0.0,0.01
3.549151976,0.0,0.0,0.0,0.01
3.5503323580000004,0.0,0.0,0.01,0.0
3.5510963810000002,0.0,0.0,0.0,0.01
3.5533674910000004,0.0,0.0,0.0,0.02
3.554100365,0.0,0.01,0.01,0.0
3.555339367,0.0,0.0,0.01,0.0
3.556107415,0.0,0.0,0.0,0.0
3.5573284980000004,0.0,0.0,0.01,0.0
3.558093624,0.0,0.01,0.0,0.0
3.5592305050000004,0.0,0.0,0.0,0.0
3.560129771,0.0,0.0,0.01,0.0
3.561261555,0.0,0.0,0.01,0.0
3.562185103,0.0,0.01,0.0,0.0
3.563157578,0.0,0.01,0.01,0.0
3.564164046,0.0,0.0,0.0,0.0
3.566363957,0.0,0.01,0.0,0.0
3.567098892,0.0,0.01,0.0,0.0
3.5683522900000004,0.0,0.0,0.0,0.0
3.5691019190000004,0.0,0.0,0.01,0.0
3.570326149,0.0,0.0,0.0,0.01
3.571095965,0.01,0.0,0.0,0.02
3.572343494,0.0,0.04,0.0,0.01
3.5730981010000002,0.01,0.0,0.0,0.0
3.574348478,0.0,0.01,0.0,0.0
3.57509675,0.0,0.01,0.0,0.0
3.576190555,0.0,0.0,0.0,0.01
3.5771671150000004,0.0,0.01,0.0,0.0
3.578151693,0.0,0.0,0.01,0.01
3.5792867060000004,0.0,0.0,0.0,0.01
3.5801569140000002,0.0,0.01,0.0,0.0
3.5813516090000004,0.0,0.0,0.0,0.0
3.583353648,0.0,0.0,0.01,0.01
3.5841034100000004,0.01,0.0,0.0,0.0
3.58534311,0.0,0.01,0.0,0.0
3.586102181,0.0,0.0,0.0,0.0
3.587306814,0.0,0.01,0.0,0.0
3.5881003610000004,0.0,0.01,0.0,0.0
3.589270286,0.0,0.0,0.0,0.01
3.590103951,0.0,0.0,0.0,0.0
3.5911325200000004,0.0,0.0,0.0,0.0
3.592119571,0.01,0.01,0.0,0.0
3.5932823180000004,0.0,0.0,0.01,0.01
3.5941513100000004,0.0,0.0,0.01,0.0
3.595216599,0.0,0.0,0.0,0.0
3.59733655,0.0,0.0,0.0,0.0
3.5981164110000003,0.0,0.0,0.0,0.0
3.599339891,0.0,0.0,0.0,0.0
3.600127558,0.0,0.01,0.0,0.0
3.601229227,0.0,0.0,0.01,0.0
3.6022503510000004,0.0,0.0,0.01,0.0
3.603184734,0.0,0.01,0.0,0.0
3.6042176180000003,0.0,0.0,0.01,0.0
3.6052172610000004,0.0,0.0,0.0,0.01
3.6062154730000002,0.0,0.0,0.0,0.01
3.6073537900000003,0.0,0.0,0.0,0.0
3.6080966070000002,0.0,0.0,0.0,0.0
3.6092980580000003,0.0,0.0,0.02,0.01
3.610098889,0.0,0.0,0.01,0.0
3.6113444710000002,0.0,0.01,0.0,0.02
3.6120963840000004,0.01,0.03,0.0,0.0
3.6133730010000003,0.0,0.0,0.0,0.01
3.6153546970000003,0.0,0.05,0.0,0.01
3.616095269,0.0,0.01,0.0,0.02
3.617344671,0.01,0.01,0.0,0.0
3.6181005190000004,0.0,0.0,0.0,0.0
3.6191228100000004,0.01,0.01,0.01,0.0
3.6202577390000004,0.0,0.01,0.0,0.01
3.621186257,0.0,0.02,0.01,0.0
3.622159775,0.0,0.0,0.0,0.0
3.623320488,0.01,0.0,0.0,0.0
3.624094222,0.0,0.01,0.0,0.0
3.6251671470000004,0.0,0.0,0.0,0.0
3.6261808120000003,0.0,0.0,0.0,0.0
3.627228675,0.0,0.0,0.0,0.0
3.629345068,0.0,0.0,0.0,0.0
3.6301092460000004,0.0,0.0,0.01,0.0
3.631360964,0.0,0.01,0.01,0.0
3.632112105,0.01,0.0,0.01,0.0
3.6333596760000004,0.0,0.0,0.01,0.0
3.6341050760000004,0.0,0.0,0.0,0.0
3.635353276,0.0,0.01,0.0,0.0
3.63610479,0.01,0.0,0.01,0.0
3.637188141,0.0,0.0,0.01,0.0
3.6381267860000004,0.01,0.0,0.0,0.0
3.6393096390000004,0.0,0.0,0.0,0.0
3.6400995070000004,0.0,0.0,0.0,0.0
3.64131265,0.0,0.0,0.03,0.0
3.642094886,0.0,0.0,0.0,0.01
3.643359922,0.01,0.01,0.05,0.0
3.6453716430000003,0.01,0.0,0.01,0.0
3.6461035190000004,0.0,0.0,0.0,0.0
3.647354575,0.01,0.0,0.0,0.0
3.648091334,0.0,0.0,0.0,0.01
3.649270045,0.0,0.0,0.0,0.0
3.650088037,0.0,0.01,0.0,0.0
3.6513936420000004,0.0,0.0,0.0,0.0
3.6520905750000003,0.0,0.0,0.0,0.0
3.653280569,0.01,0.01,0.0,0.0
3.654095063,0.0,0.0,0.0,0.01
3.655277421,0.0,0.0,0.0,0.0
3.6560850260000004,0.0,0.0,0.0,0.0
3.657341455,0.01,0.01,0.01,0.0
3.659255951,0.0,0.0,0.0,0.01
3.660090206,0.0,0.01,0.0,0.0
3.661442312,0.0,0.01,0.0,0.0
3.6620866750000003,0.0,0.01,0.0,0.0
3.663362955,0.0,0.01,0.01,0.0
3.6640917020000003,0.0,0.02,0.0,0.0
3.665365436,0.0,0.01,0.0,0.0
3.666123711,0.01,0.0,0.0,0.0
3.667379153,0.0,0.0,0.0,0.0
3.668091403,0.0,0.0,0.0,0.0
3.6693001950000004,0.0,0.01,0.0,0.0
3.6701717,0.0,0.01,0.0,0.0
3.6711660650000004,0.0,0.01,0.0,0.01
3.6722289270000004,0.0,0.0,0.01,0.02
3.67436058,0.0,0.01,0.01,0.0
3.6750956450000003,0.0,0.01,0.0,0.0
3.67623258,0.01,0.01,0.0,0.0
3.677211708,0.0,0.01,0.0,0.0
3.6782277710000004,0.0,0.0,0.0,0.0
3.679217039,0.0,0.01,0.0,0.0
3.680124966,0.0,0.01,0.0,0.0
3.6813329730000004,0.0,0.0,0.0,0.0
3.6820999970000003,0.0,0.0,0.0,0.01
3.6833060140000002,0.0,0.0,0.0,0.0
3.684095219,0.0,0.01,0.0,0.0
3.685290424,0.0,0.0,0.0,0.01
3.686140189,0.01,0.0,0.0,0.0
3.687233287,0.01,0.0,0.0,0.0
3.6893516340000003,0.0,0.01,0.0,0.0
3.6901008670000004,0.0,0.01,0.01,0.0
3.6912274020000004,0.0,0.01,0.0,0.0
3.6921303200000004,0.01,0.01,0.0,0.0
3.6932178510000004,0.0,0.01,0.01,0.0
3.694083721,0.0,0.01,0.01,0.01
3.695355827,0.0,0.01,0.0,0.01
3.6960962430000004,0.0,0.01,0.01,0.0
3.6971938860000004,0.0,0.01,0.01,0.01
3.6981817,0.0,0.0,0.0,0.0
3.699153384,0.0,0.0,0.0,0.0
3.7001633910000002,0.0,0.01,0.0,0.01
3.7024245170000003,0.0,0.01,0.0,0.0
3.703105326,0.0,0.01,0.0,0.01
3.7043985750000004,0.01,0.02,0.0,0.0
3.705110309,0.0,0.02,0.03,0.0
3.7063514260000003,0.02,0.01,0.01,0.01
3.7070999870000003,0.0,0.02,0.0,0.0
3.7083531570000003,0.0,0.01,0.01,0.0
3.7090931520000003,0.0,0.02,0.0,0.0
3.710360686,0.0,0.01,0.0,0.0
3.711093387,0.0,0.02,0.01,0.01
3.7122726310000003,0.0,0.01,0.01,0.0
3.71309307,0.0,0.01,0.0,0.0
3.7143606410000003,0.0,0.01,0.0,0.0
3.715118271,0.0,0.01,0.0,0.0
3.7163257890000003,0.0,0.02,0.0,0.0
3.7184082810000003,0.0,0.01,0.01,0.01
3.719093035,0.0,0.01,0.0,0.0
3.7202363760000003,0.0,0.01,0.0,0.0
3.721112697,0.0,0.0,0.0,0.01
3.722231856,0.01,0.01,0.0,0.0
3.7232373250000004,0.0,0.01,0.01,0.0
3.724229821,0.0,0.0,0.0,0.0
3.7251878900000004,0.0,0.01,0.0,0.01
3.726223365,0.02,0.01,0.0,0.0
3.7271975650000004,0.0,0.01,0.0,0.0
3.7284035490000003,0.0,0.01,0.0,0.0
3.729098709,0.0,0.01,0.0,0.0
3.7303070820000004,0.0,0.01,0.0,0.0
3.73110161,0.0,0.01,0.0,0.0
3.733386138,0.0,0.01,0.01,0.0
3.734104728,0.0,0.01,0.02,0.0
3.735350651,0.01,0.01,0.01,0.01
3.736099422,0.0,0.01,0.0,0.0
3.7373506420000004,0.0,0.04,0.0,0.01
3.7381082660000002,0.0,0.0,0.0,0.0
3.739346175,0.0,0.01,0.01,0.0
3.740099159,0.01,0.01,0.0,0.0
3.741349134,0.01,0.01,0.01,0.0
3.742100396,0.0,0.0,0.0,0.0
3.7432727640000003,0.0,0.01,0.0,0.0
3.744148249,0.01,0.01,0.02,0.0
3.745132229,0.0,0.01,0.01,0.0
3.7463126520000003,0.0,0.01,0.0,0.0
3.747165395,0.0,0.01,0.0,0.0
3.748349037,0.0,0.01,0.0,0.0
3.750352899,0.0,0.02,0.0,0.0
3.751093962,0.0,0.01,0.0,0.0
3.7523616970000004,0.0,0.01,0.0,0.0
3.7530991090000003,0.0,0.01,0.0,0.0
3.7543417710000004,0.0,0.02,0.0,0.0
3.7550943250000004,0.0,0.02,0.0,0.0
3.7563525190000004,0.0,0.01,0.01,0.01
3.757102102,0.0,0.03,0.0,0.0
3.758407896,0.01,0.02,0.0,0.01
3.759098245,0.0,0.03,0.01,0.0
3.7602965210000003,0.0,0.03,0.0,0.01
3.761140348,0.0,0.02,0.01,0.0
3.7623972780000003,0.0,0.03,0.0,0.01
3.764373415,0.0,0.03,0.0,0.05
3.7651002200000003,0.02,0.03,0.0,0.0
3.7663487890000003,0.0,0.02,0.03,0.01
3.7671176830000004,0.0,0.04,0.01,0.0
3.768359577,0.0,0.02,0.0,0.02
3.769093776,0.0,0.03,0.0,0.0
3.7703579940000003,0.01,0.03,0.0,0.0
3.771087413,0.0,0.03,0.0,0.0
3.772362449,0.01,0.03,0.0,0.01
3.7730903660000004,0.0,0.05,0.0,0.0
3.774293203,0.0,0.06,0.0,0.0
3.77513909,0.0,0.05,0.0,0.0
3.7761679110000004,0.01,0.06,0.01,0.0
3.7771401100000004,0.0,0.06,0.0,0.0
3.7793580220000003,0.0,0.06,0.01,0.0
3.7801035510000003,0.0,0.05,0.0,0.0
3.781337949,0.0,0.05,0.01,0.01
3.782098608,0.0,0.05,0.0,0.0
3.783348059,0.01,0.05,0.01,0.0
3.7840986520000004,0.01,0.05,0.0,0.0
3.7852086910000002,0.0,0.02,0.0,0.0
3.786091324,0.01,0.01,0.01,0.0
3.787213892,0.0,0.02,0.0,0.0
3.7882465400000003,0.0,0.01,0.0,0.0
3.7890798360000004,0.0,0.02,0.0,0.01
3.7902919550000003,0.0,0.01,0.0,0.0
3.7910958590000003,0.0,0.02,0.0,0.0
3.793373663,0.01,0.04,0.0,0.01
3.7940958640000004,0.0,0.03,0.0,0.0
3.7953410090000004,0.01,0.02,0.01,0.0
3.7960923940000004,0.01,0.02,0.0,0.01
3.797197047,0.0,0.01,0.0,0.01
3.7982454320000003,0.0,0.01,0.0,0.0
3.7992464590000004,0.0,0.01,0.01,0.0
3.8002360160000004,0.0,0.02,0.0,0.0
3.8012357490000004,0.0,0.01,0.0,0.0
3.8022028910000003,0.0,0.02,0.0,0.0
3.8031668880000002,0.0,0.02,0.0,0.02
3.8041241360000004,0.0,0.02,0.0,0.01
3.8052802530000003,0.0,0.03,0.0,0.0
3.8061415550000004,0.01,0.01,0.01,0.0
3.807206835,0.0,0.01,0.0,0.0
3.808228954,0.0,0.02,0.0,0.0
3.8103613060000003,0.0,0.02,0.01,0.0
3.811102741,0.0,0.01,0.01,0.01
3.8123645450000003,0.0,0.02,0.0,0.0
3.8131033420000002,0.0,0.01,0.0,0.0
3.8142218330000004,0.0,0.01,0.0,0.0
3.8151964800000004,0.0,0.02,0.01,0.0
3.8162230260000003,0.0,0.01,0.0,0.0
3.8171357520000004,0.0,0.02,0.0,0.0
3.8183373990000002,0.0,0.02,0.0,0.01
3.819100471,0.01,0.02,0.01,0.0
3.820277963,0.0,0.02,0.01,0.0
3.821099294,0.0,0.02,0.0,0.0
3.8221981680000003,0.0,0.02,0.0,0.01
3.8232205070000003,0.0,0.02,0.02,0.0
3.8253534890000003,0.0,0.02,0.01,0.01
3.8261114110000003,0.0,0.01,0.0,0.0
3.827341612,0.0,0.02,0.0,0.01
3.8281035450000003,0.01,0.03,0.0,0.0
3.829345517,0.0,0.03,0.0,0.03
3.8301031080000003,0.01,0.04,0.0,0.0
3.8311916220000004,0.0,0.03,0.0,0.0
3.8322353880000004,0.01,0.03,0.02,0.0
3.8331800670000002,0.01,0.04,0.01,0.0
3.8341611490000003,0.0,0.03,0.0,0.0
3.8351252770000004,0.0,0.02,0.0,0.0
3.8361409940000004,0.0,0.03,0.0,0.0
3.8372649290000003,0.01,0.03,0.0,0.0
3.8381945780000004,0.0,0.04,0.0,0.0
3.840375657,0.0,0.04,0.01,0.0
3.8410994630000004,0.0,0.04,0.0,0.0
3.842313813,0.01,0.04,0.02,0.01
3.8430949340000002,0.0,0.04,0.0,0.02
3.844356678,0.0,0.04,0.01,0.0
3.84509105,0.0,0.03,0.01,0.0
3.8463769840000004,0.0,0.03,0.0,0.0
3.8470873070000002,0.0,0.04,0.0,0.01
3.848289035,0.0,0.03,0.0,0.0
3.8490866780000004,0.0,0.04,0.0,0.0
3.850286982,0.0,0.03,0.01,0.01
3.8511487640000004,0.0,0.03,0.0,0.0
3.8523568700000004,0.01,0.03,0.0,0.01
3.854372736,0.0,0.03,0.0,0.0
3.8550968500000002,0.0,0.03,0.0,0.0
3.8563866890000003,0.0,0.02,0.0,0.0
3.8570972660000002,0.0,0.03,0.0,0.0
3.858384215,0.0,0.03,0.0,0.0
3.8590927130000003,0.0,0.03,0.0,0.0
3.8603960840000004,0.0,0.03,0.0,0.0
3.861096952,0.0,0.02,0.0,0.0
3.862358608,0.0,0.02,0.0,0.0
3.863089475,0.0,0.02,0.06,0.0
3.8642928170000004,0.0,0.02,0.0,0.0
3.865131754,0.0,0.02,0.0,0.0
3.866166605,0.0,0.01,0.0,0.0
3.8671712740000004,0.02,0.02,0.0,0.0
3.8692599390000004,0.0,0.02,0.01,0.0
3.87010157,0.0,0.02,0.0,0.0
3.871312258,0.0,0.02,0.0,0.0
3.872205783,0.01,0.02,0.01,0.0
3.8732182350000004,0.01,0.01,0.02,0.01
3.874221142,0.0,0.02,0.0,0.01
3.8752286560000004,0.0,0.01,0.0,0.0
3.8762171330000004,0.0,0.01,0.0,0.01
3.8772162540000004,0.01,0.01,0.01,0.01
3.8783032200000003,0.0,0.01,0.01,0.0
3.8791634310000003,0.01,0.02,0.01,0.0
3.8802875570000004,0.0,0.01,0.01,0.0
3.8810977510000004,0.0,0.01,0.0,0.0
3.88233984,0.0,0.01,0.0,0.01
3.884343132,0.0,0.01,0.02,0.0
3.885099013,0.0,0.01,0.0,0.0
3.886264338,0.0,0.01,0.0,0.0
3.8871828920000002,0.0,0.01,0.01,0.0
3.888127898,0.0,0.01,0.0,0.0
3.8893573120000005,0.0,0.01,0.0,0.0
3.8900934200000004,0.0,0.01,0.0,0.0
3.891180426,0.0,0.01,0.0,0.0
3.8922306640000004,0.01,0.01,0.0,0.0
3.893200176,0.0,0.01,0.01,0.0
3.894157127,0.01,0.01,0.0,0.0
3.8952780660000004,0.0,0.0,0.0,0.0
3.896094955,0.0,0.0,0.0,0.01
3.897333687,0.0,0.0,0.0,0.0
3.8993456340000003,0.0,0.0,0.0,0.0
3.900100595,0.0,0.0,0.0,0.0
3.90135535,0.01,0.0,0.0,0.0
3.902099493,0.0,0.0,0.0,0.0
3.9032748390000003,0.0,0.0,0.0,0.0
3.904178962,0.0,0.0,0.0,0.0
3.905240296,0.0,0.0,0.0,0.0
3.906166889,0.0,0.02,0.0,0.0
3.9072176090000004,0.0,0.0,0.0,0.01
3.9081758640000004,0.0,0.0,0.0,0.0
3.909117933,0.0,0.0,0.0,0.0
3.910157723,0.0,0.0,0.0,0.01
3.911150686,0.01,0.0,0.01,0.0
3.9123597200000004,0.0,0.0,0.01,0.0
3.9143535660000004,0.01,0.01,0.0,0.0
3.915104125,0.0,0.0,0.0,0.0
3.916339792,0.0,0.0,0.01,0.02
3.9171039100000002,0.0,0.01,0.0,0.0
3.9183618620000003,0.0,0.0,0.0,0.0
3.919092339,0.01,0.01,0.0,0.0
3.9203678020000003,0.0,0.0,0.0,0.0
3.921089368,0.0,0.0,0.0,0.0
3.9223666560000003,0.0,0.0,0.0,0.0
3.9230903610000003,0.0,0.01,0.0,0.0
3.924161502,0.0,0.01,0.0,0.0
3.9251525610000004,0.0,0.02,0.0,0.0
3.926286913,0.0,0.01,0.0,0.0
3.927090676,0.0,0.01,0.0,0.0
3.928279024,0.0,0.0,0.0,0.0
3.930264118,0.0,0.01,0.01,0.0
3.931191623,0.0,0.0,0.01,0.0
3.9322251410000004,0.0,0.0,0.0,0.0
3.933357124,0.0,0.01,0.0,0.0
3.9340924370000003,0.01,0.0,0.0,0.0
3.9353558580000003,0.01,0.0,0.01,0.0
3.9360925890000003,0.0,0.0,0.0,0.0
3.9372654880000004,0.0,0.01,0.01,0.0
3.938124064,0.0,0.0,0.0,0.0
3.9392483740000004,0.0,0.0,0.0,0.0
3.9401697230000003,0.0,0.01,0.0,0.0
3.941165014,0.01,0.0,0.03,0.0
3.942140101,0.0,0.0,0.0,0.0
3.9432337790000003,0.0,0.01,0.0,0.0
3.945373909,0.01,0.0,0.0,0.04
3.9461033260000002,0.02,0.0,0.0,0.0
3.9472136520000003,0.0,0.01,0.0,0.0
3.9481203880000004,0.0,0.0,0.0,0.0
3.9493332660000005,0.0,0.0,0.01,0.0
3.9501208030000003,0.0,0.0,0.0,0.01
3.951256674,0.01,0.0,0.0,0.0
3.9521680380000004,0.0,0.0,0.0,0.0
3.953236802,0.01,0.0,0.01,0.0
3.954217636,0.0,0.01,0.0,0.0
3.9552153070000005,0.01,0.01,0.01,0.0
3.9561648240000005,0.0,0.0,0.0,0.01
3.9572266710000004,0.0,0.0,0.01,0.0
3.958213102,0.0,0.0,0.0,0.0
3.9605107630000003,0.0,0.0,0.0,0.0
3.9616869570000004,0.01,0.01,0.0,0.0
3.962655879,0.0,0.02,0.01,0.0
3.9635226900000005,0.0,0.0,0.0,0.0
3.964303386,0.0,0.0,0.0,0.0
3.9651996360000004,0.0,0.01,0.0,0.0
3.9661813350000004,0.0,0.0,0.01,0.0
3.967236187,0.01,0.0,0.01,0.01
3.968216415,0.0,0.0,0.0,0.0
3.9692209640000002,0.0,0.0,0.01,0.01
3.9702351160000005,0.0,0.0,0.0,0.0
3.97128635,0.0,0.0,0.0,0.0
3.972279394,0.0,0.0,0.0,0.0
3.9732620610000002,0.0,0.02,0.0,0.0
3.9754171,0.0,0.0,0.0,0.01
3.976285933,0.01,0.0,0.0,0.0
3.9771832290000004,0.0,0.0,0.0,0.0
3.978156642,0.0,0.01,0.01,0.01
3.979203088,0.01,0.0,0.0,0.0
3.9801920290000004,0.0,0.01,0.01,0.01
3.981195333,0.0,0.0,0.0,0.0
3.982194025,0.0,0.0,0.05,0.0
3.983195679,0.0,0.0,0.0,0.0
3.984176607,0.0,0.0,0.01,0.0
3.9851648080000004,0.0,0.0,0.01,0.0
3.986165021,0.0,0.03,0.0,0.0
3.987344777,0.0,0.0,0.0,0.0
3.989306897,0.01,0.0,0.02,0.01
3.990200235,0.01,0.0,0.01,0.01
3.9911390100000004,0.0,0.0,0.0,0.0
3.9922122320000004,0.0,0.0,0.0,0.01
3.993218473,0.0,0.01,0.0,0.0
3.9943172660000004,0.0,0.0,0.01,0.01
3.9951227950000003,0.01,0.0,0.0,0.01
3.9963536910000004,0.0,0.0,0.0,0.01
3.9970947010000004,0.0,0.0,0.01,0.0
3.998357169,0.0,0.0,0.01,0.0
3.9990894320000003,0.0,0.0,0.01,0.0
4.0002830760000005,0.0,0.0,0.0,0.0
4.0011156230000005,0.0,0.01,0.0,0.0
4.002338027,0.0,0.0,0.0,0.0
4.003143727,0.0,0.0,0.01,0.0
4.004361455000001,0.0,0.0,0.0,0.0
4.006368664,0.01,0.0,0.01,0.0
4.007090912000001,0.02,0.01,0.0,0.0
4.008372521,0.0,0.01,0.0,0.0
4.009124635,0.0,0.0,0.0,0.0
4.010344515,0.0,0.0,0.0,0.01
4.011092286,0.0,0.0,0.0,0.0
4.012374568,0.0,0.0,0.0,0.01
4.013091153,0.0,0.0,0.0,0.0
4.014312514,0.0,0.01,0.0,0.0
4.0150895360000005,0.01,0.0,0.0,0.0
4.016290681,0.0,0.01,0.0,0.0
4.0170821530000005,0.0,0.06,0.0,0.01
4.0184007170000005,0.0,0.0,0.0,0.0
4.020283092000001,0.0,0.02,0.0,0.0
4.021137181,0.0,0.0,0.0,0.0
4.022133318,0.0,0.0,0.01,0.0
4.02319331,0.0,0.01,0.0,0.0
4.024248363,0.01,0.0,0.01,0.0
4.02526515,0.0,0.0,0.0,0.0
4.0260845960000005,0.0,0.0,0.01,0.0
4.02737211,0.01,0.01,0.0,0.0
4.028088299,0.0,0.0,0.0,0.01
4.029294878,0.01,0.0,0.0,0.0
4.030081561,0.0,0.0,0.01,0.0
4.03126675,0.01,0.0,0.0,0.0
4.032081684,0.0,0.01,0.0,0.0
4.033333326,0.0,0.0,0.01,0.0
4.034158787,0.01,0.01,0.0,0.0
4.036360668,0.0,0.0,0.01,0.0
4.037119047,0.0,0.01,0.0,0.0
4.038264055,0.0,0.01,0.0,0.01
4.039200367,0.0,0.0,0.0,0.0
4.040243002,0.0,0.0,0.0,0.01
4.041219051000001,0.0,0.0,0.0,0.0
4.042233773,0.0,0.0,0.0,0.01
4.043209507,0.0,0.01,0.0,0.02
4.0441553,0.0,0.0,0.01,0.0
4.045156792,0.0,0.0,0.01,0.0
4.046285427,0.0,0.01,0.01,0.0
4.047093144000001,0.0,0.01,0.0,0.02
4.048391517000001,0.0,0.0,0.01,0.01
4.050367605,0.0,0.0,0.0,0.0
4.051099262,0.0,0.0,0.0,0.0
4.052170903,0.0,0.0,0.0,0.0
4.053101516,0.01,0.0,0.0,0.0
4.0542466280000005,0.0,0.01,0.0,0.0
4.055236476,0.0,0.0,0.01,0.0
4.056241841,0.0,0.01,0.0,0.01
4.0571716470000005,0.0,0.0,0.0,0.0
4.058217162,0.0,0.01,0.01,0.0
4.059089976,0.0,0.01,0.0,0.01
4.060286444,0.0,0.01,0.01,0.0
4.061179800000001,0.0,0.0,0.0,0.0
4.0621611170000005,0.0,0.01,0.0,0.0
4.063170374,0.0,0.02,0.0,0.0
4.064365402,0.0,0.0,0.0,0.0
4.066358868,0.0,0.0,0.01,0.01
4.067094445,0.0,0.0,0.0,0.01
4.068346792,0.0,0.0,0.01,0.0
4.069096803,0.0,0.0,0.0,0.0
4.070231443,0.0,0.0,0.0,0.01
4.071234499,0.0,0.01,0.0,0.0
4.07222997,0.0,0.0,0.0,0.05
4.073220906,0.0,0.0,0.0,0.01
4.074393574,0.01,0.01,0.0,0.01
4.075092921,0.0,0.0,0.0,0.01
4.07628475,0.0,0.0,0.01,0.0
4.077092378000001,0.0,0.0,0.05,0.0
4.078405744,0.01,0.0,0.0,0.0
4.0803606100000005,0.0,0.0,0.0,0.01
4.081100099,0.0,0.0,0.0,0.01
4.082168127,0.0,0.0,0.01,0.0
4.083131514000001,0.0,0.0,0.0,0.0
4.084234224,0.01,0.0,0.01,0.0
4.0852295540000005,0.0,0.01,0.0,0.0
4.086116782,0.0,0.0,0.0,0.0
4.087240885,0.0,0.0,0.01,0.0
4.088233561,0.0,0.01,0.0,0.0
4.089175892,0.0,0.0,0.0,0.01
4.090150278,0.0,0.0,0.0,0.0
4.091275499,0.0,0.01,0.0,0.0
4.09211081,0.01,0.01,0.0,0.01
4.0931633750000005,0.0,0.01,0.01,0.0
4.094253311,0.01,0.0,0.0,0.0
4.096362459,0.0,0.01,0.0,0.01
4.097095052,0.0,0.01,0.0,0.0
4.098232319,0.0,0.0,0.0,0.0
4.099201257,0.0,0.01,0.0,0.0
4.100222179,0.0,0.0,0.03,0.0
4.101219089000001,0.0,0.01,0.0,0.01
4.102218871,0.0,0.0,0.0,0.0
4.103227762,0.0,0.0,0.01,0.01
4.104170600000001,0.0,0.01,0.0,0.0
4.105151496,0.0,0.0,0.0,0.0
4.106289332,0.0,0.01,0.0,0.0
4.107096542,0.0,0.01,0.0,0.01
4.108372931,0.0,0.01,0.0,0.02
4.11037106,0.0,0.0,0.01,0.0
4.111099479,0.0,0.01,0.0,0.0
4.112367751,0.0,0.01,0.0,0.0
4.113100059000001,0.01,0.0,0.0,0.01
4.114197890000001,0.0,0.0,0.0,0.0
4.115096589,0.0,0.0,0.0,0.0
4.116357551,0.0,0.01,0.0,0.0
4.117097303,0.0,0.0,0.0,0.0
4.1183685180000005,0.0,0.01,0.01,0.0
4.119115185,0.0,0.0,0.01,0.0
4.120099688,0.0,0.0,0.01,0.0
4.121169164,0.0,0.0,0.0,0.0
4.122154682000001,0.0,0.01,0.0,0.0
4.123219644000001,0.0,0.0,0.0,0.0
4.1254623100000005,0.0,0.01,0.0,0.0
4.126106092000001,0.0,0.0,0.0,0.01
4.127412051,0.0,0.0,0.0,0.0
4.128115641,0.0,0.0,0.01,0.0
4.129211962,0.0,0.01,0.01,0.01
4.130205846,0.0,0.0,0.0,0.0
4.13120252,0.0,0.0,0.01,0.0
4.132202208,0.0,0.0,0.0,0.0
4.133201287,0.0,0.0,0.0,0.0
4.1341847860000005,0.0,0.0,0.0,0.0
4.135159147,0.0,0.0,0.01,0.0
4.1362914680000005,0.0,0.0,0.01,0.01
4.137104103,0.01,0.0,0.0,0.0
4.138381082,0.0,0.04,0.01,0.0
4.140371715000001,0.0,0.01,0.0,0.0
4.141111949,0.0,0.01,0.0,0.0
4.1423622,0.0,0.01,0.0,0.0
4.143106017,0.01,0.0,0.0,0.0
4.144204933,0.0,0.0,0.0,0.01
4.145179391,0.0,0.0,0.0,0.0
4.146136557,0.0,0.0,0.0,0.0
4.1472129120000005,0.0,0.0,0.0,0.0
4.148206776,0.0,0.0,0.01,0.0
4.149144661,0.0,0.0,0.0,0.01
4.150167306,0.0,0.0,0.0,0.0
4.1511865530000005,0.0,0.01,0.01,0.0
4.1521702540000005,0.01,0.0,0.0,0.0
4.153199948,0.0,0.0,0.01,0.0
4.154165198,0.0,0.0,0.0,0.0
4.1563600780000005,0.0,0.0,0.01,0.0
4.157145829,0.0,0.0,0.0,0.0
4.158126923,0.01,0.0,0.0,0.0
4.159352994000001,0.0,0.0,0.01,0.01
4.160129734,0.0,0.01,0.01,0.0
4.161371829,0.01,0.0,0.0,0.0
4.162121333,0.0,0.0,0.0,0.0
4.163364839000001,0.0,0.0,0.0,0.0
4.1641096300000005,0.0,0.0,0.0,0.0
4.1652802840000005,0.01,0.01,0.01,0.01
4.1661023440000005,0.0,0.0,0.01,0.01
4.167265641,0.02,0.01,0.01,0.0
4.168100536,0.01,0.0,0.0,0.0
4.169405889,0.0,0.0,0.0,0.0
4.171377151000001,0.0,0.01,0.0,0.0
4.1720991860000005,0.0,0.01,0.01,0.0
4.173402664,0.0,0.01,0.0,0.0
4.174100132,0.03,0.0,0.0,0.0
4.175278717,0.0,0.0,0.0,0.0
4.176095855000001,0.0,0.01,0.0,0.0
4.17715151,0.0,0.01,0.0,0.01
4.17836724,0.0,0.0,0.0,0.0
4.1790905490000005,0.0,0.01,0.0,0.0
4.18027674,0.0,0.0,0.0,0.0
4.181130582000001,0.01,0.0,0.0,0.01
4.18226983,0.0,0.0,0.01,0.0
4.183213621,0.0,0.0,0.01,0.0
4.184193972,0.01,0.01,0.01,0.01
4.186365504,0.0,0.0,0.0,0.0
4.1870906880000005,0.0,0.01,0.0,0.0
4.188367127,0.01,0.0,0.01,0.0
4.189090705,0.0,0.0,0.0,0.01
4.190386115,0.0,0.0,0.0,0.0
4.191089904,0.0,0.0,0.0,0.0
4.192150936,0.0,0.0,0.0,0.02
4.193362302000001,0.0,0.0,0.01,0.01
4.194124772,0.0,0.0,0.0,0.0
4.195263304,0.0,0.0,0.0,0.01
4.196168054,0.0,0.0,0.0,0.0
4.1972435400000006,0.01,0.0,0.0,0.0
4.198174232,0.0,0.01,0.0,0.0
4.199425633000001,0.0,0.0,0.0,0.0
4.201374889,0.0,0.0,0.0,0.0
4.202114868000001,0.0,0.0,0.0,0.0
4.203365730000001,0.0,0.0,0.02,0.0
4.204093515,0.0,0.0,0.0,0.01
4.205365814,0.0,0.06,0.01,0.0
4.206090352,0.0,0.01,0.0,0.0
4.207353702000001,0.0,0.01,0.01,0.0
4.2080888320000005,0.0,0.01,0.0,0.0
4.209414659,0.01,0.0,0.0,0.01
4.210098028,0.01,0.0,0.0,0.0
4.211265528,0.0,0.01,0.0,0.0
4.212179449000001,0.0,0.0,0.0,0.02
4.213388213,0.0,0.0,0.0,0.0
4.215386430000001,0.0,0.01,0.0,0.0
4.2161065330000005,0.01,0.01,0.0,0.0
4.217144413000001,0.0,0.02,0.01,0.0
4.218146577000001,0.0,0.0,0.01,0.0
4.21931002,0.0,0.0,0.0,0.0
4.220084659,0.0,0.01,0.0,0.01
4.221419138,0.0,0.0,0.0,0.0
4.2220953020000005,0.0,0.0,0.0,0.0
4.22346132,0.0,0.0,0.0,0.0
4.224077698,0.0,0.0,0.0,0.0
4.225267276,0.0,0.0,0.0,0.0
4.226127553,0.0,0.0,0.0,0.0
4.227287477,0.0,0.0,0.0,0.0
4.228075266,0.0,0.0,0.0,0.0
4.22931263,0.0,0.01,0.01,0.01
4.2314124710000005,0.0,0.0,0.0,0.0
4.232082663,0.0,0.01,0.0,0.0
4.233363554,0.0,0.0,0.0,0.01
4.234083181,0.0,0.0,0.0,0.01
4.235360031,0.01,0.0,0.0,0.01
4.236082897,0.0,0.0,0.0,0.0
4.237232942,0.0,0.0,0.01,0.0
4.238261641,0.0,0.0,0.01,0.0
4.239176025,0.0,0.0,0.0,0.0
4.240279994000001,0.0,0.0,0.0,0.01
4.241169286,0.0,0.0,0.0,0.0
4.242108091,0.0,0.0,0.0,0.0
4.24322012,0.01,0.0,0.0,0.0
4.245378301000001,0.0,0.0,0.0,0.0
4.246125593,0.0,0.0,0.0,0.03
4.247375659,0.01,0.01,0.03,0.0
4.248118971,0.0,0.0,0.01,0.0
4.249524234,0.01,0.0,0.0,0.0
4.250083537,0.0,0.0,0.01,0.0
4.251375105,0.0,0.0,0.01,0.0
4.252086159,0.0,0.0,0.0,0.01
4.253374299,0.02,0.0,0.0,0.0
4.254086216,0.01,0.01,0.0,0.0
4.255281555,0.01,0.0,0.0,0.0
4.256085876,0.0,0.0,0.0,0.01
4.2574142,0.0,0.0,0.0,0.01
4.258084309,0.0,0.0,0.0,0.01
4.259269382,0.0,0.0,0.0,0.0
4.261269146,0.0,0.0,0.0,0.0
4.262091242,0.0,0.01,0.0,0.0
4.263363591,0.0,0.0,0.0,0.0
4.264087387,0.0,0.0,0.0,0.0
4.2653645860000005,0.0,0.0,0.0,0.01
4.266117976,0.0,0.0,0.0,0.01
4.267372535000001,0.0,0.0,0.0,0.0
4.268089058,0.0,0.0,0.0,0.01
4.2692744430000005,0.0,0.0,0.01,0.0
4.270091246000001,0.0,0.0,0.01,0.0
4.2712931560000005,0.01,0.0,0.0,0.01
4.272085273,0.0,0.0,0.01,0.0
4.273282883,0.01,0.0,0.0,0.0
4.2753787160000005,0.0,0.0,0.0,0.0
4.276130660000001,0.0,0.0,0.0,0.0
4.277347766,0.0,0.01,0.0,0.0
4.278091194,0.0,0.0,0.0,0.0
4.2793721300000005,0.0,0.0,0.01,0.0
4.280085476,0.0,0.0,0.0,0.0
4.28140312,0.0,0.01,0.0,0.0
4.282085994,0.0,0.0,0.03,0.0
4.2833526200000005,0.0,0.0,0.0,0.01
4.284087116,0.0,0.0,0.0,0.0
4.285333875,0.0,0.0,0.01,0.01
4.286083066000001,0.0,0.03,0.0,0.0
4.287285435,0.0,0.0,0.01,0.0
4.288190976,0.0,0.0,0.01,0.0
4.289306977,0.0,0.0,0.0,0.01
4.291365817,0.0,0.0,0.0,0.01
4.292087807000001,0.01,0.0,0.0,0.0
4.293402618,0.01,0.0,0.01,0.03
4.294088527,0.0,0.0,0.01,0.0
4.295380615,0.01,0.0,0.01,0.0
4.296087766,0.0,0.0,0.0,0.0
4.2973658530000005,0.0,0.02,0.0,0.0
4.29811241,0.0,0.0,0.0,0.01
4.299250566,0.0,0.0,0.0,0.0
4.300305873,0.0,0.0,0.0,0.0
4.301141555,0.01,0.01,0.0,0.0
4.3022703600000005,0.0,0.0,0.0,0.01
4.303142520000001,0.0,0.0,0.0,0.0
4.304208445,0.0,0.0,0.0,0.0
4.306398519,0.0,0.0,0.0,0.01
4.307090068,0.0,0.0,0.0,0.0
4.3083742350000005,0.01,0.0,0.0,0.0
4.309116922,0.01,0.0,0.0,0.0
4.3104055820000005,0.01,0.01,0.0,0.01
4.3110843910000005,0.0,0.0,0.0,0.0
4.312248875,0.0,0.0,0.01,0.0
4.313206324,0.0,0.0,0.0,0.0
4.314163772000001,0.0,0.0,0.0,0.0
4.315154791,0.01,0.0,0.01,0.0
4.31611486,0.0,0.0,0.0,0.01
4.317225871000001,0.0,0.01,0.0,0.0
4.318138061,0.0,0.0,0.0,0.0
4.31933218,0.01,0.0,0.01,0.01
4.321381887,0.0,0.0,0.0,0.0
4.322090839,0.0,0.0,0.0,0.01
4.323359421,0.0,0.01,0.0,0.01
4.324120656,0.0,0.0,0.0,0.0
4.325381846,0.0,0.0,0.01,0.0
4.326089678000001,0.0,0.0,0.0,0.01
4.327382539,0.01,0.0,0.0,0.01
4.328121733000001,0.0,0.0,0.0,0.0
4.329402783,0.0,0.01,0.0,0.01
4.3300876850000005,0.0,0.0,0.01,0.0
4.3312705110000005,0.0,0.0,0.0,0.0
4.332086319,0.0,0.0,0.0,0.0
4.333345511,0.0,0.01,0.01,0.0
4.335362877000001,0.0,0.0,0.0,0.01
4.336118556000001,0.01,0.01,0.0,0.01
4.337138786000001,0.0,0.0,0.0,0.01
4.338239387000001,0.0,0.0,0.01,0.01
4.3391896690000005,0.0,0.0,0.0,0.0
4.340128752,0.0,0.0,0.01,0.0
4.341325127,0.01,0.0,0.0,0.0
4.342096485,0.0,0.01,0.0,0.01
4.3432391290000005,0.0,0.02,0.0,0.01
4.344083824,0.0,0.0,0.0,0.0
4.345278703,0.01,0.0,0.0,0.0
4.346146518,0.0,0.01,0.0,0.0
4.347156928,0.01,0.0,0.0,0.0
4.348139693,0.0,0.01,0.0,0.0
4.350267816000001,0.0,0.0,0.0,0.0
4.351147055,0.0,0.01,0.01,0.0
4.352227404000001,0.0,0.0,0.0,0.0
4.353163289,0.01,0.0,0.0,0.0
4.354355910000001,0.0,0.0,0.01,0.0
4.355096857,0.0,0.0,0.0,0.0
4.356359759,0.0,0.0,0.0,0.0
4.357114722,0.0,0.01,0.0,0.0
4.358241605,0.0,0.01,0.0,0.0
4.359087423,0.0,0.0,0.0,0.0
4.360254538,0.0,0.0,0.02,0.01
4.3611141,0.0,0.0,0.0,0.0
4.362129698,0.0,0.01,0.0,0.0
4.363122974,0.01,0.0,0.06,0.0
4.365372002,0.0,0.0,0.01,0.0
4.366096447,0.0,0.0,0.0,0.0
4.367281045,0.0,0.01,0.0,0.0
4.3680953250000005,0.0,0.0,0.0,0.0
4.3693560410000005,0.01,0.0,0.0,0.0
4.370091179,0.0,0.01,0.0,0.0
4.371360797,0.0,0.0,0.0,0.0
4.3721211570000005,0.01,0.01,0.01,0.0
4.373328794,0.01,0.0,0.0,0.0
4.374089679,0.0,0.0,0.0,0.0
4.375311923,0.0,0.0,0.01,0.0
4.376174049,0.0,0.0,0.01,0.0
4.377166913,0.0,0.0,0.0,0.0
4.379424524,0.0,0.0,0.01,0.0
4.380089988,0.01,0.0,0.01,0.0
4.381339287,0.0,0.0,0.0,0.0
4.382086214,0.0,0.0,0.0,0.0
4.383360527000001,0.0,0.0,0.0,0.0
4.384129286,0.0,0.01,0.0,0.0
4.385352833000001,0.0,0.0,0.0,0.0
4.38613923,0.01,0.0,0.0,0.0
4.387220741,0.0,0.0,0.0,0.0
4.388248661,0.01,0.0,0.0,0.0
4.389071395,0.01,0.0,0.01,0.01
4.390281049,0.0,0.0,0.0,0.0
4.391173305000001,0.0,0.0,0.0,0.0
4.39211537,0.0,0.0,0.0,0.0
4.393287345,0.01,0.01,0.0,0.0
4.395338977000001,0.0,0.0,0.0,0.0
4.396136038,0.0,0.0,0.0,0.0
4.397243455,0.0,0.0,0.0,0.01
4.3981456880000005,0.0,0.0,0.0,0.01
4.399402191,0.0,0.0,0.0,0.01
4.400089096,0.0,0.01,0.0,0.0
4.401432955000001,0.01,0.0,0.0,0.0
4.402087365,0.0,0.0,0.0,0.0
4.4033744740000005,0.0,0.0,0.0,0.0
4.404084002,0.0,0.0,0.0,0.0
4.405276541,0.01,0.0,0.0,0.0
4.406141529,0.0,0.01,0.0,0.0
4.407160535,0.0,0.0,0.01,0.0
4.409361908,0.0,0.0,0.0,0.0
4.410089912,0.0,0.01,0.0,0.0
4.411368532,0.0,0.0,0.0,0.0
4.412091005000001,0.0,0.0,0.0,0.0
4.4132940860000005,0.0,0.0,0.0,0.0
4.414087,0.0,0.0,0.0,0.0
4.415304445,0.01,0.0,0.0,0.01
4.416087589,0.0,0.01,0.0,0.0
4.417362295,0.0,0.01,0.0,0.0
4.418086544,0.0,0.0,0.0,0.0
4.419374212,0.0,0.0,0.0,0.0
4.420084461,0.0,0.0,0.0,0.0
4.421288098000001,0.0,0.0,0.0,0.0
4.422084745,0.0,0.0,0.01,0.0
4.423252848000001,0.0,0.0,0.0,0.0
4.424182235,0.0,0.0,0.0,0.0
4.426382896000001,0.0,0.0,0.0,0.0
4.427093333,0.0,0.0,0.0,0.0
4.4281211780000005,0.0,0.0,0.0,0.0
4.429365872,0.0,0.01,0.0,0.01
4.430097198,0.0,0.0,0.0,0.0
4.431189581,0.0,0.0,0.0,0.0
4.432221285000001,0.0,0.01,0.0,0.0
4.4331391380000005,0.0,0.0,0.0,0.0
4.434265521,0.0,0.0,0.0,0.0
4.435179944000001,0.0,0.0,0.0,0.0
4.436122667,0.0,0.0,0.0,0.0
4.43728466,0.0,0.0,0.0,0.0
4.4380928090000005,0.01,0.0,0.0,0.0
4.43935581,0.0,0.01,0.0,0.0
4.441361843,0.0,0.0,0.0,0.0
4.442096783,0.01,0.0,0.0,0.0
4.443453541,0.0,0.0,0.01,0.0
4.444099009,0.0,0.01,0.0,0.01
4.445438188000001,0.0,0.0,0.01,0.01
4.446089362,0.0,0.0,0.0,0.0
4.447444553,0.0,0.01,0.01,0.0
4.4480874130000005,0.0,0.0,0.0,0.0
4.449231632,0.0,0.0,0.0,0.0
4.450122326000001,0.0,0.0,0.0,0.0
4.451258843000001,0.0,0.01,0.02,0.0
4.452088902,0.0,0.01,0.0,0.0
4.453238793000001,0.0,0.0,0.01,0.0
4.454149425000001,0.0,0.01,0.0,0.0
4.456281861,0.0,0.01,0.02,0.04
4.457086561000001,0.0,0.0,0.0,0.01
4.458366084000001,0.02,0.01,0.0,0.0
4.459122268000001,0.01,0.01,0.0,0.0
4.460382658,0.01,0.0,0.0,0.0
4.461087777,0.0,0.0,0.01,0.0
4.462387962,0.0,0.0,0.0,0.0
4.463085024000001,0.0,0.0,0.0,0.0
4.464447903,0.01,0.0,0.0,0.01
4.46508443,0.0,0.01,0.0,0.0
4.466285443,0.0,0.02,0.0,0.0
4.467111887000001,0.0,0.01,0.0,0.0
4.468183991,0.0,0.01,0.01,0.0
4.469195180000001,0.0,0.0,0.0,0.0
4.4702499200000005,0.0,0.01,0.0,0.0
4.4723733580000005,0.0,0.0,0.0,0.0
4.473090878000001,0.01,0.01,0.0,0.02
4.4743616,0.0,0.01,0.0,0.0
4.475088819000001,0.0,0.0,0.0,0.0
4.476369979,0.0,0.0,0.0,0.0
4.477085745,0.0,0.0,0.0,0.0
4.478381484000001,0.0,0.01,0.0,0.0
4.479082149,0.0,0.0,0.0,0.0
4.480274367000001,0.0,0.0,0.01,0.01
4.481157392,0.0,0.0,0.0,0.0
4.482154747,0.0,0.01,0.0,0.01
4.483333224,0.0,0.0,0.0,0.0
4.485507660000001,0.0,0.01,0.0,0.0
4.486093014000001,0.0,0.01,0.0,0.0
4.487248668,0.01,0.01,0.0,0.0
4.488092625,0.0,0.0,0.0,0.01
4.489397895000001,0.02,0.0,0.0,0.01
4.4900867280000005,0.01,0.0,0.0,0.0
4.491400585,0.0,0.0,0.01,0.0
4.492089229,0.0,0.0,0.0,0.0
4.493375935,0.0,0.0,0.0,0.0
4.494122126000001,0.0,0.01,0.0,0.0
4.495280357,0.0,0.0,0.0,0.0
4.496092245000001,0.0,0.0,0.0,0.0
4.497271939,0.0,0.0,0.0,0.0
4.49814474,0.0,0.0,0.0,0.0
4.50036435,0.0,0.0,0.0,0.0
4.501114075,0.0,0.0,0.0,0.0
4.502356156,0.0,0.0,0.0,0.01
4.5030839810000005,0.01,0.0,0.0,0.0
4.5043670360000005,0.0,0.01,0.0,0.0
4.505110353,0.0,0.0,0.0,0.0
4.506374562,0.0,0.02,0.0,0.01
4.507082252,0.0,0.01,0.0,0.0
4.50857181,0.0,0.0,0.0,0.01
4.509084696,0.0,0.01,0.0,0.01
4.510441301,0.0,0.0,0.0,0.0
4.511081429,0.0,0.0,0.0,0.01
4.512292983,0.01,0.01,0.0,0.0
4.513132982,0.0,0.0,0.0,0.01
4.514410751000001,0.0,0.0,0.0,0.0
4.516388138,0.0,0.0,0.06,0.0
4.517092025,0.0,0.0,0.01,0.0
4.518390474,0.01,0.0,0.0,0.0
4.519093102,0.01,0.0,0.0,0.01
4.520364724,0.0,0.01,0.01,0.0
4.521130497000001,0.0,0.0,0.0,0.0
4.522382084,0.01,0.0,0.0,0.0
4.523111658,0.01,0.01,0.0,0.0
4.52440381,0.0,0.0,0.0,0.01
4.525082115,0.0,0.0,0.0,0.0
4.526252432000001,0.0,0.0,0.0,0.0
4.527080976000001,0.01,0.0,0.0,0.0
4.528265217,0.0,0.0,0.0,0.0
4.529158724,0.0,0.0,0.0,0.0
4.530362618,0.0,0.0,0.0,0.0
4.5324012840000005,0.01,0.01,0.0,0.0
4.533091843,0.0,0.0,0.0,0.0
4.534256085,0.0,0.0,0.0,0.0
4.535194092,0.0,0.01,0.0,0.0
4.536378565000001,0.0,0.01,0.0,0.0
4.537087071,0.0,0.0,0.0,0.0
4.538282109,0.0,0.0,0.0,0.0
4.539136999,0.0,0.0,0.0,0.01
4.540279035,0.0,0.0,0.0,0.01
4.541169503,0.05,0.0,0.0,0.0
4.542249108,0.0,0.0,0.0,0.0
4.543079939,0.0,0.0,0.0,0.0
4.544363253,0.0,0.02,0.0,0.01
4.546238817,0.0,0.0,0.0,0.01
4.547163993,0.02,0.0,0.01,0.0
4.548195751000001,0.01,0.0,0.0,0.0
4.5491772710000005,0.0,0.0,0.0,0.0
4.550351781000001,0.0,0.0,0.0,0.0
4.551094625,0.0,0.0,0.0,0.01
4.5523648350000006,0.0,0.0,0.0,0.01
4.553087125,0.0,0.0,0.0,0.0
4.554145905,0.01,0.0,0.01,0.0
4.555091567,0.01,0.0,0.0,0.0
4.556148441,0.0,0.0,0.01,0.0
4.557120205,0.0,0.0,0.01,0.01
4.558256806,0.0,0.01,0.0,0.0
4.559147414,0.0,0.0,0.0,0.0
4.561367887,0.0,0.0,0.0,0.0
4.562102068000001,0.01,0.0,0.0,0.01
4.563357326,0.0,0.01,0.0,0.0
4.5640959510000005,0.0,0.0,0.0,0.0
4.565412609,0.0,0.0,0.01,0.0
4.566090921000001,0.0,0.01,0.0,0.01
4.56743066,0.0,0.01,0.0,0.0
4.5680886570000006,0.01,0.0,0.0,0.0
4.569367475,0.0,0.01,0.0,0.0
4.570090037,0.0,0.0,0.0,0.0
4.571248883,0.0,0.0,0.01,0.0
4.572087115,0.0,0.0,0.01,0.0
4.573156932,0.03,0.01,0.01,0.01
4.575334967,0.0,0.0,0.01,0.01
4.5761254000000005,0.0,0.01,0.0,0.0
4.577251139,0.0,0.01,0.0,0.0
4.578157638,0.0,0.01,0.0,0.0
4.57920874,0.0,0.0,0.0,0.01
4.58018467,0.0,0.0,0.0,0.0
4.58124205,0.01,0.0,0.0,0.0
4.582202112,0.0,0.0,0.0,0.0
4.583232451000001,0.01,0.01,0.0,0.0
4.584078239,0.0,0.0,0.01,0.0
4.585236293,0.0,0.01,0.0,0.0
4.586119640000001,0.0,0.0,0.0,0.0
4.587123225,0.0,0.0,0.0,0.0
4.588138748,0.0,0.01,0.0,0.0
4.589140448,0.0,0.0,0.0,0.0
4.590378499000001,0.0,0.01,0.0,0.0
4.592321342,0.0,0.01,0.0,0.0
4.593127176,0.0,0.0,0.0,0.0
4.594189677,0.01,0.0,0.0,0.01
4.595147042000001,0.0,0.0,0.01,0.0
4.596211535,0.0,0.01,0.0,0.0
4.597160613000001,0.0,0.0,0.0,0.0
4.598315535,0.0,0.0,0.0,0.01
4.599102442,0.0,0.0,0.0,0.0
4.600328793,0.0,0.01,0.0,0.0
4.60112525,0.0,0.0,0.0,0.0
4.6021268410000005,0.0,0.0,0.0,0.0
4.603123940000001,0.0,0.0,0.01,0.0
4.6043247560000005,0.0,0.0,0.0,0.01
4.605151383,0.0,0.0,0.0,0.0
4.606367025,0.0,0.0,0.0,0.01
4.608250126000001,0.0,0.01,0.0,0.0
4.609148065,0.0,0.0,0.0,0.0
4.610170167000001,0.0,0.0,0.0,0.0
4.611139138,0.0,0.0,0.0,0.0
4.612115727,0.0,0.01,0.0,0.01
4.613211740000001,0.0,0.03,0.0,0.0
4.614214038,0.0,0.0,0.0,0.0
4.615087398,0.0,0.0,0.0,0.0
4.616124733,0.0,0.0,0.01,0.0
4.6171264910000005,0.0,0.01,0.0,0.01
4.618279509000001,0.0,0.0,0.0,0.0
4.619101789,0.0,0.0,0.01,0.0
4.620216762,0.0,0.01,0.01,0.0
4.622246357,0.0,0.01,0.0,0.0
4.623143606,0.0,0.0,0.0,0.0
4.624308954,0.01,0.0,0.0,0.0
4.6251026060000004,0.01,0.0,0.01,0.0
4.62626205,0.0,0.0,0.0,0.0
4.62714099,0.0,0.0,0.0,0.0
4.628346658,0.0,0.0,0.0,0.0
4.6291175220000005,0.0,0.0,0.0,0.0
4.630304077,0.0,0.01,0.0,0.0
4.6310932220000005,0.01,0.0,0.0,0.0
4.6322957570000005,0.0,0.0,0.0,0.0
4.633091135,0.0,0.01,0.0,0.01
4.634349398,0.01,0.0,0.0,0.0
4.6363501430000005,0.0,0.0,0.0,0.0
4.637110907,0.0,0.0,0.0,0.0
4.6383699190000005,0.0,0.01,0.0,0.0
4.639091785000001,0.0,0.0,0.0,0.0
4.64031124,0.0,0.0,0.0,0.0
4.641146898000001,0.01,0.0,0.01,0.0
4.642357710000001,0.0,0.01,0.0,0.0
4.6431183240000005,0.0,0.0,0.01,0.01
4.644240451,0.0,0.0,0.0,0.0
4.6450915660000005,0.0,0.0,0.0,0.01
4.646275583,0.0,0.0,0.0,0.0
4.647089226,0.01,0.0,0.0,0.01
4.648305345000001,0.0,0.0,0.0,0.0
4.649088181000001,0.01,0.0,0.0,0.0
4.650404236,0.01,0.0,0.0,0.02
4.6523027820000005,0.0,0.0,0.0,0.0
4.65316522,0.01,0.01,0.0,0.0
4.654360428,0.0,0.0,0.0,0.0
4.65509282,0.0,0.0,0.01,0.0
4.656364765,0.0,0.0,0.0,0.01
4.657090632,0.0,0.01,0.0,0.0
4.658151331,0.0,0.0,0.0,0.0
4.6590763090000005,0.0,0.0,0.0,0.0
4.660280018,0.0,0.0,0.0,0.0
4.661092861,0.0,0.0,0.0,0.02
4.662157655000001,0.0,0.01,0.0,0.0
4.663127198000001,0.0,0.0,0.0,0.03
4.6643997740000005,0.0,0.0,0.0,0.0
4.665094264,0.01,0.0,0.0,0.0
4.666373249,0.0,0.0,0.01,0.0
4.668365898,0.0,0.0,0.0,0.0
4.669114253,0.0,0.0,0.01,0.0
4.670089336,0.0,0.0,0.0,0.01
4.671123207,0.0,0.0,0.0,0.0
4.672084767,0.0,0.0,0.0,0.0
4.673232444,0.0,0.0,0.0,0.0
4.674230361,0.0,0.0,0.0,0.0
4.675198521,0.0,0.0,0.01,0.0
4.676153554,0.0,0.0,0.0,0.0
4.677153285,0.0,0.0,0.0,0.01
4.6782907940000005,0.01,0.0,0.0,0.0
4.679148252,0.0,0.01,0.0,0.01
4.680221283000001,0.0,0.0,0.0,0.0
4.682263696000001,0.0,0.0,0.01,0.0
4.683102572,0.01,0.0,0.0,0.01
4.684093364000001,0.0,0.01,0.0,0.0
4.685132062,0.0,0.0,0.01,0.0
4.686173451,0.01,0.0,0.01,0.0
4.687127502,0.0,0.01,0.01,0.01
4.688302134000001,0.0,0.0,0.0,0.0
4.689102624,0.01,0.0,0.0,0.0
4.690346225,0.0,0.0,0.01,0.01
4.691099781,0.0,0.01,0.01,0.01
4.692269857,0.0,0.0,0.01,0.0
4.693096989000001,0.01,0.04,0.0,0.0
4.694322414,0.0,0.02,0.0,0.03
4.695152901,0.0,0.01,0.0,0.0
4.696375432,0.0,0.01,0.0,0.01
4.69836143,0.0,0.02,0.0,0.0
4.699095701,0.0,0.02,0.01,0.0
4.700398678,0.0,0.01,0.0,0.0
4.701093854000001,0.0,0.02,0.0,0.0
4.702248814000001,0.0,0.02,0.01,0.01
4.703136988000001,0.0,0.01,0.0,0.0
4.704366594000001,0.0,0.01,0.0,0.0
4.705128999,0.01,0.01,0.0,0.0
4.706269786,0.0,0.01,0.0,0.0
4.70716572,0.0,0.01,0.0,0.0
4.7082562260000005,0.0,0.02,0.0,0.0
4.709141902000001,0.0,0.02,0.0,0.0
4.71029434,0.0,0.02,0.01,0.0
4.712386803,0.0,0.01,0.0,0.0
4.713094385000001,0.0,0.02,0.01,0.0
4.714330898,0.0,0.01,0.0,0.0
4.715092001,0.0,0.01,0.01,0.01
4.716375417,0.0,0.01,0.0,0.0
4.717092967,0.0,0.02,0.01,0.0
4.718377651,0.0,0.02,0.01,0.0
4.719084199,0.0,0.01,0.0,0.0
4.720403834,0.0,0.01,0.0,0.0
4.721084189,0.0,0.01,0.01,0.0
4.722283316,0.0,0.01,0.0,0.0
4.723087229,0.0,0.01,0.0,0.0
4.724357134,0.01,0.01,0.0,0.0
4.725183715,0.0,0.01,0.0,0.0
4.7274172740000004,0.0,0.01,0.0,0.0
4.728091229,0.01,0.02,0.0,0.0
4.72937197,0.0,0.02,0.0,0.0
4.730084302,0.0,0.02,0.01,0.0
4.731259642,0.01,0.02,0.0,0.0
4.732123409000001,0.01,0.02,0.0,0.0
4.733401936,0.0,0.02,0.0,0.0
4.734085854,0.0,0.01,0.0,0.01
4.735465277,0.0,0.02,0.01,0.01
4.7360838780000005,0.0,0.01,0.0,0.0
4.737272014,0.0,0.01,0.0,0.0
4.738085199,0.02,0.01,0.0,0.0
4.73930062,0.0,0.01,0.0,0.0
4.7400843880000005,0.0,0.0,0.01,0.0
4.741365228,0.0,0.01,0.0,0.0
4.743370799,0.0,0.01,0.0,0.0
4.7440978320000005,0.0,0.01,0.01,0.0
4.745370108,0.0,0.0,0.01,0.0
4.746092034,0.0,0.01,0.0,0.01
4.747366744000001,0.01,0.01,0.01,0.01
4.74808989,0.0,0.01,0.01,0.0
4.749340479000001,0.0,0.02,0.0,0.0
4.750118357000001,0.01,0.01,0.0,0.0
4.751161442,0.0,0.02,0.0,0.0
4.752114944000001,0.0,0.01,0.0,0.0
4.753136499,0.0,0.01,0.01,0.0
4.7541428550000004,0.01,0.01,0.01,0.0
4.755352155000001,0.01,0.01,0.01,0.0
4.757355038,0.03,0.02,0.0,0.0
4.758098114,0.0,0.03,0.0,0.01
4.759228735000001,0.0,0.0,0.0,0.0
4.76013511,0.0,0.01,0.0,0.0
4.761254984000001,0.0,0.01,0.0,0.0
4.7622041280000005,0.0,0.01,0.0,0.0
4.763117334,0.0,0.01,0.0,0.0
4.764240369,0.0,0.02,0.0,0.0
4.765097291,0.0,0.01,0.0,0.01
4.766309923000001,0.0,0.01,0.0,0.0
4.767168863,0.0,0.02,0.0,0.01
4.768121196,0.0,0.01,0.0,0.0
4.769272156,0.0,0.02,0.0,0.0
4.770111384000001,0.0,0.02,0.0,0.0
4.771255117,0.0,0.01,0.0,0.0
4.7733753430000005,0.0,0.03,0.0,0.01
4.774096786,0.01,0.02,0.01,0.0
4.775440162000001,0.0,0.02,0.0,0.0
4.776100231,0.0,0.02,0.01,0.0
4.777364611,0.0,0.03,0.0,0.01
4.778117364,0.0,0.01,0.0,0.0
4.779356614,0.0,0.02,0.0,0.0
4.780089519000001,0.0,0.02,0.0,0.0
4.781272977,0.0,0.02,0.0,0.0
4.782137007,0.0,0.04,0.0,0.0
4.7832480980000005,0.0,0.02,0.0,0.01
4.784145435,0.0,0.02,0.0,0.0
4.785221218,0.0,0.02,0.01,0.0
4.786117579,0.0,0.02,0.0,0.0
4.78738155,0.0,0.01,0.0,0.0
4.789371401,0.0,0.03,0.0,0.0
4.790092461,0.0,0.02,0.0,0.01
4.791238672,0.01,0.03,0.0,0.01
4.792089816000001,0.0,0.02,0.01,0.01
4.793367771000001,0.0,0.01,0.01,0.0
4.79413917,0.0,0.01,0.0,0.0
4.79516192,0.0,0.03,0.01,0.0
4.796287936000001,0.0,0.03,0.01,0.0
4.797170691000001,0.0,0.02,0.0,0.0
4.798265881000001,0.0,0.02,0.0,0.01
4.799182804,0.01,0.02,0.0,0.0
4.8003997940000005,0.0,0.02,0.0,0.0
4.8023820100000005,0.01,0.03,0.0,0.0
4.803089261,0.0,0.01,0.0,0.0
4.804363555,0.0,0.03,0.0,0.0
4.805087051,0.0,0.01,0.01,0.02
4.8063733420000005,0.0,0.02,0.01,0.01
4.807087707,0.0,0.02,0.0,0.0
4.808369310000001,0.0,0.02,0.01,0.0
4.809087502000001,0.0,0.02,0.0,0.0
4.8102243300000005,0.0,0.03,0.0,0.0
4.811185578,0.0,0.01,0.0,0.0
4.812149286,0.0,0.02,0.0,0.01
4.813280047,0.0,0.02,0.0,0.0
4.814088742,0.0,0.02,0.0,0.0
4.81537954,0.0,0.02,0.0,0.0
4.817378746,0.0,0.02,0.0,0.0
4.8181001320000005,0.0,0.02,0.0,0.0
4.819302844,0.0,0.02,0.0,0.0
4.820210108,0.0,0.02,0.0,0.0
4.821211304,0.0,0.02,0.01,0.0
4.822217839,0.0,0.02,0.0,0.0
4.823359386,0.01,0.02,0.0,0.0
4.824098992000001,0.0,0.02,0.0,0.0
4.825292672000001,0.0,0.02,0.0,0.0
4.8261881870000005,0.0,0.02,0.0,0.01
4.827219904000001,0.0,0.02,0.01,0.01
4.82815378,0.0,0.02,0.0,0.0
4.8294318590000005,0.0,0.02,0.01,0.0
4.830091999,0.0,0.02,0.0,0.0
4.831354871,0.0,0.02,0.0,0.0
4.833364476000001,0.02,0.02,0.0,0.0
4.834105206,0.0,0.02,0.0,0.0
4.835158678,0.0,0.02,0.0,0.01
4.836236102,0.0,0.02,0.01,0.01
4.837192187,0.0,0.02,0.01,0.0
4.838231042,0.01,0.02,0.0,0.0
4.83922405,0.0,0.02,0.0,0.0
4.8402322060000005,0.0,0.02,0.0,0.0
4.841186658000001,0.0,0.03,0.0,0.0
4.842276673000001,0.02,0.02,0.0,0.0
4.843169528000001,0.0,0.02,0.0,0.0
4.844146931,0.0,0.01,0.01,0.0
4.845218404000001,0.01,0.02,0.0,0.0
4.846196096,0.01,0.01,0.01,0.0
4.848366139,0.0,0.02,0.0,0.0
4.849095162,0.02,0.02,0.0,0.0
4.850234035000001,0.0,0.01,0.0,0.0
4.851227901000001,0.0,0.01,0.0,0.0
4.852233219,0.0,0.01,0.0,0.0
4.853226869,0.0,0.02,0.0,0.0
4.85422228,0.0,0.02,0.01,0.0
4.855333462,0.0,0.02,0.0,0.0
4.856289773,0.0,0.02,0.02,0.0
4.857109777000001,0.0,0.02,0.0,0.0
4.858166838000001,0.01,0.02,0.0,0.0
4.859176710000001,0.0,0.02,0.0,0.0
4.860180898,0.0,0.02,0.0,0.0
4.861172216,0.0,0.01,0.0,0.0
4.863351014,0.0,0.02,0.0,0.0
4.864233799,0.0,0.02,0.0,0.0
4.865198649,0.0,0.02,0.0,0.0
4.866194943,0.0,0.02,0.0,0.0
4.867206138,0.0,0.02,0.01,0.0
4.868218025,0.0,0.02,0.0,0.0
4.869229579000001,0.0,0.02,0.0,0.0
4.870292986,0.0,0.02,0.01,0.0
4.871222042,0.0,0.01,0.0,0.0
4.872242358,0.0,0.02,0.0,0.0
4.8732084680000005,0.0,0.02,0.0,0.0
4.874193236,0.0,0.01,0.0,0.0
4.875166050000001,0.0,0.02,0.02,0.0
4.8774200620000006,0.0,0.02,0.05,0.01
4.878220435,0.0,0.02,0.0,0.01
4.8791701750000005,0.01,0.01,0.0,0.0
4.880200117,0.0,0.02,0.0,0.0
4.881192676,0.0,0.02,0.0,0.0
4.882192868000001,0.0,0.02,0.0,0.02
4.883191227,0.01,0.01,0.0,0.0
4.8841972060000005,0.0,0.01,0.0,0.0
4.885198099,0.0,0.01,0.0,0.01
4.886229641,0.0,0.03,0.0,0.0
4.887151986,0.0,0.02,0.0,0.0
4.888150754000001,0.0,0.01,0.0,0.0
4.889322525,0.0,0.03,0.0,0.0
4.890115512,0.0,0.02,0.0,0.0
4.891313864000001,0.0,0.02,0.0,0.0
4.8933351410000006,0.01,0.04,0.01,0.0
4.894107208,0.0,0.02,0.0,0.0
4.8952244910000005,0.0,0.02,0.0,0.0
4.896219208000001,0.0,0.02,0.01,0.01
4.897225068,0.0,0.02,0.0,0.01
4.898218793000001,0.0,0.02,0.0,0.0
4.899222422,0.0,0.02,0.0,0.0
4.900342445000001,0.0,0.02,0.0,0.0
4.901099003000001,0.02,0.02,0.01,0.0
4.902285727000001,0.0,0.02,0.01,0.01
4.90318098,0.0,0.02,0.0,0.01
4.904297621,0.01,0.03,0.0,0.0
4.905089387,0.0,0.02,0.0,0.0
4.906348132000001,0.0,0.02,0.0,0.0
4.90838861,0.0,0.02,0.01,0.0
4.909095076000001,0.0,0.02,0.0,0.0
4.910359145,0.0,0.02,0.01,0.0
4.911096906,0.0,0.02,0.0,0.0
4.912359054,0.0,0.02,0.0,0.0
4.913093732,0.0,0.05,0.0,0.0
4.914247257,0.0,0.01,0.0,0.0
4.915174011,0.0,0.03,0.0,0.0
4.916199188,0.01,0.02,0.0,0.01
4.9171162520000005,0.0,0.03,0.0,0.0
4.91828751,0.0,0.02,0.01,0.0
4.919094963,0.0,0.02,0.0,0.01
4.920175642,0.01,0.02,0.0,0.01
4.9212293240000005,0.0,0.02,0.0,0.0
4.923349259,0.0,0.02,0.0,0.0
4.924096491,0.0,0.02,0.0,0.0
4.925346288,0.0,0.02,0.0,0.0
4.9261238270000005,0.0,0.02,0.0,0.01
4.9271567130000005,0.0,0.02,0.0,0.0
4.928246977000001,0.0,0.02,0.0,0.0
4.929188278000001,0.0,0.01,0.0,0.0
4.930241217000001,0.0,0.02,0.0,0.01
4.931196149000001,0.0,0.02,0.01,0.0
4.932156197,0.0,0.02,0.0,0.0
4.9332724080000006,0.01,0.02,0.01,0.0
4.934143551,0.0,0.02,0.01,0.0
4.935271771,0.0,0.02,0.0,0.0
4.937366227,0.0,0.02,0.0,0.0
4.93809376,0.0,0.02,0.0,0.01
4.939345492,0.0,0.02,0.0,0.0
4.940120238,0.01,0.02,0.01,0.0
4.9413662270000005,0.0,0.02,0.0,0.0
4.942090892,0.0,0.02,0.0,0.0
4.94336192,0.0,0.02,0.0,0.0
4.944112658,0.0,0.03,0.0,0.0
4.945383597,0.0,0.02,0.0,0.0
4.946085943,0.01,0.02,0.0,0.0
4.947273125000001,0.0,0.02,0.0,0.0
4.9481308980000005,0.0,0.04,0.0,0.0
4.949282129,0.0,0.02,0.0,0.0
4.9500843670000005,0.01,0.02,0.0,0.01
4.951253319,0.0,0.02,0.0,0.0
4.953250229,0.0,0.02,0.0,0.0
4.954170533,0.01,0.02,0.0,0.01
4.955158692,0.0,0.02,0.01,0.0
4.956241961,0.0,0.01,0.0,0.0
4.957206344,0.0,0.02,0.01,0.0
4.958250256,0.0,0.03,0.0,0.02
4.959113545,0.0,0.01,0.0,0.0
4.9602407170000005,0.0,0.03,0.0,0.0
4.961088271,0.0,0.02,0.0,0.0
4.962252653,0.0,0.03,0.0,0.0
4.963166640000001,0.0,0.02,0.01,0.01
4.964122362,0.0,0.03,0.01,0.0
4.965111721,0.01,0.02,0.0,0.0
4.966231146,0.0,0.02,0.01,0.0
4.968368778,0.0,0.02,0.0,0.0
4.969137707000001,0.0,0.02,0.0,0.0
4.970238896000001,0.0,0.02,0.0,0.0
4.9710775300000005,0.0,0.03,0.0,0.0
4.9723541540000005,0.01,0.02,0.0,0.0
4.973091059000001,0.0,0.01,0.0,0.0
4.9742473910000005,0.0,0.02,0.0,0.01
4.975172968000001,0.0,0.02,0.0,0.0
4.9762412330000005,0.0,0.01,0.01,0.0
4.977149139000001,0.01,0.02,0.0,0.0
4.978174524,0.0,0.02,0.01,0.0
4.979138857000001,0.03,0.03,0.0,0.0
4.980264215,0.0,0.01,0.01,0.0
4.981150432000001,0.0,0.01,0.0,0.0
4.9833615060000005,0.0,0.02,0.0,0.01
4.984093909,0.0,0.03,0.0,0.0
4.985126861,0.01,0.02,0.0,0.0
4.986220557,0.01,0.02,0.0,0.01
4.987192972,0.0,0.02,0.0,0.01
4.988335225,0.0,0.02,0.01,0.0
4.989122940000001,0.0,0.02,0.0,0.0
4.990352721000001,0.01,0.03,0.0,0.01
4.991092249,0.0,0.02,0.0,0.0
4.992278343000001,0.0,0.02,0.01,0.01
4.993151658,0.0,0.02,0.0,0.0
4.994243144,0.01,0.02,0.01,0.0
4.995175505000001,0.0,0.02,0.0,0.0
4.996249533,0.0,0.03,0.01,0.0
4.998365869000001,0.0,0.02,0.01,0.0
4.999090799,0.01,0.01,0.01,0.0
5.0003814150000006,0.0,0.02,0.0,0.01
5.001087952000001,0.0,0.03,0.03,0.0
5.002366486000001,0.0,0.02,0.0,0.01
5.003115148,0.0,0.01,0.0,0.0
5.004367582,0.0,0.02,0.0,0.0
5.005088255,0.01,0.02,0.0,0.0
5.006309151,0.02,0.01,0.0,0.0
5.007197277,0.0,0.02,0.0,0.0
5.008172669,0.0,0.02,0.05,0.0
5.0091202,0.0,0.01,0.0,0.0
5.010238864000001,0.0,0.02,0.01,0.0
5.011141536,0.0,0.02,0.0,0.0
5.013401539,0.0,0.02,0.0,0.0
5.014090013000001,0.0,0.02,0.0,0.0
5.0153613770000005,0.0,0.01,0.0,0.0
5.016093711,0.0,0.01,0.01,0.0
5.017365885,0.0,0.03,0.0,0.0
5.018116668,0.0,0.03,0.01,0.0
5.019232968000001,0.0,0.03,0.0,0.0
5.020193831,0.0,0.02,0.0,0.0
5.021248466,0.0,0.02,0.0,0.0
5.022116587,0.0,0.02,0.0,0.0
5.023340673000001,0.0,0.03,0.0,0.0
5.024150377000001,0.01,0.02,0.0,0.0
5.025367210000001,0.0,0.02,0.01,0.0
5.027356249,0.0,0.03,0.0,0.0
5.0281189390000005,0.0,0.03,0.0,0.0
5.029359759,0.0,0.02,0.0,0.0
5.030090902,0.0,0.01,0.0,0.0
5.031374139,0.0,0.02,0.0,0.0
5.032088397,0.0,0.02,0.0,0.0
5.033351202,0.0,0.02,0.0,0.01
5.034115113,0.01,0.02,0.0,0.0
5.0353779350000005,0.01,0.02,0.0,0.01
5.036084966000001,0.0,0.01,0.0,0.04
5.0372366060000004,0.0,0.02,0.0,0.0
5.038082076,0.0,0.01,0.02,0.0
5.03934186,0.0,0.02,0.0,0.0
5.040140021,0.0,0.02,0.0,0.0
5.041268152000001,0.0,0.02,0.0,0.01
5.043368984000001,0.0,0.02,0.0,0.0
5.0440904600000005,0.0,0.02,0.0,0.0
5.04525687,0.0,0.02,0.0,0.0
5.046095592,0.02,0.02,0.0,0.01
5.047139044000001,0.0,0.02,0.0,0.01
5.048330132,0.0,0.02,0.0,0.0
5.049093304,0.0,0.02,0.01,0.0
5.050371543000001,0.01,0.03,0.01,0.0
5.051090881,0.0,0.02,0.0,0.01
5.052253892,0.01,0.02,0.0,0.0
5.053094349,0.0,0.02,0.0,0.01
5.054175833,0.0,0.02,0.0,0.01
5.0552612450000005,0.0,0.02,0.0,0.01
5.057347476,0.0,0.02,0.0,0.0
5.058101635,0.0,0.02,0.0,0.0
5.059273265000001,0.0,0.03,0.0,0.0
5.0602021850000005,0.0,0.02,0.0,0.0
5.061207695,0.01,0.02,0.0,0.0
5.062203469,0.01,0.02,0.01,0.01
5.063233037000001,0.0,0.02,0.01,0.0
5.064226824,0.0,0.03,0.0,0.0
5.065237736,0.0,0.02,0.0,0.02
5.066075704,0.01,0.02,0.0,0.0
5.067243144000001,0.0,0.02,0.0,0.0
5.068209024000001,0.0,0.02,0.01,0.01
5.069161835,0.0,0.03,0.01,0.0
5.070222601,0.0,0.03,0.01,0.01
5.071239577,0.0,0.02,0.0,0.01
5.0733395,0.0,0.02,0.0,0.0
5.074103626,0.0,0.03,0.0,0.0
5.075191589,0.01,0.01,0.01,0.0
5.076221259,0.0,0.03,0.01,0.0
5.077210196,0.01,0.02,0.0,0.01
5.078116571000001,0.0,0.02,0.0,0.0
5.0791608660000005,0.0,0.02,0.01,0.0
5.080143061,0.0,0.02,0.01,0.0
5.081446853,0.0,0.02,0.0,0.0
5.082100018,0.01,0.03,0.0,0.0
5.083262317,0.0,0.02,0.0,0.0
5.084126203,0.0,0.02,0.0,0.0
5.0853459160000005,0.0,0.03,0.01,0.0
5.087335938000001,0.0,0.02,0.0,0.0
5.088125704,0.0,0.02,0.01,0.0
5.089217882000001,0.0,0.02,0.0,0.0
5.090212413000001,0.0,0.02,0.0,0.0
5.091194004,0.0,0.03,0.01,0.0
5.0921906020000005,0.0,0.02,0.0,0.0
5.093172154,0.0,0.03,0.01,0.01
5.094227146000001,0.01,0.02,0.01,0.0
5.095170690000001,0.03,0.02,0.0,0.01
5.096371571000001,0.0,0.03,0.0,0.0
5.097101639,0.0,0.02,0.0,0.01
5.0982919110000005,0.0,0.02,0.01,0.0
5.099156796,0.0,0.02,0.01,0.01
5.10029816,0.0,0.02,0.0,0.0
5.10114026,0.01,0.02,0.0,0.0
5.103235325,0.0,0.02,0.0,0.01
5.104142552,0.0,0.02,0.0,0.01
5.105252657,0.0,0.02,0.0,0.0
5.106219527,0.0,0.02,0.0,0.0
5.1073552090000005,0.0,0.02,0.0,0.0
5.108119892,0.0,0.02,0.0,0.0
5.109262889,0.0,0.02,0.01,0.0
5.1101618040000005,0.0,0.03,0.0,0.0
5.111211555000001,0.0,0.03,0.0,0.0
5.112176450000001,0.0,0.02,0.01,0.0
5.113273064,0.0,0.02,0.0,0.0
5.114081842,0.0,0.03,0.0,0.0
5.115341417000001,0.0,0.03,0.0,0.0
5.1173856440000005,0.01,0.02,0.0,0.0
5.118090159,0.01,0.03,0.01,0.0
5.119356866,0.0,0.03,0.0,0.0
5.120090202,0.0,0.03,0.0,0.0
5.1213580720000005,0.0,0.02,0.0,0.0
5.122090667,0.0,0.02,0.0,0.01
5.123367645,0.0,0.03,0.0,0.0
5.124091312,0.0,0.02,0.0,0.0
5.125251974,0.0,0.03,0.0,0.0
5.126199590000001,0.0,0.02,0.0,0.0
5.127153825000001,0.0,0.02,0.0,0.0
5.128271386000001,0.01,0.03,0.0,0.0
5.129084528,0.0,0.02,0.01,0.0
5.130334638,0.0,0.02,0.0,0.0
5.132380501,0.01,0.02,0.0,0.0
5.133089997,0.02,0.03,0.0,0.0
5.134234928000001,0.0,0.02,0.01,0.0
5.135244152,0.0,0.02,0.0,0.0
5.136149994,0.0,0.02,0.0,0.03
5.1373743450000005,0.0,0.02,0.0,0.0
5.138113727,0.0,0.03,0.0,0.0
5.139365309,0.0,0.01,0.0,0.0
5.140116998,0.0,0.02,0.0,0.0
5.14137249,0.0,0.02,0.0,0.0
5.142082674,0.0,0.02,0.0,0.0
5.143244611,0.0,0.03,0.0,0.0
5.144111062,0.0,0.02,0.0,0.0
5.145407807000001,0.0,0.01,0.0,0.0
5.146142534,0.0,0.02,0.0,0.0
5.1473801120000005,0.0,0.02,0.0,0.0
5.149382630000001,0.0,0.02,0.0,0.0
5.1501145610000005,0.0,0.02,0.0,0.0
5.151378913,0.0,0.01,0.0,0.0
5.1521349380000006,0.01,0.02,0.0,0.0
5.153252198000001,0.0,0.02,0.0,0.01
5.154167778000001,0.0,0.01,0.0,0.0
5.155108275,0.0,0.01,0.0,0.0
5.1562154520000005,0.01,0.01,0.0,0.0
5.1571202210000004,0.0,0.01,0.01,0.0
5.158230421000001,0.0,0.01,0.0,0.01
5.1591307230000005,0.0,0.02,0.0,0.01
5.160200255,0.0,0.01,0.01,0.0
5.161217691,0.01,0.01,0.0,0.0
5.162239626000001,0.0,0.01,0.0,0.0
5.1643786380000005,0.01,0.0,0.0,0.01
5.165100000000001,0.0,0.01,0.0,0.0
5.166330147,0.0,0.0,0.0,0.01
5.167122037,0.0,0.0,0.0,0.01
5.1683663310000005,0.0,0.01,0.0,0.01
5.169094116,0.0,0.0,0.0,0.01
5.170269687,0.0,0.01,0.0,0.0
5.171090249000001,0.0,0.01,0.0,0.0
5.172179127000001,0.0,0.0,0.0,0.02
5.173137394,0.0,0.0,0.0,0.02
5.174268585,0.0,0.0,0.0,0.0
5.17509287,0.0,0.0,0.0,0.0
5.176223792,0.01,0.0,0.0,0.0
5.177230737,0.0,0.01,0.0,0.0
5.179358666000001,0.0,0.0,0.0,0.0
5.1801028,0.0,0.0,0.0,0.0
5.181223688,0.0,0.0,0.01,0.0
5.182204519,0.0,0.0,0.0,0.01
5.183215513,0.0,0.0,0.0,0.01
5.184122473,0.0,0.0,0.0,0.0
5.185345164,0.0,0.0,0.0,0.01
5.186107285,0.0,0.0,0.0,0.0
5.187302262,0.0,0.01,0.0,0.0
5.188096476,0.0,0.0,0.01,0.01
5.189267754,0.0,0.0,0.0,0.0
5.190099538,0.0,0.0,0.0,0.0
5.1913896070000005,0.0,0.0,0.0,0.0
5.193379348000001,0.0,0.0,0.0,0.0
5.194089711,0.0,0.0,0.0,0.0
5.195361405000001,0.01,0.0,0.0,0.0
5.196126347000001,0.0,0.0,0.0,0.0
5.197374411,0.0,0.0,0.0,0.0
5.198086398,0.0,0.0,0.0,0.0
5.199365501,0.0,0.01,0.0,0.0
5.200082818,0.0,0.01,0.0,0.0
5.201207242000001,0.0,0.0,0.0,0.0
5.202172025,0.0,0.01,0.0,0.0
5.203109271000001,0.0,0.0,0.0,0.0
5.204274331000001,0.01,0.01,0.0,0.01
5.205081812,0.0,0.0,0.0,0.0
5.206409656,0.0,0.0,0.0,0.0
5.2083728250000005,0.01,0.0,0.0,0.0
5.209096354000001,0.0,0.0,0.0,0.0
5.210228907,0.0,0.01,0.0,0.0
5.211180339,0.01,0.0,0.0,0.0
5.212222327,0.0,0.0,0.0,0.0
5.213218876,0.0,0.0,0.0,0.01
5.214231447,0.0,0.0,0.01,0.04
5.215227756,0.0,0.02,0.01,0.0
5.216160996,0.0,0.0,0.0,0.0
5.217315717,0.01,0.0,0.01,0.0
5.218142259,0.0,0.0,0.0,0.0
5.219248003000001,0.0,0.0,0.0,0.0
5.220130218,0.0,0.0,0.0,0.0
5.221401134000001,0.0,0.0,0.0,0.0
5.223377665,0.0,0.0,0.0,0.0
5.224096158,0.01,0.0,0.0,0.0
5.2253500950000005,0.0,0.0,0.0,0.0
5.226095016,0.0,0.0,0.0,0.0
5.227263145,0.01,0.0,0.0,0.0
5.228129657,0.0,0.01,0.0,0.0
5.229124747,0.0,0.0,0.0,0.0
5.230364112,0.0,0.01,0.0,0.0
5.231089023,0.0,0.01,0.0,0.0
5.232243986,0.01,0.0,0.01,0.0
5.23312604,0.0,0.0,0.0,0.0
5.234198342,0.0,0.0,0.0,0.0
5.235155751000001,0.0,0.0,0.0,0.01
5.2361993600000005,0.0,0.01,0.01,0.0
5.2372368520000006,0.0,0.0,0.0,0.02
5.2382411620000005,0.0,0.0,0.0,0.0
5.240369442,0.0,0.0,0.0,0.0
5.241097827,0.0,0.0,0.01,0.01
5.2423525170000005,0.0,0.0,0.0,0.0
5.243089258,0.0,0.0,0.0,0.0
5.244354816,0.0,0.0,0.0,0.0
5.245117922,0.01,0.0,0.0,0.0
5.246357162000001,0.0,0.01,0.01,0.0
5.247089506,0.0,0.0,0.0,0.0
5.248278931000001,0.0,0.0,0.0,0.01
5.249174016,0.0,0.0,0.0,0.0
5.250166378,0.0,0.01,0.0,0.0
5.252365650000001,0.0,0.01,0.0,0.0
5.2531173540000005,0.0,0.0,0.01,0.0
5.254183670000001,0.01,0.01,0.01,0.01
5.255082263,0.0,0.0,0.0,0.01
5.256218615000001,0.0,0.01,0.01,0.0
5.257214631,0.0,0.02,0.01,0.0
5.258119004,0.0,0.0,0.02,0.01
5.259343033,0.0,0.0,0.0,0.0
5.26009977,0.0,0.01,0.0,0.0
5.2612536930000005,0.0,0.0,0.0,0.0
5.262095965,0.0,0.0,0.0,0.0
5.263280517,0.0,0.0,0.0,0.0
5.264148378000001,0.0,0.0,0.0,0.0
5.265309374,0.0,0.0,0.01,0.0
5.266190542,0.0,0.01,0.0,0.0
5.268358517,0.0,0.0,0.01,0.0
5.269098535,0.0,0.0,0.0,0.0
5.270237633000001,0.0,0.0,0.0,0.0
5.271184389,0.0,0.0,0.0,0.0
5.272230181,0.0,0.0,0.0,0.0
5.273224363000001,0.0,0.01,0.01,0.0
5.274226083,0.0,0.0,0.0,0.0
5.275223275,0.0,0.01,0.0,0.01
5.2763635870000005,0.0,0.0,0.0,0.0
5.277091937000001,0.0,0.01,0.0,0.01
5.278275443,0.0,0.0,0.0,0.0
5.279146289000001,0.0,0.0,0.0,0.0
5.2802951160000005,0.01,0.0,0.0,0.0
5.282346906,0.01,0.01,0.0,0.0
5.283137405000001,0.0,0.0,0.0,0.0
5.284364036,0.01,0.0,0.0,0.0
5.285113546000001,0.0,0.01,0.0,0.0
5.286358377,0.0,0.0,0.0,0.01
5.2870895860000005,0.0,0.01,0.0,0.0
5.288380859,0.0,0.01,0.0,0.01
5.289084229,0.0,0.0,0.0,0.0
5.290362971,0.0,0.0,0.0,0.01
5.291085531,0.0,0.0,0.0,0.0
5.292266653,0.0,0.0,0.0,0.0
5.293173329,0.0,0.0,0.0,0.0
5.294118282,0.0,0.0,0.04,0.0
5.29515192,0.01,0.0,0.0,0.0
5.296200423,0.0,0.0,0.0,0.0
5.297241376000001,0.0,0.01,0.0,0.0
5.299380545,0.0,0.0,0.0,0.0
5.300095908,0.0,0.0,0.0,0.0
5.301272043,0.0,0.0,0.0,0.0
5.3022070370000005,0.0,0.0,0.0,0.0
5.3033478370000005,0.0,0.0,0.01,0.02
5.304136624000001,0.0,0.0,0.0,0.01
5.305361517000001,0.0,0.0,0.0,0.0
5.306083428,0.01,0.0,0.0,0.01
5.307291624,0.0,0.0,0.01,0.0
5.3080787130000004,0.0,0.0,0.01,0.0
5.30928557,0.0,0.01,0.0,0.0
5.310077590000001,0.0,0.0,0.0,0.0
5.311373829000001,0.0,0.0,0.0,0.0
5.313379544,0.0,0.01,0.0,0.0
5.314081460000001,0.0,0.0,0.0,0.0
5.315384464,0.0,0.0,0.0,0.0
5.316117220000001,0.0,0.0,0.0,0.0
5.317385215000001,0.0,0.01,0.0,0.0
5.318111561,0.0,0.0,0.0,0.01
5.319383507,0.0,0.0,0.0,0.0
5.320110395,0.0,0.0,0.0,0.01
5.321274451000001,0.0,0.02,0.0,0.0
5.322132141,0.0,0.01,0.0,0.0
5.323166147,0.0,0.0,0.0,0.01
5.324283843,0.0,0.0,0.01,0.01
5.325163745,0.0,0.01,0.01,0.01
5.326149484,0.0,0.0,0.0,0.0
5.327252796000001,0.0,0.0,0.0,0.01
5.329376489,0.01,0.0,0.0,0.0
5.330092897,0.01,0.0,0.0,0.0
5.331349561000001,0.0,0.01,0.0,0.0
5.332113661,0.0,0.01,0.0,0.0
5.333347284,0.0,0.02,0.01,0.01
5.3341386790000005,0.0,0.0,0.01,0.0
5.335374498,0.0,0.0,0.0,0.01
5.336089854,0.0,0.01,0.01,0.01
5.337352867,0.0,0.0,0.0,0.01
5.338085668000001,0.0,0.01,0.0,0.0
5.339270148000001,0.0,0.0,0.0,0.0
5.340164502,0.0,0.0,0.01,0.01
5.341158845000001,0.0,0.0,0.0,0.0
5.342240634,0.0,0.0,0.0,0.0
5.344347527,0.0,0.0,0.01,0.0
5.345094953,0.0,0.01,0.0,0.0
5.3462360040000005,0.0,0.0,0.0,0.0
5.347227489000001,0.0,0.0,0.0,0.0
5.348218849,0.01,0.0,0.01,0.0
5.349230344,0.01,0.01,0.0,0.0
5.3501786650000005,0.01,0.0,0.0,0.0
5.351146515,0.0,0.01,0.0,0.0
5.352303756,0.0,0.0,0.0,0.0
5.353099613,0.01,0.0,0.0,0.0
5.35426463,0.01,0.0,0.0,0.0
5.355189049000001,0.0,0.0,0.0,0.0
5.357342486,0.01,0.0,0.02,0.0
5.358100383,0.0,0.0,0.0,0.0
5.35930896,0.0,0.01,0.0,0.0
5.360096836,0.0,0.01,0.0,0.0
5.361365555,0.01,0.01,0.0,0.0
5.36212132,0.01,0.0,0.0,0.0
5.363357710000001,0.0,0.01,0.0,0.0
5.364123952,0.0,0.0,0.0,0.0
5.365365225000001,0.0,0.0,0.0,0.0
5.3661166730000005,0.0,0.0,0.0,0.0
5.367470881,0.01,0.0,0.0,0.0
5.368087438000001,0.0,0.0,0.0,0.0
5.369269394000001,0.0,0.0,0.01,0.0
5.3700825100000005,0.0,0.01,0.0,0.0
5.371366193,0.0,0.0,0.01,0.0
5.3721249900000005,0.0,0.01,0.0,0.0
5.373364241,0.0,0.0,0.0,0.0
5.375378034000001,0.0,0.01,0.01,0.0
5.376085392,0.0,0.0,0.0,0.0
5.377388600000001,0.01,0.0,0.0,0.0
5.3780851940000005,0.0,0.01,0.0,0.0
5.379372951000001,0.0,0.01,0.01,0.0
5.38008498,0.0,0.0,0.0,0.0
5.38138262,0.0,0.0,0.0,0.0
5.382111640000001,0.0,0.01,0.01,0.0
5.38329464,0.0,0.0,0.0,0.01
5.3841694890000005,0.01,0.0,0.0,0.0
5.385247898,0.0,0.0,0.0,0.0
5.38612304,0.01,0.01,0.01,0.0
5.3873418310000005,0.0,0.01,0.0,0.0
5.389367640000001,0.0,0.0,0.0,0.0
5.390133396,0.01,0.01,0.0,0.0
5.3913724400000005,0.0,0.0,0.0,0.0
5.392126045,0.0,0.0,0.0,0.0
5.393389985000001,0.01,0.0,0.0,0.0
5.394104052,0.0,0.0,0.0,0.0
5.395376848000001,0.0,0.0,0.0,0.0
5.39607947,0.0,0.0,0.0,0.0
5.397441819,0.0,0.0,0.0,0.0
5.398081322,0.0,0.0,0.0,0.0
5.399285063000001,0.0,0.01,0.0,0.01
5.400137369,0.01,0.0,0.01,0.01
5.401375211,0.0,0.0,0.0,0.0
5.403386413000001,0.0,0.0,0.0,0.0
5.404157840000001,0.0,0.0,0.02,0.01
5.4053861990000005,0.0,0.0,0.0,0.01
5.406156152,0.0,0.0,0.01,0.0
5.407420508,0.0,0.0,0.0,0.0
5.408070255,0.01,0.0,0.0,0.0
5.409426009000001,0.0,0.01,0.0,0.0
5.410102957,0.0,0.01,0.0,0.0
5.411426212,0.0,0.0,0.0,0.0
5.412069918,0.01,0.01,0.01,0.0
5.413221394000001,0.0,0.0,0.0,0.01
5.414071477,0.0,0.01,0.0,0.0
5.4153599450000005,0.0,0.0,0.0,0.0
5.416107473,0.0,0.01,0.0,0.0
5.4172355880000005,0.0,0.01,0.0,0.01
5.419253877,0.0,0.0,0.0,0.0
5.420126898,0.0,0.0,0.0,0.0
5.421260973000001,0.0,0.0,0.0,0.0
5.422183982,0.0,0.0,0.0,0.01
5.423255905,0.0,0.01,0.0,0.0
5.424250479,0.0,0.01,0.0,0.0
5.425240509,0.0,0.0,0.0,0.01
5.426148816,0.0,0.0,0.01,0.0
5.42737168,0.0,0.0,0.0,0.0
5.428086103,0.0,0.0,0.0,0.0
5.429276972,0.0,0.0,0.0,0.0
5.430085313,0.0,0.0,0.01,0.0
5.431349987,0.0,0.01,0.0,0.01
5.43336688,0.0,0.0,0.0,0.0
5.434093804000001,0.0,0.0,0.01,0.0
5.4353472510000005,0.02,0.0,0.01,0.01
5.4361135560000005,0.0,0.0,0.0,0.0
5.437354084000001,0.0,0.0,0.0,0.0
5.438090159000001,0.01,0.0,0.0,0.0
5.439372022000001,0.0,0.01,0.0,0.01
5.440087417,0.0,0.0,0.0,0.01
5.441376279,0.0,0.0,0.0,0.0
5.442124411,0.0,0.0,0.01,0.0
5.443274185,0.0,0.01,0.0,0.0
5.444124289,0.0,0.01,0.0,0.0
5.4452917030000005,0.01,0.0,0.0,0.0
5.446083087000001,0.0,0.0,0.0,0.0
5.4474003600000005,0.0,0.0,0.0,0.01
5.449371946,0.0,0.0,0.0,0.0
5.450125525000001,0.0,0.0,0.0,0.0
5.4512490090000005,0.01,0.0,0.0,0.0
5.452212005000001,0.0,0.0,0.0,0.0
5.453229967,0.0,0.0,0.01,0.0
5.454227458,0.0,0.0,0.0,0.0
5.455227740000001,0.0,0.01,0.0,0.0
5.456232377,0.01,0.01,0.0,0.01
5.457344112,0.0,0.0,0.0,0.0
5.458091869,0.0,0.0,0.0,0.0
5.459339643000001,0.0,0.0,0.0,0.0
5.4600860860000004,0.01,0.01,0.0,0.0
5.461336241000001,0.0,0.01,0.0,0.0
5.463368312,0.0,0.0,0.01,0.01
5.464088018,0.01,0.0,0.01,0.0
5.465385103,0.0,0.01,0.0,0.0
5.466081841,0.0,0.0,0.0,0.0
5.467248346000001,0.0,0.01,0.0,0.0
5.4681376010000005,0.02,0.0,0.0,0.0
5.469249543,0.0,0.0,0.0,0.0
5.470174622,0.0,0.0,0.0,0.0
5.471251211,0.0,0.01,0.0,0.01
5.4722288080000006,0.01,0.01,0.0,0.0
5.473153551,0.0,0.01,0.01,0.01
5.474287511,0.0,0.01,0.0,0.0
5.475124658,0.0,0.01,0.0,0.0
5.476350899000001,0.0,0.01,0.0,0.03
5.478275321,0.01,0.01,0.0,0.0
5.479154544,0.01,0.0,0.0,0.0
5.480260690000001,0.0,0.01,0.01,0.0
5.481156982,0.0,0.01,0.0,0.0
5.482236275,0.0,0.0,0.0,0.0
5.4832385200000004,0.0,0.01,0.0,0.0
5.484230634,0.0,0.0,0.0,0.0
5.485236605000001,0.0,0.01,0.0,0.0
5.486230883,0.0,0.0,0.0,0.0
5.487196752,0.0,0.0,0.0,0.0
5.488423393000001,0.0,0.0,0.0,0.0
5.489088196,0.0,0.0,0.0,0.0
5.490286555,0.0,0.0,0.0,0.01
5.491087383,0.0,0.0,0.0,0.0
5.492378479,0.01,0.0,0.0,0.0
5.4943594440000005,0.0,0.01,0.0,0.01
5.495093605,0.0,0.01,0.0,0.0
5.4963672070000005,0.01,0.01,0.0,0.0
5.49712487,0.0,0.01,0.0,0.0
5.4982495700000005,0.01,0.0,0.0,0.0
5.499243076,0.0,0.0,0.0,0.0
5.500248764,0.0,0.0,0.01,0.0
5.501179536,0.0,0.0,0.0,0.0
5.502205603,0.0,0.01,0.0,0.03
5.503326733000001,0.0,0.01,0.0,0.0
5.5041243490000005,0.01,0.0,0.01,0.0
5.5052992750000005,0.0,0.0,0.0,0.0
5.5061302560000005,0.0,0.0,0.02,0.0
5.50740752,0.01,0.0,0.0,0.0
5.509395217000001,0.0,0.0,0.0,0.0
5.510089633000001,0.0,0.0,0.0,0.0
5.51127982,0.0,0.0,0.0,0.01
5.512089563,0.0,0.01,0.0,0.0
5.513377586000001,0.0,0.01,0.0,0.0
5.5140907640000005,0.0,0.0,0.01,0.0
5.515361704,0.0,0.0,0.0,0.0
5.516087522,0.0,0.0,0.0,0.01
5.517382128,0.01,0.0,0.0,0.01
5.518083669,0.0,0.0,0.0,0.0
5.519271725,0.0,0.01,0.0,0.0
5.520118366,0.0,0.0,0.0,0.0
5.521198912,0.0,0.01,0.0,0.0
5.523350595,0.0,0.01,0.0,0.0
5.524091133000001,0.01,0.0,0.01,0.0
5.525357223,0.01,0.01,0.0,0.0
5.526093712000001,0.0,0.0,0.01,0.01
5.527370769,0.0,0.0,0.0,0.01
5.528090773000001,0.0,0.01,0.0,0.0
5.529363069,0.0,0.0,0.0,0.0
5.530084024000001,0.0,0.0,0.0,0.0
5.5313735820000005,0.0,0.02,0.0,0.0
5.532084779000001,0.0,0.01,0.0,0.0
5.533323386,0.0,0.0,0.0,0.0
5.534088416,0.0,0.0,0.0,0.01
5.535157507,0.0,0.0,0.01,0.01
5.5362106110000004,0.0,0.0,0.0,0.0
5.537120216,0.0,0.0,0.0,0.0
5.538290591,0.01,0.01,0.0,0.01
5.540349717000001,0.0,0.0,0.0,0.0
5.541135197,0.0,0.0,0.0,0.0
5.542169656,0.0,0.0,0.0,0.0
5.543230772,0.0,0.0,0.0,0.0
5.544226650000001,0.0,0.0,0.0,0.0
5.545229756,0.0,0.01,0.0,0.0
5.5460774200000005,0.0,0.01,0.01,0.0
5.547349102,0.01,0.01,0.0,0.0
5.548097506,0.0,0.0,0.0,0.01
5.54915931,0.0,0.0,0.0,0.01
5.550193848,0.0,0.02,0.0,0.0
5.552368938000001,0.01,0.01,0.0,0.01
5.553102470000001,0.0,0.01,0.0,0.0
5.5543347910000005,0.0,0.0,0.0,0.0
5.555102896,0.0,0.0,0.0,0.0
5.556343107,0.0,0.0,0.0,0.0
5.557098934000001,0.0,0.0,0.0,0.0
5.558352118,0.0,0.0,0.0,0.0
5.559095403000001,0.0,0.0,0.0,0.0
5.560360785,0.0,0.0,0.0,0.0
5.561090625,0.0,0.0,0.0,0.0
5.5623703330000005,0.0,0.01,0.0,0.0
5.5630844470000005,0.0,0.0,0.0,0.0
5.56428525,0.01,0.02,0.0,0.0
5.565134637000001,0.0,0.0,0.0,0.0
5.567389857,0.0,0.0,0.0,0.0
5.56811144,0.0,0.0,0.0,0.0
5.569267585,0.0,0.0,0.0,0.0
5.570153867,0.0,0.0,0.0,0.01
5.571355971,0.0,0.0,0.0,0.0
5.572121383000001,0.0,0.0,0.0,0.01
5.573385298000001,0.01,0.0,0.0,0.0
5.574082319,0.0,0.0,0.0,0.0
5.5753733290000005,0.0,0.0,0.0,0.0
5.576087945,0.0,0.0,0.0,0.0
5.577379122,0.01,0.0,0.0,0.0
5.578075062,0.0,0.0,0.0,0.0
5.579270035,0.0,0.0,0.0,0.0
5.580105519,0.0,0.01,0.0,0.0
5.581372949,0.0,0.0,0.0,0.0
5.582130016000001,0.0,0.0,0.0,0.0
5.583395151,0.0,0.0,0.0,0.0
5.585378966,0.0,0.0,0.0,0.0
5.586111676000001,0.0,0.0,0.0,0.01
5.587376442,0.01,0.0,0.0,0.0
5.588084966,0.0,0.01,0.0,0.0
5.5893782100000005,0.0,0.01,0.0,0.0
5.590085641,0.0,0.0,0.0,0.0
5.591359891000001,0.0,0.0,0.0,0.0
5.592087102000001,0.0,0.0,0.0,0.0
5.59341649,0.0,0.01,0.0,0.0
5.5940850310000005,0.0,0.01,0.0,0.0
5.595268292,0.0,0.01,0.0,0.0
5.5960827360000005,0.01,0.01,0.04,0.01
5.597411414000001,0.01,0.0,0.01,0.0
5.599301294,0.0,0.0,0.0,0.0
5.60008133,0.01,0.01,0.0,0.01
5.60134505,0.0,0.0,0.01,0.0
5.602163734,0.0,0.0,0.01,0.0
5.603151853,0.01,0.01,0.0,0.0
5.604373971,0.0,0.0,0.01,0.0
5.605128730000001,0.0,0.0,0.0,0.0
5.606378814,0.0,0.0,0.0,0.0
5.607085196000001,0.0,0.0,0.0,0.0
5.608333136000001,0.0,0.0,0.0,0.0
5.60914636,0.0,0.0,0.0,0.0
5.610258470000001,0.0,0.01,0.0,0.0
5.611272566,0.0,0.0,0.0,0.0
5.612256793,0.01,0.01,0.0,0.0
5.613167647,0.0,0.0,0.0,0.0
5.614377558,0.0,0.0,0.0,0.01
5.616379543000001,0.0,0.0,0.0,0.0
5.617083136000001,0.0,0.01,0.0,0.0
5.618255948000001,0.0,0.0,0.0,0.0
5.6191029530000005,0.0,0.0,0.0,0.0
5.620121663,0.0,0.0,0.0,0.0
5.621134244,0.02,0.0,0.0,0.0
5.62239866,0.0,0.01,0.0,0.0
5.623083672,0.0,0.0,0.01,0.0
5.624298706,0.01,0.01,0.0,0.0
5.625164709000001,0.0,0.0,0.0,0.01
5.626259986,0.0,0.0,0.02,0.01
5.627246086,0.02,0.01,0.0,0.01
5.628237565,0.0,0.0,0.0,0.0
5.630260755,0.0,0.0,0.01,0.0
5.631188359,0.0,0.0,0.0,0.0
5.632337795000001,0.0,0.0,0.0,0.0
5.633145027,0.01,0.0,0.0,0.0
5.6343870460000005,0.0,0.01,0.0,0.0
5.635093986,0.0,0.01,0.01,0.0
5.6362854790000005,0.01,0.0,0.0,0.0
5.637146214,0.0,0.0,0.01,0.0
5.638275916,0.0,0.0,0.01,0.0
5.639149403,0.0,0.0,0.0,0.0
5.640292666000001,0.0,0.0,0.01,0.0
5.641146525,0.0,0.0,0.0,0.0
5.642370873,0.0,0.0,0.0,0.0
5.644370586,0.0,0.0,0.0,0.0
5.645093948,0.0,0.0,0.0,0.0
5.646365451,0.0,0.0,0.0,0.0
5.647124327,0.0,0.0,0.01,0.0
5.648257877000001,0.0,0.0,0.0,0.0
5.649239674,0.0,0.0,0.0,0.0
5.650245751,0.0,0.0,0.0,0.0
5.651184847000001,0.0,0.01,0.0,0.0
5.652361057,0.0,0.01,0.0,0.0
5.653087405,0.02,0.0,0.0,0.0
5.654364054,0.0,0.0,0.01,0.01
5.6551142830000005,0.0,0.0,0.0,0.0
5.656296142,0.0,0.02,0.0,0.0
5.657177618,0.0,0.0,0.0,0.0
5.658353925,0.0,0.0,0.0,0.0
5.660379704,0.0,0.0,0.0,0.01
5.661090335,0.01,0.0,0.0,0.0
5.662274913,0.0,0.0,0.0,0.0
5.663129251,0.0,0.0,0.0,0.01
5.664272295,0.0,0.0,0.0,0.0
5.665201824,0.0,0.0,0.01,0.0
5.666175311,0.0,0.01,0.0,0.0
5.667488907,0.0,0.0,0.0,0.01
5.668093300000001,0.0,0.0,0.0,0.0
5.669439774000001,0.0,0.01,0.0,0.0
5.670088806000001,0.0,0.0,0.01,0.0
5.671283642000001,0.0,0.0,0.01,0.0
5.672090572,0.0,0.01,0.0,0.0
5.673412760000001,0.0,0.01,0.01,0.0
5.675362740000001,0.0,0.0,0.01,0.0
5.676128641,0.0,0.0,0.0,0.0
5.677364694,0.0,0.01,0.0,0.0
5.678099288,0.0,0.0,0.0,0.0
5.679357746,0.0,0.0,0.0,0.0
5.680119779,0.0,0.0,0.0,0.0
5.6813952080000005,0.0,0.0,0.0,0.0
5.682093333,0.0,0.0,0.0,0.0
5.683342293,0.0,0.01,0.0,0.0
5.684096999,0.0,0.0,0.03,0.0
5.685310312,0.0,0.01,0.0,0.0
5.686093388000001,0.0,0.0,0.0,0.0
5.6872974020000004,0.0,0.01,0.0,0.01
5.68808951,0.0,0.0,0.01,0.0
5.689313263000001,0.0,0.0,0.01,0.0
5.690180012000001,0.0,0.0,0.01,0.0
5.692219188,0.01,0.0,0.0,0.0
5.693232178000001,0.0,0.01,0.01,0.0
5.694186069000001,0.0,0.01,0.0,0.0
5.695115149,0.01,0.01,0.0,0.01
5.6962493400000005,0.0,0.0,0.0,0.0
5.6971868510000006,0.0,0.0,0.0,0.0
5.698172808000001,0.0,0.01,0.0,0.0
5.6991800360000004,0.0,0.01,0.0,0.0
5.7001205640000006,0.0,0.0,0.0,0.0
5.701261719000001,0.0,0.0,0.0,0.0
5.702215894,0.0,0.0,0.0,0.0
5.703182695000001,0.0,0.01,0.0,0.01
5.704214849,0.0,0.01,0.0,0.01
5.7062448230000005,0.0,0.0,0.01,0.0
5.7070932160000005,0.0,0.0,0.01,0.0
5.708182296,0.0,0.0,0.0,0.0
5.709119940000001,0.0,0.0,0.0,0.0
5.710341856,0.0,0.0,0.0,0.0
5.711093132,0.0,0.0,0.0,0.0
5.712347444000001,0.0,0.0,0.0,0.0
5.713090247,0.01,0.0,0.0,0.0
5.714411323,0.0,0.0,0.0,0.0
5.7150897590000005,0.0,0.0,0.0,0.01
5.7162461790000005,0.0,0.0,0.0,0.02
5.717088663,0.0,0.0,0.0,0.0
5.718332835,0.0,0.01,0.0,0.0
5.719129843,0.04,0.0,0.0,0.0
5.720338255000001,0.0,0.0,0.0,0.01
5.7223648680000005,0.01,0.0,0.0,0.0
5.723126089,0.0,0.0,0.01,0.0
5.724282889,0.0,0.01,0.0,0.0
5.725122468,0.01,0.0,0.0,0.02
5.726257709,0.0,0.01,0.0,0.0
5.727168321000001,0.0,0.0,0.0,0.01
5.728128138000001,0.0,0.0,0.0,0.0
5.72933891,0.0,0.0,0.0,0.0
5.730119855000001,0.0,0.0,0.0,0.0
5.731263447000001,0.0,0.0,0.01,0.0
5.732088691,0.0,0.01,0.0,0.0
5.733337781,0.0,0.0,0.0,0.0
5.735351202,0.0,0.0,0.0,0.0
5.736133196,0.0,0.01,0.0,0.0
5.7372389880000005,0.01,0.0,0.01,0.0
5.73819716,0.0,0.0,0.0,0.01
5.739141316,0.0,0.0,0.0,0.0
5.740277160000001,0.0,0.0,0.0,0.0
5.741199418000001,0.0,0.0,0.0,0.0
5.742151834,0.01,0.01,0.0,0.0
5.743361261,0.01,0.0,0.01,0.0
5.744090752,0.0,0.0,0.0,0.0
5.745273361000001,0.01,0.0,0.0,0.0
5.7461760150000005,0.01,0.0,0.0,0.0
5.747171432,0.01,0.0,0.0,0.0
5.748158663000001,0.0,0.01,0.0,0.0
5.749238056,0.0,0.01,0.01,0.0
5.7513652440000005,0.0,0.0,0.01,0.0
5.752121707000001,0.0,0.0,0.0,0.0
5.753141715,0.0,0.0,0.0,0.0
5.754243015,0.0,0.0,0.0,0.0
5.75514511,0.01,0.0,0.0,0.0
5.756131922000001,0.0,0.0,0.0,0.0
5.757238665,0.01,0.0,0.0,0.0
5.758164356,0.0,0.0,0.0,0.0
5.759116671,0.0,0.01,0.0,0.0
5.760152605,0.0,0.0,0.0,0.0
5.761120525,0.0,0.0,0.0,0.0
5.762290556,0.0,0.0,0.0,0.0
5.763099362,0.0,0.0,0.0,0.0
5.764174273,0.0,0.0,0.01,0.0
5.765228797000001,0.0,0.01,0.0,0.0
5.767347709,0.0,0.0,0.0,0.0
5.768103389,0.0,0.0,0.0,0.0
5.769343636,0.01,0.0,0.0,0.0
5.7700997780000005,0.0,0.0,0.02,0.01
5.771332207,0.0,0.0,0.0,0.01
5.772099398,0.0,0.0,0.0,0.01
5.773221408,0.0,0.01,0.0,0.0
5.77420559,0.0,0.0,0.0,0.0
5.775120741,0.0,0.0,0.0,0.01
5.776261812,0.0,0.0,0.0,0.0
5.777175307,0.0,0.0,0.03,0.01
5.778130227,0.0,0.0,0.0,0.0
5.77933503,0.0,0.01,0.0,0.0
5.781362356000001,0.0,0.0,0.0,0.0
5.78210186,0.0,0.0,0.0,0.0
5.783228736000001,0.0,0.01,0.0,0.0
5.784194954,0.01,0.0,0.0,0.0
5.785133642000001,0.0,0.0,0.0,0.0
5.786188705000001,0.0,0.0,0.0,0.0
5.787102605,0.0,0.0,0.0,0.0
5.788243894000001,0.0,0.0,0.0,0.0
5.789265538,0.0,0.0,0.0,0.0
5.790164764,0.0,0.0,0.0,0.01
5.791108958000001,0.01,0.01,0.0,0.0
5.792153740000001,0.0,0.01,0.0,0.0
5.794342510000001,0.0,0.0,0.01,0.0
5.7951070730000005,0.0,0.0,0.0,0.0
5.796198266,0.0,0.0,0.0,0.0
5.797216409000001,0.0,0.0,0.0,0.0
5.798123523,0.0,0.0,0.01,0.0
5.799211130000001,0.0,0.0,0.01,0.0
5.800167201000001,0.01,0.0,0.01,0.01
5.801211298,0.0,0.0,0.0,0.0
5.802211323000001,0.0,0.01,0.0,0.0
5.8031565700000005,0.01,0.03,0.0,0.01
5.8043021260000005,0.0,0.0,0.0,0.04
5.805138125,0.0,0.02,0.01,0.0
5.806306917000001,0.0,0.0,0.0,0.0
5.807122498,0.0,0.0,0.0,0.0
5.808291996,0.0,0.0,0.0,0.0
5.810368139,0.0,0.0,0.0,0.01
5.8111013620000005,0.0,0.0,0.0,0.0
5.812219099,0.0,0.0,0.0,0.0
5.813210201,0.0,0.0,0.01,0.0
5.814207768,0.01,0.0,0.0,0.0
5.81521073,0.0,0.0,0.0,0.0
5.816277405,0.0,0.01,0.0,0.0
5.817129509,0.0,0.0,0.0,0.0
5.818348385,0.01,0.0,0.0,0.01
5.819101074000001,0.0,0.0,0.0,0.0
5.820325174000001,0.0,0.0,0.0,0.0
5.821141013,0.0,0.0,0.0,0.0
5.822298237,0.0,0.01,0.0,0.0
5.823157341,0.01,0.01,0.0,0.0
5.8253361450000005,0.0,0.01,0.01,0.01
5.826125087,0.0,0.0,0.01,0.0
5.827221351,0.0,0.0,0.0,0.0
5.828210268,0.0,0.0,0.01,0.0
5.829137912,0.0,0.0,0.0,0.0
5.830204123000001,0.0,0.0,0.0,0.0
5.831207893,0.0,0.01,0.0,0.0
5.8321820870000005,0.0,0.01,0.0,0.01
5.833265206,0.0,0.01,0.0,0.01
5.834153512,0.0,0.0,0.01,0.0
5.835156759,0.0,0.01,0.0,0.01
5.836163024,0.0,0.0,0.0,0.0
5.837144596000001,0.0,0.0,0.0,0.0
5.838309871000001,0.0,0.0,0.0,0.0
5.840456817000001,0.0,0.0,0.0,0.0
5.841110852000001,0.0,0.0,0.0,0.0
5.842347259,0.0,0.01,0.0,0.0
5.843107874,0.0,0.0,0.0,0.0
5.844356542000001,0.0,0.01,0.0,0.02
5.845108823,0.0,0.01,0.0,0.0
5.846193960000001,0.0,0.0,0.0,0.01
5.847121415,0.0,0.01,0.0,0.0
5.848362016,0.0,0.0,0.01,0.0
5.84909965,0.0,0.01,0.0,0.0
5.850161518,0.0,0.0,0.0,0.0
5.8511535640000005,0.0,0.01,0.0,0.0
5.852143185,0.0,0.01,0.0,0.0
5.853328069000001,0.0,0.0,0.0,0.01
5.8553767080000005,0.0,0.01,0.0,0.0
5.85610868,0.0,0.0,0.01,0.0
5.857355716000001,0.0,0.0,0.0,0.0
5.858104064,0.01,0.0,0.0,0.0
5.859255478000001,0.0,0.0,0.0,0.0
5.860196576000001,0.0,0.01,0.0,0.0
5.861343517000001,0.0,0.0,0.0,0.01
5.862094859,0.0,0.0,0.0,0.0
5.863378976000001,0.0,0.0,0.0,0.0
5.864098161,0.0,0.01,0.03,0.0
5.865303620000001,0.0,0.01,0.01,0.01
5.866097776,0.0,0.01,0.0,0.0
5.867298677,0.01,0.01,0.01,0.0
5.868142784000001,0.0,0.01,0.0,0.0
5.870346280000001,0.0,0.01,0.0,0.0
5.871127552000001,0.0,0.0,0.0,0.0
5.872232155000001,0.01,0.0,0.0,0.0
5.873231283,0.0,0.0,0.0,0.0
5.874125983000001,0.0,0.0,0.0,0.0
5.875209102,0.0,0.05,0.0,0.0
5.876167814,0.0,0.0,0.0,0.0
5.877358643,0.0,0.0,0.01,0.0
5.878106185,0.0,0.0,0.05,0.0
5.879262059,0.0,0.01,0.0,0.01
5.880141353,0.0,0.0,0.0,0.0
5.881351159,0.0,0.0,0.0,0.0
5.882091663000001,0.01,0.0,0.0,0.01
5.883263697,0.01,0.0,0.0,0.01
5.885368145,0.0,0.01,0.01,0.01
5.886100715,0.0,0.0,0.0,0.0
5.887353910000001,0.0,0.0,0.01,0.01
5.888127750000001,0.0,0.01,0.0,0.0
5.889367404000001,0.0,0.0,0.0,0.01
5.890092379,0.01,0.0,0.0,0.0
5.891378575,0.0,0.0,0.0,0.0
5.89209414,0.0,0.0,0.0,0.0
5.8932578300000005,0.0,0.01,0.01,0.0
5.894174550000001,0.0,0.01,0.0,0.0
5.895106205,0.0,0.01,0.0,0.0
5.896154603,0.0,0.0,0.01,0.0
5.897135067000001,0.02,0.0,0.0,0.0
5.899261117,0.0,0.0,0.0,0.01
5.9001083560000005,0.0,0.01,0.0,0.0
5.9012151600000005,0.0,0.01,0.0,0.0
5.902211809000001,0.0,0.0,0.0,0.0
5.903208338000001,0.0,0.0,0.0,0.0
5.904208485000001,0.0,0.01,0.01,0.0
5.905401487000001,0.0,0.0,0.0,0.0
5.906111044,0.01,0.0,0.0,0.0
5.907349231,0.01,0.0,0.0,0.0
5.908099526,0.0,0.01,0.01,0.0
5.909269125000001,0.0,0.0,0.0,0.0
5.9101732700000005,0.0,0.01,0.0,0.0
5.911109929,0.0,0.0,0.0,0.0
5.912301975,0.0,0.0,0.0,0.0
5.913099425,0.0,0.01,0.0,0.0
5.915264305,0.01,0.0,0.0,0.0
5.916167382,0.0,0.01,0.01,0.0
5.917224732,0.01,0.01,0.0,0.0
5.918214488,0.01,0.01,0.01,0.0
5.919087741,0.0,0.0,0.07,0.0
5.920355312000001,0.0,0.01,0.0,0.01
5.921105939,0.0,0.0,0.0,0.0
5.9221662450000006,0.01,0.0,0.0,0.0
5.923168477,0.01,0.03,0.0,0.02
5.924169132,0.0,0.0,0.0,0.0
5.9251557880000005,0.0,0.01,0.0,0.0
5.9261529610000006,0.0,0.01,0.0,0.01
5.928376052,0.02,0.0,0.0,0.0
5.9291113950000005,0.0,0.01,0.01,0.0
5.930294627,0.0,0.0,0.01,0.0
5.931105083,0.0,0.0,0.0,0.01
5.932341009,0.02,0.0,0.0,0.0
5.93310547,0.01,0.0,0.0,0.0
5.934231997,0.0,0.0,0.0,0.0
5.935196454000001,0.0,0.01,0.01,0.0
5.936128895,0.01,0.0,0.0,0.0
5.9373228110000005,0.0,0.01,0.0,0.0
5.9380989820000005,0.02,0.0,0.01,0.0
5.9392633560000005,0.0,0.0,0.01,0.0
5.940145031,0.0,0.01,0.0,0.0
5.941134418000001,0.01,0.0,0.0,0.0
5.942160226,0.0,0.0,0.0,0.0
5.944360262,0.0,0.01,0.0,0.0
5.945109196000001,0.01,0.0,0.0,0.0
5.946163726,0.0,0.0,0.0,0.0
5.947214861,0.0,0.01,0.01,0.0
5.9482068,0.0,0.0,0.0,0.0
5.949203909,0.0,0.01,0.0,0.0
5.950207378,0.0,0.0,0.0,0.0
5.951124554000001,0.0,0.0,0.0,0.0
5.952354199,0.0,0.0,0.0,0.0
5.953109152000001,0.0,0.01,0.01,0.01
5.954336563,0.0,0.0,0.0,0.0
5.9551357760000005,0.0,0.0,0.01,0.01
5.956274294,0.0,0.0,0.0,0.0
5.95710037,0.01,0.0,0.0,0.0
5.958295634000001,0.03,0.0,0.0,0.0
5.960374075000001,0.0,0.01,0.01,0.01
5.961103218000001,0.0,0.0,0.0,0.0
5.962355208,0.0,0.0,0.0,0.0
5.9630998040000005,0.0,0.01,0.01,0.0
5.964383169,0.0,0.0,0.0,0.0
5.965093422000001,0.0,0.0,0.0,0.0
5.9662413,0.0,0.0,0.0,0.0
5.967146309,0.0,0.01,0.0,0.0
5.968231804,0.0,0.0,0.0,0.01
5.969185539000001,0.0,0.0,0.0,0.0
5.970128249,0.0,0.0,0.0,0.0
5.971121766,0.0,0.0,0.0,0.0
5.972278978,0.0,0.0,0.0,0.0
5.973173309000001,0.0,0.0,0.0,0.0
5.9753699870000005,0.0,0.0,0.0,0.0
5.976101638,0.0,0.01,0.0,0.0
5.977296048,0.0,0.0,0.01,0.0
5.978173976000001,0.0,0.0,0.0,0.0
5.979367002,0.0,0.0,0.0,0.0
5.980100349000001,0.0,0.0,0.0,0.0
5.981303267,0.0,0.01,0.0,0.0
5.982090848,0.0,0.0,0.0,0.0
5.9832651310000005,0.01,0.0,0.0,0.0
5.984127878000001,0.0,0.0,0.01,0.0
5.985160085,0.0,0.0,0.0,0.0
5.986254526000001,0.0,0.01,0.0,0.0
5.987137386000001,0.01,0.0,0.0,0.0
5.988382761,0.0,0.0,0.01,0.0
5.9903536410000005,0.0,0.01,0.0,0.01
5.991123261,0.0,0.01,0.0,0.01
5.992218112000001,0.0,0.0,0.0,0.0
5.993179251,0.0,0.0,0.0,0.0
5.994123863,0.01,0.0,0.0,0.0
5.995212515,0.01,0.01,0.0,0.0
5.996211485000001,0.0,0.0,0.0,0.0
5.997210932000001,0.0,0.0,0.0,0.01
5.998222914,0.0,0.0,0.0,0.01
5.999159681,0.0,0.01,0.0,0.0
6.000152848000001,0.0,0.0,0.0,0.0
6.001244841,0.0,0.0,0.01,0.0
6.002133710000001,0.01,0.01,0.0,0.0
6.00314338,0.0,0.0,0.02,0.0
6.004159901,0.0,0.0,0.0,0.02
6.006357668000001,0.0,0.0,0.01,0.0
6.0071252,0.0,0.0,0.0,0.0
6.008155634,0.0,0.0,0.0,0.0
6.009260607000001,0.0,0.0,0.01,0.0
6.0101864240000005,0.0,0.0,0.0,0.0
6.011216511000001,0.0,0.0,0.0,0.0
6.012215823,0.0,0.0,0.0,0.0
6.013203843,0.0,0.01,0.01,0.0
6.014190298,0.0,0.0,0.0,0.0
6.0151920290000005,0.0,0.0,0.0,0.0
6.016213386,0.0,0.0,0.01,0.0
6.017168475,0.0,0.0,0.0,0.0
6.018196113,0.0,0.01,0.01,0.0
6.020510434,0.0,0.0,0.0,0.0
6.021661649,0.0,0.0,0.0,0.0
6.022657487,0.01,0.01,0.0,0.0
6.02353717,0.0,0.01,0.0,0.0
6.0243473750000005,0.0,0.0,0.0,0.0
6.025257656,0.0,0.0,0.01,0.01
6.026185922000001,0.0,0.01,0.0,0.01
6.0271635020000005,0.0,0.01,0.0,0.0
6.028197292000001,0.0,0.0,0.02,0.0
6.029177798,0.0,0.01,0.01,0.0
6.030193363,0.0,0.0,0.0,0.0
6.031180454,0.0,0.01,0.01,0.0
6.032179675,0.0,0.01,0.0,0.0
6.033171184,0.01,0.0,0.0,0.0
6.034313355,0.0,0.0,0.0,0.01
6.036207802000001,0.0,0.01,0.0,0.0
6.037180912,0.0,0.0,0.01,0.0
6.038206479,0.0,0.0,0.0,0.0
6.0393724220000005,0.0,0.01,0.0,0.0
6.040130995,0.0,0.0,0.0,0.0
6.041341129,0.0,0.0,0.0,0.0
6.042111279,0.0,0.01,0.0,0.0
6.043367029000001,0.0,0.0,0.0,0.01
6.0441105330000005,0.0,0.0,0.0,0.0
6.045306213000001,0.0,0.0,0.01,0.0
6.0461502320000005,0.0,0.0,0.01,0.01
6.0472715610000005,0.0,0.0,0.0,0.0
6.048096309,0.01,0.0,0.01,0.0
6.049329319000001,0.01,0.0,0.01,0.0
6.0512236470000005,0.01,0.01,0.0,0.0
6.052224022000001,0.0,0.0,0.02,0.0
6.053242855000001,0.0,0.0,0.0,0.0
6.054178510000001,0.0,0.01,0.0,0.0
6.055241878,0.0,0.0,0.0,0.0
6.056196476,0.01,0.0,0.0,0.0
6.057230141000001,0.01,0.01,0.0,0.0
6.058358192,0.01,0.01,0.01,0.0
6.059090961000001,0.0,0.01,0.0,0.0
6.060279769,0.0,0.0,0.0,0.01
6.06109039,0.01,0.01,0.0,0.0
6.0622840700000005,0.0,0.0,0.0,0.0
6.063095722000001,0.0,0.0,0.0,0.0
6.064287881,0.0,0.0,0.0,0.0
6.066231448000001,0.0,0.0,0.0,0.0
6.067221197,0.0,0.0,0.0,0.0
6.0683758910000005,0.0,0.0,0.01,0.0
6.069095686000001,0.0,0.0,0.0,0.0
6.070386175,0.0,0.0,0.0,0.0
6.071092836,0.0,0.0,0.0,0.0
6.072358939000001,0.01,0.0,0.0,0.01
6.073090961,0.0,0.0,0.0,0.01
6.074392479,0.0,0.0,0.0,0.0
6.075092484000001,0.0,0.0,0.0,0.0
6.076162483,0.0,0.01,0.0,0.0
6.077297344000001,0.0,0.0,0.0,0.0
6.0781844970000005,0.0,0.0,0.01,0.0
6.079337465,0.0,0.0,0.01,0.01
6.0813594250000005,0.0,0.01,0.0,0.0
6.082093445000001,0.0,0.01,0.0,0.01
6.083363266,0.0,0.01,0.01,0.0
6.084094369000001,0.01,0.03,0.01,0.0
6.0853954230000005,0.0,0.02,0.01,0.0
6.086092165,0.0,0.01,0.01,0.0
6.087358898000001,0.0,0.02,0.0,0.01
6.088098138,0.0,0.01,0.0,0.0
6.089360544000001,0.0,0.01,0.01,0.0
6.090129242000001,0.0,0.01,0.0,0.01
6.091278669,0.0,0.0,0.0,0.0
6.092118711,0.01,0.0,0.01,0.0
6.093365135,0.0,0.0,0.01,0.01
6.094121747,0.0,0.01,0.0,0.01
6.095285017,0.0,0.0,0.0,0.01
6.097141785000001,0.0,0.0,0.0,0.0
6.098206332,0.0,0.01,0.01,0.0
6.099251558000001,0.0,0.01,0.0,0.0
6.1002530450000005,0.0,0.0,0.0,0.01
6.101177385000001,0.0,0.0,0.01,0.0
6.10212963,0.0,0.0,0.01,0.0
6.103371823000001,0.01,0.01,0.0,0.0
6.10412098,0.0,0.0,0.0,0.0
6.105423015,0.0,0.01,0.0,0.0
6.106084192,0.0,0.0,0.0,0.0
6.107291926,0.0,0.01,0.0,0.0
6.108079719,0.0,0.01,0.0,0.0
6.109319089,0.0,0.0,0.0,0.0
6.111375014,0.0,0.01,0.0,0.01
6.112084328000001,0.0,0.0,0.02,0.0
6.113384204000001,0.0,0.0,0.0,0.0
6.114079806,0.0,0.0,0.0,0.0
6.115381501000001,0.0,0.0,0.02,0.0
6.116077616,0.01,0.0,0.0,0.0
6.117384471,0.01,0.03,0.01,0.0
6.11812364,0.0,0.0,0.0,0.0
6.119410019,0.0,0.0,0.02,0.01
6.12007951,0.0,0.0,0.0,0.0
6.121267386,0.0,0.01,0.0,0.0
6.122171607,0.01,0.0,0.0,0.0
6.123376079000001,0.0,0.0,0.01,0.0
6.124183784,0.0,0.0,0.01,0.02
6.126268407,0.0,0.01,0.0,0.0
6.127096095000001,0.0,0.0,0.0,0.0
6.1281568140000005,0.0,0.01,0.01,0.0
6.129123731,0.0,0.01,0.01,0.0
6.130378793,0.0,0.01,0.0,0.01
6.1311239120000005,0.0,0.0,0.0,0.01
6.1323751920000005,0.0,0.0,0.0,0.0
6.133078888,0.01,0.0,0.01,0.01
6.134292591,0.0,0.01,0.0,0.0
6.135134333000001,0.01,0.01,0.0,0.0
6.136287412000001,0.0,0.0,0.0,0.0
6.137175485,0.0,0.01,0.0,0.0
6.138399528000001,0.0,0.01,0.0,0.0
6.139114213,0.0,0.01,0.0,0.0
6.141378958000001,0.0,0.01,0.0,0.0
6.142138334,0.01,0.01,0.01,0.0
6.143374977000001,0.01,0.01,0.0,0.0
6.144120415000001,0.0,0.01,0.01,0.0
6.1453734,0.01,0.01,0.0,0.0
6.1460787130000005,0.0,0.02,0.0,0.0
6.14738264,0.0,0.0,0.0,0.0
6.148111622,0.0,0.0,0.03,0.01
6.14934473,0.0,0.01,0.0,0.0
6.150126202,0.0,0.02,0.0,0.0
6.151293176,0.0,0.01,0.0,0.0
6.152150691,0.0,0.01,0.0,0.0
6.153358010000001,0.0,0.01,0.01,0.0
6.154135484,0.0,0.01,0.0,0.0
6.155402325000001,0.0,0.02,0.0,0.0
6.157340707,0.0,0.02,0.01,0.01
6.1580884760000005,0.0,0.02,0.01,0.01
6.159366840000001,0.0,0.02,0.0,0.0
6.160130212,0.01,0.03,0.0,0.0
6.161360985,0.0,0.02,0.0,0.0
6.162089252,0.0,0.02,0.0,0.0
6.163365463000001,0.01,0.02,0.0,0.01
6.164089774000001,0.0,0.02,0.0,0.0
6.165416439,0.0,0.02,0.0,0.0
6.166088017000001,0.0,0.02,0.01,0.0
6.167288386,0.0,0.02,0.0,0.0
6.168185043,0.0,0.01,0.0,0.0
6.169338375000001,0.0,0.01,0.0,0.0
6.171368922,0.0,0.01,0.0,0.0
6.172092969,0.0,0.01,0.0,0.0
6.17336286,0.01,0.05,0.0,0.0
6.1740934890000005,0.0,0.01,0.0,0.01
6.17536531,0.0,0.01,0.01,0.0
6.176087148000001,0.0,0.01,0.01,0.0
6.1773746240000005,0.0,0.02,0.0,0.0
6.178107396000001,0.0,0.0,0.0,0.0
6.179363253,0.01,0.01,0.01,0.01
6.180147809,0.0,0.01,0.0,0.0
6.181277764000001,0.0,0.01,0.0,0.0
6.182158982000001,0.01,0.01,0.01,0.0
6.183357011,0.0,0.01,0.0,0.01
6.1853892660000005,0.0,0.0,0.0,0.0
6.1860935040000005,0.0,0.0,0.01,0.0
6.187354536,0.0,0.0,0.01,0.0
6.188105539,0.0,0.0,0.0,0.0
6.189421790000001,0.0,0.0,0.0,0.0
6.1901015610000005,0.0,0.01,0.0,0.0
6.191363913,0.0,0.0,0.01,0.0
6.192092876,0.0,0.0,0.0,0.0
6.193374444000001,0.0,0.0,0.0,0.0
6.194094767,0.01,0.0,0.0,0.0
6.195146273000001,0.0,0.0,0.0,0.0
6.196161785,0.0,0.01,0.0,0.0
6.198332019,0.0,0.01,0.0,0.0
6.199153729000001,0.0,0.01,0.0,0.0
6.200231055000001,0.0,0.0,0.0,0.0
6.201127658000001,0.0,0.0,0.0,0.0
6.202220148,0.0,0.0,0.01,0.0
6.203225067,0.0,0.0,0.0,0.01
6.2042134870000005,0.0,0.0,0.01,0.01
6.2053657630000005,0.0,0.0,0.0,0.0
6.206101662,0.0,0.0,0.0,0.01
6.207360203,0.0,0.01,0.0,0.01
6.2081200370000005,0.02,0.01,0.0,0.01
6.2093591550000005,0.0,0.01,0.0,0.0
6.210118809000001,0.01,0.01,0.0,0.0
6.211409166,0.0,0.0,0.01,0.01
6.212086772,0.0,0.01,0.0,0.0
6.213367225000001,0.0,0.0,0.01,0.03
6.2140923290000005,0.0,0.01,0.01,0.01
6.216356801000001,0.0,0.01,0.0,0.0
6.217129234000001,0.0,0.02,0.0,0.01
6.218201841,0.0,0.01,0.01,0.0
6.219168725,0.0,0.01,0.0,0.0
6.220205581,0.0,0.01,0.0,0.0
6.221174245,0.0,0.01,0.0,0.0
6.222219272,0.01,0.01,0.0,0.0
6.223170542,0.0,0.02,0.0,0.0
6.224178023,0.0,0.02,0.0,0.0
6.225209667000001,0.0,0.01,0.0,0.0
6.226248368,0.0,0.01,0.0,0.0
6.2272676030000005,0.0,0.01,0.0,0.0
6.228215444000001,0.0,0.02,0.0,0.0
6.229199965,0.01,0.02,0.02,0.0
6.231422979,0.0,0.02,0.0,0.0
6.232273495,0.0,0.02,0.0,0.0
6.233195364,0.0,0.01,0.01,0.0
6.23417315,0.01,0.02,0.0,0.0
6.235213563,0.0,0.02,0.0,0.0
6.236173256000001,0.0,0.01,0.0,0.0
6.237196013,0.0,0.01,0.0,0.0
6.238183727,0.0,0.01,0.0,0.0
6.239206085,0.0,0.01,0.01,0.0
6.240164664000001,0.0,0.01,0.0,0.0
6.241334142,0.0,0.01,0.01,0.0
6.242134944,0.0,0.0,0.0,0.0
6.243307348,0.0,0.01,0.02,0.01
6.244125370000001,0.02,0.01,0.0,0.0
6.245349795,0.0,0.0,0.0,0.0
6.247347522,0.0,0.03,0.0,0.02
6.248113645,0.01,0.01,0.0,0.01
6.249346169000001,0.0,0.02,0.0,0.0
6.250102604,0.0,0.02,0.0,0.0
6.2512518450000005,0.0,0.03,0.0,0.0
6.252157712000001,0.0,0.03,0.0,0.0
6.253115587000001,0.0,0.03,0.0,0.0
6.2540913080000005,0.0,0.04,0.01,0.0
6.255156948000001,0.0,0.04,0.01,0.0
6.256145466,0.0,0.04,0.0,0.0
6.257121122,0.0,0.05,0.01,0.01
6.2582476520000005,0.0,0.04,0.0,0.0
6.259111062000001,0.0,0.03,0.0,0.01
6.260242338,0.0,0.03,0.0,0.0
6.262303043,0.0,0.03,0.01,0.0
6.263098983000001,0.0,0.02,0.01,0.0
6.264217416,0.0,0.14,0.0,0.0
6.265228665,0.0,0.14,0.01,0.01
6.266222874,0.0,0.2,0.0,0.0
6.267213734,0.0,0.18,0.0,0.0
6.268212696,0.0,0.17,0.0,0.0
6.269193914000001,0.0,0.16,0.0,0.0
6.270353523000001,0.0,0.28,0.0,0.0
6.271103371000001,0.0,0.3,0.0,0.0
6.2722640610000004,0.0,0.3,0.0,0.0
6.273143279,0.0,0.29,0.01,0.0
6.274237578,0.0,0.28,0.01,0.01
6.275234191,0.0,0.27,0.02,0.0
6.277368008000001,0.0,0.25,0.0,0.0
6.278099500000001,0.0,0.31,0.01,0.0
6.279231768000001,0.01,0.31,0.0,0.0
6.28021604,0.0,0.33,0.0,0.0
6.281336503,0.0,0.32,0.0,0.0
6.282363959,0.0,0.33,0.0,0.0
6.283123714,0.0,0.32,0.01,0.0
6.284215703,0.0,0.32,0.0,0.01
6.285155619,0.01,0.34,0.0,0.0
6.286377733,0.0,0.34,0.0,0.0
6.287140363000001,0.0,0.33,0.0,0.0
6.288189335,0.0,0.3,0.0,0.0
6.289216657000001,0.0,0.31,0.01,0.0
6.2903800290000005,0.0,0.28,0.0,0.0
6.292382738000001,0.0,0.29,0.0,0.01
6.2931978840000005,0.01,0.32,0.01,0.0
6.294198434,0.0,0.32,0.0,0.0
6.295198693000001,0.0,0.29,0.01,0.0
6.296212792,0.0,0.3,0.0,0.01
6.297225607000001,0.0,0.3,0.0,0.0
6.29824533,0.0,0.3,0.0,0.0
6.299295665000001,0.0,0.3,0.0,0.0
6.3002149140000006,0.0,0.3,0.01,0.0
6.301218974,0.0,0.31,0.0,0.0
6.302208163,0.0,0.31,0.0,0.0
6.303211063,0.0,0.32,0.01,0.01
6.304211501,0.0,0.33,0.01,0.0
6.305211259,0.0,0.33,0.0,0.0
6.307436777,0.0,0.35,0.0,0.0
6.308296042,0.0,0.34,0.0,0.0
6.309177672000001,0.0,0.35,0.0,0.02
6.310181638,0.01,0.35,0.0,0.0
6.3111987670000005,0.0,0.35,0.0,0.0
6.3121691900000005,0.0,0.37,0.0,0.0
6.3134206840000004,0.0,0.37,0.0,0.0
6.314150593000001,0.0,0.39,0.0,0.0
6.3151322930000005,0.0,0.38,0.0,0.0
6.31615892,0.0,0.37,0.01,0.0
6.317186204,0.0,0.37,0.01,0.0
6.318193269,0.0,0.38,0.01,0.0
6.319166906,0.0,0.39,0.0,0.0
6.320207723,0.0,0.39,0.01,0.0
6.322507224000001,0.0,0.39,0.0,0.0
6.323680169,0.0,0.39,0.01,0.0
6.324704122,0.0,0.55,0.0,0.0
6.32563415,0.0,0.56,0.01,0.0
6.326483732000001,0.0,0.58,0.0,0.0
6.327295776000001,0.0,0.58,0.01,0.0
6.328214732,0.0,0.59,0.0,0.0
6.329186276000001,0.0,0.59,0.0,0.01
6.330184233000001,0.0,0.59,0.0,0.01
6.331174182000001,0.0,0.59,0.01,0.0
6.3321781580000005,0.0,0.6,0.01,0.0
6.333173621,0.0,0.6,0.02,0.01
6.334186163,0.01,0.62,0.0,0.0
6.335193537,0.01,0.63,0.0,0.0
6.337361628,0.0,0.65,0.0,0.0
6.338163156,0.0,0.65,0.0,0.0
6.339212187,0.0,0.67,0.0,0.0
6.340199031,0.01,0.69,0.01,0.0
6.3413734690000005,0.0,0.69,0.0,0.0
6.342128297,0.0,0.71,0.0,0.0
6.343333816,0.01,0.72,0.01,0.02
6.344164914,0.0,0.73,0.0,0.0
6.3453011550000005,0.0,0.75,0.0,0.0
6.346138818,0.0,0.76,0.0,0.0
6.347255258000001,0.01,0.77,0.0,0.0
6.348150157,0.01,0.79,0.0,0.0
6.349263076000001,0.0,0.77,0.0,0.0
6.35126665,0.0,0.79,0.02,0.0
6.352303333,0.0,0.79,0.0,0.0
6.353305985,0.0,0.86,0.0,0.0
6.354365737,0.01,0.88,0.0,0.0
6.355159552000001,0.0,0.88,0.0,0.0
6.356210596,0.0,0.87,0.01,0.01
6.357200065000001,0.0,0.9,0.0,0.0
6.358202488000001,0.0,0.89,0.0,0.0
6.359209857000001,0.0,0.84,0.01,0.0
6.360176040000001,0.0,0.85,0.0,0.0
6.361138761,0.0,0.85,0.01,0.0
6.362285268000001,0.0,0.86,0.0,0.0
6.363118711,0.0,0.86,0.0,0.01
6.364350369,0.0,0.88,0.0,0.02
6.366347823000001,0.0,0.89,0.0,0.01
6.367118911,0.0,0.92,0.0,0.0
6.368349112000001,0.0,0.91,0.01,0.0
6.369114569000001,0.0,0.93,0.0,0.0
6.370356937,0.01,0.92,0.01,0.0
6.3711111570000005,0.0,0.94,0.01,0.0
6.372363535000001,0.01,0.94,0.0,0.0
6.373106571,0.0,0.94,0.0,0.0
6.374342082,0.0,0.95,0.0,0.0
6.375109151,0.0,1.02,0.0,0.01
6.376300184000001,0.0,0.97,0.0,0.0
6.377151213,0.01,0.97,0.0,0.0
6.378150635000001,0.01,0.97,0.0,0.01
6.379152685,0.0,0.97,0.0,0.0
6.380259485000001,0.04,0.98,0.01,0.0
6.382350086000001,0.0,0.98,0.0,0.0
6.383096465,0.0,1.01,0.0,0.0
6.384285524,0.0,1.01,0.01,0.0
6.385163953,0.0,1.01,0.0,0.01
6.386362727000001,0.0,1.02,0.0,0.0
6.3871119610000004,0.0,1.02,0.0,0.01
6.388370018000001,0.0,1.05,0.0,0.0
6.389136409000001,0.0,1.07,0.0,0.0
6.3902147760000005,0.0,1.07,0.01,0.0
6.3911998940000005,0.0,1.08,0.0,0.01
6.392220341000001,0.0,1.1,0.01,0.0
6.393178233,0.0,1.11,0.0,0.0
6.3941871400000005,0.0,1.11,0.0,0.0
6.396518851000001,0.0,1.12,0.0,0.0
6.397694231,0.0,1.12,0.0,0.0
6.398682798,0.0,1.14,0.01,0.0
6.399589545,0.0,1.13,0.0,0.0
6.400398051000001,0.0,1.14,0.01,0.0
6.40113234,0.01,1.14,0.01,0.0
6.402208337,0.01,1.14,0.0,0.0
6.403175476,0.0,1.13,0.0,0.01
6.4041828910000005,0.0,1.14,0.0,0.01
6.405180550000001,0.0,1.09,0.0,0.0
6.406173232,0.0,1.14,0.0,0.01
6.4071727,0.0,1.12,0.0,0.01
6.408171204,0.01,1.13,0.01,0.0
6.409337662,0.0,1.14,0.01,0.0
6.41013943,0.0,1.13,0.01,0.0
6.412199566,0.0,1.13,0.0,0.0
6.413197506,0.01,1.12,0.0,0.0
6.414219063,0.0,1.13,0.0,0.01
6.415346995,0.0,1.12,0.0,0.01
6.416111412,0.0,1.13,0.0,0.0
6.417336410000001,0.0,1.08,0.01,0.0
6.418111982,0.01,1.09,0.0,0.0
6.419218805000001,0.0,1.09,0.0,0.0
6.420180919000001,0.0,1.09,0.01,0.0
6.421252708000001,0.0,1.1,0.0,0.0
6.422152749,0.0,1.1,0.0,0.0
6.423295303000001,0.01,1.09,0.0,0.0
6.42410376,0.01,1.1,0.01,0.0
6.425317421000001,0.0,1.09,0.0,0.0
6.427343111000001,0.0,1.09,0.0,0.02
6.428120612000001,0.0,1.13,0.01,0.01
6.429214043,0.0,1.14,0.0,0.0
6.430205048,0.01,1.13,0.0,0.0
6.431199800000001,0.0,1.13,0.0,0.01
6.432206767,0.0,1.13,0.01,0.02
6.433191202000001,0.0,1.13,0.0,0.0
6.434136863,0.0,1.13,0.01,0.0
6.435336867,0.0,1.14,0.0,0.01
6.436284683,0.01,1.15,0.0,0.0
6.437129357000001,0.0,1.15,0.02,0.0
6.438135859,0.01,1.15,0.0,0.0
6.439158257000001,0.0,1.15,0.0,0.01
6.440113564000001,0.0,1.15,0.01,0.0
6.442400897000001,0.0,1.15,0.0,0.0
6.4432484290000005,0.0,1.16,0.01,0.0
6.4441897180000005,0.01,1.16,0.0,0.0
6.445190913,0.0,1.16,0.01,0.0
6.44620332,0.0,1.16,0.0,0.0
6.4471777580000005,0.0,1.16,0.0,0.0
6.4481344940000005,0.0,1.16,0.0,0.0
6.449355302000001,0.01,1.17,0.01,0.0
6.450149758,0.0,1.17,0.0,0.01
6.451239897000001,0.0,1.17,0.0,0.0
6.452156362,0.0,1.17,0.0,0.0
6.4532850790000005,0.0,1.17,0.0,0.0
6.454137752,0.0,1.18,0.0,0.0
6.455325005000001,0.01,1.19,0.0,0.0
6.457349016,0.0,1.19,0.0,0.0
6.4581101290000005,0.0,1.18,0.02,0.0
6.459233466000001,0.0,1.2,0.0,0.01
6.460358481,0.0,1.19,0.0,0.0
6.461097819000001,0.0,1.21,0.0,0.0
6.462370551,0.0,1.2,0.0,0.01
6.463096780000001,0.0,1.21,0.01,0.01
6.464380313,0.0,1.22,0.01,0.0
6.465094459,0.0,1.21,0.01,0.0
6.466441803,0.0,1.22,0.0,0.0
6.467095278,0.01,1.21,0.02,0.0
6.468276191,0.0,1.2,0.0,0.0
6.469187478,0.0,1.21,0.0,0.0
6.470253497000001,0.0,1.21,0.01,0.01
6.472357315,0.0,1.21,0.0,0.0
6.473114131,0.0,1.21,0.0,0.0
6.474322044,0.0,1.2,0.0,0.0
6.475097095000001,0.01,1.21,0.0,0.01
6.4761679580000004,0.0,1.21,0.0,0.0
6.47735869,0.0,1.21,0.0,0.0
6.478128026,0.0,1.21,0.0,0.0
6.479363689,0.0,1.21,0.0,0.01
6.480093174,0.0,1.21,0.0,0.0
6.481263384,0.0,1.21,0.0,0.0
6.482116266,0.0,1.21,0.0,0.0
6.483309966,0.0,1.21,0.0,0.0
6.484091848,0.0,1.22,0.0,0.01
6.4853580090000005,0.0,1.22,0.0,0.0
6.487370127,0.0,1.22,0.0,0.0
6.488133660000001,0.0,1.22,0.0,0.0
6.489366778000001,0.0,1.22,0.0,0.0
6.490100708000001,0.0,1.22,0.0,0.0
6.491364328,0.0,1.22,0.01,0.0
6.4920943090000005,0.02,1.26,0.0,0.01
6.493377371,0.0,1.23,0.0,0.01
6.4941095550000005,0.01,1.23,0.0,0.0
6.495458621,0.0,1.24,0.01,0.0
6.496089354,0.0,1.22,0.0,0.01
6.497252703,0.0,1.23,0.01,0.0
6.498244491,0.0,1.24,0.01,0.0
6.4991511200000005,0.01,1.24,0.0,0.0
6.500147381000001,0.0,1.25,0.0,0.0
6.501373696000001,0.0,1.25,0.0,0.0
6.5032552820000005,0.0,1.24,0.0,0.01
6.504164666,0.0,1.24,0.0,0.0
6.505376695000001,0.0,1.24,0.01,0.0
6.506089813,0.0,1.25,0.0,0.0
6.507366960000001,0.0,1.25,0.0,0.01
6.508086866,0.0,1.26,0.01,0.0
6.509384563,0.0,1.26,0.0,0.0
6.510089342000001,0.0,1.26,0.0,0.0
6.511249,0.01,1.27,0.01,0.01
6.512087355,0.0,1.26,0.01,0.0
6.513258506000001,0.0,1.27,0.0,0.0
6.514153215,0.0,1.26,0.0,0.0
6.515410974000001,0.0,1.27,0.01,0.0
6.517417834000001,0.0,1.26,0.0,0.01
6.518096479,0.0,1.27,0.0,0.0
6.519365044000001,0.0,1.28,0.0,0.01
6.5201409550000005,0.0,1.28,0.01,0.0
6.521382815000001,0.0,1.27,0.0,0.0
6.522094142,0.0,1.27,0.0,0.0
6.523417578,0.0,1.28,0.01,0.01
6.524090467000001,0.01,1.29,0.0,0.0
6.525426818000001,0.0,1.28,0.03,0.0
6.526091443,0.0,1.28,0.0,0.0
6.527254630000001,0.0,1.27,0.01,0.01
6.528171918000001,0.01,1.31,0.0,0.0
6.529259489,0.0,1.28,0.0,0.01
6.530177913,0.0,1.29,0.02,0.0
6.531281231,0.01,1.29,0.0,0.0
6.533364119000001,0.0,1.3,0.0,0.01
6.534132646000001,0.01,1.3,0.0,0.0
6.535364703000001,0.0,1.29,0.0,0.0
6.536087256,0.0,1.3,0.01,0.0
6.5373716470000005,0.0,1.3,0.0,0.0
6.538090927000001,0.0,1.3,0.0,0.0
6.539279278,0.0,1.3,0.0,0.0
6.5400994390000005,0.0,1.3,0.0,0.0
6.541237726,0.0,1.3,0.0,0.0
6.542121697000001,0.0,1.3,0.01,0.0
6.543288867,0.0,1.3,0.01,0.0
6.544168743,0.01,1.3,0.01,0.0
6.545261809,0.0,1.3,0.01,0.0
6.546225433,0.01,1.3,0.0,0.0
6.5483569930000005,0.0,1.31,0.0,0.0
6.549097066000001,0.0,1.31,0.0,0.0
6.550389249,0.0,1.31,0.0,0.01
6.551094005,0.0,1.31,0.0,0.0
6.552355425,0.01,1.3,0.01,0.01
6.5530956520000005,0.0,1.31,0.0,0.0
6.554366893,0.0,1.32,0.01,0.0
6.555126153000001,0.0,1.31,0.0,0.0
6.556320274000001,0.0,1.32,0.01,0.01
6.557144675,0.0,1.31,0.0,0.0
6.5582808660000005,0.0,1.31,0.0,0.0
6.55913402,0.0,1.33,0.01,0.0
6.560261913000001,0.0,1.33,0.0,0.01
6.561226673,0.0,1.31,0.01,0.0
6.56335429,0.0,1.31,0.0,0.0
6.564099938,0.01,1.32,0.0,0.0
6.565353467,0.01,1.31,0.01,0.0
6.566100917,0.0,1.31,0.0,0.0
6.567438346,0.0,1.32,0.0,0.0
6.568096849000001,0.0,1.32,0.0,0.0
6.56935887,0.0,1.32,0.01,0.0
6.570098692,0.0,1.32,0.0,0.0
6.571247748,0.0,1.32,0.01,0.0
6.572097759,0.0,1.32,0.0,0.0
6.573264547000001,0.0,1.32,0.02,0.0
6.574170533,0.0,1.31,0.0,0.0
6.575355715000001,0.0,1.33,0.0,0.0
6.577360173000001,0.0,1.32,0.0,0.0
6.57810351,0.01,1.33,0.01,0.0
6.579357376000001,0.0,1.33,0.0,0.01
6.580108207,0.0,1.33,0.01,0.0
6.5813684640000005,0.0,1.34,0.0,0.0
6.582104445000001,0.01,1.32,0.0,0.01
6.583368639000001,0.01,1.33,0.0,0.0
6.584097334,0.0,1.32,0.0,0.0
6.585413291,0.0,1.33,0.01,0.0
6.586100257,0.01,1.33,0.0,0.0
6.587251204,0.01,1.33,0.04,0.0
6.588096688,0.0,1.34,0.01,0.0
6.589322437000001,0.0,1.33,0.0,0.0
6.5901568070000005,0.0,1.34,0.01,0.01
6.591267148,0.0,1.34,0.0,0.0
6.593210958,0.0,1.33,0.01,0.0
6.594126903,0.0,1.33,0.0,0.0
6.595140762000001,0.0,1.33,0.01,0.0
6.596232651,0.0,1.32,0.0,0.01
6.597095231000001,0.0,1.33,0.01,0.0
6.598353512,0.0,1.33,0.01,0.0
6.599105554,0.0,1.34,0.0,0.0
6.600393003000001,0.0,1.33,0.01,0.0
6.601105288,0.0,1.33,0.01,0.0
6.602283621000001,0.0,1.33,0.0,0.01
6.603141740000001,0.01,1.33,0.01,0.0
6.604341988000001,0.0,1.34,0.0,0.0
6.6063456910000005,0.01,1.34,0.0,0.0
6.607155904000001,0.0,1.33,0.0,0.0
6.608345427000001,0.0,1.33,0.01,0.0
6.60912052,0.01,1.33,0.0,0.0
6.610338725,0.0,1.34,0.0,0.01
6.611111907000001,0.0,1.34,0.0,0.0
6.612309765,0.0,1.34,0.0,0.0
6.61310995,0.0,1.34,0.0,0.0
6.6143993000000005,0.01,1.34,0.01,0.0
6.615106289000001,0.0,1.33,0.01,0.0
6.616293571000001,0.0,1.33,0.0,0.0
6.6170980660000005,0.0,1.33,0.0,0.0
6.618292993000001,0.0,1.34,0.0,0.0
6.619118975,0.01,1.33,0.02,0.0
6.620374181000001,0.0,1.34,0.0,0.01
6.622247377000001,0.0,1.34,0.0,0.0
6.623093911000001,0.01,1.33,0.0,0.0
6.624313478,0.0,1.34,0.0,0.01
6.625133759000001,0.0,1.34,0.0,0.02
6.626347714,0.0,1.34,0.0,0.0
6.627097047,0.0,1.34,0.0,0.0
6.628255825,0.0,1.34,0.0,0.0
6.629101840000001,0.0,1.34,0.0,0.0
6.630391970000001,0.0,1.34,0.01,0.01
6.631094609000001,0.0,1.34,0.0,0.0
6.6322533560000005,0.0,1.35,0.0,0.0
6.633129135000001,0.0,1.34,0.0,0.0
6.634336221000001,0.0,1.34,0.0,0.0
6.635145707,0.0,1.34,0.0,0.0
6.636361164,0.0,1.34,0.0,0.0
6.638361251,0.0,1.35,0.0,0.01
6.639100509,0.0,1.34,0.01,0.0
6.640362154000001,0.0,1.34,0.0,0.0
6.641094827000001,0.01,1.35,0.0,0.01
6.642365155,0.01,1.35,0.0,0.01
6.643120016,0.0,1.34,0.0,0.0
6.644344898000001,0.0,1.34,0.0,0.0
6.645137341000001,0.01,1.35,0.01,0.0
6.6463340120000005,0.0,1.35,0.0,0.0
6.6471375440000005,0.0,1.35,0.0,0.0
6.648241091,0.0,1.35,0.02,0.0
6.649170452000001,0.0,1.35,0.0,0.03
6.650430773,0.0,1.35,0.01,0.0
6.652374161,0.0,1.35,0.0,0.0
6.6530965580000005,0.0,1.35,0.0,0.0
6.654354556,0.01,1.35,0.01,0.01
6.655096256,0.0,1.35,0.01,0.01
6.6562101600000005,0.0,1.35,0.0,0.0
6.657203067,0.0,1.35,0.01,0.0
6.658199401,0.01,1.35,0.0,0.0
6.659231775,0.0,1.35,0.0,0.01
6.660177023,0.0,1.35,0.0,0.0
6.661171530000001,0.0,1.35,0.0,0.0
6.662204605,0.0,1.35,0.0,0.01
6.6631957040000005,0.01,1.35,0.0,0.0
6.664214881,0.0,1.36,0.01,0.0
6.665243929000001,0.0,1.35,0.0,0.01
6.6662941280000005,0.0,1.36,0.0,0.0
6.668247937,0.01,1.36,0.01,0.0
6.669224935000001,0.0,1.35,0.0,0.0
6.670223527,0.01,1.35,0.01,0.0
6.671238044000001,0.0,1.36,0.0,0.0
6.672283525,0.0,1.35,0.01,0.0
6.673259897,0.0,1.36,0.0,0.0
6.674207853,0.0,1.35,0.0,0.01
6.675191361,0.0,1.31,0.01,0.0
6.676193834,0.0,1.35,0.0,0.0
6.6771820690000006,0.01,1.36,0.01,0.0
6.678163720000001,0.0,1.35,0.0,0.0
6.679194030000001,0.0,1.35,0.01,0.0
6.680137992000001,0.01,1.35,0.0,0.0
6.682362297,0.0,1.36,0.0,0.0
6.683207392000001,0.0,1.35,0.0,0.01
6.684434597,0.0,1.35,0.0,0.0
6.685223523,0.0,1.35,0.0,0.0
6.686185529,0.01,1.36,0.0,0.01
6.687189418,0.0,1.35,0.0,0.0
6.688200339000001,0.0,1.35,0.0,0.0
6.689227890000001,0.0,1.36,0.0,0.0
6.690244771000001,0.0,1.35,0.0,0.0
6.691336394,0.0,1.36,0.0,0.0
6.692392209,0.0,1.35,0.0,0.0
6.693602705,0.0,1.35,0.0,0.0
6.694460074,0.0,1.35,0.01,0.0
6.695195037,0.0,1.35,0.0,0.01
6.6961789110000005,0.0,1.37,0.01,0.0
6.698427153000001,0.0,1.35,0.01,0.0
6.6992606420000005,0.0,1.35,0.0,0.01
6.700195291,0.0,1.35,0.0,0.0
6.701210015,0.0,1.35,0.0,0.0
6.702193736000001,0.0,1.36,0.0,0.0
6.7032055,0.0,1.35,0.0,0.02
6.704229366000001,0.0,1.34,0.01,0.0
6.705301883000001,0.0,1.37,0.0,0.0
6.706286936000001,0.01,1.36,0.0,0.0
6.707209694,0.0,1.36,0.0,0.0
6.708177576000001,0.01,1.35,0.01,0.01
6.709165996,0.0,1.35,0.0,0.0
6.710199795,0.0,1.35,0.0,0.0
6.712388332000001,0.0,1.35,0.0,0.01
6.7132196230000005,0.0,1.36,0.0,0.0
6.714170904,0.0,1.36,0.0,0.0
6.715178165,0.0,1.35,0.01,0.0
6.716217577,0.0,1.35,0.0,0.0
6.717193997000001,0.0,1.36,0.0,0.0
6.718204058,0.0,1.35,0.0,0.0
6.719208517,0.0,1.35,0.0,0.0
6.720182804,0.0,1.35,0.0,0.0
6.7213734370000005,0.0,1.36,0.0,0.01
6.722130356,0.0,1.36,0.01,0.0
6.723311461000001,0.0,1.37,0.02,0.0
6.724119674000001,0.0,1.36,0.0,0.0
6.725386756000001,0.0,1.37,0.0,0.0
6.727415046000001,0.01,1.36,0.0,0.0
6.728104848,0.0,1.36,0.0,0.0
6.729184738000001,0.0,1.37,0.01,0.0
6.730364173000001,0.0,1.37,0.01,0.0
6.731094687000001,0.0,1.38,0.0,0.0
6.732457653,0.0,1.38,0.0,0.0
6.7330888710000005,0.0,1.4,0.01,0.0
6.734274196,0.0,1.39,0.01,0.0
6.735145480000001,0.0,1.39,0.0,0.0
6.7365040060000005,0.0,1.39,0.07,0.01
6.7370894770000005,0.0,1.37,0.0,0.0
6.738300838000001,0.0,1.38,0.01,0.01
6.7391158760000005,0.0,1.38,0.01,0.0
6.740175632000001,0.05,1.39,0.01,0.0
6.741131345,0.0,1.38,0.01,0.0
6.743127781,0.0,1.37,0.0,0.0
6.744252829000001,0.0,1.39,0.0,0.0
6.74523268,0.0,1.4,0.01,0.0
6.7461498550000005,0.0,1.41,0.01,0.0
6.7472930170000005,0.0,1.39,0.0,0.0
6.748107935,0.0,1.4,0.0,0.0
6.7493512110000005,0.0,1.39,0.0,0.01
6.750096029000001,0.01,1.39,0.0,0.0
6.7512515650000005,0.0,1.39,0.01,0.01
6.752189146,0.01,1.4,0.01,0.0
6.753163981,0.0,1.4,0.01,0.0
6.754305118,0.0,1.4,0.0,0.0
6.755119967000001,0.0,1.41,0.01,0.0
6.757384794,0.01,1.42,0.0,0.0
6.758226663,0.0,1.42,0.0,0.0
6.759175128000001,0.0,1.43,0.0,0.0
6.760177105,0.0,1.42,0.01,0.0
6.761195246000001,0.0,1.41,0.0,0.0
6.762211209,0.0,1.42,0.0,0.0
6.763232752,0.0,1.42,0.02,0.0
6.764311103000001,0.0,1.42,0.0,0.0
6.765261144,0.01,1.42,0.01,0.01
6.766269510000001,0.0,1.42,0.0,0.0
6.7672308910000005,0.0,1.41,0.0,0.0
6.768193635,0.0,1.42,0.0,0.01
6.769172829,0.0,1.42,0.0,0.0
6.770170163,0.0,1.42,0.01,0.0
6.772389524,0.0,1.41,0.0,0.0
6.7731592130000005,0.0,1.42,0.0,0.01
6.77417533,0.0,1.41,0.0,0.0
6.775162216,0.0,1.44,0.0,0.0
6.776169938000001,0.0,1.42,0.0,0.0
6.77718225,0.0,1.43,0.0,0.0
6.7781706360000005,0.0,1.41,0.0,0.0
6.779241923000001,0.01,1.44,0.0,0.0
6.780146398,0.01,1.43,0.01,0.0
6.781221220000001,0.0,1.42,0.01,0.0
6.782197895,0.0,1.41,0.01,0.0
6.7831952300000005,0.0,1.41,0.0,0.01
6.784184382,0.0,1.42,0.0,0.0
6.785193658000001,0.0,1.42,0.0,0.0
6.786218894,0.0,1.42,0.01,0.0
6.788509368000001,0.01,1.42,0.0,0.0
6.789601082000001,0.0,1.41,0.0,0.0
6.790484887000001,0.01,1.42,0.01,0.0
6.791281874,0.0,1.41,0.0,0.0
6.792206093000001,0.0,1.41,0.0,0.0
6.793184393000001,0.0,1.43,0.01,0.01
6.794197919,0.0,1.43,0.0,0.0
6.79519784,0.0,1.41,0.0,0.0
6.796202174,0.0,1.42,0.0,0.0
6.797181220000001,0.01,1.42,0.0,0.0
6.798168250000001,0.0,1.41,0.01,0.0
6.799181631000001,0.0,1.42,0.0,0.0
6.800223634000001,0.01,1.42,0.0,0.0
6.802373855000001,0.0,1.42,0.0,0.01
6.803208885,0.0,1.43,0.0,0.0
6.804170014,0.0,1.42,0.0,0.0
6.805192249,0.01,1.42,0.0,0.0
6.8061909840000006,0.0,1.45,0.02,0.0
6.807193929,0.0,1.41,0.0,0.0
6.808159446,0.0,1.43,0.0,0.01
6.8093665240000005,0.0,1.42,0.01,0.0
6.810141182000001,0.0,1.42,0.0,0.0
6.8113072610000005,0.01,1.41,0.01,0.0
6.812121179,0.0,1.42,0.01,0.0
6.813279446,0.0,1.42,0.0,0.01
6.814127045,0.0,1.41,0.04,0.0
6.815354996000001,0.0,1.42,0.0,0.0
6.817345534,0.0,1.42,0.06,0.0
6.818112879,0.01,1.42,0.01,0.01
6.819362204000001,0.0,1.42,0.0,0.0
6.820124385000001,0.01,1.43,0.01,0.0
6.821343121000001,0.0,1.42,0.0,0.0
6.822119034000001,0.01,1.42,0.01,0.0
6.823315271,0.0,1.42,0.0,0.0
6.824106425,0.0,1.42,0.0,0.0
6.825367025,0.0,1.42,0.0,0.0
6.826099707,0.01,1.42,0.0,0.0
6.827325122,0.0,1.42,0.0,0.0
6.828097415,0.01,1.42,0.01,0.01
6.82927673,0.0,1.42,0.0,0.0
6.830149946000001,0.0,1.42,0.0,0.0
6.831314214000001,0.0,1.41,0.01,0.0
6.833350577,0.0,1.42,0.0,0.01
6.834111498,0.0,1.42,0.0,0.0
6.8353671590000005,0.01,1.43,0.01,0.0
6.836111905,0.01,1.43,0.0,0.0
6.837349563,0.0,1.43,0.0,0.0
6.838108749000001,0.01,1.42,0.0,0.0
6.839285172,0.0,1.42,0.01,0.0
6.840174335,0.0,1.42,0.01,0.0
6.841354494000001,0.0,1.42,0.0,0.0
6.8420963850000005,0.0,1.42,0.0,0.0
6.8432626370000005,0.0,1.43,0.0,0.0
6.844142231,0.0,1.42,0.0,0.0
6.845171497000001,0.0,1.43,0.01,0.0
6.846133641000001,0.0,1.42,0.0,0.0
6.847368204,0.0,1.42,0.01,0.0
6.849368202000001,0.0,1.43,0.0,0.01
6.850096528000001,0.0,1.42,0.01,0.0
6.8511520400000006,0.0,1.42,0.01,0.01
6.8523587070000005,0.0,1.43,0.0,0.0
6.853087873000001,0.0,1.42,0.0,0.0
6.854377525,0.0,1.42,0.0,0.0
6.855092772000001,0.0,1.43,0.0,0.01
6.856440583,0.0,1.44,0.05,0.01
6.857093175,0.01,1.42,0.01,0.0
6.858259913,0.02,1.43,0.01,0.0
6.859086899,0.0,1.42,0.0,0.0
6.860281829000001,0.0,1.43,0.01,0.0
6.862365367000001,0.01,1.42,0.0,0.0
6.863100048000001,0.0,1.42,0.01,0.01
6.864357404000001,0.0,1.43,0.0,0.0
6.8651003390000005,0.01,1.42,0.0,0.01
6.866349400000001,0.01,1.42,0.0,0.0
6.867098427,0.01,1.43,0.0,0.0
6.868349648000001,0.0,1.43,0.0,0.0
6.869122605,0.0,1.42,0.0,0.0
6.870270658000001,0.0,1.42,0.0,0.0
6.871094287,0.0,1.42,0.01,0.0
6.872240964,0.0,1.42,0.0,0.0
6.873139081000001,0.0,1.42,0.0,0.0
6.874237289000001,0.0,1.42,0.0,0.01
6.875091501,0.0,1.42,0.0,0.01
6.8762668300000005,0.0,1.42,0.0,0.0
6.878355345,0.01,1.42,0.0,0.0
6.879133079000001,0.01,1.42,0.0,0.01
6.880313685000001,0.0,1.42,0.0,0.0
6.88114451,0.0,1.41,0.0,0.0
6.882286864,0.0,1.42,0.01,0.0
6.88310186,0.0,1.42,0.0,0.01
6.884355779000001,0.0,1.42,0.0,0.0
6.885122759000001,0.0,1.42,0.01,0.0
6.8863124440000005,0.0,1.42,0.0,0.0
6.8871430060000005,0.01,1.41,0.01,0.01
6.888260348,0.0,1.41,0.01,0.01
6.889091852000001,0.03,1.42,0.0,0.0
6.8903423340000005,0.0,1.42,0.0,0.0
6.891138555,0.0,1.41,0.01,0.0
6.892354320000001,0.01,1.41,0.0,0.0
6.89434137,0.0,1.42,0.0,0.01
6.895103141000001,0.0,1.42,0.0,0.0
6.896367282000001,0.0,1.42,0.0,0.0
6.8971085940000005,0.0,1.41,0.0,0.0
6.898307553,0.0,1.41,0.0,0.0
6.899099126,0.0,1.4,0.0,0.01
6.900320678000001,0.0,1.4,0.01,0.0
6.901129501000001,0.01,1.4,0.0,0.0
6.902265106000001,0.0,1.4,0.0,0.0
6.903124893,0.0,1.41,0.0,0.0
6.904267263,0.0,1.4,0.01,0.0
6.905137557000001,0.01,1.4,0.0,0.01
6.906378652000001,0.0,1.4,0.0,0.0
6.908347829,0.0,1.39,0.0,0.0
6.909126786000001,0.0,1.4,0.0,0.01
6.910348487,0.0,1.4,0.0,0.0
6.911099462,0.0,1.39,0.0,0.0
6.912333492,0.0,1.39,0.0,0.0
6.9130946380000005,0.0,1.39,0.0,0.0
6.914348112000001,0.0,1.39,0.0,0.01
6.915125295,0.01,1.4,0.01,0.0
6.916371389,0.0,1.39,0.0,0.0
6.917101110000001,0.0,1.39,0.0,0.0
6.918259663000001,0.0,1.39,0.0,0.0
6.919150021,0.0,1.38,0.0,0.0
6.920299480000001,0.0,1.39,0.01,0.0
6.921152811000001,0.01,1.38,0.0,0.0
6.922364569000001,0.01,1.39,0.0,0.0
6.924355924,0.01,1.39,0.02,0.0
6.925107187,0.0,1.39,0.0,0.0
6.926405255000001,0.0,1.38,0.0,0.0
6.927105983000001,0.01,1.39,0.01,0.0
6.928338819,0.0,1.39,0.0,0.0
6.929104186,0.0,1.34,0.0,0.01
6.930349968000001,0.0,1.39,0.0,0.01
6.931104866,0.01,1.38,0.0,0.0
6.932264909000001,0.0,1.38,0.0,0.0
6.9331171320000005,0.0,1.39,0.0,0.02
6.934248773,0.0,1.35,0.0,0.01
6.935166162000001,0.01,1.38,0.0,0.0
6.936338628000001,0.0,1.39,0.01,0.0
6.938254228000001,0.0,1.38,0.07,0.0
6.9391058260000005,0.0,1.38,0.0,0.0
6.940272360000001,0.0,1.37,0.01,0.0
6.941146850000001,0.0,1.37,0.01,0.0
6.942336028000001,0.0,1.38,0.01,0.01
6.9431308650000005,0.0,1.38,0.0,0.0
6.944350787,0.0,1.38,0.0,0.0
6.945103959000001,0.0,1.38,0.0,0.0
6.946356577,0.0,1.38,0.0,0.0
6.947093668000001,0.0,1.37,0.0,0.0
6.948298286,0.01,1.38,0.0,0.01
6.949087685,0.0,1.37,0.0,0.0
6.950297242,0.0,1.37,0.0,0.0
6.951093664,0.0,1.37,0.01,0.0
6.952265477,0.0,1.37,0.0,0.0
6.954353856,0.0,1.37,0.0,0.0
6.955108769000001,0.01,1.37,0.0,0.0
6.956352896,0.0,1.37,0.0,0.0
6.957099832000001,0.0,1.37,0.0,0.0
6.958369074,0.0,1.37,0.0,0.0
6.95910541,0.0,1.38,0.0,0.01
6.960366265,0.0,1.37,0.0,0.0
6.961101966,0.0,1.37,0.0,0.01
6.962421343000001,0.0,1.36,0.0,0.01
6.96311088,0.0,1.37,0.0,0.0
6.964273396,0.02,1.37,0.0,0.0
6.9651345330000005,0.0,1.37,0.0,0.01
6.966394674,0.0,1.42,0.01,0.0
6.968385044000001,0.0,1.34,0.0,0.0
6.969100674000001,0.01,1.37,0.01,0.0
6.970278629,0.01,1.36,0.0,0.0
6.971176365000001,0.0,1.39,0.01,0.0
6.972369256,0.0,1.37,0.01,0.01
6.973094596,0.0,1.36,0.01,0.0
6.974365150000001,0.0,1.36,0.0,0.01
6.975118738000001,0.0,1.37,0.0,0.0
6.9762974700000004,0.0,1.36,0.0,0.0
6.9770913750000005,0.0,1.36,0.0,0.0
6.97824059,0.0,1.36,0.01,0.04
6.979120248,0.0,1.36,0.01,0.0
6.980308641000001,0.01,1.36,0.0,0.0
6.981149435000001,0.0,1.36,0.01,0.0
6.9823675210000005,0.01,1.36,0.0,0.0
6.984299514000001,0.0,1.36,0.0,0.01
6.985164368,0.01,1.36,0.01,0.0
6.986352577000001,0.0,1.36,0.0,0.0
6.987097862000001,0.0,1.36,0.01,0.0
6.988356309,0.0,1.35,0.0,0.0
6.989102556000001,0.0,1.35,0.0,0.01
6.990362623,0.0,1.35,0.0,0.0
6.991094395,0.0,1.35,0.0,0.0
6.992374492000001,0.0,1.36,0.0,0.0
6.99309309,0.01,1.35,0.0,0.0
6.994288782000001,0.0,1.35,0.0,0.0
6.995142927000001,0.01,1.35,0.01,0.0
6.996296064,0.0,1.34,0.01,0.0
6.998366916,0.0,1.34,0.0,0.0
6.99910281,0.0,1.34,0.0,0.0
7.0003634120000005,0.01,1.34,0.0,0.0
7.00110218,0.01,1.34,0.0,0.0
7.0023323920000005,0.0,1.33,0.0,0.0
7.003099062,0.01,1.33,0.01,0.0
7.004342146000001,0.01,1.32,0.0,0.0
7.0050955230000005,0.0,1.32,0.01,0.0
7.006386109,0.0,1.32,0.0,0.0
7.007091237,0.0,1.31,0.0,0.0
7.008261406000001,0.0,1.3,0.0,0.01
7.009171650000001,0.0,1.3,0.01,0.0
7.010303748,0.0,1.3,0.0,0.0
7.0111832860000005,0.0,1.3,0.0,0.0
7.012369391,0.0,1.3,0.0,0.0
7.014377453000001,0.01,1.29,0.0,0.01
7.0151014620000005,0.0,1.28,0.0,0.0
7.016343691,0.0,1.29,0.0,0.0
7.0171084210000005,0.0,1.29,0.01,0.01
7.018361929,0.0,1.28,0.0,0.0
7.019110772,0.0,1.28,0.0,0.0
7.020311428,0.0,1.27,0.0,0.0
7.021114601000001,0.0,1.27,0.01,0.0
7.022279225,0.0,1.28,0.0,0.0
7.0231686820000006,0.0,1.28,0.01,0.0
7.024314112000001,0.0,1.26,0.01,0.01
7.025163172,0.0,1.27,0.0,0.0
7.026254827000001,0.0,1.26,0.0,0.0
7.027217721,0.0,1.25,0.0,0.0
7.029163347000001,0.0,1.25,0.0,0.0
7.030471078000001,0.0,1.22,0.01,0.01
7.0310931320000005,0.0,1.21,0.0,0.0
7.032369696000001,0.0,1.21,0.0,0.0
7.0330928,0.01,1.2,0.0,0.0
7.034398106,0.0,1.19,0.01,0.0
7.035088226,0.0,1.19,0.0,0.0
7.036268573,0.0,1.18,0.01,0.02
7.037087497000001,0.0,1.16,0.0,0.0
7.0383124310000005,0.0,1.16,0.0,0.0
7.039087379000001,0.0,1.15,0.02,0.0
7.0402506460000005,0.0,1.15,0.0,0.0
7.041292391000001,0.0,1.14,0.0,0.0
7.042268838,0.0,1.12,0.01,0.0
7.043468005,0.0,1.12,0.0,0.01
7.045243438000001,0.01,1.09,0.0,0.0
7.046096566,0.0,1.09,0.01,0.0
7.047357455,0.02,1.11,0.0,0.01
7.04809176,0.0,1.04,0.0,0.0
7.049326283,0.0,1.05,0.0,0.01
7.050086552000001,0.0,1.05,0.01,0.01
7.051398829,0.0,1.03,0.0,0.0
7.052087888000001,0.01,1.02,0.0,0.0
7.053288116,0.0,1.01,0.0,0.0
7.054089579,0.0,1.0,0.01,0.0
7.055308623,0.05,0.97,0.0,0.01
7.056088910000001,0.0,0.97,0.01,0.0
7.057338242,0.01,0.96,0.0,0.01
7.059365274,0.01,0.92,0.0,0.0
7.060099050000001,0.0,0.88,0.01,0.0
7.061315006,0.0,0.85,0.0,0.0
7.062107213000001,0.0,0.83,0.0,0.0
7.063368304000001,0.0,0.82,0.01,0.0
7.064097169,0.0,0.82,0.0,0.0
7.065372477,0.01,0.82,0.0,0.0
7.066096628,0.0,0.82,0.0,0.01
7.067404037,0.0,0.81,0.01,0.0
7.068091535000001,0.0,0.81,0.0,0.0
7.069291652,0.0,0.8,0.0,0.0
7.070091698000001,0.0,0.81,0.02,0.0
7.071313877000001,0.0,0.8,0.0,0.0
7.0733665530000005,0.0,0.8,0.0,0.0
7.0741289400000005,0.0,0.8,0.01,0.0
7.075355114000001,0.0,0.79,0.0,0.0
7.076096279000001,0.0,0.79,0.0,0.0
7.0773580240000005,0.01,0.79,0.0,0.0
7.078098665000001,0.0,0.78,0.0,0.0
7.079354948000001,0.0,0.79,0.0,0.0
7.080120971,0.01,0.79,0.0,0.0
7.081356981000001,0.0,0.77,0.0,0.0
7.0821016530000005,0.0,0.77,0.0,0.0
7.083236119,0.0,0.77,0.0,0.0
7.084091198,0.0,0.7,0.0,0.0
7.0853257990000005,0.0,0.76,0.0,0.0
7.0861252850000005,0.0,0.79,0.0,0.0
7.087295460000001,0.01,0.78,0.01,0.01
7.089250282,0.01,0.78,0.0,0.01
7.090094621,0.0,0.79,0.0,0.0
7.091332075,0.0,0.77,0.0,0.0
7.092124031000001,0.0,0.76,0.0,0.02
7.093359343,0.0,0.69,0.0,0.0
7.094091359,0.01,0.69,0.01,0.02
7.095365343,0.0,0.68,0.0,0.0
7.096088065,0.01,0.68,0.01,0.01
7.097423497,0.0,0.7,0.0,0.01
7.098088722000001,0.01,0.71,0.0,0.0
7.099299843000001,0.0,0.72,0.02,0.0
7.100087588,0.0,0.72,0.0,0.0
7.101379598,0.0,0.72,0.01,0.0
7.103355662,0.01,0.72,0.0,0.0
7.104100109000001,0.0,0.72,0.0,0.0
7.105345937,0.0,0.71,0.01,0.0
7.1061030050000005,0.0,0.72,0.02,0.0
7.107272383000001,0.0,0.73,0.01,0.0
7.108168330000001,0.0,0.71,0.0,0.0
7.109344623,0.0,0.72,0.0,0.0
7.110101711,0.0,0.71,0.0,0.0
7.111343855,0.0,0.72,0.0,0.0
7.112091923,0.01,0.72,0.0,0.0
7.113328481000001,0.0,0.71,0.0,0.0
7.114139608,0.01,0.69,0.0,0.01
7.115311931000001,0.0,0.7,0.0,0.0
7.116137643,0.0,0.7,0.01,0.01
7.118248841000001,0.0,0.71,0.01,0.0
7.119192040000001,0.0,0.71,0.0,0.0
7.120256221000001,0.0,0.7,0.0,0.01
7.121209644,0.0,0.7,0.0,0.01
7.122235345000001,0.0,0.7,0.0,0.0
7.123337895000001,0.0,0.7,0.0,0.0
7.124098458000001,0.0,0.7,0.0,0.01
7.125173329000001,0.0,0.7,0.0,0.0
7.126134776000001,0.0,0.71,0.06,0.0
7.127185828,0.0,0.7,0.0,0.0
7.128299037000001,0.0,0.7,0.0,0.0
7.129098667,0.0,0.72,0.01,0.0
7.130280849,0.0,0.71,0.0,0.0
7.131100871,0.0,0.7,0.0,0.0
7.132340846000001,0.0,0.7,0.0,0.0
7.134358263,0.0,0.7,0.01,0.0
7.135108655000001,0.0,0.7,0.0,0.0
7.136346313000001,0.0,0.7,0.0,0.01
7.137114048000001,0.0,0.7,0.01,0.0
7.138323873,0.0,0.7,0.0,0.0
7.1391048360000005,0.0,0.7,0.0,0.0
7.140365764,0.0,0.7,0.0,0.02
7.141105461,0.0,0.7,0.01,0.0
7.142350728,0.0,0.68,0.0,0.0
7.143106952,0.0,0.7,0.01,0.01
7.144290161000001,0.0,0.69,0.01,0.0
7.145151769000001,0.01,0.69,0.0,0.0
7.146287028000001,0.01,0.69,0.01,0.0
7.148365811000001,0.01,0.69,0.0,0.0
7.149109136000001,0.0,0.68,0.0,0.0
7.150330306000001,0.0,0.69,0.01,0.0
7.151109981,0.0,0.68,0.0,0.0
7.152360211,0.0,0.68,0.0,0.0
7.153116572,0.0,0.68,0.0,0.0
7.154289262000001,0.0,0.68,0.0,0.0
7.155106877000001,0.0,0.68,0.01,0.0
7.156364165,0.01,0.67,0.01,0.0
7.157100873,0.0,0.68,0.0,0.0
7.158289942000001,0.01,0.67,0.0,0.0
7.159168969,0.0,0.67,0.0,0.0
7.16029026,0.0,0.66,0.0,0.0
7.161096412,0.0,0.66,0.0,0.0
7.162360573000001,0.0,0.67,0.01,0.0
7.164347316000001,0.0,0.66,0.01,0.0
7.165106786000001,0.0,0.66,0.0,0.0
7.166350961,0.0,0.66,0.0,0.0
7.16711186,0.0,0.66,0.0,0.0
7.1683527950000006,0.0,0.66,0.0,0.01
7.169110488,0.01,0.67,0.0,0.01
7.170353294000001,0.0,0.66,0.0,0.01
7.171113787,0.01,0.66,0.0,0.0
7.172377076,0.01,0.67,0.0,0.01
7.173107033000001,0.0,0.68,0.0,0.0
7.174314203000001,0.0,0.65,0.0,0.0
7.175104796,0.0,0.67,0.01,0.0
7.1763176500000005,0.0,0.67,0.0,0.0
7.1783465170000005,0.0,0.67,0.0,0.02
7.179103491,0.02,0.66,0.0,0.01
7.180276986000001,0.0,0.66,0.01,0.01
7.181188639,0.0,0.66,0.0,0.0
7.182345346000001,0.0,0.66,0.0,0.0
7.1831007630000006,0.0,0.66,0.0,0.0
7.1843279760000005,0.0,0.66,0.02,0.0
7.185096604000001,0.01,0.65,0.01,0.0
7.186311803000001,0.0,0.65,0.0,0.0
7.187093334,0.0,0.65,0.0,0.0
7.188298024000001,0.0,0.65,0.0,0.0
7.189177992,0.0,0.65,0.0,0.0
7.190293012000001,0.0,0.66,0.0,0.01
7.192328839000001,0.0,0.65,0.02,0.0
7.193156001,0.0,0.66,0.0,0.0
7.194364790000001,0.0,0.66,0.0,0.0
7.195095784,0.0,0.66,0.0,0.01
7.196369542,0.0,0.66,0.01,0.0
7.197099599,0.0,0.65,0.0,0.0
7.1983516970000005,0.0,0.65,0.0,0.01
7.199103646,0.0,0.65,0.01,0.0
7.2003527620000005,0.01,0.64,0.0,0.0
7.201107032,0.0,0.64,0.0,0.0
7.202340284000001,0.0,0.64,0.01,0.0
7.203102169,0.0,0.65,0.0,0.0
7.204277916000001,0.01,0.64,0.0,0.0
7.205090063,0.0,0.64,0.01,0.0
7.206328903,0.0,0.63,0.01,0.0
7.2070901890000005,0.01,0.63,0.0,0.01
7.208377262000001,0.01,0.64,0.01,0.0
7.210282113000001,0.0,0.65,0.0,0.0
7.211084438,0.0,0.64,0.01,0.0
7.212341708,0.0,0.64,0.0,0.0
7.213169981,0.01,0.64,0.0,0.0
7.214354561,0.0,0.63,0.0,0.01
7.215090737000001,0.0,0.63,0.0,0.0
7.216353251,0.0,0.63,0.0,0.0
7.217093715000001,0.0,0.64,0.0,0.0
7.218235922000001,0.01,0.64,0.0,0.0
7.219086989,0.0,0.64,0.0,0.0
7.220291463000001,0.0,0.63,0.0,0.01
7.2211930870000005,0.0,0.64,0.0,0.0
7.222372687,0.0,0.65,0.0,0.0
7.224356726000001,0.0,0.65,0.0,0.01
7.225102176,0.0,0.64,0.01,0.0
7.226326367,0.0,0.62,0.0,0.0
7.227103489,0.0,0.63,0.0,0.0
7.228345923,0.01,0.63,0.0,0.0
7.229096739,0.0,0.63,0.0,0.0
7.230357195000001,0.0,0.64,0.0,0.01
7.231116932000001,0.0,0.63,0.0,0.0
7.232339072,0.0,0.63,0.0,0.0
7.233126943,0.0,0.63,0.0,0.0
7.234289288,0.0,0.63,0.0,0.0
7.23513185,0.0,0.63,0.0,0.0
7.236353502,0.0,0.62,0.0,0.0
7.238365489,0.0,0.63,0.0,0.0
7.239106621,0.0,0.62,0.0,0.0
7.240347455,0.0,0.62,0.0,0.0
7.2411046500000005,0.0,0.62,0.0,0.0
7.242342908,0.0,0.62,0.01,0.0
7.243099910000001,0.01,0.61,0.0,0.0
7.244352426000001,0.0,0.61,0.0,0.0
7.245097102000001,0.01,0.62,0.0,0.0
7.246359539,0.0,0.62,0.0,0.0
7.247118700000001,0.05,0.62,0.0,0.01
7.248350408,0.0,0.64,0.0,0.0
7.249117988,0.0,0.65,0.0,0.0
7.250275220000001,0.0,0.63,0.0,0.01
7.251087852,0.0,0.63,0.01,0.0
7.252390501000001,0.0,0.63,0.0,0.0
7.254353215,0.0,0.63,0.0,0.02
7.255097579,0.0,0.63,0.0,0.0
7.256352201,0.0,0.64,0.01,0.0
7.2570976620000005,0.0,0.63,0.0,0.0
7.258435486000001,0.0,0.64,0.0,0.0
7.259096861000001,0.0,0.64,0.0,0.0
7.260352666,0.0,0.63,0.0,0.0
7.2611271340000005,0.0,0.64,0.0,0.0
7.262360829,0.0,0.63,0.0,0.0
7.263085756000001,0.0,0.63,0.0,0.0
7.264268494,0.0,0.63,0.0,0.0
7.265162900000001,0.0,0.63,0.0,0.01
7.266338824000001,0.0,0.62,0.0,0.0
7.267137131,0.0,0.64,0.0,0.01
7.268374614000001,0.0,0.62,0.0,0.02
7.270361146000001,0.0,0.63,0.0,0.0
7.271093753000001,0.01,0.63,0.0,0.01
7.272260196,0.0,0.63,0.0,0.0
7.273093527,0.0,0.61,0.01,0.0
7.274239035000001,0.0,0.61,0.0,0.01
7.27512846,0.0,0.61,0.0,0.0
7.276365317000001,0.0,0.61,0.0,0.01
7.277098169,0.0,0.61,0.01,0.0
7.278343307,0.01,0.61,0.01,0.01
7.279090637,0.0,0.61,0.0,0.0
7.280298387,0.0,0.61,0.01,0.0
7.281183821000001,0.0,0.61,0.0,0.01
7.282406044,0.0,0.6,0.0,0.0
7.28435212,0.0,0.61,0.0,0.0
7.285115617000001,0.0,0.61,0.0,0.0
7.286331963,0.0,0.62,0.01,0.01
7.287137389000001,0.0,0.61,0.0,0.0
7.288359554,0.0,0.62,0.01,0.0
7.2890945270000005,0.0,0.61,0.0,0.0
7.2903502410000005,0.01,0.6,0.01,0.01
7.291124448000001,0.0,0.6,0.0,0.0
7.292286028,0.0,0.61,0.0,0.0
7.293195977000001,0.02,0.6,0.01,0.0
7.294272323,0.0,0.59,0.0,0.0
7.295175985,0.0,0.58,0.0,0.0
7.296308272,0.01,0.57,0.01,0.0
7.297146477,0.0,0.58,0.0,0.0
7.299241350000001,0.0,0.57,0.0,0.0
7.300352333,0.0,0.54,0.01,0.0
7.301100727000001,0.0,0.57,0.0,0.0
7.302362492,0.0,0.57,0.0,0.0
7.303117645,0.0,0.56,0.0,0.0
7.304295298,0.0,0.56,0.0,0.0
7.305124406,0.01,0.56,0.0,0.01
7.306366316,0.0,0.52,0.0,0.0
7.307096641,0.0,0.53,0.0,0.0
7.3082894540000005,0.01,0.52,0.0,0.0
7.309168131000001,0.0,0.52,0.0,0.0
7.310297974,0.0,0.5,0.0,0.0
7.311175061,0.0,0.49,0.0,0.0
7.312405406000001,0.01,0.49,0.0,0.0
7.31434311,0.0,0.47,0.01,0.0
7.315100346,0.0,0.46,0.01,0.01
7.316340554000001,0.0,0.43,0.01,0.01
7.317103026000001,0.0,0.42,0.0,0.02
7.318350083,0.0,0.41,0.0,0.02
7.319094072,0.0,0.39,0.0,0.0
7.320360384000001,0.0,0.4,0.01,0.0
7.321091214000001,0.0,0.4,0.01,0.0
7.322357373000001,0.0,0.4,0.0,0.0
7.323097874,0.0,0.39,0.0,0.0
7.3242810270000005,0.0,0.42,0.02,0.0
7.325095451,0.01,0.41,0.0,0.03
7.326332149000001,0.0,0.4,0.0,0.0
7.328355365,0.0,0.34,0.0,0.01
7.329113479,0.0,0.36,0.02,0.0
7.330339343,0.0,0.35,0.0,0.0
7.331104501,0.0,0.34,0.0,0.0
7.3323467330000005,0.0,0.33,0.0,0.0
7.333122103000001,0.0,0.33,0.0,0.0
7.3342750510000005,0.02,0.32,0.0,0.0
7.335173769000001,0.0,0.31,0.0,0.0
7.3362812790000005,0.0,0.31,0.0,0.01
7.337142032,0.0,0.3,0.0,0.01
7.338286382000001,0.0,0.29,0.0,0.0
7.339096079000001,0.01,0.29,0.0,0.01
7.340282418,0.0,0.29,0.0,0.0
7.341092822,0.0,0.29,0.0,0.0
7.342237900000001,0.0,0.28,0.01,0.0
7.344352313000001,0.0,0.28,0.01,0.0
7.345106204,0.0,0.28,0.0,0.01
7.346359725,0.0,0.28,0.0,0.0
7.347107956,0.0,0.29,0.0,0.0
7.348334316000001,0.0,0.27,0.0,0.0
7.349099361,0.0,0.27,0.0,0.0
7.350349379000001,0.0,0.26,0.0,0.0
7.3511032940000005,0.0,0.26,0.01,0.0
7.352342484,0.0,0.23,0.01,0.0
7.353098869,0.0,0.25,0.0,0.0
7.354314778000001,0.0,0.2,0.0,0.0
7.355092455,0.0,0.2,0.0,0.0
7.3563032260000005,0.0,0.21,0.0,0.0
7.357179333,0.0,0.21,0.0,0.0
7.358348820000001,0.0,0.21,0.0,0.0
7.3603725330000005,0.0,0.19,0.0,0.0
7.361093845,0.0,0.17,0.0,0.0
7.362364993000001,0.01,0.16,0.0,0.0
7.363096578,0.01,0.17,0.01,0.01
7.364372499000001,0.01,0.2,0.0,0.0
7.365124934000001,0.01,0.2,0.0,0.0
7.366373525,0.0,0.21,0.0,0.0
7.367090407,0.0,0.21,0.0,0.0
7.368408047000001,0.0,0.21,0.01,0.0
7.369091039000001,0.0,0.22,0.0,0.0
7.370285314,0.0,0.2,0.0,0.01
7.371135826000001,0.01,0.2,0.0,0.0
7.372241746,0.0,0.21,0.0,0.01
7.37313417,0.0,0.21,0.0,0.01
7.374245686,0.0,0.2,0.0,0.0
7.376463071000001,0.0,0.19,0.01,0.0
7.377091677,0.0,0.13,0.0,0.0
7.378344617000001,0.01,0.13,0.0,0.01
7.379091281000001,0.0,0.13,0.0,0.0
7.380381182000001,0.0,0.13,0.0,0.0
7.381094944000001,0.0,0.12,0.0,0.0
7.382360312,0.0,0.12,0.0,0.01
7.383089796,0.0,0.12,0.0,0.0
7.384269765000001,0.0,0.1,0.0,0.01
7.385092033,0.0,0.12,0.0,0.0
7.38631159,0.0,0.12,0.0,0.0
7.387096425,0.0,0.11,0.0,0.0
7.388342588,0.03,0.12,0.0,0.0
7.390350991,0.0,0.12,0.0,0.01
7.391096712,0.0,0.12,0.0,0.0
7.392359868000001,0.0,0.12,0.0,0.0
7.393103009000001,0.0,0.13,0.0,0.0
7.394344377,0.01,0.12,0.0,0.0
7.395129364000001,0.0,0.1,0.0,0.0
7.396256951000001,0.0,0.12,0.0,0.0
7.397095297000001,0.0,0.12,0.01,0.0
7.398248646000001,0.0,0.12,0.0,0.02
7.399172741,0.0,0.12,0.0,0.0
7.400273100000001,0.0,0.1,0.0,0.0
7.401150336000001,0.0,0.11,0.0,0.0
7.402233880000001,0.0,0.12,0.0,0.0
7.404363153,0.0,0.11,0.0,0.01
7.405092870000001,0.0,0.12,0.0,0.01
7.406361093,0.0,0.12,0.0,0.0
7.407127874,0.05,0.12,0.0,0.0
7.408355624,0.0,0.12,0.0,0.0
7.409091749000001,0.0,0.12,0.0,0.0
7.410373801,0.0,0.11,0.0,0.0
7.4110851790000005,0.0,0.12,0.0,0.0
7.412366003000001,0.0,0.11,0.0,0.0
7.413094409,0.01,0.11,0.0,0.0
7.4142734930000005,0.01,0.11,0.0,0.01
7.415175709000001,0.0,0.1,0.0,0.0
7.416298463,0.01,0.1,0.01,0.0
7.417170378000001,0.0,0.1,0.0,0.0
7.4183428110000005,0.01,0.1,0.01,0.0
7.420357695000001,0.0,0.11,0.0,0.0
7.4210997270000005,0.01,0.1,0.0,0.0
7.422351964000001,0.0,0.11,0.0,0.0
7.423105119000001,0.0,0.12,0.0,0.0
7.424341229,0.0,0.12,0.0,0.0
7.425104900000001,0.0,0.12,0.0,0.0
7.426351908000001,0.0,0.12,0.01,0.0
7.427104496,0.0,0.12,0.01,0.0
7.428283013000001,0.0,0.12,0.0,0.0
7.429121838,0.0,0.12,0.0,0.0
7.430289323,0.0,0.11,0.0,0.01
7.4311000400000005,0.0,0.1,0.0,0.01
7.432356264,0.0,0.11,0.0,0.0
7.434350857,0.0,0.11,0.0,0.0
7.435109424,0.0,0.11,0.0,0.0
7.436375838000001,0.0,0.12,0.01,0.02
7.437110594000001,0.0,0.12,0.0,0.0
7.4383881810000005,0.0,0.11,0.0,0.0
7.439108076,0.01,0.12,0.0,0.01
7.44032867,0.0,0.13,0.0,0.0
7.441107131000001,0.01,0.1,0.0,0.0
7.442331190000001,0.0,0.11,0.0,0.0
7.443107813,0.0,0.1,0.0,0.0
7.444312259,0.0,0.08,0.0,0.0
7.445097771,0.0,0.08,0.0,0.0
7.446300428000001,0.0,0.1,0.0,0.0
7.447097902,0.0,0.08,0.0,0.01
7.448335633,0.0,0.08,0.0,0.0
7.4503505290000005,0.0,0.07,0.0,0.0
7.451132825,0.0,0.06,0.0,0.0
7.452357399,0.0,0.07,0.0,0.0
7.4531000910000005,0.0,0.08,0.0,0.01
7.454349807000001,0.01,0.09,0.01,0.0
7.4550975170000005,0.0,0.11,0.0,0.0
7.456345866,0.0,0.09,0.0,0.01
7.457102091,0.0,0.09,0.0,0.01
7.458264918,0.0,0.1,0.01,0.01
7.459124291,0.0,0.11,0.0,0.0
7.460287475,0.0,0.06,0.0,0.0
7.461154876,0.01,0.07,0.0,0.0
7.462367704,0.0,0.06,0.01,0.0
7.464354297000001,0.01,0.05,0.0,0.0
7.465119724000001,0.0,0.06,0.0,0.0
7.466336905,0.0,0.05,0.0,0.0
7.467103936000001,0.0,0.06,0.01,0.01
7.468266246000001,0.0,0.05,0.0,0.0
7.4691542150000005,0.01,0.06,0.0,0.0
7.4703658310000005,0.0,0.04,0.0,0.0
7.4710939540000005,0.0,0.04,0.0,0.0
7.472261921,0.0,0.04,0.01,0.0
7.4730855620000005,0.0,0.04,0.0,0.0
7.4743026310000005,0.0,0.04,0.0,0.0
7.475088609,0.0,0.04,0.01,0.01
7.476305437000001,0.0,0.05,0.0,0.01
7.477085616,0.0,0.05,0.0,0.01
7.478357402,0.0,0.04,0.0,0.01
7.4803514710000005,0.0,0.04,0.0,0.0
7.481104107,0.0,0.04,0.01,0.0
7.4823297900000005,0.0,0.04,0.01,0.01
7.483103231,0.0,0.04,0.0,0.0
7.4843405800000005,0.0,0.04,0.01,0.0
7.485103976,0.0,0.04,0.0,0.0
7.4863485260000004,0.0,0.03,0.0,0.01
7.487100882000001,0.0,0.05,0.0,0.0
7.488312722000001,0.0,0.05,0.0,0.0
7.4890992370000005,0.01,0.04,0.0,0.0
7.490298919000001,0.0,0.05,0.0,0.0
7.491133449,0.0,0.05,0.0,0.0
7.492287387,0.0,0.04,0.0,0.0
7.493136004,0.0,0.04,0.0,0.0
7.494355803,0.01,0.04,0.0,0.0
7.4963537780000005,0.0,0.04,0.0,0.0
7.497128347,0.0,0.04,0.0,0.0
7.498316885,0.0,0.04,0.0,0.01
7.499094583000001,0.0,0.05,0.0,0.0
7.500355981,0.01,0.05,0.0,0.0
7.501096704,0.0,0.05,0.01,0.01
7.502270746000001,0.01,0.05,0.0,0.0
7.503167353,0.0,0.05,0.0,0.0
7.504269177,0.0,0.05,0.01,0.0
7.50516509,0.0,0.05,0.01,0.0
7.506290300000001,0.0,0.05,0.01,0.0
7.507175944,0.0,0.05,0.0,0.0
7.508342283,0.0,0.04,0.0,0.01
7.510231644,0.0,0.05,0.0,0.0
7.511219690000001,0.0,0.05,0.01,0.01
7.512345863,0.0,0.04,0.0,0.0
7.513098802000001,0.0,0.05,0.0,0.0
7.514353568000001,0.0,0.05,0.0,0.0
7.515093477000001,0.0,0.04,0.01,0.01
7.516358761,0.01,0.04,0.0,0.0
7.517112342000001,0.0,0.05,0.03,0.0
7.518320082000001,0.0,0.03,0.0,0.0
7.519182713,0.0,0.05,0.0,0.0
7.5202576290000005,0.0,0.04,0.0,0.01
7.521089677000001,0.0,0.05,0.02,0.0
7.522261103000001,0.0,0.04,0.0,0.0
7.524372108000001,0.0,0.04,0.01,0.0
7.5250942730000006,0.0,0.04,0.0,0.0
7.526403640000001,0.0,0.07,0.0,0.0
7.527098513,0.0,0.06,0.0,0.01
7.528340565000001,0.0,0.11,0.0,0.0
7.52913378,0.0,0.09,0.01,0.0
7.5303557230000004,0.0,0.11,0.0,0.0
7.531134875,0.0,0.1,0.0,0.0
7.532341684,0.01,0.11,0.01,0.0
7.533100344,0.0,0.13,0.0,0.0
7.534299256000001,0.01,0.15,0.0,0.01
7.535092419000001,0.0,0.16,0.01,0.0
7.536277784,0.01,0.15,0.0,0.0
7.537178239,0.0,0.17,0.0,0.0
7.538323429,0.0,0.17,0.01,0.0
7.540346715,0.0,0.18,0.0,0.0
7.541094780000001,0.0,0.18,0.0,0.0
7.542357828,0.0,0.18,0.01,0.0
7.543090350000001,0.0,0.18,0.0,0.0
7.544374212,0.0,0.18,0.0,0.0
7.545124691000001,0.01,0.17,0.0,0.01
7.546355458000001,0.01,0.17,0.0,0.01
7.5470921970000004,0.0,0.18,0.01,0.0
7.548415989,0.01,0.18,0.0,0.0
7.549096368000001,0.0,0.18,0.0,0.0
7.550284431000001,0.0,0.19,0.0,0.0
7.551136119000001,0.01,0.19,0.0,0.0
7.552334017000001,0.0,0.17,0.0,0.0
7.554347894,0.0,0.18,0.0,0.0
7.5550987030000005,0.0,0.2,0.0,0.0
7.556350780000001,0.0,0.18,0.01,0.0
7.557093067,0.0,0.19,0.03,0.01
7.558369095000001,0.0,0.19,0.01,0.0
7.559096335,0.01,0.18,0.01,0.0
7.560356686,0.0,0.17,0.0,0.0
7.561096453,0.0,0.16,0.0,0.0
7.562350816,0.0,0.15,0.0,0.0
7.563103489,0.0,0.14,0.0,0.0
7.564362701,0.0,0.09,0.0,0.0
7.565118454,0.0,0.08,0.01,0.0
7.566318693,0.01,0.09,0.0,0.0
7.5671238370000005,0.0,0.05,0.0,0.0
7.568331206000001,0.0,0.07,0.0,0.01
7.570354620000001,0.0,0.06,0.0,0.0
7.571090777,0.0,0.08,0.0,0.0
7.572353227000001,0.0,0.01,0.0,0.0
7.573090705,0.0,0.02,0.0,0.01
7.574363145,0.0,0.02,0.0,0.0
7.5751055990000005,0.01,0.02,0.01,0.0
7.576370445,0.0,0.02,0.0,0.0
7.577123794,0.01,0.02,0.0,0.01
7.578371307,0.0,0.02,0.0,0.0
7.57908924,0.0,0.02,0.0,0.0
7.5802976300000005,0.0,0.0,0.0,0.0
7.5811412570000005,0.0,0.0,0.0,0.0
7.582249314,0.0,0.0,0.0,0.0
7.583228748000001,0.0,0.01,0.0,0.0
7.584283031000001,0.0,0.07,0.01,0.0
7.586236759,0.0,0.05,0.0,0.0
7.5871223500000005,0.0,0.0,0.0,0.0
7.588366748,0.0,0.0,0.0,0.0
7.5890985760000005,0.0,0.0,0.0,0.0
7.590362661,0.0,0.0,0.0,0.01
7.591097227000001,0.0,0.0,0.0,0.0
7.592349449,0.0,0.0,0.0,0.0
7.593119123,0.0,0.01,0.0,0.0
7.5942895230000005,0.0,0.0,0.0,0.0
7.595139779,0.0,0.01,0.0,0.0
7.5962975550000005,0.0,0.0,0.0,0.0
7.597151409,0.01,0.0,0.0,0.0
7.598330154,0.0,0.01,0.0,0.0
7.600364806000001,0.0,0.0,0.02,0.01
7.601095617,0.0,0.0,0.0,0.0
7.602348804000001,0.01,0.01,0.0,0.0
7.603107549000001,0.0,0.0,0.0,0.0
7.604354162000001,0.0,0.0,0.0,0.0
7.605098575,0.0,0.0,0.01,0.0
7.606342326,0.01,0.01,0.01,0.01
7.607100046,0.0,0.0,0.0,0.0
7.608359623,0.02,0.0,0.0,0.0
7.60909963,0.0,0.0,0.0,0.0
7.610290205,0.03,0.0,0.0,0.01
7.611099375,0.0,0.0,0.0,0.0
7.612355310000001,0.0,0.0,0.0,0.01
7.6142966990000005,0.01,0.0,0.0,0.0
7.615096523,0.0,0.0,0.0,0.0
7.616360355,0.0,0.01,0.01,0.0
7.61709568,0.0,0.0,0.0,0.0
7.618327082,0.0,0.0,0.0,0.0
7.619174855000001,0.0,0.01,0.0,0.0
7.620365782,0.0,0.0,0.0,0.0
7.621090129000001,0.0,0.0,0.0,0.01
7.622359225,0.0,0.0,0.0,0.0
7.623091263,0.0,0.0,0.0,0.01
7.624307321000001,0.0,0.0,0.0,0.0
7.625162104,0.0,0.0,0.0,0.0
7.626255207000001,0.0,0.0,0.0,0.0
7.6271530180000005,0.0,0.0,0.0,0.0
7.628381356,0.0,0.0,0.0,0.0
7.630353402000001,0.0,0.0,0.0,0.0
7.63109107,0.0,0.0,0.0,0.0
7.632360745000001,0.0,0.0,0.0,0.01
7.633091849,0.0,0.0,0.0,0.0
7.634370285,0.0,0.0,0.0,0.0
7.635085222000001,0.0,0.0,0.0,0.01
7.636364425000001,0.0,0.0,0.0,0.01
7.6370864350000005,0.0,0.0,0.0,0.0
7.6383925150000005,0.0,0.0,0.0,0.0
7.639089780000001,0.0,0.0,0.0,0.01
7.640289475,0.0,0.0,0.0,0.0
7.641091262000001,0.0,0.0,0.0,0.01
7.642327769,0.0,0.0,0.0,0.0
7.643137312,0.0,0.01,0.0,0.0
7.644255473,0.0,0.0,0.0,0.0
7.646259316,0.0,0.01,0.0,0.0
7.647201686000001,0.0,0.0,0.01,0.0
7.648358855000001,0.0,0.0,0.0,0.0
7.649093245,0.0,0.0,0.0,0.01
7.650351522,0.0,0.0,0.0,0.0
7.651095178,0.0,0.0,0.0,0.0
7.652352148,0.0,0.0,0.0,0.0
7.653098658,0.0,0.01,0.01,0.0
7.654289025000001,0.0,0.0,0.0,0.0
7.6550939950000005,0.0,0.0,0.0,0.0
7.656304919,0.0,0.0,0.0,0.0
7.65715575,0.0,0.01,0.0,0.0
7.658380650000001,0.0,0.0,0.0,0.0
7.660349291,0.0,0.0,0.01,0.01
7.661125247,0.0,0.0,0.0,0.01
7.662345482,0.0,0.0,0.0,0.0
7.6631049,0.0,0.01,0.0,0.0
7.66434687,0.0,0.0,0.0,0.0
7.665106135,0.0,0.02,0.01,0.0
7.666341162,0.0,0.0,0.01,0.01
7.667096165,0.01,0.01,0.0,0.0
7.668350876000001,0.01,0.0,0.0,0.0
7.669095832000001,0.0,0.0,0.0,0.01
7.670309597,0.0,0.01,0.0,0.0
7.671138125000001,0.0,0.0,0.0,0.0
7.672316896000001,0.0,0.0,0.0,0.0
7.673134319000001,0.0,0.03,0.0,0.01
7.6743655770000005,0.0,0.01,0.01,0.0
7.676436571000001,0.0,0.0,0.0,0.0
7.677096507000001,0.0,0.0,0.01,0.0
7.678322561000001,0.0,0.0,0.0,0.0
7.679101220000001,0.0,0.0,0.01,0.01
7.68035415,0.01,0.0,0.0,0.0
7.681119705,0.0,0.0,0.0,0.0
7.682340134,0.0,0.0,0.0,0.0
7.6830914990000005,0.01,0.01,0.0,0.0
7.684433898000001,0.0,0.0,0.0,0.0
7.685086319000001,0.0,0.01,0.01,0.0
7.6862841920000005,0.0,0.0,0.01,0.0
7.6870854930000005,0.0,0.0,0.0,0.0
7.688404243000001,0.0,0.0,0.0,0.0
7.690344286,0.01,0.0,0.0,0.0
7.691106102000001,0.0,0.0,0.0,0.01
7.6923431980000005,0.0,0.0,0.0,0.0
7.693100233000001,0.01,0.0,0.0,0.01
7.694357097,0.0,0.0,0.0,0.0
7.695105048,0.01,0.0,0.0,0.0
7.696349319,0.0,0.0,0.0,0.01
7.697107813000001,0.0,0.0,0.0,0.0
7.698355278,0.01,0.0,0.0,0.01
7.699107061,0.0,0.0,0.0,0.01
7.700292696000001,0.0,0.01,0.0,0.0
7.701095818000001,0.0,0.0,0.0,0.0
7.702319924,0.0,0.0,0.0,0.0
7.704378563000001,0.0,0.0,0.0,0.0
7.705095808,0.0,0.0,0.01,0.0
7.7062768770000005,0.0,0.01,0.0,0.0
7.7070949230000005,0.0,0.0,0.0,0.0
7.7082539720000005,0.0,0.0,0.0,0.0
7.709118418,0.0,0.0,0.0,0.0
7.710364563000001,0.0,0.0,0.01,0.0
7.711119051000001,0.0,0.0,0.0,0.0
7.712342973,0.0,0.0,0.0,0.0
7.713157342000001,0.0,0.01,0.01,0.0
7.7143959760000005,0.01,0.0,0.0,0.0
7.7150931410000005,0.0,0.0,0.0,0.01
7.716293921,0.0,0.0,0.0,0.0
7.717091965000001,0.0,0.01,0.0,0.01
7.718265155,0.01,0.0,0.0,0.0
7.720369691,0.0,0.0,0.0,0.01
7.721099465000001,0.0,0.0,0.01,0.0
7.722361436000001,0.01,0.0,0.0,0.0
7.723094853,0.0,0.0,0.01,0.0
7.724371286,0.0,0.01,0.0,0.0
7.725092930000001,0.0,0.0,0.0,0.0
7.726350009000001,0.0,0.0,0.0,0.0
7.727128062,0.0,0.0,0.0,0.0
7.728361641,0.0,0.01,0.0,0.0
7.729091700000001,0.0,0.0,0.01,0.0
7.730454545000001,0.0,0.0,0.01,0.0
7.731092427,0.0,0.0,0.0,0.01
7.732291794000001,0.0,0.0,0.0,0.01
7.733116861,0.0,0.01,0.0,0.0
7.734337114000001,0.01,0.01,0.0,0.01
7.7363576830000005,0.0,0.0,0.01,0.0
7.737091736000001,0.0,0.0,0.0,0.0
7.738269089,0.0,0.0,0.01,0.01
7.739095268000001,0.0,0.0,0.0,0.0
7.740390388000001,0.01,0.0,0.0,0.0
7.74109215,0.0,0.0,0.0,0.0
7.742362261,0.01,0.0,0.01,0.0
7.7430870810000005,0.0,0.0,0.0,0.01
7.744365995000001,0.0,0.0,0.01,0.0
7.745108677,0.0,0.01,0.0,0.03
7.746428639,0.01,0.0,0.0,0.0
7.74709154,0.02,0.0,0.0,0.01
7.748348771000001,0.01,0.0,0.0,0.0
7.7504190070000005,0.0,0.0,0.0,0.0
7.751091667000001,0.0,0.0,0.0,0.0
7.752356241,0.0,0.0,0.0,0.0
7.75313456,0.0,0.0,0.0,0.0
7.7541502410000005,0.0,0.0,0.0,0.0
7.755239187000001,0.0,0.0,0.0,0.01
7.75608961,0.01,0.0,0.02,0.0
7.757246377,0.0,0.0,0.0,0.0
7.758136917000001,0.0,0.0,0.01,0.0
7.7592801080000005,0.0,0.0,0.0,0.0
7.760132379000001,0.0,0.0,0.0,0.0
7.761257892000001,0.0,0.0,0.01,0.0
7.7621357280000005,0.0,0.0,0.0,0.0
7.763240646000001,0.01,0.0,0.0,0.01
7.7641321780000006,0.0,0.0,0.01,0.0
7.765254995,0.01,0.01,0.01,0.0
7.767251710000001,0.0,0.02,0.0,0.0
7.768220715000001,0.01,0.0,0.0,0.0
7.769246320000001,0.0,0.0,0.0,0.0
7.770255945000001,0.0,0.0,0.0,0.0
7.771125261000001,0.0,0.0,0.0,0.0
7.77225122,0.0,0.0,0.0,0.0
7.773137353,0.0,0.0,0.0,0.01
7.7742443450000005,0.0,0.0,0.01,0.01
7.775127380000001,0.0,0.0,0.0,0.01
7.776226784,0.0,0.0,0.0,0.01
7.7772116030000005,0.0,0.0,0.0,0.01
7.778219205,0.01,0.01,0.0,0.0
7.7792408040000005,0.0,0.0,0.0,0.0
7.78023704,0.0,0.0,0.0,0.0
7.782241317,0.0,0.0,0.01,0.0
7.7832418290000005,0.0,0.0,0.0,0.0
7.784218010000001,0.0,0.0,0.02,0.0
7.785229779000001,0.0,0.01,0.0,0.0
7.786263248000001,0.0,0.0,0.0,0.01
7.787250835000001,0.0,0.01,0.0,0.04
7.78821393,0.0,0.0,0.01,0.0
7.789239963000001,0.03,0.0,0.01,0.0
7.790217333,0.0,0.01,0.0,0.0
7.791210788000001,0.01,0.0,0.0,0.0
7.792228313000001,0.0,0.01,0.01,0.0
7.793251926000001,0.0,0.0,0.0,0.0
7.794235533,0.0,0.0,0.01,0.0
7.796250704,0.0,0.01,0.0,0.0
7.797262258000001,0.02,0.0,0.0,0.0
7.798253218,0.0,0.0,0.0,0.0
7.799239931000001,0.0,0.0,0.0,0.0
7.800257547,0.01,0.01,0.0,0.0
7.801221056,0.0,0.0,0.0,0.0
7.802219246000001,0.0,0.0,0.0,0.01
7.803245115,0.0,0.0,0.0,0.0
7.804265702,0.0,0.0,0.0,0.0
7.805222467,0.0,0.01,0.0,0.02
7.806226554,0.0,0.0,0.0,0.0
7.807236207000001,0.0,0.0,0.01,0.0
7.808257217,0.0,0.0,0.0,0.0
7.809581110000001,0.01,0.0,0.0,0.01
7.811460104000001,0.0,0.01,0.0,0.0
7.81208812,0.0,0.0,0.01,0.0
7.8134773630000005,0.0,0.0,0.0,0.0
7.814086415,0.0,0.02,0.0,0.0
7.815489595000001,0.0,0.0,0.0,0.0
7.816059809,0.0,0.0,0.0,0.0
7.8175105490000005,0.0,0.0,0.0,0.0
7.818058444,0.0,0.0,0.0,0.0
7.819695830000001,0.0,0.01,0.0,0.01
7.8200658690000004,0.0,0.0,0.0,0.01
7.821359965,0.0,0.0,0.01,0.0
7.822120884,0.0,0.01,0.0,0.0
7.823431858,0.01,0.0,0.0,0.0
7.825368344,0.0,0.0,0.0,0.0
7.826091113,0.0,0.0,0.01,0.0
7.827398137,0.01,0.0,0.0,0.0
7.8281142610000005,0.0,0.0,0.0,0.0
7.829351872,0.0,0.0,0.0,0.02
7.830116658000001,0.0,0.0,0.0,0.01
7.831314937,0.0,0.01,0.0,0.0
7.832108827000001,0.0,0.01,0.0,0.0
7.833352222,0.0,0.0,0.0,0.0
7.834103573,0.0,0.0,0.0,0.0
7.835284196000001,0.0,0.01,0.01,0.0
7.836104747,0.02,0.01,0.0,0.0
7.837304804,0.0,0.0,0.0,0.0
7.838139594,0.0,0.01,0.0,0.0
7.839337528000001,0.0,0.0,0.0,0.0
7.8413363490000005,0.0,0.01,0.0,0.0
7.842106413000001,0.0,0.0,0.0,0.0
7.843265452000001,0.0,0.0,0.01,0.0
7.844169005,0.0,0.0,0.0,0.0
7.845346667,0.01,0.0,0.0,0.0
7.846104531000001,0.0,0.0,0.0,0.0
7.847342102000001,0.0,0.0,0.0,0.0
7.8481009660000005,0.0,0.0,0.01,0.0
7.849387813000001,0.0,0.0,0.0,0.0
7.8500940660000005,0.01,0.0,0.01,0.01
7.8512380120000005,0.0,0.0,0.0,0.01
7.852094749000001,0.0,0.0,0.0,0.0
7.853314837,0.0,0.0,0.0,0.0
7.854143233,0.0,0.01,0.01,0.01
7.855374394000001,0.0,0.0,0.0,0.0
7.857351569,0.01,0.01,0.01,0.0
7.858103018,0.0,0.0,0.0,0.0
7.859348559000001,0.01,0.0,0.0,0.0
7.860096980000001,0.0,0.0,0.0,0.0
7.861336985,0.0,0.0,0.0,0.0
7.8621396290000005,0.0,0.0,0.0,0.0
7.863277394000001,0.0,0.01,0.01,0.0
7.86417942,0.0,0.0,0.0,0.0
7.865278216,0.0,0.0,0.01,0.0
7.866119866000001,0.01,0.0,0.01,0.0
7.867292512000001,0.01,0.01,0.01,0.0
7.868132643000001,0.0,0.02,0.0,0.0
7.869344130000001,0.0,0.0,0.01,0.0
7.871364020000001,0.01,0.0,0.02,0.0
7.872092136000001,0.0,0.0,0.01,0.0
7.873412833000001,0.0,0.0,0.01,0.0
7.874090389000001,0.0,0.0,0.0,0.0
7.875434229000001,0.0,0.0,0.0,0.01
7.876090755000001,0.0,0.0,0.0,0.0
7.877257955,0.01,0.0,0.0,0.0
7.878133227,0.0,0.0,0.0,0.0
7.879248876,0.01,0.0,0.0,0.0
7.880145275,0.0,0.0,0.0,0.0
7.881250969000001,0.0,0.0,0.0,0.0
7.8821191520000005,0.0,0.0,0.0,0.0
7.883249355,0.0,0.01,0.0,0.0
7.8841312210000005,0.0,0.01,0.0,0.0
7.885268534000001,0.01,0.0,0.0,0.0
7.887255843,0.0,0.0,0.0,0.0
7.888134347,0.01,0.0,0.01,0.0
7.889258438000001,0.0,0.0,0.0,0.01
7.890126939000001,0.0,0.0,0.0,0.0
7.891256177000001,0.01,0.0,0.0,0.0
7.892207751000001,0.01,0.0,0.0,0.0
7.893230763000001,0.0,0.0,0.0,0.0
7.894220531,0.0,0.01,0.0,0.0
7.8952021210000005,0.0,0.01,0.0,0.0
7.8962181000000005,0.0,0.0,0.0,0.0
7.897212787000001,0.0,0.0,0.0,0.0
7.898191612000001,0.0,0.0,0.0,0.0
7.899220680000001,0.0,0.0,0.01,0.0
7.900226556000001,0.0,0.0,0.0,0.0
7.902202005,0.0,0.0,0.0,0.01
7.903197662,0.01,0.0,0.01,0.01
7.904230806,0.0,0.0,0.0,0.01
7.9052009750000005,0.01,0.0,0.0,0.01
7.906201652000001,0.0,0.01,0.0,0.01
7.907538563,0.0,0.0,0.0,0.0
7.908058917000001,0.0,0.0,0.03,0.01
7.909312862,0.0,0.01,0.01,0.0
7.910258433,0.0,0.0,0.01,0.0
7.911255874,0.0,0.0,0.0,0.01
7.912291426,0.0,0.0,0.0,0.0
7.9134058320000005,0.01,0.0,0.01,0.0
7.9154682240000005,0.0,0.01,0.01,0.0
7.916057224,0.01,0.0,0.0,0.0
7.9174204,0.0,0.0,0.0,0.0
7.918071057000001,0.0,0.02,0.0,0.0
7.919383900000001,0.0,0.01,0.0,0.01
7.920091837,0.0,0.0,0.0,0.0
7.921355116000001,0.0,0.0,0.0,0.0
7.922107778000001,0.0,0.0,0.01,0.0
7.923267691,0.0,0.01,0.0,0.01
7.924175472000001,0.0,0.0,0.0,0.0
7.925326512000001,0.01,0.0,0.0,0.0
7.926100267000001,0.03,0.0,0.0,0.0
7.927293973,0.0,0.0,0.0,0.01
7.9280981960000005,0.01,0.0,0.0,0.0
7.929314261000001,0.0,0.0,0.0,0.0
7.931351037000001,0.0,0.0,0.0,0.0
7.9321062300000005,0.0,0.0,0.0,0.0
7.9333831340000005,0.0,0.0,0.0,0.0
7.934104232,0.03,0.01,0.0,0.0
7.935280684,0.0,0.0,0.01,0.0
7.9361033800000005,0.02,0.01,0.0,0.0
7.937297927,0.01,0.0,0.0,0.0
7.938168571,0.0,0.0,0.0,0.0
7.939366996,0.0,0.0,0.0,0.0
7.940094514,0.01,0.01,0.0,0.0
7.941287118000001,0.0,0.0,0.01,0.0
7.942164419000001,0.0,0.0,0.0,0.0
7.9433327600000005,0.0,0.0,0.0,0.0
7.9441221870000005,0.01,0.0,0.01,0.0
7.945366497,0.0,0.02,0.0,0.0
7.94736198,0.0,0.0,0.0,0.01
7.948133322,0.0,0.01,0.0,0.01
7.949345761000001,0.0,0.0,0.0,0.0
7.950131839000001,0.0,0.01,0.0,0.0
7.951360719,0.01,0.0,0.0,0.0
7.9520972180000005,0.0,0.01,0.0,0.01
7.953357024000001,0.0,0.0,0.0,0.0
7.954088525,0.0,0.01,0.0,0.0
7.955317107000001,0.0,0.0,0.0,0.0
7.956095598,0.01,0.0,0.0,0.0
7.957287999,0.0,0.0,0.0,0.0
7.958088051000001,0.0,0.0,0.01,0.0
7.959339283,0.0,0.01,0.01,0.0
7.960161382000001,0.0,0.0,0.0,0.0
7.962374119000001,0.0,0.0,0.02,0.0
7.963091467000001,0.0,0.03,0.0,0.0
7.964342326000001,0.0,0.0,0.0,0.0
7.96513322,0.0,0.01,0.01,0.02
7.966353687000001,0.0,0.02,0.0,0.0
7.96709972,0.0,0.0,0.0,0.0
7.968357018000001,0.0,0.0,0.0,0.0
7.96912382,0.0,0.0,0.01,0.0
7.970317153000001,0.0,0.0,0.0,0.01
7.971099596,0.0,0.02,0.0,0.01
7.972320843,0.0,0.01,0.0,0.0
7.973129081000001,0.0,0.01,0.0,0.01
7.974311577000001,0.0,0.01,0.03,0.01
7.9763421050000005,0.0,0.0,0.0,0.01
7.977105098000001,0.0,0.0,0.0,0.0
7.978359171,0.0,0.0,0.0,0.0
7.979102463,0.0,0.0,0.0,0.01
7.980339386000001,0.0,0.0,0.0,0.01
7.98109622,0.0,0.01,0.0,0.0
7.982353557000001,0.0,0.01,0.0,0.0
7.983097953000001,0.0,0.0,0.0,0.0
7.984342702,0.0,0.0,0.0,0.01
7.985101113000001,0.01,0.0,0.0,0.0
7.986296094,0.0,0.0,0.0,0.0
7.987108579000001,0.0,0.0,0.01,0.0
7.9882948680000005,0.0,0.0,0.0,0.02
7.9891866700000005,0.0,0.0,0.0,0.0
7.990358017,0.0,0.0,0.0,0.01
7.992368948,0.0,0.0,0.01,0.01
7.993097258000001,0.0,0.0,0.0,0.0
7.99434159,0.0,0.02,0.0,0.01
7.995107839,0.0,0.01,0.0,0.0
7.996331355000001,0.0,0.03,0.0,0.0
7.997128269,0.0,0.0,0.0,0.02
7.998329945000001,0.02,0.0,0.0,0.0
7.999101603000001,0.0,0.01,0.01,0.0
8.000316428,0.0,0.0,0.0,0.01
8.001099334000001,0.0,0.02,0.0,0.0
8.002307622,0.0,0.0,0.0,0.0
8.003173134,0.0,0.0,0.0,0.0
8.004327943,0.0,0.0,0.0,0.01
8.006337929,0.0,0.0,0.0,0.0
8.00709335,0.0,0.0,0.0,0.0
8.008353246,0.0,0.0,0.0,0.01
8.009090728,0.0,0.0,0.01,0.0
8.010363408,0.0,0.0,0.0,0.0
8.011085103000001,0.0,0.0,0.0,0.0
8.012377409,0.0,0.0,0.01,0.0
8.013150441,0.0,0.01,0.0,0.0
8.014358470000001,0.0,0.0,0.0,0.0
8.015125427000001,0.0,0.01,0.0,0.0
8.016277311,0.0,0.0,0.0,0.0
8.017090483,0.0,0.01,0.0,0.0
8.018352419000001,0.0,0.01,0.0,0.0
8.020295334,0.0,0.01,0.0,0.0
8.021114125,0.0,0.0,0.0,0.01
8.022264782,0.01,0.0,0.0,0.0
8.023195674,0.0,0.0,0.0,0.0
8.024333265000001,0.01,0.0,0.0,0.01
8.025092836,0.01,0.0,0.0,0.0
8.026355268,0.0,0.0,0.01,0.0
8.027089701000001,0.0,0.0,0.0,0.01
8.028349422,0.0,0.02,0.0,0.0
8.029090433,0.0,0.0,0.0,0.01
8.030284727,0.0,0.0,0.0,0.0
8.031142476000001,0.01,0.0,0.0,0.0
8.032276591,0.0,0.0,0.0,0.0
8.033143041,0.0,0.01,0.0,0.0
8.034380568000001,0.0,0.0,0.0,0.01
8.036344099,0.0,0.0,0.0,0.0
8.0371047,0.0,0.0,0.01,0.0
8.03835559,0.0,0.01,0.0,0.0
8.039101173,0.01,0.0,0.01,0.0
8.040361138,0.0,0.0,0.0,0.0
8.041097319,0.0,0.0,0.0,0.01
8.042356846,0.0,0.01,0.0,0.0
8.04311545,0.0,0.0,0.0,0.0
8.044360093,0.0,0.0,0.0,0.0
8.045093678,0.01,0.0,0.0,0.0
8.046299427000001,0.0,0.0,0.0,0.0
8.047135053,0.01,0.0,0.0,0.01
8.048308931000001,0.0,0.0,0.0,0.0
8.049144868,0.0,0.01,0.0,0.01
8.051365097,0.0,0.01,0.0,0.0
8.052098976,0.0,0.0,0.0,0.01
8.053460597,0.0,0.0,0.01,0.0
8.054086306,0.0,0.0,0.01,0.0
8.055359554,0.0,0.0,0.0,0.0
8.056115719000001,0.02,0.0,0.01,0.0
8.057366149,0.01,0.0,0.0,0.0
8.058085446,0.01,0.0,0.0,0.0
8.05937106,0.0,0.01,0.0,0.01
8.060140692000001,0.0,0.0,0.01,0.0
8.061324223,0.0,0.01,0.01,0.0
8.062077723,0.0,0.01,0.0,0.0
8.063348242,0.0,0.0,0.0,0.0
8.065360570000001,0.0,0.0,0.0,0.0
8.066084738,0.0,0.0,0.0,0.0
8.067359764,0.0,0.01,0.0,0.0
8.068082558,0.0,0.0,0.0,0.01
8.06936509,0.0,0.0,0.0,0.0
8.070136346,0.01,0.0,0.0,0.0
8.071361452,0.0,0.01,0.01,0.01
8.072122137000001,0.0,0.0,0.0,0.0
8.073365432000001,0.0,0.0,0.0,0.0
8.074082547,0.0,0.01,0.0,0.0
8.075458418,0.0,0.02,0.0,0.0
8.076087648,0.0,0.02,0.0,0.0
8.077334337,0.0,0.02,0.0,0.0
8.078086003000001,0.0,0.02,0.0,0.0
8.079255897000001,0.0,0.01,0.0,0.0
8.081374809,0.0,0.02,0.0,0.0
8.082097362,0.01,0.03,0.0,0.01
8.083342781,0.0,0.03,0.0,0.0
8.084095165,0.0,0.03,0.0,0.0
8.085292269,0.0,0.02,0.0,0.0
8.086152967,0.0,0.03,0.0,0.01
8.087353606,0.01,0.02,0.0,0.01
8.088136825000001,0.0,0.02,0.0,0.01
8.089358729,0.0,0.02,0.0,0.0
8.090089766,0.0,0.02,0.05,0.01
8.091290793,0.0,0.02,0.0,0.0
8.092134374,0.0,0.02,0.01,0.0
8.093284295,0.0,0.02,0.01,0.01
8.095346286,0.01,0.01,0.01,0.04
8.096086381000001,0.01,0.01,0.0,0.0
8.097364711,0.0,0.0,0.01,0.01
8.098084768,0.0,0.0,0.0,0.0
8.099368054000001,0.0,0.01,0.01,0.0
8.100086137,0.0,0.01,0.01,0.0
8.101362783,0.0,0.0,0.01,0.0
8.102110602,0.0,0.0,0.0,0.0
8.103369223,0.0,0.0,0.0,0.0
8.104082271000001,0.01,0.0,0.0,0.0
8.10526946,0.0,0.0,0.0,0.0
8.106081287,0.0,0.0,0.0,0.0
8.107302004000001,0.0,0.01,0.0,0.0
8.108137806,0.0,0.01,0.01,0.01
8.109266612,0.0,0.0,0.0,0.01
8.111251634,0.0,0.0,0.0,0.0
8.112087582000001,0.0,0.04,0.0,0.0
8.113345829,0.0,0.0,0.0,0.0
8.114117947,0.03,0.0,0.0,0.0
8.115366105,0.01,0.0,0.01,0.0
8.116132814,0.0,0.0,0.01,0.0
8.117359643,0.0,0.06,0.01,0.01
8.11808989,0.0,0.0,0.01,0.01
8.119241879,0.0,0.0,0.0,0.02
8.120282104000001,0.01,0.0,0.0,0.0
8.121095323,0.0,0.01,0.01,0.0
8.122173870000001,0.0,0.0,0.0,0.0
8.1233084,0.0,0.0,0.0,0.0
8.124092309,0.0,0.0,0.0,0.0
8.125271867,0.01,0.0,0.01,0.0
8.127359613000001,0.0,0.01,0.0,0.01
8.128097911000001,0.0,0.0,0.0,0.01
8.12934356,0.0,0.0,0.0,0.01
8.130097605000001,0.01,0.01,0.0,0.0
8.131253623000001,0.0,0.0,0.0,0.0
8.132252349,0.0,0.0,0.0,0.0
8.13316944,0.0,0.01,0.0,0.0
8.134233082,0.0,0.0,0.0,0.02
8.1354121,0.01,0.0,0.01,0.0
8.136096877,0.0,0.01,0.01,0.0
8.137299111,0.0,0.0,0.0,0.0
8.138088507,0.0,0.01,0.01,0.01
8.139402626,0.0,0.0,0.0,0.0
8.141370323,0.0,0.0,0.01,0.0
8.142100774000001,0.0,0.01,0.0,0.01
8.143351838000001,0.03,0.0,0.01,0.0
8.144095189,0.01,0.01,0.0,0.01
8.145261939000001,0.0,0.0,0.0,0.01
8.146131885,0.0,0.0,0.0,0.0
8.147345843,0.0,0.01,0.0,0.0
8.148132433,0.0,0.01,0.0,0.0
8.149349135000001,0.0,0.0,0.01,0.02
8.150118577,0.0,0.0,0.0,0.01
8.151282980000001,0.0,0.01,0.0,0.0
8.152174849,0.0,0.0,0.0,0.0
8.153330162000001,0.0,0.0,0.0,0.0
8.154137719000001,0.0,0.01,0.0,0.02
8.155354149,0.01,0.01,0.0,0.0
8.157352207,0.0,0.01,0.01,0.02
8.158119989000001,0.0,0.0,0.0,0.01
8.159362511000001,0.0,0.0,0.0,0.0
8.160085686,0.0,0.0,0.0,0.0
8.161378051,0.0,0.0,0.0,0.01
8.162085235000001,0.0,0.0,0.01,0.0
8.163368214,0.0,0.01,0.0,0.0
8.164088643000001,0.0,0.0,0.0,0.0
8.165388165000001,0.0,0.0,0.0,0.0
8.166082648,0.0,0.0,0.0,0.0
8.167281956,0.0,0.0,0.0,0.01
8.168083242,0.0,0.0,0.0,0.0
8.169393058,0.0,0.0,0.0,0.0
8.170085956000001,0.0,0.0,0.0,0.0
8.171244856000001,0.0,0.0,0.0,0.0
8.173286092,0.0,0.0,0.0,0.01
8.174091382,0.0,0.0,0.0,0.0
8.175360751000001,0.01,0.0,0.0,0.0
8.176097617,0.01,0.0,0.01,0.01
8.177361384000001,0.01,0.0,0.0,0.01
8.178107347000001,0.0,0.03,0.0,0.0
8.179362399,0.0,0.01,0.0,0.0
8.180127747,0.01,0.0,0.0,0.0
8.181307369,0.0,0.0,0.0,0.0
8.182167269,0.0,0.01,0.0,0.0
8.183272630000001,0.0,0.0,0.0,0.0
8.184179570000001,0.0,0.0,0.0,0.0
8.185338736,0.0,0.0,0.0,0.0
8.187359315,0.02,0.0,0.01,0.01
8.188097599,0.0,0.0,0.0,0.0
8.189340975,0.01,0.0,0.01,0.01
8.190097164,0.0,0.0,0.0,0.0
8.191357219,0.0,0.0,0.0,0.0
8.192096922000001,0.0,0.0,0.0,0.0
8.193387246,0.0,0.0,0.0,0.0
8.194095008,0.0,0.01,0.01,0.0
8.195369367,0.0,0.0,0.0,0.0
8.196087579,0.0,0.0,0.0,0.0
8.197287309,0.0,0.0,0.01,0.0
8.198090485,0.0,0.0,0.0,0.01
8.199339325,0.0,0.04,0.0,0.0
8.20009346,0.01,0.06,0.0,0.0
8.201284774000001,0.0,0.06,0.0,0.01
8.203265849000001,0.0,0.06,0.0,0.0
8.204184824,0.0,0.06,0.0,0.0
8.205335061000001,0.0,0.07,0.02,0.0
8.206096128,0.01,0.07,0.0,0.02
8.207352805000001,0.0,0.06,0.0,0.0
8.208091197,0.0,0.07,0.0,0.0
8.209350388,0.0,0.06,0.0,0.0
8.210092464,0.01,0.05,0.0,0.01
8.211291323000001,0.0,0.08,0.01,0.0
8.212132814,0.0,0.08,0.01,0.0
8.21326853,0.0,0.07,0.0,0.0
8.214170122,0.0,0.08,0.0,0.0
8.215382478,0.0,0.08,0.0,0.0
8.217339004000001,0.0,0.06,0.0,0.0
8.218093003,0.0,0.08,0.0,0.0
8.219345209,0.0,0.08,0.0,0.0
8.220099208,0.0,0.08,0.01,0.01
8.221353901,0.0,0.09,0.0,0.0
8.222090814000001,0.0,0.09,0.0,0.0
8.223360711,0.0,0.09,0.0,0.0
8.224093701000001,0.0,0.09,0.0,0.0
8.225356351,0.0,0.1,0.0,0.0
8.226095947000001,0.0,0.09,0.01,0.0
8.227298519,0.0,0.09,0.0,0.0
8.228095769000001,0.0,0.09,0.0,0.01
8.229331791,0.0,0.09,0.0,0.0
8.230093951,0.0,0.09,0.0,0.0
8.231352259000001,0.0,0.08,0.01,0.0
8.233369228,0.0,0.09,0.0,0.0
8.234106361,0.0,0.09,0.0,0.0
8.235346282,0.01,0.08,0.0,0.0
8.236103697,0.02,0.09,0.0,0.01
8.237308085,0.01,0.09,0.0,0.0
8.238098195000001,0.0,0.09,0.0,0.01
8.239359197,0.0,0.08,0.01,0.0
8.240094251,0.0,0.09,0.0,0.01
8.241416838000001,0.01,0.08,0.06,0.0
8.242088426,0.0,0.09,0.0,0.0
8.243297128,0.01,0.08,0.0,0.0
8.244089052,0.0,0.08,0.0,0.01
8.245381265,0.01,0.1,0.0,0.0
8.247364366000001,0.0,0.09,0.02,0.01
8.248103199,0.0,0.09,0.02,0.0
8.249368043,0.0,0.08,0.0,0.0
8.250100956,0.0,0.08,0.0,0.0
8.251362385,0.0,0.08,0.0,0.01
8.252091400000001,0.0,0.08,0.0,0.0
8.253364202,0.0,0.07,0.0,0.01
8.254093735,0.0,0.07,0.0,0.0
8.255366763000001,0.0,0.09,0.0,0.0
8.256089664000001,0.0,0.06,0.0,0.0
8.257289916000001,0.0,0.09,0.0,0.0
8.258148176,0.0,0.08,0.0,0.0
8.259361909,0.0,0.08,0.0,0.0
8.261494881,0.0,0.08,0.0,0.0
8.262095022,0.03,0.09,0.0,0.0
8.263274963,0.01,0.09,0.0,0.0
8.264092106,0.0,0.07,0.01,0.0
8.265457835000001,0.01,0.07,0.0,0.0
8.266096464,0.0,0.09,0.0,0.01
8.267359103,0.01,0.09,0.0,0.0
8.268089307,0.0,0.09,0.01,0.0
8.269358019,0.01,0.09,0.0,0.0
8.270092356000001,0.01,0.09,0.01,0.0
8.271278659,0.01,0.11,0.0,0.0
8.272146059,0.0,0.13,0.0,0.0
8.273297846,0.0,0.16,0.01,0.0
8.274091453,0.0,0.18,0.0,0.0
8.275338108,0.01,0.21,0.0,0.0
8.27734972,0.0,0.22,0.01,0.0
8.278121755,0.0,0.23,0.0,0.0
8.279356514,0.0,0.23,0.01,0.0
8.280088299,0.0,0.23,0.0,0.0
8.281365332,0.0,0.24,0.0,0.0
8.282083752,0.0,0.25,0.0,0.0
8.283375577000001,0.0,0.27,0.0,0.0
8.284086003,0.0,0.28,0.0,0.0
8.285434651000001,0.01,0.28,0.0,0.0
8.286079432000001,0.0,0.28,0.0,0.0
8.287275171000001,0.01,0.28,0.0,0.0
8.288141607,0.0,0.28,0.0,0.0
8.289388249,0.01,0.29,0.0,0.01
8.291373290000001,0.0,0.3,0.0,0.0
8.292086710000001,0.0,0.31,0.0,0.0
8.293254368000001,0.0,0.31,0.01,0.0
8.294186132,0.0,0.3,0.0,0.0
8.295238572,0.0,0.31,0.01,0.01
8.296086559,0.0,0.3,0.0,0.01
8.297373305,0.01,0.32,0.0,0.0
8.298086276000001,0.02,0.33,0.0,0.0
8.299341743000001,0.0,0.32,0.02,0.01
8.300123005,0.0,0.31,0.0,0.0
8.301237764,0.01,0.31,0.01,0.01
8.302169736,0.0,0.32,0.0,0.01
8.303345714,0.01,0.31,0.01,0.0
8.304127816000001,0.0,0.33,0.0,0.01
8.305493527000001,0.01,0.34,0.01,0.0
8.307343865,0.0,0.36,0.0,0.0
8.308095079000001,0.0,0.35,0.01,0.0
8.309372726000001,0.0,0.34,0.01,0.0
8.310093933000001,0.01,0.35,0.0,0.01
8.311337943,0.01,0.35,0.0,0.0
8.312120096000001,0.0,0.34,0.01,0.0
8.31335177,0.01,0.34,0.01,0.01
8.314097022,0.0,0.35,0.0,0.01
8.315341896000001,0.0,0.34,0.0,0.0
8.316096307,0.0,0.35,0.01,0.01
8.317294865000001,0.0,0.35,0.0,0.0
8.318157624000001,0.01,0.35,0.01,0.0
8.319359542,0.0,0.35,0.0,0.0
8.320130002,0.0,0.36,0.0,0.0
8.321396515,0.0,0.36,0.0,0.0
8.323354512,0.0,0.36,0.0,0.0
8.32412661,0.0,0.36,0.01,0.0
8.325271604000001,0.01,0.36,0.0,0.0
8.326202631000001,0.01,0.34,0.0,0.0
8.327372500000001,0.01,0.32,0.0,0.01
8.328094928,0.0,0.36,0.0,0.01
8.329355591,0.0,0.35,0.01,0.0
8.330100184,0.01,0.35,0.0,0.0
8.331306621000001,0.01,0.35,0.0,0.0
8.332094763,0.01,0.35,0.0,0.0
8.333280006,0.0,0.35,0.0,0.0
8.334088589,0.0,0.35,0.01,0.0
8.335489561000001,0.0,0.35,0.0,0.01
8.337347274,0.0,0.35,0.0,0.01
8.338095135,0.0,0.36,0.0,0.0
8.339332592,0.0,0.4,0.0,0.0
8.340128991,0.0,0.39,0.0,0.01
8.341355275,0.0,0.4,0.0,0.01
8.342127673,0.0,0.39,0.01,0.0
8.343307861000001,0.0,0.4,0.01,0.0
8.344091751,0.0,0.4,0.01,0.0
8.345259375000001,0.0,0.4,0.0,0.01
8.346183988,0.0,0.39,0.01,0.0
8.347264138,0.0,0.41,0.0,0.01
8.348167440000001,0.0,0.41,0.0,0.01
8.349358217,0.0,0.42,0.0,0.0
8.351352531,0.0,0.42,0.0,0.01
8.352104376,0.0,0.42,0.01,0.01
8.353348180000001,0.0,0.42,0.0,0.01
8.354090104,0.01,0.42,0.0,0.0
8.355269969,0.0,0.44,0.0,0.0
8.356126844,0.0,0.44,0.0,0.0
8.357340195,0.01,0.45,0.0,0.0
8.358131231,0.0,0.44,0.0,0.0
8.359351241,0.0,0.44,0.02,0.0
8.360152331,0.0,0.43,0.01,0.0
8.361364515,0.0,0.44,0.01,0.0
8.362086333,0.0,0.43,0.0,0.0
8.363265325,0.0,0.43,0.0,0.0
8.364148124,0.0,0.43,0.0,0.01
8.365293827,0.0,0.44,0.0,0.0
8.367377089,0.0,0.44,0.01,0.0
8.368091744,0.01,0.44,0.0,0.0
8.369375139,0.0,0.45,0.0,0.0
8.370093695000001,0.0,0.45,0.0,0.0
8.371360471000001,0.01,0.45,0.0,0.0
8.372112826,0.0,0.45,0.0,0.0
8.373383906,0.0,0.45,0.0,0.0
8.37411955,0.0,0.45,0.01,0.0
8.37528721,0.01,0.45,0.0,0.0
8.376082792,0.0,0.44,0.0,0.01
8.37727007,0.0,0.46,0.0,0.0
8.378088431,0.0,0.45,0.01,0.0
8.379328393,0.01,0.45,0.0,0.0
8.380128871,0.0,0.45,0.0,0.0
8.381314242,0.0,0.45,0.0,0.0
8.383375816000001,0.0,0.45,0.0,0.0
8.384094849,0.0,0.46,0.01,0.0
8.385374522000001,0.02,0.45,0.0,0.01
8.386090735,0.0,0.46,0.0,0.0
8.387245769,0.0,0.47,0.0,0.0
8.388145971,0.01,0.47,0.01,0.0
8.389233319,0.0,0.47,0.0,0.0
8.390227982,0.0,0.49,0.0,0.0
8.391463244,0.0,0.48,0.0,0.0
8.392091370000001,0.0,0.49,0.01,0.01
8.393273691000001,0.01,0.48,0.02,0.0
8.394086127000001,0.0,0.49,0.01,0.0
8.395279835,0.0,0.5,0.0,0.0
8.397372175000001,0.0,0.48,0.01,0.0
8.398093141,0.0,0.49,0.0,0.0
8.399358953,0.0,0.57,0.0,0.0
8.40009706,0.0,0.58,0.0,0.01
8.401364807,0.0,0.59,0.0,0.0
8.402094632,0.0,0.59,0.01,0.0
8.403251866,0.01,0.59,0.0,0.01
8.404166818,0.0,0.59,0.0,0.0
8.405365268,0.01,0.61,0.0,0.0
8.406090418,0.0,0.61,0.0,0.0
8.407275257,0.0,0.6,0.0,0.02
8.408158459000001,0.0,0.59,0.0,0.0
8.409251032,0.0,0.6,0.0,0.0
8.410179862,0.01,0.59,0.0,0.0
8.412111205,0.0,0.61,0.0,0.0
8.413361204000001,0.01,0.6,0.01,0.0
8.414094123,0.0,0.6,0.0,0.0
8.41535983,0.0,0.6,0.01,0.01
8.416138041,0.01,0.6,0.0,0.0
8.41735906,0.0,0.6,0.0,0.0
8.418093659,0.0,0.61,0.0,0.0
8.419361907,0.01,0.6,0.01,0.0
8.420087829,0.01,0.61,0.0,0.0
8.421267199,0.0,0.6,0.01,0.0
8.422127549,0.0,0.61,0.01,0.0
8.423254659000001,0.0,0.61,0.0,0.0
8.424137932,0.0,0.6,0.0,0.0
8.425342954000001,0.0,0.6,0.0,0.0
8.426169830000001,0.0,0.61,0.0,0.01
8.428377228,0.0,0.61,0.0,0.0
8.429114332000001,0.0,0.61,0.0,0.0
8.430289698000001,0.0,0.61,0.0,0.01
8.431178081,0.0,0.61,0.0,0.0
8.432361046,0.0,0.61,0.0,0.0
8.433087925,0.0,0.61,0.0,0.0
8.434413706,0.0,0.61,0.0,0.0
8.435087477,0.01,0.61,0.0,0.0
8.436303070000001,0.01,0.62,0.0,0.0
8.437091421,0.0,0.62,0.0,0.0
8.438252018,0.0,0.62,0.0,0.01
8.439108993000001,0.01,0.61,0.0,0.0
8.440316577,0.0,0.61,0.0,0.0
8.44113444,0.0,0.61,0.0,0.0
8.442377921,0.03,0.62,0.0,0.0
8.444362591,0.0,0.6,0.01,0.0
8.445090219,0.0,0.57,0.01,0.0
8.446242372,0.0,0.61,0.0,0.01
8.447088023000001,0.0,0.65,0.0,0.0
8.448372507,0.0,0.62,0.0,0.0
8.449091633,0.0,0.61,0.01,0.0
8.450516483000001,0.0,0.63,0.0,0.0
8.451087549,0.0,0.62,0.0,0.0
8.452291854,0.01,0.62,0.0,0.0
8.453085455,0.01,0.62,0.0,0.0
8.454323522000001,0.01,0.62,0.0,0.0
8.455192404,0.0,0.62,0.01,0.0
8.456486230000001,0.0,0.62,0.0,0.0
8.458347324,0.0,0.62,0.0,0.0
8.459090829,0.01,0.63,0.0,0.0
8.460293034000001,0.0,0.63,0.01,0.01
8.461085557,0.0,0.63,0.01,0.0
8.462352024000001,0.0,0.63,0.0,0.0
8.46311387,0.0,0.63,0.0,0.02
8.464256357,0.0,0.63,0.0,0.0
8.465168643,0.0,0.64,0.01,0.0
8.466384448000001,0.0,0.64,0.0,0.0
8.467085179,0.0,0.64,0.0,0.0
8.468267547,0.0,0.64,0.0,0.0
8.469098582,0.0,0.63,0.01,0.0
8.470442440000001,0.0,0.64,0.01,0.0
8.471086045,0.0,0.64,0.0,0.0
8.472284174,0.01,0.63,0.0,0.01
8.474349939,0.0,0.64,0.01,0.0
8.475096883,0.0,0.65,0.0,0.0
8.476340568000001,0.0,0.63,0.02,0.01
8.477129625,0.0,0.63,0.01,0.0
8.478380845,0.0,0.64,0.0,0.0
8.479102452000001,0.0,0.64,0.0,0.0
8.480269224,0.01,0.64,0.0,0.0
8.481150222,0.0,0.63,0.01,0.0
8.482246864,0.0,0.64,0.0,0.0
8.483162999000001,0.0,0.64,0.01,0.0
8.484266074,0.0,0.65,0.0,0.0
8.485125277,0.0,0.64,0.0,0.0
8.48635192,0.0,0.64,0.01,0.0
8.488353889,0.0,0.64,0.0,0.0
8.489135757,0.0,0.64,0.01,0.0
8.490339482000001,0.0,0.65,0.0,0.01
8.491093572,0.0,0.64,0.0,0.0
8.492438942,0.0,0.64,0.0,0.0
8.493093095,0.0,0.64,0.0,0.01
8.494360748,0.0,0.63,0.0,0.0
8.495114373,0.01,0.64,0.0,0.01
8.496352611,0.0,0.63,0.0,0.0
8.497169451000001,0.0,0.64,0.01,0.0
8.498272201,0.02,0.64,0.0,0.01
8.499172619000001,0.0,0.63,0.01,0.0
8.500307496000001,0.01,0.64,0.0,0.0
8.501135903,0.0,0.63,0.0,0.0
8.502374835000001,0.02,0.64,0.01,0.0
8.504352631,0.0,0.63,0.0,0.0
8.505134672,0.01,0.63,0.0,0.0
8.506367146,0.0,0.63,0.01,0.0
8.507113947,0.01,0.61,0.01,0.0
8.508349922,0.0,0.63,0.01,0.0
8.509086641,0.0,0.64,0.0,0.0
8.510393417000001,0.0,0.63,0.0,0.0
8.511086275,0.0,0.63,0.0,0.0
8.512248762,0.0,0.66,0.0,0.01
8.513086842,0.0,0.66,0.0,0.0
8.514296575000001,0.01,0.66,0.0,0.0
8.515150527000001,0.0,0.66,0.0,0.0
8.516321114,0.0,0.65,0.0,0.0
8.518275239000001,0.0,0.65,0.0,0.0
8.51915756,0.0,0.65,0.0,0.0
8.520332194,0.0,0.65,0.01,0.0
8.521135259000001,0.0,0.65,0.0,0.0
8.522395655,0.0,0.65,0.0,0.0
8.523090388,0.0,0.64,0.0,0.0
8.524237092,0.0,0.64,0.0,0.0
8.525376225,0.0,0.64,0.0,0.0
8.526086053,0.0,0.64,0.0,0.01
8.527247591,0.01,0.6,0.01,0.0
8.52826197,0.0,0.59,0.0,0.0
8.529154351,0.0,0.6,0.0,0.0
8.530253749,0.01,0.59,0.01,0.0
8.531081295,0.01,0.59,0.01,0.01
8.532382866,0.0,0.59,0.0,0.03
8.534359332000001,0.0,0.59,0.0,0.0
8.5350882,0.0,0.59,0.0,0.0
8.536267447,0.0,0.58,0.0,0.0
8.537087382000001,0.0,0.59,0.01,0.03
8.538342928,0.0,0.6,0.0,0.0
8.539089859,0.0,0.6,0.0,0.0
8.540246653,0.0,0.6,0.0,0.0
8.541083777,0.0,0.6,0.04,0.0
8.542305556,0.0,0.59,0.02,0.0
8.543142362000001,0.0,0.6,0.0,0.0
8.544261431,0.0,0.6,0.0,0.0
8.545148855,0.0,0.6,0.0,0.0
8.546274575,0.0,0.6,0.01,0.0
8.547171062,0.0,0.6,0.0,0.0
8.548311913000001,0.0,0.61,0.01,0.0
8.550386265,0.0,0.6,0.01,0.0
8.551088588,0.0,0.59,0.01,0.02
8.552386981,0.0,0.6,0.0,0.0
8.553091433,0.0,0.6,0.0,0.0
8.554308497000001,0.0,0.6,0.01,0.0
8.555088095,0.0,0.6,0.0,0.0
8.556373361,0.0,0.6,0.0,0.0
8.557090883,0.01,0.59,0.0,0.01
8.558282777,0.0,0.6,0.0,0.0
8.559091292,0.0,0.6,0.0,0.0
8.5603903,0.0,0.59,0.0,0.0
8.56109295,0.0,0.6,0.0,0.0
8.562375091,0.0,0.6,0.0,0.01
8.564369149000001,0.0,0.6,0.0,0.0
8.56509542,0.0,0.59,0.01,0.0
8.566365237000001,0.01,0.6,0.0,0.0
8.567091366,0.01,0.6,0.01,0.01
8.568346284,0.0,0.6,0.0,0.01
8.569087673,0.0,0.59,0.0,0.0
8.570372363,0.0,0.59,0.0,0.01
8.571088872,0.0,0.59,0.0,0.01
8.572428497,0.0,0.59,0.01,0.0
8.573088292000001,0.0,0.6,0.0,0.0
8.574289438000001,0.0,0.6,0.0,0.0
8.575192571,0.0,0.6,0.0,0.0
8.576342382,0.0,0.61,0.0,0.0
8.578247722,0.0,0.6,0.0,0.0
8.579140318,0.0,0.61,0.0,0.0
8.580347728000001,0.01,0.6,0.01,0.0
8.581097692,0.0,0.6,0.0,0.0
8.582341371,0.0,0.61,0.0,0.0
8.583090975000001,0.0,0.6,0.0,0.0
8.584230717,0.0,0.61,0.0,0.0
8.585155756,0.0,0.61,0.0,0.0
8.586354659000001,0.0,0.6,0.0,0.0
8.587090545,0.0,0.61,0.0,0.01
8.588300761000001,0.0,0.62,0.0,0.0
8.589095646,0.0,0.61,0.01,0.01
8.590266739,0.0,0.63,0.0,0.0
8.591088238000001,0.0,0.62,0.02,0.01
8.592372819000001,0.01,0.62,0.0,0.0
8.594208851000001,0.0,0.59,0.01,0.0
8.595084293000001,0.0,0.6,0.02,0.01
8.596373862,0.0,0.6,0.0,0.0
8.59710749,0.01,0.6,0.01,0.0
8.598277093,0.01,0.65,0.0,0.03
8.599085605,0.0,0.63,0.0,0.0
8.600250003000001,0.0,0.64,0.0,0.0
8.601129466,0.01,0.62,0.0,0.0
8.602257187000001,0.0,0.63,0.0,0.0
8.603123893000001,0.0,0.63,0.01,0.0
8.604237085000001,0.0,0.63,0.01,0.0
8.605186486000001,0.0,0.63,0.0,0.0
8.606240198,0.0,0.63,0.01,0.0
8.607125601,0.01,0.64,0.0,0.01
8.608234387000001,0.01,0.63,0.01,0.01
8.610249750000001,0.01,0.63,0.0,0.01
8.611124801,0.0,0.63,0.0,0.0
8.612214604,0.01,0.63,0.0,0.0
8.613200202,0.0,0.62,0.01,0.0
8.614229297000001,0.0,0.63,0.0,0.0
8.615204167,0.01,0.63,0.01,0.01
8.616193051,0.0,0.63,0.01,0.0
8.617211141,0.0,0.63,0.0,0.0
8.618215841000001,0.0,0.63,0.0,0.0
8.619227298,0.0,0.63,0.0,0.0
8.62020176,0.0,0.64,0.0,0.0
8.621244782,0.0,0.63,0.0,0.0
8.622236035,0.0,0.63,0.01,0.0
8.623201158,0.0,0.63,0.01,0.0
8.625201090000001,0.0,0.64,0.0,0.0
8.626195293,0.0,0.64,0.0,0.0
8.627211296,0.0,0.64,0.0,0.0
8.628458084,0.01,0.64,0.0,0.0
8.629061047,0.0,0.64,0.0,0.0
8.630528431,0.0,0.64,0.0,0.0
8.631057857,0.0,0.63,0.0,0.0
8.632636541,0.0,0.64,0.01,0.0
8.633058895000001,0.0,0.64,0.0,0.0
8.634876233,0.0,0.64,0.0,0.0
8.635162704,0.0,0.64,0.0,0.0
8.636271091000001,0.0,0.63,0.0,0.0
8.637266645,0.0,0.64,0.0,0.0
8.638447155,0.0,0.64,0.0,0.01
8.640395245,0.0,0.63,0.0,0.0
8.641079314,0.0,0.64,0.0,0.0
8.642351027,0.0,0.64,0.0,0.0
8.643088495,0.0,0.63,0.0,0.0
8.644357278000001,0.0,0.63,0.01,0.0
8.645085678000001,0.0,0.64,0.0,0.0
8.646386605,0.0,0.64,0.0,0.0
8.647084603,0.0,0.64,0.0,0.0
8.648301802,0.01,0.64,0.0,0.0
8.649161367000001,0.0,0.62,0.0,0.0
8.650337941,0.0,0.64,0.01,0.0
8.651176923000001,0.0,0.64,0.0,0.0
8.652389969,0.0,0.65,0.0,0.0
8.654371486,0.0,0.63,0.0,0.0
8.655120238,0.0,0.64,0.03,0.0
8.656362565,0.0,0.64,0.0,0.01
8.657090584,0.01,0.64,0.0,0.0
8.658353859,0.0,0.64,0.0,0.0
8.659085239000001,0.0,0.65,0.01,0.01
8.660370121,0.0,0.64,0.0,0.0
8.66110961,0.0,0.65,0.0,0.0
8.662437476000001,0.0,0.64,0.0,0.0
8.663082425,0.0,0.64,0.0,0.0
8.664282652,0.0,0.65,0.0,0.01
8.665087217,0.01,0.64,0.0,0.0
8.666258799000001,0.0,0.64,0.0,0.0
8.668477871,0.0,0.65,0.0,0.0
8.669091296000001,0.01,0.65,0.0,0.0
8.670319102,0.0,0.65,0.0,0.01
8.671091548,0.0,0.66,0.0,0.0
8.672378515,0.01,0.65,0.01,0.0
8.67309226,0.0,0.65,0.01,0.0
8.674380130000001,0.0,0.66,0.0,0.0
8.675092315,0.01,0.66,0.01,0.0
8.676281727000001,0.0,0.66,0.01,0.0
8.677212535,0.0,0.66,0.0,0.0
8.678288661,0.0,0.66,0.0,0.0
8.679085598,0.0,0.65,0.0,0.0
8.680403851000001,0.0,0.65,0.0,0.0
8.681082928,0.0,0.66,0.0,0.0
8.682390497,0.0,0.65,0.01,0.01
8.684368945000001,0.0,0.66,0.01,0.0
8.685091344,0.0,0.65,0.0,0.0
8.686341330000001,0.0,0.66,0.0,0.0
8.687148624,0.0,0.65,0.01,0.0
8.688380159000001,0.0,0.65,0.0,0.0
8.689088928,0.0,0.66,0.02,0.01
8.690344902000001,0.0,0.65,0.0,0.04
8.691088168,0.0,0.65,0.0,0.04
8.692262234000001,0.0,0.65,0.0,0.0
8.693178252000001,0.0,0.65,0.0,0.0
8.69427439,0.01,0.64,0.0,0.0
8.695087710000001,0.0,0.64,0.0,0.0
8.696373138,0.0,0.65,0.0,0.01
8.69830319,0.0,0.65,0.0,0.0
8.699096977,0.0,0.65,0.0,0.0
8.700346833000001,0.0,0.65,0.0,0.01
8.701115523,0.0,0.65,0.0,0.0
8.702390049,0.0,0.65,0.0,0.0
8.703093887000001,0.0,0.64,0.0,0.0
8.704262499,0.0,0.65,0.01,0.0
8.705091259000001,0.0,0.65,0.0,0.0
8.706389331,0.0,0.66,0.0,0.0
8.707092617,0.0,0.65,0.01,0.0
8.708279271,0.0,0.65,0.0,0.0
8.709169933,0.0,0.66,0.0,0.0
8.710275059,0.01,0.64,0.01,0.0
8.711173315,0.0,0.66,0.0,0.01
8.712358365,0.0,0.65,0.01,0.0
8.714373055000001,0.0,0.65,0.0,0.02
8.715089172,0.01,0.64,0.0,0.0
8.716314393000001,0.0,0.64,0.0,0.0
8.717091084,0.0,0.65,0.0,0.0
8.718336078,0.0,0.65,0.01,0.01
8.719156133,0.0,0.65,0.0,0.0
8.720355006,0.0,0.65,0.0,0.0
8.721086541,0.0,0.65,0.0,0.01
8.722280228,0.0,0.64,0.0,0.0
8.723114377,0.0,0.65,0.0,0.0
8.72428084,0.0,0.65,0.0,0.0
8.725174433000001,0.0,0.64,0.0,0.0
8.726361429,0.0,0.65,0.0,0.0
8.727114492,0.0,0.64,0.0,0.0
8.72826283,0.0,0.64,0.01,0.0
8.730291591,0.0,0.65,0.0,0.01
8.731085351,0.0,0.65,0.0,0.0
8.732373909,0.0,0.64,0.0,0.01
8.733090857,0.0,0.64,0.01,0.0
8.734332597,0.0,0.65,0.0,0.0
8.735098671000001,0.0,0.65,0.0,0.01
8.736372239000001,0.0,0.65,0.0,0.0
8.737123461000001,0.0,0.65,0.0,0.0
8.738226311,0.0,0.64,0.0,0.0
8.739085035,0.0,0.64,0.0,0.0
8.74031755,0.0,0.65,0.0,0.0
8.741085813,0.0,0.64,0.0,0.0
8.742384212000001,0.0,0.64,0.0,0.0
8.744379446,0.0,0.64,0.0,0.01
8.745090701,0.0,0.65,0.01,0.0
8.746301256,0.0,0.65,0.01,0.01
8.747088272000001,0.0,0.65,0.02,0.0
8.748359200000001,0.0,0.65,0.01,0.01
8.749090555,0.0,0.64,0.0,0.0
8.750320162000001,0.0,0.64,0.0,0.0
8.751164223,0.0,0.64,0.0,0.0
8.752268102,0.01,0.63,0.0,0.04
8.753086773,0.0,0.63,0.0,0.0
8.754291339,0.0,0.62,0.01,0.0
8.755087397,0.0,0.62,0.0,0.01
8.756264776,0.0,0.62,0.0,0.0
8.757213019,0.0,0.63,0.0,0.0
8.758392919,0.0,0.62,0.0,0.0
8.760358162000001,0.01,0.62,0.01,0.0
8.761129733,0.0,0.61,0.0,0.0
8.762253986000001,0.01,0.62,0.0,0.0
8.763110031,0.01,0.62,0.0,0.0
8.76437606,0.0,0.61,0.0,0.0
8.765132657,0.0,0.62,0.0,0.0
8.766180464000001,0.0,0.62,0.0,0.0
8.767211137,0.0,0.62,0.0,0.0
8.768151628,0.0,0.58,0.01,0.0
8.769205502,0.01,0.59,0.0,0.0
8.770183846,0.0,0.59,0.0,0.0
8.771190069000001,0.0,0.64,0.0,0.0
8.772207967,0.0,0.66,0.0,0.0
8.774551155000001,0.01,0.65,0.0,0.0
8.775765517,0.0,0.64,0.0,0.0
8.776733292000001,0.02,0.64,0.0,0.0
8.777610038,0.0,0.64,0.01,0.0
8.778397424000001,0.0,0.63,0.01,0.0
8.779237699000001,0.0,0.63,0.0,0.0
8.780181736000001,0.0,0.63,0.01,0.0
8.781180911,0.0,0.63,0.02,0.0
8.78219704,0.0,0.64,0.0,0.0
8.783164182,0.0,0.64,0.0,0.0
8.784182287,0.0,0.63,0.0,0.0
8.785164851000001,0.0,0.64,0.0,0.0
8.786372333000001,0.0,0.63,0.0,0.0
8.788329073,0.0,0.63,0.0,0.01
8.78915665,0.0,0.63,0.0,0.0
8.790166694,0.0,0.6,0.0,0.0
8.791359735,0.0,0.59,0.0,0.0
8.792125334000001,0.0,0.57,0.0,0.0
8.793339455,0.0,0.6,0.0,0.0
8.794116185,0.0,0.62,0.0,0.0
8.795415428,0.0,0.6,0.0,0.0
8.796104677,0.0,0.59,0.0,0.0
8.797231465000001,0.0,0.58,0.01,0.0
8.798178406,0.0,0.54,0.0,0.0
8.799287297000001,0.01,0.54,0.0,0.0
8.800097294,0.0,0.53,0.0,0.0
8.801248507,0.0,0.52,0.01,0.0
8.803365965000001,0.0,0.52,0.0,0.0
8.804104163,0.0,0.51,0.0,0.0
8.805348758000001,0.02,0.5,0.0,0.0
8.806100518000001,0.0,0.48,0.0,0.0
8.807341106,0.02,0.49,0.0,0.0
8.808127542000001,0.0,0.52,0.01,0.0
8.809405235,0.0,0.48,0.01,0.0
8.810090652000001,0.01,0.48,0.0,0.0
8.811383103,0.0,0.46,0.0,0.0
8.812096797,0.0,0.48,0.0,0.0
8.813280736000001,0.0,0.47,0.0,0.0
8.814153707000001,0.0,0.47,0.0,0.0
8.815255493,0.0,0.47,0.0,0.0
8.816179737,0.02,0.46,0.0,0.0
8.817348423,0.0,0.45,0.0,0.0
8.819395658000001,0.0,0.45,0.0,0.0
8.820095625,0.0,0.42,0.0,0.0
8.821259206,0.01,0.39,0.0,0.0
8.822108484000001,0.0,0.38,0.01,0.0
8.823149233,0.0,0.38,0.0,0.0
8.824353738000001,0.0,0.37,0.0,0.0
8.825127559,0.0,0.38,0.0,0.0
8.826358135000001,0.0,0.17,0.0,0.0
8.82711487,0.0,0.15,0.0,0.0
8.828269507,0.0,0.15,0.01,0.0
8.829132414,0.01,0.11,0.02,0.0
8.830304226,0.0,0.11,0.0,0.0
8.831088236000001,0.0,0.1,0.0,0.0
8.832377802,0.0,0.09,0.0,0.0
8.834357465,0.0,0.1,0.01,0.02
8.835118013,0.0,0.08,0.0,0.0
8.836446818,0.0,0.05,0.01,0.0
8.837087474,0.0,0.06,0.0,0.02
8.838260926,0.0,0.07,0.0,0.0
8.839089293,0.01,0.06,0.02,0.0
8.840359522,0.01,0.06,0.0,0.0
8.841126071,0.0,0.06,0.01,0.0
8.842296336,0.0,0.05,0.0,0.0
8.843168528000001,0.0,0.06,0.0,0.0
8.844254701,0.0,0.06,0.01,0.0
8.845169066,0.0,0.06,0.0,0.0
8.846307464,0.0,0.05,0.01,0.0
8.848382016,0.0,0.05,0.0,0.0
8.84909105,0.0,0.05,0.01,0.0
8.850256789000001,0.0,0.05,0.0,0.0
8.851183519000001,0.0,0.05,0.0,0.0
8.852241577000001,0.0,0.05,0.0,0.0
8.85308678,0.0,0.05,0.0,0.0
8.854178694,0.01,0.05,0.01,0.0
8.855350858000001,0.01,0.05,0.01,0.01
8.856089167,0.0,0.05,0.0,0.0
8.857296624,0.0,0.03,0.0,0.0
8.858083642,0.0,0.05,0.0,0.01
8.859278674,0.0,0.04,0.0,0.0
8.860085364,0.0,0.04,0.0,0.0
8.861393757,0.0,0.05,0.0,0.0
8.863354463,0.0,0.05,0.0,0.0
8.864140997,0.0,0.04,0.0,0.0
8.865348842000001,0.0,0.05,0.0,0.0
8.866094155,0.0,0.04,0.0,0.0
8.867308662000001,0.0,0.04,0.0,0.0
8.868092146,0.0,0.04,0.0,0.0
8.869359994,0.0,0.04,0.01,0.01
8.870088104,0.0,0.04,0.0,0.0
8.871351926,0.0,0.05,0.0,0.0
8.872125874,0.0,0.05,0.01,0.0
8.873265012000001,0.0,0.05,0.0,0.01
8.874088865000001,0.0,0.05,0.0,0.01
8.875280829000001,0.0,0.05,0.0,0.0
8.876084623,0.0,0.03,0.01,0.0
8.877376428,0.01,0.03,0.0,0.0
8.879398830000001,0.01,0.05,0.01,0.0
8.880091727,0.01,0.04,0.0,0.0
8.881354547,0.0,0.04,0.0,0.0
8.882102103000001,0.0,0.01,0.01,0.0
8.883335977,0.01,0.01,0.0,0.0
8.884090945,0.0,0.0,0.01,0.0
8.885363702000001,0.0,0.0,0.01,0.0
8.886086223000001,0.0,0.0,0.0,0.0
8.887130031,0.0,0.0,0.0,0.0
8.888135666,0.0,0.0,0.0,0.0
8.889276968,0.0,0.01,0.01,0.01
8.890171905,0.0,0.03,0.01,0.0
8.891403289000001,0.0,0.04,0.0,0.0
8.89326949,0.0,0.05,0.01,0.04
8.894161894,0.0,0.04,0.0,0.0
8.895358635000001,0.0,0.03,0.0,0.0
8.896086365,0.0,0.05,0.0,0.0
8.897361887,0.0,0.06,0.01,0.0
8.89808528,0.01,0.05,0.0,0.0
8.899369724000001,0.0,0.05,0.0,0.0
8.900085615,0.0,0.04,0.01,0.0
8.901370321,0.0,0.04,0.01,0.0
8.902082537,0.0,0.03,0.0,0.0
8.903280245000001,0.0,0.05,0.0,0.0
8.904177039,0.01,0.04,0.0,0.01
8.905310859,0.0,0.03,0.0,0.0
8.906177998,0.0,0.04,0.0,0.0
8.90737023,0.0,0.02,0.0,0.0
8.90937796,0.0,0.03,0.0,0.0
8.910089895,0.0,0.03,0.0,0.0
8.911361788,0.01,0.04,0.0,0.0
8.9120951,0.0,0.04,0.0,0.01
8.913290911,0.01,0.04,0.01,0.0
8.914131196000001,0.0,0.04,0.0,0.0
8.915368137,0.0,0.05,0.0,0.0
8.916092287,0.0,0.05,0.0,0.01
8.917405313,0.0,0.05,0.0,0.01
8.918085211000001,0.0,0.04,0.0,0.0
8.919276106,0.0,0.02,0.0,0.0
8.920087129,0.0,0.02,0.0,0.0
8.921306806,0.0,0.03,0.0,0.0
8.923384783000001,0.0,0.03,0.0,0.0
8.924116371,0.0,0.03,0.0,0.0
8.925385671,0.0,0.03,0.02,0.0
8.926124849,0.01,0.03,0.0,0.0
8.927208818,0.0,0.03,0.0,0.0
8.928277152,0.0,0.3,0.01,0.0
8.929258804,0.0,0.31,0.0,0.0
8.930395737000001,0.0,0.32,0.0,0.0
8.931078405000001,0.0,0.32,0.01,0.0
8.932315353,0.0,0.28,0.0,0.0
8.933145577000001,0.0,0.33,0.0,0.0
8.934260093,0.0,0.32,0.0,0.0
8.935163657,0.0,0.32,0.01,0.0
8.93642879,0.0,0.31,0.0,0.0
8.938132876000001,0.0,0.32,0.0,0.0
8.939419547,0.0,0.33,0.01,0.0
8.940078879000001,0.0,0.34,0.0,0.0
8.941479577,0.0,0.34,0.0,0.0
8.942078565000001,0.0,0.34,0.0,0.0
8.943387747000001,0.0,0.33,0.0,0.0
8.944137671,0.0,0.33,0.0,0.0
8.945286014,0.0,0.34,0.0,0.0
8.946118654000001,0.0,0.34,0.0,0.0
8.947220865,0.0,0.33,0.0,0.0
8.948170093,0.0,0.34,0.01,0.0
8.949280169,0.0,0.34,0.01,0.0
8.950111316000001,0.0,0.34,0.0,0.0
8.95145001,0.0,0.34,0.0,0.0
8.953388745,0.0,0.35,0.0,0.0
8.954084646,0.0,0.35,0.0,0.0
8.955380253000001,0.0,0.35,0.0,0.0
8.956116981000001,0.0,0.34,0.0,0.0
8.957379079,0.01,0.35,0.0,0.0
8.958111062,0.01,0.35,0.01,0.0
8.959362063,0.0,0.35,0.0,0.0
8.960082688,0.0,0.35,0.0,0.0
8.961372621,0.0,0.35,0.0,0.01
8.962084034,0.0,0.36,0.0,0.0
8.963268334,0.0,0.38,0.01,0.0
8.964167443000001,0.02,0.39,0.0,0.0
8.965357184,0.0,0.39,0.0,0.0
8.966118892,0.0,0.4,0.0,0.0
8.967380752,0.01,0.4,0.0,0.0
8.969393977000001,0.0,0.41,0.0,0.0
8.970088054000001,0.01,0.41,0.01,0.0
8.971374663,0.01,0.41,0.0,0.0
8.972088228,0.0,0.42,0.0,0.0
8.973361193,0.0,0.42,0.0,0.0
8.974119039000001,0.0,0.42,0.0,0.0
8.975373869,0.0,0.46,0.0,0.0
8.976086634000001,0.0,0.46,0.0,0.0
8.977409561,0.0,0.46,0.0,0.0
8.978084106,0.01,0.48,0.0,0.0
8.979290122,0.01,0.5,0.01,0.0
8.980086662,0.0,0.53,0.0,0.0
8.981361076,0.0,0.53,0.0,0.0
8.983371713,0.01,0.55,0.0,0.0
8.984111514,0.0,0.56,0.01,0.0
8.985186828,0.0,0.56,0.0,0.01
8.986370114000001,0.0,0.58,0.02,0.0
8.987113888000001,0.0,0.61,0.01,0.01
8.988370752,0.0,0.65,0.0,0.0
8.989087210000001,0.01,0.66,0.01,0.01
8.990352035,0.0,0.69,0.01,0.0
8.991100747,0.0,0.67,0.01,0.0
8.992337329,0.0,0.69,0.01,0.01
8.993083663,0.0,0.71,0.0,0.01
8.994273439,0.0,0.73,0.0,0.0
8.995174685,0.0,0.72,0.01,0.0
8.996397564,0.0,0.74,0.0,0.0
8.998359109,0.01,0.75,0.0,0.01
8.999089983000001,0.01,0.76,0.0,0.0
9.000357054,0.0,0.79,0.0,0.0
9.001106585,0.01,0.78,0.01,0.0
9.00237422,0.0,0.79,0.0,0.0
9.003087424,0.0,0.8,0.0,0.0
9.004365085,0.0,0.82,0.0,0.0
9.00511275,0.0,0.81,0.0,0.0
9.006373003,0.0,0.83,0.0,0.0
9.007082755,0.0,0.84,0.0,0.0
9.008284864,0.0,0.83,0.02,0.0
9.009084394,0.0,0.84,0.0,0.0
9.010313614000001,0.0,0.84,0.01,0.0
9.011189904,0.0,0.85,0.0,0.0
9.012394655000001,0.01,0.85,0.0,0.06
9.014375990000001,0.0,0.87,0.0,0.06
9.015090909000001,0.0,0.86,0.01,0.0
9.016361682000001,0.0,0.88,0.01,0.0
9.017092678000001,0.01,0.87,0.0,0.0
9.018278464,0.0,0.88,0.0,0.0
9.019088716,0.0,0.87,0.0,0.0
9.020373877,0.0,0.88,0.0,0.0
9.021120185000001,0.01,0.88,0.0,0.0
9.022422199000001,0.0,0.88,0.0,0.0
9.02308477,0.0,0.89,0.0,0.0
9.024279439,0.0,0.87,0.01,0.0
9.025081968,0.0,0.86,0.0,0.0
9.0264019,0.01,0.86,0.0,0.0
9.028366953,0.0,0.88,0.0,0.0
9.029118969,0.01,0.88,0.0,0.0
9.030353328,0.0,0.88,0.0,0.0
9.031089413,0.0,0.87,0.0,0.01
9.032373476,0.0,0.87,0.0,0.0
9.033106279,0.0,0.84,0.0,0.0
9.034395292000001,0.0,0.83,0.0,0.0
9.035080257,0.0,0.85,0.0,0.0
9.036391267,0.0,0.83,0.0,0.0
9.037110354000001,0.01,0.82,0.0,0.0
9.038239504,0.0,0.84,0.0,0.0
9.039305494,0.0,0.83,0.0,0.0
9.04008467,0.0,0.83,0.0,0.0
9.041372781,0.01,0.83,0.0,0.0
9.043297314,0.0,0.83,0.0,0.01
9.044085946000001,0.0,0.84,0.01,0.0
9.045375906,0.0,0.83,0.0,0.01
9.046086411000001,0.0,0.84,0.0,0.0
9.047365037,0.0,0.84,0.0,0.0
9.048086023,0.0,0.85,0.0,0.0
9.049368045000001,0.02,0.86,0.0,0.0
9.050085393,0.0,0.86,0.0,0.0
9.051377478000001,0.01,0.81,0.0,0.0
9.052113602,0.0,0.89,0.0,0.0
9.05326451,0.0,0.88,0.0,0.0
9.054086751,0.0,0.88,0.0,0.0
9.055301349,0.0,0.88,0.02,0.0
9.056193776,0.0,0.89,0.0,0.0
9.057349827000001,0.01,0.9,0.0,0.0
9.059356234000001,0.0,0.9,0.01,0.0
9.060085937,0.0,0.89,0.01,0.0
9.061380749000001,0.01,0.91,0.01,0.0
9.062080426000001,0.01,0.91,0.0,0.0
9.063377927000001,0.0,0.92,0.0,0.0
9.064115775000001,0.0,0.91,0.0,0.0
9.065385589,0.0,0.92,0.0,0.0
9.066083044,0.0,0.91,0.0,0.0
9.067386609,0.0,0.93,0.0,0.0
9.068078653,0.0,0.92,0.0,0.02
9.069294103,0.0,0.93,0.0,0.0
9.070088148,0.0,0.93,0.0,0.0
9.071384637000001,0.01,0.94,0.0,0.0
9.072082482,0.0,0.93,0.0,0.0
9.073346891,0.0,0.94,0.0,0.0
9.075343568000001,0.0,0.94,0.0,0.0
9.076142891,0.0,0.95,0.0,0.0
9.077209516,0.0,0.95,0.0,0.0
9.078202444,0.0,0.96,0.0,0.0
9.079200237,0.0,0.96,0.01,0.01
9.080166576,0.01,0.96,0.0,0.0
9.081204846,0.0,0.97,0.0,0.0
9.082181065,0.0,0.97,0.0,0.01
9.083199898,0.0,0.98,0.0,0.01
9.084217071000001,0.0,0.98,0.0,0.0
9.085227112,0.0,1.01,0.0,0.0
9.086273246000001,0.0,1.02,0.0,0.0
9.087281125,0.0,1.02,0.0,0.0
9.089437647,0.0,1.03,0.0,0.0
9.090360017,0.01,1.02,0.0,0.0
9.091256808,0.0,1.03,0.01,0.0
9.092176878,0.0,1.03,0.0,0.0
9.093150369,0.0,1.03,0.0,0.01
9.094199137,0.0,1.04,0.01,0.0
9.095211208,0.0,1.04,0.0,0.0
9.096202535,0.0,1.05,0.01,0.0
9.097197255000001,0.01,1.05,0.0,0.0
9.098189656,0.0,1.04,0.0,0.0
9.099326268,0.0,1.04,0.0,0.0
9.100140137,0.0,1.04,0.01,0.01
9.101332826,0.0,1.05,0.0,0.0
9.103338314,0.0,1.05,0.0,0.0
9.104120846,0.0,1.05,0.0,0.0
9.105325930000001,0.0,1.05,0.0,0.0
9.106120781000001,0.0,1.05,0.0,0.0
9.107345469,0.0,1.05,0.0,0.01
9.108106992,0.0,1.05,0.02,0.0
9.109342727000001,0.0,1.04,0.01,0.0
9.110105102,0.0,1.05,0.0,0.0
9.111354583,0.0,1.04,0.03,0.0
9.112101745,0.0,1.04,0.0,0.0
9.113311600000001,0.0,1.05,0.0,0.01
9.114159946000001,0.0,1.04,0.0,0.01
9.115287204000001,0.01,1.05,0.01,0.0
9.116170597,0.0,1.04,0.01,0.0
9.117339028,0.0,1.04,0.0,0.0
9.119361489000001,0.0,1.04,0.0,0.01
9.120121153000001,0.0,1.04,0.0,0.0
9.121140480000001,0.0,1.04,0.01,0.0
9.122253982,0.0,1.03,0.0,0.0
9.123091350000001,0.0,1.04,0.0,0.0
9.124292267000001,0.0,1.04,0.0,0.0
9.125154241,0.0,1.03,0.0,0.0
9.126441745000001,0.0,1.04,0.0,0.0
9.127073811,0.0,1.04,0.01,0.0
9.128271163,0.0,1.04,0.0,0.01
9.129168229000001,0.0,1.04,0.0,0.0
9.130247816,0.0,1.04,0.0,0.0
9.131274569,0.0,1.04,0.0,0.0
9.132152945000001,0.0,1.04,0.0,0.0
9.133424132,0.0,1.05,0.0,0.0
9.135279961,0.01,1.04,0.0,0.0
9.136170889,0.01,1.03,0.0,0.01
9.137393017,0.0,1.04,0.0,0.02
9.138091090000001,0.01,1.05,0.01,0.0
9.139402189,0.0,1.03,0.03,0.0
9.140084453,0.0,1.03,0.02,0.01
9.141419811,0.0,1.04,0.0,0.0
9.142080602,0.0,1.04,0.0,0.0
9.143240728,0.0,1.03,0.01,0.0
9.144420807000001,0.0,1.03,0.01,0.0
9.14507964,0.0,1.03,0.01,0.0
9.146376611,0.01,1.02,0.0,0.0
9.148381214,0.0,1.04,0.0,0.01
9.149085727000001,0.0,1.03,0.01,0.0
9.150383742,0.0,1.02,0.01,0.01
9.151085981000001,0.0,1.03,0.0,0.0
9.152383031000001,0.0,1.03,0.0,0.0
9.153081949,0.0,1.02,0.0,0.01
9.154370642,0.0,1.02,0.0,0.0
9.15513602,0.0,1.01,0.01,0.0
9.156384534,0.0,1.01,0.0,0.0
9.157082072,0.01,1.01,0.0,0.0
9.158282554000001,0.0,1.0,0.0,0.0
9.159077960000001,0.01,1.01,0.0,0.0
9.160280722000001,0.01,1.0,0.0,0.0
9.161080791,0.0,1.0,0.0,0.0
9.162264444,0.0,0.99,0.01,0.01
9.163241121,0.0,0.99,0.0,0.0
9.164394763,0.01,0.98,0.01,0.01
9.166384572,0.0,0.97,0.01,0.0
9.167112509,0.01,0.97,0.0,0.0
9.168441509,0.0,0.96,0.01,0.0
9.169079341,0.0,0.97,0.0,0.0
9.170373997,0.0,0.97,0.0,0.0
9.171081749,0.01,0.96,0.0,0.0
9.172404479,0.01,0.96,0.0,0.01
9.17308085,0.0,0.96,0.0,0.0
9.174218953,0.0,0.96,0.0,0.0
9.175284518,0.01,0.96,0.01,0.01
9.176126147,0.0,0.96,0.0,0.0
9.177618581,0.0,0.95,0.01,0.0
9.179362702,0.0,0.95,0.0,0.0
9.180085908,0.01,0.93,0.0,0.0
9.181364202000001,0.0,0.94,0.0,0.0
9.18212014,0.0,0.95,0.0,0.01
9.183369666,0.0,0.95,0.0,0.0
9.184084704,0.0,0.95,0.0,0.0
9.185386233000001,0.0,0.94,0.0,0.0
9.186107839,0.0,0.94,0.0,0.0
9.187344156,0.0,0.94,0.0,0.0
9.188081123,0.01,0.93,0.0,0.0
9.189246164,0.0,0.93,0.0,0.0
9.190272052000001,0.0,0.93,0.0,0.0
9.191119167,0.0,0.91,0.0,0.0
9.192228381000001,0.01,0.89,0.0,0.0
9.193382906,0.0,0.87,0.0,0.0
9.195227172000001,0.0,0.89,0.0,0.0
9.196261448000001,0.0,0.88,0.01,0.01
9.197205740000001,0.0,0.89,0.01,0.01
9.198249637,0.01,0.91,0.02,0.0
9.199221937,0.01,0.9,0.0,0.01
9.200336968,0.03,0.91,0.0,0.0
9.201085806,0.0,0.89,0.0,0.01
9.202398741000001,0.03,0.9,0.01,0.01
9.203088207,0.0,0.89,0.0,0.0
9.204259316,0.0,0.88,0.01,0.0
9.205106006000001,0.0,0.87,0.0,0.0
9.206283635,0.0,0.85,0.0,0.0
9.207194063000001,0.01,0.85,0.01,0.0
9.209374331000001,0.0,0.85,0.0,0.01
9.2100878,0.0,0.83,0.0,0.0
9.211355141,0.0,0.81,0.0,0.0
9.21214479,0.0,0.85,0.0,0.01
9.213370717,0.0,0.84,0.0,0.0
9.214123346000001,0.0,0.82,0.0,0.01
9.215430722,0.0,0.78,0.01,0.0
9.216080062000001,0.0,0.75,0.0,0.0
9.217397187000001,0.0,0.73,0.0,0.0
9.218080152,0.0,0.7,0.0,0.0
9.219301485,0.01,0.65,0.0,0.0
9.220169367,0.0,0.56,0.0,0.0
9.221371158,0.01,0.52,0.0,0.01
9.223232058,0.01,0.47,0.0,0.0
9.224245981000001,0.0,0.46,0.0,0.0
9.22509271,0.01,0.45,0.0,0.0
9.226386914,0.0,0.45,0.0,0.0
9.227092737000001,0.01,0.45,0.0,0.01
9.228268416,0.01,0.46,0.0,0.0
9.229090606,0.0,0.44,0.0,0.0
9.230311846000001,0.01,0.44,0.0,0.0
9.231187125,0.01,0.44,0.0,0.0
9.232357821,0.0,0.44,0.0,0.0
9.233114339,0.0,0.44,0.0,0.0
9.234278544,0.0,0.42,0.0,0.0
9.235144317000001,0.0,0.43,0.0,0.0
9.23632649,0.0,0.42,0.0,0.0
9.238372713,0.0,0.42,0.01,0.0
9.239120527,0.0,0.42,0.01,0.0
9.240363749,0.0,0.42,0.01,0.01
9.241090176,0.0,0.41,0.0,0.0
9.242354037,0.0,0.42,0.01,0.01
9.243089708000001,0.01,0.39,0.0,0.0
9.244367141000001,0.0,0.38,0.01,0.01
9.245085423,0.01,0.38,0.0,0.0
9.246372165,0.0,0.35,0.0,0.02
9.247109089,0.0,0.33,0.0,0.01
9.248347764,0.01,0.33,0.01,0.0
9.249124872000001,0.0,0.33,0.01,0.0
9.250277975000001,0.0,0.36,0.0,0.0
9.251167335,0.0,0.38,0.0,0.0
9.252419047,0.0,0.27,0.0,0.01
9.254391275,0.0,0.27,0.01,0.0
9.255087269,0.01,0.26,0.01,0.0
9.256265979,0.0,0.26,0.0,0.01
9.257213041,0.0,0.27,0.0,0.0
9.258345922,0.0,0.27,0.0,0.02
9.259089826,0.05,0.25,0.0,0.0
9.260270935000001,0.01,0.26,0.0,0.0
9.261090734,0.0,0.26,0.01,0.0
9.262356245000001,0.0,0.24,0.0,0.01
9.263111028,0.0,0.28,0.0,0.0
9.264277745000001,0.0,0.27,0.0,0.01
9.265171836,0.0,0.28,0.01,0.01
9.266312792,0.0,0.28,0.0,0.01
9.267130779,0.02,0.28,0.0,0.0
9.268360861000001,0.0,0.28,0.0,0.0
9.270378646000001,0.0,0.26,0.0,0.0
9.271094405000001,0.0,0.26,0.01,0.0
9.272356888000001,0.0,0.26,0.0,0.0
9.273115652000001,0.01,0.3,0.0,0.0
9.274381296000001,0.0,0.31,0.0,0.01
9.275088278,0.01,0.29,0.0,0.0
9.276366207,0.0,0.3,0.0,0.01
9.277088763,0.0,0.3,0.0,0.0
9.278435436,0.0,0.3,0.0,0.0
9.279088257,0.0,0.29,0.0,0.0
9.280280701,0.0,0.29,0.01,0.01
9.28113272,0.0,0.29,0.01,0.0
9.282397915,0.01,0.3,0.0,0.0
9.284379150000001,0.04,0.3,0.0,0.01
9.285088335000001,0.0,0.3,0.0,0.0
9.286369328000001,0.0,0.29,0.0,0.0
9.287085582000001,0.0,0.29,0.0,0.0
9.288375718000001,0.0,0.28,0.0,0.0
9.289104952,0.0,0.29,0.0,0.0
9.290381208000001,0.0,0.28,0.0,0.0
9.291114180000001,0.0,0.27,0.0,0.02
9.292506393,0.0,0.21,0.0,0.0
9.293083684,0.0,0.2,0.0,0.01
9.294275963,0.0,0.18,0.0,0.01
9.295078633000001,0.0,0.17,0.0,0.0
9.296364272,0.01,0.11,0.0,0.0
9.297079092,0.0,0.11,0.0,0.0
9.298395717,0.01,0.09,0.0,0.0
9.300385987,0.01,0.08,0.0,0.0
9.301084421,0.0,0.07,0.0,0.0
9.302368351,0.0,0.06,0.01,0.01
9.303085709000001,0.0,0.07,0.0,0.0
9.304373913000001,0.0,0.07,0.0,0.01
9.305115321,0.0,0.05,0.0,0.0
9.306385797,0.0,0.04,0.01,0.01
9.307081014000001,0.0,0.01,0.0,0.0
9.308299743000001,0.0,0.01,0.0,0.0
9.309105165,0.0,0.01,0.0,0.0
9.310281814000001,0.0,0.0,0.0,0.0
9.311080187,0.0,0.0,0.0,0.0
9.312416309000001,0.0,0.01,0.01,0.01
9.314376156,0.0,0.01,0.01,0.0
9.315088268,0.0,0.0,0.03,0.0
9.316250112,0.0,0.01,0.0,0.0
9.317090476,0.0,0.03,0.0,0.0
9.318494025000001,0.01,0.0,0.01,0.0
9.319091669,0.0,0.01,0.0,0.0
9.320289802000001,0.0,0.01,0.0,0.0
9.321140627,0.0,0.0,0.01,0.0
9.322364766,0.0,0.02,0.0,0.0
9.323112289,0.01,0.01,0.0,0.0
9.324282105,0.0,0.0,0.0,0.0
9.32516932,0.01,0.0,0.0,0.0
9.326327834,0.01,0.01,0.01,0.01
9.32717916,0.01,0.01,0.01,0.0
9.328381025,0.0,0.01,0.0,0.0
9.330402997,0.0,0.0,0.0,0.0
9.33109275,0.0,0.0,0.0,0.0
9.332358501,0.0,0.0,0.0,0.0
9.333094268,0.0,0.0,0.0,0.0
9.334374929,0.0,0.0,0.0,0.0
9.335087715,0.0,0.0,0.0,0.0
9.336353948000001,0.0,0.0,0.0,0.0
9.337118323,0.0,0.0,0.0,0.01
9.338387968000001,0.01,0.0,0.0,0.0
9.339085859,0.02,0.0,0.0,0.0
9.340288666000001,0.0,0.0,0.0,0.0
9.341131254,0.0,0.0,0.0,0.0
9.342375984,0.0,0.0,0.0,0.01
9.344370169000001,0.0,0.0,0.0,0.01
9.345094020000001,0.0,0.0,0.0,0.0
9.346357436,0.0,0.0,0.01,0.0
9.347095130000001,0.0,0.0,0.0,0.05
9.348361922,0.0,0.01,0.0,0.0
9.349110118,0.0,0.0,0.01,0.0
9.3503635,0.0,0.0,0.0,0.0
9.351088498000001,0.0,0.0,0.01,0.0
9.352382986,0.0,0.0,0.01,0.0
9.353122168,0.0,0.0,0.0,0.0
9.35424721,0.0,0.0,0.0,0.0
9.355282762,0.0,0.0,0.0,0.01
9.356085532,0.01,0.0,0.01,0.0
9.35739887,0.0,0.0,0.0,0.0
9.359370332000001,0.0,0.0,0.01,0.0
9.360088840000001,0.0,0.01,0.0,0.0
9.361356183,0.01,0.0,0.0,0.0
9.362087789,0.0,0.0,0.0,0.01
9.363366218000001,0.0,0.0,0.0,0.0
9.364088959,0.0,0.0,0.0,0.0
9.365367430000001,0.0,0.01,0.0,0.02
9.366122619,0.0,0.0,0.0,0.0
9.367377233000001,0.0,0.0,0.01,0.0
9.368085037,0.0,0.0,0.0,0.01
9.369270279,0.0,0.0,0.0,0.0
9.370169768,0.0,0.0,0.01,0.0
9.371279961,0.0,0.0,0.01,0.0
9.372180728,0.0,0.0,0.0,0.0
9.373351089,0.0,0.01,0.0,0.0
9.375380072,0.01,0.0,0.0,0.0
9.376082654000001,0.0,0.01,0.0,0.0
9.377390251000001,0.0,0.0,0.0,0.0
9.378108743,0.0,0.0,0.0,0.0
9.3792366,0.0,0.01,0.01,0.0
9.380301187,0.0,0.0,0.04,0.0
9.381127031,0.0,0.0,0.0,0.0
9.382384834,0.0,0.0,0.0,0.0
9.383076282000001,0.0,0.0,0.0,0.0
9.384274798,0.0,0.0,0.0,0.0
9.385133373,0.0,0.0,0.0,0.0
9.386379666,0.0,0.0,0.0,0.01
9.387099811,0.0,0.0,0.01,0.01
9.388406062000001,0.0,0.0,0.01,0.0
9.390384032,0.0,0.0,0.0,0.01
9.391141621000001,0.0,0.01,0.01,0.0
9.392389007,0.0,0.0,0.01,0.0
9.393127231000001,0.0,0.0,0.0,0.0
9.3943928,0.0,0.01,0.0,0.0
9.395072963,0.0,0.0,0.0,0.0
9.396407055000001,0.0,0.0,0.01,0.0
9.397072865,0.0,0.0,0.0,0.0
9.398280029,0.0,0.01,0.0,0.0
9.399273469,0.0,0.0,0.0,0.0
9.400241273,0.0,0.0,0.01,0.0
9.4012867,0.0,0.0,0.01,0.0
9.402164862000001,0.0,0.0,0.0,0.0
9.403304517,0.0,0.0,0.0,0.0
9.404395195000001,0.0,0.0,0.0,0.0
9.406306704,0.0,0.0,0.0,0.0
9.407221876000001,0.0,0.0,0.0,0.0
9.408267009000001,0.0,0.0,0.0,0.0
9.409253539,0.0,0.0,0.0,0.0
9.410415693000001,0.0,0.0,0.0,0.0
9.411080236,0.0,0.0,0.01,0.0
9.412236856,0.0,0.0,0.0,0.01
9.413353244000001,0.0,0.0,0.0,0.0
9.414121982000001,0.0,0.01,0.01,0.0
9.415276763000001,0.0,0.0,0.0,0.0
9.416108874,0.0,0.0,0.0,0.02
9.417394326,0.01,0.0,0.0,0.0
9.418082467000001,0.0,0.01,0.01,0.0
9.419369104000001,0.0,0.0,0.0,0.01
9.421374416,0.0,0.01,0.0,0.0
9.422114102,0.0,0.01,0.0,0.0
9.423355905000001,0.0,0.0,0.0,0.0
9.42408883,0.0,0.0,0.0,0.01
9.425361175,0.0,0.01,0.0,0.01
9.426088577,0.0,0.0,0.0,0.01
9.427365179,0.0,0.0,0.0,0.0
9.428087531000001,0.0,0.0,0.0,0.0
9.429348302000001,0.0,0.01,0.0,0.0
9.430150164,0.01,0.0,0.0,0.01
9.431276476,0.0,0.0,0.01,0.0
9.432168526,0.0,0.0,0.0,0.01
9.433399494000001,0.0,0.0,0.0,0.0
9.435370682,0.0,0.0,0.0,0.0
9.436107685000001,0.0,0.0,0.0,0.0
9.437369895,0.0,0.01,0.0,0.0
9.438088778000001,0.0,0.0,0.0,0.0
9.439380177,0.0,0.0,0.0,0.01
9.440088333,0.0,0.0,0.0,0.0
9.441362472,0.0,0.0,0.0,0.0
9.442087423,0.01,0.0,0.01,0.0
9.443378618,0.0,0.0,0.0,0.0
9.444083178000001,0.0,0.0,0.0,0.0
9.445255640000001,0.0,0.0,0.0,0.01
9.446276549,0.01,0.0,0.0,0.0
9.447157936,0.0,0.02,0.01,0.0
9.448416593000001,0.0,0.01,0.0,0.0
9.450375543,0.0,0.0,0.0,0.01
9.451090699,0.0,0.01,0.0,0.01
9.452269886,0.0,0.0,0.01,0.0
9.453202756000001,0.01,0.01,0.01,0.0
9.454372390000001,0.0,0.0,0.0,0.0
9.455088937000001,0.0,0.0,0.0,0.01
9.456385783,0.0,0.0,0.0,0.0
9.457086746,0.0,0.0,0.0,0.0
9.458387741000001,0.0,0.0,0.0,0.01
9.459094084,0.0,0.0,0.0,0.0
9.460319576,0.01,0.0,0.0,0.0
9.461158235000001,0.02,0.0,0.0,0.01
9.462333841000001,0.0,0.0,0.0,0.0
9.463083897,0.0,0.0,0.06,0.0
9.464369807,0.0,0.0,0.0,0.0
9.466376251,0.0,0.01,0.01,0.0
9.467088183000001,0.0,0.01,0.0,0.0
9.468392402000001,0.01,0.04,0.0,0.02
9.469105683,0.01,0.05,0.0,0.0
9.470383912,0.01,0.05,0.0,0.0
9.471125879,0.0,0.02,0.0,0.0
9.472279472,0.0,0.04,0.0,0.0
9.473082162,0.01,0.05,0.0,0.0
9.474431578,0.01,0.04,0.0,0.0
9.475073488000001,0.0,0.05,0.0,0.0
9.476296195,0.01,0.04,0.0,0.01
9.477127144,0.0,0.04,0.0,0.0
9.478279719000001,0.0,0.05,0.0,0.0
9.480374005,0.0,0.04,0.0,0.01
9.481084032,0.01,0.0,0.0,0.0
9.482365651,0.0,0.02,0.0,0.0
9.483160844,0.0,0.01,0.01,0.0
9.484381995000001,0.0,0.03,0.0,0.01
9.485106154,0.01,0.01,0.01,0.0
9.486380914,0.0,0.02,0.0,0.0
9.487084263,0.01,0.02,0.01,0.0
9.488383719,0.01,0.01,0.0,0.0
9.489111836000001,0.0,0.02,0.0,0.0
9.490316806000001,0.0,0.02,0.0,0.01
9.491079646000001,0.0,0.02,0.0,0.0
9.492344713000001,0.0,0.01,0.0,0.0
9.493176973,0.0,0.02,0.0,0.0
9.494367887000001,0.0,0.01,0.0,0.0
9.496377709,0.01,0.02,0.0,0.01
9.497106473,0.0,0.02,0.0,0.0
9.498366731,0.0,0.01,0.0,0.0
9.499087555000001,0.0,0.01,0.0,0.0
9.500373606,0.0,0.01,0.0,0.03
9.501111184,0.0,0.0,0.01,0.0
9.50222639,0.0,0.0,0.01,0.0
9.503363093,0.0,0.02,0.0,0.0
9.504107833,0.0,0.01,0.0,0.0
9.505320389000001,0.01,0.01,0.0,0.0
9.506102756,0.0,0.01,0.0,0.0
9.507340820000001,0.01,0.01,0.0,0.0
9.508178614,0.0,0.01,0.0,0.01
9.509323777,0.01,0.02,0.0,0.01
9.511377214000001,0.0,0.02,0.01,0.0
9.512089027,0.01,0.02,0.0,0.01
9.513369377,0.0,0.01,0.0,0.0
9.514119908000001,0.0,0.02,0.01,0.0
9.515365754000001,0.0,0.01,0.0,0.0
9.516080244000001,0.0,0.01,0.02,0.0
9.5173667,0.0,0.01,0.0,0.0
9.518146679,0.01,0.01,0.0,0.0
9.519460292,0.0,0.0,0.01,0.0
9.520080022,0.0,0.0,0.0,0.0
9.521271902,0.0,0.01,0.0,0.0
9.522079960000001,0.0,0.0,0.0,0.0
9.523399971,0.0,0.01,0.0,0.0
9.525362514000001,0.0,0.02,0.0,0.0
9.526116342,0.01,0.03,0.0,0.0
9.527401900000001,0.0,0.01,0.0,0.0
9.528086322,0.0,0.01,0.0,0.0
9.529404459,0.0,0.02,0.0,0.0
9.530084729,0.0,0.01,0.0,0.0
9.531377795000001,0.0,0.0,0.0,0.0
9.532085793,0.0,0.01,0.01,0.0
9.53342205,0.0,0.01,0.0,0.0
9.534083776000001,0.0,0.01,0.0,0.0
9.535284156000001,0.01,0.0,0.0,0.0
9.536082608000001,0.0,0.01,0.01,0.01
9.537250103,0.0,0.01,0.0,0.0
9.538316931,0.0,0.01,0.0,0.0
9.540370011,0.0,0.02,0.0,0.0
9.54110912,0.0,0.01,0.0,0.0
9.542369603000001,0.0,0.02,0.0,0.01
9.543121626000001,0.0,0.02,0.0,0.0
9.544342111,0.0,0.02,0.0,0.0
9.545082692000001,0.0,0.0,0.0,0.01
9.546360100000001,0.0,0.01,0.0,0.01
9.547149718,0.0,0.02,0.0,0.0
9.54831422,0.0,0.01,0.0,0.01
9.549079627000001,0.0,0.02,0.0,0.01
9.550247212,0.01,0.02,0.0,0.0
9.551266417,0.0,0.02,0.0,0.0
9.55213215,0.0,0.05,0.0,0.0
9.554375065,0.0,0.05,0.01,0.0
9.555087632000001,0.0,0.05,0.0,0.0
9.556363871,0.0,0.06,0.0,0.0
9.557085446,0.01,0.05,0.0,0.06
9.558349385000001,0.0,0.05,0.0,0.0
9.559083197000001,0.0,0.04,0.01,0.0
9.560378902,0.0,0.04,0.0,0.0
9.561083864,0.0,0.05,0.01,0.0
9.562357545000001,0.0,0.03,0.0,0.0
9.563124969,0.01,0.05,0.0,0.01
9.564294204000001,0.0,0.05,0.0,0.01
9.565139876,0.01,0.04,0.0,0.0
9.566265568,0.0,0.06,0.0,0.01
9.567171506000001,0.02,0.05,0.0,0.02
9.568368724,0.01,0.05,0.0,0.01
9.570391286000001,0.0,0.04,0.0,0.0
9.57112148,0.0,0.05,0.0,0.0
9.572354554,0.0,0.03,0.0,0.0
9.573131753,0.0,0.04,0.0,0.0
9.574379732,0.0,0.04,0.0,0.0
9.575083158,0.0,0.03,0.0,0.01
9.576341540000001,0.01,0.03,0.0,0.01
9.577079824,0.0,0.04,0.0,0.0
9.578322882,0.0,0.03,0.0,0.0
9.579169624,0.0,0.03,0.0,0.01
9.580301808,0.0,0.03,0.01,0.0
9.581166717,0.01,0.03,0.0,0.0
9.582394791,0.0,0.03,0.0,0.0
9.584375728000001,0.01,0.03,0.0,0.0
9.585090374,0.0,0.03,0.0,0.0
9.586396328000001,0.0,0.03,0.0,0.0
9.587091690000001,0.0,0.03,0.0,0.0
9.588237929,0.01,0.02,0.0,0.0
9.589369371,0.0,0.02,0.0,0.0
9.590088875000001,0.0,0.02,0.01,0.0
9.591370962000001,0.0,0.03,0.01,0.0
9.592116537,0.0,0.03,0.0,0.0
9.59341032,0.0,0.02,0.0,0.01
9.59408657,0.0,0.03,0.0,0.0
9.595252769,0.0,0.02,0.01,0.0
9.596134715,0.0,0.02,0.0,0.0
9.597290059,0.01,0.02,0.0,0.01
9.598182283,0.01,0.04,0.0,0.0
9.600365380000001,0.0,0.03,0.0,0.0
9.601112408,0.0,0.03,0.0,0.0
9.60223593,0.0,0.03,0.01,0.01
9.603491060000001,0.0,0.03,0.01,0.0
9.604082896000001,0.0,0.03,0.0,0.0
9.605372052,0.0,0.03,0.0,0.0
9.606133989,0.01,0.02,0.0,0.01
9.607398815,0.0,0.03,0.0,0.0
9.608078513,0.0,0.05,0.01,0.0
9.609269055,0.01,0.02,0.0,0.0
9.610239167000001,0.01,0.03,0.0,0.0
9.61126054,0.0,0.03,0.0,0.0
9.612251447,0.0,0.03,0.0,0.0
9.613373604000001,0.01,0.02,0.0,0.0
9.615288276000001,0.01,0.03,0.0,0.0
9.616178063000001,0.0,0.02,0.0,0.01
9.617190613,0.0,0.04,0.0,0.0
9.618110156,0.0,0.02,0.0,0.0
9.619381032,0.0,0.03,0.01,0.01
9.620089305,0.0,0.03,0.0,0.0
9.621344156000001,0.0,0.03,0.0,0.0
9.622165098,0.0,0.03,0.0,0.0
9.623376617,0.0,0.03,0.0,0.0
9.624086477,0.0,0.03,0.0,0.0
9.625268033000001,0.0,0.03,0.0,0.0
9.626126422,0.0,0.04,0.0,0.0
9.627310871,0.0,0.03,0.02,0.0
9.628139497000001,0.0,0.03,0.0,0.0
9.629316621000001,0.0,0.03,0.01,0.0
9.631380359000001,0.01,0.03,0.0,0.0
9.632079713000001,0.0,0.04,0.0,0.0
9.633339978,0.0,0.03,0.01,0.01
9.634109886000001,0.01,0.04,0.0,0.0
9.635260166,0.0,0.03,0.0,0.0
9.636211188,0.0,0.04,0.0,0.0
9.637330313000001,0.0,0.04,0.0,0.0
9.638128949,0.0,0.04,0.0,0.0
9.639288602,0.01,0.04,0.0,0.0
9.640086229000001,0.0,0.04,0.0,0.0
9.641266834000001,0.0,0.03,0.0,0.0
9.642083607,0.0,0.03,0.0,0.0
9.643338429,0.0,0.04,0.0,0.0
9.645373052,0.0,0.03,0.0,0.01
9.646091118000001,0.0,0.03,0.01,0.01
9.647319308,0.0,0.04,0.0,0.01
9.648158379,0.0,0.03,0.01,0.0
9.649368529,0.0,0.03,0.0,0.0
9.650088527000001,0.03,0.03,0.0,0.0
9.651377545,0.0,0.04,0.0,0.01
9.652083593,0.0,0.03,0.0,0.0
9.653369074,0.0,0.03,0.0,0.0
9.654117671,0.0,0.04,0.0,0.0
9.655297296,0.0,0.03,0.0,0.0
9.656091152,0.0,0.04,0.01,0.0
9.657310081,0.01,0.04,0.0,0.0
9.658199059000001,0.0,0.03,0.0,0.0
9.659369123000001,0.0,0.04,0.0,0.0
9.661378495000001,0.0,0.03,0.0,0.0
9.662090172000001,0.0,0.03,0.0,0.0
9.663233731,0.0,0.03,0.01,0.0
9.664343037,0.01,0.03,0.01,0.0
9.665124049000001,0.0,0.03,0.0,0.0
9.666411338000001,0.0,0.02,0.0,0.0
9.667087038,0.0,0.02,0.01,0.0
9.668245426,0.0,0.03,0.0,0.0
9.669332247,0.0,0.02,0.0,0.0
9.670083325,0.01,0.02,0.0,0.0
9.671347168,0.0,0.02,0.0,0.01
9.672079899,0.0,0.03,0.01,0.0
9.673379034,0.0,0.02,0.0,0.0
9.675407120000001,0.0,0.03,0.0,0.0
9.676086642000001,0.0,0.03,0.0,0.0
9.677382285,0.0,0.02,0.01,0.0
9.678085483,0.0,0.03,0.0,0.0
9.67937002,0.0,0.02,0.0,0.01
9.680085908,0.0,0.03,0.0,0.0
9.681293503000001,0.01,0.03,0.01,0.0
9.682119315000001,0.0,0.02,0.0,0.0
9.683393581,0.0,0.02,0.0,0.0
9.684086269,0.0,0.02,0.0,0.0
9.685347673,0.0,0.03,0.0,0.01
9.68608128,0.0,0.02,0.0,0.0
9.687271604000001,0.01,0.02,0.01,0.0
9.689381016,0.01,0.03,0.0,0.01
9.690113679000001,0.01,0.03,0.0,0.0
9.6913625,0.01,0.02,0.01,0.0
9.692117401,0.0,0.02,0.0,0.0
9.693349118,0.0,0.02,0.0,0.0
9.694085104000001,0.0,0.02,0.01,0.0
9.695382850000001,0.0,0.02,0.0,0.0
9.696108444,0.01,0.02,0.0,0.0
9.697364509,0.0,0.02,0.0,0.02
9.698109285000001,0.0,0.02,0.0,0.0
9.699240834000001,0.0,0.02,0.0,0.0
9.700301105000001,0.0,0.02,0.01,0.0
9.701144667000001,0.0,0.02,0.0,0.0
9.702304934,0.0,0.02,0.01,0.0
9.703168092,0.0,0.01,0.0,0.0
9.704360843,0.01,0.01,0.0,0.01
9.706379479,0.01,0.01,0.0,0.0
9.707090506,0.0,0.02,0.0,0.0
9.708355027000001,0.01,0.01,0.0,0.0
9.709129840000001,0.0,0.01,0.0,0.0
9.710333949,0.0,0.01,0.0,0.0
9.711148892,0.0,0.02,0.0,0.01
9.712342254000001,0.0,0.01,0.0,0.0
9.71313494,0.0,0.01,0.0,0.0
9.714306059,0.0,0.01,0.0,0.0
9.715081298000001,0.0,0.01,0.0,0.01
9.716277846,0.0,0.01,0.01,0.0
9.717080363,0.0,0.02,0.0,0.0
9.718249083,0.0,0.01,0.07,0.0
9.719371795,0.0,0.02,0.01,0.0
9.721265001,0.0,0.01,0.01,0.0
9.722171872,0.0,0.01,0.0,0.0
9.723347353000001,0.03,0.02,0.0,0.01
9.724122991,0.0,0.02,0.0,0.0
9.725485571,0.0,0.02,0.02,0.0
9.726084272000001,0.0,0.01,0.0,0.0
9.727262019000001,0.0,0.02,0.01,0.0
9.728085773,0.0,0.01,0.0,0.0
9.729256868,0.0,0.02,0.0,0.0
9.730086874000001,0.0,0.01,0.0,0.0
9.731284437000001,0.0,0.01,0.0,0.0
9.732172446,0.0,0.01,0.0,0.0
9.733367977,0.0,0.0,0.0,0.01
9.734140021,0.01,0.0,0.0,0.0
9.736381087,0.01,0.01,0.0,0.0
9.737108374,0.0,0.0,0.0,0.0
9.738411588,0.0,0.0,0.0,0.0
9.739092565,0.0,0.0,0.0,0.0
9.740336628000001,0.0,0.0,0.0,0.0
9.741156016000001,0.0,0.0,0.0,0.0
9.742425069000001,0.0,0.0,0.0,0.0
9.743085403,0.0,0.01,0.0,0.01
9.744295321000001,0.0,0.01,0.0,0.0
9.745085004,0.06,0.01,0.0,0.0
9.746286486,0.01,0.0,0.0,0.0
9.747082883000001,0.0,0.01,0.0,0.0
9.748290704,0.0,0.01,0.0,0.0
9.750389677000001,0.01,0.0,0.0,0.0
9.751089870000001,0.01,0.0,0.0,0.0
9.752370268,0.0,0.0,0.01,0.0
9.753090769,0.0,0.0,0.0,0.0
9.754298445,0.01,0.01,0.0,0.01
9.755086282,0.0,0.0,0.0,0.0
9.756363974000001,0.0,0.0,0.0,0.0
9.757115930000001,0.0,0.0,0.0,0.0
9.758420687000001,0.0,0.0,0.0,0.0
9.759085156000001,0.0,0.0,0.0,0.0
9.760271576000001,0.0,0.0,0.0,0.0
9.761167688,0.0,0.0,0.0,0.0
9.762267999,0.01,0.0,0.0,0.0
9.764358741,0.01,0.01,0.0,0.01
9.765092112000001,0.01,0.0,0.0,0.0
9.766371472000001,0.0,0.01,0.01,0.0
9.767090622000001,0.0,0.0,0.01,0.01
9.768384356,0.0,0.0,0.0,0.0
9.769087176000001,0.0,0.02,0.0,0.0
9.770325847,0.0,0.0,0.0,0.01
9.771083260000001,0.0,0.0,0.0,0.0
9.772392264,0.0,0.0,0.0,0.0
9.773080762000001,0.01,0.0,0.01,0.0
9.774243125,0.0,0.0,0.0,0.0
9.775234745,0.0,0.0,0.0,0.01
9.776278552,0.0,0.0,0.0,0.0
9.777077526000001,0.0,0.0,0.0,0.0
9.778471565,0.0,0.0,0.0,0.0
9.779077385,0.0,0.0,0.0,0.0
9.781163024000001,0.0,0.0,0.0,0.0
9.782224998,0.0,0.0,0.0,0.0
9.783111508000001,0.0,0.01,0.0,0.0
9.784331530000001,0.0,0.0,0.01,0.0
9.785161466,0.0,0.01,0.0,0.0
9.786206006,0.0,0.01,0.0,0.0
9.78717692,0.01,0.04,0.0,0.0
9.78820582,0.0,0.02,0.0,0.0
9.789176750000001,0.0,0.03,0.0,0.0
9.79019605,0.0,0.08,0.0,0.01
9.791216423,0.0,0.07,0.0,0.0
9.792229201000001,0.0,0.02,0.0,0.0
9.793241486000001,0.01,0.03,0.0,0.0
9.794242143,0.0,0.03,0.0,0.0
9.796446078,0.0,0.03,0.0,0.0
9.79738621,0.0,0.04,0.01,0.0
9.798182091000001,0.0,0.02,0.0,0.0
9.799172053000001,0.0,0.0,0.0,0.0
9.80020331,0.01,0.01,0.01,0.0
9.801163079,0.0,0.02,0.0,0.0
9.802198047000001,0.01,0.01,0.0,0.0
9.803197110000001,0.0,0.01,0.0,0.0
9.804178852000001,0.0,0.01,0.0,0.01
9.805179873,0.0,0.01,0.0,0.0
9.806178587,0.01,0.01,0.0,0.0
9.807344619,0.0,0.01,0.0,0.0
9.808136512,0.0,0.02,0.0,0.01
9.809332087000001,0.0,0.03,0.0,0.0
9.811322718000001,0.0,0.03,0.01,0.0
9.812134888000001,0.0,0.02,0.0,0.0
9.813278176,0.0,0.03,0.0,0.0
9.814112927,0.0,0.02,0.01,0.0
9.815354976,0.0,0.02,0.0,0.01
9.816106411,0.0,0.03,0.0,0.01
9.81734248,0.0,0.03,0.0,0.0
9.818103085,0.01,0.03,0.0,0.0
9.819357013000001,0.01,0.02,0.0,0.01
9.820095529000001,0.0,0.03,0.0,0.0
9.821280261,0.01,0.04,0.01,0.0
9.822171323000001,0.0,0.02,0.01,0.01
9.823362523,0.0,0.02,0.0,0.0
9.825354876,0.0,0.04,0.0,0.0
9.826093192,0.01,0.03,0.0,0.0
9.827367050000001,0.0,0.03,0.0,0.0
9.828090829,0.0,0.03,0.0,0.0
9.829363129,0.0,0.03,0.01,0.01
9.830114420000001,0.0,0.04,0.01,0.01
9.831366853,0.0,0.04,0.0,0.0
9.832086347,0.0,0.04,0.01,0.0
9.833362682,0.0,0.03,0.01,0.0
9.834085805,0.0,0.04,0.0,0.0
9.835283865000001,0.0,0.04,0.0,0.0
9.836085547000001,0.0,0.04,0.0,0.0
9.837321427000001,0.0,0.03,0.0,0.0
9.838085132,0.01,0.04,0.0,0.0
9.839332128,0.01,0.03,0.01,0.0
9.841267758,0.0,0.05,0.0,0.01
9.842091194,0.0,0.04,0.0,0.01
9.843361605,0.0,0.04,0.0,0.0
9.844126148,0.0,0.04,0.0,0.0
9.845362946,0.0,0.04,0.0,0.0
9.846092525000001,0.0,0.03,0.01,0.0
9.847345824000001,0.0,0.03,0.0,0.01
9.848118245,0.0,0.02,0.01,0.01
9.849421396,0.0,0.04,0.0,0.0
9.850086933,0.0,0.02,0.0,0.0
9.851262274,0.0,0.02,0.0,0.0
9.852173886000001,0.0,0.03,0.0,0.0
9.853363154,0.0,0.02,0.0,0.0
9.855384774000001,0.0,0.01,0.0,0.01
9.856123680000001,0.0,0.02,0.0,0.0
9.857366587000001,0.01,0.03,0.0,0.0
9.858088063,0.0,0.03,0.0,0.0
9.859382793,0.0,0.01,0.0,0.0
9.860084283,0.0,0.03,0.0,0.0
9.861371177,0.01,0.02,0.01,0.0
9.862123581,0.01,0.03,0.0,0.0
9.863373353,0.0,0.01,0.0,0.0
9.864133447,0.01,0.02,0.0,0.0
9.865297618000001,0.0,0.0,0.0,0.0
9.866167987,0.0,0.0,0.0,0.0
9.867430188,0.0,0.01,0.01,0.0
9.868077703,0.0,0.04,0.0,0.01
9.870380938,0.0,0.05,0.0,0.0
9.871155218,0.0,0.01,0.0,0.0
9.872271646,0.0,0.0,0.0,0.0
9.873081359,0.0,0.01,0.0,0.01
9.874219763000001,0.0,0.01,0.0,0.0
9.875373943000001,0.01,0.01,0.0,0.0
9.876081511,0.0,0.01,0.0,0.06
9.877371559,0.01,0.01,0.0,0.0
9.878079372,0.01,0.0,0.0,0.0
9.879316695,0.01,0.0,0.0,0.0
9.880160974,0.0,0.01,0.01,0.0
9.881124088,0.01,0.0,0.0,0.02
9.882291892000001,0.01,0.01,0.0,0.0
9.883174483000001,0.0,0.01,0.0,0.0
9.884372394000001,0.01,0.0,0.0,0.0
9.886450528000001,0.01,0.01,0.0,0.0
9.887082578000001,0.01,0.0,0.01,0.02
9.888367587000001,0.0,0.0,0.01,0.0
9.889129398000001,0.0,0.01,0.01,0.0
9.890373761000001,0.0,0.0,0.0,0.0
9.891083184000001,0.01,0.0,0.0,0.0
9.892387007,0.0,0.02,0.01,0.01
9.893079308,0.0,0.0,0.0,0.01
9.894355690000001,0.0,0.01,0.0,0.0
9.895114936,0.0,0.0,0.0,0.01
9.896256475000001,0.0,0.01,0.0,0.0
9.897273049,0.01,0.01,0.0,0.0
9.898147516,0.0,0.0,0.0,0.0
9.899371909000001,0.01,0.0,0.0,0.0
9.901382938000001,0.0,0.0,0.01,0.0
9.902083865,0.01,0.0,0.0,0.0
9.903272903000001,0.0,0.0,0.0,0.0
9.904084108000001,0.01,0.0,0.0,0.01
9.905141388,0.0,0.0,0.0,0.01
9.906195480000001,0.0,0.0,0.0,0.01
9.907273593000001,0.0,0.0,0.0,0.01
9.908238952000001,0.0,0.01,0.01,0.0
9.909444216,0.0,0.0,0.0,0.0
9.910078464000001,0.01,0.0,0.0,0.0
9.911274855,0.01,0.0,0.0,0.0
9.912168721,0.0,0.01,0.0,0.0
9.913384359,0.0,0.0,0.0,0.0
9.915389471000001,0.0,0.01,0.0,0.01
9.916109736000001,0.01,0.0,0.0,0.0
9.917355664,0.0,0.01,0.0,0.0
9.918134273000001,0.0,0.0,0.0,0.0
9.919368723,0.0,0.0,0.01,0.0
9.920081668,0.0,0.0,0.02,0.01
9.921383826000001,0.0,0.01,0.0,0.0
9.922079068,0.0,0.01,0.0,0.01
9.923366448000001,0.0,0.0,0.03,0.0
9.924151689,0.0,0.0,0.0,0.0
9.925284453000002,0.0,0.0,0.0,0.0
9.926163806,0.01,0.01,0.0,0.0
9.927325334,0.0,0.01,0.0,0.0
9.928128733000001,0.0,0.0,0.01,0.0
9.929384775,0.0,0.01,0.0,0.0
9.931390737000001,0.0,0.01,0.0,0.0
9.932083686,0.0,0.0,0.0,0.0
9.933369515,0.0,0.0,0.0,0.0
9.934086248,0.0,0.0,0.0,0.01
9.935328951,0.0,0.0,0.0,0.0
9.936093525,0.0,0.01,0.01,0.0
9.937284066,0.0,0.01,0.0,0.0
9.938091205000001,0.0,0.01,0.01,0.0
9.939239129,0.01,0.0,0.0,0.01
9.940084465,0.0,0.0,0.0,0.0
9.941247341,0.0,0.0,0.0,0.0
9.942165676,0.0,0.0,0.0,0.0
9.943357063,0.0,0.01,0.01,0.0
9.944126501000001,0.0,0.01,0.0,0.0
9.946368455,0.0,0.0,0.0,0.0
9.947121492,0.0,0.0,0.0,0.0
9.948379462,0.0,0.01,0.0,0.0
9.949117833,0.0,0.0,0.01,0.0
9.950376870000001,0.05,0.01,0.0,0.0
9.951077882,0.0,0.0,0.0,0.0
9.952288362,0.0,0.0,0.01,0.0
9.953078587,0.0,0.01,0.0,0.0
9.954398132000001,0.0,0.0,0.0,0.0
9.955078760000001,0.0,0.0,0.01,0.01
9.956272248000001,0.0,0.0,0.01,0.0
9.957171827,0.0,0.0,0.0,0.0
9.958357608,0.0,0.0,0.0,0.0
9.959077828,0.0,0.0,0.0,0.0
9.960401353,0.0,0.0,0.0,0.0
9.962392473000001,0.0,0.0,0.0,0.0
9.963119756000001,0.0,0.0,0.0,0.0
9.964359461,0.0,0.01,0.01,0.0
9.965132478000001,0.0,0.0,0.0,0.0
9.966301311,0.0,0.0,0.0,0.0
9.967086971,0.02,0.0,0.01,0.0
9.968382656000001,0.0,0.0,0.01,0.0
9.969097408000001,0.0,0.0,0.01,0.0
9.970267921000001,0.01,0.0,0.01,0.0
9.971118547000001,0.0,0.0,0.0,0.0
9.972177826000001,0.01,0.0,0.01,0.0
9.973367539,0.0,0.0,0.01,0.01
9.974081168000001,0.0,0.0,0.0,0.0
9.975360413,0.0,0.0,0.0,0.02
9.977216463000001,0.0,0.0,0.0,0.0
9.978370488000001,0.01,0.01,0.0,0.0
9.979118437,0.0,0.0,0.01,0.0
9.980368944,0.0,0.0,0.01,0.01
9.981135097000001,0.01,0.0,0.0,0.02
9.982384450000001,0.01,0.01,0.01,0.0
9.983078514,0.0,0.0,0.0,0.0
9.984379947,0.0,0.01,0.0,0.0
9.985079363,0.0,0.0,0.01,0.0
9.986284730000001,0.0,0.0,0.0,0.0
9.987171799,0.0,0.0,0.0,0.0
9.988305628,0.0,0.0,0.01,0.0
9.98919135,0.01,0.01,0.0,0.0
9.990408397000001,0.0,0.0,0.01,0.0
9.992376593000001,0.0,0.0,0.0,0.01
9.993084609,0.0,0.0,0.0,0.0
9.994359209,0.0,0.0,0.0,0.0
9.995127889,0.0,0.01,0.01,0.0
9.99628363,0.0,0.01,0.0,0.01
9.997177709,0.0,0.0,0.0,0.0
9.9981322,0.0,0.0,0.0,0.0
9.999254657,0.01,0.0,0.0,0.0
10.000183533000001,0.0,0.01,0.0,0.0
10.001279963,0.0,0.0,0.0,0.0
10.002082933,0.01,0.01,0.0,0.0
10.00332857,0.0,0.0,0.0,0.0
10.004181255,0.0,0.0,0.0,0.0
10.005359941,0.0,0.0,0.0,0.0
10.007370993,0.0,0.0,0.02,0.0
10.008089233,0.0,0.0,0.0,0.01
10.009357534000001,0.01,0.01,0.01,0.0
10.010087813,0.0,0.0,0.01,0.0
10.011379438,0.0,0.0,0.0,0.0
10.01208845,0.0,0.01,0.0,0.0
10.013465073,0.0,0.0,0.0,0.0
10.014090465,0.0,0.0,0.0,0.0
10.015218576,0.0,0.0,0.0,0.0
10.016308823000001,0.01,0.0,0.02,0.0
10.017125472,0.04,0.0,0.0,0.0
10.019413797,0.0,0.01,0.0,0.0
10.020088569,0.0,0.0,0.01,0.0
10.021367567,0.0,0.0,0.0,0.0
10.022090391,0.0,0.0,0.0,0.0
10.023381186,0.0,0.0,0.0,0.0
10.024085302000001,0.0,0.0,0.0,0.0
10.025375955000001,0.01,0.0,0.02,0.0
10.026112871,0.0,0.01,0.01,0.0
10.027291402000001,0.01,0.0,0.0,0.0
10.028209178000001,0.01,0.01,0.0,0.0
10.029287629,0.0,0.0,0.0,0.0
10.030130611,0.0,0.0,0.0,0.0
10.031175806,0.0,0.0,0.0,0.0
10.032243618,0.0,0.01,0.0,0.0
10.033167196,0.01,0.01,0.0,0.0
10.034323982,0.0,0.0,0.0,0.0
10.035121834,0.0,0.0,0.01,0.0
10.036394868,0.01,0.01,0.0,0.0
10.038379031,0.0,0.0,0.01,0.0
10.039132719000001,0.0,0.0,0.0,0.0
10.040354421,0.0,0.0,0.0,0.0
10.041086662000001,0.0,0.0,0.0,0.0
10.042360290000001,0.0,0.01,0.02,0.0
10.043085862,0.02,0.0,0.0,0.0
10.044377376,0.0,0.0,0.0,0.0
10.04508283,0.0,0.01,0.0,0.0
10.046263397,0.0,0.0,0.01,0.01
10.047111855,0.0,0.02,0.0,0.0
10.048357034,0.0,0.01,0.0,0.0
10.049161786,0.0,0.0,0.0,0.01
10.051376482,0.0,0.0,0.0,0.0
10.052085213,0.0,0.0,0.01,0.01
10.053360808,0.01,0.01,0.0,0.0
10.054084308,0.01,0.0,0.0,0.0
10.055373118,0.01,0.0,0.0,0.0
10.056119592,0.01,0.01,0.0,0.0
10.057359455,0.0,0.0,0.0,0.0
10.058084307000001,0.0,0.0,0.0,0.0
10.059339319000001,0.0,0.0,0.0,0.0
10.060090180000001,0.0,0.0,0.0,0.0
10.061279394000001,0.0,0.01,0.0,0.0
10.062082533,0.0,0.0,0.01,0.0
10.063286881,0.0,0.0,0.0,0.0
10.064189513,0.0,0.0,0.0,0.0
10.065375445,0.0,0.0,0.01,0.0
10.067379469,0.0,0.0,0.0,0.0
10.068088916,0.0,0.0,0.0,0.0
10.069378811,0.0,0.0,0.0,0.0
10.070087986,0.0,0.0,0.0,0.0
10.07137033,0.0,0.0,0.0,0.0
10.072113468000001,0.0,0.01,0.01,0.0
10.073364247,0.0,0.0,0.0,0.0
10.074118288000001,0.02,0.0,0.0,0.0
10.075358791000001,0.0,0.0,0.0,0.01
10.076086549000001,0.0,0.0,0.0,0.0
10.07721894,0.01,0.0,0.0,0.01
10.078272940000002,0.0,0.0,0.0,0.0
10.080410697000001,0.0,0.0,0.0,0.0
10.081112811,0.0,0.0,0.01,0.0
10.082377969000001,0.0,0.0,0.01,0.0
10.083125018,0.0,0.01,0.01,0.0
10.084382565,0.0,0.0,0.0,0.0
10.08508151,0.0,0.0,0.0,0.0
10.086387305,0.0,0.0,0.0,0.0
10.087079779,0.01,0.01,0.01,0.0
10.088379022,0.0,0.01,0.01,0.0
10.089119414,0.0,0.0,0.0,0.0
10.090287683000001,0.0,0.0,0.01,0.0
10.091080155,0.01,0.0,0.01,0.01
10.092275527,0.0,0.0,0.0,0.0
10.093108308000001,0.0,0.0,0.0,0.01
10.094417762,0.0,0.0,0.0,0.0
10.096435751000001,0.0,0.0,0.0,0.0
10.097084284000001,0.0,0.0,0.0,0.0
10.098389436000001,0.0,0.0,0.0,0.0
10.09908032,0.0,0.0,0.0,0.0
10.100374486,0.0,0.01,0.0,0.0
10.1010807,0.0,0.01,0.01,0.0
10.102216242,0.01,0.01,0.01,0.0
10.103376489,0.0,0.0,0.03,0.0
10.104076693000001,0.0,0.01,0.01,0.0
10.105401093000001,0.0,0.01,0.0,0.01
10.106077981,0.0,0.0,0.0,0.01
10.107252059,0.0,0.0,0.01,0.01
10.108257545,0.0,0.0,0.0,0.01
10.109074170000001,0.0,0.0,0.0,0.0
10.11014873,0.0,0.0,0.01,0.0
10.111387318,0.0,0.0,0.0,0.0
10.113396095,0.0,0.0,0.0,0.0
10.114120152,0.0,0.0,0.0,0.0
10.11537171,0.0,0.0,0.0,0.0
10.116083331,0.0,0.0,0.0,0.0
10.117380039,0.01,0.01,0.0,0.0
10.118082701,0.0,0.0,0.0,0.0
10.119374370000001,0.0,0.0,0.01,0.0
10.120080015000001,0.0,0.0,0.01,0.0
10.121342616000002,0.0,0.01,0.0,0.0
10.12216087,0.0,0.0,0.0,0.0
10.123295635,0.01,0.0,0.0,0.01
10.12417536,0.0,0.0,0.0,0.0
10.125419527,0.0,0.01,0.0,0.0
10.127219617000002,0.0,0.0,0.0,0.0
10.128379311,0.01,0.01,0.0,0.0
10.129080344,0.0,0.01,0.01,0.0
10.130382747,0.0,0.0,0.01,0.01
10.131133186000001,0.01,0.0,0.01,0.01
10.132395706,0.01,0.0,0.0,0.0
10.133080511000001,0.0,0.01,0.0,0.0
10.134246593,0.0,0.0,0.0,0.0
10.13513062,0.0,0.0,0.0,0.03
10.136288483000001,0.0,0.0,0.0,0.01
10.137078905000001,0.01,0.01,0.0,0.0
10.138357191,0.0,0.01,0.0,0.01
10.139106096,0.0,0.0,0.01,0.0
10.140400686000001,0.0,0.0,0.01,0.0
10.142404771,0.0,0.0,0.0,0.0
10.143126122,0.0,0.0,0.0,0.0
10.144377108,0.0,0.0,0.0,0.0
10.145141538,0.01,0.0,0.0,0.0
10.146401346000001,0.0,0.03,0.01,0.01
10.147076466000001,0.01,0.0,0.0,0.0
10.148386412,0.0,0.0,0.02,0.0
10.149078006,0.0,0.01,0.0,0.0
10.150273561,0.0,0.01,0.0,0.0
10.151080795,0.0,0.0,0.01,0.0
10.152291214,0.0,0.0,0.0,0.0
10.15308411,0.01,0.01,0.0,0.0
10.1543031,0.0,0.0,0.0,0.01
10.156385338,0.0,0.01,0.01,0.0
10.157084430000001,0.0,0.0,0.0,0.0
10.158374055000001,0.0,0.0,0.0,0.0
10.159085594,0.0,0.0,0.0,0.0
10.160218794,0.0,0.01,0.0,0.0
10.161109060000001,0.0,0.0,0.0,0.01
10.162385364,0.0,0.0,0.0,0.0
10.163115052,0.0,0.0,0.0,0.0
10.164375146000001,0.0,0.0,0.0,0.0
10.165084494,0.0,0.01,0.0,0.0
10.166288091,0.0,0.01,0.0,0.0
10.167177652000001,0.0,0.0,0.0,0.0
10.168320201,0.0,0.0,0.0,0.0
10.169186397,0.0,0.0,0.0,0.0
10.170350722,0.0,0.0,0.0,0.0
10.17239134,0.0,0.01,0.0,0.0
10.173087218000001,0.01,0.01,0.0,0.05
10.17437071,0.0,0.01,0.0,0.02
10.175116927000001,0.01,0.0,0.01,0.0
10.176379664,0.01,0.0,0.01,0.0
10.177116756,0.0,0.0,0.0,0.0
10.178371938000002,0.0,0.0,0.0,0.0
10.179084144,0.01,0.01,0.0,0.0
10.180302072,0.0,0.01,0.01,0.0
10.18117353,0.0,0.0,0.0,0.01
10.182270892,0.0,0.0,0.0,0.0
10.183082544000001,0.0,0.0,0.0,0.0
10.184267466000001,0.0,0.0,0.0,0.0
10.185206109000001,0.0,0.0,0.0,0.0
10.186376826,0.0,0.0,0.0,0.0
10.188334568,0.0,0.0,0.0,0.01
10.189082141,0.0,0.0,0.0,0.01
10.190238751,0.0,0.0,0.0,0.01
10.191214325,0.0,0.0,0.01,0.01
10.192200934,0.0,0.0,0.0,0.01
10.193195434000001,0.0,0.01,0.0,0.0
10.194199844,0.0,0.0,0.0,0.0
10.195209380000001,0.0,0.01,0.0,0.0
10.196186978,0.01,0.0,0.0,0.0
10.197203338000001,0.0,0.0,0.0,0.0
10.198187692000001,0.0,0.0,0.0,0.01
10.199180643,0.0,0.01,0.0,0.01
10.200189657000001,0.0,0.0,0.0,0.01
10.202549506,0.0,0.0,0.0,0.0
10.203755401,0.0,0.0,0.0,0.0
10.205326229,0.0,0.0,0.0,0.0
10.206395679,0.0,0.0,0.0,0.01
10.207295396000001,0.01,0.0,0.0,0.0
10.208274502,0.0,0.03,0.01,0.01
10.209198487,0.0,0.05,0.0,0.01
10.210184179,0.01,0.0,0.01,0.01
10.211172082000001,0.01,0.01,0.02,0.0
10.212183988000001,0.0,0.01,0.0,0.01
10.213161724,0.0,0.0,0.0,0.02
10.214194299,0.01,0.0,0.0,0.0
10.215181744,0.01,0.01,0.0,0.01
10.2161486,0.0,0.01,0.0,0.0
10.217203508,0.01,0.01,0.0,0.0
10.218209702000001,0.0,0.0,0.01,0.0
10.219196605,0.01,0.0,0.0,0.04
10.220172105000001,0.0,0.01,0.0,0.0
10.221174792000001,0.0,0.01,0.0,0.0
10.222196636000001,0.0,0.01,0.0,0.0
10.223195178000001,0.0,0.0,0.0,0.0
10.224199808,0.0,0.01,0.0,0.0
10.225347084000001,0.0,0.0,0.0,0.0
10.226125605,0.0,0.0,0.0,0.0
10.227283105000001,0.0,0.0,0.01,0.0
10.228111225000001,0.01,0.0,0.01,0.01
10.229334419,0.0,0.0,0.0,0.0
10.230127472000001,0.0,0.01,0.0,0.0
10.231367411,0.0,0.0,0.0,0.0
10.233369194,0.0,0.0,0.01,0.0
10.234119183,0.0,0.0,0.0,0.01
10.235250419,0.0,0.0,0.0,0.01
10.236234989000002,0.0,0.0,0.01,0.0
10.237228247000001,0.0,0.0,0.0,0.0
10.238264395,0.0,0.0,0.0,0.0
10.239248852000001,0.0,0.0,0.01,0.0
10.240209918000001,0.0,0.01,0.01,0.0
10.241162248,0.0,0.01,0.0,0.0
10.242262785000001,0.0,0.01,0.0,0.0
10.243084237000001,0.0,0.0,0.01,0.0
10.244368499,0.0,0.0,0.0,0.0
10.245081221000001,0.0,0.0,0.0,0.0
10.246303758,0.01,0.01,0.0,0.0
10.248381196,0.0,0.0,0.0,0.0
10.249123805,0.01,0.0,0.01,0.0
10.250382413,0.0,0.14,0.01,0.0
10.251122483000001,0.0,0.21,0.0,0.0
10.252284229,0.0,0.23,0.0,0.0
10.253211897,0.0,0.25,0.01,0.0
10.254164334,0.0,0.25,0.0,0.0
10.255181273,0.0,0.28,0.01,0.0
10.256152847000001,0.0,0.28,0.01,0.01
10.257156402000001,0.01,0.32,0.0,0.0
10.259297639000001,0.0,0.32,0.0,0.01
10.260097325,0.01,0.33,0.0,0.01
10.261252362,0.0,0.34,0.0,0.0
10.262178511,0.0,0.33,0.0,0.0
10.263232836,0.0,0.33,0.0,0.0
10.264233735000001,0.01,0.33,0.0,0.0
10.265230652000001,0.0,0.35,0.0,0.0
10.266230191,0.01,0.36,0.01,0.0
10.267185174000002,0.0,0.36,0.0,0.0
10.268232895,0.0,0.38,0.0,0.01
10.269230102,0.0,0.36,0.0,0.0
10.270179302,0.0,0.38,0.0,0.0
10.271343901,0.0,0.4,0.0,0.01
10.272140722000001,0.0,0.41,0.0,0.01
10.273294067,0.0,0.4,0.0,0.0
10.274090952,0.0,0.4,0.0,0.01
10.27530261,0.0,0.42,0.0,0.0
10.277259935,0.0,0.43,0.0,0.0
10.278178403,0.0,0.43,0.0,0.0
10.279289214,0.0,0.43,0.0,0.0
10.280096336000002,0.0,0.42,0.0,0.01
10.281351136000001,0.0,0.42,0.0,0.0
10.282092701,0.0,0.43,0.0,0.0
10.283350018,0.0,0.44,0.0,0.0
10.284093915000001,0.0,0.45,0.0,0.0
10.28533202,0.0,0.47,0.01,0.0
10.286093134000001,0.0,0.48,0.0,0.0
10.287157052000001,0.0,0.48,0.0,0.0
10.288160536000001,0.0,0.47,0.01,0.0
10.289153827,0.0,0.47,0.0,0.0
10.290216879,0.01,0.47,0.0,0.0
10.291226383000001,0.0,0.48,0.0,0.02
10.292228059000001,0.0,0.47,0.01,0.0
10.294336107000001,0.0,0.47,0.0,0.0
10.295101909000001,0.0,0.48,0.0,0.0
10.296357718000001,0.0,0.48,0.0,0.0
10.297098307,0.01,0.49,0.0,0.0
10.298357052,0.02,0.51,0.0,0.0
10.299096227000001,0.0,0.47,0.0,0.0
10.300363864000001,0.0,0.5,0.01,0.0
10.301093322,0.01,0.5,0.01,0.0
10.302164582000001,0.0,0.5,0.0,0.0
10.303163835000001,0.01,0.52,0.0,0.0
10.304293990000001,0.0,0.52,0.0,0.0
10.305090470000001,0.0,0.51,0.01,0.01
10.306336926,0.0,0.53,0.0,0.0
10.307156159,0.0,0.53,0.01,0.0
10.309272924,0.0,0.53,0.0,0.0
10.310190735,0.01,0.53,0.01,0.0
10.311169791000001,0.0,0.54,0.01,0.0
10.312285206,0.0,0.54,0.0,0.0
10.313154147,0.01,0.55,0.0,0.0
10.314110915,0.0,0.55,0.01,0.0
10.315240559000001,0.01,0.56,0.0,0.0
10.316186998000001,0.01,0.56,0.0,0.01
10.317148541,0.0,0.55,0.0,0.0
10.318183683,0.0,0.55,0.01,0.0
10.319168736,0.0,0.55,0.0,0.01
10.32022152,0.0,0.55,0.0,0.0
10.32122153,0.0,0.55,0.01,0.0
10.322230487,0.0,0.55,0.0,0.01
10.324347473000001,0.0,0.55,0.0,0.01
10.325097193000001,0.01,0.55,0.0,0.0
10.326347965,0.0,0.55,0.0,0.0
10.327091371,0.0,0.56,0.0,0.0
10.328372056000001,0.0,0.55,0.01,0.0
10.329089979,0.0,0.55,0.0,0.01
10.330253025000001,0.0,0.55,0.01,0.0
10.331184784000001,0.0,0.55,0.0,0.01
10.332299441,0.01,0.54,0.0,0.05
10.333169328,0.0,0.55,0.0,0.0
10.334165255,0.01,0.55,0.0,0.01
10.335177811000001,0.0,0.55,0.0,0.0
10.336240652,0.0,0.56,0.01,0.0
10.337231397,0.0,0.56,0.01,0.01
10.339235331000001,0.01,0.56,0.0,0.04
10.340150568,0.0,0.57,0.01,0.01
10.341198967,0.0,0.56,0.0,0.0
10.342217999,0.0,0.58,0.0,0.0
10.343221810000001,0.01,0.61,0.0,0.0
10.34421642,0.0,0.62,0.0,0.0
10.345211117,0.0,0.63,0.0,0.0
10.34634862,0.01,0.62,0.0,0.0
10.347126927000001,0.0,0.63,0.0,0.01
10.348292522000001,0.0,0.63,0.0,0.0
10.349170048000001,0.01,0.65,0.0,0.0
10.350364323,0.0,0.65,0.01,0.0
10.351094084000001,0.0,0.66,0.01,0.0
10.352376352,0.0,0.67,0.0,0.0
10.354370553,0.0,0.67,0.0,0.0
10.355093105,0.0,0.68,0.0,0.0
10.356349513000001,0.0,0.69,0.0,0.0
10.357090775000001,0.0,0.69,0.0,0.0
10.358355198,0.0,0.69,0.01,0.0
10.359087543000001,0.0,0.69,0.0,0.0
10.360351774000002,0.0,0.69,0.01,0.0
10.361085897,0.0,0.7,0.0,0.0
10.362330748,0.0,0.7,0.0,0.0
10.363087373,0.0,0.7,0.0,0.0
10.364158655,0.0,0.7,0.0,0.0
10.36522435,0.0,0.71,0.01,0.0
10.366238327000001,0.0,0.71,0.0,0.0
10.367184502,0.0,0.71,0.0,0.0
10.369235442,0.01,0.71,0.0,0.0
10.370095703,0.0,0.72,0.01,0.0
10.37113985,0.0,0.73,0.01,0.0
10.372232934000001,0.0,0.73,0.01,0.0
10.373223278000001,0.0,0.74,0.0,0.0
10.374219263,0.0,0.73,0.0,0.0
10.375156174,0.0,0.72,0.01,0.0
10.376202261000001,0.01,0.73,0.0,0.03
10.377159664,0.0,0.77,0.0,0.01
10.378154227000001,0.0,0.74,0.0,0.0
10.379304826,0.01,0.75,0.0,0.0
10.380098085,0.0,0.74,0.0,0.0
10.381334425,0.0,0.74,0.0,0.0
10.383350336000001,0.0,0.75,0.0,0.0
10.384127067000001,0.0,0.75,0.0,0.0
10.385250139,0.0,0.75,0.01,0.0
10.386188339,0.0,0.74,0.0,0.0
10.387354103,0.0,0.76,0.0,0.0
10.388093756,0.0,0.75,0.0,0.0
10.389358347,0.0,0.77,0.0,0.0
10.390088191,0.0,0.76,0.0,0.01
10.391305136000001,0.0,0.76,0.0,0.0
10.392088409000001,0.01,0.77,0.0,0.0
10.393294430000001,0.0,0.76,0.01,0.0
10.394147779,0.0,0.77,0.0,0.0
10.395392219000001,0.0,0.78,0.01,0.0
10.396084960000001,0.0,0.77,0.0,0.0
10.398368317000001,0.01,0.78,0.01,0.0
10.399090222,0.0,0.78,0.0,0.0
10.400251939,0.0,0.78,0.0,0.0
10.401140656,0.0,0.78,0.0,0.0
10.402369965,0.01,0.78,0.01,0.0
10.403087478,0.0,0.79,0.0,0.0
10.404278223,0.0,0.78,0.0,0.0
10.405086748,0.0,0.79,0.0,0.0
10.406415930000001,0.0,0.8,0.0,0.0
10.407085011000001,0.01,0.81,0.01,0.0
10.408266835000001,0.01,0.8,0.0,0.03
10.40908669,0.0,0.8,0.0,0.0
10.410277293,0.0,0.81,0.0,0.0
10.411197525,0.0,0.79,0.01,0.0
10.412257145,0.0,0.79,0.01,0.0
10.414361912,0.0,0.81,0.01,0.0
10.415134378000001,0.0,0.8,0.0,0.0
10.416361798,0.0,0.8,0.01,0.0
10.417087787,0.0,0.8,0.01,0.0
10.418385843000001,0.01,0.8,0.0,0.0
10.419082631,0.0,0.81,0.0,0.0
10.420392340000001,0.01,0.8,0.0,0.0
10.421078104000001,0.0,0.8,0.01,0.0
10.422291709000001,0.0,0.8,0.0,0.0
10.423168839,0.0,0.8,0.0,0.0
10.424298329,0.0,0.8,0.01,0.0
10.425081916,0.0,0.8,0.0,0.0
10.426359843,0.0,0.8,0.0,0.0
10.42838047,0.02,0.8,0.0,0.0
10.429115602000001,0.0,0.8,0.0,0.0
10.430116724000001,0.0,0.8,0.0,0.0
10.431310207000001,0.0,0.81,0.0,0.0
10.432092578,0.0,0.81,0.0,0.0
10.433377757,0.01,0.8,0.0,0.0
10.434120700000001,0.01,0.81,0.0,0.01
10.435154072000001,0.01,0.82,0.0,0.0
10.436182405,0.0,0.82,0.0,0.0
10.437151201,0.0,0.81,0.0,0.0
10.438148805,0.0,0.81,0.0,0.01
10.439156816,0.0,0.81,0.0,0.0
10.440371528,0.01,0.82,0.0,0.01
10.441089828,0.0,0.81,0.0,0.01
10.443358037000001,0.0,0.82,0.01,0.0
10.444113177,0.0,0.82,0.0,0.0
10.445406693,0.0,0.81,0.01,0.02
10.446090586,0.0,0.82,0.0,0.0
10.447359950000001,0.0,0.82,0.01,0.0
10.448121388,0.0,0.84,0.0,0.0
10.449242032,0.01,0.83,0.0,0.0
10.450178156,0.01,0.82,0.0,0.0
10.451160001,0.01,0.83,0.0,0.0
10.452281804,0.0,0.8,0.01,0.0
10.453095758,0.0,0.82,0.0,0.0
10.45416479,0.0,0.83,0.0,0.0
10.455355871,0.0,0.83,0.0,0.0
10.45736613,0.0,0.84,0.0,0.01
10.458096763,0.0,0.83,0.01,0.0
10.459248868000001,0.0,0.83,0.0,0.0
10.460171354,0.0,0.83,0.01,0.0
10.461140784000001,0.0,0.84,0.01,0.0
10.462135137,0.0,0.84,0.0,0.0
10.463150952000001,0.0,0.84,0.0,0.0
10.464233687,0.0,0.84,0.01,0.0
10.465176917,0.0,0.84,0.0,0.01
10.466166728000001,0.0,0.84,0.0,0.0
10.467152053000001,0.01,0.84,0.0,0.01
10.468153082,0.0,0.84,0.01,0.01
10.469299671,0.0,0.85,0.01,0.0
10.470098379000001,0.0,0.84,0.0,0.0
10.471354767000001,0.0,0.84,0.0,0.0
10.473353441,0.0,0.84,0.0,0.0
10.474129637,0.0,0.84,0.01,0.0
10.475341007,0.0,0.84,0.01,0.01
10.476099115,0.0,0.83,0.01,0.0
10.477350896,0.0,0.85,0.01,0.0
10.478093296,0.0,0.84,0.0,0.0
10.479365152000002,0.0,0.84,0.0,0.0
10.480087217000001,0.0,0.84,0.0,0.0
10.481274249,0.0,0.85,0.01,0.01
10.482132435,0.0,0.85,0.01,0.0
10.483160631,0.0,0.84,0.01,0.0
10.484162162,0.0,0.85,0.0,0.0
10.485207651000001,0.0,0.85,0.0,0.0
10.486249303000001,0.0,0.85,0.0,0.0
10.488373679,0.0,0.8,0.01,0.0
10.489095126,0.0,0.87,0.0,0.02
10.490360066000001,0.0,0.85,0.0,0.0
10.491120310000001,0.02,0.86,0.0,0.01
10.492247786,0.0,0.84,0.0,0.0
10.493226473,0.0,0.85,0.0,0.0
10.494248209,0.0,0.85,0.0,0.0
10.495163879000001,0.0,0.85,0.01,0.01
10.496265036,0.0,0.84,0.01,0.01
10.497086577000001,0.0,0.85,0.01,0.0
10.498267434,0.0,0.85,0.0,0.0
10.499166093000001,0.01,0.87,0.0,0.0
10.500395687000001,0.0,0.84,0.0,0.0
10.502290948,0.01,0.85,0.0,0.0
10.503094105,0.0,0.85,0.0,0.0
10.504357352000001,0.0,0.85,0.0,0.0
10.505127026,0.0,0.84,0.0,0.0
10.50636259,0.0,0.85,0.0,0.0
10.507089039,0.0,0.84,0.0,0.0
10.508364197,0.0,0.85,0.0,0.0
10.509110847,0.01,0.84,0.0,0.0
10.510318139,0.0,0.84,0.0,0.0
10.511130921000001,0.0,0.84,0.0,0.0
10.512315773000001,0.01,0.83,0.0,0.0
10.513155414,0.0,0.84,0.0,0.0
10.514164018,0.0,0.84,0.0,0.0
10.515159930000001,0.0,0.85,0.01,0.0
10.516244642,0.0,0.84,0.0,0.01
10.517234460000001,0.0,0.85,0.0,0.0
10.519356159,0.0,0.85,0.01,0.0
10.520095807,0.0,0.85,0.02,0.03
10.521362779,0.0,0.85,0.01,0.0
10.522095898,0.04,0.85,0.01,0.01
10.523289325,0.01,0.85,0.0,0.0
10.524139566,0.0,0.85,0.0,0.0
10.525122067,0.0,0.85,0.01,0.0
10.526136698,0.0,0.85,0.0,0.0
10.527107658,0.0,0.86,0.0,0.01
10.528281255000001,0.0,0.85,0.0,0.01
10.529173244,0.0,0.85,0.0,0.0
10.530386051,0.0,0.85,0.01,0.0
10.532388167,0.01,0.86,0.0,0.01
10.533115449,0.0,0.86,0.0,0.0
10.534383213,0.01,0.86,0.0,0.0
10.535091952,0.0,0.86,0.0,0.0
10.536379291000001,0.01,0.86,0.0,0.01
10.537116786,0.0,0.86,0.0,0.0
10.538378569,0.0,0.86,0.0,0.0
10.539116799,0.0,0.86,0.0,0.0
10.54039436,0.0,0.86,0.01,0.0
10.541081914000001,0.01,0.85,0.0,0.01
10.542272756000001,0.0,0.86,0.0,0.0
10.543082627,0.0,0.86,0.0,0.0
10.544299043,0.0,0.85,0.0,0.01
10.545114704000001,0.01,0.85,0.0,0.0
10.546333921,0.0,0.84,0.0,0.0
10.54836738,0.0,0.85,0.0,0.01
10.549096405,0.0,0.84,0.0,0.0
10.550231440000001,0.0,0.84,0.01,0.0
10.551226900000001,0.0,0.85,0.01,0.0
10.552201949,0.0,0.85,0.01,0.0
10.553116993000002,0.0,0.85,0.0,0.01
10.554278491,0.0,0.85,0.0,0.01
10.555102182,0.0,0.85,0.0,0.0
10.556317842,0.0,0.84,0.01,0.0
10.557168321,0.0,0.85,0.01,0.0
10.558171232000001,0.0,0.85,0.0,0.0
10.559296209000001,0.0,0.86,0.06,0.0
10.561342526,0.01,0.85,0.0,0.0
10.562099663000001,0.0,0.85,0.0,0.0
10.563352682000001,0.0,0.84,0.0,0.0
10.5641273,0.0,0.85,0.02,0.0
10.565339676,0.0,0.85,0.01,0.0
10.566095233,0.0,0.85,0.0,0.0
10.567362247,0.0,0.85,0.0,0.01
10.568094828000001,0.0,0.81,0.02,0.0
10.569353527,0.0,0.85,0.01,0.01
10.570095517,0.02,0.86,0.0,0.0
10.571199700000001,0.0,0.86,0.0,0.0
10.572102628000001,0.0,0.86,0.0,0.0
10.574303337,0.0,0.86,0.0,0.0
10.575120722000001,0.01,0.85,0.01,0.0
10.576223944,0.0,0.86,0.0,0.0
10.577224511,0.01,0.86,0.0,0.0
10.578078444,0.0,0.85,0.0,0.0
10.57935481,0.01,0.86,0.0,0.0
10.580118217,0.0,0.85,0.0,0.01
10.581354835,0.01,0.86,0.0,0.0
10.582099445,0.0,0.86,0.0,0.0
10.583358649000001,0.01,0.86,0.01,0.0
10.584102209000001,0.0,0.86,0.0,0.0
10.585126188,0.0,0.86,0.0,0.0
10.586160434,0.0,0.85,0.0,0.01
10.587145549,0.0,0.86,0.01,0.01
10.58812844,0.0,0.85,0.0,0.01
10.589298832,0.01,0.86,0.01,0.01
10.590177765,0.0,0.86,0.01,0.0
10.591230324000001,0.0,0.86,0.0,0.01
10.593357764,0.0,0.85,0.01,0.0
10.594102234000001,0.0,0.86,0.01,0.01
10.595222546,0.0,0.87,0.0,0.01
10.596215049000001,0.01,0.86,0.0,0.0
10.597215679000001,0.01,0.86,0.0,0.0
10.598220034,0.0,0.87,0.0,0.0
10.599210565,0.0,0.83,0.0,0.02
10.600430461,0.01,0.86,0.0,0.0
10.601102905000001,0.01,0.87,0.0,0.0
10.602361914000001,0.0,0.87,0.01,0.01
10.603097,0.0,0.87,0.01,0.01
10.604276767,0.01,0.87,0.02,0.0
10.605168500000001,0.0,0.87,0.0,0.0
10.606332487000001,0.0,0.86,0.0,0.0
10.608357471000001,0.0,0.87,0.0,0.03
10.609104684,0.0,0.85,0.0,0.01
10.610348751,0.0,0.86,0.0,0.0
10.611099866,0.0,0.86,0.04,0.0
10.612354091,0.0,0.87,0.0,0.0
10.613094995,0.0,0.87,0.0,0.0
10.614362354,0.0,0.87,0.0,0.0
10.615097361,0.01,0.87,0.0,0.01
10.616188164,0.0,0.87,0.0,0.0
10.61708289,0.0,0.87,0.01,0.0
10.618297284,0.0,0.87,0.0,0.0
10.619098766,0.0,0.87,0.02,0.0
10.620128981,0.0,0.87,0.0,0.0
10.621130548,0.0,0.87,0.0,0.0
10.622207086000001,0.01,0.87,0.0,0.0
10.624348227,0.0,0.86,0.0,0.0
10.625102926,0.0,0.87,0.0,0.0
10.626207313,0.0,0.87,0.01,0.0
10.627132176,0.01,0.86,0.0,0.0
10.628210337,0.0,0.87,0.01,0.0
10.629202970000001,0.01,0.87,0.02,0.0
10.630203380000001,0.0,0.87,0.01,0.0
10.631197005,0.0,0.88,0.01,0.0
10.632305283,0.0,0.88,0.01,0.0
10.633105671000001,0.0,0.88,0.0,0.01
10.63428244,0.0,0.87,0.0,0.0
10.635132071000001,0.0,0.88,0.0,0.0
10.636227515,0.0,0.88,0.0,0.0
10.638344783,0.01,0.88,0.0,0.0
10.639107452000001,0.0,0.88,0.0,0.0
10.640223615,0.0,0.88,0.0,0.0
10.641217896,0.0,0.88,0.01,0.0
10.642214537000001,0.01,0.88,0.0,0.0
10.643210419,0.0,0.89,0.01,0.0
10.64421175,0.0,0.88,0.0,0.0
10.645209911,0.0,0.88,0.01,0.0
10.646123304000001,0.01,0.88,0.0,0.0
10.647301263000001,0.0,0.89,0.0,0.0
10.648110296,0.0,0.89,0.0,0.0
10.649298242,0.0,0.89,0.01,0.0
10.650182159,0.0,0.88,0.0,0.0
10.651324272,0.01,0.85,0.0,0.0
10.65334784,0.0,0.89,0.0,0.0
10.654099239,0.0,0.89,0.0,0.0
10.655341822,0.01,0.89,0.0,0.0
10.656104042,0.0,0.89,0.01,0.0
10.657347765,0.0,0.88,0.01,0.0
10.658119831,0.0,0.89,0.0,0.01
10.659352862,0.0,0.89,0.01,0.0
10.660088896000001,0.01,0.89,0.0,0.0
10.661395218000001,0.02,0.88,0.01,0.0
10.662082411,0.0,0.89,0.0,0.0
10.663266843,0.0,0.9,0.01,0.0
10.664158183000001,0.01,0.89,0.0,0.0
10.665217074000001,0.0,0.89,0.0,0.0
10.666253001000001,0.0,0.89,0.0,0.0
10.668354381,0.0,0.89,0.0,0.01
10.669132491000001,0.0,0.89,0.0,0.01
10.670350716000002,0.02,0.89,0.01,0.0
10.671124931000001,0.0,0.9,0.0,0.0
10.672364321,0.0,0.89,0.0,0.0
10.673090102000002,0.0,0.89,0.01,0.0
10.674378541000001,0.0,0.89,0.01,0.0
10.675095087,0.0,0.9,0.0,0.0
10.676378546,0.0,0.9,0.0,0.0
10.677094688,0.01,0.9,0.0,0.0
10.678305089,0.0,0.9,0.0,0.0
10.679139239000001,0.0,0.89,0.01,0.0
10.680302763,0.0,0.9,0.0,0.0
10.682286927,0.01,0.9,0.0,0.0
10.683094814,0.0,0.9,0.0,0.0
10.684343556,0.0,0.89,0.0,0.0
10.685092223,0.02,0.9,0.0,0.0
10.686366452000001,0.0,0.9,0.0,0.02
10.687121459,0.0,0.89,0.01,0.0
10.688168381,0.0,0.89,0.0,0.0
10.689240396,0.0,0.9,0.01,0.01
10.690199219,0.0,0.89,0.01,0.01
10.691217891,0.0,0.9,0.0,0.01
10.692167758,0.0,0.89,0.0,0.0
10.693162185,0.0,0.9,0.0,0.0
10.694157966,0.0,0.9,0.0,0.0
10.695326096,0.0,0.9,0.01,0.0
10.697359941,0.0,0.91,0.01,0.0
10.698103481,0.0,0.91,0.0,0.0
10.699201050000001,0.0,0.9,0.0,0.0
10.700218777,0.0,0.9,0.01,0.0
10.701215086000001,0.0,0.9,0.0,0.0
10.702212577000001,0.0,0.9,0.0,0.0
10.703213213000002,0.01,0.89,0.0,0.0
10.7042075,0.0,0.9,0.0,0.0
10.705354228000001,0.0,0.9,0.0,0.01
10.706106768000001,0.0,0.9,0.02,0.0
10.707284702,0.0,0.91,0.0,0.0
10.708134604000001,0.0,0.91,0.01,0.0
10.709171512000001,0.0,0.91,0.0,0.0
10.710357026,0.0,0.9,0.0,0.0
10.712353979000001,0.0,0.91,0.0,0.0
10.713097855000001,0.0,0.91,0.01,0.01
10.714195777,0.01,0.91,0.01,0.01
10.715214533000001,0.0,0.91,0.0,0.0
10.716217030000001,0.0,0.91,0.0,0.0
10.717216155000001,0.0,0.91,0.0,0.0
10.718218516,0.0,0.91,0.0,0.0
10.719218205,0.0,0.91,0.01,0.0
10.720215664000001,0.0,0.91,0.0,0.0
10.72118788,0.0,0.94,0.0,0.0
10.722299294,0.0,0.91,0.0,0.0
10.723102354,0.0,0.91,0.01,0.0
10.724291486,0.0,0.91,0.0,0.0
10.725096386,0.0,0.91,0.0,0.0
10.726314879,0.0,0.93,0.0,0.0
10.728345579,0.0,0.91,0.0,0.0
10.729131427,0.0,0.92,0.01,0.0
10.730218998,0.0,0.92,0.01,0.0
10.731218734,0.01,0.91,0.0,0.01
10.732224811,0.0,0.92,0.0,0.0
10.733211619,0.01,0.91,0.0,0.0
10.734211525000001,0.0,0.91,0.0,0.0
10.735221924000001,0.0,0.91,0.01,0.0
10.736184063000001,0.0,0.91,0.0,0.0
10.737329173000001,0.0,0.91,0.0,0.0
10.738104679000001,0.0,0.94,0.01,0.0
10.739265653,0.0,0.92,0.0,0.0
10.740174418,0.0,0.93,0.01,0.0
10.742331459,0.0,0.92,0.0,0.0
10.743135323,0.0,0.91,0.01,0.0
10.744224605000001,0.0,0.92,0.0,0.0
10.745148601,0.0,0.92,0.01,0.0
10.746325278,0.0,0.91,0.0,0.0
10.747106222000001,0.0,0.92,0.0,0.0
10.748340785,0.0,0.91,0.0,0.0
10.749103806,0.01,0.92,0.01,0.0
10.750234235,0.0,0.92,0.01,0.02
10.751179654000001,0.0,0.91,0.0,0.01
10.752127695,0.0,0.91,0.0,0.0
10.753152340000002,0.0,0.91,0.01,0.0
10.754166431,0.0,0.92,0.0,0.0
10.755347775,0.0,0.92,0.0,0.0
10.757374122,0.0,0.91,0.0,0.0
10.758107468,0.0,0.91,0.0,0.03
10.75934162,0.01,0.91,0.0,0.01
10.760105102,0.01,0.91,0.01,0.0
10.761353382000001,0.0,0.91,0.0,0.0
10.762109511,0.0,0.91,0.0,0.01
10.763345298,0.0,0.91,0.0,0.0
10.764102809,0.0,0.91,0.0,0.01
10.765352372,0.0,0.91,0.0,0.0
10.766099862,0.01,0.91,0.0,0.0
10.767162521000001,0.01,0.91,0.01,0.01
10.768156341000001,0.01,0.92,0.0,0.0
10.769309329,0.0,0.91,0.0,0.0
10.770104156,0.01,0.91,0.0,0.02
10.771309051000001,0.0,0.91,0.0,0.0
10.77335113,0.0,0.91,0.0,0.0
10.774101881,0.0,0.91,0.01,0.0
10.775225394000001,0.0,0.92,0.0,0.0
10.776164973,0.0,0.9,0.0,0.0
10.777085179,0.0,0.91,0.0,0.0
10.778217691,0.0,0.92,0.0,0.0
10.779213492,0.0,0.93,0.01,0.0
10.780212617,0.01,0.91,0.01,0.0
10.781176022,0.0,0.89,0.0,0.0
10.782326716,0.0,0.91,0.0,0.0
10.783124465,0.0,0.91,0.01,0.0
10.784292005000001,0.0,0.91,0.0,0.0
10.785101564000001,0.0,0.91,0.01,0.01
10.786387001000001,0.0,0.91,0.0,0.0
10.788351833,0.0,0.91,0.01,0.0
10.789106323,0.0,0.91,0.0,0.0
10.790367356,0.0,0.91,0.0,0.01
10.791101115,0.0,0.91,0.0,0.0
10.792350923,0.0,0.92,0.0,0.0
10.793096112,0.0,0.92,0.0,0.0
10.794343893,0.0,0.91,0.01,0.01
10.795099695000001,0.0,0.92,0.04,0.01
10.796197432000001,0.0,0.92,0.0,0.01
10.797150084,0.0,0.93,0.0,0.01
10.798285764000001,0.0,0.92,0.0,0.0
10.799093317,0.0,0.92,0.0,0.0
10.800335596,0.03,0.92,0.01,0.0
10.801156541000001,0.0,0.93,0.0,0.0
10.803282229,0.0,0.93,0.01,0.0
10.804145393,0.01,0.93,0.0,0.0
10.805140882,0.0,0.91,0.01,0.0
10.806189707000001,0.0,0.92,0.0,0.0
10.807241054,0.0,0.92,0.0,0.0
10.808234921,0.0,0.92,0.0,0.01
10.809209402,0.01,0.91,0.01,0.0
10.810245640000002,0.0,0.91,0.0,0.0
10.811192862,0.0,0.92,0.0,0.0
10.81218348,0.0,0.92,0.01,0.0
10.813228093000001,0.0,0.92,0.01,0.0
10.81417163,0.0,0.92,0.0,0.0
10.816374916000001,0.0,0.92,0.0,0.0
10.817107492,0.01,0.93,0.0,0.0
10.81835356,0.0,0.92,0.0,0.0
10.819108016000001,0.0,0.92,0.0,0.0
10.820448362,0.0,0.91,0.0,0.01
10.821107206,0.0,0.92,0.0,0.0
10.822342445,0.0,0.91,0.0,0.0
10.823096861,0.0,0.92,0.01,0.0
10.824359977,0.01,0.91,0.0,0.0
10.825117725,0.0,0.92,0.0,0.0
10.826406978000001,0.0,0.91,0.0,0.0
10.827090489000001,0.0,0.91,0.0,0.0
10.828290390000001,0.0,0.91,0.0,0.0
10.829085514,0.0,0.91,0.0,0.0
10.830353568000001,0.02,0.92,0.0,0.0
10.831135509000001,0.0,0.91,0.0,0.01
10.833359959000001,0.0,0.92,0.0,0.0
10.834123174,0.01,0.92,0.0,0.0
10.835345584,0.01,0.92,0.0,0.0
10.836127755000001,0.01,0.92,0.0,0.0
10.837270095000001,0.0,0.92,0.0,0.0
10.838128757000002,0.01,0.92,0.01,0.0
10.839472119,0.0,0.92,0.0,0.0
10.840084989000001,0.0,0.87,0.0,0.0
10.841351862000002,0.0,0.91,0.0,0.0
10.842085854,0.0,0.93,0.0,0.0
10.843278332,0.0,0.91,0.0,0.0
10.844088581000001,0.0,0.92,0.0,0.0
10.846392964000001,0.01,0.92,0.0,0.0
10.847095402,0.0,0.92,0.01,0.0
10.84835851,0.0,0.91,0.0,0.01
10.849123481000001,0.01,0.91,0.0,0.0
10.850366518000001,0.01,0.92,0.0,0.0
10.85109317,0.0,0.92,0.0,0.0
10.852376486,0.0,0.92,0.01,0.0
10.853088453,0.0,0.92,0.0,0.0
10.854375754000001,0.01,0.92,0.01,0.0
10.855112365,0.0,0.92,0.0,0.0
10.856372409,0.01,0.92,0.0,0.0
10.857081591,0.01,0.92,0.0,0.0
10.858292419000001,0.0,0.92,0.01,0.0
10.859170148,0.01,0.91,0.0,0.0
10.860292536000001,0.01,0.91,0.0,0.0
10.862383307,0.0,0.92,0.0,0.0
10.863090289,0.0,0.92,0.0,0.0
10.864258745,0.0,0.91,0.0,0.0
10.865094557,0.0,0.91,0.0,0.0
10.866371296,0.0,0.92,0.01,0.0
10.867083638,0.0,0.92,0.0,0.0
10.868344105,0.0,0.92,0.01,0.01
10.869142305,0.0,0.91,0.0,0.0
10.870245872,0.0,0.91,0.01,0.0
10.871200687,0.01,0.92,0.01,0.01
10.872157558000001,0.0,0.91,0.0,0.02
10.873278003000001,0.0,0.92,0.01,0.0
10.874130918,0.0,0.92,0.01,0.01
10.875292966,0.0,0.92,0.0,0.01
10.876141842000001,0.0,0.96,0.0,0.0
10.878170209,0.0,0.91,0.0,0.0
10.879216909,0.0,0.93,0.01,0.01
10.880122427,0.0,0.92,0.0,0.0
10.881124719,0.02,0.92,0.0,0.01
10.882210818,0.02,0.93,0.01,0.0
10.883086733,0.0,0.92,0.01,0.0
10.884087359,0.01,0.92,0.0,0.0
10.885218891000001,0.0,0.91,0.0,0.01
10.88613187,0.0,0.92,0.0,0.0
10.887142509,0.01,0.91,0.0,0.0
10.888151149,0.01,0.91,0.0,0.0
10.889283071000001,0.0,0.91,0.0,0.0
10.890110428,0.01,0.91,0.0,0.0
10.892340865000001,0.0,0.91,0.0,0.0
10.893114678,0.0,0.92,0.0,0.0
10.894148369,0.0,0.92,0.01,0.0
10.895164352,0.0,0.92,0.0,0.0
10.896099021000001,0.0,0.92,0.01,0.0
10.897205792000001,0.01,0.91,0.0,0.0
10.898203742000002,0.0,0.91,0.0,0.0
10.899202193,0.0,0.91,0.01,0.0
10.900218099,0.0,0.91,0.01,0.0
10.901202373,0.0,0.91,0.0,0.0
10.902318370000001,0.0,0.91,0.0,0.0
10.903108244,0.0,0.91,0.01,0.0
10.904300240000001,0.0,0.92,0.0,0.0
10.905103595,0.0,0.91,0.0,0.0
10.906359673,0.0,0.91,0.0,0.0
10.908354059,0.0,0.91,0.0,0.0
10.909112332000001,0.0,0.89,0.0,0.0
10.910214259,0.0,0.91,0.0,0.0
10.911210857,0.0,0.92,0.01,0.0
10.912210104000001,0.0,0.91,0.0,0.0
10.913207092,0.01,0.91,0.0,0.0
10.914203247000001,0.0,0.91,0.0,0.0
10.915346525,0.0,0.91,0.0,0.0
10.916115298000001,0.0,0.92,0.01,0.0
10.917348855,0.0,0.9,0.01,0.0
10.918101529000001,0.0,0.93,0.0,0.0
10.919291577000001,0.0,0.92,0.0,0.0
10.920092355000001,0.01,0.91,0.01,0.0
10.921325312,0.0,0.91,0.0,0.0
10.922180015,0.0,0.91,0.0,0.0
10.923229868,0.0,0.91,0.0,0.0
10.924227944,0.0,0.91,0.0,0.0
10.926319551,0.0,0.91,0.01,0.01
10.927155049000001,0.0,0.91,0.0,0.01
10.928230402,0.01,0.91,0.0,0.0
10.929160525,0.01,0.93,0.0,0.01
10.930159883,0.01,0.91,0.0,0.0
10.931085062000001,0.0,0.91,0.0,0.0
10.932340516,0.0,0.91,0.0,0.0
10.933102176,0.01,0.91,0.0,0.0
10.934162193,0.0,0.91,0.0,0.0
10.935161581000001,0.0,0.91,0.0,0.01
10.936171402000001,0.0,0.91,0.01,0.01
10.93735889,0.0,0.92,0.0,0.0
10.939347001000002,0.01,0.92,0.0,0.0
10.940104143000001,0.0,0.91,0.0,0.0
10.941358650000002,0.0,0.91,0.01,0.0
10.942119136,0.0,0.91,0.0,0.0
10.943357424,0.0,0.92,0.0,0.0
10.944092518000001,0.01,0.92,0.0,0.0
10.945364844,0.0,0.91,0.0,0.0
10.946085638000001,0.0,0.91,0.0,0.0
10.947355903,0.0,0.91,0.01,0.0
10.948089692,0.0,0.91,0.0,0.0
10.949277342,0.0,0.91,0.01,0.01
10.950093407,0.0,0.92,0.0,0.0
10.951189267,0.0,0.92,0.0,0.0
10.952228061000001,0.0,0.91,0.0,0.0
10.953223285,0.0,0.91,0.0,0.0
10.95534173,0.0,0.91,0.01,0.0
10.956111235,0.0,0.92,0.0,0.01
10.957293604,0.0,0.92,0.0,0.0
10.958111222000001,0.0,0.91,0.0,0.01
10.959213212,0.0,0.92,0.0,0.01
10.960215322,0.0,0.94,0.01,0.0
10.961210366000001,0.0,0.91,0.0,0.0
10.962167869,0.0,0.91,0.0,0.01
10.963142393,0.0,0.91,0.0,0.0
10.964184536000001,0.0,0.92,0.01,0.01
10.965177943,0.0,0.92,0.0,0.0
10.966161615,0.0,0.91,0.0,0.0
10.967218072000001,0.0,0.91,0.0,0.0
10.968221045,0.0,0.92,0.0,0.0
10.970358568,0.01,0.91,0.01,0.0
10.971114029,0.0,0.91,0.0,0.0
10.972207579,0.01,0.91,0.0,0.0
10.973201666000001,0.0,0.91,0.01,0.0
10.974202306,0.0,0.92,0.0,0.0
10.975202357,0.01,0.92,0.0,0.0
10.976345934000001,0.0,0.92,0.01,0.0
10.977121631000001,0.0,0.92,0.0,0.0
10.97827745,0.0,0.92,0.0,0.0
10.979099585,0.01,0.92,0.01,0.0
10.980286130000001,0.0,0.91,0.0,0.0
10.981122094,0.0,0.93,0.0,0.0
10.982223526,0.0,0.92,0.0,0.01
10.984356042,0.0,0.92,0.0,0.0
10.985107370000001,0.0,0.92,0.01,0.0
10.986337644,0.0,0.92,0.0,0.0
10.987132119,0.0,0.92,0.0,0.0
10.988201971,0.01,0.91,0.01,0.0
10.989104395,0.01,0.92,0.01,0.01
10.990229062000001,0.0,0.98,0.0,0.01
10.991226788,0.01,0.92,0.01,0.01
10.992205212,0.0,0.92,0.01,0.0
10.993158909,0.0,0.93,0.0,0.01
10.994129075,0.0,0.91,0.0,0.0
10.995301044000001,0.0,0.93,0.0,0.0
10.996099999,0.0,0.94,0.02,0.0
10.997215179000001,0.0,0.93,0.0,0.0
10.999350205,0.0,0.93,0.0,0.0
11.000103162,0.01,0.93,0.0,0.0
11.00121309,0.0,0.93,0.0,0.0
11.002110839,0.01,0.93,0.0,0.0
11.003347492000001,0.01,0.93,0.0,0.0
11.004097897000001,0.0,0.92,0.0,0.0
11.005197016,0.0,0.92,0.01,0.0
11.006214857000002,0.0,0.93,0.0,0.0
11.00720527,0.01,0.93,0.0,0.01
11.008159223,0.01,0.92,0.0,0.0
11.009275557,0.0,0.93,0.0,0.0
11.010101101,0.02,0.93,0.0,0.0
11.011350898,0.0,0.93,0.0,0.0
11.013350558,0.0,0.92,0.0,0.01
11.014105616,0.0,0.94,0.0,0.0
11.015344721,0.0,0.94,0.0,0.0
11.016105016000001,0.0,0.94,0.0,0.0
11.017356746,0.0,0.94,0.01,0.0
11.018110782,0.0,0.95,0.0,0.0
11.019222589,0.0,0.93,0.0,0.0
11.020091285000001,0.0,0.93,0.01,0.0
11.021279419,0.0,0.94,0.0,0.0
11.022157435,0.0,0.94,0.0,0.0
11.023095035,0.0,0.94,0.0,0.0
11.024286973,0.0,0.94,0.0,0.0
11.025155915000001,0.0,0.93,0.01,0.03
11.026131828,0.0,0.94,0.01,0.0
11.027085832000001,0.0,0.94,0.0,0.0
11.029374953000001,0.01,0.94,0.01,0.0
11.030101072,0.02,0.94,0.0,0.01
11.031223159000001,0.0,0.93,0.0,0.0
11.032216886,0.01,0.93,0.02,0.0
11.033211501,0.0,0.94,0.01,0.0
11.034210091,0.0,0.94,0.0,0.0
11.035209983000001,0.0,0.94,0.0,0.0
11.036338349000001,0.0,0.94,0.0,0.01
11.037105383,0.0,0.93,0.0,0.0
11.038290872000001,0.0,0.93,0.0,0.0
11.039096503000001,0.0,0.94,0.0,0.0
11.040284961000001,0.0,0.94,0.0,0.0
11.041178646,0.01,0.94,0.01,0.01
11.042295593,0.0,0.94,0.0,0.0
11.044378708,0.0,0.94,0.0,0.0
11.045097365,0.0,0.95,0.0,0.0
11.046237477,0.0,0.94,0.0,0.0
11.047237456000001,0.0,0.94,0.0,0.0
11.048230268000001,0.01,0.95,0.01,0.0
11.049121759,0.0,0.95,0.0,0.0
11.050211129000001,0.0,0.95,0.01,0.0
11.051147669,0.0,0.95,0.0,0.0
11.052189929,0.0,0.94,0.0,0.0
11.053148359000001,0.0,0.94,0.0,0.0
11.054281105000001,0.01,0.95,0.0,0.0
11.055153189,0.0,0.95,0.0,0.0
11.056197948000001,0.0,0.94,0.0,0.0
11.057221964,0.01,0.95,0.0,0.0
11.059342121,0.0,0.95,0.0,0.0
11.060116167,0.0,0.95,0.0,0.0
11.061344069,0.0,0.96,0.0,0.0
11.062105704,0.01,0.95,0.0,0.01
11.063202373000001,0.01,0.95,0.0,0.0
11.064209015000001,0.0,0.95,0.0,0.01
11.065208197,0.0,0.95,0.0,0.0
11.066204055,0.01,0.95,0.0,0.0
11.067091928,0.0,0.95,0.02,0.01
11.068301554000001,0.0,0.97,0.0,0.0
11.069111047,0.0,0.95,0.01,0.01
11.070166939,0.0,0.96,0.0,0.0
11.071157822,0.0,0.96,0.0,0.01
11.072205822,0.0,0.96,0.01,0.01
11.074338989000001,0.0,0.96,0.0,0.0
11.075115081,0.0,0.96,0.0,0.0
11.076353808,0.0,0.95,0.0,0.0
11.077116931,0.0,0.96,0.0,0.01
11.078270838,0.0,0.95,0.0,0.0
11.079174843,0.0,0.96,0.0,0.0
11.080131767000001,0.0,0.96,0.0,0.0
11.081271293,0.0,0.95,0.01,0.01
11.082129546,0.0,0.96,0.0,0.0
11.083166782000001,0.0,0.96,0.0,0.0
11.084160804000001,0.0,0.96,0.0,0.0
11.085150610000001,0.0,0.96,0.0,0.01
11.086171676000001,0.0,0.97,0.0,0.0
11.08722838,0.0,0.95,0.0,0.0
11.089340021,0.0,0.97,0.0,0.0
11.090110636,0.0,0.96,0.0,0.0
11.091215274000001,0.01,0.97,0.0,0.01
11.092215909,0.0,0.96,0.01,0.0
11.093203862000001,0.0,0.97,0.0,0.0
11.094209954,0.0,0.98,0.0,0.0
11.095201146,0.0,0.98,0.0,0.01
11.096194172,0.01,0.97,0.02,0.01
11.097204903000002,0.0,0.98,0.01,0.02
11.098158105000001,0.0,0.99,0.0,0.0
11.099301937,0.0,0.98,0.0,0.0
11.100141207,0.0,0.97,0.0,0.0
11.101333751,0.0,0.97,0.0,0.04
11.102109925,0.0,0.98,0.0,0.01
11.103341801000001,0.0,0.98,0.0,0.0
11.105346971000001,0.0,0.97,0.01,0.0
11.106114204,0.01,0.97,0.01,0.0
11.107355598,0.0,0.98,0.0,0.02
11.108113866,0.01,0.98,0.02,0.0
11.109348459000001,0.01,0.98,0.0,0.0
11.11011137,0.0,0.97,0.0,0.0
11.111303263,0.0,0.98,0.0,0.01
11.112106302,0.0,0.98,0.0,0.0
11.113105777000001,0.0,0.99,0.0,0.01
11.114165750000002,0.0,0.98,0.0,0.0
11.115155825,0.0,0.98,0.01,0.01
11.116163487000001,0.0,0.98,0.0,0.0
11.117318494000001,0.0,0.99,0.0,0.0
11.119318954,0.0,0.99,0.0,0.0
11.120094383000001,0.01,0.99,0.0,0.01
11.121345012,0.0,0.98,0.0,0.0
11.122103921,0.0,0.98,0.0,0.0
11.123227103000001,0.0,0.97,0.0,0.0
11.124221353000001,0.0,0.98,0.0,0.0
11.125220732,0.01,0.98,0.0,0.0
11.126220443000001,0.0,0.98,0.0,0.0
11.127087674,0.0,0.98,0.0,0.0
11.128274187,0.01,0.98,0.0,0.0
11.129146512,0.0,0.98,0.01,0.0
11.13029227,0.0,0.98,0.01,0.0
11.131098223,0.0,0.98,0.0,0.0
11.132292483,0.0,0.99,0.0,0.0
11.134387921,0.0,0.96,0.01,0.0
11.13510044,0.0,1.02,0.0,0.0
11.136369412,0.0,0.98,0.0,0.01
11.137101591,0.01,1.02,0.02,0.01
11.138352804,0.0,0.98,0.0,0.0
11.139097167000001,0.0,0.96,0.0,0.0
11.140367347000002,0.0,0.98,0.0,0.0
11.141089814,0.0,0.98,0.01,0.0
11.142262937,0.01,0.98,0.0,0.0
11.143180347000001,0.0,0.99,0.0,0.0
11.144156055,0.0,0.97,0.0,0.01
11.145156335000001,0.0,0.98,0.0,0.0
11.146123957,0.0,0.98,0.0,0.0
11.147134188,0.02,0.98,0.01,0.0
11.148244509000001,0.0,0.98,0.0,0.0
11.150342442000001,0.0,1.0,0.0,0.01
11.15110885,0.0,0.98,0.0,0.0
11.152106726000001,0.0,1.0,0.0,0.0
11.153220860000001,0.0,0.98,0.0,0.0
11.154209348,0.0,0.98,0.01,0.0
11.155208608,0.01,0.99,0.0,0.0
11.156203688000002,0.0,0.99,0.0,0.0
11.157167712000001,0.0,0.98,0.01,0.0
11.158220199,0.01,0.98,0.0,0.01
11.159153863,0.0,0.99,0.0,0.0
11.160158755000001,0.0,0.99,0.0,0.0
11.161337244,0.0,0.99,0.01,0.0
11.16334219,0.0,0.99,0.0,0.0
11.164117599,0.0,0.99,0.0,0.0
11.165211494000001,0.0,0.98,0.0,0.0
11.166201574,0.0,0.99,0.0,0.01
11.167211183000001,0.0,0.99,0.0,0.0
11.168203561,0.0,0.99,0.02,0.01
11.169200551000001,0.0,0.99,0.0,0.0
11.170214498,0.0,1.04,0.0,0.0
11.171182748000001,0.0,1.0,0.01,0.0
11.172341028,0.0,0.99,0.02,0.0
11.17311783,0.0,0.99,0.01,0.01
11.174240025000001,0.0,1.0,0.0,0.0
11.175182503,0.0,0.99,0.01,0.0
11.17615952,0.0,1.01,0.0,0.0
11.178341635,0.0,1.01,0.02,0.0
11.179110314,0.0,1.0,0.0,0.0
11.180152322000001,0.0,1.0,0.0,0.0
11.181099862,0.0,0.99,0.01,0.0
11.182348268,0.0,1.01,0.0,0.0
11.183110322000001,0.0,0.99,0.0,0.0
11.184350138000001,0.0,1.0,0.0,0.0
11.185117081000001,0.0,1.0,0.0,0.01
11.186348037,0.0,0.99,0.0,0.01
11.187103207,0.0,1.0,0.0,0.0
11.188328515,0.0,1.0,0.0,0.0
11.189101807,0.0,0.99,0.0,0.0
11.190158174,0.0,1.0,0.01,0.0
11.191160307,0.0,1.0,0.0,0.01
11.192368301,0.01,1.01,0.0,0.0
11.194337594,0.0,1.0,0.0,0.0
11.195111262000001,0.01,1.01,0.0,0.01
11.196217189,0.0,1.01,0.0,0.0
11.197207910000001,0.0,1.0,0.0,0.0
11.198207029,0.0,1.01,0.01,0.0
11.199202355,0.0,1.0,0.01,0.0
11.20020695,0.0,1.0,0.0,0.0
11.201207861,0.0,1.0,0.01,0.0
11.202206134,0.0,1.01,0.0,0.0
11.203183917,0.0,1.01,0.0,0.0
11.204272214000001,0.0,1.0,0.0,0.0
11.205146446,0.0,1.0,0.0,0.01
11.206118696,0.0,1.02,0.01,0.0
11.207197629000001,0.01,1.0,0.01,0.0
11.208224039000001,0.0,1.01,0.0,0.0
11.210363179000002,0.03,1.01,0.0,0.0
11.211118559,0.01,1.02,0.0,0.0
11.212211975,0.0,1.01,0.0,0.0
11.213208073,0.0,1.01,0.01,0.0
11.2142049,0.0,1.01,0.0,0.0
11.215205131000001,0.0,1.01,0.01,0.0
11.216205222000001,0.0,1.0,0.0,0.0
11.217195092,0.0,1.01,0.0,0.02
11.218163391000001,0.0,1.02,0.0,0.0
11.219305250000001,0.0,1.01,0.01,0.0
11.220119177,0.0,1.02,0.01,0.02
11.221300046000001,0.0,1.01,0.01,0.0
11.223345146000002,0.0,1.01,0.02,0.0
11.224116329000001,0.01,1.01,0.0,0.0
11.225168264,0.0,1.01,0.0,0.01
11.226164670000001,0.0,1.01,0.01,0.0
11.227153345000001,0.0,1.02,0.01,0.0
11.228522224,0.0,1.02,0.01,0.0
11.229104109000001,0.03,1.02,0.01,0.0
11.230363519,0.0,1.03,0.0,0.01
11.231105318000001,0.0,1.02,0.0,0.0
11.232370555000001,0.0,1.03,0.0,0.0
11.233103749000001,0.0,1.02,0.0,0.0
11.234393970000001,0.0,1.02,0.0,0.0
11.235101833,0.0,1.02,0.0,0.0
11.236295621,0.01,1.03,0.0,0.0
11.237094053,0.01,1.02,0.01,0.0
11.238346263,0.01,1.03,0.0,0.0
11.240379615,0.0,1.02,0.0,0.0
11.241136169,0.01,1.02,0.01,0.01
11.242357713,0.0,1.02,0.0,0.0
11.243100804000001,0.0,1.02,0.0,0.0
11.244277033000001,0.0,1.02,0.0,0.0
11.245187894,0.0,1.02,0.0,0.0
11.246351457000001,0.0,1.02,0.0,0.0
11.247090744000001,0.0,1.02,0.0,0.0
11.248352379,0.0,1.01,0.01,0.0
11.249133704,0.0,1.02,0.0,0.0
11.250283663000001,0.0,1.02,0.01,0.0
11.251176803,0.0,1.02,0.0,0.0
11.252144857000001,0.03,1.03,0.01,0.0
11.253346572,0.0,1.01,0.0,0.0
11.255373081,0.0,1.03,0.0,0.0
11.256098584,0.0,1.02,0.0,0.0
11.257387245,0.0,1.02,0.01,0.01
11.258099549,0.0,1.03,0.01,0.0
11.259349325,0.0,1.03,0.0,0.01
11.260099744000001,0.0,1.03,0.0,0.0
11.261350119000001,0.0,1.02,0.01,0.0
11.262098576000001,0.0,1.02,0.0,0.0
11.263373791000001,0.0,1.03,0.01,0.0
11.264093758000001,0.0,1.02,0.0,0.0
11.265279408000001,0.01,1.02,0.0,0.0
11.266094955000002,0.0,1.02,0.0,0.0
11.26739665,0.0,1.01,0.0,0.01
11.269373586,0.0,1.02,0.02,0.0
11.270100075,0.01,1.02,0.0,0.0
11.271283319,0.0,1.01,0.0,0.0
11.272096406000001,0.0,1.02,0.0,0.0
11.273357562000001,0.0,1.02,0.0,0.0
11.274097712000001,0.0,1.02,0.0,0.0
11.275356601,0.0,1.02,0.0,0.0
11.276090323,0.0,1.02,0.02,0.0
11.277173814000001,0.0,1.02,0.0,0.0
11.278374726000001,0.0,1.03,0.0,0.0
11.279117151000001,0.0,1.02,0.0,0.0
11.280273406000001,0.0,1.03,0.0,0.0
11.281172498,0.0,1.02,0.0,0.0
11.282347107000001,0.0,1.02,0.01,0.0
11.283093133000001,0.0,1.02,0.0,0.0
11.284366958000001,0.0,1.02,0.0,0.0
11.286377693,0.0,1.03,0.0,0.0
11.287091145000002,0.01,1.02,0.0,0.01
11.28836431,0.0,1.02,0.0,0.01
11.289095746000001,0.0,1.02,0.01,0.0
11.290357658000001,0.0,1.01,0.0,0.0
11.291097082,0.0,1.03,0.0,0.0
11.29234954,0.01,1.02,0.0,0.0
11.293100017,0.0,1.02,0.0,0.0
11.294395375,0.0,1.02,0.0,0.01
11.295101288000001,0.0,1.02,0.01,0.0
11.296287467,0.0,1.02,0.0,0.01
11.297100788,0.0,1.02,0.0,0.0
11.298289346,0.0,1.02,0.0,0.0
11.300335043,0.0,1.02,0.0,0.01
11.301103954,0.0,1.02,0.01,0.01
11.302173529000001,0.01,1.01,0.0,0.0
11.303104016,0.0,1.02,0.0,0.03
11.304341463,0.0,1.01,0.01,0.0
11.305098017,0.0,1.01,0.01,0.0
11.306363677,0.0,1.01,0.0,0.0
11.307100808000001,0.0,1.01,0.01,0.0
11.308361816000001,0.0,1.0,0.01,0.0
11.309097546,0.0,1.01,0.0,0.0
11.310300374,0.02,1.01,0.0,0.0
11.311125132,0.0,1.01,0.0,0.0
11.312334648,0.0,1.0,0.0,0.0
11.31312557,0.0,1.01,0.01,0.01
11.314376283000001,0.0,1.01,0.0,0.01
11.316343075,0.0,1.01,0.0,0.0
11.317131301,0.0,1.0,0.01,0.01
11.318353531000001,0.0,1.0,0.0,0.0
11.319103885,0.0,0.99,0.01,0.0
11.320347955,0.0,0.99,0.0,0.0
11.321100205,0.0,0.99,0.0,0.0
11.322328684,0.0,0.99,0.01,0.0
11.323099661,0.0,0.98,0.01,0.0
11.324333481,0.0,0.99,0.0,0.01
11.325123736,0.0,0.98,0.0,0.0
11.326290086,0.0,0.97,0.0,0.0
11.327111506000001,0.01,0.98,0.02,0.0
11.328304483,0.0,0.98,0.01,0.01
11.330151200000001,0.0,0.98,0.0,0.01
11.331364281,0.0,0.98,0.01,0.0
11.332092556000001,0.01,0.97,0.0,0.0
11.333197294000001,0.0,0.97,0.0,0.0
11.334227775,0.0,0.97,0.01,0.0
11.33537005,0.01,0.97,0.0,0.0
11.336097672000001,0.0,0.97,0.0,0.0
11.337230919000001,0.0,0.96,0.02,0.0
11.338291309,0.0,0.97,0.0,0.0
11.339094846,0.0,0.97,0.0,0.0
11.340294802,0.0,0.97,0.0,0.01
11.341160856,0.0,0.96,0.0,0.0
11.342355133,0.0,0.96,0.0,0.0
11.344359690000001,0.0,0.95,0.01,0.0
11.345104104,0.0,0.95,0.01,0.0
11.346363562,0.0,0.95,0.0,0.0
11.347106461000001,0.0,0.95,0.0,0.01
11.348349508,0.0,0.95,0.01,0.0
11.349095745000001,0.0,0.95,0.0,0.0
11.350346195,0.0,0.95,0.01,0.0
11.351095517000001,0.0,0.95,0.01,0.01
11.352356572000001,0.0,0.94,0.0,0.0
11.353098024000001,0.0,0.93,0.01,0.0
11.354301955,0.0,0.95,0.0,0.01
11.355137693000001,0.0,0.94,0.0,0.0
11.356286654000002,0.0,0.93,0.0,0.0
11.357096984,0.0,0.92,0.01,0.0
11.358352957000001,0.01,0.9,0.0,0.0
11.360349906000001,0.01,0.9,0.0,0.0
11.361099322000001,0.01,0.88,0.0,0.0
11.362275842,0.0,0.89,0.0,0.0
11.363197733000002,0.0,0.89,0.0,0.0
11.364344877,0.01,0.88,0.0,0.01
11.365120941,0.0,0.88,0.0,0.0
11.366350701,0.01,0.88,0.0,0.01
11.36714171,0.0,0.87,0.0,0.0
11.3683542,0.0,0.86,0.0,0.0
11.369124775000001,0.01,0.85,0.0,0.0
11.370276124,0.0,0.86,0.0,0.01
11.371171448,0.0,0.84,0.0,0.01
11.372374784000002,0.0,0.84,0.0,0.0
11.373116527,0.0,0.84,0.0,0.0
11.374357957,0.0,0.82,0.01,0.01
11.376356408000001,0.0,0.82,0.01,0.0
11.377096549000001,0.0,0.83,0.01,0.01
11.378385948,0.0,0.83,0.0,0.0
11.379099518,0.0,0.81,0.0,0.0
11.380276511,0.0,0.83,0.01,0.0
11.381167112,0.01,0.81,0.01,0.0
11.382279386,0.0,0.81,0.01,0.0
11.383170355,0.0,0.8,0.0,0.0
11.384284498000001,0.01,0.8,0.01,0.01
11.385164911,0.0,0.8,0.01,0.0
11.386292054,0.0,0.8,0.0,0.0
11.38717606,0.0,0.8,0.0,0.0
11.388333739,0.0,0.8,0.01,0.0
11.390128934000002,0.0,0.79,0.0,0.0
11.391139930000001,0.0,0.79,0.0,0.0
11.392203681000002,0.0,0.78,0.0,0.01
11.393346074,0.0,0.78,0.0,0.0
11.394107881,0.0,0.79,0.0,0.0
11.395344874000001,0.0,0.79,0.01,0.0
11.396114997000002,0.0,0.79,0.05,0.0
11.397387279,0.0,0.79,0.0,0.0
11.398094681,0.01,0.78,0.0,0.03
11.399307742000001,0.01,0.77,0.0,0.0
11.400169867,0.0,0.78,0.0,0.01
11.401306918000001,0.0,0.77,0.0,0.0
11.402096898,0.0,0.76,0.0,0.0
11.403372455000001,0.0,0.77,0.0,0.0
11.405356538000001,0.0,0.76,0.0,0.0
11.40609759,0.01,0.76,0.0,0.0
11.407361437,0.0,0.76,0.0,0.0
11.408095456,0.01,0.76,0.01,0.0
11.409369635000001,0.02,0.77,0.0,0.0
11.410095567,0.0,0.77,0.01,0.0
11.411357802000001,0.01,0.76,0.0,0.0
11.412119644,0.0,0.75,0.0,0.01
11.413341268,0.0,0.75,0.0,0.0
11.414096256,0.0,0.75,0.0,0.0
11.415272239,0.0,0.75,0.0,0.0
11.416086023,0.0,0.75,0.01,0.0
11.417377147,0.0,0.74,0.0,0.0
11.419369131,0.0,0.75,0.0,0.0
11.420103171000001,0.0,0.75,0.01,0.0
11.421244361000001,0.0,0.74,0.0,0.0
11.422134715,0.0,0.74,0.0,0.0
11.423199911000001,0.0,0.74,0.0,0.0
11.424091324,0.01,0.73,0.0,0.01
11.425360164,0.0,0.7,0.0,0.0
11.426128158000001,0.01,0.71,0.0,0.0
11.427154601000002,0.0,0.7,0.0,0.0
11.428345151,0.01,0.68,0.0,0.01
11.429119016000001,0.0,0.65,0.0,0.0
11.430281243000001,0.0,0.65,0.0,0.0
11.431087002,0.0,0.63,0.0,0.0
11.432352923,0.0,0.6,0.0,0.0
11.43435103,0.01,0.57,0.0,0.0
11.435149144,0.0,0.57,0.0,0.0
11.436341225000001,0.0,0.55,0.0,0.0
11.437110616,0.01,0.55,0.0,0.0
11.438342318,0.0,0.55,0.0,0.01
11.439100470000001,0.0,0.52,0.0,0.0
11.440362051000001,0.0,0.49,0.0,0.0
11.441098392,0.0,0.46,0.01,0.0
11.442373772,0.0,0.43,0.0,0.0
11.443097754,0.0,0.33,0.0,0.01
11.444303273000001,0.0,0.16,0.0,0.0
11.445150737,0.01,0.0,0.0,0.0
11.446308907,0.0,0.0,0.0,0.0
11.447097358,0.01,0.01,0.02,0.0
11.448323652000001,0.0,0.0,0.0,0.0
11.450338782000001,0.01,0.0,0.0,0.0
11.451113103,0.0,0.0,0.01,0.0
11.452271924000001,0.0,0.0,0.01,0.0
11.453101381000002,0.01,0.01,0.0,0.0
11.454323367,0.0,0.0,0.01,0.0
11.455127549,0.0,0.01,0.01,0.0
11.456159929,0.0,0.02,0.0,0.0
11.45734928,0.0,0.0,0.0,0.01
11.458121688,0.01,0.01,0.0,0.0
11.459285783,0.0,0.01,0.0,0.0
11.460167962,0.0,0.01,0.0,0.0
11.461280555,0.0,0.01,0.0,0.0
11.462159267,0.0,0.01,0.0,0.0
11.463355052,0.0,0.01,0.0,0.0
11.465251356000001,0.0,0.01,0.01,0.0
11.466362442000001,0.0,0.01,0.0,0.0
11.467090853,0.01,0.0,0.0,0.01
11.468250109000001,0.01,0.01,0.02,0.0
11.469376333000001,0.0,0.0,0.0,0.01
11.470096816,0.0,0.0,0.0,0.01
11.471365468,0.0,0.01,0.0,0.0
11.472117061,0.0,0.0,0.0,0.0
11.473389955,0.0,0.0,0.0,0.02
11.474095862,0.0,0.01,0.0,0.01
11.475293469,0.0,0.0,0.0,0.0
11.476087755,0.0,0.0,0.0,0.0
11.477310468,0.0,0.0,0.0,0.0
11.478132771,0.01,0.0,0.01,0.0
11.479350245000001,0.0,0.01,0.0,0.0
11.481392452000001,0.0,0.01,0.0,0.0
11.482099262,0.0,0.0,0.0,0.0
11.48327893,0.0,0.0,0.0,0.0
11.484106039,0.0,0.01,0.0,0.0
11.485178421,0.0,0.0,0.0,0.0
11.486381209000001,0.0,0.0,0.01,0.0
11.487098942000001,0.0,0.0,0.0,0.01
11.488300616,0.0,0.01,0.0,0.01
11.489124248000001,0.0,0.0,0.0,0.0
11.490286424,0.0,0.01,0.0,0.01
11.491144979000001,0.0,0.0,0.0,0.0
11.492292073000002,0.0,0.0,0.0,0.0
11.493182264000001,0.0,0.0,0.01,0.0
11.494397593,0.0,0.01,0.0,0.0
11.496366735,0.0,0.0,0.0,0.0
11.497096610000002,0.0,0.0,0.0,0.0
11.498360933,0.0,0.0,0.0,0.01
11.499100634000001,0.01,0.0,0.01,0.0
11.500351164000001,0.0,0.0,0.0,0.0
11.50110169,0.02,0.0,0.0,0.01
11.50215442,0.0,0.01,0.0,0.0
11.503339638,0.0,0.0,0.0,0.0
11.504090216000002,0.01,0.01,0.01,0.0
11.505292779000001,0.0,0.0,0.0,0.0
11.506178901,0.0,0.0,0.0,0.0
11.507364414000001,0.01,0.01,0.0,0.0
11.509364353,0.0,0.0,0.01,0.0
11.510100715,0.0,0.0,0.0,0.0
11.511351608,0.0,0.0,0.0,0.0
11.512102311000001,0.02,0.0,0.0,0.01
11.513365671,0.0,0.0,0.0,0.0
11.51409899,0.04,0.0,0.01,0.0
11.515338258,0.0,0.0,0.0,0.0
11.516100543,0.0,0.0,0.0,0.0
11.517349771000001,0.01,0.0,0.0,0.02
11.518119995000001,0.0,0.0,0.01,0.0
11.519272328000001,0.0,0.0,0.0,0.01
11.520090689,0.0,0.0,0.0,0.0
11.521266225000002,0.0,0.0,0.01,0.01
11.522171488000001,0.0,0.0,0.0,0.01
11.523271922000001,0.0,0.0,0.0,0.0
11.525230852,0.0,0.0,0.0,0.0
11.526136123,0.0,0.0,0.0,0.0
11.527170016000001,0.0,0.01,0.02,0.0
11.528136441000001,0.0,0.01,0.0,0.0
11.529254558,0.0,0.01,0.0,0.0
11.530227855000001,0.0,0.0,0.01,0.01
11.531221187,0.01,0.0,0.0,0.0
11.532214333,0.0,0.01,0.0,0.0
11.533231411000001,0.0,0.01,0.0,0.0
11.534225317,0.0,0.0,0.0,0.0
11.535236495000001,0.0,0.0,0.0,0.0
11.536225554000001,0.0,0.0,0.0,0.01
11.537134375,0.0,0.01,0.0,0.0
11.538135048000001,0.01,0.0,0.01,0.0
11.539224881,0.0,0.01,0.0,0.0
11.541228426,0.0,0.01,0.0,0.0
11.542228359000001,0.0,0.0,0.0,0.0
11.543216624000001,0.0,0.0,0.01,0.0
11.544228656000001,0.0,0.0,0.0,0.0
11.545208484000002,0.0,0.0,0.0,0.0
11.546221469,0.0,0.0,0.01,0.0
11.547095265000001,0.0,0.0,0.01,0.0
11.5481557,0.0,0.0,0.0,0.0
11.549241021,0.01,0.01,0.01,0.0
11.550118787,0.0,0.0,0.0,0.0
11.551211967,0.01,0.02,0.0,0.0
11.552096243000001,0.0,0.0,0.0,0.0
11.553260641000001,0.0,0.02,0.0,0.0
11.555213469,0.0,0.02,0.0,0.01
11.556231023,0.0,0.0,0.01,0.01
11.557330180000001,0.01,0.0,0.01,0.0
11.55812017,0.0,0.02,0.01,0.0
11.55920564,0.01,0.0,0.0,0.01
11.560218755000001,0.02,0.0,0.0,0.02
11.561229212,0.01,0.0,0.01,0.0
11.562210248000001,0.0,0.0,0.0,0.0
11.563216014,0.0,0.01,0.01,0.0
11.564210876,0.0,0.0,0.0,0.0
11.565238598,0.0,0.01,0.0,0.01
11.566216508,0.0,0.0,0.0,0.01
11.567264567,0.0,0.0,0.0,0.0
11.568115066,0.0,0.0,0.0,0.0
11.56925453,0.0,0.01,0.0,0.0
11.570227347000001,0.0,0.01,0.0,0.0
11.572299188,0.01,0.0,0.0,0.0
11.573250116,0.0,0.02,0.0,0.0
11.574226853,0.0,0.0,0.0,0.0
11.575215545,0.0,0.0,0.0,0.0
11.576294126,0.01,0.0,0.0,0.0
11.577133716,0.01,0.0,0.0,0.01
11.578160072000001,0.0,0.01,0.0,0.0
11.579222378,0.0,0.0,0.01,0.0
11.580217736000002,0.0,0.0,0.0,0.0
11.581208256,0.0,0.0,0.0,0.0
11.582215874000001,0.0,0.0,0.0,0.0
11.583224731000001,0.0,0.0,0.0,0.0
11.584233593,0.0,0.0,0.0,0.0
11.585228193,0.0,0.01,0.0,0.0
11.586241823,0.0,0.0,0.0,0.0
11.588215974,0.01,0.0,0.0,0.0
11.589204196,0.01,0.0,0.0,0.0
11.590204474,0.0,0.02,0.0,0.0
11.591199405000001,0.0,0.0,0.0,0.0
11.592197224000001,0.0,0.01,0.01,0.0
11.5931256,0.0,0.0,0.0,0.0
11.594161170000001,0.01,0.0,0.0,0.0
11.595213564000002,0.0,0.0,0.0,0.0
11.596229186,0.0,0.0,0.0,0.0
11.597232264,0.0,0.0,0.0,0.01
11.598242478000001,0.0,0.0,0.0,0.01
11.599235022,0.0,0.01,0.0,0.0
11.601223042,0.0,0.01,0.0,0.0
11.602241088000001,0.0,0.0,0.0,0.0
11.603226195000001,0.0,0.0,0.0,0.0
11.604219229,0.0,0.0,0.0,0.0
11.605234203,0.0,0.0,0.0,0.0
11.606221273000001,0.0,0.0,0.0,0.0
11.607182351,0.0,0.01,0.01,0.0
11.608237259000001,0.0,0.0,0.0,0.0
11.609132954000001,0.0,0.01,0.0,0.0
11.610235903000001,0.01,0.0,0.0,0.0
11.611217672,0.01,0.0,0.0,0.0
11.612224422,0.0,0.0,0.0,0.0
11.613281999000002,0.0,0.0,0.0,0.0
11.614134514,0.0,0.0,0.01,0.0
11.615235667,0.0,0.0,0.0,0.0
11.61720974,0.0,0.0,0.0,0.0
11.618223147,0.0,0.01,0.0,0.0
11.619175172,0.0,0.01,0.0,0.0
11.620223560000001,0.0,0.01,0.0,0.0
11.621221266000001,0.0,0.0,0.0,0.0
11.622230920000002,0.01,0.0,0.01,0.0
11.623206698,0.0,0.0,0.0,0.0
11.624212292000001,0.0,0.01,0.0,0.0
11.625223903,0.0,0.0,0.0,0.0
11.626236312000001,0.0,0.0,0.0,0.0
11.627094096,0.0,0.0,0.0,0.0
11.628234990000001,0.0,0.0,0.0,0.0
11.629209862000002,0.0,0.0,0.0,0.0
11.631211902,0.05,0.0,0.0,0.0
11.632224161,0.0,0.0,0.0,0.0
11.633222457,0.0,0.0,0.01,0.0
11.634251019,0.0,0.04,0.0,0.01
11.635224738000002,0.0,0.0,0.0,0.01
11.636227622000002,0.01,0.0,0.0,0.0
11.637218147,0.0,0.0,0.01,0.0
11.638224645000001,0.0,0.01,0.02,0.0
11.63928501,0.0,0.0,0.01,0.0
11.640134808,0.0,0.0,0.0,0.0
11.641217811,0.0,0.0,0.0,0.01
11.642121410000001,0.0,0.0,0.0,0.0
11.643222162,0.0,0.0,0.0,0.0
11.645220495,0.0,0.01,0.0,0.0
11.646231969,0.0,0.0,0.0,0.0
11.647217974,0.0,0.0,0.01,0.0
11.648227039,0.0,0.0,0.01,0.0
11.649160902,0.0,0.0,0.0,0.0
11.650406425,0.0,0.0,0.01,0.0
11.651295945000001,0.0,0.0,0.0,0.0
11.652132451,0.0,0.01,0.0,0.0
11.653219333000001,0.01,0.0,0.01,0.0
11.654220357000002,0.01,0.0,0.0,0.0
11.655215074000001,0.0,0.0,0.0,0.0
11.656220191000001,0.0,0.0,0.0,0.0
11.657232807000002,0.0,0.01,0.0,0.01
11.658220999000001,0.0,0.0,0.0,0.0
11.659222142,0.0,0.01,0.0,0.01
11.660163424,0.0,0.0,0.0,0.01
11.661224648000001,0.0,0.0,0.0,0.0
11.663218645,0.0,0.01,0.0,0.0
11.664214326000002,0.0,0.01,0.04,0.0
11.665253199,0.0,0.0,0.0,0.0
11.666221785000001,0.01,0.0,0.0,0.0
11.667223327,0.0,0.01,0.0,0.0
11.668217272000001,0.0,0.0,0.0,0.0
11.669161657,0.0,0.0,0.0,0.0
11.670240954,0.0,0.0,0.01,0.01
11.671065006000001,0.0,0.0,0.0,0.02
11.672249606000001,0.0,0.0,0.0,0.0
11.673136217000001,0.0,0.0,0.0,0.0
11.674239058000001,0.0,0.01,0.0,0.0
11.676485422,0.0,0.0,0.0,0.0
11.677068026,0.0,0.0,0.01,0.0
11.678463526000002,0.0,0.0,0.0,0.0
11.679098768000001,0.0,0.01,0.0,0.0
11.680684450000001,0.0,0.01,0.0,0.0
11.681057032,0.0,0.0,0.0,0.01
11.682226624,0.0,0.0,0.0,0.0
11.683058485,0.0,0.01,0.0,0.0
11.684229952,0.0,0.01,0.0,0.0
11.685124566,0.0,0.0,0.0,0.0
11.686219648000002,0.0,0.0,0.01,0.0
11.687157318,0.0,0.01,0.0,0.0
11.688213101,0.01,0.0,0.0,0.0
11.689647839000001,0.0,0.0,0.0,0.01
11.691418834,0.0,0.0,0.01,0.01
11.692070650000002,0.0,0.0,0.0,0.01
11.693515136,0.0,0.01,0.0,0.0
11.694093112000001,0.0,0.0,0.0,0.0
11.695354694,0.0,0.0,0.0,0.0
11.696117044000001,0.03,0.0,0.01,0.0
11.697218616,0.0,0.0,0.0,0.03
11.698176717,0.0,0.01,0.0,0.0
11.699143723,0.0,0.0,0.0,0.0
11.700292788,0.01,0.0,0.01,0.0
11.701114106,0.0,0.0,0.01,0.01
11.702112404000001,0.0,0.0,0.0,0.0
11.703312027,0.01,0.0,0.0,0.0
11.704114217,0.0,0.0,0.0,0.0
11.706347095,0.01,0.0,0.0,0.0
11.707120582,0.0,0.01,0.0,0.0
11.708274885000002,0.0,0.0,0.02,0.01
11.709152551,0.0,0.0,0.01,0.0
11.710104476000001,0.0,0.0,0.01,0.0
11.711210739,0.0,0.01,0.01,0.02
11.712212328000001,0.0,0.0,0.0,0.0
11.713208658000001,0.01,0.01,0.01,0.0
11.7142098,0.0,0.0,0.0,0.0
11.715142492,0.0,0.0,0.0,0.0
11.716293818,0.0,0.0,0.0,0.0
11.717113209,0.01,0.0,0.0,0.0
11.718332359000001,0.0,0.0,0.0,0.01
11.719103564000001,0.0,0.0,0.0,0.0
11.720381121,0.0,0.0,0.0,0.0
11.722370205,0.0,0.0,0.0,0.01
11.72311078,0.0,0.01,0.0,0.0
11.72421315,0.0,0.0,0.0,0.0
11.725134611000001,0.0,0.0,0.01,0.0
11.726209516,0.0,0.0,0.0,0.0
11.727096028,0.0,0.0,0.0,0.0
11.728183278000001,0.01,0.01,0.0,0.01
11.729199714,0.01,0.0,0.0,0.0
11.730218357,0.0,0.0,0.0,0.0
11.731130539,0.0,0.0,0.0,0.0
11.732330808,0.0,0.0,0.0,0.0
11.733114606000001,0.0,0.01,0.0,0.0
11.734317751,0.0,0.0,0.01,0.0
11.736258301000001,0.0,0.0,0.0,0.0
11.737114589,0.0,0.0,0.0,0.0
11.738155255,0.01,0.0,0.0,0.0
11.739128031,0.0,0.0,0.0,0.0
11.74020956,0.0,0.0,0.0,0.0
11.741204502,0.0,0.0,0.0,0.02
11.74220736,0.0,0.0,0.0,0.0
11.743213926000001,0.0,0.0,0.0,0.01
11.744092610000001,0.0,0.0,0.0,0.0
11.745366053000001,0.0,0.01,0.0,0.0
11.746114944,0.0,0.0,0.0,0.0
11.747314393,0.01,0.0,0.0,0.0
11.748128117,0.01,0.0,0.0,0.01
11.749212811000001,0.0,0.0,0.0,0.0
11.750218214,0.0,0.0,0.0,0.01
11.751206617000001,0.0,0.0,0.0,0.0
11.753260512,0.0,0.0,0.0,0.0
11.754194281,0.0,0.0,0.01,0.01
11.755198532000001,0.0,0.01,0.0,0.0
11.756359836000001,0.0,0.0,0.01,0.0
11.757103586000001,0.0,0.0,0.0,0.0
11.758259823000001,0.0,0.0,0.0,0.0
11.759102304,0.01,0.01,0.0,0.0
11.760310097000001,0.01,0.0,0.0,0.0
11.761125940000001,0.01,0.0,0.0,0.0
11.762257338000001,0.01,0.01,0.0,0.0
11.764296579000002,0.03,0.01,0.01,0.0
11.765130286000002,0.0,0.01,0.0,0.0
11.766366792000001,0.0,0.0,0.0,0.0
11.767103913000001,0.0,0.0,0.0,0.0
11.768359299,0.0,0.0,0.0,0.0
11.769092853,0.0,0.0,0.0,0.0
11.770355985,0.0,0.0,0.0,0.0
11.771090698,0.0,0.0,0.0,0.0
11.772358115000001,0.0,0.0,0.0,0.0
11.773093776000001,0.0,0.0,0.0,0.0
11.774325547,0.0,0.0,0.0,0.0
11.775146545,0.0,0.01,0.0,0.0
11.776168492,0.0,0.0,0.01,0.0
11.777088877,0.0,0.0,0.0,0.0
11.778245645,0.0,0.0,0.0,0.0
11.780354165,0.01,0.0,0.01,0.0
11.781110961000001,0.01,0.0,0.0,0.0
11.782153636,0.0,0.0,0.0,0.0
11.783216064000001,0.0,0.0,0.01,0.0
11.784210137,0.0,0.0,0.0,0.0
11.785204046,0.0,0.0,0.0,0.03
11.786134201000001,0.0,0.0,0.0,0.0
11.787347576,0.01,0.0,0.0,0.0
11.788119969,0.0,0.0,0.0,0.01
11.789293739000001,0.0,0.01,0.01,0.0
11.790146463000001,0.0,0.0,0.0,0.01
11.791271217,0.0,0.0,0.01,0.0
11.792178825,0.0,0.0,0.01,0.01
11.793142393,0.0,0.0,0.07,0.0
11.794195121000001,0.0,0.0,0.0,0.0
11.796274351000001,0.0,0.01,0.0,0.0
11.79714227,0.0,0.0,0.0,0.0
11.798108321,0.0,0.0,0.0,0.01
11.799213621000002,0.0,0.0,0.01,0.0
11.80021007,0.0,0.0,0.0,0.0
11.801200865,0.0,0.01,0.0,0.01
11.802095811000001,0.0,0.0,0.0,0.0
11.803353736,0.01,0.0,0.0,0.0
11.804108016,0.0,0.0,0.0,0.0
11.805156682000002,0.01,0.0,0.0,0.0
11.806159141,0.0,0.01,0.01,0.0
11.807123950000001,0.01,0.0,0.01,0.0
11.808363944,0.0,0.0,0.0,0.0
11.809101681000001,0.0,0.0,0.0,0.0
11.81135042,0.0,0.0,0.0,0.0
11.812107213,0.0,0.02,0.0,0.0
11.813320957,0.0,0.0,0.01,0.0
11.814152884,0.0,0.0,0.0,0.01
11.815279446,0.01,0.0,0.0,0.01
11.816102265000001,0.01,0.01,0.0,0.0
11.817343058,0.0,0.0,0.0,0.0
11.818103840000001,0.0,0.0,0.0,0.01
11.819324406000002,0.0,0.0,0.0,0.01
11.820126959000001,0.0,0.0,0.0,0.0
11.821290515000001,0.01,0.0,0.0,0.0
11.822100094000001,0.02,0.0,0.01,0.0
11.82328724,0.0,0.0,0.0,0.0
11.824094985,0.0,0.01,0.01,0.0
11.825269277,0.0,0.0,0.0,0.0
11.826229299000001,0.0,0.0,0.0,0.0
11.828426317,0.0,0.0,0.0,0.0
11.829097528,0.0,0.0,0.0,0.0
11.830147949,0.0,0.0,0.0,0.0
11.831188358,0.0,0.0,0.0,0.0
11.832218489,0.0,0.0,0.0,0.0
11.833214909,0.01,0.01,0.0,0.0
11.834184081,0.0,0.0,0.0,0.0
11.835155282,0.01,0.0,0.0,0.0
11.836305637,0.0,0.0,0.0,0.0
11.83710899,0.0,0.01,0.0,0.0
11.838372812000001,0.01,0.01,0.01,0.01
11.840338892,0.0,0.0,0.0,0.0
11.841112181000002,0.0,0.0,0.0,0.01
11.842343891,0.0,0.0,0.0,0.01
11.843108233,0.0,0.0,0.0,0.0
11.844292533,0.0,0.01,0.0,0.0
11.845166319,0.0,0.0,0.01,0.0
11.846284802000001,0.0,0.0,0.0,0.0
11.847145104,0.0,0.01,0.0,0.01
11.848172248000001,0.0,0.0,0.01,0.02
11.849215201000002,0.01,0.0,0.0,0.01
11.850157403,0.0,0.0,0.0,0.0
11.851283525000001,0.0,0.0,0.0,0.01
11.852100354000001,0.0,0.0,0.0,0.01
11.853239829000001,0.0,0.0,0.0,0.0
11.854134132,0.0,0.01,0.0,0.0
11.856207239000002,0.0,0.0,0.0,0.0
11.857263959,0.02,0.0,0.0,0.0
11.858116731,0.0,0.01,0.0,0.0
11.859237984,0.0,0.0,0.01,0.0
11.860175878000002,0.0,0.0,0.0,0.0
11.861089232000001,0.01,0.0,0.01,0.01
11.862349980000001,0.01,0.01,0.0,0.0
11.863101358000002,0.0,0.0,0.0,0.0
11.864253843,0.0,0.0,0.0,0.0
11.865100303,0.0,0.0,0.0,0.01
11.86616294,0.0,0.0,0.0,0.0
11.868263160000001,0.0,0.01,0.0,0.0
11.869103458000001,0.01,0.01,0.01,0.0
11.870142039000001,0.0,0.0,0.0,0.0
11.871227755000001,0.0,0.01,0.0,0.0
11.872228145000001,0.0,0.0,0.0,0.0
11.873222399000001,0.0,0.01,0.0,0.0
11.874210535000001,0.0,0.0,0.0,0.0
11.875199393,0.0,0.01,0.0,0.0
11.876099778,0.01,0.0,0.0,0.0
11.877351631000002,0.0,0.01,0.0,0.0
11.878109794,0.0,0.0,0.0,0.0
11.879220198,0.0,0.0,0.01,0.01
11.880184028,0.0,0.01,0.01,0.0
11.881160712000002,0.0,0.0,0.01,0.0
11.882303576,0.0,0.01,0.0,0.0
11.883106987000001,0.01,0.0,0.0,0.0
11.884288761,0.0,0.0,0.0,0.0
11.886280422,0.0,0.0,0.0,0.01
11.887137937,0.0,0.0,0.0,0.0
11.888112260000002,0.01,0.0,0.0,0.0
11.889343514,0.0,0.0,0.0,0.0
11.890116097,0.0,0.01,0.0,0.0
11.891340233000001,0.0,0.0,0.0,0.0
11.892103484000002,0.0,0.0,0.0,0.0
11.893328461000001,0.0,0.0,0.01,0.0
11.894106213,0.0,0.01,0.0,0.0
11.89525206,0.0,0.01,0.01,0.0
11.896140237000001,0.0,0.0,0.01,0.0
11.89712735,0.01,0.04,0.01,0.0
11.898192411,0.0,0.0,0.0,0.0
11.899178903000001,0.0,0.0,0.0,0.01
11.900235259,0.0,0.0,0.0,0.0
11.901231099,0.01,0.0,0.0,0.0
11.903349323,0.0,0.0,0.0,0.0
11.904113177000001,0.0,0.0,0.01,0.0
11.905165245000001,0.0,0.0,0.0,0.0
11.906143484000001,0.0,0.0,0.0,0.0
11.907095345,0.0,0.0,0.0,0.0
11.908206886,0.0,0.02,0.0,0.0
11.909206731000001,0.01,0.0,0.01,0.0
11.910170739000002,0.0,0.0,0.0,0.01
11.911207784,0.0,0.0,0.0,0.0
11.912131813,0.0,0.0,0.0,0.0
11.913310277,0.01,0.01,0.0,0.0
11.914115164,0.0,0.01,0.0,0.0
11.915371535,0.0,0.0,0.0,0.01
11.917301166000001,0.0,0.0,0.01,0.0
11.918138489,0.0,0.0,0.0,0.0
11.919317757,0.0,0.0,0.0,0.0
11.920114034000001,0.0,0.0,0.0,0.0
11.921174811,0.0,0.0,0.01,0.0
11.922106618,0.0,0.0,0.0,0.0
11.923169184,0.0,0.0,0.0,0.0
11.924251268,0.0,0.0,0.0,0.0
11.925172916000001,0.0,0.0,0.0,0.01
11.926162172000002,0.0,0.0,0.01,0.0
11.927117378,0.0,0.0,0.0,0.0
11.928253044,0.0,0.01,0.01,0.0
11.929099543000001,0.0,0.01,0.0,0.0
11.931353445000001,0.0,0.0,0.0,0.01
11.932102381,0.0,0.0,0.0,0.0
11.933214226,0.01,0.01,0.0,0.0
11.934092546,0.01,0.0,0.0,0.01
11.935225342,0.0,0.0,0.01,0.01
11.936091482,0.01,0.0,0.0,0.0
11.937202021000001,0.0,0.0,0.01,0.0
11.938217774,0.0,0.0,0.0,0.0
11.93920383,0.01,0.0,0.0,0.0
11.940167284000001,0.0,0.0,0.0,0.0
11.941293194,0.0,0.0,0.01,0.0
11.942110756,0.0,0.0,0.0,0.0
11.943383999,0.0,0.0,0.0,0.0
11.945382176,0.0,0.0,0.0,0.0
11.946109976,0.0,0.01,0.01,0.0
11.947352956000001,0.0,0.0,0.0,0.0
11.948102403,0.01,0.0,0.0,0.0
11.949279622,0.0,0.01,0.0,0.0
11.950131837,0.0,0.0,0.0,0.0
11.951357345,0.0,0.0,0.0,0.0
11.952131493000001,0.0,0.0,0.0,0.0
11.953352257,0.01,0.0,0.01,0.0
11.954112276,0.0,0.0,0.0,0.01
11.955292895000001,0.0,0.0,0.0,0.0
11.956163368,0.0,0.0,0.0,0.0
11.957317068,0.0,0.01,0.0,0.0
11.958152361000002,0.01,0.0,0.0,0.0
11.95939568,0.0,0.0,0.0,0.0
11.961380875000001,0.0,0.0,0.01,0.0
11.962096721,0.0,0.0,0.05,0.0
11.963358369000002,0.01,0.01,0.01,0.0
11.964093991,0.0,0.0,0.0,0.01
11.965327886,0.0,0.01,0.0,0.0
11.966128397,0.0,0.0,0.0,0.0
11.967371389,0.0,0.0,0.0,0.0
11.968113914,0.0,0.0,0.01,0.0
11.969383630000001,0.0,0.0,0.0,0.0
11.970090595,0.0,0.0,0.0,0.0
11.971301472,0.0,0.0,0.0,0.0
11.972160935000002,0.01,0.01,0.0,0.0
11.973278948,0.0,0.0,0.0,0.0
11.975321355,0.0,0.0,0.0,0.0
11.976093994000001,0.0,0.0,0.01,0.0
11.977399157,0.01,0.01,0.0,0.0
11.978089975000001,0.0,0.0,0.01,0.01
11.979340177000001,0.0,0.0,0.0,0.01
11.980093091,0.01,0.0,0.01,0.01
11.981286875,0.0,0.0,0.0,0.0
11.982167079,0.01,0.0,0.0,0.0
11.983235228000002,0.0,0.0,0.0,0.0
11.984138631,0.0,0.0,0.0,0.0
11.985292579000001,0.01,0.0,0.0,0.0
11.986168220000001,0.0,0.0,0.0,0.0
11.987139705,0.01,0.0,0.0,0.0
11.988157153000001,0.0,0.0,0.0,0.0
11.990262179,0.0,0.02,0.01,0.0
11.991101312000001,0.0,0.0,0.02,0.01
11.992185557,0.0,0.0,0.01,0.01
11.993232973000001,0.0,0.0,0.0,0.0
11.994160232,0.0,0.0,0.01,0.0
11.995209761,0.0,0.01,0.0,0.0
11.996134628,0.01,0.0,0.0,0.0
11.997135241,0.0,0.02,0.0,0.01
11.998137127000001,0.0,0.0,0.0,0.0
11.999250554000001,0.0,0.01,0.0,0.0
12.000104572000001,0.0,0.01,0.0,0.0
12.001157603000001,0.0,0.0,0.0,0.0
12.002160270000001,0.0,0.0,0.0,0.0
12.003162471000001,0.0,0.0,0.0,0.0
12.004206798,0.01,0.0,0.0,0.0
12.006402396,0.0,0.0,0.0,0.0
12.007111713,0.0,0.01,0.0,0.0
12.00834659,0.0,0.01,0.0,0.0
12.009106962,0.0,0.02,0.0,0.0
12.010209959,0.0,0.0,0.0,0.0
12.011089251000001,0.0,0.0,0.0,0.0
12.012261107,0.0,0.0,0.0,0.0
12.013137818,0.0,0.0,0.0,0.0
12.014354567000002,0.0,0.01,0.0,0.0
12.015099568,0.0,0.0,0.0,0.0
12.016353396000001,0.0,0.0,0.0,0.0
12.017099172,0.01,0.01,0.01,0.01
12.018314974,0.0,0.0,0.0,0.0
12.019100142000001,0.0,0.0,0.0,0.0
12.021366639,0.0,0.0,0.0,0.0
12.022111309000001,0.0,0.0,0.0,0.01
12.023320363000002,0.0,0.0,0.0,0.0
12.024110509000002,0.0,0.01,0.01,0.0
12.025220336,0.0,0.0,0.0,0.01
12.026248805000002,0.01,0.0,0.04,0.0
12.027199024000002,0.0,0.01,0.0,0.0
12.028228939,0.01,0.01,0.0,0.0
12.029196207,0.0,0.0,0.0,0.01
12.030121892,0.0,0.0,0.0,0.0
12.031282105,0.01,0.01,0.0,0.0
12.032177243000001,0.0,0.0,0.0,0.0
12.033163065,0.0,0.03,0.0,0.0
12.034397258,0.0,0.0,0.0,0.0
12.036324574,0.0,0.0,0.0,0.0
12.037117561,0.01,0.0,0.0,0.0
12.038460067,0.0,0.0,0.0,0.0
12.039106301,0.0,0.01,0.0,0.01
12.040280779000001,0.0,0.0,0.0,0.0
12.041103719,0.0,0.01,0.0,0.0
12.042357304000001,0.0,0.01,0.01,0.0
12.043101671,0.0,0.01,0.0,0.0
12.044277054,0.0,0.0,0.0,0.0
12.045099906,0.0,0.0,0.0,0.0
12.046293771,0.0,0.0,0.0,0.0
12.047092657,0.0,0.0,0.01,0.0
12.048280071,0.0,0.0,0.01,0.0
12.049151299,0.0,0.0,0.0,0.0
12.051422125,0.0,0.0,0.0,0.0
12.052109857000001,0.0,0.01,0.0,0.0
12.053282308,0.01,0.0,0.01,0.0
12.054175616,0.0,0.0,0.0,0.0
12.055370069,0.0,0.0,0.0,0.0
12.056096736,0.0,0.0,0.0,0.0
12.057361570000001,0.0,0.01,0.02,0.0
12.058092246000001,0.0,0.0,0.0,0.0
12.059326835,0.0,0.01,0.0,0.0
12.060090765,0.0,0.0,0.0,0.0
12.061301887,0.0,0.01,0.01,0.0
12.062089286,0.01,0.0,0.0,0.0
12.063317916,0.0,0.0,0.02,0.01
12.064143814000001,0.0,0.0,0.0,0.0
12.065372282,0.0,0.0,0.0,0.0
12.067266802,0.0,0.0,0.01,0.0
12.068162146,0.0,0.0,0.0,0.0
12.069159992000001,0.0,0.0,0.0,0.0
12.070231848,0.0,0.0,0.0,0.0
12.071121259,0.0,0.0,0.0,0.0
12.072348911,0.01,0.0,0.0,0.0
12.073101517000001,0.0,0.0,0.0,0.0
12.074364104,0.0,0.0,0.0,0.0
12.075096016000002,0.01,0.0,0.0,0.01
12.076160539,0.0,0.0,0.0,0.0
12.077147462000001,0.0,0.0,0.01,0.01
12.078165609000001,0.0,0.0,0.0,0.01
12.079378771,0.0,0.0,0.0,0.0
12.080096667000001,0.0,0.0,0.0,0.0
12.081279196,0.01,0.0,0.0,0.01
12.083355477000001,0.0,0.0,0.0,0.0
12.084098701,0.0,0.0,0.0,0.0
12.085364455,0.0,0.0,0.0,0.0
12.086104774,0.0,0.0,0.0,0.01
12.08733319,0.0,0.0,0.0,0.01
12.088099837000001,0.01,0.0,0.0,0.0
12.089228606,0.01,0.0,0.02,0.0
12.090162423,0.01,0.0,0.01,0.0
12.091157474000001,0.03,0.0,0.01,0.0
12.092147732,0.0,0.0,0.0,0.0
12.093337067,0.0,0.03,0.01,0.01
12.094101244,0.0,0.0,0.01,0.0
12.095387295,0.0,0.0,0.0,0.01
12.097354748,0.0,0.01,0.0,0.0
12.098099716,0.0,0.01,0.01,0.0
12.09935358,0.0,0.0,0.0,0.0
12.100100863000002,0.0,0.02,0.0,0.0
12.101322499,0.0,0.01,0.0,0.0
12.102137408,0.0,0.0,0.0,0.0
12.103124942,0.0,0.0,0.0,0.0
12.104162011000001,0.0,0.01,0.0,0.0
12.105211062,0.0,0.01,0.0,0.0
12.106161058000001,0.0,0.01,0.0,0.0
12.107403984000001,0.0,0.0,0.0,0.0
12.108097383,0.01,0.01,0.0,0.01
12.10939371,0.0,0.0,0.0,0.0
12.111284051,0.01,0.0,0.0,0.0
12.112102567,0.0,0.0,0.0,0.0
12.113215534,0.0,0.02,0.0,0.0
12.114176526000001,0.0,0.01,0.0,0.01
12.115219356,0.0,0.01,0.0,0.0
12.116216045000002,0.0,0.0,0.0,0.0
12.117212602,0.01,0.0,0.0,0.01
12.118125832,0.0,0.0,0.0,0.01
12.119293999,0.0,0.01,0.0,0.01
12.120102452000001,0.0,0.0,0.0,0.0
12.121292428,0.0,0.0,0.0,0.0
12.122143405000001,0.0,0.0,0.04,0.01
12.123303744000001,0.0,0.0,0.02,0.0
12.125354557000001,0.0,0.0,0.0,0.0
12.126111379000001,0.0,0.0,0.0,0.0
12.127368044,0.0,0.0,0.0,0.0
12.1281054,0.0,0.01,0.0,0.0
12.129308273000001,0.0,0.0,0.0,0.0
12.130103436,0.0,0.0,0.0,0.0
12.131295055,0.0,0.0,0.0,0.0
12.132142559,0.0,0.0,0.0,0.0
12.133134270000001,0.0,0.0,0.01,0.01
12.134219052,0.01,0.0,0.0,0.0
12.135128787000001,0.0,0.0,0.0,0.0
12.136300176,0.01,0.01,0.01,0.0
12.137103074,0.0,0.0,0.01,0.0
12.138292472000002,0.0,0.0,0.0,0.0
12.139094364,0.0,0.0,0.0,0.01
12.140332373000001,0.0,0.0,0.0,0.01
12.142336811000002,0.0,0.0,0.0,0.0
12.143131742000001,0.0,0.0,0.0,0.0
12.144219972,0.0,0.0,0.0,0.01
12.145114582000001,0.0,0.01,0.0,0.01
12.146212783000001,0.0,0.0,0.0,0.0
12.147214778,0.01,0.0,0.01,0.0
12.148215053000001,0.0,0.0,0.01,0.0
12.149210297000002,0.0,0.01,0.0,0.0
12.150165293,0.02,0.0,0.01,0.0
12.151154633,0.0,0.0,0.0,0.01
12.152144552000001,0.0,0.0,0.0,0.0
12.153305560000002,0.0,0.0,0.0,0.05
12.154106350000001,0.0,0.0,0.0,0.0
12.156371502,0.0,0.0,0.0,0.0
12.157115092000002,0.0,0.0,0.0,0.0
12.15820487,0.01,0.0,0.0,0.01
12.159209507,0.0,0.0,0.01,0.0
12.160133344,0.0,0.0,0.0,0.0
12.161316262000001,0.0,0.0,0.0,0.0
12.162115808000001,0.01,0.01,0.0,0.0
12.163354295000001,0.01,0.0,0.0,0.0
12.164109496,0.0,0.0,0.0,0.0
12.165318277,0.0,0.0,0.01,0.0
12.166106114000002,0.0,0.01,0.01,0.0
12.1673635,0.0,0.0,0.0,0.0
12.168106307,0.0,0.05,0.0,0.01
12.169283437,0.0,0.05,0.0,0.0
12.170160476000001,0.02,0.05,0.0,0.01
12.172255508000001,0.0,0.05,0.0,0.0
12.173135250000001,0.0,0.04,0.0,0.0
12.174321780000001,0.0,0.01,0.0,0.0
12.175096754,0.0,0.04,0.0,0.0
12.176331387000001,0.0,0.0,0.0,0.0
12.177120689,0.0,0.04,0.0,0.0
12.178358567,0.0,0.0,0.0,0.0
12.179092842000001,0.0,0.0,0.0,0.01
12.180429992,0.0,0.01,0.0,0.0
12.181087233000001,0.0,0.01,0.0,0.0
12.182290797,0.0,0.0,0.0,0.0
12.183087775,0.0,0.0,0.0,0.01
12.184331162000001,0.0,0.0,0.0,0.01
12.186286364,0.0,0.0,0.01,0.0
12.187152524,0.0,0.01,0.0,0.0
12.188236675,0.0,0.0,0.01,0.0
12.189170804000002,0.01,0.0,0.0,0.02
12.190192338000001,0.01,0.0,0.0,0.0
12.191157513,0.0,0.0,0.01,0.0
12.192094540000001,0.0,0.0,0.0,0.01
12.193157535000001,0.0,0.0,0.01,0.0
12.194122341,0.0,0.0,0.0,0.0
12.195284387000001,0.0,0.0,0.01,0.0
12.196133471000001,0.0,0.0,0.0,0.0
12.197170016000001,0.0,0.01,0.0,0.0
12.198169369,0.0,0.01,0.0,0.0
12.200345657000002,0.0,0.0,0.0,0.0
12.201109034,0.0,0.01,0.0,0.0
12.202211418000001,0.0,0.02,0.0,0.0
12.20320817,0.0,0.0,0.0,0.0
12.204211675000002,0.01,0.0,0.0,0.01
12.205128615000001,0.0,0.0,0.0,0.0
12.206409316,0.0,0.0,0.0,0.0
12.207106063000001,0.0,0.0,0.0,0.01
12.208343089000001,0.0,0.0,0.0,0.0
12.209131993000002,0.0,0.0,0.0,0.01
12.210415041000001,0.0,0.0,0.0,0.0
12.21110063,0.0,0.0,0.01,0.01
12.212270743000001,0.0,0.0,0.01,0.0
12.213170546,0.0,0.0,0.0,0.0
12.21440372,0.01,0.01,0.0,0.0
12.21637096,0.0,0.01,0.0,0.0
12.217096956,0.0,0.01,0.0,0.0
12.218347587,0.0,0.0,0.01,0.0
12.219101181000001,0.0,0.0,0.01,0.0
12.220258091000002,0.0,0.0,0.0,0.0
12.221171612000001,0.0,0.0,0.01,0.01
12.222383520000001,0.01,0.0,0.0,0.0
12.223095586000001,0.0,0.01,0.0,0.0
12.224370234,0.0,0.0,0.0,0.0
12.225090450000001,0.0,0.0,0.01,0.0
12.226264166,0.0,0.01,0.0,0.0
12.227089637,0.0,0.01,0.0,0.0
12.228297759,0.0,0.06,0.0,0.0
12.229128056,0.0,0.02,0.0,0.0
12.230337248000001,0.0,0.01,0.0,0.0
12.232355919000002,0.0,0.02,0.0,0.0
12.233125240000001,0.0,0.01,0.0,0.0
12.234397312,0.0,0.01,0.0,0.0
12.235090026,0.0,0.02,0.0,0.0
12.236342051000001,0.0,0.02,0.0,0.0
12.237086221,0.0,0.02,0.0,0.0
12.238301797,0.0,0.01,0.01,0.0
12.239088453,0.0,0.01,0.0,0.0
12.240326743,0.0,0.01,0.0,0.01
12.241152626000002,0.01,0.01,0.02,0.0
12.242161443,0.0,0.01,0.0,0.0
12.243166655000001,0.01,0.01,0.0,0.0
12.244131995,0.0,0.01,0.0,0.0
12.245155581,0.0,0.0,0.0,0.0
12.246383526,0.0,0.0,0.0,0.0
12.248361358,0.0,0.0,0.0,0.0
12.249097027000001,0.0,0.0,0.0,0.0
12.250356386,0.0,0.0,0.0,0.0
12.251097078,0.0,0.01,0.0,0.01
12.252301815000001,0.0,0.0,0.0,0.0
12.253151346000001,0.0,0.0,0.0,0.0
12.254377513000001,0.01,0.0,0.0,0.0
12.255094861,0.0,0.0,0.0,0.0
12.256306397000001,0.01,0.0,0.01,0.0
12.257134609000001,0.0,0.0,0.0,0.0
12.258277572,0.0,0.0,0.0,0.0
12.259171846000001,0.0,0.0,0.0,0.01
12.260341803000001,0.0,0.0,0.01,0.0
12.26225973,0.0,0.0,0.0,0.0
12.263132334000002,0.0,0.0,0.02,0.0
12.264348685000002,0.0,0.0,0.0,0.01
12.265092064000001,0.0,0.02,0.0,0.0
12.266356464000001,0.0,0.0,0.0,0.01
12.267094973,0.0,0.0,0.0,0.01
12.268195636000002,0.0,0.0,0.0,0.0
12.269133891000001,0.0,0.01,0.0,0.0
12.270161764000001,0.0,0.0,0.01,0.0
12.271158217,0.0,0.01,0.0,0.0
12.272153806,0.0,0.0,0.0,0.0
12.273295185,0.01,0.0,0.0,0.0
12.274103979000001,0.0,0.0,0.0,0.0
12.275232439000002,0.0,0.0,0.0,0.0
12.277369758,0.0,0.09,0.0,0.01
12.278113620000001,0.0,0.1,0.0,0.0
12.279211747000002,0.0,0.1,0.0,0.0
12.280207887000001,0.0,0.1,0.0,0.0
12.281156173000001,0.01,0.09,0.0,0.01
12.282348617,0.0,0.09,0.01,0.0
12.283102664000001,0.0,0.09,0.01,0.0
12.284348170000001,0.0,0.09,0.0,0.01
12.285099389,0.0,0.09,0.0,0.0
12.286406942000001,0.0,0.1,0.0,0.0
12.287096264,0.01,0.1,0.0,0.0
12.28828739,0.0,0.1,0.0,0.01
12.289146282,0.0,0.09,0.0,0.01
12.29013783,0.0,0.1,0.0,0.0
12.291373764000001,0.0,0.14,0.01,0.01
12.293266108000001,0.0,0.15,0.0,0.0
12.294090058,0.0,0.15,0.0,0.0
12.295335298000001,0.0,0.09,0.0,0.0
12.296097256000001,0.0,0.15,0.01,0.0
12.29722869,0.0,0.11,0.0,0.0
12.298232107,0.0,0.11,0.01,0.0
12.299226752000001,0.0,0.11,0.0,0.0
12.300129441000001,0.01,0.11,0.01,0.0
12.301416202,0.01,0.11,0.0,0.0
12.302105068000001,0.0,0.11,0.0,0.0
12.303346533000001,0.0,0.1,0.0,0.01
12.304099903000001,0.0,0.15,0.0,0.0
12.305317744,0.0,0.16,0.0,0.0
12.307368452,0.0,0.15,0.0,0.0
12.308096198000001,0.0,0.16,0.0,0.0
12.309363994,0.0,0.16,0.0,0.0
12.310096423000001,0.01,0.15,0.0,0.0
12.311344813000002,0.0,0.16,0.0,0.0
12.312101108,0.0,0.15,0.0,0.0
12.313357794000002,0.0,0.15,0.0,0.0
12.314097036000001,0.0,0.16,0.0,0.0
12.315310481000001,0.0,0.16,0.0,0.0
12.316164491,0.0,0.17,0.0,0.0
12.317279260000001,0.0,0.16,0.01,0.01
12.318163158,0.0,0.16,0.0,0.0
12.319272513000001,0.0,0.16,0.0,0.01
12.320280038,0.0,0.16,0.0,0.0
12.322360363000001,0.0,0.15,0.0,0.02
12.323096424000001,0.0,0.16,0.0,0.01
12.324345822000002,0.0,0.15,0.0,0.0
12.325095618,0.01,0.16,0.0,0.0
12.326363873,0.01,0.12,0.01,0.0
12.32709636,0.0,0.14,0.0,0.0
12.328338318,0.0,0.15,0.0,0.0
12.329163164,0.0,0.14,0.01,0.0
12.330311239,0.0,0.15,0.0,0.01
12.331164881000001,0.0,0.15,0.01,0.0
12.332239694,0.0,0.14,0.0,0.0
12.333136753000002,0.0,0.14,0.0,0.0
12.334302598,0.0,0.14,0.01,0.01
12.335184792000002,0.0,0.14,0.0,0.0
12.336390338000001,0.01,0.14,0.0,0.0
12.338377592,0.0,0.12,0.0,0.0
12.339093407,0.0,0.13,0.01,0.01
12.340357804,0.0,0.14,0.0,0.01
12.341091789,0.0,0.14,0.0,0.0
12.342380035000001,0.01,0.14,0.0,0.0
12.343091705,0.0,0.14,0.0,0.0
12.344361765,0.0,0.15,0.0,0.0
12.345110102000001,0.0,0.16,0.0,0.0
12.346289169,0.0,0.16,0.0,0.0
12.347089160000001,0.0,0.16,0.0,0.0
12.348307276,0.01,0.17,0.0,0.0
12.349196306000001,0.0,0.15,0.0,0.03
12.350289781,0.0,0.16,0.0,0.02
12.352345291,0.0,0.16,0.01,0.0
12.353114454,0.0,0.17,0.0,0.01
12.354235417,0.0,0.18,0.01,0.0
12.355239615,0.0,0.16,0.0,0.0
12.356322588000001,0.01,0.11,0.0,0.01
12.357193984,0.0,0.08,0.0,0.0
12.358244744,0.01,0.09,0.01,0.0
12.3592685,0.01,0.15,0.0,0.0
12.360088633,0.0,0.15,0.01,0.0
12.361235549000002,0.0,0.14,0.0,0.0
12.362118607000001,0.0,0.15,0.01,0.0
12.363303411,0.0,0.15,0.0,0.01
12.364139169000001,0.0,0.14,0.0,0.0
12.365286561000001,0.0,0.16,0.0,0.0
12.367376493,0.0,0.16,0.01,0.01
12.368094976,0.0,0.17,0.0,0.0
12.369373280000001,0.0,0.16,0.01,0.01
12.370088962,0.0,0.17,0.01,0.0
12.371322293,0.0,0.16,0.01,0.0
12.372156322,0.0,0.16,0.0,0.0
12.373416817,0.0,0.15,0.01,0.0
12.374090083,0.0,0.16,0.0,0.0
12.375427477,0.0,0.16,0.0,0.0
12.376094442000001,0.0,0.17,0.0,0.0
12.377288932,0.0,0.17,0.0,0.01
12.378162193000001,0.0,0.17,0.0,0.0
12.379305576,0.0,0.17,0.0,0.0
12.380160006,0.0,0.15,0.0,0.0
12.381345144,0.0,0.15,0.0,0.0
12.383253697,0.01,0.15,0.01,0.0
12.384242753,0.01,0.15,0.01,0.0
12.385237083000002,0.0,0.16,0.0,0.01
12.386223370000002,0.0,0.16,0.01,0.02
12.387352913,0.0,0.16,0.01,0.0
12.388092142000001,0.01,0.16,0.01,0.0
12.389365391,0.0,0.16,0.0,0.0
12.390091092,0.0,0.16,0.01,0.0
12.391278947,0.01,0.19,0.0,0.0
12.392118829000001,0.0,0.17,0.0,0.02
12.393274526,0.0,0.17,0.0,0.0
12.394109964,0.0,0.16,0.0,0.0
12.395254970000002,0.0,0.16,0.01,0.0
12.397345301000001,0.01,0.17,0.0,0.01
12.398124644000001,0.0,0.17,0.0,0.0
12.399376619000002,0.0,0.17,0.03,0.0
12.400090076000001,0.01,0.17,0.0,0.0
12.401366138,0.01,0.17,0.01,0.0
12.402091915000002,0.0,0.17,0.0,0.0
12.403382078,0.0,0.17,0.0,0.0
12.40409664,0.0,0.17,0.01,0.0
12.405375717,0.0,0.17,0.01,0.0
12.406118876,0.0,0.17,0.0,0.0
12.407293888000002,0.0,0.17,0.0,0.0
12.408096120000002,0.01,0.17,0.0,0.01
12.410348803000002,0.01,0.16,0.0,0.01
12.411097776,0.0,0.17,0.0,0.0
12.412260429000002,0.0,0.17,0.0,0.0
12.413130999000002,0.0,0.17,0.01,0.0
12.414168318000002,0.0,0.17,0.0,0.0
12.415237059,0.0,0.17,0.0,0.0
12.416235842,0.0,0.17,0.0,0.0
12.417243294,0.0,0.16,0.0,0.0
12.418162489,0.0,0.16,0.0,0.0
12.419083861,0.01,0.16,0.0,0.0
12.420381521000001,0.0,0.17,0.0,0.0
12.421095019000001,0.0,0.17,0.0,0.0
12.422162528000001,0.0,0.17,0.0,0.01
12.423152972,0.01,0.17,0.0,0.0
12.424319287000001,0.0,0.17,0.0,0.0
12.425094915,0.0,0.17,0.01,0.0
12.426256814,0.0,0.17,0.0,0.0
12.428364807000001,0.0,0.19,0.01,0.0
12.429100214,0.01,0.19,0.0,0.0
12.430364281000001,0.0,0.19,0.0,0.0
12.431125019000001,0.0,0.2,0.0,0.01
12.432374369000001,0.01,0.2,0.0,0.0
12.433099541,0.01,0.2,0.0,0.0
12.434364645,0.02,0.19,0.0,0.0
12.435096797,0.03,0.2,0.0,0.0
12.436315727,0.0,0.2,0.0,0.0
12.437093421,0.0,0.2,0.0,0.0
12.438302256,0.01,0.2,0.0,0.01
12.439138939000001,0.0,0.2,0.0,0.0
12.440390643,0.0,0.2,0.0,0.0
12.442338066000001,0.0,0.2,0.01,0.0
12.443098428,0.0,0.2,0.0,0.0
12.444157918,0.0,0.16,0.0,0.0
12.445227862000001,0.0,0.18,0.0,0.0
12.446163037000002,0.0,0.2,0.0,0.0
12.447376945,0.01,0.2,0.01,0.0
12.448099337,0.01,0.19,0.0,0.0
12.449357153000001,0.0,0.2,0.0,0.0
12.450093445,0.02,0.19,0.01,0.01
12.451477143,0.0,0.19,0.0,0.0
12.452100039000001,0.0,0.2,0.0,0.01
12.453287281000001,0.0,0.19,0.0,0.0
12.4541822,0.0,0.2,0.0,0.0
12.455280367,0.0,0.19,0.0,0.0
12.457372545,0.0,0.2,0.0,0.0
12.458089666000001,0.0,0.19,0.0,0.01
12.459376922,0.0,0.19,0.01,0.0
12.460086078000002,0.01,0.2,0.0,0.0
12.461519834,0.0,0.2,0.0,0.0
12.462085476,0.0,0.2,0.0,0.01
12.463355033000001,0.0,0.19,0.0,0.0
12.464082232,0.0,0.19,0.0,0.0
12.465369967,0.0,0.2,0.0,0.0
12.466086393000001,0.01,0.2,0.01,0.0
12.467200254000002,0.0,0.2,0.0,0.0
12.468170437000001,0.0,0.19,0.0,0.0
12.469243276,0.0,0.2,0.01,0.0
12.470247401,0.0,0.16,0.0,0.0
12.471238580000001,0.0,0.2,0.01,0.01
12.473286649,0.0,0.19,0.0,0.0
12.474104946,0.0,0.2,0.01,0.0
12.475234529000002,0.0,0.2,0.0,0.0
12.476192411000001,0.01,0.2,0.01,0.0
12.477126943,0.0,0.2,0.0,0.0
12.478220461000001,0.0,0.2,0.0,0.0
12.479126184,0.0,0.19,0.0,0.0
12.480282954000002,0.0,0.2,0.02,0.0
12.481099472,0.0,0.2,0.0,0.01
12.482259926000001,0.0,0.21,0.0,0.0
12.483157216,0.0,0.2,0.0,0.0
12.484155122,0.0,0.19,0.0,0.0
12.485431894000001,0.0,0.19,0.0,0.0
12.487351906,0.0,0.2,0.0,0.0
12.488102909,0.0,0.2,0.0,0.0
12.489354682,0.01,0.19,0.0,0.0
12.490097555,0.0,0.19,0.0,0.0
12.491289151,0.0,0.2,0.0,0.0
12.492165445000001,0.0,0.2,0.0,0.0
12.493359953,0.0,0.2,0.0,0.0
12.494099504000001,0.0,0.2,0.0,0.0
12.495354871,0.0,0.21,0.0,0.0
12.496093448000002,0.01,0.2,0.0,0.0
12.497281336,0.0,0.2,0.0,0.0
12.498153740000001,0.0,0.2,0.0,0.0
12.499155474,0.0,0.21,0.0,0.01
12.500238340000001,0.0,0.2,0.0,0.0
12.501247387000001,0.0,0.2,0.01,0.0
12.503422226000001,0.0,0.2,0.01,0.0
12.504094972,0.0,0.2,0.0,0.0
12.505278301,0.0,0.2,0.0,0.0
12.506115741,0.0,0.2,0.0,0.0
12.507170519,0.0,0.21,0.0,0.0
12.508148352000001,0.01,0.21,0.0,0.0
12.509218294,0.0,0.2,0.0,0.0
12.51012255,0.0,0.2,0.01,0.0
12.51125958,0.01,0.2,0.0,0.0
12.512099217000001,0.0,0.2,0.01,0.0
12.513307887000002,0.0,0.19,0.0,0.0
12.514163640000001,0.0,0.2,0.01,0.0
12.515164075000001,0.0,0.2,0.0,0.0
12.516238851,0.0,0.2,0.01,0.0
12.518369320000001,0.0,0.2,0.0,0.0
12.519104381,0.02,0.23,0.0,0.0
12.52036331,0.0,0.2,0.0,0.0
12.521093889000001,0.0,0.21,0.0,0.0
12.522310195000001,0.01,0.2,0.0,0.01
12.523093864000002,0.0,0.19,0.01,0.0
12.524373836,0.01,0.21,0.0,0.0
12.525096532000001,0.0,0.21,0.01,0.0
12.526177414000001,0.0,0.2,0.0,0.0
12.527170402000001,0.0,0.2,0.0,0.01
12.528280343,0.0,0.2,0.0,0.0
12.529164572,0.0,0.2,0.01,0.0
12.530231497,0.0,0.2,0.0,0.0
12.531205215,0.0,0.19,0.0,0.0
12.532229515000001,0.0,0.21,0.0,0.0
12.534364466000001,0.0,0.2,0.0,0.0
12.535098397,0.0,0.19,0.0,0.0
12.536344450000001,0.0,0.19,0.0,0.0
12.537104133000001,0.0,0.19,0.0,0.0
12.538096494000001,0.0,0.2,0.0,0.0
12.53922601,0.0,0.2,0.0,0.0
12.540221220000001,0.0,0.19,0.01,0.0
12.541164662,0.0,0.2,0.0,0.0
12.542186899,0.01,0.19,0.01,0.0
12.543154659,0.0,0.19,0.0,0.0
12.544235391,0.0,0.19,0.0,0.0
12.54518393,0.0,0.2,0.0,0.0
12.546248135,0.0,0.2,0.0,0.0
12.548356076000001,0.01,0.21,0.0,0.0
12.549103055000002,0.01,0.2,0.01,0.0
12.550354035000002,0.0,0.21,0.0,0.0
12.551096459,0.0,0.19,0.0,0.0
12.552366131000001,0.0,0.2,0.01,0.0
12.553093931000001,0.0,0.2,0.0,0.0
12.554225592000002,0.0,0.21,0.01,0.0
12.555134224000001,0.0,0.2,0.0,0.01
12.556157293,0.0,0.2,0.0,0.0
12.557153933,0.02,0.2,0.0,0.02
12.558294877000002,0.0,0.2,0.0,0.01
12.55912653,0.0,0.21,0.0,0.0
12.560371738,0.0,0.2,0.0,0.01
12.562374024,0.0,0.2,0.01,0.0
12.563099157,0.0,0.2,0.0,0.0
12.564349528000001,0.0,0.2,0.01,0.0
12.565097824,0.0,0.2,0.0,0.0
12.566254243000001,0.0,0.19,0.0,0.0
12.567204542,0.0,0.2,0.0,0.01
12.568364461000002,0.0,0.2,0.01,0.0
12.569089603,0.0,0.2,0.0,0.0
12.570368235,0.01,0.2,0.0,0.0
12.571087686,0.0,0.18,0.0,0.0
12.572311383,0.0,0.14,0.0,0.0
12.573167868,0.0,0.2,0.0,0.01
12.574166863,0.0,0.2,0.0,0.0
12.575387449,0.0,0.0,0.0,0.0
12.577365029000001,0.0,0.0,0.0,0.0
12.578093996000002,0.0,0.02,0.0,0.0
12.579371027,0.01,0.01,0.0,0.0
12.580088334000001,0.0,0.0,0.0,0.0
12.581363269,0.0,0.0,0.0,0.0
12.582112225000001,0.0,0.2,0.0,0.0
12.583365897,0.0,0.18,0.01,0.0
12.584086947000001,0.0,0.21,0.0,0.0
12.585355766000001,0.0,0.21,0.0,0.0
12.586116734,0.0,0.2,0.0,0.01
12.587266335,0.0,0.2,0.0,0.01
12.588134089,0.01,0.19,0.0,0.0
12.589305168000001,0.0,0.19,0.0,0.01
12.590171519,0.0,0.18,0.0,0.0
12.591154794000001,0.0,0.23,0.01,0.01
12.59337921,0.01,0.19,0.0,0.0
12.594093214,0.01,0.19,0.02,0.0
12.59513137,0.0,0.19,0.01,0.0
12.596221387,0.0,0.18,0.0,0.0
12.597119817000001,0.0,0.2,0.0,0.01
12.598250546000001,0.0,0.17,0.0,0.01
12.599145358000001,0.0,0.2,0.0,0.0
12.600232643,0.0,0.2,0.0,0.0
12.601188654000001,0.0,0.2,0.0,0.0
12.602278544,0.0,0.19,0.0,0.0
12.60316833,0.0,0.2,0.0,0.01
12.604299653,0.0,0.19,0.0,0.0
12.605176654000001,0.0,0.2,0.01,0.0
12.606451988000002,0.01,0.2,0.0,0.01
12.608356958000002,0.01,0.18,0.0,0.0
12.609096547,0.0,0.18,0.0,0.0
12.610354173000001,0.0,0.19,0.0,0.01
12.611100623,0.0,0.18,0.0,0.0
12.612360776000001,0.0,0.18,0.0,0.01
12.613093291,0.0,0.17,0.0,0.0
12.614351003000001,0.0,0.17,0.0,0.0
12.615100607,0.0,0.18,0.0,0.01
12.616375893,0.0,0.19,0.0,0.01
12.617090437000002,0.0,0.18,0.0,0.02
12.618297306,0.0,0.18,0.0,0.0
12.619084438000002,0.02,0.18,0.0,0.0
12.620388079000001,0.0,0.2,0.0,0.0
12.622362313,0.03,0.19,0.0,0.0
12.623123928,0.0,0.21,0.0,0.01
12.62419854,0.0,0.15,0.01,0.0
12.625155316,0.0,0.2,0.01,0.0
12.626157754000001,0.0,0.18,0.0,0.0
12.627292921,0.0,0.21,0.0,0.0
12.628116946,0.0,0.21,0.0,0.0
12.629188296,0.0,0.19,0.01,0.01
12.630141836,0.01,0.2,0.0,0.0
12.631142404,0.0,0.2,0.01,0.0
12.632272395000001,0.01,0.2,0.01,0.0
12.633110054000001,0.0,0.2,0.0,0.0
12.634167416,0.0,0.19,0.0,0.0
12.636349069000001,0.0,0.21,0.0,0.0
12.637172349,0.0,0.2,0.0,0.0
12.638227878,0.01,0.21,0.01,0.0
12.639120048,0.0,0.21,0.0,0.0
12.640230098,0.0,0.21,0.01,0.0
12.641086964000001,0.01,0.21,0.0,0.0
12.642226813,0.0,0.21,0.0,0.0
12.643214381,0.0,0.2,0.0,0.0
12.644126842,0.0,0.2,0.0,0.0
12.645083724000001,0.0,0.19,0.01,0.01
12.646131421000002,0.0,0.22,0.0,0.0
12.647136215000002,0.0,0.18,0.01,0.01
12.648156516,0.01,0.2,0.0,0.0
12.649151939000001,0.0,0.2,0.0,0.0
12.650324754000001,0.0,0.2,0.0,0.0
12.652290498000001,0.01,0.2,0.0,0.0
12.653138649,0.0,0.21,0.0,0.0
12.654132749,0.04,0.21,0.0,0.01
12.655218276000001,0.0,0.2,0.0,0.0
12.656185035,0.0,0.19,0.0,0.0
12.657118102,0.01,0.2,0.0,0.0
12.658208587,0.01,0.21,0.01,0.01
12.659148795,0.01,0.19,0.0,0.0
12.660120522000001,0.0,0.19,0.0,0.0
12.661377281,0.0,0.19,0.0,0.0
12.662106329,0.0,0.19,0.0,0.0
12.663108107000001,0.0,0.2,0.01,0.0
12.664164792000001,0.0,0.2,0.0,0.0
12.66537547,0.0,0.19,0.01,0.0
12.667349731000002,0.0,0.19,0.0,0.0
12.668110408,0.0,0.19,0.0,0.0
12.66921641,0.01,0.18,0.01,0.0
12.670102008,0.01,0.19,0.0,0.0
12.671218496000002,0.0,0.19,0.0,0.0
12.672222799,0.0,0.19,0.0,0.01
12.673211176,0.0,0.18,0.0,0.0
12.674214386000001,0.0,0.18,0.0,0.01
12.675185293,0.0,0.19,0.0,0.0
12.676344736,0.0,0.19,0.0,0.0
12.677110557,0.0,0.19,0.0,0.0
12.678288155,0.0,0.21,0.0,0.0
12.679104387,0.0,0.19,0.0,0.0
12.681323243000001,0.0,0.19,0.0,0.0
12.682109028000001,0.0,0.19,0.01,0.0
12.683336878,0.01,0.19,0.0,0.0
12.684116027,0.0,0.2,0.0,0.0
12.685283822,0.0,0.19,0.0,0.0
12.686147293000001,0.0,0.18,0.0,0.0
12.687347477000001,0.0,0.19,0.0,0.01
12.688099375,0.0,0.19,0.0,0.0
12.689361668,0.0,0.19,0.0,0.0
12.690096232,0.0,0.19,0.01,0.0
12.69130455,0.01,0.19,0.0,0.0
12.692100959000001,0.0,0.19,0.0,0.0
12.693295025000001,0.0,0.18,0.0,0.0
12.694094513000001,0.0,0.19,0.01,0.0
12.695350556000001,0.0,0.18,0.0,0.0
12.697256927000002,0.0,0.19,0.0,0.0
12.698157939000001,0.0,0.19,0.0,0.0
12.699223935000001,0.0,0.2,0.0,0.01
12.700197725,0.0,0.2,0.0,0.0
12.701214828000001,0.0,0.19,0.0,0.0
12.702215989,0.01,0.2,0.0,0.0
12.703206118,0.01,0.2,0.0,0.0
12.704210925,0.0,0.19,0.01,0.0
12.705211984,0.0,0.19,0.0,0.01
12.706153381,0.0,0.2,0.0,0.0
12.707287988000001,0.0,0.18,0.0,0.0
12.708177485,0.0,0.19,0.0,0.0
12.71032173,0.0,0.19,0.0,0.0
12.711115345000001,0.0,0.19,0.0,0.0
12.712346246000001,0.0,0.19,0.0,0.0
12.713110444000002,0.01,0.21,0.0,0.0
12.714354211000002,0.0,0.21,0.0,0.0
12.715109199,0.0,0.19,0.0,0.0
12.716343031000001,0.0,0.18,0.0,0.01
12.717103532000001,0.0,0.21,0.0,0.0
12.718351138000001,0.0,0.21,0.0,0.01
12.719095300000001,0.01,0.21,0.01,0.01
12.720367040000001,0.0,0.2,0.01,0.0
12.721099016,0.0,0.21,0.0,0.0
12.722330992000002,0.0,0.21,0.0,0.0
12.723095368000001,0.0,0.21,0.0,0.01
12.724090672,0.0,0.2,0.0,0.0
12.725344100000001,0.01,0.2,0.01,0.01
12.727343834000001,0.0,0.19,0.0,0.0
12.728107940000001,0.0,0.18,0.0,0.0
12.729265518,0.0,0.2,0.0,0.0
12.730188096000001,0.0,0.2,0.01,0.0
12.731224011,0.0,0.21,0.0,0.0
12.732224084,0.0,0.19,0.0,0.01
12.733212125000001,0.0,0.21,0.01,0.0
12.734206607,0.0,0.2,0.0,0.0
12.735214511,0.0,0.21,0.0,0.01
12.736161176000001,0.0,0.2,0.0,0.0
12.737282501000001,0.0,0.2,0.0,0.0
12.738108791,0.0,0.21,0.01,0.01
12.739306764,0.0,0.21,0.0,0.0
12.741308469000002,0.0,0.21,0.0,0.0
12.742104982,0.0,0.21,0.0,0.0
12.743329589,0.0,0.21,0.01,0.0
12.744107978,0.0,0.21,0.0,0.0
12.745222146000001,0.0,0.21,0.0,0.0
12.746229476000002,0.0,0.21,0.0,0.0
12.747199137,0.0,0.21,0.0,0.0
12.748214724,0.0,0.21,0.0,0.0
12.749212605,0.0,0.21,0.0,0.0
12.750209012000001,0.0,0.21,0.01,0.0
12.751153773,0.0,0.2,0.03,0.0
12.752286900000001,0.0,0.2,0.0,0.0
12.753104989,0.01,0.21,0.0,0.01
12.754290544000002,0.0,0.21,0.0,0.01
12.755106521,0.0,0.21,0.0,0.0
12.757348213,0.0,0.21,0.0,0.01
12.758106782,0.01,0.22,0.0,0.0
12.759210319000001,0.01,0.2,0.0,0.0
12.760213086,0.0,0.21,0.0,0.0
12.761141908,0.01,0.21,0.0,0.01
12.762209912000001,0.0,0.2,0.0,0.0
12.763221907,0.0,0.21,0.0,0.01
12.764209032,0.0,0.21,0.0,0.0
12.765213818000001,0.0,0.21,0.0,0.0
12.766355519000001,0.0,0.21,0.0,0.0
12.767105739000002,0.0,0.21,0.0,0.0
12.768305592,0.0,0.21,0.01,0.0
12.769103464,0.01,0.21,0.0,0.0
12.770348230000002,0.0,0.21,0.0,0.0
12.772346438000001,0.0,0.21,0.01,0.0
12.773106703000002,0.0,0.21,0.0,0.0
12.774223218000001,0.0,0.21,0.01,0.01
12.775194867000002,0.0,0.21,0.01,0.0
12.776221889,0.0,0.21,0.01,0.0
12.777228258000001,0.0,0.19,0.0,0.0
12.77822072,0.0,0.21,0.0,0.01
12.779221422,0.0,0.21,0.0,0.0
12.780362481000001,0.0,0.2,0.0,0.0
12.781098898000002,0.0,0.2,0.0,0.0
12.782308589000001,0.0,0.21,0.0,0.0
12.783136971000001,0.0,0.2,0.0,0.0
12.784270899000001,0.0,0.2,0.0,0.0
12.785131991,0.0,0.2,0.01,0.0
12.786258442000001,0.0,0.21,0.0,0.0
12.788239819000001,0.0,0.21,0.01,0.01
12.78916519,0.0,0.2,0.0,0.0
12.790230249,0.0,0.21,0.0,0.0
12.791216521,0.01,0.2,0.0,0.0
12.792224664,0.0,0.21,0.01,0.0
12.793213483,0.0,0.21,0.0,0.0
12.79416274,0.0,0.2,0.0,0.0
12.795189571000002,0.0,0.2,0.01,0.01
12.796197413000002,0.0,0.2,0.01,0.0
12.797200168000002,0.0,0.21,0.0,0.0
12.798158386,0.0,0.2,0.0,0.0
12.799152324000001,0.0,0.21,0.0,0.0
12.800283295000002,0.01,0.2,0.0,0.0
12.801170950000001,0.01,0.22,0.0,0.0
12.802338933000001,0.0,0.18,0.0,0.0
12.804354211000001,0.0,0.23,0.0,0.0
12.805106463000001,0.0,0.21,0.0,0.0
12.806171179000001,0.0,0.21,0.0,0.01
12.807222091000002,0.01,0.2,0.0,0.0
12.80821852,0.0,0.2,0.01,0.0
12.809214350000001,0.0,0.2,0.0,0.0
12.810170224,0.0,0.21,0.0,0.0
12.811212089000001,0.0,0.19,0.0,0.0
12.81215055,0.0,0.21,0.0,0.0
12.813296986000001,0.0,0.2,0.0,0.0
12.814129329,0.0,0.21,0.01,0.0
12.815147064000001,0.0,0.2,0.0,0.0
12.817221039000001,0.0,0.2,0.0,0.0
12.818202654,0.0,0.2,0.0,0.0
12.819219354000001,0.0,0.2,0.0,0.01
12.820219224,0.0,0.2,0.0,0.01
12.82114102,0.0,0.2,0.0,0.0
12.822360637000001,0.0,0.2,0.0,0.0
12.823113077,0.0,0.21,0.0,0.0
12.824341661,0.0,0.2,0.0,0.0
12.825105783000001,0.0,0.2,0.0,0.01
12.826324294,0.0,0.2,0.0,0.01
12.827106484000002,0.01,0.2,0.01,0.0
12.828158384,0.01,0.21,0.0,0.0
12.830317648000001,0.0,0.21,0.0,0.0
12.831112369000001,0.0,0.21,0.0,0.0
12.832226511,0.0,0.2,0.01,0.0
12.833211245000001,0.0,0.21,0.0,0.0
12.834208536,0.0,0.19,0.0,0.0
12.835203021000002,0.05,0.2,0.0,0.0
12.836089838000001,0.0,0.2,0.0,0.0
12.837349888,0.0,0.2,0.0,0.01
12.838105923,0.01,0.19,0.03,0.0
12.839219077000001,0.0,0.2,0.0,0.02
12.840217357,0.0,0.18,0.0,0.0
12.841204178,0.0,0.2,0.0,0.0
12.842169481,0.0,0.2,0.01,0.0
12.843292843,0.0,0.19,0.0,0.0
12.844100857,0.0,0.2,0.0,0.0
12.845304765000002,0.0,0.2,0.0,0.01
12.846097421000001,0.0,0.19,0.0,0.0
12.847268118,0.0,0.19,0.0,0.0
12.849369886000002,0.0,0.18,0.0,0.0
12.850107427000001,0.01,0.18,0.0,0.0
12.851201855000001,0.0,0.17,0.01,0.0
12.852232625000001,0.0,0.19,0.01,0.01
12.853230187000001,0.01,0.2,0.0,0.0
12.854225671,0.0,0.19,0.01,0.0
12.855221169,0.0,0.18,0.0,0.0
12.856224989000001,0.0,0.2,0.0,0.0
12.857208331,0.01,0.19,0.0,0.0
12.858149341,0.0,0.18,0.0,0.0
12.859278494000002,0.0,0.19,0.0,0.0
12.860101252000002,0.02,0.19,0.0,0.0
12.861368075000001,0.0,0.19,0.0,0.01
12.863357557,0.0,0.18,0.0,0.0
12.864098915000001,0.0,0.19,0.0,0.0
12.865344511,0.0,0.19,0.0,0.0
12.866099429,0.0,0.2,0.0,0.0
12.867351464,0.0,0.17,0.0,0.0
12.86810151,0.0,0.19,0.01,0.0
12.869225962000002,0.0,0.2,0.02,0.0
12.870233268000002,0.0,0.19,0.0,0.0
12.871214838,0.0,0.2,0.0,0.0
12.872214502,0.01,0.2,0.01,0.0
12.873124432000001,0.01,0.18,0.0,0.0
12.874300638000001,0.0,0.14,0.0,0.0
12.87516194,0.0,0.01,0.0,0.0
12.876344401,0.0,0.01,0.0,0.01
12.877099107000001,0.0,0.2,0.0,0.01
12.878356065,0.0,0.2,0.01,0.0
12.88035044,0.01,0.21,0.0,0.0
12.881100407,0.0,0.2,0.01,0.0
12.882367854,0.0,0.2,0.0,0.0
12.883095494,0.01,0.2,0.0,0.0
12.884358744,0.0,0.2,0.0,0.0
12.885087712,0.0,0.2,0.0,0.0
12.886261811,0.0,0.0,0.0,0.0
12.887088204000001,0.0,0.0,0.0,0.0
12.88832913,0.0,0.0,0.01,0.0
12.889088098,0.0,0.01,0.0,0.0
12.890272558000001,0.0,0.0,0.0,0.0
12.89109022,0.0,0.0,0.0,0.0
12.892236815,0.0,0.0,0.02,0.0
12.893240469,0.0,0.0,0.0,0.0
12.895353492,0.0,0.0,0.0,0.0
12.896103832000001,0.0,0.0,0.0,0.0
12.897259144000001,0.0,0.0,0.0,0.0
12.89818625,0.01,0.01,0.0,0.0
12.899132897000001,0.0,0.0,0.0,0.0
12.90014062,0.0,0.01,0.0,0.0
12.901219495000001,0.0,0.0,0.01,0.01
12.902204488,0.01,0.0,0.0,0.0
12.903176284,0.0,0.01,0.0,0.0
12.904287302,0.0,0.01,0.01,0.0
12.905164729000001,0.01,0.0,0.0,0.0
12.906223243000001,0.0,0.0,0.0,0.0
12.907230384,0.0,0.01,0.0,0.0
12.909352381000001,0.0,0.0,0.0,0.0
12.910101073000002,0.0,0.01,0.0,0.0
12.911369163000002,0.0,0.0,0.0,0.0
12.912096815,0.0,0.01,0.0,0.0
12.913275059,0.0,0.0,0.0,0.0
12.914196272000002,0.0,0.0,0.02,0.01
12.915236827000001,0.0,0.0,0.01,0.0
12.916230248000002,0.01,0.0,0.0,0.0
12.917215457000001,0.01,0.0,0.0,0.01
12.918179374000001,0.0,0.0,0.01,0.01
12.919079138,0.0,0.01,0.0,0.01
12.920162802,0.02,0.0,0.0,0.0
12.921168233000001,0.0,0.0,0.0,0.01
12.922227219000002,0.0,0.0,0.01,0.0
12.923216072,0.01,0.01,0.0,0.0
12.925279721,0.0,0.0,0.01,0.0
12.926140932000001,0.0,0.0,0.0,0.01
12.927217788,0.01,0.0,0.0,0.0
12.928208565,0.0,0.0,0.01,0.0
12.929208543000001,0.0,0.0,0.0,0.0
12.930213074000001,0.0,0.0,0.0,0.0
12.931214274,0.0,0.0,0.01,0.0
12.932368939000002,0.0,0.0,0.0,0.01
12.933104767000001,0.0,0.01,0.0,0.0
12.9342778,0.0,0.01,0.0,0.0
12.935099511,0.0,0.0,0.0,0.0
12.93637449,0.0,0.0,0.0,0.0
12.937099107000002,0.0,0.0,0.0,0.0
12.939322721000002,0.0,0.0,0.0,0.0
12.940199276000001,0.0,0.0,0.0,0.0
12.941188577,0.0,0.0,0.0,0.01
12.942145557000002,0.0,0.0,0.0,0.01
12.943160975000001,0.0,0.0,0.0,0.0
12.944132542,0.0,0.0,0.0,0.0
12.945213752,0.0,0.0,0.0,0.0
12.946186938,0.0,0.01,0.0,0.0
12.947159621,0.0,0.0,0.0,0.0
12.948379565000002,0.0,0.01,0.0,0.0
12.949119096,0.0,0.0,0.01,0.0
12.950332027,0.01,0.01,0.01,0.0
12.952374206,0.0,0.0,0.01,0.0
12.953111185000001,0.0,0.01,0.0,0.01
12.954353562000001,0.01,0.0,0.01,0.01
12.955099018,0.01,0.0,0.0,0.0
12.956352692000001,0.0,0.0,0.0,0.01
12.957092657,0.0,0.0,0.0,0.0
12.958352139,0.0,0.0,0.0,0.0
12.959095068000002,0.0,0.0,0.0,0.0
12.960366292000002,0.02,0.0,0.0,0.0
12.961095684,0.0,0.0,0.01,0.01
12.962127658,0.01,0.0,0.0,0.0
12.963280068000001,0.01,0.0,0.01,0.0
12.964095888000001,0.0,0.01,0.0,0.0
12.965377534,0.0,0.0,0.0,0.0
12.96609128,0.0,0.0,0.01,0.0
12.967373402000002,0.0,0.01,0.01,0.0
12.969360290000001,0.0,0.0,0.0,0.0
12.970099506,0.0,0.0,0.01,0.0
12.971348647000001,0.0,0.0,0.0,0.0
12.972104023,0.0,0.0,0.0,0.0
12.973297466,0.0,0.01,0.0,0.0
12.974154152,0.01,0.0,0.0,0.0
12.975216225,0.0,0.0,0.0,0.0
12.976197632000002,0.0,0.0,0.0,0.0
12.977157888,0.0,0.0,0.0,0.0
12.978165756000001,0.0,0.0,0.01,0.0
12.979169734000001,0.0,0.0,0.0,0.0
12.980168643,0.0,0.0,0.01,0.0
12.981381143,0.0,0.0,0.0,0.02
12.983357767000001,0.0,0.0,0.0,0.0
12.98410437,0.0,0.0,0.0,0.01
12.985215829000001,0.0,0.0,0.01,0.0
12.986210769000001,0.0,0.0,0.0,0.01
12.987202628,0.0,0.01,0.01,0.0
12.988213034000001,0.0,0.0,0.01,0.0
12.989202422,0.0,0.0,0.0,0.02
12.990202232000001,0.0,0.06,0.0,0.0
12.991184648,0.0,0.0,0.0,0.0
12.992362878000002,0.01,0.0,0.0,0.0
12.993111929000001,0.0,0.0,0.01,0.0
12.994291687,0.0,0.0,0.01,0.0
12.995099555000001,0.0,0.0,0.01,0.0
12.996372355,0.0,0.01,0.0,0.0
12.998391275000001,0.0,0.0,0.01,0.0
12.999107246000001,0.0,0.01,0.02,0.0
13.000351613000001,0.0,0.0,0.0,0.0
13.001089169,0.0,0.0,0.01,0.0
13.002144047000002,0.0,0.0,0.0,0.01
13.003212636,0.0,0.0,0.01,0.0
13.004265865,0.01,0.0,0.01,0.01
13.005115931,0.0,0.0,0.0,0.0
13.006085630000001,0.0,0.0,0.01,0.0
13.007264578000001,0.0,0.0,0.0,0.0
13.008170705000001,0.0,0.0,0.0,0.0
13.009157089,0.0,0.01,0.0,0.0
13.010178642000001,0.0,0.0,0.0,0.0
13.011084746000002,0.0,0.01,0.01,0.01
13.012387437000001,0.0,0.0,0.0,0.0
13.014368097,0.0,0.0,0.0,0.0
13.015089028,0.0,0.0,0.0,0.01
13.016235194,0.0,0.0,0.0,0.0
13.017184203000001,0.01,0.0,0.01,0.0
13.018233688,0.0,0.0,0.01,0.0
13.019076676000001,0.0,0.0,0.01,0.0
13.020366005000001,0.0,0.01,0.0,0.0
13.021118595,0.0,0.01,0.0,0.0
13.022302505,0.0,0.0,0.0,0.01
13.023086967000001,0.0,0.0,0.03,0.0
13.024286839,0.0,0.02,0.0,0.02
13.025115216000001,0.0,0.0,0.01,0.0
13.026208494,0.0,0.0,0.0,0.0
13.027256983000001,0.0,0.01,0.0,0.01
13.029362273,0.01,0.0,0.0,0.0
13.030093982,0.0,0.0,0.01,0.0
13.031384665000001,0.01,0.0,0.01,0.0
13.032361082000001,0.0,0.0,0.0,0.01
13.033103402,0.0,0.0,0.0,0.0
13.034390067,0.0,0.01,0.0,0.0
13.03512027,0.0,0.0,0.0,0.0
13.036365509000001,0.0,0.01,0.0,0.0
13.037104698,0.0,0.0,0.0,0.0
13.0381751,0.01,0.0,0.0,0.0
13.039103076,0.0,0.0,0.0,0.0
13.040179662000002,0.0,0.0,0.01,0.0
13.041214890000001,0.0,0.0,0.01,0.01
13.042226990000001,0.0,0.0,0.0,0.0
13.044237751,0.0,0.0,0.0,0.0
13.045173591000001,0.0,0.0,0.01,0.0
13.046240971000001,0.0,0.01,0.0,0.0
13.047184167000001,0.01,0.01,0.0,0.0
13.048229562000001,0.0,0.0,0.0,0.0
13.049205679,0.0,0.0,0.0,0.0
13.050219477,0.0,0.0,0.0,0.0
13.051216534,0.01,0.0,0.01,0.0
13.052168039000001,0.0,0.01,0.0,0.0
13.053156245,0.0,0.0,0.01,0.0
13.054277677,0.0,0.0,0.0,0.0
13.055096542000001,0.0,0.0,0.0,0.0
13.056362752,0.0,0.0,0.0,0.0
13.058364459000002,0.0,0.01,0.0,0.0
13.059098988,0.0,0.0,0.0,0.0
13.060221608,0.0,0.0,0.0,0.0
13.061212391000002,0.0,0.0,0.0,0.0
13.062232747000001,0.0,0.0,0.0,0.02
13.063177515000001,0.0,0.0,0.02,0.0
13.064113180000001,0.0,0.0,0.0,0.0
13.065125539,0.0,0.0,0.0,0.0
13.066235937,0.0,0.0,0.0,0.0
13.067158603000001,0.0,0.0,0.0,0.0
13.068155223000002,0.02,0.0,0.0,0.01
13.06923888,0.0,0.0,0.0,0.0
13.070161836,0.0,0.01,0.03,0.0
13.07139105,0.0,0.0,0.0,0.0
13.073357256000001,0.0,0.0,0.01,0.03
13.074096409000001,0.01,0.0,0.01,0.04
13.075360284,0.0,0.0,0.0,0.0
13.076090468,0.0,0.0,0.0,0.0
13.077362296,0.0,0.01,0.01,0.0
13.078112437000001,0.0,0.0,0.0,0.0
13.079233423000002,0.0,0.01,0.0,0.0
13.080165695000002,0.0,0.0,0.01,0.0
13.081227902,0.0,0.01,0.0,0.0
13.082173451000001,0.0,0.0,0.0,0.0
13.083154145,0.0,0.0,0.0,0.0
13.08529522,0.0,0.01,0.01,0.0
13.086100041000002,0.0,0.0,0.0,0.0
13.087223017000001,0.0,0.0,0.01,0.0
13.088219835,0.0,0.0,0.0,0.01
13.089223225000001,0.01,0.01,0.0,0.01
13.090222835,0.0,0.02,0.0,0.0
13.09134758,0.0,0.0,0.0,0.0
13.092094957,0.0,0.0,0.0,0.0
13.093347469000001,0.0,0.01,0.0,0.0
13.094104431000002,0.0,0.0,0.0,0.0
13.095242537,0.0,0.01,0.0,0.0
13.096111663,0.0,0.0,0.0,0.0
13.097139812,0.0,0.0,0.0,0.0
13.098172053,0.0,0.01,0.01,0.01
13.099162201,0.0,0.01,0.05,0.01
13.100157535000001,0.0,0.0,0.01,0.01
13.101160759,0.0,0.01,0.01,0.0
13.102237104,0.0,0.01,0.0,0.0
13.104363274,0.0,0.05,0.0,0.0
13.105096461,0.0,0.0,0.0,0.0
13.106233581000001,0.0,0.0,0.0,0.0
13.107176629000001,0.0,0.0,0.01,0.0
13.108228099000002,0.0,0.0,0.0,0.01
13.109225568000001,0.0,0.0,0.0,0.0
13.110222923,0.01,0.0,0.0,0.02
13.111087492000001,0.0,0.01,0.0,0.0
13.11228681,0.0,0.0,0.0,0.0
13.113096413000001,0.0,0.0,0.0,0.0
13.114267647,0.0,0.0,0.01,0.0
13.115093565,0.0,0.01,0.0,0.0
13.116168236,0.0,0.0,0.0,0.0
13.118358744,0.0,0.0,0.01,0.0
13.119098383,0.0,0.0,0.0,0.0
13.120219773,0.0,0.0,0.0,0.0
13.121219582,0.0,0.0,0.0,0.0
13.122223262,0.0,0.01,0.0,0.0
13.123216627000001,0.0,0.0,0.0,0.0
13.124222305,0.0,0.0,0.0,0.0
13.125307702,0.0,0.0,0.0,0.0
13.126141347,0.0,0.01,0.0,0.0
13.127151002000002,0.0,0.0,0.0,0.0
13.128165390000001,0.0,0.02,0.0,0.0
13.129154806,0.01,0.0,0.0,0.0
13.130374537000002,0.0,0.0,0.0,0.0
13.13117717,0.0,0.0,0.0,0.0
13.132188320000001,0.0,0.0,0.0,0.0
13.134413049,0.0,0.0,0.0,0.01
13.135308919000002,0.0,0.0,0.0,0.0
13.136233696000001,0.0,0.0,0.0,0.0
13.137241752000001,0.01,0.01,0.01,0.0
13.138263887,0.0,0.01,0.0,0.0
13.139298408,0.0,0.0,0.01,0.01
13.140273454,0.0,0.0,0.0,0.01
13.141250382,0.0,0.0,0.0,0.0
13.14219879,0.0,0.01,0.03,0.0
13.143184866,0.0,0.0,0.0,0.0
13.144198556000001,0.0,0.0,0.0,0.0
13.145206266,0.0,0.01,0.0,0.0
13.146209085,0.0,0.01,0.0,0.0
13.14718234,0.0,0.0,0.01,0.0
13.149411762000002,0.01,0.0,0.01,0.01
13.150224218,0.0,0.01,0.01,0.0
13.151177651000001,0.0,0.02,0.0,0.0
13.152184178,0.01,0.0,0.0,0.0
13.153190875,0.0,0.01,0.0,0.0
13.154198393000001,0.01,0.01,0.0,0.0
13.15518508,0.0,0.01,0.0,0.0
13.156154305000001,0.0,0.01,0.0,0.0
13.157267811,0.0,0.01,0.0,0.01
13.158135242,0.0,0.01,0.0,0.0
13.159181139000001,0.0,0.01,0.0,0.0
13.160155094,0.0,0.01,0.0,0.0
13.161337095,0.0,0.03,0.0,0.0
13.162154531,0.01,0.01,0.0,0.0
13.164325170000001,0.0,0.01,0.01,0.01
13.165110368,0.0,0.01,0.0,0.01
13.166339139000002,0.01,0.02,0.0,0.0
13.167107238000002,0.0,0.01,0.0,0.01
13.168350417000001,0.0,0.02,0.01,0.0
13.169169289000001,0.0,0.02,0.0,0.0
13.170233915,0.0,0.01,0.0,0.01
13.171221052000002,0.0,0.02,0.0,0.01
13.172203431000002,0.0,0.01,0.0,0.01
13.173170624,0.05,0.0,0.01,0.0
13.174190158,0.0,0.02,0.01,0.0
13.175197098,0.0,0.0,0.01,0.0
13.176176687000002,0.0,0.0,0.0,0.0
13.178470664,0.0,0.0,0.01,0.0
13.179550716000001,0.0,0.01,0.0,0.0
13.180467171,0.01,0.0,0.0,0.0
13.181365728000001,0.0,0.0,0.0,0.0
13.182206095000002,0.02,0.01,0.0,0.0
13.183215344,0.0,0.0,0.01,0.0
13.184195443,0.0,0.0,0.0,0.0
13.185201891,0.0,0.01,0.0,0.0
13.186182655000001,0.0,0.0,0.0,0.0
13.187171543000002,0.0,0.0,0.0,0.0
13.188304566000001,0.0,0.01,0.0,0.0
13.189221091,0.0,0.01,0.0,0.0
13.190290906000001,0.0,0.01,0.0,0.0
13.191197913000002,0.0,0.01,0.0,0.0
13.193205062,0.0,0.02,0.0,0.0
13.194150035000002,0.0,0.02,0.0,0.0
13.195201832,0.0,0.02,0.0,0.0
13.196200057,0.0,0.01,0.0,0.0
13.197195389,0.0,0.02,0.0,0.01
13.198205438,0.01,0.01,0.0,0.0
13.199201856,0.0,0.02,0.0,0.0
13.200199336,0.0,0.02,0.0,0.0
13.201190523000001,0.0,0.01,0.0,0.0
13.202188847,0.0,0.01,0.0,0.0
13.203302129,0.0,0.0,0.0,0.0
13.204126558,0.0,0.0,0.0,0.0
13.205303837,0.01,0.01,0.0,0.0
13.206109681000001,0.0,0.01,0.0,0.01
13.207321303,0.0,0.01,0.0,0.0
13.209359580000001,0.0,0.01,0.0,0.0
13.210114711000001,0.0,0.01,0.0,0.0
13.211295339000001,0.0,0.01,0.0,0.0
13.212169368000001,0.01,0.02,0.0,0.01
13.21322849,0.0,0.01,0.0,0.0
13.214212108000002,0.0,0.02,0.0,0.0
13.215218541,0.0,0.01,0.0,0.01
13.216217471,0.01,0.02,0.0,0.0
13.217177451000001,0.0,0.01,0.0,0.0
13.218251049000001,0.0,0.02,0.0,0.0
13.219174276,0.01,0.01,0.0,0.0
13.22014781,0.04,0.01,0.0,0.0
13.221135187000002,0.0,0.01,0.01,0.0
13.223371368,0.01,0.01,0.0,0.0
13.224102490000002,0.01,0.0,0.0,0.0
13.225220694,0.0,0.01,0.0,0.0
13.226220049,0.0,0.01,0.0,0.0
13.227210034,0.0,0.02,0.0,0.0
13.22813516,0.0,0.01,0.0,0.0
13.229353809000001,0.0,0.02,0.0,0.01
13.230119734,0.0,0.01,0.01,0.0
13.231349873000001,0.0,0.01,0.01,0.0
13.232093651000001,0.0,0.01,0.0,0.0
13.233312014000001,0.0,0.0,0.01,0.0
13.234092544000001,0.0,0.01,0.0,0.0
13.235288991000001,0.01,0.0,0.01,0.0
13.236119223000001,0.01,0.0,0.0,0.01
13.237384265000001,0.0,0.0,0.0,0.0
13.239344904000001,0.0,0.0,0.0,0.0
13.240095582,0.0,0.0,0.01,0.02
13.241232065,0.0,0.0,0.0,0.0
13.242234195,0.0,0.0,0.0,0.0
13.243234096,0.0,0.0,0.0,0.0
13.244227334000001,0.01,0.0,0.0,0.01
13.245192995,0.0,0.01,0.0,0.0
13.246231677,0.0,0.02,0.0,0.0
13.247193931,0.0,0.01,0.0,0.0
13.248151418,0.0,0.02,0.0,0.01
13.249277275,0.0,0.02,0.01,0.0
13.250093527,0.0,0.01,0.0,0.0
13.251216712000002,0.0,0.01,0.0,0.0
13.253353022,0.0,0.01,0.0,0.01
13.254099773,0.01,0.02,0.0,0.01
13.255323155000001,0.01,0.03,0.01,0.0
13.256124968,0.0,0.02,0.0,0.0
13.257353785000001,0.01,0.03,0.0,0.0
13.258092722,0.0,0.02,0.01,0.01
13.259357522,0.0,0.02,0.0,0.0
13.260093931,0.03,0.02,0.0,0.0
13.261274845,0.0,0.01,0.0,0.0
13.262192436000001,0.0,0.02,0.0,0.01
13.263441023,0.0,0.01,0.0,0.0
13.264085916,0.01,0.01,0.0,0.01
13.265296301000001,0.0,0.01,0.0,0.01
13.266162263,0.0,0.01,0.0,0.0
13.267404355,0.0,0.01,0.0,0.0
13.269278805,0.0,0.02,0.0,0.01
13.270201074000001,0.0,0.01,0.0,0.0
13.271297453,0.0,0.02,0.0,0.0
13.272170264000001,0.01,0.02,0.0,0.0
13.273244225000001,0.0,0.02,0.0,0.01
13.274168088000001,0.0,0.02,0.0,0.0
13.275234711000001,0.0,0.02,0.01,0.0
13.276233247,0.0,0.02,0.0,0.0
13.27721127,0.01,0.02,0.0,0.0
13.278457465,0.0,0.02,0.0,0.0
13.279093719,0.0,0.03,0.01,0.0
13.280245286000001,0.0,0.02,0.01,0.0
13.281148053,0.0,0.03,0.0,0.0
13.283355589000001,0.0,0.02,0.01,0.0
13.284130422,0.0,0.02,0.0,0.01
13.285230656000001,0.0,0.02,0.0,0.0
13.28614164,0.0,0.02,0.0,0.0
13.287227812000001,0.0,0.02,0.01,0.0
13.288082079,0.0,0.02,0.0,0.0
13.289233228,0.0,0.01,0.01,0.0
13.290231862,0.01,0.01,0.01,0.0
13.291185133,0.0,0.01,0.01,0.0
13.292202606,0.0,0.04,0.01,0.0
13.293141989,0.01,0.0,0.01,0.01
13.294199642,0.0,0.0,0.0,0.0
13.295167802000002,0.0,0.0,0.0,0.0
13.297315809,0.01,0.01,0.0,0.0
13.298099022,0.0,0.0,0.0,0.0
13.299345006000001,0.0,0.0,0.0,0.0
13.300099086000001,0.0,0.01,0.0,0.0
13.301228459,0.0,0.0,0.01,0.0
13.302207279000001,0.0,0.0,0.0,0.01
13.303224854000002,0.0,0.0,0.0,0.0
13.304222137,0.0,0.0,0.0,0.0
13.305190246,0.0,0.0,0.0,0.0
13.306218824,0.0,0.0,0.0,0.0
13.307198498,0.0,0.0,0.0,0.0
13.308312695000001,0.0,0.0,0.0,0.01
13.309096906,0.0,0.0,0.0,0.0
13.310296423,0.0,0.0,0.0,0.0
13.311152568,0.0,0.01,0.01,0.0
13.312228336,0.0,0.0,0.01,0.01
13.314174711000001,0.0,0.0,0.0,0.0
13.315224558,0.0,0.01,0.0,0.0
13.316231372,0.0,0.0,0.0,0.0
13.317223769000002,0.0,0.01,0.0,0.0
13.318221520000002,0.0,0.0,0.0,0.01
13.319196683000001,0.0,0.0,0.0,0.0
13.320239788,0.0,0.0,0.01,0.01
13.321222852,0.0,0.0,0.0,0.0
13.322220695,0.0,0.0,0.0,0.0
13.323169040000002,0.0,0.01,0.0,0.0
13.324295329000002,0.0,0.0,0.0,0.01
13.32510118,0.0,0.0,0.0,0.0
13.326356947,0.0,0.0,0.0,0.01
13.327091705,0.0,0.01,0.0,0.0
13.328349577000001,0.0,0.0,0.0,0.0
13.33035854,0.0,0.0,0.0,0.0
13.331094284,0.0,0.0,0.0,0.02
13.332357879000002,0.0,0.0,0.0,0.0
13.333090339,0.0,0.01,0.0,0.0
13.334368972,0.0,0.0,0.0,0.01
13.335084915000001,0.0,0.0,0.0,0.0
13.336374227,0.0,0.0,0.0,0.0
13.337083988000002,0.0,0.01,0.0,0.01
13.338456172,0.0,0.0,0.0,0.0
13.339079283,0.0,0.0,0.0,0.0
13.340286945,0.0,0.0,0.0,0.0
13.341174369,0.01,0.0,0.0,0.0
13.342292226000001,0.03,0.01,0.0,0.01
13.343173784000001,0.0,0.0,0.0,0.0
13.345368045,0.0,0.0,0.01,0.0
13.346094923,0.0,0.01,0.0,0.0
13.347367395000001,0.0,0.0,0.0,0.0
13.348118555000001,0.01,0.0,0.0,0.01
13.349243388000001,0.0,0.01,0.0,0.01
13.350256077000001,0.01,0.0,0.0,0.0
13.351241968,0.0,0.0,0.0,0.0
13.35212205,0.0,0.0,0.0,0.0
13.353454887000002,0.0,0.0,0.0,0.0
13.354090986000001,0.0,0.0,0.0,0.0
13.35527334,0.0,0.0,0.0,0.0
13.356168825000001,0.0,0.0,0.01,0.0
13.357397457000001,0.0,0.0,0.0,0.01
13.359397554000001,0.0,0.0,0.0,0.0
13.360089178,0.0,0.0,0.0,0.0
13.361380727,0.0,0.0,0.0,0.0
13.362117634,0.0,0.0,0.01,0.01
13.363302911000002,0.0,0.0,0.0,0.0
13.364093630000001,0.0,0.0,0.0,0.0
13.365229484,0.0,0.0,0.01,0.0
13.366239305,0.0,0.0,0.0,0.0
13.367223247,0.0,0.0,0.0,0.0
13.368180725,0.0,0.01,0.01,0.0
13.369153744,0.0,0.01,0.0,0.0
13.3702912,0.0,0.01,0.0,0.0
13.371157795,0.0,0.01,0.0,0.0
13.372161982000002,0.0,0.01,0.0,0.0
13.373117722000002,0.0,0.02,0.0,0.0
13.375246019,0.0,0.0,0.0,0.0
13.376233547,0.0,0.01,0.0,0.01
13.377238511000002,0.0,0.01,0.0,0.0
13.378240533000001,0.0,0.0,0.0,0.0
13.379232099000001,0.0,0.01,0.0,0.0
13.380185326000001,0.0,0.0,0.05,0.0
13.381238285,0.0,0.0,0.0,0.0
13.382189963,0.0,0.01,0.0,0.0
13.383171329000001,0.0,0.02,0.01,0.0
13.384084042000001,0.0,0.04,0.0,0.0
13.385151767,0.0,0.01,0.0,0.0
13.386082273000001,0.0,0.01,0.0,0.0
13.387214304,0.0,0.0,0.0,0.0
13.388221548,0.0,0.02,0.0,0.01
13.390209298,0.0,0.01,0.0,0.0
13.391199798,0.0,0.01,0.01,0.0
13.392209452000001,0.0,0.01,0.0,0.0
13.393211560000001,0.0,0.01,0.01,0.0
13.394168605,0.0,0.01,0.0,0.0
13.395210732,0.0,0.0,0.01,0.0
13.396208778,0.0,0.01,0.0,0.0
13.397208239000001,0.0,0.01,0.0,0.0
13.398177296,0.0,0.01,0.01,0.0
13.399089854000001,0.0,0.01,0.01,0.0
13.400159506000001,0.0,0.01,0.0,0.0
13.401157840000002,0.0,0.01,0.0,0.0
13.402195155000001,0.01,0.0,0.01,0.0
13.403324539000002,0.0,0.01,0.0,0.0
13.405284623,0.0,0.01,0.01,0.0
13.406115179,0.0,0.01,0.0,0.0
13.407366449000001,0.0,0.01,0.0,0.0
13.40814641,0.0,0.0,0.0,0.0
13.409206206,0.01,0.02,0.01,0.0
13.410210209,0.0,0.01,0.02,0.0
13.411204786,0.0,0.01,0.01,0.0
13.412194045000001,0.0,0.01,0.0,0.0
13.413187824000001,0.0,0.01,0.0,0.0
13.414220206000001,0.0,0.01,0.0,0.0
13.415216331000002,0.0,0.01,0.0,0.0
13.416286765,0.0,0.01,0.0,0.0
13.417243201000002,0.0,0.01,0.0,0.0
13.418305459,0.0,0.01,0.0,0.0
13.420491185000001,0.0,0.02,0.0,0.0
13.421460518,0.0,0.01,0.0,0.0
13.422250362000002,0.01,0.01,0.0,0.0
13.423176892,0.0,0.01,0.0,0.0
13.424190009,0.0,0.01,0.0,0.0
13.425201919000001,0.0,0.01,0.0,0.0
13.426176643000002,0.0,0.01,0.0,0.0
13.427197145000001,0.0,0.01,0.0,0.0
13.428203193000002,0.0,0.01,0.0,0.0
13.429172126000001,0.0,0.01,0.0,0.0
13.430298292000002,0.0,0.01,0.0,0.0
13.431134426000002,0.0,0.01,0.0,0.01
13.432301216,0.01,0.01,0.01,0.0
13.434282343000001,0.0,0.01,0.0,0.0
13.435154167,0.0,0.01,0.0,0.01
13.436333589,0.0,0.01,0.0,0.0
13.437114589,0.0,0.01,0.0,0.0
13.438328112,0.0,0.01,0.01,0.0
13.439136738,0.0,0.02,0.0,0.01
13.440360213000002,0.0,0.01,0.0,0.0
13.441102728,0.0,0.02,0.0,0.0
13.442361279,0.0,0.01,0.0,0.01
13.443099483000001,0.01,0.01,0.0,0.0
13.444269850000001,0.0,0.01,0.0,0.0
13.445166468,0.0,0.01,0.0,0.0
13.446294184000001,0.01,0.01,0.0,0.01
13.447178594,0.0,0.01,0.0,0.0
13.448458158000001,0.0,0.03,0.01,0.0
13.450377281000002,0.0,0.01,0.0,0.01
13.451102106,0.0,0.02,0.0,0.0
13.452360151,0.0,0.01,0.01,0.0
13.453120483000001,0.0,0.01,0.0,0.0
13.454372159,0.0,0.01,0.0,0.01
13.455091282000001,0.0,0.01,0.0,0.0
13.45638165,0.0,0.01,0.0,0.01
13.457085292,0.0,0.01,0.0,0.0
13.45837927,0.02,0.01,0.0,0.0
13.459085106000002,0.01,0.01,0.01,0.0
13.460289909,0.0,0.02,0.0,0.0
13.461086018000001,0.0,0.01,0.0,0.0
13.462345922,0.0,0.01,0.0,0.0
13.463085143,0.0,0.02,0.0,0.0
13.464365092000001,0.0,0.01,0.0,0.0
13.466366156000001,0.0,0.01,0.0,0.0
13.467140186,0.0,0.01,0.0,0.0
13.468369221000001,0.0,0.01,0.0,0.0
13.469082136,0.0,0.01,0.0,0.0
13.470375919,0.0,0.01,0.0,0.0
13.471083072,0.0,0.01,0.01,0.0
13.472368124,0.0,0.01,0.0,0.0
13.473082777,0.0,0.01,0.0,0.0
13.474284477000001,0.0,0.01,0.01,0.0
13.475081580000001,0.01,0.01,0.0,0.0
13.476273904000001,0.01,0.02,0.01,0.01
13.477112012000001,0.0,0.01,0.0,0.0
13.478373627000002,0.0,0.01,0.01,0.01
13.480363570000002,0.0,0.01,0.0,0.0
13.481093520000002,0.0,0.01,0.01,0.0
13.482373734000001,0.0,0.01,0.0,0.0
13.483113811,0.0,0.01,0.0,0.0
13.484359313,0.01,0.01,0.0,0.01
13.48514327,0.0,0.01,0.0,0.04
13.48638511,0.0,0.01,0.0,0.0
13.487084348000002,0.0,0.01,0.0,0.0
13.488396567,0.0,0.01,0.0,0.01
13.489118082000001,0.0,0.01,0.01,0.0
13.490293004000002,0.0,0.01,0.0,0.0
13.491084614,0.0,0.01,0.0,0.0
13.492353393,0.0,0.01,0.0,0.0
13.493087703,0.01,0.01,0.0,0.0
13.494393425,0.0,0.01,0.0,0.0
13.496262019000001,0.0,0.01,0.01,0.0
13.497090596000001,0.0,0.01,0.0,0.0
13.498283033000002,0.01,0.01,0.0,0.0
13.499141016000001,0.0,0.01,0.0,0.01
13.500347027,0.0,0.01,0.0,0.0
13.501087302,0.02,0.01,0.01,0.0
13.502380165000002,0.0,0.01,0.0,0.0
13.503087312000002,0.0,0.0,0.01,0.0
13.5043137,0.0,0.01,0.0,0.0
13.505192880000001,0.0,0.01,0.0,0.01
13.506301965,0.0,0.02,0.01,0.01
13.507120606,0.0,0.01,0.0,0.0
13.508403834000001,0.0,0.01,0.0,0.01
13.5103667,0.0,0.01,0.0,0.0
13.511086865000001,0.0,0.01,0.0,0.0
13.512365568000002,0.0,0.02,0.01,0.0
13.513161391,0.01,0.01,0.0,0.0
13.514382472000001,0.0,0.01,0.0,0.0
13.515111049000001,0.0,0.01,0.0,0.0
13.516369009000002,0.0,0.01,0.0,0.01
13.517103484000002,0.0,0.01,0.01,0.03
13.518309678000001,0.0,0.0,0.0,0.0
13.519147079000001,0.0,0.01,0.0,0.0
13.520267778000001,0.0,0.01,0.0,0.0
13.521150072000001,0.0,0.02,0.0,0.01
13.522381153000001,0.0,0.01,0.0,0.0
13.524388514,0.0,0.01,0.0,0.0
13.525107954000001,0.0,0.01,0.01,0.0
13.526365287,0.0,0.02,0.0,0.0
13.527084615000001,0.0,0.01,0.0,0.0
13.528369539000002,0.0,0.02,0.0,0.0
13.529107876000001,0.01,0.02,0.0,0.0
13.530296413,0.0,0.03,0.0,0.0
13.5310859,0.0,0.02,0.0,0.0
13.532377377000001,0.0,0.02,0.0,0.0
13.533110494,0.01,0.03,0.0,0.01
13.534256154000001,0.0,0.02,0.0,0.0
13.535080973000001,0.0,0.03,0.01,0.0
13.536356828,0.0,0.02,0.01,0.0
13.537136208000002,0.0,0.03,0.01,0.0
13.538343638,0.0,0.02,0.0,0.0
13.540389521000002,0.0,0.02,0.0,0.01
13.541088653000001,0.0,0.02,0.0,0.0
13.542373362000001,0.0,0.02,0.01,0.0
13.543093562000001,0.0,0.02,0.0,0.0
13.544355950000002,0.0,0.02,0.0,0.0
13.545088418,0.0,0.02,0.01,0.0
13.546369611000001,0.01,0.02,0.0,0.0
13.547122281,0.0,0.02,0.01,0.0
13.548309659000001,0.0,0.02,0.0,0.0
13.549154430000002,0.0,0.03,0.01,0.0
13.550293107000002,0.0,0.02,0.0,0.0
13.551081043000002,0.01,0.02,0.01,0.01
13.552397034,0.0,0.02,0.01,0.0
13.554385439,0.0,0.02,0.0,0.0
13.555114844,0.0,0.03,0.0,0.0
13.556362068,0.01,0.01,0.0,0.0
13.5570918,0.0,0.02,0.01,0.0
13.558252352,0.0,0.02,0.0,0.0
13.559113174,0.0,0.02,0.0,0.02
13.560371395,0.0,0.02,0.0,0.0
13.561087623,0.0,0.02,0.01,0.0
13.562368449000001,0.0,0.02,0.0,0.0
13.563088379000002,0.0,0.02,0.0,0.0
13.564238314,0.01,0.02,0.0,0.0
13.565083644000001,0.0,0.02,0.0,0.0
13.566310730000001,0.01,0.02,0.01,0.0
13.567085609000001,0.0,0.02,0.0,0.01
13.56834654,0.0,0.02,0.0,0.0
13.570162455,0.0,0.02,0.0,0.0
13.571255774,0.0,0.02,0.0,0.01
13.572234563,0.0,0.01,0.0,0.0
13.573355122,0.0,0.02,0.01,0.0
13.574088856000001,0.0,0.01,0.0,0.0
13.575365587,0.0,0.01,0.01,0.0
13.576084222,0.0,0.02,0.0,0.0
13.577371855,0.0,0.02,0.01,0.0
13.578136072000001,0.0,0.02,0.0,0.0
13.579281985000001,0.0,0.02,0.0,0.0
13.580086823,0.0,0.02,0.01,0.0
13.581298103000002,0.0,0.02,0.0,0.0
13.583348025000001,0.0,0.02,0.0,0.0
13.58409237,0.0,0.02,0.0,0.01
13.585376700000001,0.0,0.01,0.0,0.0
13.586088628,0.0,0.02,0.0,0.0
13.587389201,0.01,0.01,0.0,0.0
13.588091374000001,0.0,0.02,0.0,0.0
13.589335077000001,0.01,0.03,0.0,0.0
13.590090632,0.01,0.03,0.01,0.0
13.591393409,0.01,0.01,0.01,0.05
13.592091932,0.0,0.02,0.02,0.0
13.593397353,0.0,0.02,0.0,0.0
13.594115346,0.0,0.02,0.0,0.0
13.595289990000001,0.0,0.02,0.01,0.0
13.596157354,0.0,0.02,0.01,0.0
13.597376746,0.0,0.02,0.0,0.0
13.59815693,0.0,0.02,0.0,0.0
13.599388568,0.01,0.02,0.0,0.0
13.601377346000001,0.0,0.02,0.0,0.0
13.60210941,0.0,0.02,0.0,0.0
13.603354199,0.0,0.02,0.01,0.02
13.604165044,0.0,0.02,0.0,0.0
13.605366907,0.0,0.02,0.0,0.0
13.606083145000001,0.0,0.03,0.0,0.0
13.607380444,0.0,0.01,0.0,0.0
13.60808315,0.0,0.02,0.0,0.0
13.609274301000001,0.0,0.03,0.01,0.0
13.610179299,0.0,0.02,0.01,0.0
13.611351174000001,0.0,0.02,0.01,0.01
13.612125310000001,0.0,0.01,0.0,0.0
13.613391078000001,0.0,0.02,0.0,0.0
13.615429842000001,0.0,0.01,0.0,0.0
13.616086547,0.0,0.01,0.01,0.0
13.617366956000001,0.0,0.01,0.0,0.0
13.618087173000001,0.01,0.02,0.0,0.0
13.619238908000002,0.01,0.01,0.01,0.01
13.620367891,0.0,0.02,0.0,0.01
13.621115915,0.0,0.02,0.01,0.0
13.62247288,0.02,0.02,0.01,0.0
13.623076108000001,0.01,0.02,0.0,0.0
13.624279511000001,0.0,0.01,0.0,0.0
13.625173944,0.01,0.01,0.0,0.0
13.626303756,0.0,0.01,0.0,0.0
13.627180157000002,0.0,0.03,0.0,0.0
13.628242740000001,0.0,0.01,0.0,0.0
13.629378012,0.0,0.01,0.01,0.0
13.631381525,0.0,0.0,0.0,0.0
13.632080539,0.0,0.01,0.0,0.01
13.633380732000001,0.01,0.01,0.0,0.0
13.634107458,0.0,0.01,0.0,0.01
13.635396168000002,0.0,0.01,0.0,0.0
13.636104653,0.0,0.01,0.0,0.01
13.637395407000001,0.0,0.01,0.0,0.02
13.63807429,0.0,0.01,0.01,0.0
13.639251523,0.0,0.01,0.0,0.0
13.640256108,0.0,0.01,0.0,0.0
13.641262775000001,0.0,0.0,0.0,0.0
13.642154841,0.01,0.0,0.0,0.0
13.643389909000001,0.01,0.01,0.0,0.0
13.645413952,0.0,0.01,0.0,0.0
13.646079734,0.0,0.01,0.0,0.0
13.647378108000002,0.0,0.0,0.0,0.0
13.648130622,0.0,0.02,0.0,0.0
13.649379026,0.0,0.01,0.0,0.0
13.65008015,0.0,0.01,0.0,0.0
13.651424556,0.0,0.01,0.0,0.0
13.652079904,0.0,0.01,0.0,0.0
13.653297377000001,0.0,0.01,0.01,0.01
13.654128756,0.0,0.01,0.0,0.0
13.655292247,0.0,0.0,0.0,0.0
13.656080213000001,0.0,0.01,0.0,0.0
13.657330466000001,0.0,0.01,0.0,0.0
13.659361947,0.0,0.07,0.0,0.0
13.660090273000002,0.0,0.01,0.0,0.01
13.661271694000002,0.0,0.01,0.0,0.0
13.662091409,0.0,0.01,0.01,0.01
13.663355933,0.0,0.01,0.0,0.0
13.664146125,0.01,0.0,0.0,0.0
13.665366556,0.0,0.01,0.0,0.0
13.666120786,0.0,0.01,0.0,0.0
13.667372633000001,0.0,0.01,0.0,0.0
13.668087159,0.0,0.01,0.0,0.0
13.669272142,0.0,0.0,0.01,0.01
13.670135088,0.0,0.01,0.0,0.0
13.67129676,0.0,0.01,0.0,0.0
13.672133547000001,0.0,0.01,0.0,0.0
13.673338627000001,0.01,0.01,0.0,0.01
13.675378578,0.0,0.01,0.01,0.0
13.676089944000001,0.0,0.01,0.0,0.0
13.677374364,0.0,0.0,0.0,0.01
13.678114202000001,0.0,0.01,0.01,0.0
13.679376513000001,0.0,0.01,0.0,0.0
13.680113385,0.0,0.01,0.0,0.0
13.681288669,0.0,0.01,0.0,0.0
13.68208309,0.0,0.01,0.01,0.0
13.683292764,0.0,0.0,0.01,0.01
13.684170667,0.0,0.01,0.0,0.0
13.685265949000001,0.0,0.01,0.0,0.0
13.686083894000001,0.0,0.01,0.01,0.0
13.6873716,0.0,0.01,0.01,0.0
13.689352427000001,0.0,0.01,0.0,0.0
13.690090406000001,0.0,0.01,0.0,0.0
13.691365339,0.01,0.01,0.0,0.0
13.692088342000002,0.0,0.01,0.0,0.0
13.693380416,0.0,0.02,0.01,0.0
13.694085354,0.0,0.01,0.0,0.0
13.695362623000001,0.0,0.01,0.01,0.0
13.696119286,0.0,0.02,0.0,0.01
13.697369040000002,0.0,0.01,0.0,0.0
13.698083022,0.0,0.02,0.0,0.01
13.69927505,0.0,0.01,0.0,0.02
13.700080515000002,0.01,0.01,0.0,0.02
13.70126527,0.0,0.01,0.0,0.02
13.702081625000002,0.0,0.03,0.0,0.0
13.703348107,0.0,0.01,0.0,0.0
13.705366037000001,0.01,0.0,0.0,0.0
13.706123577000001,0.0,0.04,0.0,0.0
13.707360839000001,0.0,0.01,0.0,0.0
13.708118045,0.0,0.01,0.0,0.01
13.709369277,0.0,0.01,0.01,0.0
13.710119848000001,0.0,0.01,0.0,0.0
13.711370347,0.0,0.01,0.01,0.0
13.712108570000002,0.0,0.02,0.01,0.0
13.713268172000001,0.0,0.01,0.0,0.0
13.714159307000001,0.0,0.01,0.01,0.0
13.715243187,0.0,0.01,0.0,0.0
13.716268659,0.0,0.0,0.0,0.0
13.717161860000001,0.0,0.01,0.0,0.0
13.718425329,0.0,0.01,0.01,0.01
13.720402191000002,0.0,0.02,0.0,0.01
13.721088198,0.0,0.01,0.0,0.0
13.722371701,0.0,0.01,0.01,0.0
13.723117069,0.01,0.01,0.0,0.0
13.724371987000001,0.0,0.01,0.0,0.01
13.725082124,0.0,0.01,0.0,0.0
13.726378735,0.0,0.01,0.0,0.0
13.727130254,0.0,0.01,0.0,0.0
13.728372181000001,0.0,0.01,0.02,0.0
13.729124904,0.0,0.01,0.02,0.0
13.730240099000001,0.0,0.01,0.01,0.0
13.731258853000002,0.0,0.01,0.01,0.01
13.732136777000001,0.0,0.0,0.0,0.0
13.733417749000001,0.01,0.01,0.0,0.0
13.735387463,0.01,0.01,0.0,0.0
13.736082858000001,0.01,0.01,0.0,0.0
13.737386107,0.0,0.01,0.01,0.0
13.738081130000001,0.0,0.01,0.0,0.0
13.739247821000001,0.0,0.01,0.0,0.01
13.740360193,0.01,0.02,0.0,0.0
13.741076609,0.02,0.01,0.0,0.0
13.742344855,0.0,0.01,0.0,0.0
13.743078732,0.0,0.01,0.0,0.0
13.744261816000002,0.0,0.0,0.0,0.01
13.745268563000002,0.0,0.01,0.0,0.0
13.746129636000001,0.01,0.01,0.0,0.0
13.747369091000001,0.01,0.01,0.01,0.0
13.74819791,0.01,0.01,0.0,0.0
13.750380001000002,0.01,0.01,0.0,0.01
13.751119092000001,0.0,0.01,0.0,0.0
13.752344552,0.01,0.01,0.0,0.02
13.753125651000001,0.0,0.01,0.0,0.0
13.754384318000001,0.0,0.01,0.0,0.0
13.755111607000002,0.0,0.01,0.0,0.0
13.756283407000002,0.0,0.0,0.0,0.0
13.757120096000001,0.0,0.01,0.0,0.0
13.758344274,0.01,0.0,0.0,0.0
13.759080752000001,0.0,0.01,0.0,0.0
13.760273479,0.0,0.01,0.0,0.0
13.761136588000001,0.0,0.01,0.0,0.0
13.762383920000001,0.0,0.0,0.0,0.0
13.764395233,0.0,0.0,0.01,0.01
13.765083143,0.0,0.01,0.01,0.0
13.766522034000001,0.0,0.01,0.0,0.0
13.767080319000002,0.0,0.02,0.01,0.0
13.768385391,0.0,0.01,0.0,0.0
13.769076700000001,0.0,0.02,0.0,0.0
13.77026258,0.01,0.01,0.0,0.0
13.771087903000002,0.0,0.0,0.0,0.0
13.772324701,0.0,0.01,0.01,0.0
13.773075768,0.0,0.01,0.04,0.01
13.774327777000002,0.0,0.01,0.0,0.0
13.775146316,0.01,0.01,0.01,0.0
13.776247416,0.01,0.01,0.0,0.01
13.7772634,0.0,0.01,0.0,0.0
13.779411840000002,0.06,0.01,0.0,0.0
13.780080771000002,0.0,0.01,0.02,0.0
13.781245079000001,0.0,0.02,0.0,0.0
13.782222930000001,0.0,0.01,0.01,0.0
13.783362269000001,0.01,0.01,0.0,0.0
13.784138058000002,0.0,0.01,0.0,0.0
13.785214566,0.0,0.01,0.0,0.0
13.786240241000002,0.0,0.01,0.0,0.01
13.787372549,0.0,0.02,0.0,0.01
13.788081015000001,0.0,0.01,0.0,0.0
13.789114316000001,0.0,0.01,0.01,0.0
13.790152853,0.01,0.01,0.0,0.01
13.791232009000002,0.0,0.01,0.0,0.0
13.792363935000001,0.0,0.01,0.01,0.0
13.794376826,0.0,0.01,0.01,0.0
13.795088303,0.0,0.01,0.0,0.0
13.796264997000002,0.0,0.01,0.0,0.0
13.797087011,0.0,0.0,0.0,0.0
13.798333727000001,0.0,0.01,0.0,0.0
13.799152076,0.0,0.01,0.0,0.0
13.800362779,0.0,0.01,0.0,0.0
13.801084904000001,0.0,0.01,0.0,0.0
13.802253496,0.0,0.01,0.0,0.0
13.803097127000001,0.0,0.01,0.0,0.0
13.804446949,0.0,0.01,0.0,0.0
13.805087530000002,0.0,0.01,0.0,0.0
13.806266133000001,0.0,0.01,0.01,0.0
13.807142302,0.0,0.01,0.01,0.01
13.808486846000001,0.0,0.0,0.0,0.0
13.810367155000002,0.0,0.01,0.0,0.0
13.811088803,0.0,0.01,0.01,0.0
13.812354805,0.0,0.01,0.01,0.0
13.813148185000001,0.01,0.01,0.0,0.0
13.814438284000001,0.0,0.01,0.04,0.01
13.815088159,0.0,0.01,0.0,0.0
13.816367652,0.0,0.01,0.0,0.0
13.817085472,0.0,0.01,0.0,0.0
13.818331425,0.0,0.02,0.01,0.0
13.819082871,0.02,0.02,0.01,0.01
13.820301466,0.0,0.01,0.0,0.0
13.821171811000001,0.0,0.01,0.01,0.01
13.822381324,0.0,0.0,0.0,0.0
13.824366249,0.0,0.0,0.0,0.0
13.825118839000002,0.0,0.01,0.01,0.01
13.826358444,0.0,0.0,0.0,0.01
13.827088509000001,0.0,0.01,0.0,0.01
13.828332859000001,0.0,0.01,0.01,0.0
13.829182663000001,0.01,0.0,0.01,0.0
13.830378491000001,0.0,0.0,0.0,0.0
13.831110111000001,0.0,0.0,0.01,0.0
13.832283798,0.01,0.02,0.0,0.0
13.833123613000001,0.0,0.01,0.0,0.0
13.834293268000001,0.0,0.01,0.0,0.01
13.835174152,0.0,0.01,0.0,0.0
13.836129785,0.0,0.0,0.0,0.0
13.837306949,0.0,0.0,0.0,0.0
13.838145565000001,0.0,0.0,0.0,0.01
13.839292120000001,0.0,0.0,0.0,0.0
13.841371059,0.0,0.0,0.02,0.0
13.842129482,0.01,0.0,0.0,0.0
13.843200029,0.0,0.0,0.0,0.0
13.844371404,0.0,0.01,0.01,0.0
13.84508321,0.0,0.01,0.0,0.0
13.846377702000002,0.0,0.01,0.0,0.0
13.847085072,0.01,0.01,0.0,0.01
13.848371384,0.0,0.0,0.0,0.0
13.849120043000001,0.0,0.0,0.01,0.0
13.850297339,0.0,0.02,0.0,0.04
13.851167291000001,0.0,0.0,0.0,0.02
13.852275634000002,0.01,0.0,0.0,0.0
13.854366213,0.0,0.0,0.01,0.0
13.855112309,0.0,0.0,0.0,0.0
13.856350687,0.0,0.0,0.01,0.0
13.857119466,0.0,0.0,0.0,0.0
13.858356622,0.0,0.0,0.0,0.0
13.859161382000002,0.0,0.01,0.01,0.01
13.860370435,0.01,0.0,0.0,0.01
13.861082335,0.0,0.0,0.0,0.01
13.862396242,0.0,0.0,0.0,0.0
13.863082962,0.01,0.0,0.0,0.0
13.864281044,0.0,0.0,0.0,0.0
13.865144785,0.0,0.0,0.0,0.0
13.866245389000001,0.0,0.0,0.0,0.01
13.867123961,0.0,0.0,0.0,0.0
13.869249407000002,0.0,0.01,0.0,0.0
13.87020822,0.0,0.01,0.0,0.0
13.871270670000001,0.0,0.0,0.0,0.01
13.872091195000001,0.0,0.02,0.01,0.0
13.873358812000001,0.0,0.0,0.0,0.0
13.874131616000001,0.0,0.0,0.0,0.0
13.875364970000001,0.0,0.0,0.01,0.0
13.876111556000001,0.0,0.0,0.0,0.0
13.877306479000001,0.0,0.01,0.0,0.0
13.878136258000001,0.0,0.01,0.0,0.0
13.879329037000002,0.0,0.01,0.0,0.0
13.880155341,0.0,0.0,0.01,0.0
13.881241252,0.0,0.0,0.01,0.01
13.882235001000002,0.0,0.01,0.01,0.0
13.883282090000002,0.0,0.0,0.0,0.0
13.885267052000001,0.01,0.0,0.0,0.0
13.886284735,0.0,0.0,0.0,0.0
13.887366084000002,0.0,0.0,0.0,0.0
13.888114716,0.0,0.0,0.0,0.0
13.889262814,0.0,0.0,0.0,0.0
13.890225764,0.0,0.0,0.0,0.0
13.891380226,0.0,0.01,0.0,0.0
13.892116324000002,0.0,0.0,0.01,0.0
13.893372837000001,0.01,0.0,0.01,0.0
13.894116659000002,0.0,0.0,0.01,0.0
13.895304845,0.0,0.0,0.01,0.0
13.896080122,0.01,0.0,0.0,0.0
13.897265213,0.0,0.0,0.0,0.0
13.898250298,0.01,0.0,0.01,0.0
13.89932252,0.0,0.0,0.02,0.01
13.901381889000001,0.0,0.0,0.0,0.01
13.902119882000001,0.0,0.0,0.01,0.01
13.903421291,0.0,0.0,0.0,0.0
13.904088176,0.0,0.01,0.0,0.0
13.905373074000002,0.0,0.0,0.01,0.0
13.906128203000002,0.0,0.0,0.0,0.0
13.907328549,0.0,0.01,0.0,0.0
13.908159847,0.0,0.0,0.0,0.0
13.909294911000002,0.01,0.0,0.0,0.01
13.910075578,0.0,0.01,0.0,0.0
13.911227023,0.0,0.0,0.0,0.0
13.912255369,0.0,0.0,0.0,0.0
13.913398238000001,0.0,0.0,0.0,0.01
13.91539784,0.0,0.0,0.0,0.01
13.916082873,0.0,0.0,0.0,0.0
13.91733838,0.0,0.0,0.0,0.0
13.918084871000001,0.01,0.0,0.0,0.0
13.919352219,0.0,0.0,0.01,0.0
13.92008225,0.01,0.0,0.0,0.0
13.921472186,0.0,0.02,0.0,0.0
13.922088621,0.0,0.0,0.0,0.0
13.923358659000002,0.0,0.0,0.0,0.0
13.924082316000002,0.0,0.0,0.0,0.01
13.925276933000001,0.0,0.0,0.0,0.01
13.926083446000002,0.0,0.0,0.0,0.0
13.927281753,0.0,0.0,0.0,0.0
13.928079656000001,0.0,0.0,0.0,0.0
13.929319333,0.0,0.0,0.01,0.0
13.931277557000001,0.0,0.0,0.0,0.0
13.932095553000002,0.0,0.0,0.0,0.0
13.933185628,0.0,0.0,0.01,0.0
13.934365161,0.0,0.0,0.0,0.0
13.93508993,0.0,0.0,0.0,0.01
13.936264410000001,0.0,0.0,0.0,0.0
13.937186252,0.0,0.0,0.0,0.0
13.938363784000002,0.0,0.0,0.0,0.0
13.939085615000002,0.0,0.0,0.0,0.0
13.940328145,0.0,0.0,0.0,0.0
13.941125932,0.0,0.01,0.0,0.0
13.942288213000001,0.0,0.01,0.0,0.0
13.943083860000002,0.02,0.01,0.01,0.0
13.944462457,0.01,0.0,0.0,0.0
13.946378926000001,0.0,0.0,0.0,0.0
13.947128676,0.01,0.0,0.0,0.0
13.948381342000001,0.0,0.01,0.0,0.0
13.949084948000001,0.0,0.01,0.0,0.0
13.950347326000001,0.0,0.01,0.0,0.0
13.951083645,0.0,0.01,0.01,0.0
13.952383637,0.01,0.0,0.0,0.0
13.953084074000001,0.0,0.0,0.0,0.0
13.954473618000002,0.0,0.0,0.0,0.0
13.955091205,0.0,0.0,0.0,0.0
13.956285297,0.0,0.0,0.01,0.0
13.957114509,0.0,0.0,0.0,0.0
13.958398164,0.0,0.0,0.0,0.01
13.960229261,0.0,0.0,0.0,0.0
13.961349671,0.0,0.0,0.0,0.0
13.962159597000001,0.0,0.0,0.01,0.01
13.963252350000001,0.0,0.0,0.0,0.0
13.964174023,0.0,0.0,0.0,0.0
13.965390612,0.0,0.0,0.0,0.0
13.966078713000002,0.0,0.0,0.0,0.0
13.967386101,0.0,0.0,0.01,0.0
13.968134214,0.0,0.0,0.01,0.0
13.969540684,0.0,0.0,0.01,0.0
13.970083916,0.0,0.0,0.02,0.0
13.971304395,0.0,0.0,0.0,0.03
13.972084811,0.0,0.01,0.0,0.0
13.973391988000001,0.0,0.01,0.0,0.0
13.975386498,0.0,0.0,0.0,0.0
13.976090265000002,0.0,0.0,0.01,0.0
13.977354166000001,0.01,0.01,0.0,0.0
13.978085561,0.0,0.01,0.0,0.0
13.979272416,0.0,0.0,0.0,0.0
13.980117170000002,0.0,0.0,0.0,0.0
13.981351822,0.0,0.0,0.0,0.01
13.982147276000001,0.0,0.0,0.0,0.01
13.983370077,0.0,0.0,0.0,0.0
13.984118658000002,0.0,0.0,0.0,0.0
13.985268152000002,0.0,0.0,0.0,0.01
13.986283357000001,0.0,0.0,0.0,0.0
13.987121652,0.0,0.0,0.0,0.0
13.988431075000001,0.0,0.0,0.0,0.0
13.989078948000001,0.0,0.0,0.0,0.0
13.990356609,0.0,0.0,0.0,0.0
13.992310093,0.0,0.0,0.0,0.0
13.993164799,0.0,0.0,0.0,0.0
13.994357052000002,0.01,0.0,0.0,0.0
13.995087757,0.0,0.0,0.0,0.0
13.996376215000002,0.0,0.0,0.0,0.0
13.997114965000002,0.0,0.0,0.0,0.0
13.998370334,0.0,0.0,0.01,0.0
13.999090516,0.01,0.0,0.0,0.0
14.000262705,0.01,0.0,0.0,0.0
14.001117033000002,0.0,0.0,0.0,0.0
14.00230593,0.0,0.0,0.0,0.0
14.003185123000002,0.0,0.0,0.01,0.0
14.004344374,0.0,0.0,0.0,0.0
14.006360017,0.0,0.0,0.0,0.01
14.007123993,0.0,0.0,0.0,0.0
14.008360649,0.01,0.0,0.01,0.01
14.009120314,0.03,0.0,0.0,0.0
14.010373913,0.0,0.0,0.0,0.0
14.011109897,0.03,0.0,0.02,0.0
14.012373556,0.0,0.0,0.01,0.01
14.013083355000001,0.0,0.0,0.01,0.0
14.014344342000001,0.0,0.0,0.04,0.01
14.015082189000001,0.0,0.0,0.03,0.0
14.016283288,0.0,0.01,0.0,0.0
14.017081436000002,0.0,0.01,0.0,0.0
14.018390736,0.0,0.0,0.0,0.0
14.020343326,0.0,0.0,0.0,0.0
14.021089027,0.0,0.0,0.0,0.0
14.022263251,0.0,0.0,0.0,0.0
14.023091477000001,0.0,0.0,0.01,0.0
14.024365278000001,0.0,0.0,0.0,0.0
14.025088858,0.0,0.0,0.0,0.0
14.026371764,0.0,0.0,0.0,0.0
14.027091066,0.0,0.0,0.0,0.0
14.028279084000001,0.0,0.0,0.01,0.0
14.029089207,0.0,0.0,0.0,0.0
14.030181057,0.0,0.0,0.0,0.0
14.031280232,0.0,0.01,0.0,0.0
14.032165956,0.0,0.01,0.0,0.0
14.033414252,0.0,0.0,0.01,0.0
14.034079505000001,0.0,0.0,0.0,0.0
14.036507997000001,0.0,0.0,0.01,0.0
14.037086277,0.0,0.0,0.0,0.0
14.038376750000001,0.0,0.0,0.0,0.0
14.03910297,0.0,0.0,0.0,0.0
14.040398136,0.01,0.0,0.01,0.01
14.041083073000001,0.0,0.0,0.0,0.0
14.042416285000002,0.0,0.0,0.0,0.0
14.043077438000001,0.0,0.0,0.0,0.0
14.044484614000002,0.0,0.0,0.01,0.0
14.045077285000001,0.0,0.01,0.0,0.0
14.046290743,0.0,0.01,0.0,0.0
14.047080889,0.01,0.0,0.0,0.0
14.048418129000002,0.0,0.0,0.0,0.0
14.050378936000001,0.0,0.0,0.0,0.0
14.051113229,0.0,0.01,0.01,0.0
14.052244831000001,0.0,0.0,0.0,0.0
14.053167172,0.0,0.0,0.01,0.04
14.054373846,0.0,0.0,0.0,0.0
14.055086161,0.0,0.0,0.0,0.0
14.056441533000001,0.0,0.0,0.0,0.01
14.057089685000001,0.0,0.01,0.01,0.0
14.058372011000001,0.0,0.0,0.0,0.01
14.059082765000001,0.01,0.01,0.01,0.01
14.060265527,0.0,0.0,0.0,0.0
14.061090692,0.0,0.0,0.01,0.0
14.062306539000001,0.0,0.0,0.0,0.0
14.063180626000001,0.01,0.0,0.0,0.01
14.064422054000001,0.0,0.0,0.0,0.01
14.066412408000001,0.01,0.01,0.0,0.0
14.067082526,0.0,0.01,0.0,0.0
14.068390372000001,0.01,0.0,0.01,0.0
14.069082786000001,0.0,0.01,0.01,0.0
14.070382111,0.0,0.0,0.0,0.0
14.071081033,0.0,0.0,0.0,0.0
14.072391012,0.0,0.0,0.0,0.0
14.073079879000002,0.0,0.0,0.01,0.0
14.074330274000001,0.01,0.0,0.0,0.0
14.075160812,0.0,0.04,0.0,0.0
14.076290574000001,0.0,0.06,0.0,0.0
14.077160650000001,0.0,0.06,0.0,0.0
14.078408445,0.0,0.06,0.0,0.0
14.079075914,0.0,0.06,0.0,0.0
14.081386153,0.01,0.06,0.0,0.01
14.082082411,0.0,0.06,0.0,0.0
14.083376268,0.0,0.07,0.0,0.0
14.084111646,0.01,0.07,0.01,0.0
14.085386378,0.0,0.06,0.01,0.0
14.086115909,0.0,0.05,0.0,0.0
14.087384219,0.0,0.06,0.0,0.01
14.088082235000002,0.0,0.06,0.0,0.0
14.089257937000001,0.0,0.05,0.0,0.0
14.090080091,0.0,0.06,0.01,0.0
14.091286863,0.0,0.05,0.0,0.0
14.092123958,0.0,0.06,0.0,0.0
14.09338218,0.0,0.05,0.0,0.0
14.095363291000002,0.0,0.07,0.0,0.0
14.096087312000002,0.0,0.06,0.01,0.01
14.097361707000001,0.0,0.06,0.0,0.0
14.098111172000001,0.0,0.07,0.0,0.0
14.099449948,0.0,0.06,0.0,0.0
14.100084364,0.0,0.05,0.0,0.0
14.101390757,0.0,0.07,0.0,0.0
14.102110573000001,0.0,0.05,0.0,0.0
14.103382102000001,0.0,0.06,0.0,0.0
14.10408054,0.0,0.07,0.0,0.01
14.105230653000001,0.0,0.06,0.0,0.0
14.10626749,0.0,0.07,0.0,0.0
14.107154852,0.0,0.07,0.0,0.01
14.108301999,0.0,0.06,0.01,0.0
14.109208003,0.0,0.06,0.0,0.0
14.110433598,0.0,0.06,0.01,0.0
14.112219008,0.0,0.05,0.0,0.0
14.113275320000001,0.0,0.06,0.0,0.0
14.114084016000001,0.0,0.06,0.0,0.0
14.115362017,0.0,0.06,0.0,0.0
14.116085498,0.0,0.07,0.0,0.01
14.117381063000002,0.01,0.07,0.0,0.0
14.118083863,0.0,0.06,0.0,0.0
14.119343152,0.0,0.07,0.0,0.0
14.120121185,0.0,0.06,0.0,0.0
14.121284122,0.0,0.06,0.0,0.0
14.122174562000001,0.0,0.07,0.0,0.0
14.123431972,0.0,0.05,0.01,0.0
14.124074397000001,0.0,0.09,0.0,0.0
14.126119030000002,0.0,0.05,0.01,0.0
14.127181521,0.0,0.07,0.0,0.0
14.128378409000002,0.0,0.07,0.0,0.0
14.129088942000001,0.0,0.05,0.0,0.0
14.13013242,0.0,0.08,0.0,0.0
14.131356532000002,0.0,0.05,0.01,0.0
14.132087651,0.0,0.05,0.0,0.0
14.133344983,0.0,0.06,0.0,0.0
14.134106616,0.0,0.07,0.0,0.0
14.135168429,0.0,0.07,0.01,0.01
14.136173698,0.0,0.06,0.0,0.01
14.137166897,0.0,0.06,0.0,0.0
14.139246443000001,0.0,0.06,0.0,0.0
14.140249337,0.0,0.06,0.0,0.0
14.141259636000001,0.01,0.06,0.0,0.0
14.142204009,0.0,0.07,0.01,0.0
14.143252290000001,0.0,0.07,0.01,0.01
14.144214469000001,0.0,0.06,0.0,0.0
14.145379169000002,0.0,0.06,0.0,0.0
14.146088591000002,0.0,0.06,0.0,0.0
14.14717291,0.0,0.06,0.01,0.0
14.148105782,0.01,0.06,0.0,0.0
14.149185834,0.0,0.04,0.0,0.0
14.150311891000001,0.0,0.06,0.0,0.0
14.151091641,0.01,0.07,0.0,0.02
14.152291121000001,0.0,0.06,0.0,0.01
14.15313824,0.0,0.06,0.0,0.0
14.154333598000001,0.01,0.06,0.0,0.0
14.156363755000001,0.0,0.06,0.0,0.0
14.157129366000001,0.0,0.06,0.0,0.0
14.158371323,0.0,0.07,0.0,0.0
14.159093915000001,0.0,0.04,0.01,0.0
14.16036255,0.01,0.06,0.0,0.0
14.161112328000002,0.0,0.07,0.01,0.01
14.162368829,0.0,0.07,0.0,0.0
14.163086234000001,0.0,0.07,0.03,0.02
14.164231979,0.0,0.06,0.0,0.0
14.165449186,0.0,0.07,0.01,0.02
14.166085221000001,0.0,0.07,0.0,0.0
14.167292096,0.0,0.08,0.01,0.0
14.168080026,0.01,0.07,0.0,0.01
14.169426362000001,0.02,0.06,0.02,0.01
14.171388554000002,0.0,0.07,0.01,0.0
14.172087775000001,0.0,0.07,0.01,0.0
14.173355492,0.01,0.05,0.01,0.01
14.174087314000001,0.01,0.06,0.0,0.0
14.175236748000001,0.0,0.07,0.0,0.0
14.176371300000001,0.0,0.06,0.0,0.0
14.177084240000001,0.0,0.07,0.0,0.0
14.178372745,0.0,0.06,0.01,0.0
14.179083995000001,0.01,0.07,0.0,0.0
14.180280988000002,0.0,0.06,0.0,0.01
14.181169778000001,0.0,0.08,0.01,0.0
14.182265116000002,0.0,0.06,0.01,0.0
14.183126486,0.0,0.06,0.0,0.01
14.184387255,0.0,0.06,0.0,0.0
14.186299184000001,0.01,0.06,0.0,0.01
14.187093111000001,0.0,0.06,0.0,0.0
14.188371372,0.0,0.06,0.0,0.0
14.189093334,0.0,0.07,0.0,0.0
14.190149463000001,0.0,0.07,0.0,0.0
14.191392722000002,0.0,0.05,0.01,0.0
14.192091963000001,0.0,0.06,0.0,0.0
14.193407676000001,0.0,0.06,0.0,0.0
14.194091432,0.01,0.07,0.0,0.0
14.195185524000001,0.0,0.06,0.0,0.0
14.196269829,0.0,0.06,0.0,0.0
14.197131506000002,0.0,0.05,0.0,0.0
14.198300876000001,0.01,0.05,0.01,0.01
14.199192046,0.0,0.04,0.0,0.0
14.200377937,0.0,0.07,0.0,0.0
14.202379525000001,0.0,0.05,0.01,0.0
14.203090626000002,0.0,0.05,0.0,0.0
14.204386181,0.0,0.07,0.01,0.01
14.20510967,0.01,0.05,0.0,0.01
14.206350594000002,0.0,0.06,0.0,0.01
14.207092761,0.0,0.06,0.01,0.0
14.208351558,0.0,0.06,0.0,0.0
14.209126679,0.0,0.06,0.0,0.0
14.210231897000002,0.0,0.05,0.0,0.0
14.211250041000001,0.0,0.06,0.0,0.01
14.212124516000001,0.0,0.06,0.0,0.0
14.213305612000001,0.01,0.06,0.01,0.0
14.214165073,0.0,0.06,0.0,0.0
14.215376133000001,0.0,0.06,0.01,0.0
14.217409933,0.0,0.06,0.01,0.0
14.218124000000001,0.0,0.05,0.0,0.0
14.21938023,0.0,0.06,0.0,0.0
14.220080725,0.0,0.06,0.01,0.0
14.221372696000001,0.0,0.05,0.0,0.0
14.222083201,0.0,0.05,0.01,0.0
14.223383975,0.0,0.05,0.01,0.0
14.224139878,0.0,0.06,0.0,0.0
14.225275666000002,0.01,0.06,0.0,0.0
14.226165918000001,0.0,0.06,0.0,0.0
14.227276148000001,0.0,0.06,0.0,0.0
14.228073983000002,0.01,0.06,0.0,0.03
14.229453282000001,0.0,0.05,0.0,0.0
14.231421792,0.0,0.05,0.01,0.0
14.232083636,0.01,0.05,0.0,0.0
14.233335126,0.02,0.05,0.0,0.0
14.234081077,0.0,0.06,0.0,0.0
14.235311897,0.0,0.05,0.0,0.0
14.236119764000001,0.01,0.06,0.01,0.0
14.237271561,0.0,0.06,0.0,0.0
14.2381317,0.0,0.05,0.0,0.01
14.239344898,0.0,0.06,0.0,0.0
14.240149963,0.0,0.06,0.0,0.0
14.241260586000001,0.0,0.06,0.0,0.0
14.242082739,0.0,0.06,0.0,0.02
14.243258136000001,0.0,0.05,0.0,0.0
14.244176839000001,0.0,0.05,0.0,0.0
14.245335316,0.0,0.05,0.0,0.01
14.247346239,0.01,0.05,0.0,0.01
14.248091700000002,0.01,0.06,0.01,0.0
14.249380203000001,0.0,0.06,0.0,0.0
14.250088928,0.01,0.05,0.0,0.01
14.251376229000002,0.0,0.08,0.01,0.0
14.252113945000001,0.0,0.07,0.0,0.0
14.253387819,0.0,0.06,0.0,0.0
14.254112288000002,0.0,0.05,0.01,0.0
14.255277738,0.01,0.05,0.0,0.0
14.256168409,0.0,0.06,0.0,0.0
14.257262896,0.0,0.05,0.0,0.0
14.258102296,0.0,0.06,0.0,0.0
14.259388941000001,0.0,0.06,0.0,0.01
14.261394508,0.0,0.06,0.01,0.0
14.262094260000001,0.0,0.06,0.0,0.0
14.263385263000002,0.0,0.06,0.0,0.0
14.264087829000001,0.0,0.06,0.0,0.0
14.265377291,0.0,0.05,0.02,0.01
14.266088639000001,0.0,0.06,0.0,0.0
14.267262598,0.0,0.05,0.01,0.0
14.26816896,0.0,0.06,0.0,0.0
14.269365699000002,0.0,0.06,0.01,0.0
14.270088368000001,0.0,0.06,0.0,0.0
14.271554213000002,0.0,0.07,0.01,0.0
14.272084083000001,0.0,0.06,0.02,0.0
14.273314475000001,0.0,0.06,0.0,0.01
14.274086463000002,0.0,0.06,0.01,0.0
14.275349765000001,0.0,0.06,0.0,0.0
14.277377148000001,0.0,0.07,0.0,0.0
14.278091261,0.0,0.06,0.0,0.0
14.279369537000001,0.01,0.07,0.0,0.0
14.280115731,0.0,0.06,0.01,0.0
14.281383224,0.0,0.07,0.0,0.0
14.282090985000002,0.01,0.05,0.01,0.0
14.283370889,0.0,0.06,0.0,0.0
14.284088515,0.0,0.06,0.0,0.0
14.285282997000001,0.01,0.05,0.0,0.0
14.286170979000001,0.0,0.06,0.0,0.0
14.287235034,0.0,0.06,0.0,0.01
14.288176223,0.0,0.06,0.0,0.0
14.289321363,0.01,0.06,0.0,0.0
14.291395627000002,0.0,0.06,0.0,0.0
14.292125590000001,0.0,0.05,0.01,0.02
14.293270575000001,0.0,0.05,0.0,0.03
14.294087111000001,0.0,0.05,0.0,0.01
14.295261655000001,0.0,0.05,0.0,0.0
14.296223934,0.0,0.05,0.0,0.0
14.297273231,0.0,0.06,0.0,0.0
14.298122656,0.0,0.06,0.0,0.0
14.299287916,0.01,0.06,0.01,0.01
14.300077544,0.0,0.05,0.0,0.01
14.301258024000001,0.0,0.06,0.01,0.0
14.302265882,0.0,0.05,0.01,0.0
14.303121871,0.0,0.05,0.0,0.0
14.304409707000001,0.0,0.05,0.0,0.0
14.306382132000001,0.0,0.05,0.0,0.0
14.307087761,0.0,0.06,0.0,0.0
14.308382304,0.0,0.05,0.0,0.01
14.309110759000001,0.0,0.05,0.0,0.01
14.310298316,0.0,0.06,0.01,0.0
14.311081945000002,0.0,0.06,0.0,0.0
14.312241268000001,0.0,0.06,0.0,0.0
14.313379350000002,0.0,0.05,0.0,0.0
14.314078366,0.0,0.06,0.01,0.0
14.315336069,0.0,0.06,0.0,0.0
14.316114161000002,0.0,0.05,0.0,0.0
14.317249527000001,0.0,0.07,0.0,0.0
14.318274625,0.01,0.06,0.0,0.0
14.319177096,0.0,0.05,0.0,0.0
14.320128424000002,0.0,0.06,0.0,0.0
14.322390256,0.0,0.11,0.0,0.01
14.323081408,0.01,0.06,0.05,0.01
14.324353707,0.0,0.06,0.0,0.01
14.325150663,0.0,0.06,0.0,0.03
14.326328312000001,0.0,0.06,0.0,0.0
14.327183248,0.01,0.07,0.0,0.0
14.328225158,0.0,0.06,0.0,0.0
14.329356527000002,0.0,0.06,0.0,0.01
14.330111842,0.0,0.06,0.0,0.02
14.331267117000001,0.01,0.06,0.0,0.0
14.332235005000001,0.0,0.07,0.0,0.0
14.33308212,0.0,0.06,0.01,0.0
14.334326775000001,0.0,0.06,0.0,0.0
14.336346270000002,0.01,0.05,0.01,0.0
14.337179895,0.0,0.05,0.01,0.0
14.338360427000001,0.0,0.07,0.0,0.0
14.339119045,0.01,0.06,0.0,0.0
14.340372208000002,0.0,0.05,0.0,0.0
14.341085018000001,0.0,0.07,0.01,0.0
14.342374651,0.0,0.07,0.0,0.0
14.343080221000001,0.0,0.07,0.0,0.0
14.344287325000002,0.0,0.06,0.0,0.0
14.345126193,0.0,0.07,0.0,0.01
14.34627936,0.0,0.05,0.0,0.0
14.347135572000001,0.0,0.06,0.01,0.0
14.348418956000002,0.0,0.07,0.0,0.0
14.349082706,0.0,0.06,0.02,0.01
14.350409184,0.0,0.06,0.0,0.0
14.352307509000001,0.0,0.06,0.0,0.0
14.353098504,0.01,0.05,0.0,0.0
14.354368909000002,0.0,0.06,0.0,0.0
14.355088087,0.0,0.06,0.0,0.0
14.356342768000001,0.0,0.06,0.0,0.0
14.357084723000002,0.0,0.05,0.0,0.02
14.358386738,0.0,0.05,0.0,0.0
14.359111192,0.0,0.06,0.0,0.0
14.360386281,0.0,0.05,0.01,0.0
14.361106557000001,0.0,0.06,0.0,0.01
14.362265717000001,0.0,0.05,0.0,0.01
14.363145829,0.0,0.06,0.0,0.0
14.36424079,0.02,0.05,0.0,0.0
14.365533333,0.01,0.06,0.0,0.01
14.367382299,0.01,0.05,0.0,0.0
14.368108627000002,0.0,0.05,0.0,0.0
14.369289809000001,0.0,0.06,0.01,0.0
14.370171795000001,0.0,0.06,0.01,0.0
14.371371956,0.01,0.05,0.01,0.0
14.372081535000001,0.0,0.05,0.0,0.0
14.373380269,0.0,0.05,0.0,0.0
14.374087114000002,0.0,0.05,0.0,0.0
14.375326425,0.0,0.05,0.0,0.0
14.376081472000001,0.0,0.05,0.01,0.01
14.377254667,0.0,0.05,0.0,0.0
14.378281873,0.01,0.05,0.0,0.0
14.379181809,0.0,0.06,0.0,0.0
14.380378921,0.0,0.07,0.0,0.0
14.382399856000001,0.0,0.06,0.01,0.0
14.383086033000001,0.0,0.06,0.0,0.0
14.384273656000001,0.0,0.06,0.0,0.0
14.385400841000001,0.0,0.06,0.0,0.0
14.386085006,0.0,0.06,0.0,0.0
14.38740748,0.0,0.07,0.0,0.0
14.388091452000001,0.0,0.06,0.0,0.01
14.389379347,0.0,0.06,0.05,0.0
14.390125285000002,0.0,0.07,0.01,0.01
14.391307947000001,0.01,0.06,0.01,0.03
14.392132640000002,0.0,0.06,0.0,0.0
14.393281469000001,0.0,0.06,0.01,0.0
14.394177494000001,0.0,0.05,0.0,0.01
14.395358214000002,0.0,0.05,0.01,0.0
14.397261663,0.0,0.06,0.01,0.0
14.398134266000001,0.0,0.06,0.01,0.0
14.399377792000001,0.0,0.06,0.01,0.01
14.400087135000001,0.0,0.04,0.0,0.0
14.401325702000001,0.0,0.06,0.01,0.0
14.402161522,0.0,0.04,0.0,0.0
14.403231197,0.0,0.05,0.0,0.0
14.404488556,0.0,0.05,0.01,0.0
14.405079244000001,0.0,0.05,0.0,0.0
14.406254473,0.0,0.06,0.0,0.0
14.407292721000001,0.0,0.05,0.0,0.0
14.408184985,0.0,0.07,0.0,0.0
14.409271217,0.0,0.06,0.01,0.0
14.411463823,0.0,0.07,0.0,0.0
14.412085961,0.0,0.09,0.01,0.0
14.413244431,0.0,0.07,0.0,0.01
14.414371278,0.0,0.07,0.0,0.0
14.415088159000002,0.0,0.07,0.01,0.0
14.416206974000001,0.0,0.07,0.0,0.01
14.417350003000001,0.01,0.07,0.0,0.0
14.418084351000001,0.0,0.08,0.0,0.01
14.419377135000001,0.0,0.08,0.01,0.0
14.420117482,0.01,0.08,0.01,0.0
14.421326468,0.0,0.07,0.0,0.0
14.42208426,0.0,0.07,0.02,0.0
14.423296391000001,0.0,0.06,0.0,0.0
14.424080186000001,0.0,0.07,0.0,0.0
14.42529234,0.0,0.07,0.01,0.0
14.427393242,0.0,0.07,0.01,0.01
14.428087491000001,0.0,0.07,0.01,0.0
14.429375128,0.0,0.07,0.01,0.0
14.430112402,0.04,0.07,0.0,0.0
14.431259998000002,0.0,0.07,0.0,0.0
14.432203746,0.02,0.07,0.0,0.01
14.433367226000001,0.0,0.07,0.0,0.01
14.434088441,0.01,0.07,0.0,0.01
14.435416493000002,0.0,0.07,0.0,0.0
14.436081881000002,0.0,0.07,0.01,0.0
14.437281929000001,0.0,0.08,0.0,0.0
14.438084516000002,0.0,0.07,0.0,0.01
14.43927592,0.0,0.07,0.01,0.0
14.441368704,0.01,0.07,0.01,0.0
14.442091709000001,0.0,0.07,0.0,0.0
14.443312673000001,0.0,0.07,0.02,0.0
14.444132906,0.0,0.08,0.0,0.0
14.445335846,0.0,0.08,0.01,0.0
14.446131288,0.0,0.08,0.0,0.01
14.447363111000001,0.0,0.07,0.0,0.0
14.448090794,0.0,0.06,0.01,0.0
14.449238642000001,0.0,0.07,0.01,0.0
14.450208655,0.0,0.07,0.0,0.01
14.451259401000002,0.01,0.08,0.01,0.0
14.452105041000001,0.0,0.07,0.0,0.01
14.453285667000001,0.0,0.08,0.0,0.0
14.455168069,0.0,0.08,0.01,0.0
14.456105812,0.0,0.08,0.0,0.0
14.457345887,0.0,0.07,0.01,0.01
14.458126963000002,0.0,0.07,0.0,0.0
14.459370653,0.01,0.08,0.0,0.0
14.460156499000002,0.0,0.08,0.0,0.0
14.46117381,0.0,0.08,0.0,0.0
14.462214936,0.0,0.08,0.0,0.01
14.463185441,0.01,0.08,0.01,0.06
14.46419034,0.0,0.07,0.0,0.0
14.465204774,0.0,0.07,0.0,0.0
14.466197543000002,0.0,0.08,0.0,0.0
14.467197575,0.0,0.08,0.0,0.0
14.468181185,0.0,0.09,0.0,0.0
14.469164000000001,0.0,0.08,0.01,0.0
14.471387743000001,0.01,0.07,0.0,0.0
14.472172779000001,0.0,0.08,0.0,0.0
14.473161788,0.0,0.07,0.01,0.0
14.474209201,0.0,0.08,0.0,0.0
14.475196353000001,0.0,0.08,0.0,0.0
14.476195738000001,0.0,0.06,0.0,0.0
14.477193777,0.0,0.07,0.0,0.0
14.478164584000002,0.0,0.07,0.01,0.0
14.479192470000001,0.01,0.09,0.0,0.0
14.48015507,0.0,0.07,0.01,0.0
14.481171409000002,0.0,0.06,0.01,0.01
14.482148604,0.0,0.07,0.0,0.0
14.483153601000001,0.0,0.08,0.0,0.0
14.484366053,0.0,0.08,0.0,0.0
14.486347791,0.0,0.07,0.0,0.01
14.487121194,0.0,0.07,0.01,0.0
14.488261286,0.0,0.08,0.0,0.0
14.489124305,0.01,0.07,0.01,0.0
14.490229942000001,0.0,0.08,0.0,0.0
14.491104879000002,0.0,0.07,0.0,0.0
14.49222186,0.0,0.08,0.0,0.01
14.493213617,0.0,0.07,0.0,0.0
14.494216974,0.0,0.06,0.0,0.0
14.495221682,0.01,0.08,0.0,0.0
14.496164815,0.0,0.11,0.01,0.0
14.497290782,0.0,0.07,0.0,0.0
14.498126892,0.0,0.08,0.01,0.0
14.499331299000001,0.01,0.08,0.0,0.0
14.500096144,0.0,0.08,0.02,0.0
14.501347075000002,0.0,0.07,0.01,0.0
14.503380667,0.0,0.07,0.0,0.0
14.504096168,0.0,0.07,0.0,0.0
14.505231102000002,0.01,0.07,0.01,0.0
14.506226731000002,0.0,0.07,0.0,0.0
14.507199707000002,0.0,0.07,0.0,0.0
14.508222811000001,0.0,0.08,0.0,0.0
14.509217988000001,0.01,0.07,0.0,0.0
14.51021251,0.0,0.08,0.0,0.01
14.511156320000001,0.0,0.08,0.01,0.0
14.512287789,0.0,0.08,0.0,0.0
14.513126105000001,0.0,0.08,0.0,0.0
14.514115251000002,0.0,0.07,0.0,0.0
14.515131287,0.0,0.08,0.0,0.0
14.517360550000001,0.0,0.07,0.0,0.0
14.518088866000001,0.0,0.06,0.0,0.03
14.519223618000002,0.0,0.07,0.0,0.01
14.520254191000001,0.01,0.08,0.0,0.0
14.521256397,0.0,0.07,0.0,0.0
14.522253350000002,0.02,0.07,0.0,0.0
14.523255191,0.0,0.07,0.0,0.0
14.524194406000001,0.0,0.07,0.0,0.0
14.525195097000001,0.0,0.08,0.01,0.0
14.526157900000001,0.0,0.07,0.01,0.0
14.527282231000001,0.0,0.07,0.0,0.0
14.528166382,0.0,0.08,0.0,0.0
14.529178678000001,0.0,0.07,0.0,0.01
14.530246715,0.01,0.08,0.0,0.0
14.531251662,0.0,0.07,0.0,0.0
14.533266955,0.0,0.07,0.0,0.0
14.53409135,0.0,0.08,0.0,0.0
14.535361399000001,0.0,0.07,0.0,0.0
14.536099021,0.0,0.08,0.0,0.0
14.537377514000001,0.0,0.07,0.0,0.01
14.538095051,0.0,0.06,0.0,0.0
14.539363915000001,0.0,0.07,0.01,0.0
14.540090357,0.0,0.07,0.0,0.0
14.541441091000001,0.0,0.08,0.0,0.0
14.542086106000001,0.01,0.07,0.0,0.0
14.543267175,0.0,0.08,0.01,0.01
14.544138501,0.0,0.08,0.01,0.0
14.545217267000002,0.01,0.08,0.0,0.0
14.547136278000002,0.0,0.08,0.0,0.0
14.548088856000001,0.0,0.08,0.0,0.0
14.549257756000001,0.0,0.07,0.01,0.0
14.550187797000001,0.04,0.07,0.0,0.0
14.551238669000002,0.01,0.05,0.01,0.0
14.552233625000001,0.0,0.07,0.01,0.0
14.553084346,0.0,0.08,0.0,0.0
14.554236628000002,0.01,0.06,0.0,0.01
14.555212382,0.0,0.06,0.0,0.01
14.556167504000001,0.0,0.06,0.01,0.0
14.557265375,0.0,0.07,0.0,0.01
14.558092755,0.01,0.07,0.01,0.0
14.559330883000001,0.0,0.07,0.0,0.0
14.560183458000001,0.0,0.07,0.0,0.0
14.562355602,0.0,0.07,0.0,0.01
14.563124906,0.0,0.07,0.0,0.0
14.564368598000001,0.0,0.07,0.0,0.0
14.565091072000001,0.0,0.07,0.0,0.0
14.566364502,0.0,0.07,0.0,0.0
14.567083509000001,0.0,0.08,0.0,0.0
14.568377557000002,0.01,0.07,0.0,0.0
14.569081813,0.0,0.06,0.0,0.0
14.570394324,0.01,0.07,0.0,0.01
14.571083615000001,0.01,0.07,0.0,0.0
14.57227192,0.0,0.07,0.0,0.0
14.573120134000002,0.0,0.07,0.0,0.0
14.574160552,0.0,0.09,0.0,0.0
14.575122295000002,0.0,0.07,0.0,0.0
14.576273991,0.0,0.07,0.0,0.01
14.578371723,0.0,0.07,0.0,0.0
14.579100058000002,0.0,0.07,0.0,0.0
14.580134977,0.0,0.07,0.01,0.0
14.581256470000001,0.0,0.07,0.0,0.0
14.582244837000001,0.0,0.07,0.01,0.01
14.583238682000001,0.0,0.07,0.0,0.01
14.584236507000002,0.0,0.07,0.01,0.0
14.585212834000002,0.0,0.07,0.0,0.0
14.586113207,0.0,0.07,0.01,0.0
14.587288054,0.0,0.06,0.01,0.0
14.588174764000001,0.0,0.07,0.0,0.0
14.589335783000001,0.0,0.06,0.0,0.0
14.590087164000002,0.0,0.06,0.0,0.0
14.591366546000001,0.01,0.06,0.01,0.01
14.593368717,0.02,0.07,0.01,0.01
14.594089025,0.0,0.07,0.0,0.0
14.595365482,0.0,0.08,0.01,0.0
14.596091241000002,0.0,0.08,0.0,0.0
14.597352933000002,0.0,0.06,0.0,0.01
14.598111049000002,0.01,0.07,0.0,0.0
14.599236369000002,0.0,0.06,0.0,0.0
14.600172757000001,0.01,0.06,0.0,0.0
14.601382176000001,0.0,0.05,0.0,0.0
14.602092985,0.0,0.07,0.0,0.0
14.603331587000001,0.0,0.07,0.0,0.0
14.604088272,0.0,0.06,0.0,0.0
14.605413388,0.0,0.07,0.0,0.0
14.607272338000001,0.0,0.07,0.0,0.0
14.608163285000002,0.0,0.07,0.0,0.0
14.609229053000002,0.01,0.08,0.01,0.0
14.610199538000002,0.0,0.07,0.0,0.0
14.611175159,0.0,0.08,0.0,0.0
14.612196240000001,0.0,0.06,0.0,0.0
14.613194482,0.0,0.07,0.01,0.0
14.614204448,0.0,0.08,0.0,0.01
14.615190701000001,0.0,0.07,0.0,0.0
14.616197552000001,0.0,0.07,0.0,0.0
14.617190384,0.0,0.07,0.01,0.0
14.618193039000001,0.0,0.06,0.0,0.01
14.619223717,0.01,0.07,0.0,0.0
14.620237743,0.01,0.07,0.05,0.01
14.621326376,0.0,0.06,0.0,0.0
14.623536301000001,0.02,0.07,0.0,0.0
14.624594223,0.0,0.09,0.01,0.0
14.625421220000002,0.0,0.06,0.0,0.0
14.626144049,0.0,0.06,0.0,0.0
14.627187101,0.0,0.07,0.0,0.0
14.628176641000001,0.0,0.07,0.0,0.01
14.629179119000002,0.0,0.07,0.01,0.04
14.630172738,0.0,0.07,0.0,0.0
14.631188694,0.0,0.09,0.0,0.0
14.632186473,0.0,0.08,0.0,0.0
14.633179855000002,0.0,0.08,0.01,0.01
14.634180319,0.0,0.08,0.0,0.0
14.635195292,0.0,0.08,0.0,0.0
14.637145143000001,0.0,0.08,0.0,0.0
14.638189204000001,0.0,0.08,0.0,0.0
14.639173752000001,0.0,0.08,0.0,0.0
14.640309947,0.0,0.07,0.01,0.0
14.641301083,0.0,0.08,0.01,0.01
14.642156369,0.0,0.07,0.0,0.0
14.643243980000001,0.0,0.07,0.0,0.0
14.644174116,0.0,0.08,0.0,0.0
14.645166490000001,0.0,0.08,0.0,0.0
14.646213664000001,0.0,0.08,0.0,0.0
14.647202653,0.0,0.08,0.0,0.0
14.648216663000001,0.0,0.08,0.01,0.0
14.649236818,0.0,0.08,0.0,0.0
14.650304622,0.0,0.09,0.0,0.0
14.652646110000001,0.01,0.07,0.0,0.0
14.653757967,0.0,0.08,0.0,0.0
14.654640778000001,0.0,0.08,0.0,0.02
14.655416408,0.0,0.08,0.0,0.05
14.656155261,0.0,0.08,0.0,0.0
14.657230804000001,0.0,0.08,0.0,0.0
14.658161775000002,0.0,0.07,0.0,0.0
14.659193452,0.0,0.05,0.01,0.0
14.660173578,0.01,0.07,0.0,0.0
14.661131828,0.0,0.07,0.0,0.0
14.662337694000001,0.0,0.08,0.0,0.0
14.663147079000002,0.0,0.07,0.01,0.0
14.664181760000002,0.0,0.08,0.0,0.0
14.665319037000002,0.0,0.08,0.0,0.0
14.667327901,0.0,0.08,0.0,0.0
14.668124511,0.0,0.08,0.0,0.0
14.669354156,0.0,0.09,0.0,0.0
14.670129604000001,0.0,0.09,0.01,0.0
14.671399396000002,0.01,0.09,0.0,0.0
14.672117702000001,0.0,0.1,0.0,0.0
14.67332616,0.0,0.08,0.01,0.0
14.674130671,0.0,0.08,0.0,0.01
14.675340085,0.0,0.08,0.0,0.0
14.676110728000001,0.0,0.07,0.01,0.01
14.677306145000001,0.0,0.08,0.0,0.0
14.678113709000002,0.01,0.08,0.0,0.0
14.679311143000001,0.0,0.08,0.0,0.0
14.680186001000001,0.0,0.08,0.0,0.0
14.681363988000001,0.0,0.07,0.01,0.0
14.683387437,0.0,0.08,0.0,0.0
14.684116349000002,0.0,0.08,0.01,0.0
14.685377586000001,0.0,0.08,0.01,0.01
14.686086218000002,0.0,0.08,0.0,0.0
14.687383157000001,0.0,0.06,0.0,0.01
14.688125064000001,0.0,0.07,0.0,0.0
14.689377773,0.01,0.07,0.0,0.0
14.690143552,0.01,0.07,0.0,0.0
14.691344078,0.0,0.07,0.0,0.0
14.692114926,0.0,0.08,0.0,0.0
14.693303217,0.0,0.07,0.01,0.0
14.69414826,0.0,0.07,0.0,0.0
14.695416571,0.01,0.08,0.0,0.0
14.697389406000001,0.01,0.07,0.0,0.01
14.698085917,0.0,0.07,0.0,0.01
14.699261756,0.0,0.08,0.0,0.0
14.700165890000001,0.0,0.08,0.01,0.0
14.701408333000002,0.01,0.08,0.0,0.0
14.702082014,0.0,0.07,0.0,0.0
14.703291683000002,0.0,0.07,0.0,0.0
14.704520674000001,0.01,0.06,0.0,0.01
14.705081656,0.0,0.06,0.0,0.0
14.706308103000001,0.0,0.06,0.0,0.01
14.707158677,0.0,0.07,0.0,0.0
14.708272229,0.0,0.07,0.0,0.0
14.709179111000001,0.0,0.07,0.01,0.0
14.710292016,0.0,0.06,0.01,0.0
14.712368426000001,0.01,0.07,0.0,0.0
14.713147719,0.0,0.1,0.0,0.0
14.714390151000002,0.01,0.08,0.0,0.0
14.715079130000001,0.0,0.08,0.0,0.01
14.716396737,0.0,0.06,0.0,0.0
14.71710601,0.0,0.08,0.0,0.01
14.718396303,0.0,0.08,0.0,0.0
14.719114474000001,0.0,0.08,0.0,0.0
14.720451103,0.0,0.08,0.0,0.0
14.721079828,0.0,0.08,0.0,0.0
14.722275865,0.0,0.08,0.0,0.0
14.72316576,0.01,0.08,0.0,0.01
14.724363991,0.0,0.08,0.0,0.0
14.725106889000001,0.0,0.08,0.0,0.0
14.726376118000001,0.01,0.08,0.0,0.0
14.728386456,0.0,0.08,0.0,0.0
14.72912003,0.0,0.07,0.0,0.0
14.730241487,0.0,0.08,0.01,0.0
14.731292447000001,0.01,0.07,0.0,0.02
14.732169856,0.0,0.07,0.0,0.0
14.733358877,0.01,0.06,0.0,0.0
14.734082781000001,0.04,0.06,0.0,0.0
14.735375512000001,0.0,0.08,0.01,0.0
14.736080628000002,0.0,0.08,0.0,0.0
14.737254356000001,0.0,0.06,0.0,0.0
14.738082557,0.0,0.09,0.01,0.0
14.739315511000001,0.01,0.07,0.01,0.0
14.74008427,0.0,0.1,0.01,0.0
14.741362323,0.0,0.08,0.0,0.0
14.743365962,0.0,0.07,0.0,0.0
14.744084612000002,0.0,0.09,0.0,0.0
14.745378388,0.01,0.07,0.0,0.0
14.746147889000001,0.0,0.08,0.0,0.0
14.747374606000001,0.0,0.08,0.0,0.0
14.748080968000002,0.0,0.07,0.01,0.0
14.749384194000001,0.0,0.07,0.0,0.0
14.750122124,0.0,0.07,0.0,0.0
14.751302723,0.01,0.07,0.0,0.01
14.752081725,0.0,0.07,0.0,0.0
14.753278199,0.0,0.07,0.0,0.0
14.754078659000001,0.0,0.07,0.01,0.01
14.755383552000001,0.0,0.08,0.01,0.0
14.756132022000001,0.0,0.07,0.0,0.0
14.757393140000001,0.0,0.08,0.0,0.0
14.759385287,0.0,0.08,0.0,0.0
14.760089350000001,0.0,0.07,0.0,0.0
14.761250536,0.0,0.07,0.01,0.0
14.762219947,0.0,0.08,0.0,0.0
14.763282134,0.0,0.07,0.0,0.0
14.764198282,0.01,0.08,0.0,0.0
14.765368651000001,0.0,0.08,0.0,0.0
14.766152288,0.0,0.07,0.0,0.0
14.767277118,0.0,0.07,0.0,0.01
14.768112751,0.0,0.08,0.0,0.0
14.769329748,0.0,0.07,0.0,0.0
14.770192171000001,0.0,0.06,0.0,0.0
14.771246776000002,0.01,0.07,0.0,0.03
14.772376378,0.0,0.06,0.0,0.0
14.77435816,0.0,0.06,0.0,0.0
14.775098084000001,0.0,0.08,0.02,0.0
14.776353994,0.0,0.08,0.0,0.0
14.777119098000002,0.0,0.09,0.0,0.0
14.778359927,0.0,0.08,0.0,0.0
14.779119952,0.01,0.08,0.0,0.0
14.780331846000001,0.0,0.08,0.0,0.0
14.781087121,0.0,0.08,0.0,0.0
14.782267882000001,0.0,0.08,0.0,0.0
14.783085238000002,0.01,0.08,0.01,0.0
14.784370827,0.0,0.08,0.01,0.0
14.785087764000002,0.0,0.07,0.0,0.01
14.786405725000002,0.0,0.08,0.0,0.0
14.788360504000002,0.0,0.08,0.0,0.0
14.789122272,0.0,0.08,0.0,0.0
14.790366878,0.0,0.08,0.0,0.02
14.791094434000001,0.0,0.08,0.01,0.0
14.792311125000001,0.01,0.08,0.01,0.0
14.793165079000001,0.0,0.08,0.0,0.0
14.794358989000001,0.0,0.07,0.0,0.0
14.795093942000001,0.01,0.07,0.0,0.01
14.796360555000001,0.0,0.08,0.0,0.0
14.797109251,0.0,0.08,0.0,0.0
14.798287957000001,0.0,0.08,0.0,0.0
14.799145977,0.0,0.08,0.0,0.01
14.800364895000001,0.02,0.06,0.0,0.0
14.80236868,0.0,0.08,0.01,0.0
14.803115742000001,0.01,0.08,0.01,0.0
14.804336764,0.0,0.08,0.0,0.02
14.805094024,0.0,0.09,0.0,0.0
14.806358496000001,0.0,0.08,0.0,0.01
14.807093625,0.0,0.07,0.0,0.01
14.808362576,0.0,0.09,0.0,0.0
14.809090671000002,0.01,0.07,0.0,0.0
14.810420882,0.0,0.08,0.0,0.0
14.811086797000002,0.0,0.08,0.0,0.0
14.812285409000001,0.0,0.09,0.0,0.0
14.813082386000001,0.0,0.08,0.0,0.0
14.814322481000001,0.0,0.08,0.0,0.0
14.815147309,0.0,0.08,0.01,0.0
14.816355864,0.0,0.08,0.0,0.0
14.818374198,0.0,0.08,0.01,0.0
14.819091245000001,0.0,0.08,0.01,0.01
14.820354507000001,0.01,0.09,0.0,0.01
14.821097459,0.0,0.09,0.02,0.0
14.822251311,0.0,0.08,0.0,0.0
14.823136244,0.0,0.08,0.0,0.0
14.824273537000002,0.0,0.08,0.01,0.0
14.825092836000001,0.0,0.08,0.0,0.0
14.826387163000001,0.0,0.09,0.0,0.0
14.827091734000001,0.0,0.08,0.0,0.0
14.828297065000001,0.0,0.08,0.0,0.0
14.829089100000001,0.01,0.08,0.0,0.01
14.830387082000001,0.0,0.07,0.0,0.0
14.832358121,0.0,0.08,0.01,0.0
14.833095515,0.0,0.06,0.0,0.0
14.834367079000002,0.0,0.09,0.0,0.0
14.835090441,0.0,0.07,0.0,0.0
14.836339589000001,0.0,0.09,0.05,0.0
14.837093342000001,0.0,0.08,0.0,0.0
14.838376585,0.0,0.08,0.0,0.0
14.839089540000002,0.0,0.08,0.0,0.0
14.840353892000001,0.0,0.09,0.02,0.0
14.841130866,0.0,0.09,0.01,0.0
14.842299739000001,0.0,0.08,0.0,0.0
14.843113259,0.0,0.09,0.0,0.0
14.844294784,0.0,0.09,0.0,0.0
14.84517995,0.0,0.08,0.0,0.0
14.846355469,0.0,0.09,0.0,0.0
14.848378239,0.0,0.09,0.0,0.01
14.849094382,0.0,0.08,0.0,0.01
14.850359602000001,0.0,0.08,0.0,0.0
14.851093234,0.0,0.09,0.0,0.0
14.852364854000001,0.0,0.08,0.0,0.01
14.85309026,0.01,0.08,0.0,0.0
14.854375806,0.0,0.09,0.01,0.0
14.855105385000002,0.0,0.09,0.0,0.0
14.856316832000001,0.0,0.09,0.0,0.0
14.857107721,0.01,0.1,0.0,0.01
14.858271041,0.0,0.08,0.0,0.0
14.859170609000001,0.0,0.08,0.0,0.0
14.860374492,0.0,0.09,0.0,0.0
14.86237238,0.0,0.08,0.0,0.0
14.863089749,0.0,0.08,0.01,0.0
14.86445009,0.0,0.08,0.0,0.0
14.865088527000001,0.0,0.08,0.0,0.0
14.866358426000001,0.0,0.09,0.0,0.0
14.86708851,0.0,0.08,0.0,0.0
14.868372464,0.0,0.08,0.0,0.0
14.869120918,0.0,0.08,0.0,0.0
14.870379984000001,0.0,0.07,0.0,0.0
14.871130288000002,0.01,0.09,0.0,0.0
14.872284359000002,0.0,0.07,0.0,0.0
14.873176840000001,0.0,0.1,0.0,0.0
14.874287536,0.0,0.08,0.0,0.0
14.875180849000001,0.0,0.08,0.04,0.01
14.876339534000001,0.0,0.08,0.04,0.0
14.878367903000001,0.0,0.08,0.0,0.01
14.879133303000001,0.0,0.08,0.0,0.0
14.880257516,0.0,0.08,0.0,0.01
14.881248577000001,0.0,0.08,0.0,0.0
14.882367458000001,0.0,0.07,0.0,0.01
14.883112817,0.0,0.08,0.0,0.0
14.884254036000002,0.0,0.08,0.03,0.0
14.885422048,0.01,0.08,0.0,0.01
14.886085941000001,0.0,0.08,0.04,0.0
14.887292487000002,0.0,0.08,0.01,0.01
14.888076428000002,0.01,0.08,0.0,0.0
14.889293863,0.0,0.09,0.0,0.0
14.890190008000001,0.0,0.08,0.0,0.01
14.891351046,0.0,0.08,0.0,0.0
14.8933779,0.01,0.08,0.0,0.0
14.894084831,0.0,0.09,0.0,0.0
14.895364591000002,0.01,0.08,0.01,0.0
14.896091224000001,0.0,0.08,0.0,0.0
14.897357790000001,0.01,0.08,0.0,0.0
14.898121840000002,0.0,0.07,0.01,0.0
14.899365034,0.0,0.08,0.0,0.0
14.900136481,0.0,0.08,0.0,0.0
14.901439986000002,0.0,0.08,0.0,0.0
14.902090619,0.0,0.08,0.0,0.01
14.903278777,0.0,0.07,0.0,0.0
14.904164793000001,0.01,0.09,0.0,0.0
14.905372252000001,0.0,0.08,0.0,0.0
14.907377949,0.01,0.08,0.0,0.0
14.908110520000001,0.0,0.08,0.01,0.0
14.909378672,0.0,0.07,0.01,0.0
14.910082921,0.0,0.07,0.01,0.0
14.911376907000001,0.0,0.08,0.0,0.0
14.912085556000001,0.01,0.08,0.01,0.0
14.913375584,0.0,0.08,0.0,0.01
14.914118021,0.0,0.08,0.0,0.01
14.915230253,0.0,0.08,0.01,0.0
14.916273779,0.0,0.07,0.0,0.0
14.917154598000002,0.0,0.07,0.01,0.01
14.918276897,0.01,0.09,0.0,0.0
14.919168140000002,0.0,0.08,0.01,0.0
14.920295256000001,0.0,0.07,0.01,0.0
14.922256895,0.01,0.07,0.0,0.0
14.923374409000001,0.0,0.08,0.0,0.0
14.924122612000001,0.01,0.07,0.0,0.0
14.92524814,0.0,0.08,0.0,0.0
14.926362537000001,0.0,0.08,0.0,0.0
14.927088291,0.0,0.08,0.0,0.0
14.928391188,0.0,0.07,0.0,0.02
14.9290853,0.01,0.07,0.0,0.0
14.930374823000001,0.01,0.07,0.0,0.01
14.931122336000001,0.0,0.07,0.0,0.0
14.932288654,0.01,0.08,0.0,0.01
14.933088199,0.0,0.09,0.0,0.0
14.934282279000001,0.0,0.08,0.0,0.0
14.935161314,0.0,0.08,0.0,0.0
14.936333632,0.0,0.08,0.0,0.0
14.938380401000002,0.0,0.08,0.0,0.0
14.939086514000001,0.0,0.07,0.01,0.0
14.940386357000001,0.0,0.08,0.0,0.0
14.941082309,0.0,0.08,0.0,0.0
14.942384123,0.0,0.07,0.0,0.0
14.943108199000001,0.0,0.08,0.0,0.0
14.944375321,0.0,0.09,0.0,0.0
14.945118022,0.0,0.08,0.0,0.01
14.946262695000001,0.0,0.08,0.0,0.0
14.947164474000001,0.0,0.08,0.0,0.0
14.948272133000001,0.01,0.07,0.0,0.01
14.949170914000002,0.01,0.08,0.0,0.0
14.950357408,0.0,0.09,0.0,0.01
14.951155679000001,0.01,0.08,0.0,0.0
14.952371448000001,0.01,0.09,0.0,0.0
14.954383477,0.01,0.07,0.02,0.0
14.955126470000002,0.0,0.08,0.0,0.0
14.956369050000001,0.0,0.08,0.0,0.0
14.95708536,0.0,0.08,0.0,0.0
14.958370123000002,0.0,0.08,0.01,0.0
14.959118311000001,0.01,0.09,0.0,0.0
14.960383544,0.0,0.08,0.01,0.01
14.961090976000001,0.0,0.09,0.01,0.0
14.962442258000001,0.0,0.08,0.0,0.0
14.963090846,0.0,0.09,0.0,0.01
14.964296038,0.0,0.08,0.0,0.0
14.965188591,0.0,0.08,0.01,0.0
14.966341548,0.01,0.08,0.0,0.0
14.968375678000001,0.0,0.08,0.0,0.0
14.969088807,0.0,0.08,0.0,0.0
14.970366121000001,0.0,0.08,0.02,0.0
14.971096895,0.01,0.08,0.01,0.0
14.97236986,0.0,0.08,0.01,0.0
14.973088324,0.0,0.08,0.0,0.0
14.974384804000001,0.0,0.08,0.01,0.0
14.975088560000001,0.0,0.09,0.0,0.0
14.976264038,0.0,0.08,0.0,0.0
14.977194308000001,0.0,0.09,0.0,0.0
14.978299071,0.0,0.08,0.0,0.0
14.979166378,0.0,0.08,0.0,0.0
14.98027139,0.0,0.08,0.01,0.0
14.981086205,0.0,0.08,0.0,0.0
14.982384207,0.0,0.08,0.0,0.0
14.984253760000001,0.0,0.08,0.01,0.0
14.985228714000002,0.0,0.08,0.0,0.0
14.986374656,0.0,0.08,0.0,0.0
14.98709621,0.01,0.06,0.0,0.0
14.988348259,0.0,0.1,0.01,0.0
14.989097254,0.0,0.09,0.01,0.0
14.990352124000001,0.0,0.08,0.0,0.01
14.991090846,0.0,0.07,0.0,0.01
14.992306037,0.0,0.08,0.0,0.0
14.993160622000001,0.01,0.08,0.0,0.05
14.994279935000002,0.0,0.08,0.0,0.0
14.995084756,0.0,0.09,0.0,0.0
14.996366056000001,0.01,0.09,0.0,0.01
14.998356444,0.0,0.09,0.0,0.0
14.999099314,0.0,0.09,0.0,0.0
15.000348741000002,0.0,0.08,0.0,0.01
15.001101335000001,0.01,0.08,0.01,0.0
15.002366261,0.01,0.09,0.01,0.01
15.003119085000002,0.0,0.08,0.0,0.0
15.004336008000001,0.0,0.09,0.0,0.01
15.005135466,0.0,0.09,0.01,0.0
15.006423592,0.0,0.09,0.0,0.0
15.007090773000002,0.0,0.09,0.0,0.0
15.008301932,0.01,0.09,0.0,0.0
15.009167278000001,0.0,0.08,0.0,0.0
15.010326432000001,0.0,0.09,0.0,0.0
15.011088795000001,0.0,0.09,0.01,0.0
15.012364315000001,0.0,0.09,0.01,0.0
15.014351796000001,0.01,0.09,0.0,0.0
15.015088612000001,0.0,0.09,0.0,0.0
15.016364914,0.01,0.09,0.0,0.0
15.017121534000001,0.0,0.09,0.0,0.0
15.018357839,0.0,0.09,0.0,0.0
15.019125225000002,0.01,0.09,0.01,0.01
15.020256184,0.0,0.09,0.03,0.0
15.021195890000001,0.01,0.08,0.01,0.01
15.02230368,0.0,0.08,0.01,0.0
15.023093592,0.0,0.09,0.0,0.02
15.024305458,0.01,0.09,0.01,0.0
15.025151872,0.0,0.09,0.0,0.01
15.026280515000002,0.0,0.09,0.0,0.0
15.028236329,0.0,0.1,0.01,0.0
15.029225611000001,0.0,0.08,0.0,0.01
15.030091709,0.01,0.09,0.01,0.0
15.031124419000001,0.0,0.09,0.0,0.01
15.032256531000002,0.0,0.09,0.0,0.0
15.033177519,0.0,0.09,0.01,0.0
15.034370083,0.0,0.09,0.0,0.0
15.035094050000001,0.01,0.09,0.01,0.0
15.036379700000001,0.0,0.08,0.0,0.0
15.037120425000001,0.0,0.09,0.0,0.0
15.038269456,0.0,0.08,0.0,0.0
15.039089584000001,0.0,0.09,0.0,0.0
15.040298743000001,0.0,0.09,0.0,0.0
15.042373684000001,0.0,0.09,0.0,0.0
15.043088339,0.01,0.08,0.0,0.0
15.044294732000001,0.0,0.09,0.01,0.0
15.045196628000001,0.0,0.08,0.0,0.0
15.046370176000002,0.0,0.09,0.0,0.0
15.047123847000002,0.0,0.1,0.01,0.0
15.048372361,0.0,0.08,0.0,0.0
15.049086473000001,0.0,0.09,0.0,0.0
15.050386808,0.0,0.08,0.01,0.01
15.051080998000002,0.0,0.09,0.0,0.0
15.052286123000002,0.0,0.09,0.0,0.0
15.053145548000002,0.0,0.07,0.01,0.0
15.054292610000001,0.0,0.07,0.01,0.0
15.055167356,0.0,0.09,0.0,0.0
15.056295756,0.0,0.08,0.0,0.0
15.057197829000001,0.0,0.09,0.0,0.0
15.059353436,0.0,0.09,0.0,0.0
15.060134487000001,0.0,0.09,0.01,0.0
15.061348355000002,0.0,0.08,0.0,0.0
15.062149531000001,0.0,0.08,0.0,0.0
15.06337317,0.0,0.08,0.0,0.01
15.064122001000001,0.0,0.08,0.0,0.0
15.065372963000002,0.0,0.09,0.0,0.0
15.066085480000002,0.0,0.09,0.0,0.0
15.067279443,0.0,0.1,0.0,0.0
15.068127873000002,0.0,0.09,0.0,0.0
15.06924569,0.0,0.09,0.01,0.01
15.070171609,0.0,0.09,0.0,0.0
15.071386718000001,0.0,0.09,0.0,0.0
15.073367779000002,0.0,0.09,0.0,0.0
15.074120246000001,0.0,0.09,0.0,0.0
15.075361258000001,0.0,0.09,0.0,0.01
15.076093962000002,0.0,0.09,0.0,0.0
15.077395597,0.0,0.09,0.0,0.0
15.078098909000001,0.0,0.09,0.0,0.0
15.079346566000002,0.01,0.1,0.0,0.0
15.080094122,0.0,0.09,0.0,0.01
15.081265135,0.0,0.09,0.0,0.0
15.082191814000002,0.0,0.09,0.0,0.01
15.083276792000001,0.01,0.09,0.01,0.0
15.084167325000001,0.0,0.09,0.01,0.0
15.085324771000002,0.0,0.1,0.01,0.01
15.086176781,0.0,0.08,0.0,0.0
15.087377589,0.0,0.09,0.01,0.01
15.089371409000002,0.0,0.09,0.01,0.0
15.090096237000001,0.0,0.09,0.0,0.0
15.091391916000001,0.0,0.09,0.03,0.0
15.092102693000001,0.03,0.1,0.0,0.01
15.09328591,0.0,0.09,0.01,0.01
15.094099958000001,0.01,0.08,0.0,0.0
15.095253354,0.0,0.09,0.0,0.0
15.096165026000001,0.01,0.09,0.0,0.01
15.097351303000002,0.0,0.09,0.01,0.0
15.098093745000002,0.0,0.09,0.0,0.0
15.099288313,0.0,0.09,0.0,0.0
15.100094562,0.0,0.09,0.0,0.0
15.101381937000001,0.0,0.09,0.0,0.0
15.10336015,0.0,0.09,0.0,0.01
15.104101811000001,0.0,0.07,0.0,0.0
15.105262457,0.0,0.09,0.0,0.0
15.106137632000001,0.0,0.09,0.01,0.0
15.107355570000001,0.0,0.09,0.01,0.0
15.108122006,0.0,0.08,0.0,0.01
15.109382176,0.0,0.09,0.0,0.0
15.110097271,0.0,0.09,0.0,0.0
15.111363586000001,0.0,0.09,0.0,0.0
15.11212961,0.0,0.08,0.0,0.02
15.113274153,0.0,0.09,0.0,0.0
15.114167197,0.0,0.08,0.0,0.01
15.115288737,0.0,0.09,0.0,0.0
15.116094200000001,0.0,0.08,0.0,0.0
15.117372684000001,0.0,0.09,0.0,0.0
15.119362854,0.0,0.09,0.01,0.0
15.120128494000001,0.0,0.09,0.0,0.01
15.121356807000002,0.0,0.09,0.0,0.01
15.122104995,0.01,0.07,0.0,0.0
15.123312918000002,0.0,0.09,0.0,0.0
15.124167646,0.0,0.09,0.0,0.01
15.125406152000002,0.0,0.09,0.03,0.0
15.126100555,0.0,0.09,0.0,0.01
15.127286503,0.0,0.09,0.0,0.01
15.128142602,0.01,0.09,0.01,0.0
15.129280686000001,0.01,0.1,0.0,0.0
15.130164984,0.0,0.09,0.01,0.0
15.131243289,0.0,0.08,0.0,0.0
15.133293210000001,0.01,0.08,0.0,0.0
15.134094913,0.0,0.09,0.0,0.0
15.135267954000001,0.0,0.09,0.0,0.0
15.136153158,0.0,0.09,0.0,0.01
15.137345470000001,0.0,0.09,0.0,0.0
15.138099362,0.0,0.09,0.0,0.0
15.139324697000001,0.0,0.08,0.01,0.0
15.140093881,0.0,0.09,0.0,0.0
15.141392013,0.0,0.08,0.0,0.0
15.142091987,0.0,0.09,0.0,0.0
15.143287607000001,0.0,0.09,0.0,0.0
15.144169637000001,0.0,0.09,0.0,0.0
15.145289376000001,0.0,0.09,0.0,0.0
15.147364362000001,0.0,0.09,0.0,0.0
15.148096476000001,0.0,0.08,0.0,0.0
15.149336615000001,0.0,0.08,0.0,0.0
15.150118565000001,0.01,0.09,0.0,0.01
15.151367043,0.0,0.09,0.0,0.0
15.152094809000001,0.0,0.09,0.0,0.0
15.153332374000001,0.0,0.08,0.0,0.0
15.154095308,0.01,0.09,0.01,0.0
15.155364297,0.0,0.09,0.01,0.01
15.156091732,0.0,0.09,0.0,0.01
15.157248803000002,0.02,0.09,0.01,0.0
15.158159534000001,0.0,0.09,0.01,0.0
15.159277620000001,0.01,0.09,0.0,0.0
15.160178917000001,0.01,0.08,0.0,0.0
15.161395799000001,0.0,0.09,0.01,0.0
15.16328374,0.0,0.09,0.0,0.0
15.164091361,0.0,0.08,0.05,0.0
15.165354310000001,0.0,0.08,0.0,0.0
15.166095519,0.0,0.09,0.0,0.0
15.167358427000002,0.0,0.09,0.0,0.0
15.168097874,0.0,0.08,0.0,0.0
15.169359822,0.01,0.08,0.0,0.0
15.170119339000001,0.0,0.09,0.0,0.0
15.171361167,0.0,0.09,0.0,0.0
15.172098210000001,0.0,0.09,0.01,0.0
15.173313304,0.0,0.08,0.01,0.0
15.174096516,0.0,0.09,0.0,0.0
15.175310836000001,0.0,0.09,0.0,0.0
15.17609236,0.0,0.08,0.01,0.0
15.177347151000001,0.0,0.09,0.0,0.01
15.179352828,0.0,0.09,0.0,0.0
15.180103288000002,0.0,0.08,0.02,0.02
15.181281719000001,0.0,0.08,0.0,0.0
15.182145774,0.0,0.08,0.01,0.0
15.183346527000001,0.0,0.09,0.01,0.01
15.184105011000002,0.0,0.09,0.0,0.01
15.185284032,0.0,0.09,0.0,0.0
15.186101184000002,0.0,0.08,0.0,0.0
15.187353922000002,0.0,0.09,0.0,0.01
15.188093229000001,0.0,0.09,0.0,0.0
15.189282252000002,0.0,0.09,0.01,0.01
15.190137103000001,0.0,0.09,0.0,0.0
15.191297661,0.0,0.09,0.01,0.0
15.193243877,0.01,0.09,0.0,0.0
15.194170406000001,0.04,0.08,0.0,0.0
15.195365483000002,0.01,0.09,0.0,0.0
15.196103005000001,0.0,0.1,0.0,0.0
15.197233334000002,0.0,0.09,0.0,0.0
15.198118821000001,0.0,0.08,0.01,0.0
15.199340328000002,0.0,0.08,0.0,0.0
15.200127972,0.0,0.09,0.0,0.0
15.201350529,0.01,0.08,0.0,0.0
15.202125738000001,0.0,0.09,0.0,0.0
15.203262455,0.0,0.09,0.0,0.0
15.204116182000002,0.01,0.08,0.0,0.0
15.205327161000001,0.0,0.09,0.0,0.0
15.206147208,0.01,0.08,0.01,0.01
15.207417042000001,0.01,0.08,0.01,0.0
15.209352729,0.0,0.08,0.0,0.0
15.210096589,0.0,0.08,0.0,0.0
15.211366334000001,0.0,0.09,0.0,0.0
15.212090215000002,0.0,0.09,0.0,0.0
15.213370805,0.0,0.09,0.0,0.0
15.214123970000001,0.0,0.1,0.0,0.0
15.215334576000002,0.0,0.08,0.01,0.0
15.216091453,0.0,0.09,0.01,0.0
15.217276638000001,0.01,0.1,0.0,0.0
15.218168697000001,0.0,0.09,0.01,0.0
15.21926932,0.0,0.09,0.0,0.01
15.220141573000001,0.0,0.1,0.0,0.0
15.221284621,0.0,0.09,0.0,0.01
15.223366383,0.0,0.09,0.0,0.0
15.224097866000001,0.02,0.09,0.0,0.0
15.225296193,0.01,0.09,0.0,0.01
15.226096914000001,0.0,0.09,0.0,0.01
15.227343231,0.0,0.08,0.01,0.0
15.228101472,0.01,0.08,0.0,0.0
15.229343939000001,0.0,0.08,0.01,0.0
15.230114144000002,0.0,0.08,0.0,0.01
15.231356712,0.01,0.09,0.0,0.0
15.232093581,0.0,0.09,0.0,0.0
15.233290055000001,0.0,0.09,0.0,0.0
15.23413472,0.0,0.09,0.0,0.01
15.235308131000002,0.0,0.08,0.0,0.0
15.236128683,0.0,0.08,0.0,0.0
15.237349649,0.0,0.09,0.0,0.0
15.239356448,0.0,0.08,0.01,0.0
15.240128083,0.0,0.08,0.0,0.0
15.241273113,0.01,0.09,0.01,0.0
15.242089742000001,0.0,0.08,0.01,0.0
15.243355357,0.0,0.08,0.0,0.0
15.24412517,0.0,0.08,0.0,0.0
15.245328165,0.0,0.08,0.0,0.0
15.2460894,0.0,0.09,0.0,0.0
15.247296445000002,0.0,0.08,0.0,0.01
15.24808802,0.01,0.07,0.01,0.0
15.249248566,0.0,0.08,0.0,0.0
15.250127704,0.0,0.09,0.0,0.01
15.251373338,0.0,0.09,0.02,0.0
15.253383387000001,0.02,0.08,0.0,0.01
15.254098715000001,0.0,0.07,0.0,0.0
15.255237482,0.0,0.08,0.0,0.01
15.256175664,0.01,0.09,0.0,0.0
15.257264733000001,0.0,0.09,0.0,0.0
15.258181801000001,0.0,0.08,0.0,0.0
15.259389425,0.0,0.09,0.0,0.0
15.260091708000001,0.0,0.08,0.0,0.02
15.261367462,0.0,0.06,0.0,0.01
15.262089094,0.0,0.09,0.0,0.0
15.263286725,0.01,0.1,0.0,0.0
15.264124765000002,0.01,0.09,0.01,0.01
15.265284926000001,0.0,0.13,0.01,0.0
15.266168760000001,0.0,0.09,0.01,0.0
15.267339529000001,0.0,0.09,0.0,0.01
15.269340267,0.0,0.08,0.0,0.0
15.270137175,0.0,0.1,0.0,0.0
15.271338674,0.0,0.08,0.0,0.0
15.272093824,0.0,0.09,0.0,0.0
15.273367422000002,0.0,0.1,0.0,0.0
15.274095430000001,0.0,0.08,0.0,0.0
15.275335133,0.0,0.08,0.01,0.0
15.276090404000001,0.0,0.08,0.01,0.0
15.27730945,0.0,0.08,0.0,0.0
15.278162166000001,0.0,0.08,0.0,0.0
15.279267675000002,0.0,0.08,0.0,0.01
15.280168234000001,0.01,0.09,0.0,0.01
15.281375739000001,0.0,0.08,0.0,0.0
15.283350708,0.0,0.08,0.0,0.0
15.284134742,0.0,0.09,0.0,0.0
15.285371793000001,0.0,0.09,0.0,0.01
15.286101098000001,0.0,0.08,0.01,0.0
15.287316637000002,0.0,0.08,0.0,0.0
15.288132571,0.0,0.09,0.0,0.01
15.289276473000001,0.0,0.07,0.0,0.0
15.290096781,0.0,0.07,0.0,0.0
15.291354232000002,0.0,0.08,0.0,0.0
15.292098091000002,0.01,0.08,0.0,0.0
15.293272185000001,0.0,0.08,0.0,0.01
15.294181892000001,0.0,0.08,0.0,0.0
15.295281455000001,0.0,0.08,0.0,0.0
15.296144884,0.0,0.08,0.0,0.0
15.297282131000001,0.0,0.08,0.01,0.0
15.299237697,0.0,0.08,0.0,0.0
15.300125756000002,0.01,0.08,0.0,0.0
15.301336740000002,0.0,0.08,0.0,0.0
15.302100284000002,0.0,0.1,0.01,0.0
15.303423778,0.0,0.09,0.0,0.0
15.304099443,0.0,0.08,0.0,0.0
15.305390474000001,0.0,0.07,0.0,0.01
15.306100091000001,0.01,0.09,0.01,0.0
15.307380542,0.01,0.08,0.0,0.0
15.308096549000002,0.0,0.1,0.0,0.01
15.309295715000001,0.01,0.08,0.0,0.0
15.310095565000001,0.01,0.08,0.0,0.0
15.311362772,0.0,0.08,0.0,0.01
15.313370659,0.0,0.08,0.0,0.0
15.314099502000001,0.01,0.08,0.0,0.0
15.315257956000002,0.0,0.08,0.0,0.0
15.31617789,0.0,0.08,0.01,0.0
15.317277563000001,0.01,0.08,0.0,0.0
15.318106268000001,0.0,0.08,0.0,0.0
15.319287358,0.0,0.1,0.0,0.0
15.320128235,0.0,0.08,0.0,0.0
15.321358464000001,0.0,0.09,0.0,0.0
15.322104622000001,0.0,0.09,0.0,0.01
15.323259728000002,0.0,0.08,0.0,0.0
15.324141447,0.01,0.09,0.0,0.0
15.325369719000001,0.0,0.09,0.01,0.0
15.326094971000002,0.0,0.09,0.0,0.0
15.327345902000001,0.0,0.08,0.0,0.0
15.329348511000001,0.0,0.07,0.0,0.0
15.330095275000001,0.0,0.09,0.0,0.0
15.331375525,0.01,0.07,0.0,0.0
15.332090806,0.0,0.09,0.0,0.0
15.333374755000001,0.0,0.08,0.0,0.01
15.334119522000002,0.0,0.09,0.0,0.0
15.335360189000001,0.0,0.08,0.0,0.01
15.336087788,0.0,0.08,0.0,0.0
15.337305610000001,0.0,0.08,0.0,0.0
15.338123079,0.0,0.08,0.0,0.0
15.33929709,0.0,0.08,0.0,0.0
15.340145297000001,0.0,0.1,0.0,0.0
15.341298711,0.01,0.08,0.0,0.0
15.343375946,0.0,0.08,0.0,0.02
15.344104035,0.0,0.09,0.01,0.0
15.345367492000001,0.0,0.08,0.0,0.0
15.346103245,0.0,0.08,0.0,0.0
15.347271815000001,0.0,0.09,0.0,0.0
15.348130319000001,0.0,0.09,0.0,0.0
15.349296999000002,0.0,0.09,0.02,0.01
15.350100663000001,0.01,0.09,0.0,0.0
15.351364872000001,0.0,0.09,0.0,0.0
15.352115644000001,0.0,0.09,0.01,0.0
15.353141452000001,0.0,0.09,0.0,0.0
15.354278255,0.0,0.09,0.01,0.0
15.35509406,0.01,0.09,0.0,0.0
15.35636099,0.0,0.08,0.0,0.0
15.357125150000002,0.0,0.09,0.01,0.0
15.359358253000002,0.01,0.08,0.01,0.01
15.360123477,0.0,0.09,0.0,0.01
15.361364473,0.0,0.09,0.0,0.01
15.362094188,0.0,0.09,0.01,0.0
15.363375997,0.0,0.09,0.01,0.01
15.364094376,0.0,0.09,0.0,0.0
15.365360234,0.0,0.08,0.0,0.0
15.366092703000001,0.01,0.09,0.0,0.0
15.367384357,0.01,0.08,0.01,0.0
15.368089335,0.0,0.09,0.01,0.0
15.369185645000002,0.0,0.09,0.0,0.0
15.370294299000001,0.0,0.09,0.01,0.01
15.371087914,0.01,0.08,0.0,0.01
15.372346548000001,0.0,0.09,0.0,0.0
15.374356405,0.01,0.09,0.01,0.01
15.375189312000002,0.0,0.09,0.0,0.0
15.376256929,0.0,0.09,0.06,0.0
15.377244205,0.0,0.08,0.0,0.0
15.378228637000001,0.0,0.09,0.0,0.0
15.379167699000002,0.0,0.09,0.0,0.0
15.38019766,0.0,0.13,0.01,0.0
15.381164139000001,0.0,0.09,0.0,0.0
15.38217567,0.0,0.1,0.0,0.0
15.383193957000001,0.0,0.08,0.0,0.0
15.384197699000001,0.0,0.08,0.01,0.0
15.385202828,0.0,0.08,0.0,0.0
15.386296153000002,0.0,0.08,0.0,0.01
15.387394904,0.0,0.08,0.0,0.01
15.389445586,0.0,0.08,0.0,0.0
15.390364253000001,0.01,0.09,0.0,0.01
15.391239711,0.01,0.09,0.0,0.0
15.392180051,0.0,0.08,0.0,0.01
15.393179275000001,0.0,0.08,0.0,0.0
15.394182087,0.0,0.08,0.0,0.0
15.395207542000001,0.0,0.08,0.01,0.0
15.396185197000001,0.0,0.09,0.0,0.0
15.397175264000001,0.0,0.09,0.0,0.0
15.398180693,0.0,0.09,0.0,0.0
15.399193506000001,0.0,0.08,0.0,0.0
15.400191724,0.0,0.08,0.0,0.0
15.401211348,0.0,0.08,0.0,0.0
15.402223415000002,0.0,0.09,0.02,0.0
15.404466227,0.0,0.08,0.0,0.01
15.405454974000001,0.01,0.09,0.0,0.0
15.40629503,0.0,0.09,0.0,0.0
15.407189914000002,0.0,0.09,0.0,0.0
15.408170687,0.0,0.09,0.0,0.01
15.409193144000001,0.0,0.08,0.0,0.0
15.410187960000002,0.0,0.08,0.0,0.0
15.411172857,0.0,0.08,0.01,0.0
15.412202511,0.0,0.09,0.0,0.0
15.413171440000001,0.0,0.09,0.0,0.0
15.414181038,0.01,0.09,0.0,0.01
15.415208620000001,0.0,0.09,0.0,0.01
15.41615537,0.0,0.08,0.0,0.0
15.418372696,0.0,0.09,0.0,0.0
15.419229210000001,0.0,0.09,0.0,0.0
15.420191642,0.0,0.09,0.01,0.0
15.421194595000001,0.0,0.09,0.0,0.0
15.422225171000001,0.0,0.08,0.0,0.0
15.423251139000001,0.0,0.08,0.01,0.0
15.424297213000001,0.01,0.1,0.0,0.0
15.425192366000001,0.0,0.09,0.0,0.01
15.426221261,0.0,0.1,0.0,0.01
15.427211230000001,0.0,0.09,0.0,0.0
15.428229569,0.0,0.09,0.0,0.0
15.429201961,0.0,0.09,0.0,0.0
15.430179295,0.0,0.08,0.0,0.0
15.431166628000001,0.0,0.08,0.0,0.0
15.432201763,0.01,0.08,0.0,0.0
15.434375186,0.01,0.09,0.0,0.0
15.435205866,0.0,0.09,0.0,0.0
15.436149263,0.0,0.09,0.0,0.01
15.437360764000001,0.0,0.09,0.0,0.0
15.43814208,0.0,0.09,0.01,0.0
15.439349149000002,0.0,0.08,0.0,0.0
15.440124325000001,0.0,0.09,0.0,0.0
15.441272539000002,0.0,0.08,0.0,0.0
15.442142496,0.0,0.1,0.01,0.0
15.443200749,0.0,0.09,0.01,0.0
15.444172859000002,0.0,0.09,0.0,0.0
15.445311964000002,0.0,0.09,0.0,0.0
15.44612275,0.0,0.09,0.01,0.0
15.447269455,0.0,0.09,0.0,0.0
15.449376160000002,0.0,0.1,0.0,0.0
15.450122263,0.0,0.09,0.0,0.0
15.451369730000001,0.0,0.09,0.0,0.0
15.452097609,0.0,0.09,0.0,0.01
15.453178013,0.0,0.09,0.01,0.0
15.454396419000002,0.0,0.09,0.0,0.01
15.455091412000002,0.0,0.09,0.0,0.0
15.456276324000001,0.01,0.09,0.0,0.0
15.457139043000002,0.0,0.09,0.01,0.0
15.458434355000001,0.0,0.09,0.0,0.0
15.459083468000001,0.01,0.09,0.0,0.0
15.460296144,0.0,0.09,0.01,0.01
15.461151545000002,0.01,0.09,0.0,0.0
15.462432857000001,0.01,0.09,0.0,0.0
15.464379934,0.0,0.09,0.01,0.03
15.465092662000002,0.0,0.1,0.0,0.0
15.466346167000001,0.0,0.09,0.01,0.0
15.467120305000002,0.01,0.1,0.0,0.04
15.468357908000002,0.0,0.09,0.0,0.0
15.469126586000002,0.0,0.09,0.0,0.01
15.470377124,0.0,0.09,0.0,0.0
15.471094260000001,0.01,0.1,0.01,0.0
15.472264823000001,0.0,0.09,0.0,0.0
15.473145541000001,0.0,0.1,0.0,0.01
15.474194780000001,0.0,0.1,0.0,0.0
15.475170503000001,0.0,0.09,0.0,0.01
15.47626737,0.0,0.09,0.0,0.01
