Timestamp,Motor1,Motor2,Motor3,Motor4
0.34188574000000005,0,0,1,0
0.38802789600000004,0,0,-5,0
0.4124859,0,0,-3,0
0.440390596,0,0,-3,0
0.486029562,0,0,-3,0
0.539905909,0,0,-4,0
0.6084614230000001,0,0,-3,0
0.6584628250000001,0,0,3,0
0.695999559,0,0,4,0
0.7429405790000001,0,0,0,0
0.759601135,0,0,1,0
0.7913806870000001,0,0,-2,0
0.815532209,0,0,-3,0
0.842204668,0,0,-3,0
0.8601251390000001,0,0,4,0
0.8840371330000001,0,0,1,0
0.897130524,0,0,-1,0
0.9187421120000001,0,0,2,0
0.9427995100000001,0,0,-2,0
0.9594212620000001,0,0,3,0
0.977616448,0,0,1,0
1.013817106,0,0,-3,0
1.0435336990000001,0,0,0,0
1.066766102,0,0,2,0
1.0851800470000001,0,0,2,0
1.10824711,0,0,1,0
1.142532028,0,0,-2,0
1.158007806,0,0,2,0
1.1769145870000002,0,0,-3,0
1.193032362,0,0,-2,0
1.2101614520000001,0,0,2,0
1.2428796,0,0,2,0
1.2577071560000002,0,0,2,0
1.27443162,0,0,-3,0
1.309652736,0,0,5,0
1.3263813610000001,0,0,4,0
1.3599699170000001,0,0,-3,0
1.3857690930000002,0,0,2,0
1.406399253,0,0,-2,0
1.428486243,0,0,0,0
1.443346918,0,0,5,0
1.475078636,0,0,-2,0
1.4918682200000002,0,0,-3,0
1.517068313,0,0,-2,0
1.5417115780000001,0,0,-1,0
1.559467704,0,0,0,0
1.5762696690000002,0,0,-5,0
1.5954914100000002,0,0,1,0
1.6233419900000001,0,0,1,0
1.6391591110000001,0,0,3,0
1.662010634,0,0,-3,0
1.6762819290000002,0,0,1,0
1.696626964,0,0,-3,0
1.7142450640000002,0,0,2,0
1.729895482,0,0,2,0
1.750308594,0,0,3,0
1.7628624050000001,0,0,2,0
1.7920631040000001,0,0,-2,0
1.814766298,0,0,3,0
1.841325831,0,0,3,0
1.8585695510000002,0,0,3,0
1.8910050280000001,0,0,-3,0
1.9079950680000002,0,0,5,0
1.9534418160000002,0,0,1,0
1.9777573000000002,0,0,-2,0
2.0114317610000003,0,0,2,0
2.042881188,0,0,-2,0
2.0736782600000003,0,0,2,0
2.0929399,0,0,-2,0
2.110775657,0,0,-4,0
2.144894448,0,0,-2,0
2.160310266,0,0,1,0
2.1908136320000002,0,0,2,0
2.2086025250000003,0,0,-3,0
2.225766117,0,0,-5,0
2.2444459620000003,0,0,1,0
2.2753332090000002,0,0,-4,0
2.301372121,0,0,-2,0
2.325790659,0,0,-3,0
2.356640747,0,0,-3,0
2.374207379,0,0,1,0
2.392378237,0,0,-6,0
2.42414079,0,0,2,0
2.457747501,0,0,25,0
2.4908114460000004,0,0,3,0
2.51939092,0,0,3,0
2.545907385,0,0,2,0
2.5740164660000002,0,0,2,0
2.60247894,0,0,3,0
2.6259227800000002,0,0,-3,0
2.6593817050000004,0,0,3,0
2.675237661,0,0,-1,0
2.708892514,0,0,1,0
2.728926807,0,0,4,0
2.7478936590000003,0,0,3,0
2.777459486,0,0,2,0
2.8096900220000003,0,0,1,0
2.825390076,0,0,-4,0
2.850387918,0,0,-2,0
2.8743909640000003,0,0,2,0
2.8958570740000003,0,0,2,0
2.918430592,0,0,3,0
2.942771854,0,0,1,0
2.960808224,0,0,-3,0
2.985844164,0,0,1,0
3.010997875,0,0,-2,0
3.043631007,0,0,-3,0
3.0667500440000004,0,0,-3,0
3.0887031630000004,0,0,-2,0
3.110837311,0,0,2,0
3.124363224,0,0,-2,0
3.139339713,0,0,-1,0
3.1624766010000003,0,0,2,0
3.184783307,0,0,-2,0
3.2068193870000004,0,0,-2,0
3.234319396,0,0,2,0
3.2572994690000003,0,0,-2,0
3.2805966520000003,0,0,3,0
3.310287482,0,0,-2,0
3.3384173120000002,0,0,2,0
3.36162185,0,0,-4,0
3.3845402730000003,0,0,1,0
3.4072538050000003,0,0,-2,0
3.429615999,0,0,3,0
3.451472206,0,0,2,0
3.4746703510000003,0,0,-4,0
3.491422549,0,0,19,0
3.505294886,0,0,-2,0
3.528107197,0,0,1,0
3.5406588930000003,0,0,10,0
3.55674027,0,0,-4,0
3.5804978440000004,0,0,-3,0
3.6069786070000003,0,0,-3,0
3.624746195,0,0,-2,0
3.657472546,0,0,-3,0
3.672608529,0,0,-1,0
3.6962042750000004,0,0,2,0
3.7244612700000004,0,0,1,0
3.7409259550000002,0,0,-4,0
3.7746848770000003,0,0,-2,0
3.790320798,0,0,1,0
3.8084053620000002,0,0,3,0
3.8251809010000004,0,0,3,0
3.8496973280000004,0,0,1,0
3.8739205940000003,0,0,3,0
3.8964332610000003,0,0,-2,0
3.9191637310000003,0,0,-1,0
3.9417241130000003,0,0,2,0
3.97291599,0,0,-2,0
4.001861277000001,0,0,-3,0
4.025713335,0,0,2,0
4.056914628,0,0,-3,0
4.084340604,0,0,2,0
4.1072881180000005,0,0,2,0
4.124552,0,0,2,0
4.141121343,0,0,-2,0
4.157829818000001,0,0,-2,0
4.1754020810000005,0,0,2,0
4.207372173,0,0,-3,0
4.223052334,0,0,-2,0
4.241507215,0,0,-4,0
4.276571822,0,0,1,0
4.309146977,0,0,-2,0
4.34079429,0,0,0,0
4.3722054,0,0,0,0
4.396303348,0,0,0,0
4.423967213,0,0,0,0
4.44247451,0,0,0,0
4.468946275,0,0,0,0
4.492875661,0,0,0,0
4.5084808270000005,0,0,0,0
4.53543246,0,0,0,0
4.558512618,0,0,0,0
4.590687204,0,0,0,0
4.62235725,0,0,0,0
4.646622237,0,0,0,0
4.674208302,0,0,0,0
4.7080204210000005,0,0,0,0
4.735663322000001,0,0,0,0
4.760462439,0,0,0,0
4.7908784220000005,0,0,0,0
4.809004606,0,0,0,0
4.834936881,0,0,0,0
4.868230614000001,0,0,0,0
4.896572557000001,0,0,0,0
4.924848571,0,0,0,0
4.958686647,0,0,0,0
4.975963559,0,0,0,0
5.010162946,0,0,0,0
5.03980002,0,0,0,0
5.0564863540000005,0,0,0,0
5.073563514,0,0,0,0
5.0928614130000005,0,0,0,0
5.124459389,0,0,0,0
5.141363733,0,0,0,0
5.1750364090000005,0,0,0,0
5.190989663000001,0,0,0,0
5.214795209,0,0,0,0
5.258277906,0,0,0,0
5.274326465000001,0,0,0,0
5.296197341,0,0,0,0
5.310715667,0,0,0,0
5.324473372,0,0,0,0
5.3388501790000005,0,0,0,0
5.360001082,0,0,0,0
5.3828012,0,0,0,0
5.405786184,0,0,0,0
5.428983968000001,0,0,0,0
5.441867756000001,0,0,0,0
5.457630413,0,0,0,0
5.484655461,0,0,0,0
5.506859708,0,0,0,0
5.522492186,0,0,0,0
5.563437369000001,0,0,2,0
5.585367769,0,0,2,0
5.626476617000001,0,0,-3,0
5.648274731000001,0,0,4,0
5.6638753490000004,0,0,3,0
5.693011296000001,0,0,1,0
5.7150940530000005,0,0,2,0
5.755917093000001,0,0,-2,0
5.7774967770000005,0,0,2,0
5.802497721,0,0,1,0
5.824527866,0,0,3,0
5.846307015000001,0,0,2,0
5.869001443,0,0,-3,0
5.890466465,0,0,2,0
5.912413046,0,0,1,0
5.9347932740000005,0,0,-3,0
5.955989152000001,0,0,3,0
5.977237413,0,0,-3,0
6.000449161000001,0,0,-3,0
6.022650565,0,0,-2,0
6.035032854000001,0,0,4,0
6.059245253,0,0,0,0
6.085075361,0,0,-2,0
6.107932645,0,0,-2,0
6.122716006,0,0,1,0
6.144942725,0,0,2,0
6.16662607,0,0,2,0
6.190457814,0,0,2,0
6.212793034000001,0,0,2,0
6.235376564,0,0,-2,0
6.257110449000001,0,0,3,0
6.278468808,0,0,-3,0
6.300280937,0,0,-3,0
6.322492356000001,0,0,28,0
6.344160632,0,0,1,0
6.366288829,0,0,0,0
6.3915127620000005,0,0,0,0
6.418099157,0,0,0,0
6.440417572,0,0,0,0
6.4631449530000005,0,0,0,0
6.484583787,0,0,0,0
6.506600674,0,0,0,0
6.528213928,0,0,0,0
6.551775394000001,0,0,0,0
6.5739880170000005,0,0,0,0
6.5962810990000005,0,0,0,0
6.618148282000001,0,0,0,0
6.640543725000001,0,0,0,0
6.656806357000001,0,0,0,0
6.679206628,0,0,0,0
6.701137131,0,0,0,0
6.723055680000001,0,0,0,0
6.746255409000001,0,0,0,0
6.76925444,0,0,0,0
6.791043092000001,0,0,0,0
6.807924406000001,0,0,17,0
6.834779081000001,0,0,-2,0
6.847468060000001,0,0,-2,0
6.868998149,0,0,-5,0
6.891074788,0,0,-3,0
6.9070337440000005,0,0,-1,0
6.928589894000001,0,0,3,0
6.9515877680000004,0,0,9,0
6.974489465,0,0,2,0
7.00170533,0,0,-5,0
7.014721723,0,0,1,0
7.041004490000001,0,0,17,0
7.074569942,0,0,1,0
7.089882222000001,0,0,1,0
7.112622037,0,0,-3,0
7.141603433,0,0,1,0
7.167550187000001,0,0,-2,0
7.190973326000001,0,0,1,0
7.207887183,0,0,2,0
7.2286931270000006,0,0,-3,0
7.249822863,0,0,-3,0
7.273930764,0,0,-2,0
7.296761466,0,0,-3,0
7.325007114000001,0,0,2,0
7.350600168000001,0,0,-4,0
7.37501004,0,0,2,0
7.400540822000001,0,0,3,0
7.42364194,0,0,-3,0
7.4455217430000005,0,0,-1,0
7.467463921,0,0,2,0
7.491204326,0,0,-1,0
7.517571069000001,0,0,2,0
7.540040316000001,0,0,-1,0
7.563181007000001,0,0,2,0
7.585887090000001,0,0,-3,0
7.607294987,0,0,3,0
7.628868686000001,0,0,1,0
7.650562102,0,0,4,0
7.672757773000001,0,0,1,0
7.695118725,0,0,3,0
7.717245409,0,0,-2,0
7.738957179000001,0,0,3,0
7.751462831,0,0,-1,0
7.773071755,0,0,2,0
7.796181314000001,0,0,-2,0
7.809418721,0,0,-3,0
7.834086816,0,0,2,0
7.846981675,0,0,-4,0
7.873477252000001,0,0,-3,0
7.896463648,0,0,-1,0
7.924076884000001,0,0,1,0
7.939286226,0,0,2,0
7.961627118000001,0,0,-2,0
7.983811024,0,0,1,0
7.997254253,0,0,3,0
8.016188259,0,0,2,0
8.040567687000001,0,0,-2,0
8.056662829,0,0,2,0
8.079148201,0,0,-4,0
8.101460196,0,0,1,0
8.123853134,0,0,-2,0
8.146419033,0,0,2,0
8.168425427,0,0,-3,0
8.190230262,0,0,2,0
8.205952988,0,0,2,0
8.229883199,0,0,2,0
8.252285275,0,0,2,0
8.274103741000001,0,0,-2,0
8.288208337,0,0,-3,0
8.312577653,0,0,2,0
8.340457343,0,0,-3,0
8.356151573,0,0,1,0
8.38080238,0,0,3,0
8.407696000000001,0,0,-3,0
8.421701342,0,0,3,0
8.443324108,0,0,-2,0
8.46726613,0,0,2,0
8.489488514000001,0,0,2,0
8.502347140000001,0,0,1,0
8.516782553,0,0,1,0
8.529276317,0,0,2,0
8.55196459,0,0,-3,0
8.574703082000001,0,0,-3,0
8.605421066,0,0,-3,0
8.628547638,0,0,-3,0
8.651775661,0,0,0,0
8.675240285000001,0,0,2,0
8.701656556000001,0,0,2,0
8.724552260000001,0,0,4,0
8.740999315,0,0,-2,0
8.756047246000001,0,0,3,0
8.777443643,0,0,2,0
8.808602907000001,0,0,2,0
8.829503458000001,0,0,3,0
8.864238836,0,0,0,0
8.876089674000001,0,0,-2,0
8.89337167,0,0,1,0
8.911934,0,0,-2,0
8.926739335,0,0,3,0
8.946771722000001,0,0,-3,0
8.965952908,0,0,-2,0
8.992830519,0,0,2,0
9.017673971,0,0,2,0
9.042585919,0,0,-2,0
9.065358352,0,0,-3,0
9.082893123,0,0,-2,0
9.106561012,0,0,2,0
9.124402262,0,0,3,0
9.142422941000001,0,0,2,0
9.165594070000001,0,0,2,0
9.182018737,0,0,3,0
9.207829408,0,0,-4,0
9.225247941000001,0,0,-3,0
9.241027071000001,0,0,1,0
9.258788065000001,0,0,-4,0
9.275016991000001,0,0,2,0
9.311207955,0,0,1,0
9.347375663000001,0,0,-2,0
9.37392578,0,0,3,0
9.391557854,0,0,-1,0
9.41296934,0,0,27,0
9.426831415,0,0,-2,0
9.441854637,0,0,-3,0
9.46839213,0,0,2,0
9.490588015,0,0,-1,0
9.507646339,0,0,-3,0
9.524478712,0,0,2,0
9.556951257000001,0,0,2,0
9.580318603,0,0,16,0
9.608306136000001,0,0,-3,0
9.632493713,0,0,2,0
9.657611990000001,0,0,-1,0
9.674722221000001,0,0,-3,0
9.690757297000001,0,0,3,0
9.707288324,0,0,1,0
9.730174926,0,0,4,0
9.758157209,0,0,3,0
9.783573046,0,0,2,0
9.807792125,0,0,4,0
9.834567498,0,0,1,0
9.85769202,0,0,2,0
9.891663228,0,0,-2,0
9.91476671,0,0,-3,0
9.943311284,0,0,3,0
9.959243763,0,0,3,0
9.992125633,0,0,-2,0
10.025253727,0,0,1,0
10.058773171,0,0,3,0
10.074215495,0,0,-3,0
10.089112728,0,0,2,0
10.111352062,0,0,-2,0
10.133469366,0,0,2,0
10.151174006,0,0,-3,0
10.179422082,0,0,-9,0
10.2097394,0,0,-3,0
10.226601922,0,0,-6,0
10.256797726,0,0,25,0
10.27860169,0,0,-3,0
10.310411420000001,0,0,-2,0
10.325352118000001,0,0,3,0
10.357727802000001,0,0,3,0
10.372780119000002,0,0,3,0
10.396990286000001,0,0,3,0
10.425598768,0,0,3,0
10.440962665,0,0,1,0
10.475204731,0,0,-2,0
10.502431175,0,0,1,0
10.525509667000001,0,0,1,0
10.550430293,0,0,2,0
10.574449304,0,0,2,0
10.591775724000001,0,0,1,0
10.610897186,0,0,2,0
10.645602377000001,0,0,-3,0
10.676632346,0,0,2,0
10.708192451,0,0,-2,0
10.726791653000001,0,0,1,0
10.75786103,0,0,2,0
10.777094719,0,0,-3,0
10.807803804,0,0,-3,0
10.825202227,0,0,2,0
10.85110322,0,0,-3,0
10.874946125000001,0,0,2,0
10.891524397000001,0,0,1,0
10.908492153000001,0,0,3,0
10.925280786,0,0,2,0
10.940830249000001,0,0,-2,0
10.961428231000001,0,0,-3,0
10.985701581,0,0,1,0
11.007929743,0,0,2,0
11.024056969,0,0,-2,0
11.03948649,0,0,-3,0
11.061925036,0,0,2,0
11.091866592,0,0,1,0
11.117762422,0,0,-3,0
11.142632596,0,0,1,0
11.169179766000001,0,0,-2,0
11.191095779000001,0,0,2,0
11.208338224,0,0,2,0
11.233692388000001,0,0,1,0
11.257639353,0,0,1,0
11.273894695000001,0,0,3,0
11.308651069000001,0,0,-3,0
11.324217526,0,0,2,0
11.341454397000001,0,0,-2,0
11.375374727,0,0,1,0
11.400642695,0,0,3,0
11.425097755000001,0,0,-1,0
11.458692503,0,0,1,0
11.474483843000002,0,0,2,0
11.491842421000001,0,0,2,0
11.525159304,0,0,-2,0
11.542000536000002,0,0,3,0
11.568233255,0,0,-3,0
11.580468248,0,0,-1,0
11.595556556,0,0,2,0
11.627921198000001,0,0,2,0
11.660164303,0,0,3,0
11.676105106000001,0,0,-2,0
11.7007115,0,0,3,0
11.724281775000001,0,0,3,0
11.738206102000001,0,0,2,0
11.758553678,0,0,2,0
11.781126458000001,0,0,-3,0
11.807567655000001,0,0,-2,0
11.835445659000001,0,0,3,0
11.857461544000001,0,0,3,0
11.897441838,0,0,3,0
11.923835436000001,0,0,2,0
11.939455805000001,0,0,3,0
11.962194683,0,0,-3,0
11.979550067,0,0,1,0
12.016653996,0,0,-3,0
12.047426941000001,0,0,2,0
12.076346015,0,0,2,0
12.107563764,0,0,1,0
12.134247416000001,0,0,3,0
12.156982265,0,0,3,0
12.178590871,0,0,2,0
12.201754147,0,0,-3,0
12.224594788000001,0,0,-3,0
12.238758727,0,0,2,0
12.258050153000001,0,0,1,0
12.291174794000002,0,0,3,0
12.309016741,0,0,1,0
12.344109385000001,0,0,2,0
12.366818108,0,0,-3,0
12.380399659,0,0,-3,0
12.401145051,0,0,-3,0
12.423311008,0,0,3,0
12.445507286000002,0,0,1,0
12.457918674,0,0,2,0
12.471973612000001,0,0,2,0
12.484395372000002,0,0,-3,0
12.50689874,0,0,-4,0
12.529581725000002,0,0,-2,0
12.552257936,0,0,-2,0
12.575034448,0,0,3,0
12.606130924,0,0,2,0
12.630140405,0,0,2,0
12.656020462,0,0,-3,0
12.680866333,0,0,-2,0
12.706438698000001,0,0,3,0
12.729555086000001,0,0,2,0
12.757396543,0,0,-3,0
12.773136410000001,0,0,-2,0
12.795455132,0,0,1,0
12.818124423,0,0,2,0
12.840752636000001,0,0,-3,0
12.864763393,0,0,-2,0
12.891824191000001,0,0,-2,0
12.907424947,0,0,2,0
12.929793323,0,0,-3,0
12.957340142000001,0,0,-3,0
12.971655939000001,0,0,1,0
12.993461561,0,0,3,0
13.018872959000001,0,0,-2,0
13.032700014000001,0,0,2,0
13.057864863,0,0,3,0
13.071315563,0,0,-2,0
13.094200995000001,0,0,2,0
13.116616714000001,0,0,-3,0
13.141056296,0,0,-2,0
13.174577384000001,0,0,-1,0
13.200856054,0,0,-1,0
13.224273460000001,0,0,-3,0
13.239406521000001,0,0,5,0
13.263536997000001,0,0,-3,0
13.290760015,0,0,1,0
13.318858912000001,0,0,-3,0
13.341478048,0,0,3,0
13.355925942,0,0,-3,0
13.382605966000002,0,0,4,0
13.408803445,0,0,2,0
13.434967657000001,0,0,1,0
13.458450357,0,0,-4,0
13.482917297,0,0,3,0
13.496972291,0,0,3,0
13.524187709000001,0,0,-3,0
13.552195350000002,0,0,-2,0
13.565669852000001,0,0,2,0
13.590547681,0,0,0,0
13.604712602000001,0,0,1,0
13.641428026000002,0,0,0,0
13.662755937,0,0,1,0
13.690398404000002,0,0,-1,0
13.705806609000001,0,0,-2,0
13.727465574,0,0,2,0
13.749334893,0,0,-3,0
13.772780652000002,0,0,1,0
13.795047460000001,0,0,2,0
13.816963801,0,0,3,0
13.840054943,0,0,-2,0
13.862060646000002,0,0,2,0
13.885384895000001,0,0,1,0
13.907827567,0,0,-2,0
13.923504103,0,0,1,0
13.940927584,0,0,1,0
13.958811663,0,0,-2,0
13.990209470000002,0,0,3,0
14.012687159,0,0,-4,0
14.034906467,0,0,-2,0
14.05656311,0,0,2,0
14.077830965,0,0,0,0
14.101226862,0,0,3,0
14.124198396,0,0,2,0
14.139078363000001,0,0,4,0
14.162972616000001,0,0,-3,0
14.185636081,0,0,2,0
14.208392648,0,0,1,0
14.233262957,0,0,-3,0
14.256935143000002,0,0,-3,0
14.273592936,0,0,4,0
14.295223639000001,0,0,1,0
14.318604987,0,0,-2,0
14.342949955000002,0,0,-2,0
14.379100055,0,0,3,0
14.402232293,0,0,2,0
14.427906697000001,0,0,-2,0
14.450241551000001,0,0,1,0
14.4726589,0,0,-2,0
14.495041233,0,0,-1,0
14.517320661000001,0,0,-2,0
14.54005422,0,0,2,0
14.562783334,0,0,2,0
14.589078628000001,0,0,0,0
14.612282234,0,0,1,0
14.635494272,0,0,-4,0
14.658742623,0,0,2,0
14.685649998,0,0,-3,0
14.708074222,0,0,3,0
14.740743288,0,0,3,0
14.756966579,0,0,-3,0
14.773351128000002,0,0,-3,0
14.790240903,0,0,-3,0
14.806021851,0,0,-2,0
14.829233948,0,0,-1,0
14.852165175000001,0,0,1,0
14.874609540000002,0,0,2,0
14.895470316,0,0,1,0
14.916285788000001,0,0,-2,0
14.941238822,0,0,2,0
14.968943359,0,0,0,0
14.991752586,0,0,0,0
15.018325657,0,0,0,0
15.04094957,0,0,0,0
15.068934512,0,0,0,0
15.091024638,0,0,0,0
15.117356198000001,0,0,0,0
15.145510166000001,0,0,0,0
15.173988596000001,0,0,0,0
15.189962094,0,0,0,0
15.211931513000001,0,0,0,0
15.234198365000001,0,0,0,0
15.257945821000002,0,0,0,0
15.292498365,0,0,0,0
15.307827286,0,0,0,0
15.342258217000001,0,0,0,0
15.368360887000001,0,0,0,0
15.391639866,0,0,0,0
15.408753295,0,0,0,0
15.441535195,0,0,0,0
15.457349254,0,0,0,0
15.474989087,0,0,0,0
15.501419853000002,0,0,0,0
15.51566292,0,0,0,0
15.541713956,0,0,0,0
15.558368235000001,0,0,0,0
15.589340479,0,0,0,0
15.612740223000001,0,0,0,0
15.640492204000001,0,0,0,0
15.657738739000001,0,0,0,0
15.691374065000002,0,0,0,0
15.723797531,0,0,0,0
15.755710945,0,0,0,0
15.768808537000002,0,0,0,0
15.794880936,0,0,0,0
15.825142035,0,0,0,0
15.843674898000002,0,0,0,0
15.859130816,0,0,0,0
15.875561869,0,0,0,0
15.893672636000002,0,0,0,0
15.923988259000001,0,0,0,0
15.94481681,0,0,0,0
15.968431147,0,0,0,0
15.991993589000002,0,0,0,0
16.022704115,0,0,0,0
16.041159508,0,0,0,0
16.075992465000002,0,0,0,0
16.100186389,0,0,0,0
16.123989477000002,0,0,0,0
16.140346435,0,0,0,0
16.160893844,0,0,0,0
16.17636106,0,0,0,0
16.207366852,0,0,0,0
16.243142435,0,0,0,0
16.276212577000003,0,0,0,0
16.308191415,0,0,0,0
16.332800636,0,0,0,0
16.358660451000002,0,0,0,0
16.383386357000003,0,0,0,0
16.408601114,0,0,0,0
16.425830018000003,0,0,0,0
16.447905194,0,0,0,0
16.460421196000002,0,0,0,0
16.491179301000003,0,0,0,0
16.508019082,0,0,0,0
16.526214105,0,0,0,0
16.551206538000002,0,0,0,0
16.575666893,0,0,0,0
16.591758131000002,0,0,0,0
16.626706065,0,0,0,0
16.643996974,0,0,0,0
16.666126469,0,0,0,0
16.680953897000002,0,0,0,0
16.710162342,0,0,0,0
16.726555385,0,0,0,0
16.751676904,0,0,0,0
16.772913105,0,0,0,0
16.796040821000002,0,0,0,0
16.828120432000002,0,0,0,0
16.859395478,0,0,0,0
16.883605208000002,0,0,0,0
16.895091148000002,0,0,0,0
16.928952626,0,0,0,0
16.950940088,0,0,0,0
16.963577407000002,0,0,0,0
16.991589829000002,0,0,0,0
17.017408852000003,0,0,0,0
17.041386250000002,0,0,0,0
17.074725468,0,0,0,0
17.090058624,0,0,0,0
17.112086155,0,0,0,0
17.139493555,0,0,0,0
17.152037857,0,0,0,0
17.175151464000002,0,0,0,0
17.191664776,0,0,0,0
17.224356871,0,0,0,0
17.250241680000002,0,0,0,0
17.278362172,0,0,0,0
17.293512679000003,0,0,0,0
17.311917737,0,0,0,0
17.339504982,0,0,0,0
17.361572577,0,0,0,0
17.392697102,0,0,0,0
17.426374569,0,0,0,0
17.442859654,0,0,0,0
17.47671584,0,0,0,0
17.50951033,0,0,0,0
17.545426214000003,0,0,0,0
17.560802619,0,0,0,0
17.579210023,0,0,0,0
17.600954802,0,0,0,0
17.626953833,0,0,0,0
17.664431922000002,0,0,0,0
17.683340311000002,0,0,0,0
17.715868258,0,0,0,0
17.728995723,0,0,0,0
17.760957435,0,0,0,0
17.790739174000002,0,0,0,0
17.810904471,0,0,0,0
17.842727808,0,0,0,0
17.859667383,0,0,0,0
17.884721508000002,0,0,0,0
17.908680532,0,0,0,0
17.935143953,0,0,0,0
17.959386346000002,0,0,0,0
17.981658383000003,0,0,0,0
18.009091746000003,0,0,0,0
18.034008276,0,0,0,0
18.059755028,0,0,0,0
18.084536941,0,0,0,0
18.108690967,0,0,0,0
18.133822448,0,0,0,0
18.158843506,0,0,0,0
18.191468299,0,0,0,0
18.223011484,0,0,0,0
18.235481112000002,0,0,0,0
18.259412867,0,0,0,0
18.292962403,0,0,0,0
18.324290204,0,0,0,0
18.360767703,0,0,0,0
18.39388954,0,0,0,0
18.427813275000002,0,0,-3,0
18.450036879000002,0,0,4,0
18.476085618000003,0,0,-4,0
18.494942438000002,0,0,-4,0
18.518279361,0,0,-2,0
18.544713689,0,0,-2,0
18.562041205,0,0,1,0
18.594277117,0,0,3,0
18.626557311000003,0,0,1,0
18.643172819,0,0,-3,0
18.660085569,0,0,-3,0
18.692379801,0,0,2,0
18.726222674000002,0,0,-3,0
18.744862571000002,0,0,3,0
18.778019995,0,0,2,0
18.796102506,0,0,1,0
18.831465034,0,0,2,0
18.861967191,0,0,-2,0
18.892031989,0,0,2,0
18.927503363,0,0,-3,0
18.959981932,0,0,0,0
18.978536336,0,0,2,0
18.999603366000002,0,0,-2,0
19.026830089,0,0,-3,0
19.059553937,0,0,2,0
19.076351331,0,0,3,0
19.093612705,0,0,5,0
19.111834866000002,0,0,4,0
19.13524859,0,0,-3,0
19.15991361,0,0,2,0
19.182561760000002,0,0,0,0
19.209040853,0,0,1,0
19.227128945,0,0,2,0
19.262738444,0,0,-3,0
19.278887349,0,0,2,0
19.310150498000002,0,0,3,0
19.343897907000002,0,0,2,0
19.359159238,0,0,3,0
19.384413627,0,0,-3,0
19.409719892000002,0,0,2,0
19.441972577,0,0,1,0
19.468372963,0,0,-3,0
19.491048822,0,0,-3,0
19.525165493000003,0,0,2,0
19.559091628,0,0,3,0
19.592625515,0,0,0,0
19.625059321000002,0,0,-3,0
19.660698528,0,0,3,0
19.678225354000002,0,0,-3,0
19.710937223000002,0,0,2,0
19.727578402000002,0,0,2,0
19.757133288000002,0,0,1,0
19.781097335000002,0,0,3,0
19.800293540000002,0,0,-3,0
19.824996613,0,0,-2,0
19.841839211,0,0,3,0
19.881333406,0,0,-1,0
19.907590378000002,0,0,3,0
19.928052141000002,0,0,2,0
19.951655027,0,0,-3,0
19.965466578,0,0,-1,0
19.993291163000002,0,0,2,0
20.01739968,0,0,12,0
20.030143378,0,0,-1,0
20.058588616,0,0,0,0
20.091624277,0,0,0,0
20.117937486000002,0,0,0,0
20.141880639,0,0,0,0
20.162222354,0,0,0,0
20.189852899,0,0,0,0
20.208171694,0,0,0,0
20.227167226000002,0,0,0,0
20.260135455,0,0,0,0
20.276973958000003,0,0,0,0
20.309588116,0,0,0,0
20.343609272000002,0,0,1,0
20.376582232,0,0,2,0
20.395629646,0,0,2,0
20.427999076000003,0,0,2,0
20.460624926,0,0,-2,0
20.477508714000002,0,0,-2,0
20.492018435000002,0,0,4,0
20.508830741,0,0,1,0
20.526791112,0,0,1,0
20.543838428,0,0,-2,0
20.561520495,0,0,0,0
20.575001892,0,0,-4,0
20.607851258,0,0,-2,0
20.624739651000002,0,0,2,0
20.658501013000002,0,0,-1,0
20.692984793,0,0,1,0
20.724754921000002,0,0,-3,0
20.739823504,0,0,2,0
20.762256531000002,0,0,3,0
20.78380941,0,0,3,0
20.806047695,0,0,3,0
20.828377625,0,0,1,0
20.841474558,0,0,0,0
20.863775792000002,0,0,3,0
20.890746709000002,0,0,2,0
20.907374367000003,0,0,-2,0
20.932675802000002,0,0,-2,0
20.956436271,0,0,2,0
20.978948316,0,0,-17,0
21.001421808,0,0,-3,0
21.024340679,0,0,19,0
21.039637252000002,0,0,2,0
21.06192452,0,0,0,0
21.084932348000002,0,0,0,0
21.106954241,0,0,0,0
21.122423407000003,0,0,0,0
21.144954953000003,0,0,0,0
21.168906518,0,0,0,0
21.192755025,0,0,-3,0
21.20783247,0,0,6,0
21.240923648000003,0,0,-3,0
21.263807509000003,0,0,10,0
21.290498926,0,0,-15,0
21.306578143000003,0,0,-2,0
21.330018120000002,0,0,0,0
21.358239634,0,0,2,0
21.37469708,0,0,2,0
21.400697450000003,0,0,-3,0
21.422746798000002,0,0,1,0
21.445164538,0,0,2,0
21.472656436,0,0,1,0
21.495958122,0,0,-2,0
21.521797971,0,0,3,0
21.54448726,0,0,-3,0
21.568687095,0,0,2,0
21.59326304,0,0,2,0
21.61681987,0,0,3,0
21.629044333000003,0,0,3,0
21.651225435,0,0,0,0
21.673816610000003,0,0,0,0
21.689985017,0,0,0,0
21.712640605,0,0,0,0
21.734964871000003,0,0,0,0
21.757362338,0,0,0,0
21.773373900000003,0,0,0,0
21.79002393,0,0,0,0
21.805983331,0,0,0,0
21.829603295000002,0,0,0,0
21.856618624000003,0,0,0,0
21.87972267,0,0,0,0
21.901039329,0,0,0,0
21.923882645000003,0,0,0,0
21.938639813,0,0,0,0
21.961671777000003,0,0,0,0
21.990750545,0,0,0,0
22.009242409000002,0,0,0,0
22.032615009,0,0,0,0
22.056578457,0,0,0,0
22.079210089,0,0,0,0
22.101559473000002,0,0,0,0
22.128091726,0,0,0,0
22.161912689,0,0,1,0
22.177244563000002,0,0,-2,0
22.20481102,0,0,0,0
22.227016068,0,0,0,0
22.250304642,0,0,0,0
22.273782477,0,0,0,0
22.290815744,0,0,0,0
22.316986362,0,0,0,0
22.341619771,0,0,0,0
22.368358175,0,0,0,0
22.390403791,0,0,0,0
22.41288699,0,0,0,0
22.441061306,0,0,0,0
22.468049096,0,0,0,0
22.491599025000003,0,0,0,0
22.51712265,0,0,0,0
22.540684864000003,0,0,0,0
22.55886123,0,0,0,0
22.581712470000003,0,0,3,0
22.607838140000002,0,0,-2,0
22.634306146,0,0,-3,0
22.657834642,0,0,-3,0
22.683474543000003,0,0,2,0
22.697371448000002,0,0,-3,0
22.725888279000003,0,0,0,0
22.740588484,0,0,0,0
22.760521983,0,0,0,0
22.776365637,0,0,0,0
22.813797094,0,0,0,0
22.82738158,0,0,0,0
22.857509049,0,0,0,0
22.876317407000002,0,0,0,0
22.891630033000002,0,0,0,0
22.926266560000002,0,0,1,0
22.940419855000002,0,0,1,0
22.98053835,0,0,-3,0
23.007424005,0,0,-3,0
23.032920503,0,0,-3,0
23.057169127,0,0,-2,0
23.074533029,0,0,2,0
23.089980186000002,0,0,-2,0
23.106818387,0,0,-3,0
23.121417681,0,0,2,0
23.144102460000003,0,0,-4,0
23.173153583,0,0,-4,0
23.188960097000002,0,0,-2,0
23.201418914,0,0,2,0
23.22398108,0,0,-3,0
23.250718622,0,0,-3,0
23.273589551,0,0,-2,0
23.296089865000003,0,0,-4,0
23.322889890000003,0,0,-3,0
23.346285101000003,0,0,2,0
23.374462112,0,0,-3,0
23.406463074,0,0,2,0
23.422164584,0,0,3,0
23.445023493,0,0,3,0
23.468837634,0,0,2,0
23.491713809,0,0,3,0
23.524123783,0,0,2,0
23.551296653,0,0,4,0
23.574726764,0,0,2,0
23.600961302,0,0,2,0
23.623328668000003,0,0,1,0
23.645477988000003,0,0,-2,0
23.667809633,0,0,0,0
23.68996723,0,0,0,0
23.71218842,0,0,0,0
23.734499657,0,0,0,0
23.757027183,0,0,0,0
23.773762535000003,0,0,0,0
23.801128123,0,0,2,0
23.823694890000002,0,0,2,0
23.838833243,0,0,-3,0
23.861485387000002,0,0,3,0
23.884485075,0,0,3,0
23.910098151000003,0,0,-2,0
23.927132294,0,0,-2,0
23.958152613000003,0,0,-2,0
23.985433044,0,0,1,0
24.007980547000003,0,0,-3,0
24.037953809,0,0,-2,0
24.060621444000002,0,0,1,0
24.074909461,0,0,-2,0
24.092939089,0,0,3,0
24.133324465,0,0,2,0
24.157904109,0,0,-3,0
24.185410033,0,0,2,0
24.208946712000003,0,0,4,0
24.224718078000002,0,0,2,0
24.242125395000002,0,0,2,0
24.274682081,0,0,-2,0
24.291114002,0,0,3,0
24.317254941,0,0,-3,0
24.340656849000002,0,0,-2,0
24.368126618,0,0,2,0
24.391828548000003,0,0,-2,0
24.418155373,0,0,-2,0
24.441189869000002,0,0,1,0
24.468356457000002,0,0,2,0
24.494875246000003,0,0,3,0
24.518528274,0,0,-2,0
24.541762197,0,0,0,0
24.565850713000003,0,0,4,0
24.589337370000003,0,0,3,0
24.618624571,0,0,2,0
24.634021201000003,0,0,-3,0
24.64754388,0,0,-3,0
24.673786852000003,0,0,-2,0
24.716108468,0,0,2,0
24.746249956,0,0,-2,0
24.761362652000003,0,0,-2,0
24.788170523,0,0,1,0
24.811830127,0,0,2,0
24.835054747,0,0,1,0
24.858142772,0,0,2,0
24.885547253000002,0,0,-3,0
24.908309058,0,0,-3,0
24.934199605,0,0,2,0
24.957337847,0,0,2,0
24.990315468000002,0,0,-2,0
25.007111950000002,0,0,2,0
25.034560097,0,0,1,0
25.057242310000003,0,0,4,0
25.084924887000003,0,0,-2,0
25.108552793,0,0,3,0
25.12423593,0,0,-3,0
25.157648232000003,0,0,2,0
25.185234211,0,0,-3,0
25.208047974000003,0,0,1,0
25.234928286000002,0,0,2,0
25.248277176000002,0,0,1,0
25.273961261,0,0,1,0
25.300382895000002,0,0,-2,0
25.313244609,0,0,3,0
25.338856048,0,0,2,0
25.356449239,0,0,1,0
25.374138172000002,0,0,-3,0
25.389651763,0,0,-2,0
25.409017131000002,0,0,2,0
25.425537116,0,0,-3,0
25.451007673000003,0,0,4,0
25.463784026000003,0,0,-2,0
25.49146528,0,0,3,0
25.515586942000002,0,0,4,0
25.540957263000003,0,0,-3,0
25.567128278000002,0,0,2,0
25.580578894000002,0,0,0,0
25.607227688000002,0,0,-1,0
25.622707903000002,0,0,1,0
25.644062366,0,0,3,0
25.668651515,0,0,-2,0
25.691051194,0,0,3,0
25.705345615000002,0,0,2,0
25.727227597000002,0,0,-2,0
25.751093826,0,0,-1,0
25.773205737,0,0,-3,0
25.790164885000003,0,0,2,0
25.818488164,0,0,-2,0
25.844742325000002,0,0,2,0
25.877359319,0,0,3,0
25.905823307000002,0,0,1,0
25.941033355000002,0,0,1,0
25.968551645,0,0,-2,0
25.981887138,0,0,2,0
25.998861581,0,0,1,0
26.025681062,0,0,2,0
26.057344301,0,0,3,0
26.083816983000002,0,0,-1,0
26.096523345,0,0,-3,0
26.125253665000002,0,0,2,0
26.157997282,0,0,-4,0
26.173582589000002,0,0,-2,0
26.196763938,0,0,3,0
26.224873444,0,0,-3,0
26.240094593000002,0,0,-2,0
26.255742932,0,0,-2,0
26.279679288,0,0,1,0
26.308110217000003,0,0,3,0
26.333658998,0,0,1,0
26.346941957000002,0,0,-3,0
26.372245239,0,0,0,0
26.390721428000003,0,0,0,0
26.407448998000003,0,0,0,0
26.440991343,0,0,0,0
26.467137867,0,0,0,0
26.491481112000002,0,0,0,0
26.510399335000002,0,0,0,0
26.524964002,0,0,0,0
26.540551421,0,0,-6,0
26.568751295000002,0,0,-2,0
26.591838084000003,0,0,2,0
26.622879825000002,0,0,0,0
26.651878559,0,0,0,0
26.674612381000003,0,0,0,0
26.700729361,0,0,0,0
26.713782223000003,0,0,0,0
26.742214418000003,0,0,0,0
26.766328771,0,0,4,0
26.78996035,0,0,-4,0
26.80674021,0,0,-3,0
26.823826266,0,0,-3,0
26.841427618,0,0,1,0
26.873616246,0,0,-3,0
26.907635558000003,0,0,0,0
26.941762788000002,0,0,0,0
26.972746557,0,0,0,0
26.994969367000003,0,0,0,0
27.009182164000002,0,0,0,0
27.027601217,0,0,0,0
27.051443072,0,0,0,0
27.074718734,0,0,0,0
27.087442667,0,0,0,0
27.110581908,0,0,0,0
27.135157401,0,0,0,0
27.158079053,0,0,0,0
27.174480772000003,0,0,0,0
27.207880856000003,0,0,0,0
27.234257164000002,0,0,-2,0
27.256673499,0,0,2,0
27.279656648000003,0,0,-4,0
27.307309011,0,0,2,0
27.321126027000002,0,0,1,0
27.344894884000002,0,0,-2,0
27.36855351,0,0,2,0
27.393231944,0,0,-1,0
27.422428953,0,0,2,0
27.444085567000002,0,0,-4,0
27.467030889,0,0,1,0
27.479813156000002,0,0,3,0
27.501406578,0,0,-3,0
27.532934464,0,0,-2,0
27.546001878000002,0,0,-3,0
27.574314699000002,0,0,-3,0
27.591416446,0,0,-3,0
27.606853049,0,0,-3,0
27.628492227000002,0,0,2,0
27.650190986000002,0,0,1,0
27.674130908000002,0,0,13,0
27.690900263000003,0,0,1,0
27.717235089000003,0,0,2,0
27.739948793000003,0,0,2,0
27.761770894,0,0,-4,0
27.783495744000003,0,0,-2,0
27.807133646,0,0,-2,0
27.823075095,0,0,-3,0
27.845582522,0,0,-3,0
27.872208469,0,0,-3,0
27.895319895,0,0,2,0
27.921736134000003,0,0,-3,0
27.944782309,0,0,-2,0
27.967846184000003,0,0,3,0
27.992954346,0,0,-3,0
28.025194791,0,0,-2,0
28.041330583,0,0,1,0
28.067933247000003,0,0,2,0
28.091557362000003,0,0,-3,0
28.116956181000003,0,0,-2,0
28.141806916,0,0,2,0
28.166309346000002,0,0,1,0
28.191045977,0,0,-3,0
28.208047393,0,0,12,0
28.233822254000003,0,0,-1,0
28.257668189,0,0,2,0
28.284139370000002,0,0,-3,0
28.307864563000003,0,0,1,0
28.339850691000002,0,0,2,0
28.374927237,0,0,2,0
28.392869587000003,0,0,1,0
28.408920993000002,0,0,-1,0
28.432510421000003,0,0,-2,0
28.460450256,0,0,-2,0
28.485569009000002,0,0,3,0
28.509308793000002,0,0,2,0
28.533483160000003,0,0,0,0
28.557743568000003,0,0,0,0
28.5848966,0,0,0,0
28.605174823000002,0,0,0,0
28.626436220000002,0,0,0,0
28.650040496000003,0,0,0,0
28.673143420000002,0,0,0,0
28.694583249,0,0,0,0
28.715989558,0,0,-2,0
28.7395612,0,0,2,0
28.76121909,0,0,-1,0
28.784026052,0,0,-4,0
28.806001037,0,0,-1,0
28.827642433,0,0,-1,0
28.849803838000003,0,0,0,0
28.872708519000003,0,0,0,0
28.894700045,0,0,0,0
28.916882037,0,0,0,0
28.939694636000002,0,0,0,0
28.962337592,0,0,0,0
28.984359050000002,0,0,0,0
29.007269611,0,0,0,0
29.023883466,0,0,0,0
29.040563688000002,0,0,0,0
29.056981323000002,0,0,0,0
29.089776924000002,0,0,0,0
29.123717714,0,0,0,0
29.151446893000003,0,0,0,0
29.175500784,0,0,0,0
29.20034838,0,0,0,0
29.213728625,0,0,0,0
29.24194831,0,0,0,0
29.274958378,0,0,0,0
29.300557344,0,0,0,0
29.328924609,0,0,0,0
29.362994476,0,0,0,0
29.389668565,0,0,0,0
29.413558371,0,0,0,0
29.441682290000003,0,0,0,0
29.474290745,0,0,0,0
29.49395996,0,0,0,0
29.522861634,0,0,0,0
29.54014765,0,0,0,0
29.557192322000002,0,0,0,0
29.57586256,0,0,0,0
29.601311136000003,0,0,0,0
29.633248886,0,0,0,0
29.663869207,0,0,0,0
29.687881474,0,0,0,0
29.708998124,0,0,0,0
29.732270611,0,0,0,0
29.75639908,0,0,0,0
29.772703332000003,0,0,0,0
29.795220103000002,0,0,0,0
29.817501271,0,0,0,0
29.84011282,0,0,0,0
29.868369974,0,0,0,0
29.89101767,0,0,0,0
29.904240592,0,0,0,0
29.916284282000003,0,0,0,0
29.941674834,0,0,0,0
29.957759565000003,0,0,0,0
29.983588918000002,0,0,0,0
30.006728322,0,0,0,0
30.028714572000002,0,0,0,0
30.051618181000002,0,0,0,0
30.075439525,0,0,0,0
30.101010151,0,0,0,0
30.123659413000002,0,0,0,0
30.149172178,0,0,0,0
30.172695399000002,0,0,0,0
30.195691031000003,0,0,0,0
30.217869012,0,0,0,0
30.241755486000002,0,0,0,0
30.272232735000003,0,0,7,0
30.295975312000003,0,0,-1,0
30.322097369,0,0,-3,0
30.345479998000002,0,0,2,0
30.373868151000003,0,0,1,0
30.395098177,0,0,-4,0
30.418483611000003,0,0,3,0
30.442044821000003,0,0,-2,0
30.467562309,0,0,-2,0
30.489226431000002,0,0,1,0
30.510576566,0,0,2,0
30.533550655000003,0,0,2,0
30.556307642,0,0,-2,0
30.579192734000003,0,0,-3,0
30.608221988,0,0,-3,0
30.624521664000003,0,0,-3,0
30.638490182,0,0,-4,0
30.656293826000002,0,0,-3,0
30.680759392000002,0,0,-5,0
30.707783120000002,0,0,2,0
30.733629312,0,0,2,0
30.757693948000004,0,0,0,0
30.772106097,0,0,0,0
30.794647583000003,0,0,0,0
30.81062139,0,0,0,0
30.824372386,0,0,0,0
30.850256581000004,0,0,0,0
30.875318314,0,0,-2,0
30.907795105,0,0,-3,0
30.92497373,0,0,2,0
30.951327145,0,0,2,0
30.973994935,0,0,-3,0
30.992768914000003,0,0,3,0
31.024802812,0,0,-2,0
31.042633066,0,0,-3,0
31.068103174,0,0,-3,0
31.090772163,0,0,-2,0
31.108545916,0,0,3,0
31.14030062,0,0,2,0
31.156113824000002,0,0,-2,0
31.179920340000002,0,0,-4,0
31.207829134,0,0,-2,0
31.233042835000003,0,0,-3,0
31.256290919,0,0,2,0
31.279423894,0,0,-2,0
31.306638259000003,0,0,1,0
31.322770186000003,0,0,2,0
31.34630761,0,0,3,0
31.374016423,0,0,-2,0
31.389541538000003,0,0,1,0
31.412946804,0,0,-3,0
31.438295754000002,0,0,3,0
31.460682143000003,0,0,1,0
31.483011423,0,0,-2,0
31.506722070000002,0,0,3,0
31.522938821,0,0,1,0
31.545056115,0,0,-3,0
31.57416136,0,0,-2,0
31.590016135000003,0,0,2,0
31.612518675,0,0,-2,0
31.634987158,0,0,-2,0
31.657220610000003,0,0,3,0
31.674082958000003,0,0,-2,0
31.700945387,0,0,2,0
31.723130353000002,0,0,-2,0
31.745051191,0,0,-1,0
31.768249620000002,0,0,-2,0
31.790551159000003,0,0,-2,0
31.808294958,0,0,2,0
31.833087946000003,0,0,2,0
31.856561455,0,0,-2,0
31.871648707000002,0,0,-1,0
31.894008569,0,0,3,0
31.9232671,0,0,-3,0
31.940432771,0,0,-3,0
31.968590034,0,0,3,0
31.999540216000003,0,0,1,0
32.025591293000005,0,0,-3,0
32.058687301,0,0,1,0
32.091798705,0,0,1,0
32.124110756,0,0,-2,0
32.140049273,0,0,-3,0
32.176606906,0,0,0,0
32.209159836000005,0,0,-3,0
32.232138566,0,0,-2,0
32.266725238,0,0,-3,0
32.280441525,0,0,-3,0
32.325536911,0,0,-3,0
32.344264535,0,0,-3,0
32.377373378,0,0,0,0
32.40949173,0,0,0,0
32.441563677000005,0,0,0,0
32.458796658000004,0,0,0,0
32.483663207,0,0,0,0
32.508702934,0,0,0,0
32.538811039,0,0,0,0
32.56294717,0,0,0,0
32.591301327000004,0,0,0,0
32.608434916,0,0,0,0
32.639346721,0,0,0,0
32.655506355,0,0,0,0
32.678649749,0,0,0,0
32.706805063000004,0,0,0,0
32.734267354,0,0,0,0
32.757567082,0,0,0,0
32.784951515,0,0,0,0
32.808721171,0,0,0,0
32.842482099,0,0,0,0
32.867675839,0,0,0,0
32.898042643000004,0,0,0,0
32.926567966,0,0,0,0
32.947223862,0,0,0,0
32.974246560000005,0,0,0,0
32.99061505,0,0,0,0
33.025929813000005,0,0,0,0
33.049792491000005,0,0,0,0
33.077537493,0,0,0,0
33.093999405000005,0,0,0,0
33.115863713,0,0,0,0
33.14271232,0,0,0,0
33.159512634,0,0,0,0
33.194365441,0,0,0,0
33.211783440000005,0,0,0,0
33.245567415000004,0,0,0,0
33.274768041,0,0,0,0
33.307888452,0,0,0,0
33.325208372,0,0,0,0
33.359689014000004,0,0,0,0
33.400343989,0,0,0,0
33.426391846,0,0,0,0
33.450766735,0,0,0,0
33.464154855000004,0,0,0,0
33.493251608,0,0,0,0
33.512982419000004,0,0,0,0
33.540128891,0,0,0,0
33.556828953,0,0,0,0
33.574411279,0,0,0,0
33.600621915000005,0,0,0,0
33.624501983,0,0,0,0
33.650534549,0,0,0,0
33.675495080000005,0,0,0,0
33.690546887,0,0,0,0
33.724671738000005,0,0,0,0
33.750975585,0,0,0,0
33.773905361000004,0,0,0,0
33.801285176,0,0,0,0
33.814769246000004,0,0,0,0
33.832904825,0,0,0,0
33.858865801,0,0,0,0
33.892173281000005,0,0,0,0
33.910126739,0,0,0,0
33.941284583000005,0,0,0,0
33.976767605,0,0,0,0
34.007896838,0,0,0,0
34.023404895,0,0,0,0
34.040857755000005,0,0,0,0
34.061921661,0,0,0,0
34.09139287,0,0,0,0
34.109178747,0,0,0,0
34.138704454,0,0,-1,0
34.159900077,0,0,-3,0
34.192540594,0,0,-2,0
34.222662085,0,0,2,0
34.24286894,0,0,2,0
34.260755671000005,0,0,1,0
34.291884094000004,0,0,-2,0
34.31034974,0,0,-3,0
34.343972599000004,0,0,-3,0
34.375937730000004,0,0,2,0
34.406444168,0,0,-3,0
34.427512905,0,0,2,0
34.459936539000005,0,0,2,0
34.492187651,0,0,0,0
34.524237375000006,0,0,0,0
34.541784603,0,0,0,0
34.574797896,0,0,0,0
34.601463129,0,0,0,0
34.614877673,0,0,0,0
34.640254320000004,0,0,0,0
34.658772386,0,0,0,0
34.676984000000004,0,0,0,0
34.707814975000005,0,0,0,0
34.734195081,0,0,0,0
34.759055430000004,0,0,-3,0
34.792626104,0,0,-2,0
34.811175804,0,0,2,0
34.842671065000005,0,0,-1,0
34.867631434,0,0,2,0
34.893008742,0,0,-4,0
34.911161991,0,0,2,0
34.932793519,0,0,1,0
34.959323420000004,0,0,-3,0
34.994464827,0,0,2,0
35.028047745,0,0,2,0
35.058724942000005,0,0,-2,0
35.073884490000005,0,0,3,0
35.092563094,0,0,1,0
35.107869024,0,0,-3,0
35.13431584,0,0,-2,0
35.159337213,0,0,2,0
35.189552670000005,0,0,2,0
35.207024482,0,0,2,0
35.22550381,0,0,3,0
35.249307626000004,0,0,-3,0
35.274628708,0,0,-3,0
35.300969494,0,0,-3,0
35.325098277,0,0,2,0
35.360284773000004,0,0,-3,0
35.37747971,0,0,-3,0
35.40950697,0,0,-1,0
35.427498767,0,0,-3,0
35.460140819,0,0,2,0
35.48268472,0,0,-3,0
35.517582226,0,0,-3,0
35.54692943,0,0,2,0
35.563324956,0,0,2,0
35.595064704,0,0,-3,0
35.626037303000004,0,0,5,0
35.642728737,0,0,2,0
35.675823397,0,0,3,0
35.701526527000006,0,0,-3,0
35.725027527,0,0,1,0
35.749968799,0,0,4,0
35.775734916000005,0,0,-3,0
35.801574989,0,0,-2,0
35.824754414000004,0,0,0,0
35.858963189,0,0,-2,0
35.884462699000004,0,0,-2,0
35.897237538,0,0,-3,0
35.914429223,0,0,3,0
35.936248174,0,0,-2,0
35.959374507,0,0,-3,0
35.975891909000005,0,0,1,0
36.009971900000004,0,0,-3,0
36.033416498,0,0,2,0
36.059616068000004,0,0,-1,0
36.089259867,0,0,-2,0
36.101754629000006,0,0,2,0
36.126356467,0,0,2,0
36.159760168000005,0,0,-3,0
36.176608111,0,0,-2,0
36.209325816,0,0,-2,0
36.233724463,0,0,2,0
36.259183064000005,0,0,-2,0
36.276146245,0,0,1,0
36.309668799,0,0,-4,0
36.325757576,0,0,1,0
36.350485056000004,0,0,-2,0
36.375676151,0,0,1,0
36.401328436,0,0,2,0
36.423640624,0,0,-2,0
36.44125126,0,0,-3,0
36.472641641,0,0,-2,0
36.495458987,0,0,-2,0
36.522988651000006,0,0,0,0
36.538734916,0,0,-3,0
36.560728324,0,0,2,0
36.584858808,0,0,-1,0
36.607770978000005,0,0,-2,0
36.625481039,0,0,2,0
36.642146297000004,0,0,-3,0
36.674777799000005,0,0,2,0
36.708162577,0,0,-2,0
36.733771745000006,0,0,-3,0
36.75719148,0,0,-1,0
36.773486914,0,0,-2,0
36.790978016000004,0,0,0,0
36.82253531,0,0,2,0
36.834936869,0,0,-3,0
36.857544247,0,0,3,0
36.875299729000005,0,0,2,0
36.901964906,0,0,1,0
36.925886288,0,0,-3,0
36.94857729,0,0,-1,0
36.972578648,0,0,3,0
36.993833461,0,0,3,0
37.016608934000004,0,0,-2,0
37.046880857000005,0,0,-3,0
37.074110332000004,0,0,-3,0
37.114463295,0,0,1,0
37.128755923,0,0,-2,0
37.160643134000004,0,0,3,0
37.175322258,0,0,1,0
37.21150152,0,0,1,0
37.241622251,0,0,2,0
37.274262404000005,0,0,-2,0
37.306750105,0,0,2,0
37.344889730000006,0,0,-2,0
37.374194282000005,0,0,2,0
37.410824033000004,0,0,1,0
37.424000163,0,0,3,0
37.451753138,0,0,2,0
37.475470575,0,0,-2,0
37.490572128000004,0,0,3,0
37.523158516,0,0,-3,0
37.547038756,0,0,-2,0
37.582698269000005,0,0,-3,0
37.609074523000004,0,0,2,0
37.634970169,0,0,-3,0
37.659601110000004,0,0,-2,0
37.690095443000004,0,0,-4,0
37.707896415,0,0,3,0
37.74082739,0,0,1,0
37.758632911,0,0,2,0
37.790967459,0,0,-3,0
37.808054856000005,0,0,2,0
37.826505421,0,0,4,0
37.856128235,0,0,-3,0
37.889015259000004,0,0,-4,0
37.912760671,0,0,-2,0
37.939532823,0,0,-3,0
37.956448569,0,0,3,0
37.983484328,0,0,2,0
38.007750619,0,0,1,0
38.023384507,0,0,4,0
38.051781523,0,0,-3,0
38.090313124000005,0,0,-3,0
38.12389064,0,0,-4,0
38.141076991000006,0,0,2,0
38.167134675,0,0,2,0
38.190724613,0,0,-3,0
38.224013327,0,0,-3,0
38.257518222,0,0,2,0
38.292175213,0,0,2,0
38.324768858000006,0,0,3,0
38.341027812,0,0,3,0
38.373508084,0,0,3,0
38.408907935,0,0,2,0
38.435050568,0,0,2,0
38.457287546,0,0,-3,0
38.473789880000005,0,0,-3,0
38.495894693000004,0,0,2,0
38.523452964,0,0,1,0
38.537961818,0,0,-2,0
38.560300534,0,0,1,0
38.584010867,0,0,3,0
38.606961826,0,0,2,0
38.629099445,0,0,3,0
38.655029664000004,0,0,1,0
38.679754384,0,0,3,0
38.694722804,0,0,-1,0
38.707549774,0,0,2,0
38.734477691,0,0,2,0
38.758021051,0,0,1,0
38.773511840000005,0,0,-3,0
38.801096075000004,0,0,-2,0
38.82636256,0,0,-3,0
38.857771607000004,0,0,0,0
38.872706124000004,0,0,0,0
38.896253007000006,0,0,0,0
38.924107498000005,0,0,0,0
38.940442392,0,0,0,0
38.95684288,0,0,0,0
38.982772450000006,0,0,0,0
39.007108598,0,0,0,0
39.022746042,0,0,0,0
39.046567351,0,0,0,0
39.072460410000005,0,0,0,0
39.090955298000004,0,0,0,0
39.108828726000006,0,0,0,0
39.133264011,0,0,0,0
39.157711549000005,0,0,0,0
39.176766894000004,0,0,2,0
39.208115167,0,0,2,0
39.234028479,0,0,1,0
39.257173687000005,0,0,2,0
39.283823751,0,0,2,0
39.307937202000005,0,0,2,0
39.334104970000006,0,0,2,0
39.358021103000006,0,0,1,0
39.373463722000004,0,0,3,0
39.404629067,0,0,-3,0
39.439503305,0,0,2,0
39.462347606,0,0,2,0
39.476507614,0,0,-2,0
39.491504243,0,0,-2,0
39.517715186000004,0,0,-4,0
39.540179797,0,0,-1,0
39.561891836,0,0,-2,0
39.584496277,0,0,-2,0
39.608122411000004,0,0,1,0
39.640477751000006,0,0,1,0
39.658015188,0,0,-2,0
39.683788538,0,0,-1,0
39.708252677000004,0,0,-2,0
39.725475892000006,0,0,15,0
39.739453873,0,0,2,0
39.761872809,0,0,1,0
39.789762044,0,0,2,0
39.808725550000005,0,0,-3,0
39.823989632,0,0,-2,0
39.858607032,0,0,-3,0
39.874693369,0,0,-4,0
39.894723665,0,0,3,0
39.925791404,0,0,2,0
39.958937509,0,0,2,0
39.982648652,0,0,-3,0
40.009206657,0,0,3,0
40.023911008000006,0,0,1,0
40.060176714,0,0,1,0
40.080418794,0,0,-2,0
40.111865629,0,0,-3,0
40.143502156000004,0,0,-3,0
40.177067738000005,0,0,-2,0
40.214192424000004,0,0,2,0
40.241595933,0,0,-1,0
40.266965905,0,0,2,0
40.279353811,0,0,-3,0
40.301583541,0,0,2,0
40.323475664,0,0,2,0
40.340820072,0,0,-3,0
40.356050915000004,0,0,2,0
40.374492723,0,0,3,0
40.408209804,0,0,-3,0
40.433471931,0,0,3,0
40.45871752,0,0,-3,0
40.474273279,0,0,-3,0
40.507500663,0,0,2,0
40.533923048000005,0,0,2,0
40.55857153,0,0,-3,0
40.582959883,0,0,-2,0
40.607912136,0,0,-2,0
40.626534462,0,0,-2,0
40.640832735000004,0,0,-3,0
40.674403018,0,0,-2,0
40.690739647,0,0,-2,0
40.717178532000005,0,0,2,0
40.742092055,0,0,3,0
40.775412598,0,0,2,0
40.812861019,0,0,2,0
40.841554866,0,0,-3,0
40.866636869000004,0,0,1,0
40.892091734000005,0,0,-3,0
40.906911039,0,0,3,0
40.922462057000004,0,0,2,0
40.94668723,0,0,2,0
40.989815224000004,0,0,2,0
41.029345641,0,0,4,0
41.059838187000004,0,0,-2,0
41.074330606000004,0,0,3,0
41.111368588000005,0,0,2,0
41.130633216,0,0,3,0
41.159228692,0,0,2,0
41.176030417,0,0,1,0
41.190936656000005,0,0,-2,0
41.225839435000005,0,0,3,0
41.260793215,0,0,-2,0
41.277358956,0,0,1,0
41.300321192000006,0,0,1,0
41.325589787000006,0,0,-2,0
41.340934671,0,0,-2,0
41.37532582,0,0,2,0
41.400286762,0,0,-3,0
41.412387887,0,0,-3,0
41.440117302000004,0,0,2,0
41.458372443,0,0,3,0
41.49510215,0,0,2,0
41.511035853,0,0,-3,0
41.542617878,0,0,2,0
41.560774175000006,0,0,-3,0
41.593314367000005,0,0,-2,0
41.624621425,0,0,2,0
41.651488855000004,0,0,2,0
41.674402418,0,0,3,0
41.705996819,0,0,3,0
41.72884037,0,0,3,0
41.75744035,0,0,-3,0
41.789777685000004,0,0,2,0
41.806202646,0,0,2,0
41.824619760000004,0,0,0,0
41.841930700000006,0,0,3,0
41.872962342,0,0,-3,0
41.889204224000004,0,0,-1,0
41.912594598000005,0,0,-3,0
41.934741581000004,0,0,-3,0
41.946896735,0,0,-2,0
41.968089843,0,0,3,0
41.989940198,0,0,3,0
42.006292781,0,0,2,0
42.02431973,0,0,1,0
42.046762024,0,0,-2,0
42.075431301,0,0,2,0
42.101026184000006,0,0,5,0
42.126023316,0,0,-2,0
42.151304184000004,0,0,-1,0
42.173657389000006,0,0,-2,0
42.191862171000004,0,0,-2,0
42.2155168,0,0,2,0
42.24009255,0,0,-3,0
42.256468938000005,0,0,1,0
42.273444850000004,0,0,2,0
42.29574757,0,0,4,0
42.321325380000005,0,0,2,0
42.333765125,0,0,2,0
42.356856954,0,0,1,0
42.39186703,0,0,3,0
42.415329049,0,0,-3,0
42.448734588,0,0,-3,0
42.476369947,0,0,2,0
42.492924574,0,0,-2,0
42.523772045,0,0,2,0
42.541578990000005,0,0,-4,0
42.556968855,0,0,-3,0
42.579598845,0,0,1,0
42.605874936,0,0,-3,0
42.622567637,0,0,-2,0
42.645051901,0,0,-3,0
42.675119327000004,0,0,2,0
42.710103547,0,0,-3,0
42.731803243,0,0,-2,0
42.758387235,0,0,16,0
42.788231485000004,0,0,0,0
42.81372264,0,0,-2,0
42.842072036000005,0,0,3,0
42.875828971000004,0,0,3,0
42.89935324,0,0,4,0
42.925052515000004,0,0,-1,0
42.940111429000005,0,0,2,0
42.956307564,0,0,-2,0
42.978009639,0,0,-4,0
43.000862159,0,0,-2,0
43.024175387,0,0,2,0
43.049291748,80,0,66,69
43.074696879,90,0,91,90
43.089921553,88,12,90,83
43.112617554,71,-1,79,81
43.134666385,100,-2,97,85
43.15750658,77,0,96,67
43.183070512,75,0,77,69
43.206670733,69,0,81,71
43.222143193,86,0,95,79
43.244659436,66,0,75,69
43.26697104,63,0,95,76
43.290456106,66,0,96,74
43.317365009,62,0,72,74
43.339718085,53,3,75,67
43.361153098,69,0,89,76
43.375749132,71,-1,78,86
43.408787846,59,3,88,70
43.438840093,64,0,81,75
43.463260617,82,0,72,72
43.497178563000006,50,-1,73,57
43.514183353,53,1,90,79
43.542898521000005,55,-2,91,87
43.575347036000004,60,-2,87,70
43.598197166000006,63,-1,70,60
43.625189356,57,0,73,69
43.642547059,69,0,67,86
43.666841147,60,0,74,74
43.691090524,45,0,68,80
43.72521401,65,0,86,74
43.751359077000004,53,0,78,58
43.780748314,51,1,87,89
43.805863735,55,1,84,74
43.824156654,58,0,81,81
43.856044004000005,43,0,69,62
43.896541761,45,0,90,32
43.927635316,56,0,83,13
43.949255362,55,0,68,22
43.975378580000005,58,0,74,6
44.000404476,57,0,87,4
44.026510866,46,0,90,5
44.043134992000006,-6,0,69,6
44.061449925000005,-36,0,85,8
44.09862471,-17,0,89,7
44.122894030000005,-26,0,93,8
44.143746393,-25,0,47,8
44.173533884,-25,0,13,7
44.209753486000004,-24,0,-1,9
44.242700175,-25,0,10,8
44.272663203,-25,0,10,9
44.295239862,-26,0,8,8
44.326479871000004,-24,0,11,5
44.3420611,-25,0,9,8
44.365921223,-25,0,11,8
44.391381808000006,-26,0,11,5
44.416523197000004,-25,0,10,9
44.441028422,-26,0,10,8
44.456817854,-24,0,11,9
44.47889397,-26,0,10,9
44.505784339,-25,0,8,9
44.527555622,-25,0,5,9
44.550093334,-24,0,11,10
44.574099700000005,-25,0,5,7
44.591828638,-25,0,7,8
44.60913294,-25,0,4,7
44.634958254000004,-25,0,9,8
44.660455159,-26,0,8,9
44.691695412,-25,0,7,9
44.706521621,-25,0,7,9
44.733207905,-25,0,9,9
44.746105385,-26,0,7,5
44.772925494000006,-25,0,4,9
44.791195593000005,-26,0,9,9
44.825489469000004,-26,0,5,7
44.850790128,-24,0,5,9
44.875004784000005,-26,0,12,9
44.890051563,-24,0,9,8
44.927653922000005,-25,0,11,6
44.951298533000006,-26,0,5,7
44.974402927,-25,0,5,6
44.990184391,-24,0,12,8
45.007902990000005,-25,0,8,9
45.041874221,-25,0,11,7
45.075981532,-25,0,5,9
45.100122015000004,-23,0,11,7
45.125655426,-25,0,8,7
45.139891282,-25,0,4,8
45.175782396,-24,0,12,8
45.189996744000005,-25,0,7,7
45.2262603,-25,0,4,9
45.242079451,-26,0,11,8
45.273135168,-24,0,8,9
45.293635355000006,-25,0,11,7
45.329549251,-25,0,7,9
45.360880695000006,-24,0,6,8
45.39141345,-25,0,12,9
45.417862295000006,-26,0,8,9
45.440752813,-24,0,7,7
45.46786479,-26,0,-15,8
45.492377101,-25,0,8,9
45.523876506,-25,0,12,9
45.551210812,-25,0,-19,9
45.576066917000006,-24,0,8,7
45.606553543000004,-25,0,11,9
45.624796648,-24,0,1,9
45.656469885,-26,0,-4,7
45.69257476,-25,0,3,9
45.722649308,-27,0,2,10
45.739385994,-25,0,-3,10
45.763211696000006,-26,0,1,7
45.791945346000006,-26,0,3,7
45.808879951,-24,0,-3,6
45.826917281,-24,0,3,9
45.856130298000004,-26,0,2,9
45.880049336000006,-27,0,-3,6
45.894152531,-25,0,3,10
45.924705512,-26,0,-2,8
45.939824164,-25,0,-2,5
45.967527423,-24,0,-3,5
45.991633683,-25,0,-3,8
46.017621917,-24,0,-3,8
46.042198099000004,-26,0,3,8
46.075438307000006,-25,0,-13,7
46.101504199000004,-24,0,0,9
46.126806025,-26,0,-7,9
46.151472549000005,-26,0,0,7
46.175850800000006,-25,0,-3,9
46.209222001,-25,0,-10,9
46.226318842000005,-25,0,-7,9
46.242558442,-25,0,-8,7
46.260003708000006,-25,0,-9,10
46.282182718,-24,0,-13,7
46.298087946,-26,0,18,8
46.325911287000004,-25,0,-9,6
46.349684229000005,-24,0,-11,6
46.362615298,-26,0,-10,7
46.394301939,-25,0,-8,7
46.409310094000006,-25,0,-2,8
46.433340731,-24,0,-13,8
46.455444959000005,-26,0,-8,9
46.478090695000006,-26,0,-8,8
46.501210464,-25,0,-7,8
46.525477737,-25,0,-12,9
46.558860315000004,-24,0,-12,9
46.574008298,-25,0,-11,9
46.609239856,-25,0,-13,9
46.627306272000006,-25,0,-11,7
46.645475512000004,-24,0,-5,8
46.676639489,-25,0,-12,9
46.693619239,-25,0,-9,10
46.72369392700001,-25,0,-10,8
46.738679403000006,-25,0,-10,9
46.761992633000006,-25,0,-9,9
46.784561032000006,-25,0,-5,9
46.806688432,-24,0,-9,7
46.828636426,-25,0,-13,9
46.851336186000005,-24,0,-10,9
46.874014194000004,-25,0,-6,8
46.908628339,-25,0,-10,5
46.939381779,-25,0,-12,9
46.961485827000004,-26,0,-11,8
46.993143454000005,-24,0,-9,6
47.016756426,-25,0,-7,8
47.042042676,-25,0,-9,7
47.076368138,-26,0,-9,10
47.093210364,-25,0,-9,9
47.111930277000006,-26,0,-12,7
47.14272110100001,-26,0,-10,9
47.175399448,-26,0,-5,9
47.208707139000005,-25,0,-9,9
47.241637894,-26,0,-12,9
47.273204457000006,-24,0,-10,8
47.289113976,-25,0,-12,8
47.311163918000005,-25,0,-10,8
47.335152458,-25,0,-5,8
47.348598201,-25,0,-5,9
47.374728739000005,-25,0,-5,10
47.405887008,-26,0,-8,8
47.421383266,-23,0,-11,8
47.441273092,-25,0,-7,8
47.468333319,-25,0,-12,8
47.493208655000004,-24,0,-6,8
47.520934881,-25,0,-12,7
47.544915671000005,-24,0,-9,7
47.567934884,-26,0,-9,9
47.591728952000004,-26,0,-10,9
47.608228062,-24,0,-11,9
47.624523711,-25,0,-9,10
47.650879653000004,-25,0,-12,8
47.674305039000004,-25,0,-5,9
47.707184801000004,-24,0,-7,8
47.731442071000004,-26,0,-6,10
47.765910076000004,-26,0,-9,8
47.780384001,-25,0,-9,8
47.815229668,-26,0,-6,9
47.840509298,-25,0,-13,8
47.878509079000004,-25,0,-10,7
47.904662210000005,-24,0,-9,7
47.916497998000004,-25,0,-5,9
47.940209158,-25,0,-6,8
47.974255140000004,-25,0,-10,9
47.989351755,-25,0,-5,8
48.00790756,-25,0,-13,9
48.032363177,-25,0,-12,9
48.05497649,-25,0,-12,7
48.078625149000004,-24,0,-5,8
48.10589798,-25,0,-9,8
48.121188455,-26,0,-9,8
48.142381002,-25,0,-8,8
48.168020129000006,-24,0,-6,5
48.191688465000006,-25,0,-6,7
48.206212681000004,-26,0,-12,8
48.22887406500001,-25,0,-10,8
48.255150146000005,-25,0,-9,9
48.292413142,-25,0,-12,7
48.310818066,-27,0,-6,7
48.333422547000005,-25,0,-12,7
48.358475208,-25,0,-9,7
48.391718864000005,-25,0,-7,9
48.405945233000004,-25,0,-8,8
48.428635281000005,-26,0,-6,9
48.44107994,-25,0,-5,9
48.465268942,-25,0,-7,9
48.491944134,-24,0,-11,8
48.522601091000006,-24,0,-10,9
48.53977402,-24,0,-11,7
48.567954179000004,-24,0,-9,8
48.591097232,-25,0,-10,9
48.61666701,-25,0,-7,5
48.641713135,-26,0,-10,8
48.666663761,-25,0,-5,9
48.689612366000006,-25,0,-7,9
48.707696279000004,-26,0,-11,7
48.738747131000004,-25,0,-6,9
48.761926347000006,-25,0,-13,8
48.789372055,-25,0,-5,6
48.817227332,-26,0,-6,9
48.841111875,-25,0,-10,9
48.87474129,-25,0,-9,9
48.900526590000005,-24,0,-12,8
48.924467689000004,-26,0,-6,8
48.950623892,-24,0,-8,8
48.974576732,-25,0,-11,8
49.005485135,-25,0,-11,9
49.025334981,-25,0,-11,9
49.055160715,-25,0,-12,7
49.079907242000004,-25,0,-5,6
49.105559322000005,-25,0,-10,9
49.124453457,-25,0,-10,8
49.155259445000006,-25,0,-6,7
49.179319036,-25,0,-12,7
49.207695134000005,-25,0,-6,8
49.223011247,-25,0,-12,9
49.24269506,-25,0,-9,8
49.257887106000005,-25,0,-9,8
49.284108217,-25,0,-7,8
49.30772764,-26,0,-6,9
49.334330979,-25,0,-5,9
49.357679538000006,-25,0,-12,7
49.383719199000005,-24,0,-12,8
49.406618159000004,-24,0,-6,6
49.439048406000005,-25,0,-12,9
49.457565037,-25,0,-6,7
49.475303403000005,-25,0,-9,6
49.500535826000004,-23,0,-12,7
49.52489381,-26,0,-7,8
49.539829453,-25,0,-8,7
49.575787549000005,-26,0,-9,6
49.59031249,-25,0,-5,9
49.606633123,-26,0,-12,9
49.624312951,-25,0,-11,10
49.641542913,-24,0,-12,7
49.667315483,-25,0,-6,8
49.692289988000006,-26,0,-9,10
49.706601727000006,-25,0,-6,9
49.723361631,-25,0,-9,9
49.741621813,-25,0,-10,5
49.759048248000006,-25,0,-6,6
49.784871871,-24,0,-12,10
49.825379796,-25,0,-11,7
49.850362792000006,-25,0,-5,5
49.875528895,-26,0,-10,7
49.890057846000005,-25,0,-6,8
49.924588312000004,-24,0,-12,9
49.950721846,-25,0,-9,8
49.975598969,-25,0,-12,10
49.989899134000005,-25,0,-11,7
50.008190637000006,-26,0,-6,8
50.033989270000006,-25,0,-6,9
50.057989814,-25,0,-10,10
50.077797874000005,-25,0,-9,8
50.106916755,-25,0,-10,8
50.125188632000004,-25,0,-6,8
50.159442077,-26,0,-7,7
50.193069297,-24,0,-7,8
50.209866413,-25,0,-8,7
50.243000193,-26,0,-11,5
50.266990267000004,-25,0,-9,9
50.291683244000005,-24,0,-10,10
50.322784363000004,-25,0,-13,9
50.350927704,-24,0,-6,9
50.374385874000005,-25,0,-9,9
50.408474355,-25,0,-6,9
50.433789143000006,-24,0,-6,8
50.459398858,-25,0,-8,6
50.475154409000005,-24,0,-6,9
50.510872709000004,-26,0,-9,7
50.533087463,-25,0,-12,9
50.560841399000005,-25,0,-6,10
50.576776044000006,-23,0,-10,9
50.599284897000004,-24,0,-9,8
50.626701448000006,-26,0,-12,9
50.655825830000005,-25,0,-5,7
50.678346930000004,-25,0,-10,8
50.709205442000005,-25,0,-10,5
50.723203269,-24,0,-12,8
50.746306932,-26,0,-6,6
50.772197056,-24,0,-7,6
50.794220458000005,-25,0,-11,8
50.822767046,-26,0,-7,8
50.858585610000006,-26,0,-6,8
50.891449703000006,-25,0,-9,9
50.911235836,-26,0,-6,8
50.939105482,-24,0,-13,9
50.962172672,-24,0,-5,9
50.991852375,-26,0,-13,8
51.00974773,-24,0,-6,7
51.02601416500001,-25,0,-6,9
51.055948094,-25,0,-10,8
51.075068256,-24,0,-10,7
51.090954047000004,-25,0,-10,7
51.123026996,-25,0,-6,7
51.150833905000006,-25,0,-11,9
51.177074485000006,-25,0,-6,9
51.210664035,-25,0,-9,7
51.243379483000005,-26,0,-5,6
51.27607342,-26,0,-9,8
51.305897694,-99,0,-93,-76
51.323622609000005,-96,0,-94,-85
51.359248432,-100,0,-101,-78
51.38390364,-99,0,-100,-84
51.409577618,-100,0,-99,-75
51.426447217,-101,0,-100,-79
51.449677079000004,-98,0,-100,-76
51.46221301400001,-100,0,-101,-79
51.491968051,-101,0,-100,-91
51.510248189,-100,0,-99,-83
51.542719951,-100,0,-101,-69
51.566734348000004,-102,0,-100,-63
51.589858416000006,-100,0,-101,-80
51.622927223000005,-100,0,-100,-85
51.655139694000006,-99,0,-99,-80
51.68030213,-99,0,-101,-74
51.694296101000006,-101,0,-100,-63
51.727558772,-99,0,-98,-77
51.756628267,-101,0,-99,-80
51.789797162000006,-101,0,-101,-87
51.807644265,-99,0,-101,-79
51.844224612000005,-100,0,-100,-84
51.867238439000005,-101,0,-100,-74
51.893556270000005,-100,0,-101,-81
51.925637329000004,-100,0,-101,-78
51.956045970000005,-100,0,-100,-74
51.978451330000006,-99,0,-101,-77
52.000004176000004,-101,0,-100,-78
52.014565671,-100,0,-99,-76
52.043543500000006,-99,0,-100,-76
52.05683724,-101,0,-102,-74
52.089053378,-100,0,-99,-78
52.11115473700001,-100,0,-99,-83
52.139677313,-100,0,-98,-25
52.159612225000004,-101,0,-100,-10
52.189488146,-101,0,-99,-16
52.207553313000005,-100,0,-100,-16
52.224944056000005,-101,-1,-100,-18
52.240213428000004,-100,1,-100,-17
52.266798890000004,-100,0,-99,8
52.293110529,-98,0,-100,-16
52.317880072,-98,0,-100,-18
52.342947817,-101,0,-99,-17
52.372965789000006,-101,0,-100,-14
52.395756974,-99,0,-100,-17
52.424086370000005,-100,0,-61,-3
52.45609008500001,-99,0,-38,-10
52.475597646000004,-101,0,-3,-10
52.500969744,-98,0,-15,-10
52.525201517000006,-100,0,-18,-9
52.55931385700001,-100,0,-18,-9
52.5837263,-100,0,-22,-11
52.608431763000006,-100,0,-13,-9
52.639175924,-56,0,-17,-11
52.664070893,-11,0,-8,-9
52.69453957,4,0,-1,-8
52.717943015,-13,0,0,-9
52.742995713000006,-9,0,-5,-8
52.772908558000005,-10,0,-7,-9
52.790151408,-10,0,-1,-10
52.811371356,-10,0,-2,-9
52.824718163,-10,0,17,-9
52.857840075000006,-9,0,-3,-9
52.874531017,-8,0,-1,-10
52.911753122,-10,0,-2,-9
52.926146182000004,-8,0,-2,-9
52.961171083,-9,0,3,-10
52.989735091,-8,0,3,-9
53.029668396000005,-9,0,-2,-10
53.043648707,-9,0,1,-9
53.062941944,-8,0,2,-10
53.096663348,-10,0,3,-10
53.122063401000005,-8,0,-3,-11
53.138626176,-8,0,4,-9
53.158983373000005,-8,0,-3,-6
53.189407022000005,-6,0,3,-10
53.217909893000005,-9,0,2,-8
53.242626820000005,-9,0,2,-9
53.27582210600001,-9,0,2,-8
53.300442293,-8,0,1,-10
53.312984239,-10,0,1,-10
53.32746357800001,-10,0,2,-8
53.34232251,-8,0,2,-10
53.373904143000004,-9,0,2,-8
53.397007868,-8,0,-3,-10
53.428347536000004,-9,0,2,-9
53.443109568000004,-9,0,3,-7
53.461705521000006,-9,0,3,-8
53.477459285,-10,0,2,-10
53.509370227000005,-8,0,2,-9
53.52359868200001,-9,0,1,-9
53.53862746,-8,0,-4,-9
53.56235134200001,-8,0,-3,-10
53.590448651,-9,0,2,-10
53.607009411,-10,0,-3,-9
53.626295569,-10,0,-1,-7
53.64403694400001,-9,0,2,-9
53.673031050000006,-9,0,2,-10
53.695308235000006,-10,0,1,-10
53.717690612000006,-10,0,-3,-9
53.742873784000004,-9,0,2,-8
53.766583732,-9,0,-2,-9
53.788646946,-10,0,2,-8
53.808293323,-9,0,-3,-9
53.833055876,-10,0,3,-10
53.855382174000006,-9,0,5,-8
53.878304042,-9,0,2,-10
53.900439336000005,-9,0,2,-7
53.924100075000005,-6,0,2,-10
53.955684564,-8,0,3,-10
53.978414595000004,-10,0,2,-8
53.994163218000004,-8,0,-2,-10
54.006608944,-10,0,2,-9
54.038633663000006,-9,0,-3,-8
54.056671158,-9,0,2,-10
54.090217722000006,-10,0,3,-10
54.12594716,-9,0,1,-9
54.140677632000006,-9,0,-2,-9
54.158762235000005,-9,0,2,-8
54.173450226,-8,0,2,-8
54.200616241000006,-10,0,1,-8
54.225747828,-10,0,3,-10
54.242903174000006,-9,0,1,-10
54.261737244,-9,0,2,-10
54.29308832,-9,0,-3,-7
54.322654070000006,-8,0,-4,-9
54.34079947,-10,0,1,-9
54.361542103000005,-9,0,-2,-10
54.378264091000005,-10,0,-2,-9
54.394646353000006,-9,0,3,-10
54.428014908,-9,0,3,-10
54.459393692000006,-10,0,3,-9
54.489779383000005,66,0,95,84
54.50777677200001,92,0,91,86
54.544035362,88,0,92,70
54.562691038000004,82,0,95,72
54.593916363000005,87,0,97,71
54.626528142000005,75,0,95,81
54.645756627000004,74,0,89,73
54.675436571000006,72,0,91,88
54.690033128,70,1,93,75
54.717005339,68,1,89,70
54.730447677,66,1,79,73
54.745277615000006,88,-1,89,91
54.777366604,67,1,87,80
54.812910451,65,1,82,71
54.838818585000006,72,3,87,78
54.861965132,59,-1,78,79
54.892225051000004,54,1,78,74
54.917780533000006,61,0,81,82
54.942009575,68,-2,78,71
54.96742641,68,0,84,84
54.990808849000004,51,-1,85,70
55.016270656,41,0,76,67
55.042253506,57,0,86,65
55.06789250200001,88,0,84,76
55.092631874000006,53,0,71,77
55.122071558,52,0,73,63
55.140041592,51,0,78,65
55.160248548000006,55,0,89,69
55.189076835,48,0,69,81
55.20596792800001,50,0,75,80
55.222602196000004,67,0,81,91
55.240006374000004,54,0,82,62
55.272440030000006,53,0,76,75
55.29019447,48,0,85,81
55.326032206,56,0,83,-25
55.355664250000004,61,0,83,8
55.39084226200001,55,0,84,2
55.409640898000006,49,0,77,8
55.443620591000006,47,0,70,8
55.473086371,44,0,78,8
55.509280953,-22,0,89,8
55.528937602000006,-18,0,80,5
55.548281566,-17,-1,88,6
55.574487721000004,-25,0,37,5
55.605710707,-25,0,13,8
55.629202366,-25,0,16,9
55.655690237,-25,0,28,5
55.671995471,-26,0,10,8
55.694103201000004,-25,0,3,8
55.723385671,-25,0,9,8
55.759902926,-26,0,7,9
55.783963932000006,-25,0,4,6
55.798658916,-25,0,8,9
55.828162766000005,-25,0,12,9
55.860937829,-24,0,8,8
55.878999919,-24,0,10,7
55.912608663,-25,0,5,7
55.934294142000006,-26,0,9,9
55.958657283,-26,0,5,8
55.983106082000006,-26,2,9,9
56.009596104,-24,0,8,6
56.033237275000005,-25,0,11,8
56.057454531000005,-24,-1,7,9
56.083502453,-25,-1,5,9
56.10891757300001,-25,0,5,7
56.133262794000004,-26,0,9,7
56.15826476,-25,0,6,8
56.189851353,-25,0,9,8
56.205390256,-26,0,9,9
56.227924333000004,-26,0,11,9
56.250003841,-26,0,7,9
56.272008357000004,-25,0,9,9
56.295211792,-25,0,6,9
56.322948517,-25,0,11,9
56.344687499,-25,0,10,8
56.372562687000006,-25,0,9,9
56.392769736000005,-24,0,11,7
56.42244920700001,-25,0,9,9
56.445727746,-25,0,4,8
56.47215211100001,-25,0,8,7
56.494821154,-24,0,7,8
56.522542890000004,-25,0,4,7
56.541572155000004,-25,0,8,10
56.556862135,-26,0,4,9
56.573938343,-25,0,5,7
56.61030250500001,-24,0,5,9
56.625916376000006,-25,0,9,5
56.643931623,-24,0,6,7
56.668100841000005,-26,0,10,9
56.693431912,-25,0,11,8
56.716726394000005,-25,0,11,10
56.741173069000006,-24,0,6,9
56.766898594000004,-25,0,4,6
56.789548592,-25,0,11,7
56.805411024,-25,0,9,6
56.82838591,-95,0,-81,-84
56.860048763,-99,0,-92,-65
56.877809691,-99,0,-83,-88
56.914890809000006,-101,0,-86,-86
56.946155424000004,-99,0,-100,-86
56.98322695,-100,0,-98,-78
57.005720429,-100,0,-101,-74
57.022314607000006,-101,0,-100,-82
57.045102679,-100,0,-100,-76
57.072191588,-100,0,-98,-71
57.095128647,-101,0,-101,-77
57.117712793,-99,0,-100,-67
57.134014319,-99,0,-101,-89
57.160906022000006,-99,0,-100,-63
57.177645751,-99,0,-99,-66
57.195279537000005,-100,0,-100,-87
57.226433145,-98,0,-101,-74
57.242045129000005,-102,0,-100,-70
57.267842966,-98,0,-100,-66
57.291929677000006,-98,0,-97,-85
57.317379717,-100,0,-100,-85
57.342672055,-99,0,-99,-68
57.377157259,-99,0,-99,-74
57.400109503,-100,0,-99,-84
57.426566137,-99,0,-99,-86
57.455470350000006,-100,0,-100,-62
57.473099308,-101,0,-99,-83
57.505712164,-101,0,-101,-71
57.53989661000001,-101,0,-100,-71
57.561337708,-101,0,-99,-81
57.589607193000006,-99,0,-99,-70
57.622641235,-102,2,-98,-75
57.641563965,-100,2,-100,-84
57.667038592000004,-98,0,-100,14
57.68998610800001,-99,0,-100,7
57.723326328000006,-100,0,-100,-16
57.750480271,-101,0,-101,-16
57.773256207,-101,0,-100,-17
57.805764204000006,-99,0,-102,-16
57.828095255,-100,0,-100,-17
57.855027048000004,-100,0,-100,-18
57.88868921700001,-99,0,-101,-17
57.905306532000004,-99,0,-100,-16
57.928598223,-101,0,-100,-17
57.9611274,-99,0,-59,-16
57.988645152000004,-100,0,-79,-17
58.005810311000005,-101,0,-4,-9
58.034426108000005,-100,0,-16,-9
58.06012744900001,-98,0,-16,-8
58.093706383000004,-101,0,-17,-9
58.109471022,-101,0,-20,-6
58.129110688000004,-100,0,-18,-9
58.156963625,-100,0,-11,-4
58.189775708000006,-27,0,-6,-9
58.216898204,10,0,4,-6
58.229651306,2,0,2,-10
58.242744768,-12,0,1,-11
58.25941623200001,-21,0,-9,-9
58.276795956,-9,0,-10,-9
58.289775921,-7,0,7,-10
58.308950243000005,-7,0,5,-9
58.342349114,-8,0,-2,-10
58.371778409,-9,0,-23,-9
58.392165901000006,-10,0,1,-10
58.417214050000005,-8,0,2,-10
58.4421843,-9,0,5,-7
58.473373663000004,-9,0,0,-9
58.491197592000006,-9,0,0,-8
58.51750607100001,-9,0,0,-9
58.542625937000004,-10,0,0,-9
58.576796884000004,-9,0,0,-6
58.592804650000005,-10,0,0,-10
58.616802139,-8,0,0,-8
58.629995712,-8,0,0,-8
58.657623961000006,-9,0,0,-9
58.676839691000005,-7,0,0,-10
58.707546137,-10,0,0,-10
58.723942677000004,-10,0,0,-8
58.750776631,-8,0,0,-10
58.763687345,-9,0,0,-9
58.788563841000006,-10,0,0,-8
58.811414405,-9,0,0,-8
58.842418464000005,-6,0,0,-10
58.877101136,-10,0,0,-11
58.909630802,-9,0,0,-10
58.926983978,-8,0,0,-7
58.949153114000005,-8,0,0,-10
58.962240705000006,-9,0,0,-9
58.988744492,-10,0,0,-10
59.017472213000005,-10,0,0,-10
59.042667345000005,-9,0,0,-9
59.065211850000004,-9,0,0,-10
59.078001706,-9,0,0,-7
59.098130373000004,-10,0,0,-10
59.121989011000004,-9,0,0,-9
59.138484406,-10,0,0,-10
59.159244036000004,-9,0,0,-10
59.183562,-10,0,0,-8
59.197057089000005,-10,0,0,-10
59.22313007,-10,0,0,-9
59.259665170000005,-8,0,0,-8
59.27728861600001,-10,0,0,-9
59.293032218,-10,0,0,-8
59.325813796000006,-10,0,0,-7
59.341191827,-10,0,0,-10
59.372117292000006,-8,0,0,-10
59.389551977,-8,0,0,-9
59.406915611,-9,0,0,-10
59.433240461000004,-10,0,0,-7
59.459980639,-10,0,0,-11
59.492104006000005,-8,0,0,-8
59.522029531,-9,0,0,-8
59.545208268,-10,0,0,-10
59.567387246,-9,0,0,-9
59.589589082,-10,0,0,-8
59.611598406000006,-10,0,0,-6
59.633907864,-8,0,0,-9
59.65781251400001,-8,0,0,-8
59.68430904900001,-8,0,0,-8
59.707985407,-10,0,0,-9
59.733741276,-8,0,0,-10
59.76009431800001,-8,0,0,-9
59.790797113,-9,0,0,-9
59.807124498,-11,0,0,-9
59.824435145,-10,0,0,-9
59.84025681200001,-10,0,0,-8
59.874693408000006,-9,0,0,-10
59.909767535,-8,0,0,-8
59.926561781000004,-8,0,0,-10
59.955620885,-9,0,0,-10
59.988991843,-9,0,2,-9
60.012815946,-9,0,-2,-9
60.04764174300001,-8,0,-2,-10
60.072248392000006,-9,0,2,-10
60.08877257100001,-9,0,-2,-9
60.108940685,-10,0,-2,-9
60.132698252000004,-9,0,0,-10
60.158709352,-8,0,-2,-8
60.183527843,-10,0,2,-10
60.206489379000004,-8,0,-3,-9
60.233131384,-10,0,1,-9
60.260231399000006,-9,0,3,-8
60.283639346,-9,0,2,-9
60.314157008,-10,0,-2,-10
60.331616602000004,-9,0,2,-9
60.360434122,-10,0,2,-9
60.377956078000004,-10,0,-3,-8
60.40792715600001,-10,0,-3,-6
60.426586236000006,-9,0,2,-9
60.455396623000006,-10,0,-1,-7
60.479046184000005,-10,0,-3,-10
60.505322237,-10,0,2,-8
60.523468855000004,-8,0,2,-9
60.560066695,-10,0,-4,-10
60.591532945000004,-8,0,1,-9
60.616848658,-8,0,1,-9
60.64042979600001,-10,0,3,-9
60.676990543,102,0,88,77
60.70014879000001,91,0,92,88
60.72340642,80,-9,95,84
60.753247634000004,79,-14,97,75
60.776107029,85,-12,93,72
60.800589208000005,94,3,91,82
60.824203811000004,86,-11,86,87
60.856791062000006,82,3,82,60
60.878985158000006,67,3,97,71
60.892840969000005,76,0,79,81
60.924239291000006,62,8,90,78
60.950963290000004,73,0,78,67
60.97724280800001,76,-1,89,74
60.990841477000004,71,0,92,75
61.01159714200001,79,-2,89,66
61.025396297,62,2,86,63
61.057920637,54,4,68,83
61.073468182000006,67,-1,90,76
61.111321695,60,1,69,65
61.139564687000004,58,0,75,73
61.167374765000005,67,0,86,71
61.191772606,54,0,86,77
61.217810746000005,62,0,73,74
61.24102232800001,66,0,83,80
61.273885479,51,0,87,58
61.301074527000004,49,0,73,79
61.324777261,62,0,81,85
61.358857495,60,0,84,68
61.383639543,56,0,76,72
61.407694760000005,51,0,76,81
61.433581782000005,59,0,80,62
61.460006070000006,51,0,85,80
61.489770119000006,52,0,88,71
61.506760143,50,0,71,77
61.539206016,46,0,72,40
61.558256868,67,0,76,4
61.573207421000006,52,0,84,4
61.607781279,48,0,88,6
61.624150672000006,52,0,75,7
61.658006966,48,0,74,7
61.674039048000004,9,0,81,9
61.700490575,-25,0,71,8
61.725252962000006,-18,0,73,8
61.739830201000004,-25,-3,87,7
61.773525409,-24,0,42,7
61.806023663000005,-24,-2,-2,5
61.823906718,-24,1,7,8
61.839965142000004,-25,0,6,8
61.867039408000004,-24,0,8,9
61.894079936000004,-25,0,7,8
61.910179413,-25,0,8,7
61.928029252,-26,0,9,7
61.958857775000006,-25,0,6,9
61.99183411800001,-26,0,7,8
62.007459001,-25,0,8,9
62.030318852,-25,0,8,10
62.062896623,-26,0,11,9
62.09466303000001,-25,0,9,9
62.125775074,-25,0,8,6
62.140025382000005,-24,0,9,9
62.158746097000005,-25,0,5,7
62.184097746000006,-25,0,8,8
62.207419993,-25,0,5,9
62.238683547,-26,0,7,7
62.255528675,-25,0,11,9
62.278383769,-25,0,11,7
62.308607992000006,-25,0,12,9
62.33300195100001,-26,0,11,8
62.35888395400001,-25,0,9,8
62.38393198400001,-24,0,11,8
62.410893631,-25,0,10,10
62.442799309,-25,0,12,9
62.475935325,-26,0,5,7
62.505347269000005,-25,0,9,7
62.529165319,-25,0,7,9
62.555275862,-25,0,4,9
62.580060311000004,-25,0,5,7
62.605634132000006,-24,0,5,7
62.628076704,-25,0,11,9
62.640372639000006,-24,0,6,7
62.660133134000006,-26,0,5,9
62.683225007000004,-24,0,9,8
62.706555665,-25,0,10,7
62.742728336000006,-25,0,9,10
62.772383508000004,-26,0,12,9
62.79309536700001,-25,0,12,9
62.823073837,-24,0,11,9
62.85068682000001,-25,0,6,8
62.873216703000004,-25,0,11,8
62.890306,-25,0,5,5
62.926269584,-25,0,11,5
62.957172743,-26,0,6,5
62.984318785000006,-25,0,7,9
63.008444785,-25,0,11,9
63.03404925,-24,0,9,6
63.057714186000005,-24,0,11,9
63.091696175,-25,0,5,7
63.117124145000005,-25,0,9,9
63.14012489700001,-24,0,7,4
63.155603642,-25,0,8,9
63.177680881,-26,0,9,9
63.200294801000005,-25,0,11,10
63.22545452600001,-25,0,6,10
63.254944469,-25,0,11,7
63.277432998,-25,0,5,9
63.300948608000006,-26,0,5,8
63.326798616000005,-24,0,5,9
63.35593394400001,-24,0,8,9
63.372079883000005,-26,0,5,9
63.40574144000001,-24,0,9,6
63.421781215,-25,0,5,7
63.445046732,-26,0,8,8
63.471989124000004,-25,0,11,8
63.494610916000006,-25,0,8,9
63.51722232,-26,0,11,8
63.539799626000004,-25,0,5,7
63.565833995000006,-25,0,8,9
63.592396236000006,-25,0,5,9
63.617226833000004,-25,0,5,10
63.64002875800001,-24,0,7,9
63.65772178,-24,0,4,8
63.68340769900001,-26,0,7,8
63.707149097000006,-25,0,11,9
63.73927170500001,-24,0,5,7
63.77523222200001,-24,0,13,7
63.789683439,-24,0,11,9
63.822121746,-25,0,11,8
63.839901270000006,-26,0,5,9
63.85711830700001,-24,0,10,8
63.875893225000006,-25,0,13,10
63.891269951000005,-25,0,10,8
63.910024169,-24,0,-1,7
63.92509754500001,-24,0,1,8
63.959802690000004,-25,0,3,6
63.977240953000006,-24,0,2,9
64.00598726300001,-26,0,3,9
64.025964192,-25,0,1,9
64.050255844,-25,0,2,9
64.07413766500001,-25,0,-2,7
64.100706677,-24,0,-3,7
64.124981926,-25,0,2,9
64.150819153,-24,0,-1,8
64.17550834000001,-26,0,3,9
64.18957983300001,-26,0,2,8
64.222943658,-24,0,3,9
64.24377805200001,-26,0,2,8
64.27266853500001,-25,0,1,9
64.30634129500001,-25,0,-2,6
64.339135274,-25,0,-2,8
64.36687292,-25,0,3,8
64.391907442,-25,0,2,9
64.41731566600001,-24,0,2,7
64.441618893,-25,0,-2,7
64.476413111,-25,0,3,9
64.500956935,-24,0,-2,8
64.52631413600001,-26,0,-10,8
64.56027808200001,-25,0,-1,10
64.594426463,-24,0,4,9
64.612461424,-25,0,3,9
64.63931629300001,-24,0,-1,10
64.656634569,-24,0,0,9
64.69153337,-25,0,-14,8
64.722506537,-24,0,-2,9
64.738763213,-24,0,4,9
64.772315914,-25,0,3,9
64.790012355,-25,0,-10,8
64.822195375,-25,0,8,8
64.84023724800001,-26,0,7,7
64.875236716,-24,0,-17,9
64.89079982,-26,0,-2,7
64.91408599900001,-25,0,-8,9
64.93239531500001,-25,0,-9,7
64.956499267,-25,0,-7,9
64.988441284,-25,0,-6,7
65.010810088,-25,0,-13,8
65.023112243,-25,0,-6,8
65.045441165,-26,0,-12,9
65.07282905000001,-26,0,-10,5
65.09419831000001,-25,0,-7,6
65.129720371,-25,0,-12,8
65.15960351300001,-26,0,-12,7
65.17299394,-24,0,-8,7
65.20082345,-25,0,-12,8
65.225292409,-92,0,-90,-85
65.24217870300001,-96,0,-93,-91
65.267480578,-98,0,-96,-77
65.290055076,-99,0,-97,-73
65.30554235800001,-97,0,-90,-79
65.321353473,-98,0,-100,-86
65.344092421,-100,0,-99,-76
65.372075705,-101,0,-100,-84
65.388779322,-101,0,-99,-67
65.40512560500001,-99,0,-100,-72
65.42837437,-101,0,-100,-82
65.459943831,-101,0,-100,-74
65.47601651800001,-101,0,-99,-76
65.489760145,-98,0,-99,-74
65.507214788,-100,0,-101,-74
65.539706163,-101,0,-100,-83
65.556752669,-101,0,-99,-82
65.584231667,-100,0,-101,-71
65.608224211,-99,0,-101,-75
65.633742645,-101,0,-101,-82
65.65924368600001,-103,0,-100,-82
65.687988742,-100,0,-99,-69
65.712432515,-100,0,-99,-71
65.725731091,-100,0,-101,-80
65.75100702200001,-100,0,-99,-86
65.77490409,-101,0,-100,-83
65.80519698100001,-101,0,-100,-76
65.82912019,-101,0,-101,-79
65.860311006,-99,0,-98,-79
65.876486625,-101,0,-101,-84
65.905955293,-100,0,-97,-82
65.92383583,-101,0,-100,-84
65.959798882,-100,0,-100,-78
65.98343268500001,-100,0,-99,-84
66.00832580800001,-100,0,-99,-85
66.038821728,-99,0,-100,-83
66.058873991,-101,0,-100,-4
66.088437072,-99,0,-99,-7
66.111435681,-99,0,-101,-14
66.134140935,-99,0,-100,-16
66.15956472,-100,0,-99,-16
66.17309106100001,-100,0,-99,-18
66.20548894400001,-99,0,-100,-17
66.22163406300001,-100,0,-100,-13
66.245016174,-98,0,-98,-17
66.271729676,-101,0,-99,-17
66.288353152,-100,0,-101,-17
66.31116114000001,-99,0,-100,-17
66.338582661,-101,0,-101,-18
66.362203631,-100,0,-33,-17
66.389894337,-100,0,-10,-18
66.416334448,-99,0,-9,-17
66.439166899,-101,0,-15,-15
66.45578716,-99,0,-18,-16
66.480502793,-99,0,-20,-17
66.505418581,-102,0,-13,-16
66.52925849900001,-100,0,-21,-18
66.555777194,-100,0,-5,-6
66.572044483,-21,0,-12,-10
66.594864129,-62,0,2,-10
66.62257412700001,17,0,3,-9
66.650706673,-13,0,2,-9
66.672184113,-19,0,-11,-9
66.69387312,-9,0,0,-9
66.726590589,-6,0,-4,-9
66.75989379500001,-10,0,-12,-9
66.77711250600001,-10,0,2,-10
66.809645913,-8,0,3,-7
66.823730864,-9,0,2,-10
66.857913536,-9,0,-1,-9
66.876889754,-10,0,-2,-10
66.900646267,-10,0,1,-8
66.939980213,-9,0,3,-10
66.96248947800001,-10,0,-2,-10
66.995690968,-9,0,1,-9
67.01335733500001,-8,0,-3,-10
67.027816689,-8,0,2,-8
67.056198366,-10,0,-3,-10
67.073147921,-8,0,-3,-10
67.091250719,-9,0,2,-10
67.10676957,-8,0,-3,-10
67.13377236400001,-9,0,-3,-9
67.15760401300001,-7,0,-2,-9
67.18361667900001,-9,0,1,-8
67.20631144100001,-10,0,3,-9
67.228273149,-8,0,3,-10
67.251016386,-9,0,2,-6
67.27377873,-9,0,2,-10
67.29985583700001,-10,0,1,-10
67.32216049,-8,0,3,-10
67.344897742,-8,0,1,-9
67.37159388100001,-8,0,3,-8
67.398431692,-9,0,0,-8
67.421892471,-11,0,0,-8
67.444164562,-10,0,0,-8
67.472705765,-9,0,0,-10
67.489596412,-9,0,0,-11
67.50884408200001,-10,0,0,-10
67.523465356,-10,0,0,-9
67.54996610100001,-8,0,0,-8
67.562869687,-10,0,0,-8
67.591655508,-6,0,0,-10
67.60690141100001,-8,0,0,-8
67.62310007100001,-9,0,0,-9
67.656580883,-8,0,0,-8
67.689071635,-10,0,0,-10
67.70568983,-9,0,0,-9
67.72352092,-10,0,0,-9
67.74319865300001,-8,0,0,-9
67.766365749,-8,0,0,-10
67.78997285300001,-8,0,0,-8
67.80599528500001,-10,0,0,-10
67.82160097,-10,0,0,-9
67.841460876,-10,0,0,-10
67.863715848,-9,0,0,-9
67.89171485600001,-9,0,0,-10
67.92152549400001,-9,0,0,-9
67.944095366,-10,0,0,-10
67.966026369,-10,0,0,-9
67.990685954,-10,0,0,-9
68.011120965,-10,0,0,-10
68.031620581,-8,0,0,-7
68.059025092,-9,0,0,-10
68.07508584700001,-9,0,0,-11
68.10587482300001,-9,0,0,-9
68.12742398,-9,0,0,-6
68.148074412,-9,0,0,-10
68.16174698,-9,0,0,-10
68.174404358,-9,0,0,-11
68.205814872,-10,0,0,-11
68.224568285,-9,0,0,-10
68.243563361,-9,0,0,-9
68.272861632,-9,0,0,-8
68.29937097700001,-7,0,0,-7
68.323466263,-9,0,0,-8
68.340052639,-9,0,0,-10
68.366704322,-9,0,0,-9
68.39218578,-8,0,0,-9
68.417216747,-8,0,0,-8
68.441210795,-7,0,0,-9
68.480117405,-8,0,0,-8
68.508583599,-10,0,0,-8
68.52490663200001,-9,0,0,-8
68.54116586500001,-8,0,0,-10
68.558783399,-10,0,0,-10
68.581022997,-9,0,0,-10
68.606733715,78,0,86,67
68.63328458400001,90,-2,92,78
68.65526581200001,91,2,97,76
68.677243297,88,1,91,80
68.699486135,86,0,90,75
68.723961704,79,0,96,87
68.74993359300001,78,-1,97,67
68.775777878,64,0,90,79
68.805868956,76,3,83,82
68.827953959,73,-1,88,71
68.85537208800001,63,0,92,69
68.871716179,59,2,80,72
68.88907109600001,68,1,88,68
68.917915924,90,0,82,68
68.93294162800001,60,0,78,75
68.959102817,63,0,88,78
68.993472498,51,0,90,71
69.007573006,64,0,79,78
69.039527629,52,1,83,84
69.055156919,55,2,75,88
69.067198106,60,3,84,60
69.090003651,59,3,88,72
69.122170376,71,0,82,69
69.143413994,79,0,79,81
69.17195560200001,67,-9,89,85
69.192598484,73,-2,79,69
69.207409509,60,-1,78,70
69.23066610000001,43,-1,77,82
69.260647586,50,0,77,79
69.289723947,62,0,72,79
69.307715175,52,0,66,72
69.329496217,59,0,73,76
69.342863694,63,0,81,82
69.364056387,56,0,79,72
69.390871174,42,0,79,84
69.42486005500001,42,0,70,83
69.45039061300001,53,0,79,30
69.47346045500001,61,0,87,11
69.48974157500001,61,0,79,3
69.516328441,42,0,72,7
69.538490003,59,0,78,9
69.56097411600001,56,0,88,9
69.58377282000001,34,0,86,8
69.608209441,-21,0,82,9
69.622948441,-19,0,79,8
69.650764398,-19,0,78,8
69.67656244,-25,0,10,8
69.709357434,-24,0,-11,9
69.734107677,-25,0,1,9
69.75657569,-25,0,6,7
69.788737685,-24,0,5,9
69.811806184,-26,0,8,9
69.838650558,-26,0,8,10
69.861299542,-25,0,8,8
69.884207659,-26,0,10,8
69.906767464,-25,0,8,5
69.942949014,-26,0,4,9
69.97232173100001,-25,0,10,9
69.99371048100001,-26,0,7,9
70.02266153800001,-26,0,5,8
70.040773433,-24,0,11,7
70.076404868,-25,0,8,7
70.089604535,-26,0,11,8
70.106001586,-25,0,9,7
70.121416006,-26,0,7,9
70.144583069,-25,0,8,9
70.16741973900001,-25,0,8,8
70.189644842,-25,0,9,9
70.216841052,-25,0,10,9
70.24183644300001,-26,0,5,9
70.25604737100001,-24,0,5,9
70.27245059,-25,0,10,9
70.297081395,-24,0,9,7
70.333657599,-25,0,6,9
70.35961347700001,-26,0,9,8
70.375062008,-26,0,7,6
70.421629898,-24,0,5,9
70.43887821300001,-25,0,11,8
70.463685158,-26,0,10,8
70.48829182200001,-26,0,7,7
70.51144115400001,-25,0,8,9
70.538301336,-25,0,7,6
70.56113827,-25,0,5,5
70.588632589,-24,0,9,9
70.611745193,-24,0,11,7
70.639790097,-26,0,9,9
70.65720546700001,-26,0,11,7
70.683956456,-24,0,9,5
70.706346208,-26,0,4,6
70.721956258,-24,0,8,7
70.744953214,-25,0,9,9
70.767509868,-25,0,11,10
70.790668783,-24,0,11,8
70.82289672200001,-25,0,10,8
70.84241461900001,-25,0,5,7
70.85649337000001,-24,0,4,8
70.883273926,-26,0,8,8
70.9072551,-98,0,-77,-92
70.928798205,-98,0,-91,-81
70.95068289800001,-99,0,-95,-78
70.971700708,-99,0,-85,-74
70.995442506,-101,0,-98,-83
71.02248176500001,-101,0,-101,-85
71.050034725,-100,0,-100,-74
71.07446925500001,-100,0,-100,-63
71.091215285,-100,0,-99,-67
71.11214278,-101,0,-99,-79
71.139654287,-101,0,-100,-77
71.156670956,-99,0,-100,-75
71.18901584000001,-100,0,-100,-68
71.217030875,-101,0,-100,-77
71.23929156,-101,0,-100,-79
71.256217097,-101,0,-100,-77
71.28817496,-98,0,-99,-84
71.322760188,-100,0,-99,-77
71.34376297200001,-101,0,-101,-71
71.366621558,-99,0,-100,-80
71.396666501,-98,0,-101,-89
71.421656852,-100,0,-100,-76
71.440790433,-100,0,-100,-76
71.47302871800001,-99,0,-101,-79
71.50030104300001,-99,0,-99,-85
71.53017954,-101,0,-99,-83
71.55647317600001,-100,0,-101,-85
71.588459951,-99,0,-100,-78
71.61195365100001,-98,0,-99,-74
71.639208032,-100,0,-100,-82
71.654662097,-99,0,-101,-87
71.667469001,-99,0,-98,-85
71.693868291,-100,0,-100,-77
71.70978204000001,-99,0,-101,-79
71.744795409,-98,0,-101,-31
71.77108209400001,-100,0,-101,-6
71.79438949600001,-99,0,-99,-7
71.82031546200001,-100,0,-100,-9
71.832965218,-100,0,-99,-4
71.855841029,-100,0,-100,-10
71.880585837,-100,0,-101,-10
71.903878995,-99,0,-101,-11
71.92857378400001,-100,0,-101,-10
71.95405791900001,-101,1,-99,-10
71.977999737,-99,1,-101,-10
72.000659904,-99,-2,-100,-6
72.02478576600001,-100,0,-43,-8
72.057916633,-100,0,-13,-10
72.08304864600001,-101,0,-10,-10
72.107696171,-101,0,-15,-8
72.132077439,-100,0,-16,-10
72.15717567200001,-100,0,-18,-9
72.186864236,-100,0,-13,-10
72.210612946,-101,0,-18,-11
72.233964697,-9,0,-5,-10
72.25642059,-52,0,1,-10
72.27749884100001,3,0,2,-8
72.30053026600001,-10,0,-3,-10
72.324480026,-18,0,-7,-11
72.34982174800001,-8,0,-7,-10
72.37265611800001,-10,0,-3,-9
72.400473794,-8,0,2,-9
72.42412796400001,-8,0,-4,-10
72.439871686,-9,0,2,-8
72.45645878100001,-8,0,3,-8
72.483056277,-10,0,3,-10
72.50696084500001,-10,0,3,-8
72.53249444400001,-9,0,-3,-8
72.55647988,-10,0,-2,-9
72.58340635,-7,0,2,-10
72.620578925,-8,0,-2,-10
72.63824554,-10,0,1,-9
72.662866179,-10,0,1,-8
72.687272045,-8,0,-3,-10
72.710093457,-9,0,1,-10
72.737721307,-9,0,1,-7
72.761893074,-8,0,2,-10
72.787955706,89,0,89,90
72.803854125,94,1,92,85
72.827157254,99,1,94,91
72.850055208,91,-3,97,74
72.87278723,92,0,96,78
72.90069740700001,70,0,97,72
72.923915413,90,0,84,80
72.949058404,77,0,83,78
72.97243326200001,67,0,92,65
72.987400726,72,0,78,89
73.000577768,67,0,90,67
73.027835487,58,-14,88,63
73.05424877,68,2,80,58
73.078525188,69,0,83,76
73.10680578,65,-2,87,67
73.133550041,48,1,88,76
73.157571835,63,0,84,71
73.182789064,69,-2,89,81
73.20631779300001,66,1,77,72
73.233698773,52,2,84,69
73.25783193000001,48,-1,82,72
73.283281579,68,-2,74,86
73.30734144600001,62,-1,79,80
73.337790412,60,0,79,71
73.361381225,43,0,84,70
73.387740448,61,2,76,77
73.41116320900001,60,1,68,58
73.43787020100001,45,0,73,82
73.461550261,52,0,83,85
73.49045951400001,49,0,82,71
73.505370811,67,0,72,85
73.522115142,56,0,80,80
73.544401836,50,0,89,63
73.57390719,52,0,84,67
73.609670909,54,0,84,-38
73.647730765,60,0,78,6
73.670976413,61,0,83,5
73.698439245,46,0,79,9
73.723944292,48,0,79,9
73.738913474,52,0,81,7
73.762314276,34,0,78,9
73.787760094,-17,0,79,8
73.81217180600001,-18,0,73,8
73.840651608,-17,-1,84,9
73.86594506600001,-27,-1,34,8
73.89080381400001,-26,-1,9,8
73.916658014,-25,-2,3,9
73.94111575400001,-25,0,7,8
73.966783007,-25,0,7,9
73.99052708,-25,0,9,9
74.021049011,-25,0,8,5
74.037368494,-24,0,9,9
74.061962558,-24,0,7,7
74.0880187,-25,0,11,7
74.11158095100001,-25,0,11,9
74.138286869,-27,0,4,8
74.15435470300001,-25,0,9,6
74.179225779,-24,0,9,7
74.204489859,-25,0,9,9
74.228808677,-25,0,7,9
74.25474279800001,-26,0,9,8
74.270723996,-25,0,11,6
74.293906533,-25,0,8,9
74.317069489,-24,0,8,6
74.341864309,-25,0,9,7
74.374373335,-25,0,5,8
74.404953562,-25,0,5,9
74.42075998300001,-24,0,8,8
74.444693165,-25,0,5,9
74.471182978,-25,0,5,8
74.487652662,-24,0,7,8
74.511205999,-25,0,7,8
74.53834731900001,-26,0,11,8
74.561743721,-26,0,12,8
74.575586496,-25,0,9,7
74.599721861,-24,0,11,8
74.623587191,-26,0,5,7
74.65859005200001,-96,0,-92,-74
74.67291417700001,-96,0,-94,-69
74.70072708500001,-101,0,-96,-73
74.72468154,-99,0,-99,-83
74.750295945,-100,0,-98,-84
74.774200198,-99,0,-101,-71
74.789612226,-99,0,-100,-72
74.81059136900001,-100,0,-99,-76
74.83394811800001,-99,0,-101,-70
74.84885493200001,-101,0,-100,-79
74.873018738,-101,-1,-101,-79
74.898661871,-101,0,-100,-76
74.92177304900001,-102,-2,-100,-82
74.944327454,-102,0,-100,-86
74.97178502300001,-99,0,-99,-78
74.989192617,-100,0,-101,-78
75.01095221,-100,0,-100,-77
75.048065941,-100,0,-101,-75
75.081593923,-100,0,-101,-76
75.106904732,-99,2,-101,-68
75.124128959,-99,0,-99,-85
75.158643247,-99,0,-100,-62
75.182738305,-100,0,-100,-70
75.206144902,-100,0,-100,-76
75.222580371,-101,0,-101,-81
75.240298982,-100,0,-100,-74
75.27541009000001,-101,0,-100,-76
75.307352354,-99,0,-100,-80
75.34199879500001,-101,0,-99,-79
75.37296688900001,-102,0,-100,-76
75.396767161,-99,0,-100,-77
75.421622801,-99,0,-100,-84
75.444015744,-100,0,-98,-78
75.471040813,-102,0,-100,-5
75.493942851,-100,0,-99,-9
75.517306147,-101,0,-100,-15
75.540316931,-99,-2,-100,-18
75.555808884,-101,2,-100,-17
75.582710676,-101,-3,-99,-16
75.608098448,-101,2,-99,9
75.633313235,-100,0,-101,-21
75.647181812,-101,0,-101,-7
75.67554939,-99,0,-100,-7
75.69941601500001,-99,0,-100,-9
75.722640532,-100,0,-100,-10
75.73787366100001,-101,0,-101,-10
75.761323923,-100,0,-73,-10
75.783379034,-98,0,-42,-10
75.806921418,-99,0,-2,-8
75.82248848600001,-99,0,-9,-10
75.83835096700001,-99,0,-14,-9
75.861778321,-99,0,1,-9
75.88827609,-101,0,-18,-10
75.904137832,-100,0,-7,-9
75.926815336,-101,0,-5,-8
75.95011586400001,-100,0,-6,-10
75.973135161,-13,0,-9,-11
75.989348312,-42,0,6,-10
76.01131383,12,0,2,-8
76.038276677,-12,0,4,-9
76.058069333,-21,0,-10,-10
76.089249007,-6,0,-9,-9
76.105648642,-8,0,4,-9
76.121321556,-8,0,-1,-9
76.14063011500001,-10,0,2,-9
76.155920054,-10,0,1,-9
76.191630695,-9,0,2,-8
76.217389298,-10,0,1,-6
76.241943405,-9,0,1,-9
76.25598630900001,-9,0,1,-9
76.273227567,-10,0,2,-9
76.307938539,-9,0,2,-8
76.332010467,-9,0,3,-9
76.3452726,-9,0,-3,-7
76.37635380600001,-8,0,1,-9
76.40698693600001,-9,0,2,-6
76.443017061,-10,0,-2,-9
76.478670582,-8,0,3,-10
76.50451998700001,-9,0,-2,-10
76.522293499,-10,0,-3,-10
76.545049694,-10,0,-2,-7
76.574683624,-9,0,1,-9
76.606865829,-9,0,4,-9
76.630210037,-9,0,3,-10
76.65494615,-8,0,2,-9
76.673613464,-9,0,3,-10
76.69598354700001,-9,0,-2,-9
76.721707987,-9,0,-3,-9
76.74324255900001,-10,0,4,-8
76.7658071,-9,0,1,-9
76.796987136,-9,0,-4,-8
76.82872086500001,-8,0,-2,-10
76.855524722,-8,0,-2,-10
76.883118616,-9,0,0,-9
76.90844641800001,-8,0,-2,-9
76.93361044400001,-9,0,2,-9
76.957816913,-8,0,3,-9
76.983296006,-10,0,3,-9
77.006495903,-10,0,2,-10
77.038056475,-10,0,-2,-7
77.062777115,-9,0,2,-10
77.08827973400001,-10,0,1,-9
77.111193122,-10,0,-3,-9
77.13822021700001,-10,0,2,-9
77.161586904,-9,0,1,-10
77.195638245,-8,0,-2,-10
77.221816773,-9,0,2,-10
77.24498533,-8,0,-1,-9
77.271598072,-10,0,-2,-9
77.300600754,-7,0,-2,-10
77.323274036,-6,0,-2,-10
77.33901587300001,-9,0,1,-8
77.372034559,-9,0,-2,-10
77.388952677,-9,0,0,-11
77.417071175,-9,0,0,-10
77.441425709,-6,0,-3,-10
77.466684868,-8,0,-2,-10
77.49140583900001,-10,0,4,-8
77.517288936,-10,0,2,-8
77.5478281,-10,0,2,-10
77.572015643,-10,0,-2,-10
77.589304834,-9,0,-2,-8
77.604854813,-9,0,3,-9
77.64170552,-8,0,-3,-10
77.65580666700001,-8,0,-2,-9
77.67114218900001,-10,0,2,-7
77.68792251400001,-9,0,-3,-6
77.71144485100001,-9,0,-3,-9
77.73830044,-9,0,2,-10
77.75575924500001,-9,0,2,-6
77.77584552100001,-9,0,-4,-9
77.79832775700001,-10,0,2,-8
77.82126141900001,-8,0,-1,-9
77.84429188,-8,0,2,-9
77.866687064,-8,0,-3,-10
77.893038969,-9,0,3,-8
77.917310149,-9,0,1,-9
77.94157076500001,-9,0,3,-8
77.966330607,-10,0,-2,-9
77.993783839,-8,0,2,-8
78.021445122,-8,0,-3,-10
78.04004287000001,-9,0,2,-9
78.07376514100001,-8,0,2,-9
78.091128845,-9,0,1,-10
78.121666527,-10,0,-4,-9
78.14098322400001,-8,0,-3,-8
78.178787922,-10,0,1,-8
78.20522640200001,-8,0,-1,-8
78.22739143700001,-8,0,-2,-10
78.249896495,-10,0,-2,-9
78.275171833,-10,0,-2,-9
78.305470779,-8,0,2,-8
78.321012533,-9,0,-1,-10
78.344903332,-10,0,0,-9
78.372741078,-8,0,3,-9
78.39972585800001,-10,0,-1,-8
78.42219077600001,-9,0,-3,-7
78.444275848,-9,0,1,-9
78.46701459100001,-10,0,2,-10
78.496373051,-9,0,1,-8
78.525078906,-7,0,-2,-7
78.549872111,-10,0,2,-10
78.573830963,-9,0,-3,-9
78.60431760600001,-9,0,1,-9
78.62316427200001,-8,0,1,-10
78.64194389500001,-10,0,2,-10
78.67172880800001,-10,0,2,-10
78.68739343,-9,0,-2,-10
78.71047939500001,-9,0,0,-9
78.733677367,-9,0,0,-10
78.756860594,-8,0,0,-9
78.773425727,-9,0,0,-10
78.80041207000001,-9,0,0,-11
78.823122493,-8,0,0,-9
78.84947788000001,-10,0,0,-9
78.874053391,-9,0,0,-9
78.90010762700001,-10,0,0,-10
78.923264993,-9,0,0,-10
78.949762537,-8,0,0,-9
78.963073803,-8,0,0,-10
78.97697663000001,-9,0,0,-10
79.004997501,-10,0,-10,-10
79.020753087,-9,0,-5,-10
79.044364748,-8,0,-1,-10
79.067178423,-10,0,3,-10
79.08210347500001,-10,0,-1,-9
79.09777196200001,-8,0,0,-9
79.129218228,-9,0,0,-10
79.15864077900001,-10,0,0,-10
79.181886761,-9,0,0,-10
79.20557008600001,-10,0,0,-9
79.224764295,-9,0,0,-10
79.23926153000001,-9,0,1,-10
79.271369143,-10,0,-2,-10
79.306974769,-10,0,3,-7
79.34513003100001,-10,0,1,-8
79.37823507200001,-9,0,2,-10
79.411975415,-10,0,1,-8
79.437861423,-10,0,-3,-10
79.461212413,-8,0,1,-10
79.474433016,-9,0,-2,-9
79.499858462,-10,0,1,-11
79.52313700500001,-8,0,-2,-11
79.55483650800001,-9,0,1,-9
79.583392145,-9,0,1,-8
79.608110369,-10,0,1,-9
79.622968363,-9,0,-2,-10
79.65543126,-9,0,-3,-10
79.67128941700001,-9,0,1,-10
79.694989033,-8,0,-4,-9
79.70967531400001,-9,0,-2,-8
79.750424244,-10,0,12,-10
79.77202140200001,-8,0,1,-9
79.794429285,-9,0,1,-10
79.821700714,-9,0,-2,-8
79.83760857700001,-8,0,-4,-10
79.860779658,-8,0,-4,-10
79.887936443,-10,0,2,-7
79.91595866600001,-9,0,-6,-10
79.938568043,-10,0,3,-9
79.960706938,-9,0,-8,-10
79.988219062,-9,0,-3,-10
80.012364051,-8,0,2,-10
80.038055106,-10,0,-3,-8
80.06141834900001,-10,0,13,-11
80.088085624,-9,0,-6,-10
80.10446636200001,-8,0,-5,-10
80.12809802000001,-8,0,-4,-9
80.157512928,-9,0,-3,-10
80.18284749700001,-9,0,3,-6
80.206593455,-10,0,0,-8
80.222377474,-9,0,21,-10
80.256977445,-9,0,2,-9
80.28977307800001,-9,0,0,-10
80.32231851600001,-10,0,20,-10
80.33996148,-10,0,1,-10
80.363057029,-10,0,-1,-8
80.389531622,-8,0,0,-8
80.40552199800001,-9,0,-1,-9
80.42823294200001,-10,0,-3,-10
80.45470664300001,-9,0,0,-10
80.47776165,-9,0,-2,-8
80.500558849,-10,0,3,-10
80.52369250800001,-10,0,2,-7
80.55048795200001,-9,0,2,-9
80.572839992,-9,0,2,-9
80.59933857700001,-9,0,-2,-10
80.621209619,-10,0,-2,-9
80.643665287,-10,0,-2,-9
80.656752438,-10,0,2,-9
80.688297754,-9,0,-2,-7
80.711252349,-8,0,3,-9
80.73825249000001,-10,0,-1,-10
80.76102088900001,-9,0,-5,-8
80.788079173,-9,0,4,-9
80.811400035,-9,0,-3,-7
80.838699386,-9,0,-3,-10
80.871334473,-9,0,11,-5
80.887763507,-10,0,-3,-10
80.904700597,-8,0,12,-9
80.91720760300001,-9,0,11,-10
80.941472042,-9,0,6,-8
80.955838806,-10,0,8,-10
80.983446688,-10,0,12,-10
80.996073327,-9,0,8,-7
81.025603106,-8,0,9,-10
81.03977174500001,-9,0,9,-8
81.058326756,-10,0,6,-8
81.08999107000001,-9,0,8,-10
81.10647789100001,-9,0,8,-8
81.133885874,-7,0,10,-8
81.158208734,-6,0,8,-9
81.194321816,-10,0,10,-10
81.22167456800001,-10,0,8,-8
81.250312929,-8,0,10,-9
81.276130432,-9,0,5,-9
81.29883331500001,-9,0,4,-7
81.311915289,-8,0,8,-9
81.345728523,-9,0,11,-9
81.372586018,-9,0,11,-9
81.399565842,-8,0,9,-9
81.421975237,-9,0,5,-9
81.437972908,-8,0,8,-9
81.46052396500001,-9,0,4,-10
81.48374055000001,-10,0,5,-10
81.4963912,-9,0,8,-10
81.52196388600001,-9,0,12,-6
81.537623357,-9,0,11,-9
81.56032040000001,-7,0,11,-10
81.58804322600001,-9,0,5,-8
81.60439644200001,-10,0,5,-11
81.627606263,-8,0,8,-8
81.65497090800001,-10,0,9,-6
81.67782013700001,-10,0,9,-9
81.70003237,-9,0,8,-11
81.722067523,-9,0,11,-8
81.738235278,-9,0,11,-8
81.76021224,-9,0,8,-8
81.792968056,-10,0,10,-9
81.816490622,-8,0,11,-9
81.839279481,-9,0,11,-8
81.85981028200001,-8,0,11,-9
81.882008696,-10,0,8,-10
81.906773066,-9,0,10,-9
81.92458122500001,-8,0,10,-8
81.955966669,-9,0,12,-7
81.99191205400001,-10,0,11,-9
82.015817813,-9,0,12,-8
82.02929037,-10,0,9,-8
82.055813934,-9,0,4,-9
82.093085269,64,0,89,82
82.116401357,70,2,98,73
82.141243879,95,-1,95,79
82.172232069,97,0,95,76
82.187863373,74,0,96,69
82.205568559,87,0,90,80
82.23805330500001,83,0,75,84
82.25717565500001,71,0,96,65
82.292111241,74,-1,78,76
82.323360672,66,-1,84,73
82.35643001400001,69,-8,75,79
82.37745448300001,61,3,85,68
82.40639762,56,-2,86,62
82.44505990600001,69,-1,86,63
82.461685883,89,-2,87,77
82.492107558,89,0,83,73
82.516758022,96,15,99,88
82.53984834500001,98,-1,98,70
82.571665108,100,-6,102,63
82.588155666,102,0,101,79
82.60463702,102,-1,101,92
82.62084139400001,102,-8,101,93
82.638021484,101,-10,103,101
82.666724723,100,-11,101,100
82.69111686000001,101,-8,100,101
82.709134879,100,-12,100,101
82.73321644,102,-8,101,102
82.756415069,100,-19,101,102
82.78343373700001,100,-18,99,101
82.80762129300001,101,-16,101,101
82.83874854700001,101,-15,100,101
82.85815444500001,99,-16,99,101
82.888359879,101,-18,102,102
82.90618247500001,100,-14,99,98
82.93309497,102,-18,98,101
82.95584405000001,101,-18,99,99
82.983106735,99,-15,100,99
83.00800958900001,100,-17,101,99
83.033695345,101,-18,101,100
83.057506332,99,-18,102,100
83.08369629900001,101,-13,99,101
83.09892683000001,100,-17,101,100
83.12468136700001,101,-18,100,97
83.15067548900001,100,-19,101,99
83.16420313500001,99,-16,101,100
83.196949684,101,-16,100,101
83.22145711600001,101,-17,99,99
83.239573961,99,-18,102,100
83.25689578800001,98,-17,99,100
83.28368279600001,101,-18,98,100
83.30700325800001,99,-18,100,98
83.32302844,101,-16,100,100
83.349718569,100,-16,100,101
83.37492070500001,99,-17,99,100
83.40622340600001,101,-18,98,99
83.422750957,99,-16,100,100
83.456019921,99,-17,100,99
83.47337011100001,100,-16,101,101
83.505351016,100,-18,99,100
83.528883437,99,-16,101,101
83.555314394,99,-13,102,98
83.571817029,100,-16,101,98
83.605778735,100,-17,100,99
83.63878584300001,100,-18,101,101
83.66666436700001,100,-16,99,100
83.690230958,99,-18,100,101
83.715733662,102,-17,101,99
83.749821112,101,-17,100,100
83.77640120000001,101,-18,101,99
83.80533232,100,-14,99,102
83.821606105,100,-18,100,101
83.846783396,99,-17,100,101
83.87232019300001,98,-17,100,100
83.88876408,98,-16,99,100
83.905109037,101,-18,100,101
83.93348603400001,99,-19,100,102
83.94959913400001,101,-14,99,99
83.979732524,101,-15,101,100
84.00483753500001,101,-17,101,99
84.022878913,101,-19,99,100
84.04997093700001,100,-18,98,100
84.074653497,99,-18,101,101
84.110478271,100,-18,99,101
84.12670866,99,-18,101,101
84.156672123,100,-15,100,99
84.17295036,100,-18,101,101
84.204966141,100,-18,100,101
84.228123169,99,-16,101,99
84.254970391,100,-17,101,101
84.28854168800001,100,-18,98,99
84.321148882,99,-16,100,102
84.337928289,100,-17,100,99
84.35457856800001,101,-18,98,100
84.37237093,99,-17,100,100
84.40028781400001,101,-14,99,100
84.425279114,100,-17,101,99
84.450432366,100,-17,101,100
84.47432959800001,101,-19,100,100
84.499830785,101,-19,98,101
84.523312574,100,-15,100,100
84.550003398,100,-14,100,100
84.57372943,101,-13,101,100
84.60031249100001,102,-18,99,100
84.623963856,101,-18,99,100
84.65014941800001,102,-17,100,97
84.674337534,99,-16,99,101
84.70461357100001,101,-18,101,98
84.728191999,102,-19,100,101
84.75493297300001,99,-17,101,100
84.771573032,101,-17,100,100
84.78802228500001,100,-18,99,100
84.804787133,100,-18,99,100
84.82089562,102,-18,101,100
84.845034528,101,-18,101,101
84.872871238,101,-17,100,101
84.900116908,101,-18,101,99
84.924234172,101,-15,101,100
84.950178678,99,-19,100,100
84.974663417,100,-16,102,100
84.999736791,100,-17,101,99
85.012897507,101,-18,100,102
85.04009551600001,102,-17,100,100
85.072360966,99,-17,100,100
85.090705385,101,-18,100,99
85.12755070200001,98,-17,101,100
85.15666144800001,101,-17,101,100
85.189761501,100,-17,100,101
85.21086650100001,100,-18,100,100
85.23837009500001,100,-17,100,102
85.272373443,101,-17,100,100
85.289284921,101,-18,101,101
85.31701938900001,101,-18,100,100
85.33962363,100,-17,99,99
85.36595719500001,99,-14,101,100
85.389762378,101,-18,98,99
85.40603938000001,101,-17,100,101
85.42172374900001,98,-15,101,100
85.43779098,99,-18,99,101
85.46156075900001,99,-18,98,99
85.48827606200001,99,-16,100,102
85.50410941000001,99,-17,100,101
85.52750113900001,102,-16,101,100
85.556179846,100,-17,100,100
85.579352809,101,-17,98,98
85.60880484,99,-17,102,100
85.624785055,100,-18,101,100
85.657951439,101,-18,101,100
85.688647723,100,-18,101,99
85.70822985000001,101,-19,101,100
85.727293126,99,-18,100,100
85.75549493700001,100,-16,99,100
85.78804968600001,99,-18,101,100
85.80468463000001,99,-16,100,101
85.82880094500001,99,-19,100,101
85.857745077,99,-18,99,101
85.873204281,102,-18,100,98
85.905417168,99,-18,100,101
85.92343387800001,100,-18,101,101
85.949745585,99,-17,99,100
85.972120972,101,-18,99,101
85.98760541600001,100,-18,100,99
86.01086736,100,-16,101,101
86.038425546,101,-17,102,101
86.05562109200001,100,-18,100,100
86.083267593,102,-17,98,101
86.10915036700001,100,-16,101,101
86.13355763300001,102,-16,99,100
86.15773804300001,101,-18,99,100
86.187767652,99,-18,100,102
86.221737269,101,-18,100,98
86.23879304900001,100,-18,101,100
86.266370572,100,-18,99,100
86.290172817,98,-16,101,100
86.316857322,99,-14,100,100
86.341583643,99,-16,100,101
86.35587809100001,100,-16,100,101
86.387892279,101,-18,102,101
86.405987791,101,-18,100,100
86.445166266,101,-19,100,99
86.47512970300001,101,-18,99,100
86.50044630500001,100,-17,99,99
86.52483287400001,99,-17,98,99
86.54994415600001,100,-18,100,100
86.57401105800001,99,-18,100,101
86.605641581,101,5,100,102
86.63789231300001,101,-17,100,100
86.670843616,101,-18,99,98
86.688741156,100,-15,99,101
86.70800406100001,101,-17,101,101
86.738396527,101,-18,101,101
86.754244044,101,-18,101,100
86.77803232800001,100,-17,100,100
86.81083679700001,99,-20,100,102
86.841531485,99,-3,100,100
86.87198720900001,101,-9,99,101
86.887930446,100,-12,99,99
86.910950379,100,-14,100,100
86.938260126,99,-18,101,99
86.955009851,101,-12,99,99
86.973600702,99,17,99,99
87.004508219,100,-6,100,98
87.022607105,98,-14,100,99
87.04721196,100,-6,100,99
87.071400067,99,-4,101,100
87.08894163900001,100,-10,100,99
87.116624867,101,-8,99,101
87.140902369,101,-10,102,100
87.17121004900001,100,-9,101,99
87.199978058,100,-10,100,101
87.223956731,101,-10,101,102
87.250131706,100,-9,99,100
87.26340252700001,99,-8,100,99
87.27661690100001,100,-10,100,99
87.304621791,101,-10,100,98
87.33368287200001,101,-10,101,99
87.35805122800001,100,-11,100,99
87.383494135,100,-6,99,100
87.40820051700001,100,-9,99,100
87.43738038800001,98,-10,99,100
87.454008141,99,-8,100,100
87.470982937,101,-10,100,100
87.495040554,101,-9,100,100
87.509182565,102,-10,101,100
87.54463709800001,102,-9,100,101
87.57381990600001,102,-7,100,100
87.591111405,99,-8,100,101
87.61635252,102,-9,100,99
87.640279254,99,-10,99,100
87.666733847,100,-8,100,99
87.683086223,100,-15,101,100
87.707185353,100,-8,100,100
87.733268627,100,-9,102,100
87.756480771,101,-9,100,101
87.783410636,100,-6,100,101
87.807057822,100,-6,99,101
87.838278438,99,-6,99,99
87.86654756600001,99,-9,99,102
87.88001324800001,102,-10,99,98
87.904860642,100,-8,99,99
87.92133395600001,102,-9,100,102
87.94492202100001,100,-8,99,99
87.971883174,100,4,99,101
88.000340871,100,-8,102,99
88.025633025,99,-10,101,99
88.05045635500001,100,-5,99,101
88.07535126200001,101,-10,100,100
88.09977761500001,99,-9,100,100
88.124276839,100,-6,102,100
88.15476035500001,99,-4,100,102
88.17268795700001,102,-8,100,101
88.20053040200001,99,-10,99,101
88.226991607,100,-5,101,99
88.254822446,98,-6,101,100
88.272763278,100,-5,100,101
88.30048587900001,99,-7,100,100
88.325067491,98,-10,101,101
88.35007230500001,99,-6,99,100
88.374912936,99,-8,100,99
88.399769981,101,-10,101,100
88.422991499,100,-9,100,99
88.450028012,101,-10,100,100
88.47425093400001,99,-9,101,99
88.50420099300001,99,-10,99,100
88.52125809,98,-7,98,99
88.53748766000001,100,-10,101,99
88.56132007800001,99,-9,99,100
88.58862346800001,100,-8,100,101
88.620896883,99,-7,100,100
88.639390405,100,-9,100,101
88.65830265400001,100,-9,99,100
88.674849616,98,-10,100,100
88.699036117,100,-8,100,100
88.71677862300001,99,-11,102,99
88.740151026,99,-8,100,101
88.75597087700001,100,-10,101,100
88.789129586,100,-8,99,101
88.81522417500001,100,-8,99,101
88.828210572,102,-9,98,101
88.854659333,99,-10,100,99
88.869931957,100,-10,101,101
88.883173776,100,-9,101,100
88.905964088,100,-10,100,99
88.932748925,99,-9,100,100
88.962342039,101,-8,100,101
88.97537131300001,99,-9,100,101
88.99872213500001,99,-10,101,99
89.022301419,101,-8,99,101
89.049604286,101,-10,101,99
89.07450425200001,100,-6,99,99
89.098899822,101,-8,101,100
89.12326103800001,100,-11,100,101
89.148991189,100,-9,99,100
89.17361096500001,99,-10,101,98
89.198164788,99,-9,101,100
89.22243828900001,101,-8,99,100
89.248534936,100,-10,100,100
89.27312614200001,100,-8,100,99
89.299591788,100,-10,99,100
89.32337791900001,99,-10,100,100
89.35016893800001,99,-8,101,102
89.37505553700001,100,-9,98,100
89.39221628300001,99,-11,100,102
89.42028045900001,99,-10,100,100
89.446405192,101,-8,100,100
89.47205868200001,101,-10,100,100
89.49896324100001,98,-10,99,99
89.524434716,100,-10,100,101
89.54875881400001,101,-11,102,99
89.57290583400001,98,-10,101,100
89.598827313,99,-9,100,101
89.62312820400001,100,-8,101,100
89.64849663000001,99,-8,100,99
89.67259434,99,-10,100,100
89.699401349,101,-9,99,99
89.724456059,100,-10,99,100
89.749799967,100,-9,98,98
89.774822539,101,-6,102,99
89.799247218,101,-9,100,100
89.823638285,101,-8,100,101
89.84867920900001,100,-10,101,99
89.87215966800001,100,-9,101,101
89.898632328,98,-9,102,102
89.921089635,101,-10,100,101
89.944993286,98,-9,101,98
89.970865927,100,-9,101,101
89.999510388,98,-8,99,100
90.024331868,99,-8,98,99
90.049865206,99,-9,100,100
90.07546849100001,101,-10,100,100
90.103921677,99,-6,101,98
90.12970201200001,100,-7,99,99
90.155286507,100,-9,99,100
90.184037828,101,-6,100,100
90.20926399800001,98,-9,99,100
90.23678633200001,98,-9,101,100
90.261685552,99,-7,99,100
90.28738063300001,99,-10,101,101
90.31576867700001,100,-9,100,99
90.340993166,100,-9,100,99
90.366002761,100,-9,100,100
90.381067157,101,-9,100,100
90.39843885900001,98,-9,100,98
90.431076632,102,-9,101,101
90.45724204300001,100,-8,100,101
90.47167609600001,100,-6,101,99
90.486999372,99,-9,99,100
90.510788188,100,-9,99,100
90.53785710400001,100,-11,99,98
90.566702113,101,-8,101,99
90.59268088,98,-10,99,99
90.61036508000001,100,-9,100,98
90.64090662000001,98,-8,99,101
90.67156283300001,98,-9,100,100
90.704883773,101,-8,99,100
90.743080172,101,-10,99,100
90.77210682600001,100,-9,99,100
90.79928663800001,100,-8,101,99
90.82273470400001,99,-8,100,98
90.83858960900001,99,-10,100,102
90.86115397500001,100,-6,102,102
90.873785173,101,-10,98,100
90.89978326,101,-8,100,100
90.92328037700001,99,-8,101,100
90.949979737,100,-10,100,100
90.973842586,99,-7,98,100
90.999510889,101,-10,100,101
91.02274694,102,-9,99,99
91.04926425100001,98,-9,101,101
91.073223454,102,-14,99,100
91.099973546,101,-10,99,101
91.124367855,99,-9,100,99
91.149509084,101,-9,101,100
91.174528531,100,-8,100,98
91.19982376200001,101,-9,99,99
91.224634225,101,-6,99,101
91.249323804,100,-8,100,102
91.27445768300001,100,-11,100,100
91.30027257,100,-10,101,100
91.325283681,100,-8,100,101
91.350133994,101,-10,100,101
91.375061337,101,-9,100,99
91.399650456,101,-10,98,100
91.42347059800001,99,-9,101,101
91.449989836,101,-7,101,100
91.47508811300001,100,-10,101,101
91.50415269300001,101,-10,98,100
91.52057405800001,100,-10,100,99
91.55436891500001,101,-8,99,101
91.582712974,101,-10,99,101
91.607265815,101,-9,99,102
91.63687049500001,99,-10,100,100
91.65465302300001,101,-6,100,100
91.682796995,101,-11,102,100
91.705526434,99,-8,100,99
91.720484047,99,-9,98,98
91.74378039000001,99,-7,100,101
91.77098632100001,100,-9,99,101
91.79538930400001,98,-9,102,100
91.82118754300001,98,-8,100,99
91.837180202,100,-6,101,100
91.86193414200001,100,-10,101,100
91.888567495,99,-9,99,99
91.91653461700001,100,-11,101,99
91.930056499,101,-10,101,101
91.94522632600001,99,-9,100,100
91.97691221400001,101,-11,99,100
92.00590708700001,100,-7,101,101
92.02182824600001,101,-6,101,99
92.054962524,99,-7,100,99
92.071185998,102,-11,99,100
92.08771502100001,98,-10,99,99
92.103996971,98,-9,99,99
92.12119372900001,100,-10,101,101
92.137837933,99,-10,99,99
92.15420303500001,98,-8,100,100
92.170691066,99,-7,100,99
92.187549589,100,-12,101,100
92.204987141,99,-6,101,101
92.23764234900001,100,-8,99,99
92.26177382200001,102,-10,99,101
92.28873327000001,100,-8,100,100
92.31682546600001,99,-9,101,100
92.341903571,100,-10,101,101
92.371545626,101,-8,98,101
92.40440975300001,98,-11,101,100
92.437595345,98,-9,101,101
92.45408596700001,101,-10,99,99
92.471892592,101,-10,100,100
92.489102152,99,-8,101,100
92.52793173900001,99,-8,100,100
92.556546169,99,-9,100,99
92.574066269,101,-10,101,100
92.605010046,99,-11,101,98
92.62150166,100,-7,101,99
92.644600537,101,-8,99,101
92.67142067600001,99,-9,99,100
92.704771527,100,-6,101,100
92.72236652400001,101,-8,99,100
92.76112513400001,101,-9,99,101
92.78880867500001,101,-8,101,99
92.80616005600001,101,-8,101,101
92.839284929,102,-9,100,100
92.866567169,101,-5,101,100
92.879323227,100,-8,101,102
92.904691553,101,-6,99,99
92.92690429000001,98,-8,101,101
92.955581971,100,-8,100,99
92.978166465,102,-9,98,99
93.004659828,102,-8,100,100
93.022012735,101,-6,102,100
93.05016902000001,100,-9,100,100
93.07346082100001,100,-9,99,100
93.088838713,100,-10,100,99
93.116995908,101,-9,101,100
93.141876034,99,-9,100,101
93.166534885,99,-8,99,101
93.19143988900001,99,-10,99,100
93.216357302,101,-11,101,99
93.239604764,99,-9,98,98
93.26697641000001,99,-8,99,101
93.292198381,98,-8,101,100
93.30596416,101,-10,101,100
93.33835058400001,100,-10,101,99
93.371621317,100,-10,101,101
93.388933365,101,-9,100,99
93.42134244,101,-8,100,99
93.437875171,101,-9,99,101
93.45460199,98,-8,102,101
93.47983712700001,101,-8,100,100
93.49642279700001,99,-10,99,101
93.524848632,101,-8,101,100
93.54939155000001,99,-8,99,99
93.57260977,101,-7,101,100
93.60409845100001,100,-9,101,99
93.62079225000001,100,-8,100,102
93.63779608600001,99,-10,100,101
93.670955105,97,-9,99,101
93.687812706,99,-10,101,101
93.70548588800001,101,-11,101,101
93.73725506800001,99,-10,100,98
93.754209305,102,-6,101,100
93.77893661600001,100,-10,100,102
93.80486219900001,101,-7,99,99
93.838146693,101,-9,100,99
93.866442735,100,-9,101,100
93.89085854400001,99,-9,101,100
93.91674975500001,100,-9,101,100
93.941392158,101,-8,101,100
93.96633298600001,101,-9,100,100
93.9909734,100,-8,101,98
94.017126598,100,-10,99,101
94.05637839900001,99,-9,101,100
94.07263291400001,99,-8,101,101
94.09988395100001,101,-9,99,100
94.12619607500001,99,-9,100,99
94.150459274,101,-9,99,98
94.173094437,98,-6,99,101
94.19937056900001,101,-23,101,98
94.222647776,101,-10,100,99
94.24050330600001,99,-10,100,101
94.27370656000001,98,-10,100,102
94.313390095,100,-8,100,101
94.32671556400001,100,-9,100,100
94.36578819600001,101,-10,99,101
94.39318068,100,-12,100,100
94.421477815,100,-10,100,99
94.459253047,99,-10,100,100
94.476040916,100,-8,99,101
94.505839445,100,-7,102,99
94.53824849600001,101,-9,99,101
94.55602122200001,100,-9,99,100
94.59356696600001,100,-11,99,102
94.627668357,98,-10,100,100
94.642791211,100,-10,101,100
94.6808122,102,-10,100,99
94.699480467,100,-10,99,100
94.723383708,100,-12,100,101
94.749581921,102,-9,99,102
94.772396231,101,-8,102,99
94.804752807,99,-9,101,99
94.823073112,101,-9,102,100
94.83967407600001,99,-11,99,99
94.85930866300001,100,-4,100,101
94.887358999,100,-8,101,99
94.907066318,100,-7,100,100
94.942348033,102,-8,100,98
94.95789746700001,101,-9,99,100
94.993725376,99,-10,100,101
95.02590249800001,100,-9,100,100
95.055847282,99,-8,102,99
95.08907464,100,-9,101,99
95.116547588,99,-7,101,100
95.13890131400001,100,-11,101,101
95.15421724100001,101,-10,99,100
95.17765916900001,100,-7,99,100
95.191084824,100,-9,100,100
95.226754815,100,-9,100,100
95.240112185,100,-9,99,21
95.265968731,100,-8,100,-4
95.289706252,100,-8,99,-61
95.31571221200001,99,-10,100,-55
95.339007655,101,-10,100,-54
95.371655374,100,-9,100,-55
95.38785889100001,99,-8,98,-73
95.40400114500001,100,-10,99,-64
95.427356552,101,-15,100,-55
95.454746548,101,-21,100,-79
95.471632419,99,-14,102,-67
95.48999416400001,101,-19,100,-64
95.506246954,99,-17,99,-75
95.522709866,101,-18,100,-80
95.554775398,100,-18,100,-59
95.57295579400001,100,-18,101,-61
95.59963918800001,99,-17,102,-60
95.623691609,100,6,99,-75
95.649735749,99,-18,101,-74
95.674254781,99,-17,85,-71
95.69973428300001,-30,-17,-32,-85
95.72377535700001,-81,-4,-57,-76
95.75379441000001,-70,-18,-75,-87
95.77790098700001,-80,-17,-88,-90
95.80436140600001,-64,-17,-91,-73
95.822935027,-63,-18,-81,-75
95.83984897200001,-70,-17,-91,-67
95.86642151100001,-85,-26,-92,-75
95.89014630700001,-77,-17,-83,-84
95.915728039,-79,-16,-88,-78
95.940143859,-82,-16,-86,-83
95.971128858,-81,-17,-99,-81
95.994530939,-106,-18,-99,-69
96.021313968,-100,-18,-100,-70
96.03822201400001,-80,4,-96,-83
96.067181628,-78,-5,-86,-38
96.09461745,-97,-7,-105,5
96.12098322700001,-92,-11,-103,-8
96.144145764,-76,-9,-98,-6
96.171204054,-91,-10,-94,-8
96.18724657700001,-92,-10,-102,-9
96.21318421800001,-41,-11,-97,-10
96.238125244,-22,-10,-81,-10
96.266723479,-5,-7,-87,-6
96.28062128900001,-9,-9,-89,-10
96.309008331,-8,-10,-58,-10
96.333238468,-9,-10,-15,-7
96.35676746200001,-10,-9,-6,-10
96.387718984,-13,-9,-11,-8
96.411022016,-18,-8,-20,-9
96.437757507,-10,-10,-12,-9
96.45624181500001,-10,-10,-1,-9
96.48845268500001,-9,-10,-6,-6
96.52586562900001,-10,-10,-1,-8
96.549416307,-9,-8,7,-9
96.562619736,-9,-10,2,-9
96.59273193300001,-7,-10,-2,-9
96.61649413900001,-10,-10,-3,-8
96.64006545500001,-10,-9,2,-9
96.665916369,-8,-9,-11,-9
96.68987930300001,-7,-8,-2,-9
96.71588928300001,-10,-9,3,-10
96.73918314000001,-10,-10,2,-9
96.76662745600001,-9,-8,2,-10
96.78973214800001,-8,-9,-3,-10
96.81594552600001,-9,-10,2,-10
96.83913885300001,-9,-6,-1,-9
96.871926695,-9,-7,-2,-10
96.887934352,-7,-10,-2,-9
96.914648602,-10,-10,-2,-8
96.927666246,-9,-9,-3,-8
96.95434884100001,-8,-10,2,-9
96.97699106900001,-9,-10,1,-7
97.004600087,-9,-10,1,-10
97.020739148,-9,-9,0,-6
97.044369723,-10,-8,-3,-8
97.071962333,-8,-9,1,-9
97.099666431,-9,-10,2,-8
97.112778312,-9,-10,-2,-10
97.13800528,-8,-8,-3,-9
97.154896365,-9,-8,1,-10
97.17088706700001,-8,-8,2,-10
97.187607376,-10,-9,-3,-8
97.2107301,-8,-9,-3,-9
97.237664022,-9,-10,2,-10
97.254162378,-9,-9,-3,-8
97.27089298300001,-10,-10,-2,-7
97.28834738500001,-9,-10,-3,-10
97.32169314100001,-9,-9,-3,-8
97.339942972,-8,-6,2,-6
97.365739797,-8,-10,-2,-9
97.389961474,-9,-9,-2,-9
97.42212757700001,-9,-8,0,-10
97.444657601,-8,-9,3,-10
97.47169837000001,-8,-10,-2,-9
97.48757745900001,-9,-6,2,-10
97.50399380600001,-9,-9,-3,-11
97.51689646400001,-8,-9,4,-9
97.538322891,-9,-10,3,-9
97.566443676,-10,-7,-3,-9
97.590189314,-10,-10,1,-9
97.61648387000001,-10,-10,3,-10
97.64197145700001,-9,-10,3,-9
97.66576585,-9,-9,0,-10
97.689420669,-8,-8,0,-9
97.71618128300001,-10,-10,0,-8
97.739511092,-9,-10,0,-9
97.766330732,-9,-9,0,-9
97.78977661500001,-10,-10,0,-8
97.806470626,-10,-11,0,-9
97.84044425600001,-10,-10,0,-7
97.862823,-9,-8,0,-9
97.88817420000001,-9,-9,0,-8
97.90436573100001,-9,-10,0,-10
97.92761144500001,-10,-9,0,-6
97.954409481,-8,-9,0,-8
97.977167468,-10,-10,0,-10
98.004236726,-8,-10,0,-8
98.03290835700001,-9,-9,0,-6
98.057116225,-10,-10,0,-11
98.08301216800001,-9,-10,0,-8
98.107378542,-9,-8,0,-10
98.133397208,-10,-7,0,-9
98.14688008200001,-8,-8,0,-9
98.16450194800001,-8,-10,0,-10
98.18987437700001,-10,-7,0,-10
98.21538089900001,-9,-7,0,-10
98.23904012300001,-10,-10,0,-8
98.26613627,-9,-7,0,-9
98.28998270400001,-10,-10,0,-11
98.316188756,-9,-10,0,-9
98.340009373,-9,-8,0,-11
98.36637919600001,-9,-9,0,-9
98.39049435000001,-8,-9,0,-10
98.405765704,-9,-8,0,-8
98.43776857,-9,-9,0,-10
98.454859688,-8,-8,0,-9
98.47828915100001,-9,-10,0,-8
98.50536439400001,-10,-8,0,-8
98.53775975,-8,-9,0,-11
98.554199593,-8,-7,0,-8
98.57874593300001,-9,-10,0,-9
98.62185902300001,-9,-8,0,-8
98.64162044300001,-9,-8,0,-9
98.66635087,-9,-10,0,-8
98.68969804400001,-8,-7,0,-10
98.71580515800001,-10,-10,0,-10
98.739388434,-10,-8,0,-7
98.766373829,-8,-10,0,-10
98.791533521,-7,-10,0,-9
98.8167557,-9,-10,0,-10
98.840747289,-9,-7,0,-9
98.86610164300001,-9,-10,0,-8
98.89020314400001,-10,-10,0,-10
98.92123904200001,-9,-8,0,-10
98.94451328100001,-7,-10,0,-9
98.97102328000001,-9,-8,0,-9
98.987314409,-9,-8,0,-10
99.011122314,-10,-9,0,-9
99.037641627,-9,-7,0,-7
99.06241045200001,-9,-8,0,-8
99.088400897,-8,-9,0,-7
99.105104548,-9,-9,0,-10
99.13257821500001,-10,-10,0,-9
99.15758193100001,-9,-6,0,-10
99.18336512100001,-9,-9,0,-10
99.20752808200001,-9,-10,0,-9
99.23293162300001,-6,-6,0,-9
99.257062949,-9,-9,0,-10
99.288630792,-9,-9,0,-10
99.320845194,-10,-10,0,-9
99.344848909,-9,-9,0,-6
99.358828352,-8,-10,0,-9
99.375492686,-11,-9,0,-10
99.407550658,-9,-9,0,-8
99.42335116400001,-9,-9,0,-10
99.449505957,-10,-10,0,-9
99.47358187500001,-8,-6,0,-9
99.490591073,-9,-8,0,-10
99.521477215,-9,-9,0,-8
99.55012691,-9,-9,0,-9
99.573630232,-8,-9,0,-8
99.59948339200001,-9,-10,0,-10
99.62307263000001,-9,-8,0,-10
99.649972847,-10,-8,0,-7
99.673558544,-9,-9,0,-8
99.69967533600001,-9,-9,0,-7
99.715939937,-10,-10,0,-10
99.73754010500001,-9,-9,0,-10
99.760052993,-9,-10,0,-10
99.782484056,-10,-9,0,-9
99.804704216,-9,-8,0,-9
99.83359182100001,-10,-8,0,-10
99.84623961400001,-8,-9,0,-8
99.871622908,-9,-8,0,-10
99.887826206,-9,-9,0,-9
99.91087239100001,-9,-8,0,-10
99.937703483,-9,-9,0,-7
99.954057211,-8,-10,0,-8
99.97775302100001,-9,-10,0,-8
100.004582392,-8,-8,0,-9
100.02208616200001,-8,-10,0,-8
100.049795852,-7,-9,0,-10
100.07447620900001,-11,-9,0,-8
100.099788558,-9,-9,0,-8
100.123745432,-10,-9,0,-10
100.150049854,-10,-10,0,-10
100.17527108600001,-9,-10,0,-11
100.200100109,-10,-9,0,-10
100.21630039,-8,-10,0,-9
100.24406154600001,-10,-11,0,-9
100.27116078300001,-7,-9,0,-9
100.288251094,-8,-9,0,-8
100.30559060300001,-10,-9,0,-9
100.33331899100001,-8,-7,0,-9
100.356811965,-9,-9,0,-9
100.38297894,-9,-8,0,-9
100.407417429,-9,-9,0,-8
100.437889431,-10,-9,0,-8
100.455010912,-10,-10,0,-6
100.48277734800001,-8,-9,0,-9
100.506723854,-9,-10,0,-6
100.53342795200001,87,-6,89,87
100.558597292,73,-10,91,71
100.58231177200001,72,-10,95,79
100.59542273000001,98,-9,95,84
100.62432549500001,79,-9,92,71
100.649892451,76,-8,93,68
100.673059999,89,-9,87,80
100.68870619500001,75,-7,89,74
100.71664179700001,71,-9,78,64
100.73990292100001,68,-10,95,66
100.755426853,69,-9,83,81
100.782877821,74,-10,76,75
100.806067356,78,-9,83,70
100.83313340500001,57,-9,93,76
100.856418027,51,-8,85,73
100.882399257,47,-10,81,71
100.89606042400001,63,-10,82,71
100.925583433,68,-9,77,70
100.95732542100001,55,-8,81,82
100.99253581900001,48,-8,79,64
101.02113296,54,-10,75,85
101.037946941,53,-10,87,77
101.055317309,49,-8,83,68
101.08327518,55,-7,83,73
101.107909621,58,-8,76,82
101.13186518200001,58,-9,89,75
101.155755059,57,-8,73,73
101.173102807,60,-8,76,64
101.20818562800001,53,-10,81,86
101.25582938100001,49,-9,70,76
101.27221751,48,-9,87,81
101.30502760600001,51,-10,87,72
101.337794032,46,-10,84,70
101.370931823,54,-9,76,0
101.38842913,72,-10,68,9
101.42113213200001,49,-10,76,3
101.449756338,41,-9,83,7
101.474523629,55,-8,74,8
101.503795819,56,-9,81,9
101.52051268000001,1,-10,72,8
101.537042408,-24,-8,87,5
101.554149479,-16,-9,81,8
101.57154202400001,-24,-8,75,6
101.60496857300001,-25,-9,50,7
101.63311963700001,-25,-10,23,9
101.658236652,-25,-9,9,9
101.683015952,-25,-10,11,7
101.70552581800001,-24,-8,7,7
101.721342147,-26,-6,8,7
101.74402894400001,-25,-9,7,7
101.77120218200001,-25,-7,11,8
101.79442898,-25,-10,12,9
101.82125012600001,-25,-9,4,8
101.843405833,-25,-10,6,9
101.866824725,-26,-10,6,8
101.89090655000001,-24,-9,7,8
101.906856954,-24,-10,5,8
101.93694933200001,-25,-9,7,8
101.95493602100001,-24,-8,5,8
101.973889263,-25,-10,9,8
101.988901799,-26,-11,5,5
102.024100292,-25,-10,6,9
102.040064368,-26,-8,5,8
102.07287335500001,-24,-10,6,9
102.08932729,-25,-8,6,9
102.12211545100001,-25,-10,9,9
102.13898007300001,-26,-10,5,8
102.161825768,-24,-9,10,8
102.17647912700001,-25,-7,5,8
102.19002027100001,-24,-8,6,9
102.227115228,-24,-8,8,9
102.26503118400001,-24,-6,11,9
102.291554934,-25,-10,9,7
102.305673909,-25,-8,8,9
102.320700013,-25,-9,11,8
102.34325650400001,-25,-9,12,7
102.358300298,-25,-9,9,8
102.39726689300001,-25,-8,6,7
102.425103182,-26,-7,8,9
102.44920765,-24,-9,8,6
102.472625498,-26,-10,8,9
102.49983895800001,-24,-10,4,7
102.52291904,-25,-8,5,8
102.549060401,-26,-9,11,8
102.57249622500001,-24,-7,5,7
102.599062054,-25,-10,5,9
102.62257965100001,-25,-10,7,9
102.638723471,-25,-10,5,5
102.66672664000001,-24,-8,7,9
102.690306926,-26,-10,11,7
102.71584673800001,-25,-6,11,8
102.73885150100001,-25,-9,8,8
102.75470471800001,-25,-10,6,5
102.78787462700001,-24,-10,9,8
102.80430754400001,-23,-6,11,6
102.82795295800001,-25,-9,8,9
102.854560311,-24,-8,12,8
102.878249737,-25,-10,5,9
102.904603147,-26,-7,8,5
102.937929412,-25,-10,11,9
102.955869093,-24,-10,6,9
102.982997405,-25,-10,6,8
103.00989456900001,-25,-9,11,7
103.04183649500001,-24,-10,5,8
103.073256689,-24,-10,9,9
103.093101089,-25,-9,-8,8
103.12639283600001,-25,-10,8,7
103.140100708,-24,-8,9,8
103.15589350600001,-25,-9,8,8
103.18335558700001,-25,-10,8,9
103.207810003,-25,-9,9,8
103.232685081,-26,-10,11,9
103.256935049,-25,-10,9,6
103.27191856500001,-25,-10,12,9
103.304780246,-25,-10,12,7
103.323713971,-25,-9,12,8
103.35537686400001,-25,-9,2,9
103.38306756,-26,-9,-3,9
103.40704965200001,-25,-10,3,6
103.43287582500001,-26,-8,2,9
103.45755800600001,-25,-8,2,8
103.48993237500001,-24,-9,2,7
103.511919082,-25,-11,-3,9
103.538533115,-24,-6,3,8
103.554636469,-24,-10,-2,6
103.57078270800001,-25,-10,2,8
103.587470741,-26,-9,1,9
103.61084519200001,-25,-10,1,7
103.637812533,-96,-9,-73,-68
103.655399165,-100,-8,-88,-90
103.688168257,-99,-10,-94,-91
103.70440935900001,-100,-7,-94,-74
103.72642473100001,-100,-10,-99,-81
103.75692520800001,-100,-9,-102,-80
103.77190925100001,-100,-10,-100,-72
103.788509809,-100,-10,-99,-81
103.80574150700001,-100,-8,-101,-70
103.82237239800001,-100,-8,-100,-79
103.855559083,-101,-10,-101,-79
103.87269225,-100,-10,-101,-78
103.890085408,-101,-10,-100,-81
103.923669063,-99,-8,-100,-71
103.949023624,-100,-9,-99,-85
103.971206033,-102,-10,-100,-74
103.995575482,-100,-8,-100,-71
104.02107815900001,-101,-6,-100,-75
104.03744393400001,-100,-9,-102,-82
104.060785898,-101,-8,-100,-75
104.087510924,-101,-8,-101,-72
104.10452762700001,-101,-8,-99,-87
104.12116769100001,-101,-7,-101,-85
104.137150503,-100,-8,-98,-86
104.160258768,-101,-10,-99,-81
104.190069885,-99,-11,-100,-70
104.207180484,-100,-10,-102,-61
104.237539403,-100,-8,-99,-74
104.25525780400001,-99,-8,-99,-69
104.29024708,-101,-6,-101,-88
104.31385689700001,-100,-7,-101,-87
104.33893546200001,-98,-11,-100,-75
104.37066193700001,-101,-8,-99,-71
104.387778241,-99,-9,-101,-85
104.40518029100001,-99,-8,-100,-74
104.43305609000001,-100,-10,-101,-84
104.456851588,-99,-10,-100,-77
104.48304247600001,-101,-10,-99,-10
104.506943981,-100,-9,-100,-7
104.521879018,-98,-10,-100,-12
104.549833093,-101,-9,-99,-17
104.57428944300001,-101,-9,-101,-17
104.603932391,-98,-10,-100,-17
104.64108310600001,-100,-8,-100,-17
104.655963056,-100,-8,-100,-18
104.68851022000001,-98,-9,-102,-17
104.704710016,-100,-10,-100,-17
104.720572801,-102,-6,-99,-17
104.74298809400001,-100,-11,-100,10
104.755666832,-98,-10,-83,-5
104.78987650100001,-99,-11,-37,-10
104.816196391,-100,-8,-2,-9
104.840929783,-99,-8,-15,-18
104.87625843500001,-99,-7,-12,-9
104.89326928700001,-101,-18,-21,-10
104.921789773,-101,-8,-15,-8
104.94453381400001,-99,2,-15,-10
104.97118221800001,-49,1,-5,-10
104.98771269800001,-12,2,9,-7
105.00779741800001,-18,1,2,-8
105.032553965,3,-2,3,-8
105.05635661800001,-14,-9,3,-8
105.08331932300001,-4,-10,-8,-7
105.10484428500001,-7,0,-6,-10
105.12815854,-8,2,2,-8
105.142117239,-9,-2,4,-10
105.170578323,-10,2,-9,-8
105.204396857,-10,2,-1,-9
105.22076883300001,-10,-1,-2,-10
105.24435204500001,-9,1,-1,-9
105.258322906,-10,2,1,-9
105.28853111400001,-8,-2,-2,-9
105.315967161,-9,2,-2,-9
105.32938382100001,-6,4,-2,-10
105.35553049500001,-9,3,2,-8
105.37221481,-7,-1,-3,-9
105.40606618300001,-8,-1,3,-10
105.43786872800001,-9,0,-2,-10
105.45482840800001,-9,1,3,-8
105.488106525,-9,0,2,-8
105.506972535,-10,0,1,-10
105.53909253500001,-10,0,2,-9
105.571386938,-10,0,0,-11
105.60435577000001,-9,0,3,-9
105.64393448300001,-8,0,-3,-9
105.65888781800001,-10,3,-1,-8
105.691040285,-10,-1,0,-10
105.7228195,-10,0,-3,-10
105.73878118600001,-10,0,1,-6
105.765623277,-10,0,-3,-9
105.788523233,-9,0,2,-8
105.80725746700001,-9,0,-3,-10
105.823880818,-10,0,1,-9
105.848386452,-10,0,-2,-8
105.87171650500001,-10,0,2,-10
105.888104283,-10,0,-1,-8
105.91191761900001,-8,0,1,-9
105.937566532,-9,0,1,-10
105.954781452,-9,0,2,-8
105.974967401,-9,0,-2,-9
105.999418632,-9,0,-2,-6
106.021674578,-6,0,2,-11
106.04917783600001,-10,0,3,-8
106.075769166,-10,0,2,-8
106.09920046900001,-9,0,-2,-10
106.12452592800001,-9,0,-3,-8
106.14760630800001,-9,0,-2,-9
106.165129049,-9,0,3,-10
106.18830162600001,-10,0,0,-9
106.204478707,-9,0,-1,-9
106.22783843500001,-10,0,2,-8
106.25401159100001,-9,0,2,-9
106.27052278400001,-10,0,1,-10
106.294948016,-10,0,-2,-10
106.321014532,-9,0,3,-10
106.343546387,-9,0,-2,-10
106.358096359,-8,0,-3,-9
106.397733574,-8,0,2,-10
106.428346546,-10,0,-2,-9
106.443821244,-6,0,3,-9
106.471326168,-8,0,-2,-10
106.50466517400001,-8,0,-2,-10
106.537205056,-8,0,3,-8
106.556377049,-10,0,-3,-8
106.58955428200001,-6,0,1,-8
106.62198779100001,-9,0,1,-8
106.63919931100001,-10,0,4,-10
106.67468588300001,-8,0,2,-10
106.699831625,-9,0,-4,-10
106.71510077900001,-10,0,3,-10
106.73983521100001,-9,0,-3,-10
106.774696526,-8,0,-3,-8
106.804681181,-10,0,-2,-9
106.82125724800001,-8,0,-3,-8
106.83869913000001,-9,0,-2,-8
106.865666421,-10,0,0,-8
106.888054459,-10,0,2,-8
106.92207874,-10,0,0,-10
106.93986330700001,-8,0,0,-8
106.971234691,-8,0,0,-8
106.993975012,-8,0,0,-10
107.021900931,-9,0,0,-10
107.037109975,-9,0,0,-10
107.05402419100001,-9,0,0,-9
107.071777604,-9,0,0,-10
107.088463124,-10,0,0,-9
107.112602881,-9,0,0,-10
107.132784912,-10,0,0,-10
107.172846042,-10,0,0,-10
107.206757104,-7,0,0,-7
107.22238947700001,-9,0,0,-10
107.23971574900001,-10,0,0,-9
107.272708195,-8,0,0,-10
107.305268369,-10,0,0,-8
107.32291289800001,-8,0,0,-9
107.35411058400001,-9,0,0,-10
107.37058732300001,-11,0,0,-10
107.39387089,-9,0,0,-10
107.42126512700001,-8,0,0,-9
107.43737654700001,-9,0,0,-10
107.460780736,-10,0,0,-10
107.488150094,-8,0,0,-10
107.504332004,-9,0,0,-10
107.52077910700001,-9,0,0,-9
107.55482417,-9,0,0,-10
107.571971022,-7,0,0,-9
107.60523160800001,-9,0,0,-10
107.625546575,-8,0,0,-8
107.64180448600001,-10,0,0,-9
107.67187709400001,-8,0,0,-10
107.70450543300001,-10,0,0,-10
107.732281814,-10,0,0,-10
107.746959449,-10,0,0,-10
107.76291958600001,-10,0,0,-10
107.77669047600001,-10,0,0,-9
107.790565172,-9,0,0,-7
107.81682256,-9,0,0,-9
107.831842275,-10,0,0,-10
107.85802629800001,-10,0,0,-10
107.872299165,-10,0,0,-10
107.91234029,-7,0,0,-8
107.940685961,-10,0,0,-10
107.97272313500001,-10,0,0,-8
107.998495789,-10,0,0,-8
108.02235382200001,-9,0,0,-9
108.04879670700001,-9,0,0,-9
108.072862764,-8,0,0,-8
108.09864537300001,-9,0,0,-10
108.12456601900001,-11,0,0,-9
108.147853509,-9,0,0,-8
108.170862185,-9,0,0,-9
108.19370007600001,-8,0,0,-9
108.22015166400001,-10,0,0,-10
108.248682032,-9,0,0,-10
108.27214089200001,-10,0,0,-11
108.29925051500001,-8,0,0,-8
108.322335713,-7,0,0,-9
108.34860879600001,-9,0,0,-10
108.37237253800001,-10,0,0,-10
108.39843194000001,-8,0,0,-8
108.42472545000001,-10,0,0,-9
108.44870632300001,-9,0,0,-9
108.47229673800001,-9,0,0,-10
108.498709078,-10,0,0,-8
108.51514883600001,-9,0,0,-8
108.53857186,-8,0,0,-8
108.565211477,-10,0,0,-10
108.589338118,-10,0,0,-8
108.616290077,-9,0,0,-10
108.640253759,-8,0,0,-7
108.66584652700001,-8,0,0,-9
108.690045865,-10,0,0,-9
108.715893412,-9,0,0,-8
108.741300401,-9,0,0,-10
108.76463062100001,-10,0,0,-9
108.78754523500001,-8,0,0,-9
108.810988553,-9,0,0,-8
108.837661682,-9,0,0,-10
108.85497582800001,-9,0,0,-8
108.870608157,-8,0,0,-8
108.88661065900001,-9,0,0,-8
108.910433842,-10,0,0,-10
108.93660786000001,-9,0,0,-10
108.95882555,-9,0,2,-10
108.97173111500001,-8,0,-2,-6
109.000009319,-7,0,0,-8
109.02646015100001,-10,0,0,-9
109.04898705900001,-9,0,0,-11
109.071595017,-8,0,0,-6
109.094192628,-9,0,0,-10
109.120593306,-8,0,0,-9
109.144391478,-8,0,0,-10
109.170397745,-10,0,0,-9
109.193577977,-10,0,0,-10
109.20712689400001,-9,0,0,-10
109.23679470900001,-8,0,0,-10
109.249747377,-10,0,0,-9
109.272838671,-10,0,0,-9
109.298199471,-7,0,-3,-8
109.32203383500001,-8,0,-5,-7
109.338055204,-7,0,0,-8
109.371227695,-10,0,0,-10
109.387404511,-8,0,0,-10
109.41179846600001,-9,0,0,-8
109.437346242,-10,0,-2,-9
109.46119749200001,-9,0,-1,-10
109.488867142,-8,0,-3,-9
109.51291392300001,-10,0,2,-8
109.53939473400001,-9,0,-2,-9
109.57226777700001,-10,0,-2,-10
109.597998051,-10,0,3,-10
109.62154897200001,-9,0,2,-9
109.65371870300001,-7,0,-3,-9
109.672408872,-8,0,-3,-9
109.70002248300001,-9,0,3,-8
109.72322786900001,-10,0,2,-9
109.753210331,-9,0,-3,-10
109.77575544300001,-10,0,-1,-8
109.799337651,-8,0,1,-9
109.82269800200001,-9,0,0,-9
109.85577836200001,-10,0,0,-10
109.87916202100001,-8,0,5,-9
109.90596161100001,-10,0,1,-8
109.93243750500001,-8,0,2,-7
109.96432340300001,-9,0,-1,-10
109.987239923,-11,0,2,-7
110.00985506500001,-8,0,-2,-8
110.032986808,-10,0,-3,-10
110.05798868100001,-9,0,-2,-8
110.08268337800001,-10,0,-3,-10
110.10567768300001,-9,0,3,-10
110.131708606,-9,0,-6,-10
110.155666338,-10,0,25,-10
110.182447025,-10,0,-3,-10
110.21626190500001,-8,0,-3,-9
110.23876244,-8,0,-4,-9
110.254907652,-9,0,1,-8
