timestamp,FSR1,FSR2,FSR3,FSR4
0.0012524580000000001,0.0,0.0,0.0,0.0
0.006021866000000001,0.01,0.0,0.0,0.0
0.007197177000000001,0.0,0.01,0.01,0.01
0.00810951,0.0,0.01,0.0,0.01
0.009208796,0.04,0.0,0.05,0.03
0.010213151,0.0,0.0,0.0,0.01
0.011213845,0.0,0.0,0.0,0.0
0.012105737,0.0,0.02,0.02,0.0
0.013218719,0.0,0.0,0.02,0.0
0.014200074,0.0,0.0,0.0,0.0
0.015208802,0.01,0.0,0.01,0.01
0.016220294,0.02,0.0,0.01,0.0
0.017203263,0.02,0.0,0.0,0.01
0.018209345000000002,0.01,0.01,0.0,0.0
0.019215847,0.0,0.0,0.0,0.01
0.020215222,0.01,0.01,0.01,0.0
0.021210057,0.0,0.0,0.01,0.02
0.022207358,0.0,0.0,0.0,0.0
0.023210187,0.0,0.0,0.01,0.0
0.024291563000000002,0.0,0.0,0.02,0.0
0.025131397000000003,0.0,0.0,0.0,0.0
0.026232621,0.0,0.0,0.02,0.0
0.027216548,0.0,0.0,0.01,0.01
0.028211171,0.0,0.0,0.0,0.0
0.029118274000000003,0.0,0.01,0.0,0.0
0.030209643,0.01,0.0,0.0,0.01
0.031216276,0.0,0.01,0.01,0.01
0.032213823,0.0,0.0,0.0,0.01
0.033142625,0.0,0.02,0.0,0.0
0.034212217,0.0,0.01,0.0,0.0
0.035120080000000005,0.0,0.0,0.0,0.0
0.036096687,0.01,0.03,0.0,0.02
0.037225898,0.02,0.0,0.01,0.0
0.038125339,0.0,0.0,0.01,0.0
0.039205015,0.0,0.0,0.0,0.0
0.040142275000000005,0.0,0.0,0.01,0.0
0.041293295,0.0,0.01,0.0,0.01
0.042119116000000005,0.0,0.01,0.0,0.0
0.043223061,0.01,0.0,0.0,0.0
0.044109173,0.0,0.0,0.0,0.0
0.045261189,0.0,0.0,0.01,0.0
0.046108237,0.0,0.0,0.02,0.01
0.047202475,0.0,0.0,0.01,0.0
0.048202994000000006,0.0,0.0,0.01,0.01
0.04920858,0.01,0.01,0.0,0.0
0.050202363,0.0,0.0,0.0,0.0
0.051218055000000005,0.0,0.03,0.0,0.0
0.052211601,0.0,0.02,0.06,0.0
0.053255046,0.0,0.01,0.0,0.03
0.054073183000000004,0.02,0.0,0.0,0.0
0.055236017000000005,0.0,0.0,0.0,0.0
0.056240056000000004,0.01,0.0,0.0,0.0
0.057213253000000006,0.0,0.01,0.0,0.0
0.058233225000000007,0.0,0.0,0.0,0.0
0.059247676000000006,0.0,0.0,0.0,0.0
0.06010874200000001,0.0,0.01,0.0,0.01
0.061200435000000004,0.0,0.0,0.01,0.0
0.062209573000000004,0.01,0.0,0.0,0.0
0.063210191,0.01,0.0,0.0,0.0
0.06438574500000001,0.0,0.01,0.0,0.0
0.06506703400000001,0.0,0.01,0.0,0.01
0.06634287500000001,0.01,0.0,0.0,0.01
0.067068389,0.0,0.0,0.0,0.0
0.068414139,0.0,0.0,0.0,0.0
0.070279161,0.0,0.0,0.01,0.01
0.071117528,0.0,0.0,0.0,0.0
0.072247158,0.0,0.0,0.0,0.0
0.073108476,0.0,0.0,0.01,0.01
0.074202848,0.0,0.0,0.0,0.0
0.07520702400000001,0.0,0.0,0.0,0.01
0.07610684000000001,0.0,0.0,0.0,0.0
0.077207388,0.01,0.0,0.0,0.0
0.07812210900000001,0.01,0.0,0.02,0.08
0.079104775,0.03,0.0,0.01,0.0
0.08021278500000001,0.01,0.0,0.01,0.0
0.08113875000000001,0.02,0.0,0.0,0.0
0.082214589,0.0,0.02,0.0,0.0
0.083106387,0.0,0.04,0.01,0.0
0.084207298,0.0,0.01,0.0,0.0
0.08520668,0.01,0.01,0.0,0.0
0.086218773,0.0,0.01,0.01,0.0
0.08720314600000001,0.0,0.01,0.01,0.0
0.08821319600000001,0.0,0.02,0.0,0.0
0.090207698,0.0,0.0,0.0,0.01
0.091221592,0.0,0.01,0.01,0.0
0.092067838,0.01,0.01,0.0,0.0
0.093206302,0.0,0.0,0.01,0.0
0.09408714500000001,0.0,0.0,0.0,0.0
0.09526656900000001,0.0,0.0,0.0,0.0
0.09610979900000001,0.0,0.01,0.04,0.09
0.09720326800000001,0.01,0.0,0.0,0.01
0.09815169200000001,0.0,0.01,0.0,0.0
0.099259998,0.01,0.0,0.0,0.01
0.10011104500000001,0.01,0.0,0.0,0.0
0.102233294,0.0,0.01,0.0,0.0
0.10310738100000001,0.0,0.01,0.03,0.0
0.10410954300000001,0.0,0.0,0.0,0.02
0.105210485,0.0,0.0,0.03,0.0
0.10611013500000001,0.01,0.0,0.0,0.0
0.10721802100000001,0.0,0.01,0.0,0.0
0.10810631300000001,0.0,0.01,0.0,0.0
0.10921409900000001,0.01,0.0,0.01,0.0
0.110109392,0.0,0.0,0.01,0.0
0.111212003,0.01,0.0,0.0,0.0
0.112249677,0.0,0.03,0.01,0.0
0.11306466500000001,0.01,0.0,0.0,0.0
0.114115409,0.0,0.0,0.0,0.01
0.11521062900000001,0.0,0.0,0.01,0.02
0.117218293,0.0,0.0,0.0,0.01
0.118106423,0.0,0.0,0.0,0.0
0.11921635000000001,0.0,0.0,0.01,0.01
0.12010604500000001,0.0,0.01,0.0,0.0
0.12121633200000001,0.0,0.0,0.0,0.0
0.122107616,0.01,0.0,0.0,0.0
0.12324124300000001,0.0,0.01,0.0,0.01
0.12412033700000001,0.02,0.0,0.01,0.0
0.1252085,0.01,0.0,0.0,0.01
0.126223147,0.01,0.01,0.01,0.0
0.12711911,0.0,0.0,0.01,0.0
0.128217819,0.0,0.01,0.0,0.0
0.129214632,0.0,0.01,0.01,0.05
0.13020756,0.0,0.0,0.0,0.0
0.13122572500000002,0.01,0.0,0.0,0.02
0.13212479200000002,0.01,0.01,0.0,0.02
0.134206454,0.01,0.01,0.0,0.0
0.135107118,0.0,0.01,0.0,0.0
0.136202816,0.01,0.0,0.0,0.01
0.137104481,0.0,0.0,0.01,0.0
0.138212685,0.0,0.0,0.0,0.0
0.139105411,0.0,0.0,0.0,0.01
0.140210159,0.01,0.0,0.0,0.0
0.14123101400000002,0.01,0.03,0.01,0.02
0.142106607,0.0,0.0,0.0,0.01
0.143205056,0.0,0.01,0.0,0.03
0.14421441200000001,0.0,0.01,0.03,0.0
0.14512847,0.08,0.0,0.0,0.0
0.14621455700000002,0.02,0.0,0.0,0.02
0.147123838,0.0,0.0,0.0,0.0
0.14821603,0.0,0.0,0.0,0.0
0.150208006,0.0,0.0,0.0,0.0
0.15120713300000002,0.01,0.0,0.0,0.01
0.152217276,0.0,0.0,0.01,0.01
0.15324737800000002,0.0,0.0,0.0,0.01
0.15420751400000002,0.0,0.01,0.0,0.0
0.15510627100000002,0.0,0.0,0.0,0.0
0.156213808,0.0,0.0,0.01,0.0
0.157136828,0.0,0.0,0.01,0.0
0.158266752,0.0,0.0,0.0,0.01
0.159109986,0.0,0.0,0.01,0.0
0.160244525,0.0,0.0,0.0,0.0
0.161115755,0.0,0.0,0.01,0.0
0.162241624,0.03,0.05,0.02,0.0
0.16412085,0.0,0.01,0.0,0.01
0.16520695800000001,0.0,0.0,0.0,0.0
0.166209306,0.0,0.01,0.01,0.0
0.167201723,0.0,0.01,0.0,0.0
0.16821381600000002,0.01,0.01,0.0,0.0
0.169111999,0.0,0.0,0.0,0.0
0.170201449,0.01,0.0,0.0,0.01
0.17114020400000002,0.0,0.0,0.03,0.0
0.17221002300000002,0.0,0.01,0.0,0.0
0.173205672,0.0,0.0,0.03,0.0
0.17421397800000002,0.0,0.0,0.01,0.02
0.175220853,0.02,0.0,0.01,0.0
0.176210003,0.0,0.0,0.02,0.02
0.17723169300000002,0.01,0.0,0.0,0.01
0.17812068,0.01,0.01,0.01,0.0
0.179341934,0.04,0.0,0.0,0.0
0.181224451,0.0,0.0,0.01,0.07
0.182114291,0.0,0.0,0.0,0.02
0.183208327,0.01,0.0,0.0,0.0
0.18421642400000002,0.0,0.0,0.01,0.0
0.185309716,0.0,0.02,0.0,0.01
0.18608970800000002,0.01,0.0,0.01,0.0
0.187222259,0.0,0.0,0.0,0.0
0.188114003,0.0,0.0,0.0,0.01
0.189204272,0.0,0.01,0.0,0.0
0.19028296600000003,0.0,0.0,0.09,0.01
0.192216605,0.0,0.01,0.01,0.0
0.19311044400000002,0.0,0.0,0.0,0.0
0.19414628,0.03,0.0,0.0,0.0
0.195199852,0.01,0.01,0.0,0.0
0.196209989,0.0,0.0,0.0,0.0
0.197211722,0.0,0.08,0.01,0.0
0.19820409,0.0,0.0,0.01,0.0
0.199210314,0.0,0.0,0.0,0.0
0.20021640200000002,0.01,0.0,0.0,0.0
0.20111181900000002,0.0,0.01,0.0,0.01
0.20222092200000003,0.0,0.01,0.0,0.0
0.203375898,0.0,0.03,0.0,0.0
0.20406373200000003,0.04,0.0,0.0,0.0
0.20520854100000002,0.0,0.0,0.01,0.0
0.20611073400000002,0.0,0.0,0.0,0.0
0.20722399100000002,0.0,0.0,0.0,0.0
0.20922103600000003,0.0,0.02,0.0,0.0
0.210140027,0.01,0.0,0.0,0.0
0.21122163600000002,0.0,0.01,0.0,0.05
0.21210995500000002,0.0,0.0,0.01,0.0
0.21313142100000002,0.01,0.0,0.0,0.0
0.21411347500000003,0.0,0.0,0.0,0.01
0.21520513200000002,0.0,0.0,0.0,0.0
0.216070129,0.0,0.0,0.0,0.0
0.21721667400000003,0.0,0.0,0.0,0.0
0.21810896400000002,0.0,0.0,0.01,0.0
0.21944238900000002,0.0,0.0,0.0,0.0
0.22006653,0.0,0.0,0.0,0.01
0.22121290600000001,0.0,0.0,0.0,0.0
0.222152854,0.02,0.02,0.03,0.0
0.223371867,0.0,0.0,0.0,0.0
0.225204544,0.03,0.01,0.0,0.0
0.226106677,0.02,0.03,0.01,0.02
0.227205432,0.0,0.01,0.0,0.0
0.228107421,0.01,0.0,0.01,0.0
0.229140167,0.0,0.06,0.0,0.0
0.23021222900000002,0.0,0.02,0.0,0.0
0.231107582,0.0,0.0,0.0,0.02
0.232203072,0.0,0.0,0.01,0.0
0.23321398100000001,0.01,0.0,0.02,0.01
0.23420559900000001,0.0,0.0,0.01,0.0
0.235212944,0.0,0.0,0.0,0.0
0.23612337800000002,0.0,0.01,0.01,0.0
0.23725263100000002,0.0,0.0,0.0,0.0
0.238236936,0.0,0.0,0.0,0.01
0.239206207,0.0,0.0,0.0,0.01
0.241217764,0.0,0.0,0.01,0.0
0.24221721400000001,0.01,0.0,0.0,0.01
0.24320651100000001,0.0,0.04,0.0,0.0
0.24409556000000002,0.0,0.01,0.01,0.0
0.245227525,0.01,0.0,0.01,0.0
0.24611579900000002,0.01,0.0,0.0,0.0
0.247225728,0.0,0.0,0.0,0.0
0.248110401,0.01,0.0,0.0,0.0
0.24921440200000003,0.01,0.0,0.0,0.0
0.25010852100000003,0.0,0.0,0.03,0.0
0.25122514100000004,0.01,0.0,0.01,0.01
0.25213354,0.0,0.04,0.0,0.0
0.25326089700000004,0.01,0.02,0.0,0.0
0.254120986,0.0,0.0,0.0,0.0
0.256275886,0.02,0.01,0.0,0.0
0.257108848,0.0,0.0,0.01,0.0
0.25841087700000004,0.0,0.0,0.01,0.01
0.259068915,0.01,0.0,0.0,0.0
0.26021299400000003,0.0,0.01,0.02,0.0
0.26111196000000003,0.0,0.01,0.0,0.0
0.262208233,0.0,0.03,0.0,0.0
0.263107054,0.0,0.01,0.0,0.01
0.264238694,0.01,0.0,0.0,0.0
0.265105788,0.0,0.0,0.0,0.0
0.26620719000000004,0.0,0.0,0.0,0.0
0.267203138,0.01,0.0,0.0,0.0
0.268249242,0.0,0.0,0.0,0.0
0.269127236,0.0,0.0,0.0,0.0
0.271223301,0.0,0.01,0.0,0.01
0.272063494,0.0,0.01,0.0,0.0
0.273108825,0.02,0.01,0.0,0.0
0.274207557,0.0,0.0,0.01,0.0
0.27511014300000003,0.0,0.01,0.01,0.01
0.276217201,0.0,0.01,0.01,0.0
0.277111559,0.0,0.01,0.0,0.0
0.278104112,0.0,0.0,0.0,0.0
0.279220748,0.0,0.0,0.0,0.0
0.280115461,0.03,0.0,0.0,0.0
0.28135586500000004,0.0,0.0,0.0,0.02
0.282124246,0.02,0.0,0.0,0.0
0.283350304,0.0,0.0,0.0,0.0
0.285153926,0.01,0.01,0.0,0.04
0.286068767,0.0,0.0,0.0,0.01
0.287209329,0.01,0.0,0.01,0.0
0.28810997600000005,0.0,0.0,0.01,0.0
0.28921177800000003,0.0,0.0,0.0,0.0
0.290107789,0.0,0.0,0.0,0.0
0.29111300700000003,0.0,0.0,0.01,0.0
0.29220286100000004,0.0,0.01,0.0,0.01
0.29311833800000003,0.0,0.02,0.01,0.0
0.294205881,0.01,0.01,0.0,0.0
0.295108362,0.0,0.0,0.0,0.0
0.29637105,0.01,0.0,0.0,0.0
0.297111055,0.0,0.0,0.0,0.0
0.298234316,0.0,0.0,0.0,0.0
0.29913529,0.01,0.01,0.01,0.01
0.30022079,0.0,0.01,0.0,0.0
0.302209316,0.0,0.05,0.0,0.07
0.303208487,0.0,0.0,0.0,0.02
0.30421517000000003,0.0,0.0,0.03,0.0
0.30520866300000005,0.01,0.0,0.01,0.0
0.306208095,0.02,0.0,0.01,0.01
0.30720985900000003,0.0,0.0,0.0,0.0
0.30820726200000004,0.04,0.0,0.03,0.01
0.309206394,0.0,0.02,0.0,0.01
0.310221466,0.01,0.0,0.0,0.01
0.31121542,0.0,0.0,0.02,0.0
0.31220615700000004,0.0,0.0,0.0,0.0
0.313110361,0.0,0.01,0.0,0.01
0.314381238,0.0,0.0,0.0,0.0
0.31624559900000004,0.0,0.0,0.01,0.0
0.317123769,0.0,0.0,0.0,0.0
0.31820537400000004,0.0,0.0,0.0,0.0
0.319101791,0.01,0.0,0.0,0.0
0.32020373500000004,0.0,0.01,0.05,0.08
0.32127862700000004,0.0,0.01,0.0,0.02
0.322067266,0.0,0.0,0.0,0.0
0.323200488,0.0,0.0,0.0,0.0
0.324103116,0.02,0.0,0.01,0.0
0.32520612200000004,0.01,0.0,0.01,0.0
0.326061916,0.0,0.0,0.0,0.0
0.327206773,0.0,0.01,0.0,0.0
0.328122956,0.01,0.0,0.01,0.0
0.329106836,0.0,0.0,0.0,0.01
0.330211015,0.0,0.0,0.0,0.01
0.33221566,0.0,0.0,0.01,0.0
0.33313278,0.0,0.0,0.0,0.0
0.334210793,0.01,0.0,0.0,0.01
0.335111333,0.03,0.0,0.01,0.01
0.33631904100000004,0.01,0.01,0.02,0.04
0.337064693,0.0,0.0,0.0,0.0
0.33821032,0.0,0.01,0.01,0.0
0.33910928100000004,0.0,0.01,0.04,0.01
0.340208626,0.0,0.01,0.0,0.0
0.341068647,0.01,0.0,0.0,0.0
0.342210257,0.01,0.0,0.01,0.0
0.34307586500000004,0.01,0.01,0.0,0.0
0.34410745400000003,0.0,0.0,0.0,0.01
0.346207865,0.0,0.0,0.0,0.0
0.34712048100000004,0.01,0.0,0.0,0.0
0.34821176000000004,0.0,0.0,0.0,0.0
0.34915332000000004,0.0,0.01,0.01,0.0
0.350102515,0.0,0.0,0.01,0.0
0.35119934,0.0,0.0,0.0,0.0
0.352107349,0.04,0.0,0.03,0.0
0.353213746,0.0,0.0,0.0,0.01
0.354068411,0.01,0.0,0.0,0.0
0.35521518300000005,0.0,0.0,0.02,0.0
0.356109302,0.0,0.0,0.0,0.0
0.35721149,0.0,0.01,0.0,0.0
0.35822478100000005,0.0,0.0,0.0,0.0
0.35909929100000004,0.03,0.0,0.02,0.02
0.360209816,0.01,0.01,0.01,0.0
0.36220983900000003,0.0,0.0,0.0,0.02
0.363226492,0.0,0.01,0.0,0.0
0.364106056,0.01,0.0,0.0,0.0
0.36520323000000005,0.0,0.0,0.0,0.0
0.36610659900000003,0.0,0.0,0.0,0.0
0.367204221,0.0,0.0,0.01,0.0
0.36821315400000004,0.0,0.0,0.0,0.0
0.369208413,0.0,0.07,0.01,0.0
0.370208376,0.0,0.01,0.01,0.01
0.37110822800000004,0.0,0.01,0.0,0.01
0.37234756700000005,0.0,0.0,0.0,0.01
0.37313094900000005,0.0,0.0,0.01,0.0
0.374298095,0.01,0.01,0.0,0.0
0.37621910000000003,0.0,0.01,0.0,0.0
0.37710943,0.0,0.0,0.0,0.0
0.378212447,0.0,0.0,0.0,0.0
0.379116709,0.0,0.0,0.0,0.0
0.38011411900000003,0.01,0.0,0.0,0.01
0.38109779600000004,0.0,0.02,0.0,0.0
0.38205637600000003,0.0,0.0,0.0,0.0
0.38320641800000005,0.0,0.08,0.0,0.03
0.384108959,0.0,0.0,0.0,0.0
0.38521104700000003,0.0,0.0,0.0,0.0
0.38610551400000004,0.0,0.0,0.01,0.0
0.38722777,0.0,0.0,0.0,0.0
0.38811113900000005,0.0,0.0,0.0,0.0
0.389228352,0.06,0.05,0.02,0.0
0.390113959,0.01,0.0,0.0,0.0
0.39121387700000004,0.01,0.02,0.01,0.01
0.39313118700000005,0.01,0.0,0.0,0.0
0.39419987500000003,0.01,0.0,0.0,0.0
0.39521580300000003,0.0,0.0,0.0,0.0
0.396209609,0.0,0.0,0.0,0.01
0.397217103,0.0,0.0,0.0,0.0
0.398211968,0.01,0.0,0.0,0.0
0.399215046,0.0,0.0,0.0,0.01
0.400311742,0.0,0.02,0.03,0.0
0.40111377000000004,0.0,0.0,0.0,0.0
0.40211202,0.0,0.0,0.0,0.0
0.403235836,0.0,0.02,0.0,0.02
0.40414267600000003,0.01,0.0,0.0,0.0
0.405223547,0.01,0.02,0.0,0.0
0.407460802,0.0,0.0,0.0,0.01
0.40809178100000004,0.0,0.0,0.0,0.0
0.40925963800000004,0.0,0.0,0.01,0.0
0.41010648400000005,0.0,0.01,0.0,0.0
0.41124279100000005,0.01,0.0,0.0,0.01
0.41211078,0.0,0.06,0.0,0.0
0.41321819800000004,0.01,0.0,0.0,0.0
0.414212587,0.0,0.0,0.0,0.0
0.415197535,0.0,0.0,0.0,0.0
0.416204805,0.0,0.0,0.0,0.0
0.41720617600000004,0.0,0.02,0.01,0.0
0.418210067,0.01,0.01,0.0,0.0
0.419226767,0.01,0.01,0.0,0.0
0.42121905800000004,0.0,0.0,0.0,0.0
0.42221002500000004,0.0,0.0,0.0,0.0
0.42320203100000003,0.0,0.01,0.01,0.01
0.424205512,0.0,0.01,0.0,0.0
0.42521476700000005,0.0,0.01,0.01,0.0
0.426208271,0.03,0.0,0.0,0.01
0.42726910500000004,0.0,0.0,0.0,0.0
0.42809088500000003,0.07,0.0,0.0,0.0
0.42923551200000004,0.0,0.01,0.0,0.0
0.430120789,0.0,0.01,0.0,0.0
0.43121975300000004,0.01,0.0,0.0,0.0
0.43214035300000003,0.0,0.0,0.0,0.0
0.433206309,0.0,0.0,0.0,0.0
0.43422279300000005,0.0,0.0,0.01,0.0
0.43534288800000004,0.0,0.0,0.02,0.0
0.43732724300000003,0.01,0.0,0.0,0.0
0.43810999700000003,0.0,0.0,0.0,0.01
0.439333566,0.0,0.0,0.0,0.0
0.440107956,0.0,0.0,0.0,0.0
0.44121790800000005,0.0,0.0,0.0,0.0
0.44210875600000005,0.0,0.0,0.0,0.0
0.44326527600000004,0.0,0.01,0.0,0.0
0.44412028400000003,0.04,0.0,0.05,0.03
0.445222875,0.0,0.01,0.0,0.0
0.446248631,0.0,0.0,0.0,0.0
0.44710536900000003,0.0,0.0,0.0,0.02
0.448192075,0.0,0.0,0.0,0.0
0.44919699,0.0,0.01,0.0,0.0
0.451321817,0.0,0.0,0.01,0.01
0.452110424,0.02,0.0,0.01,0.0
0.453245076,0.01,0.0,0.01,0.01
0.454060881,0.0,0.0,0.0,0.0
0.455211311,0.01,0.01,0.0,0.0
0.456104186,0.0,0.0,0.01,0.01
0.45721574400000004,0.0,0.0,0.0,0.0
0.458109211,0.0,0.0,0.01,0.0
0.45931038100000005,0.0,0.0,0.0,0.0
0.460118293,0.01,0.0,0.01,0.0
0.461217547,0.0,0.0,0.0,0.02
0.46210730200000005,0.0,0.01,0.0,0.0
0.46321361600000005,0.0,0.0,0.0,0.01
0.464212791,0.01,0.0,0.0,0.02
0.46523361500000004,0.01,0.0,0.0,0.0
0.46623736400000004,0.0,0.01,0.0,0.0
0.46831021600000006,0.0,0.0,0.0,0.0
0.469116935,0.0,0.05,0.0,0.0
0.470228085,0.0,0.0,0.0,0.0
0.47110880200000005,0.0,0.01,0.01,0.02
0.472207482,0.0,0.0,0.0,0.0
0.473122295,0.0,0.0,0.01,0.0
0.47420328800000006,0.0,0.01,0.01,0.01
0.475222246,0.03,0.0,0.0,0.0
0.476103657,0.0,0.0,0.0,0.0
0.47720697,0.0,0.0,0.0,0.0
0.47810784100000003,0.02,0.0,0.0,0.0
0.479150534,0.0,0.01,0.04,0.04
0.48023711500000005,0.0,0.0,0.01,0.0
0.481122541,0.0,0.0,0.01,0.0
0.483201184,0.0,0.0,0.0,0.0
0.48424492100000005,0.0,0.0,0.0,0.0
0.48511248,0.0,0.01,0.0,0.0
0.48621727200000003,0.0,0.0,0.0,0.01
0.487121964,0.01,0.0,0.0,0.0
0.48820415300000003,0.0,0.01,0.01,0.0
0.489214327,0.0,0.03,0.0,0.0
0.49021436300000004,0.0,0.0,0.0,0.0
0.49127346400000005,0.01,0.02,0.0,0.02
0.49211917200000005,0.0,0.0,0.01,0.0
0.493257512,0.0,0.04,0.0,0.0
0.49525716000000003,0.0,0.01,0.01,0.0
0.49611268900000005,0.0,0.01,0.01,0.0
0.49744546700000003,0.0,0.0,0.02,0.0
0.49808376800000004,0.0,0.0,0.01,0.0
0.49926650100000003,0.02,0.01,0.0,0.0
0.500122602,0.05,0.0,0.0,0.0
0.501205879,0.0,0.0,0.06,0.04
0.50221837,0.0,0.01,0.0,0.0
0.503208914,0.0,0.0,0.0,0.0
0.5041173170000001,0.0,0.03,0.0,0.0
0.50512133,0.0,0.01,0.01,0.0
0.506138529,0.0,0.0,0.0,0.0
0.507143942,0.0,0.0,0.0,0.0
0.508206497,0.0,0.0,0.0,0.0
0.5091092220000001,0.01,0.0,0.0,0.0
0.510211045,0.0,0.0,0.01,0.0
0.5112419490000001,0.0,0.06,0.0,0.0
0.513210287,0.01,0.0,0.0,0.01
0.5141063450000001,0.0,0.0,0.0,0.0
0.515214551,0.0,0.0,0.0,0.01
0.516091753,0.0,0.0,0.0,0.0
0.5172201200000001,0.0,0.0,0.02,0.01
0.51811699,0.0,0.02,0.0,0.02
0.5192157860000001,0.0,0.0,0.0,0.01
0.5201155270000001,0.0,0.0,0.0,0.0
0.5212161160000001,0.0,0.01,0.0,0.0
0.522206009,0.02,0.01,0.0,0.0
0.5233943040000001,0.0,0.0,0.01,0.01
0.5240878990000001,0.0,0.01,0.0,0.0
0.525250159,0.0,0.0,0.0,0.0
0.527285608,0.0,0.0,0.0,0.0
0.528122561,0.01,0.04,0.05,0.05
0.529132312,0.0,0.0,0.0,0.0
0.530240841,0.0,0.0,0.01,0.0
0.5311117790000001,0.0,0.01,0.0,0.0
0.532094328,0.0,0.0,0.0,0.01
0.533176424,0.02,0.01,0.01,0.0
0.5341199520000001,0.0,0.0,0.01,0.0
0.535215043,0.0,0.0,0.0,0.0
0.536110278,0.0,0.0,0.0,0.01
0.5372398890000001,0.0,0.0,0.0,0.0
0.5381178360000001,0.0,0.01,0.0,0.01
0.539358831,0.0,0.0,0.0,0.0
0.540088808,0.01,0.01,0.0,0.0
0.5412775940000001,0.0,0.01,0.01,0.0
0.543138762,0.04,0.0,0.01,0.0
0.5441265660000001,0.0,0.01,0.0,0.0
0.545231667,0.0,0.01,0.01,0.0
0.546123781,0.0,0.0,0.0,0.0
0.54724287,0.01,0.0,0.0,0.01
0.548056157,0.0,0.0,0.0,0.0
0.54921861,0.09,0.01,0.0,0.0
0.550189111,0.0,0.0,0.0,0.0
0.551241761,0.0,0.0,0.0,0.0
0.5521366240000001,0.01,0.0,0.0,0.0
0.553221117,0.0,0.0,0.0,0.01
0.554213293,0.0,0.01,0.0,0.0
0.555235915,0.0,0.01,0.0,0.0
0.557217171,0.01,0.0,0.0,0.0
0.5581063110000001,0.0,0.0,0.01,0.0
0.559093877,0.01,0.0,0.02,0.01
0.560209862,0.01,0.02,0.0,0.06
0.561199589,0.0,0.01,0.0,0.0
0.5622085840000001,0.01,0.01,0.0,0.0
0.563203702,0.0,0.01,0.0,0.0
0.564243896,0.0,0.0,0.0,0.01
0.565116173,0.01,0.0,0.01,0.04
0.566109164,0.01,0.01,0.01,0.01
0.5671431650000001,0.0,0.01,0.01,0.0
0.568127927,0.0,0.04,0.01,0.01
0.569134864,0.03,0.03,0.02,0.01
0.570201084,0.0,0.0,0.03,0.0
0.571078826,0.01,0.02,0.01,0.01
0.573138083,0.0,0.0,0.0,0.0
0.5741068140000001,0.0,0.01,0.0,0.0
0.5751009770000001,0.0,0.0,0.0,0.0
0.576091706,0.0,0.02,0.0,0.0
0.577210401,0.04,0.01,0.0,0.0
0.578063962,0.0,0.0,0.0,0.0
0.579160566,0.0,0.0,0.0,0.0
0.580122569,0.0,0.02,0.0,0.0
0.5811027080000001,0.0,0.02,0.01,0.0
0.582212354,0.0,0.01,0.01,0.01
0.583103951,0.0,0.0,0.01,0.0
0.584098495,0.0,0.0,0.0,0.0
0.585210409,0.0,0.0,0.0,0.0
0.586130308,0.0,0.01,0.0,0.0
0.587247743,0.0,0.0,0.0,0.0
0.58920037,0.0,0.02,0.05,0.11
0.590103985,0.0,0.0,0.0,0.0
0.591131154,0.01,0.01,0.0,0.0
0.592214593,0.0,0.0,0.0,0.0
0.5931105630000001,0.0,0.0,0.0,0.0
0.594215752,0.07,0.03,0.0,0.01
0.5951069280000001,0.0,0.0,0.0,0.0
0.5962408130000001,0.01,0.01,0.0,0.0
0.597110382,0.0,0.01,0.01,0.0
0.598209863,0.0,0.0,0.01,0.0
0.59910776,0.01,0.01,0.0,0.01
0.6002090440000001,0.01,0.0,0.0,0.0
0.601111076,0.0,0.0,0.01,0.0
0.6022472090000001,0.0,0.0,0.0,0.01
0.604166247,0.01,0.0,0.0,0.01
0.6050968160000001,0.0,0.05,0.01,0.0
0.606103837,0.0,0.0,0.01,0.0
0.6070965180000001,0.01,0.0,0.01,0.0
0.60821059,0.0,0.0,0.0,0.0
0.6091067720000001,0.0,0.0,0.0,0.0
0.610101223,0.0,0.0,0.0,0.0
0.611101902,0.01,0.01,0.06,0.0
0.612211865,0.01,0.02,0.0,0.0
0.6130703120000001,0.0,0.0,0.01,0.0
0.614217674,0.0,0.0,0.0,0.0
0.615110637,0.0,0.01,0.0,0.0
0.61723112,0.0,0.0,0.0,0.0
0.6181111880000001,0.0,0.0,0.0,0.0
0.619249359,0.0,0.0,0.0,0.0
0.6201395740000001,0.0,0.0,0.0,0.0
0.6211180500000001,0.02,0.0,0.01,0.0
0.622160668,0.0,0.0,0.0,0.04
0.6231622760000001,0.0,0.01,0.0,0.0
0.624106803,0.03,0.02,0.01,0.0
0.625209333,0.0,0.0,0.01,0.0
0.626111599,0.02,0.01,0.0,0.0
0.627350878,0.0,0.0,0.0,0.0
0.6281094580000001,0.0,0.0,0.01,0.01
0.629115858,0.0,0.0,0.0,0.0
0.6302422590000001,0.0,0.01,0.0,0.0
0.6311308720000001,0.0,0.01,0.0,0.0
0.632236119,0.0,0.0,0.0,0.01
0.6341776610000001,0.0,0.0,0.0,0.0
0.635215928,0.0,0.03,0.0,0.01
0.6363072390000001,0.0,0.0,0.01,0.0
0.6371078400000001,0.0,0.0,0.0,0.0
0.6382035220000001,0.0,0.01,0.01,0.0
0.6392028780000001,0.01,0.01,0.0,0.0
0.640259075,0.0,0.0,0.0,0.0
0.641217126,0.0,0.0,0.0,0.0
0.642216353,0.0,0.0,0.0,0.02
0.643223742,0.01,0.01,0.0,0.0
0.6442130060000001,0.01,0.0,0.0,0.03
0.645221147,0.0,0.0,0.01,0.0
0.646226535,0.0,0.0,0.0,0.0
0.6482107530000001,0.01,0.0,0.0,0.0
0.649211765,0.0,0.0,0.0,0.0
0.65021635,0.0,0.0,0.0,0.01
0.651198175,0.0,0.0,0.0,0.01
0.6523551080000001,0.0,0.02,0.0,0.01
0.653109782,0.0,0.0,0.0,0.0
0.6542294510000001,0.0,0.01,0.02,0.0
0.655102806,0.0,0.0,0.0,0.0
0.656172634,0.04,0.01,0.0,0.0
0.657133135,0.0,0.01,0.0,0.0
0.659119694,0.01,0.0,0.0,0.0
0.660100973,0.01,0.01,0.0,0.0
0.661082226,0.0,0.0,0.0,0.0
0.662105998,0.02,0.0,0.0,0.0
0.663223923,0.0,0.02,0.01,0.0
0.6641135880000001,0.0,0.0,0.0,0.0
0.665202547,0.0,0.0,0.0,0.01
0.6661113660000001,0.01,0.0,0.0,0.0
0.6672230370000001,0.0,0.01,0.0,0.0
0.668105888,0.0,0.01,0.0,0.0
0.6692210390000001,0.0,0.0,0.0,0.0
0.6702136790000001,0.0,0.0,0.0,0.0
0.671211847,0.0,0.01,0.0,0.0
0.6722045640000001,0.0,0.01,0.0,0.05
0.673225784,0.0,0.0,0.0,0.0
0.674210677,0.0,0.0,0.0,0.0
0.6752060550000001,0.0,0.0,0.0,0.01
0.676204915,0.0,0.0,0.0,0.0
0.6772234650000001,0.0,0.0,0.0,0.0
0.6782253450000001,0.0,0.0,0.0,0.01
0.6802289290000001,0.0,0.0,0.01,0.0
0.681123907,0.0,0.0,0.0,0.0
0.682215758,0.0,0.01,0.0,0.01
0.683315474,0.03,0.0,0.01,0.0
0.684104075,0.11,0.07,0.0,0.0
0.685153306,0.02,0.0,0.01,0.0
0.6862092790000001,0.0,0.0,0.01,0.01
0.687216416,0.0,0.0,0.0,0.0
0.688105203,0.0,0.01,0.01,0.0
0.689212892,0.0,0.0,0.03,0.02
0.6902615980000001,0.0,0.0,0.0,0.01
0.691106646,0.01,0.0,0.0,0.0
0.692109698,0.04,0.02,0.0,0.0
0.693214679,0.0,0.04,0.01,0.0
0.6952116260000001,0.0,0.0,0.0,0.01
0.6963180600000001,0.0,0.01,0.0,0.01
0.6971106140000001,0.0,0.0,0.0,0.0
0.6982083330000001,0.0,0.0,0.0,0.0
0.699253153,0.0,0.0,0.0,0.01
0.700110678,0.01,0.0,0.0,0.01
0.701205434,0.01,0.01,0.0,0.01
0.702126707,0.0,0.04,0.0,0.01
0.703216499,0.01,0.0,0.0,0.01
0.704220727,0.0,0.0,0.0,0.01
0.705200724,0.0,0.03,0.01,0.01
0.706105765,0.0,0.0,0.0,0.01
0.707207895,0.0,0.0,0.0,0.0
0.7082103750000001,0.0,0.0,0.0,0.0
0.7092069590000001,0.0,0.0,0.0,0.0
0.7112031430000001,0.0,0.0,0.0,0.0
0.712199247,0.0,0.0,0.02,0.0
0.71319904,0.0,0.0,0.0,0.01
0.7142755230000001,0.0,0.0,0.0,0.0
0.71515843,0.0,0.0,0.0,0.02
0.716119465,0.0,0.05,0.1,0.01
0.717112941,0.0,0.0,0.01,0.0
0.7182145200000001,0.0,0.0,0.01,0.0
0.719108207,0.01,0.01,0.0,0.0
0.720213467,0.0,0.0,0.01,0.0
0.721205465,0.0,0.0,0.01,0.0
0.7222108850000001,0.0,0.0,0.0,0.0
0.723206635,0.0,0.0,0.0,0.0
0.7242219900000001,0.0,0.01,0.0,0.0
0.726210593,0.01,0.01,0.0,0.0
0.7272057710000001,0.0,0.0,0.0,0.0
0.728207554,0.0,0.0,0.02,0.01
0.7291068350000001,0.0,0.01,0.0,0.0
0.730212258,0.0,0.0,0.0,0.0
0.731229015,0.0,0.0,0.0,0.03
0.7321066030000001,0.0,0.0,0.0,0.0
0.733214078,0.04,0.0,0.0,0.0
0.734215056,0.0,0.0,0.0,0.01
0.735364443,0.0,0.0,0.0,0.0
0.736115771,0.01,0.01,0.01,0.0
0.737208598,0.0,0.0,0.0,0.0
0.738238465,0.01,0.0,0.0,0.0
0.7392070340000001,0.01,0.01,0.0,0.0
0.7402057790000001,0.01,0.01,0.0,0.0
0.7421979430000001,0.01,0.0,0.0,0.0
0.743206684,0.03,0.0,0.0,0.0
0.744325089,0.0,0.0,0.01,0.01
0.7450649380000001,0.0,0.0,0.0,0.01
0.7461581810000001,0.0,0.01,0.0,0.01
0.747244812,0.01,0.0,0.0,0.0
0.7480813230000001,0.1,0.0,0.01,0.0
0.749224683,0.0,0.0,0.02,0.0
0.7501146240000001,0.0,0.01,0.0,0.01
0.7512046990000001,0.0,0.0,0.0,0.0
0.752218316,0.0,0.01,0.01,0.0
0.753428781,0.01,0.01,0.0,0.0
0.7553311070000001,0.0,0.01,0.01,0.0
0.756064649,0.0,0.01,0.04,0.04
0.757210562,0.0,0.01,0.0,0.0
0.758111093,0.0,0.0,0.0,0.0
0.759213264,0.03,0.0,0.0,0.0
0.760107092,0.01,0.0,0.0,0.0
0.761196387,0.0,0.0,0.0,0.0
0.762206291,0.0,0.01,0.01,0.02
0.7632597980000001,0.0,0.01,0.0,0.0
0.7641253250000001,0.0,0.01,0.0,0.0
0.7652097010000001,0.0,0.0,0.01,0.0
0.7662071500000001,0.0,0.0,0.01,0.0
0.767213121,0.0,0.0,0.02,0.03
0.7682565870000001,0.0,0.0,0.0,0.0
0.769243389,0.0,0.0,0.01,0.0
0.770219478,0.0,0.0,0.0,0.0
0.77221198,0.0,0.01,0.0,0.0
0.7731155660000001,0.04,0.01,0.0,0.01
0.7741284810000001,0.01,0.0,0.0,0.01
0.7752183260000001,0.0,0.01,0.0,0.0
0.7761073420000001,0.0,0.01,0.0,0.0
0.777233107,0.0,0.0,0.0,0.01
0.778119518,0.0,0.01,0.0,0.01
0.779214937,0.0,0.0,0.01,0.0
0.7802048570000001,0.01,0.02,0.0,0.01
0.781266184,0.0,0.0,0.01,0.0
0.782072458,0.04,0.0,0.0,0.0
0.783237791,0.0,0.0,0.01,0.0
0.7852138630000001,0.0,0.0,0.0,0.0
0.7861038290000001,0.0,0.01,0.0,0.0
0.787216303,0.01,0.0,0.0,0.0
0.788105401,0.0,0.0,0.01,0.01
0.789211034,0.0,0.0,0.0,0.0
0.790215879,0.0,0.01,0.01,0.0
0.791207811,0.02,0.01,0.01,0.0
0.7921982630000001,0.0,0.0,0.0,0.0
0.793214709,0.01,0.0,0.0,0.0
0.794210356,0.0,0.0,0.0,0.0
0.7952355510000001,0.0,0.01,0.0,0.0
0.7960638980000001,0.01,0.0,0.0,0.0
0.7972167520000001,0.0,0.0,0.0,0.0
0.798245096,0.01,0.0,0.0,0.01
0.7992772210000001,0.0,0.0,0.0,0.0
0.801200243,0.0,0.0,0.0,0.01
0.8022113710000001,0.0,0.01,0.0,0.01
0.8032145230000001,0.0,0.0,0.01,0.01
0.804371362,0.0,0.01,0.0,0.01
0.8051092660000001,0.01,0.0,0.0,0.01
0.8063103330000001,0.01,0.0,0.0,0.0
0.807174876,0.0,0.0,0.0,0.02
0.808322575,0.0,0.0,0.0,0.01
0.809107016,0.03,0.0,0.0,0.0
0.8102203640000001,0.0,0.01,0.0,0.02
0.8111237480000001,0.0,0.0,0.02,0.0
0.8122068720000001,0.0,0.03,0.0,0.01
0.813233579,0.0,0.02,0.0,0.0
0.8152034690000001,0.01,0.0,0.04,0.0
0.8162116530000001,0.0,0.01,0.0,0.0
0.8172027390000001,0.0,0.0,0.0,0.0
0.8182062050000001,0.0,0.0,0.0,0.0
0.819220618,0.0,0.02,0.01,0.0
0.820219331,0.01,0.01,0.0,0.0
0.8212065500000001,0.0,0.0,0.0,0.0
0.82220778,0.0,0.0,0.0,0.0
0.8232028530000001,0.01,0.0,0.0,0.0
0.8242066320000001,0.0,0.01,0.0,0.01
0.8252033780000001,0.0,0.0,0.0,0.01
0.826212716,0.0,0.0,0.0,0.0
0.8272068260000001,0.0,0.0,0.0,0.0
0.8282184920000001,0.0,0.0,0.01,0.0
0.829230083,0.0,0.0,0.0,0.0
0.8302422570000001,0.0,0.0,0.0,0.0
0.8322112920000001,0.0,0.0,0.01,0.02
0.833108437,0.0,0.01,0.0,0.0
0.8342200540000001,0.01,0.02,0.0,0.0
0.835216802,0.0,0.01,0.0,0.0
0.836227053,0.0,0.0,0.0,0.0
0.83720665,0.0,0.0,0.0,0.0
0.838132662,0.01,0.0,0.0,0.0
0.83941027,0.0,0.0,0.02,0.05
0.840071929,0.0,0.0,0.0,0.0
0.841255862,0.01,0.0,0.0,0.0
0.8421262740000001,0.0,0.0,0.01,0.0
0.843274485,0.0,0.0,0.0,0.03
0.844117981,0.01,0.0,0.01,0.0
0.8461040740000001,0.0,0.0,0.0,0.0
0.8472063660000001,0.0,0.01,0.0,0.01
0.8481098130000001,0.0,0.0,0.0,0.02
0.849288241,0.0,0.0,0.0,0.0
0.850064401,0.04,0.01,0.0,0.02
0.8512089740000001,0.0,0.0,0.01,0.0
0.8521161920000001,0.0,0.01,0.01,0.0
0.8531963530000001,0.0,0.0,0.01,0.0
0.8540660710000001,0.0,0.02,0.01,0.0
0.8552044750000001,0.0,0.02,0.01,0.0
0.8560642780000001,0.0,0.0,0.0,0.01
0.857205026,0.0,0.0,0.01,0.0
0.8580650500000001,0.0,0.0,0.0,0.0
0.859252898,0.0,0.0,0.01,0.0
0.8612966080000001,0.0,0.0,0.01,0.0
0.8621086560000001,0.01,0.01,0.01,0.0
0.8632112550000001,0.0,0.03,0.0,0.02
0.8641082710000001,0.01,0.0,0.0,0.0
0.865202781,0.0,0.0,0.0,0.01
0.8661096330000001,0.01,0.0,0.0,0.0
0.8672078360000001,0.0,0.01,0.04,0.0
0.8680850210000001,0.0,0.0,0.01,0.02
0.86921039,0.01,0.0,0.01,0.0
0.870112992,0.0,0.01,0.0,0.0
0.8712122290000001,0.01,0.0,0.01,0.01
0.8721091740000001,0.0,0.0,0.01,0.0
0.8734985200000001,0.0,0.0,0.0,0.01
0.8751559600000001,0.0,0.01,0.03,0.0
0.8761934730000001,0.0,0.0,0.0,0.0
0.877149951,0.0,0.0,0.01,0.0
0.8782257200000001,0.0,0.01,0.0,0.0
0.8792915210000001,0.0,0.0,0.01,0.02
0.880105156,0.0,0.02,0.0,0.01
0.881203189,0.0,0.0,0.0,0.0
0.882202731,0.0,0.0,0.0,0.0
0.883198785,0.02,0.0,0.02,0.0
0.884201279,0.0,0.0,0.0,0.0
0.88521877,0.0,0.0,0.0,0.01
0.88621665,0.0,0.0,0.0,0.0
0.887206355,0.0,0.01,0.0,0.0
0.8882323560000001,0.0,0.0,0.0,0.0
0.8892186040000001,0.0,0.01,0.01,0.01
0.8902082960000001,0.01,0.01,0.0,0.04
0.8912851770000001,0.0,0.01,0.0,0.0
0.89320604,0.0,0.01,0.0,0.01
0.894106602,0.0,0.0,0.0,0.0
0.8952106400000001,0.0,0.0,0.01,0.0
0.896107309,0.0,0.01,0.0,0.0
0.8972057910000001,0.01,0.03,0.05,0.0
0.898356959,0.0,0.0,0.0,0.0
0.899064724,0.0,0.0,0.0,0.0
0.9002345310000001,0.01,0.0,0.01,0.0
0.901124354,0.0,0.0,0.0,0.01
0.90231039,0.0,0.0,0.0,0.0
0.903110614,0.0,0.0,0.0,0.0
0.9041362890000001,0.0,0.0,0.01,0.02
0.905202648,0.0,0.0,0.0,0.01
0.9072350830000001,0.0,0.0,0.0,0.0
0.908108625,0.0,0.01,0.0,0.08
0.9092065650000001,0.0,0.0,0.02,0.0
0.9102203160000001,0.0,0.01,0.0,0.0
0.911103316,0.01,0.03,0.0,0.0
0.9122111460000001,0.01,0.01,0.0,0.0
0.9132129980000001,0.0,0.0,0.0,0.0
0.914201087,0.0,0.0,0.0,0.0
0.9152073770000001,0.03,0.0,0.01,0.0
0.916198405,0.01,0.0,0.0,0.0
0.917224959,0.0,0.0,0.0,0.0
0.9182089400000001,0.0,0.0,0.01,0.02
0.919210131,0.01,0.01,0.0,0.01
0.920217625,0.01,0.0,0.0,0.01
0.921204078,0.0,0.0,0.0,0.0
0.923228492,0.01,0.0,0.01,0.0
0.924064893,0.05,0.03,0.0,0.0
0.9252097420000001,0.0,0.01,0.01,0.0
0.926337379,0.0,0.0,0.0,0.0
0.927110426,0.0,0.0,0.0,0.0
0.9282094890000001,0.0,0.0,0.0,0.02
0.929210622,0.0,0.0,0.0,0.0
0.9302091450000001,0.0,0.0,0.01,0.0
0.931255892,0.0,0.01,0.03,0.0
0.9321375770000001,0.0,0.01,0.0,0.01
0.9332894730000001,0.0,0.0,0.0,0.01
0.934126047,0.0,0.0,0.0,0.0
0.9352035510000001,0.0,0.0,0.0,0.0
0.936210504,0.0,0.0,0.0,0.0
0.9372161010000001,0.0,0.0,0.0,0.0
0.9392459110000001,0.0,0.0,0.0,0.0
0.94012678,0.0,0.0,0.0,0.0
0.941201864,0.0,0.0,0.0,0.02
0.942212884,0.0,0.01,0.0,0.01
0.9432065140000001,0.0,0.0,0.0,0.0
0.9442001600000001,0.02,0.0,0.0,0.0
0.945203891,0.0,0.0,0.0,0.0
0.9462190030000001,0.0,0.0,0.01,0.0
0.9472019140000001,0.0,0.0,0.0,0.0
0.948214384,0.0,0.11,0.05,0.03
0.949205944,0.01,0.01,0.0,0.0
0.9502015560000001,0.01,0.0,0.0,0.0
0.9512004380000001,0.0,0.01,0.02,0.01
0.952211066,0.0,0.0,0.0,0.0
0.954202619,0.01,0.01,0.0,0.0
0.95522441,0.02,0.0,0.02,0.0
0.956200636,0.01,0.0,0.01,0.0
0.9572019580000001,0.0,0.0,0.0,0.0
0.958203836,0.0,0.02,0.06,0.0
0.9592050010000001,0.0,0.0,0.0,0.0
0.960204181,0.01,0.01,0.0,0.0
0.9612266880000001,0.0,0.0,0.0,0.0
0.9622164070000001,0.0,0.0,0.01,0.01
0.9631098830000001,0.0,0.0,0.0,0.0
0.9641173650000001,0.0,0.0,0.03,0.0
0.965256065,0.01,0.0,0.01,0.01
0.966278951,0.0,0.0,0.0,0.02
0.9682095610000001,0.0,0.0,0.0,0.0
0.969112096,0.04,0.02,0.0,0.0
0.9702096060000001,0.0,0.0,0.01,0.0
0.9712733,0.0,0.01,0.02,0.0
0.972070065,0.05,0.0,0.0,0.01
0.97320344,0.02,0.05,0.0,0.0
0.974217557,0.0,0.01,0.01,0.0
0.975210321,0.0,0.01,0.01,0.0
0.97630156,0.0,0.0,0.01,0.0
0.9771079300000001,0.0,0.0,0.01,0.0
0.9782149170000001,0.01,0.01,0.02,0.12
0.979105502,0.0,0.0,0.0,0.0
0.980214058,0.0,0.01,0.0,0.0
0.9812176610000001,0.0,0.0,0.0,0.0
0.983205336,0.0,0.0,0.0,0.0
0.984109364,0.01,0.0,0.0,0.0
0.985205062,0.0,0.0,0.01,0.0
0.986109726,0.0,0.0,0.03,0.01
0.987365629,0.0,0.0,0.0,0.01
0.9881005500000001,0.0,0.0,0.01,0.0
0.9892869510000001,0.0,0.0,0.0,0.01
0.9901088640000001,0.0,0.0,0.01,0.02
0.991206416,0.02,0.04,0.05,0.05
0.992221659,0.01,0.0,0.0,0.0
0.9932220770000001,0.0,0.0,0.0,0.0
0.9942298340000001,0.0,0.0,0.0,0.01
0.995216827,0.0,0.01,0.0,0.0
0.997207586,0.01,0.0,0.0,0.01
0.9982621770000001,0.0,0.0,0.0,0.0
0.999175597,0.0,0.0,0.01,0.0
1.0001336,0.0,0.0,0.01,0.0
1.0012088160000001,0.0,0.01,0.0,0.0
1.0021188890000001,0.0,0.0,0.03,0.0
1.003281864,0.01,0.01,0.0,0.02
1.0040682300000001,0.01,0.0,0.01,0.05
1.005207953,0.02,0.0,0.0,0.0
1.0061131300000001,0.0,0.0,0.0,0.0
1.007212323,0.0,0.0,0.01,0.0
1.0082110960000001,0.05,0.01,0.0,0.0
1.009229097,0.0,0.0,0.0,0.0
1.0112134640000001,0.01,0.04,0.0,0.0
1.012115649,0.04,0.0,0.0,0.0
1.013139257,0.0,0.01,0.0,0.0
1.0142109320000001,0.0,0.0,0.0,0.03
1.015112715,0.01,0.0,0.01,0.0
1.016202394,0.0,0.0,0.0,0.01
1.0172089880000001,0.0,0.03,0.0,0.0
1.01821248,0.0,0.0,0.0,0.0
1.019314388,0.0,0.0,0.0,0.0
1.0200641240000001,0.0,0.01,0.0,0.0
1.0211055180000002,0.0,0.0,0.0,0.0
1.022208555,0.01,0.0,0.0,0.0
1.023213932,0.0,0.0,0.0,0.01
1.024306731,0.0,0.0,0.0,0.0
1.0251611040000002,0.0,0.0,0.0,0.0
1.026282866,0.0,0.0,0.0,0.0
1.028205653,0.0,0.0,0.0,0.0
1.02912898,0.0,0.0,0.01,0.0
1.0302019550000001,0.01,0.0,0.0,0.0
1.0311075040000002,0.0,0.01,0.01,0.02
1.03212319,0.0,0.0,0.0,0.0
1.03320517,0.0,0.0,0.0,0.0
1.034106889,0.0,0.0,0.0,0.01
1.035288164,0.0,0.01,0.0,0.0
1.0360604960000002,0.0,0.0,0.0,0.0
1.0372364360000002,0.02,0.0,0.0,0.01
1.0382126900000002,0.01,0.0,0.01,0.0
1.039210025,0.0,0.0,0.0,0.0
1.040230669,0.01,0.0,0.0,0.05
1.0412117680000001,0.0,0.0,0.01,0.01
1.042211199,0.0,0.0,0.01,0.04
1.044208359,0.0,0.0,0.0,0.0
1.045208516,0.0,0.02,0.01,0.0
1.046213528,0.0,0.01,0.02,0.0
1.0472121490000001,0.0,0.0,0.0,0.01
1.0481336430000001,0.0,0.0,0.0,0.0
1.0492194970000002,0.04,0.0,0.0,0.0
1.050210227,0.0,0.0,0.0,0.0
1.05132964,0.0,0.0,0.0,0.0
1.052063435,0.0,0.0,0.01,0.0
1.053160904,0.0,0.01,0.0,0.0
1.054230299,0.01,0.01,0.0,0.0
1.055195394,0.01,0.0,0.0,0.0
1.0562924420000002,0.0,0.0,0.0,0.0
1.057154903,0.0,0.03,0.0,0.0
1.05832155,0.05,0.02,0.0,0.0
1.060213402,0.0,0.0,0.0,0.0
1.06110674,0.0,0.0,0.01,0.0
1.062305607,0.0,0.01,0.0,0.0
1.0630630920000002,0.0,0.0,0.0,0.0
1.064093114,0.0,0.0,0.0,0.0
1.0652014810000001,0.0,0.0,0.0,0.01
1.0661054060000001,0.01,0.0,0.01,0.01
1.0672595660000002,0.0,0.0,0.0,0.01
1.068112792,0.0,0.0,0.01,0.0
1.069214719,0.01,0.0,0.0,0.07
1.0702014720000002,0.0,0.0,0.01,0.0
1.071214128,0.0,0.01,0.0,0.01
1.07220577,0.01,0.0,0.0,0.0
1.0732135310000002,0.01,0.0,0.0,0.0
1.075208997,0.0,0.0,0.01,0.0
1.076209424,0.0,0.0,0.0,0.0
1.077213373,0.01,0.0,0.0,0.0
1.078394974,0.0,0.0,0.0,0.0
1.07910968,0.0,0.01,0.0,0.0
1.080213284,0.0,0.0,0.0,0.0
1.081205433,0.0,0.01,0.0,0.0
1.082225513,0.0,0.02,0.0,0.02
1.083231451,0.01,0.01,0.01,0.0
1.084211081,0.0,0.02,0.0,0.01
1.0852180070000002,0.03,0.07,0.0,0.0
1.086287457,0.0,0.0,0.0,0.0
1.088104714,0.0,0.0,0.0,0.01
1.0892302790000001,0.0,0.0,0.0,0.0
1.090117433,0.01,0.0,0.0,0.01
1.091108059,0.0,0.0,0.01,0.01
1.0922169940000002,0.0,0.0,0.01,0.01
1.0932248980000001,0.14,0.02,0.04,0.03
1.094211115,0.0,0.01,0.0,0.0
1.0952057050000001,0.0,0.03,0.0,0.01
1.096225636,0.01,0.0,0.0,0.0
1.09721041,0.0,0.0,0.01,0.0
1.098206515,0.0,0.0,0.0,0.01
1.099220647,0.0,0.0,0.0,0.0
1.10020904,0.01,0.0,0.0,0.0
1.101116428,0.0,0.0,0.0,0.0
1.102218995,0.0,0.03,0.05,0.0
1.103209609,0.0,0.0,0.0,0.0
1.105357401,0.0,0.0,0.01,0.01
1.1060621670000002,0.0,0.0,0.01,0.01
1.1072060830000001,0.0,0.0,0.01,0.01
1.108107323,0.0,0.0,0.0,0.0
1.1091968650000001,0.0,0.01,0.0,0.0
1.110210159,0.0,0.0,0.0,0.0
1.11120488,0.0,0.0,0.01,0.0
1.11221903,0.0,0.0,0.0,0.0
1.113121944,0.0,0.01,0.0,0.01
1.1142083040000001,0.0,0.01,0.0,0.0
1.115249028,0.01,0.0,0.0,0.01
1.116111118,0.0,0.0,0.01,0.01
1.117246653,0.03,0.0,0.0,0.0
1.1191450390000002,0.01,0.0,0.0,0.07
1.120213447,0.0,0.0,0.0,0.01
1.121105092,0.01,0.0,0.0,0.0
1.1222293170000002,0.01,0.0,0.0,0.01
1.123134886,0.0,0.0,0.04,0.0
1.124109005,0.0,0.03,0.12,0.01
1.125215418,0.0,0.01,0.0,0.0
1.126210192,0.01,0.0,0.01,0.0
1.127207496,0.0,0.0,0.01,0.0
1.1282054400000001,0.0,0.01,0.01,0.01
1.129163777,0.0,0.03,0.0,0.0
1.130108837,0.0,0.01,0.0,0.0
1.1312210740000002,0.01,0.0,0.0,0.04
1.133171403,0.0,0.0,0.01,0.0
1.1341077830000001,0.0,0.0,0.0,0.0
1.135116736,0.03,0.0,0.01,0.01
1.1362058430000002,0.01,0.0,0.0,0.01
1.137129038,0.01,0.11,0.0,0.02
1.138200086,0.0,0.0,0.0,0.0
1.139205414,0.0,0.0,0.01,0.0
1.14021879,0.02,0.01,0.0,0.0
1.1412011750000002,0.01,0.0,0.0,0.0
1.1422162550000001,0.01,0.02,0.0,0.0
1.1432055140000001,0.01,0.0,0.04,0.0
1.1442126380000002,0.0,0.0,0.03,0.01
1.145239095,0.0,0.0,0.0,0.0
1.146206628,0.01,0.01,0.0,0.0
1.147285412,0.0,0.0,0.0,0.0
1.148156882,0.0,0.01,0.0,0.0
1.150218052,0.0,0.01,0.0,0.01
1.151122687,0.0,0.0,0.0,0.0
1.1522073400000001,0.0,0.0,0.0,0.05
1.153205092,0.0,0.0,0.0,0.0
1.154185358,0.01,0.01,0.0,0.0
1.155119228,0.0,0.0,0.0,0.0
1.156199545,0.0,0.0,0.0,0.0
1.157214414,0.01,0.0,0.0,0.0
1.1582030170000002,0.0,0.0,0.0,0.0
1.159211267,0.0,0.01,0.0,0.0
1.160201456,0.0,0.0,0.0,0.0
1.1612142540000001,0.0,0.0,0.0,0.0
1.162244872,0.02,0.03,0.0,0.0
1.163124842,0.0,0.0,0.0,0.04
1.1651927910000002,0.0,0.0,0.0,0.0
1.166200143,0.0,0.0,0.01,0.0
1.16720185,0.0,0.01,0.0,0.01
1.1682055690000002,0.01,0.0,0.0,0.0
1.1691916800000002,0.01,0.0,0.0,0.0
1.1701910560000002,0.0,0.0,0.0,0.01
1.171203731,0.0,0.0,0.0,0.0
1.17221997,0.0,0.02,0.0,0.0
1.1732056450000001,0.0,0.0,0.0,0.0
1.174203292,0.0,0.0,0.01,0.0
1.175216633,0.0,0.0,0.0,0.01
1.176246916,0.0,0.0,0.01,0.0
1.1771431060000002,0.0,0.0,0.0,0.0
1.178230686,0.0,0.0,0.0,0.0
1.179281435,0.01,0.01,0.04,0.03
1.181269335,0.0,0.0,0.0,0.0
1.182105957,0.0,0.0,0.02,0.0
1.18314217,0.0,0.02,0.0,0.01
1.18420367,0.07,0.0,0.0,0.0
1.18521373,0.0,0.04,0.0,0.01
1.186202889,0.01,0.0,0.01,0.0
1.1872154160000001,0.0,0.0,0.0,0.0
1.1881330760000002,0.0,0.0,0.0,0.0
1.189206846,0.0,0.0,0.0,0.01
1.1902083840000002,0.0,0.0,0.0,0.0
1.191212044,0.02,0.0,0.01,0.0
1.192250142,0.0,0.01,0.0,0.0
1.1932456660000001,0.0,0.0,0.03,0.0
1.194203484,0.0,0.0,0.0,0.0
1.19621106,0.01,0.0,0.0,0.0
1.197112181,0.0,0.01,0.0,0.0
1.1982154150000002,0.0,0.0,0.0,0.0
1.199206178,0.01,0.0,0.0,0.0
1.200215199,0.0,0.0,0.01,0.0
1.2012091280000001,0.0,0.03,0.05,0.01
1.202203071,0.0,0.0,0.0,0.02
1.203209521,0.01,0.01,0.01,0.0
1.2042106620000002,0.0,0.0,0.02,0.0
1.2052147160000002,0.0,0.0,0.0,0.01
1.2062175860000002,0.0,0.0,0.0,0.0
1.207221805,0.0,0.0,0.0,0.0
1.208230976,0.0,0.0,0.0,0.01
1.20922195,0.0,0.0,0.0,0.0
1.211274231,0.01,0.0,0.0,0.0
1.212107877,0.01,0.0,0.0,0.0
1.2132103280000002,0.1,0.0,0.0,0.01
1.214150635,0.01,0.01,0.01,0.03
1.2152471390000001,0.0,0.01,0.0,0.01
1.216151859,0.0,0.0,0.01,0.0
1.217209121,0.0,0.0,0.0,0.0
1.218213353,0.0,0.01,0.01,0.0
1.2192082910000002,0.0,0.01,0.01,0.01
1.2202152590000002,0.05,0.01,0.0,0.0
1.2212101530000001,0.0,0.0,0.0,0.0
1.2221127040000002,0.0,0.0,0.0,0.0
1.223216745,0.0,0.01,0.0,0.0
1.2242240210000002,0.01,0.0,0.0,0.0
1.226105626,0.01,0.01,0.02,0.01
1.227246354,0.0,0.01,0.0,0.01
1.228120664,0.0,0.0,0.01,0.0
1.229109664,0.0,0.0,0.0,0.0
1.2302091080000002,0.03,0.0,0.0,0.02
1.2312012730000002,0.0,0.01,0.01,0.01
1.232197558,0.0,0.0,0.0,0.0
1.233222411,0.01,0.0,0.02,0.01
1.234205578,0.0,0.01,0.0,0.0
1.235215191,0.0,0.08,0.0,0.09
1.2362037510000001,0.0,0.01,0.0,0.0
1.237217148,0.0,0.0,0.0,0.01
1.238200672,0.0,0.0,0.0,0.03
1.240202569,0.0,0.0,0.0,0.0
1.241256108,0.02,0.0,0.0,0.0
1.2423735930000002,0.01,0.0,0.01,0.0
1.243301789,0.0,0.0,0.01,0.0
1.244109888,0.0,0.01,0.02,0.04
1.245210709,0.01,0.0,0.0,0.0
1.246216309,0.0,0.01,0.01,0.0
1.247202964,0.0,0.01,0.0,0.0
1.248198487,0.02,0.0,0.01,0.0
1.2491998320000002,0.04,0.0,0.03,0.0
1.250223788,0.01,0.0,0.01,0.0
1.251198907,0.0,0.0,0.01,0.0
1.25223696,0.0,0.01,0.01,0.0
1.253214561,0.01,0.0,0.0,0.0
1.255199918,0.01,0.0,0.0,0.0
1.2561046340000002,0.0,0.0,0.0,0.0
1.2572011010000002,0.01,0.0,0.0,0.0
1.25820793,0.0,0.0,0.0,0.0
1.259221968,0.0,0.0,0.0,0.0
1.260194398,0.0,0.0,0.0,0.01
1.261195995,0.0,0.01,0.0,0.0
1.2622001330000001,0.03,0.0,0.01,0.01
1.2632015920000002,0.0,0.0,0.01,0.03
1.264221419,0.0,0.01,0.02,0.0
1.265201803,0.01,0.0,0.0,0.0
1.266211666,0.0,0.0,0.0,0.01
1.267227611,0.01,0.0,0.0,0.0
1.268228728,0.0,0.0,0.0,0.0
1.270208986,0.0,0.0,0.01,0.0
1.2712167810000001,0.0,0.01,0.0,0.0
1.2720642830000002,0.0,0.0,0.02,0.0
1.273193693,0.01,0.0,0.0,0.0
1.2742955150000002,0.0,0.01,0.01,0.0
1.2750816630000001,0.01,0.0,0.0,0.01
1.27620102,0.01,0.0,0.01,0.0
1.2772043610000001,0.0,0.0,0.0,0.0
1.278210499,0.01,0.0,0.0,0.01
1.279127119,0.0,0.0,0.02,0.1
1.2802033430000002,0.0,0.01,0.0,0.0
1.281205029,0.0,0.0,0.03,0.01
1.282105065,0.01,0.0,0.0,0.0
1.283220711,0.0,0.01,0.0,0.0
1.285211163,0.0,0.0,0.0,0.0
1.286111586,0.0,0.01,0.0,0.01
1.2872044470000001,0.0,0.0,0.0,0.0
1.288193705,0.0,0.0,0.01,0.0
1.2891922500000002,0.0,0.01,0.0,0.01
1.290200266,0.0,0.01,0.0,0.0
1.291227235,0.0,0.0,0.01,0.0
1.292199488,0.0,0.0,0.01,0.0
1.293266797,0.0,0.0,0.0,0.0
1.29410205,0.01,0.0,0.0,0.0
1.295103726,0.03,0.0,0.0,0.0
1.296205767,0.0,0.0,0.0,0.02
1.2972310740000002,0.0,0.03,0.0,0.0
1.298236909,0.0,0.0,0.0,0.01
1.299221328,0.01,0.0,0.01,0.0
1.3012023970000002,0.0,0.0,0.0,0.01
1.302107431,0.0,0.0,0.0,0.0
1.303227125,0.0,0.01,0.01,0.0
1.304083024,0.0,0.0,0.0,0.01
1.305233426,0.0,0.0,0.0,0.02
1.306104501,0.0,0.0,0.0,0.0
1.3073913700000002,0.0,0.0,0.0,0.0
1.3081064420000001,0.0,0.0,0.0,0.01
1.3092169660000001,0.0,0.0,0.0,0.0
1.31011623,0.0,0.0,0.0,0.01
1.311222056,0.01,0.0,0.0,0.0
1.312296048,0.0,0.0,0.0,0.0
1.313109265,0.0,0.0,0.0,0.0
1.3142159420000001,0.02,0.0,0.0,0.0
1.316199625,0.01,0.0,0.0,0.0
1.317224436,0.0,0.0,0.01,0.0
1.3182149470000002,0.0,0.0,0.0,0.0
1.3192086120000002,0.0,0.0,0.0,0.0
1.320194925,0.0,0.0,0.0,0.0
1.3211947350000002,0.0,0.0,0.0,0.0
1.3221952220000002,0.01,0.0,0.0,0.0
1.323225888,0.03,0.0,0.0,0.0
1.324204519,0.0,0.0,0.03,0.0
1.3251932940000002,0.01,0.0,0.01,0.01
1.3262060310000001,0.0,0.0,0.0,0.0
1.327219076,0.0,0.01,0.01,0.0
1.3282451000000002,0.0,0.0,0.0,0.0
1.329225313,0.02,0.09,0.0,0.01
1.3312050080000002,0.0,0.0,0.0,0.0
1.3322024080000001,0.01,0.0,0.0,0.01
1.3332301450000001,0.01,0.0,0.0,0.03
1.334086485,0.01,0.0,0.0,0.0
1.3351785840000001,0.0,0.01,0.01,0.0
1.3362079820000001,0.0,0.0,0.0,0.0
1.337210524,0.0,0.0,0.0,0.0
1.3382067290000002,0.0,0.0,0.0,0.0
1.339295528,0.0,0.0,0.0,0.0
1.340135176,0.0,0.0,0.0,0.0
1.341134384,0.0,0.0,0.01,0.0
1.3422312140000001,0.02,0.0,0.01,0.02
1.343155429,0.0,0.0,0.0,0.01
1.34420438,0.0,0.01,0.02,0.0
1.345320139,0.01,0.0,0.0,0.03
1.347204819,0.01,0.0,0.0,0.0
1.34821896,0.01,0.0,0.0,0.0
1.349205502,0.0,0.0,0.01,0.0
1.350192273,0.0,0.0,0.0,0.01
1.3512012990000002,0.0,0.0,0.01,0.01
1.352201153,0.0,0.0,0.0,0.0
1.3532057960000001,0.0,0.0,0.0,0.0
1.354103746,0.03,0.0,0.0,0.01
1.3552206100000002,0.0,0.0,0.02,0.0
1.3561075870000001,0.0,0.02,0.0,0.01
1.3572809670000001,0.0,0.01,0.0,0.08
1.358112621,0.0,0.01,0.01,0.0
1.359230061,0.0,0.0,0.0,0.02
1.3612139810000001,0.0,0.0,0.01,0.0
1.362153602,0.0,0.0,0.0,0.01
1.363216417,0.0,0.01,0.0,0.0
1.364216531,0.0,0.01,0.02,0.0
1.365127742,0.0,0.0,0.0,0.02
1.366288033,0.01,0.0,0.01,0.0
1.367110279,0.0,0.0,0.0,0.0
1.368207685,0.0,0.01,0.0,0.01
1.369207936,0.0,0.0,0.01,0.01
1.3701983990000002,0.0,0.0,0.01,0.0
1.371289293,0.0,0.0,0.0,0.0
1.3721062700000002,0.02,0.01,0.02,0.0
1.3732298150000002,0.03,0.0,0.0,0.02
1.374216982,0.0,0.0,0.0,0.0
1.375208479,0.0,0.01,0.0,0.0
1.377205899,0.0,0.02,0.0,0.01
1.378205112,0.0,0.0,0.0,0.0
1.3791066250000001,0.04,0.01,0.02,0.08
1.38019895,0.0,0.0,0.0,0.0
1.3812034180000001,0.0,0.0,0.0,0.0
1.3822031970000002,0.0,0.01,0.01,0.0
1.383203624,0.0,0.0,0.01,0.0
1.384210603,0.01,0.0,0.0,0.0
1.385205276,0.01,0.01,0.0,0.0
1.3862028940000002,0.0,0.01,0.0,0.0
1.387254385,0.0,0.0,0.0,0.0
1.388125129,0.02,0.01,0.0,0.0
1.3892157250000001,0.0,0.01,0.0,0.0
1.390212856,0.0,0.01,0.0,0.02
1.3921960830000002,0.0,0.0,0.0,0.01
1.393205661,0.0,0.01,0.0,0.0
1.394199991,0.0,0.01,0.0,0.0
1.3952316150000001,0.01,0.0,0.0,0.0
1.3962046320000001,0.01,0.0,0.0,0.02
1.3972108710000002,0.02,0.0,0.01,0.0
1.398349212,0.0,0.0,0.0,0.0
1.3991007100000001,0.0,0.0,0.0,0.0
1.4001995070000002,0.0,0.0,0.0,0.0
1.401207936,0.0,0.0,0.0,0.0
1.402203823,0.0,0.0,0.01,0.0
1.403265704,0.0,0.01,0.0,0.0
1.40520803,0.0,0.01,0.0,0.0
1.4061055150000001,0.03,0.0,0.02,0.0
1.407204345,0.02,0.01,0.0,0.0
1.408210406,0.01,0.0,0.0,0.01
1.4091988770000001,0.0,0.0,0.01,0.01
1.410211149,0.02,0.0,0.0,0.0
1.4111986380000001,0.0,0.03,0.0,0.0
1.41220853,0.0,0.0,0.0,0.01
1.413205668,0.0,0.0,0.06,0.08
1.4141975910000002,0.0,0.0,0.0,0.03
1.415199842,0.0,0.0,0.01,0.0
1.41620944,0.01,0.0,0.0,0.02
1.417201927,0.0,0.0,0.0,0.0
1.418235708,0.01,0.0,0.0,0.0
1.419250302,0.0,0.0,0.0,0.0
1.4212114960000002,0.0,0.0,0.0,0.01
1.4221088700000002,0.0,0.0,0.0,0.0
1.4231232580000002,0.06,0.0,0.0,0.0
1.424208332,0.01,0.01,0.0,0.0
1.425253061,0.0,0.01,0.01,0.0
1.4261198830000001,0.02,0.0,0.0,0.0
1.427286225,0.0,0.0,0.0,0.0
1.428106326,0.0,0.0,0.0,0.0
1.429214524,0.0,0.0,0.0,0.0
1.430108787,0.01,0.0,0.0,0.0
1.4312492620000001,0.02,0.0,0.01,0.0
1.4322899130000002,0.0,0.0,0.01,0.02
1.4330625080000001,0.0,0.0,0.0,0.0
1.434217687,0.0,0.0,0.0,0.0
1.4352455050000001,0.0,0.01,0.0,0.0
1.43626325,0.0,0.01,0.0,0.0
1.438332624,0.0,0.0,0.0,0.0
1.4391051830000001,0.01,0.0,0.01,0.01
1.440238834,0.0,0.0,0.02,0.0
1.44110372,0.0,0.03,0.03,0.0
1.442204217,0.0,0.0,0.0,0.0
1.443194018,0.0,0.0,0.0,0.0
1.444200863,0.0,0.01,0.0,0.0
1.445244677,0.0,0.0,0.0,0.0
1.4460668840000002,0.0,0.01,0.0,0.0
1.4472173300000002,0.0,0.01,0.03,0.01
1.448231942,0.0,0.01,0.02,0.0
1.449231774,0.0,0.0,0.0,0.0
1.4501974420000001,0.0,0.0,0.01,0.01
1.451235657,0.0,0.01,0.01,0.12
1.453389579,0.0,0.0,0.01,0.0
1.454111568,0.0,0.0,0.0,0.02
1.45521363,0.0,0.0,0.0,0.0
1.456217228,0.01,0.01,0.0,0.0
1.457209702,0.0,0.01,0.07,0.0
1.458281163,0.0,0.0,0.0,0.01
1.459125102,0.01,0.0,0.0,0.0
1.460064363,0.0,0.0,0.01,0.0
1.461263173,0.0,0.0,0.01,0.0
1.462123869,0.0,0.01,0.0,0.0
1.463158366,0.0,0.0,0.0,0.0
1.4642215520000001,0.02,0.03,0.0,0.01
1.465214107,0.0,0.01,0.0,0.0
1.4662196740000002,0.0,0.0,0.0,0.0
1.467323793,0.04,0.0,0.04,0.06
1.4692098640000002,0.0,0.01,0.0,0.0
1.470153706,0.0,0.0,0.0,0.01
1.471211081,0.0,0.0,0.01,0.0
1.4722033330000002,0.0,0.03,0.01,0.01
1.4732173800000001,0.05,0.0,0.0,0.0
1.474209518,0.0,0.01,0.0,0.0
1.475205606,0.0,0.0,0.0,0.01
1.4762114270000002,0.01,0.0,0.0,0.0
1.47720847,0.0,0.0,0.0,0.0
1.4782016850000002,0.0,0.0,0.0,0.0
1.479236127,0.0,0.0,0.01,0.0
1.4802420410000001,0.0,0.0,0.0,0.0
1.4821979710000002,0.0,0.01,0.0,0.0
1.4832321480000001,0.0,0.0,0.0,0.0
1.484202631,0.01,0.01,0.03,0.0
1.485207635,0.0,0.02,0.01,0.0
1.486200296,0.0,0.0,0.0,0.0
1.487203912,0.01,0.0,0.01,0.0
1.4882482810000002,0.0,0.0,0.01,0.0
1.4890943620000001,0.0,0.01,0.01,0.01
1.490156921,0.0,0.0,0.0,0.03
1.491082201,0.0,0.0,0.01,0.01
1.492207236,0.0,0.01,0.0,0.01
1.4931039720000001,0.0,0.0,0.01,0.0
1.494230242,0.01,0.01,0.0,0.0
1.495104776,0.0,0.0,0.01,0.02
1.4961362470000001,0.02,0.0,0.0,0.01
1.498119768,0.0,0.0,0.0,0.0
1.499139068,0.01,0.0,0.0,0.0
1.5002002190000001,0.0,0.0,0.03,0.0
1.501122571,0.01,0.0,0.03,0.02
1.502211011,0.0,0.0,0.04,0.0
1.503105834,0.0,0.02,0.0,0.0
1.504107695,0.0,0.01,0.0,0.0
1.5052045760000001,0.0,0.0,0.0,0.0
1.506181663,0.04,0.0,0.0,0.0
1.5072098440000001,0.0,0.01,0.01,0.0
1.508111919,0.0,0.0,0.0,0.0
1.509202905,0.0,0.0,0.0,0.0
1.5102400100000002,0.01,0.0,0.01,0.0
1.51110041,0.0,0.0,0.0,0.0
1.512207203,0.0,0.01,0.01,0.0
1.514212061,0.01,0.0,0.0,0.01
1.515225389,0.0,0.0,0.0,0.0
1.516196979,0.0,0.0,0.01,0.0
1.5172019190000001,0.0,0.0,0.01,0.0
1.5182050120000001,0.0,0.0,0.0,0.0
1.5191573630000001,0.0,0.05,0.07,0.0
1.5202103100000002,0.0,0.0,0.0,0.0
1.5210604550000002,0.0,0.0,0.0,0.0
1.522212874,0.01,0.0,0.01,0.0
1.523305195,0.01,0.01,0.0,0.01
1.524121735,0.01,0.0,0.0,0.0
1.5252208770000002,0.0,0.0,0.01,0.0
1.526107691,0.0,0.0,0.02,0.01
1.5282027960000002,0.0,0.0,0.01,0.0
1.529216434,0.0,0.0,0.01,0.0
1.5302070490000002,0.0,0.0,0.0,0.0
1.531094924,0.0,0.0,0.01,0.0
1.532221343,0.0,0.02,0.01,0.0
1.533109593,0.0,0.03,0.0,0.0
1.53420694,0.0,0.0,0.02,0.0
1.535209805,0.02,0.0,0.0,0.0
1.5361970470000001,0.0,0.05,0.0,0.0
1.537208139,0.0,0.01,0.0,0.01
1.538211492,0.0,0.0,0.02,0.01
1.5392077160000002,0.0,0.01,0.0,0.0
1.540213654,0.0,0.0,0.0,0.03
1.5411533510000002,0.0,0.0,0.0,0.0
1.542204729,0.0,0.0,0.0,0.01
1.544138256,0.01,0.0,0.0,0.0
1.5451991440000001,0.0,0.0,0.0,0.0
1.546202424,0.0,0.0,0.0,0.0
1.547097232,0.0,0.0,0.0,0.01
1.548287777,0.0,0.0,0.0,0.0
1.54906315,0.0,0.0,0.0,0.0
1.550304785,0.0,0.01,0.0,0.0
1.551118229,0.0,0.01,0.01,0.0
1.5521253220000002,0.0,0.01,0.02,0.09
1.553106977,0.0,0.0,0.0,0.0
1.5542200560000001,0.01,0.01,0.0,0.0
1.5551090250000001,0.0,0.03,0.0,0.0
1.556299319,0.01,0.0,0.0,0.0
1.558262508,0.0,0.0,0.01,0.01
1.559123902,0.0,0.0,0.0,0.0
1.5600973870000001,0.0,0.0,0.0,0.0
1.561209732,0.01,0.01,0.0,0.01
1.562059644,0.0,0.0,0.0,0.0
1.5632355230000001,0.01,0.0,0.0,0.01
1.5641075670000002,0.0,0.0,0.0,0.0
1.565251176,0.0,0.01,0.0,0.01
1.566113807,0.02,0.0,0.0,0.0
1.5671543810000002,0.0,0.01,0.0,0.0
1.5682040990000001,0.01,0.03,0.0,0.02
1.5691031290000002,0.0,0.0,0.0,0.0
1.57022458,0.0,0.01,0.01,0.0
1.571149708,0.0,0.0,0.0,0.05
1.57220373,0.0,0.0,0.01,0.0
1.574202153,0.0,0.0,0.01,0.01
1.575202102,0.0,0.0,0.0,0.0
1.57620091,0.0,0.01,0.0,0.0
1.5772220410000002,0.01,0.01,0.01,0.0
1.578211647,0.0,0.0,0.0,0.0
1.579210508,0.0,0.01,0.0,0.01
1.580205257,0.0,0.0,0.0,0.0
1.5814586890000002,0.0,0.02,0.02,0.01
1.582082599,0.0,0.0,0.03,0.0
1.583274421,0.0,0.0,0.0,0.01
1.5841643740000002,0.0,0.0,0.0,0.0
1.5851364190000001,0.08,0.01,0.02,0.0
1.5861455160000002,0.0,0.01,0.0,0.0
1.587282292,0.0,0.0,0.0,0.0
1.589235715,0.0,0.0,0.01,0.0
1.590104498,0.0,0.0,0.01,0.0
1.5912008880000001,0.03,0.0,0.0,0.0
1.5921137140000001,0.01,0.0,0.01,0.0
1.593216712,0.0,0.0,0.01,0.01
1.5941074970000002,0.01,0.0,0.0,0.0
1.59521442,0.01,0.01,0.01,0.0
1.596085946,0.0,0.0,0.0,0.01
1.5972222450000002,0.0,0.0,0.01,0.0
1.598108568,0.0,0.0,0.0,0.01
1.599224082,0.0,0.0,0.0,0.01
1.600108678,0.0,0.03,0.0,0.0
1.6012682550000001,0.0,0.0,0.01,0.0
1.603214131,0.02,0.0,0.02,0.01
1.604112918,0.01,0.0,0.0,0.01
1.6050976460000002,0.0,0.0,0.0,0.0
1.606209562,0.0,0.0,0.02,0.01
1.607114033,0.01,0.01,0.0,0.0
1.60809968,0.0,0.0,0.01,0.0
1.609213121,0.01,0.01,0.0,0.0
1.610062762,0.0,0.0,0.0,0.0
1.611211632,0.0,0.0,0.0,0.01
1.612247443,0.0,0.0,0.01,0.0
1.6131578880000002,0.0,0.01,0.0,0.0
1.614226933,0.01,0.0,0.0,0.0
1.615103073,0.01,0.02,0.0,0.03
1.616399877,0.0,0.0,0.01,0.02
1.6181990890000002,0.01,0.0,0.0,0.0
1.619208192,0.0,0.0,0.0,0.0
1.620209717,0.0,0.0,0.0,0.01
1.6212120890000001,0.01,0.01,0.0,0.0
1.622200533,0.0,0.01,0.0,0.01
1.623205507,0.0,0.0,0.0,0.01
1.6240591070000001,0.02,0.02,0.0,0.0
1.6252162970000001,0.0,0.02,0.0,0.0
1.626204938,0.01,0.0,0.0,0.0
1.6272542380000001,0.0,0.01,0.0,0.0
1.628101998,0.0,0.0,0.0,0.0
1.6291457530000002,0.04,0.02,0.0,0.0
1.630208974,0.0,0.01,0.0,0.0
1.6312473600000001,0.01,0.0,0.0,0.0
1.632277913,0.0,0.0,0.01,0.04
1.634211007,0.01,0.0,0.0,0.0
1.6351056220000002,0.01,0.01,0.0,0.0
1.636205547,0.03,0.02,0.01,0.0
1.6372047,0.0,0.0,0.0,0.0
1.638208845,0.0,0.0,0.0,0.0
1.6392236390000001,0.01,0.0,0.0,0.01
1.64021305,0.01,0.0,0.0,0.0
1.6412119710000002,0.0,0.0,0.02,0.0
1.6422134860000002,0.0,0.0,0.0,0.02
1.6432959950000001,0.0,0.0,0.0,0.0
1.644088231,0.03,0.01,0.01,0.0
1.645234848,0.0,0.01,0.01,0.0
1.6460657170000002,0.0,0.02,0.0,0.0
1.647204491,0.0,0.0,0.01,0.0
1.6492697280000002,0.0,0.01,0.0,0.0
1.6500631700000001,0.0,0.0,0.0,0.0
1.65122381,0.01,0.0,0.01,0.04
1.652111616,0.0,0.0,0.0,0.01
1.653219934,0.01,0.01,0.0,0.0
1.654123161,0.0,0.0,0.0,0.0
1.655206549,0.01,0.0,0.0,0.0
1.656205777,0.0,0.0,0.01,0.0
1.657106235,0.01,0.0,0.0,0.0
1.65821692,0.0,0.0,0.0,0.0
1.6592918490000002,0.0,0.0,0.0,0.0
1.6601109310000002,0.01,0.0,0.0,0.0
1.661231206,0.02,0.0,0.07,0.0
1.662206365,0.01,0.01,0.0,0.0
1.6642073730000002,0.0,0.0,0.0,0.0
1.665222669,0.0,0.0,0.0,0.0
1.666210597,0.0,0.02,0.01,0.0
1.667201449,0.0,0.01,0.0,0.0
1.668206064,0.0,0.01,0.08,0.05
1.6692051140000002,0.0,0.0,0.0,0.0
1.670211633,0.0,0.0,0.0,0.0
1.671215683,0.01,0.01,0.0,0.0
1.6722149960000001,0.0,0.0,0.0,0.0
1.673212149,0.0,0.0,0.0,0.0
1.6743563410000002,0.02,0.0,0.0,0.0
1.675080294,0.0,0.0,0.0,0.0
1.6762849510000002,0.01,0.0,0.0,0.0
1.677164891,0.01,0.0,0.01,0.0
1.678323704,0.01,0.01,0.0,0.0
1.6801958380000002,0.0,0.0,0.0,0.02
1.681105078,0.0,0.0,0.0,0.0
1.682201292,0.0,0.0,0.0,0.0
1.683216561,0.0,0.0,0.0,0.0
1.6842103640000001,0.0,0.0,0.01,0.0
1.685144492,0.0,0.03,0.0,0.06
1.6862118560000001,0.0,0.02,0.0,0.01
1.6871122740000002,0.0,0.01,0.0,0.0
1.6882021440000001,0.0,0.0,0.0,0.01
1.6892218760000002,0.0,0.01,0.0,0.01
1.690204991,0.0,0.0,0.01,0.0
1.691260027,0.01,0.0,0.0,0.01
1.6932149730000001,0.0,0.0,0.0,0.01
1.6940726750000001,0.01,0.0,0.01,0.01
1.6952155580000001,0.07,0.02,0.03,0.02
1.696110271,0.0,0.0,0.0,0.0
1.697211523,0.0,0.0,0.0,0.04
1.698212846,0.01,0.01,0.0,0.01
1.6992177590000002,0.01,0.0,0.0,0.0
1.700209633,0.0,0.01,0.0,0.01
1.7012144530000002,0.08,0.0,0.0,0.0
1.7022172500000001,0.0,0.0,0.0,0.0
1.703207938,0.03,0.0,0.01,0.0
1.7042116200000001,0.0,0.0,0.01,0.0
1.7052285280000001,0.0,0.0,0.01,0.01
1.706241383,0.0,0.0,0.0,0.0
1.707313271,0.0,0.01,0.0,0.0
1.709215283,0.01,0.01,0.0,0.0
1.710104391,0.0,0.0,0.0,0.0
1.7112108560000001,0.01,0.0,0.01,0.0
1.712278342,0.0,0.01,0.0,0.01
1.713107645,0.01,0.0,0.0,0.0
1.71419906,0.0,0.0,0.0,0.01
1.715110546,0.0,0.0,0.0,0.0
1.7162047440000001,0.01,0.0,0.0,0.0
1.717104803,0.0,0.0,0.0,0.0
1.718202183,0.0,0.01,0.0,0.01
1.719104538,0.0,0.0,0.01,0.0
1.720207668,0.0,0.0,0.01,0.0
1.721117148,0.0,0.0,0.0,0.0
1.7232485030000002,0.01,0.0,0.02,0.0
1.724109796,0.02,0.0,0.06,0.07
1.7250966550000002,0.0,0.0,0.03,0.01
1.726165232,0.01,0.01,0.0,0.0
1.7271052480000002,0.0,0.0,0.0,0.0
1.728206249,0.08,0.03,0.0,0.0
1.729096465,0.0,0.0,0.01,0.01
1.730214804,0.0,0.01,0.03,0.0
1.7311139670000002,0.01,0.0,0.01,0.0
1.7322169600000001,0.0,0.01,0.0,0.01
1.7331255470000002,0.0,0.0,0.0,0.02
1.734212499,0.0,0.0,0.0,0.01
1.7350637370000002,0.0,0.0,0.0,0.01
1.736249541,0.0,0.0,0.0,0.0
1.737112156,0.0,0.01,0.0,0.0
1.738214753,0.0,0.0,0.01,0.0
1.740355727,0.05,0.08,0.0,0.0
1.7411137110000001,0.01,0.0,0.01,0.0
1.7422017580000002,0.0,0.0,0.03,0.02
1.7431099970000001,0.01,0.0,0.0,0.0
1.744209055,0.01,0.0,0.0,0.01
1.7452144,0.01,0.05,0.01,0.0
1.746216379,0.0,0.01,0.0,0.01
1.7472006820000001,0.01,0.02,0.0,0.01
1.748211701,0.0,0.0,0.0,0.0
1.7492214540000002,0.01,0.0,0.0,0.01
1.7502086790000002,0.01,0.0,0.02,0.0
1.751241609,0.0,0.0,0.0,0.0
1.7522220880000001,0.0,0.0,0.0,0.0
1.754224017,0.0,0.0,0.01,0.0
1.7551303440000001,0.0,0.0,0.0,0.01
1.756314383,0.0,0.0,0.01,0.0
1.7571053520000002,0.0,0.01,0.0,0.0
1.7582103800000002,0.0,0.01,0.01,0.0
1.759109602,0.0,0.0,0.0,0.0
1.7602128940000001,0.0,0.01,0.01,0.0
1.7611125330000001,0.0,0.0,0.0,0.0
1.7622095070000001,0.02,0.0,0.05,0.0
1.763104103,0.0,0.0,0.01,0.0
1.7642060190000002,0.0,0.0,0.0,0.01
1.765110825,0.0,0.0,0.01,0.0
1.766227132,0.0,0.01,0.01,0.0
1.7672582190000001,0.01,0.01,0.0,0.01
1.7681998280000002,0.0,0.0,0.0,0.0
1.770209087,0.04,0.0,0.0,0.04
1.7712350790000002,0.02,0.01,0.0,0.0
1.772342265,0.0,0.01,0.0,0.05
1.7731522370000001,0.02,0.05,0.01,0.0
1.7742069960000002,0.0,0.0,0.0,0.01
1.7751246440000001,0.0,0.0,0.02,0.0
1.7762297370000002,0.0,0.0,0.01,0.01
1.7771074480000002,0.0,0.02,0.01,0.0
1.77820879,0.0,0.0,0.0,0.0
1.779117776,0.01,0.0,0.0,0.0
1.7802077470000002,0.03,0.02,0.01,0.01
1.781128284,0.0,0.01,0.0,0.0
1.782125014,0.0,0.0,0.0,0.01
1.7842042610000002,0.0,0.01,0.0,0.0
1.78510385,0.0,0.01,0.0,0.0
1.7862012,0.0,0.0,0.01,0.0
1.787069865,0.0,0.0,0.0,0.0
1.7880584920000002,0.0,0.0,0.0,0.0
1.7890980390000002,0.04,0.0,0.01,0.0
1.7900931610000002,0.0,0.0,0.0,0.05
1.791096024,0.0,0.01,0.0,0.01
1.792218408,0.0,0.0,0.0,0.0
1.793109878,0.0,0.01,0.0,0.0
1.794211529,0.0,0.0,0.0,0.0
1.795105203,0.01,0.01,0.01,0.0
1.796212412,0.0,0.01,0.0,0.0
1.797228867,0.0,0.0,0.0,0.0
1.7981424560000001,0.0,0.0,0.0,0.0
1.7992750300000002,0.0,0.0,0.03,0.0
1.801183809,0.01,0.0,0.01,0.0
1.802112479,0.0,0.01,0.01,0.0
1.803218669,0.0,0.01,0.01,0.0
1.8040964590000002,0.0,0.0,0.0,0.0
1.805231406,0.0,0.0,0.01,0.03
1.806107114,0.03,0.02,0.0,0.0
1.8071070740000001,0.0,0.03,0.01,0.04
1.808335314,0.01,0.02,0.0,0.01
1.80910492,0.0,0.0,0.0,0.0
1.8102129120000001,0.0,0.0,0.0,0.0
1.811219657,0.0,0.0,0.0,0.03
1.812216897,0.0,0.0,0.01,0.0
1.813239658,0.0,0.0,0.0,0.0
1.8152098010000002,0.0,0.01,0.0,0.0
1.81610643,0.01,0.0,0.0,0.0
1.8172077350000002,0.0,0.0,0.01,0.0
1.818105523,0.0,0.01,0.0,0.0
1.819156997,0.0,0.0,0.01,0.0
1.820214677,0.05,0.03,0.0,0.0
1.8212660170000001,0.01,0.0,0.02,0.0
1.8221236490000001,0.0,0.02,0.0,0.02
1.823366167,0.0,0.0,0.0,0.0
1.824110606,0.0,0.0,0.0,0.0
1.8251349840000002,0.0,0.0,0.0,0.01
1.826209291,0.01,0.01,0.01,0.01
1.8272282340000001,0.01,0.0,0.03,0.07
1.828238363,0.0,0.0,0.0,0.0
1.83019712,0.0,0.01,0.0,0.0
1.83118467,0.0,0.0,0.0,0.01
1.8322693030000001,0.0,0.0,0.0,0.0
1.8331063390000002,0.01,0.0,0.0,0.01
1.8342173730000002,0.0,0.01,0.0,0.01
1.8351312810000002,0.0,0.0,0.0,0.0
1.8362018100000002,0.0,0.0,0.01,0.04
1.8371273860000001,0.0,0.01,0.0,0.01
1.838200834,0.0,0.0,0.0,0.0
1.8391180130000002,0.0,0.01,0.0,0.04
1.840236197,0.0,0.0,0.0,0.0
1.8411180470000001,0.0,0.0,0.0,0.01
1.842219921,0.0,0.0,0.0,0.0
1.843217614,0.0,0.0,0.0,0.0
1.844231119,0.0,0.0,0.0,0.01
1.8462084470000002,0.01,0.0,0.0,0.0
1.8471071140000002,0.0,0.01,0.0,0.01
1.84820442,0.0,0.0,0.0,0.0
1.849203017,0.0,0.0,0.0,0.0
1.850230993,0.0,0.0,0.01,0.0
1.851116632,0.01,0.0,0.0,0.0
1.852153197,0.0,0.0,0.0,0.01
1.853281535,0.05,0.01,0.03,0.0
1.854106132,0.0,0.0,0.0,0.0
1.8552075940000001,0.0,0.0,0.0,0.0
1.8562026680000001,0.0,0.0,0.0,0.0
1.8572176260000002,0.0,0.0,0.02,0.0
1.858237608,0.0,0.01,0.0,0.0
1.859108025,0.06,0.0,0.0,0.01
1.8604023760000001,0.01,0.0,0.0,0.01
1.8622136640000002,0.01,0.0,0.0,0.0
1.8631071810000002,0.0,0.01,0.0,0.0
1.864205021,0.02,0.0,0.0,0.0
1.8652576550000002,0.0,0.0,0.0,0.01
1.866138383,0.0,0.0,0.0,0.01
1.867340642,0.01,0.01,0.0,0.01
1.868093382,0.06,0.02,0.1,0.05
1.869201847,0.01,0.01,0.0,0.0
1.870127313,0.0,0.0,0.0,0.0
1.871230492,0.0,0.0,0.0,0.0
1.8721011140000001,0.0,0.0,0.01,0.0
1.8731777630000002,0.0,0.0,0.03,0.01
1.874105992,0.0,0.02,0.03,0.07
1.8762007010000001,0.01,0.01,0.0,0.0
1.8771028680000001,0.0,0.0,0.0,0.0
1.8781070500000001,0.0,0.0,0.0,0.0
1.8790892010000002,0.0,0.01,0.0,0.0
1.880096004,0.01,0.0,0.01,0.0
1.881211906,0.01,0.0,0.0,0.0
1.8821105470000001,0.0,0.0,0.0,0.0
1.883120952,0.0,0.01,0.01,0.0
1.8842191160000001,0.0,0.01,0.0,0.0
1.8851077930000002,0.0,0.01,0.0,0.0
1.8862141760000002,0.0,0.02,0.0,0.0
1.8871090190000002,0.01,0.0,0.01,0.01
1.8882447560000002,0.0,0.01,0.02,0.0
1.889121422,0.0,0.0,0.0,0.01
1.891352758,0.02,0.02,0.0,0.01
1.8921624510000001,0.03,0.0,0.0,0.03
1.89310401,0.0,0.0,0.0,0.01
1.894101298,0.0,0.0,0.0,0.0
1.8950956650000002,0.02,0.0,0.01,0.03
1.8961979770000001,0.0,0.01,0.02,0.0
1.897106471,0.0,0.0,0.01,0.0
1.8982234750000002,0.0,0.0,0.0,0.0
1.8991663460000001,0.0,0.02,0.0,0.01
1.9001149080000002,0.01,0.0,0.01,0.0
1.901109243,0.01,0.0,0.0,0.01
1.9022062240000002,0.0,0.01,0.0,0.0
1.903115415,0.0,0.0,0.01,0.0
1.9042115350000002,0.0,0.0,0.0,0.08
1.9062039810000002,0.0,0.0,0.0,0.0
1.9071074410000002,0.0,0.01,0.0,0.02
1.908210304,0.0,0.01,0.0,0.0
1.909107209,0.0,0.01,0.0,0.0
1.9102172240000002,0.0,0.0,0.0,0.0
1.9111060970000002,0.0,0.01,0.0,0.0
1.9122056950000001,0.0,0.0,0.0,0.0
1.9131133480000002,0.03,0.0,0.01,0.0
1.9142225290000001,0.0,0.0,0.0,0.0
1.9151173810000002,0.0,0.01,0.0,0.01
1.9162097640000002,0.0,0.0,0.0,0.01
1.91710639,0.01,0.01,0.01,0.0
1.9182137910000001,0.0,0.0,0.0,0.0
1.9202180770000001,0.01,0.01,0.0,0.0
1.9211062550000002,0.0,0.0,0.0,0.0
1.9223522960000001,0.0,0.0,0.03,0.01
1.92306601,0.03,0.0,0.01,0.0
1.9242313620000002,0.0,0.0,0.0,0.0
1.925136173,0.0,0.01,0.0,0.0
1.9262181790000001,0.0,0.02,0.02,0.0
1.9271065470000002,0.01,0.01,0.0,0.01
1.928337643,0.0,0.0,0.01,0.0
1.929118812,0.0,0.0,0.02,0.01
1.930218404,0.0,0.0,0.0,0.0
1.9312515550000002,0.01,0.01,0.0,0.0
1.9320892760000001,0.01,0.01,0.01,0.01
1.933204643,0.0,0.0,0.0,0.0
1.9341082310000002,0.0,0.0,0.0,0.01
1.9352186960000002,0.0,0.01,0.0,0.01
1.9371742840000001,0.0,0.01,0.0,0.0
1.938213248,0.01,0.0,0.0,0.0
1.939202515,0.0,0.0,0.0,0.01
1.940201336,0.05,0.01,0.0,0.0
1.9411582490000001,0.01,0.0,0.01,0.0
1.942115886,0.01,0.0,0.0,0.0
1.9432110150000002,0.0,0.0,0.0,0.0
1.944114083,0.0,0.0,0.0,0.0
1.9452225010000002,0.0,0.0,0.0,0.0
1.946109263,0.0,0.0,0.0,0.01
1.9472387500000001,0.0,0.0,0.0,0.0
1.948079257,0.0,0.0,0.0,0.0
1.949227757,0.01,0.0,0.0,0.0
1.951213037,0.02,0.05,0.02,0.0
1.952071673,0.0,0.01,0.0,0.0
1.9531244060000001,0.0,0.01,0.0,0.0
1.9542230710000001,0.0,0.0,0.0,0.01
1.955137192,0.0,0.02,0.0,0.0
1.9561197520000002,0.01,0.0,0.0,0.0
1.957244438,0.03,0.0,0.0,0.0
1.95810879,0.0,0.0,0.0,0.0
1.9591928710000002,0.0,0.0,0.0,0.0
1.9602055710000001,0.0,0.0,0.0,0.0
1.9611180380000002,0.0,0.0,0.0,0.01
1.962205221,0.01,0.0,0.0,0.0
1.9631371260000001,0.0,0.0,0.0,0.0
1.9651927260000002,0.02,0.0,0.0,0.0
1.966107779,0.0,0.0,0.02,0.0
1.967209554,0.0,0.0,0.0,0.02
1.9681096450000002,0.0,0.0,0.0,0.0
1.969196903,0.0,0.0,0.01,0.0
1.9701128730000002,0.0,0.01,0.0,0.0
1.9712111360000002,0.0,0.01,0.0,0.0
1.9721450640000002,0.03,0.0,0.02,0.01
1.9731155770000002,0.0,0.02,0.02,0.04
1.9741015650000002,0.0,0.01,0.0,0.0
1.975209157,0.0,0.0,0.0,0.0
1.976106847,0.0,0.0,0.02,0.0
1.977211405,0.01,0.0,0.0,0.0
1.9780638490000002,0.0,0.0,0.0,0.0
1.9792725610000002,0.01,0.0,0.0,0.01
1.981208257,0.0,0.0,0.0,0.01
1.9821056940000001,0.0,0.03,0.0,0.02
1.9832055650000002,0.0,0.01,0.0,0.0
1.9842348900000002,0.01,0.01,0.04,0.03
1.9851598600000002,0.01,0.0,0.01,0.0
1.986206434,0.0,0.0,0.01,0.0
1.987108558,0.0,0.0,0.0,0.0
1.9882088260000002,0.01,0.0,0.0,0.0
1.9891198810000001,0.0,0.0,0.01,0.0
1.990217359,0.0,0.0,0.01,0.0
1.9910632430000001,0.01,0.0,0.0,0.0
1.9922784160000002,0.01,0.01,0.0,0.01
1.993118823,0.0,0.0,0.0,0.0
1.9942489280000002,0.0,0.0,0.0,0.0
1.995158747,0.01,0.01,0.01,0.0
1.9972025480000002,0.0,0.0,0.0,0.0
1.998196885,0.0,0.0,0.0,0.0
1.999212157,0.0,0.01,0.01,0.0
2.0002057200000003,0.0,0.0,0.0,0.04
2.0012034460000003,0.0,0.01,0.0,0.0
2.002209309,0.02,0.01,0.0,0.0
2.0032166360000003,0.0,0.01,0.0,0.01
2.0042038570000003,0.01,0.0,0.01,0.0
2.005203407,0.0,0.0,0.01,0.0
2.006240001,0.0,0.0,0.01,0.01
2.007208936,0.0,0.0,0.0,0.01
2.008162866,0.0,0.0,0.0,0.0
2.009214451,0.01,0.01,0.0,0.0
2.01121734,0.0,0.0,0.0,0.0
2.012107953,0.05,0.09,0.06,0.0
2.01320554,0.0,0.02,0.01,0.01
2.014062399,0.0,0.0,0.0,0.0
2.015272939,0.0,0.0,0.0,0.0
2.016120387,0.0,0.0,0.0,0.01
2.017236945,0.0,0.0,0.01,0.01
2.018106243,0.0,0.0,0.0,0.04
2.019207869,0.0,0.0,0.0,0.0
2.020205887,0.0,0.02,0.0,0.0
2.0212117750000003,0.0,0.0,0.0,0.0
2.0222144820000003,0.01,0.0,0.0,0.0
2.0230662500000003,0.0,0.0,0.0,0.01
2.02422871,0.0,0.01,0.0,0.0
2.025104681,0.0,0.0,0.0,0.0
2.026210042,0.02,0.0,0.01,0.0
2.028122528,0.0,0.11,0.0,0.0
2.029199433,0.02,0.0,0.0,0.0
2.030107413,0.0,0.0,0.0,0.02
2.0312405890000003,0.01,0.0,0.0,0.0
2.03211331,0.0,0.0,0.0,0.0
2.03320875,0.03,0.06,0.03,0.05
2.034117378,0.0,0.0,0.0,0.01
2.03536681,0.0,0.0,0.0,0.0
2.036062342,0.0,0.0,0.02,0.0
2.0371410070000002,0.0,0.0,0.0,0.0
2.038206364,0.0,0.0,0.0,0.0
2.039118576,0.0,0.01,0.0,0.0
2.040255783,0.0,0.01,0.01,0.0
2.04220814,0.01,0.0,0.01,0.01
2.043129899,0.0,0.0,0.0,0.03
2.044135019,0.0,0.0,0.0,0.0
2.0450625700000002,0.0,0.01,0.02,0.02
2.0464027760000003,0.01,0.0,0.0,0.0
2.047077678,0.0,0.0,0.0,0.0
2.048358405,0.0,0.01,0.0,0.01
2.04907055,0.0,0.0,0.01,0.0
2.050227192,0.0,0.0,0.01,0.0
2.051107324,0.11,0.05,0.0,0.02
2.052199184,0.0,0.0,0.0,0.0
2.05319002,0.0,0.0,0.01,0.0
2.0541739270000003,0.0,0.0,0.0,0.0
2.055234548,0.01,0.0,0.02,0.0
2.0562276450000003,0.0,0.0,0.0,0.0
2.0582101870000002,0.0,0.0,0.0,0.0
2.059277904,0.0,0.0,0.0,0.01
2.0600933610000003,0.0,0.01,0.0,0.01
2.06119896,0.01,0.0,0.02,0.01
2.062153227,0.01,0.0,0.0,0.02
2.0632367250000003,0.0,0.0,0.02,0.0
2.064085022,0.01,0.01,0.0,0.0
2.065104195,0.0,0.0,0.01,0.0
2.066122139,0.0,0.0,0.0,0.0
2.067101735,0.0,0.0,0.02,0.0
2.068099456,0.02,0.11,0.0,0.09
2.0692469300000003,0.0,0.01,0.0,0.0
2.0701770660000003,0.0,0.01,0.0,0.0
2.072346847,0.0,0.0,0.01,0.01
2.0730629190000003,0.0,0.0,0.01,0.0
2.0741170700000002,0.0,0.0,0.0,0.0
2.0751250150000002,0.01,0.01,0.0,0.0
2.076103359,0.0,0.0,0.0,0.0
2.077343173,0.0,0.0,0.0,0.0
2.0781166620000002,0.0,0.01,0.04,0.02
2.079168551,0.0,0.0,0.01,0.0
2.0801074070000003,0.0,0.01,0.0,0.0
2.0813466160000003,0.0,0.01,0.0,0.0
2.082064893,0.0,0.0,0.0,0.0
2.083209385,0.0,0.01,0.0,0.0
2.0841070470000003,0.08,0.01,0.0,0.0
2.0852338550000002,0.0,0.0,0.01,0.01
2.087107451,0.02,0.0,0.01,0.0
2.088060058,0.0,0.02,0.0,0.0
2.0891008230000003,0.01,0.0,0.0,0.01
2.090093554,0.0,0.0,0.0,0.01
2.091272527,0.0,0.0,0.0,0.0
2.09206182,0.0,0.0,0.0,0.01
2.0930989810000002,0.01,0.0,0.0,0.0
2.0940976360000003,0.04,0.0,0.0,0.01
2.095210588,0.0,0.0,0.0,0.01
2.0961208680000003,0.0,0.0,0.0,0.0
2.097099447,0.0,0.0,0.0,0.0
2.098209626,0.0,0.0,0.0,0.0
2.09906169,0.01,0.0,0.0,0.0
2.100241764,0.0,0.02,0.0,0.0
2.101124311,0.0,0.0,0.0,0.0
2.103288976,0.02,0.01,0.01,0.0
2.104097233,0.0,0.0,0.01,0.01
2.105220371,0.0,0.01,0.01,0.0
2.1061054550000002,0.0,0.0,0.0,0.0
2.1072319680000002,0.0,0.0,0.0,0.0
2.108127838,0.0,0.0,0.0,0.0
2.1092104640000002,0.0,0.0,0.0,0.01
2.110128006,0.0,0.02,0.0,0.0
2.1112137580000003,0.01,0.0,0.01,0.01
2.1121349090000003,0.0,0.0,0.0,0.01
2.11326058,0.0,0.0,0.0,0.0
2.11406991,0.01,0.01,0.01,0.01
2.115315415,0.0,0.0,0.0,0.0
2.117201402,0.0,0.0,0.0,0.0
2.1182133910000003,0.0,0.01,0.0,0.0
2.11920405,0.0,0.01,0.0,0.0
2.1202009630000003,0.01,0.0,0.0,0.01
2.1211120880000003,0.0,0.0,0.0,0.0
2.122312622,0.02,0.0,0.0,0.0
2.123126514,0.0,0.0,0.0,0.0
2.124332946,0.0,0.01,0.0,0.0
2.1251055510000003,0.0,0.01,0.0,0.0
2.126133196,0.0,0.01,0.0,0.0
2.12721151,0.01,0.01,0.06,0.01
2.128204819,0.0,0.0,0.0,0.02
2.1292201680000002,0.0,0.0,0.0,0.01
2.130219981,0.0,0.0,0.01,0.0
2.131244585,0.0,0.01,0.01,0.01
2.13321015,0.0,0.01,0.01,0.0
2.134205419,0.0,0.01,0.0,0.0
2.13520658,0.01,0.01,0.0,0.0
2.136220719,0.0,0.0,0.01,0.0
2.1372156280000003,0.0,0.0,0.01,0.0
2.1382047600000003,0.0,0.0,0.0,0.01
2.139235528,0.0,0.0,0.0,0.0
2.140093321,0.0,0.0,0.0,0.0
2.141104747,0.0,0.0,0.01,0.0
2.142186341,0.01,0.0,0.0,0.0
2.1431027,0.0,0.0,0.0,0.0
2.14420607,0.01,0.0,0.02,0.0
2.14520832,0.01,0.0,0.01,0.0
2.1462473340000003,0.01,0.0,0.01,0.0
2.147203939,0.02,0.01,0.0,0.01
2.149139812,0.0,0.01,0.0,0.0
2.150059993,0.0,0.0,0.0,0.0
2.151213855,0.01,0.01,0.0,0.0
2.152106417,0.0,0.01,0.0,0.0
2.153213741,0.0,0.0,0.0,0.0
2.154060879,0.0,0.0,0.0,0.0
2.155118752,0.0,0.0,0.0,0.01
2.15610188,0.0,0.0,0.0,0.0
2.157204938,0.0,0.0,0.0,0.0
2.158106666,0.0,0.0,0.0,0.0
2.159217387,0.0,0.0,0.01,0.0
2.16006702,0.01,0.0,0.0,0.01
2.1612411920000003,0.02,0.02,0.0,0.03
2.163212907,0.02,0.04,0.0,0.02
2.164060621,0.0,0.01,0.0,0.01
2.165208654,0.0,0.01,0.01,0.0
2.1661066150000003,0.0,0.0,0.0,0.0
2.167197402,0.0,0.0,0.0,0.01
2.1681084680000002,0.0,0.01,0.01,0.01
2.169144252,0.0,0.0,0.0,0.0
2.170111989,0.0,0.01,0.0,0.0
2.1712582300000003,0.0,0.03,0.04,0.0
2.17206432,0.02,0.02,0.03,0.02
2.1731172080000003,0.01,0.0,0.0,0.01
2.174215727,0.0,0.01,0.0,0.0
2.175218301,0.0,0.0,0.0,0.0
2.177202577,0.0,0.0,0.0,0.0
2.178111878,0.02,0.0,0.0,0.05
2.179063499,0.0,0.0,0.04,0.02
2.18009924,0.0,0.01,0.0,0.0
2.1810984280000003,0.0,0.0,0.02,0.0
2.1821003290000003,0.0,0.0,0.0,0.0
2.1832118780000003,0.0,0.0,0.0,0.0
2.184061374,0.0,0.0,0.01,0.0
2.18520827,0.0,0.0,0.01,0.01
2.1861321840000003,0.0,0.0,0.0,0.01
2.187085294,0.0,0.0,0.0,0.01
2.188218887,0.02,0.04,0.0,0.0
2.189061246,0.02,0.01,0.0,0.0
2.191222003,0.0,0.0,0.0,0.0
2.192061273,0.01,0.0,0.01,0.0
2.193211337,0.0,0.0,0.01,0.0
2.194089912,0.0,0.0,0.0,0.0
2.195207452,0.0,0.0,0.0,0.0
2.196106281,0.0,0.0,0.01,0.0
2.197100152,0.0,0.0,0.0,0.0
2.1981007480000003,0.0,0.0,0.0,0.0
2.199245656,0.0,0.0,0.0,0.0
2.2001098480000003,0.0,0.0,0.0,0.0
2.201110865,0.0,0.01,0.0,0.0
2.202204868,0.0,0.0,0.01,0.0
2.203076884,0.0,0.0,0.0,0.0
2.204217008,0.0,0.0,0.0,0.01
2.20510696,0.02,0.06,0.03,0.01
2.2061348620000003,0.0,0.0,0.0,0.02
2.208213384,0.01,0.0,0.0,0.0
2.209103809,0.0,0.02,0.0,0.0
2.2102042720000004,0.01,0.01,0.02,0.0
2.2111068360000004,0.01,0.01,0.01,0.0
2.212174884,0.0,0.02,0.13,0.0
2.2132169040000003,0.02,0.0,0.0,0.0
2.2141068,0.01,0.01,0.0,0.0
2.2153295870000003,0.03,0.0,0.0,0.0
2.216062094,0.0,0.0,0.0,0.0
2.2172804900000003,0.0,0.0,0.0,0.0
2.2181030290000003,0.0,0.0,0.0,0.0
2.219239515,0.0,0.0,0.0,0.0
2.220104613,0.0,0.01,0.0,0.0
2.2212343310000002,0.0,0.01,0.01,0.0
2.222223935,0.0,0.01,0.07,0.0
2.223223995,0.02,0.0,0.0,0.01
2.225215652,0.0,0.01,0.0,0.0
2.226212146,0.0,0.0,0.01,0.0
2.227208977,0.0,0.0,0.0,0.01
2.228206846,0.0,0.0,0.0,0.0
2.229220261,0.0,0.0,0.0,0.1
2.2302014270000003,0.0,0.0,0.0,0.0
2.2312040140000002,0.0,0.0,0.01,0.01
2.2321273440000002,0.0,0.02,0.01,0.02
2.233113433,0.0,0.0,0.0,0.0
2.234121962,0.0,0.0,0.0,0.01
2.235130348,0.0,0.01,0.0,0.01
2.236237106,0.0,0.01,0.02,0.0
2.2382140390000003,0.0,0.0,0.0,0.0
2.2391025040000003,0.0,0.03,0.04,0.0
2.240202591,0.0,0.0,0.0,0.0
2.2410605830000003,0.0,0.0,0.01,0.0
2.2422095840000003,0.0,0.0,0.0,0.0
2.243110524,0.0,0.0,0.0,0.01
2.2442030390000003,0.01,0.0,0.0,0.0
2.245103158,0.0,0.0,0.0,0.0
2.246214851,0.01,0.01,0.0,0.0
2.247110064,0.0,0.01,0.0,0.0
2.2482268850000002,0.0,0.01,0.0,0.0
2.249113758,0.0,0.01,0.01,0.01
2.250215731,0.02,0.0,0.0,0.0
2.251137199,0.0,0.0,0.01,0.0
2.252177863,0.0,0.0,0.0,0.0
2.254202431,0.0,0.0,0.0,0.01
2.255110783,0.04,0.02,0.05,0.0
2.256110828,0.0,0.01,0.0,0.0
2.2571062,0.01,0.01,0.0,0.0
2.258216407,0.0,0.0,0.0,0.01
2.2591110640000003,0.0,0.0,0.0,0.01
2.2602114440000003,0.01,0.0,0.0,0.0
2.261083945,0.0,0.01,0.0,0.0
2.2622045770000003,0.0,0.0,0.01,0.0
2.2630924390000002,0.0,0.0,0.0,0.04
2.264221805,0.0,0.0,0.0,0.0
2.2651329280000003,0.0,0.01,0.0,0.0
2.266237171,0.0,0.0,0.0,0.0
2.267126212,0.0,0.0,0.0,0.0
2.268205034,0.0,0.0,0.01,0.0
2.270197961,0.0,0.0,0.0,0.0
2.2711694170000003,0.04,0.0,0.01,0.0
2.2721103570000003,0.0,0.0,0.03,0.0
2.273214106,0.0,0.0,0.0,0.0
2.274120361,0.0,0.01,0.0,0.0
2.275203866,0.0,0.0,0.0,0.03
2.27610525,0.01,0.01,0.01,0.01
2.2772354160000003,0.0,0.0,0.0,0.01
2.278116072,0.0,0.0,0.0,0.0
2.279208584,0.0,0.0,0.0,0.0
2.2801081670000003,0.0,0.01,0.0,0.0
2.2812207420000004,0.0,0.0,0.0,0.0
2.2821124960000003,0.0,0.0,0.0,0.01
2.2832121990000003,0.0,0.01,0.04,0.04
2.2851984510000003,0.0,0.0,0.0,0.0
2.286201331,0.0,0.0,0.0,0.0
2.287063283,0.01,0.01,0.0,0.0
2.288213614,0.0,0.0,0.01,0.0
2.289105986,0.04,0.0,0.0,0.0
2.2901794740000003,0.02,0.0,0.02,0.0
2.291229108,0.01,0.0,0.03,0.0
2.2921350520000003,0.01,0.0,0.02,0.01
2.2932061640000003,0.0,0.01,0.0,0.01
2.2940934310000003,0.0,0.0,0.0,0.0
2.2952218330000003,0.0,0.0,0.0,0.02
2.2961054510000003,0.01,0.01,0.0,0.01
2.2972345610000002,0.0,0.0,0.0,0.01
2.2992882640000003,0.0,0.0,0.0,0.0
2.300123564,0.01,0.0,0.01,0.0
2.3012180680000003,0.0,0.0,0.0,0.0
2.30210404,0.0,0.0,0.0,0.01
2.303220086,0.0,0.01,0.0,0.0
2.304103011,0.0,0.01,0.0,0.01
2.305137606,0.01,0.0,0.0,0.01
2.306199978,0.05,0.06,0.01,0.03
2.3071029800000002,0.0,0.0,0.01,0.01
2.3082120720000003,0.01,0.0,0.0,0.0
2.3091142550000003,0.0,0.0,0.0,0.0
2.3102026700000002,0.0,0.0,0.01,0.0
2.311106772,0.0,0.0,0.0,0.0
2.312128682,0.0,0.0,0.0,0.02
2.314228957,0.0,0.01,0.0,0.0
2.315128833,0.0,0.0,0.03,0.0
2.316104869,0.15,0.0,0.0,0.0
2.317234724,0.01,0.0,0.01,0.0
2.318132731,0.0,0.01,0.0,0.0
2.3192020810000002,0.0,0.0,0.01,0.0
2.320059334,0.0,0.0,0.01,0.0
2.321215886,0.0,0.02,0.0,0.01
2.322062103,0.0,0.0,0.0,0.0
2.323203124,0.0,0.0,0.01,0.0
2.3240614560000004,0.01,0.0,0.0,0.0
2.325181128,0.0,0.0,0.0,0.0
2.3261073100000003,0.0,0.01,0.01,0.0
2.3271579620000002,0.03,0.0,0.0,0.0
2.3291521630000003,0.01,0.01,0.0,0.0
2.330109798,0.0,0.0,0.0,0.0
2.331100857,0.0,0.01,0.01,0.01
2.332106321,0.01,0.01,0.01,0.0
2.333212633,0.02,0.01,0.0,0.0
2.334107217,0.01,0.01,0.0,0.0
2.335211074,0.0,0.0,0.0,0.01
2.33618207,0.0,0.02,0.01,0.0
2.337141553,0.0,0.0,0.01,0.01
2.338217008,0.0,0.0,0.0,0.0
2.339062859,0.03,0.0,0.01,0.0
2.3402338090000003,0.0,0.01,0.0,0.01
2.341120692,0.0,0.0,0.0,0.0
2.342105532,0.0,0.0,0.0,0.0
2.343212362,0.0,0.01,0.0,0.04
2.345212095,0.0,0.0,0.02,0.0
2.3461073320000003,0.01,0.01,0.0,0.0
2.347099923,0.0,0.01,0.0,0.0
2.3480997610000003,0.0,0.0,0.0,0.0
2.3492067860000003,0.0,0.01,0.0,0.0
2.350103277,0.02,0.0,0.01,0.0
2.351218482,0.01,0.0,0.01,0.01
2.352113569,0.0,0.0,0.0,0.0
2.353220657,0.01,0.0,0.0,0.0
2.3541237170000002,0.03,0.0,0.03,0.0
2.355219108,0.0,0.0,0.01,0.0
2.3561062020000003,0.09,0.01,0.06,0.01
2.357097865,0.0,0.01,0.02,0.0
2.359102676,0.0,0.0,0.0,0.0
2.360108766,0.01,0.0,0.0,0.0
2.3610969290000003,0.01,0.01,0.0,0.0
2.3621670050000003,0.0,0.01,0.02,0.0
2.3630797620000004,0.0,0.0,0.0,0.0
2.3642128440000003,0.0,0.0,0.0,0.01
2.365105397,0.01,0.0,0.01,0.0
2.36611992,0.01,0.02,0.0,0.0
2.3672013510000003,0.0,0.0,0.0,0.0
2.368204452,0.0,0.01,0.0,0.01
2.369205043,0.0,0.0,0.01,0.0
2.3702170590000002,0.01,0.0,0.0,0.0
2.3711110850000003,0.0,0.01,0.0,0.0
2.372206873,0.0,0.0,0.0,0.01
2.374229573,0.03,0.01,0.01,0.02
2.375109798,0.0,0.0,0.0,0.0
2.376209663,0.0,0.0,0.0,0.0
2.3771042430000002,0.0,0.0,0.01,0.0
2.378212291,0.0,0.0,0.0,0.0
2.379234356,0.0,0.01,0.0,0.0
2.3800889990000003,0.0,0.0,0.01,0.01
2.381209047,0.01,0.0,0.02,0.02
2.382223,0.0,0.0,0.0,0.02
2.383200179,0.03,0.04,0.03,0.0
2.384204708,0.0,0.0,0.01,0.0
2.385110038,0.0,0.0,0.01,0.01
2.386161033,0.01,0.0,0.0,0.0
2.387136559,0.0,0.01,0.0,0.0
2.388251383,0.0,0.0,0.0,0.0
2.3901287950000003,0.0,0.0,0.0,0.0
2.3911050400000002,0.0,0.0,0.0,0.0
2.3922092150000003,0.01,0.0,0.0,0.01
2.393086722,0.0,0.0,0.0,0.0
2.3942075750000003,0.01,0.0,0.0,0.0
2.395126594,0.0,0.01,0.0,0.0
2.396216635,0.0,0.01,0.0,0.0
2.397108267,0.0,0.01,0.0,0.0
2.398174972,0.0,0.0,0.0,0.0
2.3992176830000003,0.02,0.02,0.0,0.0
2.400207898,0.0,0.0,0.01,0.06
2.4012060600000003,0.01,0.0,0.0,0.0
2.402208156,0.02,0.0,0.0,0.0
2.403216629,0.0,0.0,0.0,0.0
2.405201607,0.0,0.03,0.01,0.01
2.406202618,0.0,0.01,0.02,0.01
2.407209218,0.0,0.01,0.01,0.0
2.4082090330000003,0.0,0.01,0.0,0.0
2.409212881,0.0,0.0,0.0,0.0
2.4102030450000003,0.0,0.04,0.0,0.0
2.411215485,0.0,0.0,0.0,0.0
2.4122156180000003,0.01,0.03,0.0,0.0
2.413219165,0.02,0.02,0.01,0.01
2.4142165970000002,0.0,0.0,0.01,0.01
2.4152030150000003,0.01,0.0,0.01,0.01
2.416212678,0.0,0.0,0.0,0.01
2.4172340350000003,0.0,0.0,0.01,0.0
2.418354607,0.0,0.0,0.02,0.0
2.419152129,0.0,0.0,0.01,0.0
2.4212032470000002,0.0,0.0,0.0,0.0
2.42221651,0.0,0.0,0.0,0.0
2.423178575,0.0,0.0,0.01,0.0
2.424106976,0.0,0.01,0.0,0.0
2.425118486,0.0,0.0,0.02,0.02
2.4262176550000003,0.0,0.0,0.0,0.0
2.427186699,0.0,0.0,0.0,0.0
2.4281846440000003,0.0,0.0,0.0,0.0
2.4293444600000003,0.0,0.0,0.0,0.0
2.4301012810000002,0.0,0.01,0.0,0.06
2.431261278,0.0,0.0,0.01,0.0
2.432107313,0.0,0.0,0.01,0.0
2.4332392360000004,0.0,0.0,0.0,0.0
2.4341012010000003,0.0,0.0,0.0,0.0
2.4362293200000003,0.0,0.0,0.01,0.0
2.437256645,0.0,0.02,0.02,0.0
2.43810434,0.0,0.01,0.0,0.0
2.439199115,0.0,0.0,0.0,0.0
2.440207359,0.0,0.01,0.0,0.01
2.4412044130000004,0.0,0.0,0.0,0.0
2.4422293340000003,0.0,0.0,0.0,0.0
2.4431390090000003,0.0,0.0,0.0,0.01
2.444251882,0.0,0.01,0.0,0.01
2.445109118,0.0,0.0,0.0,0.0
2.446235167,0.0,0.0,0.0,0.0
2.447109048,0.0,0.0,0.01,0.01
2.448231373,0.0,0.0,0.0,0.0
2.44917393,0.07,0.01,0.0,0.0
2.450279865,0.0,0.0,0.0,0.02
2.452274699,0.01,0.0,0.01,0.02
2.453138109,0.01,0.0,0.01,0.03
2.4544092600000003,0.0,0.02,0.0,0.0
2.455090192,0.0,0.0,0.0,0.01
2.456211139,0.0,0.01,0.0,0.0
2.4572097530000003,0.0,0.01,0.0,0.01
2.458144388,0.0,0.0,0.0,0.0
2.4592553930000003,0.0,0.0,0.0,0.0
2.4601285660000003,0.03,0.02,0.02,0.0
2.4612131020000003,0.0,0.0,0.0,0.01
2.462235605,0.0,0.01,0.0,0.01
2.463204687,0.0,0.0,0.0,0.0
2.4642161550000004,0.0,0.0,0.01,0.0
2.465234588,0.0,0.0,0.0,0.0
2.4672038290000002,0.01,0.02,0.03,0.05
2.4681981100000003,0.01,0.0,0.01,0.01
2.4692012880000003,0.0,0.0,0.0,0.0
2.4701997390000003,0.0,0.0,0.0,0.01
2.471201337,0.0,0.01,0.0,0.0
2.4722121710000002,0.0,0.0,0.0,0.02
2.473061312,0.0,0.0,0.0,0.0
2.474203918,0.01,0.0,0.0,0.0
2.475219644,0.0,0.01,0.0,0.0
2.476252042,0.0,0.0,0.0,0.0
2.477105905,0.0,0.0,0.02,0.03
2.4782178420000003,0.0,0.0,0.0,0.0
2.479178041,0.0,0.01,0.01,0.0
2.480223246,0.0,0.0,0.0,0.01
2.4823096930000004,0.0,0.0,0.0,0.0
2.4831141960000003,0.03,0.01,0.0,0.0
2.4841095810000002,0.0,0.0,0.0,0.09
2.4852833060000004,0.0,0.02,0.0,0.0
2.486117101,0.0,0.01,0.0,0.0
2.4870928190000003,0.03,0.01,0.0,0.0
2.488105795,0.0,0.0,0.01,0.0
2.4892327240000003,0.0,0.0,0.0,0.0
2.490104602,0.01,0.0,0.0,0.03
2.4912684360000004,0.0,0.0,0.01,0.0
2.4921205260000003,0.01,0.03,0.0,0.01
2.4932113620000003,0.0,0.0,0.0,0.0
2.494109898,0.0,0.02,0.03,0.03
2.495218349,0.0,0.01,0.0,0.0
2.497208551,0.03,0.0,0.01,0.0
2.498106731,0.0,0.0,0.0,0.0
2.499212753,0.01,0.0,0.0,0.0
2.5001129,0.07,0.0,0.0,0.0
2.501212674,0.01,0.01,0.06,0.0
2.502218644,0.01,0.0,0.0,0.0
2.503215403,0.0,0.0,0.01,0.0
2.504208005,0.0,0.01,0.0,0.0
2.505247067,0.0,0.01,0.0,0.0
2.506128646,0.01,0.0,0.0,0.0
2.507301404,0.0,0.0,0.01,0.0
2.508077676,0.0,0.01,0.0,0.0
2.5091760730000003,0.01,0.01,0.0,0.01
2.5102351570000003,0.01,0.01,0.0,0.0
2.51221528,0.0,0.0,0.02,0.05
2.5131100280000003,0.0,0.0,0.0,0.01
2.514120047,0.01,0.0,0.0,0.0
2.5152227540000003,0.0,0.0,0.0,0.0
2.516105418,0.0,0.0,0.01,0.0
2.5171984280000004,0.0,0.0,0.0,0.0
2.518206434,0.0,0.01,0.0,0.01
2.519199404,0.0,0.0,0.0,0.0
2.520240368,0.0,0.0,0.0,0.01
2.521069241,0.0,0.02,0.01,0.01
2.522210085,0.0,0.0,0.0,0.0
2.52324196,0.0,0.01,0.0,0.0
2.5241197470000003,0.0,0.0,0.0,0.0
2.5252033270000003,0.0,0.0,0.0,0.0
2.5272073330000002,0.0,0.0,0.0,0.0
2.528200957,0.01,0.0,0.0,0.0
2.5292036380000003,0.0,0.01,0.02,0.02
2.5302006670000003,0.0,0.0,0.0,0.0
2.531210792,0.03,0.0,0.0,0.01
2.5322146340000002,0.0,0.02,0.0,0.0
2.533221153,0.0,0.0,0.0,0.0
2.534199247,0.0,0.0,0.0,0.0
2.535213074,0.0,0.01,0.0,0.0
2.536215707,0.01,0.02,0.0,0.01
2.537202563,0.0,0.0,0.0,0.01
2.53820762,0.0,0.0,0.0,0.0
2.539226557,0.0,0.01,0.11,0.06
2.5402011740000003,0.0,0.0,0.01,0.0
2.542247631,0.0,0.01,0.0,0.0
2.5430939030000004,0.0,0.04,0.0,0.0
2.544219307,0.0,0.0,0.03,0.01
2.545134861,0.01,0.0,0.0,0.01
2.5462109670000004,0.01,0.01,0.0,0.09
2.54706964,0.0,0.0,0.0,0.01
2.5482158050000003,0.0,0.0,0.01,0.0
2.5491177470000004,0.0,0.0,0.01,0.01
2.550224806,0.0,0.0,0.0,0.0
2.5512090020000002,0.03,0.0,0.01,0.0
2.552205962,0.0,0.0,0.0,0.0
2.553200642,0.01,0.0,0.01,0.0
2.5542100060000004,0.01,0.01,0.0,0.0
2.555233979,0.01,0.01,0.0,0.01
2.55720829,0.0,0.0,0.0,0.0
2.5582939220000003,0.0,0.0,0.01,0.0
2.559105697,0.0,0.0,0.0,0.0
2.560207833,0.0,0.01,0.01,0.0
2.5612042240000004,0.0,0.0,0.0,0.0
2.5621020490000004,0.05,0.09,0.09,0.01
2.5632070120000003,0.0,0.01,0.0,0.0
2.564201572,0.0,0.0,0.01,0.0
2.565214055,0.0,0.0,0.0,0.0
2.5662030750000002,0.0,0.0,0.0,0.0
2.5672036510000003,0.03,0.02,0.01,0.01
2.568200843,0.0,0.0,0.0,0.0
2.5692081730000003,0.0,0.0,0.0,0.0
2.5702370770000003,0.01,0.0,0.01,0.0
2.5712202740000003,0.0,0.0,0.06,0.07
2.573277393,0.02,0.0,0.0,0.01
2.574100163,0.01,0.02,0.02,0.01
2.5752172030000002,0.01,0.0,0.0,0.02
2.576210365,0.01,0.0,0.0,0.01
2.5771057660000003,0.0,0.0,0.01,0.0
2.578209633,0.01,0.0,0.0,0.02
2.579177805,0.01,0.04,0.0,0.01
2.58020949,0.01,0.0,0.0,0.01
2.581212251,0.02,0.0,0.02,0.0
2.5822078200000003,0.01,0.0,0.01,0.0
2.583200497,0.0,0.0,0.0,0.0
2.584207516,0.0,0.01,0.0,0.0
2.585214205,0.0,0.0,0.0,0.0
2.5861989920000004,0.0,0.0,0.0,0.0
2.588200671,0.0,0.0,0.0,0.01
2.5891080370000004,0.03,0.04,0.0,0.0
2.590197383,0.0,0.0,0.01,0.0
2.591206412,0.0,0.0,0.0,0.0
2.592213483,0.0,0.0,0.01,0.0
2.593198226,0.0,0.0,0.0,0.01
2.594209632,0.0,0.0,0.0,0.0
2.595207453,0.0,0.01,0.01,0.0
2.5963316510000003,0.05,0.01,0.0,0.0
2.597107922,0.0,0.0,0.0,0.0
2.5982124140000002,0.0,0.0,0.0,0.0
2.599231563,0.0,0.0,0.0,0.0
2.600240444,0.01,0.0,0.01,0.0
2.6011948840000003,0.0,0.0,0.0,0.0
2.603216691,0.0,0.01,0.0,0.02
2.60411202,0.0,0.02,0.0,0.01
2.605405926,0.02,0.0,0.01,0.0
2.606097611,0.04,0.0,0.0,0.0
2.6072524500000003,0.0,0.0,0.0,0.0
2.608105096,0.01,0.01,0.0,0.01
2.6092078730000003,0.0,0.0,0.01,0.0
2.610206418,0.01,0.0,0.0,0.0
2.6113854350000003,0.0,0.0,0.0,0.0
2.6120809360000004,0.01,0.01,0.0,0.01
2.6132117270000004,0.02,0.0,0.04,0.0
2.614211077,0.01,0.01,0.0,0.0
2.615222718,0.01,0.03,0.0,0.0
2.61621368,0.0,0.0,0.01,0.01
2.618202938,0.0,0.0,0.0,0.0
2.619204615,0.0,0.0,0.0,0.0
2.620204272,0.0,0.0,0.01,0.0
2.62120999,0.0,0.01,0.01,0.0
2.6222025180000004,0.0,0.01,0.01,0.0
2.62320499,0.0,0.0,0.01,0.02
2.6242280690000004,0.0,0.0,0.0,0.0
2.625197098,0.0,0.0,0.01,0.0
2.62621406,0.0,0.01,0.0,0.0
2.6273801220000004,0.0,0.0,0.0,0.0
2.628060828,0.0,0.0,0.0,0.0
2.6292127,0.0,0.0,0.0,0.0
2.630241705,0.0,0.0,0.01,0.0
2.631155541,0.02,0.0,0.0,0.0
2.63315126,0.0,0.0,0.0,0.01
2.634320938,0.0,0.01,0.01,0.0
2.63512324,0.0,0.01,0.0,0.0
2.636421663,0.0,0.0,0.0,0.0
2.637065835,0.01,0.0,0.01,0.0
2.6382113410000003,0.0,0.0,0.0,0.0
2.6390925430000003,0.0,0.0,0.01,0.02
2.64030252,0.0,0.0,0.01,0.0
2.6411170900000003,0.02,0.0,0.0,0.01
2.6423043400000004,0.0,0.03,0.0,0.0
2.643101804,0.0,0.0,0.0,0.0
2.6442195980000003,0.0,0.0,0.0,0.0
2.645128408,0.0,0.0,0.0,0.0
2.646127233,0.0,0.0,0.0,0.01
2.648103073,0.0,0.0,0.0,0.0
2.6491004200000003,0.0,0.0,0.0,0.0
2.650097226,0.0,0.01,0.0,0.01
2.6511038150000004,0.0,0.01,0.0,0.0
2.652135492,0.0,0.01,0.0,0.01
2.6532031050000002,0.0,0.0,0.0,0.01
2.6542930890000003,0.0,0.0,0.0,0.0
2.655104906,0.0,0.0,0.01,0.03
2.6562069210000003,0.02,0.0,0.0,0.0
2.6572085480000003,0.0,0.0,0.01,0.0
2.658204248,0.0,0.0,0.0,0.0
2.6592396430000003,0.0,0.0,0.0,0.0
2.6612076190000002,0.01,0.01,0.04,0.03
2.662221005,0.0,0.01,0.0,0.01
2.6632074390000002,0.01,0.01,0.0,0.0
2.664205988,0.0,0.0,0.01,0.0
2.665207098,0.0,0.01,0.0,0.0
2.6661234300000003,0.02,0.0,0.0,0.0
2.6672701350000003,0.02,0.01,0.0,0.0
2.66807427,0.0,0.0,0.0,0.0
2.6692121280000003,0.0,0.0,0.0,0.0
2.6702177910000002,0.0,0.0,0.0,0.0
2.671221881,0.01,0.01,0.0,0.0
2.672204048,0.03,0.0,0.0,0.0
2.6731296450000004,0.0,0.01,0.0,0.01
2.6742407040000002,0.0,0.0,0.0,0.0
2.6762088680000002,0.01,0.0,0.0,0.0
2.677106808,0.0,0.0,0.01,0.0
2.678212819,0.01,0.0,0.01,0.01
2.6790707200000003,0.0,0.0,0.0,0.01
2.680207357,0.01,0.0,0.0,0.01
2.681108123,0.02,0.0,0.0,0.0
2.6822071800000002,0.01,0.0,0.01,0.0
2.68312252,0.0,0.0,0.0,0.0
2.684153069,0.0,0.0,0.0,0.0
2.685198427,0.01,0.01,0.01,0.01
2.686107335,0.0,0.0,0.0,0.0
2.687106114,0.0,0.03,0.01,0.01
2.688205612,0.0,0.0,0.0,0.0
2.689096009,0.02,0.0,0.0,0.0
2.690111158,0.01,0.01,0.0,0.01
2.691206304,0.0,0.0,0.0,0.0
2.693206169,0.0,0.0,0.02,0.01
2.6941083000000003,0.0,0.0,0.0,0.0
2.6951163950000003,0.0,0.0,0.0,0.0
2.6962008490000002,0.01,0.01,0.0,0.0
2.697118525,0.0,0.0,0.0,0.0
2.6981338430000004,0.0,0.0,0.0,0.0
2.699160285,0.0,0.01,0.01,0.0
2.7000851200000002,0.0,0.02,0.0,0.0
2.7012224590000002,0.0,0.0,0.0,0.0
2.70210797,0.01,0.0,0.0,0.0
2.703211402,0.01,0.0,0.0,0.0
2.7040703390000003,0.0,0.0,0.03,0.0
2.705106868,0.0,0.01,0.0,0.0
2.706125516,0.01,0.0,0.0,0.01
2.708210756,0.01,0.01,0.0,0.0
2.7091033020000004,0.0,0.0,0.01,0.0
2.710112779,0.0,0.0,0.0,0.01
2.711219957,0.0,0.0,0.0,0.0
2.712104557,0.0,0.0,0.0,0.0
2.7131007890000003,0.0,0.0,0.01,0.0
2.7142099180000003,0.0,0.0,0.0,0.0
2.715075752,0.01,0.0,0.0,0.0
2.716218961,0.06,0.0,0.01,0.04
2.7171342060000003,0.01,0.01,0.0,0.03
2.718102322,0.01,0.0,0.01,0.01
2.719218655,0.0,0.01,0.0,0.0
2.720109463,0.0,0.01,0.03,0.0
2.721228743,0.0,0.0,0.0,0.01
2.723222245,0.0,0.01,0.0,0.03
2.7241104810000003,0.07,0.04,0.0,0.0
2.72509874,0.0,0.0,0.01,0.08
2.7260979560000003,0.0,0.0,0.0,0.0
2.7272069130000003,0.0,0.0,0.0,0.01
2.728062651,0.0,0.0,0.0,0.0
2.729226991,0.0,0.0,0.01,0.0
2.730146607,0.01,0.01,0.0,0.0
2.731177976,0.01,0.0,0.0,0.0
2.732104736,0.01,0.0,0.01,0.0
2.7332242570000003,0.0,0.0,0.0,0.0
2.7341048110000004,0.0,0.0,0.0,0.0
2.7352343400000003,0.01,0.01,0.0,0.01
2.7361164760000003,0.01,0.0,0.01,0.01
2.738212673,0.01,0.0,0.0,0.01
2.7391039790000002,0.0,0.0,0.0,0.0
2.7401052150000003,0.0,0.01,0.0,0.0
2.741219258,0.0,0.0,0.01,0.0
2.7421051970000003,0.0,0.0,0.0,0.01
2.743219071,0.01,0.0,0.02,0.01
2.7442151160000003,0.0,0.02,0.0,0.0
2.7452112470000003,0.0,0.0,0.0,0.0
2.746214798,0.0,0.0,0.01,0.01
2.747128799,0.0,0.0,0.0,0.0
2.7482154110000003,0.01,0.0,0.0,0.0
2.74910611,0.0,0.01,0.0,0.0
2.75023805,0.01,0.12,0.0,0.04
2.7522256240000003,0.01,0.0,0.0,0.0
2.7531056740000004,0.0,0.01,0.0,0.0
2.754247744,0.0,0.01,0.0,0.0
2.7551078770000004,0.0,0.0,0.0,0.01
2.7563490660000003,0.0,0.0,0.0,0.0
2.7571078580000004,0.05,0.01,0.0,0.02
2.7581918180000002,0.0,0.0,0.0,0.0
2.7590602040000003,0.0,0.0,0.0,0.0
2.760215584,0.0,0.0,0.0,0.0
2.7610619520000004,0.0,0.0,0.0,0.0
2.7622022480000004,0.01,0.0,0.0,0.0
2.763120847,0.0,0.0,0.0,0.0
2.76428173,0.0,0.0,0.0,0.0
2.7651279890000002,0.02,0.05,0.03,0.02
2.7663187320000002,0.01,0.0,0.0,0.0
2.7671234790000003,0.03,0.01,0.01,0.0
2.768253543,0.01,0.0,0.0,0.0
2.7702005830000003,0.0,0.0,0.0,0.01
2.771206662,0.0,0.01,0.01,0.0
2.77225927,0.0,0.0,0.01,0.0
2.773106549,0.01,0.05,0.03,0.01
2.7741968590000003,0.0,0.0,0.0,0.03
2.775200194,0.0,0.02,0.0,0.0
2.776108091,0.01,0.0,0.0,0.0
2.777204885,0.01,0.0,0.01,0.01
2.778108697,0.0,0.0,0.0,0.0
2.779250658,0.01,0.0,0.0,0.0
2.7801093480000003,0.03,0.0,0.02,0.0
2.781200987,0.0,0.0,0.0,0.0
2.782108177,0.02,0.0,0.05,0.0
2.7832063440000003,0.01,0.0,0.0,0.0
2.785205366,0.0,0.0,0.0,0.0
2.786209897,0.0,0.0,0.0,0.0
2.7871987600000003,0.0,0.0,0.0,0.0
2.78819565,0.0,0.0,0.0,0.0
2.789202266,0.0,0.0,0.0,0.0
2.790221245,0.0,0.0,0.0,0.0
2.791143137,0.0,0.0,0.0,0.0
2.792108782,0.0,0.0,0.0,0.0
2.793209506,0.0,0.01,0.0,0.0
2.7942150800000003,0.0,0.0,0.0,0.0
2.795185043,0.02,0.0,0.0,0.01
2.7960775890000003,0.0,0.01,0.0,0.0
2.797102992,0.0,0.0,0.01,0.0
2.798213956,0.01,0.0,0.03,0.0
2.800198442,0.0,0.02,0.0,0.0
2.80110647,0.0,0.0,0.0,0.0
2.802207686,0.0,0.01,0.0,0.0
2.803084843,0.0,0.0,0.0,0.0
2.8042064090000003,0.01,0.0,0.0,0.0
2.805104361,0.0,0.02,0.05,0.0
2.8062047100000003,0.0,0.0,0.0,0.0
2.8071018580000002,0.0,0.01,0.0,0.0
2.808203255,0.0,0.01,0.0,0.0
2.809105921,0.0,0.0,0.01,0.0
2.81021929,0.0,0.01,0.02,0.01
2.8111127820000004,0.0,0.0,0.1,0.06
2.812150232,0.0,0.02,0.01,0.0
2.814150696,0.0,0.0,0.0,0.01
2.815107493,0.01,0.0,0.01,0.0
2.8160562170000003,0.0,0.01,0.0,0.0
2.8170989320000004,0.0,0.01,0.0,0.0
2.81809718,0.0,0.0,0.0,0.0
2.8191036040000004,0.0,0.0,0.0,0.0
2.82020323,0.0,0.0,0.01,0.0
2.8211085010000003,0.0,0.01,0.0,0.02
2.822296293,0.01,0.0,0.0,0.0
2.823107331,0.0,0.0,0.0,0.0
2.824216464,0.02,0.0,0.01,0.0
2.825115121,0.0,0.0,0.0,0.0
2.826218131,0.0,0.01,0.0,0.01
2.827217178,0.0,0.0,0.01,0.0
2.8282211800000003,0.0,0.0,0.01,0.0
2.830145932,0.0,0.01,0.0,0.0
2.8312007940000004,0.0,0.01,0.0,0.0
2.8322126610000002,0.0,0.02,0.0,0.01
2.83320338,0.0,0.0,0.04,0.0
2.834208469,0.01,0.0,0.0,0.0
2.835205788,0.0,0.0,0.0,0.01
2.836194487,0.01,0.02,0.0,0.01
2.8371037450000003,0.0,0.0,0.0,0.0
2.8381122060000004,0.0,0.0,0.0,0.0
2.8391051870000004,0.01,0.02,0.01,0.0
2.840200942,0.0,0.01,0.0,0.0
2.841107338,0.0,0.01,0.0,0.0
2.8422366350000003,0.01,0.01,0.0,0.0
2.843116299,0.0,0.0,0.01,0.01
2.844414016,0.01,0.04,0.02,0.0
2.846214206,0.01,0.01,0.01,0.0
2.847187669,0.0,0.0,0.0,0.0
2.84819866,0.0,0.01,0.01,0.01
2.849106302,0.0,0.01,0.0,0.0
2.850202739,0.08,0.0,0.0,0.01
2.851201525,0.0,0.01,0.05,0.04
2.8522339260000003,0.01,0.0,0.0,0.01
2.8530625520000004,0.0,0.0,0.01,0.0
2.854384526,0.01,0.0,0.0,0.01
2.855072519,0.01,0.01,0.0,0.02
2.85634655,0.0,0.0,0.01,0.0
2.858242901,0.01,0.0,0.0,0.0
2.859151277,0.0,0.0,0.0,0.0
2.8602055180000003,0.0,0.01,0.0,0.0
2.861105722,0.0,0.0,0.0,0.0
2.862119423,0.0,0.03,0.0,0.0
2.863114458,0.0,0.01,0.01,0.0
2.864207714,0.0,0.0,0.01,0.0
2.865104763,0.0,0.01,0.0,0.0
2.866200296,0.0,0.0,0.0,0.0
2.867207806,0.04,0.01,0.01,0.0
2.868211402,0.01,0.01,0.0,0.0
2.869207191,0.0,0.0,0.0,0.0
2.870216424,0.01,0.0,0.0,0.0
2.8711162910000003,0.0,0.0,0.0,0.0
2.872233243,0.0,0.0,0.0,0.0
2.8732694690000002,0.0,0.0,0.01,0.0
2.8753593160000004,0.01,0.01,0.0,0.0
2.8761267540000004,0.0,0.0,0.0,0.01
2.877205264,0.0,0.0,0.0,0.0
2.87810771,0.05,0.0,0.01,0.0
2.879214901,0.0,0.0,0.0,0.0
2.880105706,0.0,0.0,0.0,0.0
2.881216926,0.0,0.0,0.0,0.0
2.882083784,0.0,0.01,0.0,0.0
2.883409417,0.0,0.0,0.01,0.0
2.8840957670000003,0.11,0.03,0.0,0.01
2.885114561,0.01,0.0,0.0,0.0
2.88609732,0.0,0.0,0.0,0.0
2.887215416,0.01,0.0,0.0,0.01
2.8893062350000003,0.0,0.0,0.0,0.01
2.890119106,0.0,0.01,0.01,0.0
2.891131283,0.0,0.0,0.0,0.0
2.892104717,0.01,0.01,0.01,0.01
2.8932083420000003,0.0,0.05,0.0,0.0
2.8941073800000003,0.0,0.01,0.0,0.0
2.8952150170000004,0.0,0.0,0.0,0.0
2.8961090720000002,0.02,0.01,0.0,0.0
2.897199579,0.0,0.01,0.02,0.0
2.898107746,0.0,0.0,0.0,0.0
2.899106649,0.0,0.0,0.03,0.0
2.900130213,0.0,0.0,0.01,0.0
2.901055615,0.0,0.0,0.0,0.0
2.902110162,0.0,0.01,0.03,0.0
2.904211493,0.0,0.0,0.0,0.01
2.905062597,0.0,0.0,0.01,0.0
2.906109085,0.02,0.0,0.01,0.0
2.907250841,0.01,0.0,0.0,0.0
2.908132344,0.0,0.01,0.0,0.0
2.909108766,0.0,0.0,0.0,0.0
2.9101080390000003,0.0,0.0,0.01,0.0
2.911106032,0.02,0.0,0.01,0.0
2.912101036,0.0,0.01,0.0,0.0
2.9132048100000003,0.0,0.0,0.0,0.0
2.9142379480000002,0.0,0.0,0.0,0.0
2.915078104,0.01,0.01,0.01,0.0
2.916433431,0.0,0.02,0.03,0.0
2.91707878,0.0,0.0,0.0,0.0
2.918213665,0.0,0.0,0.01,0.0
2.920208814,0.0,0.0,0.0,0.0
2.9211091860000002,0.0,0.0,0.0,0.03
2.9222074190000003,0.0,0.0,0.0,0.0
2.9231186730000003,0.0,0.0,0.0,0.01
2.924107904,0.0,0.0,0.01,0.0
2.925203703,0.0,0.03,0.0,0.0
2.9261068310000002,0.0,0.0,0.0,0.01
2.9272060310000003,0.08,0.0,0.03,0.0
2.928111108,0.01,0.0,0.0,0.0
2.9291451310000003,0.0,0.0,0.01,0.01
2.9301214310000003,0.0,0.01,0.0,0.0
2.931099982,0.0,0.0,0.0,0.0
2.932238308,0.0,0.0,0.0,0.01
2.934204996,0.0,0.0,0.01,0.0
2.935106745,0.0,0.02,0.01,0.0
2.9361010260000002,0.0,0.01,0.0,0.01
2.9372017230000003,0.0,0.01,0.0,0.0
2.9380898920000003,0.0,0.0,0.0,0.0
2.93940848,0.0,0.0,0.0,0.0
2.9401048960000002,0.01,0.0,0.01,0.0
2.9411263790000004,0.01,0.0,0.0,0.0
2.942106297,0.01,0.0,0.0,0.0
2.9432023120000004,0.0,0.01,0.0,0.01
2.9440774760000004,0.0,0.0,0.0,0.0
2.9451284760000003,0.01,0.0,0.07,0.04
2.946109008,0.0,0.01,0.0,0.0
2.94706488,0.0,0.0,0.0,0.0
2.948099264,0.0,0.0,0.0,0.0
2.9491095780000003,0.0,0.01,0.0,0.02
2.951093797,0.0,0.0,0.03,0.03
2.952068435,0.0,0.0,0.0,0.0
2.953093935,0.01,0.0,0.01,0.0
2.9540550800000003,0.0,0.0,0.0,0.0
2.9551443390000003,0.01,0.0,0.0,0.0
2.9560948220000003,0.0,0.0,0.0,0.0
2.957066352,0.0,0.0,0.0,0.0
2.9580979280000004,0.0,0.01,0.02,0.0
2.9590902420000003,0.0,0.0,0.0,0.0
2.960047288,0.04,0.01,0.0,0.0
2.961052618,0.0,0.01,0.02,0.0
2.9620548870000003,0.0,0.01,0.04,0.0
2.9630913490000004,0.0,0.0,0.0,0.01
2.9650483000000003,0.01,0.0,0.0,0.02
2.966101161,0.0,0.01,0.0,0.0
2.967096117,0.0,0.02,0.0,0.02
2.9681000280000003,0.01,0.01,0.0,0.0
2.969101346,0.0,0.0,0.0,0.0
2.970138092,0.0,0.0,0.03,0.0
2.9710842570000002,0.0,0.0,0.01,0.0
2.972052751,0.01,0.01,0.0,0.0
2.9731017840000002,0.0,0.0,0.01,0.01
2.974069484,0.01,0.0,0.0,0.0
2.975059835,0.01,0.0,0.0,0.01
2.97609761,0.07,0.0,0.03,0.0
2.977132322,0.0,0.01,0.0,0.0
2.9780892860000003,0.0,0.0,0.0,0.0
2.9791018670000002,0.0,0.0,0.0,0.0
2.981125757,0.0,0.0,0.0,0.0
2.982055957,0.0,0.01,0.03,0.0
2.9830528120000004,0.0,0.0,0.0,0.01
2.9841009880000002,0.0,0.0,0.01,0.01
2.985094504,0.0,0.0,0.01,0.0
2.986178278,0.0,0.0,0.0,0.0
2.9870765670000003,0.0,0.0,0.0,0.01
2.9880936510000002,0.01,0.0,0.0,0.01
2.989097257,0.0,0.0,0.0,0.01
2.9900649550000002,0.0,0.0,0.0,0.0
2.9910472830000003,0.01,0.01,0.0,0.0
2.992047186,0.0,0.0,0.0,0.0
2.993070008,0.0,0.0,0.0,0.0
2.99409537,0.0,0.0,0.0,0.0
2.996090997,0.02,0.01,0.0,0.0
2.997106816,0.01,0.0,0.0,0.0
2.998094633,0.02,0.0,0.01,0.0
2.999110314,0.01,0.0,0.0,0.0
3.0000987400000003,0.0,0.0,0.0,0.0
3.0010952090000003,0.0,0.01,0.02,0.0
3.0020976260000003,0.0,0.0,0.0,0.0
3.003189404,0.0,0.01,0.0,0.03
3.004049816,0.0,0.0,0.0,0.1
3.0050496950000003,0.0,0.01,0.03,0.01
3.0060944750000003,0.0,0.01,0.01,0.0
3.007120166,0.0,0.0,0.02,0.0
3.0080992,0.0,0.0,0.0,0.0
3.010057343,0.0,0.06,0.01,0.01
3.011099068,0.01,0.0,0.0,0.0
3.0120597570000003,0.0,0.02,0.0,0.03
3.0130940340000003,0.01,0.01,0.0,0.0
3.014097195,0.0,0.0,0.0,0.01
3.0150994900000003,0.0,0.0,0.0,0.0
3.0160983420000003,0.0,0.01,0.01,0.01
3.017100213,0.0,0.02,0.01,0.0
3.018049162,0.0,0.0,0.0,0.01
3.019098788,0.01,0.01,0.0,0.0
3.0201276210000003,0.01,0.0,0.0,0.0
3.0210543280000004,0.0,0.0,0.0,0.01
3.022051974,0.0,0.0,0.01,0.0
3.0230805210000002,0.0,0.0,0.0,0.0
3.0241247450000004,0.0,0.0,0.01,0.02
3.026094918,0.0,0.0,0.0,0.01
3.027051386,0.0,0.0,0.09,0.0
3.028098303,0.0,0.0,0.0,0.0
3.0290530060000003,0.0,0.0,0.0,0.0
3.0300969400000004,0.0,0.0,0.01,0.01
3.0312053320000003,0.01,0.0,0.0,0.01
3.032092392,0.0,0.0,0.02,0.02
3.0330942010000004,0.0,0.01,0.0,0.0
3.034099068,0.0,0.01,0.01,0.0
3.0350499290000004,0.0,0.0,0.0,0.0
3.0360501990000004,0.0,0.01,0.01,0.01
3.037049027,0.0,0.0,0.0,0.0
3.038193294,0.0,0.0,0.0,0.0
3.039150493,0.04,0.0,0.02,0.01
3.0401956680000004,0.0,0.0,0.01,0.0
3.042095445,0.0,0.0,0.0,0.02
3.043091999,0.0,0.0,0.0,0.0
3.0440596060000003,0.0,0.0,0.0,0.01
3.045091234,0.0,0.0,0.02,0.0
3.046069301,0.0,0.01,0.0,0.02
3.04709149,0.01,0.0,0.0,0.0
3.0480944020000003,0.0,0.0,0.0,0.01
3.0490974520000003,0.0,0.0,0.01,0.0
3.0500779270000002,0.0,0.01,0.0,0.0
3.051052648,0.0,0.01,0.02,0.0
3.052050013,0.02,0.03,0.0,0.0
3.0530517030000004,0.0,0.0,0.0,0.04
3.054106274,0.0,0.0,0.01,0.0
3.0551195580000003,0.0,0.0,0.01,0.0
3.0570914690000004,0.01,0.01,0.0,0.01
3.05809779,0.0,0.03,0.0,0.0
3.059097335,0.0,0.06,0.0,0.01
3.0600951550000004,0.01,0.05,0.01,0.01
3.0610992670000003,0.01,0.05,0.0,0.0
3.0620968570000002,0.0,0.05,0.01,0.0
3.0630515280000004,0.01,0.08,0.0,0.01
3.0640504350000004,0.0,0.06,0.01,0.0
3.0650521260000003,0.0,0.07,0.02,0.0
3.066050917,0.01,0.06,0.0,0.0
3.0670683380000003,0.0,0.09,0.0,0.01
3.0680564710000002,0.0,0.06,0.0,0.0
3.0691657720000003,0.01,0.06,0.0,0.0
3.071051552,0.0,0.07,0.0,0.0
3.0721623370000004,0.0,0.08,0.02,0.0
3.0731067220000003,0.0,0.08,0.0,0.0
3.0740557600000002,0.0,0.1,0.0,0.0
3.075100298,0.0,0.11,0.0,0.0
3.076099145,0.0,0.14,0.0,0.0
3.077050309,0.0,0.11,0.0,0.06
3.078049431,0.0,0.14,0.0,0.0
3.079093721,0.0,0.14,0.0,0.0
3.0800499400000003,0.0,0.15,0.0,0.0
3.081049331,0.01,0.15,0.0,0.01
3.08205032,0.0,0.13,0.0,0.0
3.0830494500000003,0.0,0.06,0.11,0.0
3.084061154,0.0,0.14,0.0,0.02
3.085093745,0.0,0.16,0.01,0.0
3.087049184,0.03,0.15,0.01,0.0
3.088100217,0.0,0.15,0.0,0.0
3.089094631,0.0,0.13,0.01,0.01
3.0900990740000003,0.0,0.16,0.0,0.0
3.0911066390000004,0.0,0.15,0.0,0.0
3.0920946230000004,0.0,0.14,0.0,0.02
3.0930527910000003,0.01,0.15,0.01,0.01
3.0940499960000003,0.0,0.16,0.0,0.0
3.095049179,0.0,0.14,0.0,0.01
3.0960493060000003,0.01,0.15,0.01,0.0
3.097051596,0.01,0.15,0.02,0.0
3.098049563,0.0,0.15,0.0,0.0
3.099052948,0.0,0.15,0.0,0.0
3.101084466,0.0,0.13,0.02,0.0
3.1020938580000004,0.0,0.15,0.01,0.0
3.103098199,0.0,0.16,0.0,0.0
3.1041044170000003,0.0,0.14,0.01,0.01
3.105096708,0.0,0.15,0.01,0.0
3.1061305160000003,0.0,0.15,0.0,0.0
3.1070994250000004,0.01,0.22,0.0,0.0
3.108094415,0.0,0.15,0.0,0.0
3.109095345,0.0,0.19,0.0,0.0
3.110047883,0.0,0.19,0.01,0.0
3.11104789,0.0,0.18,0.0,0.0
3.112060939,0.0,0.19,0.0,0.0
3.113051232,0.0,0.19,0.0,0.0
3.114077832,0.0,0.2,0.0,0.0
3.115112147,0.0,0.2,0.0,0.0
3.1170974890000003,0.0,0.27,0.01,0.02
3.1180920440000004,0.0,0.21,0.0,0.0
3.119093615,0.0,0.21,0.01,0.0
3.120094556,0.0,0.19,0.0,0.0
3.121048796,0.0,0.2,0.0,0.0
3.1220942930000004,0.03,0.23,0.02,0.01
3.123092803,0.02,0.21,0.0,0.0
3.1240478620000003,0.0,0.23,0.0,0.0
3.1250960460000003,0.0,0.21,0.02,0.0
3.1260486430000003,0.0,0.2,0.0,0.0
3.127063449,0.0,0.23,0.0,0.01
3.1280545770000003,0.0,0.23,0.0,0.0
3.1290767240000004,0.01,0.23,0.0,0.0
3.1301102100000002,0.0,0.24,0.03,0.01
3.1321246190000003,0.0,0.28,0.0,0.01
3.1330634620000004,0.0,0.21,0.0,0.01
3.1341197550000004,0.05,0.26,0.0,0.0
3.135094623,0.0,0.27,0.0,0.0
3.136094663,0.0,0.27,0.01,0.01
3.137057597,0.01,0.26,0.0,0.0
3.1380493420000004,0.0,0.26,0.0,0.0
3.1390918680000004,0.0,0.23,0.0,0.01
3.140099772,0.0,0.25,0.01,0.0
3.141093723,0.0,0.24,0.02,0.0
3.1420908250000004,0.01,0.25,0.0,0.0
3.143091682,0.0,0.24,0.0,0.0
3.144091679,0.0,0.23,0.01,0.0
3.1451140040000003,0.01,0.25,0.0,0.0
3.1470937460000004,0.0,0.25,0.01,0.03
3.1481697790000003,0.0,0.25,0.0,0.0
3.149099956,0.0,0.25,0.0,0.0
3.15009878,0.0,0.25,0.0,0.0
3.1510944280000004,0.01,0.25,0.01,0.04
3.152090647,0.0,0.27,0.0,0.0
3.1530749740000004,0.0,0.26,0.0,0.02
3.154048753,0.0,0.25,0.0,0.0
3.155096095,0.0,0.23,0.0,0.0
3.1560514580000003,0.0,0.26,0.0,0.0
3.1570523460000004,0.0,0.23,0.01,0.0
3.158049531,0.0,0.23,0.0,0.0
3.159064148,0.0,0.24,0.01,0.0
3.1601253600000003,0.0,0.23,0.01,0.0
3.162203329,0.0,0.25,0.0,0.0
3.163124315,0.03,0.26,0.0,0.0
3.164073392,0.0,0.23,0.04,0.0
3.1651221790000004,0.03,0.25,0.0,0.01
3.166094171,0.0,0.24,0.03,0.08
3.1671008350000003,0.0,0.24,0.01,0.0
3.1680903220000003,0.0,0.24,0.0,0.0
3.1690950460000002,0.0,0.27,0.0,0.0
3.170062144,0.0,0.25,0.0,0.0
3.171050406,0.01,0.25,0.01,0.01
3.172047758,0.0,0.25,0.0,0.0
3.1730478950000003,0.0,0.25,0.01,0.0
3.1740508330000003,0.01,0.25,0.0,0.01
3.1751071640000004,0.0,0.26,0.0,0.0
3.1761029470000004,0.0,0.26,0.02,0.01
3.178047034,0.0,0.24,0.0,0.01
3.179057181,0.0,0.25,0.0,0.0
3.180099397,0.0,0.25,0.0,0.0
3.181064037,0.01,0.24,0.0,0.02
3.1820959720000004,0.0,0.25,0.0,0.0
3.1830930160000004,0.03,0.29,0.02,0.01
3.1840925860000002,0.0,0.25,0.0,0.0
3.1850944510000003,0.0,0.23,0.0,0.0
3.1860696340000003,0.0,0.25,0.0,0.0
3.1870533890000003,0.0,0.25,0.0,0.0
3.1880986250000003,0.01,0.26,0.0,0.0
3.1890502570000003,0.0,0.25,0.01,0.0
3.1900853380000003,0.0,0.26,0.01,0.01
3.1911013130000003,0.0,0.26,0.0,0.01
3.193234625,0.0,0.26,0.0,0.0
3.194072992,0.0,0.26,0.0,0.0
3.1950961710000003,0.0,0.25,0.0,0.0
3.1960960430000003,0.0,0.26,0.01,0.0
3.1970948790000002,0.0,0.26,0.03,0.0
3.1981058420000004,0.01,0.28,0.01,0.01
3.1991062980000002,0.0,0.26,0.0,0.0
3.200094034,0.02,0.27,0.0,0.0
3.2010494300000003,0.01,0.27,0.0,0.0
3.202047577,0.0,0.26,0.01,0.0
3.2030521000000003,0.0,0.27,0.0,0.0
3.2040740170000004,0.01,0.27,0.0,0.0
3.205080202,0.0,0.25,0.01,0.0
3.206110327,0.0,0.27,0.01,0.0
3.2080944220000003,0.0,0.27,0.01,0.0
3.2090959580000002,0.02,0.26,0.0,0.0
3.210099061,0.03,0.27,0.01,0.0
3.2112102200000003,0.02,0.26,0.0,0.01
3.2120500400000003,0.0,0.29,0.0,0.0
3.2130936950000004,0.01,0.24,0.0,0.01
3.214099162,0.02,0.26,0.03,0.02
3.2150982540000004,0.0,0.26,0.0,0.0
3.216050209,0.0,0.28,0.0,0.0
3.217049289,0.0,0.25,0.02,0.01
3.218049929,0.0,0.25,0.0,0.01
3.21904847,0.01,0.26,0.0,0.0
3.2200800660000004,0.0,0.26,0.0,0.0
3.221098464,0.0,0.27,0.0,0.0
3.223097283,0.02,0.26,0.01,0.0
3.2242142040000004,0.0,0.26,0.0,0.01
3.225157723,0.0,0.26,0.0,0.0
3.2261234560000003,0.01,0.26,0.0,0.0
3.227155813,0.0,0.24,0.01,0.0
3.22809853,0.03,0.26,0.01,0.0
3.2290989160000003,0.0,0.26,0.0,0.01
3.2300936940000002,0.0,0.25,0.01,0.0
3.231170553,0.05,0.32,0.0,0.0
3.232092825,0.01,0.25,0.0,0.0
3.2331068810000003,0.0,0.26,0.0,0.0
3.234098507,0.0,0.26,0.0,0.0
3.235108363,0.0,0.27,0.0,0.0
3.2370484110000004,0.0,0.26,0.0,0.01
3.238082084,0.01,0.26,0.0,0.0
3.239093469,0.0,0.27,0.0,0.0
3.2400928010000003,0.01,0.26,0.01,0.01
3.24109045,0.0,0.26,0.01,0.0
3.242098786,0.0,0.24,0.0,0.0
3.243107605,0.0,0.25,0.0,0.03
3.2440627020000004,0.0,0.26,0.0,0.01
3.245094776,0.0,0.23,0.01,0.0
3.246094123,0.02,0.21,0.0,0.0
3.247095018,0.01,0.21,0.0,0.01
3.2480952540000003,0.01,0.2,0.0,0.0
3.2490943970000004,0.0,0.2,0.01,0.0
3.2500941940000003,0.0,0.2,0.0,0.02
3.251103026,0.0,0.2,0.0,0.0
3.253096332,0.0,0.19,0.0,0.02
3.254093391,0.0,0.19,0.01,0.0
3.255091509,0.04,0.15,0.0,0.03
3.2561318790000002,0.02,0.18,0.0,0.0
3.2570670660000003,0.01,0.18,0.0,0.01
3.2581145200000003,0.0,0.13,0.0,0.0
3.259098888,0.0,0.13,0.01,0.0
3.260098573,0.0,0.13,0.0,0.0
3.2610967360000003,0.0,0.13,0.0,0.01
3.2620673370000004,0.0,0.1,0.01,0.0
3.2630937660000003,0.0,0.09,0.0,0.0
3.264111236,0.0,0.07,0.01,0.01
3.265091937,0.0,0.08,0.0,0.01
3.266093295,0.01,0.08,0.0,0.0
3.267093253,0.01,0.0,0.0,0.0
3.26904751,0.0,0.0,0.0,0.0
3.270096171,0.0,0.01,0.0,0.0
3.271097654,0.01,0.0,0.01,0.0
3.272093801,0.0,0.01,0.0,0.01
3.273094287,0.01,0.0,0.0,0.01
3.274092426,0.0,0.01,0.01,0.0
3.27510928,0.01,0.01,0.0,0.01
3.2761047010000004,0.0,0.03,0.05,0.01
3.277075717,0.0,0.01,0.0,0.0
3.27821972,0.0,0.0,0.0,0.0
3.279063851,0.0,0.0,0.03,0.01
3.280206589,0.0,0.01,0.0,0.0
3.2811093710000003,0.0,0.0,0.01,0.0
3.2822563430000002,0.0,0.0,0.01,0.05
3.2842126840000003,0.0,0.0,0.0,0.01
3.2851190910000003,0.0,0.01,0.0,0.0
3.2862629230000002,0.01,0.01,0.0,0.0
3.287062374,0.03,0.0,0.01,0.0
3.288212628,0.02,0.0,0.02,0.0
3.289123715,0.0,0.0,0.0,0.0
3.2902362060000003,0.0,0.0,0.0,0.0
3.2911254810000004,0.0,0.0,0.0,0.0
3.2922352810000004,0.1,0.0,0.04,0.0
3.2931116100000004,0.0,0.0,0.0,0.0
3.294104044,0.0,0.01,0.0,0.0
3.2951007330000004,0.0,0.0,0.0,0.02
3.2961444010000003,0.0,0.0,0.01,0.0
3.2971766010000003,0.01,0.0,0.0,0.01
3.2982118020000004,0.0,0.01,0.02,0.03
3.3002109460000004,0.0,0.0,0.0,0.01
3.3010618710000004,0.01,0.0,0.0,0.0
3.302200941,0.0,0.0,0.0,0.0
3.3031050910000004,0.0,0.0,0.0,0.01
3.304214142,0.01,0.01,0.0,0.01
3.3050625040000003,0.01,0.0,0.02,0.0
3.306056114,0.0,0.02,0.0,0.01
3.3071130980000003,0.0,0.01,0.0,0.0
3.3080964170000002,0.0,0.0,0.0,0.01
3.309097431,0.0,0.01,0.01,0.01
3.310101239,0.0,0.0,0.0,0.01
3.31110104,0.0,0.0,0.0,0.0
3.31211257,0.02,0.0,0.01,0.01
3.3140571430000003,0.0,0.01,0.0,0.0
3.315097376,0.03,0.0,0.02,0.0
3.3160981250000003,0.0,0.0,0.0,0.02
3.3171262070000003,0.0,0.0,0.0,0.01
3.318098746,0.01,0.0,0.0,0.0
3.3191681440000003,0.0,0.0,0.0,0.01
3.320108465,0.0,0.0,0.0,0.0
3.321103696,0.0,0.01,0.0,0.01
3.3222079950000003,0.01,0.0,0.0,0.01
3.3231188520000003,0.01,0.01,0.03,0.01
3.3242193770000004,0.04,0.0,0.0,0.0
3.325129274,0.0,0.01,0.01,0.01
3.3262202100000002,0.01,0.0,0.0,0.0
3.3271385130000004,0.0,0.01,0.0,0.0
3.328214791,0.0,0.0,0.0,0.0
3.330205636,0.0,0.0,0.0,0.0
3.331102222,0.12,0.0,0.01,0.0
3.332199832,0.01,0.0,0.01,0.0
3.3330705750000003,0.0,0.0,0.0,0.0
3.3342138950000004,0.0,0.0,0.0,0.0
3.3351117930000003,0.0,0.0,0.0,0.0
3.3362169340000003,0.0,0.02,0.0,0.01
3.3370637390000004,0.01,0.0,0.01,0.0
3.338202245,0.0,0.0,0.0,0.0
3.3390973330000002,0.0,0.0,0.01,0.0
3.3403349600000003,0.0,0.0,0.01,0.0
3.3411096880000004,0.0,0.0,0.0,0.02
3.3422437100000004,0.01,0.01,0.0,0.0
3.343218802,0.0,0.0,0.01,0.0
3.3451119040000004,0.0,0.0,0.0,0.01
3.346111544,0.01,0.02,0.0,0.0
3.3472090100000003,0.0,0.01,0.0,0.0
3.348220956,0.01,0.0,0.0,0.01
3.3491135350000003,0.0,0.0,0.0,0.0
3.350264783,0.01,0.01,0.0,0.01
3.351064146,0.0,0.01,0.0,0.0
3.3522056090000003,0.0,0.01,0.0,0.0
3.353061046,0.01,0.0,0.01,0.0
3.354232044,0.0,0.0,0.0,0.0
3.3551002960000003,0.0,0.0,0.0,0.0
3.3562236440000004,0.01,0.0,0.0,0.0
3.358227287,0.0,0.0,0.0,0.0
3.3591051910000003,0.0,0.0,0.01,0.0
3.36020755,0.05,0.0,0.0,0.0
3.3611060700000004,0.0,0.02,0.0,0.0
3.3621602520000002,0.0,0.01,0.01,0.0
3.363204114,0.0,0.0,0.01,0.0
3.364103977,0.01,0.0,0.01,0.0
3.365211206,0.01,0.0,0.01,0.0
3.366104372,0.04,0.0,0.0,0.0
3.367135789,0.0,0.03,0.0,0.0
3.368229465,0.0,0.0,0.0,0.0
3.3691037730000004,0.0,0.0,0.0,0.01
3.3701045720000002,0.0,0.0,0.0,0.0
3.3710665050000004,0.04,0.05,0.05,0.1
3.37208065,0.0,0.0,0.01,0.0
3.373099976,0.0,0.01,0.0,0.02
3.374296966,0.01,0.0,0.01,0.0
3.376206571,0.0,0.0,0.01,0.0
3.3770622410000004,0.01,0.01,0.06,0.0
3.378203468,0.0,0.01,0.01,0.0
3.379191382,0.0,0.01,0.0,0.0
3.3801097820000003,0.0,0.0,0.0,0.0
3.3811790470000003,0.01,0.0,0.0,0.0
3.382123475,0.0,0.0,0.0,0.0
3.383065352,0.0,0.02,0.0,0.02
3.384057625,0.01,0.0,0.0,0.01
3.385050076,0.01,0.0,0.0,0.01
3.3861669630000004,0.0,0.02,0.0,0.0
3.387069004,0.09,0.01,0.11,0.1
3.3880984470000004,0.0,0.0,0.0,0.0
3.3900935650000004,0.01,0.0,0.0,0.0
3.3910974,0.01,0.0,0.0,0.0
3.392092651,0.0,0.0,0.0,0.0
3.393096426,0.01,0.0,0.0,0.0
3.39409443,0.01,0.09,0.0,0.02
3.3951015160000004,0.0,0.0,0.0,0.0
3.3961032010000003,0.02,0.0,0.02,0.0
3.397053445,0.0,0.0,0.0,0.0
3.3980520000000003,0.0,0.01,0.01,0.0
3.3990521850000004,0.0,0.0,0.0,0.0
3.400102104,0.0,0.01,0.01,0.0
3.401052071,0.0,0.0,0.0,0.01
3.402127723,0.0,0.01,0.0,0.0
3.403112401,0.0,0.0,0.01,0.0
3.4050937070000002,0.03,0.06,0.06,0.0
3.406106632,0.0,0.0,0.0,0.0
3.407095081,0.0,0.0,0.0,0.0
3.408099469,0.0,0.0,0.0,0.0
3.409104155,0.03,0.0,0.0,0.0
3.4101667200000003,0.0,0.0,0.0,0.0
3.4110957710000003,0.0,0.12,0.02,0.0
3.4120562540000003,0.01,0.0,0.0,0.0
3.413096448,0.0,0.0,0.0,0.01
3.41405116,0.01,0.01,0.01,0.0
3.4150521740000004,0.01,0.01,0.01,0.0
3.4160522440000003,0.0,0.01,0.0,0.0
3.417110988,0.0,0.01,0.0,0.01
3.4190998070000003,0.0,0.0,0.0,0.0
3.4200897400000003,0.0,0.0,0.0,0.0
3.421094509,0.0,0.0,0.0,0.0
3.4220962810000004,0.0,0.02,0.0,0.0
3.423092322,0.0,0.03,0.0,0.01
3.4240940940000004,0.01,0.0,0.0,0.0
3.425095697,0.01,0.0,0.0,0.0
3.426097716,0.01,0.01,0.01,0.01
3.427091567,0.0,0.0,0.0,0.0
3.4281105120000004,0.0,0.0,0.01,0.05
3.429097966,0.0,0.0,0.0,0.0
3.430139413,0.01,0.01,0.0,0.0
3.431119767,0.0,0.0,0.0,0.0
3.432143512,0.0,0.0,0.0,0.0
3.433094847,0.0,0.0,0.03,0.01
3.43413014,0.0,0.01,0.0,0.0
3.436096521,0.0,0.04,0.0,0.0
3.437177317,0.0,0.01,0.0,0.0
3.438206447,0.01,0.0,0.0,0.01
3.4390597420000004,0.0,0.0,0.0,0.0
3.440202611,0.02,0.0,0.0,0.0
3.441167886,0.05,0.0,0.0,0.0
3.442246319,0.02,0.0,0.02,0.01
3.443163745,0.01,0.03,0.0,0.0
3.444210725,0.01,0.0,0.01,0.0
3.4451164860000003,0.0,0.0,0.01,0.0
3.4462174680000004,0.0,0.0,0.01,0.0
3.4471613910000003,0.0,0.0,0.0,0.01
3.448360509,0.0,0.0,0.01,0.0
3.4503487280000003,0.0,0.01,0.0,0.0
3.4510862700000002,0.0,0.0,0.0,0.01
3.452279313,0.0,0.03,0.0,0.0
3.45310285,0.0,0.0,0.0,0.0
3.454393318,0.0,0.04,0.0,0.0
3.4551078840000002,0.0,0.0,0.03,0.0
3.4562802460000004,0.0,0.0,0.03,0.0
3.4571119820000002,0.01,0.01,0.0,0.0
3.4582063670000003,0.0,0.01,0.0,0.0
3.459220043,0.0,0.0,0.0,0.0
3.4602023890000004,0.0,0.01,0.02,0.0
3.461248271,0.0,0.02,0.0,0.0
3.462065872,0.0,0.0,0.0,0.01
3.463115423,0.0,0.0,0.0,0.0
3.464247922,0.0,0.0,0.01,0.01
3.465213325,0.02,0.0,0.0,0.0
3.4671949740000003,0.0,0.0,0.0,0.0
3.468206159,0.01,0.0,0.01,0.0
3.469227982,0.0,0.0,0.0,0.0
3.470116222,0.0,0.0,0.0,0.0
3.471234088,0.01,0.01,0.0,0.01
3.4721173980000004,0.01,0.0,0.01,0.0
3.473310511,0.01,0.04,0.02,0.01
3.4741746900000003,0.0,0.0,0.0,0.0
3.4753532270000003,0.0,0.0,0.0,0.0
3.4761188510000003,0.01,0.01,0.0,0.0
3.477348289,0.0,0.01,0.0,0.01
3.478102595,0.0,0.0,0.0,0.0
3.4793467400000004,0.0,0.0,0.0,0.0
3.4812266340000004,0.01,0.01,0.0,0.0
3.482107281,0.0,0.01,0.03,0.0
3.4832195300000004,0.0,0.01,0.0,0.0
3.4841023430000004,0.01,0.0,0.0,0.02
3.4852002570000002,0.01,0.0,0.01,0.01
3.4861335440000003,0.0,0.0,0.0,0.0
3.4871566580000004,0.0,0.0,0.0,0.0
3.4882035940000002,0.0,0.0,0.0,0.0
3.4892239220000003,0.0,0.0,0.01,0.0
3.490163222,0.01,0.0,0.0,0.0
3.4911996260000002,0.0,0.0,0.0,0.0
3.492216496,0.01,0.01,0.01,0.0
3.493144544,0.01,0.01,0.01,0.0
3.4942157870000004,0.0,0.0,0.0,0.01
3.496272169,0.0,0.01,0.0,0.0
3.4971179560000003,0.0,0.0,0.01,0.01
3.498217588,0.0,0.01,0.0,0.01
3.499122615,0.0,0.0,0.0,0.0
3.500212313,0.02,0.0,0.0,0.0
3.5011099530000003,0.0,0.03,0.0,0.0
3.5022114870000003,0.0,0.01,0.0,0.01
3.503280478,0.0,0.0,0.0,0.0
3.5040898780000003,0.03,0.0,0.02,0.0
3.50537496,0.0,0.01,0.01,0.0
3.506083492,0.03,0.01,0.0,0.0
3.507267461,0.0,0.0,0.02,0.0
3.508141188,0.0,0.0,0.0,0.0
3.5092373130000003,0.0,0.0,0.01,0.01
3.5101501300000004,0.01,0.01,0.01,0.0
3.51222243,0.0,0.0,0.0,0.0
3.513204758,0.0,0.0,0.0,0.0
3.514272393,0.01,0.0,0.01,0.0
3.515091693,0.0,0.0,0.0,0.0
3.516193088,0.0,0.0,0.0,0.0
3.5172330580000004,0.01,0.0,0.0,0.03
3.5181119240000003,0.01,0.0,0.0,0.0
3.5192006250000003,0.0,0.0,0.0,0.0
3.5202072080000004,0.01,0.01,0.0,0.0
3.521278224,0.0,0.01,0.0,0.01
3.522117451,0.0,0.01,0.01,0.0
3.5232114340000003,0.04,0.0,0.0,0.0
3.524227681,0.01,0.0,0.0,0.0
3.5251450240000004,0.0,0.0,0.0,0.0
3.526203118,0.0,0.01,0.0,0.0
3.528222779,0.0,0.0,0.0,0.0
3.5291076300000004,0.0,0.0,0.0,0.0
3.5302055670000003,0.0,0.01,0.02,0.0
3.5312159700000003,0.0,0.0,0.03,0.01
3.5321096560000003,0.0,0.01,0.0,0.01
3.53320588,0.01,0.0,0.01,0.0
3.5340605380000003,0.01,0.0,0.0,0.0
3.535246062,0.01,0.01,0.0,0.0
3.5361100810000003,0.01,0.0,0.01,0.01
3.53724733,0.0,0.0,0.0,0.0
3.5381956800000003,0.01,0.0,0.0,0.0
3.5394542120000003,0.0,0.0,0.03,0.0
3.5412225900000003,0.0,0.01,0.01,0.01
3.5421079460000002,0.01,0.0,0.0,0.0
3.5432144830000003,0.0,0.01,0.0,0.0
3.5441082870000002,0.0,0.0,0.01,0.0
3.545254884,0.0,0.0,0.0,0.01
3.5461368240000004,0.0,0.0,0.01,0.0
3.5472460370000003,0.0,0.01,0.0,0.0
3.548203592,0.01,0.0,0.0,0.01
3.549208412,0.0,0.0,0.0,0.0
3.550344453,0.02,0.0,0.09,0.0
3.551133683,0.03,0.0,0.0,0.02
3.552424359,0.0,0.0,0.0,0.0
3.5530990640000004,0.0,0.0,0.0,0.0
3.5541183710000004,0.0,0.0,0.0,0.0
3.5552401870000003,0.02,0.0,0.01,0.02
3.556202834,0.0,0.0,0.0,0.01
3.558223158,0.0,0.0,0.0,0.0
3.5593021690000004,0.0,0.0,0.0,0.0
3.560108633,0.01,0.0,0.01,0.0
3.5612248930000003,0.0,0.0,0.0,0.0
3.5621055330000004,0.0,0.01,0.0,0.0
3.563205689,0.01,0.02,0.0,0.01
3.5641030380000003,0.01,0.01,0.0,0.0
3.565429672,0.0,0.01,0.01,0.02
3.566093141,0.01,0.0,0.0,0.01
3.567292961,0.01,0.0,0.1,0.03
3.568115961,0.0,0.01,0.0,0.0
3.5692793970000003,0.0,0.01,0.0,0.0
3.5701100510000003,0.02,0.0,0.0,0.02
3.5712172370000004,0.0,0.01,0.0,0.0
3.5723236270000003,0.0,0.0,0.02,0.01
3.5742158010000002,0.02,0.0,0.02,0.0
3.5750585900000003,0.0,0.0,0.01,0.0
3.576189932,0.01,0.01,0.0,0.01
3.577104749,0.0,0.0,0.0,0.0
3.578217957,0.0,0.0,0.01,0.0
3.579118885,0.0,0.0,0.0,0.05
3.5803475110000003,0.0,0.0,0.0,0.0
3.58110504,0.0,0.0,0.0,0.0
3.582209037,0.01,0.02,0.0,0.01
3.5832050320000004,0.01,0.01,0.0,0.0
3.584227153,0.01,0.01,0.03,0.02
3.585211166,0.0,0.01,0.0,0.02
3.587238246,0.0,0.0,0.0,0.01
3.588211975,0.0,0.0,0.01,0.0
3.58922446,0.0,0.0,0.0,0.0
3.5902051310000003,0.0,0.0,0.0,0.0
3.591198958,0.0,0.0,0.0,0.0
3.5921984470000003,0.01,0.0,0.0,0.01
3.5932415370000004,0.0,0.0,0.0,0.0
3.594114529,0.0,0.0,0.01,0.0
3.595245889,0.0,0.0,0.0,0.0
3.5961172450000003,0.01,0.01,0.0,0.01
3.5972719260000003,0.0,0.0,0.01,0.0
3.5981454040000003,0.01,0.0,0.0,0.0
3.5991958850000003,0.0,0.0,0.0,0.01
3.600300995,0.01,0.0,0.0,0.01
3.602239882,0.0,0.0,0.0,0.0
3.603103491,0.0,0.0,0.01,0.0
3.6042323510000003,0.01,0.0,0.0,0.0
3.605202193,0.0,0.0,0.0,0.0
3.606203256,0.01,0.0,0.0,0.01
3.6072318240000003,0.0,0.0,0.01,0.0
3.608110367,0.0,0.0,0.0,0.0
3.6092021840000004,0.0,0.0,0.0,0.0
3.610224885,0.01,0.0,0.0,0.01
3.611207668,0.09,0.09,0.09,0.01
3.612169218,0.0,0.0,0.02,0.0
3.613305258,0.03,0.0,0.0,0.0
3.6141148060000003,0.01,0.0,0.0,0.0
3.6152115570000003,0.0,0.01,0.0,0.0
3.6172018870000002,0.0,0.0,0.01,0.0
3.618217114,0.02,0.0,0.0,0.0
3.6191768640000004,0.0,0.01,0.01,0.0
3.620239686,0.0,0.0,0.0,0.0
3.621069331,0.0,0.0,0.0,0.0
3.6222157330000004,0.0,0.0,0.01,0.0
3.6231047660000004,0.0,0.01,0.02,0.0
3.6242127240000004,0.0,0.03,0.0,0.03
3.6251153570000003,0.01,0.0,0.0,0.0
3.626213916,0.0,0.0,0.0,0.0
3.627163915,0.1,0.01,0.01,0.0
3.628321079,0.0,0.0,0.0,0.0
3.629122317,0.0,0.0,0.0,0.0
3.6302414630000004,0.0,0.0,0.0,0.0
3.632308209,0.01,0.01,0.0,0.0
3.633111099,0.0,0.0,0.0,0.0
3.634262333,0.0,0.0,0.0,0.0
3.635139934,0.0,0.0,0.0,0.0
3.636239615,0.0,0.0,0.0,0.01
3.637119519,0.0,0.0,0.0,0.0
3.6382037420000004,0.0,0.0,0.01,0.0
3.6392218240000003,0.0,0.0,0.0,0.01
3.640345694,0.0,0.0,0.0,0.0
3.6411085560000003,0.0,0.01,0.0,0.0
3.642304456,0.0,0.0,0.0,0.0
3.6431138770000002,0.05,0.06,0.03,0.03
3.644235499,0.01,0.0,0.01,0.0
3.6451128600000002,0.0,0.01,0.0,0.0
3.646151763,0.0,0.01,0.0,0.0
3.648226123,0.0,0.0,0.01,0.01
3.6491270360000003,0.0,0.0,0.01,0.0
3.6502136480000003,0.03,0.01,0.0,0.01
3.651112039,0.01,0.0,0.0,0.01
3.652206563,0.0,0.0,0.0,0.0
3.6532050330000003,0.01,0.01,0.01,0.01
3.6542079000000003,0.0,0.0,0.0,0.0
3.65527783,0.01,0.0,0.0,0.0
3.656107682,0.0,0.01,0.0,0.0
3.657225683,0.0,0.0,0.0,0.0
3.6582898630000003,0.0,0.0,0.0,0.0
3.6591190510000002,0.0,0.07,0.0,0.0
3.6602639330000004,0.01,0.01,0.0,0.01
3.6611111270000003,0.0,0.0,0.0,0.0
3.6622309910000004,0.0,0.0,0.0,0.0
3.664339827,0.0,0.0,0.01,0.0
3.665086313,0.07,0.02,0.0,0.0
3.666214731,0.0,0.0,0.0,0.08
3.6671989540000003,0.0,0.0,0.0,0.01
3.668198626,0.0,0.01,0.0,0.0
3.669233236,0.0,0.0,0.0,0.0
3.6700670160000004,0.01,0.0,0.0,0.0
3.6711985890000003,0.0,0.0,0.01,0.0
3.672101855,0.01,0.0,0.01,0.0
3.6732018980000003,0.0,0.01,0.0,0.0
3.674236193,0.01,0.0,0.0,0.0
3.6751552770000004,0.0,0.0,0.01,0.01
3.6762241600000003,0.0,0.0,0.0,0.0
3.678362958,0.0,0.0,0.01,0.0
3.6791063000000004,0.0,0.0,0.0,0.01
3.6802002660000004,0.0,0.0,0.01,0.01
3.6812122090000003,0.01,0.0,0.0,0.0
3.682129106,0.0,0.0,0.0,0.0
3.683283723,0.01,0.03,0.04,0.0
3.6840964130000002,0.0,0.01,0.01,0.03
3.685099612,0.0,0.0,0.01,0.0
3.6862079960000003,0.0,0.01,0.0,0.0
3.6870611670000004,0.0,0.0,0.0,0.0
3.6882331460000004,0.0,0.01,0.0,0.02
3.689208276,0.0,0.0,0.0,0.0
3.6901649090000004,0.01,0.0,0.0,0.0
3.6911548300000003,0.0,0.0,0.0,0.0
3.693396066,0.0,0.01,0.04,0.0
3.694086636,0.04,0.0,0.0,0.05
3.695290087,0.01,0.02,0.0,0.01
3.6960616660000003,0.0,0.0,0.0,0.0
3.697303213,0.0,0.01,0.0,0.0
3.6980698070000004,0.01,0.0,0.0,0.01
3.6992297990000003,0.0,0.0,0.0,0.0
3.7001056400000003,0.0,0.0,0.0,0.0
3.7011952600000004,0.03,0.03,0.0,0.05
3.7021347980000003,0.0,0.01,0.0,0.0
3.70311776,0.01,0.0,0.0,0.0
3.7043057220000004,0.01,0.0,0.01,0.0
3.706258827,0.01,0.0,0.0,0.0
3.7070697200000002,0.02,0.03,0.01,0.0
3.7082116500000004,0.0,0.0,0.0,0.0
3.7091080140000003,0.0,0.0,0.01,0.0
3.7103303390000004,0.0,0.0,0.01,0.0
3.7110657930000004,0.0,0.01,0.0,0.01
3.712113698,0.0,0.01,0.0,0.0
3.713121767,0.0,0.0,0.0,0.0
3.7140964810000003,0.0,0.02,0.0,0.0
3.7152073800000003,0.01,0.0,0.01,0.04
3.7160988620000004,0.02,0.01,0.0,0.01
3.717342866,0.0,0.0,0.0,0.0
3.7180915690000003,0.0,0.0,0.0,0.0
3.719163018,0.0,0.0,0.01,0.0
3.7212672660000004,0.01,0.0,0.0,0.01
3.7220727210000004,0.01,0.0,0.0,0.0
3.7233561760000002,0.01,0.0,0.0,0.01
3.724081693,0.12,0.0,0.01,0.0
3.7252892080000004,0.03,0.0,0.0,0.01
3.726132412,0.0,0.0,0.0,0.0
3.727096962,0.0,0.0,0.0,0.0
3.728217964,0.01,0.0,0.0,0.0
3.729123748,0.0,0.03,0.0,0.0
3.7302372270000004,0.0,0.0,0.0,0.0
3.7310836270000003,0.0,0.0,0.0,0.0
3.7322340990000002,0.0,0.01,0.02,0.0
3.7331193060000003,0.0,0.0,0.01,0.01
3.734221577,0.0,0.0,0.0,0.02
3.735143431,0.0,0.0,0.0,0.01
3.7362587570000003,0.0,0.0,0.01,0.04
3.7383356040000004,0.0,0.0,0.01,0.0
3.739124829,0.01,0.0,0.0,0.0
3.7401165,0.0,0.0,0.01,0.01
3.7412118530000003,0.0,0.0,0.0,0.01
3.7421091410000002,0.03,0.0,0.01,0.01
3.743232535,0.0,0.0,0.0,0.0
3.7441145610000004,0.01,0.0,0.03,0.0
3.7452775710000004,0.0,0.0,0.0,0.0
3.7461318240000003,0.0,0.0,0.0,0.0
3.747233313,0.01,0.01,0.01,0.0
3.7481212790000002,0.0,0.0,0.0,0.0
3.749235724,0.0,0.0,0.0,0.0
3.750125123,0.0,0.0,0.0,0.0
3.751334984,0.0,0.01,0.0,0.01
3.753220884,0.0,0.0,0.0,0.0
3.7540662310000004,0.0,0.0,0.0,0.0
3.7551340420000003,0.01,0.0,0.0,0.02
3.756103017,0.0,0.01,0.0,0.0
3.757104597,0.0,0.0,0.01,0.01
3.7581207880000003,0.0,0.0,0.0,0.0
3.7592413610000004,0.0,0.0,0.0,0.0
3.760100065,0.0,0.0,0.0,0.01
3.761244447,0.01,0.0,0.01,0.0
3.7620736970000004,0.0,0.0,0.0,0.0
3.7632099040000004,0.0,0.0,0.0,0.0
3.764175863,0.01,0.02,0.0,0.0
3.765275248,0.0,0.01,0.0,0.0
3.767137769,0.01,0.0,0.0,0.0
3.7681065360000003,0.01,0.01,0.02,0.02
3.769230904,0.01,0.0,0.0,0.0
3.7700949610000003,0.01,0.01,0.0,0.0
3.771322876,0.02,0.01,0.01,0.0
3.772062757,0.0,0.03,0.0,0.01
3.7732878800000003,0.01,0.01,0.01,0.0
3.7741231,0.0,0.04,0.01,0.01
3.775102829,0.01,0.0,0.01,0.02
3.7762160220000003,0.04,0.03,0.04,0.0
3.777104099,0.0,0.0,0.0,0.0
3.778222598,0.0,0.0,0.01,0.0
3.779141477,0.01,0.0,0.0,0.0
3.7802362400000002,0.0,0.0,0.0,0.0
3.7811292830000003,0.0,0.01,0.0,0.0
3.7823315300000004,0.0,0.0,0.04,0.0
3.784211308,0.01,0.0,0.0,0.0
3.785131004,0.0,0.0,0.0,0.0
3.786453573,0.01,0.0,0.0,0.0
3.7870850750000002,0.0,0.02,0.01,0.0
3.7882644090000004,0.0,0.0,0.0,0.0
3.789104687,0.01,0.01,0.0,0.0
3.790208187,0.0,0.0,0.02,0.0
3.791316038,0.0,0.0,0.0,0.0
3.792102324,0.0,0.0,0.01,0.0
3.793307495,0.02,0.0,0.0,0.0
3.7941271640000003,0.01,0.0,0.0,0.01
3.795232098,0.01,0.0,0.0,0.0
3.7961392600000003,0.0,0.01,0.0,0.01
3.797209225,0.0,0.01,0.0,0.01
3.7992998160000004,0.01,0.0,0.0,0.0
3.800071575,0.0,0.0,0.0,0.02
3.8012577870000004,0.01,0.0,0.01,0.0
3.802150192,0.0,0.0,0.0,0.0
3.8032066340000004,0.0,0.0,0.0,0.01
3.804135183,0.0,0.01,0.01,0.02
3.8052023360000002,0.01,0.0,0.0,0.0
3.8062261000000004,0.0,0.0,0.0,0.0
3.807181673,0.0,0.0,0.0,0.01
3.8082103070000004,0.0,0.01,0.01,0.01
3.809206247,0.04,0.01,0.0,0.0
3.8102033650000005,0.0,0.0,0.0,0.0
3.811241776,0.0,0.0,0.0,0.02
3.813238832,0.0,0.0,0.0,0.0
3.814157755,0.0,0.0,0.0,0.0
3.8151408520000003,0.0,0.0,0.0,0.0
3.8160991450000004,0.0,0.0,0.03,0.0
3.8171368660000002,0.0,0.0,0.0,0.0
3.818139116,0.0,0.02,0.01,0.01
3.8190995560000003,0.0,0.0,0.0,0.0
3.820246832,0.0,0.0,0.0,0.0
3.8210926350000003,0.01,0.0,0.0,0.0
3.822208643,0.01,0.0,0.01,0.0
3.8231226260000004,0.0,0.0,0.01,0.0
3.8241035950000004,0.0,0.01,0.0,0.0
3.826238017,0.0,0.0,0.0,0.01
3.8271287590000003,0.0,0.01,0.0,0.0
3.828124219,0.02,0.0,0.02,0.01
3.8292741570000004,0.0,0.0,0.01,0.0
3.8301058410000004,0.0,0.0,0.0,0.0
3.8312079010000004,0.0,0.0,0.01,0.0
3.8321055840000002,0.02,0.0,0.02,0.0
3.8332111340000004,0.0,0.01,0.0,0.0
3.834129331,0.0,0.0,0.0,0.0
3.835273132,0.0,0.01,0.0,0.0
3.836078241,0.0,0.01,0.01,0.0
3.837222885,0.0,0.0,0.0,0.01
3.838129674,0.0,0.0,0.0,0.0
3.839202901,0.0,0.01,0.0,0.0
3.840106882,0.01,0.0,0.0,0.01
3.8413617010000003,0.0,0.0,0.0,0.0
3.8432182850000003,0.01,0.0,0.0,0.02
3.844247659,0.0,0.0,0.0,0.01
3.845101886,0.01,0.0,0.02,0.0
3.8461589930000004,0.03,0.03,0.01,0.01
3.847247122,0.0,0.0,0.0,0.0
3.8480777660000003,0.01,0.0,0.0,0.01
3.849313453,0.0,0.0,0.0,0.0
3.8501203650000004,0.0,0.0,0.0,0.0
3.851206808,0.0,0.01,0.0,0.0
3.8521060960000004,0.0,0.0,0.0,0.0
3.8532084710000003,0.01,0.03,0.0,0.01
3.8542878860000003,0.0,0.01,0.0,0.0
3.85506859,0.0,0.0,0.0,0.0
3.856233403,0.01,0.0,0.01,0.0
3.8581448320000002,0.0,0.0,0.0,0.01
3.859109226,0.0,0.0,0.04,0.01
3.8602182550000004,0.0,0.0,0.0,0.0
3.8611071000000003,0.0,0.0,0.02,0.05
3.8621627750000003,0.01,0.02,0.02,0.0
3.863111217,0.02,0.0,0.0,0.0
3.8642034990000003,0.01,0.0,0.0,0.0
3.8651157420000004,0.01,0.0,0.0,0.0
3.86620936,0.0,0.01,0.0,0.0
3.8671064840000002,0.0,0.02,0.0,0.0
3.8682162530000004,0.0,0.0,0.0,0.01
3.8692184210000002,0.0,0.0,0.0,0.0
3.8702040190000004,0.0,0.01,0.0,0.0
3.8712326860000004,0.01,0.0,0.0,0.03
3.872210436,0.0,0.0,0.0,0.01
3.8732273220000004,0.0,0.0,0.01,0.0
3.8742155740000004,0.0,0.0,0.0,0.0
3.875272884,0.0,0.0,0.0,0.0
3.877229073,0.07,0.0,0.02,0.0
3.8781178800000005,0.0,0.0,0.0,0.0
3.879307788,0.01,0.0,0.0,0.0
3.880063416,0.0,0.0,0.01,0.0
3.881367178,0.0,0.01,0.01,0.0
3.8820717520000003,0.0,0.0,0.0,0.0
3.8834053710000003,0.0,0.01,0.03,0.05
3.8841109630000004,0.0,0.0,0.01,0.0
3.8852067040000002,0.0,0.0,0.0,0.01
3.8862146180000003,0.01,0.0,0.0,0.0
3.8871432460000004,0.0,0.0,0.01,0.01
3.8882426970000004,0.0,0.0,0.0,0.0
3.890204084,0.02,0.0,0.0,0.0
3.8911111970000003,0.01,0.01,0.0,0.0
3.8921361400000003,0.0,0.0,0.0,0.0
3.8932186260000003,0.0,0.0,0.0,0.0
3.894104126,0.01,0.0,0.04,0.0
3.89520451,0.0,0.01,0.0,0.0
3.896105372,0.01,0.0,0.01,0.01
3.897178653,0.0,0.0,0.01,0.0
3.898105815,0.0,0.0,0.0,0.01
3.8992259560000004,0.0,0.0,0.0,0.0
3.9001078770000004,0.01,0.0,0.0,0.01
3.901206375,0.0,0.0,0.0,0.0
3.9021086530000004,0.0,0.0,0.0,0.0
3.903235983,0.02,0.0,0.0,0.0
3.9052101720000003,0.0,0.0,0.0,0.01
3.9060668780000003,0.03,0.03,0.01,0.0
3.907107748,0.01,0.0,0.0,0.0
3.908087827,0.0,0.01,0.0,0.0
3.909133428,0.0,0.0,0.0,0.0
3.9101398670000003,0.0,0.0,0.0,0.0
3.911116616,0.0,0.01,0.01,0.0
3.9121771340000002,0.0,0.02,0.0,0.0
3.913109652,0.01,0.0,0.0,0.01
3.91421448,0.0,0.0,0.0,0.01
3.915118493,0.01,0.0,0.01,0.01
3.9162180380000002,0.0,0.0,0.01,0.0
3.9172202,0.02,0.01,0.0,0.01
3.918142909,0.01,0.0,0.0,0.0
3.9192095640000004,0.0,0.0,0.0,0.0
3.921198957,0.01,0.0,0.01,0.01
3.9220999790000004,0.0,0.0,0.0,0.01
3.9231948990000003,0.01,0.04,0.11,0.04
3.924207538,0.0,0.01,0.0,0.0
3.9252012670000003,0.01,0.03,0.0,0.01
3.926199753,0.0,0.0,0.0,0.01
3.927214138,0.0,0.0,0.0,0.0
3.9282116740000004,0.01,0.01,0.02,0.02
3.929265785,0.0,0.01,0.0,0.01
3.930060844,0.0,0.01,0.0,0.01
3.9312132880000004,0.01,0.01,0.0,0.0
3.9321350560000004,0.01,0.0,0.0,0.01
3.933223475,0.12,0.0,0.0,0.01
3.9352153910000003,0.01,0.0,0.04,0.02
3.93611733,0.0,0.0,0.0,0.0
3.9371999160000004,0.01,0.0,0.0,0.0
3.9381123770000004,0.0,0.0,0.01,0.01
3.939094481,0.0,0.0,0.0,0.0
3.9400903470000004,0.05,0.0,0.01,0.0
3.94121244,0.0,0.0,0.01,0.01
3.9421086630000004,0.01,0.0,0.0,0.0
3.9432093640000003,0.04,0.0,0.01,0.01
3.9441089230000004,0.01,0.0,0.0,0.0
3.94535085,0.0,0.0,0.0,0.0
3.9461150760000003,0.0,0.0,0.01,0.0
3.9472151440000003,0.01,0.01,0.01,0.0
3.948223478,0.0,0.0,0.0,0.0
3.9492367020000003,0.0,0.0,0.0,0.0
3.9512060730000003,0.0,0.01,0.0,0.01
3.9522071660000004,0.01,0.0,0.0,0.04
3.9532082990000004,0.0,0.0,0.0,0.0
3.9541792190000002,0.0,0.01,0.0,0.0
3.955207515,0.0,0.0,0.0,0.01
3.9560618960000005,0.0,0.0,0.0,0.0
3.957367672,0.01,0.0,0.0,0.0
3.9581082530000002,0.0,0.0,0.0,0.0
3.959215291,0.0,0.0,0.0,0.0
3.9601074800000005,0.0,0.0,0.0,0.0
3.9612191790000004,0.0,0.0,0.0,0.0
3.962109297,0.0,0.0,0.0,0.01
3.9633889690000004,0.0,0.01,0.0,0.0
3.9641213970000004,0.01,0.01,0.0,0.0
3.9652031940000003,0.01,0.0,0.01,0.0
3.9671043790000002,0.0,0.01,0.01,0.0
3.9680930620000003,0.01,0.07,0.0,0.09
3.969085031,0.0,0.0,0.0,0.0
3.9701024560000002,0.0,0.0,0.0,0.0
3.9711089750000004,0.0,0.0,0.0,0.0
3.972207805,0.02,0.0,0.0,0.0
3.973089895,0.0,0.01,0.01,0.01
3.974112776,0.02,0.0,0.0,0.0
3.975162763,0.0,0.0,0.01,0.0
3.976110809,0.01,0.01,0.0,0.0
3.9770958650000003,0.0,0.0,0.0,0.0
3.978125975,0.0,0.01,0.0,0.01
3.980113867,0.0,0.0,0.0,0.01
3.9811065570000004,0.0,0.02,0.0,0.01
3.98209888,0.0,0.01,0.0,0.01
3.983099601,0.0,0.0,0.0,0.01
3.984099382,0.07,0.03,0.01,0.0
3.98509524,0.0,0.0,0.0,0.0
3.986099621,0.0,0.01,0.01,0.01
3.987098946,0.0,0.0,0.01,0.0
3.9880985460000002,0.0,0.0,0.01,0.0
3.9891047860000004,0.0,0.01,0.0,0.0
3.990107687,0.0,0.0,0.0,0.0
3.9912168930000003,0.0,0.0,0.0,0.0
3.992109445,0.01,0.0,0.01,0.0
3.993232121,0.0,0.0,0.02,0.01
3.9952107910000003,0.01,0.0,0.01,0.0
3.996107438,0.0,0.0,0.0,0.01
3.9971052100000004,0.01,0.0,0.01,0.0
3.9982140590000004,0.0,0.0,0.0,0.01
3.99910682,0.0,0.0,0.01,0.0
4.000278163,0.0,0.01,0.01,0.0
4.001110812,0.0,0.0,0.04,0.01
4.002091954,0.0,0.0,0.01,0.0
4.003115993000001,0.0,0.0,0.0,0.02
4.004133424,0.0,0.0,0.02,0.01
4.005118369,0.0,0.0,0.0,0.0
4.006203151,0.0,0.0,0.0,0.0
4.007119306,0.01,0.0,0.01,0.0
4.008223288,0.01,0.0,0.0,0.0
4.009137472,0.0,0.0,0.01,0.0
4.010248836000001,0.0,0.04,0.0,0.0
4.012184494,0.0,0.02,0.0,0.0
4.013200119,0.0,0.01,0.01,0.0
4.014203622,0.0,0.01,0.02,0.01
4.015201171,0.0,0.0,0.0,0.02
4.016207435,0.0,0.0,0.0,0.0
4.017196792,0.0,0.0,0.0,0.03
4.018199060000001,0.0,0.0,0.0,0.01
4.019195349,0.0,0.0,0.0,0.0
4.0202121680000005,0.0,0.01,0.0,0.0
4.021205609,0.0,0.0,0.0,0.0
4.022209835,0.02,0.01,0.0,0.01
4.02322445,0.0,0.0,0.01,0.0
4.024224766000001,0.01,0.0,0.0,0.01
4.025212372,0.0,0.0,0.0,0.01
4.027198954,0.0,0.0,0.0,0.0
4.02821462,0.0,0.0,0.01,0.04
4.029207146,0.0,0.01,0.0,0.0
4.030113174,0.0,0.0,0.0,0.0
4.031125988,0.0,0.0,0.01,0.0
4.032112837000001,0.01,0.01,0.0,0.0
4.033125848,0.0,0.0,0.0,0.0
4.034205785,0.0,0.0,0.03,0.03
4.035106903,0.0,0.0,0.0,0.0
4.036206465,0.0,0.0,0.0,0.0
4.0370766300000005,0.0,0.0,0.0,0.0
4.038232873,0.01,0.0,0.0,0.0
4.040208451,0.01,0.0,0.01,0.0
4.041104687000001,0.0,0.0,0.0,0.0
4.042229024,0.0,0.0,0.0,0.0
4.043110779,0.0,0.0,0.0,0.0
4.044287212,0.0,0.01,0.01,0.05
4.045112624000001,0.0,0.0,0.01,0.01
4.046210799000001,0.0,0.0,0.02,0.0
4.047209237000001,0.0,0.0,0.01,0.0
4.048199771,0.0,0.01,0.0,0.0
4.049105883,0.0,0.0,0.0,0.0
4.050309707,0.02,0.02,0.0,0.01
4.051096006,0.0,0.0,0.01,0.0
4.052210127,0.0,0.01,0.0,0.01
4.053101275,0.0,0.01,0.0,0.01
4.054214162,0.0,0.0,0.0,0.02
4.056132389,0.0,0.0,0.0,0.0
4.057204163000001,0.0,0.0,0.0,0.0
4.058114032000001,0.0,0.01,0.0,0.0
4.059210609,0.01,0.0,0.0,0.0
4.060059166,0.0,0.01,0.0,0.0
4.0610981100000005,0.04,0.02,0.0,0.0
4.06221379,0.0,0.0,0.02,0.0
4.063108097000001,0.0,0.0,0.0,0.0
4.064133324,0.0,0.0,0.0,0.01
4.065123313,0.01,0.0,0.0,0.0
4.066241211,0.01,0.0,0.0,0.0
4.067110088000001,0.0,0.01,0.0,0.03
4.068213881,0.0,0.04,0.02,0.0
4.0692255170000005,0.0,0.01,0.0,0.0
4.070260033,0.0,0.0,0.0,0.01
4.072193232,0.0,0.02,0.01,0.0
4.073105255000001,0.0,0.0,0.0,0.01
4.074222004,0.0,0.0,0.01,0.0
4.075105289000001,0.0,0.01,0.0,0.0
4.076193394000001,0.0,0.0,0.0,0.01
4.0771125260000005,0.0,0.0,0.0,0.01
4.078197918,0.0,0.02,0.0,0.03
4.079192998,0.0,0.0,0.0,0.0
4.080195124,0.0,0.01,0.0,0.01
4.081120738,0.0,0.01,0.0,0.0
4.082206974,0.01,0.0,0.0,0.0
4.083111059,0.0,0.01,0.01,0.0
4.084183803,0.08,0.06,0.02,0.02
4.085209949,0.0,0.03,0.01,0.01
4.086161590000001,0.0,0.0,0.0,0.0
4.0882160700000005,0.0,0.01,0.0,0.0
4.089107370000001,0.03,0.0,0.0,0.02
4.090232319,0.0,0.01,0.0,0.0
4.091110356000001,0.0,0.0,0.0,0.0
4.092113976,0.0,0.0,0.01,0.02
4.09321641,0.03,0.03,0.0,0.0
4.094083303000001,0.04,0.03,0.0,0.0
4.095146258000001,0.0,0.0,0.06,0.0
4.096209187,0.0,0.0,0.03,0.01
4.097166595,0.0,0.01,0.01,0.0
4.098217262,0.0,0.0,0.0,0.0
4.100216055000001,0.0,0.0,0.03,0.01
4.101105499,0.0,0.0,0.0,0.0
4.102152456000001,0.01,0.01,0.01,0.0
4.1032093750000005,0.0,0.0,0.0,0.0
4.104062767,0.01,0.0,0.0,0.01
4.10520042,0.01,0.0,0.0,0.0
4.106213321,0.0,0.01,0.01,0.0
4.107104041,0.0,0.0,0.0,0.01
4.108205013,0.0,0.01,0.0,0.0
4.109213575,0.0,0.0,0.0,0.0
4.11012545,0.0,0.03,0.0,0.01
4.111210955000001,0.0,0.0,0.0,0.01
4.112104048,0.01,0.01,0.0,0.0
4.113210552,0.0,0.0,0.0,0.0
4.114208222,0.0,0.0,0.0,0.0
4.115206269000001,0.0,0.0,0.0,0.0
4.116211225000001,0.1,0.0,0.01,0.0
4.1182057830000005,0.0,0.01,0.0,0.0
4.119210471000001,0.0,0.0,0.0,0.0
4.1202109920000005,0.0,0.02,0.0,0.0
4.12120805,0.01,0.01,0.01,0.0
4.122245622,0.01,0.0,0.0,0.0
4.123137805,0.0,0.0,0.0,0.03
4.124292185,0.0,0.0,0.01,0.0
4.1250674730000005,0.0,0.0,0.0,0.0
4.126150192,0.01,0.01,0.0,0.01
4.127220494,0.01,0.01,0.0,0.0
4.128107134,0.01,0.0,0.0,0.03
4.1292021740000004,0.02,0.0,0.0,0.0
4.1302101470000006,0.0,0.0,0.0,0.0
4.1312141,0.01,0.0,0.0,0.0
4.132305709000001,0.0,0.0,0.01,0.0
4.13420643,0.0,0.03,0.0,0.0
4.135104758000001,0.01,0.01,0.0,0.0
4.136208481000001,0.0,0.0,0.0,0.01
4.137102958,0.0,0.0,0.0,0.0
4.138227158,0.0,0.0,0.0,0.0
4.139179521,0.02,0.06,0.1,0.11
4.140220321,0.0,0.01,0.0,0.0
4.141132216,0.02,0.01,0.01,0.0
4.142213251,0.01,0.01,0.0,0.0
4.143209488,0.0,0.0,0.0,0.0
4.1442031550000005,0.04,0.01,0.0,0.0
4.14521137,0.0,0.0,0.0,0.05
4.1462216430000005,0.01,0.0,0.0,0.0
4.148196894000001,0.0,0.0,0.0,0.0
4.149110168,0.0,0.0,0.0,0.0
4.150219238,0.0,0.0,0.0,0.0
4.151107086000001,0.01,0.02,0.0,0.0
4.15220711,0.0,0.0,0.0,0.0
4.153209793,0.0,0.01,0.0,0.0
4.154130322,0.0,0.02,0.0,0.0
4.155227705000001,0.07,0.01,0.0,0.01
4.156144392,0.0,0.0,0.01,0.0
4.157281506,0.0,0.0,0.0,0.0
4.158125865000001,0.0,0.0,0.0,0.0
4.159206622,0.0,0.0,0.0,0.01
4.16021645,0.0,0.0,0.0,0.0
4.16124598,0.05,0.02,0.0,0.0
4.163205034000001,0.01,0.01,0.03,0.07
4.164107588,0.01,0.01,0.0,0.0
4.165210955,0.01,0.01,0.01,0.0
4.166061043,0.0,0.01,0.0,0.0
4.1672089450000005,0.0,0.0,0.0,0.0
4.168210126,0.01,0.01,0.0,0.0
4.169206902,0.0,0.01,0.0,0.0
4.170236539,0.0,0.0,0.0,0.0
4.171116489,0.01,0.0,0.01,0.0
4.172222298,0.0,0.01,0.0,0.01
4.173217572,0.01,0.01,0.04,0.04
4.174205484000001,0.01,0.01,0.0,0.0
4.17525353,0.0,0.0,0.0,0.0
4.176116819000001,0.0,0.0,0.0,0.0
4.1782060130000005,0.0,0.01,0.0,0.0
4.179211864,0.04,0.0,0.0,0.0
4.180207428,0.01,0.0,0.0,0.01
4.181215003,0.0,0.0,0.0,0.02
4.1822103330000004,0.0,0.0,0.0,0.01
4.183212741,0.01,0.04,0.0,0.0
4.184209041,0.0,0.0,0.03,0.01
4.185131735000001,0.0,0.01,0.01,0.01
4.186203495,0.0,0.0,0.0,0.0
4.187190034,0.07,0.01,0.0,0.0
4.188215869,0.01,0.0,0.0,0.0
4.189138838,0.0,0.0,0.0,0.0
4.1903356270000005,0.0,0.0,0.0,0.0
4.192210469,0.0,0.0,0.0,0.0
4.193064156,0.0,0.0,0.02,0.0
4.194224254,0.0,0.02,0.01,0.0
4.1952265980000005,0.0,0.0,0.0,0.03
4.196114148,0.0,0.0,0.0,0.0
4.197214001,0.01,0.0,0.0,0.01
4.198209635,0.01,0.0,0.0,0.0
4.199208899,0.0,0.0,0.0,0.01
4.200203762,0.0,0.0,0.0,0.0
4.201211026,0.01,0.01,0.0,0.0
4.202213909,0.0,0.0,0.03,0.01
4.20321397,0.01,0.0,0.0,0.0
4.204201761,0.04,0.01,0.0,0.0
4.205259561,0.0,0.0,0.01,0.0
4.2072089,0.01,0.0,0.0,0.0
4.208107651000001,0.0,0.02,0.0,0.0
4.209178797,0.01,0.0,0.0,0.0
4.210203133,0.01,0.0,0.01,0.0
4.211203502,0.1,0.0,0.0,0.01
4.212110217,0.0,0.01,0.0,0.01
4.213210394,0.0,0.0,0.0,0.0
4.21430868,0.0,0.01,0.0,0.0
4.21509554,0.01,0.0,0.0,0.0
4.216364356000001,0.0,0.0,0.0,0.0
4.2171100180000005,0.0,0.0,0.0,0.0
4.2181730470000005,0.01,0.0,0.0,0.01
4.2191058120000005,0.0,0.0,0.0,0.0
4.220310475000001,0.0,0.0,0.0,0.0
4.221120998,0.0,0.01,0.0,0.06
4.22329559,0.01,0.01,0.0,0.01
4.2240782580000005,0.01,0.01,0.01,0.0
4.225257885,0.0,0.0,0.0,0.0
4.226102799,0.01,0.0,0.01,0.0
4.2272074570000004,0.0,0.0,0.0,0.0
4.22820794,0.0,0.0,0.0,0.0
4.229247292,0.0,0.01,0.0,0.0
4.230062322,0.0,0.01,0.01,0.0
4.231199082,0.0,0.0,0.0,0.0
4.232198675,0.0,0.0,0.0,0.01
4.233216532,0.01,0.0,0.0,0.0
4.234216815,0.0,0.0,0.0,0.0
4.235267138,0.0,0.0,0.0,0.0
4.236126088000001,0.0,0.0,0.0,0.0
4.238205407000001,0.0,0.0,0.0,0.0
4.2391107990000005,0.0,0.04,0.03,0.01
4.240208087,0.01,0.0,0.01,0.0
4.241206556,0.0,0.01,0.0,0.0
4.242204197,0.0,0.01,0.0,0.0
4.243201799,0.0,0.0,0.0,0.0
4.244207577,0.01,0.0,0.0,0.01
4.2452092200000004,0.0,0.01,0.01,0.0
4.246207691,0.0,0.01,0.0,0.0
4.247347878,0.0,0.01,0.0,0.0
4.248114791,0.0,0.0,0.0,0.0
4.24913223,0.0,0.0,0.0,0.03
4.250194949,0.0,0.0,0.01,0.01
4.251127731,0.0,0.0,0.01,0.0
4.25320708,0.1,0.0,0.02,0.01
4.254240275,0.0,0.0,0.01,0.03
4.2551027470000005,0.01,0.0,0.01,0.0
4.2562032940000005,0.02,0.0,0.01,0.02
4.257215026,0.0,0.01,0.0,0.0
4.258200295,0.01,0.01,0.0,0.0
4.259202016000001,0.0,0.05,0.0,0.0
4.260209941,0.0,0.01,0.0,0.01
4.261204557,0.0,0.01,0.0,0.0
4.262110154,0.0,0.01,0.0,0.0
4.26321684,0.0,0.01,0.03,0.01
4.26420505,0.0,0.0,0.0,0.01
4.265203625,0.0,0.0,0.0,0.0
4.266208876,0.0,0.01,0.0,0.0
4.2682179950000005,0.0,0.0,0.01,0.0
4.269061571,0.0,0.0,0.0,0.0
4.270268323000001,0.0,0.01,0.0,0.0
4.2710627940000006,0.0,0.01,0.01,0.0
4.272206087000001,0.0,0.0,0.01,0.0
4.273212514,0.0,0.01,0.07,0.05
4.274206215,0.0,0.0,0.0,0.0
4.275226034,0.0,0.03,0.0,0.0
4.276204986000001,0.0,0.0,0.0,0.0
4.277203678,0.01,0.01,0.01,0.0
4.278395671,0.0,0.0,0.01,0.0
4.279071708,0.0,0.0,0.0,0.0
4.280172863000001,0.0,0.0,0.0,0.0
4.281329569,0.01,0.0,0.01,0.0
4.283210529000001,0.0,0.0,0.01,0.0
4.2841114760000005,0.0,0.0,0.01,0.0
4.285215195,0.01,0.0,0.0,0.0
4.2862067150000005,0.0,0.0,0.0,0.0
4.287175094,0.01,0.0,0.0,0.0
4.288213569,0.01,0.0,0.1,0.02
4.289187429,0.0,0.0,0.0,0.0
4.290218072,0.0,0.01,0.0,0.0
4.291214308000001,0.0,0.0,0.0,0.0
4.292222408000001,0.0,0.03,0.0,0.01
4.293203208,0.01,0.0,0.01,0.01
4.294220865000001,0.01,0.01,0.0,0.0
4.295209423,0.0,0.01,0.0,0.0
4.29623285,0.01,0.0,0.0,0.01
4.297207034,0.0,0.0,0.0,0.0
4.299200556000001,0.01,0.0,0.0,0.01
4.300166101,0.0,0.0,0.0,0.0
4.301206879,0.0,0.0,0.0,0.0
4.302200975,0.0,0.0,0.0,0.0
4.303205396,0.0,0.0,0.0,0.0
4.304112775,0.01,0.0,0.01,0.0
4.305213686,0.02,0.0,0.03,0.0
4.306210894,0.01,0.01,0.0,0.0
4.307213826,0.01,0.01,0.06,0.03
4.308218814,0.0,0.0,0.02,0.0
4.309442415,0.0,0.0,0.0,0.0
4.310073337,0.0,0.0,0.0,0.0
4.311104492,0.0,0.0,0.0,0.0
4.312202438,0.0,0.01,0.0,0.0
4.3132388420000005,0.01,0.0,0.01,0.0
4.3152942340000005,0.0,0.0,0.0,0.0
4.316104748,0.0,0.0,0.0,0.0
4.317215247,0.0,0.0,0.0,0.0
4.318205900000001,0.0,0.0,0.0,0.0
4.319211698,0.0,0.0,0.0,0.0
4.320220797,0.01,0.01,0.0,0.0
4.321203617,0.01,0.01,0.0,0.08
4.322223395,0.01,0.01,0.01,0.0
4.323217897,0.0,0.0,0.01,0.01
4.324206735000001,0.0,0.01,0.0,0.0
4.325223837,0.01,0.01,0.0,0.0
4.3262282270000005,0.0,0.0,0.0,0.01
4.327202899,0.0,0.02,0.0,0.0
4.3292034070000005,0.0,0.0,0.0,0.0
4.3302267290000005,0.0,0.01,0.0,0.01
4.331062928000001,0.0,0.01,0.01,0.0
4.332109813000001,0.03,0.03,0.01,0.0
4.333200311000001,0.0,0.0,0.01,0.0
4.33420047,0.01,0.02,0.01,0.0
4.335156678000001,0.0,0.0,0.02,0.0
4.33621824,0.0,0.0,0.01,0.01
4.337124346,0.01,0.0,0.0,0.01
4.338201726,0.0,0.01,0.06,0.06
4.339207772,0.0,0.02,0.0,0.02
4.340231666,0.0,0.01,0.01,0.0
4.342346519,0.01,0.01,0.0,0.0
4.3430987100000005,0.0,0.0,0.0,0.0
4.3441021420000006,0.0,0.0,0.01,0.0
4.3452031280000005,0.0,0.0,0.0,0.0
4.346120183,0.0,0.0,0.0,0.0
4.347207572,0.0,0.01,0.0,0.0
4.348122515,0.0,0.0,0.0,0.0
4.349206146,0.04,0.0,0.0,0.0
4.350208294000001,0.01,0.0,0.01,0.0
4.351208382,0.0,0.0,0.01,0.0
4.352200245000001,0.0,0.0,0.02,0.0
4.353203552,0.0,0.02,0.0,0.01
4.3542008580000005,0.0,0.0,0.0,0.0
4.355209691000001,0.03,0.03,0.0,0.0
4.35623616,0.0,0.01,0.0,0.0
4.357233298000001,0.0,0.01,0.01,0.0
4.358213361000001,0.01,0.0,0.0,0.01
4.360193844,0.0,0.01,0.0,0.0
4.361197528,0.0,0.01,0.0,0.0
4.36221171,0.0,0.0,0.0,0.0
4.36316897,0.0,0.01,0.0,0.0
4.364211944,0.0,0.01,0.0,0.0
4.365230189,0.0,0.02,0.0,0.08
4.366208941,0.0,0.03,0.0,0.0
4.367305134,0.0,0.0,0.01,0.01
4.368061304,0.0,0.01,0.0,0.01
4.369206672000001,0.01,0.0,0.0,0.0
4.370204276,0.01,0.0,0.0,0.0
4.371241327,0.01,0.01,0.0,0.0
4.3723301370000005,0.0,0.01,0.02,0.0
4.374277462,0.0,0.01,0.0,0.01
4.375125602000001,0.0,0.01,0.0,0.01
4.376200076,0.0,0.01,0.0,0.0
4.377233175000001,0.0,0.0,0.01,0.01
4.378066472,0.0,0.01,0.0,0.0
4.379113315000001,0.0,0.0,0.0,0.0
4.3802014830000005,0.0,0.0,0.0,0.0
4.3812065,0.03,0.03,0.01,0.04
4.382228153000001,0.0,0.0,0.01,0.0
4.383067321,0.0,0.0,0.0,0.0
4.384222133000001,0.0,0.01,0.0,0.0
4.385203853,0.0,0.0,0.01,0.0
4.386202465,0.01,0.02,0.0,0.0
4.3871070130000005,0.04,0.02,0.0,0.0
4.388216399,0.0,0.0,0.01,0.0
4.390203217000001,0.01,0.0,0.0,0.0
4.391111128,0.0,0.01,0.0,0.0
4.392197509,0.0,0.0,0.0,0.01
4.393193957,0.01,0.01,0.0,0.0
4.394217316000001,0.0,0.01,0.01,0.0
4.395096851,0.01,0.0,0.0,0.0
4.396212705,0.01,0.01,0.01,0.0
4.397203751,0.0,0.0,0.0,0.0
4.398178081,0.0,0.0,0.0,0.01
4.39921525,0.0,0.0,0.0,0.02
4.400128631,0.0,0.01,0.01,0.01
4.401215655000001,0.0,0.01,0.0,0.01
4.403218474,0.0,0.01,0.0,0.01
4.404112903000001,0.0,0.0,0.01,0.0
4.405208848,0.06,0.02,0.0,0.0
4.406135016,0.0,0.0,0.0,0.0
4.407178487,0.0,0.01,0.0,0.0
4.408111712,0.01,0.03,0.01,0.0
4.409205393000001,0.0,0.0,0.0,0.0
4.410107911,0.0,0.01,0.01,0.0
4.4112118250000005,0.0,0.0,0.0,0.07
4.412107038,0.0,0.0,0.0,0.01
4.4131461430000005,0.01,0.0,0.0,0.01
4.414199342,0.0,0.0,0.0,0.0
4.415106055,0.0,0.02,0.03,0.01
4.416220418,0.0,0.0,0.0,0.01
4.417108938,0.0,0.0,0.0,0.0
4.418199862000001,0.0,0.0,0.0,0.01
4.420187513,0.01,0.0,0.0,0.0
4.4212165930000005,0.0,0.0,0.01,0.0
4.4222101700000005,0.01,0.02,0.0,0.0
4.423209192,0.01,0.01,0.01,0.0
4.42410995,0.01,0.01,0.0,0.0
4.42510985,0.0,0.0,0.0,0.0
4.42622768,0.0,0.01,0.0,0.0
4.427070692,0.01,0.0,0.0,0.0
4.428208671,0.0,0.0,0.0,0.02
4.429198633,0.0,0.0,0.0,0.01
4.430216118000001,0.0,0.0,0.0,0.0
4.431205796,0.05,0.08,0.02,0.0
4.432228530000001,0.0,0.0,0.0,0.01
4.433242387,0.01,0.0,0.0,0.0
4.434221649,0.0,0.0,0.0,0.0
4.436202844,0.0,0.01,0.01,0.0
4.437131313,0.02,0.0,0.0,0.0
4.4381698830000005,0.0,0.0,0.0,0.0
4.439306288,0.0,0.0,0.0,0.0
4.440121496000001,0.01,0.0,0.0,0.0
4.441196151000001,0.0,0.01,0.0,0.0
4.4421248470000005,0.0,0.0,0.0,0.0
4.44325503,0.0,0.0,0.01,0.01
4.444129968,0.0,0.01,0.06,0.0
4.44526732,0.01,0.0,0.0,0.0
4.446126155,0.03,0.01,0.0,0.0
4.4472518480000005,0.0,0.0,0.0,0.0
4.448221048000001,0.0,0.0,0.0,0.0
4.449210891,0.01,0.1,0.01,0.02
4.451126856,0.0,0.0,0.01,0.0
4.452165678,0.0,0.0,0.0,0.0
4.453211824,0.0,0.04,0.0,0.03
4.454223715,0.0,0.0,0.01,0.01
4.455214111,0.01,0.0,0.01,0.02
4.456206321000001,0.01,0.03,0.0,0.04
4.457212210000001,0.0,0.0,0.0,0.01
4.458221734,0.01,0.01,0.0,0.01
4.4590607040000005,0.0,0.0,0.0,0.0
4.460204464,0.0,0.02,0.01,0.01
4.461206214000001,0.0,0.0,0.0,0.02
4.462208335000001,0.01,0.0,0.0,0.01
4.4632180660000005,0.02,0.0,0.0,0.01
4.464295493,0.01,0.03,0.0,0.0
4.4663536210000006,0.01,0.01,0.0,0.01
4.467080366,0.0,0.01,0.08,0.0
4.4681494520000005,0.0,0.0,0.0,0.01
4.469201170000001,0.0,0.0,0.0,0.0
4.470115198,0.0,0.0,0.0,0.0
4.471137157,0.0,0.0,0.0,0.0
4.47220801,0.01,0.01,0.01,0.0
4.473105042,0.0,0.0,0.02,0.01
4.47421627,0.0,0.01,0.02,0.01
4.475114546,0.01,0.0,0.01,0.0
4.476205791,0.0,0.0,0.0,0.03
4.477214433,0.0,0.0,0.0,0.0
4.4782525710000005,0.03,0.01,0.0,0.0
4.480208538,0.0,0.01,0.0,0.06
4.481108082,0.01,0.0,0.0,0.01
4.482211373,0.01,0.01,0.01,0.0
4.483078519,0.0,0.0,0.01,0.0
4.4842050780000005,0.02,0.01,0.01,0.0
4.485102673,0.0,0.0,0.01,0.01
4.4862089140000005,0.0,0.0,0.01,0.01
4.48708797,0.0,0.0,0.0,0.0
4.488206358,0.01,0.0,0.0,0.01
4.489112218000001,0.0,0.01,0.0,0.0
4.490221335,0.0,0.0,0.0,0.0
4.491206396,0.0,0.02,0.01,0.01
4.492205976,0.01,0.0,0.0,0.0
4.493234608,0.01,0.02,0.01,0.01
4.494106446,0.0,0.0,0.0,0.0
4.495375375,0.07,0.0,0.06,0.0
4.49720964,0.01,0.01,0.0,0.0
4.498121237,0.0,0.0,0.0,0.0
4.499131872,0.0,0.01,0.0,0.0
4.500104157,0.0,0.01,0.0,0.0
4.501194992,0.0,0.01,0.0,0.0
4.502103869,0.0,0.0,0.0,0.0
4.503100703,0.0,0.01,0.0,0.0
4.5042689430000005,0.0,0.0,0.0,0.01
4.505104612,0.02,0.0,0.01,0.0
4.506221702,0.0,0.01,0.0,0.01
4.507108589,0.0,0.01,0.0,0.0
4.508253171000001,0.0,0.0,0.0,0.0
4.509228418,0.0,0.0,0.0,0.0
4.511211525,0.0,0.0,0.0,0.0
4.512100159,0.0,0.01,0.0,0.0
4.513217709,0.0,0.0,0.0,0.0
4.51410536,0.0,0.0,0.0,0.0
4.515197142,0.0,0.06,0.0,0.01
4.5162087390000005,0.0,0.03,0.0,0.0
4.517193055,0.0,0.0,0.0,0.01
4.5181988010000005,0.01,0.01,0.0,0.0
4.519221225,0.0,0.0,0.0,0.0
4.52012497,0.0,0.0,0.0,0.01
4.521209677,0.02,0.0,0.01,0.0
4.522203292,0.01,0.0,0.01,0.01
4.523222291000001,0.01,0.02,0.0,0.01
4.524121816,0.0,0.0,0.01,0.0
4.525219274,0.0,0.01,0.01,0.0
4.527256885,0.01,0.0,0.0,0.04
4.5281055530000005,0.0,0.0,0.0,0.01
4.529240365000001,0.0,0.0,0.0,0.0
4.5301082180000005,0.01,0.0,0.0,0.0
4.531346802,0.01,0.0,0.01,0.0
4.532090844,0.0,0.0,0.01,0.0
4.533214345,0.0,0.0,0.01,0.0
4.5341279530000005,0.01,0.0,0.0,0.0
4.535351257,0.0,0.0,0.0,0.02
4.536065732,0.0,0.01,0.01,0.0
4.537164888,0.0,0.0,0.0,0.0
4.538238173,0.0,0.0,0.0,0.0
4.539105333,0.0,0.01,0.02,0.06
4.540206406,0.0,0.0,0.0,0.0
4.541242674,0.02,0.01,0.0,0.0
4.5431234410000005,0.0,0.0,0.0,0.02
4.544193824000001,0.0,0.03,0.0,0.0
4.545161082,0.0,0.0,0.02,0.0
4.546206163,0.0,0.0,0.01,0.0
4.547203905,0.0,0.02,0.0,0.01
4.548214036,0.0,0.0,0.02,0.0
4.549199527,0.01,0.0,0.0,0.0
4.5502176180000005,0.0,0.0,0.0,0.0
4.551206692,0.0,0.0,0.0,0.0
4.552222777,0.0,0.0,0.0,0.0
4.553215662,0.01,0.0,0.0,0.0
4.554233465,0.0,0.0,0.0,0.01
4.556180262000001,0.0,0.0,0.0,0.0
4.557348495,0.01,0.01,0.02,0.0
4.558095081,0.01,0.0,0.01,0.01
4.559108189000001,0.01,0.0,0.01,0.0
4.560107609,0.0,0.0,0.02,0.0
4.561211376,0.0,0.01,0.01,0.01
4.562150421,0.01,0.0,0.0,0.0
4.563215407,0.01,0.0,0.0,0.01
4.56411124,0.0,0.0,0.01,0.0
4.565225054,0.0,0.0,0.0,0.0
4.566107458,0.01,0.0,0.01,0.03
4.567209988,0.0,0.01,0.0,0.0
4.568241273,0.0,0.0,0.0,0.0
4.569251694,0.0,0.0,0.0,0.01
4.571223893,0.0,0.02,0.0,0.01
4.572104738,0.0,0.02,0.0,0.01
4.573213445,0.0,0.0,0.01,0.0
4.574154224,0.0,0.0,0.0,0.05
4.575204388,0.02,0.01,0.01,0.0
4.576113318,0.04,0.01,0.0,0.0
4.577209428000001,0.0,0.01,0.01,0.04
4.578206504000001,0.0,0.01,0.0,0.0
4.579295815,0.0,0.01,0.01,0.0
4.5801114510000005,0.0,0.0,0.0,0.01
4.581202804,0.0,0.0,0.0,0.0
4.5821447310000005,0.0,0.0,0.0,0.0
4.583279879,0.0,0.0,0.0,0.01
4.584140255,0.01,0.01,0.01,0.0
4.585229432,0.0,0.01,0.0,0.0
4.5862155730000005,0.0,0.0,0.01,0.0
4.588217772,0.0,0.0,0.0,0.0
4.5893068690000005,0.01,0.0,0.0,0.0
4.590123795,0.0,0.0,0.03,0.0
4.5912211130000005,0.0,0.0,0.02,0.0
4.592204764,0.01,0.01,0.01,0.0
4.593288074,0.0,0.0,0.0,0.0
4.5941064250000005,0.01,0.0,0.0,0.0
4.595173073000001,0.0,0.0,0.01,0.0
4.596209434,0.04,0.01,0.01,0.0
4.597225384000001,0.0,0.0,0.01,0.01
4.59821012,0.0,0.01,0.0,0.0
4.599212855,0.0,0.01,0.0,0.0
4.600239517,0.01,0.0,0.0,0.0
4.601220594,0.0,0.01,0.0,0.0
4.603199487,0.01,0.0,0.0,0.0
4.604354538,0.01,0.0,0.0,0.01
4.6051104590000005,0.01,0.0,0.02,0.0
4.606215699000001,0.01,0.03,0.05,0.01
4.607215337,0.0,0.0,0.01,0.03
4.608250633,0.0,0.0,0.01,0.0
4.609192233,0.01,0.0,0.0,0.0
4.61007542,0.0,0.01,0.01,0.0
4.611317578,0.0,0.0,0.0,0.0
4.612095473,0.0,0.0,0.0,0.0
4.613239092000001,0.0,0.04,0.0,0.0
4.614247596,0.0,0.0,0.01,0.0
4.615243295,0.0,0.0,0.0,0.0
4.616261991,0.0,0.0,0.0,0.0
4.618216934,0.0,0.01,0.03,0.0
4.619124212,0.0,0.01,0.0,0.0
4.620206722000001,0.0,0.0,0.0,0.0
4.621206846000001,0.0,0.01,0.0,0.0
4.622300462,0.01,0.0,0.0,0.0
4.623121888,0.0,0.01,0.01,0.03
4.624136957,0.01,0.0,0.0,0.0
4.625242394000001,0.01,0.0,0.0,0.0
4.626108487000001,0.01,0.0,0.01,0.01
4.6272308120000005,0.0,0.0,0.0,0.0
4.628222415000001,0.01,0.0,0.0,0.0
4.629236705,0.0,0.0,0.0,0.01
4.630323006,0.0,0.0,0.0,0.0
4.63220628,0.0,0.0,0.0,0.0
4.633215611000001,0.01,0.0,0.03,0.01
4.634093456,0.02,0.0,0.0,0.01
4.635224642000001,0.01,0.0,0.0,0.0
4.636206801,0.01,0.0,0.0,0.0
4.637104089,0.05,0.05,0.0,0.01
4.638215211,0.0,0.0,0.0,0.01
4.639201016,0.0,0.01,0.0,0.0
4.64021383,0.0,0.0,0.0,0.0
4.641236901,0.0,0.0,0.0,0.01
4.642062722,0.01,0.0,0.01,0.01
4.643205175,0.04,0.02,0.01,0.0
4.644223224,0.04,0.01,0.0,0.0
4.6452042460000005,0.0,0.0,0.01,0.0
4.6472056,0.0,0.0,0.0,0.0
4.648210747,0.03,0.0,0.0,0.0
4.649209981,0.01,0.0,0.0,0.0
4.65042531,0.0,0.0,0.0,0.0
4.651066978,0.01,0.0,0.0,0.0
4.652214811,0.0,0.0,0.0,0.01
4.653157692000001,0.04,0.0,0.0,0.01
4.654210793,0.01,0.01,0.04,0.0
4.65509868,0.0,0.0,0.0,0.05
4.656319030000001,0.0,0.0,0.0,0.02
4.657107989,0.0,0.0,0.03,0.02
4.6581338500000005,0.01,0.0,0.0,0.0
4.659191245000001,0.0,0.0,0.0,0.0
4.661212933000001,0.0,0.02,0.0,0.0
4.662068556,0.0,0.0,0.0,0.0
4.663210332,0.0,0.01,0.0,0.01
4.664060028000001,0.0,0.0,0.0,0.01
4.665107294,0.01,0.0,0.0,0.0
4.6662183090000005,0.01,0.01,0.0,0.0
4.667120151000001,0.0,0.0,0.01,0.0
4.66826318,0.0,0.0,0.0,0.01
4.6691242950000005,0.0,0.0,0.0,0.0
4.670174906000001,0.01,0.0,0.0,0.09
4.67120829,0.01,0.0,0.0,0.01
4.67220992,0.0,0.0,0.01,0.0
4.673149539000001,0.0,0.0,0.0,0.02
4.6742122340000005,0.01,0.01,0.0,0.0
4.67524516,0.01,0.01,0.0,0.01
4.677225828,0.05,0.02,0.01,0.0
4.678114788,0.0,0.0,0.0,0.0
4.679202648,0.0,0.0,0.0,0.0
4.680204113,0.0,0.01,0.01,0.0
4.681227252,0.0,0.0,0.0,0.0
4.682208897000001,0.01,0.01,0.0,0.01
4.683324389,0.01,0.01,0.01,0.01
4.6840820590000005,0.0,0.0,0.0,0.0
4.685210887,0.05,0.0,0.01,0.02
4.686208187,0.0,0.03,0.01,0.03
4.68711122,0.0,0.0,0.0,0.0
4.688311078,0.0,0.0,0.0,0.0
4.6891289,0.0,0.0,0.02,0.0
4.690210272000001,0.0,0.0,0.01,0.0
4.6912602450000005,0.0,0.0,0.0,0.0
4.693206141,0.03,0.0,0.03,0.01
4.694116707,0.01,0.0,0.01,0.0
4.6951607740000005,0.02,0.01,0.0,0.03
4.696223546000001,0.0,0.0,0.01,0.01
4.697197548,0.0,0.0,0.01,0.0
4.698204788,0.0,0.0,0.0,0.0
4.6991081,0.02,0.09,0.05,0.0
4.700200802,0.01,0.0,0.0,0.01
4.7012153560000005,0.0,0.0,0.0,0.01
4.702208725,0.0,0.01,0.0,0.01
4.703232326,0.02,0.01,0.0,0.0
4.7042292340000005,0.08,0.02,0.01,0.01
4.705258819,0.0,0.0,0.0,0.0
4.707116028000001,0.0,0.0,0.01,0.0
4.708210697,0.01,0.0,0.0,0.0
4.7091095130000005,0.0,0.01,0.0,0.0
4.710213788,0.01,0.0,0.01,0.0
4.711206226000001,0.0,0.0,0.0,0.01
4.712461954,0.0,0.0,0.01,0.0
4.713068971,0.0,0.0,0.01,0.0
4.714129684,0.0,0.0,0.0,0.01
4.715210021,0.04,0.01,0.01,0.0
4.716143512,0.0,0.01,0.0,0.0
4.7172232670000005,0.0,0.02,0.0,0.0
4.718124509,0.0,0.0,0.0,0.01
4.719200369,0.0,0.0,0.0,0.0
4.720206452,0.01,0.0,0.0,0.0
4.722203003000001,0.02,0.02,0.04,0.01
4.72310661,0.0,0.01,0.0,0.0
4.724340404,0.0,0.0,0.0,0.0
4.725060803,0.03,0.04,0.0,0.01
4.726368366,0.01,0.01,0.03,0.0
4.7270929740000005,0.0,0.0,0.0,0.0
4.728203725,0.01,0.0,0.0,0.01
4.729189939,0.01,0.01,0.0,0.0
4.730248493,0.0,0.0,0.0,0.01
4.731103981,0.01,0.0,0.0,0.0
4.732208893,0.01,0.0,0.0,0.03
4.7332020880000005,0.01,0.01,0.02,0.0
4.734213584,0.0,0.01,0.0,0.03
4.735233492,0.0,0.0,0.0,0.0
4.736285349,0.0,0.0,0.0,0.0
4.738200958,0.0,0.0,0.0,0.0
4.739104191,0.01,0.04,0.0,0.04
4.740199057,0.01,0.01,0.0,0.01
4.741206802000001,0.0,0.0,0.0,0.0
4.742227991,0.0,0.01,0.0,0.01
4.743442258,0.0,0.0,0.0,0.0
4.744067442,0.0,0.02,0.0,0.02
4.745104265,0.0,0.0,0.0,0.01
4.746209234,0.0,0.01,0.01,0.01
4.747167778000001,0.0,0.0,0.02,0.0
4.748072587,0.0,0.0,0.02,0.0
4.750102084,0.0,0.0,0.0,0.0
4.75112216,0.0,0.01,0.0,0.0
4.752103418,0.01,0.0,0.0,0.0
4.7530951020000005,0.0,0.0,0.0,0.0
4.754114672,0.0,0.0,0.0,0.0
4.7550997420000005,0.02,0.01,0.0,0.0
4.75609384,0.0,0.01,0.0,0.03
4.757098584,0.01,0.01,0.0,0.0
4.758101331000001,0.01,0.0,0.0,0.0
4.759114434000001,0.0,0.01,0.0,0.0
4.760341337000001,0.0,0.01,0.0,0.0
4.761087462,0.0,0.01,0.0,0.01
4.762312488,0.01,0.0,0.0,0.0
4.763114144,0.02,0.07,0.07,0.12
4.764156322000001,0.0,0.0,0.0,0.0
4.765311525,0.0,0.01,0.0,0.0
4.7672594870000005,0.0,0.01,0.01,0.0
4.768127494000001,0.02,0.0,0.0,0.0
4.769298758000001,0.0,0.01,0.0,0.0
4.770065207,0.01,0.0,0.0,0.06
4.7712323560000005,0.0,0.0,0.02,0.0
4.772200456,0.0,0.01,0.0,0.01
4.773086668,0.0,0.0,0.0,0.02
4.774281452,0.0,0.0,0.0,0.01
4.775063510000001,0.01,0.0,0.0,0.0
4.776269883,0.0,0.0,0.02,0.0
4.777103891,0.0,0.0,0.0,0.0
4.778270722,0.01,0.0,0.0,0.0
4.779124466000001,0.0,0.0,0.0,0.0
4.780289377,0.01,0.0,0.0,0.0
4.78113264,0.0,0.0,0.0,0.0
4.782306967,0.01,0.01,0.0,0.0
4.784229571,0.0,0.01,0.0,0.0
4.7851209390000005,0.04,0.01,0.0,0.0
4.786251143,0.0,0.0,0.0,0.0
4.787082935,0.0,0.0,0.0,0.0
4.788207088,0.01,0.02,0.0,0.0
4.789199481000001,0.0,0.0,0.0,0.01
4.790197823000001,0.0,0.01,0.0,0.01
4.791198525,0.0,0.0,0.01,0.0
4.792199050000001,0.0,0.0,0.0,0.0
4.793210828,0.0,0.0,0.01,0.0
4.794226646,0.0,0.0,0.0,0.0
4.795100306,0.0,0.0,0.0,0.02
4.796232944000001,0.0,0.0,0.0,0.0
4.798212973,0.01,0.0,0.01,0.0
4.7990586870000005,0.0,0.01,0.08,0.08
4.800218087,0.0,0.0,0.0,0.0
4.801063827,0.0,0.0,0.0,0.0
4.802203438,0.0,0.0,0.0,0.0
4.803102604,0.0,0.01,0.01,0.01
4.804100921,0.01,0.0,0.01,0.0
4.80515781,0.0,0.01,0.0,0.03
4.8061202530000005,0.0,0.01,0.0,0.0
4.8072546460000005,0.0,0.0,0.0,0.0
4.808123054,0.0,0.0,0.0,0.0
4.8092030370000005,0.0,0.0,0.01,0.0
4.81012397,0.0,0.0,0.0,0.0
4.81125731,0.0,0.0,0.01,0.0
4.813204961,0.0,0.0,0.0,0.0
4.8141081450000005,0.0,0.02,0.0,0.02
4.815211575,0.05,0.01,0.0,0.02
4.816060956,0.0,0.0,0.03,0.07
4.817199405,0.0,0.0,0.0,0.01
4.818109892000001,0.0,0.0,0.0,0.03
4.819116273000001,0.0,0.0,0.0,0.01
4.820217531,0.01,0.0,0.0,0.0
4.821171226000001,0.0,0.01,0.0,0.0
4.822213266,0.0,0.01,0.0,0.03
4.823109051,0.0,0.01,0.01,0.01
4.824204877000001,0.0,0.0,0.0,0.0
4.825121764,0.0,0.01,0.0,0.0
4.826238334,0.0,0.0,0.01,0.01
4.828213835000001,0.0,0.0,0.0,0.0
4.829098467000001,0.01,0.0,0.0,0.0
4.830093985,0.0,0.0,0.02,0.04
4.831125264000001,0.0,0.01,0.01,0.01
4.83219648,0.0,0.0,0.0,0.0
4.8330561770000005,0.0,0.0,0.0,0.0
4.834201317000001,0.0,0.01,0.01,0.0
4.835106142,0.0,0.0,0.0,0.01
4.836209544,0.01,0.0,0.02,0.0
4.837110859,0.0,0.0,0.0,0.0
4.838272015,0.0,0.01,0.0,0.0
4.839091757,0.0,0.0,0.0,0.0
4.840426215,0.0,0.0,0.0,0.0
4.842217529,0.0,0.0,0.0,0.01
4.843104218000001,0.03,0.0,0.0,0.0
4.8442157240000006,0.0,0.0,0.0,0.0
4.8450599930000005,0.01,0.01,0.03,0.0
4.846219959,0.0,0.0,0.0,0.0
4.847090095,0.0,0.0,0.06,0.0
4.848208625000001,0.0,0.01,0.0,0.0
4.8491023250000005,0.0,0.01,0.0,0.0
4.850202155000001,0.0,0.0,0.0,0.0
4.851091076,0.01,0.0,0.0,0.01
4.852215735000001,0.0,0.0,0.0,0.0
4.8532159560000006,0.01,0.0,0.01,0.01
4.854109675,0.0,0.0,0.0,0.0
4.855224558000001,0.0,0.0,0.0,0.01
4.856111889,0.0,0.03,0.0,0.0
4.857213252,0.0,0.0,0.02,0.0
4.859211149,0.01,0.01,0.0,0.01
4.860056619000001,0.0,0.0,0.0,0.0
4.861209806000001,0.0,0.01,0.0,0.01
4.862100517,0.0,0.01,0.01,0.01
4.863196119,0.01,0.0,0.0,0.04
4.864196984,0.0,0.0,0.02,0.02
4.86520946,0.0,0.0,0.0,0.04
4.866205315,0.0,0.0,0.0,0.0
4.867213311,0.0,0.0,0.0,0.0
4.8680629280000005,0.0,0.01,0.0,0.0
4.869262392,0.0,0.0,0.0,0.0
4.8712539050000006,0.0,0.01,0.0,0.0
4.872125449,0.0,0.01,0.0,0.0
4.873073046,0.0,0.01,0.0,0.0
4.874115313,0.0,0.0,0.0,0.0
4.875109227,0.0,0.0,0.03,0.0
4.876094409,0.0,0.0,0.0,0.0
4.877207291,0.01,0.0,0.0,0.01
4.878058506,0.0,0.0,0.0,0.0
4.879229173000001,0.0,0.0,0.02,0.02
4.88010625,0.0,0.0,0.0,0.0
4.881206571,0.01,0.0,0.0,0.0
4.8821017950000005,0.0,0.0,0.01,0.01
4.883221900000001,0.0,0.0,0.0,0.01
4.884106330000001,0.01,0.0,0.01,0.0
4.885217524000001,0.0,0.0,0.0,0.0
4.886233055,0.0,0.0,0.01,0.0
4.887109361,0.0,0.01,0.0,0.01
4.889196957,0.01,0.02,0.0,0.01
4.890230646,0.0,0.0,0.0,0.0
4.891101134,0.01,0.0,0.01,0.0
4.892168081,0.0,0.0,0.0,0.0
4.893207482,0.0,0.01,0.0,0.0
4.894215043,0.0,0.0,0.0,0.01
4.895203188,0.02,0.01,0.01,0.0
4.896217841,0.01,0.0,0.04,0.04
4.897111441000001,0.0,0.01,0.01,0.0
4.898289152,0.01,0.0,0.0,0.0
4.899121940000001,0.0,0.0,0.0,0.0
4.90030712,0.0,0.01,0.01,0.0
4.901129733,0.0,0.0,0.0,0.0
4.902370318,0.01,0.0,0.01,0.0
4.904266344000001,0.0,0.02,0.0,0.01
4.905105698000001,0.0,0.0,0.01,0.0
4.906199363000001,0.0,0.0,0.0,0.0
4.9072118300000005,0.0,0.0,0.0,0.01
4.908208278,0.0,0.0,0.0,0.0
4.909199251,0.0,0.0,0.01,0.0
4.910199929,0.0,0.0,0.0,0.0
4.911292819000001,0.01,0.0,0.0,0.0
4.912116161,0.02,0.0,0.0,0.01
4.913208463,0.06,0.0,0.0,0.0
4.9142243930000005,0.0,0.01,0.01,0.0
4.915214845,0.0,0.01,0.0,0.0
4.916219913,0.0,0.0,0.0,0.0
4.917098554000001,0.0,0.0,0.01,0.0
4.918225217000001,0.0,0.0,0.0,0.0
4.920219395,0.0,0.0,0.0,0.0
4.921108777000001,0.0,0.0,0.0,0.0
4.9222097300000005,0.01,0.0,0.01,0.0
4.923108244000001,0.0,0.0,0.0,0.0
4.924202348000001,0.0,0.0,0.02,0.01
4.925218142,0.0,0.0,0.0,0.0
4.926056928,0.05,0.01,0.01,0.0
4.927196825,0.0,0.0,0.0,0.01
4.928117369000001,0.0,0.0,0.0,0.0
4.929468591,0.0,0.01,0.0,0.0
4.930065865,0.0,0.08,0.01,0.0
4.931296226000001,0.01,0.01,0.01,0.02
4.933160102,0.02,0.0,0.0,0.01
4.934225105,0.0,0.0,0.0,0.02
4.93510851,0.01,0.0,0.01,0.0
4.936209879000001,0.01,0.0,0.0,0.0
4.937260796,0.0,0.0,0.02,0.0
4.938071636,0.0,0.0,0.0,0.0
4.939251003000001,0.0,0.0,0.0,0.0
4.940118598000001,0.03,0.01,0.0,0.0
4.94119357,0.01,0.02,0.01,0.02
4.942119706000001,0.01,0.0,0.0,0.0
4.943221993,0.0,0.0,0.0,0.0
4.944112522,0.02,0.04,0.0,0.01
4.945198086,0.0,0.0,0.02,0.0
4.946217614,0.01,0.0,0.0,0.0
4.947248289,0.01,0.01,0.02,0.0
4.948203325000001,0.0,0.0,0.0,0.0
4.950217111000001,0.01,0.01,0.0,0.01
4.951211232,0.0,0.0,0.0,0.0
4.952210595,0.0,0.0,0.0,0.0
4.953151035,0.0,0.0,0.0,0.0
4.954206490000001,0.0,0.0,0.0,0.0
4.955108509,0.0,0.01,0.0,0.0
4.956100579,0.0,0.0,0.0,0.0
4.957212675,0.0,0.0,0.0,0.0
4.9580681570000005,0.0,0.0,0.0,0.0
4.959205799,0.0,0.0,0.01,0.0
4.960150697,0.0,0.0,0.0,0.0
4.961248519000001,0.01,0.0,0.0,0.0
4.96211563,0.0,0.0,0.0,0.0
4.963201484000001,0.01,0.0,0.0,0.0
4.965205855000001,0.01,0.02,0.01,0.04
4.9660962820000005,0.0,0.01,0.0,0.0
4.967205826000001,0.0,0.0,0.0,0.0
4.968204162,0.02,0.0,0.0,0.0
4.969199395,0.0,0.0,0.0,0.0
4.970306395000001,0.01,0.0,0.01,0.0
4.971063764,0.0,0.0,0.01,0.0
4.972351198,0.0,0.02,0.0,0.02
4.9731283930000005,0.0,0.0,0.0,0.0
4.974210080000001,0.01,0.0,0.07,0.01
4.9751070340000005,0.0,0.0,0.0,0.0
4.97621016,0.0,0.0,0.0,0.0
4.977259083000001,0.01,0.01,0.0,0.0
4.97811741,0.01,0.01,0.0,0.0
4.979214514000001,0.01,0.0,0.0,0.0
4.981198873,0.0,0.0,0.0,0.0
4.982210631,0.0,0.0,0.0,0.0
4.983210969,0.0,0.0,0.0,0.0
4.984200186000001,0.0,0.01,0.03,0.0
4.985109858,0.0,0.04,0.0,0.0
4.9862629830000005,0.0,0.03,0.0,0.0
4.98711036,0.01,0.0,0.0,0.0
4.988135086000001,0.0,0.0,0.0,0.0
4.989223893,0.0,0.0,0.0,0.0
4.990103595,0.01,0.0,0.0,0.0
4.9914674450000005,0.0,0.0,0.0,0.0
4.9920624270000005,0.01,0.03,0.07,0.03
4.993208189000001,0.0,0.01,0.01,0.0
4.995226625,0.0,0.0,0.01,0.0
4.996111893,0.0,0.0,0.01,0.0
4.997219577,0.0,0.0,0.01,0.0
4.998107972000001,0.0,0.0,0.01,0.01
4.999221444000001,0.0,0.0,0.01,0.0
5.000076699,0.0,0.0,0.0,0.0
5.001244597,0.0,0.0,0.01,0.0
5.002118849,0.0,0.01,0.0,0.0
5.003219466,0.0,0.02,0.0,0.0
5.0041080440000005,0.02,0.0,0.01,0.0
5.005474749,0.0,0.0,0.01,0.0
5.006069271,0.0,0.01,0.0,0.0
5.007254685,0.01,0.0,0.02,0.01
5.009268593000001,0.0,0.01,0.0,0.0
5.010117292,0.0,0.0,0.0,0.0
5.011099415,0.0,0.0,0.0,0.0
5.012204002000001,0.0,0.0,0.0,0.0
5.013107011000001,0.0,0.01,0.0,0.0
5.014202169000001,0.04,0.01,0.01,0.0
5.015202116,0.0,0.0,0.01,0.01
5.016217457000001,0.02,0.0,0.0,0.01
5.017108492,0.01,0.03,0.0,0.0
5.01820867,0.02,0.01,0.0,0.0
5.0191207680000005,0.01,0.0,0.0,0.0
5.0202192850000005,0.0,0.0,0.02,0.0
5.021240344000001,0.01,0.0,0.01,0.0
5.023371206,0.0,0.01,0.0,0.0
5.024069919,0.0,0.0,0.01,0.0
5.025205509,0.0,0.0,0.0,0.0
5.026209198,0.01,0.01,0.0,0.01
5.027200881000001,0.0,0.01,0.0,0.1
5.02820538,0.0,0.0,0.0,0.01
5.029113788,0.0,0.0,0.01,0.0
5.0302065240000005,0.01,0.0,0.0,0.01
5.031220891,0.0,0.01,0.0,0.0
5.032207288,0.0,0.01,0.0,0.0
5.0333231860000005,0.0,0.0,0.0,0.0
5.034116264000001,0.0,0.01,0.0,0.0
5.035204807,0.01,0.0,0.0,0.0
5.036209451,0.0,0.0,0.0,0.0
5.037212407,0.0,0.01,0.0,0.0
5.038200865,0.01,0.0,0.0,0.01
5.039213783,0.0,0.01,0.03,0.0
5.0412063840000005,0.0,0.01,0.0,0.0
5.042205501000001,0.0,0.0,0.0,0.01
5.043205191,0.0,0.0,0.0,0.0
5.044125322,0.01,0.0,0.01,0.0
5.045202867,0.0,0.0,0.0,0.0
5.046213506,0.0,0.01,0.0,0.0
5.047202061,0.0,0.01,0.0,0.02
5.048124194000001,0.0,0.0,0.0,0.01
5.049208685,0.0,0.0,0.0,0.0
5.050255531,0.01,0.0,0.0,0.0
5.051115809000001,0.0,0.0,0.0,0.0
5.052343854,0.01,0.02,0.04,0.0
5.054212570000001,0.02,0.0,0.04,0.01
5.055090535000001,0.0,0.01,0.0,0.01
5.056287195,0.0,0.01,0.01,0.0
5.057123279000001,0.0,0.0,0.03,0.0
5.058199379,0.0,0.0,0.0,0.0
5.059114787,0.0,0.01,0.0,0.0
5.060196675,0.0,0.03,0.03,0.06
5.061104887,0.01,0.0,0.0,0.0
5.062126639000001,0.0,0.01,0.01,0.0
5.063199228,0.0,0.0,0.0,0.0
5.064195656,0.0,0.01,0.0,0.01
5.0652083900000004,0.01,0.01,0.0,0.0
5.066210718000001,0.0,0.0,0.0,0.0
5.067232681,0.0,0.0,0.0,0.0
5.06923962,0.0,0.0,0.0,0.0
5.07020852,0.0,0.0,0.0,0.0
5.071208808000001,0.0,0.0,0.08,0.03
5.072208417000001,0.0,0.0,0.0,0.0
5.073208964,0.0,0.0,0.0,0.01
5.074200008,0.01,0.01,0.0,0.0
5.075214214000001,0.01,0.0,0.0,0.01
5.076252316000001,0.01,0.0,0.0,0.01
5.0771122790000005,0.0,0.0,0.0,0.0
5.0782070720000005,0.01,0.01,0.01,0.01
5.079202708,0.0,0.0,0.0,0.0
5.081209268,0.0,0.0,0.01,0.0
5.082102918,0.01,0.0,0.0,0.0
5.083377085,0.01,0.01,0.0,0.0
5.084063316,0.0,0.0,0.01,0.01
5.085365129,0.02,0.0,0.0,0.0
5.086110543,0.01,0.0,0.0,0.0
5.087196541,0.01,0.0,0.0,0.0
5.088211871,0.01,0.02,0.03,0.01
5.089136196,0.0,0.0,0.05,0.07
5.0902298020000005,0.0,0.0,0.02,0.01
5.091115925,0.01,0.0,0.0,0.0
5.092203860000001,0.0,0.0,0.0,0.0
5.093231276,0.0,0.0,0.0,0.01
5.094213364000001,0.0,0.0,0.0,0.04
5.095123468000001,0.01,0.0,0.0,0.01
5.096208397000001,0.0,0.0,0.0,0.0
5.097108708,0.01,0.01,0.0,0.0
5.098262099,0.0,0.0,0.01,0.0
5.100163090000001,0.0,0.0,0.0,0.0
5.101201261,0.0,0.0,0.0,0.0
5.102125709,0.0,0.02,0.0,0.0
5.103195464000001,0.0,0.01,0.0,0.0
5.1041034320000005,0.0,0.03,0.0,0.0
5.105118419,0.01,0.0,0.0,0.0
5.106201724,0.0,0.0,0.0,0.0
5.107100777,0.01,0.01,0.01,0.0
5.108204856,0.02,0.0,0.0,0.01
5.109060164000001,0.0,0.0,0.0,0.0
5.11023779,0.01,0.0,0.0,0.0
5.111103101,0.0,0.0,0.01,0.0
5.112198341,0.0,0.0,0.0,0.01
5.113118228,0.0,0.0,0.0,0.01
5.114387076000001,0.0,0.0,0.0,0.0
5.116117889000001,0.01,0.0,0.01,0.0
5.117106059,0.01,0.0,0.0,0.04
5.118214630000001,0.01,0.03,0.01,0.01
5.119104046,0.01,0.0,0.0,0.0
5.120282397,0.0,0.0,0.0,0.0
5.12111683,0.0,0.0,0.01,0.0
5.1222135,0.0,0.01,0.0,0.01
5.123210594000001,0.03,0.0,0.02,0.0
5.124124141,0.02,0.0,0.0,0.04
5.125211797,0.0,0.0,0.01,0.01
5.126199219,0.01,0.01,0.0,0.0
5.12720324,0.0,0.01,0.0,0.0
5.128364252,0.0,0.01,0.01,0.01
5.130224448,0.0,0.01,0.0,0.0
5.131105818,0.0,0.0,0.0,0.03
5.132201281,0.0,0.01,0.0,0.0
5.133211997,0.01,0.01,0.0,0.0
5.134198264,0.0,0.04,0.0,0.01
5.135116503,0.0,0.0,0.01,0.01
5.1362122580000005,0.0,0.0,0.01,0.09
5.137204183000001,0.0,0.0,0.01,0.0
5.138210692,0.0,0.01,0.0,0.0
5.13919879,0.0,0.0,0.0,0.0
5.140212731,0.0,0.0,0.0,0.0
5.141206915000001,0.0,0.01,0.0,0.0
5.142200231,0.0,0.01,0.0,0.01
5.143206054,0.0,0.0,0.0,0.0
5.145249908,0.01,0.0,0.0,0.02
5.146116672000001,0.0,0.03,0.01,0.01
5.147239936,0.01,0.0,0.02,0.03
5.148107016,0.01,0.01,0.0,0.0
5.149191404000001,0.0,0.0,0.04,0.0
5.150200387,0.01,0.01,0.01,0.0
5.15118921,0.0,0.01,0.0,0.0
5.152191205,0.0,0.01,0.01,0.0
5.153196075,0.0,0.0,0.03,0.0
5.154218592,0.01,0.0,0.0,0.0
5.1552065350000005,0.02,0.01,0.02,0.08
5.156202584000001,0.0,0.0,0.0,0.01
5.157199201,0.02,0.0,0.0,0.01
5.15821776,0.0,0.0,0.01,0.0
5.159234137,0.0,0.0,0.0,0.0
5.161209830000001,0.0,0.0,0.0,0.0
5.162216407000001,0.0,0.0,0.0,0.0
5.1632368390000005,0.0,0.0,0.02,0.0
5.164204707000001,0.0,0.0,0.0,0.0
5.165210416000001,0.0,0.0,0.02,0.05
5.166250523,0.01,0.0,0.0,0.01
5.167106439,0.0,0.0,0.0,0.0
5.168211042,0.0,0.02,0.0,0.02
5.169114008,0.0,0.0,0.0,0.01
5.170140896,0.0,0.0,0.0,0.0
5.171203268,0.0,0.01,0.05,0.03
5.1722066820000006,0.0,0.04,0.0,0.03
5.1731118380000005,0.05,0.0,0.01,0.0
5.174242294,0.0,0.0,0.01,0.0
5.176238771,0.01,0.0,0.0,0.0
5.177144607000001,0.0,0.0,0.0,0.0
5.178338625,0.01,0.01,0.01,0.0
5.1790990180000005,0.0,0.01,0.0,0.0
5.18023509,0.0,0.0,0.0,0.0
5.181170623000001,0.07,0.0,0.05,0.0
5.182310319,0.01,0.0,0.0,0.0
5.183115796,0.0,0.0,0.0,0.0
5.184305357,0.0,0.01,0.0,0.0
5.185106168,0.0,0.0,0.0,0.01
5.186304263,0.0,0.01,0.01,0.0
5.18732164,0.01,0.01,0.02,0.01
5.189268595000001,0.0,0.0,0.0,0.0
5.190309047,0.0,0.0,0.0,0.0
5.191109762,0.0,0.01,0.0,0.01
5.192217145000001,0.01,0.0,0.0,0.01
5.193202037000001,0.0,0.0,0.0,0.01
5.194233655000001,0.0,0.0,0.0,0.01
5.1952076940000005,0.0,0.01,0.0,0.01
5.196201875000001,0.01,0.0,0.0,0.0
5.197203975000001,0.0,0.0,0.0,0.0
5.198194349,0.02,0.0,0.0,0.0
5.199218962000001,0.0,0.0,0.0,0.01
5.200216676,0.0,0.0,0.0,0.0
5.201205981,0.0,0.01,0.01,0.0
5.2022325920000005,0.01,0.0,0.0,0.0
5.203220968,0.01,0.0,0.0,0.0
5.2042382840000005,0.0,0.0,0.0,0.0
5.205267344,0.02,0.01,0.01,0.0
5.207220443000001,0.0,0.0,0.01,0.0
5.208114915,0.02,0.0,0.01,0.0
5.209134717,0.01,0.01,0.01,0.0
5.210232175000001,0.0,0.0,0.0,0.03
5.2111111260000005,0.0,0.0,0.0,0.01
5.212203266,0.0,0.0,0.01,0.0
5.213247161,0.03,0.0,0.0,0.01
5.2141970330000005,0.01,0.01,0.02,0.01
5.215236354,0.0,0.0,0.0,0.0
5.216108188000001,0.02,0.03,0.01,0.0
5.217229631,0.0,0.0,0.01,0.0
5.218235402,0.02,0.0,0.01,0.0
5.2192299470000005,0.0,0.0,0.0,0.0
5.221220027,0.0,0.0,0.0,0.0
5.222213783,0.0,0.0,0.0,0.0
5.223200070000001,0.0,0.0,0.0,0.01
5.224211371,0.0,0.0,0.0,0.0
5.22520353,0.01,0.0,0.0,0.0
5.226246048,0.0,0.01,0.01,0.01
5.227107795,0.0,0.01,0.0,0.0
5.228206805,0.0,0.0,0.0,0.0
5.229203376,0.0,0.0,0.0,0.0
5.230210079,0.0,0.01,0.0,0.0
5.2312114450000005,0.07,0.05,0.0,0.0
5.232202915,0.0,0.01,0.03,0.0
5.233251147000001,0.0,0.01,0.0,0.0
5.234283096,0.0,0.0,0.0,0.0
5.23512246,0.0,0.01,0.01,0.0
5.237202931000001,0.0,0.0,0.0,0.01
5.2383664,0.0,0.01,0.0,0.0
5.239091345,0.01,0.01,0.01,0.0
5.24022665,0.0,0.01,0.0,0.0
5.241234373,0.0,0.01,0.01,0.0
5.242224405,0.02,0.01,0.0,0.0
5.24312569,0.0,0.0,0.0,0.0
5.244299863,0.0,0.0,0.0,0.0
5.245153436000001,0.0,0.0,0.0,0.0
5.246115766,0.01,0.0,0.0,0.0
5.247224054,0.01,0.02,0.0,0.0
5.24824417,0.0,0.08,0.01,0.0
5.24922673,0.0,0.0,0.0,0.0
5.250228495,0.0,0.0,0.01,0.01
5.252151764000001,0.0,0.01,0.03,0.0
5.253199686,0.0,0.0,0.0,0.02
5.254204229,0.0,0.01,0.02,0.0
5.255199398,0.0,0.01,0.0,0.04
5.256207209,0.0,0.0,0.0,0.0
5.257207732,0.01,0.02,0.0,0.0
5.258238856,0.0,0.0,0.03,0.0
5.259202919000001,0.0,0.0,0.0,0.0
5.260194823,0.0,0.0,0.0,0.01
5.261209195,0.0,0.05,0.01,0.01
5.262208381000001,0.0,0.0,0.0,0.0
5.263214720000001,0.0,0.02,0.03,0.0
5.264160064,0.0,0.01,0.03,0.02
5.265206651000001,0.0,0.0,0.0,0.0
5.267210236,0.0,0.03,0.02,0.01
5.268106893000001,0.0,0.0,0.0,0.0
5.26930413,0.0,0.0,0.0,0.0
5.270087275000001,0.0,0.0,0.0,0.0
5.271215358,0.0,0.01,0.01,0.0
5.272138888000001,0.0,0.0,0.01,0.0
5.273108936000001,0.01,0.0,0.0,0.0
5.2742237780000005,0.0,0.0,0.01,0.0
5.2751145170000004,0.0,0.0,0.0,0.0
5.276153185,0.0,0.0,0.0,0.01
5.277208957,0.04,0.0,0.07,0.01
5.278102952,0.0,0.02,0.01,0.0
5.279245905000001,0.0,0.0,0.0,0.0
5.280063121,0.0,0.01,0.0,0.01
5.281201655,0.0,0.0,0.01,0.0
5.283205055000001,0.0,0.03,0.0,0.0
5.284103190000001,0.03,0.0,0.06,0.01
5.2852038750000006,0.01,0.0,0.0,0.01
5.286060442,0.0,0.0,0.01,0.01
5.287205278,0.0,0.01,0.0,0.0
5.288102265,0.0,0.01,0.0,0.0
5.289202105,0.0,0.0,0.0,0.0
5.29013355,0.01,0.0,0.0,0.01
5.291204185000001,0.01,0.01,0.0,0.05
5.292116587000001,0.0,0.0,0.0,0.0
5.293212017,0.0,0.01,0.01,0.01
5.294221276,0.02,0.06,0.0,0.02
5.295221938,0.02,0.0,0.0,0.0
5.296204488000001,0.04,0.0,0.0,0.0
5.297217946,0.03,0.0,0.0,0.0
5.299197368000001,0.0,0.02,0.0,0.0
5.300213758,0.0,0.01,0.01,0.0
5.301105788,0.0,0.0,0.0,0.0
5.302208221,0.0,0.0,0.0,0.01
5.303206465000001,0.0,0.0,0.0,0.01
5.304223569,0.0,0.01,0.0,0.0
5.305226632,0.0,0.02,0.0,0.01
5.306319915,0.0,0.0,0.0,0.01
5.307118753,0.0,0.01,0.0,0.0
5.308374998000001,0.0,0.0,0.0,0.01
5.309101512000001,0.0,0.01,0.0,0.01
5.310223806000001,0.0,0.0,0.0,0.0
5.3112452690000005,0.0,0.0,0.0,0.0
5.312270785,0.01,0.01,0.0,0.0
5.314230096,0.0,0.02,0.0,0.0
5.315106131,0.0,0.0,0.0,0.0
5.316197891000001,0.04,0.0,0.0,0.0
5.317202283,0.0,0.03,0.0,0.01
5.3181425760000005,0.01,0.0,0.0,0.0
5.31920907,0.0,0.0,0.0,0.0
5.320103686,0.01,0.0,0.01,0.0
5.321206894,0.0,0.0,0.01,0.0
5.322266489,0.0,0.0,0.0,0.01
5.323110388,0.02,0.0,0.02,0.0
5.324207575,0.01,0.0,0.0,0.0
5.325236391000001,0.0,0.0,0.02,0.0
5.326106878,0.0,0.03,0.0,0.0
5.327212288,0.0,0.0,0.01,0.0
5.3291996720000006,0.01,0.03,0.0,0.01
5.330207748,0.0,0.0,0.01,0.0
5.331111092,0.02,0.0,0.01,0.01
5.332071548,0.01,0.0,0.0,0.0
5.3331504480000005,0.0,0.0,0.0,0.0
5.334110838,0.0,0.01,0.04,0.01
5.335342551,0.0,0.0,0.0,0.0
5.336136768,0.0,0.0,0.0,0.0
5.337325045,0.01,0.0,0.01,0.01
5.338106882,0.02,0.0,0.01,0.01
5.339213904,0.01,0.01,0.0,0.01
5.340238059000001,0.0,0.01,0.0,0.0
5.34110056,0.0,0.0,0.0,0.01
5.342206538,0.04,0.02,0.01,0.01
5.344200713,0.0,0.0,0.0,0.01
5.3451450330000005,0.0,0.01,0.0,0.0
5.3462076640000005,0.0,0.0,0.01,0.0
5.347107988,0.01,0.0,0.01,0.0
5.348211135000001,0.01,0.0,0.0,0.01
5.349209757000001,0.0,0.0,0.0,0.0
5.3502088610000005,0.0,0.0,0.0,0.0
5.351205,0.01,0.0,0.0,0.0
5.352209022,0.0,0.01,0.01,0.0
5.353214405,0.0,0.01,0.0,0.0
5.354189827,0.01,0.01,0.01,0.0
5.356234372,0.0,0.0,0.0,0.0
5.357208764,0.0,0.05,0.0,0.02
5.3581976430000005,0.01,0.0,0.01,0.01
5.359200586,0.0,0.0,0.0,0.01
5.360200776,0.0,0.0,0.01,0.01
5.3612129490000004,0.01,0.0,0.0,0.0
5.3623662450000005,0.0,0.01,0.02,0.0
5.363110593,0.01,0.0,0.01,0.0
5.36424048,0.02,0.04,0.01,0.03
5.365119746,0.0,0.01,0.0,0.01
5.366370771000001,0.01,0.0,0.0,0.0
5.367098523,0.0,0.0,0.0,0.0
5.3681154300000005,0.0,0.0,0.0,0.03
5.369197221,0.0,0.0,0.0,0.0
5.370144129000001,0.0,0.0,0.01,0.0
5.371227370000001,0.0,0.0,0.02,0.01
5.372130374,0.0,0.0,0.0,0.0
5.374203467,0.01,0.0,0.01,0.0
5.375211569,0.03,0.01,0.05,0.0
5.376314951,0.0,0.01,0.02,0.0
5.377106599,0.0,0.01,0.01,0.0
5.378206996,0.03,0.0,0.0,0.0
5.379206764,0.01,0.01,0.0,0.0
5.380208295,0.0,0.0,0.01,0.02
5.3812136950000005,0.0,0.0,0.0,0.0
5.382199331000001,0.0,0.03,0.0,0.0
5.383200833,0.0,0.01,0.0,0.0
5.384210767,0.01,0.0,0.0,0.0
5.3852202,0.0,0.01,0.02,0.0
5.386238857,0.0,0.0,0.01,0.01
5.388232883000001,0.02,0.0,0.0,0.0
5.389104623000001,0.0,0.0,0.0,0.0
5.390206297000001,0.01,0.0,0.0,0.0
5.391202628,0.0,0.0,0.0,0.0
5.392290681,0.0,0.0,0.0,0.0
5.393107749,0.0,0.0,0.0,0.0
5.394214869000001,0.0,0.02,0.05,0.0
5.395059123,0.0,0.01,0.0,0.0
5.39620997,0.0,0.0,0.02,0.0
5.397391946,0.0,0.01,0.0,0.0
5.398079844000001,0.0,0.0,0.0,0.0
5.399208451000001,0.0,0.0,0.0,0.0
5.400212633000001,0.0,0.0,0.01,0.0
5.402256856,0.0,0.01,0.0,0.0
5.403105096,0.0,0.0,0.01,0.0
5.404216173,0.0,0.0,0.01,0.0
5.405101383000001,0.0,0.0,0.0,0.0
5.406098536,0.0,0.01,0.0,0.0
5.407207602000001,0.0,0.0,0.01,0.0
5.408199552,0.01,0.08,0.0,0.05
5.409191146,0.0,0.04,0.03,0.0
5.410202431,0.0,0.0,0.0,0.01
5.41119968,0.0,0.01,0.0,0.01
5.412208427,0.0,0.0,0.0,0.01
5.413201883,0.0,0.0,0.0,0.01
5.414198187,0.02,0.0,0.0,0.0
5.415198096,0.02,0.0,0.0,0.02
5.4162253300000005,0.0,0.0,0.0,0.0
5.417222646,0.01,0.0,0.0,0.01
5.418218337000001,0.0,0.0,0.0,0.0
5.420211199000001,0.0,0.0,0.0,0.01
5.421103002000001,0.02,0.01,0.0,0.0
5.422199541,0.0,0.0,0.01,0.01
5.4231237100000005,0.0,0.0,0.0,0.0
5.4243377630000005,0.0,0.01,0.01,0.0
5.4251245290000005,0.01,0.03,0.01,0.01
5.426223824,0.0,0.0,0.0,0.0
5.4271967530000005,0.0,0.0,0.0,0.01
5.428270127,0.0,0.0,0.0,0.0
5.4291074560000006,0.0,0.0,0.0,0.0
5.430298424,0.01,0.0,0.0,0.0
5.431085192,0.0,0.0,0.0,0.01
5.432238852,0.0,0.0,0.01,0.0
5.433244201,0.0,0.0,0.01,0.0
5.434255106,0.0,0.0,0.0,0.0
5.436200898,0.0,0.0,0.01,0.0
5.4372050100000004,0.0,0.0,0.0,0.0
5.438105419,0.0,0.04,0.01,0.02
5.439207895,0.01,0.0,0.0,0.0
5.44021107,0.01,0.0,0.01,0.0
5.441274332000001,0.0,0.01,0.0,0.0
5.442101378,0.01,0.0,0.0,0.0
5.443205236000001,0.01,0.0,0.01,0.01
5.444129943,0.0,0.0,0.0,0.02
5.445240283,0.0,0.0,0.0,0.0
5.446138834,0.0,0.0,0.01,0.0
5.447242543000001,0.01,0.0,0.0,0.01
5.449208284,0.0,0.0,0.0,0.0
5.450125134,0.0,0.0,0.0,0.0
5.451209338,0.0,0.0,0.0,0.0
5.452100026,0.05,0.0,0.0,0.0
5.453250022000001,0.0,0.01,0.0,0.02
5.454121186,0.0,0.01,0.0,0.0
5.455281646,0.0,0.0,0.0,0.0
5.456143238,0.0,0.02,0.0,0.0
5.457144499,0.0,0.01,0.01,0.0
5.458218843,0.0,0.0,0.01,0.01
5.459114008,0.0,0.0,0.01,0.03
5.460356297000001,0.01,0.0,0.0,0.0
5.4610794,0.0,0.01,0.0,0.0
5.4623315,0.01,0.01,0.0,0.01
5.464201887000001,0.0,0.03,0.0,0.0
5.465100703,0.0,0.0,0.0,0.0
5.466289633000001,0.0,0.0,0.01,0.0
5.467060416000001,0.0,0.0,0.0,0.0
5.4682179490000005,0.01,0.0,0.0,0.0
5.469098342000001,0.0,0.0,0.01,0.0
5.470284928000001,0.01,0.0,0.0,0.0
5.471122245,0.0,0.0,0.01,0.0
5.4722010260000005,0.0,0.01,0.01,0.0
5.473211277000001,0.01,0.01,0.0,0.0
5.4741951030000005,0.01,0.01,0.0,0.01
5.475211131,0.01,0.01,0.07,0.03
5.4762316460000005,0.02,0.01,0.0,0.0
5.477058252,0.0,0.0,0.0,0.01
5.4782313170000005,0.0,0.0,0.0,0.0
5.480205821,0.0,0.0,0.0,0.0
5.481111809000001,0.0,0.0,0.0,0.0
5.48225667,0.0,0.01,0.0,0.0
5.483114552,0.0,0.01,0.0,0.01
5.484223608000001,0.01,0.0,0.01,0.08
5.485119255000001,0.0,0.0,0.0,0.0
5.4861988340000005,0.01,0.0,0.0,0.0
5.487103601,0.0,0.02,0.01,0.0
5.488215004000001,0.01,0.0,0.03,0.0
5.489134363000001,0.03,0.0,0.01,0.0
5.490250657000001,0.01,0.0,0.0,0.0
5.491111545000001,0.01,0.0,0.0,0.0
5.492210572,0.0,0.0,0.0,0.03
5.493253793,0.01,0.02,0.0,0.02
5.4942131100000005,0.01,0.0,0.0,0.0
5.495329266000001,0.01,0.01,0.0,0.0
5.497216607,0.01,0.0,0.0,0.0
5.498141980000001,0.0,0.0,0.01,0.01
5.499224998000001,0.0,0.0,0.0,0.0
5.500100593,0.0,0.0,0.0,0.0
5.5011989990000005,0.0,0.01,0.04,0.0
5.502108493000001,0.01,0.0,0.0,0.01
5.503202433,0.0,0.0,0.0,0.0
5.504102652,0.0,0.0,0.0,0.0
5.505202275,0.01,0.0,0.0,0.01
5.506103285,0.0,0.0,0.0,0.0
5.507205255000001,0.02,0.02,0.01,0.0
5.508109736000001,0.0,0.0,0.0,0.0
5.509209402000001,0.0,0.0,0.0,0.0
5.511208342000001,0.0,0.02,0.01,0.0
5.512109389,0.0,0.01,0.01,0.0
5.513214697,0.01,0.0,0.0,0.0
5.5141225050000005,0.0,0.0,0.0,0.01
5.515216827000001,0.0,0.0,0.0,0.0
5.516129442,0.0,0.0,0.0,0.0
5.517210344,0.01,0.0,0.01,0.0
5.518203564,0.05,0.01,0.01,0.0
5.519207079,0.0,0.0,0.01,0.01
5.520173451000001,0.0,0.0,0.0,0.0
5.521208405,0.0,0.0,0.0,0.0
5.522358213,0.0,0.0,0.0,0.0
5.524248704000001,0.04,0.01,0.0,0.02
5.525123326,0.0,0.04,0.02,0.0
5.526339956,0.01,0.0,0.02,0.0
5.527084683,0.01,0.0,0.0,0.0
5.528218533,0.0,0.01,0.0,0.0
5.5291214040000005,0.0,0.0,0.0,0.0
5.53032414,0.0,0.0,0.01,0.0
5.531217457,0.02,0.0,0.0,0.0
5.532121361000001,0.01,0.03,0.08,0.02
5.533227074,0.0,0.01,0.0,0.0
5.534213254,0.0,0.0,0.0,0.0
5.535119661,0.0,0.0,0.03,0.0
5.5362098930000005,0.0,0.0,0.0,0.0
5.537129377,0.0,0.0,0.0,0.0
5.538105779,0.0,0.02,0.0,0.01
5.540321191,0.0,0.0,0.03,0.0
5.541063527,0.0,0.0,0.0,0.0
5.542101293,0.0,0.0,0.0,0.0
5.543222650000001,0.0,0.0,0.0,0.0
5.544111202000001,0.01,0.0,0.0,0.02
5.5451071380000005,0.0,0.0,0.0,0.01
5.546370027,0.0,0.03,0.0,0.01
5.547371548,0.0,0.0,0.0,0.0
5.548095475,0.01,0.02,0.0,0.0
5.54911679,0.0,0.0,0.06,0.0
5.550117987,0.0,0.01,0.0,0.0
5.551122755000001,0.0,0.02,0.0,0.01
5.552145408,0.0,0.0,0.0,0.0
5.553149357000001,0.0,0.01,0.0,0.0
5.555208609,0.05,0.07,0.01,0.0
5.556126969,0.0,0.0,0.0,0.0
5.557210335000001,0.0,0.0,0.03,0.0
5.558095398000001,0.0,0.0,0.0,0.01
5.5592093380000005,0.0,0.0,0.0,0.0
5.560195559,0.0,0.0,0.0,0.0
5.561210721,0.0,0.01,0.0,0.0
5.5621507050000005,0.01,0.0,0.0,0.0
5.5632085700000005,0.0,0.0,0.0,0.01
5.564067224,0.02,0.0,0.0,0.01
5.565207594,0.01,0.01,0.0,0.0
5.566107919,0.02,0.01,0.0,0.01
5.567210858,0.0,0.02,0.0,0.0
5.568131105,0.0,0.0,0.0,0.01
5.569242770000001,0.0,0.01,0.0,0.0
5.571210854,0.0,0.0,0.0,0.0
5.572105007,0.0,0.1,0.0,0.0
5.573213484,0.0,0.0,0.0,0.0
5.5740654990000005,0.0,0.02,0.01,0.0
5.575208665000001,0.0,0.0,0.0,0.0
5.576110592,0.01,0.0,0.01,0.0
5.57715636,0.0,0.0,0.0,0.01
5.578117282,0.0,0.01,0.01,0.01
5.5790736690000005,0.0,0.0,0.0,0.0
5.580303366000001,0.0,0.0,0.0,0.01
5.581082498000001,0.01,0.0,0.01,0.01
5.582233384,0.02,0.0,0.0,0.0
5.583113122,0.0,0.03,0.01,0.0
5.584204008,0.0,0.0,0.0,0.0
5.5861511230000005,0.0,0.0,0.0,0.04
5.587180627,0.0,0.01,0.0,0.01
5.588100621000001,0.01,0.02,0.0,0.0
5.5891998350000005,0.0,0.0,0.0,0.0
5.590207467,0.0,0.0,0.0,0.0
5.591195173,0.0,0.01,0.0,0.0
5.592204751000001,0.0,0.0,0.01,0.01
5.593200493,0.01,0.0,0.01,0.0
5.594288528000001,0.0,0.0,0.01,0.0
5.595104149,0.0,0.02,0.01,0.01
5.5962010730000005,0.0,0.0,0.0,0.0
5.597102305,0.0,0.0,0.0,0.0
5.598225363,0.0,0.0,0.02,0.0
5.599106897,0.0,0.0,0.08,0.0
5.600223448,0.0,0.0,0.01,0.0
5.602197455000001,0.01,0.0,0.0,0.0
5.603203456,0.0,0.0,0.0,0.01
5.604151879000001,0.0,0.02,0.0,0.0
5.605208845,0.0,0.0,0.0,0.0
5.606103672000001,0.0,0.0,0.0,0.0
5.607202429,0.0,0.0,0.0,0.0
5.608196122000001,0.0,0.0,0.0,0.0
5.609222158000001,0.0,0.0,0.01,0.0
5.610131895,0.01,0.0,0.0,0.0
5.611216215000001,0.0,0.0,0.0,0.01
5.612100073000001,0.01,0.0,0.01,0.01
5.613213924,0.0,0.01,0.01,0.0
5.614176759,0.0,0.01,0.0,0.0
5.616219796,0.04,0.01,0.0,0.0
5.617124364,0.0,0.0,0.01,0.0
5.618113385,0.0,0.0,0.02,0.03
5.619201258,0.01,0.0,0.0,0.04
5.620124593000001,0.0,0.0,0.0,0.0
5.621203841000001,0.0,0.0,0.0,0.01
5.6220670870000005,0.0,0.0,0.0,0.0
5.6230960350000005,0.0,0.0,0.0,0.01
5.624197122,0.0,0.0,0.0,0.0
5.625100775,0.01,0.0,0.01,0.0
5.626274027,0.0,0.0,0.0,0.0
5.627064058,0.0,0.0,0.0,0.02
5.628220767,0.0,0.01,0.0,0.0
5.629110793000001,0.0,0.0,0.0,0.01
5.63021773,0.0,0.0,0.0,0.0
5.632198354000001,0.0,0.0,0.0,0.0
5.633111606,0.03,0.01,0.0,0.0
5.634208805,0.0,0.0,0.03,0.11
5.635107746,0.0,0.0,0.0,0.0
5.636206840000001,0.0,0.0,0.0,0.0
5.637111248,0.0,0.01,0.0,0.0
5.638214634000001,0.01,0.0,0.0,0.03
5.639110545,0.0,0.0,0.0,0.01
5.6402421050000004,0.01,0.01,0.01,0.0
5.641139516,0.0,0.0,0.0,0.0
5.642369112,0.01,0.01,0.01,0.0
5.6430627410000005,0.01,0.0,0.0,0.0
5.644215345,0.0,0.0,0.01,0.0
5.646212373,0.0,0.01,0.0,0.03
5.6471174180000006,0.0,0.0,0.0,0.0
5.648208286,0.0,0.0,0.0,0.01
5.649103241000001,0.05,0.0,0.0,0.01
5.650199993,0.0,0.0,0.03,0.01
5.651213069000001,0.0,0.0,0.01,0.0
5.652203377,0.0,0.0,0.0,0.0
5.653203272000001,0.0,0.0,0.01,0.0
5.654207499,0.01,0.03,0.0,0.0
5.655200346,0.0,0.0,0.0,0.0
5.656203474000001,0.01,0.0,0.01,0.0
5.657208241,0.0,0.0,0.0,0.0
5.658250102,0.0,0.01,0.01,0.0
5.659103689,0.0,0.0,0.0,0.0
5.660206158,0.0,0.03,0.0,0.1
5.662201007,0.0,0.01,0.0,0.0
5.663200759,0.0,0.01,0.0,0.0
5.664213937,0.0,0.02,0.0,0.0
5.665217371000001,0.0,0.0,0.02,0.0
5.666204635000001,0.01,0.02,0.0,0.0
5.667204198,0.0,0.0,0.0,0.04
5.668205113,0.0,0.0,0.01,0.0
5.669209983,0.0,0.0,0.0,0.0
5.670211645,0.0,0.0,0.01,0.0
5.671237318,0.0,0.0,0.0,0.0
5.67216916,0.0,0.0,0.0,0.01
5.673299676,0.02,0.0,0.01,0.0
5.674189376,0.01,0.0,0.0,0.0
5.675174394000001,0.02,0.01,0.0,0.0
5.677202075,0.01,0.03,0.01,0.0
5.678103476,0.0,0.0,0.0,0.01
5.679196654,0.0,0.0,0.0,0.0
5.680105350000001,0.0,0.0,0.0,0.0
5.681157869000001,0.01,0.0,0.0,0.01
5.682196204,0.0,0.0,0.0,0.0
5.6831040260000005,0.01,0.0,0.0,0.02
5.684201865,0.01,0.01,0.0,0.0
5.685205284,0.0,0.0,0.0,0.0
5.686220358,0.01,0.0,0.0,0.0
5.687154272000001,0.0,0.0,0.0,0.01
5.688207199000001,0.0,0.0,0.0,0.0
5.689127142,0.0,0.0,0.01,0.0
5.690334572,0.0,0.0,0.05,0.02
5.692203183,0.0,0.01,0.01,0.0
5.693106119,0.0,0.0,0.01,0.0
5.694203869000001,0.01,0.02,0.05,0.05
5.695105295,0.0,0.02,0.0,0.04
5.696224118,0.0,0.0,0.0,0.0
5.697113148000001,0.0,0.0,0.02,0.0
5.698210478,0.0,0.0,0.0,0.0
5.699103407,0.0,0.0,0.01,0.0
5.70021281,0.03,0.0,0.01,0.0
5.70120612,0.0,0.0,0.0,0.0
5.702240014,0.0,0.01,0.0,0.0
5.703117039,0.0,0.03,0.0,0.0
5.70428007,0.0,0.0,0.0,0.0
5.706346300000001,0.0,0.0,0.0,0.0
5.7070733680000005,0.0,0.0,0.0,0.02
5.708402432000001,0.0,0.0,0.0,0.0
5.7091056490000005,0.01,0.01,0.0,0.0
5.710207431000001,0.0,0.01,0.0,0.0
5.71119699,0.0,0.0,0.01,0.0
5.712292658,0.01,0.01,0.0,0.0
5.713103654,0.0,0.05,0.0,0.0
5.714244407000001,0.0,0.0,0.03,0.01
5.7152051440000005,0.0,0.0,0.01,0.01
5.716211174000001,0.01,0.01,0.0,0.0
5.717201409,0.01,0.0,0.0,0.0
5.7181990460000005,0.0,0.0,0.0,0.0
5.719244808,0.0,0.0,0.01,0.0
5.720103195,0.0,0.0,0.0,0.0
5.7212212120000006,0.01,0.0,0.01,0.0
5.723206537,0.0,0.0,0.0,0.0
5.724211512,0.0,0.0,0.0,0.0
5.725205173,0.0,0.0,0.0,0.0
5.726207157,0.0,0.0,0.01,0.0
5.7272104740000005,0.0,0.01,0.0,0.02
5.728200805,0.0,0.01,0.0,0.0
5.729225628,0.01,0.0,0.0,0.0
5.73041394,0.01,0.02,0.01,0.0
5.731103728000001,0.0,0.0,0.0,0.0
5.7324178770000005,0.0,0.0,0.0,0.0
5.7331263340000005,0.01,0.0,0.0,0.0
5.734155896000001,0.0,0.01,0.0,0.02
5.735109106,0.0,0.0,0.0,0.01
5.737214665000001,0.02,0.01,0.0,0.0
5.7382804080000005,0.0,0.0,0.0,0.01
5.739164916,0.0,0.01,0.01,0.0
5.7402232060000005,0.0,0.0,0.0,0.0
5.7411064750000005,0.01,0.0,0.0,0.0
5.742294060000001,0.0,0.0,0.0,0.0
5.743107693000001,0.03,0.0,0.03,0.03
5.744203236000001,0.01,0.0,0.0,0.01
5.745276436,0.01,0.0,0.01,0.0
5.746353342,0.0,0.01,0.0,0.0
5.747128469000001,0.01,0.0,0.0,0.01
5.7482004820000006,0.05,0.0,0.0,0.0
5.74921196,0.0,0.01,0.14,0.0
5.7504083470000005,0.0,0.0,0.01,0.0
5.751154262,0.0,0.0,0.0,0.0
5.75322326,0.01,0.0,0.01,0.0
5.7541291910000005,0.0,0.0,0.0,0.0
5.755206585000001,0.01,0.0,0.0,0.02
5.756113361000001,0.0,0.01,0.0,0.0
5.757211688,0.0,0.0,0.0,0.0
5.758085576,0.0,0.0,0.0,0.0
5.759198947000001,0.01,0.01,0.0,0.0
5.760058498,0.0,0.06,0.0,0.0
5.761206965,0.0,0.01,0.0,0.0
5.762107737,0.0,0.0,0.0,0.02
5.7632010440000006,0.01,0.0,0.01,0.01
5.764402596,0.01,0.0,0.0,0.0
5.766266614,0.0,0.0,0.0,0.0
5.767080888000001,0.0,0.0,0.0,0.01
5.768203326,0.0,0.01,0.01,0.02
5.769117134,0.01,0.01,0.0,0.0
5.770320885,0.0,0.02,0.01,0.0
5.771107028,0.0,0.0,0.0,0.0
5.772207478,0.0,0.0,0.0,0.0
5.773217337,0.0,0.0,0.01,0.0
5.774211378,0.0,0.01,0.01,0.0
5.775229567,0.0,0.0,0.0,0.0
5.776223745,0.0,0.01,0.0,0.0
5.7771080360000004,0.01,0.0,0.0,0.0
5.778279976,0.0,0.01,0.0,0.0
5.779076876,0.0,0.01,0.0,0.01
5.780267953,0.0,0.01,0.0,0.01
5.782224317000001,0.01,0.01,0.0,0.01
5.783106264000001,0.0,0.01,0.01,0.0
5.784205501000001,0.0,0.0,0.0,0.0
5.785107609000001,0.0,0.0,0.0,0.01
5.786308065,0.0,0.0,0.0,0.0
5.787104491,0.02,0.01,0.0,0.03
5.788203456000001,0.0,0.0,0.0,0.01
5.789210751000001,0.01,0.0,0.0,0.0
5.790210227,0.0,0.0,0.0,0.0
5.7912019180000005,0.0,0.0,0.0,0.0
5.792209304,0.0,0.0,0.0,0.0
5.793217574000001,0.03,0.0,0.0,0.0
5.79421356,0.0,0.0,0.0,0.0
5.795433612,0.0,0.0,0.0,0.0
5.7973625680000005,0.01,0.0,0.0,0.0
5.798080146,0.01,0.0,0.0,0.0
5.799266709,0.0,0.0,0.0,0.0
5.800093219000001,0.0,0.0,0.0,0.0
5.801203962000001,0.0,0.0,0.01,0.01
5.802296151,0.0,0.0,0.0,0.0
5.8031041000000005,0.02,0.01,0.0,0.0
5.804221426000001,0.0,0.0,0.04,0.0
5.8051180680000005,0.0,0.0,0.0,0.0
5.806341865,0.0,0.0,0.0,0.0
5.80711551,0.0,0.03,0.03,0.01
5.808206035,0.0,0.0,0.01,0.0
5.809206329,0.0,0.0,0.0,0.0
5.8102149690000005,0.0,0.0,0.0,0.01
5.811202837000001,0.0,0.0,0.02,0.01
5.812217943,0.0,0.0,0.01,0.01
5.813213028000001,0.0,0.0,0.0,0.0
5.815216168,0.02,0.0,0.0,0.01
5.816118337000001,0.01,0.01,0.0,0.0
5.817099832,0.02,0.0,0.0,0.01
5.8182443,0.0,0.01,0.01,0.0
5.819110334,0.0,0.0,0.0,0.01
5.820103504,0.0,0.0,0.01,0.0
5.821214363,0.0,0.03,0.0,0.01
5.822108723,0.01,0.01,0.0,0.0
5.823094907000001,0.0,0.0,0.01,0.0
5.824095808,0.0,0.0,0.0,0.0
5.825143903000001,0.02,0.01,0.0,0.0
5.826151492,0.0,0.0,0.01,0.05
5.827142702000001,0.0,0.0,0.0,0.01
5.829227662,0.01,0.0,0.0,0.0
5.830131144,0.0,0.0,0.0,0.0
5.831061905,0.0,0.0,0.0,0.0
5.832301856,0.0,0.01,0.0,0.0
5.833119096000001,0.01,0.0,0.0,0.0
5.834261651,0.0,0.0,0.0,0.0
5.835105028,0.0,0.0,0.0,0.01
5.836213699,0.0,0.0,0.0,0.03
5.837221952,0.0,0.0,0.0,0.0
5.838109531000001,0.01,0.0,0.0,0.01
5.839209738,0.0,0.03,0.0,0.08
5.840213178,0.0,0.0,0.0,0.0
5.841237575,0.0,0.0,0.0,0.0
5.843195309,0.0,0.0,0.0,0.0
5.8441077880000005,0.0,0.0,0.0,0.0
5.845217528,0.0,0.0,0.0,0.0
5.846101412,0.0,0.0,0.0,0.01
5.847215874000001,0.0,0.01,0.01,0.02
5.84806163,0.0,0.01,0.01,0.0
5.849218825,0.0,0.0,0.0,0.0
5.850117759000001,0.0,0.0,0.0,0.0
5.851105764000001,0.0,0.01,0.0,0.0
5.852207687,0.0,0.0,0.0,0.0
5.853107726,0.0,0.01,0.0,0.0
5.854212793,0.0,0.0,0.0,0.0
5.855105494,0.0,0.02,0.01,0.0
5.856310456,0.01,0.0,0.0,0.0
5.857211886,0.01,0.01,0.0,0.0
5.8592838050000005,0.0,0.01,0.0,0.0
5.8601187690000005,0.03,0.0,0.01,0.0
5.8611983510000005,0.01,0.0,0.0,0.01
5.862135401000001,0.0,0.0,0.01,0.01
5.863163579,0.0,0.01,0.0,0.02
5.864095303,0.0,0.0,0.0,0.0
5.865197794,0.0,0.02,0.0,0.02
5.866135808,0.0,0.0,0.0,0.0
5.867202249,0.03,0.0,0.03,0.01
5.8681095480000005,0.01,0.01,0.0,0.0
5.8692177150000004,0.0,0.0,0.0,0.0
5.87010509,0.0,0.01,0.0,0.0
5.871239239,0.01,0.0,0.03,0.0
5.873199389000001,0.01,0.02,0.0,0.04
5.874117248,0.01,0.01,0.02,0.01
5.8751002660000005,0.0,0.0,0.0,0.0
5.876093034,0.0,0.0,0.0,0.0
5.8772114790000005,0.0,0.0,0.02,0.0
5.8780584430000005,0.0,0.0,0.0,0.0
5.879214985,0.0,0.0,0.0,0.0
5.880110255,0.0,0.0,0.0,0.0
5.88119865,0.0,0.0,0.01,0.0
5.8821267740000005,0.0,0.01,0.0,0.0
5.883095901000001,0.0,0.0,0.0,0.0
5.884194180000001,0.0,0.0,0.0,0.0
5.885108178,0.0,0.02,0.0,0.01
5.886207333000001,0.0,0.02,0.03,0.02
5.887108514,0.01,0.0,0.0,0.01
5.888306305,0.0,0.04,0.0,0.1
5.890261145,0.0,0.0,0.0,0.0
5.891103146000001,0.0,0.0,0.0,0.0
5.892123473000001,0.0,0.0,0.02,0.0
5.893100073,0.0,0.03,0.01,0.0
5.894202579000001,0.04,0.0,0.02,0.01
5.895117659,0.0,0.01,0.01,0.0
5.896099839000001,0.0,0.0,0.0,0.0
5.897203366,0.0,0.01,0.0,0.0
5.898109488,0.0,0.01,0.01,0.0
5.899273408,0.0,0.0,0.01,0.0
5.900104904,0.0,0.0,0.02,0.0
5.901221042,0.0,0.01,0.01,0.01
5.9021447060000005,0.0,0.0,0.0,0.0
5.903217219,0.0,0.01,0.0,0.0
5.905205958000001,0.06,0.04,0.0,0.01
5.906109786,0.0,0.0,0.0,0.0
5.907210666,0.0,0.01,0.01,0.01
5.908059971,0.0,0.0,0.0,0.0
5.90921053,0.0,0.0,0.0,0.0
5.910103112000001,0.01,0.0,0.0,0.0
5.911221301,0.0,0.01,0.0,0.01
5.912102239,0.0,0.0,0.01,0.0
5.913227396000001,0.01,0.01,0.0,0.0
5.914120782,0.0,0.0,0.0,0.0
5.915202494000001,0.0,0.0,0.01,0.0
5.916106891,0.0,0.0,0.0,0.01
5.9172262700000005,0.02,0.0,0.0,0.0
5.918111237000001,0.0,0.0,0.0,0.0
5.919325015,0.0,0.0,0.0,0.0
5.921210885000001,0.01,0.0,0.0,0.0
5.922114045000001,0.0,0.02,0.0,0.0
5.923213083,0.0,0.0,0.01,0.02
5.924117741000001,0.02,0.01,0.0,0.01
5.925220767000001,0.0,0.0,0.0,0.0
5.926104148,0.01,0.01,0.0,0.0
5.9272124260000005,0.0,0.0,0.0,0.0
5.928057620000001,0.0,0.0,0.0,0.0
5.9292632240000005,0.0,0.0,0.0,0.01
5.9300658660000005,0.01,0.0,0.0,0.0
5.931198325,0.0,0.01,0.01,0.01
5.932106751,0.06,0.0,0.04,0.0
5.933216378,0.0,0.0,0.0,0.0
5.935222511,0.01,0.01,0.0,0.0
5.9361079640000005,0.01,0.0,0.01,0.0
5.937209253000001,0.0,0.01,0.0,0.01
5.938107256,0.0,0.0,0.0,0.01
5.939209386000001,0.05,0.01,0.0,0.01
5.940059723,0.0,0.01,0.0,0.01
5.9412215790000005,0.0,0.0,0.0,0.0
5.942059427,0.0,0.0,0.0,0.01
5.943222557,0.0,0.0,0.0,0.0
5.944107656000001,0.0,0.0,0.0,0.0
5.945102307,0.0,0.0,0.0,0.0
5.946241476,0.0,0.01,0.03,0.0
5.94711663,0.0,0.01,0.0,0.0
5.9481462160000005,0.0,0.01,0.0,0.0
5.9501250830000005,0.0,0.0,0.0,0.01
5.951106961000001,0.0,0.0,0.0,0.0
5.952117457,0.0,0.01,0.0,0.0
5.953103973,0.0,0.0,0.0,0.01
5.954200557,0.0,0.01,0.0,0.0
5.955103071000001,0.0,0.0,0.0,0.0
5.956326527000001,0.02,0.0,0.0,0.0
5.957077058,0.0,0.01,0.0,0.02
5.958202555000001,0.0,0.0,0.0,0.0
5.959066907,0.0,0.01,0.0,0.0
5.960202407000001,0.0,0.01,0.0,0.0
5.9610940050000005,0.0,0.0,0.0,0.02
5.9621494120000005,0.0,0.01,0.0,0.0
5.964225953000001,0.0,0.0,0.02,0.0
5.9650586720000005,0.01,0.0,0.02,0.01
5.966201832,0.01,0.0,0.0,0.0
5.967101163000001,0.01,0.0,0.01,0.0
5.968210315,0.0,0.0,0.0,0.0
5.969113576000001,0.0,0.0,0.01,0.0
5.970212973000001,0.0,0.0,0.0,0.0
5.97106062,0.0,0.0,0.0,0.0
5.9722037310000005,0.01,0.0,0.0,0.01
5.973105946,0.01,0.01,0.0,0.0
5.9742104320000005,0.0,0.01,0.0,0.0
5.975108299,0.0,0.0,0.0,0.0
5.9762137730000005,0.01,0.0,0.0,0.0
5.9771341510000005,0.0,0.0,0.0,0.0
5.978219539,0.0,0.0,0.0,0.0
5.9802274010000005,0.0,0.0,0.0,0.0
5.981069125,0.0,0.01,0.0,0.0
5.982296036,0.0,0.0,0.0,0.01
5.983111281,0.0,0.0,0.01,0.0
5.984112745,0.0,0.0,0.0,0.0
5.985177656,0.0,0.01,0.0,0.01
5.9861115400000005,0.01,0.0,0.02,0.0
5.987248822000001,0.0,0.01,0.0,0.03
5.988113542000001,0.0,0.0,0.01,0.0
5.9893510580000004,0.0,0.01,0.0,0.01
5.990113973000001,0.0,0.0,0.0,0.0
5.991206728000001,0.0,0.0,0.0,0.0
5.992204587000001,0.02,0.0,0.0,0.0
5.993204274,0.0,0.01,0.0,0.0
5.9942133140000005,0.0,0.0,0.0,0.01
5.995213247000001,0.0,0.0,0.0,0.0
5.997261301,0.0,0.0,0.02,0.0
5.998102332,0.02,0.04,0.07,0.07
5.999203926000001,0.0,0.0,0.0,0.0
6.000106061,0.0,0.0,0.0,0.0
6.001209413000001,0.0,0.0,0.0,0.0
6.00210928,0.0,0.0,0.0,0.0
6.003211830000001,0.01,0.0,0.01,0.0
6.004106676,0.01,0.0,0.02,0.12
6.005206719,0.0,0.0,0.0,0.01
6.006100322,0.01,0.0,0.0,0.01
6.007220536,0.0,0.0,0.0,0.0
6.008134748000001,0.0,0.0,0.0,0.0
6.0092659070000005,0.01,0.0,0.0,0.0
6.0112324280000005,0.06,0.05,0.08,0.05
6.012087421,0.01,0.0,0.01,0.0
6.013179103000001,0.0,0.02,0.0,0.02
6.014153419,0.0,0.01,0.0,0.0
6.015224017,0.0,0.01,0.0,0.0
6.0161502,0.01,0.01,0.03,0.06
6.01709111,0.0,0.0,0.01,0.01
6.018205847,0.0,0.01,0.0,0.0
6.019111106,0.01,0.01,0.0,0.0
6.020277409,0.0,0.01,0.01,0.0
6.021113326,0.0,0.0,0.0,0.0
6.022286771,0.01,0.01,0.02,0.0
6.023125253000001,0.0,0.0,0.01,0.0
6.024299122,0.0,0.0,0.0,0.01
6.026245468,0.0,0.0,0.0,0.0
6.027133152,0.04,0.01,0.01,0.0
6.028214062,0.0,0.0,0.0,0.0
6.0291113780000005,0.01,0.01,0.0,0.0
6.030202002,0.0,0.0,0.0,0.0
6.0312103850000005,0.0,0.0,0.01,0.0
6.032109018000001,0.05,0.0,0.0,0.0
6.033204622,0.01,0.0,0.0,0.03
6.034198026,0.0,0.01,0.0,0.0
6.035209726000001,0.0,0.01,0.0,0.03
6.036226614,0.0,0.0,0.0,0.0
6.037107834,0.0,0.0,0.0,0.0
6.038114634,0.01,0.0,0.02,0.01
6.039105836,0.0,0.01,0.0,0.0
6.041225408000001,0.0,0.0,0.01,0.0
6.042063541,0.0,0.01,0.02,0.01
6.043117444,0.01,0.01,0.01,0.0
6.044212903,0.0,0.02,0.0,0.0
6.045116604,0.0,0.0,0.01,0.01
6.046230188,0.01,0.0,0.01,0.02
6.047073614,0.0,0.02,0.02,0.01
6.0481819670000005,0.0,0.0,0.03,0.0
6.049119366,0.07,0.04,0.02,0.0
6.050257645,0.0,0.0,0.0,0.01
6.05113054,0.0,0.0,0.0,0.0
6.052216263,0.0,0.0,0.0,0.0
6.053064288000001,0.03,0.01,0.01,0.04
6.054245363000001,0.01,0.0,0.0,0.01
6.056200903000001,0.0,0.0,0.0,0.0
6.057065786000001,0.0,0.01,0.0,0.0
6.0582884660000005,0.0,0.01,0.0,0.0
6.059123041,0.0,0.0,0.01,0.0
6.06019616,0.0,0.0,0.0,0.0
6.061118474000001,0.02,0.02,0.0,0.03
6.062096743000001,0.0,0.01,0.01,0.01
6.0631969020000005,0.01,0.0,0.0,0.0
6.064104333,0.0,0.01,0.01,0.01
6.065215936,0.03,0.02,0.0,0.02
6.066104532000001,0.0,0.0,0.03,0.0
6.067098799,0.0,0.05,0.0,0.0
6.068229978000001,0.01,0.01,0.0,0.0
6.069112725,0.01,0.0,0.0,0.0
6.070213429000001,0.01,0.0,0.0,0.0
6.0722158020000006,0.02,0.0,0.0,0.01
6.073105692,0.03,0.0,0.01,0.02
6.074154363000001,0.0,0.0,0.0,0.0
6.075073013000001,0.0,0.0,0.01,0.01
6.0760949680000005,0.0,0.01,0.0,0.0
6.077248512000001,0.0,0.02,0.02,0.0
6.078106294,0.0,0.0,0.01,0.01
6.07920177,0.0,0.01,0.0,0.0
6.080125628,0.0,0.01,0.0,0.0
6.081387907000001,0.0,0.0,0.0,0.0
6.082059751,0.0,0.01,0.01,0.0
6.083222008000001,0.04,0.0,0.0,0.0
6.084103077,0.01,0.0,0.0,0.01
6.086209081000001,0.0,0.0,0.01,0.0
6.0871259250000005,0.0,0.0,0.0,0.02
6.0882059900000005,0.02,0.0,0.0,0.0
6.089204046000001,0.0,0.01,0.01,0.0
6.090301956,0.0,0.0,0.0,0.0
6.091100005,0.0,0.01,0.0,0.0
6.0921979010000005,0.0,0.0,0.01,0.0
6.093218947,0.01,0.0,0.0,0.0
6.094209249,0.0,0.03,0.02,0.09
6.0952107280000005,0.0,0.02,0.01,0.01
6.096223336,0.01,0.0,0.0,0.0
6.09720072,0.0,0.01,0.0,0.01
6.098201361,0.01,0.01,0.0,0.01
6.099239138000001,0.02,0.05,0.0,0.0
6.100207956,0.0,0.0,0.0,0.01
6.102214028000001,0.0,0.0,0.0,0.01
6.103206714000001,0.0,0.0,0.0,0.02
6.104214003,0.0,0.0,0.0,0.0
6.105439656000001,0.0,0.01,0.0,0.0
6.1060909510000005,0.01,0.0,0.0,0.0
6.107380342000001,0.0,0.0,0.01,0.01
6.10809111,0.0,0.0,0.0,0.01
6.109194736,0.01,0.0,0.01,0.02
6.110210331,0.0,0.0,0.0,0.01
6.111211943000001,0.0,0.0,0.0,0.0
6.112277835,0.01,0.0,0.0,0.0
6.113123712,0.0,0.0,0.0,0.0
6.114222332000001,0.0,0.01,0.0,0.02
6.116208119,0.0,0.0,0.01,0.06
6.117232588,0.0,0.0,0.0,0.0
6.1182381050000005,0.0,0.0,0.01,0.01
6.119207546,0.0,0.01,0.0,0.0
6.120228053,0.0,0.0,0.01,0.0
6.1211392810000005,0.0,0.01,0.0,0.0
6.122277491,0.0,0.0,0.01,0.0
6.123063411,0.03,0.0,0.0,0.03
6.124221390000001,0.0,0.0,0.0,0.0
6.125103565000001,0.0,0.0,0.01,0.0
6.126216456000001,0.01,0.02,0.02,0.0
6.127114476,0.01,0.0,0.0,0.0
6.128274459,0.02,0.01,0.0,0.0
6.130225956,0.0,0.01,0.0,0.0
6.131059159,0.0,0.01,0.0,0.0
6.132222615000001,0.01,0.01,0.0,0.0
6.133059209000001,0.01,0.0,0.0,0.0
6.1342070710000005,0.0,0.01,0.0,0.01
6.135089347,0.0,0.0,0.0,0.0
6.136294883000001,0.0,0.0,0.0,0.0
6.137121017,0.0,0.0,0.0,0.01
6.138322231,0.0,0.0,0.03,0.0
6.139069207,0.0,0.03,0.0,0.01
6.140311253,0.01,0.0,0.0,0.0
6.141116846,0.0,0.01,0.01,0.0
6.142225285,0.03,0.0,0.01,0.0
6.143220241000001,0.02,0.0,0.01,0.0
6.144211686,0.0,0.01,0.01,0.0
6.1453173560000005,0.0,0.01,0.0,0.0
6.147272787,0.0,0.0,0.03,0.0
6.148107007,0.0,0.0,0.0,0.0
6.149216047,0.0,0.01,0.0,0.0
6.150209752,0.0,0.01,0.0,0.0
6.1512026220000005,0.0,0.0,0.0,0.0
6.152202702,0.0,0.0,0.0,0.0
6.153204758,0.0,0.0,0.0,0.01
6.154311936,0.0,0.01,0.01,0.0
6.155091061,0.0,0.0,0.0,0.01
6.156200411,0.0,0.0,0.01,0.01
6.1582216910000005,0.0,0.0,0.0,0.0
6.159111345,0.0,0.0,0.01,0.0
6.160209674000001,0.01,0.0,0.0,0.0
6.161100500000001,0.02,0.03,0.06,0.01
6.16221379,0.0,0.0,0.0,0.01
6.163097479,0.0,0.01,0.01,0.01
6.164218369,0.01,0.0,0.0,0.01
6.165105154000001,0.0,0.0,0.0,0.04
6.166207486,0.02,0.0,0.0,0.0
6.167088936000001,0.0,0.01,0.0,0.0
6.168213426,0.0,0.0,0.0,0.0
6.169119362,0.01,0.02,0.0,0.0
6.170213564,0.0,0.0,0.0,0.0
6.171064127,0.0,0.0,0.01,0.0
6.172349091,0.0,0.03,0.0,0.0
6.173085588,0.0,0.0,0.0,0.0
6.174393391000001,0.01,0.01,0.01,0.0
6.1762084800000006,0.01,0.0,0.0,0.0
6.1770809,0.01,0.03,0.01,0.06
6.178213072,0.0,0.0,0.0,0.0
6.179120614,0.0,0.0,0.02,0.01
6.180203540000001,0.0,0.0,0.03,0.01
6.181104565,0.0,0.0,0.0,0.0
6.182205201,0.0,0.01,0.0,0.0
6.1831057750000005,0.0,0.01,0.01,0.0
6.1840991,0.01,0.01,0.01,0.01
6.185234649000001,0.01,0.0,0.0,0.0
6.186166867000001,0.0,0.0,0.01,0.01
6.187200254,0.0,0.01,0.0,0.0
6.188219559,0.01,0.01,0.01,0.0
6.189116311,0.0,0.0,0.0,0.0
6.190211652,0.01,0.0,0.0,0.0
6.192202309000001,0.0,0.0,0.01,0.0
6.1932088830000005,0.01,0.0,0.0,0.0
6.194203567000001,0.0,0.04,0.01,0.02
6.195203209000001,0.0,0.0,0.0,0.0
6.1962013460000005,0.0,0.02,0.01,0.01
6.197198054,0.0,0.0,0.01,0.01
6.198259983000001,0.0,0.0,0.01,0.0
6.199157627,0.0,0.0,0.0,0.0
6.200344912,0.0,0.0,0.0,0.0
6.201070802,0.0,0.0,0.0,0.0
6.202382978,0.0,0.0,0.0,0.0
6.203075042,0.01,0.0,0.0,0.01
6.204255774,0.0,0.01,0.01,0.0
6.205130203,0.0,0.0,0.0,0.0
6.207200117,0.01,0.01,0.0,0.0
6.2082029620000005,0.0,0.01,0.01,0.01
6.209198423,0.05,0.04,0.02,0.0
6.2101861210000004,0.0,0.01,0.0,0.01
6.211202275000001,0.0,0.0,0.0,0.0
6.212209877,0.0,0.0,0.02,0.0
6.213213245,0.0,0.0,0.0,0.0
6.2141993950000005,0.0,0.01,0.04,0.0
6.215207217000001,0.0,0.0,0.01,0.01
6.216220746,0.0,0.0,0.0,0.0
6.217138924,0.0,0.0,0.0,0.0
6.218230953,0.01,0.0,0.01,0.0
6.219066942,0.0,0.0,0.0,0.0
6.220226039000001,0.0,0.0,0.0,0.0
6.222198551,0.0,0.01,0.01,0.01
6.223100024000001,0.01,0.01,0.0,0.02
6.2242079850000005,0.0,0.01,0.0,0.0
6.225086393000001,0.0,0.0,0.03,0.0
6.226205493,0.01,0.01,0.02,0.0
6.227102754000001,0.03,0.01,0.01,0.0
6.228212729,0.01,0.01,0.01,0.01
6.229111201,0.01,0.0,0.0,0.01
6.230299674,0.0,0.0,0.0,0.0
6.2311313880000005,0.0,0.02,0.0,0.0
6.232112138000001,0.0,0.0,0.0,0.0
6.233113161,0.0,0.0,0.01,0.0
6.234177864,0.0,0.0,0.01,0.01
6.2351102130000005,0.0,0.0,0.0,0.0
6.236220662,0.01,0.0,0.0,0.0
6.238202323,0.0,0.0,0.0,0.01
6.239105647000001,0.0,0.0,0.0,0.01
6.240197522000001,0.0,0.0,0.0,0.0
6.241206277000001,0.01,0.01,0.0,0.01
6.242204811000001,0.01,0.01,0.0,0.0
6.24320155,0.01,0.0,0.0,0.0
6.244209163000001,0.06,0.0,0.0,0.0
6.245212204,0.0,0.0,0.0,0.0
6.246197404,0.0,0.0,0.0,0.0
6.2472170700000005,0.0,0.01,0.01,0.02
6.248200432,0.0,0.0,0.0,0.0
6.249215429,0.0,0.01,0.0,0.0
6.250242025,0.01,0.0,0.0,0.0
6.252193382000001,0.0,0.03,0.0,0.01
6.253200499,0.0,0.0,0.0,0.01
6.254206742,0.01,0.04,0.01,0.0
6.255100710000001,0.0,0.01,0.0,0.06
6.256207642000001,0.0,0.0,0.0,0.02
6.257097229,0.0,0.0,0.01,0.0
6.258206122000001,0.0,0.01,0.0,0.0
6.259113636,0.03,0.0,0.0,0.0
6.26009068,0.02,0.01,0.0,0.0
6.2611092180000005,0.01,0.01,0.0,0.0
6.262099943,0.0,0.0,0.0,0.0
6.26310726,0.0,0.0,0.0,0.0
6.264114185,0.01,0.0,0.0,0.0
6.265314603,0.01,0.0,0.01,0.0
6.267204762,0.0,0.0,0.0,0.01
6.268106104,0.0,0.0,0.0,0.0
6.269204771,0.0,0.01,0.0,0.03
6.270059569000001,0.0,0.0,0.0,0.0
6.271202706,0.0,0.0,0.0,0.0
6.272110259000001,0.0,0.01,0.0,0.0
6.273198929,0.0,0.0,0.0,0.0
6.274103663,0.01,0.01,0.0,0.02
6.275337535,0.03,0.03,0.0,0.01
6.276122330000001,0.0,0.0,0.0,0.01
6.277210268,0.0,0.03,0.0,0.0
6.278060355,0.0,0.0,0.0,0.01
6.279221861000001,0.0,0.01,0.0,0.0
6.281212968,0.0,0.0,0.0,0.0
6.2820842720000005,0.01,0.0,0.01,0.0
6.283100043,0.0,0.01,0.01,0.0
6.284099354,0.01,0.0,0.0,0.0
6.285211129,0.0,0.01,0.0,0.0
6.286105819,0.0,0.0,0.0,0.0
6.287202624000001,0.0,0.02,0.0,0.0
6.288104512,0.0,0.01,0.0,0.0
6.289207887000001,0.0,0.0,0.0,0.02
6.2901078230000005,0.0,0.0,0.01,0.0
6.291318569,0.0,0.0,0.0,0.0
6.292062001000001,0.01,0.01,0.01,0.0
6.293209480000001,0.01,0.0,0.0,0.0
6.294106506,0.01,0.01,0.0,0.0
6.295229137000001,0.0,0.0,0.0,0.0
6.297237469000001,0.01,0.01,0.0,0.01
6.298152799,0.01,0.01,0.0,0.0
6.2992031950000005,0.0,0.01,0.0,0.0
6.300114677000001,0.0,0.0,0.0,0.0
6.301206795000001,0.0,0.0,0.0,0.0
6.302118819,0.0,0.0,0.01,0.0
6.303098435000001,0.0,0.0,0.01,0.02
6.304149065000001,0.01,0.05,0.0,0.04
6.305104904,0.0,0.0,0.0,0.0
6.306100998000001,0.0,0.0,0.0,0.01
6.307210075,0.01,0.0,0.0,0.0
6.3081072,0.01,0.01,0.0,0.0
6.3092158650000005,0.0,0.0,0.01,0.0
6.310116611000001,0.0,0.0,0.0,0.0
6.311205359000001,0.0,0.0,0.0,0.0
6.313209339,0.0,0.01,0.0,0.02
6.314180454000001,0.0,0.01,0.0,0.01
6.315223832,0.01,0.0,0.0,0.0
6.316104350000001,0.0,0.0,0.0,0.04
6.317209707,0.01,0.0,0.0,0.0
6.318205783000001,0.0,0.0,0.01,0.0
6.319060897,0.0,0.01,0.0,0.0
6.320189721,0.0,0.0,0.0,0.0
6.321106198000001,0.0,0.01,0.0,0.0
6.322357221000001,0.0,0.02,0.01,0.02
6.323115402,0.0,0.01,0.02,0.0
6.32413004,0.0,0.0,0.01,0.01
6.3251921520000005,0.01,0.0,0.0,0.0
6.326227343,0.0,0.01,0.02,0.01
6.328204177000001,0.01,0.01,0.0,0.0
6.329062869,0.0,0.0,0.0,0.01
6.330352778,0.0,0.01,0.0,0.0
6.331058378000001,0.01,0.0,0.03,0.03
6.332207143000001,0.0,0.01,0.01,0.01
6.333102578,0.01,0.0,0.0,0.01
6.33419724,0.0,0.01,0.01,0.02
6.335100104,0.05,0.0,0.0,0.0
6.336198006,0.02,0.01,0.0,0.01
6.337103238,0.02,0.0,0.0,0.0
6.338206225,0.0,0.03,0.02,0.0
6.339057025000001,0.0,0.01,0.0,0.0
6.340226435000001,0.0,0.01,0.01,0.0
6.342210669,0.0,0.0,0.0,0.0
6.3431055910000005,0.0,0.01,0.01,0.0
6.34420945,0.0,0.0,0.0,0.0
6.345059761000001,0.0,0.01,0.0,0.0
6.346159089,0.03,0.02,0.0,0.0
6.347067958,0.01,0.0,0.01,0.0
6.348098468000001,0.01,0.0,0.0,0.0
6.349174884,0.01,0.0,0.01,0.11
6.350103045,0.0,0.0,0.0,0.0
6.351216054,0.0,0.0,0.0,0.01
6.352106453,0.0,0.0,0.01,0.0
6.353293039,0.0,0.0,0.0,0.01
6.354104327000001,0.01,0.0,0.01,0.02
6.3553292610000005,0.0,0.01,0.0,0.0
6.357128819000001,0.0,0.0,0.01,0.0
6.358230262,0.0,0.0,0.0,0.0
6.359102996000001,0.0,0.0,0.0,0.01
6.360207046,0.0,0.0,0.01,0.0
6.3611981790000005,0.0,0.0,0.0,0.01
6.362203019000001,0.0,0.01,0.0,0.0
6.363101357000001,0.0,0.0,0.01,0.01
6.364201437,0.0,0.02,0.0,0.0
6.365078278,0.0,0.01,0.0,0.01
6.366219049000001,0.03,0.0,0.0,0.03
6.367056815000001,0.01,0.01,0.03,0.0
6.368204234,0.0,0.01,0.0,0.0
6.369105176000001,0.01,0.0,0.0,0.04
6.370195582,0.0,0.0,0.0,0.01
6.371113896000001,0.0,0.0,0.0,0.0
6.372221527000001,0.0,0.0,0.01,0.01
6.3741975250000005,0.0,0.0,0.0,0.01
6.375106205000001,0.0,0.01,0.0,0.01
6.376201956,0.0,0.0,0.0,0.02
6.377109153,0.01,0.0,0.03,0.01
6.378333638,0.01,0.0,0.0,0.0
6.379105729000001,0.0,0.0,0.01,0.0
6.380205364,0.0,0.01,0.0,0.0
6.3812099600000005,0.0,0.0,0.0,0.01
6.382206969,0.0,0.03,0.0,0.0
6.3832094900000005,0.0,0.01,0.02,0.0
6.384262306,0.01,0.01,0.0,0.01
6.385120022000001,0.0,0.01,0.0,0.0
6.386223159,0.0,0.01,0.0,0.0
6.388216074000001,0.01,0.01,0.0,0.01
6.389118322000001,0.0,0.0,0.0,0.0
6.390312102,0.0,0.0,0.0,0.0
6.391106158,0.0,0.0,0.01,0.01
6.392239621000001,0.0,0.0,0.01,0.03
6.393206692000001,0.0,0.0,0.0,0.0
6.394354099,0.0,0.0,0.0,0.0
6.3950864880000005,0.0,0.01,0.0,0.01
6.396199350000001,0.0,0.01,0.0,0.01
6.397197732,0.0,0.01,0.0,0.01
6.3981204510000005,0.0,0.0,0.0,0.0
6.399204487,0.05,0.01,0.0,0.01
6.400251516,0.0,0.0,0.0,0.0
6.402218869,0.0,0.01,0.01,0.0
6.403072946,0.01,0.01,0.02,0.0
6.404216019000001,0.0,0.0,0.0,0.0
6.405113455,0.0,0.01,0.0,0.0
6.406210244,0.0,0.02,0.0,0.0
6.4071043130000005,0.01,0.0,0.01,0.0
6.408218458,0.0,0.01,0.0,0.0
6.409102506,0.0,0.01,0.0,0.0
6.410305656,0.0,0.0,0.0,0.0
6.411107903,0.01,0.0,0.0,0.0
6.412114067,0.0,0.0,0.01,0.0
6.413110965,0.02,0.0,0.0,0.0
6.414157967,0.01,0.0,0.0,0.0
6.415214942,0.01,0.01,0.0,0.0
6.4161294060000005,0.0,0.02,0.01,0.01
6.418353663,0.0,0.0,0.0,0.0
6.419087538,0.0,0.0,0.0,0.0
6.420301827,0.0,0.0,0.09,0.01
6.421067151000001,0.0,0.0,0.0,0.01
6.422214309,0.0,0.0,0.0,0.01
6.423106496000001,0.01,0.0,0.01,0.02
6.424215255,0.0,0.0,0.0,0.0
6.425115925,0.0,0.0,0.0,0.0
6.426264218,0.0,0.0,0.0,0.02
6.4270776650000006,0.01,0.0,0.0,0.0
6.428145897,0.01,0.0,0.0,0.0
6.429115271000001,0.01,0.0,0.01,0.0
6.430107383,0.01,0.0,0.05,0.0
6.431123734000001,0.0,0.01,0.0,0.0
6.43213288,0.0,0.0,0.01,0.01
6.434193574,0.01,0.0,0.02,0.01
6.4351033300000005,0.0,0.0,0.01,0.03
6.436228962,0.01,0.0,0.0,0.01
6.43712144,0.0,0.0,0.01,0.0
6.438102893000001,0.0,0.0,0.0,0.0
6.4392177880000006,0.01,0.0,0.0,0.0
6.440116166,0.0,0.0,0.0,0.0
6.441197751000001,0.0,0.0,0.0,0.0
6.442201161000001,0.0,0.0,0.0,0.01
6.4431102970000005,0.0,0.01,0.0,0.0
6.44421491,0.0,0.01,0.0,0.0
6.4450709260000005,0.0,0.0,0.0,0.0
6.446236927,0.01,0.0,0.0,0.0
6.447180869,0.0,0.0,0.0,0.0
6.4492823370000005,0.0,0.02,0.03,0.0
6.450104907,0.01,0.01,0.0,0.0
6.4512557280000005,0.01,0.0,0.0,0.01
6.452128925,0.01,0.01,0.0,0.0
6.453053408000001,0.01,0.0,0.01,0.0
6.454110667,0.02,0.01,0.0,0.02
6.455102148000001,0.0,0.0,0.0,0.0
6.456278371000001,0.01,0.01,0.05,0.0
6.457065194,0.0,0.01,0.01,0.0
6.458313337000001,0.0,0.0,0.0,0.0
6.459074926,0.0,0.0,0.0,0.0
6.460270448,0.0,0.01,0.01,0.08
6.462234146,0.0,0.0,0.01,0.0
6.4631133190000005,0.0,0.0,0.0,0.0
6.464238325,0.01,0.0,0.0,0.0
6.465061575,0.0,0.0,0.0,0.01
6.466242087,0.01,0.01,0.0,0.0
6.467154329,0.04,0.02,0.01,0.0
6.468104817,0.01,0.0,0.0,0.02
6.469210255,0.0,0.01,0.0,0.0
6.470209507000001,0.0,0.0,0.01,0.0
6.471119236000001,0.0,0.0,0.0,0.0
6.472220088,0.0,0.0,0.0,0.0
6.473054837,0.0,0.0,0.01,0.0
6.474210866000001,0.0,0.0,0.0,0.01
6.475118793,0.0,0.0,0.01,0.0
6.476208615,0.03,0.0,0.0,0.03
6.478276426000001,0.01,0.0,0.02,0.12
6.479113712,0.0,0.0,0.01,0.0
6.480100543000001,0.01,0.01,0.0,0.0
6.481256205,0.0,0.01,0.0,0.01
6.482116439,0.0,0.0,0.01,0.0
6.48319882,0.02,0.01,0.0,0.0
6.484275213,0.01,0.0,0.02,0.07
6.485101957,0.01,0.01,0.0,0.01
6.486211258,0.0,0.0,0.0,0.0
6.487281742,0.0,0.01,0.0,0.0
6.488110357,0.0,0.0,0.0,0.0
6.489197713,0.0,0.0,0.0,0.02
6.490386093000001,0.01,0.0,0.01,0.0
6.4911062170000005,0.0,0.0,0.0,0.0
6.4922266010000005,0.01,0.0,0.02,0.01
6.493207107000001,0.0,0.01,0.01,0.01
6.495141952,0.01,0.0,0.0,0.01
6.496198347,0.0,0.01,0.01,0.0
6.497211089,0.0,0.01,0.0,0.03
6.498198779,0.0,0.0,0.0,0.0
6.499224699,0.0,0.0,0.01,0.0
6.500130673,0.0,0.0,0.02,0.0
6.501202192,0.0,0.0,0.0,0.01
6.502210272,0.0,0.01,0.0,0.0
6.503213025,0.01,0.03,0.0,0.01
6.504212739000001,0.0,0.0,0.04,0.0
6.505201137,0.01,0.0,0.0,0.0
6.506295463000001,0.0,0.0,0.0,0.01
6.507174299000001,0.01,0.0,0.0,0.0
6.5082327620000004,0.0,0.0,0.0,0.0
6.510203473000001,0.0,0.0,0.0,0.0
6.511201219,0.01,0.0,0.0,0.0
6.512195593,0.0,0.0,0.0,0.0
6.513349934000001,0.03,0.0,0.02,0.0
6.514094132,0.01,0.02,0.0,0.01
6.515254401,0.0,0.0,0.0,0.0
6.516101783000001,0.01,0.0,0.0,0.01
6.517214615,0.01,0.0,0.0,0.0
6.518204176,0.01,0.0,0.01,0.0
6.519204922,0.0,0.0,0.01,0.0
6.520441882,0.0,0.0,0.0,0.0
6.521062389000001,0.0,0.01,0.0,0.0
6.522339035000001,0.01,0.01,0.0,0.0
6.523125955,0.0,0.0,0.0,0.0
6.525195726000001,0.0,0.0,0.0,0.01
6.526200173,0.0,0.02,0.01,0.05
6.527197933,0.01,0.0,0.0,0.0
6.528201534000001,0.0,0.0,0.0,0.03
6.529199849,0.02,0.0,0.0,0.0
6.530202779000001,0.0,0.01,0.0,0.01
6.5312027960000005,0.0,0.0,0.01,0.0
6.5322106710000005,0.0,0.0,0.15,0.01
6.533222245,0.01,0.01,0.0,0.0
6.534241657000001,0.0,0.0,0.01,0.0
6.53511855,0.0,0.0,0.0,0.0
6.536199317,0.01,0.01,0.0,0.0
6.537231209000001,0.0,0.0,0.0,0.0
6.53825076,0.0,0.0,0.0,0.0
6.540321541000001,0.01,0.0,0.01,0.0
6.541071262,0.0,0.0,0.03,0.01
6.5421773850000005,0.01,0.0,0.0,0.0
6.543112308,0.0,0.01,0.01,0.0
6.544202777000001,0.0,0.0,0.0,0.0
6.545133085000001,0.0,0.01,0.0,0.0
6.546220674000001,0.01,0.0,0.01,0.0
6.547110968,0.01,0.01,0.0,0.0
6.548221093,0.03,0.02,0.01,0.0
6.549104883,0.0,0.0,0.01,0.0
6.550202413,0.0,0.0,0.0,0.0
6.551214547000001,0.0,0.0,0.0,0.0
6.552216756,0.0,0.0,0.0,0.0
6.5542803240000005,0.0,0.0,0.0,0.0
6.555101252,0.0,0.0,0.0,0.0
6.556205673,0.0,0.0,0.0,0.0
6.557207884,0.0,0.01,0.01,0.01
6.558203844,0.0,0.0,0.0,0.01
6.559197810000001,0.0,0.0,0.01,0.0
6.560192286,0.0,0.0,0.0,0.0
6.561204584,0.04,0.04,0.04,0.0
6.562217325000001,0.01,0.01,0.0,0.0
6.5632118120000005,0.0,0.01,0.0,0.0
6.564211403000001,0.0,0.0,0.0,0.01
6.566206713000001,0.0,0.0,0.01,0.0
6.567101968,0.01,0.0,0.01,0.0
6.568205922000001,0.0,0.0,0.0,0.0
6.569063463,0.0,0.0,0.0,0.01
6.570239824000001,0.0,0.01,0.02,0.0
6.571071951,0.0,0.0,0.02,0.01
6.572134113000001,0.0,0.0,0.0,0.0
6.573157523000001,0.0,0.01,0.0,0.01
6.574219081000001,0.02,0.0,0.01,0.03
6.575104967000001,0.0,0.01,0.0,0.03
6.5761054350000006,0.0,0.01,0.01,0.01
6.577203874,0.01,0.02,0.0,0.01
6.5781124360000005,0.01,0.01,0.04,0.03
6.579212722,0.01,0.01,0.0,0.0
6.580198855000001,0.0,0.01,0.01,0.0
6.581194673000001,0.0,0.0,0.0,0.0
6.582202179,0.0,0.0,0.0,0.0
6.583228297000001,0.0,0.01,0.01,0.0
6.585204234000001,0.0,0.01,0.02,0.0
6.586128148,0.0,0.0,0.0,0.0
6.587212462,0.09,0.06,0.0,0.0
6.588105024000001,0.0,0.0,0.0,0.03
6.589201646,0.0,0.0,0.0,0.0
6.5901012670000005,0.0,0.0,0.0,0.0
6.591219452000001,0.01,0.0,0.0,0.0
6.592212374000001,0.0,0.0,0.02,0.02
6.593208432000001,0.0,0.0,0.01,0.0
6.59420254,0.0,0.0,0.0,0.03
6.595206154,0.0,0.0,0.0,0.0
6.596213287,0.0,0.01,0.0,0.02
6.597203161,0.0,0.01,0.0,0.0
6.598215735,0.0,0.0,0.0,0.0
6.599204825,0.0,0.0,0.01,0.0
6.6012290160000004,0.01,0.0,0.0,0.0
6.602127192,0.0,0.02,0.0,0.02
6.6032116610000005,0.0,0.01,0.0,0.01
6.604206058000001,0.03,0.08,0.0,0.01
6.605122895,0.0,0.0,0.01,0.0
6.60634249,0.0,0.01,0.0,0.0
6.6070601380000005,0.0,0.01,0.0,0.0
6.608213002,0.0,0.0,0.0,0.01
6.609085298,0.0,0.0,0.0,0.01
6.610203864000001,0.05,0.0,0.03,0.0
6.611109425,0.01,0.0,0.0,0.0
6.612317158000001,0.0,0.01,0.0,0.01
6.613105796,0.0,0.0,0.0,0.0
6.615208995000001,0.0,0.01,0.0,0.0
6.616106846,0.0,0.0,0.0,0.0
6.617209831,0.01,0.0,0.0,0.0
6.618164285000001,0.0,0.0,0.0,0.0
6.619199022,0.0,0.0,0.0,0.0
6.620106188,0.0,0.0,0.0,0.0
6.621202522000001,0.01,0.0,0.03,0.04
6.622202178,0.0,0.01,0.0,0.0
6.623133141,0.01,0.0,0.02,0.0
6.6242086250000005,0.02,0.01,0.02,0.0
6.625104512,0.0,0.01,0.0,0.0
6.626224736,0.01,0.0,0.0,0.01
6.627198815000001,0.0,0.02,0.0,0.0
6.628225747,0.01,0.01,0.01,0.0
6.629200512000001,0.01,0.02,0.0,0.0
6.631236137,0.0,0.0,0.0,0.01
6.632142222000001,0.0,0.0,0.0,0.0
6.6331925080000005,0.01,0.01,0.0,0.0
6.634129367000001,0.01,0.01,0.01,0.0
6.635116099,0.0,0.0,0.01,0.0
6.636205595000001,0.0,0.0,0.0,0.0
6.637117773000001,0.0,0.0,0.0,0.01
6.638203832,0.0,0.0,0.01,0.01
6.639200087000001,0.0,0.01,0.0,0.0
6.640105404000001,0.01,0.0,0.0,0.0
6.641200862000001,0.0,0.01,0.07,0.03
6.642209631,0.0,0.0,0.0,0.0
6.643235189,0.0,0.01,0.0,0.0
6.6442168850000005,0.0,0.0,0.0,0.03
6.6462236500000005,0.0,0.0,0.0,0.0
6.647204576,0.0,0.03,0.0,0.0
6.648197509,0.0,0.01,0.0,0.0
6.649203417000001,0.0,0.0,0.0,0.0
6.650304069000001,0.0,0.0,0.0,0.0
6.651109026,0.01,0.0,0.0,0.01
6.652210628000001,0.0,0.01,0.01,0.0
6.653220428,0.01,0.0,0.0,0.0
6.6542016760000005,0.04,0.0,0.04,0.02
6.655217909,0.0,0.01,0.03,0.0
6.656205901000001,0.0,0.0,0.0,0.01
6.6571441490000005,0.0,0.0,0.0,0.01
6.658133952,0.0,0.01,0.0,0.0
6.65925434,0.01,0.0,0.0,0.0
6.661226322,0.0,0.0,0.0,0.0
6.662117735000001,0.0,0.01,0.01,0.0
6.663197899,0.0,0.0,0.01,0.0
6.6641850730000005,0.01,0.0,0.01,0.01
6.665116361000001,0.0,0.02,0.0,0.0
6.666127715,0.0,0.0,0.01,0.0
6.667205267000001,0.01,0.0,0.0,0.0
6.668108271,0.0,0.01,0.0,0.0
6.669207288000001,0.0,0.0,0.0,0.0
6.670132026,0.0,0.0,0.01,0.0
6.671152718,0.01,0.0,0.0,0.0
6.672104515,0.0,0.0,0.0,0.0
6.67309203,0.0,0.0,0.0,0.0
6.674101302,0.0,0.01,0.0,0.0
6.676204783,0.0,0.0,0.01,0.0
6.677060217,0.01,0.0,0.0,0.0
6.678199987,0.0,0.01,0.0,0.0
6.679060554,0.01,0.0,0.0,0.0
6.680207098,0.0,0.0,0.0,0.0
6.681106141000001,0.0,0.0,0.0,0.0
6.682286819000001,0.01,0.0,0.0,0.01
6.683103826000001,0.01,0.0,0.0,0.0
6.684214953000001,0.0,0.0,0.0,0.0
6.685105029000001,0.0,0.0,0.0,0.0
6.686203717000001,0.01,0.0,0.01,0.0
6.687205425,0.06,0.01,0.02,0.0
6.688209283000001,0.01,0.01,0.04,0.01
6.689236758000001,0.0,0.0,0.0,0.0
6.691200866000001,0.0,0.01,0.0,0.0
6.692060216000001,0.0,0.0,0.0,0.0
6.693241388000001,0.0,0.01,0.0,0.0
6.694103396,0.0,0.01,0.01,0.0
6.695192858,0.0,0.0,0.0,0.0
6.696104744,0.03,0.0,0.0,0.01
6.697283445,0.0,0.0,0.02,0.03
6.698179454000001,0.0,0.0,0.0,0.01
6.699103556000001,0.0,0.0,0.0,0.0
6.700197253000001,0.0,0.0,0.0,0.0
6.7011054240000005,0.05,0.01,0.0,0.01
6.702215279000001,0.0,0.0,0.0,0.0
6.703246797,0.0,0.0,0.0,0.0
6.704103261,0.01,0.01,0.0,0.02
6.705208311000001,0.0,0.01,0.01,0.0
6.7071971360000004,0.0,0.0,0.0,0.0
6.70820576,0.03,0.0,0.05,0.0
6.709202383,0.0,0.01,0.0,0.01
6.710207292000001,0.0,0.0,0.0,0.0
6.71119776,0.0,0.0,0.0,0.0
6.712197265,0.0,0.0,0.0,0.0
6.713204318000001,0.0,0.01,0.01,0.0
6.714299077000001,0.0,0.01,0.02,0.0
6.715103477,0.0,0.0,0.0,0.0
6.716204186000001,0.0,0.0,0.0,0.0
6.717140856,0.0,0.0,0.0,0.0
6.718201442000001,0.01,0.0,0.0,0.0
6.719114481,0.0,0.03,0.0,0.0
6.720208582000001,0.0,0.0,0.0,0.07
6.722205103,0.0,0.0,0.0,0.0
6.723115899000001,0.01,0.01,0.0,0.01
6.724226893,0.01,0.0,0.0,0.0
6.725236990000001,0.0,0.01,0.0,0.01
6.7261022200000005,0.01,0.0,0.0,0.01
6.7273174970000005,0.01,0.01,0.0,0.0
6.728116011,0.01,0.0,0.0,0.0
6.729264628,0.0,0.0,0.0,0.0
6.730191102,0.01,0.0,0.0,0.0
6.731337442,0.0,0.0,0.02,0.0
6.732103942,0.0,0.0,0.0,0.0
6.733333068,0.0,0.03,0.0,0.0
6.735208186,0.0,0.01,0.03,0.0
6.736200516,0.0,0.0,0.0,0.02
6.737245545,0.0,0.01,0.08,0.03
6.7381444450000005,0.0,0.01,0.0,0.0
6.739144946000001,0.0,0.0,0.01,0.01
6.740203301,0.0,0.0,0.0,0.0
6.7411966560000005,0.0,0.01,0.01,0.0
6.742141708,0.0,0.0,0.0,0.0
6.743141895000001,0.0,0.01,0.0,0.0
6.744104805,0.01,0.0,0.0,0.0
6.745210005000001,0.0,0.01,0.0,0.01
6.746135205000001,0.01,0.0,0.0,0.0
6.7471960310000005,0.0,0.0,0.0,0.0
6.7481058570000005,0.0,0.0,0.0,0.0
6.749231391,0.0,0.0,0.0,0.0
6.7511426960000005,0.0,0.0,0.07,0.03
6.752209914000001,0.0,0.01,0.02,0.01
6.753105667000001,0.0,0.0,0.0,0.0
6.754208631,0.01,0.0,0.01,0.0
6.755117919000001,0.0,0.01,0.0,0.01
6.756405023,0.01,0.01,0.0,0.0
6.757102676000001,0.0,0.0,0.01,0.01
6.758290362,0.01,0.0,0.0,0.01
6.759222836,0.02,0.0,0.0,0.01
6.760109757,0.0,0.0,0.0,0.0
6.761240799,0.0,0.01,0.0,0.0
6.762358430000001,0.0,0.01,0.0,0.02
6.763112005,0.01,0.01,0.0,0.01
6.764224919,0.01,0.01,0.01,0.0
6.766222703,0.0,0.0,0.0,0.01
6.767109936000001,0.0,0.01,0.0,0.0
6.768295014,0.01,0.0,0.1,0.01
6.7691107530000005,0.02,0.0,0.01,0.01
6.770206024,0.0,0.01,0.01,0.01
6.77110238,0.0,0.0,0.0,0.0
6.772205264,0.0,0.0,0.0,0.0
6.773210389000001,0.01,0.0,0.01,0.0
6.774211335,0.01,0.03,0.05,0.03
6.775108254,0.0,0.0,0.0,0.0
6.776235166,0.0,0.0,0.01,0.0
6.777214327,0.0,0.0,0.01,0.0
6.7783001590000005,0.0,0.01,0.0,0.0
6.7791197080000005,0.01,0.02,0.0,0.03
6.780211765000001,0.0,0.0,0.0,0.0
6.781212319000001,0.0,0.0,0.0,0.0
6.783155560000001,0.02,0.0,0.01,0.0
6.784198227,0.01,0.0,0.01,0.0
6.78520369,0.0,0.0,0.01,0.02
6.7862267460000005,0.0,0.0,0.01,0.0
6.787124977,0.01,0.0,0.0,0.0
6.788142813,0.0,0.0,0.0,0.0
6.789154517,0.0,0.0,0.0,0.0
6.790233925000001,0.0,0.0,0.0,0.0
6.7911167820000005,0.0,0.01,0.0,0.0
6.792228766,0.0,0.0,0.0,0.0
6.793102682000001,0.0,0.0,0.0,0.0
6.7943700300000005,0.0,0.0,0.0,0.0
6.796128191,0.0,0.0,0.0,0.0
6.797200365,0.0,0.0,0.0,0.0
6.798105487000001,0.0,0.04,0.0,0.01
6.799204256,0.0,0.0,0.0,0.0
6.800103389,0.0,0.0,0.0,0.01
6.801205336000001,0.0,0.0,0.0,0.01
6.802105341000001,0.0,0.0,0.0,0.0
6.803203006,0.0,0.02,0.0,0.02
6.8042201030000005,0.02,0.0,0.04,0.0
6.805103127000001,0.01,0.01,0.0,0.0
6.806247066,0.0,0.0,0.0,0.0
6.807109739,0.0,0.0,0.0,0.0
6.808210275,0.0,0.0,0.0,0.0
6.8092148660000005,0.01,0.0,0.0,0.03
6.810265639000001,0.0,0.0,0.0,0.03
6.812202337,0.0,0.0,0.01,0.01
6.813107261000001,0.01,0.02,0.01,0.0
6.814210481000001,0.01,0.01,0.0,0.01
6.815107187000001,0.0,0.0,0.0,0.02
6.816242335,0.0,0.0,0.0,0.01
6.817062712,0.03,0.0,0.0,0.0
6.818225536000001,0.02,0.0,0.0,0.0
6.8191052580000004,0.01,0.03,0.02,0.04
6.820137343000001,0.0,0.0,0.0,0.0
6.821222402,0.0,0.0,0.02,0.0
6.822129473,0.01,0.0,0.0,0.0
6.8231053500000005,0.0,0.0,0.01,0.0
6.824203099,0.0,0.0,0.0,0.01
6.8251565670000005,0.0,0.01,0.0,0.0
6.8271070730000005,0.0,0.0,0.0,0.01
6.828218298,0.0,0.0,0.0,0.01
6.829110055,0.0,0.0,0.0,0.01
6.830291993,0.0,0.04,0.0,0.02
6.831105034,0.0,0.0,0.0,0.0
6.832204519,0.0,0.0,0.0,0.0
6.8332052480000005,0.01,0.0,0.0,0.0
6.834198139000001,0.0,0.01,0.0,0.01
6.835200346000001,0.01,0.0,0.02,0.0
6.836208377,0.01,0.02,0.0,0.01
6.837212397,0.01,0.0,0.0,0.0
6.838200132000001,0.0,0.0,0.0,0.0
6.839206066,0.0,0.01,0.0,0.0
6.840225994000001,0.0,0.0,0.0,0.0
6.841220300000001,0.0,0.01,0.0,0.0
6.842283153,0.0,0.0,0.0,0.0
6.8442084030000006,0.0,0.02,0.0,0.0
6.845213363,0.0,0.01,0.01,0.0
6.846107224000001,0.0,0.0,0.0,0.0
6.847204094,0.0,0.0,0.0,0.0
6.848066592,0.0,0.0,0.0,0.0
6.849290964000001,0.0,0.0,0.0,0.03
6.850091882,0.0,0.0,0.0,0.0
6.851107939,0.0,0.0,0.0,0.0
6.852282622000001,0.01,0.0,0.0,0.01
6.853125074,0.0,0.0,0.01,0.01
6.854204385,0.01,0.01,0.02,0.01
6.8551057580000005,0.01,0.0,0.0,0.03
6.856209258000001,0.0,0.0,0.0,0.0
6.857216696,0.01,0.01,0.0,0.0
6.858242097000001,0.0,0.0,0.0,0.01
6.860201335,0.05,0.0,0.0,0.0
6.8611124960000005,0.0,0.01,0.0,0.0
6.862212553,0.01,0.01,0.0,0.02
6.8631351920000006,0.0,0.01,0.0,0.0
6.864211267000001,0.0,0.01,0.0,0.0
6.865101480000001,0.0,0.01,0.0,0.0
6.866206708,0.01,0.02,0.04,0.0
6.867206449,0.0,0.01,0.0,0.0
6.868208376,0.0,0.0,0.0,0.0
6.86922089,0.0,0.01,0.01,0.01
6.870109965,0.0,0.0,0.0,0.01
6.871200662000001,0.0,0.0,0.0,0.0
6.873199206000001,0.0,0.0,0.0,0.0
6.874118635,0.0,0.0,0.0,0.0
6.875102449000001,0.0,0.01,0.0,0.0
6.876209139,0.0,0.01,0.0,0.0
6.877120662,0.0,0.04,0.01,0.0
6.878205483,0.01,0.0,0.01,0.01
6.879122798,0.0,0.01,0.0,0.0
6.880286108000001,0.0,0.0,0.0,0.0
6.881126793000001,0.0,0.01,0.0,0.0
6.882228767000001,0.02,0.01,0.0,0.0
6.883107925,0.0,0.04,0.0,0.0
6.884209826,0.0,0.0,0.0,0.0
6.885200194,0.0,0.02,0.01,0.0
6.886207509,0.0,0.0,0.0,0.01
6.887205043000001,0.0,0.0,0.0,0.0
6.888204106000001,0.0,0.0,0.0,0.0
6.8903033350000005,0.0,0.0,0.0,0.0
6.891107361,0.0,0.01,0.0,0.0
6.8921687050000005,0.0,0.0,0.0,0.0
6.893203904000001,0.0,0.0,0.0,0.0
6.894209369,0.01,0.04,0.0,0.04
6.8952022070000005,0.0,0.0,0.01,0.0
6.896206266,0.0,0.0,0.0,0.0
6.897215601,0.0,0.02,0.02,0.0
6.898219630000001,0.01,0.01,0.0,0.0
6.899200917000001,0.0,0.0,0.0,0.0
6.900151689,0.0,0.01,0.01,0.03
6.9012276340000005,0.0,0.01,0.0,0.0
6.902105942,0.0,0.0,0.0,0.0
6.903212477,0.0,0.0,0.0,0.0
6.905214697000001,0.0,0.01,0.0,0.01
6.9062296960000005,0.0,0.01,0.0,0.01
6.907207157,0.01,0.0,0.01,0.0
6.908210256,0.0,0.0,0.0,0.0
6.90921871,0.0,0.0,0.0,0.0
6.910259236000001,0.0,0.0,0.0,0.0
6.911120301,0.0,0.02,0.05,0.0
6.912225238,0.0,0.0,0.0,0.0
6.913116031,0.0,0.01,0.02,0.0
6.9143623640000005,0.0,0.03,0.0,0.02
6.915112767,0.0,0.0,0.0,0.0
6.9172151500000005,0.01,0.0,0.01,0.02
6.918212426,0.01,0.0,0.0,0.01
6.919201776,0.01,0.01,0.0,0.0
6.920241964000001,0.0,0.0,0.0,0.0
6.921201873,0.0,0.0,0.0,0.0
6.922142413,0.0,0.0,0.0,0.01
6.9232095220000005,0.02,0.01,0.0,0.0
6.92420695,0.0,0.0,0.0,0.02
6.925199716000001,0.01,0.0,0.0,0.0
6.926210549,0.01,0.01,0.03,0.08
6.927194738000001,0.0,0.0,0.0,0.0
6.928206856,0.01,0.0,0.0,0.01
6.929208182,0.03,0.0,0.0,0.0
6.930220348000001,0.0,0.0,0.02,0.0
6.931223031,0.01,0.0,0.0,0.0
6.932208285000001,0.0,0.01,0.0,0.0
6.934207763000001,0.02,0.01,0.01,0.0
6.935201249,0.01,0.0,0.0,0.02
6.936204842,0.0,0.0,0.0,0.03
6.9372063960000006,0.0,0.01,0.0,0.0
6.938279707,0.0,0.0,0.0,0.0
6.939103254000001,0.0,0.0,0.0,0.0
6.940198217000001,0.0,0.0,0.0,0.0
6.941399647000001,0.0,0.0,0.0,0.0
6.942095299,0.0,0.01,0.01,0.0
6.943230081,0.0,0.0,0.0,0.0
6.944123208000001,0.0,0.0,0.0,0.0
6.945221416000001,0.01,0.0,0.0,0.01
6.946230208,0.0,0.01,0.0,0.0
6.948117671,0.0,0.01,0.0,0.0
6.949105161,0.0,0.01,0.0,0.01
6.950205263000001,0.0,0.0,0.0,0.01
6.951103933000001,0.0,0.0,0.0,0.0
6.952143337000001,0.01,0.0,0.01,0.01
6.953213627,0.01,0.0,0.02,0.0
6.9541311960000005,0.01,0.0,0.0,0.0
6.955206706,0.0,0.0,0.0,0.0
6.956216296,0.0,0.0,0.01,0.01
6.957107758,0.0,0.01,0.04,0.0
6.958208456,0.0,0.0,0.01,0.0
6.9592162900000005,0.01,0.02,0.0,0.0
6.960215858000001,0.0,0.0,0.0,0.0
6.961222109,0.0,0.0,0.0,0.0
6.96319815,0.03,0.0,0.05,0.01
6.964188592,0.0,0.0,0.0,0.0
6.965197481000001,0.0,0.02,0.0,0.01
6.966206757,0.0,0.01,0.0,0.0
6.967059764,0.0,0.01,0.0,0.01
6.968204008000001,0.0,0.0,0.0,0.0
6.969059274,0.0,0.0,0.01,0.02
6.970335073,0.0,0.0,0.0,0.0
6.971060931,0.0,0.0,0.0,0.02
6.972281424,0.0,0.0,0.0,0.02
6.973113126,0.0,0.0,0.02,0.01
6.974261613,0.0,0.04,0.01,0.0
6.976226815,0.0,0.0,0.01,0.0
6.977118579000001,0.01,0.02,0.0,0.05
6.978238948,0.0,0.0,0.0,0.0
6.979107193000001,0.0,0.0,0.0,0.0
6.980099302,0.0,0.0,0.0,0.0
6.981196035000001,0.0,0.0,0.0,0.0
6.982104008,0.01,0.0,0.0,0.01
6.9831994250000005,0.0,0.01,0.02,0.0
6.984203334,0.0,0.01,0.01,0.0
6.985209273000001,0.0,0.0,0.0,0.0
6.986223624000001,0.0,0.0,0.03,0.0
6.987210437000001,0.0,0.01,0.01,0.0
6.988209003000001,0.0,0.0,0.0,0.0
6.989210087,0.0,0.0,0.0,0.0
6.990216517,0.06,0.05,0.03,0.0
6.991243596,0.0,0.0,0.01,0.0
6.992233597,0.0,0.0,0.0,0.0
6.994200960000001,0.0,0.0,0.0,0.0
6.995217179000001,0.0,0.0,0.0,0.01
6.996207878000001,0.0,0.0,0.0,0.0
6.997209850000001,0.0,0.0,0.01,0.0
6.998208388,0.0,0.0,0.0,0.01
6.999203591000001,0.0,0.0,0.0,0.01
7.000203882,0.0,0.0,0.01,0.0
7.001217367000001,0.0,0.0,0.0,0.01
7.002258439,0.0,0.0,0.0,0.01
7.003169308,0.0,0.01,0.0,0.0
7.004218882000001,0.02,0.01,0.02,0.03
7.005225788000001,0.0,0.0,0.0,0.0
7.006310882,0.01,0.0,0.0,0.0
7.008221106000001,0.0,0.0,0.0,0.01
7.009211059,0.0,0.0,0.0,0.0
7.010190543,0.05,0.01,0.01,0.0
7.011214202000001,0.0,0.0,0.0,0.0
7.012228315000001,0.0,0.01,0.0,0.01
7.013109087,0.0,0.0,0.0,0.0
7.014207529,0.0,0.01,0.0,0.0
7.015121422,0.0,0.01,0.0,0.01
7.016211705000001,0.0,0.01,0.02,0.01
7.017213466,0.0,0.01,0.0,0.0
7.018295548,0.0,0.0,0.0,0.0
7.019117437,0.0,0.0,0.0,0.01
7.020224158,0.0,0.0,0.0,0.0
7.021218848,0.0,0.0,0.0,0.0
7.022260613,0.0,0.0,0.0,0.01
7.024191588000001,0.03,0.0,0.01,0.0
7.025212612000001,0.01,0.01,0.0,0.03
7.026204601000001,0.0,0.0,0.0,0.0
7.0272030270000005,0.0,0.0,0.0,0.0
7.028204174000001,0.0,0.01,0.01,0.0
7.029207589,0.0,0.01,0.0,0.0
7.030201273,0.0,0.0,0.0,0.01
7.031200673000001,0.0,0.0,0.0,0.01
7.032215022000001,0.0,0.0,0.0,0.0
7.033204241000001,0.0,0.01,0.0,0.01
7.034125597,0.0,0.0,0.0,0.0
7.035205363,0.05,0.02,0.02,0.09
7.036106801000001,0.0,0.0,0.01,0.0
7.037260805000001,0.01,0.01,0.0,0.0
7.039349714,0.0,0.0,0.0,0.0
7.040065135000001,0.01,0.0,0.0,0.0
7.041224280000001,0.04,0.0,0.0,0.0
7.042090218,0.0,0.01,0.0,0.01
7.0432132350000005,0.0,0.01,0.0,0.0
7.044075458,0.0,0.0,0.0,0.0
7.045210981,0.01,0.0,0.01,0.01
7.046101184,0.0,0.04,0.02,0.0
7.047207353,0.0,0.01,0.0,0.0
7.048103517,0.0,0.0,0.01,0.01
7.049201289000001,0.0,0.01,0.0,0.0
7.050253115,0.0,0.01,0.0,0.0
7.0511009090000005,0.03,0.0,0.0,0.0
7.05223866,0.02,0.0,0.0,0.0
7.054219462000001,0.0,0.0,0.0,0.0
7.055106719,0.0,0.01,0.0,0.07
7.056204640000001,0.0,0.0,0.0,0.0
7.057105304,0.0,0.0,0.0,0.0
7.058204779,0.01,0.01,0.0,0.0
7.059060019,0.0,0.0,0.0,0.0
7.060200283,0.0,0.05,0.0,0.0
7.061097887000001,0.0,0.01,0.0,0.0
7.062204708,0.0,0.0,0.0,0.0
7.0631055620000005,0.0,0.0,0.0,0.01
7.0642316670000005,0.0,0.0,0.0,0.01
7.0651102240000005,0.02,0.0,0.0,0.0
7.066093029,0.02,0.0,0.0,0.0
7.0682239430000005,0.0,0.03,0.02,0.05
7.069102096000001,0.0,0.0,0.0,0.01
7.0701922,0.0,0.0,0.0,0.0
7.071150363,0.0,0.0,0.01,0.01
7.072208468,0.01,0.0,0.0,0.0
7.073100973000001,0.0,0.0,0.0,0.0
7.074198569000001,0.0,0.0,0.02,0.02
7.075207702,0.0,0.0,0.01,0.0
7.076069841000001,0.0,0.0,0.0,0.0
7.077201882000001,0.0,0.0,0.0,0.0
7.078101878,0.0,0.01,0.0,0.0
7.0792075940000005,0.0,0.01,0.0,0.01
7.0801090040000005,0.0,0.0,0.0,0.0
7.081199233,0.0,0.0,0.0,0.0
7.08220993,0.0,0.0,0.05,0.09
7.083214466,0.0,0.0,0.01,0.0
7.085266444,0.0,0.02,0.0,0.0
7.086102647000001,0.0,0.01,0.01,0.0
7.087204869000001,0.0,0.0,0.0,0.0
7.0881084,0.03,0.01,0.0,0.01
7.08920756,0.0,0.01,0.08,0.05
7.090115428000001,0.0,0.0,0.0,0.02
7.09120573,0.0,0.0,0.0,0.0
7.0921093310000005,0.0,0.0,0.0,0.0
7.093211178000001,0.0,0.03,0.0,0.01
7.094213591000001,0.0,0.01,0.02,0.01
7.095290847,0.0,0.01,0.0,0.0
7.096158435,0.0,0.0,0.0,0.02
7.097283048,0.01,0.0,0.0,0.01
7.099140491000001,0.01,0.01,0.0,0.0
7.100105415000001,0.01,0.0,0.01,0.0
7.101201566,0.0,0.0,0.0,0.0
7.102101305000001,0.0,0.01,0.0,0.0
7.1032577990000005,0.0,0.01,0.0,0.0
7.1041056540000005,0.0,0.0,0.0,0.02
7.105203851000001,0.01,0.0,0.0,0.01
7.106214735,0.0,0.0,0.0,0.03
7.107202841,0.02,0.01,0.0,0.02
7.108202101000001,0.01,0.03,0.0,0.02
7.109204232000001,0.01,0.0,0.0,0.0
7.110214613,0.0,0.0,0.0,0.0
7.111222700000001,0.0,0.01,0.0,0.0
7.112223704000001,0.01,0.01,0.0,0.01
7.113214427000001,0.0,0.0,0.0,0.0
7.115203696,0.0,0.0,0.0,0.01
7.116204641,0.0,0.0,0.0,0.0
7.117201925000001,0.0,0.0,0.0,0.0
7.118176646,0.0,0.03,0.0,0.0
7.119194781,0.0,0.01,0.0,0.02
7.12019827,0.0,0.01,0.0,0.05
7.12119848,0.0,0.01,0.0,0.0
7.122203892000001,0.01,0.01,0.0,0.0
7.123198981000001,0.0,0.01,0.01,0.0
7.124209885000001,0.0,0.0,0.0,0.0
7.125205739,0.01,0.0,0.0,0.0
7.126201737000001,0.01,0.0,0.0,0.0
7.127238592,0.0,0.0,0.0,0.0
7.1282090270000005,0.0,0.0,0.0,0.0
7.130430921,0.0,0.0,0.0,0.0
7.131069737000001,0.0,0.02,0.0,0.0
7.1322511,0.0,0.0,0.0,0.0
7.133210460000001,0.0,0.0,0.0,0.0
7.134208441,0.01,0.0,0.0,0.0
7.135206204,0.0,0.0,0.0,0.0
7.136108640000001,0.04,0.01,0.0,0.0
7.137243132,0.0,0.01,0.02,0.03
7.138214777000001,0.0,0.0,0.0,0.01
7.139215653000001,0.0,0.0,0.03,0.02
7.140201001,0.0,0.0,0.0,0.01
7.141211515,0.0,0.01,0.0,0.0
7.142212365000001,0.02,0.0,0.0,0.02
7.143227082,0.01,0.01,0.01,0.0
7.1442110350000005,0.01,0.02,0.01,0.01
7.146258145,0.0,0.0,0.0,0.0
7.147060751000001,0.05,0.0,0.0,0.06
7.1482140890000005,0.01,0.0,0.0,0.0
7.149079847,0.0,0.0,0.0,0.0
7.150204501,0.0,0.0,0.0,0.0
7.151201309,0.01,0.0,0.0,0.0
7.152197558,0.0,0.05,0.0,0.09
7.153121196000001,0.0,0.0,0.0,0.0
7.154210048,0.0,0.0,0.0,0.01
7.155104893000001,0.0,0.0,0.0,0.0
7.15619718,0.01,0.0,0.01,0.01
7.157451030000001,0.0,0.0,0.01,0.0
7.1591785560000005,0.02,0.0,0.0,0.0
7.160104708,0.0,0.0,0.0,0.0
7.161099976,0.0,0.0,0.0,0.0
7.16233857,0.0,0.0,0.0,0.0
7.163109498000001,0.06,0.05,0.0,0.0
7.164196218000001,0.0,0.0,0.0,0.0
7.165111038,0.0,0.0,0.0,0.0
7.1662042,0.0,0.01,0.0,0.0
7.167242209,0.0,0.0,0.02,0.01
7.168105989000001,0.0,0.0,0.0,0.0
7.169307918,0.0,0.0,0.0,0.0
7.170105862000001,0.0,0.0,0.0,0.0
7.171238982,0.0,0.0,0.01,0.0
7.172107407,0.0,0.01,0.0,0.0
7.173221675000001,0.01,0.0,0.01,0.0
7.17521342,0.01,0.01,0.01,0.0
7.176056375000001,0.0,0.0,0.0,0.0
7.177208682000001,0.0,0.0,0.0,0.0
7.178104568,0.0,0.0,0.0,0.02
7.17921032,0.0,0.01,0.0,0.0
7.180104373000001,0.0,0.0,0.01,0.0
7.1812038540000005,0.11,0.02,0.0,0.01
7.182109331,0.0,0.01,0.0,0.0
7.183202667000001,0.0,0.0,0.0,0.01
7.184105078000001,0.0,0.0,0.0,0.0
7.185223511,0.0,0.01,0.0,0.0
7.186107847000001,0.01,0.0,0.0,0.0
7.187209910000001,0.02,0.0,0.02,0.01
7.1881849330000005,0.0,0.0,0.0,0.0
7.189268684000001,0.0,0.01,0.0,0.03
7.1912798250000005,0.0,0.0,0.0,0.0
7.19206748,0.03,0.0,0.02,0.01
7.193229689000001,0.01,0.01,0.0,0.01
7.19407318,0.0,0.0,0.0,0.0
7.195240451,0.0,0.0,0.0,0.0
7.196107619,0.0,0.0,0.0,0.0
7.197219386,0.01,0.0,0.0,0.07
7.198110843,0.0,0.0,0.01,0.01
7.199212718,0.01,0.0,0.01,0.0
7.200109001,0.0,0.0,0.0,0.0
7.201204393,0.0,0.0,0.0,0.01
7.202207187000001,0.01,0.0,0.0,0.0
7.203217560000001,0.0,0.05,0.01,0.0
7.204214261000001,0.0,0.0,0.0,0.01
7.205220987000001,0.02,0.0,0.0,0.01
7.207207464000001,0.0,0.01,0.01,0.0
7.2081118140000005,0.0,0.0,0.01,0.0
7.209198053000001,0.0,0.01,0.01,0.0
7.2100929570000005,0.0,0.0,0.0,0.0
7.211205927000001,0.0,0.0,0.01,0.0
7.212106341,0.01,0.01,0.01,0.0
7.213209437000001,0.0,0.0,0.0,0.0
7.214142590000001,0.0,0.0,0.0,0.0
7.215103229,0.0,0.0,0.0,0.0
7.216201683,0.0,0.0,0.0,0.02
7.21710354,0.0,0.0,0.0,0.01
7.218248745,0.0,0.0,0.01,0.01
7.220205441,0.0,0.0,0.0,0.01
7.221069982,0.0,0.0,0.0,0.0
7.222248232,0.0,0.0,0.0,0.01
7.223114310000001,0.0,0.0,0.0,0.0
7.224107175,0.0,0.0,0.01,0.01
7.225231954000001,0.0,0.01,0.0,0.0
7.2261453630000005,0.0,0.0,0.0,0.0
7.227146474,0.0,0.03,0.0,0.0
7.2282653340000005,0.0,0.01,0.0,0.0
7.229166271,0.04,0.1,0.07,0.0
7.2302236660000005,0.0,0.0,0.0,0.0
7.231105321,0.01,0.0,0.0,0.0
7.232259943000001,0.0,0.0,0.0,0.0
7.233124053,0.0,0.01,0.0,0.0
7.235196711,0.0,0.0,0.0,0.0
7.2361927580000005,0.03,0.04,0.0,0.01
7.237189749000001,0.02,0.0,0.0,0.0
7.238198674,0.0,0.0,0.0,0.0
7.239198012,0.0,0.03,0.0,0.0
7.240200249000001,0.0,0.01,0.0,0.0
7.241198310000001,0.0,0.0,0.0,0.0
7.242291482000001,0.0,0.0,0.0,0.0
7.243059629,0.0,0.02,0.03,0.0
7.244211322000001,0.0,0.0,0.0,0.01
7.245210704000001,0.0,0.0,0.0,0.0
7.246205034000001,0.0,0.0,0.0,0.0
7.247199011,0.07,0.01,0.01,0.0
7.248224412000001,0.0,0.0,0.01,0.0
7.249231708000001,0.0,0.01,0.0,0.0
7.251206004,0.0,0.0,0.0,0.01
7.252101541,0.0,0.0,0.0,0.0
7.2532088,0.01,0.0,0.01,0.01
7.254214258,0.0,0.01,0.0,0.01
7.255204738000001,0.01,0.0,0.0,0.0
7.256375205,0.03,0.0,0.0,0.0
7.257117640000001,0.0,0.0,0.01,0.0
7.258223096,0.0,0.0,0.0,0.0
7.259110065000001,0.0,0.01,0.0,0.0
7.260213226,0.0,0.04,0.0,0.0
7.262208806,0.02,0.01,0.0,0.0
7.263112531000001,0.01,0.0,0.0,0.01
7.264207475,0.01,0.0,0.0,0.0
7.2652002620000005,0.0,0.0,0.04,0.04
7.2661998180000005,0.0,0.0,0.0,0.0
7.2672030880000005,0.0,0.0,0.0,0.0
7.268214,0.01,0.01,0.0,0.0
7.269211596000001,0.0,0.0,0.0,0.0
7.270201843000001,0.0,0.0,0.0,0.0
7.271205566000001,0.0,0.0,0.0,0.0
7.272208709,0.0,0.0,0.0,0.0
7.2732090650000005,0.0,0.0,0.01,0.01
7.2742498520000005,0.0,0.0,0.0,0.0
7.275159981000001,0.0,0.0,0.0,0.0
7.276204821,0.0,0.0,0.0,0.0
7.277234023,0.0,0.0,0.0,0.0
7.278305347000001,0.0,0.0,0.0,0.0
7.279120718000001,0.0,0.01,0.01,0.0
7.280216082000001,0.0,0.01,0.0,0.01
7.281247002000001,0.0,0.0,0.0,0.0
7.283271141,0.0,0.01,0.01,0.0
7.284166320000001,0.0,0.0,0.0,0.0
7.2852204810000005,0.0,0.01,0.0,0.0
7.286224818000001,0.0,0.01,0.01,0.0
7.287151666000001,0.0,0.01,0.0,0.0
7.288173968000001,0.0,0.0,0.0,0.0
7.289205234000001,0.02,0.0,0.0,0.0
7.290256827,0.0,0.0,0.0,0.0
7.291115707,0.01,0.01,0.0,0.0
7.292214446,0.0,0.0,0.01,0.02
7.293255964,0.0,0.0,0.0,0.0
7.294270523000001,0.0,0.02,0.0,0.0
7.295131631,0.0,0.01,0.0,0.0
7.297196592000001,0.0,0.0,0.0,0.0
7.298208971,0.0,0.07,0.01,0.0
7.2991989880000006,0.0,0.0,0.0,0.08
7.30020938,0.0,0.0,0.02,0.0
7.3012003640000005,0.01,0.0,0.0,0.0
7.302201772,0.0,0.0,0.0,0.0
7.3032095120000005,0.01,0.0,0.0,0.0
7.304213918,0.0,0.01,0.0,0.01
7.305200244000001,0.0,0.0,0.01,0.0
7.306203526000001,0.01,0.01,0.0,0.02
7.307204274,0.01,0.01,0.0,0.02
7.308228740000001,0.01,0.01,0.01,0.0
7.309233293,0.01,0.01,0.0,0.0
7.310220404000001,0.0,0.0,0.0,0.0
7.312222693000001,0.0,0.0,0.0,0.0
7.313271914,0.01,0.01,0.0,0.01
7.314085404,0.01,0.0,0.0,0.0
7.315293854,0.07,0.09,0.0,0.0
7.316112451,0.01,0.01,0.0,0.02
7.317206655000001,0.0,0.0,0.0,0.0
7.318205879000001,0.01,0.0,0.01,0.0
7.319205059000001,0.0,0.0,0.0,0.0
7.320239757,0.0,0.0,0.0,0.0
7.321106172,0.01,0.0,0.0,0.0
7.322294632,0.0,0.01,0.0,0.0
7.323105731,0.0,0.0,0.01,0.01
7.324233068000001,0.07,0.01,0.01,0.01
7.326216409000001,0.02,0.01,0.0,0.0
7.327204459000001,0.0,0.0,0.0,0.02
7.328201667,0.0,0.0,0.02,0.0
7.329200105000001,0.01,0.01,0.0,0.0
7.330213919,0.0,0.0,0.0,0.02
7.3312126840000005,0.0,0.0,0.0,0.03
7.332208806000001,0.0,0.0,0.02,0.07
7.333215685000001,0.0,0.0,0.0,0.0
7.33420204,0.01,0.0,0.0,0.0
7.335207164000001,0.01,0.01,0.01,0.0
7.336203021,0.03,0.0,0.0,0.0
7.337201800000001,0.0,0.0,0.0,0.0
7.339151297000001,0.0,0.0,0.01,0.0
7.340101769,0.01,0.0,0.0,0.0
7.3411150030000005,0.04,0.01,0.01,0.0
7.342103469,0.0,0.0,0.0,0.0
7.343229241,0.01,0.0,0.0,0.01
7.344101595000001,0.01,0.0,0.0,0.0
7.345242612000001,0.01,0.0,0.01,0.0
7.3461034640000005,0.0,0.0,0.01,0.0
7.347279339000001,0.0,0.02,0.05,0.0
7.348234129000001,0.0,0.0,0.0,0.0
7.3491080360000005,0.0,0.0,0.0,0.01
7.350197603000001,0.0,0.0,0.0,0.0
7.351108695000001,0.0,0.0,0.01,0.0
7.352202650000001,0.0,0.01,0.0,0.02
7.353283795,0.0,0.01,0.0,0.0
7.3542790060000005,0.0,0.0,0.01,0.0
7.356211507,0.0,0.0,0.0,0.0
7.357106955000001,0.01,0.0,0.0,0.0
7.358200664000001,0.0,0.0,0.01,0.02
7.359059877000001,0.0,0.0,0.0,0.0
7.360203873000001,0.02,0.0,0.01,0.0
7.361104283,0.0,0.0,0.01,0.0
7.362203891,0.0,0.01,0.01,0.0
7.3631113280000005,0.0,0.01,0.01,0.0
7.364203817000001,0.0,0.01,0.06,0.0
7.365194817000001,0.01,0.0,0.0,0.0
7.366204044000001,0.01,0.0,0.0,0.0
7.367213856,0.01,0.0,0.01,0.0
7.368210461,0.01,0.02,0.0,0.01
7.369212646,0.0,0.0,0.0,0.0
7.370498786000001,0.0,0.0,0.01,0.07
7.372203743,0.0,0.0,0.0,0.0
7.373110662,0.0,0.0,0.03,0.0
7.374208654,0.0,0.0,0.0,0.0
7.375111471,0.01,0.0,0.0,0.0
7.3762097010000005,0.0,0.0,0.08,0.0
7.3772042120000005,0.0,0.01,0.01,0.0
7.378206818000001,0.0,0.03,0.0,0.0
7.379209906000001,0.01,0.0,0.0,0.0
7.380254872,0.0,0.0,0.0,0.0
7.3811124040000005,0.0,0.0,0.0,0.0
7.382200323,0.0,0.0,0.01,0.0
7.383203439000001,0.0,0.0,0.01,0.01
7.384211265,0.02,0.0,0.01,0.0
7.385244913,0.02,0.01,0.0,0.03
7.3862357450000005,0.07,0.04,0.11,0.04
7.388201533,0.0,0.0,0.0,0.0
7.389217823,0.01,0.0,0.0,0.0
7.390100553000001,0.0,0.0,0.0,0.0
7.391198226,0.0,0.0,0.0,0.0
7.392106973000001,0.0,0.0,0.0,0.0
7.393207933,0.0,0.0,0.08,0.04
7.394208106000001,0.01,0.0,0.0,0.0
7.395060968,0.0,0.0,0.0,0.0
7.3962056060000005,0.0,0.01,0.02,0.0
7.397060232,0.0,0.0,0.0,0.0
7.398200425000001,0.0,0.02,0.01,0.0
7.3991085430000005,0.0,0.0,0.01,0.0
7.400244654000001,0.0,0.0,0.0,0.0
7.402465070000001,0.0,0.0,0.0,0.0
7.403066751000001,0.08,0.0,0.0,0.01
7.404207266,0.0,0.0,0.0,0.01
7.405123653,0.0,0.0,0.0,0.0
7.4062622970000005,0.0,0.0,0.0,0.0
7.407069271,0.0,0.0,0.0,0.0
7.408316287000001,0.0,0.0,0.0,0.0
7.409106347000001,0.03,0.0,0.04,0.01
7.410199738,0.02,0.01,0.0,0.01
7.4112243300000005,0.01,0.0,0.0,0.0
7.4121273290000005,0.0,0.01,0.0,0.0
7.413106366,0.0,0.0,0.0,0.0
7.4144700100000005,0.0,0.0,0.0,0.0
7.415215724,0.0,0.0,0.0,0.0
7.416141916000001,0.0,0.0,0.0,0.0
7.4172218580000004,0.0,0.0,0.0,0.0
7.419216293000001,0.0,0.0,0.0,0.01
7.420112735000001,0.01,0.01,0.01,0.01
7.42120418,0.0,0.0,0.0,0.01
7.4221434980000005,0.0,0.0,0.0,0.0
7.423215450000001,0.0,0.0,0.0,0.01
7.424094714000001,0.0,0.0,0.01,0.0
7.425220176000001,0.01,0.0,0.0,0.0
7.426130672,0.04,0.0,0.05,0.0
7.427222228000001,0.01,0.0,0.0,0.01
7.428114066000001,0.01,0.0,0.0,0.0
7.429217164000001,0.0,0.0,0.0,0.0
7.430121094,0.0,0.0,0.01,0.0
7.431162919,0.0,0.0,0.0,0.0
7.432215956,0.0,0.0,0.01,0.01
7.4332140440000005,0.0,0.0,0.0,0.0
7.435216018,0.0,0.0,0.0,0.0
7.4360646820000005,0.0,0.0,0.03,0.03
7.437214653000001,0.0,0.0,0.0,0.0
7.438128125,0.0,0.01,0.0,0.0
7.439332319,0.0,0.02,0.0,0.0
7.440119668,0.0,0.0,0.0,0.01
7.441235839000001,0.01,0.06,0.0,0.0
7.442100384000001,0.0,0.0,0.0,0.0
7.443208123000001,0.0,0.0,0.0,0.0
7.444243046,0.0,0.0,0.0,0.0
7.445153820000001,0.02,0.0,0.01,0.0
7.446318633000001,0.0,0.0,0.0,0.02
7.4482084330000005,0.04,0.0,0.02,0.01
7.449104571,0.0,0.0,0.01,0.0
7.4503843540000005,0.0,0.0,0.01,0.0
7.4510657380000005,0.0,0.01,0.0,0.01
7.452094346000001,0.01,0.01,0.02,0.03
7.453292631,0.01,0.02,0.01,0.0
7.454101093,0.03,0.0,0.0,0.0
7.455239746,0.0,0.01,0.01,0.0
7.456110543,0.03,0.0,0.01,0.0
7.457200402000001,0.01,0.01,0.01,0.0
7.458205331,0.0,0.01,0.04,0.0
7.459213609000001,0.0,0.0,0.0,0.0
7.460225288,0.0,0.0,0.0,0.0
7.461242496000001,0.0,0.0,0.0,0.0
7.462107188,0.0,0.0,0.0,0.0
7.463198565000001,0.01,0.0,0.0,0.0
7.465205479000001,0.0,0.0,0.01,0.03
7.466234256000001,0.0,0.0,0.0,0.0
7.467060259,0.0,0.0,0.0,0.0
7.46822003,0.0,0.0,0.0,0.01
7.469114073,0.0,0.0,0.01,0.0
7.470204404,0.04,0.0,0.0,0.0
7.471105731000001,0.0,0.0,0.01,0.0
7.4722333700000005,0.0,0.0,0.0,0.0
7.4731083410000005,0.0,0.0,0.0,0.0
7.474206061,0.01,0.0,0.01,0.0
7.475211726,0.0,0.01,0.03,0.01
7.476220528000001,0.01,0.0,0.0,0.0
7.477210795,0.0,0.0,0.0,0.0
7.478245116,0.0,0.0,0.0,0.0
7.480207963000001,0.0,0.0,0.0,0.0
7.481111006000001,0.01,0.0,0.0,0.0
7.482270392,0.0,0.01,0.01,0.0
7.483105023,0.0,0.0,0.0,0.0
7.484208824,0.0,0.0,0.01,0.0
7.485209095,0.01,0.0,0.01,0.0
7.486208202,0.01,0.02,0.03,0.01
7.487207896,0.0,0.01,0.01,0.0
7.488213734,0.0,0.01,0.01,0.0
7.489214560000001,0.0,0.0,0.01,0.01
7.4902093370000005,0.0,0.01,0.0,0.0
7.491211798,0.03,0.0,0.03,0.0
7.492201518000001,0.0,0.01,0.0,0.01
7.493254592,0.03,0.0,0.0,0.03
7.4951526490000004,0.0,0.01,0.0,0.0
7.496229171,0.0,0.01,0.01,0.01
7.497105952,0.0,0.0,0.01,0.0
7.498338482,0.02,0.0,0.01,0.0
7.499075591,0.0,0.01,0.01,0.0
7.500110753,0.0,0.02,0.0,0.01
7.501091111,0.0,0.0,0.01,0.0
7.502231685000001,0.01,0.0,0.0,0.0
7.503143848000001,0.0,0.0,0.0,0.0
7.504229195000001,0.0,0.0,0.0,0.0
7.505108183000001,0.01,0.0,0.0,0.0
7.50621539,0.01,0.01,0.0,0.0
7.507206287000001,0.0,0.01,0.04,0.08
7.508215023000001,0.0,0.0,0.0,0.01
7.510209506000001,0.01,0.0,0.0,0.01
7.511108212000001,0.0,0.0,0.0,0.0
7.512204817000001,0.01,0.0,0.0,0.0
7.513105207000001,0.01,0.0,0.0,0.0
7.514280159,0.0,0.0,0.0,0.0
7.515104101,0.01,0.02,0.03,0.02
7.5162056790000005,0.0,0.0,0.01,0.0
7.517209559,0.0,0.01,0.0,0.0
7.518221499,0.0,0.0,0.0,0.01
7.519202303,0.0,0.0,0.0,0.0
7.520104231,0.0,0.0,0.0,0.02
7.521261192000001,0.0,0.0,0.0,0.0
7.522142063,0.0,0.0,0.0,0.0
7.523216797000001,0.01,0.0,0.01,0.0
7.525191051,0.01,0.0,0.01,0.0
7.526103907,0.01,0.0,0.0,0.01
7.527191593,0.0,0.03,0.0,0.01
7.528202609,0.0,0.0,0.01,0.0
7.529339992000001,0.0,0.0,0.0,0.0
7.53018052,0.0,0.0,0.0,0.0
7.531166628,0.0,0.0,0.0,0.0
7.532363517,0.0,0.0,0.0,0.01
7.533067099,0.0,0.0,0.0,0.0
7.534219803,0.0,0.0,0.0,0.0
7.5351033350000005,0.01,0.05,0.01,0.02
7.536239873,0.01,0.0,0.0,0.0
7.537175182,0.01,0.0,0.01,0.01
7.538207824000001,0.0,0.0,0.0,0.0
7.540216362000001,0.0,0.0,0.0,0.0
7.541102103,0.0,0.0,0.0,0.0
7.542200246,0.0,0.01,0.0,0.0
7.5431060070000004,0.0,0.0,0.0,0.0
7.544202508000001,0.0,0.03,0.0,0.0
7.545199906000001,0.01,0.0,0.0,0.01
7.546315583,0.0,0.01,0.0,0.0
7.547119276,0.0,0.0,0.0,0.0
7.548214992,0.0,0.0,0.0,0.0
7.549109227000001,0.0,0.0,0.02,0.0
7.550211590000001,0.0,0.0,0.01,0.0
7.551119004,0.0,0.0,0.01,0.0
7.552233754,0.0,0.0,0.0,0.0
7.554205831000001,0.01,0.0,0.07,0.0
7.555103062000001,0.01,0.0,0.02,0.0
7.556212043,0.0,0.0,0.0,0.0
7.557106224000001,0.0,0.0,0.0,0.0
7.558165549000001,0.01,0.0,0.01,0.0
7.559218686,0.01,0.0,0.01,0.01
7.560363757,0.0,0.0,0.01,0.0
7.561090223000001,0.0,0.0,0.0,0.01
7.562314942,0.01,0.0,0.0,0.0
7.5631319900000005,0.01,0.0,0.04,0.0
7.564549417,0.0,0.02,0.02,0.0
7.5650824000000005,0.03,0.0,0.0,0.0
7.566265557,0.0,0.0,0.0,0.04
7.567108295000001,0.0,0.0,0.0,0.0
7.568205047,0.0,0.01,0.0,0.01
7.5692256780000005,0.02,0.01,0.03,0.03
7.571203713,0.0,0.0,0.0,0.0
7.572104523,0.0,0.01,0.0,0.02
7.573207086,0.01,0.01,0.01,0.0
7.574106145000001,0.0,0.0,0.0,0.0
7.57520723,0.0,0.0,0.0,0.03
7.576097897,0.0,0.0,0.0,0.0
7.577211569,0.0,0.01,0.0,0.0
7.578078529000001,0.02,0.0,0.0,0.0
7.579235172000001,0.02,0.0,0.0,0.0
7.580117368000001,0.06,0.0,0.0,0.01
7.581215385,0.0,0.0,0.0,0.0
7.582128916,0.0,0.0,0.0,0.01
7.583201755,0.0,0.01,0.0,0.0
7.5852030280000005,0.0,0.0,0.01,0.0
7.586213554,0.0,0.0,0.0,0.01
7.587074092000001,0.0,0.01,0.0,0.0
7.588200421000001,0.0,0.0,0.01,0.05
7.589107230000001,0.01,0.0,0.0,0.0
7.5902090840000005,0.0,0.0,0.0,0.0
7.591115632,0.0,0.01,0.0,0.0
7.5922102140000005,0.0,0.0,0.0,0.0
7.593116146000001,0.0,0.0,0.01,0.0
7.594328731,0.01,0.02,0.01,0.0
7.595115122,0.0,0.01,0.0,0.0
7.596443601000001,0.0,0.0,0.0,0.0
7.598295307000001,0.02,0.0,0.0,0.04
7.599117161000001,0.0,0.0,0.0,0.01
7.600211682,0.02,0.0,0.0,0.01
7.601102512000001,0.0,0.0,0.0,0.0
7.602207248000001,0.0,0.0,0.0,0.0
7.603124882,0.0,0.0,0.0,0.0
7.604211971000001,0.0,0.02,0.01,0.0
7.605198615000001,0.01,0.02,0.0,0.0
7.606210735,0.0,0.0,0.0,0.0
7.607198231000001,0.01,0.0,0.0,0.0
7.608212035,0.01,0.0,0.0,0.0
7.6092199990000005,0.0,0.01,0.0,0.01
7.610244321000001,0.0,0.01,0.0,0.0
7.611133647000001,0.0,0.0,0.01,0.0
7.612238292000001,0.01,0.0,0.01,0.0
7.613118155,0.0,0.03,0.04,0.07
7.615235179000001,0.01,0.0,0.0,0.01
7.616105647,0.0,0.0,0.0,0.01
7.617200973,0.0,0.0,0.01,0.0
7.61810801,0.0,0.0,0.01,0.0
7.619209039,0.0,0.0,0.0,0.0
7.620206305000001,0.0,0.04,0.04,0.04
7.621209821000001,0.0,0.0,0.0,0.0
7.622336110000001,0.0,0.0,0.0,0.0
7.623132936,0.0,0.03,0.0,0.01
7.624336511,0.0,0.0,0.0,0.0
7.625083028000001,0.0,0.0,0.01,0.0
7.626297764,0.0,0.01,0.01,0.0
7.6271028880000005,0.01,0.0,0.01,0.02
7.628332165000001,0.01,0.0,0.05,0.0
7.630201922,0.0,0.0,0.0,0.0
7.631058524,0.0,0.0,0.0,0.0
7.6323167210000005,0.0,0.0,0.0,0.0
7.633106496000001,0.0,0.0,0.0,0.01
7.634205591000001,0.01,0.0,0.0,0.01
7.635104468000001,0.0,0.0,0.01,0.0
7.636206329,0.0,0.02,0.06,0.01
7.637093792000001,0.0,0.0,0.0,0.0
7.638205145000001,0.0,0.0,0.0,0.0
7.639114049000001,0.0,0.01,0.0,0.01
7.640204247000001,0.0,0.0,0.02,0.0
7.641205178000001,0.0,0.0,0.0,0.0
7.642082236,0.0,0.0,0.01,0.0
7.643160042000001,0.01,0.0,0.01,0.0
7.645144254000001,0.0,0.01,0.0,0.0
7.646110624,0.0,0.0,0.0,0.0
7.647111103,0.0,0.01,0.0,0.01
7.648106490000001,0.0,0.04,0.01,0.0
7.649224385,0.01,0.0,0.01,0.0
7.650104353000001,0.0,0.0,0.0,0.0
7.651101013000001,0.0,0.0,0.01,0.0
7.652198716000001,0.0,0.0,0.0,0.0
7.653128107000001,0.0,0.0,0.0,0.01
7.654203582,0.01,0.0,0.01,0.0
7.655193352,0.01,0.01,0.01,0.0
7.656310368000001,0.01,0.0,0.0,0.0
7.657141718,0.02,0.01,0.0,0.0
7.658269751000001,0.01,0.07,0.05,0.03
7.660203452,0.0,0.01,0.0,0.0
7.661071671,0.0,0.0,0.0,0.0
7.662221531,0.01,0.0,0.0,0.01
7.663103556,0.0,0.0,0.0,0.0
7.664198193000001,0.0,0.01,0.0,0.0
7.665106529000001,0.0,0.02,0.0,0.03
7.666208504,0.0,0.0,0.0,0.0
7.6671072030000005,0.01,0.0,0.0,0.01
7.668204685,0.0,0.0,0.0,0.0
7.669103414,0.0,0.0,0.0,0.0
7.670201546,0.0,0.0,0.0,0.0
7.671110372,0.0,0.0,0.0,0.0
7.672230492000001,0.0,0.0,0.0,0.0
7.673139596,0.0,0.01,0.01,0.0
7.674221718,0.01,0.0,0.0,0.0
7.676212197000001,0.0,0.02,0.0,0.01
7.677107223,0.0,0.0,0.01,0.0
7.678214932,0.0,0.0,0.0,0.01
7.6790609860000005,0.0,0.0,0.0,0.0
7.680200786,0.01,0.0,0.0,0.0
7.681062039,0.0,0.0,0.0,0.0
7.682211888,0.01,0.0,0.0,0.02
7.6831053680000005,0.0,0.03,0.0,0.01
7.684414923,0.0,0.0,0.0,0.0
7.685099323,0.0,0.0,0.0,0.0
7.686125067000001,0.01,0.0,0.0,0.0
7.6872218640000005,0.01,0.0,0.01,0.0
7.688118210000001,0.01,0.02,0.01,0.0
7.689306751,0.0,0.0,0.0,0.0
7.6911558410000005,0.01,0.0,0.0,0.0
7.692119926,0.0,0.0,0.0,0.0
7.69329186,0.0,0.0,0.07,0.01
7.694129596000001,0.0,0.0,0.01,0.02
7.695264981,0.0,0.01,0.02,0.01
7.6960857240000005,0.02,0.04,0.0,0.01
7.697213216000001,0.0,0.0,0.0,0.0
7.69808081,0.11,0.05,0.02,0.0
7.699208255,0.01,0.0,0.0,0.0
7.70023087,0.01,0.01,0.0,0.0
7.701102282000001,0.01,0.0,0.0,0.01
7.702198564000001,0.0,0.0,0.0,0.01
7.703235932,0.01,0.01,0.0,0.0
7.704206947,0.0,0.0,0.0,0.0
7.705208300000001,0.0,0.0,0.0,0.0
7.706239109,0.01,0.0,0.0,0.0
7.708201787,0.0,0.0,0.0,0.0
7.709122764000001,0.0,0.0,0.0,0.0
7.710217079,0.0,0.0,0.02,0.04
7.711145721,0.0,0.0,0.0,0.0
7.712201557,0.0,0.0,0.01,0.0
7.7131119230000005,0.0,0.0,0.0,0.0
7.714218693,0.01,0.01,0.0,0.02
7.715132769,0.0,0.01,0.0,0.0
7.716311514,0.0,0.0,0.01,0.0
7.717090087000001,0.0,0.0,0.04,0.0
7.718341027,0.02,0.0,0.01,0.01
7.720251027000001,0.0,0.0,0.0,0.0
7.721107236000001,0.0,0.0,0.0,0.0
7.72209343,0.01,0.0,0.0,0.0
7.723213691000001,0.01,0.01,0.0,0.0
7.724109918000001,0.0,0.0,0.0,0.0
7.72531028,0.0,0.0,0.0,0.0
7.726108132,0.05,0.0,0.01,0.02
7.727223217000001,0.0,0.0,0.01,0.0
7.72810415,0.01,0.0,0.0,0.0
7.729220994,0.0,0.0,0.0,0.0
7.730106076,0.0,0.0,0.0,0.01
7.731228104,0.0,0.0,0.01,0.0
7.732224282000001,0.01,0.0,0.0,0.01
7.733205066000001,0.0,0.0,0.0,0.0
7.734244846,0.0,0.0,0.0,0.0
7.735106582,0.0,0.0,0.0,0.0
7.737203501000001,0.0,0.0,0.01,0.0
7.738120626000001,0.0,0.0,0.02,0.01
7.739120668000001,0.0,0.0,0.0,0.0
7.74011149,0.0,0.01,0.0,0.0
7.741120250000001,0.0,0.01,0.0,0.0
7.742205148000001,0.0,0.0,0.0,0.0
7.743060736,0.0,0.0,0.01,0.0
7.744197092,0.0,0.01,0.0,0.0
7.745060425,0.0,0.01,0.0,0.0
7.7463966950000005,0.0,0.0,0.0,0.0
7.747077292,0.06,0.02,0.0,0.0
7.748116716,0.0,0.0,0.0,0.0
7.750223347,0.01,0.0,0.0,0.0
7.751104083,0.0,0.0,0.0,0.0
7.752294536000001,0.0,0.0,0.0,0.0
7.753069740000001,0.0,0.0,0.0,0.0
7.754294951,0.0,0.0,0.0,0.0
7.755132904000001,0.0,0.0,0.0,0.0
7.756205475000001,0.0,0.0,0.01,0.0
7.757211141000001,0.03,0.05,0.02,0.0
7.758202118000001,0.0,0.0,0.0,0.0
7.759206176,0.0,0.0,0.0,0.0
7.7602069590000005,0.0,0.0,0.0,0.0
7.761115033,0.0,0.0,0.0,0.0
7.762202806,0.0,0.0,0.0,0.0
7.763113860000001,0.0,0.0,0.0,0.0
7.764206071,0.0,0.01,0.0,0.0
7.766199256,0.01,0.0,0.03,0.0
7.767110356000001,0.0,0.0,0.0,0.03
7.7680996,0.0,0.0,0.0,0.0
7.7690968620000005,0.0,0.0,0.0,0.0
7.770346466,0.0,0.0,0.0,0.0
7.771085351000001,0.01,0.0,0.0,0.0
7.772202745,0.0,0.03,0.0,0.0
7.773120148,0.0,0.0,0.0,0.03
7.774198445000001,0.0,0.01,0.0,0.03
7.775126349000001,0.0,0.0,0.02,0.0
7.7762100720000005,0.0,0.0,0.0,0.0
7.777249698,0.0,0.0,0.0,0.0
7.778326012000001,0.0,0.0,0.0,0.0
7.780329215,0.0,0.0,0.01,0.01
7.781131629000001,0.02,0.0,0.0,0.0
7.782117604000001,0.0,0.01,0.0,0.0
7.783105734,0.0,0.0,0.0,0.0
7.784213048000001,0.0,0.01,0.0,0.0
7.7851072960000005,0.0,0.01,0.01,0.0
7.786337395,0.0,0.0,0.0,0.0
7.787106921,0.0,0.0,0.0,0.0
7.788198732000001,0.0,0.0,0.0,0.01
7.789100623,0.0,0.0,0.01,0.0
7.79020634,0.0,0.0,0.0,0.0
7.791115641,0.01,0.01,0.0,0.0
7.792236971,0.01,0.0,0.01,0.06
7.793102941000001,0.0,0.01,0.01,0.0
7.794282124,0.0,0.0,0.0,0.02
7.796226209,0.0,0.0,0.0,0.01
7.79711364,0.0,0.01,0.0,0.01
7.798238981000001,0.0,0.0,0.0,0.01
7.799076895000001,0.0,0.0,0.0,0.0
7.800229782000001,0.0,0.0,0.0,0.0
7.8011021110000005,0.0,0.0,0.0,0.0
7.802514765000001,0.0,0.0,0.0,0.0
7.8030696520000005,0.0,0.03,0.0,0.02
7.804216927000001,0.0,0.01,0.0,0.0
7.805110482000001,0.01,0.0,0.0,0.0
7.8062232300000005,0.0,0.01,0.04,0.01
7.807119548,0.0,0.0,0.01,0.01
7.808366181,0.03,0.0,0.0,0.0
7.810257472000001,0.0,0.01,0.0,0.01
7.811109396000001,0.0,0.0,0.0,0.0
7.812216901,0.0,0.0,0.0,0.0
7.813076111000001,0.01,0.0,0.0,0.0
7.8142547030000005,0.0,0.0,0.01,0.0
7.815112876000001,0.01,0.0,0.01,0.0
7.8163169660000005,0.0,0.01,0.01,0.0
7.817067131000001,0.0,0.0,0.0,0.0
7.818337284,0.0,0.0,0.0,0.0
7.819104994000001,0.0,0.0,0.01,0.0
7.820354369,0.01,0.01,0.0,0.0
7.821103524000001,0.0,0.02,0.0,0.01
7.822219951,0.0,0.0,0.0,0.0
7.823118622000001,0.0,0.01,0.0,0.0
7.8242518180000005,0.0,0.0,0.0,0.0
7.825124639,0.01,0.01,0.0,0.02
7.826223272000001,0.0,0.0,0.0,0.0
7.8282046020000005,0.0,0.0,0.0,0.0
7.829105951000001,0.01,0.0,0.0,0.0
7.830233572000001,0.0,0.0,0.01,0.0
7.831127472,0.0,0.0,0.0,0.0
7.832226095,0.0,0.0,0.0,0.0
7.833057180000001,0.01,0.0,0.0,0.0
7.8344085230000005,0.01,0.01,0.01,0.0
7.8350664860000006,0.01,0.05,0.02,0.02
7.836227247,0.0,0.01,0.02,0.0
7.8371205040000005,0.0,0.0,0.0,0.0
7.838231406,0.0,0.0,0.02,0.01
7.84031254,0.0,0.0,0.0,0.01
7.841100599000001,0.0,0.0,0.0,0.0
7.842223917,0.01,0.0,0.0,0.0
7.8431067500000005,0.0,0.0,0.0,0.0
7.844213702,0.0,0.01,0.01,0.0
7.845152666000001,0.0,0.0,0.0,0.02
7.846128191000001,0.0,0.0,0.0,0.01
7.847200974000001,0.0,0.0,0.0,0.0
7.848205755,0.0,0.0,0.02,0.0
7.849211941,0.0,0.0,0.0,0.0
7.850234725000001,0.0,0.0,0.0,0.0
7.8511071470000005,0.0,0.0,0.0,0.0
7.852201914,0.01,0.01,0.0,0.0
7.853105573000001,0.0,0.0,0.04,0.07
7.854216824000001,0.01,0.0,0.01,0.0
7.855122581000001,0.01,0.0,0.0,0.0
7.856112048000001,0.0,0.02,0.0,0.0
7.857213966000001,0.0,0.0,0.0,0.0
7.859204898000001,0.03,0.0,0.01,0.0
7.860108105,0.0,0.0,0.02,0.03
7.861108528000001,0.01,0.0,0.0,0.0
7.862223256,0.01,0.01,0.01,0.0
7.8630835580000005,0.0,0.01,0.0,0.0
7.864108175,0.0,0.0,0.0,0.0
7.865103416,0.0,0.0,0.0,0.0
7.866120392000001,0.02,0.0,0.01,0.0
7.867130941,0.01,0.0,0.0,0.0
7.868218722000001,0.0,0.0,0.0,0.0
7.869104257,0.0,0.01,0.0,0.0
7.870417008,0.0,0.0,0.01,0.01
7.872305341000001,0.01,0.0,0.0,0.01
7.873082643,0.01,0.0,0.01,0.0
7.8742242870000005,0.0,0.0,0.0,0.0
7.875113762000001,0.0,0.0,0.0,0.0
7.876212759,0.0,0.05,0.01,0.0
7.8771074070000004,0.0,0.0,0.0,0.0
7.878243171,0.0,0.0,0.0,0.0
7.879169075,0.0,0.0,0.0,0.02
7.880260521,0.0,0.0,0.0,0.0
7.881078332,0.01,0.0,0.0,0.0
7.882308656,0.01,0.0,0.0,0.0
7.883061931,0.0,0.0,0.0,0.01
7.884221669,0.0,0.01,0.0,0.0
7.8851125060000005,0.01,0.03,0.0,0.01
7.8862173360000005,0.01,0.0,0.01,0.0
7.888207381000001,0.0,0.01,0.0,0.0
7.889117113,0.0,0.01,0.01,0.0
7.890106655,0.0,0.0,0.0,0.0
7.891221128000001,0.01,0.0,0.01,0.0
7.892121970000001,0.1,0.0,0.0,0.0
7.893203177,0.0,0.0,0.01,0.0
7.894101677,0.01,0.01,0.02,0.0
7.895199921000001,0.0,0.04,0.0,0.02
7.896107559000001,0.0,0.0,0.01,0.0
7.8972219280000004,0.03,0.0,0.0,0.01
7.898129719000001,0.0,0.0,0.0,0.0
7.899179375,0.0,0.0,0.0,0.0
7.900136750000001,0.07,0.0,0.0,0.01
7.9013680100000006,0.0,0.01,0.05,0.0
7.903212315,0.0,0.0,0.0,0.01
7.90411567,0.0,0.0,0.0,0.01
7.905234078,0.0,0.01,0.0,0.01
7.906102276,0.0,0.0,0.0,0.01
7.907219726,0.0,0.0,0.0,0.0
7.908108971000001,0.01,0.01,0.01,0.01
7.909195802,0.0,0.01,0.01,0.0
7.910239138000001,0.0,0.0,0.0,0.0
7.911100782,0.0,0.0,0.0,0.0
7.912308371000001,0.0,0.01,0.0,0.02
7.913123154000001,0.0,0.0,0.0,0.0
7.914292943,0.0,0.03,0.01,0.0
7.915122392000001,0.0,0.0,0.0,0.0
7.917106296000001,0.0,0.0,0.0,0.0
7.918105498,0.0,0.0,0.0,0.01
7.919252717000001,0.0,0.0,0.0,0.0
7.920099833,0.0,0.0,0.0,0.03
7.921114857,0.0,0.0,0.0,0.0
7.922136883,0.0,0.0,0.01,0.0
7.923224971000001,0.01,0.01,0.0,0.0
7.924055852,0.0,0.0,0.01,0.0
7.925196404,0.0,0.01,0.0,0.01
7.9261324140000005,0.0,0.0,0.0,0.0
7.927120795,0.02,0.01,0.0,0.0
7.928114644000001,0.0,0.02,0.01,0.0
7.929213767,0.01,0.01,0.01,0.0
7.930071303,0.0,0.0,0.0,0.02
7.931519967000001,0.0,0.0,0.01,0.0
7.9332649,0.0,0.01,0.0,0.0
7.934121670000001,0.0,0.0,0.02,0.0
7.9352731510000005,0.01,0.01,0.04,0.01
7.936119656000001,0.03,0.0,0.0,0.0
7.937224949000001,0.0,0.01,0.0,0.03
7.938104367,0.0,0.0,0.0,0.0
7.939202821,0.0,0.0,0.01,0.01
7.940102651,0.01,0.0,0.0,0.01
7.941225298000001,0.0,0.0,0.0,0.02
7.9421323710000005,0.01,0.01,0.0,0.01
7.9431355120000005,0.01,0.0,0.0,0.0
7.944096063000001,0.0,0.01,0.0,0.01
7.945250584,0.0,0.0,0.01,0.01
7.946108371,0.05,0.01,0.0,0.0
7.948215136000001,0.01,0.0,0.0,0.0
7.9491169710000005,0.0,0.0,0.0,0.0
7.9501015420000005,0.0,0.0,0.0,0.0
7.951223231,0.0,0.0,0.0,0.0
7.952116081000001,0.0,0.0,0.0,0.0
7.953203954,0.08,0.01,0.0,0.0
7.954098145000001,0.0,0.03,0.0,0.02
7.955207627,0.01,0.0,0.0,0.0
7.956123263,0.0,0.0,0.0,0.0
7.957213955,0.0,0.01,0.0,0.0
7.9580944460000005,0.01,0.0,0.01,0.01
7.959228317000001,0.0,0.0,0.01,0.0
7.960060716,0.0,0.0,0.0,0.0
7.961243511,0.0,0.0,0.01,0.0
7.96338961,0.01,0.0,0.0,0.0
7.964078852,0.0,0.01,0.0,0.02
7.965112627000001,0.0,0.0,0.01,0.0
7.966110380000001,0.0,0.01,0.01,0.0
7.967273980000001,0.05,0.0,0.01,0.0
7.9681503430000005,0.01,0.0,0.0,0.0
7.969225715,0.0,0.0,0.0,0.0
7.970086565000001,0.01,0.01,0.0,0.05
7.9712346730000005,0.01,0.01,0.0,0.01
7.972120189000001,0.01,0.0,0.0,0.0
7.973211861,0.0,0.0,0.0,0.02
7.974094620000001,0.0,0.0,0.0,0.01
7.975237961,0.0,0.02,0.01,0.0
7.976071023,0.0,0.0,0.0,0.0
7.977237554,0.0,0.0,0.03,0.0
7.979130509000001,0.0,0.0,0.01,0.0
7.980115812,0.01,0.0,0.0,0.01
7.981103655,0.01,0.0,0.08,0.0
7.9822172490000005,0.0,0.0,0.0,0.0
7.983117367,0.0,0.0,0.0,0.0
7.984107592000001,0.0,0.0,0.0,0.0
7.985110382,0.0,0.01,0.0,0.0
7.986214629000001,0.0,0.0,0.0,0.01
7.987099275,0.01,0.02,0.02,0.06
7.988226516,0.0,0.0,0.0,0.0
7.989112388000001,0.0,0.01,0.01,0.0
7.990225981000001,0.0,0.0,0.0,0.0
7.9922173690000005,0.0,0.0,0.01,0.0
7.993103002000001,0.0,0.0,0.01,0.0
7.994091021000001,0.0,0.0,0.0,0.0
7.995172829,0.0,0.01,0.0,0.01
7.996110367000001,0.0,0.0,0.0,0.0
7.997359336000001,0.01,0.0,0.01,0.0
7.998073039,0.0,0.0,0.0,0.03
7.999216336000001,0.0,0.0,0.0,0.01
8.00010254,0.01,0.0,0.0,0.0
8.001203733,0.0,0.01,0.0,0.0
8.002223268,0.0,0.0,0.01,0.0
8.003145823,0.02,0.0,0.0,0.0
8.004275518,0.0,0.01,0.0,0.0
8.005058621,0.0,0.0,0.0,0.0
8.006220947000001,0.0,0.0,0.04,0.0
8.008211509,0.0,0.0,0.01,0.02
8.00910614,0.0,0.0,0.03,0.0
8.010103899,0.01,0.0,0.01,0.01
8.011160496,0.0,0.0,0.0,0.0
8.012116345,0.0,0.01,0.0,0.0
8.013213227000001,0.0,0.0,0.0,0.01
8.014107496000001,0.0,0.01,0.01,0.01
8.015224607,0.0,0.0,0.0,0.0
8.016121283,0.0,0.0,0.01,0.0
8.017277217,0.0,0.0,0.0,0.01
8.018129352,0.0,0.01,0.01,0.0
8.019336023000001,0.0,0.0,0.02,0.0
8.020080282,0.0,0.0,0.03,0.0
8.021271246000001,0.0,0.0,0.0,0.0
8.022151496000001,0.01,0.0,0.0,0.0
8.023277914000001,0.01,0.01,0.0,0.0
8.025203600000001,0.0,0.0,0.0,0.0
8.026096031,0.0,0.01,0.01,0.0
8.027225719,0.0,0.0,0.01,0.0
8.028118181,0.0,0.01,0.0,0.01
8.029211394,0.0,0.0,0.0,0.0
8.030191385,0.02,0.03,0.04,0.01
8.031138845000001,0.0,0.0,0.0,0.0
8.032215516,0.0,0.0,0.0,0.0
8.033113955000001,0.0,0.0,0.01,0.0
8.034206106000001,0.0,0.0,0.0,0.0
8.0351177,0.01,0.01,0.01,0.0
8.036167769,0.0,0.0,0.0,0.0
8.03711743,0.01,0.0,0.0,0.01
8.038257023,0.0,0.0,0.0,0.01
8.040203567,0.0,0.0,0.0,0.0
8.041092202,0.0,0.0,0.01,0.0
8.042482261,0.0,0.01,0.0,0.0
8.043062695,0.01,0.01,0.0,0.0
8.044213257000001,0.03,0.01,0.0,0.0
8.045106589000001,0.0,0.0,0.0,0.0
8.046208803,0.0,0.0,0.01,0.03
8.047107807,0.0,0.0,0.0,0.01
8.048175760000001,0.0,0.01,0.0,0.01
8.049120819,0.0,0.01,0.0,0.0
8.050102500000001,0.04,0.02,0.01,0.0
8.051244890000001,0.0,0.0,0.0,0.09
8.05321565,0.0,0.0,0.01,0.0
8.054114213,0.0,0.0,0.0,0.01
8.055198441,0.0,0.0,0.02,0.0
8.056080412,0.0,0.0,0.0,0.01
8.057342798,0.0,0.0,0.0,0.01
8.05836618,0.0,0.0,0.01,0.0
8.059074107,0.0,0.0,0.01,0.01
8.060262624,0.01,0.0,0.0,0.01
8.062306137,0.0,0.0,0.0,0.05
8.063070339000001,0.0,0.01,0.01,0.0
8.064230774,0.0,0.01,0.0,0.01
8.065119401,0.01,0.0,0.01,0.0
8.066235924,0.0,0.0,0.0,0.0
8.067116183000001,0.04,0.0,0.0,0.0
8.068227608,0.0,0.0,0.0,0.01
8.069062791,0.0,0.01,0.01,0.0
8.070113942,0.01,0.01,0.0,0.0
8.071120200000001,0.0,0.01,0.0,0.0
8.072110869000001,0.0,0.0,0.0,0.0
8.073214573000001,0.0,0.0,0.0,0.02
8.074140734,0.0,0.0,0.0,0.0
8.075113893000001,0.0,0.0,0.0,0.0
8.076234773000001,0.0,0.0,0.0,0.0
8.077103492,0.0,0.01,0.0,0.0
8.078213353,0.02,0.07,0.0,0.03
8.079113928,0.01,0.01,0.01,0.01
8.080199651000001,0.0,0.0,0.0,0.0
8.082247532,0.0,0.0,0.0,0.0
8.083104950000001,0.0,0.0,0.01,0.0
8.084198716000001,0.0,0.0,0.01,0.0
8.085064268,0.0,0.0,0.03,0.0
8.086234152000001,0.0,0.0,0.01,0.0
8.087133819,0.0,0.01,0.0,0.01
8.088229441000001,0.02,0.0,0.01,0.02
8.089175853,0.0,0.0,0.0,0.0
8.090155966000001,0.0,0.0,0.0,0.0
8.09117101,0.0,0.01,0.0,0.01
8.092373301,0.0,0.0,0.0,0.0
8.093072342000001,0.01,0.01,0.0,0.02
8.094288309000001,0.0,0.01,0.0,0.0
8.095093978000001,0.0,0.01,0.0,0.04
8.096222881000001,0.0,0.02,0.0,0.0
8.098224575,0.0,0.0,0.0,0.0
8.099123749,0.01,0.0,0.0,0.01
8.100223215,0.01,0.0,0.0,0.0
8.101122226000001,0.0,0.0,0.0,0.03
8.102224445000001,0.0,0.0,0.0,0.0
8.103060601000001,0.01,0.0,0.0,0.0
8.104227125000001,0.0,0.01,0.0,0.02
8.105068809,0.0,0.0,0.0,0.0
8.106064922,0.01,0.0,0.0,0.0
8.10709589,0.0,0.0,0.0,0.0
8.108089127000001,0.03,0.0,0.0,0.0
8.109245527,0.0,0.04,0.0,0.0
8.110117497000001,0.0,0.0,0.0,0.0
8.111337132000001,0.0,0.0,0.0,0.0
8.113163982,0.0,0.0,0.0,0.0
8.114125926,0.0,0.0,0.0,0.0
8.115107572000001,0.0,0.0,0.0,0.0
8.116241302,0.0,0.03,0.06,0.0
8.117111356,0.0,0.0,0.0,0.04
8.118279908,0.0,0.0,0.01,0.0
8.119115286000001,0.0,0.0,0.0,0.01
8.120239659000001,0.0,0.0,0.01,0.0
8.121138649,0.0,0.0,0.0,0.0
8.122353496,0.0,0.0,0.0,0.0
8.123096797,0.0,0.0,0.0,0.0
8.124235047,0.0,0.0,0.0,0.01
8.125122451000001,0.0,0.0,0.0,0.0
8.126273228,0.01,0.01,0.0,0.0
8.127136999000001,0.0,0.0,0.01,0.01
8.128304508000001,0.0,0.01,0.0,0.0
8.130200151,0.0,0.0,0.0,0.0
8.131205707000001,0.0,0.0,0.0,0.0
8.132215157000001,0.0,0.0,0.0,0.0
8.133198644,0.0,0.01,0.01,0.0
8.134202576,0.01,0.01,0.01,0.01
8.135205284000001,0.01,0.01,0.01,0.01
8.136207012,0.0,0.04,0.02,0.0
8.137201644000001,0.0,0.0,0.0,0.0
8.138217295,0.0,0.01,0.0,0.0
8.139214432000001,0.01,0.06,0.02,0.02
8.140200392,0.0,0.0,0.0,0.0
8.141232393000001,0.02,0.0,0.0,0.01
8.142191021,0.0,0.01,0.0,0.0
8.143198943,0.0,0.0,0.0,0.0
8.145201438,0.01,0.01,0.0,0.01
8.146101925,0.07,0.0,0.0,0.0
8.147206528,0.0,0.0,0.0,0.02
8.148122265000001,0.0,0.01,0.0,0.0
8.149278595,0.0,0.03,0.0,0.01
8.150129781,0.0,0.01,0.01,0.0
8.151208691,0.01,0.0,0.0,0.0
8.152106259,0.01,0.0,0.0,0.0
8.153273499,0.01,0.01,0.0,0.01
8.154091089000001,0.01,0.0,0.01,0.0
8.155201694,0.0,0.0,0.0,0.0
8.156059538000001,0.01,0.01,0.0,0.01
8.157102272000001,0.0,0.01,0.01,0.0
8.158120972,0.01,0.0,0.01,0.0
8.159102649000001,0.0,0.0,0.0,0.0
8.160202395,0.0,0.0,0.0,0.0
8.162205155,0.01,0.0,0.0,0.0
8.163115637,0.01,0.01,0.01,0.01
8.164202979,0.01,0.0,0.01,0.0
8.16505933,0.0,0.01,0.0,0.0
8.166203986000001,0.01,0.01,0.0,0.01
8.167115501000001,0.01,0.0,0.0,0.0
8.168200742,0.0,0.01,0.0,0.03
8.169099204,0.0,0.0,0.0,0.0
8.170267807,0.0,0.0,0.0,0.0
8.171103772,0.0,0.0,0.03,0.0
8.172205250000001,0.0,0.0,0.03,0.05
8.173105928,0.0,0.0,0.0,0.0
8.174210131,0.04,0.01,0.01,0.0
8.176212425000001,0.01,0.01,0.0,0.0
8.177103321,0.0,0.0,0.0,0.02
8.17819937,0.0,0.0,0.01,0.0
8.179117761,0.0,0.0,0.0,0.0
8.180251999000001,0.01,0.07,0.03,0.0
8.18108347,0.0,0.0,0.01,0.0
8.182221772,0.0,0.0,0.0,0.0
8.183153615,0.0,0.0,0.01,0.0
8.18419898,0.0,0.01,0.0,0.0
8.185104131000001,0.0,0.0,0.01,0.0
8.186212852,0.0,0.01,0.0,0.0
8.187105239000001,0.0,0.0,0.0,0.0
8.18823061,0.0,0.01,0.01,0.0
8.190102170000001,0.0,0.0,0.01,0.05
8.191210707,0.0,0.0,0.0,0.0
8.192114529000001,0.0,0.0,0.0,0.01
8.193204835000001,0.0,0.0,0.0,0.02
8.194206965000001,0.0,0.0,0.0,0.0
8.195211524000001,0.0,0.01,0.0,0.01
8.196211363,0.0,0.01,0.0,0.0
8.197206843,0.0,0.0,0.0,0.0
8.198202469,0.0,0.0,0.0,0.0
8.199199453,0.01,0.0,0.0,0.0
8.200237693,0.0,0.0,0.0,0.01
8.201115823,0.0,0.0,0.0,0.0
8.202186913,0.0,0.01,0.01,0.01
8.203224551,0.0,0.0,0.0,0.0
8.205199791,0.0,0.0,0.0,0.0
8.206158039,0.0,0.0,0.0,0.0
8.207100222000001,0.02,0.1,0.0,0.04
8.208207138,0.0,0.03,0.0,0.0
8.209120319,0.01,0.01,0.0,0.02
8.210227308,0.0,0.0,0.0,0.0
8.211112244,0.0,0.0,0.0,0.01
8.212211442000001,0.0,0.01,0.0,0.0
8.213143206,0.0,0.0,0.0,0.01
8.214258177000001,0.0,0.03,0.01,0.0
8.215116887,0.01,0.01,0.01,0.0
8.216199472000001,0.04,0.01,0.01,0.0
8.21720414,0.01,0.02,0.0,0.0
8.21822693,0.01,0.09,0.0,0.05
8.219203597,0.01,0.01,0.0,0.0
8.220317841,0.0,0.0,0.01,0.0
8.222130395,0.0,0.0,0.0,0.01
8.223215351,0.0,0.01,0.01,0.0
8.224106912,0.01,0.0,0.0,0.0
8.225213487000001,0.0,0.0,0.01,0.01
8.226121374,0.01,0.01,0.0,0.0
8.227208154000001,0.0,0.0,0.0,0.0
8.228060176000001,0.0,0.01,0.0,0.0
8.229246043,0.01,0.0,0.0,0.0
8.230108305,0.0,0.0,0.0,0.0
8.231152922,0.0,0.0,0.0,0.0
8.232204113,0.0,0.0,0.0,0.0
8.233131989,0.0,0.0,0.0,0.0
8.234269974,0.0,0.0,0.0,0.0
8.236201193000001,0.0,0.0,0.0,0.01
8.237105802,0.0,0.0,0.0,0.0
8.238207109000001,0.0,0.0,0.0,0.0
8.239108341,0.0,0.0,0.01,0.0
8.240208101,0.0,0.0,0.0,0.0
8.241118495,0.0,0.02,0.04,0.0
8.242201768000001,0.0,0.0,0.0,0.0
8.243114328,0.01,0.0,0.0,0.01
8.244208898,0.01,0.0,0.01,0.0
8.245126238000001,0.0,0.0,0.01,0.01
8.246209902,0.0,0.0,0.0,0.0
8.247162565,0.0,0.02,0.01,0.01
8.248164401,0.0,0.01,0.0,0.01
8.249132450000001,0.0,0.0,0.0,0.0
8.250141147,0.01,0.0,0.0,0.11
8.252195585,0.01,0.01,0.0,0.0
8.25313962,0.0,0.01,0.0,0.0
8.254101035,0.01,0.0,0.0,0.01
8.255216947000001,0.0,0.01,0.01,0.0
8.256104959,0.04,0.0,0.0,0.0
8.25719858,0.0,0.0,0.03,0.04
8.258102461,0.01,0.0,0.0,0.0
8.259208375,0.0,0.0,0.0,0.01
8.260214206,0.01,0.0,0.0,0.0
8.261208998,0.0,0.0,0.0,0.0
8.262101381,0.0,0.0,0.0,0.0
8.263131429000001,0.0,0.0,0.01,0.0
8.264098792,0.0,0.0,0.0,0.0
8.265210639000001,0.0,0.0,0.0,0.0
8.267207,0.0,0.0,0.0,0.0
8.268110399000001,0.0,0.02,0.01,0.0
8.269100682000001,0.01,0.0,0.01,0.0
8.27009559,0.0,0.0,0.0,0.0
8.271209174,0.0,0.0,0.0,0.0
8.272110028,0.01,0.0,0.0,0.01
8.273243074,0.0,0.0,0.0,0.01
8.274076696,0.0,0.0,0.02,0.05
8.275097966,0.0,0.0,0.02,0.0
8.276221097,0.0,0.0,0.0,0.0
8.277104982,0.0,0.0,0.0,0.0
8.278272757,0.0,0.0,0.0,0.0
8.279103459,0.0,0.0,0.0,0.0
8.281207298,0.0,0.0,0.0,0.0
8.282100346,0.0,0.0,0.0,0.0
8.28317695,0.0,0.05,0.0,0.05
8.284105281,0.0,0.0,0.0,0.0
8.285205104000001,0.0,0.0,0.04,0.0
8.286093846,0.0,0.0,0.0,0.0
8.287202892,0.0,0.0,0.01,0.0
8.28809902,0.01,0.01,0.04,0.05
8.289104177,0.01,0.0,0.0,0.0
8.290214350000001,0.01,0.0,0.0,0.01
8.291110134,0.0,0.01,0.0,0.01
8.292216614,0.0,0.01,0.0,0.0
8.29306023,0.03,0.0,0.0,0.02
8.29421404,0.0,0.0,0.01,0.0
8.296199591,0.0,0.01,0.01,0.01
8.297109309,0.0,0.01,0.0,0.0
8.298104201000001,0.0,0.0,0.0,0.0
8.299106308,0.01,0.0,0.0,0.0
8.300099758,0.0,0.01,0.0,0.0
8.301209369,0.0,0.01,0.0,0.07
8.302105489,0.0,0.0,0.0,0.0
8.303241218,0.0,0.0,0.0,0.0
8.304104158000001,0.0,0.01,0.01,0.01
8.305408258,0.0,0.0,0.0,0.0
8.306063960000001,0.0,0.01,0.0,0.0
8.307262691,0.01,0.06,0.02,0.0
8.308129834,0.01,0.0,0.0,0.01
8.309265431,0.01,0.0,0.0,0.01
8.311218615000001,0.0,0.0,0.0,0.0
8.312110858,0.0,0.01,0.0,0.0
8.313161955,0.0,0.0,0.0,0.01
8.314288397,0.0,0.01,0.03,0.0
8.315104249000001,0.0,0.0,0.0,0.01
8.316216705,0.0,0.0,0.0,0.0
8.317108815000001,0.14,0.04,0.0,0.0
8.318209167000001,0.0,0.0,0.0,0.0
8.319213572,0.0,0.0,0.0,0.0
8.320214835,0.0,0.0,0.0,0.0
8.321214709000001,0.0,0.0,0.0,0.0
8.322203895000001,0.01,0.0,0.0,0.0
8.323200583,0.0,0.0,0.0,0.0
8.324240911,0.0,0.01,0.01,0.0
8.325208428,0.0,0.01,0.01,0.01
8.326224528000001,0.0,0.0,0.03,0.0
8.328216928,0.0,0.01,0.0,0.0
8.329209647,0.0,0.01,0.0,0.01
8.330215828,0.0,0.0,0.0,0.02
8.331212359,0.0,0.0,0.0,0.0
8.332207467,0.0,0.0,0.0,0.0
8.333201998,0.01,0.01,0.0,0.0
8.334416944,0.01,0.02,0.0,0.0
8.335102114,0.01,0.0,0.01,0.06
8.336217431,0.0,0.0,0.0,0.0
8.337212597,0.0,0.01,0.0,0.0
8.33824206,0.0,0.01,0.01,0.0
8.339127532000001,0.01,0.0,0.02,0.01
8.340306737,0.0,0.0,0.0,0.0
8.342208478,0.0,0.0,0.0,0.0
8.343122153000001,0.0,0.0,0.0,0.0
8.344200953,0.0,0.0,0.0,0.01
8.345237729,0.0,0.0,0.0,0.01
8.346195586,0.0,0.0,0.03,0.04
8.347113354000001,0.0,0.0,0.0,0.0
8.348200883,0.01,0.01,0.0,0.0
8.349212633,0.0,0.0,0.01,0.0
8.350200931,0.0,0.0,0.0,0.0
8.351218386000001,0.02,0.04,0.03,0.0
8.352203471000001,0.0,0.0,0.01,0.0
8.353205243,0.0,0.0,0.0,0.0
8.354146054000001,0.02,0.01,0.0,0.0
8.355234414,0.0,0.0,0.0,0.01
8.357204315,0.01,0.0,0.01,0.0
8.358104818000001,0.0,0.0,0.01,0.0
8.359203126,0.01,0.0,0.02,0.0
8.360203795,0.0,0.0,0.0,0.0
8.361204502,0.0,0.0,0.0,0.01
8.362227451,0.0,0.0,0.0,0.0
8.363105428,0.0,0.01,0.0,0.0
8.364207945,0.0,0.0,0.01,0.0
8.365109467,0.0,0.0,0.01,0.01
8.366219562000001,0.02,0.0,0.0,0.0
8.367120354,0.01,0.0,0.01,0.0
8.368164876,0.0,0.0,0.0,0.01
8.369204932,0.01,0.0,0.0,0.05
8.370106454,0.0,0.0,0.0,0.0
8.371225593,0.0,0.0,0.0,0.02
8.373222746,0.0,0.0,0.0,0.0
8.374103977,0.02,0.0,0.0,0.01
8.375146302000001,0.0,0.01,0.01,0.01
8.376203657000001,0.0,0.01,0.01,0.0
8.37710578,0.0,0.0,0.0,0.0
8.378358329000001,0.0,0.02,0.0,0.0
8.379086712000001,0.0,0.0,0.01,0.06
8.380253942000001,0.0,0.0,0.0,0.0
8.381098320000001,0.0,0.01,0.0,0.0
8.382144345,0.0,0.0,0.0,0.0
8.383204211,0.0,0.0,0.01,0.0
8.384116667,0.01,0.01,0.0,0.01
8.385205245,0.0,0.12,0.02,0.0
8.386205160000001,0.04,0.0,0.01,0.0
8.388207065000001,0.0,0.01,0.01,0.0
8.389216767,0.01,0.0,0.01,0.0
8.390204441,0.0,0.0,0.0,0.0
8.391203748,0.0,0.0,0.0,0.0
8.392206086,0.0,0.0,0.0,0.0
8.393104376,0.0,0.0,0.0,0.0
8.394218724,0.0,0.0,0.0,0.0
8.395063048,0.0,0.0,0.0,0.0
8.396202839,0.03,0.0,0.02,0.07
8.397133818,0.02,0.0,0.0,0.01
8.398408374,0.0,0.0,0.0,0.0
8.400127854,0.02,0.0,0.01,0.01
8.401103713000001,0.0,0.0,0.0,0.0
8.402205244000001,0.04,0.0,0.0,0.0
8.403080576,0.0,0.0,0.0,0.06
8.404203591,0.0,0.01,0.0,0.03
8.405114686000001,0.01,0.0,0.0,0.0
8.406099027,0.01,0.0,0.0,0.0
8.407105815000001,0.0,0.0,0.02,0.01
8.408205069000001,0.0,0.01,0.0,0.0
8.409102133000001,0.0,0.0,0.0,0.01
8.410206678,0.0,0.0,0.0,0.0
8.411068014000001,0.0,0.0,0.0,0.0
8.412097638,0.0,0.02,0.0,0.0
8.413200471,0.0,0.0,0.01,0.01
8.414111304,0.0,0.0,0.0,0.0
8.415261897,0.0,0.0,0.02,0.0
8.416103364000001,0.0,0.03,0.0,0.0
8.417202476,0.0,0.01,0.0,0.0
8.419213023000001,0.06,0.0,0.04,0.03
8.420060446,0.0,0.01,0.0,0.0
8.421208552000001,0.0,0.0,0.0,0.0
8.422099386000001,0.0,0.0,0.0,0.01
8.423213503000001,0.0,0.0,0.0,0.0
8.424098227,0.0,0.0,0.0,0.0
8.425212967,0.0,0.0,0.0,0.0
8.426068119,0.02,0.01,0.01,0.03
8.427121548,0.0,0.01,0.0,0.0
8.428117926,0.0,0.0,0.0,0.01
8.429239090000001,0.0,0.01,0.0,0.01
8.430158366,0.0,0.0,0.01,0.0
8.431251667,0.0,0.0,0.0,0.02
8.433354094,0.0,0.03,0.02,0.03
8.434062044000001,0.0,0.0,0.0,0.0
8.435304762000001,0.0,0.0,0.0,0.0
8.436120086,0.0,0.0,0.0,0.0
8.437275507,0.02,0.0,0.01,0.0
8.438118338,0.0,0.01,0.01,0.0
8.439241662,0.0,0.01,0.0,0.0
8.440108423,0.0,0.0,0.01,0.0
8.441102873,0.0,0.0,0.0,0.0
8.442247178,0.0,0.01,0.0,0.0
8.443265479,0.05,0.0,0.01,0.0
8.444119432,0.01,0.01,0.0,0.02
8.445215195000001,0.0,0.0,0.01,0.0
8.446184858,0.0,0.0,0.05,0.0
8.447256209,0.01,0.0,0.03,0.0
8.449161753,0.01,0.0,0.01,0.0
8.450220976,0.0,0.0,0.0,0.01
8.451102749,0.02,0.0,0.05,0.05
8.452201647,0.0,0.0,0.0,0.01
8.453207805,0.0,0.0,0.0,0.0
8.454222958,0.0,0.04,0.01,0.0
8.455209564,0.01,0.01,0.02,0.0
8.456203842,0.0,0.0,0.0,0.03
8.457217517,0.01,0.0,0.0,0.0
8.458204911000001,0.0,0.0,0.0,0.0
8.459431672000001,0.01,0.0,0.02,0.0
8.460065573000001,0.0,0.0,0.0,0.0
8.461222446,0.0,0.0,0.0,0.0
8.463307798,0.0,0.04,0.0,0.05
8.464069140000001,0.01,0.0,0.0,0.0
8.465321742,0.0,0.01,0.01,0.0
8.466110005,0.0,0.0,0.0,0.0
8.467210906,0.01,0.0,0.0,0.0
8.468116628,0.0,0.0,0.0,0.01
8.469206141,0.0,0.0,0.0,0.0
8.470245469,0.0,0.0,0.0,0.0
8.471104309000001,0.0,0.0,0.01,0.0
8.472134972000001,0.0,0.0,0.0,0.01
8.4732322,0.0,0.0,0.0,0.0
8.474127788,0.01,0.0,0.0,0.0
8.475220377000001,0.0,0.01,0.0,0.01
8.476221618,0.0,0.0,0.0,0.01
8.477221916000001,0.0,0.0,0.02,0.0
8.479248959000001,0.05,0.0,0.0,0.02
8.480120056,0.0,0.02,0.02,0.0
8.481205626000001,0.0,0.0,0.0,0.0
8.482238399,0.01,0.0,0.0,0.01
8.483239046000001,0.0,0.0,0.0,0.0
8.48420274,0.0,0.0,0.01,0.0
8.485209046000001,0.0,0.0,0.0,0.0
8.486201639,0.0,0.0,0.0,0.0
8.487210911,0.0,0.01,0.0,0.01
8.48820229,0.0,0.0,0.0,0.01
8.489391937,0.0,0.01,0.01,0.0
8.491167941,0.0,0.0,0.0,0.0
8.492170721,0.0,0.02,0.0,0.0
8.493172687000001,0.0,0.02,0.0,0.0
8.494093426000001,0.0,0.0,0.0,0.0
8.495066210000001,0.0,0.0,0.0,0.01
8.496119753,0.0,0.0,0.01,0.04
8.497103176000001,0.01,0.02,0.01,0.0
8.498119408,0.0,0.0,0.0,0.01
8.499095259,0.0,0.0,0.0,0.0
8.500066058,0.0,0.01,0.0,0.0
8.501100597,0.0,0.0,0.0,0.01
8.502093644,0.01,0.0,0.0,0.0
8.503092668,0.02,0.0,0.0,0.01
8.504092353,0.01,0.03,0.01,0.01
8.505100632000001,0.0,0.0,0.0,0.0
8.506125242000001,0.0,0.01,0.01,0.0
8.507224325000001,0.0,0.0,0.0,0.0
8.509265212,0.0,0.0,0.01,0.0
8.51011282,0.01,0.0,0.0,0.01
8.511211068,0.04,0.0,0.0,0.0
8.512110979000001,0.01,0.0,0.02,0.0
8.513218321,0.0,0.02,0.02,0.0
8.514203152,0.0,0.0,0.0,0.01
8.515212711,0.0,0.01,0.0,0.0
8.516212454,0.0,0.0,0.0,0.0
8.517223779,0.0,0.01,0.0,0.0
8.518202062,0.0,0.0,0.0,0.01
8.519203625000001,0.01,0.0,0.0,0.0
8.520357241000001,0.0,0.01,0.01,0.0
8.522353464,0.0,0.01,0.0,0.0
8.523135881,0.09,0.01,0.0,0.0
8.524220198,0.0,0.01,0.0,0.0
8.525108040000001,0.0,0.01,0.0,0.0
8.526202867,0.0,0.0,0.0,0.03
8.527164186,0.01,0.0,0.01,0.0
8.528088151,0.01,0.0,0.01,0.03
8.529209159,0.01,0.0,0.0,0.0
8.530102941,0.0,0.0,0.0,0.0
8.531223419,0.0,0.0,0.01,0.0
8.532117948,0.01,0.0,0.0,0.0
8.533228223,0.0,0.0,0.01,0.0
8.534116917,0.0,0.0,0.0,0.0
8.535219328,0.0,0.01,0.0,0.0
8.536216262,0.0,0.0,0.02,0.01
8.537228959,0.01,0.0,0.0,0.0
8.539124248,0.05,0.03,0.01,0.01
8.540200089,0.0,0.01,0.0,0.0
8.541102026,0.0,0.0,0.0,0.0
8.542212771,0.01,0.0,0.0,0.01
8.543107302000001,0.0,0.0,0.01,0.0
8.544202151,0.01,0.0,0.01,0.0
8.545207925,0.05,0.02,0.03,0.0
8.546205477,0.0,0.0,0.02,0.0
8.547364877,0.0,0.0,0.01,0.01
8.548108774000001,0.0,0.01,0.01,0.0
8.549219068000001,0.0,0.01,0.0,0.0
8.550215962000001,0.0,0.01,0.0,0.0
8.551291403,0.0,0.0,0.0,0.0
8.553219622,0.01,0.0,0.0,0.0
8.554122622000001,0.01,0.0,0.0,0.0
8.555238927000001,0.01,0.01,0.01,0.01
8.556130083000001,0.0,0.0,0.01,0.0
8.557215431000001,0.01,0.0,0.0,0.01
8.558223601,0.0,0.0,0.0,0.0
8.55920568,0.0,0.0,0.01,0.0
8.560218137,0.0,0.04,0.01,0.0
8.561216754,0.0,0.0,0.0,0.0
8.562206651,0.0,0.0,0.0,0.0
8.563204139,0.0,0.0,0.0,0.0
8.564213462,0.01,0.01,0.0,0.0
8.565226176000001,0.01,0.01,0.01,0.01
8.566234882,0.0,0.0,0.0,0.01
8.567230078,0.0,0.0,0.0,0.0
8.569204861000001,0.01,0.0,0.0,0.01
8.57022564,0.0,0.0,0.0,0.01
8.571207181,0.0,0.0,0.0,0.0
8.572204984,0.0,0.0,0.0,0.0
8.573200259,0.0,0.0,0.01,0.0
8.574206511,0.0,0.0,0.0,0.0
8.575252840000001,0.0,0.0,0.0,0.01
8.576203886,0.04,0.02,0.02,0.0
8.577200594,0.0,0.03,0.0,0.01
8.578205195,0.03,0.06,0.03,0.05
8.579212207000001,0.0,0.0,0.0,0.0
8.580203941,0.0,0.0,0.0,0.0
8.581229444,0.0,0.0,0.0,0.0
8.582277084000001,0.03,0.0,0.0,0.0
8.584209726000001,0.0,0.0,0.0,0.0
8.585103655000001,0.0,0.0,0.0,0.01
8.586230022,0.0,0.0,0.01,0.0
8.587109418,0.01,0.0,0.0,0.02
8.588267812,0.07,0.0,0.0,0.0
8.589127748000001,0.0,0.0,0.01,0.01
8.59030809,0.0,0.02,0.0,0.01
8.59113048,0.01,0.0,0.0,0.0
8.592208593,0.01,0.0,0.0,0.01
8.593199192,0.0,0.0,0.0,0.03
8.594221652,0.01,0.0,0.01,0.0
8.595245036,0.0,0.01,0.0,0.0
8.596202835,0.0,0.0,0.0,0.0
8.59721509,0.03,0.0,0.0,0.0
8.598211009,0.0,0.0,0.0,0.0
8.600204014000001,0.0,0.0,0.01,0.01
8.601208212000001,0.0,0.0,0.0,0.0
8.60226871,0.0,0.0,0.01,0.0
8.603060691000001,0.0,0.01,0.0,0.0
8.604215254000001,0.01,0.01,0.0,0.0
8.605072328,0.01,0.0,0.0,0.01
8.606208606000001,0.06,0.03,0.0,0.0
8.607086939,0.01,0.0,0.0,0.0
8.608225876,0.0,0.01,0.0,0.0
8.609088819,0.0,0.0,0.01,0.0
8.610108215,0.0,0.0,0.01,0.0
8.611243297,0.02,0.01,0.0,0.0
8.613319002,0.01,0.0,0.0,0.0
8.614090809,0.0,0.01,0.0,0.0
8.61536238,0.0,0.01,0.0,0.0
8.616117351,0.0,0.0,0.01,0.01
8.617129543,0.02,0.03,0.0,0.0
8.618131331,0.0,0.0,0.0,0.0
8.619198698,0.01,0.0,0.0,0.0
8.62015583,0.0,0.0,0.0,0.0
8.621204909000001,0.0,0.02,0.0,0.0
8.622193788,0.0,0.0,0.01,0.0
8.62320274,0.0,0.0,0.0,0.0
8.624364325,0.01,0.0,0.0,0.0
8.62510542,0.01,0.01,0.0,0.0
8.626241265,0.0,0.0,0.0,0.0
8.627218462,0.01,0.01,0.02,0.02
8.628217716,0.0,0.01,0.0,0.0
8.630210524,0.02,0.0,0.01,0.02
8.631205118,0.0,0.0,0.0,0.0
8.632213557,0.01,0.0,0.01,0.0
8.633217501,0.0,0.0,0.0,0.0
8.634326872,0.0,0.01,0.0,0.01
8.635118562,0.0,0.0,0.01,0.0
8.636208407,0.0,0.0,0.0,0.01
8.637208371,0.0,0.0,0.01,0.0
8.638206986,0.0,0.01,0.0,0.0
8.639207953,0.02,0.01,0.0,0.02
8.640201089000001,0.0,0.0,0.0,0.09
8.641212043000001,0.0,0.0,0.0,0.01
8.642232358000001,0.0,0.0,0.0,0.0
8.643214505000001,0.0,0.04,0.0,0.0
8.645197173,0.0,0.02,0.01,0.0
8.646209112000001,0.0,0.0,0.01,0.0
8.647220029000001,0.0,0.0,0.0,0.0
8.648212274,0.0,0.0,0.0,0.0
8.649218227,0.0,0.01,0.0,0.0
8.650237429,0.0,0.0,0.0,0.01
8.6511548,0.01,0.0,0.0,0.01
8.652225139,0.0,0.0,0.0,0.0
8.653283921,0.03,0.04,0.02,0.0
8.654132761000001,0.0,0.0,0.02,0.0
8.655228280000001,0.0,0.01,0.01,0.0
8.656222225,0.0,0.0,0.0,0.01
8.658199533000001,0.0,0.0,0.0,0.0
8.659233202000001,0.03,0.0,0.02,0.01
8.660107155,0.0,0.0,0.0,0.02
8.661199539,0.0,0.0,0.0,0.0
8.662373553,0.0,0.0,0.0,0.01
8.663070124,0.01,0.01,0.0,0.0
