timestamp,FSR1,FSR2,FSR3,FSR4
0.001066963,0.0,0.0,0.0,0.0
0.005913299,0.01,0.0,0.01,0.0
0.006243259,0.0,0.32,0.0,0.0
0.0070134030000000005,0.0,0.33,0.0,0.0
0.008074711,0.0,0.33,0.0,0.01
0.009024192,0.0,0.33,0.0,0.0
0.010120452,0.0,0.32,0.0,0.0
0.011023537,0.0,0.32,0.01,0.0
0.012120462,0.0,0.33,0.0,0.0
0.013014472000000001,0.0,0.32,0.0,0.0
0.014136946000000001,0.01,0.32,0.0,0.0
0.014981046000000001,0.0,0.32,0.0,0.0
0.016142026,0.01,0.33,0.0,0.0
0.016973479,0.0,0.3,0.0,0.0
0.018010744000000002,0.0,0.33,0.01,0.01
0.019114404,0.0,0.33,0.0,0.0
0.020018463,0.0,0.32,0.01,0.0
0.021126112000000002,0.0,0.33,0.0,0.0
0.022022930000000003,0.01,0.32,0.0,0.03
0.023149846,0.0,0.32,0.0,0.0
0.023985168,0.0,0.32,0.0,0.0
0.025121456,0.0,0.33,0.0,0.0
0.026021614000000002,0.0,0.32,0.0,0.0
0.027106888000000003,0.0,0.32,0.0,0.02
0.028022506000000003,0.0,0.32,0.01,0.0
0.029164531,0.0,0.32,0.0,0.0
0.030083008,0.01,0.32,0.0,0.0
0.031126823,0.01,0.33,0.0,0.02
0.03208287,0.0,0.32,0.02,0.07
0.03322573,0.04,0.33,0.01,0.0
0.034001438,0.0,0.33,0.0,0.0
0.035198042,0.01,0.33,0.0,0.0
0.036029847000000004,0.0,0.34,0.0,0.0
0.037140282000000004,0.03,0.34,0.05,0.01
0.038026263000000005,0.0,0.33,0.0,0.0
0.039215675000000005,0.0,0.33,0.02,0.0
0.040036283000000006,0.0,0.33,0.01,0.0
0.041119917000000006,0.0,0.35,0.02,0.0
0.042126282,0.0,0.33,0.01,0.0
0.043114853,0.03,0.33,0.0,0.01
0.044121033000000004,0.02,0.32,0.0,0.0
0.045173784,0.0,0.33,0.0,0.01
0.046014769000000004,0.04,0.34,0.03,0.0
0.047081056,0.0,0.33,0.03,0.07
0.048125158,0.0,0.34,0.0,0.0
0.049257730000000007,0.0,0.34,0.0,0.01
0.050026915000000005,0.01,0.33,0.02,0.0
0.05112487600000001,0.0,0.31,0.01,0.01
0.052126093000000005,0.04,0.32,0.0,0.0
0.053125232,0.0,0.32,0.0,0.01
0.054126457,0.0,0.32,0.0,0.0
0.055168945000000004,0.0,0.31,0.01,0.01
0.056051585,0.0,0.33,0.0,0.01
0.057028813000000005,0.0,0.33,0.0,0.0
0.057972685,0.01,0.33,0.01,0.01
0.059028167000000006,0.0,0.33,0.0,0.01
0.059994201000000004,0.0,0.32,0.0,0.01
0.061015695,0.01,0.34,0.0,0.0
0.062009720000000004,0.0,0.32,0.01,0.0
0.06301429800000001,0.05,0.34,0.01,0.0
0.064174386,0.0,0.33,0.01,0.0
0.065152613,0.0,0.32,0.0,0.0
0.066042034,0.0,0.35,0.0,0.0
0.06703743000000001,0.0,0.35,0.0,0.01
0.06799688300000001,0.0,0.31,0.01,0.01
0.06901299000000001,0.0,0.33,0.0,0.0
0.069976278,0.0,0.34,0.0,0.0
0.070959019,0.0,0.37,0.0,0.0
0.071961248,0.0,0.34,0.03,0.0
0.072958783,0.1,0.37,0.01,0.0
0.07418342500000001,0.0,0.35,0.01,0.01
0.07501780000000001,0.01,0.35,0.01,0.0
0.076024009,0.0,0.34,0.0,0.0
0.077014757,0.0,0.34,0.0,0.0
0.0780184,0.02,0.33,0.0,0.0
0.07907230400000001,0.01,0.32,0.04,0.02
0.08001035100000001,0.01,0.33,0.0,0.0
0.08106474500000001,0.0,0.33,0.0,0.0
0.081956793,0.01,0.34,0.0,0.0
0.082969056,0.01,0.33,0.0,0.0
0.08401053600000001,0.0,0.34,0.0,0.0
0.084961145,0.0,0.34,0.01,0.0
0.085961544,0.0,0.34,0.0,0.01
0.086968326,0.01,0.34,0.01,0.0
0.088176472,0.01,0.33,0.0,0.0
0.08898404700000001,0.0,0.33,0.0,0.0
0.090007977,0.0,0.34,0.0,0.0
0.092007802,0.0,0.32,0.0,0.0
0.093014546,0.0,0.32,0.01,0.0
0.094005869,0.0,0.31,0.01,0.0
0.09509517,0.0,0.33,0.0,0.0
0.096037696,0.01,0.33,0.0,0.01
0.097052545,0.0,0.32,0.01,0.0
0.09798206000000001,0.0,0.32,0.0,0.0
0.098988139,0.01,0.32,0.0,0.01
0.10002967700000001,0.01,0.34,0.0,0.01
0.101035781,0.0,0.34,0.0,0.0
0.102006883,0.0,0.33,0.0,0.0
0.10300516500000001,0.0,0.34,0.0,0.0
0.10401863800000001,0.0,0.34,0.0,0.01
0.105041484,0.03,0.35,0.0,0.0
0.10695818500000001,0.0,0.35,0.01,0.08
0.108004025,0.0,0.35,0.01,0.0
0.10900664400000001,0.0,0.33,0.0,0.01
0.110001632,0.01,0.36,0.01,0.0
0.111010382,0.0,0.34,0.0,0.0
0.112007911,0.0,0.35,0.02,0.0
0.11300707600000001,0.0,0.34,0.0,0.0
0.11400451,0.0,0.32,0.0,0.0
0.11501459900000001,0.01,0.34,0.01,0.0
0.116016515,0.0,0.34,0.0,0.01
0.11702132300000001,0.02,0.34,0.02,0.02
0.11806126600000001,0.0,0.34,0.01,0.0
0.11912114200000001,0.0,0.34,0.01,0.01
0.12002754500000001,0.0,0.35,0.0,0.01
0.12116420900000001,0.0,0.38,0.0,0.0
0.12311158100000001,0.03,0.26,0.03,0.05
0.12402071,0.02,0.33,0.01,0.0
0.125057641,0.0,0.34,0.0,0.0
0.126009011,0.0,0.35,0.0,0.0
0.126992938,0.0,0.36,0.01,0.01
0.128010369,0.04,0.35,0.0,0.0
0.12902223100000001,0.02,0.3,0.01,0.0
0.13016612900000002,0.01,0.34,0.0,0.0
0.131026321,0.0,0.33,0.0,0.01
0.132026156,0.0,0.34,0.0,0.0
0.133019885,0.0,0.34,0.0,0.0
0.13411262200000001,0.01,0.33,0.0,0.0
0.13502751100000002,0.0,0.34,0.0,0.0
0.136110418,0.0,0.33,0.0,0.0
0.13803432300000001,0.0,0.32,0.0,0.0
0.139115585,0.0,0.32,0.0,0.0
0.140028319,0.0,0.33,0.01,0.06
0.141116349,0.0,0.33,0.0,0.0
0.14211152800000001,0.01,0.32,0.01,0.0
0.143067371,0.0,0.34,0.01,0.0
0.144061573,0.0,0.32,0.0,0.0
0.145016209,0.0,0.33,0.08,0.0
0.14612655100000002,0.0,0.33,0.01,0.0
0.14702083200000002,0.02,0.32,0.01,0.0
0.14812582600000002,0.0,0.33,0.02,0.0
0.14901882900000002,0.0,0.32,0.01,0.0
0.15008432600000002,0.01,0.32,0.0,0.0
0.15116077900000002,0.0,0.32,0.0,0.0
0.153207062,0.0,0.32,0.01,0.01
0.15400528900000002,0.01,0.32,0.0,0.01
0.155134938,0.0,0.31,0.0,0.01
0.15599685600000002,0.01,0.31,0.0,0.0
0.15715384500000001,0.0,0.31,0.01,0.02
0.157976095,0.0,0.31,0.0,0.0
0.15904465,0.0,0.31,0.0,0.0
0.16007447400000002,0.0,0.32,0.0,0.0
0.16103303500000002,0.03,0.31,0.0,0.0
0.162121607,0.0,0.31,0.0,0.0
0.16301669500000002,0.0,0.31,0.0,0.0
0.16413490800000002,0.01,0.31,0.02,0.0
0.165241662,0.0,0.32,0.01,0.01
0.167144162,0.01,0.31,0.0,0.0
0.168023221,0.02,0.32,0.0,0.0
0.169120455,0.01,0.31,0.01,0.01
0.17023652,0.0,0.3,0.0,0.0
0.171021838,0.02,0.32,0.01,0.0
0.17212337900000002,0.02,0.32,0.0,0.0
0.173114658,0.03,0.29,0.01,0.01
0.17413418900000002,0.0,0.31,0.01,0.0
0.175125792,0.0,0.32,0.01,0.0
0.17611742300000002,0.0,0.3,0.0,0.0
0.17715055400000002,0.0,0.31,0.0,0.0
0.178123621,0.0,0.31,0.02,0.0
0.17912861600000002,0.0,0.32,0.0,0.0
0.180197786,0.0,0.3,0.0,0.0
0.181030605,0.0,0.31,0.04,0.01
0.18212330300000001,0.0,0.32,0.0,0.0
0.18412313600000002,0.0,0.32,0.0,0.0
0.185154553,0.0,0.31,0.01,0.0
0.186134035,0.0,0.31,0.0,0.0
0.187093895,0.0,0.31,0.0,0.0
0.188179482,0.0,0.31,0.01,0.04
0.188985851,0.01,0.31,0.0,0.0
0.190146844,0.01,0.35,0.0,0.01
0.191162773,0.0,0.32,0.01,0.0
0.192033859,0.01,0.32,0.01,0.01
0.193044514,0.0,0.31,0.0,0.0
0.19405788000000002,0.01,0.32,0.01,0.01
0.195044184,0.03,0.31,0.0,0.0
0.19619723,0.02,0.3,0.01,0.0
0.198111652,0.0,0.31,0.0,0.01
0.199023375,0.0,0.3,0.0,0.0
0.20012027300000002,0.0,0.32,0.01,0.0
0.201028077,0.0,0.31,0.0,0.0
0.20211598,0.01,0.31,0.0,0.0
0.20312371,0.0,0.31,0.0,0.0
0.20411267600000002,0.0,0.31,0.0,0.0
0.205113335,0.01,0.28,0.0,0.0
0.20615047,0.02,0.32,0.0,0.01
0.207014952,0.01,0.31,0.0,0.01
0.208131953,0.0,0.31,0.0,0.0
0.209024165,0.0,0.3,0.0,0.0
0.21014021500000002,0.0,0.31,0.0,0.0
0.21115951700000002,0.0,0.3,0.0,0.0
0.213183587,0.0,0.31,0.0,0.0
0.214020236,0.0,0.31,0.0,0.0
0.21517474800000003,0.0,0.31,0.01,0.0
0.21611110600000003,0.0,0.33,0.0,0.01
0.21713335600000003,0.01,0.32,0.0,0.0
0.218115212,0.01,0.32,0.0,0.0
0.21902965100000002,0.0,0.31,0.0,0.0
0.219979646,0.0,0.31,0.0,0.0
0.22108329200000001,0.0,0.31,0.0,0.0
0.22212228,0.0,0.32,0.0,0.0
0.22304219400000003,0.0,0.3,0.03,0.03
0.224031747,0.01,0.31,0.0,0.0
0.225131506,0.0,0.32,0.01,0.0
0.226016335,0.0,0.32,0.0,0.0
0.22710528800000002,0.01,0.31,0.0,0.0
0.22912563400000002,0.0,0.32,0.03,0.0
0.230024513,0.0,0.32,0.0,0.0
0.231117755,0.0,0.35,0.0,0.0
0.232017138,0.03,0.31,0.01,0.0
0.23312454300000002,0.01,0.32,0.0,0.0
0.23411446500000002,0.02,0.32,0.0,0.0
0.23514924,0.0,0.32,0.0,0.0
0.23601807500000002,0.0,0.31,0.0,0.0
0.237105803,0.01,0.31,0.01,0.0
0.238141543,0.0,0.31,0.0,0.02
0.23911901800000002,0.0,0.3,0.0,0.01
0.24011284300000002,0.0,0.31,0.02,0.04
0.24117378800000003,0.0,0.3,0.01,0.0
0.243120351,0.0,0.31,0.0,0.0
0.24411047300000002,0.0,0.3,0.0,0.0
0.24513031300000002,0.0,0.3,0.0,0.0
0.24612280600000003,0.01,0.3,0.0,0.0
0.247111401,0.0,0.31,0.0,0.0
0.248087624,0.03,0.31,0.02,0.0
0.249232536,0.0,0.31,0.0,0.01
0.250003107,0.03,0.32,0.01,0.0
0.251041521,0.01,0.27,0.0,0.0
0.252199469,0.0,0.3,0.01,0.0
0.25303499,0.0,0.31,0.0,0.0
0.254207402,0.0,0.3,0.01,0.0
0.255019734,0.01,0.3,0.01,0.0
0.256186998,0.0,0.3,0.01,0.01
0.258160502,0.0,0.29,0.0,0.01
0.259017322,0.0,0.32,0.01,0.0
0.260115887,0.0,0.3,0.0,0.0
0.26111428200000003,0.01,0.31,0.0,0.0
0.262029911,0.0,0.3,0.0,0.0
0.26311827800000004,0.01,0.3,0.0,0.0
0.264113123,0.01,0.3,0.0,0.01
0.265121941,0.0,0.3,0.0,0.0
0.266115013,0.01,0.3,0.01,0.0
0.267131481,0.01,0.31,0.0,0.0
0.26812271200000004,0.01,0.31,0.0,0.05
0.269110399,0.01,0.3,0.02,0.0
0.270115174,0.0,0.32,0.01,0.01
0.271158508,0.0,0.32,0.05,0.0
0.27214598500000003,0.01,0.28,0.01,0.0
0.274147236,0.0,0.3,0.01,0.0
0.27499352600000004,0.0,0.31,0.0,0.0
0.27613018300000003,0.0,0.29,0.01,0.01
0.277120183,0.0,0.29,0.0,0.0
0.278101034,0.0,0.31,0.01,0.0
0.279143949,0.0,0.31,0.01,0.0
0.28005533800000004,0.06,0.3,0.0,0.05
0.28102961800000004,0.0,0.31,0.02,0.0
0.282214162,0.0,0.31,0.01,0.0
0.28302272100000003,0.0,0.31,0.0,0.0
0.284050583,0.0,0.32,0.01,0.0
0.285078473,0.01,0.3,0.01,0.0
0.287271418,0.0,0.31,0.03,0.13
0.28800084000000004,0.0,0.29,0.0,0.0
0.289111002,0.0,0.29,0.0,0.0
0.290067782,0.0,0.3,0.0,0.0
0.291001589,0.0,0.29,0.01,0.0
0.29201444600000004,0.0,0.3,0.0,0.0
0.29301019500000003,0.01,0.29,0.0,0.01
0.294043092,0.0,0.32,0.0,0.01
0.295138303,0.0,0.31,0.0,0.0
0.29597375600000003,0.05,0.3,0.03,0.0
0.29711807500000004,0.0,0.3,0.0,0.0
0.298025959,0.01,0.3,0.01,0.0
0.299116992,0.0,0.26,0.01,0.0
0.299973582,0.04,0.28,0.01,0.0
0.301124176,0.01,0.3,0.01,0.01
0.303098658,0.01,0.28,0.0,0.0
0.303977343,0.01,0.28,0.0,0.0
0.305082257,0.0,0.28,0.0,0.0
0.30601927900000003,0.01,0.29,0.01,0.0
0.307117006,0.02,0.29,0.0,0.0
0.30801886900000003,0.01,0.3,0.0,0.0
0.309109947,0.0,0.28,0.0,0.0
0.31011724100000004,0.0,0.29,0.01,0.01
0.311317279,0.0,0.29,0.0,0.01
0.311990431,0.01,0.31,0.01,0.0
0.313185943,0.0,0.26,0.01,0.02
0.315170526,0.01,0.33,0.0,0.0
0.316162208,0.0,0.31,0.0,0.0
0.317029108,0.0,0.29,0.0,0.0
0.31802972,0.0,0.3,0.01,0.01
0.318971149,0.0,0.3,0.0,0.02
0.320112936,0.0,0.28,0.01,0.0
0.321012856,0.01,0.3,0.0,0.0
0.32212739900000004,0.01,0.37,0.05,0.0
0.32298176900000003,0.0,0.29,0.01,0.0
0.324106226,0.0,0.29,0.0,0.0
0.325021286,0.0,0.29,0.0,0.0
0.326012422,0.01,0.3,0.0,0.0
0.32711987000000003,0.0,0.3,0.0,0.01
0.32798159600000004,0.0,0.29,0.01,0.0
0.32912525200000003,0.01,0.26,0.0,0.0
0.331128003,0.0,0.3,0.0,0.01
0.33197650700000003,0.0,0.32,0.0,0.01
0.333118574,0.0,0.3,0.0,0.0
0.334025391,0.0,0.3,0.0,0.0
0.335124063,0.01,0.33,0.0,0.0
0.33602178400000005,0.0,0.32,0.0,0.0
0.33712330100000004,0.0,0.3,0.01,0.0
0.338021575,0.0,0.3,0.0,0.0
0.33912709900000004,0.0,0.29,0.0,0.0
0.339976188,0.0,0.22,0.02,0.0
0.341159192,0.0,0.2,0.0,0.01
0.34201094200000004,0.0,0.2,0.0,0.0
0.343070468,0.0,0.2,0.0,0.0
0.34407110300000004,0.0,0.22,0.01,0.01
0.345032654,0.0,0.21,0.0,0.04
0.346130249,0.0,0.21,0.0,0.0
0.347037904,0.01,0.2,0.01,0.0
0.348116711,0.0,0.2,0.0,0.01
0.35011583700000004,0.0,0.2,0.02,0.01
0.350994103,0.0,0.16,0.01,0.02
0.352019957,0.0,0.2,0.0,0.0
0.353010979,0.01,0.21,0.0,0.01
0.354114615,0.0,0.2,0.01,0.0
0.35502466600000004,0.0,0.1,0.01,0.0
0.356117242,0.01,0.11,0.01,0.0
0.357020061,0.0,0.11,0.0,0.01
0.358118944,0.0,0.1,0.0,0.0
0.358988778,0.0,0.1,0.01,0.0
0.36029020300000003,0.01,0.1,0.05,0.06
0.36100830500000003,0.02,0.1,0.0,0.0
0.362228734,0.0,0.1,0.0,0.0
0.364155341,0.0,0.09,0.0,0.01
0.365039422,0.0,0.11,0.0,0.0
0.366122292,0.03,0.09,0.07,0.0
0.36711748600000005,0.0,0.1,0.0,0.0
0.368099921,0.01,0.1,0.02,0.0
0.369157114,0.01,0.12,0.0,0.0
0.37002315700000005,0.0,0.13,0.0,0.01
0.371120477,0.0,0.11,0.0,0.0
0.372124826,0.0,0.12,0.0,0.0
0.373105138,0.0,0.12,0.0,0.0
0.374057005,0.0,0.12,0.0,0.0
0.375054113,0.0,0.12,0.0,0.0
0.375995303,0.08,0.13,0.08,0.05
0.37704389600000005,0.0,0.11,0.0,0.0
0.378031571,0.01,0.12,0.0,0.0
0.379137563,0.0,0.11,0.0,0.0
0.38111461,0.0,0.12,0.02,0.0
0.381986203,0.0,0.11,0.0,0.0
0.383119293,0.01,0.12,0.0,0.06
0.38407027000000005,0.0,0.12,0.0,0.0
0.38511641700000004,0.0,0.12,0.0,0.0
0.386022062,0.0,0.12,0.0,0.0
0.38712254500000004,0.0,0.1,0.01,0.01
0.388025826,0.0,0.12,0.01,0.0
0.389116978,0.01,0.11,0.0,0.01
0.390130395,0.01,0.15,0.0,0.02
0.391037748,0.01,0.11,0.0,0.0
0.392149091,0.0,0.14,0.0,0.01
0.393029298,0.0,0.12,0.0,0.0
0.39412489100000003,0.01,0.1,0.0,0.0
0.39611954400000005,0.0,0.12,0.0,0.02
0.397025732,0.01,0.12,0.01,0.0
0.39812595900000003,0.0,0.12,0.0,0.0
0.399118617,0.0,0.12,0.0,0.0
0.400128117,0.0,0.12,0.01,0.02
0.40111429000000004,0.07,0.12,0.0,0.01
0.40212236700000004,0.0,0.12,0.0,0.01
0.40315458800000004,0.0,0.12,0.0,0.0
0.404058101,0.01,0.13,0.0,0.0
0.40514122700000005,0.0,0.13,0.0,0.0
0.40602398500000003,0.0,0.14,0.0,0.0
0.40715106300000004,0.0,0.23,0.02,0.0
0.40813559600000004,0.01,0.22,0.01,0.0
0.410188675,0.0,0.23,0.01,0.01
0.41105070000000005,0.01,0.22,0.01,0.0
0.41204748500000005,0.01,0.21,0.01,0.0
0.41334608100000003,0.0,0.22,0.03,0.0
0.41397880200000003,0.02,0.22,0.01,0.01
0.415154171,0.01,0.24,0.03,0.0
0.41602546,0.0,0.21,0.0,0.0
0.417112874,0.01,0.21,0.0,0.01
0.41813006300000005,0.0,0.2,0.0,0.0
0.41912636200000003,0.0,0.2,0.0,0.0
0.42002315,0.01,0.21,0.0,0.0
0.421127014,0.0,0.2,0.0,0.0
0.422158067,0.0,0.21,0.0,0.0
0.42312079500000005,0.0,0.2,0.0,0.01
0.425121633,0.0,0.21,0.0,0.01
0.426119493,0.0,0.21,0.01,0.0
0.42711798,0.01,0.21,0.0,0.0
0.42811505600000005,0.0,0.22,0.01,0.0
0.42912625800000004,0.0,0.21,0.0,0.03
0.43013106900000003,0.02,0.18,0.01,0.0
0.43120233900000005,0.0,0.2,0.0,0.0
0.43202556400000003,0.01,0.21,0.01,0.0
0.43307971500000003,0.01,0.21,0.01,0.01
0.434022766,0.0,0.22,0.0,0.0
0.435064571,0.0,0.21,0.02,0.0
0.436072041,0.0,0.22,0.0,0.0
0.437188041,0.0,0.23,0.0,0.01
0.43802138500000004,0.0,0.22,0.0,0.0
0.439178879,0.0,0.2,0.01,0.0
0.44117452300000004,0.0,0.21,0.0,0.05
0.44202778800000003,0.0,0.23,0.02,0.0
0.443124609,0.0,0.21,0.0,0.01
0.44402099,0.0,0.22,0.01,0.01
0.44513376400000004,0.0,0.23,0.0,0.0
0.446023115,0.0,0.22,0.0,0.0
0.44701737900000005,0.01,0.19,0.13,0.0
0.44810913500000005,0.0,0.23,0.01,0.0
0.44912763000000006,0.01,0.23,0.01,0.0
0.450120868,0.0,0.2,0.0,0.0
0.45115174700000005,0.0,0.22,0.0,0.01
0.45204165900000004,0.0,0.21,0.01,0.0
0.453158708,0.01,0.2,0.0,0.01
0.45513050600000005,0.0,0.22,0.0,0.0
0.45601757800000003,0.01,0.22,0.0,0.01
0.45711380100000004,0.0,0.25,0.0,0.02
0.458113849,0.0,0.22,0.0,0.0
0.459114809,0.0,0.21,0.01,0.0
0.460119131,0.0,0.2,0.0,0.0
0.46112060000000005,0.0,0.23,0.0,0.0
0.462114825,0.04,0.24,0.0,0.0
0.46312388600000004,0.0,0.22,0.01,0.0
0.46413539600000003,0.0,0.21,0.01,0.0
0.46511322000000005,0.0,0.22,0.0,0.0
0.46704782600000005,0.0,0.22,0.0,0.0
0.468048234,0.01,0.21,0.0,0.0
0.46911690500000003,0.0,0.23,0.0,0.0
0.470142123,0.02,0.2,0.0,0.0
0.471117035,0.0,0.21,0.01,0.01
0.47212165100000003,0.0,0.22,0.0,0.0
0.473117995,0.0,0.23,0.0,0.0
0.47411360500000005,0.01,0.22,0.0,0.01
0.475132227,0.0,0.22,0.0,0.01
0.47611697700000005,0.0,0.22,0.0,0.02
0.477131057,0.01,0.21,0.0,0.0
0.478159492,0.02,0.22,0.01,0.01
0.47902368300000003,0.0,0.22,0.0,0.0
0.48012982800000004,0.0,0.23,0.01,0.0
0.48113161000000004,0.01,0.18,0.0,0.0
0.48201897600000004,0.01,0.22,0.01,0.0
0.48315351900000003,0.01,0.23,0.0,0.01
0.484076155,0.0,0.21,0.0,0.0
0.48612177100000004,0.0,0.22,0.0,0.0
0.48701965300000005,0.01,0.21,0.0,0.0
0.488117175,0.0,0.22,0.0,0.0
0.48911261,0.0,0.22,0.0,0.0
0.49004037800000005,0.0,0.22,0.0,0.0
0.49115896600000003,0.0,0.22,0.05,0.0
0.49199635900000005,0.01,0.22,0.0,0.0
0.49311870300000005,0.0,0.21,0.0,0.0
0.493975665,0.01,0.23,0.0,0.0
0.49511207300000004,0.0,0.22,0.0,0.0
0.49603012100000005,0.02,0.23,0.0,0.01
0.49700257400000003,0.0,0.23,0.02,0.0
0.49802082900000005,0.0,0.23,0.01,0.0
0.499167201,0.0,0.24,0.0,0.0
0.501029469,0.0,0.23,0.0,0.01
0.5020568830000001,0.0,0.23,0.0,0.0
0.503053861,0.0,0.24,0.01,0.0
0.504134019,0.01,0.24,0.0,0.0
0.505016753,0.0,0.23,0.0,0.0
0.50611184,0.02,0.22,0.01,0.01
0.5070292240000001,0.01,0.23,0.0,0.0
0.508194561,0.0,0.23,0.0,0.01
0.509008133,0.0,0.27,0.0,0.0
0.510134516,0.01,0.23,0.01,0.01
0.511210803,0.0,0.23,0.0,0.0
0.512020653,0.01,0.22,0.0,0.0
0.5130161830000001,0.01,0.24,0.01,0.0
0.514107235,0.0,0.23,0.0,0.01
0.515149289,0.0,0.23,0.01,0.01
0.517110265,0.0,0.22,0.01,0.0
0.518111438,0.01,0.24,0.0,0.0
0.519112856,0.04,0.24,0.0,0.0
0.5201184520000001,0.09,0.24,0.08,0.09
0.5209737600000001,0.0,0.25,0.0,0.01
0.522115854,0.0,0.22,0.0,0.0
0.5230219110000001,0.0,0.22,0.02,0.0
0.524110096,0.0,0.23,0.0,0.0
0.524972385,0.0,0.23,0.0,0.0
0.5261293060000001,0.0,0.23,0.02,0.0
0.527058098,0.01,0.23,0.0,0.0
0.52920137,0.0,0.24,0.03,0.0
0.530013575,0.0,0.22,0.0,0.0
0.5311188960000001,0.0,0.23,0.03,0.0
0.53197892,0.01,0.23,0.01,0.0
0.53311611,0.0,0.24,0.02,0.0
0.5340149900000001,0.01,0.22,0.01,0.01
0.535110243,0.0,0.22,0.0,0.0
0.536015619,0.0,0.24,0.01,0.0
0.537113599,0.01,0.22,0.01,0.01
0.537977989,0.0,0.23,0.0,0.0
0.5391148290000001,0.0,0.23,0.0,0.0
0.5400208360000001,0.0,0.21,0.01,0.0
0.5411162230000001,0.01,0.22,0.0,0.0
0.5420225870000001,0.01,0.22,0.01,0.01
0.5431436660000001,0.0,0.22,0.0,0.0
0.544017013,0.0,0.22,0.0,0.0
0.545117637,0.0,0.23,0.0,0.01
0.5471082270000001,0.0,0.22,0.01,0.0
0.548108342,0.02,0.2,0.01,0.0
0.549104443,0.0,0.22,0.0,0.01
0.550106768,0.0,0.22,0.0,0.0
0.551111832,0.0,0.22,0.01,0.01
0.552126631,0.01,0.24,0.0,0.01
0.553118664,0.0,0.2,0.0,0.01
0.554262177,0.01,0.22,0.01,0.0
0.5550108,0.0,0.22,0.0,0.0
0.55622,0.0,0.21,0.0,0.0
0.557018742,0.0,0.22,0.0,0.0
0.558014479,0.02,0.23,0.0,0.02
0.559120261,0.01,0.23,0.01,0.01
0.5601612770000001,0.0,0.23,0.01,0.01
0.5621092990000001,0.0,0.24,0.0,0.01
0.563118172,0.0,0.23,0.01,0.0
0.564017642,0.0,0.22,0.0,0.0
0.565113722,0.0,0.21,0.0,0.0
0.5661220130000001,0.0,0.21,0.01,0.0
0.567150813,0.0,0.21,0.0,0.0
0.568016842,0.0,0.22,0.0,0.0
0.569109324,0.0,0.15,0.03,0.0
0.5701131190000001,0.0,0.13,0.01,0.04
0.5710315220000001,0.01,0.14,0.01,0.0
0.572136297,0.0,0.1,0.0,0.0
0.573065387,0.0,0.13,0.01,0.0
0.574136524,0.0,0.12,0.0,0.0
0.576105163,0.01,0.12,0.0,0.01
0.577108857,0.0,0.11,0.0,0.0
0.5781047690000001,0.0,0.12,0.0,0.01
0.5791138100000001,0.01,0.11,0.0,0.0
0.58011038,0.01,0.11,0.0,0.0
0.581113043,0.01,0.1,0.01,0.0
0.5821025040000001,0.0,0.1,0.0,0.0
0.58311756,0.0,0.11,0.01,0.0
0.584115385,0.0,0.1,0.02,0.01
0.5851352120000001,0.0,0.18,0.0,0.0
0.586017289,0.0,0.2,0.0,0.03
0.587117734,0.01,0.2,0.02,0.0
0.5879729340000001,0.0,0.2,0.0,0.0
0.589078848,0.01,0.18,0.0,0.0
0.5900378510000001,0.01,0.2,0.0,0.01
0.592035776,0.0,0.18,0.0,0.0
0.5930073,0.02,0.23,0.01,0.0
0.594017364,0.0,0.18,0.0,0.0
0.5950111920000001,0.0,0.2,0.0,0.0
0.5961274870000001,0.0,0.19,0.0,0.01
0.5970248610000001,0.0,0.19,0.01,0.0
0.598122573,0.0,0.21,0.02,0.01
0.599049069,0.0,0.2,0.0,0.01
0.6000196170000001,0.01,0.2,0.0,0.01
0.601025845,0.0,0.19,0.01,0.01
0.602171973,0.02,0.17,0.01,0.01
0.6030193580000001,0.01,0.22,0.01,0.01
0.604183788,0.0,0.22,0.0,0.01
0.606117876,0.0,0.21,0.0,0.0
0.607022095,0.0,0.21,0.01,0.0
0.608117153,0.01,0.28,0.0,0.0
0.609114711,0.01,0.25,0.0,0.0
0.610116489,0.01,0.29,0.0,0.01
0.611136066,0.01,0.29,0.0,0.01
0.61211426,0.01,0.29,0.02,0.01
0.6131103400000001,0.0,0.29,0.0,0.0
0.61411762,0.0,0.27,0.0,0.0
0.615114982,0.01,0.29,0.0,0.0
0.616030953,0.0,0.29,0.0,0.0
0.6171274320000001,0.0,0.29,0.0,0.0
0.618021744,0.0,0.29,0.0,0.0
0.619068222,0.0,0.28,0.0,0.01
0.6210443130000001,0.0,0.28,0.0,0.0
0.622031804,0.01,0.28,0.0,0.0
0.623196905,0.0,0.28,0.0,0.03
0.624022206,0.02,0.29,0.0,0.02
0.625109774,0.0,0.29,0.02,0.1
0.626121264,0.0,0.29,0.0,0.0
0.6272185410000001,0.0,0.3,0.01,0.0
0.62800935,0.0,0.29,0.0,0.0
0.629112283,0.0,0.29,0.0,0.0
0.630211606,0.01,0.28,0.0,0.0
0.6310318060000001,0.0,0.32,0.02,0.0
0.632030183,0.0,0.3,0.0,0.01
0.633110609,0.01,0.3,0.0,0.0
0.634152154,0.01,0.26,0.0,0.05
0.635134753,0.0,0.29,0.0,0.0
0.63611107,0.01,0.29,0.01,0.0
0.638110661,0.01,0.3,0.01,0.0
0.639155574,0.0,0.29,0.0,0.0
0.640110666,0.0,0.3,0.04,0.0
0.641108765,0.03,0.36,0.01,0.01
0.642113426,0.0,0.32,0.0,0.0
0.6431018980000001,0.0,0.29,0.01,0.0
0.644107223,0.01,0.3,0.0,0.01
0.645112841,0.0,0.3,0.0,0.0
0.6461158610000001,0.0,0.3,0.0,0.0
0.6471101760000001,0.0,0.3,0.01,0.0
0.6481151970000001,0.0,0.3,0.0,0.0
0.649031542,0.01,0.28,0.01,0.01
0.650062504,0.0,0.3,0.01,0.0
0.651030129,0.02,0.29,0.01,0.0
0.652189232,0.0,0.31,0.0,0.0
0.654111784,0.01,0.3,0.01,0.0
0.655017929,0.01,0.26,0.01,0.0
0.6561284970000001,0.02,0.26,0.0,0.0
0.657018545,0.0,0.26,0.0,0.0
0.658109591,0.0,0.25,0.0,0.0
0.659058314,0.0,0.26,0.03,0.01
0.660011148,0.0,0.26,0.0,0.02
0.661061992,0.0,0.26,0.0,0.0
0.6620155470000001,0.01,0.24,0.0,0.02
0.663108758,0.01,0.27,0.01,0.0
0.6640237410000001,0.0,0.25,0.07,0.03
0.665266451,0.01,0.27,0.0,0.0
0.666038954,0.0,0.28,0.0,0.0
0.667109476,0.01,0.27,0.01,0.02
0.669111513,0.01,0.27,0.0,0.0
0.669972785,0.0,0.27,0.01,0.0
0.671175881,0.04,0.31,0.01,0.04
0.6720224800000001,0.0,0.26,0.0,0.0
0.673021191,0.0,0.27,0.0,0.0
0.674109116,0.0,0.25,0.0,0.0
0.675019731,0.0,0.26,0.01,0.0
0.6761171300000001,0.0,0.29,0.01,0.0
0.67711157,0.01,0.26,0.0,0.0
0.67813256,0.01,0.26,0.0,0.01
0.678973558,0.02,0.25,0.0,0.0
0.680205001,0.0,0.26,0.02,0.0
0.681044148,0.0,0.26,0.03,0.03
0.683026773,0.01,0.26,0.02,0.0
0.684056534,0.01,0.27,0.01,0.01
0.6850693790000001,0.0,0.27,0.0,0.0
0.6861532260000001,0.0,0.27,0.0,0.0
0.6870137930000001,0.0,0.26,0.0,0.0
0.688135593,0.08,0.27,0.01,0.0
0.6890825770000001,0.03,0.26,0.0,0.0
0.69015205,0.01,0.27,0.0,0.0
0.691067615,0.0,0.27,0.0,0.0
0.692041286,0.01,0.26,0.0,0.0
0.69311091,0.0,0.19,0.01,0.0
0.6941467020000001,0.0,0.2,0.01,0.0
0.695019661,0.0,0.19,0.0,0.0
0.696131967,0.0,0.18,0.0,0.0
0.697119025,0.08,0.15,0.02,0.0
0.6991182380000001,0.03,0.18,0.0,0.01
0.70001606,0.0,0.18,0.01,0.0
0.7011485080000001,0.0,0.19,0.0,0.0
0.702021843,0.0,0.19,0.01,0.0
0.703110169,0.0,0.19,0.01,0.0
0.704168782,0.01,0.19,0.0,0.0
0.7050200910000001,0.0,0.19,0.0,0.04
0.7060219980000001,0.0,0.19,0.01,0.01
0.707122597,0.01,0.21,0.0,0.01
0.7081433410000001,0.0,0.19,0.0,0.01
0.709156513,0.02,0.19,0.0,0.0
0.7100217390000001,0.0,0.21,0.0,0.0
0.711149223,0.01,0.19,0.0,0.0
0.7121706080000001,0.0,0.2,0.0,0.02
0.7140175400000001,0.0,0.2,0.0,0.0
0.715151769,0.0,0.16,0.05,0.0
0.716020369,0.0,0.2,0.0,0.0
0.717042815,0.0,0.2,0.01,0.0
0.718172488,0.0,0.2,0.0,0.0
0.719024568,0.0,0.18,0.0,0.0
0.7201228780000001,0.0,0.2,0.01,0.01
0.7211790760000001,0.03,0.2,0.03,0.01
0.722019152,0.0,0.21,0.01,0.0
0.723117012,0.01,0.22,0.0,0.0
0.724057845,0.01,0.22,0.0,0.0
0.7251847560000001,0.0,0.22,0.0,0.0
0.726053264,0.0,0.23,0.0,0.0
0.727255094,0.01,0.22,0.0,0.0
0.7291580900000001,0.0,0.23,0.0,0.01
0.730020467,0.02,0.22,0.04,0.0
0.731116152,0.01,0.24,0.0,0.04
0.732013765,0.0,0.22,0.0,0.0
0.733118202,0.0,0.21,0.0,0.0
0.734151144,0.0,0.21,0.01,0.0
0.735016965,0.0,0.21,0.0,0.0
0.736105706,0.01,0.15,0.04,0.03
0.737167236,0.01,0.23,0.02,0.0
0.738019949,0.02,0.27,0.01,0.02
0.739120337,0.0,0.28,0.0,0.01
0.740119678,0.0,0.3,0.01,0.0
0.741174534,0.0,0.3,0.02,0.0
0.743123559,0.0,0.29,0.01,0.0
0.744015851,0.01,0.3,0.0,0.0
0.745211297,0.01,0.29,0.0,0.01
0.746033165,0.0,0.3,0.01,0.01
0.747023528,0.0,0.29,0.01,0.01
0.7481317670000001,0.0,0.29,0.01,0.01
0.7489813230000001,0.0,0.29,0.0,0.0
0.7501742920000001,0.0,0.3,0.01,0.01
0.7510181640000001,0.0,0.29,0.0,0.0
0.7520329130000001,0.05,0.29,0.0,0.0
0.753021189,0.01,0.28,0.0,0.01
0.753979244,0.0,0.27,0.0,0.01
0.755009072,0.0,0.28,0.0,0.01
0.756034065,0.0,0.28,0.01,0.0
0.7570878550000001,0.0,0.32,0.0,0.0
0.7592658210000001,0.01,0.31,0.0,0.0
0.760022627,0.0,0.21,0.0,0.0
0.7611144040000001,0.0,0.24,0.0,0.0
0.76202028,0.0,0.21,0.01,0.01
0.763115989,0.0,0.21,0.01,0.01
0.7640213490000001,0.01,0.22,0.0,0.01
0.7651625320000001,0.0,0.26,0.0,0.0
0.7660191780000001,0.0,0.21,0.0,0.0
0.767124463,0.0,0.23,0.0,0.0
0.768124173,0.0,0.21,0.01,0.0
0.769142128,0.0,0.21,0.0,0.0
0.7700235360000001,0.02,0.17,0.0,0.0
0.771156932,0.0,0.22,0.0,0.0
0.772023176,0.0,0.21,0.01,0.0
0.7731129240000001,0.0,0.21,0.0,0.03
0.775176249,0.0,0.22,0.0,0.0
0.776032748,0.0,0.23,0.0,0.0
0.77711187,0.0,0.22,0.0,0.0
0.778021033,0.0,0.2,0.01,0.0
0.7791286890000001,0.01,0.22,0.0,0.01
0.7800278350000001,0.0,0.22,0.01,0.0
0.781152171,0.05,0.21,0.0,0.0
0.7820582610000001,0.0,0.22,0.0,0.0
0.783023479,0.01,0.22,0.02,0.0
0.7840210740000001,0.0,0.22,0.01,0.0
0.7850213370000001,0.0,0.22,0.0,0.0
0.7860220240000001,0.0,0.22,0.0,0.0
0.7871431210000001,0.0,0.23,0.0,0.01
0.789142788,0.03,0.23,0.0,0.01
0.790019204,0.01,0.2,0.0,0.0
0.7911513760000001,0.0,0.23,0.02,0.01
0.7920181430000001,0.05,0.24,0.0,0.0
0.7931203400000001,0.0,0.25,0.0,0.0
0.7940254750000001,0.01,0.22,0.01,0.01
0.795116299,0.0,0.23,0.0,0.01
0.7960287800000001,0.0,0.23,0.01,0.0
0.797130522,0.01,0.24,0.0,0.02
0.798026423,0.05,0.23,0.0,0.01
0.79915143,0.0,0.2,0.0,0.04
0.8000207180000001,0.0,0.22,0.0,0.0
0.80115873,0.0,0.24,0.0,0.0
0.802020162,0.0,0.26,0.0,0.0
0.8031197280000001,0.0,0.22,0.0,0.0
0.8050022950000001,0.0,0.23,0.0,0.01
0.806017728,0.0,0.24,0.0,0.0
0.8070368880000001,0.0,0.23,0.0,0.03
0.8080795780000001,0.01,0.22,0.0,0.01
0.809068526,0.0,0.22,0.0,0.0
0.810131514,0.0,0.21,0.01,0.01
0.811007507,0.0,0.22,0.0,0.0
0.812137423,0.0,0.21,0.0,0.0
0.8130188030000001,0.0,0.22,0.0,0.0
0.8142349350000001,0.0,0.22,0.0,0.0
0.815019845,0.0,0.28,0.02,0.0
0.8161892430000001,0.0,0.19,0.01,0.01
0.8170222140000001,0.0,0.21,0.0,0.01
0.8181407190000001,0.0,0.21,0.0,0.01
0.820111346,0.01,0.22,0.0,0.0
0.821119939,0.0,0.22,0.0,0.03
0.822110631,0.0,0.22,0.0,0.0
0.823151132,0.01,0.21,0.0,0.0
0.824007229,0.0,0.21,0.0,0.0
0.825120044,0.0,0.25,0.0,0.0
0.8260275140000001,0.0,0.21,0.0,0.01
0.8271224370000001,0.0,0.2,0.01,0.0
0.8281152430000001,0.01,0.17,0.0,0.01
0.8291135350000001,0.0,0.2,0.0,0.01
0.830126464,0.0,0.2,0.0,0.0
0.8310337590000001,0.03,0.19,0.01,0.0
0.831980916,0.02,0.17,0.03,0.01
0.833124917,0.0,0.2,0.0,0.02
0.8350417410000001,0.0,0.2,0.0,0.0
0.835994423,0.01,0.21,0.0,0.0
0.837053182,0.02,0.2,0.0,0.0
0.8381427880000001,0.01,0.2,0.0,0.0
0.839003173,0.0,0.2,0.01,0.0
0.8401171000000001,0.0,0.2,0.0,0.0
0.8409870370000001,0.0,0.28,0.0,0.0
0.842132733,0.01,0.28,0.01,0.01
0.8431097270000001,0.0,0.2,0.0,0.01
0.8440327550000001,0.01,0.18,0.0,0.0
0.845022582,0.0,0.19,0.0,0.0
0.8460116750000001,0.0,0.18,0.0,0.0
0.847144439,0.0,0.18,0.0,0.0
0.8490191680000001,0.0,0.17,0.0,0.0
0.8500219250000001,0.0,0.18,0.01,0.01
0.851025859,0.0,0.17,0.0,0.01
0.852013451,0.0,0.17,0.0,0.0
0.8530081890000001,0.0,0.18,0.0,0.0
0.8541110780000001,0.01,0.18,0.01,0.0
0.85500841,0.0,0.18,0.0,0.0
0.8561238290000001,0.0,0.2,0.0,0.0
0.8569772480000001,0.01,0.2,0.0,0.0
0.8581234240000001,0.04,0.15,0.01,0.0
0.8590225680000001,0.01,0.17,0.02,0.0
0.859971448,0.0,0.18,0.0,0.01
0.861148298,0.0,0.18,0.0,0.01
0.862043529,0.01,0.18,0.0,0.0
0.863134614,0.0,0.21,0.0,0.0
0.865111272,0.0,0.2,0.0,0.0
0.8659944190000001,0.0,0.2,0.01,0.01
0.867002123,0.0,0.19,0.0,0.0
0.868227665,0.01,0.18,0.01,0.0
0.8690128540000001,0.0,0.19,0.0,0.0
0.8702172690000001,0.03,0.2,0.0,0.0
0.8710696760000001,0.0,0.21,0.0,0.02
0.8721349100000001,0.0,0.2,0.0,0.0
0.873020352,0.0,0.2,0.0,0.0
0.8741100940000001,0.01,0.2,0.0,0.0
0.8750172350000001,0.0,0.22,0.0,0.0
0.876058384,0.01,0.21,0.01,0.0
0.877214056,0.0,0.21,0.0,0.01
0.879067409,0.0,0.23,0.0,0.02
0.880020012,0.0,0.21,0.0,0.0
0.881105413,0.0,0.19,0.0,0.0
0.8820194360000001,0.0,0.21,0.02,0.01
0.883139544,0.01,0.2,0.01,0.01
0.8840425220000001,0.01,0.21,0.0,0.0
0.8851190000000001,0.0,0.23,0.01,0.0
0.8860194880000001,0.0,0.23,0.0,0.01
0.8871443320000001,0.0,0.22,0.0,0.01
0.88802318,0.02,0.23,0.0,0.0
0.8891400650000001,0.0,0.22,0.0,0.02
0.8899762600000001,0.0,0.2,0.01,0.0
0.8911234600000001,0.0,0.23,0.03,0.0
0.891976321,0.0,0.2,0.02,0.01
0.8931254200000001,0.0,0.2,0.01,0.0
0.8950999900000001,0.0,0.2,0.0,0.0
0.8961027060000001,0.01,0.19,0.0,0.0
0.897102901,0.01,0.18,0.01,0.0
0.8979953070000001,0.01,0.17,0.0,0.01
0.8991344760000001,0.01,0.21,0.0,0.01
0.900020947,0.01,0.19,0.01,0.0
0.9011510410000001,0.0,0.21,0.0,0.0
0.9020331920000001,0.0,0.2,0.0,0.0
0.9030382450000001,0.01,0.2,0.0,0.0
0.9043427350000001,0.0,0.2,0.0,0.02
0.9049908350000001,0.0,0.2,0.0,0.0
0.906122093,0.0,0.2,0.0,0.0
0.907156649,0.0,0.2,0.01,0.01
0.9080186170000001,0.01,0.19,0.0,0.01
0.9101144750000001,0.0,0.19,0.0,0.0
0.9111297020000001,0.01,0.2,0.0,0.0
0.9121147530000001,0.0,0.18,0.01,0.0
0.912990649,0.01,0.15,0.02,0.04
0.9141130930000001,0.0,0.19,0.0,0.02
0.9150289140000001,0.0,0.18,0.0,0.0
0.9160618850000001,0.0,0.17,0.0,0.0
0.9170168120000001,0.0,0.16,0.0,0.0
0.918118587,0.0,0.16,0.01,0.0
0.918971975,0.0,0.16,0.0,0.0
0.9201118380000001,0.01,0.16,0.01,0.0
0.9210255390000001,0.05,0.16,0.0,0.0
0.922150715,0.0,0.17,0.0,0.01
0.9229940320000001,0.03,0.16,0.01,0.0
0.9251186140000001,0.02,0.16,0.0,0.0
0.926024124,0.0,0.16,0.0,0.0
0.9273222670000001,0.0,0.15,0.0,0.0
0.927978932,0.01,0.17,0.0,0.0
0.9293238800000001,0.0,0.16,0.0,0.0
0.9299784170000001,0.0,0.16,0.04,0.0
0.931112586,0.0,0.19,0.01,0.0
0.932021973,0.01,0.14,0.01,0.0
0.9331318380000001,0.0,0.16,0.02,0.0
0.9340457520000001,0.01,0.15,0.0,0.0
0.935162338,0.0,0.15,0.01,0.0
0.935984879,0.0,0.15,0.01,0.01
0.9370967570000001,0.0,0.16,0.0,0.0
0.9391160220000001,0.0,0.15,0.0,0.0
0.940019924,0.0,0.15,0.0,0.0
0.941117995,0.0,0.14,0.0,0.01
0.942022117,0.0,0.15,0.0,0.0
0.9431204900000001,0.0,0.14,0.01,0.0
0.944029596,0.0,0.15,0.01,0.01
0.945116575,0.0,0.15,0.01,0.0
0.946021243,0.01,0.15,0.01,0.01
0.947116088,0.01,0.15,0.03,0.01
0.948017572,0.0,0.15,0.01,0.0
0.949117808,0.02,0.15,0.0,0.01
0.950022616,0.0,0.16,0.0,0.0
0.951136839,0.01,0.15,0.01,0.0
0.9520316080000001,0.0,0.16,0.0,0.02
0.953014448,0.0,0.2,0.0,0.01
0.9551238860000001,0.0,0.16,0.0,0.01
0.9560339560000001,0.0,0.16,0.01,0.01
0.957117426,0.0,0.21,0.0,0.0
0.9580123460000001,0.0,0.16,0.0,0.02
0.959129493,0.0,0.15,0.01,0.0
0.9600520720000001,0.01,0.17,0.0,0.01
0.9612070060000001,0.01,0.16,0.0,0.0
0.9619951010000001,0.0,0.17,0.0,0.0
0.9630588440000001,0.0,0.18,0.01,0.0
0.964122609,0.0,0.17,0.01,0.0
0.965118867,0.0,0.16,0.01,0.01
0.9661081450000001,0.01,0.17,0.01,0.0
0.9671280230000001,0.0,0.2,0.0,0.03
0.968196763,0.0,0.17,0.0,0.0
0.970118282,0.0,0.17,0.0,0.0
0.9710586430000001,0.0,0.17,0.0,0.0
0.972109306,0.0,0.17,0.0,0.0
0.9731045490000001,0.0,0.17,0.01,0.01
0.9741117130000001,0.0,0.14,0.0,0.0
0.9750372500000001,0.0,0.17,0.0,0.0
0.9761087660000001,0.0,0.18,0.0,0.01
0.9771096810000001,0.0,0.19,0.0,0.0
0.9781175660000001,0.0,0.18,0.0,0.0
0.979023775,0.0,0.18,0.0,0.0
0.980035411,0.01,0.17,0.0,0.0
0.981146069,0.01,0.2,0.01,0.0
0.9820175520000001,0.01,0.18,0.0,0.0
0.983149123,0.0,0.17,0.01,0.0
0.985120917,0.05,0.15,0.01,0.0
0.9860463690000001,0.0,0.17,0.0,0.0
0.987024242,0.0,0.18,0.0,0.0
0.9881209360000001,0.01,0.16,0.0,0.0
0.9890253880000001,0.0,0.19,0.01,0.02
0.990122994,0.0,0.17,0.02,0.09
0.991026602,0.01,0.17,0.0,0.0
0.9920430450000001,0.01,0.18,0.0,0.01
0.9930516260000001,0.0,0.18,0.01,0.0
0.994128581,0.0,0.17,0.0,0.0
0.994996371,0.0,0.18,0.0,0.0
0.9961225730000001,0.0,0.28,0.01,0.0
0.9970716230000001,0.01,0.28,0.0,0.01
0.998020232,0.01,0.27,0.0,0.0
0.9991376270000001,0.01,0.27,0.03,0.0
1.0010309590000002,0.02,0.32,0.0,0.01
1.002114656,0.0,0.29,0.01,0.05
1.003119662,0.01,0.29,0.03,0.0
1.00411893,0.01,0.29,0.0,0.0
1.005067141,0.0,0.3,0.0,0.0
1.006115235,0.03,0.28,0.01,0.07
1.006979711,0.0,0.3,0.0,0.0
1.0081216370000001,0.01,0.31,0.0,0.0
1.009023908,0.02,0.31,0.02,0.0
1.0101113320000001,0.0,0.33,0.0,0.02
1.01102362,0.01,0.29,0.0,0.0
1.0121186450000001,0.01,0.28,0.01,0.01
1.0130260420000001,0.01,0.3,0.01,0.01
1.014063967,0.0,0.3,0.01,0.01
1.015111598,0.0,0.31,0.01,0.0
1.017129949,0.0,0.3,0.0,0.0
1.0180218010000002,0.0,0.3,0.0,0.0
1.0191283020000002,0.0,0.3,0.01,0.0
1.0200003610000001,0.01,0.35,0.0,0.0
1.021139365,0.01,0.33,0.0,0.05
1.022003793,0.0,0.31,0.01,0.0
1.023144609,0.0,0.31,0.01,0.01
1.024021767,0.0,0.3,0.0,0.0
1.025126652,0.0,0.3,0.0,0.0
1.026040082,0.01,0.3,0.0,0.0
1.0272227740000002,0.0,0.31,0.01,0.0
1.028002464,0.0,0.31,0.0,0.0
1.029140756,0.0,0.31,0.0,0.0
1.031149995,0.01,0.31,0.0,0.01
1.03202065,0.0,0.32,0.0,0.0
1.0331210320000002,0.01,0.3,0.03,0.0
1.0341222190000001,0.03,0.3,0.03,0.01
1.0351864670000002,0.0,0.31,0.0,0.01
1.036024585,0.0,0.32,0.0,0.0
1.03712264,0.06,0.33,0.0,0.0
1.0380178530000002,0.01,0.31,0.1,0.0
1.039124176,0.0,0.31,0.0,0.0
1.040109264,0.0,0.31,0.01,0.0
1.041112008,0.0,0.28,0.0,0.0
1.0421091040000001,0.0,0.32,0.01,0.0
1.043123359,0.0,0.3,0.01,0.0
1.044124459,0.0,0.3,0.0,0.0
1.046113679,0.0,0.31,0.0,0.01
1.047126071,0.0,0.29,0.0,0.0
1.048112109,0.05,0.34,0.07,0.05
1.049115366,0.0,0.3,0.0,0.01
1.0501148770000002,0.0,0.3,0.0,0.0
1.0511329280000001,0.01,0.3,0.0,0.01
1.052116176,0.0,0.31,0.01,0.01
1.053183712,0.0,0.3,0.0,0.0
1.054031229,0.0,0.3,0.0,0.0
1.055261589,0.0,0.31,0.01,0.0
1.056001797,0.0,0.31,0.0,0.0
1.057167468,0.0,0.31,0.0,0.0
1.0580140820000001,0.01,0.31,0.0,0.01
1.059138302,0.0,0.29,0.0,0.0
1.06011492,0.0,0.3,0.01,0.0
1.0621686030000002,0.01,0.3,0.0,0.0
1.062970161,0.01,0.31,0.0,0.0
1.0642866500000001,0.08,0.3,0.01,0.0
1.065009401,0.0,0.3,0.0,0.0
1.0661147640000002,0.0,0.31,0.01,0.0
1.067128683,0.0,0.3,0.0,0.0
1.068124069,0.0,0.31,0.0,0.0
1.069106224,0.01,0.31,0.0,0.0
1.070115634,0.0,0.3,0.0,0.0
1.071126924,0.0,0.31,0.0,0.0
1.072126844,0.01,0.3,0.0,0.0
1.0731176,0.01,0.3,0.01,0.02
1.074119411,0.01,0.29,0.0,0.0
1.075173922,0.0,0.29,0.0,0.0
1.077108497,0.0,0.32,0.0,0.0
1.078125739,0.0,0.3,0.0,0.0
1.079199982,0.0,0.31,0.01,0.01
1.0799754380000002,0.02,0.3,0.0,0.02
1.0811098000000001,0.02,0.33,0.05,0.0
1.0819730010000002,0.02,0.32,0.0,0.0
1.0831151300000001,0.01,0.3,0.01,0.02
1.084031675,0.0,0.31,0.0,0.01
1.085212488,0.0,0.31,0.0,0.0
1.086051788,0.0,0.31,0.0,0.0
1.087114755,0.0,0.31,0.0,0.0
1.088014298,0.01,0.31,0.03,0.0
1.0890732440000002,0.0,0.27,0.01,0.01
1.091110894,0.01,0.31,0.0,0.01
1.092273174,0.0,0.31,0.0,0.0
1.0929756290000001,0.03,0.32,0.0,0.0
1.094121643,0.0,0.3,0.0,0.01
1.095013314,0.0,0.31,0.0,0.01
1.096112957,0.0,0.31,0.0,0.0
1.0969792120000001,0.0,0.31,0.0,0.0
1.098115423,0.01,0.36,0.03,0.01
1.099013151,0.0,0.3,0.0,0.0
1.100103729,0.01,0.3,0.01,0.0
1.101006702,0.0,0.29,0.01,0.0
1.102105608,0.0,0.31,0.0,0.0
1.10302304,0.01,0.32,0.0,0.0
1.104136232,0.01,0.31,0.01,0.01
1.106115828,0.0,0.31,0.0,0.01
1.107111108,0.0,0.31,0.0,0.0
1.1081280020000002,0.0,0.31,0.01,0.0
1.1091082620000001,0.01,0.31,0.01,0.0
1.110119212,0.0,0.31,0.0,0.0
1.1111228370000001,0.0,0.31,0.01,0.0
1.11210694,0.01,0.31,0.0,0.01
1.113124562,0.0,0.3,0.01,0.0
1.114124271,0.0,0.31,0.01,0.01
1.115240156,0.0,0.31,0.01,0.0
1.115974365,0.0,0.32,0.0,0.0
1.117132924,0.01,0.27,0.01,0.01
1.118208734,0.0,0.32,0.0,0.0
1.120101503,0.0,0.31,0.02,0.03
1.121101605,0.0,0.32,0.0,0.01
1.1221026360000002,0.0,0.31,0.0,0.0
1.123113314,0.0,0.29,0.01,0.0
1.124110202,0.01,0.31,0.0,0.0
1.125106053,0.0,0.33,0.0,0.0
1.125989963,0.0,0.32,0.0,0.0
1.12701045,0.0,0.32,0.0,0.0
1.1280043830000002,0.01,0.33,0.0,0.0
1.129126832,0.0,0.33,0.0,0.0
1.13002044,0.0,0.32,0.0,0.0
1.131111235,0.0,0.3,0.0,0.01
1.1320176130000001,0.0,0.32,0.01,0.0
1.133015527,0.01,0.33,0.0,0.0
1.134141464,0.01,0.32,0.0,0.0
1.136117499,0.01,0.33,0.0,0.0
1.137018131,0.0,0.33,0.0,0.02
1.138117942,0.0,0.32,0.01,0.0
1.139071952,0.0,0.36,0.01,0.0
1.14011321,0.01,0.32,0.0,0.01
1.141018325,0.01,0.32,0.0,0.0
1.142102548,0.0,0.32,0.0,0.01
1.143034424,0.0,0.33,0.0,0.0
1.1441089640000002,0.0,0.32,0.0,0.0
1.144997481,0.03,0.33,0.0,0.0
1.146375748,0.01,0.33,0.0,0.0
1.146971597,0.01,0.33,0.0,0.0
1.148178275,0.0,0.32,0.01,0.01
1.149044648,0.0,0.33,0.0,0.0
1.150106869,0.0,0.34,0.0,0.01
1.1520474090000001,0.0,0.34,0.03,0.0
1.1530175740000002,0.02,0.33,0.0,0.0
1.154112477,0.01,0.32,0.0,0.0
1.155017712,0.0,0.35,0.0,0.01
1.156010656,0.01,0.29,0.0,0.0
1.157129845,0.01,0.34,0.0,0.0
1.158021615,0.0,0.32,0.0,0.03
1.159123802,0.01,0.35,0.0,0.03
1.160018296,0.01,0.33,0.0,0.0
1.161133296,0.0,0.33,0.03,0.01
1.161973556,0.0,0.33,0.01,0.0
1.163119282,0.01,0.33,0.0,0.0
1.164115132,0.02,0.34,0.0,0.03
1.165110216,0.01,0.27,0.0,0.04
1.166140989,0.0,0.34,0.0,0.0
1.1681182270000001,0.0,0.33,0.0,0.0
1.169110533,0.0,0.34,0.0,0.0
1.1701226630000001,0.0,0.32,0.0,0.0
1.1711261880000001,0.0,0.33,0.0,0.0
1.1720242710000002,0.0,0.35,0.0,0.0
1.173109414,0.0,0.34,0.01,0.01
1.174111023,0.01,0.32,0.01,0.01
1.174973209,0.01,0.33,0.0,0.0
1.176235335,0.0,0.33,0.0,0.0
1.177031556,0.01,0.33,0.0,0.0
1.178082,0.0,0.34,0.01,0.02
1.1792436720000001,0.01,0.33,0.0,0.01
1.180001824,0.01,0.33,0.0,0.0
1.182036821,0.0,0.32,0.01,0.0
1.1831133390000002,0.0,0.33,0.0,0.0
1.18412062,0.01,0.32,0.0,0.01
1.185175424,0.0,0.33,0.0,0.0
1.186017539,0.0,0.33,0.0,0.0
1.187106798,0.0,0.34,0.0,0.0
1.1881078950000001,0.0,0.31,0.0,0.01
1.1890598030000001,0.01,0.33,0.01,0.0
1.190084667,0.0,0.33,0.01,0.01
1.1910173860000002,0.0,0.3,0.01,0.0
1.192104434,0.0,0.33,0.0,0.01
1.193109588,0.0,0.34,0.0,0.0
1.194169936,0.01,0.32,0.0,0.0
1.196111249,0.0,0.28,0.04,0.02
1.197110834,0.0,0.33,0.0,0.0
1.198097259,0.0,0.33,0.0,0.0
1.199127521,0.0,0.36,0.01,0.0
1.200105194,0.0,0.33,0.0,0.0
1.2011082050000002,0.0,0.32,0.0,0.0
1.2020541470000001,0.01,0.33,0.0,0.0
1.203110275,0.0,0.33,0.01,0.0
1.204119278,0.01,0.34,0.01,0.0
1.205100703,0.0,0.33,0.0,0.0
1.205979744,0.0,0.35,0.0,0.0
1.207003241,0.01,0.33,0.01,0.0
1.2081526260000002,0.0,0.32,0.0,0.0
1.2090448850000002,0.07,0.3,0.01,0.0
1.211073799,0.01,0.33,0.0,0.0
1.21201704,0.0,0.33,0.0,0.02
1.213010088,0.0,0.33,0.02,0.01
1.214006869,0.0,0.33,0.0,0.01
1.215095179,0.01,0.33,0.0,0.0
1.21601538,0.0,0.33,0.01,0.0
1.217108059,0.0,0.36,0.01,0.05
1.218008647,0.0,0.33,0.0,0.01
1.219124056,0.0,0.34,0.01,0.0
1.220101576,0.0,0.35,0.01,0.0
1.221009757,0.03,0.32,0.0,0.0
1.222111819,0.0,0.33,0.01,0.01
1.22311845,0.01,0.33,0.0,0.0
1.224144146,0.0,0.33,0.0,0.0
1.2250194170000002,0.0,0.33,0.0,0.0
1.2261757050000002,0.0,0.34,0.0,0.0
1.228056177,0.05,0.3,0.01,0.01
1.229107862,0.0,0.33,0.01,0.0
1.230111957,0.0,0.34,0.0,0.0
1.2311243060000001,0.0,0.32,0.01,0.0
1.232136927,0.01,0.33,0.0,0.0
1.233057239,0.0,0.32,0.0,0.01
1.234017104,0.0,0.32,0.0,0.01
1.235130862,0.0,0.33,0.0,0.01
1.2360214600000001,0.0,0.33,0.0,0.01
1.237114131,0.01,0.33,0.0,0.0
1.2380296160000002,0.01,0.33,0.0,0.0
1.239120518,0.0,0.31,0.0,0.01
1.2400485,0.01,0.33,0.0,0.0
1.2410389510000002,0.0,0.33,0.05,0.0
1.24303571,0.0,0.34,0.0,0.0
1.2440193830000001,0.0,0.35,0.0,0.01
1.2451090630000001,0.0,0.33,0.0,0.01
1.246118574,0.0,0.32,0.01,0.03
1.2471186010000002,0.0,0.33,0.0,0.0
1.2481137100000002,0.07,0.35,0.01,0.01
1.249009454,0.0,0.33,0.0,0.0
1.2501543400000001,0.0,0.33,0.0,0.01
1.25101679,0.0,0.33,0.0,0.0
1.252132755,0.0,0.33,0.0,0.0
1.253016425,0.01,0.32,0.0,0.0
1.254105132,0.0,0.33,0.0,0.0
1.255148092,0.0,0.33,0.0,0.0
1.256021432,0.01,0.33,0.0,0.0
1.2571163870000002,0.01,0.33,0.03,0.0
1.259110018,0.01,0.34,0.0,0.0
1.2600278200000001,0.0,0.33,0.0,0.01
1.261110847,0.0,0.33,0.0,0.0
1.2619727570000001,0.01,0.34,0.0,0.0
1.263103574,0.0,0.33,0.0,0.0
1.2639712200000002,0.0,0.35,0.0,0.0
1.265112201,0.01,0.39,0.0,0.06
1.2660144660000001,0.0,0.34,0.01,0.0
1.267131457,0.01,0.34,0.01,0.0
1.268014404,0.01,0.33,0.0,0.0
1.2691569740000002,0.01,0.34,0.0,0.0
1.27119745,0.03,0.31,0.0,0.0
1.272014822,0.0,0.34,0.0,0.01
1.273105583,0.0,0.34,0.0,0.01
1.2740231830000002,0.0,0.33,0.01,0.0
1.275115035,0.0,0.36,0.0,0.0
1.276032783,0.0,0.33,0.02,0.0
1.2771001370000001,0.01,0.33,0.0,0.0
1.278010796,0.01,0.33,0.01,0.02
1.279016828,0.0,0.33,0.0,0.0
1.2800065820000002,0.0,0.33,0.0,0.0
1.281150373,0.0,0.33,0.0,0.0
1.281977522,0.0,0.33,0.0,0.04
1.28311262,0.0,0.32,0.03,0.0
1.283970228,0.0,0.34,0.0,0.0
1.285034754,0.0,0.33,0.0,0.0
1.2871283340000002,0.03,0.33,0.0,0.01
1.288030953,0.0,0.32,0.0,0.0
1.289010369,0.01,0.36,0.01,0.0
1.289990314,0.0,0.31,0.0,0.0
1.2910042480000001,0.0,0.33,0.02,0.01
1.2920052020000001,0.0,0.36,0.0,0.03
1.293108524,0.01,0.33,0.0,0.0
1.294014143,0.01,0.34,0.01,0.0
1.2951068810000002,0.01,0.34,0.0,0.0
1.296021235,0.0,0.34,0.0,0.0
1.297119887,0.01,0.34,0.0,0.01
1.298022016,0.01,0.33,0.01,0.0
1.2991471090000002,0.0,0.36,0.0,0.0
1.300028792,0.0,0.34,0.01,0.01
1.3012085310000001,0.0,0.35,0.0,0.0
1.303214181,0.0,0.33,0.01,0.0
1.3040138650000002,0.0,0.31,0.0,0.01
1.305121699,0.05,0.34,0.01,0.0
1.3061116400000001,0.0,0.34,0.0,0.0
1.307107668,0.0,0.34,0.0,0.0
1.308106028,0.0,0.33,0.01,0.0
1.309059229,0.02,0.34,0.0,0.0
1.3101184140000002,0.0,0.32,0.0,0.0
1.3110237020000002,0.01,0.3,0.1,0.0
1.3121257530000001,0.01,0.32,0.0,0.0
1.313108154,0.03,0.33,0.01,0.0
1.3141373230000002,0.01,0.32,0.0,0.0
1.315097549,0.0,0.31,0.02,0.0
1.316130688,0.01,0.35,0.01,0.01
1.318111449,0.01,0.31,0.02,0.0
1.319116482,0.0,0.33,0.01,0.0
1.320014827,0.0,0.32,0.0,0.01
1.321120061,0.01,0.33,0.03,0.0
1.3221054970000001,0.0,0.36,0.02,0.14
1.323114755,0.03,0.34,0.04,0.0
1.32410742,0.0,0.31,0.0,0.01
1.3251350270000002,0.0,0.33,0.0,0.01
1.326106293,0.0,0.32,0.0,0.0
1.3271131040000002,0.01,0.32,0.0,0.01
1.328115602,0.01,0.34,0.01,0.02
1.329118349,0.0,0.32,0.01,0.01
1.330135539,0.0,0.32,0.0,0.0
1.332132499,0.0,0.31,0.01,0.0
1.333045265,0.0,0.33,0.01,0.05
1.3341573210000002,0.01,0.33,0.0,0.0
1.335034029,0.0,0.33,0.0,0.0
1.336059643,0.0,0.32,0.0,0.0
1.337053473,0.01,0.33,0.0,0.0
1.338135451,0.0,0.29,0.02,0.03
1.339013741,0.01,0.33,0.01,0.0
1.3400701110000002,0.0,0.32,0.0,0.0
1.341130752,0.01,0.33,0.01,0.0
1.342017969,0.0,0.33,0.0,0.0
1.34313813,0.0,0.33,0.0,0.0
1.3440189040000001,0.03,0.34,0.0,0.0
1.345133284,0.0,0.34,0.02,0.01
1.346132118,0.0,0.33,0.0,0.01
1.347110567,0.01,0.33,0.0,0.0
1.3491072940000002,0.0,0.33,0.0,0.0
1.3500185900000001,0.01,0.34,0.0,0.01
1.351104324,0.01,0.35,0.02,0.01
1.3520987400000002,0.0,0.35,0.01,0.05
1.353104423,0.0,0.32,0.03,0.02
1.354106496,0.0,0.34,0.0,0.0
1.355114563,0.01,0.33,0.01,0.01
1.356109207,0.0,0.32,0.0,0.01
1.357114436,0.0,0.32,0.0,0.01
1.358134961,0.0,0.25,0.0,0.0
1.359135094,0.0,0.32,0.0,0.0
1.36011232,0.0,0.32,0.03,0.0
1.361126488,0.0,0.32,0.01,0.02
1.3632723900000001,0.01,0.32,0.0,0.01
1.364001998,0.0,0.32,0.0,0.0
1.365115391,0.0,0.33,0.01,0.01
1.3661168670000001,0.0,0.32,0.0,0.0
1.367214898,0.0,0.33,0.0,0.0
1.367992208,0.0,0.34,0.1,0.04
1.369119256,0.0,0.32,0.02,0.0
1.370020335,0.0,0.33,0.0,0.0
1.371134408,0.0,0.32,0.0,0.0
1.3721332400000001,0.01,0.34,0.0,0.0
1.373120109,0.0,0.32,0.0,0.0
1.3740096400000001,0.0,0.34,0.01,0.01
1.375136281,0.01,0.32,0.0,0.0
1.375972025,0.0,0.33,0.0,0.0
1.37710346,0.0,0.32,0.0,0.0
1.3791023450000002,0.0,0.32,0.0,0.0
1.380108522,0.0,0.35,0.0,0.0
1.38110455,0.0,0.32,0.0,0.0
1.3821251330000002,0.0,0.33,0.02,0.0
1.3831178700000002,0.0,0.34,0.01,0.0
1.3841013720000002,0.09,0.34,0.01,0.0
1.385107341,0.0,0.33,0.0,0.0
1.386114472,0.0,0.35,0.01,0.0
1.386971567,0.0,0.34,0.0,0.0
1.388117815,0.01,0.34,0.0,0.02
1.389015394,0.0,0.35,0.0,0.07
1.39013316,0.0,0.33,0.01,0.0
1.39103386,0.01,0.33,0.0,0.0
1.392118553,0.0,0.35,0.0,0.0
1.3942388170000002,0.0,0.34,0.0,0.0
1.3950232630000001,0.0,0.34,0.01,0.0
1.3962336880000001,0.0,0.35,0.0,0.0
1.397017406,0.01,0.34,0.0,0.0
1.398112519,0.0,0.34,0.0,0.0
1.3991142280000002,0.01,0.36,0.01,0.0
1.400112373,0.0,0.33,0.01,0.0
1.401103744,0.01,0.33,0.0,0.07
1.4021228380000001,0.0,0.33,0.0,0.0
1.4031019770000002,0.0,0.34,0.0,0.0
1.404122196,0.0,0.35,0.0,0.01
1.4051159880000001,0.0,0.35,0.01,0.0
1.4061353680000002,0.0,0.33,0.0,0.04
1.407168299,0.01,0.36,0.0,0.01
1.4091060020000001,0.0,0.33,0.01,0.01
1.4101070740000001,0.01,0.33,0.0,0.0
1.411108217,0.0,0.35,0.01,0.0
1.412109101,0.01,0.33,0.0,0.01
1.413108317,0.0,0.34,0.0,0.0
1.414115629,0.0,0.32,0.02,0.0
1.415145034,0.01,0.34,0.0,0.0
1.4161427770000001,0.01,0.35,0.01,0.0
1.417102705,0.0,0.35,0.02,0.0
1.418146103,0.0,0.35,0.0,0.0
1.4190156870000001,0.01,0.34,0.01,0.0
1.4201238330000001,0.02,0.34,0.0,0.0
1.4211809020000001,0.0,0.35,0.02,0.0
1.423121976,0.02,0.36,0.01,0.0
1.424024063,0.0,0.35,0.0,0.01
1.4251767480000002,0.0,0.35,0.0,0.01
1.4259909610000001,0.0,0.35,0.0,0.0
1.427217957,0.0,0.34,0.0,0.0
1.4280451140000001,0.02,0.34,0.01,0.01
1.429115673,0.0,0.35,0.01,0.01
1.4301072410000002,0.0,0.37,0.0,0.0
1.431121192,0.04,0.35,0.0,0.01
1.4322317050000002,0.01,0.36,0.01,0.0
1.433010442,0.0,0.35,0.0,0.0
1.434105889,0.0,0.35,0.0,0.0
1.4351408620000001,0.02,0.42,0.0,0.0
1.436115676,0.0,0.35,0.0,0.01
1.437167212,0.0,0.35,0.0,0.0
1.4391246640000002,0.02,0.35,0.0,0.0
1.440060629,0.01,0.35,0.0,0.0
1.4411137790000002,0.0,0.35,0.0,0.02
1.442109059,0.01,0.35,0.01,0.02
1.4431083900000001,0.01,0.35,0.0,0.0
1.444137699,0.03,0.35,0.0,0.01
1.4451129280000001,0.0,0.35,0.0,0.0
1.4461373610000001,0.0,0.34,0.0,0.01
1.447107388,0.0,0.35,0.0,0.01
1.4481156700000002,0.0,0.35,0.0,0.0
1.449108698,0.01,0.35,0.01,0.01
1.450015451,0.0,0.34,0.0,0.01
1.451014915,0.0,0.35,0.01,0.0
1.4531352080000002,0.0,0.37,0.02,0.0
1.4540139570000001,0.0,0.37,0.0,0.0
1.4549763470000001,0.0,0.36,0.01,0.0
1.456023081,0.0,0.34,0.0,0.0
1.457134237,0.0,0.35,0.02,0.0
1.458016919,0.01,0.34,0.0,0.01
1.4591789530000001,0.0,0.35,0.0,0.0
1.460037386,0.0,0.36,0.01,0.01
1.4611487650000001,0.0,0.35,0.01,0.01
1.46201296,0.01,0.36,0.0,0.0
1.463166745,0.0,0.36,0.0,0.0
1.4640178480000001,0.0,0.34,0.0,0.01
1.465090644,0.0,0.35,0.01,0.01
1.466119929,0.01,0.35,0.01,0.0
1.468101708,0.0,0.33,0.0,0.0
1.469018603,0.0,0.34,0.01,0.0
1.470009994,0.0,0.35,0.01,0.04
1.4710106470000002,0.01,0.35,0.01,0.01
1.472116306,0.01,0.35,0.0,0.0
1.4730234930000001,0.0,0.36,0.0,0.0
1.4741205480000001,0.0,0.33,0.01,0.03
1.475002673,0.0,0.33,0.0,0.0
1.4760065420000001,0.0,0.36,0.01,0.0
1.4771058890000002,0.0,0.29,0.0,0.0
1.4780286180000002,0.0,0.34,0.01,0.0
1.478966385,0.01,0.34,0.0,0.0
1.4802489,0.0,0.35,0.01,0.0
1.4810194360000002,0.0,0.34,0.0,0.0
1.482014446,0.0,0.35,0.01,0.01
1.483115862,0.0,0.34,0.0,0.0
1.485239117,0.02,0.33,0.02,0.01
1.485973331,0.0,0.34,0.01,0.0
1.487145951,0.0,0.34,0.0,0.0
1.48802804,0.01,0.32,0.0,0.0
1.4891130860000001,0.0,0.34,0.0,0.01
1.4900216030000002,0.0,0.34,0.01,0.0
1.491051617,0.0,0.34,0.01,0.0
1.492143487,0.0,0.36,0.01,0.0
1.493065821,0.0,0.34,0.01,0.03
1.4941177330000002,0.02,0.35,0.0,0.0
1.495040222,0.0,0.34,0.0,0.0
1.4961218980000002,0.0,0.35,0.01,0.0
1.497157748,0.0,0.34,0.0,0.01
1.4983105170000002,0.0,0.35,0.02,0.0
1.500112453,0.0,0.34,0.0,0.0
1.5012859090000001,0.0,0.34,0.0,0.04
1.502017729,0.0,0.34,0.0,0.0
1.503020687,0.01,0.33,0.01,0.0
1.504107488,0.0,0.34,0.0,0.0
1.505114955,0.0,0.34,0.0,0.0
1.5061097570000002,0.0,0.34,0.01,0.0
1.507109137,0.0,0.34,0.0,0.0
1.508109774,0.0,0.32,0.0,0.02
1.509115207,0.0,0.34,0.0,0.01
1.51011644,0.0,0.34,0.0,0.0
1.5110267960000001,0.01,0.34,0.0,0.01
1.5121662470000001,0.0,0.35,0.0,0.04
1.5141167800000002,0.01,0.34,0.01,0.0
1.515114553,0.0,0.35,0.0,0.0
1.516110485,0.0,0.34,0.0,0.0
1.517146402,0.01,0.34,0.01,0.0
1.517993192,0.02,0.27,0.05,0.01
1.519074975,0.01,0.34,0.0,0.0
1.520065942,0.0,0.35,0.01,0.0
1.5211726600000002,0.01,0.34,0.01,0.0
1.522035167,0.0,0.35,0.0,0.01
1.5231200820000002,0.0,0.34,0.01,0.0
1.5241156180000002,0.0,0.34,0.0,0.0
1.5252297970000002,0.0,0.34,0.0,0.0
1.5260356050000001,0.0,0.34,0.0,0.0
1.528110176,0.0,0.36,0.0,0.0
1.529128419,0.02,0.35,0.0,0.0
1.5300324280000002,0.03,0.34,0.03,0.0
1.5311850180000002,0.01,0.36,0.0,0.0
1.532012227,0.0,0.37,0.0,0.0
1.533114337,0.0,0.34,0.0,0.0
1.5341089970000001,0.0,0.33,0.01,0.0
1.5351158010000001,0.0,0.32,0.0,0.0
1.536021215,0.0,0.32,0.0,0.0
1.53712479,0.0,0.32,0.01,0.0
1.538019543,0.01,0.32,0.01,0.01
1.5391145350000002,0.0,0.32,0.0,0.0
1.540131815,0.01,0.33,0.01,0.0
1.541148054,0.0,0.32,0.01,0.01
1.542127947,0.0,0.33,0.02,0.0
1.543139609,0.0,0.33,0.0,0.0
1.544134208,0.0,0.34,0.0,0.0
1.546108148,0.0,0.38,0.01,0.0
1.547117984,0.01,0.3,0.01,0.0
1.548146532,0.0,0.33,0.0,0.0
1.5491092370000001,0.01,0.33,0.0,0.0
1.5501358,0.0,0.34,0.0,0.0
1.551215239,0.0,0.32,0.0,0.0
1.552023493,0.0,0.32,0.06,0.01
1.5531624350000002,0.0,0.32,0.0,0.0
1.5541111120000002,0.01,0.33,0.01,0.01
1.5551141130000001,0.0,0.32,0.0,0.0
1.556109513,0.01,0.33,0.01,0.0
1.5571442850000001,0.0,0.33,0.0,0.01
1.5581326670000002,0.02,0.32,0.02,0.0
1.5591304300000002,0.04,0.33,0.0,0.0
1.5611248510000002,0.0,0.34,0.03,0.0
1.5621148,0.0,0.32,0.0,0.02
1.5631240000000002,0.09,0.29,0.04,0.0
1.5641145250000001,0.0,0.31,0.0,0.01
1.565048157,0.0,0.31,0.04,0.0
1.5661185640000002,0.0,0.34,0.01,0.0
1.567126682,0.01,0.32,0.0,0.0
1.5681139800000001,0.0,0.32,0.0,0.01
1.5691198080000002,0.0,0.31,0.0,0.0
1.570120227,0.0,0.3,0.0,0.0
1.5711152800000001,0.0,0.32,0.01,0.0
1.572120953,0.0,0.31,0.0,0.0
1.5731517220000002,0.0,0.32,0.0,0.01
1.574118931,0.0,0.32,0.01,0.01
1.576109816,0.0,0.32,0.0,0.0
1.577140683,0.0,0.33,0.0,0.01
1.578043673,0.01,0.33,0.0,0.0
1.5790298660000002,0.02,0.3,0.05,0.0
1.580113993,0.0,0.31,0.0,0.0
1.5810257390000002,0.01,0.32,0.0,0.0
1.582215758,0.0,0.31,0.0,0.0
1.583043618,0.0,0.32,0.01,0.01
1.584060432,0.0,0.33,0.0,0.0
1.58500671,0.05,0.32,0.0,0.0
1.586097705,0.01,0.32,0.0,0.01
1.5869697,0.0,0.32,0.0,0.0
1.58816057,0.0,0.31,0.0,0.01
1.590061686,0.01,0.32,0.0,0.01
1.5910184390000002,0.0,0.34,0.0,0.01
1.5921093460000002,0.01,0.31,0.0,0.0
1.593013835,0.0,0.3,0.02,0.0
1.594116933,0.0,0.32,0.0,0.0
1.595235892,0.0,0.32,0.0,0.0
1.596016378,0.0,0.31,0.0,0.0
1.597103726,0.0,0.32,0.0,0.0
1.5981179920000002,0.0,0.32,0.0,0.0
1.5991131170000001,0.0,0.32,0.04,0.01
1.6001142380000002,0.01,0.24,0.0,0.0
1.601124441,0.0,0.19,0.0,0.0
1.6021227070000001,0.02,0.21,0.0,0.0
1.603132585,0.01,0.2,0.0,0.0
1.604196669,0.01,0.21,0.0,0.0
1.606109872,0.0,0.22,0.01,0.0
1.607113857,0.0,0.21,0.0,0.0
1.608115227,0.01,0.21,0.01,0.0
1.6091554750000001,0.0,0.23,0.01,0.0
1.610168923,0.0,0.24,0.0,0.0
1.6110828750000001,0.03,0.21,0.01,0.0
1.612166471,0.02,0.22,0.02,0.0
1.6129820840000002,0.01,0.15,0.01,0.0
1.614126723,0.0,0.17,0.0,0.0
1.6150495980000001,0.0,0.16,0.0,0.0
1.616091876,0.01,0.19,0.01,0.0
1.617138573,0.0,0.21,0.01,0.02
1.61816061,0.0,0.2,0.01,0.0
1.6201110870000002,0.0,0.19,0.01,0.0
1.621118198,0.0,0.2,0.0,0.01
1.622125327,0.0,0.22,0.0,0.01
1.623066142,0.0,0.2,0.0,0.01
1.6240963380000002,0.0,0.18,0.0,0.01
1.6251141530000002,0.0,0.18,0.0,0.0
1.6261191560000001,0.0,0.18,0.0,0.0
1.6270982250000001,0.0,0.19,0.01,0.0
1.6280321100000001,0.03,0.19,0.0,0.01
1.6291048700000001,0.01,0.17,0.02,0.0
1.630014491,0.0,0.19,0.01,0.0
1.6311192730000001,0.0,0.15,0.0,0.0
1.632014689,0.0,0.17,0.0,0.0
1.6331287700000001,0.01,0.18,0.0,0.0
1.6351341510000001,0.01,0.15,0.0,0.0
1.635971424,0.0,0.2,0.0,0.0
1.63711394,0.01,0.19,0.01,0.0
1.6380138480000002,0.0,0.22,0.0,0.0
1.6391241790000002,0.02,0.19,0.0,0.01
1.640019005,0.02,0.2,0.0,0.18
1.641140201,0.0,0.21,0.03,0.0
1.642053459,0.01,0.18,0.0,0.0
1.6430403900000001,0.01,0.17,0.01,0.0
1.6440025550000001,0.01,0.17,0.0,0.0
1.6450288700000002,0.0,0.2,0.0,0.0
1.646105457,0.01,0.16,0.01,0.01
1.647018442,0.0,0.13,0.0,0.01
1.648082336,0.0,0.1,0.0,0.0
1.64907664,0.0,0.1,0.01,0.01
1.651107313,0.0,0.12,0.0,0.0
1.65201893,0.0,0.12,0.0,0.0
1.6531186160000002,0.0,0.12,0.01,0.01
1.6541280170000001,0.01,0.13,0.0,0.01
1.655044656,0.0,0.12,0.0,0.0
1.6560123960000002,0.0,0.12,0.0,0.0
1.6571197430000002,0.0,0.13,0.0,0.0
1.6580177120000001,0.0,0.14,0.0,0.01
1.659146843,0.0,0.14,0.02,0.0
1.6600241530000002,0.0,0.14,0.01,0.01
1.66114628,0.01,0.12,0.0,0.0
1.6620206860000002,0.03,0.11,0.0,0.01
1.6631511270000001,0.0,0.1,0.01,0.02
1.664026554,0.0,0.11,0.0,0.0
1.666108104,0.0,0.11,0.0,0.0
1.667015504,0.0,0.12,0.0,0.0
1.668020872,0.0,0.12,0.0,0.02
1.669120681,0.01,0.12,0.0,0.01
1.6700266490000002,0.02,0.13,0.01,0.0
1.6711381,0.03,0.13,0.0,0.0
1.6720351340000001,0.0,0.12,0.0,0.0
1.673124789,0.0,0.14,0.02,0.0
1.674028249,0.01,0.13,0.0,0.0
1.675126601,0.02,0.11,0.05,0.01
1.6760478310000002,0.0,0.14,0.0,0.0
1.677119915,0.0,0.14,0.0,0.0
1.67821291,0.01,0.11,0.03,0.01
1.679045348,0.0,0.16,0.0,0.02
1.680114061,0.02,0.15,0.01,0.0
1.682292547,0.0,0.3,0.0,0.0
1.6830261620000002,0.0,0.29,0.0,0.01
1.684108304,0.01,0.25,0.0,0.01
1.6851243580000002,0.0,0.27,0.0,0.01
1.686027517,0.01,0.26,0.0,0.0
1.68712916,0.0,0.26,0.0,0.0
1.688284909,0.11,0.19,0.11,0.01
1.6890224610000002,0.01,0.28,0.01,0.01
1.690065141,0.0,0.28,0.02,0.0
1.691154249,0.01,0.29,0.01,0.0
1.6921361890000002,0.0,0.25,0.01,0.01
1.693155887,0.0,0.36,0.01,0.0
1.695112991,0.0,0.29,0.0,0.0
1.6961114000000002,0.0,0.29,0.0,0.0
1.6971595910000001,0.0,0.29,0.0,0.0
1.6981104630000001,0.01,0.28,0.0,0.01
1.699167193,0.01,0.27,0.0,0.0
1.699984995,0.0,0.27,0.01,0.0
1.7011363210000001,0.0,0.27,0.01,0.01
1.7020239050000001,0.0,0.28,0.01,0.0
1.703222789,0.0,0.29,0.0,0.0
1.7039784390000001,0.02,0.34,0.0,0.11
1.705166921,0.0,0.31,0.0,0.0
1.7060571850000001,0.0,0.31,0.01,0.0
1.7070349230000001,0.0,0.3,0.0,0.0
1.709198792,0.02,0.3,0.0,0.01
1.7100147870000002,0.0,0.3,0.01,0.0
1.71107706,0.0,0.34,0.0,0.06
1.7121375300000001,0.0,0.29,0.0,0.0
1.713173532,0.0,0.3,0.0,0.03
1.7140132240000001,0.0,0.29,0.0,0.0
1.715029917,0.0,0.3,0.0,0.0
1.716107789,0.0,0.29,0.0,0.0
1.71712053,0.0,0.28,0.0,0.0
1.7181121400000001,0.01,0.3,0.01,0.01
1.719111475,0.0,0.27,0.0,0.0
1.720123217,0.0,0.29,0.0,0.0
1.7211139880000002,0.02,0.29,0.0,0.0
1.7222351180000002,0.01,0.27,0.01,0.0
1.7230169340000001,0.0,0.27,0.03,0.01
1.7241816440000002,0.0,0.28,0.01,0.0
1.725023975,0.0,0.28,0.0,0.0
1.727116633,0.0,0.28,0.0,0.0
1.7281164340000001,0.0,0.29,0.01,0.0
1.729019705,0.01,0.28,0.0,0.01
1.730110156,0.0,0.31,0.01,0.03
1.7311218210000001,0.0,0.31,0.01,0.01
1.732069187,0.0,0.3,0.0,0.0
1.733289859,0.0,0.31,0.01,0.03
1.7340005900000002,0.01,0.31,0.0,0.0
1.7352129900000002,0.0,0.31,0.0,0.0
1.7360362880000002,0.0,0.31,0.0,0.0
1.737188986,0.0,0.31,0.0,0.0
1.7380291090000002,0.01,0.31,0.0,0.0
1.7391539210000002,0.0,0.35,0.0,0.07
1.7399844660000001,0.01,0.3,0.01,0.0
1.741134795,0.0,0.3,0.0,0.01
1.743117569,0.0,0.3,0.01,0.0
1.744114648,0.0,0.3,0.0,0.01
1.745114464,0.0,0.29,0.0,0.0
1.7461095930000001,0.0,0.29,0.0,0.0
1.7471119830000001,0.0,0.29,0.0,0.0
1.7481168040000001,0.0,0.29,0.0,0.01
1.7491157460000002,0.01,0.3,0.01,0.01
1.7501326780000002,0.01,0.3,0.0,0.0
1.751158275,0.0,0.34,0.0,0.01
1.752017117,0.01,0.32,0.03,0.02
1.753108442,0.0,0.28,0.01,0.0
1.7541801240000001,0.01,0.3,0.0,0.0
1.75611435,0.0,0.29,0.0,0.0
1.7571363940000002,0.0,0.31,0.0,0.0
1.758035661,0.01,0.3,0.0,0.0
1.7591226340000001,0.0,0.29,0.0,0.0
1.760115,0.0,0.3,0.01,0.0
1.761109349,0.02,0.29,0.0,0.02
1.762134488,0.0,0.29,0.01,0.01
1.763184638,0.0,0.3,0.0,0.0
1.7640221880000002,0.0,0.29,0.01,0.01
1.7650161850000001,0.0,0.26,0.0,0.0
1.76607865,0.0,0.3,0.0,0.0
1.7670288760000001,0.0,0.29,0.0,0.0
1.7682077900000002,0.01,0.29,0.01,0.0
1.769000171,0.0,0.27,0.0,0.02
1.7701403320000002,0.0,0.31,0.02,0.01
1.771150832,0.01,0.29,0.0,0.0
1.773112228,0.04,0.29,0.0,0.01
1.7740185240000002,0.0,0.28,0.07,0.0
1.775110254,0.0,0.3,0.02,0.01
1.7761190610000002,0.0,0.29,0.0,0.0
1.7771882700000001,0.0,0.29,0.0,0.0
1.778018171,0.02,0.29,0.0,0.0
1.7791093180000002,0.0,0.3,0.0,0.0
1.7801166650000002,0.0,0.29,0.0,0.0
1.781115715,0.01,0.28,0.01,0.01
1.782118069,0.0,0.29,0.01,0.0
1.7833025100000002,0.0,0.29,0.0,0.0
1.783974565,0.0,0.3,0.0,0.0
1.7852060220000001,0.0,0.29,0.0,0.0
1.786058021,0.0,0.27,0.0,0.0
1.7881217790000001,0.0,0.28,0.0,0.01
1.7891072190000001,0.0,0.28,0.0,0.0
1.790102627,0.0,0.28,0.0,0.0
1.7911218740000001,0.0,0.28,0.02,0.0
1.7921107230000002,0.01,0.27,0.0,0.0
1.7931082090000001,0.0,0.27,0.0,0.0
1.794105217,0.01,0.29,0.0,0.0
1.795151385,0.0,0.28,0.0,0.0
1.7960284750000002,0.01,0.29,0.0,0.0
1.7971164430000002,0.0,0.29,0.01,0.0
1.7981506740000002,0.0,0.29,0.0,0.0
1.799175653,0.01,0.32,0.0,0.0
1.799989818,0.0,0.28,0.01,0.02
1.8012251920000002,0.0,0.29,0.0,0.0
1.803114555,0.04,0.29,0.0,0.02
1.8041259980000002,0.01,0.28,0.0,0.0
1.805107483,0.01,0.29,0.01,0.01
1.806113963,0.0,0.27,0.0,0.0
1.807011519,0.0,0.27,0.01,0.0
1.808114183,0.01,0.28,0.0,0.0
1.809104113,0.01,0.27,0.01,0.0
1.8101035840000002,0.0,0.27,0.0,0.0
1.811124114,0.02,0.28,0.01,0.0
1.8121134730000001,0.0,0.27,0.0,0.02
1.813123405,0.01,0.31,0.01,0.0
1.8141105180000001,0.01,0.29,0.0,0.01
1.816110491,0.0,0.29,0.0,0.0
1.817126491,0.01,0.29,0.01,0.0
1.8180152770000002,0.0,0.28,0.01,0.01
1.819113624,0.0,0.3,0.0,0.0
1.820049521,0.0,0.29,0.0,0.01
1.821112596,0.0,0.29,0.01,0.01
1.8221033320000002,0.0,0.29,0.01,0.0
1.823096435,0.0,0.3,0.0,0.0
1.824112782,0.07,0.23,0.01,0.0
1.8250221530000001,0.0,0.3,0.0,0.0
1.826024525,0.0,0.29,0.0,0.0
1.827125,0.0,0.29,0.0,0.0
1.8280484410000002,0.0,0.29,0.0,0.01
1.8291162840000001,0.01,0.28,0.01,0.01
1.8301340910000001,0.0,0.28,0.0,0.0
1.8311239860000001,0.01,0.28,0.0,0.0
1.8333233670000002,0.0,0.28,0.03,0.01
1.83400489,0.0,0.28,0.01,0.0
1.8351123930000002,0.01,0.27,0.0,0.0
1.8360113910000002,0.03,0.3,0.01,0.0
1.8371195290000002,0.0,0.25,0.0,0.0
1.83813387,0.01,0.29,0.0,0.01
1.8390137670000002,0.0,0.29,0.02,0.01
1.8400237140000002,0.0,0.32,0.0,0.0
1.841123765,0.0,0.28,0.03,0.01
1.8421398070000001,0.01,0.29,0.0,0.01
1.8431118940000002,0.0,0.3,0.0,0.0
1.8441210710000002,0.0,0.29,0.01,0.01
1.8451533310000001,0.0,0.29,0.0,0.0
1.8471601020000001,0.01,0.29,0.0,0.0
1.8479712540000002,0.0,0.31,0.01,0.06
1.849121228,0.0,0.28,0.0,0.01
1.850015264,0.0,0.28,0.0,0.0
1.8511027740000001,0.0,0.28,0.02,0.02
1.8521182310000002,0.0,0.29,0.01,0.01
1.853123327,0.0,0.28,0.0,0.0
1.8541098640000002,0.0,0.28,0.0,0.0
1.8551119210000002,0.0,0.28,0.0,0.0
1.8561076200000002,0.01,0.28,0.0,0.0
1.8570621680000001,0.0,0.29,0.01,0.01
1.858060781,0.0,0.29,0.0,0.0
1.8590186700000002,0.01,0.29,0.0,0.01
1.8603905550000002,0.0,0.29,0.0,0.01
1.862122853,0.0,0.3,0.01,0.01
1.8631365690000001,0.0,0.29,0.0,0.0
1.864017041,0.01,0.24,0.08,0.03
1.865024594,0.0,0.28,0.0,0.01
1.8661029630000001,0.0,0.29,0.0,0.0
1.867044485,0.0,0.3,0.01,0.0
1.8681555630000002,0.0,0.29,0.0,0.0
1.8689997420000002,0.0,0.29,0.0,0.0
1.870126248,0.03,0.31,0.01,0.04
1.8710196950000002,0.01,0.32,0.01,0.06
1.8721083870000002,0.0,0.29,0.01,0.0
1.873116572,0.0,0.31,0.01,0.0
1.8741317860000002,0.0,0.3,0.0,0.0
1.875154127,0.0,0.3,0.0,0.01
1.877129907,0.0,0.3,0.0,0.0
1.8781138540000002,0.0,0.3,0.0,0.0
1.8791046580000001,0.01,0.29,0.01,0.0
1.880055575,0.01,0.29,0.0,0.0
1.881112018,0.0,0.27,0.0,0.01
1.8820159950000002,0.06,0.25,0.02,0.0
1.883110384,0.01,0.28,0.01,0.02
1.8840209250000002,0.01,0.29,0.01,0.0
1.88510349,0.0,0.3,0.0,0.0
1.886117972,0.0,0.3,0.0,0.0
1.8871371620000001,0.01,0.29,0.0,0.0
1.8880485960000002,0.0,0.31,0.03,0.0
1.889145327,0.02,0.3,0.0,0.0
1.891156059,0.01,0.33,0.0,0.0
1.892022166,0.0,0.3,0.0,0.0
1.8931594820000002,0.0,0.3,0.0,0.0
1.894020293,0.02,0.29,0.01,0.0
1.895127562,0.0,0.3,0.0,0.01
1.896113353,0.0,0.3,0.01,0.13
1.897112243,0.0,0.3,0.01,0.0
1.898121251,0.0,0.33,0.0,0.0
1.899108076,0.0,0.29,0.02,0.0
1.9001156730000002,0.0,0.29,0.07,0.0
1.9011313810000001,0.0,0.3,0.0,0.0
1.902134331,0.0,0.3,0.0,0.0
1.9031070970000001,0.0,0.3,0.0,0.0
1.90413548,0.01,0.3,0.0,0.01
1.905161461,0.01,0.3,0.0,0.0
1.9061275850000001,0.0,0.3,0.0,0.0
1.9071292770000001,0.0,0.3,0.01,0.0
1.909135014,0.0,0.3,0.01,0.0
1.9101065720000001,0.02,0.31,0.0,0.01
1.9111435030000001,0.01,0.3,0.0,0.01
1.912117738,0.0,0.3,0.0,0.01
1.9131268950000002,0.0,0.29,0.01,0.01
1.914113194,0.0,0.3,0.0,0.0
1.9151158090000002,0.01,0.29,0.0,0.04
1.9161660530000002,0.0,0.3,0.0,0.01
1.917018139,0.02,0.28,0.06,0.0
1.9180565850000002,0.0,0.31,0.0,0.01
1.919063699,0.0,0.3,0.01,0.0
1.920039604,0.01,0.3,0.0,0.0
1.9211264760000002,0.0,0.31,0.0,0.01
1.9231028440000002,0.01,0.29,0.0,0.0
1.9241078370000002,0.0,0.3,0.01,0.0
1.925036455,0.0,0.28,0.0,0.0
1.926203048,0.0,0.3,0.01,0.0
1.927027177,0.0,0.28,0.01,0.0
1.9281299710000002,0.01,0.28,0.01,0.01
1.9291097060000002,0.0,0.29,0.01,0.0
1.930122514,0.0,0.28,0.02,0.0
1.931141368,0.0,0.25,0.02,0.0
1.932019053,0.0,0.27,0.0,0.0
1.933033784,0.0,0.29,0.0,0.01
1.9341066180000002,0.0,0.28,0.0,0.0
1.9350157170000002,0.0,0.29,0.0,0.0
1.936137817,0.0,0.29,0.0,0.0
1.937030974,0.0,0.28,0.0,0.01
1.9391027520000002,0.0,0.29,0.01,0.0
1.9399756780000001,0.01,0.28,0.01,0.0
1.9411201630000001,0.0,0.28,0.0,0.0
1.9420038810000002,0.0,0.3,0.01,0.0
1.943018863,0.0,0.28,0.0,0.0
1.9440272870000002,0.0,0.29,0.0,0.0
1.9450175020000002,0.01,0.31,0.0,0.0
1.9461145340000001,0.0,0.29,0.0,0.06
1.9470010700000002,0.0,0.29,0.0,0.0
1.948151235,0.0,0.29,0.0,0.0
1.949005593,0.01,0.29,0.01,0.01
1.950016208,0.02,0.27,0.01,0.0
1.951112412,0.0,0.29,0.1,0.01
1.952041181,0.0,0.26,0.0,0.0
1.9541236430000002,0.0,0.27,0.0,0.0
1.9550378590000002,0.01,0.27,0.0,0.01
1.956110505,0.0,0.25,0.0,0.0
1.9570825040000002,0.0,0.23,0.0,0.0
1.9581376140000002,0.0,0.25,0.01,0.0
1.959024569,0.0,0.25,0.0,0.0
1.9601094360000002,0.01,0.24,0.0,0.02
1.9611154750000002,0.0,0.24,0.02,0.02
1.962135071,0.09,0.17,0.03,0.01
1.963100421,0.01,0.25,0.0,0.0
1.9641395940000002,0.0,0.24,0.01,0.01
1.9650222050000001,0.01,0.21,0.01,0.01
1.9661450230000002,0.01,0.22,0.0,0.0
1.9671759110000002,0.05,0.25,0.0,0.0
1.969115044,0.0,0.26,0.0,0.07
1.9701123020000002,0.0,0.26,0.0,0.03
1.97110091,0.0,0.24,0.0,0.01
1.9721086680000002,0.0,0.25,0.0,0.0
1.9731163210000002,0.0,0.25,0.01,0.0
1.974114495,0.01,0.24,0.0,0.01
1.975123527,0.0,0.25,0.01,0.0
1.976013937,0.0,0.25,0.0,0.01
1.977113439,0.0,0.25,0.0,0.0
1.9780350640000002,0.01,0.25,0.0,0.01
1.9791065550000002,0.01,0.2,0.01,0.0
1.9799751550000002,0.01,0.22,0.0,0.0
1.981023691,0.0,0.22,0.0,0.0
1.9820215300000001,0.0,0.22,0.01,0.0
1.984025847,0.0,0.22,0.0,0.0
1.9850384070000002,0.01,0.2,0.0,0.0
1.98613123,0.0,0.23,0.0,0.0
1.98697308,0.0,0.21,0.0,0.0
1.988108777,0.0,0.23,0.02,0.0
1.9891090800000002,0.0,0.23,0.01,0.0
1.990014925,0.0,0.19,0.01,0.02
1.991123098,0.01,0.22,0.01,0.02
1.992017061,0.02,0.23,0.0,0.0
1.9931616810000001,0.0,0.22,0.01,0.0
1.994019183,0.0,0.24,0.02,0.0
1.9951122520000002,0.0,0.27,0.0,0.0
1.9961229260000002,0.0,0.28,0.01,0.02
1.9971293440000002,0.01,0.28,0.0,0.0
1.998179971,0.01,0.29,0.01,0.0
2.0004477030000003,0.0,0.29,0.04,0.01
2.001001521,0.01,0.28,0.0,0.0
2.0021623070000003,0.0,0.27,0.0,0.0
2.003106793,0.0,0.28,0.01,0.0
2.004065766,0.0,0.28,0.0,0.0
2.005107529,0.0,0.29,0.01,0.0
2.006181074,0.0,0.29,0.0,0.0
2.0070218200000003,0.0,0.29,0.0,0.01
2.008113445,0.0,0.29,0.06,0.0
2.009133035,0.0,0.32,0.0,0.0
2.010016363,0.0,0.34,0.0,0.0
2.011254685,0.0,0.36,0.0,0.0
2.012056389,0.0,0.39,0.0,0.01
2.01413695,0.0,0.42,0.02,0.01
2.0151972750000002,0.0,0.47,0.01,0.01
2.016019205,0.0,0.49,0.0,0.0
2.0170174160000003,0.0,0.48,0.01,0.0
2.018117754,0.0,0.5,0.03,0.0
2.019017084,0.01,0.52,0.01,0.0
2.020109423,0.0,0.52,0.0,0.0
2.021134129,0.0,0.49,0.0,0.0
2.022113632,0.0,0.5,0.0,0.01
2.023144916,0.0,0.49,0.0,0.0
2.024112879,0.0,0.49,0.0,0.0
2.025110783,0.01,0.48,0.0,0.0
2.026149869,0.0,0.49,0.0,0.0
2.027141303,0.0,0.51,0.06,0.03
2.029278247,0.0,0.51,0.0,0.0
2.029971599,0.0,0.51,0.0,0.01
2.03102713,0.01,0.52,0.02,0.02
2.032114859,0.0,0.52,0.0,0.01
2.0331105970000003,0.0,0.53,0.01,0.0
2.0341088380000003,0.0,0.53,0.0,0.0
2.035120431,0.01,0.53,0.0,0.0
2.036127106,0.0,0.53,0.0,0.01
2.0371295110000003,0.01,0.54,0.02,0.0
2.038151163,0.01,0.52,0.0,0.0
2.039033116,0.0,0.53,0.0,0.0
2.040113186,0.02,0.55,0.01,0.0
2.041128973,0.01,0.59,0.01,0.01
2.042186994,0.0,0.55,0.04,0.0
2.044030971,0.0,0.57,0.0,0.0
2.045039382,0.0,0.52,0.01,0.01
2.046117192,0.0,0.58,0.0,0.0
2.047112991,0.0,0.58,0.0,0.01
2.048137293,0.0,0.58,0.0,0.0
2.049111441,0.0,0.58,0.0,0.01
2.050013557,0.0,0.58,0.01,0.0
2.0511052970000003,0.0,0.58,0.0,0.0
2.052113701,0.0,0.59,0.0,0.01
2.0531525850000003,0.0,0.59,0.0,0.0
2.054019448,0.0,0.57,0.0,0.0
2.055013993,0.0,0.6,0.0,0.0
2.056106247,0.01,0.61,0.0,0.0
2.057026865,0.0,0.62,0.01,0.0
2.058145489,0.0,0.63,0.0,0.0
2.0601177980000003,0.0,0.62,0.01,0.0
2.061108119,0.0,0.64,0.01,0.0
2.0621250300000002,0.02,0.64,0.01,0.0
2.0631285960000003,0.0,0.64,0.0,0.0
2.064122974,0.0,0.64,0.01,0.0
2.065116453,0.0,0.64,0.0,0.01
2.066017698,0.0,0.64,0.01,0.0
2.067167463,0.0,0.64,0.0,0.0
2.0679912490000003,0.01,0.65,0.01,0.0
2.0691534170000003,0.0,0.66,0.0,0.0
2.07002242,0.01,0.67,0.01,0.0
2.071109878,0.01,0.68,0.01,0.01
2.0720321520000002,0.02,0.69,0.0,0.0
2.0730241520000003,0.0,0.67,0.06,0.0
2.074122542,0.01,0.7,0.0,0.0
2.0761101070000003,0.0,0.72,0.0,0.0
2.07702118,0.02,0.72,0.0,0.01
2.0780831020000003,0.01,0.72,0.0,0.0
2.079132785,0.03,0.73,0.01,0.03
2.080190907,0.1,0.72,0.0,0.0
2.0810171850000003,0.01,0.7,0.0,0.0
2.082025111,0.0,0.74,0.0,0.0
2.0831039170000003,0.0,0.69,0.01,0.01
2.0841165360000002,0.0,0.69,0.01,0.0
2.085108037,0.0,0.73,0.0,0.0
2.0861170980000003,0.0,0.74,0.0,0.0
2.087115176,0.0,0.75,0.0,0.0
2.0881344260000003,0.0,0.74,0.01,0.0
2.090016634,0.0,0.74,0.01,0.03
2.0911097,0.0,0.72,0.01,0.03
2.092110465,0.0,0.76,0.01,0.0
2.093107781,0.0,0.79,0.01,0.0
2.094133733,0.0,0.76,0.01,0.0
2.095102137,0.0,0.77,0.03,0.01
2.0960977400000003,0.01,0.78,0.0,0.0
2.096972581,0.0,0.76,0.0,0.0
2.0981049460000003,0.0,0.76,0.01,0.0
2.099017887,0.01,0.77,0.02,0.0
2.100143935,0.0,0.79,0.01,0.0
2.1010146240000003,0.01,0.76,0.0,0.0
2.102148044,0.0,0.78,0.01,0.0
2.103065151,0.01,0.78,0.0,0.0
2.1041104390000003,0.0,0.78,0.0,0.0
2.1061144130000002,0.0,0.78,0.0,0.0
2.107018662,0.05,0.82,0.0,0.0
2.108115713,0.01,0.79,0.01,0.0
2.109041544,0.0,0.79,0.01,0.01
2.110161907,0.0,0.79,0.0,0.01
2.111033033,0.01,0.79,0.0,0.0
2.112118348,0.0,0.79,0.01,0.0
2.1131134830000002,0.03,0.8,0.06,0.02
2.1141319910000003,0.0,0.78,0.0,0.0
2.115196871,0.0,0.79,0.02,0.0
2.116057547,0.01,0.8,0.0,0.01
2.1172175440000003,0.01,0.74,0.01,0.01
2.118038752,0.0,0.77,0.01,0.0
2.1191450680000004,0.03,0.79,0.0,0.01
2.1211106450000003,0.03,0.78,0.0,0.0
2.12211774,0.03,0.79,0.03,0.0
2.123114021,0.0,0.78,0.0,0.0
2.124115542,0.0,0.8,0.01,0.01
2.125106389,0.0,0.79,0.01,0.0
2.12613093,0.0,0.79,0.01,0.0
2.127101883,0.0,0.79,0.01,0.0
2.128136767,0.0,0.78,0.01,0.01
2.129113244,0.0,0.8,0.0,0.01
2.130111486,0.0,0.81,0.01,0.0
2.1311234860000003,0.01,0.8,0.0,0.0
2.132118821,0.0,0.79,0.0,0.01
2.1342522280000003,0.0,0.79,0.0,0.0
2.1351001060000003,0.0,0.8,0.01,0.0
2.136025305,0.0,0.79,0.0,0.0
2.137016933,0.0,0.8,0.01,0.0
2.1379656270000003,0.0,0.78,0.01,0.0
2.1390656580000003,0.01,0.82,0.0,0.0
2.139984822,0.0,0.83,0.0,0.0
2.141104524,0.01,0.8,0.03,0.06
2.142017269,0.0,0.84,0.01,0.0
2.143116426,0.0,0.85,0.0,0.0
2.144205801,0.0,0.85,0.0,0.03
2.145014562,0.0,0.85,0.0,0.0
2.1461196790000003,0.0,0.86,0.0,0.0
2.147109805,0.01,0.85,0.0,0.0
2.1481500600000003,0.0,0.86,0.0,0.0
2.150116051,0.0,0.86,0.0,0.0
2.1511189880000003,0.02,0.84,0.01,0.0
2.152099526,0.0,0.85,0.01,0.0
2.153133827,0.0,0.85,0.0,0.01
2.154103127,0.01,0.85,0.01,0.03
2.155114091,0.0,0.87,0.01,0.01
2.15610817,0.0,0.87,0.0,0.0
2.157101164,0.0,0.87,0.0,0.0
2.1581058790000003,0.0,0.88,0.02,0.04
2.1591145430000003,0.01,0.89,0.0,0.01
2.1601633010000003,0.0,0.93,0.0,0.0
2.161017771,0.0,0.92,0.0,0.0
2.162115725,0.0,0.92,0.0,0.0
2.163156833,0.01,0.93,0.01,0.0
2.164129274,0.01,0.94,0.0,0.0
2.165257457,0.0,0.95,0.0,0.0
2.167029218,0.0,0.97,0.01,0.01
2.1681708850000003,0.07,0.97,0.0,0.0
2.1690197280000003,0.0,0.96,0.01,0.0
2.170056128,0.0,0.98,0.0,0.0
2.171145934,0.0,0.99,0.01,0.01
2.1720173270000003,0.01,0.99,0.0,0.0
2.173115166,0.01,0.99,0.03,0.0
2.17412722,0.0,0.99,0.01,0.0
2.175137947,0.01,1.0,0.0,0.0
2.176018301,0.0,0.99,0.0,0.01
2.177139935,0.0,1.0,0.01,0.0
2.178132585,0.0,1.02,0.01,0.0
2.180118474,0.0,1.02,0.0,0.0
2.1811110080000002,0.0,1.01,0.01,0.0
2.182056723,0.01,1.02,0.0,0.0
2.183150774,0.0,1.02,0.01,0.0
2.18401742,0.0,1.02,0.01,0.03
2.185116228,0.0,1.04,0.01,0.0
2.186112108,0.01,1.04,0.0,0.0
2.187115572,0.0,1.03,0.01,0.0
2.188196657,0.0,1.05,0.0,0.01
2.1890187830000003,0.02,1.05,0.09,0.02
2.1901405840000003,0.0,1.05,0.01,0.0
2.191111297,0.01,1.05,0.0,0.0
2.1921055220000003,0.0,1.04,0.01,0.0
2.193158432,0.0,1.04,0.01,0.0
2.19418618,0.0,1.05,0.01,0.01
2.196108089,0.01,1.04,0.01,0.0
2.1971193010000003,0.0,1.05,0.02,0.0
2.198134671,0.0,1.03,0.01,0.01
2.1991388940000003,0.01,1.03,0.02,0.01
2.200024645,0.0,1.05,0.0,0.0
2.201131682,0.0,1.12,0.0,0.01
2.20202322,0.0,1.08,0.01,0.02
2.203108224,0.0,1.09,0.0,0.0
2.2041513,0.0,1.06,0.01,0.0
2.205018494,0.0,1.07,0.01,0.01
2.206109481,0.01,1.07,0.01,0.0
2.207016645,0.01,1.07,0.01,0.0
2.208131839,0.0,1.06,0.0,0.0
2.209158644,0.0,1.09,0.01,0.0
2.2111418620000003,0.0,1.07,0.0,0.0
2.212022912,0.01,1.09,0.0,0.0
2.2131141430000003,0.0,1.09,0.02,0.0
2.213974276,0.0,1.11,0.0,0.0
2.2150210510000004,0.0,1.1,0.0,0.0
2.216024292,0.0,1.11,0.0,0.0
2.2171170680000003,0.0,1.12,0.0,0.01
2.2180172600000003,0.01,1.12,0.01,0.06
2.21913273,0.0,1.15,0.0,0.0
2.220022,0.0,1.16,0.0,0.0
2.22113622,0.0,1.16,0.01,0.02
2.221975956,0.0,1.2,0.0,0.0
2.223110631,0.03,1.25,0.0,0.0
2.224032295,0.01,1.24,0.01,0.0
2.2251068330000003,0.0,1.25,0.01,0.0
2.226996129,0.0,1.25,0.0,0.0
2.228073433,0.0,1.26,0.01,0.01
2.228981337,0.01,1.28,0.0,0.0
2.2300264260000002,0.0,1.29,0.0,0.0
2.231009418,0.01,1.3,0.0,0.01
2.232017183,0.0,1.3,0.01,0.01
2.233020142,0.0,1.31,0.01,0.03
2.234143286,0.0,1.33,0.0,0.0
2.235048394,0.0,1.33,0.01,0.0
2.236112841,0.0,1.33,0.0,0.0
2.23701654,0.01,1.34,0.0,0.0
2.238132555,0.02,1.36,0.02,0.0
2.2390307210000002,0.04,1.36,0.01,0.0
2.241106745,0.0,1.39,0.0,0.0
2.242019869,0.0,1.38,0.0,0.01
2.243107703,0.0,1.38,0.0,0.0
2.244024463,0.0,1.38,0.0,0.0
2.2451071270000003,0.01,1.38,0.0,0.0
2.246123309,0.0,1.39,0.0,0.0
2.247106279,0.0,1.41,0.0,0.0
2.248118404,0.01,1.43,0.01,0.0
2.249112621,0.0,1.46,0.01,0.0
2.250115208,0.0,1.45,0.02,0.0
2.251118843,0.04,1.46,0.0,0.03
2.252031037,0.0,1.46,0.0,0.0
2.253109824,0.0,1.46,0.0,0.0
2.254153978,0.0,1.46,0.0,0.0
2.256110853,0.0,1.47,0.0,0.0
2.257027433,0.01,1.45,0.01,0.0
2.257997865,0.0,1.47,0.01,0.0
2.25920799,0.0,1.47,0.0,0.02
2.260052607,0.0,1.5,0.0,0.02
2.261011184,0.01,1.51,0.0,0.0
2.26201955,0.0,1.5,0.0,0.0
2.263133208,0.0,1.51,0.01,0.0
2.2640217000000002,0.0,1.52,0.01,0.0
2.2650294900000003,0.0,1.48,0.01,0.01
2.266028657,0.0,1.49,0.0,0.0
2.267014182,0.0,1.49,0.0,0.0
2.268011174,0.0,1.49,0.0,0.0
2.269159025,0.0,1.5,0.0,0.01
2.271111073,0.01,1.51,0.01,0.0
2.2719738460000003,0.0,1.52,0.01,0.0
2.273013381,0.0,1.54,0.0,0.0
2.2741087930000004,0.0,1.54,0.01,0.01
2.275018395,0.01,1.55,0.0,0.0
2.276017736,0.0,1.55,0.0,0.0
2.276981435,0.01,1.57,0.01,0.01
2.2781210620000003,0.01,1.56,0.02,0.0
2.279026156,0.02,1.57,0.01,0.0
2.279966304,0.01,1.57,0.01,0.0
2.281113115,0.0,1.57,0.0,0.0
2.281995185,0.0,1.6,0.01,0.03
2.283011262,0.03,1.59,0.02,0.01
2.2840201110000002,0.08,1.6,0.06,0.01
2.286104189,0.0,1.62,0.0,0.01
2.286972355,0.0,1.62,0.01,0.0
2.2881121700000002,0.01,1.64,0.0,0.01
2.2889932330000002,0.0,1.65,0.01,0.0
2.290026962,0.0,1.66,0.0,0.0
2.29101759,0.0,1.67,0.0,0.0
2.292131255,0.0,1.65,0.01,0.0
2.293021421,0.0,1.67,0.0,0.0
2.294113769,0.0,1.67,0.0,0.0
2.295020096,0.01,1.69,0.0,0.0
2.2963114520000003,0.0,1.68,0.03,0.03
2.296973481,0.01,1.66,0.01,0.01
2.2980140500000004,0.01,1.67,0.0,0.0
2.299169457,0.0,1.68,0.01,0.0
2.3000205830000002,0.0,1.68,0.01,0.01
2.302224358,0.01,1.72,0.0,0.02
2.302974007,0.0,1.68,0.01,0.0
2.304013115,0.0,1.68,0.01,0.0
2.3051019680000002,0.0,1.68,0.0,0.0
2.3061076650000003,0.0,1.69,0.0,0.0
2.307114566,0.0,1.69,0.0,0.01
2.308142806,0.0,1.7,0.0,0.01
2.309021988,0.0,1.7,0.01,0.01
2.3101060010000003,0.0,1.71,0.0,0.0
2.311201896,0.0,1.7,0.0,0.0
2.3119894320000003,0.0,1.71,0.0,0.01
2.313121206,0.0,1.72,0.01,0.01
2.314131853,0.01,1.72,0.01,0.0
2.315121576,0.01,1.72,0.01,0.0
2.3161210210000003,0.01,1.71,0.1,0.04
2.318247027,0.01,1.72,0.0,0.0
2.3190158380000003,0.0,1.74,0.0,0.02
2.3200615150000004,0.01,1.73,0.01,0.02
2.3211123160000002,0.01,1.72,0.0,0.0
2.322062498,0.0,1.71,0.01,0.0
2.323124699,0.0,1.73,0.0,0.0
2.324104934,0.0,1.75,0.01,0.0
2.325126467,0.0,1.77,0.0,0.0
2.3261961390000003,0.01,1.77,0.0,0.0
2.327035984,0.0,1.78,0.01,0.0
2.328112156,0.02,1.79,0.0,0.0
2.3290344210000002,0.01,1.8,0.01,0.0
2.330122158,0.01,1.83,0.0,0.0
2.331108926,0.0,1.84,0.01,0.0
2.333114606,0.01,1.85,0.01,0.0
2.334117402,0.0,1.87,0.0,0.0
2.3351075480000003,0.01,1.87,0.01,0.0
2.336119036,0.0,1.87,0.01,0.0
2.337020991,0.01,1.88,0.01,0.0
2.33811947,0.0,1.88,0.0,0.0
2.339018925,0.0,1.87,0.01,0.0
2.340022949,0.0,1.89,0.01,0.0
2.341111295,0.0,1.9,0.01,0.0
2.342016299,0.0,1.9,0.01,0.0
2.3431141810000002,0.0,1.9,0.0,0.0
2.3440397440000003,0.0,1.92,0.01,0.01
2.345142428,0.03,1.92,0.0,0.0
2.34718559,0.01,1.91,0.01,0.02
2.348021765,0.0,1.93,0.01,0.0
2.349057902,0.01,1.93,0.0,0.0
2.350108157,0.0,1.93,0.0,0.0
2.3509919750000003,0.01,1.93,0.01,0.0
2.352259712,0.03,1.94,0.0,0.0
2.353026513,0.01,1.95,0.01,0.0
2.354065627,0.0,1.94,0.01,0.0
2.355111859,0.0,1.95,0.01,0.03
2.356134346,0.0,1.94,0.0,0.0
2.357035657,0.01,1.93,0.01,0.01
2.358139408,0.01,1.94,0.01,0.0
2.360119816,0.01,1.94,0.01,0.02
2.361024338,0.08,1.95,0.01,0.01
2.362076462,0.0,1.95,0.04,0.0
2.363019081,0.0,1.95,0.0,0.0
2.364114872,0.0,1.95,0.01,0.0
2.3649746990000002,0.0,1.96,0.0,0.02
2.366018491,0.01,1.97,0.01,0.0
2.367011861,0.0,1.96,0.01,0.01
2.368010062,0.06,1.88,0.0,0.0
2.369103867,0.0,1.97,0.0,0.0
2.3700119340000003,0.0,1.98,0.01,0.0
2.371121897,0.0,1.98,0.01,0.0
2.372021352,0.0,2.03,0.01,0.02
2.373117097,0.0,2.01,0.01,0.01
2.374019661,0.01,2.01,0.01,0.01
2.375199008,0.0,2.02,0.0,0.01
2.3771187090000003,0.0,2.01,0.0,0.01
2.378019098,0.0,2.02,0.01,0.01
2.379125695,0.0,2.01,0.0,0.0
2.380016727,0.01,2.02,0.02,0.05
2.381114235,0.0,2.03,0.0,0.0
2.3819961700000003,0.01,2.02,0.01,0.0
2.3831131990000003,0.0,2.03,0.0,0.0
2.3841192440000003,0.01,2.03,0.01,0.0
2.385013143,0.0,2.03,0.01,0.01
2.386132303,0.0,2.02,0.0,0.0
2.387018278,0.0,2.02,0.0,0.0
2.388112941,0.0,2.03,0.0,0.0
2.389123248,0.01,2.03,0.02,0.0
2.3911057970000003,0.0,2.03,0.01,0.01
2.3921472930000003,0.01,2.0,0.01,0.01
2.392975753,0.0,2.02,0.0,0.0
2.394114864,0.0,2.0,0.0,0.0
2.394985568,0.0,2.01,0.03,0.0
2.3961092710000003,0.0,2.02,0.01,0.0
2.3970196510000004,0.0,2.02,0.0,0.0
2.3981152160000003,0.01,2.02,0.01,0.01
2.399013847,0.01,2.01,0.0,0.0
2.4001206610000003,0.0,2.0,0.01,0.0
2.401020372,0.0,2.0,0.0,0.0
2.402120742,0.03,2.0,0.0,0.0
2.4031153410000003,0.0,2.01,0.01,0.0
2.404128447,0.0,2.02,0.0,0.0
2.405152767,0.01,2.02,0.0,0.0
2.407137138,0.0,2.01,0.0,0.0
2.407974353,0.0,2.02,0.01,0.01
2.4091726280000003,0.02,2.01,0.0,0.0
2.40997548,0.0,2.01,0.0,0.0
2.4111114280000003,0.02,2.01,0.01,0.01
2.412018181,0.07,1.99,0.04,0.0
2.413076443,0.02,2.01,0.0,0.01
2.414022762,0.0,2.02,0.0,0.01
2.415117306,0.0,2.02,0.01,0.0
2.416023457,0.0,2.02,0.0,0.0
2.4171726490000003,0.0,2.01,0.01,0.0
2.417977012,0.01,2.02,0.0,0.0
2.4191509140000003,0.0,2.0,0.0,0.0
2.4211318520000003,0.0,2.02,0.0,0.0
2.422027593,0.01,2.01,0.0,0.0
2.4231446080000003,0.0,2.02,0.01,0.0
2.424018845,0.01,2.03,0.0,0.04
2.4251153750000003,0.0,2.02,0.0,0.0
2.4260623160000003,0.0,2.02,0.01,0.0
2.4271222750000003,0.01,2.03,0.0,0.01
2.428014558,0.02,2.03,0.02,0.0
2.429114745,0.0,2.03,0.05,0.04
2.430039448,0.01,2.02,0.0,0.02
2.43110758,0.0,2.03,0.0,0.0
2.4320163900000002,0.01,2.03,0.05,0.0
2.43311897,0.0,2.04,0.01,0.0
2.43412503,0.0,2.04,0.01,0.0
2.435137477,0.0,2.05,0.01,0.0
2.436153077,0.0,2.05,0.01,0.0
2.438101519,0.01,2.02,0.0,0.0
2.439021438,0.0,2.07,0.01,0.0
2.440114835,0.0,2.04,0.01,0.03
2.441019611,0.05,2.02,0.04,0.0
2.442100765,0.0,2.05,0.0,0.0
2.4429739560000003,0.01,2.05,0.01,0.0
2.444020884,0.01,2.05,0.01,0.01
2.4450168100000003,0.0,2.05,0.0,0.01
2.4461410690000003,0.0,2.05,0.01,0.0
2.4470394030000002,0.0,2.03,0.06,0.0
2.4481201990000003,0.0,2.06,0.0,0.0
2.449020628,0.0,2.04,0.01,0.0
2.450195019,0.0,2.06,0.01,0.01
2.4521223830000003,0.0,2.07,0.0,0.0
2.453009337,0.0,2.05,0.0,0.0
2.454196584,0.0,2.06,0.0,0.02
2.455029322,0.01,2.06,0.01,0.0
2.45612136,0.0,2.06,0.0,0.0
2.456982602,0.01,2.05,0.01,0.0
2.458117918,0.0,2.05,0.0,0.0
2.459108213,0.0,2.05,0.0,0.01
2.460113357,0.0,2.05,0.01,0.0
2.461120496,0.0,2.05,0.01,0.0
2.462073449,0.02,2.04,0.0,0.0
2.463134332,0.0,2.08,0.05,0.01
2.4640191430000002,0.0,2.03,0.0,0.0
2.465013468,0.0,2.03,0.0,0.0
2.466120289,0.0,2.03,0.01,0.01
2.468049186,0.0,2.03,0.01,0.0
2.469109752,0.0,2.02,0.01,0.0
2.470112812,0.0,2.04,0.0,0.0
2.47101535,0.0,2.03,0.01,0.0
2.472112766,0.09,2.08,0.01,0.0
2.473024403,0.0,2.03,0.0,0.01
2.4740363050000003,0.0,2.02,0.03,0.0
2.4750715700000003,0.0,2.04,0.01,0.0
2.4762340700000003,0.0,2.05,0.0,0.0
2.476975587,0.0,2.02,0.01,0.0
2.4781272480000003,0.0,2.03,0.01,0.0
2.479115562,0.0,2.02,0.01,0.01
2.480115413,0.0,2.02,0.02,0.03
2.481123718,0.0,2.01,0.01,0.0
2.4831071980000003,0.03,2.01,0.01,0.0
2.484023575,0.0,2.0,0.0,0.02
2.485116079,0.0,1.99,0.0,0.0
2.486199048,0.0,1.99,0.01,0.0
2.4870226520000003,0.0,1.98,0.0,0.0
2.488115113,0.0,1.98,0.01,0.0
2.4891074850000003,0.01,1.97,0.0,0.0
2.49001596,0.01,1.96,0.0,0.0
2.491021919,0.0,1.95,0.01,0.01
2.492014797,0.01,1.94,0.0,0.0
2.4931104640000004,0.0,1.94,0.01,0.0
2.494022386,0.0,1.94,0.0,0.01
2.495067964,0.0,1.94,0.0,0.01
2.4961389670000003,0.04,1.93,0.01,0.02
2.498105724,0.0,1.93,0.0,0.0
2.4990215460000003,0.0,1.93,0.0,0.01
2.5001062530000002,0.0,1.93,0.0,0.0
2.501019304,0.0,1.93,0.01,0.0
2.502107736,0.0,1.94,0.01,0.0
2.503003316,0.0,1.93,0.0,0.0
2.504106231,0.01,1.93,0.01,0.01
2.5050254730000003,0.0,1.92,0.01,0.0
2.506000901,0.01,1.93,0.05,0.0
2.507137396,0.02,1.91,0.01,0.01
2.507975135,0.0,1.92,0.0,0.0
2.5090655610000003,0.0,1.92,0.0,0.0
2.510069632,0.01,1.91,0.0,0.01
2.5121233050000003,0.0,1.94,0.01,0.01
2.513019082,0.0,1.91,0.01,0.0
2.5141131580000002,0.01,1.91,0.0,0.01
2.514977289,0.02,1.96,0.02,0.0
2.516124898,0.0,1.91,0.0,0.0
2.517019663,0.0,1.91,0.01,0.0
2.518116182,0.0,1.89,0.01,0.0
2.518978588,0.0,1.91,0.01,0.01
2.5201244860000003,0.0,1.88,0.0,0.01
2.5210255480000003,0.0,1.89,0.01,0.0
2.522116065,0.05,1.88,0.01,0.06
2.523018683,0.0,1.89,0.0,0.01
2.524014804,0.0,1.89,0.01,0.0
2.5251120950000003,0.0,1.87,0.0,0.0
2.526028885,0.0,1.86,0.0,0.01
2.5271120440000003,0.0,1.86,0.01,0.01
2.5291103180000003,0.01,1.77,0.03,0.02
2.529974664,0.0,1.86,0.01,0.0
2.5311121610000002,0.0,1.87,0.01,0.0
2.53197434,0.0,1.86,0.01,0.0
2.533108065,0.0,1.86,0.01,0.0
2.534002734,0.0,1.85,0.01,0.01
2.5350140690000003,0.01,1.87,0.01,0.0
2.536112036,0.0,1.86,0.01,0.0
2.5369925230000003,0.0,1.86,0.01,0.0
2.5380173470000003,0.0,1.87,0.01,0.0
2.5390168720000004,0.01,1.87,0.0,0.0
2.540125777,0.0,1.88,0.01,0.0
2.5410299330000004,0.0,1.87,0.04,0.01
2.5422060290000004,0.0,1.88,0.0,0.0
2.5441111800000002,0.0,1.87,0.0,0.0
2.545117031,0.01,1.87,0.0,0.01
2.54606747,0.0,1.87,0.01,0.0
2.547109404,0.0,1.86,0.0,0.01
2.548118317,0.0,1.87,0.01,0.0
2.549024879,0.01,1.86,0.01,0.0
2.5501217840000003,0.01,1.86,0.0,0.01
2.551113499,0.01,1.84,0.0,0.0
2.552126459,0.0,1.86,0.03,0.02
2.553115125,0.0,1.86,0.01,0.0
2.554116386,0.01,1.86,0.0,0.0
2.555115974,0.0,1.86,0.0,0.0
2.5561491370000002,0.0,1.86,0.01,0.01
2.5571590140000002,0.01,1.87,0.02,0.0
2.5591100780000002,0.03,1.89,0.01,0.0
2.5601114600000003,0.0,1.85,0.03,0.01
2.561108367,0.0,1.88,0.0,0.03
2.562112158,0.0,1.89,0.0,0.0
2.563217989,0.01,1.87,0.01,0.01
2.564026665,0.02,1.88,0.0,0.0
2.5650164,0.0,1.87,0.01,0.0
2.5661011400000002,0.0,1.88,0.01,0.0
2.5670270420000003,0.0,1.88,0.01,0.01
2.568072205,0.02,1.87,0.01,0.01
2.5692087200000002,0.01,1.89,0.01,0.0
2.56999373,0.0,1.87,0.0,0.0
2.5711414670000003,0.0,1.87,0.01,0.01
2.572018677,0.0,1.89,0.0,0.0
2.573219014,0.01,1.88,0.01,0.0
2.5751029290000003,0.0,1.86,0.01,0.06
2.576113925,0.0,1.88,0.01,0.0
2.577023198,0.0,1.88,0.0,0.0
2.578109676,0.0,1.88,0.0,0.0
2.579111868,0.0,1.88,0.01,0.0
2.5801070150000003,0.0,1.88,0.01,0.0
2.581107697,0.0,1.88,0.0,0.0
2.5821131150000003,0.01,1.89,0.0,0.02
2.583108526,0.0,1.88,0.01,0.0
2.5841088460000003,0.01,1.89,0.01,0.01
2.5851163010000002,0.0,1.88,0.05,0.0
2.586110371,0.0,1.88,0.0,0.0
2.587065468,0.0,1.89,0.01,0.01
2.5881170840000003,0.0,1.89,0.03,0.0
2.5901007710000004,0.0,1.88,0.01,0.0
2.591015795,0.02,1.89,0.01,0.0
2.592111804,0.0,1.89,0.02,0.0
2.593024029,0.0,1.9,0.0,0.0
2.594121304,0.01,1.89,0.01,0.0
2.595025574,0.0,1.9,0.0,0.01
2.596049938,0.0,1.9,0.01,0.01
2.597113818,0.0,1.89,0.0,0.01
2.598018735,0.01,1.9,0.0,0.0
2.599000271,0.01,1.89,0.02,0.0
2.600252159,0.0,1.9,0.02,0.0
2.601011518,0.01,1.88,0.01,0.0
2.60201802,0.0,1.89,0.01,0.0
2.6031212860000004,0.0,1.91,0.0,0.0
2.6051040000000003,0.0,1.88,0.0,0.02
2.6061091370000002,0.0,1.87,0.0,0.0
2.6069751820000002,0.0,1.9,0.01,0.0
2.608114665,0.07,1.93,0.01,0.0
2.6090180810000003,0.0,1.88,0.0,0.0
2.6101000130000003,0.0,1.89,0.01,0.0
2.6110212930000003,0.01,1.9,0.0,0.0
2.612111504,0.01,1.9,0.01,0.0
2.612973062,0.01,1.89,0.0,0.0
2.614123701,0.0,1.9,0.0,0.0
2.6150233220000003,0.01,1.89,0.0,0.0
2.616109187,0.01,1.9,0.01,0.0
2.6181120470000003,0.02,1.9,0.0,0.0
2.618975562,0.0,1.9,0.01,0.0
2.6201162420000004,0.0,1.9,0.0,0.01
2.6210179630000003,0.0,1.9,0.01,0.0
2.6221211010000003,0.01,1.91,0.01,0.0
2.6230226180000003,0.0,1.91,0.01,0.0
2.624113914,0.0,1.91,0.0,0.0
2.624976681,0.01,1.9,0.07,0.03
2.6261228770000002,0.0,1.91,0.0,0.0
2.6269772280000003,0.0,1.91,0.01,0.0
2.628115075,0.01,1.92,0.01,0.01
2.6290198670000002,0.0,1.91,0.0,0.0
2.6300279680000003,0.01,1.92,0.03,0.0
2.631025567,0.0,1.92,0.01,0.0
2.6321524960000002,0.03,1.9,0.01,0.0
2.63421136,0.01,1.9,0.0,0.0
2.6350207130000003,0.01,1.91,0.06,0.0
2.636040345,0.01,1.92,0.02,0.0
2.6371207720000003,0.0,1.91,0.01,0.0
2.638118001,0.0,1.92,0.0,0.0
2.6391154890000004,0.01,1.93,0.0,0.0
2.6400789660000004,0.0,1.91,0.0,0.0
2.6411131880000003,0.03,1.92,0.01,0.0
2.642133932,0.0,1.95,0.0,0.01
2.6431293410000003,0.0,1.88,0.01,0.0
2.644120252,0.0,1.92,0.01,0.0
2.6451158,0.0,1.93,0.01,0.0
2.646133744,0.0,1.92,0.01,0.0
2.647065451,0.0,1.93,0.0,0.01
2.649104492,0.02,1.93,0.01,0.01
2.650065042,0.01,1.93,0.0,0.02
2.651107885,0.02,1.93,0.0,0.0
2.652120501,0.01,1.93,0.0,0.01
2.653019327,0.01,1.93,0.0,0.01
2.654109375,0.0,1.93,0.02,0.0
2.655110828,0.01,1.94,0.0,0.0
2.656106267,0.0,1.93,0.01,0.0
2.657112806,0.0,1.94,0.01,0.0
2.658115581,0.0,1.94,0.02,0.0
2.6591137490000003,0.0,1.94,0.01,0.01
2.660122996,0.01,1.94,0.01,0.0
2.66102513,0.0,1.95,0.0,0.0
2.662046927,0.0,1.95,0.02,0.01
2.6641189250000004,0.01,1.97,0.05,0.06
2.6650195080000003,0.0,1.96,0.0,0.0
2.6661157820000003,0.0,1.96,0.01,0.0
2.6670265200000003,0.01,1.97,0.01,0.01
2.668014835,0.01,1.97,0.0,0.01
2.6690498320000002,0.0,1.98,0.01,0.0
2.670024509,0.0,1.98,0.0,0.02
2.671010592,0.02,1.98,0.0,0.01
2.6720070070000004,0.0,1.98,0.0,0.01
2.673130856,0.0,1.99,0.01,0.01
2.673977573,0.0,2.0,0.01,0.0
2.675051888,0.0,1.99,0.01,0.0
2.6760177250000003,0.0,1.99,0.0,0.0
2.677030448,0.0,1.99,0.01,0.0
2.678153389,0.0,2.0,0.01,0.0
2.6801191130000004,0.0,1.99,0.0,0.07
2.681020797,0.0,1.99,0.01,0.0
2.68218668,0.0,1.97,0.01,0.0
2.683021849,0.0,2.0,0.01,0.01
2.6841292660000002,0.0,1.98,0.0,0.01
2.6850171,0.0,2.0,0.0,0.06
2.6861144820000002,0.0,2.0,0.0,0.0
2.6871325130000003,0.0,2.01,0.01,0.01
2.68801804,0.0,2.0,0.01,0.01
2.6891393270000004,0.01,2.01,0.01,0.0
2.690018486,0.0,2.02,0.01,0.0
2.6910273780000002,0.0,2.01,0.0,0.01
2.692006805,0.01,2.0,0.02,0.0
2.693304226,0.0,2.01,0.0,0.0
2.695206326,0.0,2.01,0.0,0.0
2.696022128,0.17,2.02,0.02,0.0
2.697120357,0.0,2.01,0.01,0.0
2.6981666370000004,0.0,2.01,0.01,0.0
2.699048516,0.01,2.02,0.0,0.01
2.700212517,0.01,2.01,0.01,0.01
2.701457115,0.01,2.02,0.0,0.01
2.701991791,0.0,2.02,0.04,0.06
2.703042421,0.0,2.01,0.01,0.0
2.704106726,0.0,2.03,0.01,0.0
2.705035671,0.0,2.02,0.0,0.0
2.7062200300000003,0.0,2.01,0.0,0.0
2.7070324560000003,0.0,2.01,0.0,0.0
2.708205108,0.01,2.01,0.0,0.0
2.710119295,0.01,2.02,0.0,0.0
2.711122623,0.0,2.02,0.01,0.01
2.712226147,0.0,2.01,0.02,0.0
2.712977549,0.01,2.01,0.0,0.0
2.714090331,0.0,2.01,0.02,0.02
2.7151809680000003,0.0,2.01,0.03,0.01
2.71601779,0.07,1.97,0.04,0.01
2.7171567650000004,0.0,2.01,0.01,0.01
2.7180115820000004,0.02,2.01,0.02,0.0
2.719237143,0.0,2.0,0.01,0.0
2.720026874,0.0,2.01,0.01,0.01
2.721158469,0.01,2.01,0.02,0.0
2.7220359430000003,0.0,2.01,0.01,0.0
2.723368937,0.0,2.02,0.0,0.03
2.725126566,0.0,2.0,0.01,0.0
2.726253765,0.0,2.0,0.01,0.0
2.7270815830000004,0.0,1.99,0.0,0.0
2.7281374200000004,0.0,1.99,0.01,0.0
2.729124645,0.0,1.98,0.02,0.0
2.7301122710000003,0.0,1.99,0.01,0.0
2.731095131,0.0,2.0,0.01,0.0
2.732119114,0.0,2.0,0.01,0.0
2.7331503350000004,0.01,1.99,0.0,0.0
2.734019415,0.01,1.99,0.01,0.01
2.735161615,0.0,1.99,0.01,0.01
2.736116951,0.0,2.0,0.01,0.0
2.7371422510000003,0.0,2.0,0.0,0.0
2.7381721540000004,0.0,2.0,0.01,0.0
2.740158884,0.0,1.99,0.01,0.0
2.7411165910000004,0.0,2.0,0.01,0.0
2.7421114870000003,0.0,2.0,0.01,0.01
2.743188871,0.0,2.02,0.0,0.0
2.7440209020000004,0.0,2.0,0.01,0.0
2.7450619410000003,0.0,2.0,0.01,0.0
2.746126819,0.01,1.99,0.0,0.0
2.747137081,0.0,1.95,0.03,0.0
2.74812812,0.0,2.0,0.0,0.0
2.749123212,0.0,2.0,0.01,0.01
2.7501413450000003,0.02,2.0,0.0,0.01
2.7511184060000002,0.0,2.01,0.0,0.01
2.7521737390000003,0.0,2.01,0.0,0.0
2.7541330160000004,0.0,2.03,0.0,0.0
2.75502306,0.01,2.01,0.01,0.0
2.756065131,0.0,2.01,0.02,0.0
2.757117308,0.0,2.01,0.0,0.0
2.7581263660000004,0.0,2.0,0.03,0.0
2.7590514820000003,0.0,2.0,0.02,0.0
2.760217234,0.0,2.01,0.0,0.0
2.761019236,0.0,2.01,0.0,0.0
2.762125857,0.03,2.06,0.0,0.02
2.7630216620000003,0.02,1.99,0.03,0.0
2.764109995,0.0,2.01,0.01,0.0
2.7652079510000003,0.0,2.01,0.0,0.0
2.766008587,0.0,2.01,0.01,0.0
2.767129446,0.0,2.01,0.01,0.0
2.768062753,0.01,1.99,0.0,0.0
2.7691240450000003,0.01,2.0,0.0,0.0
2.771119815,0.0,2.01,0.03,0.01
2.772124115,0.01,2.01,0.01,0.0
2.7731130910000004,0.0,1.98,0.0,0.0
2.7741261130000003,0.01,2.0,0.0,0.01
2.775119009,0.0,2.01,0.0,0.01
2.7760719110000003,0.01,2.01,0.0,0.0
2.777131245,0.01,2.02,0.0,0.0
2.7780217350000003,0.0,2.02,0.0,0.0
2.779121121,0.0,2.01,0.01,0.01
2.7800258230000003,0.04,2.04,0.02,0.0
2.7811253390000004,0.01,2.02,0.0,0.0
2.782158452,0.0,2.02,0.01,0.01
2.783050648,0.0,2.01,0.02,0.0
2.784110906,0.0,2.02,0.01,0.01
2.786231905,0.01,2.02,0.01,0.0
2.787017063,0.0,2.03,0.0,0.0
2.7881941560000003,0.0,2.02,0.01,0.01
2.7890235860000003,0.0,2.02,0.01,0.01
2.790263039,0.01,2.02,0.02,0.0
2.7910173350000003,0.0,2.01,0.01,0.0
2.7921193040000003,0.0,2.03,0.0,0.0
2.7931267130000004,0.01,2.02,0.01,0.0
2.7941179650000003,0.0,2.01,0.0,0.01
2.795123953,0.01,2.02,0.0,0.0
2.7961271620000003,0.01,2.01,0.03,0.0
2.798135147,0.01,2.04,0.01,0.01
2.7990509120000002,0.0,2.03,0.01,0.01
2.8000261830000004,0.01,2.01,0.0,0.01
2.801021593,0.02,2.03,0.0,0.02
2.802126979,0.0,2.02,0.01,0.01
2.803025656,0.0,2.05,0.0,0.01
2.8041318680000002,0.0,2.01,0.01,0.0
2.8050264360000003,0.0,2.03,0.0,0.0
2.806121075,0.0,2.04,0.01,0.0
2.807126498,0.01,2.03,0.0,0.0
2.808059687,0.0,2.02,0.02,0.0
2.809111783,0.01,2.03,0.01,0.0
2.8100189290000004,0.01,2.05,0.01,0.03
2.811019598,0.0,2.03,0.01,0.01
2.812034101,0.01,2.03,0.01,0.0
2.813015623,0.0,2.03,0.01,0.0
2.814013086,0.0,2.03,0.01,0.0
2.8150560390000003,0.0,2.02,0.02,0.0
2.8170436110000003,0.0,2.03,0.01,0.01
2.818030619,0.0,2.03,0.01,0.0
2.819050969,0.0,2.03,0.01,0.0
2.820005487,0.0,2.05,0.0,0.03
2.8210131730000003,0.0,2.04,0.0,0.0
2.8220111670000003,0.0,2.02,0.0,0.0
2.82300956,0.0,2.03,0.0,0.0
2.824010136,0.0,2.03,0.0,0.02
2.8250127480000002,0.0,2.04,0.0,0.01
2.826010359,0.0,2.04,0.01,0.0
2.827007259,0.0,2.03,0.0,0.01
2.828005204,0.0,2.03,0.0,0.0
2.8290065770000004,0.01,2.02,0.05,0.01
2.8301128390000003,0.0,2.05,0.01,0.01
2.8321122830000003,0.0,2.05,0.0,0.01
2.8330234090000004,0.0,2.07,0.0,0.01
2.8341091460000003,0.02,2.04,0.01,0.0
2.834972896,0.01,2.04,0.0,0.01
2.836141233,0.0,2.03,0.0,0.0
2.8370220230000003,0.0,2.04,0.0,0.0
2.838250206,0.0,2.05,0.0,0.01
2.8390185530000003,0.0,2.04,0.01,0.0
2.840142278,0.01,2.04,0.0,0.0
2.841022371,0.01,2.04,0.0,0.0
2.842123721,0.0,2.05,0.01,0.0
2.843027916,0.0,2.03,0.01,0.01
2.8442106500000004,0.01,2.05,0.01,0.0
2.8460135970000002,0.0,2.06,0.01,0.0
2.84699793,0.0,2.05,0.0,0.0
2.848111507,0.0,2.05,0.01,0.0
2.849049518,0.01,2.12,0.02,0.01
2.8501092260000003,0.0,2.05,0.0,0.01
2.851172333,0.01,2.06,0.0,0.0
2.8520254360000004,0.0,2.06,0.01,0.0
2.853134347,0.0,2.07,0.01,0.0
2.8540227970000003,0.01,2.07,0.01,0.0
2.8551461180000004,0.0,2.07,0.0,0.0
2.856027742,0.0,2.07,0.0,0.0
2.8570122270000002,0.0,2.07,0.01,0.0
2.858014997,0.0,2.07,0.0,0.0
2.859155533,0.0,2.07,0.01,0.0
2.8611095090000003,0.01,2.08,0.01,0.01
2.862108345,0.0,2.07,0.0,0.0
2.86311319,0.0,2.07,0.0,0.0
2.864104916,0.0,2.08,0.02,0.0
2.8650589980000003,0.0,2.08,0.0,0.0
2.866109267,0.01,2.08,0.01,0.0
2.8669759630000002,0.0,2.08,0.01,0.01
2.8681413040000003,0.01,2.08,0.01,0.0
2.869021236,0.0,2.07,0.01,0.0
2.870060418,0.0,2.08,0.01,0.01
2.8710277680000003,0.0,2.1,0.0,0.01
2.872077102,0.01,2.08,0.0,0.01
2.8730589980000003,0.01,2.1,0.0,0.01
2.8742553710000003,0.01,2.09,0.0,0.01
2.876135715,0.15,2.11,0.01,0.01
2.8770186100000004,0.0,2.08,0.02,0.0
2.8780783380000003,0.0,2.09,0.01,0.0
2.8791116260000003,0.0,2.09,0.01,0.01
2.880094621,0.0,2.09,0.01,0.0
2.8810225480000002,0.0,2.09,0.03,0.0
2.882101861,0.0,2.09,0.01,0.0
2.8831163770000003,0.0,2.09,0.0,0.0
2.884214703,0.0,2.09,0.0,0.0
2.885044304,0.0,2.09,0.0,0.0
2.886114606,0.0,2.09,0.01,0.0
2.8881613,0.0,2.09,0.01,0.0
2.8890184690000003,0.01,2.09,0.0,0.02
2.89002483,0.0,2.09,0.0,0.0
2.8911120510000003,0.0,2.1,0.01,0.0
2.892019227,0.0,2.08,0.01,0.0
2.893125049,0.0,2.09,0.01,0.01
2.894018683,0.0,2.1,0.01,0.0
2.8951267450000002,0.01,2.11,0.01,0.0
2.8960227250000004,0.01,2.1,0.01,0.03
2.897113124,0.0,2.1,0.01,0.0
2.8981107500000003,0.0,2.1,0.01,0.0
2.899127817,0.0,2.11,0.01,0.0
2.900120208,0.0,2.09,0.0,0.0
2.901118286,0.03,2.1,0.01,0.0
2.9021227130000002,0.0,2.09,0.01,0.0
2.9031970680000003,0.0,2.11,0.02,0.0
2.904033886,0.0,2.11,0.0,0.0
2.906113996,0.01,2.11,0.01,0.01
2.907108473,0.0,2.11,0.0,0.0
2.908109354,0.02,2.11,0.01,0.0
2.909056977,0.0,2.11,0.02,0.0
2.9102029120000004,0.0,2.11,0.0,0.02
2.9109741920000003,0.0,2.1,0.04,0.0
2.912099013,0.0,2.11,0.01,0.01
2.913118921,0.0,2.12,0.0,0.0
2.9141072830000003,0.01,2.11,0.01,0.0
2.915088039,0.0,2.12,0.02,0.0
2.9161168230000003,0.0,2.12,0.01,0.01
2.9169955300000003,0.0,2.11,0.01,0.0
2.918008502,0.0,2.12,0.0,0.0
2.919270306,0.01,2.12,0.01,0.0
2.921012929,0.0,2.12,0.01,0.01
2.922098863,0.01,2.13,0.0,0.01
2.9230228250000003,0.0,2.13,0.01,0.0
2.924196394,0.02,2.13,0.0,0.0
2.925016775,0.02,2.13,0.03,0.02
2.926107349,0.0,2.13,0.01,0.0
2.9271077890000003,0.01,2.15,0.0,0.01
2.92810982,0.0,2.13,0.0,0.01
2.929104236,0.01,2.13,0.01,0.0
2.9301094940000003,0.0,2.13,0.0,0.0
2.931105623,0.0,2.14,0.01,0.0
2.932115441,0.0,2.13,0.0,0.0
2.9331358670000003,0.0,2.13,0.0,0.0
2.9340170540000003,0.01,2.15,0.0,0.0
2.935114764,0.0,2.14,0.0,0.0
2.9370600170000003,0.0,2.14,0.08,0.0
2.938196512,0.0,2.14,0.01,0.01
2.93901894,0.02,2.14,0.02,0.0
2.93999623,0.01,2.14,0.01,0.0
2.941307505,0.0,2.14,0.01,0.0
2.9419803730000003,0.0,2.13,0.01,0.01
2.9431269060000003,0.01,2.15,0.04,0.04
2.944038325,0.0,2.13,0.0,0.02
2.9450672090000003,0.01,2.15,0.01,0.0
2.946108991,0.0,2.14,0.0,0.01
2.947119845,0.0,2.14,0.0,0.01
2.948114104,0.0,2.14,0.01,0.0
2.9491351750000003,0.01,2.15,0.0,0.02
2.9500179060000002,0.0,2.14,0.01,0.0
2.9511459930000004,0.06,2.18,0.07,0.05
2.953105701,0.0,2.14,0.01,0.0
2.9541366200000003,0.0,2.15,0.01,0.0
2.955122455,0.0,2.14,0.01,0.0
2.9561088800000004,0.0,2.14,0.0,0.0
2.957111391,0.0,2.14,0.01,0.0
2.958113904,0.0,2.15,0.0,0.02
2.95911028,0.0,2.13,0.01,0.0
2.960102721,0.0,2.13,0.0,0.0
2.9610612090000004,0.0,2.12,0.0,0.0
2.9621232230000003,0.0,2.14,0.02,0.0
2.9630319210000002,0.01,2.14,0.02,0.03
2.964064478,0.0,2.13,0.01,0.0
2.965151328,0.0,2.14,0.0,0.0
2.967118543,0.0,2.14,0.0,0.0
2.968163922,0.01,2.13,0.0,0.01
2.969268794,0.08,2.15,0.01,0.0
2.970009715,0.0,2.11,0.0,0.0
2.9711388210000003,0.0,2.14,0.04,0.0
2.971971141,0.0,2.12,0.0,0.0
2.9731128690000004,0.0,2.13,0.0,0.0
2.9741256710000004,0.0,2.14,0.01,0.01
2.9751824570000003,0.0,2.14,0.0,0.01
2.9759981470000003,0.0,2.14,0.01,0.0
2.9771622630000003,0.0,2.15,0.01,0.0
2.978026906,0.0,2.14,0.01,0.0
2.979145647,0.01,2.15,0.01,0.0
2.9801267630000003,0.0,2.15,0.01,0.01
2.9820123940000003,0.0,2.12,0.0,0.0
2.9831164840000004,0.0,2.14,0.0,0.0
2.984015383,0.0,2.13,0.0,0.01
2.9851140660000004,0.0,2.14,0.0,0.0
2.98602034,0.03,2.14,0.01,0.0
2.9871154140000002,0.01,2.14,0.01,0.06
2.9880199170000004,0.0,2.14,0.0,0.0
2.98910737,0.0,2.15,0.0,0.0
2.989975619,0.0,2.14,0.01,0.0
2.991126258,0.0,2.14,0.0,0.01
2.9920189180000003,0.06,2.11,0.04,0.02
2.9931127980000003,0.0,2.14,0.01,0.01
2.9940577310000003,0.0,2.13,0.0,0.0
2.9950286210000003,0.0,2.14,0.01,0.0
2.996016974,0.0,2.14,0.0,0.0
2.9981031860000003,0.0,2.14,0.02,0.0
2.999028806,0.0,2.14,0.0,0.01
3.000113792,0.02,2.14,0.02,0.02
3.0009979380000003,0.0,2.14,0.01,0.0
3.002559037,0.0,2.13,0.01,0.0
3.0033459430000002,0.01,2.14,0.01,0.0
3.004084438,0.02,2.13,0.0,0.01
3.0050937600000003,0.0,2.13,0.02,0.01
3.0060928600000003,0.0,2.13,0.01,0.0
3.007066334,0.01,2.13,0.0,0.0
3.00804456,0.0,2.14,0.01,0.01
3.009048961,0.0,2.13,0.0,0.0
3.010077181,0.02,2.13,0.02,0.01
3.0110970470000002,0.0,2.13,0.01,0.04
3.0131637440000003,0.0,2.13,0.02,0.0
3.0141676100000003,0.0,2.14,0.0,0.02
3.015042271,0.0,2.13,0.0,0.0
3.0161079350000004,0.0,2.13,0.01,0.0
3.0170198430000004,0.0,2.13,0.01,0.0
3.0181046580000004,0.0,2.13,0.0,0.0
3.019140505,0.02,2.1,0.0,0.03
3.020028693,0.0,2.09,0.0,0.01
3.0211196240000002,0.02,2.12,0.02,0.0
3.022110166,0.0,2.12,0.0,0.0
3.0231364980000004,0.0,2.13,0.01,0.0
3.02411537,0.0,2.12,0.02,0.0
3.0251515,0.0,2.12,0.0,0.0
3.0261620610000004,0.0,2.11,0.02,0.0
3.02811056,0.0,2.1,0.01,0.0
3.029130551,0.0,2.12,0.0,0.0
3.030150464,0.01,2.11,0.0,0.01
3.0311156080000003,0.0,2.11,0.01,0.02
3.03201424,0.0,2.1,0.0,0.01
3.033018064,0.01,2.12,0.02,0.0
3.0340261870000003,0.0,2.18,0.04,0.0
3.0350290880000004,0.0,2.11,0.01,0.05
3.035974022,0.0,2.11,0.01,0.0
3.037008461,0.01,2.11,0.01,0.01
3.0380136450000004,0.0,2.11,0.01,0.04
3.0391422820000003,0.01,2.11,0.0,0.01
3.04102592,0.03,2.1,0.01,0.0
3.042012562,0.01,2.1,0.03,0.0
3.04300884,0.01,2.1,0.0,0.0
3.044006153,0.02,2.09,0.02,0.01
3.045007549,0.0,2.1,0.01,0.0
3.046009326,0.0,2.1,0.01,0.0
3.047000966,0.0,2.09,0.01,0.01
3.048014051,0.01,2.1,0.01,0.0
3.049008948,0.0,2.09,0.01,0.0
3.0500425360000003,0.02,2.1,0.0,0.0
3.051002233,0.0,2.1,0.0,0.0
3.0520067280000003,0.01,2.1,0.01,0.0
3.053112764,0.01,2.09,0.0,0.0
3.0541075400000004,0.01,2.11,0.0,0.0
3.055124992,0.0,2.09,0.01,0.0
3.0571151760000004,0.0,2.09,0.01,0.0
3.0579792610000003,0.0,2.09,0.01,0.01
3.0591352940000003,0.0,2.1,0.01,0.0
3.060018137,0.0,2.09,0.0,0.0
3.061119481,0.0,2.07,0.0,0.0
3.062119645,0.01,2.09,0.01,0.0
3.0629723560000004,0.01,2.1,0.0,0.0
3.0642389700000003,0.0,2.09,0.01,0.01
3.065018997,0.0,2.09,0.01,0.0
3.066139476,0.0,2.09,0.01,0.0
3.067028783,0.0,2.09,0.0,0.01
3.0680350840000004,0.0,2.09,0.01,0.0
3.069197883,0.0,2.09,0.01,0.03
3.0700162,0.02,2.09,0.01,0.0
3.071130934,0.01,2.1,0.0,0.0
3.0721174290000004,0.0,2.1,0.01,0.0
3.0731211870000004,0.0,2.08,0.04,0.0
3.075103958,0.01,2.12,0.0,0.0
3.0761085020000003,0.0,2.08,0.01,0.0
3.0771063680000004,0.0,2.08,0.02,0.01
3.0781058310000002,0.01,2.08,0.0,0.0
3.079102901,0.01,2.09,0.03,0.0
3.0801124460000002,0.0,2.09,0.0,0.02
3.081108432,0.0,2.08,0.05,0.02
3.082149368,0.01,2.09,0.01,0.0
3.08312988,0.01,2.08,0.01,0.0
3.0841070040000003,0.0,2.09,0.01,0.0
3.0851135710000004,0.0,2.09,0.02,0.0
3.086125066,0.0,2.1,0.0,0.0
3.087113024,0.01,2.1,0.02,0.0
3.0881272670000004,0.0,2.09,0.01,0.05
3.090108568,0.0,2.11,0.0,0.01
3.0911133480000004,0.0,2.1,0.02,0.0
3.0921042940000003,0.0,2.09,0.01,0.0
3.093103108,0.0,2.11,0.01,0.0
3.094118167,0.0,2.08,0.0,0.01
3.095062604,0.01,2.1,0.01,0.0
3.096121306,0.0,2.1,0.0,0.0
3.097028978,0.0,2.11,0.01,0.01
3.0981055370000004,0.0,2.14,0.04,0.01
3.099105593,0.0,2.11,0.01,0.02
3.1002020740000003,0.0,2.11,0.01,0.0
3.1009773220000003,0.0,2.11,0.01,0.0
3.103112996,0.0,2.12,0.0,0.0
3.1041053090000004,0.0,2.11,0.01,0.0
3.1051388170000003,0.0,2.08,0.01,0.0
3.106106098,0.0,2.1,0.0,0.0
3.1070152770000004,0.0,2.11,0.01,0.0
3.108111082,0.0,2.11,0.0,0.01
3.109107981,0.01,2.12,0.0,0.0
3.110106001,0.0,2.1,0.01,0.0
3.1111562420000003,0.0,2.1,0.0,0.01
3.1119852420000003,0.0,2.12,0.0,0.01
3.1131679400000003,0.01,2.11,0.0,0.0
3.114025756,0.02,2.11,0.01,0.0
3.1150149480000002,0.06,2.14,0.12,0.01
3.1161865520000003,0.03,2.11,0.0,0.0
3.118115361,0.01,2.11,0.01,0.02
3.119101092,0.01,2.11,0.01,0.0
3.1201157470000003,0.01,2.1,0.01,0.0
3.1211059010000004,0.0,2.09,0.0,0.0
3.12210505,0.0,2.11,0.01,0.0
3.1231449860000002,0.0,2.13,0.01,0.0
3.124022983,0.01,2.12,0.01,0.0
3.125118318,0.01,2.12,0.01,0.0
3.1262343770000003,0.0,2.11,0.0,0.0
3.127038933,0.0,2.11,0.01,0.0
3.1280634540000003,0.0,2.12,0.03,0.01
3.129158991,0.0,2.12,0.01,0.0
3.1311524260000003,0.0,2.12,0.01,0.0
3.1320206940000004,0.01,2.12,0.01,0.0
3.133110721,0.0,2.11,0.0,0.0
3.134119752,0.0,2.12,0.01,0.0
3.1351155580000003,0.02,2.12,0.01,0.0
3.1361047440000003,0.01,2.11,0.02,0.0
3.1371139030000004,0.0,2.1,0.0,0.01
3.13810761,0.0,2.12,0.01,0.0
3.1391165140000004,0.0,2.11,0.0,0.0
3.1400571740000003,0.01,2.11,0.0,0.0
3.141110772,0.0,2.11,0.0,0.0
3.1421056650000003,0.0,2.11,0.0,0.0
3.1431451210000003,0.0,2.12,0.01,0.0
3.144116658,0.0,2.12,0.01,0.0
3.14513833,0.0,2.11,0.0,0.0
3.14613588,0.0,2.12,0.01,0.0
3.147108142,0.0,2.1,0.04,0.02
3.149099086,0.0,2.12,0.01,0.0
3.150111149,0.0,2.12,0.01,0.01
3.151110822,0.0,2.12,0.0,0.0
3.1521114040000002,0.0,2.12,0.0,0.01
3.153121371,0.0,2.13,0.01,0.0
3.1541131300000003,0.01,2.11,0.0,0.01
3.1551292560000004,0.0,2.14,0.01,0.01
3.156133611,0.0,2.12,0.0,0.0
3.1571585570000003,0.01,2.13,0.01,0.0
3.158015378,0.02,2.12,0.0,0.0
3.1590382320000003,0.0,2.14,0.01,0.0
3.160278668,0.0,2.12,0.02,0.01
3.162101658,0.02,2.15,0.11,0.06
3.163114982,0.04,2.13,0.02,0.0
3.164184012,0.0,2.13,0.01,0.0
3.165053962,0.01,2.13,0.01,0.0
3.1661129160000003,0.04,2.14,0.02,0.01
3.167110302,0.01,2.13,0.01,0.0
3.168111809,0.01,2.14,0.01,0.0
3.1691410720000004,0.0,2.2,0.01,0.0
3.1701203700000002,0.0,2.14,0.04,0.0
3.1711053270000003,0.0,2.15,0.0,0.0
3.172149055,0.0,2.14,0.0,0.0
3.1731372010000003,0.0,2.14,0.02,0.01
3.174110826,0.0,2.14,0.02,0.0
3.175109258,0.05,2.11,0.0,0.0
3.1761087490000004,0.0,2.13,0.01,0.0
3.1771337560000004,0.0,2.14,0.01,0.0
3.179110902,0.0,2.14,0.02,0.0
3.180135071,0.0,2.14,0.01,0.0
3.18111976,0.01,2.17,0.0,0.0
3.182103869,0.0,2.15,0.01,0.02
3.183116651,0.0,2.14,0.0,0.0
3.1841106960000003,0.0,2.1,0.0,0.0
3.1851180190000004,0.0,2.14,0.01,0.0
3.186108325,0.0,2.14,0.0,0.0
3.1872026,0.0,2.13,0.01,0.0
3.188018602,0.01,2.16,0.01,0.02
3.189227116,0.0,2.14,0.01,0.0
3.1900160160000004,0.0,2.14,0.01,0.01
3.1911772170000003,0.03,2.16,0.09,0.06
3.193363005,0.0,2.13,0.01,0.0
3.193996437,0.01,2.14,0.0,0.01
3.195142842,0.01,2.14,0.0,0.01
3.1961597900000003,0.0,2.13,0.01,0.01
3.197111731,0.07,2.14,0.0,0.0
3.1981216210000003,0.0,2.14,0.02,0.06
3.1991160670000003,0.0,2.13,0.0,0.01
3.200113977,0.0,2.14,0.0,0.0
3.201115387,0.01,2.14,0.03,0.0
3.2021606740000004,0.01,2.14,0.01,0.0
3.2031114880000002,0.01,2.14,0.01,0.0
3.204064358,0.0,2.14,0.0,0.03
3.205146619,0.0,2.14,0.01,0.0
3.20615261,0.0,2.14,0.0,0.0
3.207307118,0.0,2.14,0.01,0.0
3.209012565,0.0,2.14,0.0,0.05
3.2101043320000002,0.0,2.13,0.01,0.0
3.2111094550000003,0.0,2.14,0.02,0.0
3.2120215,0.01,2.14,0.01,0.02
3.213111198,0.03,2.14,0.0,0.0
3.21402065,0.01,2.12,0.01,0.0
3.215116938,0.0,2.14,0.0,0.03
3.2161530000000003,0.0,2.14,0.01,0.0
3.2171230570000002,0.0,2.14,0.01,0.0
3.2181923880000003,0.01,2.14,0.01,0.0
3.219030167,0.0,2.17,0.0,0.0
3.2201265660000002,0.0,2.14,0.01,0.0
3.2210487050000003,0.02,2.15,0.01,0.0
3.223142605,0.0,2.15,0.01,0.0
3.22401674,0.01,2.14,0.01,0.01
3.2251109430000002,0.0,2.12,0.04,0.03
3.226109138,0.0,2.14,0.01,0.0
3.2271286430000004,0.0,2.14,0.0,0.0
3.2281103030000002,0.0,2.15,0.0,0.0
3.229172928,0.0,2.14,0.01,0.0
3.23001722,0.0,2.11,0.01,0.0
3.231138065,0.03,2.2,0.06,0.01
3.232167394,0.0,2.15,0.01,0.0
3.2331179640000003,0.0,2.15,0.0,0.0
3.234154455,0.0,2.14,0.01,0.0
3.2351190400000003,0.0,2.15,0.01,0.0
3.23615354,0.0,2.15,0.01,0.0
3.23717238,0.0,2.14,0.01,0.0
3.239100769,0.0,2.15,0.02,0.0
3.2400144810000002,0.0,2.15,0.0,0.01
3.241112916,0.05,2.15,0.01,0.0
3.2420157200000004,0.01,2.15,0.01,0.01
3.243119327,0.0,2.16,0.0,0.01
3.244018708,0.01,2.16,0.01,0.01
3.245112454,0.01,2.15,0.01,0.01
3.2461355760000004,0.0,2.16,0.01,0.0
3.2471642230000004,0.01,2.21,0.0,0.02
3.248015306,0.0,2.16,0.01,0.01
3.24925597,0.0,2.13,0.01,0.01
3.251270126,0.0,2.16,0.01,0.01
3.251989109,0.0,2.16,0.01,0.01
3.2530856900000003,0.01,2.15,0.01,0.0
3.254163177,0.01,2.15,0.01,0.0
3.2550135210000004,0.0,2.17,0.01,0.0
3.256114793,0.0,2.16,0.01,0.0
3.257179169,0.0,2.15,0.01,0.0
3.258120699,0.01,2.17,0.01,0.0
3.259114164,0.03,2.15,0.0,0.15
3.260121889,0.01,2.15,0.02,0.01
3.2611060600000004,0.0,2.15,0.0,0.0
3.2621448,0.0,2.15,0.01,0.01
3.2631601960000003,0.0,2.16,0.0,0.0
3.2641085050000003,0.0,2.16,0.0,0.0
3.265008652,0.0,2.15,0.02,0.0
3.2661484940000003,0.0,2.16,0.01,0.0
3.267017297,0.01,2.17,0.01,0.01
3.268119269,0.0,2.16,0.01,0.0
3.2701092820000004,0.0,2.16,0.01,0.0
3.2711137210000003,0.0,2.16,0.01,0.0
3.2721336040000004,0.01,2.16,0.01,0.0
3.2731229290000003,0.0,2.17,0.0,0.0
3.274127608,0.0,2.14,0.03,0.0
3.2751137420000003,0.0,2.2,0.01,0.01
3.276140664,0.03,2.16,0.0,0.0
3.277132319,0.0,2.16,0.01,0.01
3.278136818,0.0,2.17,0.02,0.01
3.279115741,0.0,2.16,0.01,0.0
3.2802495570000003,0.01,2.15,0.01,0.0
3.281029717,0.0,2.14,0.0,0.0
3.282084733,0.0,2.17,0.0,0.0
3.283116526,0.0,2.17,0.0,0.02
3.285332448,0.0,2.16,0.02,0.02
3.2859782340000003,0.0,2.16,0.0,0.01
3.287105823,0.0,2.17,0.0,0.0
3.2881123600000004,0.01,2.17,0.01,0.0
3.2891916520000004,0.01,2.16,0.01,0.0
3.2900062240000003,0.0,2.14,0.01,0.01
3.291106506,0.01,2.17,0.01,0.01
3.292121034,0.0,2.18,0.03,0.06
3.2931173800000004,0.01,2.18,0.01,0.0
3.2941186190000002,0.01,2.18,0.0,0.0
3.2951351690000004,0.0,2.18,0.0,0.0
3.2960456600000003,0.0,2.17,0.01,0.0
3.2971530230000003,0.02,2.19,0.01,0.0
3.2991078180000004,0.0,2.18,0.01,0.0
3.300061207,0.01,2.18,0.02,0.0
3.301108036,0.0,2.19,0.0,0.0
3.302147391,0.0,2.17,0.01,0.02
3.303020533,0.0,2.18,0.0,0.0
3.3041227650000002,0.0,2.18,0.01,0.0
3.305117774,0.0,2.18,0.01,0.0
3.3061122050000002,0.0,2.18,0.01,0.01
3.3071301280000003,0.0,2.2,0.0,0.0
3.3080222210000003,0.0,2.17,0.02,0.0
3.309111295,0.0,2.18,0.0,0.01
3.3100229310000002,0.01,2.19,0.01,0.0
3.311392516,0.0,2.16,0.0,0.0
3.3130804400000002,0.0,2.19,0.02,0.0
3.314017852,0.0,2.17,0.01,0.0
3.315115966,0.01,2.19,0.01,0.0
3.316117953,0.0,2.16,0.0,0.0
3.317128304,0.01,2.17,0.0,0.0
3.31797238,0.01,2.21,0.01,0.0
3.3191452850000003,0.0,2.19,0.01,0.0
3.320220234,0.0,2.18,0.0,0.01
3.3209944780000002,0.0,2.19,0.01,0.0
3.322086482,0.0,2.18,0.03,0.0
3.3230300550000003,0.0,2.18,0.0,0.0
3.3241238390000003,0.01,2.19,0.0,0.0
3.3250372660000003,0.0,2.18,0.02,0.0
3.3261379200000003,0.0,2.18,0.0,0.0
3.3281104920000004,0.0,2.19,0.01,0.0
3.3290182500000003,0.0,2.18,0.02,0.0
3.330116674,0.0,2.18,0.0,0.0
3.3311415540000002,0.02,2.18,0.01,0.0
3.3319783490000003,0.0,2.18,0.01,0.0
3.3331184350000003,0.01,2.17,0.03,0.0
3.333983711,0.0,2.18,0.01,0.01
3.335140667,0.0,2.18,0.0,0.02
3.336029388,0.02,2.17,0.0,0.0
3.337109964,0.0,2.18,0.01,0.01
3.338018732,0.01,2.18,0.01,0.0
3.339060747,0.0,2.18,0.0,0.01
3.3401087680000003,0.0,2.18,0.0,0.0
3.3410155840000004,0.0,2.22,0.01,0.0
3.3421295950000003,0.02,2.17,0.01,0.0
3.3431296080000004,0.02,2.18,0.0,0.0
3.3450563640000004,0.0,2.18,0.0,0.0
3.346113592,0.0,2.18,0.01,0.01
3.3470183340000004,0.0,2.18,0.0,0.0
3.348124272,0.0,2.18,0.0,0.01
3.3490458380000003,0.0,2.18,0.0,0.0
3.3500430310000002,0.0,2.17,0.0,0.0
3.351115849,0.0,2.18,0.0,0.0
3.352013147,0.01,2.18,0.0,0.01
3.353125508,0.0,2.16,0.02,0.02
3.354015333,0.01,2.2,0.01,0.0
3.355288496,0.0,2.17,0.01,0.0
3.3559924260000003,0.01,2.18,0.01,0.01
3.3571248600000003,0.01,2.18,0.01,0.0
3.358049568,0.01,2.18,0.01,0.0
3.3591311370000003,0.0,2.15,0.04,0.01
3.3611131440000004,0.02,2.17,0.01,0.0
3.3621122530000003,0.0,2.18,0.03,0.01
3.3631598560000002,0.0,2.18,0.01,0.03
3.3640207340000003,0.0,2.18,0.0,0.01
3.365138733,0.0,2.18,0.0,0.01
3.366122442,0.0,2.18,0.0,0.0
3.367129437,0.0,2.18,0.0,0.01
3.3683008630000004,0.0,2.17,0.01,0.0
3.3690234620000004,0.0,2.17,0.01,0.0
3.3701062200000003,0.0,2.18,0.01,0.01
3.37113574,0.0,2.17,0.0,0.0
3.3731642230000003,0.0,2.19,0.0,0.0
3.374017668,0.0,2.17,0.01,0.01
3.3752205760000002,0.0,2.19,0.01,0.0
3.376139304,0.01,2.18,0.0,0.0
3.377223249,0.0,2.18,0.0,0.0
3.378092741,0.02,2.18,0.0,0.0
3.379152732,0.0,2.19,0.01,0.0
3.3801067290000004,0.0,2.19,0.01,0.0
3.381113554,0.0,2.18,0.01,0.01
3.382006855,0.0,2.18,0.01,0.01
3.383031442,0.0,2.19,0.0,0.01
3.384106511,0.01,2.18,0.02,0.0
3.38501823,0.01,2.19,0.01,0.03
3.3861186350000003,0.0,2.18,0.0,0.0
3.3871533410000003,0.0,2.18,0.01,0.0
3.388023414,0.02,2.2,0.01,0.0
3.3891244890000003,0.01,2.19,0.01,0.0
3.391121295,0.0,2.18,0.03,0.0
3.392114689,0.01,2.15,0.0,0.03
3.3931140830000004,0.01,2.18,0.0,0.0
3.394164861,0.02,2.18,0.02,0.01
3.394973074,0.0,2.18,0.0,0.03
3.396112269,0.01,2.17,0.0,0.0
3.39715181,0.0,2.16,0.01,0.0
3.39811759,0.0,2.22,0.0,0.0
3.3991157530000002,0.0,2.21,0.0,0.03
3.4001193180000002,0.0,2.18,0.02,0.02
3.4011176350000003,0.01,2.2,0.0,0.01
3.4020349920000004,0.02,2.17,0.0,0.0
3.4031488540000003,0.0,2.23,0.04,0.0
3.405022209,0.01,2.2,0.02,0.03
3.4060144990000003,0.0,2.18,0.03,0.01
3.4070090860000004,0.0,2.2,0.01,0.0
3.4080054000000004,0.0,2.16,0.01,0.01
3.409044798,0.0,2.19,0.01,0.0
3.410019468,0.0,2.18,0.01,0.01
3.4110119940000003,0.0,2.19,0.0,0.0
3.412002482,0.0,2.2,0.0,0.0
3.41300651,0.01,2.19,0.01,0.0
3.414008055,0.0,2.19,0.0,0.01
3.4150834120000004,0.0,2.19,0.01,0.02
3.415966703,0.0,2.19,0.0,0.0
3.416965728,0.0,2.19,0.01,0.0
3.4180033340000002,0.04,2.19,0.01,0.0
3.420008472,0.01,2.17,0.01,0.01
3.421013341,0.01,2.19,0.03,0.0
3.422013317,0.0,2.19,0.01,0.01
3.423014406,0.0,2.19,0.01,0.0
3.4240156830000004,0.0,2.19,0.02,0.0
3.425011689,0.0,2.19,0.01,0.0
3.4260163460000004,0.0,2.19,0.01,0.0
3.4269866120000003,0.0,2.19,0.0,0.0
3.4281443630000004,0.0,2.19,0.01,0.0
3.4290167520000003,0.01,2.19,0.01,0.01
3.430144829,0.01,2.18,0.02,0.0
3.432143962,0.0,2.19,0.01,0.01
3.4330186240000002,0.0,2.19,0.0,0.0
3.4341140450000003,0.01,2.19,0.01,0.0
3.4351376790000003,0.01,2.19,0.04,0.0
3.4360368090000004,0.01,2.2,0.01,0.02
3.4371926470000003,0.0,2.2,0.0,0.0
3.438036973,0.02,2.18,0.01,0.0
3.43911648,0.0,2.2,0.0,0.0
3.440209428,0.0,2.19,0.0,0.01
3.441017678,0.0,2.2,0.01,0.0
3.442022326,0.0,2.19,0.0,0.0
3.443117044,0.01,2.2,0.0,0.0
3.444136868,0.01,2.2,0.01,0.0
3.44512724,0.0,2.21,0.0,0.01
3.4461081310000004,0.01,2.19,0.01,0.0
3.447123443,0.0,2.19,0.0,0.0
3.4481145960000004,0.0,2.19,0.0,0.0
3.4491452750000002,0.0,2.18,0.01,0.01
3.4511562340000004,0.01,2.2,0.0,0.0
3.4521197690000003,0.0,2.2,0.0,0.0
3.453052447,0.02,2.2,0.01,0.0
3.454017426,0.0,2.2,0.01,0.0
3.455014928,0.0,2.2,0.01,0.0
3.456015128,0.0,2.13,0.01,0.03
3.4571134100000003,0.0,2.2,0.01,0.01
3.4580226020000002,0.0,2.19,0.0,0.0
3.4591188230000003,0.0,2.2,0.0,0.01
3.460017471,0.0,2.23,0.01,0.0
3.461117928,0.0,2.2,0.01,0.0
3.462022578,0.0,2.2,0.01,0.0
3.4631404160000003,0.0,2.2,0.0,0.01
3.4640120330000004,0.0,2.2,0.0,0.0
3.466113521,0.11,2.2,0.02,0.0
3.467034802,0.0,2.2,0.0,0.0
3.4682237230000004,0.0,2.19,0.01,0.0
3.4689867170000004,0.02,2.2,0.01,0.0
3.47012642,0.0,2.19,0.01,0.0
3.4710156430000003,0.0,2.19,0.0,0.01
3.472098023,0.02,2.21,0.04,0.01
3.4731100720000003,0.0,2.18,0.02,0.0
3.474107859,0.02,2.19,0.01,0.0
3.4751524000000003,0.0,2.19,0.01,0.03
3.4760178,0.01,2.18,0.0,0.01
3.4771325610000003,0.0,2.17,0.01,0.01
3.478058652,0.01,2.18,0.01,0.0
3.479136859,0.01,2.15,0.0,0.0
3.481046484,0.02,2.17,0.05,0.0
3.482133247,0.0,2.16,0.0,0.01
3.4831131460000004,0.04,2.1,0.0,0.02
3.4841833650000003,0.0,2.15,0.0,0.0
3.4850159400000003,0.0,2.17,0.01,0.02
3.4861300650000002,0.01,2.15,0.01,0.01
3.487115508,0.01,2.15,0.01,0.0
3.488118206,0.0,2.14,0.01,0.0
3.4891175960000003,0.0,2.15,0.03,0.0
3.4901300870000003,0.0,2.13,0.01,0.0
3.4911190980000004,0.0,2.12,0.02,0.01
3.492158256,0.0,2.08,0.01,0.01
3.4931635080000003,0.01,2.12,0.01,0.0
3.494125603,0.0,2.12,0.01,0.01
3.495110586,0.0,2.11,0.01,0.0
3.497058994,0.01,2.11,0.01,0.0
3.498160221,0.0,2.1,0.0,0.0
3.49897269,0.0,2.09,0.01,0.0
3.500127629,0.01,2.08,0.0,0.0
3.5010172920000002,0.0,2.07,0.01,0.0
3.50211921,0.01,2.09,0.01,0.0
3.5031384840000004,0.04,2.07,0.01,0.0
3.504109618,0.01,2.06,0.01,0.01
3.505114144,0.0,2.05,0.0,0.0
3.5060611930000003,0.0,2.05,0.01,0.0
3.5071370400000004,0.0,2.05,0.01,0.0
3.5091405140000003,0.0,2.05,0.01,0.0
3.5100186370000004,0.0,2.05,0.0,0.01
3.5110594400000004,0.01,2.06,0.01,0.0
3.5120210930000004,0.0,2.05,0.02,0.0
3.51303345,0.02,2.04,0.0,0.0
3.5140055950000004,0.0,2.03,0.01,0.0
3.5150312610000003,0.01,2.0,0.0,0.0
3.516138454,0.01,1.97,0.03,0.05
3.5170472580000003,0.0,2.0,0.0,0.0
3.5181224700000002,0.0,2.0,0.01,0.01
3.519167973,0.0,1.99,0.01,0.0
3.5199728550000002,0.01,1.97,0.01,0.0
3.5211340300000002,0.0,1.95,0.01,0.0
3.5220178790000003,0.0,1.94,0.0,0.0
3.5231299810000003,0.0,1.97,0.01,0.01
3.524018781,0.01,1.95,0.0,0.0
3.525116138,0.01,1.94,0.0,0.0
3.5270895600000003,0.0,1.9,0.0,0.0
3.5281668170000002,0.0,1.88,0.02,0.0
3.52902195,0.01,1.87,0.0,0.01
3.530119725,0.0,1.79,0.01,0.0
3.531025007,0.0,1.77,0.0,0.04
3.532109643,0.0,1.75,0.02,0.0
3.5330200190000003,0.0,1.75,0.01,0.0
3.5342540720000004,0.01,1.73,0.01,0.0
3.534984724,0.0,1.73,0.0,0.0
3.536168023,0.0,1.71,0.0,0.0
3.537017361,0.01,1.71,0.01,0.01
3.538135736,0.0,1.7,0.0,0.01
3.539145008,0.03,1.67,0.01,0.01
3.5410576070000004,0.0,1.65,0.0,0.03
3.5420186740000004,0.0,1.65,0.0,0.0
3.543108854,0.0,1.62,0.01,0.01
3.5440183320000003,0.0,1.6,0.01,0.0
3.545108121,0.0,1.61,0.0,0.03
3.546021316,0.0,1.6,0.01,0.0
3.547110355,0.0,1.59,0.0,0.0
3.5481036980000003,0.0,1.55,0.02,0.01
3.549106826,0.01,1.52,0.0,0.0
3.5501071960000004,0.0,1.51,0.0,0.01
3.5511388530000003,0.01,1.47,0.0,0.0
3.5521178840000003,0.0,1.42,0.01,0.0
3.5531333500000004,0.0,1.38,0.0,0.01
3.554145681,0.01,1.4,0.0,0.0
3.5560588080000004,0.0,1.35,0.01,0.0
3.557115243,0.0,1.34,0.01,0.0
3.558013653,0.0,1.33,0.02,0.0
3.559014201,0.01,1.31,0.01,0.01
3.560199663,0.0,1.3,0.01,0.0
3.5610433020000003,0.0,1.29,0.01,0.0
3.56211855,0.01,1.27,0.01,0.0
3.563016804,0.01,1.27,0.0,0.0
3.5641099260000004,0.0,1.27,0.0,0.01
3.565034116,0.0,1.24,0.02,0.01
3.5661321010000004,0.0,1.24,0.0,0.0
3.567113024,0.01,1.22,0.0,0.0
3.568037689,0.0,1.22,0.01,0.0
3.5691551820000003,0.01,1.21,0.0,0.0
3.5701032010000002,0.0,1.19,0.01,0.0
3.5721183360000004,0.0,1.2,0.01,0.01
3.5731244810000002,0.0,1.18,0.0,0.0
3.574039496,0.0,1.17,0.01,0.0
3.575169504,0.01,1.18,0.0,0.03
3.576014584,0.0,1.17,0.01,0.0
3.577112365,0.0,1.16,0.0,0.0
3.578211394,0.0,1.14,0.0,0.0
3.579022397,0.0,1.13,0.0,0.0
3.5803029480000004,0.01,1.14,0.0,0.0
3.581015743,0.05,1.11,0.03,0.01
3.5821831050000004,0.0,1.12,0.0,0.01
3.583026825,0.0,1.13,0.02,0.0
3.5841896560000004,0.01,1.14,0.0,0.0
3.5861088120000004,0.0,1.14,0.0,0.0
3.5871229220000003,0.0,1.14,0.0,0.0
3.588111571,0.01,1.13,0.01,0.01
3.58910894,0.0,1.11,0.0,0.0
3.5901170080000004,0.0,1.11,0.0,0.0
3.5911134230000004,0.0,1.13,0.01,0.01
3.5920344500000003,0.04,1.11,0.0,0.01
3.5931407220000002,0.01,1.11,0.02,0.01
3.5940159620000003,0.0,1.09,0.0,0.02
3.5951383650000004,0.01,1.08,0.0,0.03
3.596013606,0.01,1.07,0.01,0.01
3.597117501,0.04,1.07,0.0,0.0
3.598141468,0.0,1.05,0.0,0.0
3.5990380490000002,0.01,1.04,0.0,0.04
3.6001509510000003,0.0,1.02,0.03,0.0
3.602107149,0.0,1.05,0.0,0.0
3.6031505150000003,0.0,1.04,0.01,0.0
3.6041067690000004,0.01,1.03,0.01,0.01
3.6051083630000003,0.01,1.02,0.01,0.01
3.6060547790000004,0.0,1.02,0.01,0.01
3.6071158760000004,0.0,1.03,0.0,0.0
3.608169027,0.0,1.02,0.0,0.0
3.6089708770000004,0.0,1.02,0.03,0.0
3.610108855,0.0,1.0,0.0,0.01
3.6110127100000002,0.0,0.98,0.0,0.0
3.6121063280000003,0.0,0.93,0.0,0.0
3.6130158870000004,0.0,0.93,0.01,0.0
3.614151343,0.0,0.91,0.0,0.02
3.616127987,0.0,0.89,0.0,0.0
3.6170131660000004,0.01,0.88,0.0,0.0
3.6181046990000003,0.01,0.89,0.0,0.0
3.6191373240000004,0.02,0.88,0.0,0.03
3.6200612960000003,0.0,0.87,0.0,0.0
3.6211229250000003,0.0,0.87,0.0,0.01
3.6220236210000003,0.01,0.86,0.0,0.01
3.623135565,0.0,0.83,0.01,0.0
3.6240851980000004,0.01,0.83,0.01,0.0
3.625032864,0.01,0.83,0.02,0.0
3.626161374,0.0,0.83,0.0,0.0
3.627106178,0.0,0.83,0.02,0.01
3.628223504,0.0,0.82,0.0,0.01
3.6290245100000003,0.02,0.82,0.01,0.0
3.6301310590000004,0.01,0.82,0.0,0.0
3.632120118,0.07,0.81,0.03,0.01
3.6331874070000003,0.01,0.8,0.0,0.01
3.6340131440000003,0.0,0.82,0.0,0.0
3.635051508,0.01,0.84,0.01,0.0
3.6361050090000004,0.0,0.8,0.0,0.0
3.637104615,0.0,0.8,0.0,0.0
3.638065253,0.0,0.78,0.01,0.02
3.6391156860000002,0.01,0.77,0.01,0.0
3.64010537,0.0,0.8,0.0,0.0
3.6410125890000002,0.01,0.77,0.0,0.0
3.642110718,0.0,0.78,0.07,0.04
3.6431042500000004,0.01,0.77,0.03,0.0
3.6441433030000003,0.01,0.76,0.02,0.0
3.6450187850000004,0.0,0.75,0.01,0.0
3.647105568,0.0,0.73,0.0,0.0
3.648114842,0.0,0.73,0.0,0.0
3.6491152970000003,0.01,0.72,0.0,0.0
3.6499709090000003,0.0,0.7,0.03,0.0
3.651119437,0.0,0.69,0.0,0.0
3.652005191,0.01,0.66,0.0,0.0
3.6530077970000003,0.01,0.69,0.0,0.0
3.6540226920000003,0.0,0.68,0.0,0.01
3.655043876,0.0,0.69,0.01,0.0
3.6560124920000003,0.0,0.67,0.0,0.0
3.6571156680000003,0.0,0.67,0.0,0.0
3.658016136,0.0,0.68,0.0,0.0
3.659133015,0.01,0.58,0.01,0.01
3.66007002,0.02,0.55,0.0,0.01
3.661109843,0.01,0.55,0.0,0.0
3.6631045990000004,0.0,0.55,0.0,0.0
3.6641076320000003,0.0,0.53,0.0,0.0
3.665112654,0.01,0.53,0.0,0.0
3.66610534,0.0,0.53,0.0,0.0
3.667067921,0.0,0.54,0.0,0.0
3.668106809,0.02,0.52,0.0,0.01
3.6690160140000003,0.01,0.53,0.0,0.01
3.6701132860000003,0.01,0.54,0.0,0.0
3.6711139760000004,0.0,0.55,0.0,0.01
3.6721179320000004,0.02,0.53,0.0,0.01
3.673119347,0.0,0.52,0.0,0.02
3.674117427,0.0,0.5,0.0,0.0
3.675124482,0.06,0.46,0.01,0.01
3.676105787,0.0,0.46,0.0,0.01
3.6780131220000003,0.0,0.46,0.01,0.01
3.6791025100000003,0.01,0.39,0.0,0.0
3.6801119090000003,0.01,0.36,0.03,0.0
3.681109218,0.0,0.31,0.01,0.01
3.6820980390000004,0.0,0.31,0.01,0.01
3.6830575580000002,0.0,0.28,0.0,0.0
3.6840051980000004,0.01,0.27,0.01,0.01
3.685026183,0.0,0.24,0.0,0.01
3.686157788,0.01,0.25,0.0,0.0
3.6870111050000003,0.0,0.27,0.0,0.0
3.6881485960000004,0.01,0.29,0.01,0.0
3.689015168,0.03,0.31,0.01,0.03
3.6900222800000004,0.08,0.28,0.0,0.0
3.6912117720000004,0.0,0.28,0.0,0.0
3.6930120250000003,0.0,0.3,0.01,0.0
3.6941108230000004,0.01,0.3,0.0,0.0
3.6950106170000003,0.0,0.29,0.0,0.0
3.696125469,0.0,0.32,0.01,0.0
3.6970265660000003,0.0,0.32,0.0,0.0
3.698108007,0.0,0.32,0.0,0.01
3.6991682480000003,0.0,0.34,0.0,0.0
3.7000321250000003,0.0,0.34,0.01,0.0
3.7011181810000005,0.0,0.34,0.04,0.0
3.702115028,0.01,0.34,0.0,0.0
3.703076568,0.03,0.33,0.06,0.06
3.704183918,0.01,0.3,0.01,0.0
3.705032917,0.0,0.24,0.01,0.01
3.706139669,0.0,0.56,0.0,0.0
3.708135098,0.0,0.49,0.0,0.0
3.7090205960000002,0.0,0.2,0.01,0.0
3.710134173,0.01,0.27,0.05,0.0
3.7111090620000002,0.0,0.42,0.0,0.0
3.7121436560000003,0.0,0.42,0.01,0.0
3.7131530930000003,0.01,0.39,0.0,0.0
3.714051914,0.01,0.36,0.0,0.0
3.7150187000000003,0.02,0.4,0.01,0.02
3.716024543,0.01,0.41,0.0,0.0
3.717121511,0.0,0.41,0.0,0.0
3.718145196,0.0,0.4,0.0,0.0
3.7190075910000004,0.0,0.41,0.0,0.01
3.721121602,0.0,0.4,0.01,0.0
3.7221670600000003,0.01,0.43,0.01,0.0
3.7230211960000004,0.0,0.41,0.01,0.0
3.7241590610000004,0.04,0.44,0.0,0.0
3.725149812,0.01,0.42,0.02,0.05
3.726381422,0.0,0.41,0.01,0.0
3.7269776790000004,0.0,0.43,0.0,0.0
3.7281118130000004,0.0,0.42,0.0,0.0
3.7291174540000003,0.01,0.42,0.01,0.01
3.7301150310000004,0.01,0.43,0.01,0.0
3.7310256070000003,0.0,0.43,0.03,0.0
3.7321862790000004,0.01,0.42,0.01,0.0
3.7330151500000004,0.01,0.44,0.0,0.01
3.7340357190000004,0.02,0.44,0.02,0.05
3.7351315130000002,0.02,0.4,0.0,0.05
3.7361707350000004,0.0,0.43,0.01,0.01
3.738129524,0.01,0.42,0.0,0.0
3.7391112810000005,0.0,0.43,0.01,0.0
3.7401063100000003,0.0,0.43,0.0,0.0
3.7411519710000003,0.02,0.44,0.0,0.01
3.742118253,0.0,0.43,0.0,0.04
3.743117155,0.0,0.43,0.0,0.0
3.744110662,0.0,0.43,0.0,0.0
3.745240539,0.0,0.43,0.01,0.0
3.745983159,0.0,0.43,0.0,0.0
3.7472292200000004,0.01,0.44,0.0,0.0
3.748405587,0.01,0.43,0.0,0.02
3.74898501,0.0,0.44,0.0,0.0
3.750035818,0.0,0.44,0.0,0.0
3.751285713,0.0,0.49,0.01,0.0
3.753115826,0.0,0.43,0.01,0.0
3.754109532,0.01,0.44,0.0,0.01
3.7551168500000003,0.0,0.42,0.01,0.01
3.756255561,0.0,0.42,0.0,0.0
3.756999897,0.0,0.44,0.0,0.0
3.7581205740000003,0.0,0.42,0.0,0.0
3.7590111540000004,0.01,0.44,0.0,0.05
3.760109995,0.0,0.42,0.01,0.01
3.7611144390000004,0.0,0.41,0.0,0.0
3.7621151530000003,0.01,0.41,0.04,0.0
3.7630754160000004,0.0,0.42,0.0,0.0
3.764191519,0.0,0.41,0.0,0.0
3.765026718,0.0,0.4,0.0,0.0
3.766187388,0.0,0.4,0.0,0.0
3.7681123070000004,0.0,0.4,0.01,0.01
3.769119551,0.0,0.4,0.01,0.0
3.770100095,0.11,0.4,0.01,0.0
3.7711148650000004,0.0,0.39,0.01,0.0
3.772114901,0.0,0.39,0.0,0.01
3.773112803,0.0,0.39,0.0,0.01
3.7741160380000003,0.01,0.39,0.0,0.0
3.775213089,0.0,0.39,0.04,0.0
3.776036587,0.0,0.39,0.0,0.01
3.7770311220000004,0.01,0.38,0.0,0.0
3.778047877,0.0,0.39,0.01,0.0
3.779037846,0.02,0.37,0.0,0.02
3.780131218,0.0,0.38,0.0,0.0
3.781013428,0.0,0.38,0.0,0.0
3.7821475230000003,0.01,0.38,0.01,0.0
3.7842114610000004,0.01,0.38,0.01,0.01
3.7850158050000005,0.0,0.36,0.0,0.0
3.7861295480000003,0.0,0.4,0.01,0.04
3.787112644,0.0,0.39,0.0,0.0
3.788125114,0.0,0.39,0.0,0.01
3.789116758,0.0,0.4,0.0,0.0
3.7901113520000003,0.0,0.41,0.01,0.0
3.7911159580000002,0.04,0.34,0.0,0.0
3.792171219,0.0,0.38,0.0,0.01
3.793029669,0.0,0.39,0.0,0.0
3.7941920060000003,0.0,0.4,0.01,0.0
3.7950164940000004,0.0,0.38,0.01,0.0
3.796128426,0.01,0.39,0.0,0.0
3.7971043000000004,0.0,0.39,0.01,0.0
3.799109082,0.01,0.4,0.0,0.0
3.8001954990000004,0.0,0.39,0.01,0.0
3.8010192920000003,0.01,0.38,0.0,0.0
3.802159296,0.0,0.37,0.0,0.0
3.8031401430000003,0.02,0.36,0.0,0.0
3.8041172820000004,0.0,0.35,0.0,0.01
3.805110092,0.0,0.35,0.0,0.01
3.8061106980000003,0.0,0.34,0.0,0.0
3.8070782870000004,0.0,0.33,0.0,0.01
3.8081160830000003,0.01,0.31,0.01,0.0
3.808991964,0.0,0.3,0.0,0.0
3.8102478360000003,0.0,0.27,0.01,0.01
3.811040525,0.01,0.26,0.02,0.0
3.8121210960000003,0.0,0.28,0.0,0.0
3.814143736,0.0,0.28,0.01,0.0
3.815036414,0.0,0.24,0.0,0.0
3.8161394730000002,0.0,0.24,0.01,0.0
3.8170103060000002,0.0,0.25,0.0,0.01
3.818221024,0.01,0.22,0.0,0.0
3.8189702760000004,0.0,0.23,0.0,0.0
3.820107262,0.03,0.31,0.03,0.0
3.8210276660000004,0.01,0.23,0.01,0.01
3.8220269000000004,0.0,0.22,0.01,0.0
3.8230923960000003,0.0,0.23,0.01,0.0
3.8240132420000004,0.0,0.26,0.01,0.01
3.8251619960000003,0.02,0.26,0.0,0.0
3.8259745130000002,0.0,0.25,0.0,0.0
3.827137038,0.0,0.25,0.02,0.0
3.829111489,0.0,0.26,0.0,0.0
3.8299732000000004,0.0,0.27,0.01,0.0
3.83115183,0.0,0.25,0.0,0.0
3.8319721080000004,0.0,0.26,0.01,0.02
3.8331206740000003,0.0,0.24,0.02,0.0
3.8340193040000003,0.02,0.27,0.01,0.0
3.8352752700000003,0.0,0.26,0.0,0.0
3.836024275,0.0,0.26,0.0,0.0
3.8371258110000004,0.0,0.28,0.02,0.02
3.8380465740000003,0.0,0.27,0.01,0.0
3.8391415990000004,0.02,0.26,0.0,0.0
3.8401215380000004,0.01,0.27,0.0,0.01
3.8411883930000004,0.0,0.24,0.0,0.0
3.8431448350000004,0.0,0.29,0.0,0.01
3.8440432860000002,0.01,0.28,0.0,0.0
3.845109899,0.0,0.26,0.0,0.0
3.846231067,0.01,0.27,0.0,0.0
3.8470338490000002,0.0,0.26,0.0,0.01
3.8481330290000004,0.01,0.28,0.02,0.01
3.8491426380000004,0.01,0.25,0.0,0.0
3.85023778,0.01,0.26,0.0,0.01
3.851014193,0.03,0.26,0.02,0.0
3.852110038,0.0,0.28,0.0,0.0
3.8531512620000004,0.04,0.26,0.02,0.0
3.85411751,0.01,0.26,0.01,0.0
3.855117679,0.0,0.25,0.01,0.0
3.856128265,0.0,0.25,0.02,0.0
3.857141803,0.01,0.27,0.0,0.0
3.8581182550000004,0.0,0.26,0.0,0.0
3.86011499,0.03,0.26,0.01,0.0
3.8611226860000003,0.0,0.27,0.0,0.0
3.8621153340000003,0.0,0.27,0.0,0.0
3.8631143210000003,0.0,0.27,0.01,0.0
3.8641123630000003,0.04,0.32,0.04,0.0
3.865123317,0.01,0.27,0.01,0.0
3.8659990200000003,0.0,0.27,0.0,0.0
3.8671469170000004,0.0,0.28,0.01,0.01
3.868015585,0.0,0.27,0.0,0.0
3.869030619,0.0,0.27,0.0,0.0
3.8701727430000004,0.0,0.27,0.0,0.01
3.871040461,0.01,0.27,0.02,0.01
3.872252785,0.0,0.27,0.0,0.0
3.874019101,0.0,0.26,0.0,0.0
3.8750202990000004,0.0,0.27,0.0,0.0
3.876183256,0.02,0.27,0.01,0.0
3.877018844,0.0,0.28,0.0,0.0
3.8780620050000003,0.0,0.27,0.0,0.0
3.8791166770000003,0.0,0.28,0.0,0.0
3.8801114570000004,0.0,0.34,0.0,0.0
3.8811404630000004,0.0,0.26,0.0,0.0
3.8820302580000003,0.0,0.27,0.0,0.01
3.8830127890000004,0.0,0.27,0.0,0.0
3.884109501,0.0,0.27,0.0,0.0
3.8850155730000004,0.0,0.25,0.0,0.01
3.8861196510000005,0.01,0.28,0.0,0.0
3.8870203630000004,0.0,0.27,0.04,0.03
3.8881173920000003,0.0,0.27,0.0,0.0
3.890171806,0.0,0.27,0.0,0.01
3.891005675,0.0,0.28,0.0,0.0
3.8921248960000003,0.0,0.3,0.0,0.0
3.89301954,0.0,0.27,0.0,0.0
3.8941281020000003,0.0,0.28,0.01,0.0
3.8950213270000003,0.0,0.27,0.0,0.01
3.8961237810000005,0.0,0.27,0.0,0.0
3.8970157370000003,0.02,0.32,0.01,0.0
3.8980624290000003,0.0,0.26,0.0,0.0
3.899114555,0.0,0.27,0.0,0.0
3.9000146210000004,0.0,0.27,0.0,0.0
3.9010632380000003,0.0,0.27,0.0,0.0
3.9022394950000003,0.0,0.27,0.0,0.01
3.904157559,0.0,0.35,0.01,0.02
3.9050161670000003,0.0,0.26,0.0,0.0
3.90611779,0.0,0.28,0.0,0.0
3.907035301,0.0,0.27,0.0,0.0
3.908116322,0.01,0.28,0.0,0.0
3.909063789,0.0,0.26,0.0,0.0
3.9101192410000003,0.0,0.28,0.0,0.01
3.911019211,0.0,0.27,0.0,0.01
3.9121211400000004,0.01,0.28,0.01,0.0
3.9129956690000003,0.0,0.28,0.0,0.01
3.9140079460000003,0.01,0.26,0.0,0.01
3.9151298150000002,0.0,0.3,0.0,0.01
3.9160234750000003,0.01,0.3,0.0,0.0
3.917130352,0.0,0.3,0.0,0.0
3.9191105760000005,0.0,0.29,0.0,0.0
3.9201588860000003,0.01,0.3,0.0,0.0
3.9209805290000004,0.01,0.29,0.05,0.07
3.922121396,0.01,0.3,0.0,0.0
3.9230153800000003,0.04,0.29,0.02,0.0
3.9241156430000004,0.0,0.27,0.0,0.01
3.9250160320000003,0.01,0.3,0.0,0.0
3.9261154300000003,0.0,0.29,0.0,0.0
3.926972654,0.0,0.28,0.0,0.01
3.9281348200000004,0.01,0.27,0.0,0.0
3.929017124,0.0,0.28,0.0,0.0
3.930114746,0.02,0.29,0.0,0.0
3.930982993,0.0,0.3,0.01,0.04
3.9320209160000004,0.0,0.29,0.0,0.01
3.9341843670000003,0.0,0.29,0.0,0.0
3.9350259920000004,0.0,0.29,0.0,0.0
3.936109569,0.0,0.29,0.0,0.0
3.9370235840000003,0.0,0.29,0.0,0.0
3.9381079010000004,0.0,0.3,0.01,0.0
3.9391135360000002,0.0,0.28,0.0,0.01
3.940130094,0.0,0.31,0.0,0.0
3.941009385,0.01,0.28,0.0,0.0
3.9421097290000002,0.02,0.3,0.01,0.0
3.9430155730000003,0.0,0.28,0.0,0.0
3.9441423020000004,0.01,0.27,0.01,0.0
3.944972481,0.0,0.28,0.01,0.0
3.9461254360000004,0.0,0.28,0.0,0.0
3.947020787,0.0,0.28,0.0,0.02
3.9481296120000002,0.0,0.28,0.0,0.02
3.950110963,0.01,0.28,0.0,0.01
3.9511105270000004,0.0,0.29,0.0,0.0
3.9520723610000004,0.01,0.28,0.01,0.01
3.9531272850000003,0.0,0.3,0.0,0.0
3.95401719,0.0,0.28,0.0,0.01
3.9552127,0.0,0.28,0.0,0.02
3.956022071,0.0,0.3,0.0,0.0
3.957160264,0.0,0.29,0.0,0.0
3.958180935,0.01,0.29,0.0,0.0
3.9590191870000004,0.0,0.29,0.0,0.0
3.9601178590000004,0.03,0.28,0.0,0.0
3.9611716360000004,0.02,0.29,0.0,0.0
3.9620693690000004,0.0,0.29,0.0,0.0
3.9632063800000004,0.01,0.29,0.01,0.0
3.9650622460000005,0.0,0.3,0.01,0.03
3.966111757,0.0,0.29,0.0,0.01
3.967076345,0.0,0.3,0.0,0.03
3.968200894,0.0,0.29,0.0,0.01
3.969021938,0.02,0.28,0.01,0.0
3.9701224560000004,0.0,0.29,0.01,0.0
3.9711162090000003,0.02,0.28,0.0,0.0
3.972018745,0.0,0.27,0.02,0.01
3.9731265990000004,0.01,0.27,0.0,0.01
3.974138549,0.01,0.28,0.0,0.0
3.975149527,0.01,0.32,0.0,0.12
3.9761533190000002,0.0,0.28,0.0,0.0
3.9781182950000002,0.01,0.29,0.0,0.01
3.9789728330000003,0.0,0.28,0.02,0.0
3.980115199,0.01,0.28,0.01,0.0
3.981015676,0.09,0.29,0.0,0.01
3.9820774350000003,0.0,0.29,0.0,0.0
3.9830180250000002,0.01,0.28,0.0,0.0
3.9841114600000003,0.0,0.3,0.0,0.0
3.985016969,0.02,0.29,0.01,0.0
3.986114525,0.0,0.29,0.0,0.0
3.986974451,0.0,0.3,0.0,0.0
3.9881182840000005,0.01,0.29,0.0,0.0
3.9889938160000002,0.0,0.29,0.02,0.01
3.990115035,0.0,0.29,0.0,0.0
3.991036395,0.0,0.29,0.0,0.0
3.9920205170000003,0.0,0.28,0.0,0.01
3.994260993,0.03,0.31,0.01,0.0
3.995019172,0.01,0.3,0.0,0.0
3.99619435,0.01,0.3,0.0,0.01
3.9969957590000003,0.0,0.29,0.01,0.0
3.998261315,0.0,0.35,0.03,0.0
3.9989741070000004,0.0,0.29,0.01,0.0
3.9999685750000005,0.01,0.29,0.0,0.0
4.001012265,0.0,0.3,0.02,0.0
4.002116084,0.01,0.34,0.0,0.01
4.003073855,0.01,0.28,0.02,0.01
4.004015726,0.0,0.28,0.01,0.0
4.005005479,0.02,0.3,0.01,0.0
4.006128159,0.0,0.31,0.0,0.0
4.006990705000001,0.0,0.31,0.0,0.0
4.0081216920000005,0.0,0.31,0.03,0.0
4.0101073540000005,0.01,0.3,0.0,0.0
4.011014933,0.0,0.29,0.03,0.0
4.012102542,0.0,0.3,0.01,0.03
4.0130186000000005,0.0,0.3,0.01,0.01
4.0141261440000005,0.03,0.33,0.08,0.0
4.015014938,0.0,0.31,0.01,0.0
4.016126551,0.01,0.3,0.0,0.0
4.016973177000001,0.0,0.3,0.0,0.0
4.018147657,0.0,0.3,0.0,0.0
4.019028307,0.0,0.3,0.0,0.0
4.020154462,0.0,0.3,0.0,0.01
4.022112637,0.0,0.3,0.0,0.01
4.023023015000001,0.0,0.3,0.0,0.0
4.024238805,0.0,0.3,0.0,0.0
4.025038679000001,0.01,0.31,0.0,0.0
4.026215749,0.0,0.28,0.0,0.01
4.026984412,0.0,0.3,0.01,0.01
4.028107082,0.0,0.29,0.0,0.0
4.0292479320000005,0.02,0.32,0.0,0.0
4.030026547,0.0,0.3,0.0,0.0
4.03132724,0.02,0.25,0.01,0.0
4.03197268,0.01,0.3,0.0,0.0
4.0331146890000005,0.0,0.28,0.0,0.0
4.034031466,0.0,0.3,0.04,0.0
4.035120237,0.01,0.29,0.0,0.0
4.036015462,0.01,0.29,0.0,0.0
4.037151534,0.0,0.27,0.0,0.0
4.03802927,0.01,0.3,0.01,0.0
4.039105972000001,0.01,0.29,0.0,0.0
4.041117847000001,0.0,0.29,0.01,0.0
4.04201614,0.0,0.28,0.0,0.0
4.043116598,0.0,0.3,0.0,0.01
4.044016763,0.0,0.28,0.0,0.0
4.0451079430000005,0.01,0.32,0.0,0.0
4.046121075,0.0,0.3,0.0,0.0
4.047042903,0.0,0.3,0.01,0.0
4.048016677000001,0.01,0.3,0.0,0.0
4.049161337,0.0,0.29,0.0,0.0
4.050028228,0.01,0.31,0.02,0.0
4.05111769,0.01,0.3,0.01,0.0
4.052015606,0.0,0.31,0.0,0.01
4.053144381,0.0,0.31,0.0,0.0
4.055363164,0.0,0.33,0.02,0.0
4.0559825620000005,0.01,0.3,0.0,0.0
4.057105117,0.0,0.31,0.0,0.0
4.058021565000001,0.05,0.29,0.01,0.01
4.059131017,0.0,0.3,0.01,0.01
4.060019416,0.0,0.3,0.01,0.0
4.061327231,0.01,0.3,0.02,0.0
4.061995975,0.0,0.29,0.0,0.0
4.063159554,0.01,0.29,0.0,0.01
4.064014955,0.0,0.29,0.05,0.0
4.065167533,0.0,0.29,0.0,0.01
4.065981948,0.0,0.29,0.0,0.01
4.067113699,0.01,0.28,0.01,0.02
4.0680351020000005,0.0,0.3,0.02,0.01
4.069136145,0.01,0.28,0.0,0.0
4.07111549,0.0,0.28,0.0,0.0
4.072111281000001,0.0,0.29,0.0,0.0
4.073061689,0.0,0.28,0.0,0.01
4.074125094,0.01,0.29,0.01,0.01
4.075114,0.01,0.29,0.0,0.0
4.076169189000001,0.0,0.29,0.0,0.01
4.07697442,0.0,0.28,0.01,0.0
4.07811207,0.0,0.28,0.01,0.01
4.079015426000001,0.0,0.28,0.0,0.0
4.080142683,0.02,0.3,0.0,0.0
4.081015764,0.0,0.28,0.0,0.0
4.082113126,0.0,0.28,0.01,0.0
4.08311384,0.02,0.28,0.0,0.02
4.084145039,0.0,0.29,0.02,0.0
4.086142442,0.01,0.29,0.01,0.02
4.086999168,0.0,0.28,0.0,0.0
4.088131297,0.0,0.29,0.0,0.0
4.0890213950000005,0.0,0.28,0.01,0.01
4.090120785,0.02,0.31,0.0,0.01
4.091053464000001,0.0,0.28,0.0,0.0
4.0921483080000005,0.0,0.31,0.01,0.0
4.09299661,0.01,0.3,0.0,0.01
4.094290513000001,0.0,0.31,0.03,0.0
4.094982191000001,0.01,0.3,0.01,0.0
4.096114437000001,0.04,0.31,0.01,0.01
4.097023151,0.0,0.31,0.0,0.0
4.09809412,0.01,0.3,0.0,0.01
4.099051011,0.0,0.32,0.0,0.0
4.101250752,0.02,0.31,0.02,0.0
4.101991272,0.0,0.31,0.0,0.0
4.1030243980000005,0.01,0.31,0.01,0.0
4.104007928000001,0.01,0.3,0.01,0.0
4.104999061,0.01,0.31,0.04,0.0
4.106060848,0.01,0.31,0.0,0.0
4.107012422,0.0,0.32,0.01,0.0
4.108120994,0.0,0.31,0.0,0.0
4.10900775,0.0,0.31,0.0,0.0
4.110142473000001,0.0,0.31,0.0,0.0
4.11096892,0.0,0.32,0.0,0.0
4.1121167750000005,0.01,0.31,0.0,0.01
4.1130325910000005,0.0,0.31,0.0,0.01
4.114138764000001,0.0,0.31,0.01,0.0
4.116135027,0.0,0.32,0.02,0.0
4.117015046000001,0.0,0.31,0.0,0.0
4.1182633950000005,0.01,0.32,0.0,0.01
4.119030218000001,0.02,0.32,0.01,0.01
4.120224542,0.03,0.32,0.01,0.0
4.120984935,0.02,0.31,0.0,0.0
4.122062298,0.04,0.3,0.0,0.0
4.1230759070000005,0.01,0.31,0.01,0.04
4.124012084,0.05,0.26,0.07,0.1
4.125113208,0.0,0.31,0.0,0.0
4.1261030860000005,0.0,0.31,0.01,0.03
4.127128562,0.0,0.3,0.0,0.0
4.128215893,0.0,0.31,0.0,0.0
4.1290268260000005,0.0,0.3,0.01,0.0
4.130205070000001,0.02,0.28,0.0,0.01
4.132116177,0.01,0.3,0.0,0.0
4.133116284000001,0.0,0.3,0.0,0.0
4.134116454,0.01,0.3,0.0,0.0
4.135107889,0.02,0.3,0.01,0.0
4.1361298710000005,0.0,0.3,0.0,0.0
4.136970192000001,0.0,0.3,0.0,0.1
4.138136677,0.0,0.29,0.0,0.0
4.139013299,0.0,0.28,0.0,0.01
4.1401075380000005,0.0,0.29,0.0,0.01
4.1411375800000005,0.0,0.3,0.0,0.0
4.142013672,0.0,0.28,0.0,0.0
4.14311258,0.01,0.29,0.0,0.0
4.144032901,0.0,0.3,0.0,0.0
4.146115673000001,0.0,0.3,0.0,0.0
4.147164265000001,0.0,0.3,0.0,0.0
4.148018134,0.01,0.29,0.0,0.0
4.1491210590000005,0.0,0.31,0.0,0.0
4.150095699,0.01,0.31,0.01,0.0
4.151257045,0.0,0.3,0.0,0.0
4.152022821,0.0,0.3,0.0,0.01
4.153124395,0.0,0.3,0.0,0.0
4.154116105,0.0,0.32,0.0,0.0
4.155112929,0.0,0.33,0.01,0.0
4.156130757000001,0.01,0.35,0.01,0.0
4.157129563000001,0.0,0.28,0.0,0.0
4.158119024,0.0,0.31,0.0,0.0
4.1591416080000005,0.0,0.31,0.0,0.0
4.160022298,0.0,0.31,0.08,0.0
4.162103366,0.0,0.31,0.04,0.0
4.163109814,0.0,0.29,0.0,0.0
4.164221191,0.0,0.31,0.02,0.0
4.165017166,0.0,0.31,0.0,0.0
4.166148456,0.0,0.31,0.01,0.0
4.167102027,0.0,0.31,0.0,0.0
4.168112170000001,0.0,0.32,0.0,0.0
4.1692465400000005,0.1,0.26,0.0,0.0
4.170016657000001,0.01,0.31,0.01,0.01
4.171118709,0.0,0.32,0.0,0.01
4.172110162,0.0,0.3,0.03,0.0
4.173109733,0.0,0.31,0.0,0.01
4.1741377250000005,0.0,0.31,0.0,0.0
4.175147198,0.01,0.25,0.0,0.03
4.177100289,0.0,0.3,0.0,0.0
4.178113666000001,0.0,0.3,0.0,0.01
4.1791148190000005,0.0,0.31,0.01,0.0
4.180115301,0.0,0.28,0.0,0.0
4.18110798,0.0,0.3,0.0,0.02
4.18214621,0.0,0.31,0.0,0.0
4.183016923,0.02,0.33,0.0,0.0
4.18419275,0.01,0.31,0.01,0.0
4.185057434,0.0,0.34,0.0,0.02
4.1861330610000005,0.0,0.3,0.0,0.0
4.187150213000001,0.0,0.3,0.0,0.01
4.188181248,0.0,0.3,0.01,0.0
4.1891418090000005,0.01,0.29,0.0,0.01
4.191119779,0.01,0.3,0.01,0.0
4.192013192,0.03,0.31,0.03,0.0
4.1931145260000005,0.0,0.33,0.04,0.0
4.194159298000001,0.0,0.3,0.0,0.0
4.195110618,0.0,0.3,0.0,0.0
4.19601777,0.0,0.3,0.0,0.01
4.197111786000001,0.0,0.32,0.0,0.0
4.198047795,0.01,0.29,0.0,0.0
4.199012756,0.0,0.3,0.01,0.01
4.200111564,0.0,0.29,0.0,0.03
4.200973291,0.0,0.32,0.0,0.0
4.202217376,0.0,0.33,0.01,0.0
4.203020857,0.0,0.29,0.0,0.0
4.204142739,0.0,0.27,0.0,0.01
4.206155103,0.0,0.27,0.01,0.01
4.207018843,0.0,0.28,0.0,0.0
4.208115602,0.0,0.25,0.01,0.01
4.209109042000001,0.0,0.24,0.01,0.0
4.210137272,0.01,0.25,0.01,0.01
4.211236365,0.04,0.21,0.0,0.01
4.2120277,0.0,0.22,0.0,0.0
4.213151842,0.0,0.22,0.0,0.01
4.214034755,0.0,0.25,0.0,0.0
4.215288029,0.0,0.32,0.01,0.0
4.216005995000001,0.0,0.36,0.0,0.0
4.217116784,0.05,0.41,0.01,0.0
4.2181329640000005,0.0,0.48,0.01,0.0
4.220129716000001,0.0,0.52,0.0,0.01
4.221016671,0.0,0.51,0.0,0.0
4.222110606,0.0,0.55,0.01,0.0
4.223048417,0.01,0.55,0.01,0.0
4.224111881000001,0.0,0.56,0.0,0.01
4.225113042,0.03,0.56,0.02,0.0
4.226124371,0.0,0.58,0.0,0.01
4.2271187800000005,0.0,0.61,0.01,0.0
4.228056658,0.0,0.63,0.01,0.0
4.2291147790000005,0.01,0.65,0.02,0.01
4.229970301,0.0,0.65,0.04,0.0
4.231193571,0.0,0.66,0.02,0.09
4.232015396,0.0,0.67,0.0,0.0
4.233112919,0.0,0.68,0.0,0.0
4.234029381,0.01,0.67,0.01,0.02
4.235137956,0.0,0.68,0.0,0.0
4.237113352000001,0.0,0.69,0.01,0.01
4.238124667,0.0,0.68,0.01,0.01
4.239118977,0.0,0.69,0.0,0.01
4.240107615,0.0,0.68,0.0,0.0
4.241115659,0.0,0.7,0.0,0.0
4.242162911,0.0,0.68,0.0,0.0
4.2430484,0.0,0.7,0.0,0.0
4.244325252,0.01,0.69,0.0,0.0
4.245006152,0.01,0.71,0.02,0.01
4.246135635,0.01,0.72,0.0,0.0
4.247116749,0.0,0.73,0.0,0.0
4.248073458,0.0,0.74,0.0,0.01
4.249016268,0.01,0.75,0.0,0.0
4.250135653,0.0,0.79,0.0,0.0
4.251113797,0.02,0.83,0.0,0.04
4.253108088,0.0,0.85,0.0,0.01
4.25414616,0.0,0.88,0.01,0.01
4.255119738,0.0,0.88,0.0,0.0
4.256108161,0.01,0.93,0.02,0.01
4.257109316,0.0,0.91,0.0,0.01
4.258104461,0.0,0.93,0.01,0.0
4.25911741,0.01,0.93,0.0,0.0
4.26010896,0.0,0.95,0.0,0.0
4.261115273000001,0.01,0.94,0.0,0.01
4.262211053000001,0.0,0.9,0.01,0.02
4.263024668,0.0,0.91,0.0,0.01
4.264108383,0.01,0.92,0.0,0.0
4.265161701,0.0,0.91,0.0,0.0
4.267103015,0.0,0.89,0.0,0.0
4.268109556000001,0.01,0.9,0.01,0.0
4.269111713,0.01,0.93,0.05,0.0
4.270140415,0.01,0.95,0.0,0.02
4.2711063750000005,0.0,0.95,0.02,0.0
4.272134208000001,0.0,0.99,0.0,0.01
4.273117763,0.0,1.0,0.0,0.0
4.2741214130000005,0.0,1.04,0.0,0.0
4.275075914,0.0,1.03,0.0,0.0
4.276255750000001,0.0,1.05,0.01,0.01
4.277043859,0.0,1.05,0.03,0.0
4.278137571,0.0,1.05,0.03,0.0
4.279123151,0.05,1.04,0.03,0.0
4.28015613,0.03,1.05,0.0,0.0
4.281149673000001,0.0,1.13,0.0,0.0
4.283219685000001,0.01,1.08,0.01,0.01
4.284018801,0.01,1.09,0.0,0.0
4.2851088200000005,0.0,1.08,0.01,0.0
4.286022504,0.0,1.08,0.02,0.06
4.287119083,0.0,1.09,0.01,0.0
4.2879721140000004,0.01,1.09,0.02,0.01
4.289012459,0.0,1.12,0.01,0.0
4.290012019000001,0.0,1.12,0.0,0.0
4.291143777,0.0,1.14,0.0,0.0
4.29201879,0.0,1.15,0.01,0.0
4.293012375,0.0,1.16,0.02,0.0
4.294115114,0.0,1.17,0.0,0.01
4.295041319,0.01,1.19,0.0,0.0
4.296148595,0.0,1.19,0.0,0.0
4.298117648,0.01,1.21,0.0,0.0
4.2990214710000005,0.0,1.2,0.0,0.0
4.30011508,0.01,1.23,0.0,0.01
4.301018548,0.0,1.23,0.01,0.0
4.302110592,0.0,1.25,0.02,0.0
4.303120535000001,0.0,1.28,0.01,0.03
4.3040773240000005,0.0,1.29,0.0,0.0
4.30512586,0.01,1.31,0.0,0.0
4.306069643,0.0,1.31,0.0,0.0
4.307157879,0.0,1.32,0.0,0.0
4.308031934000001,0.01,1.34,0.0,0.0
4.309177632,0.01,1.34,0.02,0.0
4.310030289,0.01,1.36,0.01,0.0
4.3111595430000005,0.0,1.37,0.01,0.0
4.313121238,0.01,1.39,0.01,0.0
4.3141918310000005,0.01,1.39,0.01,0.0
4.315057269,0.0,1.4,0.0,0.0
4.316113398000001,0.02,1.42,0.01,0.0
4.3170153330000005,0.01,1.45,0.0,0.0
4.3181135820000005,0.0,1.46,0.01,0.0
4.319108054,0.0,1.48,0.0,0.0
4.320114925,0.0,1.49,0.01,0.0
4.32110703,0.01,1.52,0.02,0.01
4.322117529000001,0.0,1.5,0.01,0.0
4.323033948,0.01,1.55,0.01,0.01
4.324118898,0.0,1.56,0.0,0.0
4.325153371,0.0,1.57,0.01,0.0
4.326019349,0.0,1.58,0.01,0.0
4.3271057310000005,0.0,1.6,0.01,0.0
4.3291123140000005,0.0,1.61,0.01,0.0
4.329995639,0.01,1.62,0.01,0.01
4.331101252,0.0,1.6,0.01,0.01
4.332021578,0.0,1.67,0.0,0.01
4.333104571000001,0.0,1.66,0.02,0.01
4.3340319890000005,0.0,1.67,0.0,0.05
4.335178926,0.01,1.71,0.0,0.0
4.336019386,0.01,1.72,0.0,0.0
4.337136505,0.01,1.73,0.01,0.0
4.338021461,0.0,1.74,0.01,0.0
4.339106592,0.0,1.75,0.01,0.0
4.340220683,0.0,1.76,0.01,0.01
4.342145339,0.01,1.77,0.0,0.0
4.343030948,0.0,1.78,0.01,0.0
4.344110094,0.01,1.79,0.0,0.0
4.34511322,0.0,1.79,0.01,0.0
4.346133344,0.01,1.81,0.0,0.01
4.3471087850000005,0.0,1.82,0.0,0.0
4.348030048,0.0,1.84,0.0,0.02
4.349117408000001,0.0,1.84,0.01,0.01
4.350111556,0.0,1.83,0.01,0.0
4.35111488,0.0,1.85,0.01,0.0
4.352110524,0.03,1.89,0.02,0.01
4.353113545,0.0,1.88,0.0,0.0
4.354135664,0.03,1.9,0.01,0.0
4.355160831,0.0,1.91,0.02,0.0
4.356048433000001,0.0,1.92,0.0,0.0
4.358117696,0.0,1.94,0.01,0.0
4.3591191,0.0,1.93,0.0,0.01
4.360120825,0.01,1.92,0.01,0.0
4.361112501,0.0,1.94,0.01,0.01
4.362020567,0.01,1.95,0.0,0.01
4.363107118,0.01,1.95,0.02,0.0
4.364118459,0.0,1.96,0.0,0.0
4.365118039,0.01,1.97,0.0,0.0
4.36615045,0.0,1.98,0.0,0.0
4.367086715,0.0,1.98,0.0,0.0
4.368230281000001,0.0,1.99,0.01,0.0
4.369025565,0.0,1.99,0.0,0.0
4.370150119,0.0,2.01,0.0,0.0
4.37113257,0.0,2.01,0.01,0.0
4.372185438000001,0.01,2.0,0.0,0.0
4.374113566,0.0,2.01,0.0,0.0
4.375111229000001,0.01,2.04,0.01,0.0
4.376119630000001,0.0,2.03,0.0,0.0
4.377107446,0.0,2.02,0.01,0.0
4.378122902,0.02,2.04,0.0,0.0
4.379123313,0.0,2.03,0.02,0.0
4.380116983000001,0.0,2.03,0.01,0.01
4.381116188,0.01,2.04,0.0,0.0
4.38212076,0.0,2.04,0.0,0.0
4.383117668000001,0.0,2.05,0.01,0.0
4.3841105,0.0,2.05,0.0,0.0
4.385115325,0.01,2.05,0.01,0.0
4.38613927,0.01,2.06,0.01,0.0
4.388137643,0.0,2.06,0.01,0.0
4.3891163,0.0,2.08,0.01,0.0
4.390110002,0.0,2.08,0.02,0.0
4.391112116,0.01,2.08,0.0,0.01
4.3921433,0.0,2.11,0.0,0.0
4.393117371000001,0.02,2.09,0.01,0.01
4.394122712000001,0.0,2.1,0.0,0.01
4.395110403,0.0,2.1,0.0,0.0
4.396030648,0.01,2.12,0.0,0.0
4.397125617,0.01,2.12,0.01,0.0
4.398168599,0.0,2.14,0.01,0.0
4.399124227000001,0.0,2.14,0.0,0.0
4.400172008,0.03,2.15,0.0,0.01
4.4022264810000005,0.0,2.15,0.01,0.02
4.403015783,0.0,2.15,0.01,0.0
4.404141432,0.0,2.14,0.01,0.01
4.405112203,0.0,2.17,0.0,0.0
4.406151961,0.0,2.17,0.01,0.0
4.407082578000001,0.0,2.18,0.0,0.01
4.408124579,0.0,2.18,0.01,0.0
4.409112801,0.0,2.2,0.0,0.0
4.410112593,0.0,2.19,0.01,0.01
4.411141128000001,0.01,2.2,0.0,0.01
4.412110911,0.0,2.19,0.0,0.02
4.413120474,0.01,2.21,0.0,0.01
4.414120889,0.0,2.21,0.01,0.0
4.41511337,0.0,2.22,0.0,0.0
4.416136955000001,0.0,2.21,0.01,0.0
4.417149149,0.0,2.22,0.0,0.01
4.418112622000001,0.0,2.22,0.01,0.0
4.420155295000001,0.0,2.23,0.01,0.01
4.421128528000001,0.0,2.23,0.01,0.0
4.422194091000001,0.0,2.23,0.01,0.0
4.423022238000001,0.0,2.24,0.0,0.0
4.424113043,0.0,2.24,0.01,0.0
4.425101391,0.0,2.25,0.02,0.02
4.426103363,0.01,2.24,0.0,0.0
4.427124389,0.0,2.24,0.0,0.0
4.428060057000001,0.0,2.25,0.01,0.0
4.429108252000001,0.0,2.25,0.0,0.0
4.430111411,0.0,2.24,0.01,0.01
4.4311150150000005,0.0,2.25,0.01,0.01
4.432135486,0.01,2.25,0.0,0.0
4.433108590000001,0.0,2.25,0.02,0.0
4.435189461,0.0,2.25,0.02,0.0
4.436096782,0.0,2.25,0.01,0.01
4.437149516,0.0,2.25,0.0,0.0
4.437971416,0.0,2.25,0.0,0.0
4.439112264,0.01,2.26,0.01,0.0
4.4402127160000004,0.0,2.27,0.01,0.0
4.441018594,0.0,2.25,0.0,0.01
4.442119306,0.01,2.25,0.0,0.01
4.44302551,0.01,2.25,0.01,0.0
4.444120188,0.0,2.25,0.0,0.0
4.445121601,0.0,2.25,0.01,0.01
4.4461302840000005,0.0,2.25,0.01,0.01
4.4471379230000005,0.0,2.25,0.01,0.01
4.449107899,0.03,2.25,0.02,0.0
4.450102866,0.0,2.24,0.0,0.01
4.451014743,0.0,2.25,0.01,0.0
4.452118138,0.0,2.24,0.01,0.0
4.453107839,0.0,2.24,0.01,0.0
4.454145783,0.02,2.23,0.0,0.01
4.455108571,0.0,2.23,0.01,0.0
4.456110290000001,0.0,2.23,0.01,0.0
4.457112107,0.0,2.24,0.01,0.0
4.4581276270000005,0.08,2.21,0.01,0.0
4.459196242,0.01,2.24,0.01,0.0
4.4600626850000005,0.0,2.24,0.01,0.01
4.4612703830000005,0.0,2.24,0.0,0.0
4.462018937,0.0,2.24,0.01,0.0
4.463114578,0.0,2.24,0.02,0.0
4.465141795,0.0,2.24,0.01,0.0
4.466111714,0.0,2.24,0.01,0.0
4.467114167,0.0,2.24,0.0,0.0
4.468073274,0.0,2.25,0.01,0.0
4.4691043100000005,0.01,2.24,0.02,0.0
4.470151678000001,0.0,2.25,0.01,0.0
4.47111541,0.0,2.23,0.0,0.01
4.4721091280000005,0.0,2.25,0.0,0.0
4.472973223,0.0,2.25,0.01,0.0
4.4741121800000005,0.0,2.22,0.01,0.02
4.475115034,0.01,2.24,0.01,0.03
4.476119467,0.0,2.25,0.02,0.01
4.477014864,0.01,2.23,0.0,0.02
4.47810871,0.0,2.24,0.01,0.0
4.480074349000001,0.01,2.24,0.01,0.0
4.481105687,0.0,2.24,0.01,0.0
4.482128351,0.02,2.24,0.01,0.0
4.483020735,0.04,2.24,0.01,0.0
4.484103857,0.01,2.24,0.01,0.0
4.485102107,0.0,2.24,0.01,0.0
4.486150664,0.0,2.25,0.0,0.0
4.487111138,0.01,2.23,0.05,0.0
4.488134568,0.0,2.27,0.01,0.0
4.489191859,0.0,2.25,0.0,0.0
4.489996016,0.0,2.25,0.0,0.01
4.491033923000001,0.01,2.25,0.01,0.03
4.492046493,0.0,2.24,0.04,0.0
4.494171668,0.01,2.25,0.01,0.01
4.495014439,0.0,2.25,0.0,0.0
4.496126031,0.0,2.25,0.0,0.0
4.4970059550000006,0.01,2.25,0.01,0.0
4.498022661,0.0,2.25,0.01,0.0
4.499116307,0.0,2.25,0.0,0.0
4.50001537,0.0,2.25,0.01,0.01
4.501114261000001,0.0,2.25,0.03,0.0
4.502175661,0.0,2.29,0.0,0.0
4.5030065640000005,0.05,2.23,0.02,0.0
4.504111050000001,0.0,2.26,0.0,0.0
4.505124316,0.0,2.26,0.01,0.0
4.506114746000001,0.0,2.26,0.0,0.01
4.5071757670000006,0.0,2.26,0.01,0.01
4.509116417,0.02,2.27,0.01,0.0
4.509973939,0.0,2.28,0.01,0.03
4.511122123000001,0.0,2.27,0.0,0.0
4.511973924,0.0,2.27,0.03,0.0
4.5131146200000005,0.0,2.27,0.0,0.05
4.514015757,0.01,2.27,0.02,0.0
4.5150688180000005,0.0,2.27,0.01,0.0
4.516009418,0.01,2.27,0.02,0.02
4.517111926,0.0,2.3,0.0,0.0
4.518028623,0.01,2.24,0.01,0.02
4.519125559,0.0,2.28,0.0,0.0
4.519978687,0.0,2.27,0.01,0.0
4.521009632,0.0,2.27,0.0,0.01
4.522020926000001,0.0,2.27,0.0,0.01
4.523017558,0.0,2.28,0.03,0.01
4.525125623,0.01,2.27,0.01,0.01
4.5260188160000006,0.0,2.3,0.01,0.0
4.527138318,0.01,2.27,0.01,0.0
4.528018605000001,0.01,2.27,0.01,0.01
4.529243398,0.0,2.27,0.01,0.0
4.530013305000001,0.0,2.29,0.01,0.01
4.531111865000001,0.0,2.29,0.0,0.0
4.532023614,0.0,2.28,0.02,0.0
4.533112232000001,0.01,2.27,0.01,0.0
4.534029703,0.01,2.28,0.01,0.01
4.535133211000001,0.0,2.28,0.01,0.02
4.53606644,0.0,2.3,0.0,0.0
4.537152621000001,0.0,2.28,0.01,0.0
4.539111945,0.0,2.27,0.01,0.0
4.540020009,0.01,2.27,0.0,0.0
4.5411128320000005,0.02,2.27,0.03,0.0
4.542016689,0.01,2.28,0.0,0.01
4.543120206,0.01,2.31,0.0,0.0
4.544116231,0.01,2.27,0.01,0.01
4.545165044,0.0,2.27,0.02,0.0
4.546036083000001,0.01,2.27,0.0,0.01
4.547135793000001,0.0,2.26,0.01,0.0
4.5480932880000005,0.0,2.26,0.01,0.01
4.5491242540000005,0.0,2.26,0.0,0.0
4.550129095,0.01,2.27,0.01,0.0
4.551141468,0.0,2.27,0.04,0.01
4.553255312,0.03,2.26,0.01,0.04
4.554083264,0.0,2.28,0.02,0.06
4.555139939,0.01,2.26,0.04,0.02
4.556126658,0.0,2.27,0.0,0.0
4.557123027,0.0,2.26,0.03,0.0
4.558114606,0.0,2.26,0.02,0.01
4.559109747,0.01,2.27,0.01,0.0
4.560109418000001,0.0,2.28,0.01,0.05
4.561171463,0.0,2.27,0.01,0.0
4.562026948000001,0.0,2.27,0.01,0.02
4.56312033,0.0,2.26,0.01,0.01
4.564121371000001,0.01,2.25,0.01,0.0
4.565112904,0.0,2.27,0.01,0.0
4.5661148250000005,0.0,2.25,0.0,0.02
4.567078307,0.0,2.25,0.01,0.0
4.56802684,0.0,2.25,0.0,0.0
4.57011211,0.0,2.21,0.01,0.0
4.571029929000001,0.01,2.24,0.0,0.0
4.57201157,0.0,2.25,0.01,0.0
4.573115954,0.01,2.25,0.0,0.0
4.574021293,0.0,2.25,0.01,0.01
4.575130871000001,0.01,2.25,0.0,0.0
4.5760182060000005,0.01,2.26,0.01,0.0
4.57711703,0.0,2.25,0.01,0.01
4.5780559300000006,0.01,2.24,0.0,0.0
4.579049705,0.0,2.24,0.01,0.01
4.580021201,0.0,2.24,0.01,0.0
4.581007947000001,0.0,2.24,0.01,0.0
4.582271842,0.0,2.24,0.01,0.0
4.582999485,0.0,2.24,0.0,0.0
4.585147783,0.0,2.24,0.01,0.0
4.585977047,0.0,2.24,0.0,0.0
4.587006902000001,0.0,2.23,0.0,0.0
4.588126153,0.0,2.24,0.0,0.0
4.589018494,0.01,2.22,0.01,0.01
4.590045045,0.0,2.24,0.01,0.0
4.591013846,0.0,2.23,0.0,0.01
4.591978377,0.0,2.23,0.01,0.02
4.593119887,0.0,2.24,0.0,0.0
4.594020449,0.0,2.24,0.01,0.01
4.594976817,0.0,2.23,0.01,0.0
4.596008991000001,0.0,2.23,0.0,0.0
4.597024224,0.0,2.22,0.01,0.0
4.5980300000000005,0.02,2.23,0.01,0.02
4.600117266000001,0.0,2.23,0.0,0.02
4.600971947000001,0.0,2.23,0.0,0.0
4.602125642,0.0,2.23,0.01,0.01
4.603014922000001,0.01,2.23,0.01,0.01
4.60411905,0.02,2.22,0.08,0.05
4.6050176270000005,0.0,2.22,0.01,0.0
4.606117794,0.0,2.23,0.01,0.01
4.607021439,0.0,2.23,0.01,0.0
4.608188194,0.0,2.23,0.01,0.0
4.60901668,0.01,2.22,0.01,0.0
4.610032409,0.0,2.23,0.0,0.0
4.611117665,0.0,2.24,0.01,0.01
4.612018635,0.0,2.23,0.0,0.0
4.613267938,0.0,2.24,0.01,0.01
4.614040549,0.01,2.23,0.0,0.01
4.616116436,0.0,2.23,0.01,0.01
4.617036626,0.01,2.23,0.0,0.0
4.618133236,0.0,2.23,0.0,0.0
4.61912723,0.0,2.24,0.0,0.01
4.620114277,0.0,2.23,0.02,0.0
4.620973006000001,0.0,2.23,0.01,0.0
4.622116510000001,0.0,2.24,0.0,0.0
4.622977942,0.0,2.2,0.0,0.0
4.624110242,0.0,2.23,0.0,0.0
4.6250153350000005,0.01,2.23,0.01,0.0
4.62611519,0.0,2.23,0.02,0.01
4.6271101020000005,0.0,2.23,0.01,0.0
4.62814866,0.0,2.23,0.01,0.0
4.630142265,0.0,2.23,0.0,0.0
4.6309710420000005,0.0,2.22,0.0,0.0
4.632106950000001,0.0,2.22,0.0,0.03
4.632983567,0.0,2.23,0.0,0.01
4.63400941,0.0,2.23,0.01,0.01
4.635005849000001,0.01,2.23,0.03,0.0
4.6361170220000005,0.0,2.25,0.01,0.0
4.6370208680000005,0.0,2.23,0.03,0.0
4.638119413,0.0,2.24,0.01,0.01
4.639021754000001,0.01,2.23,0.01,0.01
4.640111769000001,0.0,2.22,0.01,0.0
4.641035428,0.0,2.23,0.01,0.0
4.64210903,0.0,2.23,0.01,0.0
4.644173306,0.03,2.22,0.0,0.0
4.64497373,0.0,2.22,0.01,0.0
4.646098508000001,0.01,2.23,0.01,0.0
4.647133739,0.0,2.22,0.01,0.0
4.647982039,0.0,2.23,0.0,0.0
4.649112141000001,0.02,2.23,0.01,0.0
4.6501127900000006,0.09,2.19,0.0,0.01
4.651121011,0.0,2.23,0.0,0.01
4.652112849,0.0,2.21,0.0,0.01
4.653126329,0.0,2.23,0.01,0.0
4.654106559000001,0.0,2.22,0.01,0.0
4.655114024,0.0,2.19,0.02,0.02
4.656115206,0.0,2.23,0.01,0.01
4.657113774,0.0,2.24,0.0,0.0
4.6581507250000005,0.0,2.23,0.0,0.0
4.659152266,0.0,2.23,0.01,0.0
4.661120564,0.0,2.22,0.01,0.0
4.6621148980000005,0.01,2.23,0.0,0.0
4.663119416000001,0.0,2.23,0.0,0.0
4.664056418,0.0,2.23,0.0,0.01
4.665132300000001,0.0,2.22,0.01,0.01
4.666014648,0.0,2.22,0.01,0.0
4.667110483,0.0,2.22,0.0,0.0
4.668108007000001,0.0,2.22,0.0,0.0
4.6691186600000005,0.0,2.23,0.0,0.0
4.670122073,0.06,2.18,0.02,0.01
4.671063865000001,0.0,2.22,0.01,0.01
4.672117549,0.0,2.23,0.0,0.0
4.674158321,0.0,2.22,0.0,0.0
4.674973079,0.02,2.22,0.01,0.0
4.676116065,0.01,2.22,0.0,0.01
4.677015074000001,0.0,2.22,0.01,0.01
4.678168934,0.0,2.22,0.02,0.0
4.679017967,0.0,2.22,0.0,0.0
4.680132299,0.01,2.22,0.01,0.01
4.681123879,0.01,2.22,0.0,0.01
4.682118091,0.01,2.23,0.01,0.01
4.683123253000001,0.0,2.22,0.0,0.0
4.6841599160000005,0.0,2.22,0.01,0.0
4.6850432280000005,0.01,2.22,0.01,0.0
4.68612078,0.01,2.22,0.01,0.0
4.688121357,0.0,2.22,0.01,0.01
4.689173621,0.01,2.24,0.0,0.01
4.690124886,0.0,2.21,0.0,0.01
4.691129989,0.0,2.21,0.02,0.0
4.6921227850000005,0.0,2.22,0.01,0.03
4.693105658,0.0,2.22,0.01,0.0
4.694026216,0.01,2.22,0.01,0.0
4.695118343,0.0,2.22,0.01,0.0
4.696012106,0.03,2.2,0.04,0.0
4.697125959,0.01,2.22,0.01,0.01
4.6980187330000005,0.0,2.22,0.0,0.01
4.699113111,0.01,2.22,0.01,0.0
4.700130766,0.0,2.22,0.0,0.0
4.7010145130000005,0.0,2.22,0.01,0.0
4.702133919,0.0,2.21,0.01,0.01
4.70303685,0.0,2.24,0.01,0.0
4.7041424350000005,0.0,2.23,0.01,0.0
4.706121243,0.0,2.22,0.01,0.0
4.7070588970000005,0.0,2.21,0.0,0.0
4.708071599,0.0,2.21,0.01,0.0
4.709175461,0.0,2.21,0.01,0.0
4.70997252,0.0,2.22,0.0,0.0
4.7111314360000005,0.0,2.22,0.01,0.0
4.712113651,0.0,2.21,0.01,0.01
4.713111518000001,0.02,2.19,0.09,0.05
4.714108945,0.0,2.22,0.0,0.0
4.7150803230000005,0.01,2.2,0.04,0.0
4.716112193000001,0.01,2.25,0.01,0.0
4.717035403000001,0.0,2.23,0.01,0.0
4.718260113,0.0,2.21,0.01,0.0
4.720109733,0.01,2.21,0.02,0.0
4.721124543,0.04,2.22,0.01,0.0
4.722119223,0.0,2.2,0.02,0.03
4.723015689,0.03,2.21,0.0,0.01
4.724109636000001,0.0,2.21,0.0,0.0
4.72501497,0.02,2.21,0.02,0.01
4.7261703740000005,0.0,2.21,0.0,0.0
4.727015281,0.0,2.21,0.0,0.0
4.728252418,0.0,2.21,0.01,0.01
4.729024567000001,0.01,2.21,0.0,0.0
4.7300906650000005,0.02,2.21,0.01,0.0
4.731045497,0.02,2.2,0.0,0.02
4.732169138000001,0.01,2.24,0.01,0.0
4.733023408,0.0,2.21,0.01,0.0
4.734157805000001,0.0,2.21,0.01,0.0
4.736123228,0.0,2.21,0.01,0.01
4.73716979,0.0,2.21,0.0,0.0
4.738032171,0.0,2.21,0.0,0.0
4.739129212,0.0,2.23,0.0,0.02
4.740122906,0.0,2.21,0.01,0.0
4.7410455,0.0,2.21,0.01,0.0
4.742212621,0.0,2.21,0.01,0.0
4.742991996000001,0.0,2.22,0.0,0.0
4.7442327650000005,0.01,2.21,0.0,0.01
4.7449835810000005,0.0,2.21,0.0,0.0
4.746073895,0.0,2.22,0.0,0.0
4.747186014,0.0,2.24,0.01,0.02
4.748080438000001,0.01,2.22,0.01,0.0
4.749168633,0.0,2.23,0.01,0.0
4.751039175000001,0.0,2.22,0.0,0.0
4.7521872830000005,0.0,2.24,0.01,0.01
4.752970325000001,0.0,2.22,0.01,0.01
4.754111433,0.0,2.24,0.01,0.0
4.75512852,0.0,2.22,0.0,0.0
4.756114126,0.0,2.22,0.01,0.0
4.75719458,0.0,2.22,0.01,0.0
4.758033842000001,0.01,2.22,0.01,0.0
4.759183227,0.0,2.23,0.01,0.0
4.7600218540000006,0.0,2.22,0.0,0.0
4.761110779,0.0,2.23,0.01,0.02
4.762122005,0.01,2.22,0.01,0.0
4.763117970000001,0.01,2.2,0.02,0.0
4.764166071,0.0,2.22,0.0,0.0
4.766052236,0.02,2.22,0.01,0.02
4.767135982,0.0,2.23,0.0,0.0
4.76807858,0.0,2.22,0.0,0.01
4.7692291540000005,0.05,2.22,0.01,0.0
4.770039742000001,0.01,2.23,0.0,0.0
4.771067734000001,0.0,2.24,0.0,0.0
4.772155000000001,0.01,2.23,0.0,0.0
4.772989274,0.0,2.23,0.01,0.0
4.774133529,0.0,2.23,0.01,0.0
4.775166635000001,0.01,2.24,0.02,0.0
4.776116289,0.0,2.23,0.0,0.0
4.777156547000001,0.0,2.23,0.0,0.01
4.7780206320000005,0.0,2.23,0.0,0.01
4.779139402,0.0,2.24,0.01,0.01
4.781124246,0.02,2.21,0.06,0.0
4.782107847000001,0.0,2.24,0.01,0.01
4.783124527,0.0,2.23,0.01,0.01
4.784114463,0.01,2.25,0.0,0.0
4.785114505,0.0,2.24,0.01,0.01
4.786113541000001,0.01,2.23,0.0,0.01
4.787117896000001,0.0,2.24,0.01,0.0
4.788108936,0.0,2.24,0.0,0.02
4.789119509000001,0.01,2.23,0.01,0.0
4.790119602,0.0,2.24,0.03,0.0
4.791126288,0.01,2.24,0.01,0.0
4.7921679820000005,0.01,2.25,0.01,0.01
4.793121545,0.0,2.22,0.0,0.0
4.794175562,0.0,2.25,0.0,0.01
4.796141362,0.01,2.23,0.01,0.0
4.7969982270000004,0.0,2.23,0.01,0.0
4.798022821,0.01,2.24,0.01,0.0
4.799134071,0.0,2.2,0.1,0.01
4.7999927300000005,0.0,2.25,0.0,0.0
4.801237048,0.02,2.24,0.0,0.0
4.802026991,0.0,2.24,0.04,0.01
4.8030840790000005,0.01,2.24,0.03,0.01
4.804106362000001,0.01,2.24,0.01,0.0
4.805139143,0.01,2.25,0.01,0.0
4.806019458000001,0.0,2.24,0.0,0.0
4.807120082,0.0,2.21,0.07,0.0
4.808230862,0.01,2.24,0.0,0.0
4.809039959000001,0.0,2.25,0.0,0.0
4.810133292000001,0.0,2.25,0.01,0.0
4.8111347890000005,0.0,2.26,0.01,0.02
4.813115968,0.0,2.27,0.01,0.0
4.8142928640000004,0.0,2.29,0.01,0.01
4.815008098000001,0.0,2.25,0.02,0.06
4.8162535140000005,0.0,2.25,0.0,0.0
4.8170076680000005,0.0,2.25,0.01,0.0
4.81811816,0.0,2.25,0.01,0.0
4.8191590810000005,0.0,2.26,0.01,0.0
4.820016758,0.0,2.25,0.02,0.01
4.821108437,0.0,2.25,0.01,0.0
4.822112978000001,0.0,2.25,0.01,0.0
4.823131786,0.0,2.25,0.0,0.0
4.824171577,0.0,2.25,0.01,0.0
4.825019042,0.0,2.25,0.01,0.0
4.826124607000001,0.0,2.26,0.0,0.01
4.828117736,0.0,2.25,0.0,0.01
4.829070914,0.0,2.25,0.01,0.0
4.830153548,0.0,2.26,0.01,0.0
4.830978625,0.0,2.26,0.03,0.0
4.832192079,0.0,2.22,0.0,0.0
4.832989732000001,0.0,2.25,0.0,0.0
4.834213704000001,0.0,2.25,0.0,0.01
4.835001804,0.0,2.26,0.0,0.0
4.836164206,0.0,2.26,0.0,0.0
4.837024394,0.0,2.25,0.0,0.0
4.838118931,0.01,2.27,0.01,0.01
4.839144578,0.0,2.26,0.02,0.03
4.841120184,0.0,2.25,0.01,0.01
4.842073501000001,0.0,2.25,0.01,0.0
4.843130245,0.05,2.26,0.0,0.0
4.84408464,0.0,2.25,0.03,0.04
4.845170673,0.02,2.25,0.03,0.01
4.845974556000001,0.01,2.25,0.01,0.0
4.847110085000001,0.0,2.25,0.0,0.0
4.8480186640000005,0.0,2.24,0.01,0.01
4.849122047000001,0.0,2.27,0.01,0.0
4.850014338,0.0,2.26,0.01,0.01
4.8510296760000005,0.0,2.25,0.01,0.0
4.852200849,0.01,2.28,0.01,0.02
4.853029848,0.0,2.25,0.01,0.0
4.854136192,0.0,2.25,0.0,0.0
4.855055946,0.0,2.25,0.0,0.0
4.857111472000001,0.0,2.25,0.0,0.0
4.858015369,0.0,2.25,0.0,0.02
4.859110995,0.01,2.25,0.01,0.0
4.860015128000001,0.03,2.29,0.04,0.03
4.86100334,0.0,2.25,0.0,0.0
4.861984109000001,0.0,2.25,0.01,0.0
4.863030348000001,0.0,2.25,0.01,0.0
4.864019428000001,0.0,2.25,0.0,0.0
4.865045975,0.0,2.25,0.01,0.0
4.866019464000001,0.0,2.25,0.01,0.0
4.867017094,0.0,2.25,0.01,0.0
4.86813275,0.0,2.25,0.01,0.01
4.869037819,0.01,2.25,0.0,0.0
4.870173545,0.0,2.25,0.0,0.0
4.872081498,0.0,2.25,0.01,0.01
4.873018086,0.0,2.24,0.0,0.0
4.8740705250000005,0.0,2.23,0.0,0.0
4.875015653,0.01,2.24,0.0,0.01
4.87600721,0.02,2.24,0.0,0.0
4.877109062000001,0.0,2.24,0.01,0.0
4.878018938,0.0,2.24,0.01,0.01
4.879122375000001,0.0,2.24,0.01,0.0
4.8800155720000005,0.0,2.15,0.03,0.04
4.881129958000001,0.01,2.24,0.0,0.0
4.88197007,0.0,2.24,0.01,0.0
4.883110238,0.0,2.25,0.0,0.0
4.884016473,0.0,2.23,0.02,0.0
4.885137559,0.0,2.24,0.01,0.0
4.887317304000001,0.0,2.23,0.01,0.03
4.888009759,0.0,2.24,0.02,0.0
4.889128548,0.0,2.24,0.0,0.0
4.890111748000001,0.0,2.23,0.0,0.0
4.891062671,0.03,2.23,0.0,0.0
4.892036549,0.0,2.26,0.01,0.0
4.893055215,0.01,2.21,0.01,0.0
4.8942267500000005,0.0,2.25,0.01,0.0
4.895012196000001,0.02,2.24,0.0,0.01
4.896051912,0.0,2.22,0.01,0.0
4.897155581000001,0.0,2.23,0.01,0.0
4.897999534,0.01,2.25,0.0,0.0
4.899132222,0.0,2.23,0.0,0.0
4.900137277000001,0.0,2.23,0.01,0.0
4.901112234,0.0,2.23,0.0,0.0
4.903116097000001,0.0,2.24,0.0,0.0
4.904084436000001,0.0,2.24,0.01,0.0
4.905120797,0.0,2.22,0.01,0.0
4.906124818,0.02,2.24,0.0,0.01
4.907113439000001,0.0,2.24,0.0,0.0
4.908115198,0.01,2.24,0.01,0.01
4.909114688000001,0.03,2.24,0.01,0.0
4.910114393000001,0.0,2.24,0.01,0.04
4.911130781000001,0.0,2.25,0.01,0.03
4.912139393,0.01,2.24,0.0,0.0
4.913136764,0.0,2.25,0.01,0.0
4.914106425,0.0,2.24,0.01,0.0
4.915197986,0.0,2.24,0.01,0.0
4.917113798,0.0,2.23,0.01,0.0
4.918120457000001,0.0,2.24,0.01,0.0
4.9191256150000005,0.0,2.25,0.01,0.0
4.920152202000001,0.05,2.23,0.02,0.0
4.921137809,0.0,2.23,0.0,0.0
4.922087671,0.0,2.21,0.03,0.01
4.923122909,0.0,2.24,0.02,0.0
4.924029952000001,0.0,2.25,0.03,0.0
4.925035459,0.0,2.25,0.02,0.0
4.926062959,0.01,2.24,0.01,0.0
4.927070245,0.0,2.24,0.03,0.02
4.929151726000001,0.0,2.26,0.0,0.0
4.930046301,0.0,2.24,0.0,0.0
4.931126949,0.0,2.23,0.0,0.0
4.932017837,0.0,2.25,0.0,0.0
4.933113693,0.0,2.25,0.01,0.0
4.934017602,0.0,2.24,0.0,0.01
4.935120789,0.0,2.24,0.0,0.0
4.936129794,0.0,2.24,0.04,0.0
4.937115123,0.0,2.24,0.01,0.0
4.938144354,0.01,2.25,0.02,0.0
4.939023296,0.0,2.22,0.03,0.04
4.940116969,0.01,2.23,0.0,0.0
4.941113851,0.0,2.25,0.01,0.0
4.9421108910000004,0.0,2.25,0.0,0.0
4.943111603,0.0,2.23,0.01,0.0
4.944152414,0.0,2.24,0.01,0.0
4.945146478000001,0.0,2.25,0.01,0.0
4.946127455,0.01,2.25,0.01,0.0
4.948119660000001,0.0,2.24,0.01,0.0
4.9491112280000005,0.0,2.24,0.0,0.01
4.950142550000001,0.0,2.24,0.01,0.0
4.951106093,0.0,2.24,0.01,0.0
4.9521278760000005,0.02,2.25,0.03,0.0
4.953084413,0.0,2.24,0.0,0.0
4.9541457950000005,0.0,2.25,0.01,0.0
4.955085625000001,0.0,2.23,0.0,0.0
4.956148036,0.0,2.24,0.0,0.0
4.957115319000001,0.01,2.23,0.01,0.0
4.958028341,0.01,2.26,0.0,0.0
4.960142092,0.01,2.24,0.01,0.01
4.960970717,0.03,2.25,0.01,0.01
4.962134466,0.0,2.24,0.0,0.01
4.963003497,0.01,2.25,0.01,0.0
4.964111839,0.0,2.25,0.0,0.0
4.965003960000001,0.0,2.24,0.01,0.01
4.9661437500000005,0.01,2.25,0.0,0.0
4.967014170000001,0.0,2.24,0.0,0.0
4.968064583,0.01,2.24,0.0,0.0
4.969135454,0.0,2.24,0.01,0.01
4.970022858,0.0,2.24,0.0,0.02
4.971115739,0.0,2.23,0.0,0.0
4.972020782,0.0,2.24,0.0,0.0
4.973012716,0.0,2.23,0.01,0.01
4.974022282,0.01,2.24,0.01,0.0
4.9751625530000005,0.01,2.24,0.0,0.0
4.977132871,0.0,2.24,0.01,0.06
4.977976395000001,0.0,2.24,0.0,0.0
4.979116366,0.0,2.23,0.0,0.0
4.980001518,0.0,2.23,0.0,0.0
4.981133222,0.0,2.24,0.01,0.0
4.982028055000001,0.01,2.23,0.01,0.01
4.983113636000001,0.0,2.23,0.01,0.0
4.984031141,0.0,2.23,0.0,0.01
4.985024203,0.01,2.23,0.0,0.05
4.986162146000001,0.0,2.25,0.0,0.01
4.987062283,0.01,2.23,0.01,0.0
4.988056661,0.0,2.23,0.01,0.0
4.989016769,0.0,2.23,0.01,0.0
4.990028469,0.01,2.23,0.01,0.0
4.991150042,0.01,2.22,0.04,0.02
4.993117294,0.0,2.25,0.04,0.01
4.994131397,0.01,2.23,0.01,0.0
4.995013925,0.0,2.23,0.0,0.0
4.9961235010000005,0.0,2.24,0.01,0.0
4.997064177,0.0,2.23,0.01,0.0
4.998077875,0.0,2.22,0.0,0.0
4.999145943,0.0,2.23,0.01,0.01
5.000013555000001,0.01,2.21,0.0,0.0
5.001107875000001,0.0,2.21,0.0,0.0
5.00212821,0.0,2.23,0.0,0.01
5.0031142740000005,0.08,2.2,0.07,0.01
5.0041133470000005,0.0,2.23,0.01,0.02
5.005122171,0.01,2.22,0.01,0.0
5.006130784000001,0.0,2.23,0.01,0.02
5.007109564,0.0,2.23,0.01,0.0
5.009118744,0.0,2.23,0.0,0.01
5.010026292,0.01,2.23,0.0,0.0
5.011120014,0.01,2.24,0.0,0.0
5.012019748,0.0,2.23,0.0,0.01
5.013124602,0.0,2.23,0.01,0.0
5.014109579,0.0,2.24,0.0,0.0
5.015042758,0.01,2.23,0.01,0.02
5.016036848000001,0.01,2.24,0.01,0.0
5.017062779000001,0.0,2.24,0.01,0.0
5.019045159,0.0,2.22,0.0,0.01
5.020166776,0.0,2.24,0.02,0.0
5.021015275,0.0,2.21,0.01,0.0
5.022113385,0.0,2.24,0.0,0.11
5.0230272430000005,0.0,2.23,0.0,0.0
5.024170742,0.0,2.23,0.01,0.0
5.024969696,0.01,2.27,0.01,0.0
5.026109555000001,0.01,2.23,0.0,0.0
5.027112933000001,0.0,2.24,0.0,0.01
5.028106875000001,0.01,2.24,0.02,0.0
5.0291123220000005,0.0,2.23,0.01,0.0
5.030162034,0.02,2.22,0.01,0.0
5.031119529000001,0.0,2.23,0.0,0.03
5.032125951,0.0,2.23,0.01,0.01
5.033112213,0.0,2.24,0.01,0.0
5.034092825,0.0,2.25,0.0,0.0
5.035108186,0.03,2.24,0.02,0.01
5.036185104,0.01,2.24,0.04,0.0
5.038119640000001,0.01,2.24,0.0,0.0
5.039112964,0.0,2.24,0.0,0.0
5.040109363,0.0,2.24,0.0,0.02
5.04112327,0.0,2.23,0.02,0.0
5.042190189,0.01,2.24,0.0,0.0
5.043017697000001,0.01,2.22,0.0,0.02
5.044111578,0.01,2.24,0.02,0.01
5.045123058000001,0.0,2.24,0.02,0.0
5.0461628460000005,0.0,2.24,0.01,0.0
5.047070338,0.01,2.24,0.0,0.03
5.048019407,0.0,2.24,0.0,0.0
5.0491870070000004,0.0,2.24,0.0,0.0
5.050048802,0.01,2.23,0.0,0.0
5.051188413,0.0,2.24,0.03,0.02
5.05206805,0.0,2.24,0.0,0.0
5.054073746,0.0,2.23,0.01,0.0
5.05514768,0.01,2.24,0.01,0.0
5.056016495000001,0.02,2.23,0.01,0.01
5.0571185110000005,0.0,2.24,0.01,0.0
5.058113069,0.0,2.23,0.0,0.0
5.05911295,0.01,2.23,0.01,0.0
5.060128408000001,0.0,2.25,0.01,0.01
5.061128784,0.01,2.24,0.0,0.0
5.062126398,0.0,2.25,0.0,0.0
5.063113357000001,0.02,2.24,0.09,0.01
5.064145757,0.01,2.24,0.0,0.0
5.065024312,0.01,2.22,0.0,0.0
5.066143375,0.01,2.24,0.01,0.0
5.067141547,0.0,2.24,0.0,0.01
5.068134194000001,0.02,2.24,0.01,0.0
5.070111848000001,0.01,2.23,0.01,0.0
5.0711131940000005,0.0,2.23,0.0,0.0
5.072112298,0.01,2.23,0.01,0.0
5.0731219770000004,0.0,2.24,0.01,0.01
5.0741138050000005,0.0,2.23,0.0,0.0
5.075107103000001,0.01,2.24,0.02,0.0
5.076114871000001,0.0,2.23,0.0,0.01
5.077031274,0.01,2.23,0.0,0.0
5.07815621,0.0,2.23,0.01,0.0
5.079048313,0.01,2.26,0.01,0.01
5.080119195,0.0,2.23,0.0,0.01
5.081146711000001,0.06,2.27,0.01,0.01
5.083130678000001,0.0,2.23,0.01,0.05
5.084042,0.0,2.24,0.0,0.0
5.085197771000001,0.0,2.23,0.01,0.0
5.086015927,0.01,2.23,0.02,0.0
5.0871366920000005,0.0,2.23,0.01,0.01
5.088106689,0.0,2.3,0.03,0.0
5.089120283000001,0.01,2.24,0.01,0.0
5.090199266,0.0,2.23,0.0,0.0
5.091026230000001,0.0,2.24,0.0,0.01
5.092179485,0.0,2.25,0.01,0.01
5.093139283,0.0,2.24,0.03,0.01
5.094047104,0.0,2.23,0.01,0.01
5.095144230000001,0.0,2.25,0.02,0.0
5.097144068,0.01,2.24,0.0,0.0
5.098014245,0.0,2.24,0.0,0.02
5.099135036000001,0.01,2.24,0.0,0.0
5.100113602,0.0,2.24,0.0,0.01
5.101129342,0.0,2.24,0.0,0.0
5.1021103960000005,0.0,2.23,0.01,0.0
5.103134659,0.0,2.24,0.01,0.0
5.104126648,0.01,2.24,0.02,0.0
5.105109166,0.0,2.25,0.01,0.01
5.1061562,0.0,2.25,0.02,0.0
5.107151733,0.0,2.24,0.0,0.0
5.108141715,0.0,2.24,0.0,0.01
5.109289351,0.0,2.23,0.01,0.0
5.110034694,0.03,2.25,0.03,0.0
5.111062164000001,0.0,2.25,0.01,0.0
5.113111648,0.03,2.19,0.01,0.01
5.11401747,0.0,2.25,0.01,0.0
5.115014256,0.01,2.25,0.03,0.0
5.116116483,0.0,2.25,0.01,0.0
5.117014488000001,0.03,2.24,0.01,0.0
5.1181213130000005,0.0,2.26,0.01,0.0
5.119012561,0.0,2.23,0.01,0.0
5.120110791,0.0,2.24,0.03,0.0
5.121119543000001,0.0,2.24,0.01,0.01
5.122115412,0.0,2.22,0.0,0.0
5.123022478,0.0,2.25,0.0,0.0
5.124111968,0.01,2.25,0.01,0.01
5.125106762000001,0.0,2.24,0.02,0.0
5.126035012,0.0,2.24,0.0,0.0
5.127125705,0.0,2.24,0.01,0.01
5.129108912,0.01,2.25,0.01,0.01
5.13011292,0.0,2.23,0.0,0.01
5.131105908,0.0,2.24,0.08,0.02
5.132053333,0.0,2.25,0.01,0.0
5.1331283910000005,0.0,2.24,0.0,0.01
5.134014715,0.0,2.24,0.01,0.01
5.1351116480000005,0.0,2.24,0.01,0.0
5.136111115,0.0,2.24,0.0,0.01
5.13711547,0.0,2.24,0.0,0.0
5.138136124000001,0.01,2.24,0.01,0.0
5.139120695,0.0,2.23,0.01,0.0
5.140118468000001,0.0,2.24,0.02,0.01
5.141015814,0.0,2.24,0.0,0.0
5.142203438,0.0,2.23,0.01,0.0
5.14401534,0.0,2.23,0.01,0.01
5.145124268,0.01,2.22,0.0,0.0
5.146012829,0.0,2.23,0.01,0.01
5.147104213,0.0,2.24,0.0,0.0
5.148025277,0.02,2.24,0.0,0.06
5.149020463,0.01,2.24,0.01,0.0
5.150108932,0.01,2.26,0.0,0.0
5.151016723000001,0.0,2.24,0.0,0.0
5.152120466,0.01,2.24,0.01,0.0
5.153022899000001,0.0,2.23,0.01,0.0
5.154134703,0.0,2.25,0.0,0.03
5.155107115000001,0.01,2.24,0.0,0.0
5.156150295000001,0.0,2.23,0.01,0.01
5.157125329,0.0,2.24,0.01,0.01
5.158124945,0.0,2.23,0.01,0.0
5.160223193,0.0,2.23,0.0,0.0
5.161029657,0.01,2.23,0.01,0.0
5.1620169030000005,0.0,2.23,0.01,0.0
5.163105809,0.0,2.24,0.0,0.0
5.1641128730000005,0.0,2.23,0.01,0.01
5.165108695000001,0.0,2.23,0.0,0.0
5.166128653,0.0,2.24,0.01,0.03
5.167032489,0.0,2.23,0.0,0.0
5.168112906,0.0,2.24,0.01,0.0
5.169133133,0.01,2.24,0.0,0.02
5.170130511,0.01,2.22,0.01,0.01
5.17101742,0.0,2.24,0.0,0.0
5.172118136,0.0,2.23,0.0,0.0
5.1730997720000005,0.01,2.25,0.01,0.0
5.174144356,0.01,2.24,0.0,0.01
5.17611954,0.0,2.24,0.04,0.0
5.177051904000001,0.01,2.24,0.01,0.0
5.178117066,0.0,2.24,0.01,0.0
5.179111034,0.01,2.24,0.01,0.0
5.180109964000001,0.01,2.24,0.01,0.01
5.1811355,0.0,2.24,0.0,0.01
5.182018974,0.04,2.22,0.01,0.0
5.183111481,0.0,2.24,0.01,0.0
5.184119483,0.0,2.23,0.0,0.0
5.185112613,0.0,2.22,0.01,0.0
5.186153606,0.0,2.24,0.0,0.0
5.1881057020000005,0.0,2.23,0.0,0.0
5.189126101,0.0,2.24,0.0,0.0
5.190116233,0.0,2.24,0.01,0.01
5.191108349,0.03,2.25,0.02,0.0
5.192108249,0.0,2.24,0.01,0.0
5.193117443,0.0,2.2,0.01,0.0
5.194165011,0.0,2.25,0.01,0.0
5.19501944,0.0,2.24,0.01,0.0
5.196117576000001,0.0,2.24,0.01,0.0
5.1971219500000005,0.0,2.24,0.0,0.0
5.198022959,0.0,2.24,0.0,0.0
5.199124756000001,0.0,2.23,0.0,0.01
5.200115374,0.0,2.24,0.01,0.0
5.201196026000001,0.0,2.24,0.01,0.01
5.203065082,0.0,2.23,0.01,0.0
5.20418697,0.0,2.23,0.0,0.0
5.205019340000001,0.0,2.25,0.0,0.0
5.206114198000001,0.0,2.23,0.01,0.0
5.207106228000001,0.0,2.23,0.0,0.0
5.20812141,0.01,2.24,0.01,0.0
5.209135141,0.01,2.24,0.02,0.0
5.210271411,0.01,2.24,0.01,0.0
5.211017121,0.01,2.22,0.01,0.0
5.212129174,0.0,2.23,0.02,0.0
5.213106376000001,0.0,2.21,0.0,0.0
5.214113957,0.0,2.24,0.01,0.0
5.2151425510000005,0.0,2.24,0.01,0.0
5.216163001,0.01,2.24,0.01,0.0
5.217179366000001,0.0,2.24,0.01,0.0
5.218015731,0.0,2.25,0.01,0.0
5.220119400000001,0.0,2.24,0.01,0.0
5.221109070000001,0.0,2.24,0.02,0.0
5.222139941,0.0,2.25,0.0,0.0
5.223021374,0.0,2.23,0.0,0.01
5.224193319,0.0,2.25,0.01,0.0
5.225035684000001,0.0,2.24,0.0,0.0
5.226124459,0.06,2.22,0.0,0.0
5.227312024000001,0.0,2.24,0.01,0.0
5.228011367000001,0.02,2.25,0.01,0.01
5.2291381910000005,0.0,2.24,0.0,0.01
5.230113364,0.0,2.25,0.01,0.0
5.231119632,0.0,2.25,0.01,0.0
5.232248952,0.09,2.24,0.0,0.01
5.234162177,0.01,2.24,0.01,0.0
5.235040222,0.0,2.25,0.01,0.0
5.236021777,0.03,2.24,0.0,0.02
5.237123837,0.0,2.26,0.01,0.0
5.238018109,0.0,2.24,0.0,0.0
5.239173835,0.0,2.22,0.01,0.01
5.240065392,0.0,2.24,0.0,0.0
5.241104838,0.01,2.23,0.01,0.0
5.242146165,0.06,2.24,0.01,0.02
5.243127820000001,0.0,2.25,0.02,0.0
5.244274885,0.01,2.23,0.01,0.03
5.245019414000001,0.0,2.23,0.0,0.0
5.246136743,0.0,2.23,0.01,0.01
5.247140773,0.0,2.23,0.0,0.0
5.249124381000001,0.0,2.23,0.01,0.0
5.250152411,0.0,2.23,0.01,0.0
5.251149722,0.01,2.23,0.01,0.0
5.252128348,0.0,2.21,0.0,0.0
5.253114286000001,0.03,2.22,0.01,0.0
5.254112279,0.0,2.23,0.0,0.0
5.25515082,0.0,2.23,0.01,0.0
5.256026680000001,0.0,2.23,0.01,0.0
5.2571454630000005,0.0,2.22,0.0,0.0
5.258154950000001,0.01,2.22,0.01,0.0
5.259132795,0.0,2.23,0.02,0.0
5.260127813,0.0,2.21,0.01,0.0
5.261157973,0.0,2.22,0.0,0.0
5.262174951,0.0,2.22,0.0,0.0
5.264156178,0.0,2.21,0.0,0.0
5.264980796000001,0.0,2.2,0.01,0.0
5.266088614,0.0,2.21,0.01,0.01
5.267204970000001,0.0,2.22,0.02,0.0
5.268019382,0.0,2.2,0.01,0.0
5.269136592000001,0.0,2.22,0.02,0.01
5.27001846,0.0,2.21,0.01,0.0
5.2711516110000005,0.0,2.22,0.0,0.0
5.272178149,0.0,2.22,0.0,0.0
5.272976385000001,0.0,2.2,0.01,0.0
5.274176268000001,0.0,2.22,0.01,0.0
5.27501556,0.02,2.22,0.01,0.0
5.276114758,0.01,2.22,0.04,0.01
5.277112806000001,0.0,2.21,0.0,0.0
5.278111129,0.01,2.21,0.01,0.0
5.279128638,0.01,2.22,0.0,0.0
5.281122151,0.01,2.23,0.01,0.01
5.282114878000001,0.0,2.24,0.01,0.0
5.283118075,0.0,2.21,0.0,0.0
5.284113084,0.0,2.21,0.0,0.0
5.285114012,0.0,2.21,0.0,0.02
5.286026243,0.01,2.22,0.0,0.02
5.287130021,0.0,2.21,0.01,0.0
5.287973505,0.0,2.22,0.01,0.01
5.289124548,0.0,2.22,0.0,0.0
5.290199144000001,0.0,2.21,0.03,0.0
5.291030554000001,0.01,2.18,0.02,0.04
5.292135796,0.0,2.23,0.01,0.0
5.294110746,0.0,2.21,0.01,0.0
5.295125525,0.01,2.21,0.0,0.02
5.296118582,0.0,2.22,0.01,0.01
5.2971153090000005,0.0,2.21,0.0,0.0
5.298111316,0.0,2.21,0.01,0.0
5.299131697,0.0,2.21,0.0,0.0
5.300037387000001,0.0,2.21,0.01,0.0
5.301317264000001,0.01,2.21,0.01,0.0
5.3019944720000005,0.0,2.2,0.01,0.0
5.303061851000001,0.04,2.21,0.0,0.06
5.304175786,0.0,2.2,0.01,0.0
5.305041801000001,0.0,2.2,0.02,0.0
5.306148737,0.0,2.22,0.01,0.0
5.307029155,0.0,2.2,0.01,0.0
5.308197618,0.04,2.16,0.03,0.01
5.310128287,0.0,2.2,0.0,0.01
5.311113247000001,0.0,2.19,0.01,0.02
5.312101645,0.0,2.18,0.01,0.0
5.313116783,0.01,2.18,0.02,0.01
5.314100323,0.01,2.17,0.0,0.0
5.315131030000001,0.0,2.17,0.04,0.0
5.316110927,0.01,2.16,0.0,0.01
5.317112639,0.0,2.16,0.01,0.01
5.31810715,0.0,2.15,0.01,0.0
5.319130244,0.01,2.16,0.01,0.0
5.320107492,0.0,2.09,0.04,0.0
5.321120852,0.02,2.18,0.01,0.0
5.3221117510000004,0.0,2.15,0.01,0.01
5.323161600000001,0.0,2.15,0.0,0.0
5.324117929000001,0.0,2.14,0.01,0.01
5.326206050000001,0.0,2.14,0.0,0.0
5.32702199,0.05,2.15,0.04,0.0
5.3280134740000005,0.0,2.13,0.01,0.0
5.329220757000001,0.0,2.14,0.0,0.0
5.330018891,0.0,2.13,0.01,0.01
5.331122636,0.0,2.13,0.0,0.01
5.332148312,0.01,2.12,0.01,0.0
5.333024986000001,0.0,2.13,0.0,0.0
5.334145134,0.0,2.13,0.01,0.01
5.3351824500000005,0.01,2.13,0.01,0.01
5.336019867,0.01,2.12,0.0,0.01
5.337105685,0.08,2.13,0.0,0.03
5.338020521000001,0.0,2.11,0.0,0.01
5.340056207,0.01,2.12,0.01,0.0
5.3412555820000005,0.01,2.11,0.01,0.01
5.342011665,0.01,2.11,0.0,0.01
5.343119543,0.0,2.11,0.0,0.0
5.344171957,0.04,2.09,0.01,0.01
5.345018638,0.0,2.11,0.0,0.0
5.346087002,0.0,2.1,0.01,0.0
5.347110432,0.0,2.09,0.0,0.0
5.348149183,0.0,2.09,0.02,0.0
5.349114357,0.01,2.09,0.01,0.0
5.350113053,0.01,2.09,0.01,0.0
5.351155591,0.02,2.08,0.01,0.01
5.3520284380000005,0.01,2.09,0.0,0.0
5.353150704,0.09,2.04,0.0,0.06
5.355114741,0.0,2.07,0.01,0.0
5.356110091000001,0.0,2.08,0.01,0.0
5.357155421000001,0.0,2.1,0.0,0.01
5.358040262,0.01,2.07,0.01,0.0
5.359164981,0.0,2.05,0.01,0.0
5.3600266350000005,0.01,2.07,0.0,0.0
5.361116866000001,0.0,2.08,0.01,0.0
5.362126571,0.02,2.08,0.0,0.01
5.363114228000001,0.0,2.08,0.0,0.0
5.364110699,0.0,2.09,0.01,0.0
5.365161774000001,0.0,2.09,0.01,0.01
5.366017827,0.01,2.08,0.0,0.0
5.367117633,0.0,2.08,0.0,0.0
5.368143055,0.01,2.09,0.0,0.01
5.369139862,0.0,2.07,0.01,0.0
5.370119086000001,0.02,2.08,0.0,0.0
5.372111216,0.0,2.08,0.01,0.0
5.373012272,0.0,2.07,0.01,0.0
5.374111258,0.0,2.06,0.01,0.01
5.375121930000001,0.0,2.05,0.0,0.0
5.3761137560000005,0.02,2.06,0.01,0.0
5.377108087000001,0.0,2.06,0.01,0.0
5.3781197050000005,0.01,2.05,0.0,0.02
5.379122947,0.01,2.05,0.0,0.0
5.380121186,0.01,2.06,0.01,0.0
5.381145050000001,0.01,2.07,0.04,0.0
5.382135129,0.0,2.07,0.0,0.0
5.383035439,0.0,2.05,0.04,0.0
5.3841447030000005,0.0,2.07,0.01,0.01
5.386119218,0.02,2.07,0.0,0.0
5.3871074960000005,0.0,2.05,0.02,0.0
5.388149344,0.0,2.05,0.01,0.01
5.3889731780000005,0.02,2.05,0.01,0.01
5.3901165660000006,0.01,2.05,0.0,0.0
5.391114588000001,0.02,2.05,0.01,0.01
5.392158908000001,0.0,2.07,0.01,0.01
5.392974618,0.0,2.05,0.0,0.0
5.394011862,0.0,2.05,0.02,0.0
5.395270858,0.01,2.03,0.0,0.0
5.396020656,0.0,2.04,0.02,0.01
5.3971372,0.0,2.04,0.01,0.0
5.398096361,0.0,2.04,0.01,0.01
5.399115028000001,0.0,2.03,0.0,0.02
5.401041663,0.02,2.03,0.01,0.0
5.402117667000001,0.0,2.02,0.01,0.03
5.403118579,0.01,2.02,0.01,0.0
5.404108384000001,0.0,2.02,0.02,0.0
5.405129663,0.01,2.02,0.0,0.0
5.4061416620000005,0.01,2.04,0.01,0.0
5.407109231000001,0.01,2.01,0.01,0.0
5.40811942,0.0,2.01,0.0,0.0
5.409119845,0.01,2.01,0.02,0.0
5.410108404000001,0.01,2.01,0.01,0.0
5.4111140110000004,0.0,1.97,0.0,0.0
5.412141384000001,0.0,2.0,0.01,0.0
5.413149613000001,0.01,2.0,0.01,0.0
5.414140758,0.0,2.0,0.0,0.0
5.416112069,0.01,1.99,0.01,0.01
5.417122573,0.0,1.97,0.01,0.0
5.418109452,0.0,1.96,0.01,0.0
5.419212167,0.02,1.97,0.01,0.0
5.420027920000001,0.0,1.94,0.0,0.0
5.4210511200000004,0.0,1.94,0.0,0.01
5.422112627000001,0.01,1.93,0.01,0.01
5.423018841,0.0,1.91,0.0,0.01
5.424123730000001,0.01,1.9,0.01,0.0
5.4251968470000005,0.0,1.89,0.0,0.0
5.426018825000001,0.01,1.88,0.01,0.0
5.427108705,0.0,1.88,0.0,0.01
5.428109705000001,0.0,1.87,0.0,0.0
5.429127631,0.0,1.87,0.01,0.01
5.43011652,0.0,1.88,0.01,0.0
5.43111746,0.0,1.91,0.05,0.02
5.433094323000001,0.0,1.85,0.0,0.01
5.434113610000001,0.0,1.83,0.0,0.0
5.435129281,0.0,1.83,0.0,0.01
5.436114084000001,0.0,1.82,0.01,0.0
5.437115637000001,0.01,1.81,0.01,0.0
5.438112916000001,0.04,1.78,0.02,0.0
5.439112644000001,0.0,1.8,0.0,0.0
5.440113367,0.0,1.8,0.03,0.0
5.441116848,0.0,1.79,0.01,0.01
5.442126911,0.0,1.77,0.01,0.03
5.443110681,0.01,1.75,0.0,0.01
5.444168504,0.01,1.75,0.01,0.01
5.446115302,0.0,1.75,0.01,0.01
5.447120732,0.0,1.75,0.01,0.01
5.448126633,0.01,1.73,0.0,0.01
5.4491088130000005,0.01,1.73,0.02,0.0
5.450058064,0.0,1.73,0.0,0.05
5.451193548,0.0,1.69,0.01,0.0
5.451973849000001,0.0,1.69,0.02,0.0
5.453049781000001,0.0,1.67,0.01,0.0
5.454134442,0.0,1.66,0.01,0.0
5.455028704,0.01,1.65,0.0,0.01
5.456136902,0.05,1.61,0.04,0.02
5.457015362,0.0,1.62,0.0,0.0
5.4581085620000005,0.01,1.58,0.0,0.0
5.459162871,0.01,1.6,0.0,0.0
5.4601495490000005,0.0,1.59,0.0,0.0
5.462117979,0.0,1.58,0.01,0.0
5.4631133720000005,0.0,1.55,0.0,0.01
5.4641020430000005,0.0,1.53,0.0,0.0
5.465104049000001,0.0,1.52,0.0,0.0
5.466114083,0.02,1.54,0.0,0.0
5.467109028,0.0,1.5,0.01,0.0
5.468122907000001,0.0,1.49,0.0,0.0
5.469110859000001,0.0,1.47,0.0,0.01
5.470112492,0.0,1.46,0.01,0.03
5.471040365,0.0,1.44,0.0,0.02
5.4721346650000005,0.0,1.42,0.0,0.0
5.473165923000001,0.01,1.4,0.0,0.01
5.475164096,0.0,1.38,0.0,0.0
5.476132297,0.02,1.39,0.0,0.02
5.477079955000001,0.01,1.33,0.0,0.0
5.4781376580000005,0.0,1.35,0.0,0.0
5.4791287440000005,0.02,1.32,0.01,0.0
5.480117406000001,0.0,1.33,0.0,0.0
5.481120108000001,0.01,1.33,0.05,0.0
5.482110533,0.03,1.31,0.02,0.04
5.483129578000001,0.0,1.28,0.0,0.0
5.48412331,0.01,1.25,0.0,0.01
5.48501363,0.0,1.22,0.0,0.0
5.48610691,0.0,1.15,0.03,0.0
5.487140028000001,0.0,1.19,0.02,0.0
5.4880155870000005,0.0,1.15,0.0,0.0
5.489166578000001,0.01,1.11,0.01,0.0
5.49004209,0.01,1.15,0.01,0.01
5.492104611,0.01,1.12,0.0,0.01
5.4931217530000005,0.0,1.11,0.0,0.0
5.494112404,0.0,1.12,0.0,0.0
5.495130312000001,0.0,1.12,0.01,0.0
5.496113044,0.0,1.11,0.01,0.0
5.497106425,0.01,1.11,0.01,0.0
5.498014138,0.0,1.12,0.0,0.0
5.499108802,0.03,1.09,0.04,0.0
5.5000979480000005,0.0,1.1,0.0,0.01
5.501121307,0.01,1.06,0.02,0.0
5.502132729,0.01,1.06,0.0,0.0
5.503066665,0.0,1.05,0.0,0.0
5.505178202000001,0.0,1.05,0.01,0.0
5.506024745,0.0,1.02,0.01,0.0
5.507113373,0.0,1.04,0.0,0.0
5.508138415,0.0,1.04,0.01,0.0
5.509116098000001,0.01,1.04,0.0,0.0
5.510114003,0.01,1.04,0.0,0.0
5.511141029,0.01,1.04,0.01,0.0
5.512028693,0.0,1.03,0.03,0.0
5.513011384,0.0,1.03,0.01,0.01
5.514108867,0.01,1.02,0.0,0.0
5.5150205230000005,0.0,0.99,0.01,0.1
5.516147871,0.0,0.98,0.01,0.0
5.517052996,0.0,0.94,0.0,0.0
5.51813965,0.0,0.94,0.01,0.0
5.520157843000001,0.01,0.9,0.01,0.0
5.521124782,0.0,0.88,0.0,0.0
5.5221205300000005,0.0,0.88,0.0,0.0
5.523037987,0.01,0.85,0.01,0.01
5.524115632,0.03,0.76,0.01,0.01
5.525108104,0.01,0.79,0.0,0.0
5.526112156,0.03,0.78,0.03,0.0
5.527111625000001,0.07,0.85,0.05,0.04
5.528110085000001,0.0,0.78,0.01,0.0
5.5291112280000005,0.0,0.73,0.0,0.0
5.530103351,0.02,0.7,0.02,0.0
5.531111484,0.01,0.71,0.0,0.02
5.532127128,0.0,0.72,0.0,0.0
5.533111732,0.01,0.7,0.03,0.01
5.534142774,0.0,0.68,0.0,0.0
5.535140227,0.0,0.7,0.01,0.01
5.536128249000001,0.01,0.67,0.01,0.0
5.537254606,0.01,0.64,0.0,0.01
5.539117881,0.0,0.6,0.01,0.0
5.540116178000001,0.01,0.62,0.01,0.01
5.541111345,0.0,0.6,0.02,0.0
5.542148861,0.01,0.61,0.01,0.0
5.543179036000001,0.0,0.61,0.0,0.01
5.5440280070000005,0.0,0.58,0.0,0.01
5.545141457000001,0.0,0.56,0.0,0.01
5.546211543,0.0,0.55,0.0,0.0
5.547028060000001,0.0,0.49,0.0,0.0
5.548035645000001,0.02,0.46,0.01,0.0
5.549153272000001,0.0,0.47,0.0,0.0
5.550123042,0.01,0.48,0.03,0.0
5.551121697,0.0,0.5,0.02,0.0
5.552221055,0.0,0.49,0.0,0.0
5.554012699,0.01,0.48,0.0,0.0
5.555104278,0.0,0.47,0.01,0.0
5.556117192,0.0,0.5,0.01,0.0
5.557103848000001,0.01,0.49,0.02,0.0
5.558148301,0.0,0.49,0.01,0.0
5.55913353,0.0,0.51,0.0,0.0
5.560129747,0.02,0.52,0.01,0.01
5.561110105,0.0,0.51,0.01,0.04
5.56214089,0.0,0.46,0.0,0.0
5.5631389,0.02,0.45,0.01,0.0
5.5641357440000005,0.0,0.38,0.0,0.0
5.5651634,0.01,0.41,0.01,0.02
5.5661801440000005,0.0,0.4,0.01,0.0
5.568125296000001,0.01,0.4,0.0,0.0
5.5691166050000005,0.0,0.41,0.0,0.0
5.570111836000001,0.0,0.43,0.0,0.0
5.571146346,0.0,0.42,0.0,0.0
5.572109215,0.0,0.4,0.0,0.0
5.573138508,0.01,0.41,0.01,0.0
5.5741443980000005,0.0,0.39,0.0,0.03
5.575028106,0.0,0.4,0.0,0.0
5.576153816000001,0.0,0.48,0.04,0.01
5.5770407120000005,0.01,0.41,0.0,0.0
5.578161773000001,0.0,0.41,0.0,0.0
5.579022838,0.0,0.41,0.0,0.0
5.580177239,0.0,0.42,0.02,0.0
5.582117172,0.05,0.43,0.05,0.01
5.583116569,0.0,0.4,0.01,0.01
5.5841080210000005,0.0,0.41,0.0,0.0
5.585118478,0.01,0.42,0.0,0.0
5.586117420000001,0.0,0.43,0.0,0.01
5.587116610000001,0.0,0.42,0.0,0.0
5.588113143,0.0,0.4,0.0,0.0
5.589105096,0.02,0.38,0.0,0.0
5.590116929000001,0.0,0.37,0.0,0.0
5.59119643,0.0,0.36,0.0,0.01
5.592018,0.01,0.35,0.0,0.0
5.593035803,0.02,0.38,0.01,0.04
5.594109782,0.0,0.36,0.0,0.0
5.595123662000001,0.0,0.37,0.01,0.0
5.596113069,0.0,0.36,0.01,0.01
5.597127501,0.0,0.38,0.0,0.0
5.599102818,0.0,0.38,0.0,0.01
5.600104234000001,0.01,0.27,0.03,0.06
5.601146573,0.01,0.37,0.01,0.01
5.602106087,0.01,0.38,0.03,0.0
5.603107112,0.0,0.38,0.0,0.0
5.6041292700000005,0.0,0.37,0.0,0.0
5.6051117370000005,0.01,0.32,0.0,0.0
5.6061427880000005,0.0,0.32,0.01,0.0
5.607033894000001,0.0,0.32,0.0,0.0
5.608222092,0.0,0.65,0.0,0.0
5.610123239,0.0,0.39,0.01,0.0
5.61101031,0.02,0.44,0.04,0.03
5.612123096,0.0,0.4,0.0,0.05
5.613118126000001,0.01,0.41,0.0,0.0
5.614113318,0.0,0.41,0.0,0.01
5.615010111,0.0,0.4,0.0,0.0
5.616115512,0.0,0.4,0.0,0.0
5.617114097,0.01,0.39,0.0,0.0
5.618110827000001,0.0,0.41,0.0,0.0
5.619103826,0.0,0.43,0.01,0.0
5.620103591,0.01,0.41,0.01,0.0
5.621098251,0.01,0.42,0.02,0.0
5.622107819,0.01,0.44,0.0,0.0
5.623064111000001,0.0,0.42,0.0,0.0
5.624039332000001,0.0,0.43,0.0,0.0
5.625140172,0.0,0.43,0.0,0.0
5.626019257,0.0,0.43,0.0,0.0
5.627123698,0.0,0.46,0.07,0.03
5.629109806000001,0.0,0.43,0.0,0.01
5.630112152000001,0.0,0.43,0.0,0.0
5.631102655,0.0,0.43,0.0,0.0
5.632109013,0.0,0.43,0.01,0.0
5.6331004280000005,0.0,0.43,0.01,0.0
5.634100302,0.0,0.43,0.0,0.0
5.635106129,0.0,0.43,0.0,0.0
5.636140612,0.0,0.43,0.0,0.0
5.637119328000001,0.0,0.44,0.0,0.01
5.638110254000001,0.0,0.43,0.01,0.0
5.639118172000001,0.0,0.43,0.01,0.01
5.640182393000001,0.01,0.43,0.0,0.0
5.641021974,0.0,0.42,0.0,0.0
5.642143296,0.02,0.41,0.0,0.0
5.644137405,0.01,0.43,0.01,0.0
5.6450139870000005,0.0,0.45,0.0,0.05
5.646125662,0.01,0.43,0.01,0.0
5.647017085000001,0.0,0.42,0.0,0.01
5.648021849,0.0,0.42,0.0,0.0
5.64910532,0.0,0.41,0.0,0.0
5.650101489000001,0.01,0.44,0.01,0.0
5.651113237000001,0.0,0.41,0.0,0.0
5.652105251,0.01,0.43,0.0,0.0
5.653131996,0.0,0.42,0.0,0.0
5.654117608,0.0,0.42,0.0,0.0
5.655116016,0.01,0.44,0.0,0.0
5.656051880000001,0.0,0.42,0.01,0.0
5.657124951,0.01,0.42,0.0,0.01
5.659054749,0.0,0.43,0.0,0.0
5.6601014,0.01,0.43,0.01,0.0
5.661112386,0.0,0.44,0.0,0.06
5.662108453,0.01,0.43,0.0,0.0
5.663129591000001,0.0,0.43,0.02,0.02
5.664040986000001,0.0,0.43,0.0,0.01
5.665113066,0.0,0.43,0.0,0.0
5.666112334,0.0,0.43,0.01,0.0
5.667272301000001,0.0,0.43,0.0,0.0
5.667999795,0.0,0.43,0.0,0.0
5.669042330000001,0.0,0.44,0.0,0.0
5.67011253,0.0,0.42,0.0,0.0
5.671057374,0.0,0.42,0.0,0.0
5.672113826,0.01,0.42,0.0,0.0
5.6741104270000005,0.0,0.43,0.0,0.0
5.675015182,0.0,0.39,0.0,0.0
5.6760309200000005,0.0,0.42,0.01,0.01
5.677184609,0.0,0.45,0.0,0.0
5.678023819000001,0.0,0.42,0.01,0.0
5.679114565000001,0.0,0.42,0.0,0.01
5.680112853000001,0.0,0.43,0.0,0.0
5.6811008240000005,0.0,0.41,0.0,0.0
5.6821077970000005,0.01,0.41,0.0,0.0
5.683125701000001,0.0,0.4,0.0,0.01
5.6841080470000005,0.0,0.41,0.0,0.0
5.685111342000001,0.02,0.41,0.01,0.0
5.68610945,0.0,0.41,0.0,0.0
5.687183725000001,0.01,0.43,0.0,0.06
5.689106677000001,0.0,0.4,0.0,0.0
5.690121758,0.03,0.4,0.02,0.0
5.691201268,0.0,0.42,0.0,0.0
5.691971806000001,0.0,0.41,0.0,0.0
5.693038589,0.0,0.41,0.01,0.0
5.694168253,0.0,0.4,0.05,0.0
5.69501696,0.01,0.39,0.0,0.01
5.696116477,0.0,0.38,0.0,0.01
5.697022969000001,0.0,0.39,0.01,0.0
5.698119772,0.0,0.38,0.0,0.0
5.699120658,0.0,0.4,0.02,0.0
5.700262612,0.0,0.39,0.0,0.01
5.701033837000001,0.0,0.39,0.0,0.01
5.70314605,0.0,0.39,0.02,0.0
5.704020267000001,0.0,0.4,0.0,0.0
5.705105995,0.01,0.39,0.01,0.0
5.706106768000001,0.0,0.39,0.01,0.0
5.707113224,0.0,0.4,0.01,0.0
5.708112938,0.0,0.39,0.01,0.0
5.709035018000001,0.0,0.39,0.01,0.01
5.710102953000001,0.0,0.39,0.0,0.0
5.711106464,0.0,0.38,0.0,0.01
5.712110088,0.0,0.39,0.0,0.0
5.713118667000001,0.0,0.39,0.0,0.01
5.7140896350000006,0.0,0.39,0.0,0.0
5.715139924000001,0.0,0.4,0.0,0.01
5.716044307000001,0.0,0.4,0.02,0.01
5.718140216,0.0,0.39,0.0,0.0
5.719020314000001,0.02,0.39,0.0,0.0
5.720066642,0.0,0.4,0.01,0.0
5.7211087990000005,0.03,0.4,0.02,0.01
5.722041677,0.0,0.37,0.0,0.01
5.7232005280000005,0.0,0.4,0.0,0.0
5.724016613000001,0.02,0.4,0.0,0.0
5.72515905,0.0,0.4,0.0,0.0
5.72607916,0.0,0.39,0.03,0.0
5.727201111,0.0,0.42,0.04,0.0
5.728029708,0.0,0.4,0.0,0.0
5.729225858,0.0,0.4,0.0,0.0
5.72999932,0.0,0.39,0.0,0.0
5.731156532,0.01,0.39,0.01,0.0
5.732180668000001,0.0,0.4,0.01,0.0
5.734290362,0.0,0.42,0.02,0.0
5.735020262,0.0,0.39,0.0,0.0
5.736125080000001,0.0,0.39,0.0,0.0
5.737142595000001,0.01,0.37,0.0,0.01
5.738126143000001,0.0,0.4,0.01,0.0
5.739188203,0.0,0.39,0.0,0.0
5.7400538270000006,0.0,0.4,0.0,0.0
5.741122157,0.0,0.39,0.01,0.01
5.7422618640000005,0.0,0.39,0.0,0.01
5.743016721,0.0,0.39,0.0,0.0
5.7441290700000005,0.0,0.4,0.02,0.0
5.745109381000001,0.0,0.4,0.01,0.0
5.7461296740000005,0.01,0.39,0.0,0.0
5.748013136,0.0,0.4,0.0,0.0
5.749111899000001,0.01,0.4,0.01,0.0
5.750112162000001,0.01,0.39,0.0,0.0
5.751122398000001,0.0,0.38,0.0,0.01
5.752112847,0.0,0.4,0.0,0.0
5.753018373000001,0.0,0.42,0.01,0.0
5.754112287000001,0.0,0.4,0.0,0.0
5.7551165520000005,0.0,0.4,0.0,0.0
5.756157002,0.0,0.39,0.0,0.0
5.757020596,0.01,0.39,0.01,0.0
5.758108526,0.0,0.4,0.0,0.0
5.759128513,0.0,0.42,0.01,0.0
5.7602593660000005,0.01,0.4,0.0,0.0
5.760987228,0.0,0.42,0.01,0.0
5.762177482,0.02,0.4,0.0,0.0
5.764136186,0.01,0.4,0.0,0.0
5.765070727,0.02,0.4,0.0,0.0
5.766118281000001,0.01,0.39,0.0,0.01
5.767132113000001,0.0,0.4,0.01,0.0
5.768128652000001,0.0,0.39,0.0,0.0
5.769150918,0.0,0.38,0.0,0.0
5.770109968000001,0.06,0.44,0.03,0.01
5.771112817000001,0.0,0.4,0.0,0.0
5.772133514,0.0,0.4,0.0,0.0
5.773059493000001,0.0,0.39,0.0,0.01
5.774015511,0.0,0.4,0.01,0.0
5.775106931000001,0.01,0.39,0.0,0.0
5.776161734,0.0,0.38,0.0,0.07
5.777041262,0.0,0.4,0.0,0.01
5.779105335000001,0.0,0.39,0.0,0.0
5.7801326280000005,0.0,0.39,0.0,0.0
5.781116822,0.0,0.39,0.01,0.0
5.782113965000001,0.01,0.39,0.0,0.0
5.783190973,0.0,0.39,0.0,0.0
5.784018431000001,0.0,0.39,0.0,0.0
5.785244796000001,0.0,0.4,0.03,0.0
5.786030698,0.02,0.39,0.01,0.0
5.787109940000001,0.0,0.4,0.0,0.0
5.7881494600000005,0.0,0.4,0.01,0.0
5.789162522000001,0.0,0.4,0.0,0.01
5.790145693,0.0,0.38,0.01,0.0
5.791245234000001,0.01,0.39,0.01,0.0
5.793043151,0.0,0.39,0.0,0.0
5.794074557,0.0,0.39,0.0,0.0
5.795128062000001,0.0,0.39,0.0,0.01
5.796043838,0.0,0.38,0.0,0.0
5.797107854,0.0,0.39,0.01,0.01
5.798027479,0.02,0.38,0.0,0.0
5.799124337,0.01,0.38,0.0,0.0
5.800128105000001,0.01,0.38,0.0,0.0
5.801113644,0.0,0.4,0.01,0.0
5.802242565,0.01,0.39,0.0,0.0
5.803038724,0.0,0.38,0.14,0.06
5.804152943,0.0,0.41,0.01,0.0
5.805162421,0.0,0.38,0.0,0.0
5.8061531440000005,0.0,0.4,0.01,0.0
5.807047988000001,0.0,0.4,0.01,0.0
5.808147843,0.0,0.4,0.0,0.01
5.810131844000001,0.0,0.39,0.0,0.01
5.811132984,0.0,0.43,0.0,0.0
5.812156768,0.01,0.4,0.0,0.01
5.813115493000001,0.03,0.39,0.02,0.0
5.814112232,0.0,0.39,0.0,0.0
5.81514692,0.07,0.43,0.0,0.1
5.816114311000001,0.0,0.39,0.0,0.0
5.817134374,0.0,0.39,0.01,0.0
5.818123601,0.0,0.39,0.0,0.01
5.819107694,0.0,0.4,0.01,0.0
5.8201133920000006,0.01,0.39,0.03,0.02
5.821122304,0.01,0.39,0.0,0.01
5.822139896,0.0,0.39,0.01,0.01
5.8230191520000005,0.01,0.39,0.0,0.0
5.825288619,0.0,0.38,0.01,0.0
5.826003695000001,0.01,0.39,0.0,0.0
5.827207363,0.0,0.39,0.0,0.0
5.8280164480000005,0.0,0.38,0.01,0.0
5.829105392000001,0.0,0.38,0.0,0.0
5.830140794,0.0,0.39,0.01,0.0
5.831117788,0.01,0.39,0.01,0.0
5.83212157,0.0,0.38,0.0,0.0
5.833017623,0.01,0.38,0.0,0.0
5.834113536,0.0,0.34,0.01,0.01
5.835109384000001,0.01,0.37,0.0,0.0
5.8361053400000005,0.0,0.38,0.0,0.0
5.837154366,0.0,0.37,0.0,0.0
5.838148649000001,0.0,0.38,0.01,0.01
5.839102728,0.01,0.39,0.02,0.01
5.841127510000001,0.01,0.4,0.0,0.01
5.842121270000001,0.0,0.39,0.0,0.0
5.843111532,0.0,0.37,0.0,0.02
5.844108905000001,0.0,0.39,0.0,0.0
5.845116174,0.01,0.39,0.02,0.0
5.846015727,0.0,0.39,0.0,0.0
5.847147267,0.0,0.38,0.0,0.0
5.847971632,0.01,0.39,0.0,0.0
5.8491113960000005,0.0,0.38,0.0,0.0
5.850026207,0.01,0.38,0.0,0.01
5.851128172,0.0,0.38,0.0,0.01
5.852144702,0.0,0.38,0.0,0.0
5.853149623,0.0,0.41,0.0,0.0
5.855128076000001,0.0,0.39,0.0,0.0
5.856176205000001,0.0,0.38,0.0,0.0
5.857014414,0.0,0.39,0.02,0.0
5.858205464,0.0,0.38,0.0,0.0
5.859062536000001,0.0,0.38,0.0,0.0
5.8601066390000005,0.0,0.38,0.0,0.01
5.861014194,0.01,0.39,0.02,0.0
5.862143237000001,0.01,0.39,0.0,0.0
5.863017295000001,0.08,0.39,0.01,0.02
5.864108241,0.0,0.39,0.0,0.0
5.8651757390000006,0.0,0.39,0.0,0.01
5.866015144,0.0,0.38,0.0,0.0
5.867163455,0.0,0.38,0.0,0.0
5.8681234270000004,0.0,0.38,0.01,0.01
5.869108849000001,0.0,0.33,0.01,0.0
5.871112426000001,0.0,0.38,0.0,0.01
5.872112202,0.0,0.37,0.0,0.0
5.873015324000001,0.0,0.39,0.03,0.0
5.874118693000001,0.0,0.38,0.0,0.04
5.875109094000001,0.0,0.39,0.02,0.0
5.876109081,0.0,0.38,0.0,0.0
5.877113981,0.01,0.39,0.02,0.0
5.878109965,0.01,0.38,0.03,0.0
5.879435634,0.01,0.42,0.02,0.01
5.880046083000001,0.02,0.39,0.02,0.01
5.881147694,0.01,0.39,0.01,0.0
5.882051249000001,0.0,0.4,0.0,0.03
5.883076573,0.0,0.4,0.0,0.04
5.884327007,0.0,0.4,0.0,0.0
5.886056014,0.0,0.39,0.01,0.0
5.887144259,0.0,0.38,0.0,0.03
5.888019079,0.01,0.37,0.0,0.01
5.889120868,0.0,0.38,0.0,0.0
5.890145074,0.0,0.4,0.01,0.0
5.891109409,0.0,0.41,0.0,0.0
5.8921076470000004,0.0,0.38,0.0,0.0
5.893109888000001,0.01,0.35,0.0,0.0
5.894182825000001,0.0,0.45,0.0,0.0
5.895019690000001,0.01,0.5,0.0,0.0
5.896121024,0.02,0.54,0.0,0.0
5.897128827,0.0,0.55,0.0,0.0
5.898136155,0.0,0.55,0.0,0.01
5.899115247,0.01,0.6,0.0,0.0
5.901112546,0.01,0.65,0.0,0.01
5.90210591,0.01,0.64,0.0,0.0
5.903119827,0.0,0.64,0.06,0.01
5.904059037000001,0.01,0.64,0.01,0.0
5.905112141,0.0,0.66,0.01,0.0
5.906105664,0.0,0.65,0.0,0.01
5.907114742,0.0,0.65,0.0,0.0
5.908117273,0.0,0.64,0.0,0.0
5.909234157,0.0,0.56,0.01,0.0
5.910015865,0.0,0.56,0.0,0.0
5.911117645,0.0,0.57,0.0,0.0
5.912116621,0.0,0.6,0.0,0.0
5.913079531,0.01,0.62,0.01,0.0
5.914233813,0.01,0.64,0.01,0.0
5.916110165,0.0,0.65,0.0,0.0
5.917192484,0.0,0.65,0.01,0.0
5.918029459,0.01,0.67,0.02,0.0
5.919112892,0.0,0.67,0.0,0.0
5.919979211,0.0,0.68,0.0,0.08
5.921121911,0.0,0.69,0.02,0.03
5.922014304,0.01,0.67,0.0,0.02
5.923103935,0.0,0.69,0.0,0.0
5.924153813,0.0,0.7,0.0,0.0
5.925014009000001,0.0,0.7,0.01,0.01
5.926131346,0.0,0.69,0.01,0.01
5.927191664,0.0,0.68,0.0,0.0
5.9279996960000005,0.0,0.68,0.0,0.0
5.929133876000001,0.0,0.69,0.01,0.0
5.93110605,0.05,0.67,0.0,0.0
5.9320248300000005,0.0,0.68,0.02,0.0
5.933115385000001,0.0,0.67,0.0,0.01
5.933996026,0.01,0.65,0.0,0.0
5.935112384,0.01,0.69,0.01,0.0
5.936022531000001,0.01,0.64,0.08,0.01
5.937112757,0.0,0.68,0.0,0.0
5.93801558,0.0,0.68,0.0,0.0
5.939138355000001,0.0,0.68,0.0,0.0
5.940023011,0.0,0.69,0.0,0.0
5.9411209860000005,0.01,0.71,0.0,0.0
5.942015445,0.0,0.76,0.0,0.0
5.943039373,0.0,0.78,0.0,0.0
5.944170665000001,0.0,0.82,0.0,0.0
5.9461179820000005,0.01,0.85,0.0,0.0
5.947012154,0.0,0.89,0.01,0.0
5.948103652,0.07,0.9,0.0,0.0
5.949013432,0.01,0.92,0.0,0.01
5.950131432,0.01,0.91,0.0,0.01
5.951021189,0.0,0.88,0.0,0.03
5.952013152,0.0,0.9,0.03,0.0
5.953117785000001,0.0,0.87,0.01,0.01
5.954105911,0.01,0.84,0.0,0.0
5.955121572,0.0,0.83,0.0,0.0
5.956116233,0.0,0.84,0.0,0.01
5.9571233580000005,0.0,0.83,0.0,0.0
5.958114601,0.0,0.86,0.0,0.0
5.959147147,0.0,0.9,0.0,0.02
5.961189764,0.0,0.92,0.0,0.0
5.9620669180000005,0.01,0.95,0.0,0.01
5.963107142,0.0,0.95,0.01,0.0
5.964020488,0.0,0.97,0.0,0.0
5.965111556,0.02,0.99,0.01,0.0
5.9661166990000005,0.0,0.98,0.0,0.0
5.967109115,0.0,0.99,0.0,0.01
5.96810591,0.0,1.0,0.0,0.0
5.969114857,0.0,0.99,0.01,0.0
5.969995385000001,0.0,1.01,0.0,0.03
5.971022597,0.02,1.02,0.0,0.01
5.972020619,0.05,1.03,0.01,0.0
5.972971183,0.0,1.06,0.0,0.0
5.974046804,0.0,1.1,0.01,0.0
5.976136178,0.01,1.11,0.0,0.0
5.977054112,0.01,1.12,0.0,0.0
5.978093813,0.0,1.12,0.01,0.0
5.979053461,0.0,1.14,0.01,0.0
5.980005538,0.0,1.15,0.01,0.0
5.981248551,0.0,1.17,0.05,0.01
5.9819783520000005,0.0,1.17,0.0,0.0
5.983121475000001,0.0,1.17,0.0,0.0
5.984005766,0.0,1.19,0.0,0.01
5.985121341,0.0,1.2,0.0,0.0
5.986328808000001,0.0,1.22,0.0,0.0
5.986971341,0.0,1.22,0.01,0.0
5.988106196,0.01,1.24,0.0,0.0
5.989134418000001,0.0,1.24,0.01,0.01
5.991113322,0.0,1.26,0.0,0.0
5.992024688000001,0.0,1.26,0.0,0.0
5.993163853,0.01,1.26,0.0,0.0
5.994013720000001,0.0,1.28,0.0,0.0
5.995123043,0.0,1.29,0.01,0.03
5.996112476,0.0,1.31,0.03,0.01
5.997112883000001,0.01,1.33,0.0,0.02
5.998117175,0.0,1.31,0.0,0.01
5.999110824000001,0.01,1.31,0.01,0.0
6.000109331,0.01,1.32,0.01,0.01
6.001116605,0.0,1.32,0.0,0.02
6.002118502,0.0,1.34,0.0,0.0
6.003147757000001,0.0,1.35,0.02,0.0
6.004071744,0.01,1.35,0.01,0.01
6.005128964000001,0.01,1.35,0.01,0.0
6.0070389550000005,0.0,1.36,0.01,0.0
6.008054178,0.04,1.36,0.0,0.01
6.009095093,0.0,1.37,0.01,0.02
6.010019833,0.0,1.37,0.0,0.02
6.011044264000001,0.01,1.38,0.0,0.0
6.012035893,0.0,1.41,0.0,0.0
6.013111808000001,0.0,1.41,0.01,0.0
6.014023835000001,0.02,1.42,0.01,0.0
6.015147648,0.0,1.42,0.01,0.0
6.016028833,0.01,1.42,0.0,0.0
6.0171169550000005,0.0,1.43,0.0,0.0
6.018161806,0.0,1.43,0.0,0.0
6.019042956000001,0.0,1.44,0.0,0.0
6.021109443,0.0,1.44,0.01,0.0
6.02213238,0.01,1.46,0.01,0.01
6.023012308,0.0,1.49,0.0,0.0
6.024142178,0.0,1.55,0.01,0.1
6.025016713,0.01,1.47,0.01,0.0
6.026125544,0.02,1.52,0.01,0.0
6.027127046,0.0,1.53,0.0,0.0
6.028109713,0.02,1.53,0.0,0.01
6.029138245,0.0,1.54,0.0,0.0
6.030136437,0.0,1.54,0.0,0.01
6.031125308,0.01,1.52,0.01,0.0
6.032113509,0.0,1.55,0.0,0.0
6.033137866000001,0.0,1.56,0.0,0.0
6.034164808000001,0.0,1.58,0.02,0.01
6.0350173510000005,0.0,1.58,0.0,0.0
6.037062703,0.03,1.58,0.01,0.0
6.0382647910000005,0.0,1.62,0.0,0.0
6.039019765000001,0.01,1.62,0.0,0.0
6.040008194,0.0,1.64,0.01,0.02
6.041070804,0.02,1.69,0.0,0.01
6.04222225,0.01,1.65,0.01,0.0
6.043024968,0.0,1.67,0.0,0.0
6.044278092000001,0.0,1.65,0.0,0.0
6.04499955,0.0,1.66,0.01,0.0
6.046100624,0.0,1.65,0.01,0.0
6.04711257,0.0,1.67,0.0,0.0
6.048085557,0.0,1.67,0.01,0.01
6.049167629,0.0,1.71,0.0,0.01
6.050021587000001,0.0,1.7,0.01,0.0
6.051222194,0.0,1.7,0.0,0.01
6.0531118280000005,0.02,1.71,0.0,0.0
6.054107957,0.0,1.72,0.01,0.0
6.055113110000001,0.01,1.74,0.01,0.0
6.056108664000001,0.0,1.75,0.0,0.0
6.057116133,0.0,1.75,0.0,0.0
6.0581162740000005,0.03,1.8,0.01,0.01
6.059152133,0.0,1.77,0.0,0.0
6.060132223,0.0,1.76,0.02,0.0
6.061109212000001,0.01,1.77,0.01,0.0
6.0621264980000005,0.0,1.78,0.02,0.0
6.063069119000001,0.0,1.79,0.0,0.01
6.064116916000001,0.11,1.81,0.01,0.01
6.065155907,0.0,1.8,0.0,0.0
6.067045477000001,0.0,1.82,0.0,0.0
6.068113277,0.01,1.81,0.0,0.0
6.069245056000001,0.0,1.82,0.0,0.0
6.070059799,0.02,1.82,0.01,0.0
6.07102173,0.0,1.82,0.01,0.01
6.072115161,0.01,1.88,0.0,0.0
6.073125497,0.01,1.85,0.01,0.0
6.074113359,0.0,1.85,0.0,0.02
6.075239649,0.02,1.86,0.02,0.0
6.076098474,0.0,1.87,0.0,0.0
6.0771113770000005,0.0,1.88,0.01,0.0
6.078110642,0.0,1.88,0.0,0.0
6.079037875,0.0,1.89,0.01,0.01
6.080108286000001,0.01,1.95,0.0,0.0
6.081120512,0.0,1.9,0.01,0.0
6.083112121,0.0,1.9,0.0,0.0
6.084111749000001,0.02,1.91,0.0,0.0
6.0851166370000005,0.0,1.92,0.0,0.0
6.086109734000001,0.0,1.92,0.01,0.01
6.087111556,0.0,1.94,0.05,0.09
6.0881167640000005,0.0,1.96,0.0,0.0
6.089129958,0.0,1.97,0.0,0.0
6.0901343720000005,0.0,1.97,0.03,0.0
6.091122535,0.0,1.97,0.01,0.0
6.092109497,0.0,1.98,0.01,0.0
6.093150581000001,0.0,2.0,0.01,0.0
6.094108623,0.0,2.0,0.01,0.0
6.095131397,0.01,2.02,0.0,0.0
6.097116769,0.01,2.02,0.01,0.0
6.098118655,0.0,2.02,0.01,0.0
6.0991162260000005,0.0,2.04,0.01,0.0
6.1001233280000005,0.0,2.04,0.0,0.0
6.10123587,0.0,2.05,0.0,0.0
6.101985841,0.0,2.05,0.02,0.01
6.103063646000001,0.0,2.06,0.0,0.0
6.1041256960000005,0.0,2.07,0.0,0.0
6.105124032,0.0,2.07,0.0,0.0
6.106119384,0.0,2.06,0.01,0.0
6.107104886,0.0,2.09,0.01,0.0
6.108119842000001,0.01,2.08,0.0,0.0
6.110118454,0.0,2.09,0.01,0.01
6.11111376,0.02,2.07,0.01,0.01
6.112119467,0.0,2.07,0.01,0.01
6.113108746,0.0,2.11,0.02,0.0
6.114118525,0.0,2.08,0.01,0.0
6.1151095280000005,0.0,2.07,0.01,0.0
6.11610425,0.0,2.08,0.01,0.0
6.117098643,0.0,2.09,0.0,0.0
6.118118258,0.0,2.07,0.01,0.0
6.119256431,0.0,2.08,0.01,0.0
6.1200167080000005,0.0,2.07,0.0,0.02
6.121123408000001,0.01,2.07,0.01,0.0
6.1222760880000004,0.01,2.08,0.01,0.01
6.122972159000001,0.0,2.12,0.0,0.01
6.124132355,0.0,2.08,0.01,0.0
6.125134469000001,0.01,2.09,0.0,0.01
6.126115399000001,0.0,2.08,0.0,0.0
6.128106328,0.01,2.07,0.01,0.0
6.129122577,0.0,2.07,0.01,0.0
6.130104296000001,0.02,2.07,0.0,0.0
6.131120801000001,0.01,2.08,0.01,0.0
6.132116095000001,0.0,2.08,0.0,0.0
6.133023125,0.03,2.07,0.0,0.01
6.1341982790000005,0.0,2.07,0.01,0.0
6.134994166,0.01,2.11,0.05,0.09
6.1360723230000005,0.01,2.06,0.01,0.01
6.137162726000001,0.0,2.06,0.01,0.0
6.138082913000001,0.0,2.05,0.0,0.0
6.1391417090000004,0.0,2.07,0.01,0.0
6.141113737,0.01,2.06,0.01,0.0
6.142107103000001,0.0,2.06,0.0,0.0
6.143109645,0.0,2.06,0.01,0.0
6.144130877,0.0,2.07,0.02,0.0
6.145114557,0.01,2.05,0.02,0.0
6.146109548,0.01,2.08,0.01,0.0
6.1471693730000005,0.01,2.07,0.0,0.0
6.147972822000001,0.01,2.06,0.01,0.0
6.149244643,0.0,2.07,0.0,0.0
6.150017651000001,0.0,2.06,0.01,0.0
6.151190876,0.0,2.11,0.0,0.0
6.152018881,0.0,2.07,0.01,0.01
6.153114563000001,0.0,2.04,0.01,0.01
6.1541291330000005,0.0,2.07,0.01,0.0
6.155082179000001,0.02,2.08,0.0,0.0
6.156177787000001,0.0,2.07,0.0,0.0
6.158116205000001,0.01,2.07,0.0,0.02
6.159104243000001,0.01,2.07,0.01,0.0
6.160112546000001,0.01,2.08,0.01,0.01
6.161116707000001,0.0,2.08,0.0,0.0
6.162133302,0.0,2.06,0.01,0.0
6.163022287,0.0,2.08,0.0,0.02
6.164112801000001,0.0,2.08,0.01,0.05
6.165113804000001,0.0,2.09,0.0,0.0
6.166127252000001,0.0,2.08,0.0,0.0
6.167238818,0.0,2.09,0.0,0.0
6.1680379400000005,0.0,2.08,0.05,0.0
6.169016065,0.0,2.08,0.01,0.0
6.170161022,0.0,2.08,0.01,0.01
6.171022779,0.02,2.09,0.0,0.01
6.173022916000001,0.01,2.12,0.01,0.0
6.1741130580000005,0.0,2.08,0.01,0.0
6.175017739,0.01,2.13,0.09,0.0
6.176067075000001,0.0,2.08,0.0,0.01
6.177117556000001,0.0,2.09,0.01,0.0
6.178018864,0.0,2.1,0.0,0.0
6.179110570000001,0.0,2.1,0.01,0.0
6.180117089,0.0,2.09,0.01,0.0
6.181128988,0.0,2.1,0.01,0.0
6.182119286000001,0.0,2.09,0.0,0.0
6.183116758000001,0.0,2.11,0.0,0.0
6.184117968000001,0.01,2.08,0.02,0.0
6.1851447870000005,0.01,2.08,0.0,0.0
6.1861455880000005,0.0,2.09,0.01,0.0
6.18811438,0.0,2.1,0.01,0.0
6.188972638,0.01,2.1,0.01,0.0
6.190115797000001,0.0,2.09,0.01,0.0
6.1910480340000005,0.01,2.1,0.02,0.0
6.1921120400000005,0.0,2.09,0.01,0.0
6.1931926420000005,0.01,2.09,0.0,0.0
6.194085804,0.0,2.09,0.0,0.0
6.195056389,0.01,2.09,0.01,0.0
6.195984284000001,0.0,2.1,0.0,0.01
6.197162896,0.0,2.1,0.01,0.0
6.197985624,0.0,2.09,0.01,0.0
6.199155751,0.0,2.09,0.0,0.0
6.199970971000001,0.0,2.1,0.01,0.0
6.201111486,0.0,2.1,0.0,0.05
6.202134352000001,0.03,2.1,0.0,0.0
6.2041136980000005,0.0,2.11,0.01,0.01
6.205118140000001,0.01,2.11,0.01,0.03
6.206110010000001,0.0,2.12,0.01,0.01
6.207112100000001,0.02,2.11,0.01,0.0
6.208125056,0.0,2.11,0.0,0.0
6.209112823000001,0.0,2.12,0.0,0.0
6.210117723000001,0.0,2.12,0.01,0.0
6.211148874,0.0,2.13,0.01,0.01
6.212138412000001,0.0,2.11,0.0,0.0
6.213135316000001,0.01,2.11,0.0,0.0
6.214135280000001,0.0,2.12,0.01,0.0
6.215142217,0.01,2.12,0.01,0.01
6.216137507,0.0,2.11,0.0,0.0
6.217141944000001,0.0,2.12,0.0,0.0
6.2191210880000005,0.0,2.13,0.0,0.0
6.220030187000001,0.0,2.14,0.01,0.0
6.2211461450000005,0.1,2.07,0.01,0.0
6.222018554000001,0.01,2.11,0.01,0.0
6.223124751,0.0,2.12,0.01,0.01
6.224227888000001,0.0,2.12,0.0,0.0
6.224982035,0.0,2.1,0.01,0.01
6.226272527000001,0.0,2.13,0.0,0.01
6.2269983700000004,0.0,2.12,0.0,0.01
6.228134702,0.01,2.13,0.0,0.0
6.2291196630000005,0.0,2.13,0.01,0.0
6.230015359,0.0,2.12,0.01,0.0
6.231149482,0.0,2.14,0.01,0.0
6.232119819,0.0,2.13,0.0,0.0
6.234116577,0.0,2.13,0.01,0.01
6.235106415000001,0.0,2.14,0.04,0.0
6.236148394000001,0.0,2.1,0.01,0.0
6.237106789,0.0,2.1,0.02,0.0
6.238124367,0.0,2.13,0.0,0.01
6.239119768,0.0,2.13,0.01,0.0
6.240123218000001,0.0,2.13,0.01,0.0
6.241135248,0.02,2.13,0.0,0.0
6.242114073000001,0.0,2.13,0.01,0.02
6.2431311030000005,0.0,2.13,0.01,0.03
6.244115807,0.0,2.13,0.01,0.0
6.245146927,0.0,2.13,0.0,0.0
6.2461604170000005,0.0,2.13,0.01,0.0
6.248130384,0.0,2.14,0.01,0.0
6.249158706,0.0,2.14,0.01,0.0
6.250017136,0.01,2.13,0.0,0.01
6.251023273,0.0,2.13,0.0,0.0
6.252114656000001,0.0,2.13,0.01,0.0
6.253117299,0.01,2.17,0.0,0.06
6.254176839,0.0,2.13,0.0,0.0
6.255050412,0.0,2.14,0.01,0.01
6.256283847000001,0.0,2.13,0.0,0.0
6.2569972080000005,0.0,2.13,0.01,0.0
6.25807059,0.01,2.13,0.01,0.01
6.259308134,0.0,2.13,0.0,0.0
6.2599888550000005,0.0,2.14,0.0,0.0
6.261197554000001,0.01,2.14,0.01,0.0
6.263109593,0.0,2.14,0.01,0.0
6.264132084000001,0.0,2.14,0.01,0.0
6.265125977,0.0,2.14,0.01,0.0
6.266187698,0.0,2.14,0.01,0.0
6.267019475000001,0.0,2.14,0.0,0.0
6.268212508,0.0,2.13,0.0,0.0
6.269047646000001,0.0,2.13,0.01,0.0
6.270045902000001,0.01,2.14,0.0,0.03
6.2711329440000005,0.0,2.14,0.01,0.0
6.272123867,0.0,2.14,0.0,0.01
6.273010492,0.0,2.13,0.0,0.0
6.274130096,0.0,2.14,0.0,0.0
6.275147587,0.0,2.14,0.0,0.03
6.276143715000001,0.0,2.14,0.01,0.0
6.278128657000001,0.0,2.14,0.0,0.0
6.279127059,0.0,2.14,0.0,0.04
6.280003231,0.02,2.14,0.01,0.01
6.281134876,0.02,2.15,0.01,0.0
6.2821157240000005,0.0,2.15,0.01,0.01
6.28311345,0.0,2.15,0.01,0.0
6.284113374,0.02,2.18,0.0,0.0
6.285109665,0.0,2.15,0.0,0.01
6.2862146,0.0,2.15,0.01,0.0
6.287046762,0.0,2.16,0.01,0.01
6.288158299,0.01,2.14,0.0,0.0
6.289098856000001,0.0,2.16,0.01,0.0
6.290124994,0.0,2.16,0.01,0.0
6.291123319,0.0,2.15,0.01,0.0
6.292242198,0.01,2.16,0.01,0.0
6.294151211,0.0,2.16,0.01,0.0
6.295166266000001,0.0,2.16,0.02,0.0
6.296025136000001,0.0,2.15,0.0,0.0
6.297112567,0.01,2.17,0.0,0.01
6.29798524,0.01,2.16,0.0,0.0
6.2991401730000005,0.0,2.17,0.0,0.0
6.300015594,0.0,2.15,0.01,0.0
6.301186155000001,0.0,2.14,0.05,0.03
6.302029277000001,0.0,2.16,0.0,0.0
6.3031515250000005,0.0,2.16,0.01,0.0
6.304024141,0.0,2.17,0.0,0.01
6.305218921000001,0.01,2.16,0.0,0.0
6.307196635,0.01,2.15,0.0,0.0
6.308029916000001,0.0,2.16,0.01,0.0
6.3091854750000005,0.0,2.17,0.0,0.0
6.309961287,0.0,2.15,0.0,0.0
6.311184237,0.0,2.16,0.01,0.01
6.31197023,0.0,2.15,0.01,0.0
6.313147832,0.02,2.15,0.01,0.02
6.314034881,0.0,2.19,0.06,0.0
6.315023662000001,0.01,2.17,0.01,0.01
6.316195831000001,0.01,2.16,0.01,0.0
6.317121012,0.0,2.17,0.01,0.0
6.318092329000001,0.0,2.16,0.0,0.0
6.318988711,0.0,2.18,0.0,0.0
6.320072606,0.01,2.22,0.04,0.02
6.321087317000001,0.0,2.19,0.01,0.0
6.322044138000001,0.0,2.17,0.01,0.0
6.3241845240000005,0.01,2.17,0.01,0.0
6.325031006000001,0.0,2.17,0.01,0.0
6.3261475890000005,0.0,2.15,0.0,0.03
6.326990316000001,0.01,2.16,0.0,0.0
6.328187369,0.0,2.15,0.0,0.0
6.329026327,0.01,2.15,0.01,0.0
6.330173542000001,0.0,2.15,0.01,0.0
6.331018623,0.0,2.15,0.0,0.0
6.332177994,0.01,2.15,0.01,0.0
6.333027791,0.0,2.15,0.01,0.0
6.334194507,0.0,2.15,0.02,0.0
6.335008329000001,0.01,2.16,0.0,0.0
6.336200129000001,0.0,2.15,0.02,0.0
6.337029183,0.0,2.16,0.0,0.0
6.338116787000001,0.0,2.16,0.01,0.0
6.340120985,0.0,2.16,0.01,0.0
6.341016966000001,0.0,2.16,0.01,0.01
6.3421396,0.0,2.15,0.0,0.0
6.343016479,0.0,2.16,0.0,0.0
6.344108643,0.01,2.16,0.0,0.0
6.345011295000001,0.0,2.16,0.0,0.01
6.346137924000001,0.01,2.15,0.0,0.01
6.347022991,0.01,2.16,0.01,0.01
6.348339728,0.0,2.15,0.03,0.0
6.3490153320000005,0.0,2.15,0.0,0.0
6.350004939000001,0.0,2.14,0.01,0.0
6.351232425,0.01,2.15,0.0,0.0
6.353171995,0.0,2.15,0.01,0.0
6.35401529,0.01,2.15,0.01,0.0
6.355174117000001,0.0,2.15,0.0,0.0
6.355967221,0.0,2.15,0.0,0.0
6.357121139,0.0,2.15,0.0,0.01
6.358014948,0.0,2.15,0.0,0.0
6.359033342,0.0,2.12,0.01,0.01
6.360012713000001,0.0,2.14,0.0,0.0
6.3612076470000005,0.01,2.13,0.09,0.02
6.3619846,0.0,2.14,0.03,0.0
6.363123140000001,0.01,2.13,0.0,0.02
6.364022511000001,0.0,2.14,0.01,0.0
6.365127808,0.0,2.15,0.02,0.0
6.366031085,0.0,2.14,0.01,0.0
6.367162139,0.0,2.13,0.01,0.04
6.369112813,0.0,2.14,0.01,0.01
6.370014375,0.0,2.13,0.01,0.0
6.371116305,0.01,2.12,0.0,0.0
6.372017282000001,0.0,2.11,0.0,0.01
6.373123699000001,0.0,2.13,0.01,0.0
6.374026865,0.0,2.13,0.01,0.0
6.375116353,0.0,2.12,0.06,0.06
6.375993351,0.0,2.13,0.0,0.0
6.377009965,0.0,2.13,0.01,0.01
6.3781084120000004,0.01,2.14,0.0,0.0
6.378970982,0.0,2.14,0.0,0.0
6.380121020000001,0.02,2.12,0.03,0.02
6.3810769160000005,0.0,2.14,0.0,0.0
6.383280479000001,0.0,2.15,0.01,0.0
6.384014437,0.0,2.15,0.0,0.0
6.3849676440000005,0.01,2.15,0.0,0.02
6.386020825,0.0,2.14,0.01,0.0
6.387011536,0.0,2.14,0.0,0.0
6.388112786000001,0.0,2.14,0.0,0.0
6.388962359000001,0.0,2.15,0.02,0.0
6.390117780000001,0.0,2.15,0.01,0.0
6.391021306000001,0.12,2.14,0.0,0.01
6.392037667,0.01,2.15,0.0,0.0
6.393018683,0.0,2.14,0.03,0.01
6.394053794,0.01,2.15,0.0,0.0
6.395008432,0.0,2.15,0.01,0.0
6.3960213040000005,0.01,2.15,0.01,0.0
6.39704329,0.0,2.15,0.02,0.01
6.399123887,0.0,2.14,0.01,0.01
6.400014625000001,0.0,2.15,0.01,0.01
6.401119298,0.02,2.15,0.0,0.02
6.402015437,0.0,2.15,0.01,0.0
6.403108689000001,0.0,2.14,0.0,0.0
6.404014806,0.0,2.16,0.01,0.0
6.405113096,0.01,2.17,0.01,0.01
6.405968208,0.0,2.15,0.0,0.0
6.407047392000001,0.0,2.16,0.0,0.0
6.408026401000001,0.0,2.15,0.0,0.0
6.409194662,0.08,2.14,0.05,0.01
6.409981002,0.0,2.16,0.01,0.0
6.411206234000001,0.0,2.16,0.01,0.0
6.413090167,0.0,2.16,0.0,0.0
6.414013293,0.0,2.16,0.01,0.0
6.415120644000001,0.0,2.16,0.01,0.0
6.416030803000001,0.0,2.18,0.01,0.02
6.417237262,0.01,2.15,0.0,0.0
6.4179675320000005,0.0,2.16,0.01,0.0
6.419024086,0.0,2.16,0.01,0.0
6.420137009,0.0,2.16,0.01,0.0
6.421015779,0.0,2.16,0.0,0.0
6.422115705,0.0,2.16,0.01,0.01
6.4231890940000005,0.01,2.15,0.0,0.01
6.42404448,0.0,2.16,0.01,0.01
6.4252142910000005,0.0,2.16,0.02,0.0
6.426055514000001,0.02,2.18,0.03,0.04
6.4271765940000005,0.0,2.15,0.01,0.0
6.429129789,0.0,2.15,0.01,0.0
6.430131618000001,0.01,2.15,0.01,0.0
6.431106114,0.0,2.15,0.01,0.0
6.432137051000001,0.0,2.15,0.13,0.0
6.433124714000001,0.01,2.16,0.01,0.01
6.434122827,0.0,2.16,0.0,0.0
6.435111217,0.0,2.16,0.01,0.0
6.436129471,0.01,2.15,0.0,0.0
6.437135595,0.0,2.16,0.01,0.0
6.438163177000001,0.0,2.16,0.0,0.0
6.438977373,0.0,2.16,0.0,0.02
6.440091071,0.01,2.15,0.0,0.0
6.441028999,0.11,2.15,0.0,0.0
6.442021682,0.01,2.16,0.02,0.01
6.4442498420000005,0.0,2.16,0.0,0.0
6.444984048,0.0,2.16,0.0,0.01
6.4460940550000005,0.0,2.16,0.0,0.0
6.447153431,0.01,2.16,0.01,0.0
6.44805966,0.05,2.14,0.05,0.0
6.449135348,0.0,2.15,0.0,0.01
6.45001313,0.0,2.16,0.01,0.0
6.451118518,0.0,2.17,0.01,0.0
6.452018679,0.0,2.15,0.0,0.0
6.453117416,0.0,2.16,0.01,0.04
6.4541526650000005,0.0,2.16,0.01,0.0
6.455046606000001,0.01,2.16,0.02,0.0
6.456249882000001,0.01,2.17,0.01,0.0
6.458187635000001,0.0,2.16,0.01,0.04
6.459014568000001,0.0,2.17,0.0,0.0
6.460134801000001,0.0,2.16,0.01,0.0
6.461030375,0.0,2.16,0.01,0.01
6.462115535000001,0.0,2.16,0.01,0.0
6.463139826000001,0.0,2.16,0.0,0.01
6.464036216,0.06,2.14,0.0,0.0
6.465142988,0.0,2.16,0.0,0.0
6.466033824,0.0,2.16,0.01,0.01
6.46715237,0.0,2.17,0.02,0.0
6.468117586,0.0,2.16,0.01,0.0
6.469180159,0.0,2.16,0.01,0.0
6.470086911,0.01,2.16,0.0,0.01
6.471208404,0.0,2.17,0.0,0.0
6.4732236720000005,0.0,2.17,0.01,0.01
6.474035115,0.01,2.16,0.0,0.0
6.475249251,0.02,2.17,0.01,0.0
6.475981136000001,0.01,2.17,0.02,0.01
6.477220846000001,0.0,2.17,0.0,0.0
6.478031860000001,0.0,2.17,0.0,0.01
6.479128618000001,0.01,2.17,0.0,0.0
6.480023503,0.01,2.17,0.01,0.0
6.481169339,0.02,2.16,0.01,0.0
6.482012537,0.0,2.18,0.0,0.01
6.483153794000001,0.0,2.17,0.0,0.0
6.484034631,0.0,2.16,0.01,0.0
6.485214934,0.01,2.17,0.01,0.0
6.486021361000001,0.0,2.18,0.0,0.0
6.487234149000001,0.0,2.18,0.0,0.0
6.489159193000001,0.0,2.18,0.02,0.0
6.490196443,0.0,2.18,0.0,0.01
6.491225116000001,0.01,2.18,0.0,0.0
6.492016375,0.02,2.16,0.0,0.0
6.493191492,0.0,2.18,0.01,0.0
6.494014548,0.0,2.17,0.0,0.0
6.495111847,0.0,2.17,0.01,0.0
6.496139554,0.0,2.17,0.01,0.0
6.497020039000001,0.01,2.18,0.0,0.0
6.498280908000001,0.0,2.19,0.01,0.0
6.4990034880000005,0.0,2.19,0.01,0.0
6.500134613,0.01,2.19,0.01,0.0
6.501129541,0.0,2.18,0.01,0.0
6.50225683,0.01,2.22,0.01,0.0
6.504275978000001,0.0,2.2,0.0,0.0
6.5049809960000005,0.0,2.19,0.01,0.0
6.506113876000001,0.01,2.19,0.0,0.0
6.507121419000001,0.0,2.19,0.0,0.01
6.508120505000001,0.0,2.19,0.0,0.0
6.5090432190000005,0.01,2.19,0.0,0.0
6.510270816,0.0,2.2,0.01,0.0
6.511012246000001,0.01,2.2,0.01,0.0
6.512120533,0.0,2.2,0.01,0.0
6.513122765,0.03,2.19,0.04,0.0
6.514125521,0.0,2.2,0.0,0.01
6.51523227,0.0,2.2,0.01,0.0
6.515984331,0.01,2.2,0.01,0.01
6.518139833,0.0,2.21,0.03,0.0
6.519018600000001,0.0,2.2,0.0,0.0
6.520207958,0.0,2.21,0.0,0.0
6.520970127,0.04,2.19,0.03,0.0
6.522193540000001,0.02,2.24,0.03,0.0
6.523029505,0.0,2.2,0.01,0.0
6.524125813,0.0,2.21,0.01,0.0
6.525025885000001,0.01,2.2,0.0,0.0
6.526137782,0.0,2.2,0.0,0.0
6.526973183000001,0.0,2.2,0.01,0.01
6.528114685,0.01,2.21,0.0,0.01
6.529029078000001,0.0,2.21,0.01,0.01
6.530163271,0.0,2.21,0.01,0.0
6.531034016,0.0,2.21,0.0,0.0
6.5322145250000005,0.0,2.21,0.0,0.0
6.533020392,0.0,2.21,0.02,0.0
6.5342152780000005,0.01,2.21,0.04,0.01
6.536225203000001,0.0,2.21,0.01,0.0
6.537043003,0.0,2.19,0.06,0.05
6.538222256,0.0,2.22,0.01,0.0
6.5390176250000005,0.0,2.21,0.01,0.01
6.540337374000001,0.0,2.21,0.0,0.0
6.540984525000001,0.0,2.21,0.0,0.0
6.542199107,0.0,2.21,0.0,0.0
6.543087446,0.0,2.21,0.02,0.0
6.544169476,0.01,2.21,0.01,0.1
6.545196017,0.0,2.22,0.01,0.0
6.546138399,0.0,2.21,0.01,0.0
6.5472552870000005,0.0,2.21,0.0,0.0
6.549119508,0.0,2.22,0.01,0.01
6.550195338,0.01,2.21,0.02,0.0
6.551082674000001,0.01,2.22,0.0,0.0
6.552184614000001,0.01,2.22,0.01,0.0
6.552972984,0.0,2.2,0.0,0.0
6.554196119,0.01,2.22,0.02,0.01
6.554959441,0.01,2.23,0.0,0.0
6.556200273,0.01,2.22,0.0,0.0
6.557015658,0.0,2.22,0.02,0.03
6.558136506,0.01,2.23,0.0,0.0
6.559030870000001,0.0,2.22,0.0,0.0
6.560172017,0.0,2.23,0.0,0.01
6.561035422000001,0.02,2.25,0.0,0.0
6.562115380000001,0.0,2.22,0.0,0.01
6.5631180350000005,0.01,2.23,0.01,0.0
6.564119736,0.01,2.22,0.0,0.01
6.565149764,0.0,2.21,0.0,0.0
6.567246252,0.0,2.22,0.01,0.03
6.568002046,0.01,2.23,0.01,0.0
6.569051065,0.03,2.23,0.01,0.0
6.569983295,0.0,2.21,0.0,0.0
6.571017877,0.02,2.23,0.0,0.0
6.572008334,0.04,2.23,0.0,0.0
6.573216331,0.0,2.23,0.01,0.0
6.574001301,0.0,2.23,0.01,0.0
6.575144419000001,0.0,2.23,0.02,0.0
6.576016272,0.03,2.23,0.01,0.0
6.577114403,0.0,2.23,0.01,0.0
6.578122461,0.0,2.23,0.01,0.0
6.579000543,0.0,2.23,0.01,0.01
6.580108525,0.0,2.24,0.01,0.0
6.581114389000001,0.0,2.23,0.01,0.0
6.583124725,0.0,2.24,0.01,0.0
6.584105565000001,0.0,2.23,0.01,0.0
6.58511586,0.01,2.24,0.0,0.01
6.586135749,0.0,2.21,0.01,0.02
6.587103979,0.0,2.24,0.0,0.0
6.588114882,0.01,2.23,0.0,0.01
6.589111399,0.0,2.22,0.04,0.0
6.590184586,0.0,2.23,0.0,0.0
6.591016671,0.02,2.24,0.02,0.0
6.5921270960000005,0.0,2.23,0.0,0.01
6.593125808000001,0.0,2.23,0.01,0.01
6.594146105,0.01,2.23,0.0,0.0
6.595101023000001,0.0,2.23,0.01,0.0
6.5961147570000005,0.0,2.23,0.01,0.0
6.598110023,0.0,2.23,0.01,0.0
6.599103858,0.0,2.23,0.01,0.01
6.6002217960000005,0.0,2.23,0.01,0.03
6.601015801000001,0.0,2.23,0.01,0.0
6.602110633000001,0.0,2.23,0.01,0.0
6.603124857,0.0,2.23,0.01,0.0
6.604224804,0.0,2.24,0.01,0.0
6.6050224250000005,0.01,2.23,0.01,0.01
6.606156576,0.01,2.23,0.01,0.01
6.607162051,0.01,2.23,0.0,0.0
6.608125484,0.0,2.23,0.01,0.0
6.609121962000001,0.0,2.26,0.0,0.0
6.610132143,0.0,2.23,0.01,0.01
6.611111854000001,0.0,2.22,0.01,0.0
6.613121255,0.0,2.23,0.0,0.01
6.614112531000001,0.01,2.22,0.01,0.0
6.615103251000001,0.01,2.23,0.0,0.0
6.616111183,0.0,2.24,0.01,0.0
6.617115076,0.01,2.24,0.03,0.02
6.618106906,0.01,2.24,0.0,0.0
6.619106384,0.01,2.25,0.01,0.01
6.620129404,0.0,2.24,0.01,0.0
6.621150678,0.0,2.22,0.0,0.0
6.622123835,0.0,2.23,0.01,0.01
6.623141525,0.01,2.23,0.01,0.0
6.625116253000001,0.01,2.24,0.01,0.01
6.62613199,0.0,2.24,0.02,0.0
6.627106702000001,0.0,2.24,0.0,0.01
6.628155084,0.0,2.24,0.01,0.0
6.629103519,0.0,2.24,0.0,0.0
6.630138443000001,0.0,2.22,0.0,0.0
6.631109683,0.02,2.21,0.01,0.0
6.632113794,0.0,2.23,0.0,0.0
6.633122913,0.08,2.26,0.01,0.08
6.634132650000001,0.01,2.22,0.0,0.0
6.6351217,0.0,2.23,0.0,0.0
6.636024397000001,0.01,2.23,0.0,0.0
6.637126161,0.0,2.23,0.01,0.0
6.638116365,0.0,2.21,0.0,0.05
6.639013053,0.0,2.23,0.01,0.0
6.640147597,0.0,2.22,0.0,0.0
6.641125333000001,0.0,2.22,0.0,0.0
6.643178269000001,0.0,2.23,0.0,0.0
6.64401591,0.0,2.22,0.04,0.0
6.645117197,0.02,2.22,0.01,0.0
6.646153269,0.0,2.22,0.01,0.0
6.647104099000001,0.0,2.22,0.0,0.0
6.648126149,0.0,2.22,0.01,0.0
6.649120814000001,0.02,2.23,0.01,0.0
6.6501086250000006,0.0,2.2,0.01,0.0
6.65111434,0.0,2.2,0.01,0.0
6.652141499000001,0.01,2.22,0.0,0.0
6.653110333000001,0.02,2.24,0.01,0.0
6.654148364,0.01,2.22,0.03,0.0
6.655116195000001,0.0,2.21,0.01,0.0
6.656118876000001,0.01,2.21,0.01,0.0
6.658139049000001,0.0,2.21,0.0,0.0
6.659210758,0.0,2.21,0.01,0.0
6.659991007,0.01,2.21,0.0,0.0
6.661129900000001,0.02,2.2,0.01,0.01
6.662040638000001,0.01,2.21,0.02,0.0
6.663117916,0.0,2.21,0.01,0.01
6.664178420000001,0.0,2.2,0.01,0.01
6.665016635000001,0.0,2.21,0.0,0.0
6.666114514,0.0,2.2,0.01,0.0
6.66718205,0.0,2.19,0.0,0.04
6.668112014,0.01,2.2,0.01,0.0
6.669154571,0.0,2.21,0.01,0.0
6.670108895,0.0,2.22,0.01,0.02
6.671107098,0.0,2.21,0.0,0.03
6.673112769,0.0,2.21,0.0,0.0
6.6741190040000005,0.0,2.21,0.01,0.0
6.675145657000001,0.0,2.2,0.02,0.0
6.676102868,0.0,2.21,0.01,0.0
6.677103497,0.0,2.2,0.01,0.0
6.678112605000001,0.0,2.21,0.01,0.0
6.679114275000001,0.0,2.2,0.01,0.0
6.680113381000001,0.0,2.21,0.01,0.0
6.681125459,0.01,2.21,0.01,0.0
6.682132547,0.0,2.17,0.01,0.0
6.683108022000001,0.0,2.21,0.01,0.01
6.684105079,0.0,2.2,0.0,0.0
6.685144907000001,0.0,2.21,0.01,0.0
6.686113526000001,0.0,2.22,0.01,0.0
6.687143032000001,0.0,2.21,0.01,0.0
6.689117071,0.0,2.21,0.01,0.0
6.690119785,0.0,2.21,0.0,0.0
6.691257663,0.0,2.21,0.01,0.04
6.691991668,0.01,2.21,0.01,0.0
6.693219282,0.0,2.21,0.0,0.0
6.694035672,0.0,2.22,0.01,0.0
6.69508139,0.0,2.21,0.0,0.0
6.696167924,0.0,2.21,0.01,0.0
6.697234146,0.0,2.21,0.0,0.01
6.698030342,0.0,2.18,0.08,0.0
6.699140316,0.01,2.21,0.01,0.01
6.700163565,0.0,2.2,0.0,0.0
6.702124589,0.0,2.21,0.0,0.01
6.703147455000001,0.0,2.2,0.01,0.0
6.704158469,0.0,2.21,0.01,0.0
6.705113087000001,0.0,2.2,0.0,0.0
6.706156785,0.01,2.21,0.0,0.0
6.707190579000001,0.0,2.2,0.0,0.0
6.708013200000001,0.0,2.21,0.0,0.0
6.7091073660000005,0.0,2.2,0.01,0.01
6.710187203,0.02,2.21,0.02,0.0
6.711057641,0.0,2.2,0.0,0.0
6.712328456000001,0.0,2.21,0.0,0.0
6.712977374,0.0,2.22,0.05,0.03
6.714278409,0.0,2.19,0.0,0.0
6.716143817000001,0.0,2.2,0.02,0.0
6.717167506,0.0,2.2,0.01,0.0
6.718116423000001,0.0,2.21,0.0,0.0
6.719105088,0.0,2.2,0.01,0.0
6.72021021,0.0,2.2,0.01,0.01
6.721012160000001,0.0,2.2,0.0,0.0
6.722020565,0.0,2.22,0.01,0.0
6.723003651000001,0.0,2.21,0.01,0.03
6.724123003000001,0.0,2.21,0.0,0.0
6.725024447,0.0,2.2,0.01,0.0
6.726240478,0.0,2.2,0.01,0.0
6.726983646000001,0.0,2.19,0.01,0.01
6.728161976,0.01,2.2,0.01,0.0
6.7291146710000005,0.0,2.19,0.01,0.0
6.730169161,0.0,2.2,0.0,0.0
6.73213208,0.01,2.22,0.0,0.03
6.733110207,0.0,2.17,0.07,0.0
6.734204219,0.0,2.18,0.0,0.01
6.73501903,0.0,2.19,0.0,0.01
6.736106521000001,0.0,2.19,0.0,0.01
6.737135941,0.0,2.19,0.0,0.0
6.73811504,0.0,2.19,0.01,0.0
6.739115939,0.0,2.19,0.01,0.0
6.7401269720000005,0.01,2.19,0.01,0.0
6.741152375,0.0,2.18,0.01,0.02
6.742261651000001,0.0,2.19,0.01,0.0
6.743016246000001,0.0,2.19,0.01,0.02
6.744140048,0.0,2.19,0.01,0.0
6.746113633,0.0,2.18,0.01,0.0
6.747156059000001,0.03,2.21,0.01,0.0
6.7479752060000004,0.0,2.19,0.0,0.0
6.749164961000001,0.0,2.19,0.0,0.0
6.750026157000001,0.0,2.19,0.0,0.01
6.751137026,0.0,2.18,0.01,0.0
6.752198661,0.01,2.19,0.0,0.0
6.753019189000001,0.0,2.19,0.01,0.0
6.754256232,0.0,2.19,0.0,0.0
6.755013365000001,0.0,2.19,0.01,0.01
6.756088914,0.0,2.18,0.0,0.01
6.757157458,0.0,2.18,0.0,0.0
6.75814932,0.0,2.19,0.0,0.0
6.759038574000001,0.01,2.17,0.0,0.0
6.760132453000001,0.0,2.17,0.01,0.0
6.761125054000001,0.0,2.18,0.01,0.02
6.76312139,0.04,2.18,0.0,0.0
6.764105829,0.0,2.24,0.01,0.04
6.765125382000001,0.0,2.19,0.0,0.0
6.766101985000001,0.0,2.18,0.0,0.0
6.767141551000001,0.0,2.18,0.01,0.0
6.768111223,0.0,2.17,0.01,0.01
6.7691270260000005,0.0,2.18,0.01,0.0
6.770140830000001,0.0,2.18,0.0,0.0
6.771106732000001,0.0,2.18,0.02,0.0
6.772129199,0.0,2.17,0.01,0.0
6.773106525,0.0,2.17,0.01,0.0
6.774127743,0.0,2.18,0.0,0.0
6.775118018000001,0.01,2.18,0.0,0.0
6.777109353,0.01,2.18,0.01,0.0
6.778118792000001,0.0,2.17,0.0,0.0
6.779145476,0.0,2.17,0.0,0.0
6.780017052000001,0.0,2.17,0.0,0.01
6.781186413,0.0,2.18,0.0,0.0
6.782019408,0.0,2.19,0.01,0.0
6.783162961,0.01,2.18,0.01,0.09
6.784066753,0.0,2.18,0.01,0.0
6.785079659,0.0,2.18,0.01,0.01
6.786162836000001,0.0,2.17,0.0,0.0
6.787107831,0.0,2.17,0.01,0.0
6.788146238,0.0,2.17,0.01,0.0
6.789111812000001,0.0,2.17,0.0,0.0
6.790144988000001,0.0,2.17,0.0,0.0
6.791120059000001,0.03,2.17,0.01,0.0
6.7931578870000004,0.01,2.18,0.0,0.09
6.794107114,0.0,2.18,0.02,0.0
6.795103715000001,0.0,2.17,0.0,0.0
6.796116579,0.0,2.17,0.0,0.01
6.797108164000001,0.0,2.17,0.03,0.0
6.798157636,0.0,2.17,0.0,0.02
6.799104675000001,0.0,2.18,0.05,0.0
6.8001276410000004,0.0,2.16,0.0,0.01
6.801158723,0.0,2.17,0.02,0.0
6.802112778000001,0.0,2.16,0.01,0.0
6.803113173000001,0.0,2.18,0.01,0.0
6.804156026,0.02,2.16,0.04,0.0
6.805158674,0.0,2.16,0.0,0.0
6.8071141090000005,0.0,2.15,0.01,0.0
6.808023803,0.0,2.15,0.0,0.0
6.809127052,0.01,2.15,0.0,0.01
6.810106087,0.01,2.15,0.01,0.0
6.811030121000001,0.0,2.15,0.0,0.0
6.812126303,0.01,2.15,0.01,0.0
6.813017401000001,0.01,2.13,0.01,0.07
6.814206264,0.0,2.11,0.01,0.0
6.815020405,0.0,2.12,0.0,0.0
6.816134727000001,0.0,2.12,0.0,0.0
6.817245839000001,0.0,2.13,0.01,0.0
6.818013550000001,0.0,2.11,0.01,0.0
6.819133016,0.0,2.11,0.0,0.0
6.820158493,0.01,2.1,0.0,0.01
6.822274897000001,0.0,2.11,0.0,0.0
6.8229903290000005,0.0,2.11,0.01,0.0
6.824110927,0.0,2.07,0.0,0.01
6.825138081,0.0,2.09,0.0,0.0
6.826148933000001,0.0,2.1,0.01,0.0
6.827122986,0.0,2.09,0.0,0.0
6.828149048,0.0,2.08,0.0,0.0
6.829108901000001,0.0,2.07,0.06,0.0
6.830182638,0.0,2.09,0.0,0.0
6.831020308,0.0,2.07,0.04,0.0
6.832105049000001,0.0,2.07,0.01,0.0
6.833109239000001,0.0,2.06,0.01,0.01
6.834123263,0.0,2.06,0.01,0.0
6.835149203,0.0,2.05,0.0,0.01
6.836160107,0.01,2.05,0.0,0.0
6.838110815,0.0,2.02,0.03,0.0
6.8391479660000005,0.0,2.02,0.01,0.0
6.839982122,0.0,2.01,0.01,0.0
6.841109332,0.02,1.99,0.01,0.0
6.842119545,0.0,2.0,0.01,0.01
6.843024675000001,0.0,2.0,0.0,0.0
6.844071879,0.01,1.99,0.0,0.0
6.845113775000001,0.0,1.98,0.01,0.0
6.846138296,0.01,1.99,0.0,0.0
6.847115714,0.01,1.96,0.01,0.03
6.848108807,0.0,1.98,0.01,0.0
6.849138978,0.0,1.96,0.01,0.0
6.85017033,0.0,1.95,0.0,0.0
6.852072165,0.0,1.95,0.0,0.0
6.853119637000001,0.0,1.96,0.01,0.0
6.854108451,0.0,1.95,0.01,0.0
6.855141657000001,0.0,1.94,0.01,0.0
6.856068523,0.0,1.94,0.01,0.0
6.857126848,0.0,1.94,0.0,0.0
6.858112348000001,0.01,1.92,0.04,0.0
6.859109418,0.0,1.93,0.0,0.0
6.860018266000001,0.01,1.92,0.01,0.0
6.861115263,0.0,1.94,0.0,0.01
6.862030123,0.01,1.94,0.01,0.0
6.863122412,0.0,1.93,0.01,0.0
6.864123038000001,0.0,1.94,0.01,0.02
6.865111244,0.01,1.92,0.01,0.0
6.866137651000001,0.0,1.91,0.02,0.0
6.867124009,0.0,1.9,0.01,0.0
6.869108453000001,0.0,1.91,0.0,0.0
6.870169099000001,0.0,1.89,0.01,0.0
6.871015740000001,0.0,1.9,0.01,0.0
6.872109076,0.0,1.88,0.1,0.06
6.8730302860000005,0.0,1.88,0.01,0.0
6.874054079,0.0,1.87,0.0,0.0
6.875026495,0.0,1.87,0.0,0.0
6.876254189000001,0.0,1.86,0.0,0.01
6.8770312460000005,0.06,1.86,0.0,0.0
6.878122742,0.0,1.86,0.01,0.0
6.879112276000001,0.0,1.83,0.0,0.01
6.880012347,0.0,1.85,0.0,0.0
6.881071681000001,0.01,1.84,0.0,0.0
6.882125399,0.02,1.83,0.01,0.0
6.884121464000001,0.01,1.82,0.01,0.0
6.885110237,0.01,1.82,0.02,0.01
6.886157227,0.01,1.81,0.0,0.0
6.886978297000001,0.0,1.81,0.01,0.0
6.8881272870000005,0.0,1.8,0.01,0.0
6.889067815000001,0.0,1.8,0.0,0.03
6.89012965,0.0,1.79,0.0,0.01
6.8911451360000004,0.0,1.78,0.01,0.0
6.892020199,0.0,1.78,0.0,0.0
6.893118248,0.0,1.75,0.01,0.0
6.894120808,0.0,1.75,0.0,0.0
6.895036202,0.01,1.74,0.0,0.02
6.896128701,0.02,1.74,0.0,0.0
6.89711675,0.0,1.72,0.01,0.0
6.8991152950000005,0.0,1.7,0.0,0.0
6.900104946000001,0.01,1.68,0.0,0.0
6.901101069,0.0,1.67,0.0,0.0
6.902163841,0.01,1.67,0.01,0.0
6.9031070880000005,0.0,1.67,0.0,0.0
6.904221839000001,0.01,1.65,0.0,0.0
6.905052316000001,0.02,1.69,0.02,0.02
6.906464916,0.0,1.64,0.0,0.0
6.906996371000001,0.0,1.63,0.0,0.0
6.90823987,0.0,1.63,0.01,0.0
6.90908408,0.0,1.62,0.01,0.0
6.910048676000001,0.01,1.61,0.02,0.0
6.911265538,0.0,1.61,0.01,0.01
6.913143425,0.0,1.59,0.0,0.01
6.91401381,0.0,1.6,0.0,0.0
6.9151985190000005,0.01,1.6,0.01,0.01
6.91601596,0.0,1.61,0.0,0.04
6.917256788,0.0,1.59,0.0,0.0
6.918009683,0.01,1.58,0.0,0.0
6.919113319,0.0,1.58,0.01,0.0
6.920118637000001,0.0,1.57,0.0,0.01
6.9211187910000005,0.0,1.56,0.0,0.0
6.9221127650000005,0.0,1.56,0.0,0.0
6.923108365,0.0,1.53,0.0,0.02
6.924112458000001,0.0,1.51,0.0,0.0
6.9251209860000005,0.0,1.53,0.0,0.02
6.926180481,0.0,1.53,0.01,0.0
6.928130542000001,0.0,1.51,0.01,0.0
6.929020086,0.0,1.49,0.01,0.01
6.930151218000001,0.0,1.48,0.01,0.0
6.931055808000001,0.01,1.47,0.0,0.0
6.932013474000001,0.01,1.45,0.0,0.0
6.933119724000001,0.01,1.46,0.03,0.0
6.934038007000001,0.03,1.44,0.0,0.0
6.9351163510000005,0.0,1.44,0.02,0.0
6.935979626000001,0.0,1.42,0.0,0.0
6.937226202000001,0.01,1.42,0.0,0.0
6.938035604,0.0,1.4,0.05,0.0
6.939119486,0.0,1.39,0.0,0.0
6.940014068000001,0.0,1.38,0.01,0.0
6.941216913000001,0.01,1.39,0.0,0.0
6.94302664,0.0,1.37,0.0,0.0
6.944115194,0.03,1.36,0.01,0.0
6.9450132710000005,0.0,1.35,0.0,0.01
6.946115623000001,0.01,1.33,0.0,0.0
6.947016033000001,0.0,1.3,0.0,0.0
6.948128671,0.0,1.28,0.0,0.0
6.949053064,0.0,1.28,0.0,0.0
6.950122568,0.0,1.25,0.0,0.0
6.951016335,0.0,1.24,0.0,0.0
6.952117598,0.0,1.22,0.0,0.0
6.953083767000001,0.01,1.18,0.04,0.0
6.954123292,0.01,1.17,0.0,0.0
6.955125629,0.0,1.17,0.01,0.03
6.956162549,0.0,1.13,0.01,0.01
6.958122191,0.0,1.12,0.0,0.04
6.9590121830000005,0.0,1.09,0.01,0.01
6.960125628,0.11,0.97,0.01,0.0
6.96111267,0.0,0.96,0.01,0.01
6.962016707,0.0,0.9,0.01,0.02
6.963112527000001,0.02,0.82,0.0,0.0
6.9640138920000005,0.0,0.68,0.0,0.0
6.965145475000001,0.0,0.54,0.0,0.0
6.965971935000001,0.0,0.55,0.0,0.0
6.967367961000001,0.0,0.55,0.0,0.01
6.967986034000001,0.0,0.52,0.0,0.0
6.969041048,0.0,0.46,0.0,0.0
6.970027102,0.01,0.4,0.0,0.01
6.971197171,0.0,0.4,0.01,0.0
6.973136591,0.01,0.36,0.01,0.01
6.974047045000001,0.01,0.35,0.0,0.0
6.975135687000001,0.0,0.37,0.0,0.0
6.976021088,0.0,0.35,0.0,0.01
6.977147831000001,0.0,0.35,0.01,0.0
6.978011384,0.0,0.35,0.0,0.0
6.9791310950000005,0.0,0.35,0.0,0.0
6.980012632,0.0,0.34,0.0,0.0
6.981128054,0.0,0.34,0.0,0.0
6.982008754000001,0.01,0.34,0.0,0.0
6.983149493000001,0.01,0.35,0.01,0.01
6.984014929000001,0.01,0.35,0.01,0.0
6.9851159030000005,0.0,0.36,0.01,0.01
6.986019430000001,0.0,0.37,0.0,0.0
6.987111293000001,0.08,0.37,0.0,0.0
6.988115786000001,0.0,0.39,0.03,0.0
6.990125532,0.0,0.39,0.0,0.0
6.991002153,0.0,0.35,0.01,0.0
6.992125326,0.0,0.37,0.01,0.0
6.993018703000001,0.0,0.4,0.0,0.0
6.994156398,0.0,0.35,0.0,0.0
6.995015708,0.0,0.37,0.0,0.01
6.996137444,0.0,0.35,0.0,0.0
6.997022157000001,0.0,0.36,0.0,0.0
6.998333694,0.01,0.35,0.0,0.0
6.998991652000001,0.07,0.3,0.03,0.0
7.0002159740000005,0.02,0.35,0.0,0.03
7.001047772000001,0.0,0.35,0.01,0.0
7.002154451,0.0,0.36,0.0,0.0
7.004102415,0.01,0.37,0.0,0.0
7.005151691,0.01,0.36,0.01,0.0
7.006022051,0.02,0.35,0.02,0.0
7.007114574,0.0,0.36,0.0,0.0
7.008086899,0.0,0.36,0.0,0.0
7.009112621000001,0.0,0.36,0.0,0.01
7.009998679000001,0.0,0.36,0.0,0.0
7.011105981,0.0,0.36,0.01,0.01
7.012015095000001,0.02,0.37,0.01,0.0
7.013109192000001,0.0,0.36,0.0,0.0
7.014144094000001,0.0,0.36,0.01,0.0
7.015015004,0.0,0.36,0.01,0.0
7.016144279000001,0.0,0.37,0.02,0.0
7.017137673000001,0.0,0.36,0.0,0.0
7.019120312,0.0,0.35,0.0,0.0
7.020013878,0.01,0.36,0.0,0.0
7.021159789,0.01,0.36,0.0,0.0
7.022018954000001,0.01,0.32,0.04,0.1
7.023138577,0.0,0.36,0.0,0.0
7.024117557,0.01,0.35,0.0,0.0
7.025116562,0.0,0.36,0.0,0.01
7.026122101,0.0,0.36,0.01,0.0
7.027109075,0.0,0.36,0.0,0.01
7.028060465,0.0,0.36,0.0,0.0
7.029284376000001,0.0,0.36,0.0,0.0
7.029979190000001,0.0,0.37,0.0,0.0
7.031123922000001,0.0,0.37,0.02,0.04
7.032141065,0.01,0.35,0.0,0.0
7.034235096000001,0.0,0.33,0.0,0.02
7.0350657430000005,0.0,0.36,0.0,0.01
7.036192130000001,0.0,0.37,0.0,0.01
7.037014592,0.0,0.35,0.02,0.0
7.038120171,0.0,0.34,0.01,0.01
7.039143147000001,0.0,0.34,0.01,0.01
7.0401234950000005,0.0,0.33,0.0,0.01
7.041034239,0.0,0.34,0.0,0.01
7.042113145,0.0,0.32,0.0,0.0
7.043010279000001,0.0,0.33,0.0,0.0
7.044115938,0.01,0.35,0.01,0.0
7.045115055,0.0,0.35,0.01,0.0
7.046027962,0.0,0.33,0.0,0.01
7.047122355000001,0.01,0.35,0.0,0.0
7.048131367000001,0.01,0.35,0.0,0.01
7.050113564,0.0,0.36,0.0,0.0
7.051054219,0.0,0.34,0.0,0.0
7.052030859,0.01,0.33,0.0,0.03
7.053130696,0.0,0.35,0.0,0.0
7.0539704290000005,0.01,0.33,0.01,0.0
7.055122961,0.0,0.33,0.01,0.0
7.05603591,0.01,0.31,0.01,0.0
7.057148026,0.0,0.35,0.01,0.01
7.058014621000001,0.0,0.34,0.0,0.0
7.059197116000001,0.0,0.34,0.0,0.0
7.0600668870000005,0.0,0.35,0.0,0.0
7.061128938,0.0,0.35,0.02,0.0
7.062040062,0.0,0.34,0.0,0.0
7.063227680000001,0.01,0.34,0.0,0.0
7.065180053000001,0.0,0.34,0.01,0.0
7.066013261,0.0,0.35,0.01,0.01
7.067272057,0.0,0.35,0.0,0.0
7.06801113,0.0,0.35,0.0,0.0
7.069020979,0.01,0.38,0.0,0.0
7.070166011,0.01,0.35,0.02,0.0
7.071027764,0.0,0.34,0.0,0.0
7.07214553,0.01,0.35,0.01,0.02
7.072981411000001,0.0,0.35,0.02,0.0
7.074112002000001,0.0,0.36,0.02,0.04
7.075023913000001,0.01,0.36,0.0,0.0
7.076136211000001,0.0,0.35,0.0,0.01
7.0770440830000005,0.0,0.35,0.01,0.0
7.078136089,0.0,0.35,0.01,0.01
7.0801084130000005,0.0,0.35,0.0,0.01
7.081011771,0.0,0.35,0.01,0.0
7.0821148140000005,0.01,0.34,0.0,0.0
7.0830124350000006,0.0,0.36,0.07,0.04
7.084118418,0.01,0.35,0.01,0.01
7.085017814,0.01,0.34,0.0,0.0
7.0861222470000005,0.01,0.34,0.01,0.0
7.086967474000001,0.0,0.34,0.0,0.0
7.088155444000001,0.03,0.35,0.0,0.01
7.0890158770000005,0.0,0.35,0.0,0.0
7.090125850000001,0.0,0.34,0.0,0.0
7.091033951,0.0,0.34,0.01,0.0
7.092266739,0.02,0.32,0.0,0.0
7.094164948,0.0,0.34,0.01,0.0
7.095016203,0.0,0.33,0.02,0.02
7.096122587000001,0.0,0.34,0.01,0.0
7.097016588000001,0.0,0.34,0.0,0.0
7.098155365,0.01,0.35,0.0,0.01
7.099017143,0.0,0.34,0.0,0.01
7.100275557000001,0.0,0.32,0.0,0.0
7.101017699000001,0.0,0.34,0.0,0.0
7.102235119,0.0,0.34,0.02,0.01
7.103021323,0.02,0.33,0.0,0.0
7.1041097220000005,0.0,0.34,0.0,0.0
7.105115673,0.0,0.34,0.01,0.0
7.106019304,0.01,0.35,0.01,0.01
7.107143775000001,0.01,0.32,0.0,0.0
7.10816299,0.0,0.32,0.0,0.01
7.110123794000001,0.0,0.32,0.0,0.0
7.111083174,0.0,0.28,0.06,0.0
7.112116800000001,0.02,0.33,0.01,0.0
7.113068060000001,0.0,0.33,0.0,0.0
7.1141088660000005,0.02,0.33,0.0,0.0
7.11501619,0.0,0.26,0.0,0.01
7.11611432,0.01,0.25,0.01,0.0
7.117116876000001,0.0,0.27,0.0,0.0
7.118127173,0.0,0.27,0.0,0.03
7.119168134000001,0.0,0.28,0.0,0.0
7.119970332,0.01,0.29,0.0,0.01
7.121133563000001,0.0,0.29,0.0,0.0
7.122206563000001,0.0,0.3,0.0,0.02
7.123016742000001,0.0,0.3,0.0,0.04
7.124158798000001,0.0,0.3,0.0,0.0
7.126244638,0.01,0.29,0.0,0.0
7.127017,0.01,0.28,0.07,0.07
7.128109011,0.0,0.26,0.0,0.0
7.1291128630000005,0.01,0.26,0.0,0.0
7.130120108000001,0.0,0.27,0.0,0.01
7.131239292,0.0,0.26,0.0,0.0
7.1320124830000005,0.0,0.26,0.12,0.02
7.133142573000001,0.0,0.29,0.0,0.0
7.134130253,0.01,0.28,0.0,0.02
7.135141626,0.0,0.28,0.0,0.0
7.13606253,0.0,0.28,0.0,0.0
7.13707986,0.0,0.29,0.0,0.01
7.138061638000001,0.0,0.29,0.0,0.0
7.140110394000001,0.0,0.27,0.0,0.01
7.141014806,0.0,0.3,0.0,0.0
7.142135962,0.0,0.29,0.0,0.01
7.143016663,0.01,0.28,0.0,0.0
7.144109960000001,0.0,0.31,0.0,0.01
7.1451195510000005,0.0,0.28,0.0,0.0
7.1461376880000005,0.0,0.3,0.01,0.0
7.147115746000001,0.0,0.3,0.0,0.02
7.148110395000001,0.0,0.28,0.0,0.0
7.149116515,0.0,0.31,0.01,0.0
7.150131342000001,0.02,0.28,0.0,0.0
7.151055336000001,0.0,0.28,0.0,0.03
7.152155649,0.03,0.28,0.01,0.01
7.153033732000001,0.0,0.26,0.01,0.01
7.154141682000001,0.0,0.25,0.02,0.0
7.156138553000001,0.0,0.26,0.01,0.0
7.157012505000001,0.01,0.26,0.01,0.01
7.158269866,0.0,0.26,0.0,0.0
7.159010321,0.0,0.25,0.01,0.0
7.160179517,0.0,0.24,0.0,0.0
7.160984125000001,0.0,0.26,0.0,0.0
7.162237696,0.0,0.25,0.0,0.01
7.163022587,0.0,0.27,0.01,0.0
7.16420347,0.0,0.27,0.0,0.0
7.165022886,0.03,0.23,0.0,0.01
7.166120084,0.0,0.26,0.01,0.01
7.167151250000001,0.0,0.29,0.0,0.0
7.168036965000001,0.0,0.26,0.0,0.0
7.169113254000001,0.0,0.25,0.0,0.01
7.170147600000001,0.0,0.26,0.01,0.0
7.172047683000001,0.0,0.26,0.0,0.0
7.173148859,0.0,0.25,0.0,0.01
7.174047002,0.0,0.26,0.01,0.01
7.175271987,0.0,0.25,0.0,0.0
7.176013313,0.0,0.31,0.06,0.01
7.177179527000001,0.0,0.26,0.0,0.0
7.178022291,0.01,0.26,0.0,0.0
7.179121738,0.0,0.26,0.0,0.0
7.180154089,0.01,0.26,0.01,0.0
7.181125373,0.03,0.23,0.01,0.0
7.182198234,0.0,0.26,0.0,0.0
7.184076019000001,0.0,0.27,0.0,0.01
7.185248541000001,0.0,0.27,0.0,0.0
7.186017498000001,0.0,0.26,0.01,0.0
7.187164729,0.0,0.28,0.0,0.0
7.1880640730000005,0.0,0.27,0.0,0.0
7.189207083,0.0,0.26,0.01,0.01
7.190047718000001,0.0,0.28,0.0,0.01
7.1911757750000005,0.01,0.26,0.0,0.0
7.192119295,0.0,0.28,0.01,0.01
7.193125517,0.0,0.27,0.0,0.0
7.194052325,0.0,0.25,0.0,0.01
7.195216248,0.0,0.27,0.01,0.0
7.196007418000001,0.01,0.29,0.0,0.0
7.197156266,0.0,0.29,0.01,0.0
7.19813524,0.0,0.29,0.01,0.0
7.199213213,0.0,0.3,0.0,0.0
7.201144393000001,0.01,0.29,0.0,0.02
7.202009705,0.02,0.3,0.0,0.0
7.203171023,0.0,0.28,0.01,0.01
7.204108114,0.0,0.29,0.01,0.0
7.205178516,0.01,0.29,0.0,0.0
7.206159006,0.0,0.3,0.01,0.0
7.206981332000001,0.07,0.34,0.02,0.1
7.208170271,0.0,0.29,0.01,0.0
7.209034068,0.0,0.3,0.0,0.0
7.2101370650000005,0.01,0.31,0.0,0.0
7.2111344530000006,0.01,0.29,0.01,0.0
7.212029753,0.0,0.3,0.0,0.0
7.213141623,0.0,0.3,0.0,0.0
7.2151620020000005,0.0,0.29,0.0,0.0
7.216071814,0.01,0.29,0.0,0.0
7.217221814,0.0,0.3,0.0,0.02
7.2179948650000005,0.0,0.29,0.0,0.0
7.2192929,0.0,0.29,0.0,0.0
7.219975136,0.01,0.29,0.01,0.0
7.221113333000001,0.01,0.3,0.0,0.0
7.2221632090000005,0.0,0.32,0.0,0.02
7.2231781150000005,0.0,0.29,0.0,0.01
7.224119362000001,0.0,0.29,0.0,0.0
7.225167431,0.0,0.29,0.01,0.0
7.226046736000001,0.0,0.28,0.03,0.0
7.227133732,0.01,0.29,0.0,0.01
7.228132515,0.01,0.29,0.0,0.0
7.23013096,0.01,0.29,0.0,0.0
7.2311439360000005,0.01,0.29,0.01,0.01
7.232027153000001,0.0,0.3,0.0,0.0
7.233134126,0.01,0.31,0.0,0.0
7.2341680770000005,0.0,0.32,0.01,0.0
7.235202758000001,0.0,0.31,0.0,0.0
7.236067800000001,0.0,0.31,0.0,0.0
7.237240610000001,0.0,0.3,0.0,0.0
7.238012692000001,0.0,0.31,0.0,0.0
7.239157936000001,0.01,0.31,0.0,0.0
7.240143854,0.0,0.31,0.04,0.0
7.241215114,0.02,0.32,0.01,0.01
7.241975471000001,0.0,0.32,0.0,0.01
7.243211677000001,0.02,0.31,0.0,0.02
7.243978501000001,0.0,0.31,0.0,0.0
7.246174507,0.0,0.3,0.01,0.01
7.247072768000001,0.04,0.31,0.01,0.0
7.248114976,0.0,0.31,0.0,0.01
7.249141091,0.0,0.31,0.01,0.0
7.250048994,0.0,0.31,0.0,0.0
7.251229224,0.01,0.31,0.03,0.0
7.252013649,0.0,0.31,0.01,0.01
7.253187806000001,0.0,0.32,0.0,0.0
7.254064861000001,0.0,0.32,0.01,0.01
7.255219221000001,0.1,0.26,0.02,0.01
7.2560273010000005,0.0,0.32,0.0,0.0
7.257136667,0.01,0.31,0.0,0.01
7.259144044,0.0,0.31,0.01,0.0
7.260205776,0.05,0.33,0.0,0.0
7.261026778000001,0.0,0.34,0.0,0.01
7.262164884000001,0.0,0.32,0.0,0.0
7.263024667000001,0.0,0.32,0.01,0.0
7.264091069,0.0,0.31,0.02,0.0
7.265121118000001,0.0,0.31,0.0,0.0
7.266111075,0.0,0.32,0.0,0.0
7.267118203000001,0.0,0.34,0.01,0.0
7.268114148,0.0,0.33,0.0,0.0
7.269132720000001,0.0,0.33,0.0,0.0
7.27011523,0.0,0.33,0.0,0.0
7.271119757,0.0,0.34,0.0,0.0
7.272126577000001,0.0,0.32,0.0,0.0
7.273141524000001,0.0,0.32,0.02,0.0
7.2742038860000005,0.02,0.31,0.0,0.0
7.276125128,0.02,0.26,0.01,0.03
7.277135451,0.01,0.31,0.0,0.0
7.2781511850000005,0.0,0.31,0.0,0.0
7.278977820000001,0.0,0.31,0.0,0.0
7.280126474,0.0,0.31,0.01,0.0
7.2810244840000005,0.01,0.31,0.0,0.0
7.282114525000001,0.0,0.28,0.01,0.0
7.283034917,0.01,0.31,0.03,0.01
7.284196306,0.02,0.3,0.0,0.0
7.285015733000001,0.01,0.31,0.01,0.01
7.286118558,0.0,0.32,0.0,0.01
7.287115856000001,0.0,0.32,0.0,0.0
7.288140601,0.0,0.33,0.0,0.0
7.289118413000001,0.0,0.33,0.0,0.0
7.290183484000001,0.01,0.34,0.01,0.01
7.292122008000001,0.01,0.32,0.0,0.01
7.2931066410000005,0.01,0.32,0.02,0.03
7.294025603000001,0.0,0.33,0.01,0.01
7.295122269,0.0,0.31,0.0,0.0
7.2961309210000005,0.01,0.33,0.02,0.0
7.297107533,0.01,0.33,0.0,0.01
7.2981646200000005,0.0,0.33,0.0,0.0
7.299028814000001,0.01,0.33,0.0,0.0
7.300114776,0.0,0.32,0.01,0.0
7.3021379600000005,0.0,0.32,0.01,0.0
7.303175777000001,0.0,0.32,0.0,0.0
7.304024625,0.0,0.32,0.0,0.01
7.305197452000001,0.0,0.32,0.01,0.0
7.306013104000001,0.0,0.33,0.01,0.0
7.307263121,0.0,0.33,0.0,0.01
7.308026699,0.0,0.33,0.0,0.0
7.309219582000001,0.01,0.31,0.02,0.0
7.310076309,0.01,0.33,0.01,0.01
7.311211124000001,0.0,0.34,0.01,0.0
7.312025133000001,0.01,0.32,0.0,0.0
7.3131244980000005,0.0,0.32,0.01,0.01
7.314147652000001,0.0,0.31,0.0,0.01
7.315022763000001,0.0,0.33,0.01,0.0
7.316117788000001,0.0,0.3,0.0,0.0
7.317145852,0.0,0.32,0.0,0.0
7.318137433,0.0,0.35,0.0,0.0
7.319199974000001,0.01,0.32,0.0,0.0
7.321121233,0.01,0.31,0.0,0.0
7.322113687000001,0.01,0.3,0.01,0.03
7.323116258000001,0.0,0.33,0.0,0.0
7.324101205000001,0.0,0.32,0.05,0.0
7.325118305,0.0,0.28,0.04,0.0
7.32612307,0.0,0.33,0.0,0.0
7.327114635,0.0,0.32,0.01,0.0
7.328109796000001,0.0,0.33,0.0,0.0
7.329106047000001,0.0,0.33,0.0,0.0
7.330115505,0.0,0.33,0.0,0.0
7.331114006000001,0.0,0.32,0.01,0.0
7.332127297,0.0,0.33,0.0,0.0
7.333120350000001,0.0,0.33,0.01,0.0
7.334177153000001,0.0,0.34,0.0,0.0
7.336118013,0.01,0.27,0.04,0.0
7.337114712000001,0.0,0.33,0.03,0.01
7.338154758000001,0.0,0.33,0.0,0.0
7.339134951,0.0,0.33,0.01,0.0
7.340139637,0.0,0.34,0.0,0.01
7.341210999,0.0,0.34,0.01,0.0
7.342082385,0.01,0.35,0.03,0.05
7.343214494000001,0.0,0.33,0.0,0.02
7.344019727,0.0,0.33,0.0,0.02
7.345163,0.0,0.33,0.0,0.01
7.346140838,0.0,0.33,0.01,0.0
7.34710627,0.0,0.33,0.0,0.0
7.348179942000001,0.0,0.33,0.0,0.0
7.349216581,0.01,0.33,0.0,0.0
7.350039055000001,0.0,0.32,0.0,0.0
7.352097381,0.01,0.33,0.01,0.0
7.353108903000001,0.0,0.33,0.01,0.0
7.35410947,0.09,0.33,0.0,0.0
7.355104926,0.0,0.33,0.02,0.0
7.3561157470000005,0.01,0.33,0.0,0.01
7.357110100000001,0.0,0.33,0.0,0.0
7.358121280000001,0.0,0.33,0.0,0.0
7.359122268,0.0,0.33,0.0,0.0
7.360113664000001,0.02,0.35,0.05,0.01
7.361114049,0.0,0.33,0.02,0.0
7.362117047000001,0.0,0.33,0.02,0.0
7.3631101370000005,0.0,0.33,0.0,0.01
7.364127213000001,0.0,0.31,0.0,0.01
7.365145112,0.0,0.31,0.0,0.0
7.366176376,0.0,0.32,0.0,0.0
7.368122434000001,0.0,0.31,0.01,0.01
7.369116535000001,0.0,0.31,0.01,0.01
7.370167578,0.0,0.31,0.0,0.0
7.371033507000001,0.0,0.29,0.01,0.0
7.372160304,0.0,0.31,0.0,0.0
7.373111601000001,0.01,0.3,0.0,0.0
7.374112074,0.0,0.31,0.0,0.01
7.375216019000001,0.0,0.33,0.0,0.0
7.376149020000001,0.0,0.31,0.0,0.0
7.377123126000001,0.0,0.31,0.0,0.0
7.378137774000001,0.0,0.31,0.0,0.01
7.379114265,0.0,0.32,0.01,0.0
7.381162979000001,0.0,0.3,0.02,0.0
7.381985811000001,0.0,0.31,0.0,0.01
7.383115988,0.0,0.31,0.0,0.0
7.384028796000001,0.0,0.28,0.0,0.0
7.385109785,0.01,0.31,0.0,0.0
7.386017206000001,0.0,0.3,0.08,0.01
7.387118265000001,0.0,0.31,0.0,0.0
7.388121772000001,0.01,0.32,0.0,0.0
7.389122676,0.0,0.33,0.01,0.0
7.3901162650000005,0.0,0.32,0.0,0.0
7.391115093000001,0.0,0.32,0.0,0.0
7.392179282000001,0.02,0.32,0.0,0.0
7.393029953,0.01,0.3,0.0,0.0
7.394114264000001,0.01,0.32,0.0,0.0
7.395019971000001,0.0,0.33,0.0,0.01
7.396133541,0.01,0.33,0.0,0.0
7.398138627000001,0.0,0.33,0.0,0.0
7.399017452000001,0.06,0.25,0.03,0.0
7.4001110070000005,0.0,0.34,0.01,0.0
7.401334493,0.01,0.34,0.0,0.0
7.401994021,0.0,0.34,0.02,0.0
7.403235101000001,0.0,0.34,0.01,0.01
7.404033682000001,0.0,0.33,0.01,0.02
7.4051404960000005,0.0,0.34,0.0,0.0
7.406025943,0.0,0.34,0.0,0.0
7.407117637000001,0.0,0.34,0.0,0.03
7.4081105350000005,0.02,0.34,0.0,0.0
7.409117115000001,0.0,0.34,0.0,0.0
7.410144654000001,0.0,0.34,0.01,0.0
7.411151203,0.0,0.35,0.02,0.0
7.413117850000001,0.0,0.34,0.0,0.0
7.41397504,0.0,0.32,0.01,0.0
7.4151808290000005,0.02,0.31,0.07,0.03
7.416015901000001,0.0,0.34,0.0,0.0
7.417121697000001,0.01,0.35,0.0,0.0
7.418021362,0.01,0.34,0.0,0.0
7.419113371000001,0.0,0.35,0.01,0.0
7.420128068,0.01,0.35,0.04,0.04
7.421010019000001,0.01,0.34,0.0,0.01
7.422035695000001,0.0,0.34,0.0,0.0
7.4230201110000005,0.0,0.34,0.0,0.0
7.424138750000001,0.0,0.34,0.0,0.0
7.425024769,0.01,0.37,0.0,0.0
7.426149091,0.0,0.34,0.0,0.0
7.428116093000001,0.0,0.34,0.0,0.01
7.4290156750000005,0.0,0.34,0.0,0.0
7.430174409,0.0,0.34,0.0,0.0
7.431016260000001,0.0,0.33,0.0,0.0
7.431998414000001,0.02,0.33,0.0,0.0
7.433050984,0.01,0.32,0.0,0.01
7.434015292000001,0.0,0.33,0.01,0.0
7.435049685,0.01,0.29,0.01,0.01
7.436033763,0.01,0.34,0.0,0.0
7.437031060000001,0.0,0.31,0.01,0.0
7.438010556,0.0,0.33,0.0,0.04
7.43913223,0.0,0.33,0.01,0.0
7.44003219,0.0,0.31,0.0,0.0
7.441120624000001,0.0,0.33,0.01,0.01
7.443118244000001,0.0,0.34,0.01,0.01
7.444030769,0.01,0.32,0.0,0.01
7.445142991000001,0.0,0.3,0.0,0.0
7.445983853,0.0,0.3,0.01,0.01
7.447114387,0.0,0.33,0.0,0.0
7.448013295000001,0.0,0.33,0.01,0.01
7.449120131000001,0.0,0.33,0.0,0.0
7.450020388,0.0,0.32,0.02,0.01
7.451116396000001,0.0,0.32,0.01,0.0
7.452023314000001,0.03,0.33,0.0,0.02
7.453111420000001,0.0,0.32,0.0,0.01
7.454033292,0.0,0.28,0.0,0.0
7.4551309,0.02,0.38,0.0,0.09
7.45603391,0.01,0.33,0.01,0.0
7.4571253550000005,0.0,0.33,0.0,0.0
7.459108799000001,0.0,0.32,0.0,0.0
7.460111864000001,0.0,0.32,0.0,0.01
7.461015565,0.01,0.33,0.0,0.0
7.4621227160000005,0.0,0.33,0.0,0.0
7.462971637000001,0.0,0.3,0.01,0.01
7.46415857,0.0,0.32,0.01,0.0
7.465018110000001,0.0,0.33,0.01,0.0
7.466228894,0.01,0.33,0.01,0.0
7.467015714,0.0,0.38,0.0,0.0
7.4681191490000005,0.0,0.34,0.0,0.0
7.469127772,0.0,0.33,0.0,0.0
7.470018584000001,0.0,0.3,0.02,0.01
7.471059504,0.01,0.32,0.01,0.01
7.4720180880000004,0.01,0.31,0.0,0.0
7.473105372,0.0,0.33,0.0,0.02
7.475114147,0.0,0.35,0.0,0.02
7.47611465,0.0,0.33,0.0,0.0
7.477116775000001,0.0,0.33,0.0,0.0
7.478103827000001,0.0,0.33,0.0,0.0
7.479017952,0.0,0.32,0.0,0.0
7.480107649000001,0.0,0.34,0.04,0.0
7.481129113000001,0.0,0.33,0.0,0.03
7.482112809,0.0,0.33,0.0,0.0
7.483107679000001,0.0,0.33,0.0,0.0
7.484111609,0.0,0.33,0.0,0.01
7.485012434000001,0.0,0.33,0.0,0.0
7.486151829000001,0.01,0.28,0.0,0.0
7.488118200000001,0.0,0.34,0.0,0.01
7.489127409000001,0.0,0.33,0.0,0.0
7.4900094390000005,0.0,0.33,0.0,0.0
7.491129911000001,0.0,0.34,0.01,0.02
7.492008022,0.01,0.33,0.0,0.0
7.493116663,0.0,0.33,0.0,0.0
7.494024328,0.01,0.32,0.0,0.01
7.495070543000001,0.01,0.33,0.0,0.04
7.496013409000001,0.01,0.31,0.0,0.0
7.4971295200000005,0.0,0.33,0.0,0.01
7.49802526,0.0,0.33,0.0,0.0
7.4991294150000005,0.0,0.34,0.0,0.01
7.500098762,0.0,0.33,0.0,0.0
7.501100119,0.01,0.35,0.01,0.0
7.5019738590000005,0.0,0.33,0.0,0.0
7.503019008000001,0.01,0.33,0.0,0.01
7.505117789000001,0.0,0.33,0.0,0.0
7.5060478040000005,0.01,0.34,0.0,0.01
7.507015152,0.01,0.33,0.01,0.0
7.508123282000001,0.0,0.33,0.0,0.0
7.509012302,0.0,0.33,0.0,0.01
7.510165666000001,0.0,0.32,0.0,0.01
7.511014064,0.0,0.33,0.0,0.0
7.512123303,0.0,0.33,0.01,0.01
7.513118443000001,0.02,0.32,0.0,0.0
7.514111371,0.02,0.31,0.03,0.0
7.515064689000001,0.0,0.31,0.0,0.0
7.516107558000001,0.0,0.31,0.01,0.0
7.517024663000001,0.01,0.32,0.0,0.0
7.518132232,0.0,0.32,0.0,0.0
7.520117609000001,0.01,0.31,0.0,0.0
7.52110983,0.0,0.32,0.01,0.03
7.522114953000001,0.01,0.29,0.0,0.0
7.5231036950000005,0.0,0.32,0.0,0.0
7.524111974,0.01,0.31,0.0,0.01
7.525129313000001,0.0,0.33,0.0,0.0
7.526139877,0.0,0.32,0.0,0.01
7.527121586000001,0.09,0.34,0.0,0.0
7.528287025000001,0.0,0.31,0.0,0.0
7.530154425,0.01,0.32,0.01,0.0
7.53114222,0.0,0.32,0.0,0.01
7.532131015,0.0,0.33,0.0,0.0
7.533122124,0.0,0.32,0.0,0.0
7.5341148890000005,0.0,0.32,0.0,0.0
7.535104922,0.01,0.33,0.0,0.01
7.536113429,0.0,0.32,0.0,0.01
7.537231094000001,0.0,0.33,0.0,0.0
7.5380198720000005,0.01,0.32,0.0,0.0
7.539111996000001,0.0,0.32,0.0,0.0
7.540122527,0.0,0.32,0.01,0.0
7.541114212,0.0,0.31,0.0,0.0
7.542107550000001,0.0,0.31,0.0,0.0
7.543316579000001,0.0,0.33,0.0,0.0
7.544006755000001,0.01,0.32,0.0,0.02
7.5451121070000005,0.01,0.33,0.0,0.0
7.546133462,0.0,0.33,0.01,0.0
7.547120845,0.03,0.33,0.01,0.0
7.549109651,0.0,0.32,0.0,0.0
7.550117613,0.0,0.33,0.01,0.01
7.551112492000001,0.01,0.33,0.0,0.01
7.552110624000001,0.01,0.36,0.0,0.0
7.553106367000001,0.0,0.33,0.0,0.0
7.554122625000001,0.0,0.33,0.0,0.0
7.555122527000001,0.0,0.34,0.0,0.0
7.556141126000001,0.0,0.33,0.0,0.0
7.557059945000001,0.0,0.33,0.0,0.01
7.558216292000001,0.0,0.33,0.0,0.03
7.560151846,0.0,0.33,0.0,0.01
7.561019807,0.04,0.29,0.05,0.03
7.562030030000001,0.01,0.35,0.0,0.0
7.563109892000001,0.0,0.34,0.0,0.01
7.564130742000001,0.0,0.31,0.0,0.02
7.565118086000001,0.0,0.33,0.01,0.0
7.56610738,0.0,0.33,0.0,0.01
7.567113470000001,0.0,0.35,0.03,0.03
7.568119407,0.0,0.34,0.01,0.0
7.569108722,0.02,0.33,0.0,0.01
7.5701151730000005,0.0,0.33,0.01,0.01
7.571109122,0.0,0.33,0.0,0.0
7.572135631,0.0,0.34,0.0,0.02
7.573117181000001,0.01,0.33,0.0,0.0
7.574152388000001,0.0,0.33,0.0,0.0
7.576151577,0.0,0.34,0.0,0.05
7.577155981000001,0.01,0.34,0.01,0.01
7.578109885000001,0.0,0.34,0.0,0.0
7.5790595000000005,0.0,0.33,0.0,0.0
7.5801150580000005,0.0,0.33,0.0,0.0
7.581132786,0.0,0.33,0.01,0.0
7.5821018680000005,0.02,0.33,0.04,0.0
7.583107335,0.01,0.34,0.01,0.0
7.5841024290000005,0.0,0.33,0.01,0.0
7.585127735,0.0,0.32,0.0,0.0
7.586113419,0.02,0.33,0.0,0.01
7.587135376000001,0.0,0.32,0.0,0.01
7.588164987000001,0.0,0.32,0.0,0.02
7.589027661,0.0,0.32,0.0,0.0
7.590155545000001,0.0,0.33,0.0,0.0
7.591257938,0.0,0.32,0.0,0.01
7.593116577000001,0.0,0.32,0.0,0.01
7.594114970000001,0.04,0.33,0.01,0.01
7.595117522000001,0.0,0.32,0.01,0.0
7.596114616,0.0,0.33,0.0,0.01
7.597116306,0.0,0.32,0.01,0.0
7.598114261,0.01,0.31,0.0,0.01
7.599112264,0.0,0.32,0.0,0.0
7.600111603,0.0,0.32,0.0,0.0
7.601109178000001,0.0,0.32,0.01,0.01
7.602119044,0.0,0.31,0.0,0.0
7.603120779,0.01,0.28,0.0,0.0
7.604182644000001,0.0,0.3,0.02,0.01
7.6050184960000005,0.0,0.3,0.0,0.0
7.606200019,0.0,0.29,0.0,0.0
7.607093944000001,0.0,0.29,0.0,0.0
7.609116595000001,0.0,0.29,0.0,0.01
7.6101155060000005,0.0,0.29,0.02,0.01
7.611110917,0.01,0.3,0.01,0.0
7.612118142000001,0.0,0.3,0.0,0.0
7.613119343,0.0,0.32,0.0,0.0
7.614125496000001,0.0,0.33,0.0,0.0
7.6151151630000005,0.03,0.32,0.01,0.01
7.616031628000001,0.0,0.33,0.0,0.02
7.617117553000001,0.0,0.33,0.0,0.0
7.61813956,0.0,0.33,0.0,0.0
7.619036329,0.0,0.32,0.0,0.01
7.620284482000001,0.01,0.34,0.0,0.0
7.620987315000001,0.01,0.33,0.0,0.0
7.622185149000001,0.0,0.33,0.0,0.0
7.624184680000001,0.0,0.31,0.0,0.0
7.62508854,0.01,0.33,0.01,0.0
7.626008541000001,0.0,0.27,0.03,0.05
7.627129547000001,0.01,0.32,0.0,0.01
7.628002705,0.0,0.33,0.0,0.0
7.629129085000001,0.0,0.34,0.01,0.0
7.630019227000001,0.0,0.34,0.01,0.0
7.631217161,0.01,0.33,0.01,0.0
7.631974189,0.08,0.29,0.01,0.0
7.633172451,0.01,0.31,0.0,0.0
7.634017808,0.0,0.3,0.0,0.0
7.635131656,0.0,0.3,0.01,0.0
7.636022763000001,0.01,0.3,0.02,0.0
7.637191422000001,0.0,0.29,0.0,0.0
7.638026705000001,0.01,0.3,0.01,0.01
7.639125835000001,0.0,0.31,0.01,0.0
7.641120336,0.01,0.33,0.0,0.0
7.642118949,0.04,0.34,0.0,0.0
7.643121081,0.0,0.36,0.01,0.0
7.644145825000001,0.01,0.34,0.01,0.0
7.645010769000001,0.01,0.33,0.0,0.0
7.646113054000001,0.01,0.34,0.0,0.0
7.647020362,0.0,0.33,0.0,0.0
7.648127476000001,0.0,0.35,0.01,0.0
7.648977091000001,0.01,0.35,0.0,0.0
7.650216735000001,0.0,0.35,0.0,0.0
7.650992573000001,0.0,0.34,0.0,0.0
7.6522753340000005,0.0,0.34,0.0,0.01
7.6542096630000005,0.0,0.34,0.01,0.0
7.655014501,0.01,0.33,0.0,0.05
7.656168973000001,0.0,0.35,0.01,0.0
7.6570181360000005,0.0,0.35,0.0,0.0
7.658119469000001,0.01,0.34,0.0,0.0
7.658980227000001,0.0,0.34,0.0,0.0
7.660126461000001,0.0,0.34,0.01,0.04
7.6610325050000005,0.01,0.34,0.0,0.0
7.662070871,0.0,0.34,0.01,0.02
7.663029216000001,0.0,0.33,0.0,0.0
7.664024895000001,0.0,0.31,0.0,0.01
7.665120312000001,0.01,0.33,0.0,0.0
7.665966613,0.01,0.33,0.01,0.01
7.6671625930000005,0.0,0.33,0.0,0.0
7.668023294,0.0,0.33,0.0,0.0
7.66911663,0.0,0.34,0.0,0.0
7.671115304000001,0.0,0.34,0.0,0.0
7.671973224,0.03,0.29,0.0,0.08
7.673129960000001,0.0,0.29,0.01,0.0
7.67401858,0.0,0.28,0.02,0.01
7.675113908,0.0,0.29,0.0,0.01
7.676019366,0.01,0.28,0.0,0.0
7.677126210000001,0.0,0.29,0.0,0.0
7.6779893150000005,0.0,0.3,0.01,0.08
7.679127607000001,0.0,0.29,0.01,0.0
7.680050337000001,0.03,0.3,0.0,0.0
7.681017570000001,0.0,0.3,0.0,0.0
7.682182678,0.01,0.3,0.01,0.0
7.683069155,0.01,0.31,0.0,0.0
7.684255501000001,0.0,0.31,0.0,0.0
7.686221606,0.02,0.31,0.0,0.0
7.687031495,0.07,0.36,0.02,0.0
7.688111017000001,0.0,0.31,0.0,0.0
7.689011804000001,0.0,0.31,0.01,0.0
7.690129809,0.0,0.32,0.0,0.0
7.69124122,0.0,0.35,0.0,0.0
7.692013849,0.0,0.33,0.0,0.0
7.693101869,0.01,0.35,0.0,0.0
7.694149534,0.0,0.32,0.01,0.0
7.695117806000001,0.0,0.31,0.0,0.0
7.696130494,0.0,0.32,0.0,0.0
7.697126620000001,0.0,0.31,0.01,0.0
7.698173334000001,0.0,0.32,0.0,0.0
7.699127109000001,0.01,0.31,0.01,0.0
7.70113185,0.0,0.3,0.02,0.0
7.702128775,0.01,0.31,0.0,0.0
7.703115960000001,0.02,0.32,0.01,0.0
7.704114447,0.01,0.31,0.01,0.02
7.705112357000001,0.0,0.31,0.0,0.01
7.706116833,0.0,0.31,0.01,0.0
7.707132785000001,0.0,0.31,0.0,0.0
7.708134455000001,0.0,0.31,0.0,0.0
7.708999558,0.0,0.31,0.0,0.0
7.7101748180000005,0.0,0.31,0.0,0.0
7.711018675,0.01,0.31,0.01,0.01
7.712058359,0.0,0.3,0.01,0.0
7.713042237000001,0.0,0.31,0.04,0.01
7.715114391,0.01,0.31,0.01,0.01
7.7160446700000005,0.01,0.27,0.0,0.0
7.7170867030000005,0.01,0.31,0.0,0.0
7.7180679880000005,0.0,0.3,0.0,0.0
7.719127953,0.0,0.3,0.01,0.0
7.720030207000001,0.0,0.29,0.0,0.0
7.721170901000001,0.0,0.31,0.01,0.0
7.7220137090000005,0.02,0.34,0.01,0.0
7.723186017000001,0.01,0.34,0.0,0.0
7.724030064000001,0.0,0.32,0.03,0.0
7.725185880000001,0.0,0.31,0.02,0.01
7.726152804000001,0.0,0.29,0.06,0.0
7.727029535000001,0.0,0.32,0.01,0.0
7.728158887,0.0,0.33,0.03,0.0
7.729144252,0.0,0.33,0.0,0.0
7.730139627000001,0.02,0.31,0.0,0.0
7.732116799000001,0.0,0.33,0.01,0.0
7.733014194000001,0.02,0.33,0.0,0.0
7.734127013,0.0,0.31,0.0,0.0
7.735009400000001,0.0,0.32,0.01,0.0
7.7361292740000005,0.0,0.33,0.0,0.02
7.737012078,0.0,0.31,0.01,0.0
7.738127515,0.0,0.29,0.0,0.0
7.739172834000001,0.0,0.32,0.0,0.05
7.740021399000001,0.0,0.31,0.01,0.01
7.741120431000001,0.0,0.31,0.0,0.0
7.7420841110000005,0.0,0.33,0.0,0.0
7.743319184000001,0.0,0.32,0.0,0.0
7.744027084000001,0.0,0.32,0.0,0.0
7.745152718000001,0.0,0.3,0.0,0.01
7.74713,0.01,0.32,0.01,0.0
7.7480665140000005,0.0,0.34,0.01,0.0
7.749133919,0.0,0.32,0.0,0.0
7.750006379,0.0,0.33,0.0,0.0
7.751112655000001,0.0,0.33,0.01,0.0
7.752018529000001,0.0,0.33,0.01,0.02
7.753114780000001,0.01,0.36,0.01,0.02
7.754115283000001,0.0,0.35,0.0,0.0
7.754976651000001,0.0,0.33,0.0,0.01
7.756156381,0.0,0.34,0.01,0.0
7.757036637000001,0.0,0.33,0.0,0.01
7.758034616000001,0.0,0.33,0.01,0.0
7.759210423000001,0.0,0.34,0.0,0.0
7.760023012,0.0,0.34,0.0,0.0
7.7611314170000005,0.0,0.28,0.0,0.0
7.763114273,0.01,0.34,0.01,0.0
7.764018442,0.0,0.34,0.0,0.01
7.765117152,0.0,0.38,0.0,0.0
7.766020174,0.01,0.33,0.0,0.01
7.767118498,0.01,0.32,0.0,0.01
7.768075889,0.0,0.34,0.0,0.0
7.769025974000001,0.01,0.33,0.0,0.0
7.770015918,0.0,0.34,0.01,0.0
7.771018405,0.01,0.33,0.0,0.01
7.7720174580000005,0.0,0.33,0.0,0.01
7.7733904140000005,0.01,0.34,0.01,0.0
7.7739926530000005,0.0,0.31,0.0,0.0
7.775087524000001,0.0,0.34,0.01,0.0
7.776139026,0.0,0.34,0.02,0.01
7.778109383,0.01,0.33,0.0,0.0
7.779013225000001,0.0,0.33,0.0,0.0
7.780111561000001,0.0,0.35,0.0,0.0
7.780981883000001,0.0,0.34,0.0,0.0
7.7821398010000005,0.0,0.37,0.01,0.0
7.783000271000001,0.0,0.35,0.0,0.0
7.784134281,0.0,0.37,0.0,0.0
7.785031132,0.0,0.33,0.0,0.0
7.786125445000001,0.01,0.3,0.0,0.04
7.787021639000001,0.0,0.32,0.01,0.01
7.7881848090000005,0.0,0.32,0.0,0.0
7.789028665000001,0.0,0.32,0.0,0.0
7.790029959000001,0.0,0.33,0.0,0.0
7.792045371,0.0,0.32,0.01,0.0
7.793017618,0.0,0.32,0.0,0.0
7.794130920000001,0.01,0.32,0.0,0.0
7.795014795,0.0,0.32,0.03,0.0
7.796132393000001,0.0,0.31,0.01,0.01
7.797023456000001,0.0,0.33,0.02,0.03
7.798141386,0.0,0.34,0.0,0.0
7.7989712120000005,0.0,0.33,0.0,0.0
7.800237422,0.03,0.33,0.01,0.0
7.801017034000001,0.0,0.32,0.01,0.0
7.802130516,0.0,0.33,0.0,0.0
7.803030966000001,0.0,0.32,0.0,0.01
7.804088500000001,0.0,0.34,0.0,0.01
7.805160037,0.0,0.33,0.01,0.0
7.807102779,0.0,0.33,0.0,0.01
7.808100291000001,0.0,0.34,0.0,0.0
7.809087035,0.0,0.33,0.0,0.03
7.810027606,0.0,0.33,0.01,0.01
7.811119474000001,0.0,0.34,0.01,0.01
7.812114356,0.02,0.32,0.0,0.01
7.813008219,0.0,0.35,0.0,0.0
7.8142594590000005,0.0,0.34,0.0,0.0
7.814992554000001,0.0,0.35,0.0,0.0
7.816121382,0.0,0.33,0.0,0.0
7.817011129000001,0.04,0.37,0.0,0.01
7.818303479000001,0.0,0.33,0.0,0.0
7.818976103000001,0.0,0.35,0.0,0.01
7.82020911,0.0,0.36,0.0,0.0
7.822125412,0.0,0.35,0.0,0.0
7.8231165670000005,0.0,0.34,0.0,0.01
7.824123622,0.0,0.34,0.0,0.0
7.825121276000001,0.0,0.35,0.0,0.0
7.826115033000001,0.0,0.34,0.01,0.0
7.827008182,0.0,0.35,0.0,0.0
7.828136891000001,0.0,0.35,0.0,0.0
7.829013555,0.0,0.34,0.0,0.0
7.830157020000001,0.0,0.35,0.04,0.0
7.831011095000001,0.0,0.35,0.0,0.02
7.832158257000001,0.0,0.35,0.0,0.0
7.833027829000001,0.0,0.36,0.01,0.01
7.8340261270000005,0.0,0.35,0.0,0.0
7.835181628000001,0.0,0.35,0.01,0.01
7.83713307,0.01,0.35,0.0,0.01
7.8380251450000005,0.01,0.35,0.0,0.0
7.839005371000001,0.0,0.36,0.0,0.0
7.840115371,0.0,0.41,0.04,0.0
7.841075692,0.0,0.35,0.0,0.01
7.842035455,0.01,0.35,0.0,0.0
7.843051825000001,0.0,0.35,0.0,0.0
7.844016637,0.0,0.34,0.0,0.01
7.845135161000001,0.02,0.32,0.01,0.03
7.846027483,0.0,0.34,0.0,0.01
7.847124997000001,0.01,0.29,0.0,0.0
7.848066598000001,0.01,0.29,0.0,0.0
7.849223704000001,0.0,0.28,0.0,0.0
7.850039560000001,0.01,0.3,0.06,0.0
7.851124830000001,0.0,0.3,0.01,0.0
7.853116057,0.0,0.32,0.0,0.0
7.854121669,0.0,0.31,0.0,0.01
7.855133598,0.0,0.32,0.03,0.0
7.856120581000001,0.01,0.33,0.0,0.0
7.8571222370000005,0.0,0.33,0.0,0.0
7.858058398000001,0.01,0.34,0.0,0.0
7.859154944,0.0,0.32,0.0,0.0
7.86001068,0.0,0.34,0.01,0.0
7.861103674000001,0.01,0.3,0.0,0.01
7.862033680000001,0.0,0.32,0.0,0.0
7.863008879000001,0.0,0.31,0.01,0.0
7.864020222000001,0.0,0.35,0.0,0.0
7.865009084,0.0,0.32,0.0,0.01
7.866364959,0.0,0.31,0.0,0.03
7.868245165,0.01,0.32,0.01,0.0
7.868984912,0.0,0.32,0.0,0.01
7.870081442000001,0.0,0.33,0.01,0.0
7.871028356,0.0,0.31,0.01,0.0
7.872125102000001,0.01,0.32,0.02,0.0
7.873073403,0.0,0.33,0.03,0.0
7.8741319800000005,0.0,0.32,0.0,0.02
7.875015019,0.01,0.31,0.0,0.0
7.876114403000001,0.0,0.33,0.0,0.0
7.8770203930000005,0.01,0.33,0.0,0.0
7.878198945,0.0,0.33,0.0,0.01
7.8801516330000005,0.0,0.31,0.0,0.0
7.881013171,0.01,0.31,0.0,0.01
7.882137823000001,0.01,0.29,0.01,0.01
7.883020619000001,0.0,0.3,0.0,0.0
7.8841158060000005,0.0,0.29,0.02,0.01
7.885108692,0.0,0.3,0.0,0.0
7.886107417000001,0.0,0.28,0.0,0.0
7.88711637,0.0,0.29,0.0,0.0
7.888116170000001,0.0,0.25,0.0,0.03
7.889122971000001,0.0,0.25,0.0,0.0
7.890133105,0.0,0.24,0.01,0.0
7.891115050000001,0.0,0.24,0.0,0.01
7.89212569,0.0,0.23,0.0,0.01
7.893117453,0.01,0.25,0.0,0.0
7.894207763000001,0.0,0.25,0.02,0.0
7.896102765,0.01,0.25,0.0,0.02
7.897033455000001,0.0,0.25,0.0,0.0
7.89813654,0.0,0.25,0.0,0.0
7.899012996000001,0.0,0.25,0.0,0.01
7.900264811,0.01,0.25,0.0,0.01
7.900987405,0.01,0.27,0.0,0.02
7.902066024000001,0.0,0.27,0.0,0.01
7.903015184000001,0.0,0.27,0.0,0.01
7.904012107000001,0.0,0.28,0.01,0.0
7.905108434000001,0.01,0.28,0.01,0.0
7.905976589000001,0.0,0.27,0.0,0.0
7.907116277,0.01,0.28,0.0,0.02
7.9080112300000005,0.0,0.29,0.0,0.0
7.910126117000001,0.01,0.29,0.01,0.0
7.911030227,0.0,0.28,0.0,0.0
7.9121101650000005,0.0,0.28,0.0,0.0
7.913123272000001,0.0,0.28,0.04,0.0
7.914118480000001,0.0,0.27,0.0,0.01
7.91501647,0.02,0.28,0.01,0.0
7.916132335,0.0,0.3,0.0,0.0
7.917117222000001,0.0,0.28,0.01,0.0
7.918107662000001,0.0,0.28,0.01,0.0
7.919109618,0.0,0.27,0.0,0.0
7.920114463000001,0.0,0.28,0.0,0.0
7.921119771000001,0.02,0.29,0.02,0.0
7.922116452000001,0.0,0.28,0.0,0.01
7.923115801000001,0.0,0.28,0.01,0.0
7.924146502,0.0,0.3,0.0,0.03
7.925182698,0.0,0.3,0.0,0.0
7.926018509,0.01,0.38,0.0,0.0
7.9271895400000005,0.0,0.31,0.0,0.0
7.929187829000001,0.0,0.31,0.0,0.0
7.930005653,0.0,0.29,0.0,0.01
7.931110006000001,0.01,0.3,0.0,0.0
7.931970769,0.01,0.31,0.0,0.01
7.933051581000001,0.01,0.32,0.08,0.0
7.933993678,0.0,0.33,0.0,0.0
7.934979238,0.01,0.3,0.0,0.0
7.936010680000001,0.0,0.31,0.0,0.0
7.937001436,0.0,0.31,0.0,0.0
7.938155949,0.0,0.31,0.0,0.0
7.9390116630000005,0.0,0.3,0.01,0.01
7.9402000280000005,0.0,0.3,0.0,0.0
7.941021121,0.0,0.31,0.0,0.0
7.942119818,0.0,0.31,0.0,0.02
7.944147489000001,0.0,0.32,0.01,0.0
7.945009519,0.0,0.33,0.0,0.01
7.946122570000001,0.0,0.31,0.0,0.0
7.94712842,0.0,0.27,0.01,0.0
7.948110684,0.0,0.31,0.0,0.0
7.94911335,0.02,0.31,0.0,0.0
7.950117338,0.0,0.3,0.06,0.0
7.951123022000001,0.0,0.31,0.01,0.01
7.952171786,0.0,0.28,0.0,0.0
7.952973309000001,0.0,0.31,0.0,0.0
7.954153117000001,0.0,0.3,0.0,0.0
7.954997554,0.03,0.34,0.01,0.0
7.956160936000001,0.0,0.32,0.0,0.0
7.958147412000001,0.01,0.29,0.0,0.0
7.959038933,0.01,0.33,0.01,0.0
7.960206112000001,0.05,0.34,0.04,0.0
7.9610629390000005,0.0,0.31,0.0,0.02
7.962286291000001,0.02,0.32,0.01,0.0
7.962987169000001,0.01,0.3,0.0,0.0
7.964120199000001,0.0,0.3,0.02,0.0
7.965117759000001,0.0,0.31,0.0,0.0
7.966110413000001,0.01,0.33,0.01,0.0
7.967121788000001,0.0,0.28,0.01,0.05
7.967971821000001,0.0,0.32,0.0,0.0
7.969113695000001,0.01,0.33,0.0,0.0
7.969998737,0.0,0.32,0.01,0.01
7.971128778000001,0.01,0.32,0.0,0.04
7.973118132000001,0.0,0.32,0.01,0.01
7.974015265,0.0,0.3,0.0,0.0
7.975111522000001,0.01,0.35,0.01,0.0
7.975969559,0.0,0.33,0.01,0.0
7.977117338,0.0,0.32,0.0,0.0
7.977970368,0.0,0.33,0.01,0.1
7.979132173000001,0.01,0.32,0.0,0.0
7.979999117,0.0,0.33,0.0,0.0
7.981010204,0.01,0.33,0.0,0.0
7.982117991000001,0.0,0.33,0.01,0.01
7.98301833,0.0,0.32,0.01,0.0
7.984027509000001,0.0,0.33,0.0,0.0
7.985004036,0.0,0.32,0.0,0.0
7.986161573,0.0,0.33,0.01,0.0
7.987026323,0.0,0.32,0.0,0.01
7.988130065000001,0.0,0.32,0.0,0.0
7.9901511460000005,0.0,0.32,0.02,0.0
7.991032166,0.0,0.32,0.0,0.0
7.992268351000001,0.0,0.33,0.01,0.0
7.993036962000001,0.0,0.33,0.0,0.0
7.994059517,0.01,0.34,0.02,0.0
7.995135598,0.0,0.33,0.04,0.09
7.99601496,0.0,0.32,0.01,0.0
7.997114153,0.0,0.33,0.0,0.0
7.998067945000001,0.0,0.33,0.0,0.01
7.999110953000001,0.0,0.33,0.0,0.0
8.000034278000001,0.0,0.32,0.01,0.0
8.001116154,0.02,0.33,0.01,0.04
8.003112607,0.0,0.34,0.03,0.01
8.004027216,0.02,0.32,0.0,0.01
8.005016126000001,0.0,0.32,0.0,0.02
8.006034419,0.01,0.33,0.01,0.01
8.007035429,0.01,0.31,0.0,0.0
8.008011991,0.0,0.33,0.0,0.0
8.009175212,0.01,0.32,0.01,0.01
8.010002995,0.0,0.31,0.01,0.0
8.011125214,0.08,0.34,0.03,0.0
8.012011672,0.0,0.32,0.0,0.01
8.01311591,0.0,0.32,0.01,0.0
8.013969912,0.0,0.32,0.0,0.0
8.015132454,0.01,0.29,0.01,0.01
8.01602092,0.0,0.33,0.0,0.0
8.017149417,0.01,0.32,0.01,0.0
8.019121771,0.0,0.31,0.0,0.0
8.020033259,0.0,0.32,0.0,0.01
8.02114729,0.0,0.32,0.0,0.0
8.022033042,0.0,0.31,0.01,0.0
8.023115358,0.0,0.3,0.01,0.02
8.024004906,0.0,0.31,0.0,0.0
8.025025638,0.0,0.31,0.0,0.0
8.026030103,0.01,0.31,0.0,0.02
8.027031918,0.0,0.31,0.0,0.0
8.028132765,0.0,0.31,0.0,0.05
8.029011626,0.0,0.31,0.01,0.0
8.030098078,0.0,0.33,0.01,0.0
8.031057843000001,0.0,0.32,0.0,0.0
8.032127717,0.02,0.32,0.01,0.0
8.033028407,0.02,0.3,0.0,0.01
8.035112215,0.0,0.32,0.01,0.0
8.036110713000001,0.0,0.33,0.0,0.01
8.03706928,0.01,0.32,0.0,0.0
8.038119538,0.0,0.32,0.01,0.0
8.039021958000001,0.0,0.33,0.0,0.02
8.040132550000001,0.0,0.32,0.01,0.01
8.041031697000001,0.0,0.32,0.0,0.01
8.042131755,0.0,0.31,0.0,0.0
8.043026764,0.0,0.32,0.0,0.0
8.044121032,0.07,0.35,0.0,0.0
8.045013482,0.0,0.32,0.0,0.0
8.046121302000001,0.01,0.32,0.0,0.0
8.047019042,0.01,0.32,0.0,0.0
8.048130594,0.0,0.31,0.0,0.0
8.050118155,0.01,0.32,0.0,0.0
8.05097552,0.01,0.31,0.0,0.01
8.052260034,0.01,0.29,0.0,0.01
8.053033239000001,0.0,0.3,0.0,0.0
8.054070781,0.0,0.28,0.0,0.0
8.055035714,0.0,0.29,0.0,0.0
8.056270892,0.0,0.3,0.01,0.01
8.05699588,0.0,0.28,0.01,0.01
8.05804331,0.0,0.3,0.0,0.0
8.059201575000001,0.0,0.3,0.0,0.08
8.06001535,0.02,0.3,0.0,0.0
8.061184664,0.0,0.28,0.0,0.0
8.062043022000001,0.01,0.29,0.0,0.0
8.063196573,0.01,0.3,0.01,0.0
8.065115180000001,0.0,0.29,0.0,0.0
8.066015310000001,0.0,0.3,0.0,0.0
8.067061252,0.0,0.3,0.0,0.01
8.068127789,0.0,0.3,0.01,0.0
8.069015925,0.0,0.3,0.0,0.01
8.070012596,0.0,0.3,0.0,0.0
8.071021845,0.0,0.3,0.0,0.0
8.072036135000001,0.0,0.3,0.01,0.01
8.073024398000001,0.0,0.3,0.01,0.0
8.074020841000001,0.0,0.28,0.0,0.02
8.075130600000001,0.01,0.3,0.0,0.01
8.076037278000001,0.0,0.29,0.01,0.0
8.077024607,0.01,0.3,0.0,0.0
8.079126886000001,0.0,0.3,0.01,0.0
8.080018383,0.0,0.3,0.0,0.0
8.081171819,0.0,0.3,0.0,0.01
8.081977329,0.01,0.32,0.0,0.0
8.083159154,0.01,0.3,0.02,0.0
8.083977197000001,0.01,0.32,0.01,0.0
8.08513561,0.0,0.34,0.02,0.01
8.086054171,0.01,0.25,0.0,0.02
8.087041575,0.0,0.3,0.01,0.0
8.088129081,0.0,0.3,0.0,0.0
8.089047817,0.0,0.3,0.0,0.0
8.091138608,0.0,0.3,0.01,0.01
8.09198716,0.01,0.3,0.0,0.0
8.093146462,0.0,0.27,0.03,0.04
8.094020359,0.0,0.3,0.0,0.01
8.095016705,0.02,0.3,0.0,0.0
8.096124902,0.0,0.3,0.0,0.01
8.097013829,0.0,0.3,0.0,0.0
8.098127764000001,0.0,0.31,0.0,0.0
8.099009066,0.0,0.3,0.0,0.0
8.100117338,0.0,0.3,0.0,0.0
8.101015982,0.01,0.29,0.0,0.01
8.102101585,0.0,0.3,0.0,0.0
8.103119181,0.02,0.3,0.0,0.0
8.104116302000001,0.01,0.3,0.0,0.0
8.105122666,0.0,0.3,0.0,0.0
8.106150695,0.01,0.3,0.01,0.0
8.107191859,0.0,0.3,0.0,0.0
8.109120907000001,0.0,0.3,0.0,0.01
8.11011522,0.01,0.29,0.0,0.0
8.111116062,0.0,0.32,0.0,0.0
8.112128186,0.0,0.32,0.0,0.02
8.11317077,0.0,0.3,0.01,0.0
8.11401395,0.02,0.3,0.01,0.0
8.11511716,0.0,0.3,0.02,0.0
8.116233673,0.0,0.3,0.0,0.01
8.117081468,0.01,0.3,0.0,0.0
8.118265247,0.0,0.3,0.0,0.0
8.119026769000001,0.0,0.3,0.0,0.0
8.121169125,0.02,0.31,0.01,0.01
8.122039667000001,0.01,0.31,0.0,0.0
8.123010322,0.0,0.29,0.06,0.06
8.124109509,0.0,0.3,0.0,0.0
8.125054857,0.0,0.31,0.01,0.01
8.126254839000001,0.0,0.31,0.0,0.02
8.127017223000001,0.0,0.3,0.02,0.0
8.128117465,0.0,0.31,0.0,0.01
8.129120275,0.0,0.31,0.01,0.0
8.130116588,0.0,0.31,0.01,0.0
8.131112552000001,0.01,0.3,0.01,0.0
8.132107467,0.0,0.3,0.0,0.01
8.133120416,0.01,0.3,0.0,0.01
8.134115653,0.0,0.3,0.01,0.0
8.135116282,0.0,0.3,0.0,0.0
8.136138889,0.01,0.31,0.0,0.0
8.137153674,0.01,0.28,0.03,0.01
8.139110634,0.0,0.3,0.0,0.0
8.140022751,0.0,0.3,0.0,0.0
8.141115278000001,0.0,0.33,0.0,0.02
8.142106364,0.0,0.3,0.01,0.0
8.143152068000001,0.0,0.3,0.0,0.0
8.144023556,0.01,0.3,0.01,0.0
8.145112881000001,0.01,0.3,0.0,0.01
8.146122534,0.01,0.3,0.0,0.0
8.147104011,0.01,0.29,0.0,0.0
8.148113567000001,0.0,0.29,0.0,0.0
8.149034737000001,0.0,0.29,0.0,0.0
8.150067,0.0,0.3,0.0,0.01
8.151129363,0.02,0.3,0.01,0.01
8.152069676,0.0,0.3,0.01,0.02
8.153134825,0.0,0.29,0.0,0.0
8.155113911,0.0,0.45,0.01,0.0
8.156022449,0.01,0.29,0.0,0.0
8.157116544,0.01,0.3,0.0,0.0
8.158127102,0.0,0.31,0.0,0.0
8.159036180000001,0.0,0.3,0.0,0.0
8.160116366,0.0,0.31,0.0,0.01
8.161110938,0.0,0.31,0.0,0.0
8.162111343000001,0.01,0.31,0.0,0.0
8.163115247,0.0,0.31,0.01,0.0
8.16411122,0.01,0.31,0.0,0.0
8.16510865,0.0,0.3,0.0,0.01
8.166114599,0.0,0.21,0.06,0.0
8.167179307000001,0.01,0.3,0.01,0.0
8.169135451,0.0,0.31,0.0,0.0
8.170018339,0.0,0.31,0.01,0.0
8.171115067,0.0,0.31,0.01,0.0
8.172108166000001,0.0,0.31,0.0,0.0
8.173113626000001,0.0,0.36,0.0,0.0
8.174117386,0.0,0.31,0.0,0.0
8.175112413,0.0,0.3,0.0,0.0
8.176283018000001,0.01,0.31,0.01,0.0
8.177016923,0.0,0.31,0.0,0.0
8.178217544,0.0,0.32,0.0,0.0
8.179076263,0.0,0.31,0.0,0.0
8.180089851,0.0,0.3,0.01,0.0
8.181254891,0.0,0.32,0.01,0.01
8.182016583000001,0.0,0.31,0.0,0.03
8.183192157,0.01,0.28,0.0,0.01
8.185110849,0.0,0.31,0.04,0.01
8.18611785,0.0,0.31,0.0,0.01
8.187106747,0.0,0.37,0.01,0.0
8.188100577,0.0,0.31,0.0,0.0
8.189107143000001,0.0,0.32,0.0,0.0
8.190112085,0.0,0.31,0.0,0.0
8.191107425,0.0,0.32,0.01,0.0
8.192111359,0.01,0.3,0.04,0.02
8.193105677,0.01,0.31,0.02,0.0
8.194134866,0.0,0.31,0.01,0.01
8.195115469000001,0.0,0.3,0.0,0.0
8.196119553,0.0,0.3,0.0,0.0
8.197145255,0.0,0.29,0.0,0.0
8.198114949,0.0,0.33,0.0,0.0
8.200058671,0.0,0.34,0.03,0.03
8.201108398,0.02,0.33,0.0,0.01
8.202107606,0.01,0.33,0.0,0.0
8.203123563,0.0,0.31,0.0,0.0
8.204096287,0.01,0.33,0.0,0.0
8.205111313,0.01,0.28,0.03,0.0
8.206076165,0.03,0.36,0.03,0.01
8.207113488000001,0.0,0.28,0.03,0.01
8.207986142000001,0.0,0.28,0.01,0.01
8.20923737,0.0,0.3,0.0,0.01
8.210021655,0.0,0.32,0.0,0.0
8.211182522,0.01,0.31,0.0,0.0
8.212053038,0.0,0.31,0.02,0.0
8.213126689000001,0.0,0.31,0.0,0.0
8.21510818,0.0,0.31,0.0,0.0
8.216117923,0.04,0.34,0.01,0.0
8.217101809,0.0,0.31,0.01,0.03
8.218118054000001,0.0,0.3,0.0,0.0
8.219109283,0.0,0.31,0.0,0.0
8.220109381,0.0,0.31,0.0,0.0
8.221112277000001,0.0,0.31,0.0,0.0
8.222123358000001,0.01,0.3,0.0,0.01
8.223134176,0.01,0.31,0.01,0.01
8.224160385000001,0.0,0.3,0.02,0.0
8.225112466,0.0,0.3,0.0,0.01
8.226020383,0.0,0.31,0.0,0.0
8.227136907,0.0,0.31,0.0,0.01
8.229159185,0.0,0.31,0.0,0.0
8.230013826,0.0,0.31,0.0,0.0
8.231111322,0.0,0.3,0.0,0.0
8.232107767,0.04,0.31,0.0,0.0
8.233117657000001,0.01,0.31,0.0,0.0
8.23402098,0.0,0.27,0.04,0.0
8.235113895000001,0.01,0.3,0.0,0.0
8.236014948000001,0.01,0.31,0.0,0.0
8.237132016,0.01,0.3,0.0,0.02
8.23801295,0.0,0.3,0.0,0.0
8.239153123000001,0.07,0.21,0.06,0.0
8.240036237,0.0,0.31,0.01,0.01
8.241181899,0.0,0.29,0.01,0.0
8.243189398,0.01,0.3,0.0,0.0
8.244029584,0.0,0.3,0.0,0.0
8.245108086,0.0,0.3,0.0,0.0
8.246055542,0.0,0.3,0.0,0.01
8.247108710000001,0.0,0.29,0.0,0.01
8.248012094,0.0,0.3,0.0,0.0
8.249116712000001,0.0,0.29,0.0,0.06
8.250058705,0.0,0.3,0.0,0.0
8.251130298,0.02,0.3,0.01,0.0
8.252078520000001,0.0,0.3,0.0,0.0
8.253118452,0.0,0.29,0.0,0.0
8.254018876,0.02,0.27,0.01,0.0
8.255108323,0.04,0.28,0.0,0.02
8.256116807,0.0,0.28,0.0,0.0
8.257125221,0.0,0.28,0.0,0.0
8.258124898,0.0,0.28,0.0,0.0
8.259110424000001,0.0,0.28,0.0,0.0
8.261116288,0.0,0.29,0.02,0.0
8.26210355,0.01,0.28,0.01,0.0
8.263109388,0.0,0.28,0.02,0.01
8.264128663000001,0.0,0.28,0.0,0.0
8.265109404,0.01,0.29,0.0,0.0
8.266131205,0.0,0.28,0.0,0.0
8.267119443,0.01,0.27,0.02,0.0
8.268133394000001,0.0,0.28,0.0,0.0
8.269135431,0.0,0.28,0.0,0.0
8.270108780000001,0.0,0.28,0.0,0.0
8.271119897,0.01,0.27,0.0,0.0
8.272144243000001,0.01,0.28,0.0,0.0
8.273120595,0.0,0.26,0.0,0.04
8.275220678,0.0,0.27,0.01,0.0
8.276016443000001,0.0,0.27,0.0,0.01
8.277110049000001,0.01,0.3,0.01,0.0
8.278113135,0.0,0.28,0.0,0.0
8.279066312000001,0.0,0.28,0.0,0.01
8.280107072,0.01,0.28,0.01,0.0
8.281024582,0.03,0.28,0.0,0.01
8.282123646,0.0,0.29,0.01,0.0
8.283116933,0.0,0.28,0.01,0.0
8.28414339,0.02,0.29,0.0,0.03
8.285116847000001,0.0,0.28,0.01,0.0
8.28610927,0.0,0.28,0.0,0.02
8.287116613,0.01,0.29,0.0,0.0
8.288171032000001,0.0,0.31,0.01,0.0
8.290132323,0.0,0.29,0.0,0.0
8.291114755,0.01,0.28,0.01,0.0
8.292119588,0.0,0.29,0.0,0.01
8.293111505,0.0,0.28,0.01,0.0
8.294187459,0.02,0.25,0.0,0.02
8.295019195,0.0,0.29,0.0,0.01
8.296209876,0.0,0.28,0.0,0.01
8.297015633000001,0.03,0.29,0.01,0.03
8.298167298000001,0.0,0.29,0.0,0.0
8.299143255,0.03,0.37,0.03,0.0
8.300219767,0.0,0.29,0.0,0.0
8.30105653,0.0,0.29,0.01,0.0
8.302216963000001,0.01,0.3,0.0,0.0
8.303069544000001,0.0,0.29,0.0,0.0
8.304147630000001,0.0,0.29,0.01,0.0
8.305114302,0.0,0.3,0.0,0.0
8.307174349,0.0,0.28,0.0,0.01
8.308120164,0.01,0.28,0.0,0.0
8.309116097,0.0,0.29,0.0,0.0
8.310124211,0.0,0.29,0.0,0.0
8.311125246000001,0.0,0.27,0.06,0.0
8.312110846000001,0.01,0.29,0.01,0.0
8.313123072,0.0,0.3,0.0,0.0
8.314127988000001,0.01,0.29,0.0,0.01
8.315115476,0.0,0.3,0.0,0.0
8.316112035,0.0,0.29,0.0,0.0
8.31701488,0.01,0.3,0.0,0.0
8.318149139,0.0,0.28,0.01,0.0
8.319020379000001,0.0,0.29,0.0,0.0
8.320122939,0.01,0.29,0.01,0.01
8.322111978,0.01,0.29,0.0,0.0
8.323137328000001,0.0,0.3,0.01,0.02
8.324109742000001,0.01,0.3,0.0,0.0
8.325112183,0.0,0.29,0.0,0.0
8.32616952,0.0,0.28,0.0,0.0
8.32701941,0.02,0.3,0.05,0.0
8.328229031000001,0.0,0.28,0.0,0.0
8.329037995,0.0,0.29,0.01,0.0
8.330282432,0.0,0.28,0.01,0.01
8.331033887,0.0,0.25,0.0,0.02
8.332206224,0.01,0.29,0.01,0.0
8.334050513000001,0.03,0.29,0.0,0.0
8.335029338,0.0,0.29,0.0,0.02
8.336113858000001,0.01,0.28,0.01,0.0
8.337014712,0.01,0.29,0.02,0.01
8.338109218000001,0.0,0.28,0.01,0.0
8.339013766,0.0,0.28,0.0,0.0
8.340117264,0.01,0.27,0.01,0.0
8.341012908,0.0,0.28,0.0,0.0
8.342099636,0.0,0.28,0.0,0.0
8.343018135000001,0.0,0.27,0.0,0.0
8.34413187,0.01,0.29,0.04,0.08
8.345012172,0.0,0.28,0.0,0.01
8.346120971000001,0.0,0.28,0.0,0.01
8.347110803,0.0,0.28,0.01,0.0
8.348133442,0.01,0.28,0.0,0.0
8.349156573,0.0,0.28,0.0,0.01
8.351113555000001,0.07,0.27,0.0,0.02
8.352026098000001,0.0,0.28,0.01,0.01
8.353123585,0.02,0.31,0.0,0.01
8.354116663000001,0.0,0.28,0.03,0.01
8.355053947,0.0,0.31,0.0,0.02
8.355969625,0.04,0.28,0.01,0.0
8.357013849000001,0.0,0.28,0.0,0.0
8.358135088000001,0.0,0.29,0.0,0.0
8.35901162,0.0,0.28,0.01,0.01
8.360007388,0.01,0.28,0.0,0.04
8.36113632,0.0,0.26,0.02,0.0
8.362019117000001,0.0,0.3,0.0,0.0
8.363128905,0.0,0.29,0.0,0.0
8.364050149,0.01,0.28,0.02,0.0
8.365106158,0.0,0.28,0.0,0.0
8.367249355,0.02,0.28,0.0,0.0
8.368013585,0.0,0.28,0.0,0.0
8.369107653,0.01,0.28,0.0,0.0
8.370018692,0.01,0.3,0.01,0.0
8.371104311,0.0,0.29,0.01,0.01
8.372111388,0.0,0.3,0.0,0.01
8.373136664,0.0,0.29,0.02,0.0
8.374127249,0.0,0.28,0.0,0.01
8.375136082000001,0.0,0.29,0.0,0.0
8.376112983,0.07,0.29,0.01,0.0
8.377115972,0.0,0.3,0.0,0.07
8.378200903,0.0,0.28,0.01,0.0
8.379054261,0.01,0.28,0.01,0.0
8.380111470000001,0.0,0.29,0.0,0.0
8.382120631000001,0.0,0.27,0.0,0.0
8.383113639000001,0.0,0.29,0.0,0.01
8.38412868,0.0,0.29,0.01,0.0
8.385114445000001,0.0,0.29,0.01,0.01
8.386113980000001,0.0,0.3,0.0,0.0
8.38711278,0.0,0.29,0.0,0.01
8.388105655,0.0,0.29,0.0,0.0
8.389122271,0.0,0.28,0.0,0.0
8.390118968000001,0.0,0.29,0.0,0.0
8.391193123,0.0,0.27,0.0,0.01
8.39208095,0.0,0.3,0.0,0.0
8.393065253000001,0.01,0.3,0.03,0.0
8.395125018,0.0,0.32,0.0,0.02
8.39604697,0.0,0.29,0.04,0.01
8.397125818000001,0.0,0.3,0.01,0.0
8.398041197000001,0.0,0.3,0.01,0.0
8.399019108000001,0.0,0.3,0.01,0.0
8.400131259,0.0,0.31,0.0,0.0
8.40102165,0.0,0.3,0.02,0.0
8.402125356,0.01,0.3,0.01,0.01
8.403020525,0.0,0.3,0.0,0.03
8.404113353000001,0.01,0.3,0.0,0.0
8.405121056,0.02,0.3,0.0,0.02
8.406121046,0.0,0.29,0.01,0.01
8.407123052000001,0.0,0.3,0.02,0.0
8.40815751,0.01,0.28,0.0,0.0
8.40903724,0.02,0.29,0.0,0.0
8.411129289,0.01,0.31,0.05,0.04
8.412101804,0.0,0.29,0.0,0.0
8.413124510000001,0.0,0.29,0.01,0.0
8.414118177,0.0,0.29,0.0,0.0
8.415112948,0.01,0.31,0.01,0.0
8.416117167000001,0.0,0.3,0.01,0.0
8.417129038,0.01,0.29,0.0,0.0
8.418115590000001,0.0,0.29,0.01,0.01
8.419109092000001,0.01,0.29,0.0,0.0
8.420145698,0.01,0.29,0.0,0.0
8.421110331000001,0.01,0.29,0.0,0.0
8.422135562000001,0.0,0.29,0.0,0.0
8.423155591,0.01,0.3,0.01,0.0
8.424132398000001,0.0,0.28,0.0,0.0
8.426120098,0.02,0.29,0.0,0.01
8.427119016,0.01,0.3,0.01,0.0
8.428108515,0.0,0.29,0.0,0.0
8.429119960000001,0.0,0.29,0.0,0.0
8.430147510000001,0.0,0.3,0.0,0.0
8.431165141000001,0.0,0.29,0.0,0.0
8.432020946,0.01,0.28,0.05,0.0
8.433113981,0.0,0.29,0.01,0.0
8.434120947,0.01,0.27,0.01,0.01
8.435120252,0.01,0.29,0.01,0.01
8.43610963,0.0,0.28,0.0,0.0
8.437154193000001,0.0,0.26,0.0,0.02
8.438191399,0.0,0.29,0.09,0.0
8.439039495000001,0.0,0.29,0.01,0.0
8.441121371000001,0.0,0.29,0.0,0.0
8.442123342,0.0,0.29,0.01,0.0
8.44310499,0.02,0.29,0.0,0.0
8.444121944,0.0,0.28,0.0,0.0
8.445107393,0.0,0.3,0.01,0.0
8.446108794,0.01,0.3,0.0,0.0
8.447120657000001,0.01,0.28,0.0,0.0
8.448116286000001,0.0,0.29,0.0,0.0
8.449141413000001,0.0,0.29,0.0,0.02
8.450119444,0.0,0.29,0.0,0.0
8.451124776,0.01,0.29,0.0,0.0
8.452134106,0.0,0.3,0.0,0.01
8.453215786000001,0.01,0.3,0.0,0.0
8.454016088000001,0.01,0.33,0.03,0.06
8.455162768000001,0.0,0.28,0.0,0.0
8.456086844,0.01,0.29,0.0,0.0
8.458355149,0.0,0.28,0.01,0.0
8.458995940000001,0.01,0.29,0.01,0.0
8.460201046,0.0,0.29,0.01,0.05
8.461012385,0.0,0.29,0.0,0.0
8.462119008,0.0,0.3,0.01,0.0
8.462969833,0.0,0.29,0.0,0.0
8.464175831,0.0,0.29,0.01,0.0
8.46501671,0.0,0.28,0.0,0.01
8.466107807,0.01,0.3,0.01,0.01
8.466970081000001,0.0,0.29,0.0,0.0
8.468115457,0.0,0.29,0.0,0.0
8.469023345,0.0,0.3,0.0,0.0
8.470180059,0.0,0.29,0.0,0.01
8.472114391,0.0,0.3,0.01,0.0
8.473021033,0.0,0.3,0.01,0.0
8.474120524,0.0,0.29,0.0,0.0
8.475115295,0.0,0.28,0.0,0.01
8.476125241,0.0,0.31,0.0,0.0
8.47711527,0.01,0.29,0.04,0.01
8.47813558,0.05,0.28,0.0,0.0
8.479122449,0.0,0.3,0.0,0.0
8.480122049,0.01,0.29,0.0,0.0
8.481130489,0.0,0.3,0.01,0.0
8.482119768,0.0,0.29,0.0,0.0
8.483129327,0.0,0.3,0.01,0.0
8.484201623,0.0,0.29,0.02,0.0
8.485099718,0.0,0.29,0.0,0.01
8.486302100000001,0.01,0.26,0.14,0.01
8.488149777,0.0,0.29,0.0,0.0
8.489014938,0.01,0.3,0.0,0.0
8.490128658,0.01,0.29,0.0,0.01
8.491140976,0.0,0.3,0.0,0.01
8.492222163000001,0.0,0.3,0.0,0.0
8.493029426,0.0,0.33,0.0,0.0
8.494111814,0.01,0.29,0.01,0.0
8.495130497,0.0,0.3,0.01,0.0
8.496115908,0.0,0.3,0.0,0.0
8.497118797,0.0,0.3,0.0,0.0
8.498132236,0.0,0.3,0.0,0.0
8.499131841,0.01,0.29,0.0,0.0
8.500185783000001,0.0,0.29,0.0,0.01
8.502188666,0.0,0.3,0.0,0.01
8.503141448000001,0.01,0.32,0.01,0.02
8.504194926,0.0,0.3,0.0,0.0
8.505022179000001,0.01,0.29,0.05,0.0
8.506113589,0.0,0.3,0.0,0.01
8.507119383000001,0.01,0.3,0.01,0.02
8.508132222,0.0,0.29,0.0,0.01
8.509071184,0.0,0.29,0.0,0.01
8.510120357,0.0,0.3,0.01,0.0
8.511107410000001,0.0,0.28,0.01,0.03
8.512124517,0.0,0.3,0.01,0.0
8.513113472,0.0,0.31,0.0,0.0
8.514114937,0.01,0.31,0.01,0.01
8.515351016,0.01,0.29,0.0,0.0
8.517234748,0.0,0.29,0.0,0.01
8.518020379000001,0.0,0.29,0.01,0.0
8.519141783,0.0,0.3,0.0,0.0
8.520035604,0.06,0.28,0.01,0.0
8.521009906,0.0,0.3,0.02,0.01
8.52201061,0.0,0.29,0.0,0.01
8.523027206,0.0,0.29,0.0,0.0
8.524014617,0.01,0.29,0.0,0.0
8.525004336,0.01,0.3,0.0,0.0
8.526138709000001,0.0,0.3,0.0,0.0
8.527052987000001,0.0,0.28,0.0,0.01
8.52802679,0.0,0.3,0.0,0.0
8.529021596,0.0,0.3,0.01,0.01
8.530128444,0.01,0.29,0.01,0.0
8.531027832000001,0.0,0.3,0.0,0.0
8.532113042,0.0,0.3,0.0,0.0
8.534143884,0.0,0.31,0.0,0.0
8.535021372000001,0.0,0.3,0.0,0.0
8.536129719,0.01,0.3,0.0,0.0
8.537121391000001,0.0,0.29,0.0,0.0
8.538123003,0.06,0.3,0.0,0.0
8.539117308,0.0,0.3,0.01,0.0
8.54011507,0.0,0.3,0.01,0.0
8.541119489,0.01,0.29,0.0,0.01
8.542116319,0.0,0.3,0.0,0.0
8.543122934000001,0.0,0.31,0.01,0.0
8.544137467,0.0,0.29,0.03,0.0
8.545111700000001,0.0,0.3,0.0,0.0
8.546288097,0.0,0.3,0.0,0.0
8.548129444,0.0,0.3,0.0,0.01
8.549013327,0.0,0.3,0.0,0.01
8.550212440000001,0.0,0.3,0.0,0.0
8.550978981,0.0,0.3,0.0,0.01
8.552191050000001,0.0,0.3,0.0,0.0
8.553122908,0.01,0.3,0.0,0.0
8.554137926000001,0.01,0.3,0.0,0.03
8.555032786,0.0,0.29,0.01,0.0
8.556200175,0.0,0.3,0.01,0.0
8.557013628,0.0,0.27,0.0,0.0
8.558132552,0.0,0.3,0.0,0.0
8.559031615,0.03,0.28,0.0,0.0
8.56017051,0.0,0.3,0.01,0.0
8.561173417000001,0.0,0.3,0.0,0.01
8.563126891000001,0.0,0.33,0.0,0.02
8.564117262,0.0,0.3,0.01,0.0
8.565110521000001,0.0,0.3,0.0,0.0
8.566031666,0.0,0.29,0.0,0.01
8.567140481000001,0.0,0.3,0.01,0.0
8.568104271000001,0.03,0.3,0.0,0.0
8.56912464,0.0,0.3,0.0,0.0
8.570111375,0.01,0.31,0.0,0.0
8.57110829,0.03,0.24,0.0,0.0
8.572156769000001,0.0,0.28,0.0,0.01
8.573119362,0.0,0.26,0.0,0.02
8.57412745,0.0,0.3,0.0,0.0
8.575141354000001,0.0,0.29,0.0,0.03
8.576130071,0.0,0.3,0.0,0.01
8.578113664,0.01,0.3,0.01,0.0
8.579110409,0.0,0.29,0.0,0.0
8.580114541,0.0,0.3,0.0,0.0
8.581114039000001,0.0,0.3,0.01,0.0
8.582147244,0.0,0.28,0.0,0.02
8.58302958,0.01,0.29,0.01,0.0
8.584209837000001,0.0,0.3,0.0,0.0
8.584989357000001,0.0,0.3,0.0,0.0
8.586341447,0.01,0.31,0.0,0.0
8.586981207000001,0.0,0.3,0.01,0.0
8.588108759,0.01,0.3,0.01,0.0
8.589141259,0.0,0.3,0.0,0.0
8.590143182,0.0,0.3,0.01,0.01
8.591184705,0.0,0.3,0.0,0.01
8.593112746000001,0.0,0.31,0.01,0.0
8.594145507,0.01,0.29,0.01,0.0
8.595123356,0.0,0.3,0.01,0.04
8.596113117,0.0,0.3,0.0,0.0
8.597117405,0.0,0.3,0.0,0.0
8.598038950000001,0.01,0.29,0.04,0.02
8.599114036000001,0.0,0.29,0.0,0.0
8.600108985,0.01,0.29,0.0,0.01
8.601111041000001,0.0,0.3,0.01,0.0
8.602027831000001,0.0,0.29,0.02,0.0
8.603108615,0.01,0.29,0.0,0.0
8.604125305,0.0,0.26,0.02,0.01
8.605121249,0.0,0.28,0.04,0.02
8.606138638000001,0.0,0.26,0.0,0.01
8.607159581000001,0.0,0.29,0.0,0.01
8.609023845000001,0.0,0.29,0.0,0.0
8.610177688,0.0,0.28,0.0,0.0
8.611018701,0.0,0.28,0.0,0.0
8.612103075,0.02,0.29,0.0,0.01
8.613113469,0.0,0.29,0.01,0.0
8.614286531000001,0.02,0.29,0.0,0.01
8.614985935,0.01,0.28,0.01,0.0
8.616152337,0.01,0.29,0.01,0.0
8.617023692,0.01,0.29,0.0,0.0
8.618116058,0.0,0.29,0.01,0.0
8.620135961,0.01,0.29,0.0,0.01
8.62115164,0.0,0.29,0.01,0.0
8.621971695000001,0.01,0.3,0.0,0.01
8.623112831,0.0,0.28,0.0,0.01
8.624018750000001,0.0,0.3,0.01,0.0
8.625155843,0.0,0.3,0.01,0.0
8.625971875000001,0.0,0.29,0.0,0.0
8.627116189,0.0,0.3,0.0,0.0
8.628005201,0.01,0.3,0.01,0.01
8.62912738,0.0,0.3,0.0,0.0
8.630040951,0.0,0.29,0.0,0.0
8.631120495000001,0.07,0.25,0.05,0.02
8.63203843,0.0,0.31,0.01,0.01
8.63312531,0.0,0.29,0.0,0.0
8.633979982000001,0.03,0.27,0.0,0.0
8.635115053,0.01,0.28,0.03,0.0
8.636035866,0.01,0.28,0.0,0.0
8.637176474,0.06,0.26,0.0,0.0
8.639157967000001,0.0,0.27,0.0,0.02
8.640021797000001,0.0,0.26,0.0,0.01
8.641215665,0.0,0.27,0.0,0.01
8.64210022,0.0,0.26,0.0,0.0
8.64320966,0.0,0.27,0.01,0.0
8.644016115000001,0.0,0.23,0.0,0.0
8.645113643,0.02,0.23,0.01,0.0
8.646140091000001,0.0,0.28,0.0,0.0
8.647162399,0.0,0.27,0.01,0.0
8.648024123,0.02,0.27,0.0,0.0
8.649020035000001,0.0,0.26,0.01,0.1
8.650132363,0.0,0.27,0.01,0.0
8.651144291000001,0.01,0.27,0.01,0.0
8.652175057000001,0.0,0.27,0.0,0.0
8.654120537,0.01,0.26,0.01,0.01
8.655109094,0.0,0.27,0.0,0.0
8.656131293000001,0.0,0.26,0.01,0.0
8.657115462,0.0,0.27,0.0,0.01
8.658115734,0.01,0.26,0.0,0.01
8.659137242,0.0,0.27,0.0,0.0
8.660061791,0.02,0.27,0.0,0.0
8.661128506,0.03,0.26,0.0,0.01
8.662019217000001,0.03,0.27,0.0,0.0
8.663128638,0.0,0.27,0.0,0.0
8.663970046000001,0.0,0.27,0.0,0.0
8.665112838,0.03,0.27,0.01,0.0
8.667130566,0.01,0.27,0.01,0.13
8.667992331,0.01,0.28,0.01,0.0
8.669010351,0.0,0.27,0.0,0.01
8.670025565000001,0.0,0.27,0.0,0.0
8.671018203000001,0.01,0.28,0.01,0.0
8.672195453,0.0,0.26,0.01,0.0
8.673022336,0.0,0.28,0.01,0.0
8.674011283,0.0,0.27,0.01,0.0
8.675032191,0.01,0.27,0.0,0.01
8.67625278,0.0,0.28,0.0,0.0
8.677020573,0.0,0.28,0.01,0.01
8.678114443,0.0,0.28,0.0,0.0
8.679011841000001,0.0,0.26,0.01,0.0
8.680048827,0.0,0.28,0.0,0.0
8.681182532000001,0.0,0.27,0.0,0.05
8.683159936000001,0.0,0.27,0.0,0.0
8.684013579,0.0,0.28,0.01,0.0
8.685108186,0.0,0.27,0.0,0.0
8.686168844,0.01,0.28,0.0,0.01
8.687015714000001,0.04,0.34,0.0,0.03
8.68812084,0.0,0.28,0.01,0.0
8.689056092000001,0.0,0.28,0.01,0.0
8.690021255000001,0.0,0.29,0.0,0.01
8.691008688,0.0,0.28,0.0,0.0
8.692121796,0.0,0.27,0.0,0.0
8.693015997,0.0,0.28,0.0,0.0
8.694135046000001,0.04,0.3,0.07,0.1
8.695020629,0.0,0.28,0.0,0.0
8.696135187000001,0.0,0.26,0.01,0.0
8.696986104,0.01,0.26,0.01,0.0
8.698195864,0.0,0.26,0.01,0.0
8.700287629,0.06,0.28,0.0,0.0
8.700988442,0.01,0.27,0.0,0.0
8.702188681,0.0,0.28,0.0,0.01
8.702974133,0.0,0.28,0.03,0.0
8.704143219,0.0,0.27,0.0,0.0
8.705101208,0.0,0.28,0.0,0.0
8.706050826,0.02,0.26,0.01,0.0
8.707229247,0.01,0.29,0.0,0.0
8.708028085,0.0,0.28,0.01,0.0
8.709129285000001,0.0,0.28,0.01,0.0
8.710027826000001,0.16,0.26,0.03,0.12
8.711146175,0.02,0.28,0.0,0.0
8.712164469000001,0.0,0.28,0.01,0.0
8.713123775,0.0,0.29,0.01,0.01
8.715125301,0.0,0.29,0.0,0.01
8.716239490000001,0.02,0.25,0.01,0.0
8.717028758,0.02,0.29,0.0,0.0
8.718113546,0.0,0.26,0.0,0.0
8.719183312,0.0,0.29,0.0,0.0
8.719971792,0.0,0.28,0.0,0.01
8.721145265,0.02,0.27,0.01,0.01
8.722022877,0.0,0.3,0.01,0.01
8.723220359,0.0,0.28,0.04,0.0
8.724018928000001,0.0,0.28,0.01,0.0
8.725163812,0.0,0.29,0.0,0.0
8.726233765,0.04,0.3,0.0,0.0
8.727080255,0.0,0.27,0.01,0.0
8.728121268,0.0,0.28,0.0,0.0
8.730187215,0.0,0.28,0.02,0.01
8.731038045,0.0,0.28,0.0,0.0
8.732156313,0.0,0.28,0.0,0.0
8.733061547,0.0,0.32,0.0,0.01
8.734219640000001,0.01,0.27,0.03,0.1
8.734975504000001,0.0,0.28,0.0,0.01
8.736072163000001,0.0,0.28,0.0,0.0
8.737042422,0.01,0.28,0.01,0.0
8.738182898,0.0,0.29,0.0,0.0
8.739030861,0.0,0.29,0.0,0.0
8.740222008,0.01,0.28,0.0,0.01
8.741065214,0.01,0.28,0.0,0.0
8.742229587,0.0,0.26,0.0,0.01
8.742997786,0.0,0.28,0.01,0.0
8.744206419000001,0.0,0.28,0.0,0.0
8.746186919000001,0.0,0.28,0.0,0.0
8.747024234000001,0.0,0.27,0.0,0.0
8.748124908000001,0.03,0.29,0.0,0.01
8.749010341,0.0,0.28,0.07,0.04
8.750125895,0.0,0.28,0.0,0.01
8.751069567,0.01,0.28,0.0,0.0
8.752118774000001,0.01,0.27,0.0,0.0
8.753020185,0.0,0.31,0.0,0.0
8.754173221,0.01,0.29,0.0,0.0
8.755029782000001,0.0,0.29,0.0,0.0
8.756126253,0.0,0.28,0.02,0.0
8.75702266,0.01,0.29,0.0,0.01
8.758175471000001,0.05,0.35,0.06,0.06
8.759016786,0.01,0.29,0.01,0.0
8.760111486000001,0.0,0.29,0.01,0.03
8.762157460000001,0.0,0.28,0.0,0.01
8.763018353000001,0.0,0.28,0.01,0.0
8.764255778,0.0,0.24,0.0,0.0
8.765018185,0.01,0.27,0.01,0.01
8.766226173,0.0,0.3,0.0,0.0
8.767025288000001,0.0,0.28,0.0,0.0
8.76822836,0.0,0.28,0.01,0.0
8.76907722,0.0,0.28,0.0,0.0
8.770192513000001,0.0,0.28,0.01,0.0
8.771032524,0.01,0.28,0.01,0.0
8.772233331,0.0,0.28,0.0,0.01
8.774129696000001,0.0,0.28,0.01,0.01
8.775124721000001,0.01,0.28,0.0,0.01
8.776192966,0.01,0.29,0.04,0.02
8.776970288000001,0.0,0.27,0.01,0.01
8.778278398000001,0.0,0.29,0.0,0.0
8.778970955,0.0,0.28,0.0,0.0
8.780133744,0.07,0.29,0.0,0.0
8.780969846000001,0.0,0.29,0.0,0.01
8.782114116,0.0,0.27,0.0,0.0
8.782961055000001,0.0,0.28,0.0,0.0
8.784212699000001,0.0,0.29,0.0,0.0
8.785011958,0.0,0.27,0.0,0.0
8.786013261,0.0,0.28,0.01,0.01
8.787116496000001,0.0,0.29,0.01,0.0
8.788046227,0.0,0.28,0.0,0.0
8.789125663,0.01,0.27,0.0,0.0
8.791106023000001,0.01,0.32,0.0,0.0
8.792009543,0.03,0.29,0.0,0.13
8.793028889,0.01,0.27,0.0,0.0
8.79400629,0.0,0.28,0.0,0.0
8.795137972000001,0.0,0.28,0.01,0.02
8.796012368000001,0.01,0.24,0.0,0.01
8.797109521000001,0.0,0.26,0.01,0.0
8.79804337,0.0,0.29,0.0,0.01
8.799127623,0.01,0.32,0.0,0.0
8.800224989,0.02,0.3,0.0,0.01
8.801028912000001,0.0,0.28,0.0,0.01
8.802190387000001,0.0,0.28,0.0,0.0
8.803066597,0.0,0.29,0.0,0.0
8.804137220000001,0.01,0.27,0.0,0.01
8.806237105000001,0.0,0.26,0.0,0.01
8.807016055,0.0,0.28,0.01,0.0
8.808112184,0.0,0.29,0.0,0.0
8.809209049,0.0,0.28,0.07,0.0
8.810015748000001,0.0,0.28,0.0,0.0
8.811116852000001,0.0,0.27,0.0,0.01
8.812132424000001,0.0,0.28,0.01,0.0
8.813112158000001,0.0,0.28,0.0,0.0
8.814070603000001,0.0,0.28,0.02,0.0
8.815018892000001,0.02,0.28,0.03,0.0
8.816135688000001,0.0,0.28,0.0,0.0
8.817015426000001,0.0,0.28,0.0,0.0
8.818124673,0.0,0.28,0.0,0.0
8.819051182,0.0,0.27,0.01,0.0
8.821132478,0.0,0.27,0.0,0.0
8.822148270000001,0.0,0.29,0.0,0.0
8.823024339,0.0,0.28,0.0,0.0
8.824300353,0.0,0.28,0.0,0.0
8.824991704,0.06,0.35,0.0,0.0
8.826153413,0.01,0.29,0.01,0.0
8.827014373,0.01,0.28,0.0,0.01
8.828236142,0.01,0.28,0.0,0.01
8.829010096000001,0.0,0.28,0.0,0.0
8.830127637,0.0,0.28,0.01,0.0
8.831223757,0.01,0.27,0.0,0.01
8.832020153,0.0,0.29,0.01,0.01
8.83316533,0.0,0.28,0.0,0.0
8.834144881,0.0,0.28,0.0,0.0
8.836117683000001,0.0,0.29,0.0,0.01
8.837137590000001,0.0,0.29,0.01,0.0
8.838138249,0.0,0.28,0.0,0.02
8.839024819,0.0,0.29,0.01,0.0
8.840117041000001,0.0,0.28,0.0,0.0
8.841179162000001,0.01,0.28,0.01,0.0
8.842015763000001,0.01,0.28,0.0,0.0
8.843141130000001,0.0,0.28,0.03,0.01
8.844122255,0.01,0.28,0.0,0.0
8.845128263000001,0.0,0.28,0.0,0.02
8.846115754000001,0.02,0.29,0.0,0.0
8.847165021,0.05,0.27,0.0,0.05
8.848189379,0.0,0.28,0.01,0.0
8.850144018,0.0,0.27,0.0,0.0
8.851110992,0.0,0.28,0.02,0.0
8.852122408000001,0.01,0.28,0.0,0.01
8.853122534,0.03,0.28,0.02,0.0
8.854124544000001,0.0,0.28,0.0,0.0
8.855130155000001,0.0,0.28,0.0,0.01
8.856171488000001,0.0,0.27,0.0,0.0
8.857154907,0.0,0.29,0.01,0.04
8.858167702000001,0.02,0.22,0.03,0.05
8.859058749,0.0,0.28,0.0,0.0
8.860123869,0.01,0.3,0.0,0.01
8.861152572,0.0,0.28,0.0,0.0
8.862138096,0.01,0.29,0.03,0.0
8.863179595,0.0,0.28,0.0,0.01
8.865144757000001,0.0,0.28,0.02,0.0
8.866117089000001,0.0,0.27,0.02,0.0
8.867110505000001,0.0,0.28,0.0,0.0
8.868114194,0.01,0.27,0.0,0.0
8.869179417,0.0,0.27,0.0,0.0
8.870070094,0.0,0.28,0.01,0.0
8.871117446000001,0.01,0.28,0.0,0.0
8.872049678,0.0,0.28,0.0,0.0
8.873019778,0.01,0.28,0.0,0.0
8.874017998000001,0.0,0.27,0.0,0.01
8.875066377000001,0.0,0.26,0.0,0.0
8.876027378,0.0,0.27,0.0,0.02
8.877177846,0.02,0.27,0.01,0.0
8.878029506,0.13,0.26,0.04,0.0
8.879154873000001,0.01,0.27,0.0,0.0
8.881134736,0.02,0.29,0.0,0.02
8.882107817000001,0.01,0.28,0.0,0.0
8.883108725000001,0.0,0.27,0.01,0.01
8.884143315000001,0.0,0.28,0.0,0.0
8.885110963,0.0,0.27,0.01,0.0
8.886139811000001,0.0,0.28,0.02,0.0
8.887204350000001,0.0,0.29,0.01,0.0
8.888022323000001,0.0,0.28,0.01,0.0
8.889113242,0.0,0.28,0.0,0.0
8.890186340000001,0.0,0.28,0.0,0.0
8.891174804,0.0,0.27,0.01,0.0
8.89222703,0.03,0.27,0.0,0.01
8.894144159000001,0.0,0.28,0.0,0.0
8.895150146,0.01,0.33,0.01,0.01
8.896120451,0.01,0.28,0.0,0.02
8.897102998000001,0.0,0.27,0.01,0.0
8.898143339,0.0,0.28,0.0,0.0
8.899109233,0.0,0.27,0.0,0.0
8.900127705000001,0.0,0.28,0.01,0.0
8.901107182,0.0,0.27,0.0,0.0
8.902115243,0.0,0.29,0.0,0.0
8.903104001,0.01,0.27,0.0,0.01
8.904163841,0.0,0.27,0.0,0.01
8.905109126000001,0.0,0.27,0.01,0.01
8.906108509000001,0.01,0.28,0.01,0.0
8.907112469000001,0.0,0.28,0.0,0.0
8.908144810000001,0.0,0.26,0.01,0.0
8.909133668,0.0,0.28,0.0,0.02
8.910124506,0.0,0.28,0.01,0.01
8.912111865,0.01,0.28,0.01,0.0
8.913111899,0.01,0.28,0.0,0.0
8.914129743,0.0,0.28,0.0,0.02
8.915114089000001,0.0,0.27,0.01,0.0
8.916111601,0.0,0.27,0.0,0.0
8.917123044,0.0,0.28,0.01,0.0
8.91829819,0.0,0.28,0.0,0.0
8.918977083,0.12,0.3,0.03,0.0
8.920191037,0.0,0.27,0.0,0.0
8.920976051,0.0,0.29,0.0,0.0
8.922182723,0.02,0.27,0.01,0.0
8.923089828,0.0,0.28,0.0,0.0
8.924154210000001,0.0,0.29,0.01,0.01
8.926146071,0.03,0.27,0.01,0.0
8.927029056,0.0,0.3,0.0,0.0
8.928186478,0.0,0.28,0.0,0.0
8.929018449,0.01,0.28,0.0,0.01
8.930113816,0.0,0.28,0.0,0.0
8.931103982,0.02,0.28,0.01,0.0
8.932104361,0.0,0.28,0.01,0.0
8.933112761,0.0,0.29,0.0,0.0
8.934129870000001,0.0,0.28,0.0,0.0
8.935128235,0.0,0.3,0.01,0.01
8.936125641,0.0,0.28,0.01,0.0
8.9371116,0.0,0.28,0.0,0.0
8.938130690000001,0.01,0.28,0.01,0.0
8.939166811,0.0,0.27,0.0,0.0
8.940102767,0.0,0.28,0.0,0.0
8.942107968,0.01,0.26,0.07,0.0
8.943197462,0.0,0.28,0.0,0.01
8.944053735,0.0,0.27,0.0,0.0
8.945112885,0.0,0.28,0.0,0.0
8.946104369,0.0,0.27,0.01,0.0
8.947168448000001,0.0,0.27,0.0,0.0
8.948178699000001,0.0,0.27,0.0,0.0
8.949122487,0.01,0.27,0.01,0.0
8.950286849000001,0.03,0.29,0.0,0.0
8.951020134,0.01,0.28,0.0,0.0
8.952123278,0.0,0.27,0.0,0.0
8.953051928,0.0,0.28,0.01,0.0
8.954153235,0.02,0.27,0.0,0.0
8.955022827,0.06,0.32,0.02,0.02
8.956195944000001,0.02,0.27,0.0,0.02
8.958112938000001,0.01,0.26,0.0,0.0
8.959114186,0.01,0.26,0.0,0.01
8.960110286,0.0,0.27,0.0,0.01
8.961106152000001,0.0,0.28,0.0,0.0
8.962114239,0.0,0.27,0.0,0.0
8.963107185,0.0,0.28,0.0,0.01
8.964106909,0.0,0.27,0.0,0.0
8.965129911,0.01,0.27,0.0,0.01
8.966120852000001,0.0,0.28,0.0,0.01
8.967113817000001,0.0,0.28,0.0,0.0
8.968108801000001,0.09,0.28,0.01,0.0
8.969162949000001,0.01,0.26,0.02,0.01
8.970129581,0.0,0.27,0.0,0.0
8.971113582000001,0.0,0.27,0.0,0.0
8.973114671000001,0.03,0.27,0.0,0.03
8.974120130000001,0.0,0.27,0.0,0.05
8.975115993000001,0.01,0.28,0.01,0.0
8.976110026,0.01,0.29,0.0,0.08
8.977111756000001,0.0,0.28,0.01,0.01
8.978129546,0.0,0.27,0.0,0.0
8.979174658,0.0,0.27,0.0,0.01
8.980119339,0.01,0.27,0.01,0.0
8.981182241,0.0,0.3,0.0,0.01
8.982071305,0.0,0.29,0.0,0.0
8.983251922000001,0.01,0.28,0.02,0.0
8.985241393,0.0,0.27,0.0,0.0
8.986026099,0.01,0.27,0.01,0.01
8.987087124,0.0,0.27,0.0,0.0
8.988131617,0.0,0.28,0.0,0.0
8.989172884,0.01,0.28,0.0,0.0
8.989968560000001,0.01,0.27,0.0,0.0
8.991111967,0.02,0.28,0.0,0.0
8.992114134000001,0.0,0.27,0.01,0.01
8.993120759,0.0,0.3,0.02,0.0
8.994107392,0.0,0.27,0.0,0.0
8.995124361,0.01,0.28,0.0,0.01
8.996116162,0.0,0.27,0.0,0.0
8.997126913,0.0,0.27,0.02,0.0
8.998112389000001,0.0,0.28,0.0,0.02
8.999071649000001,0.0,0.28,0.01,0.01
9.000151207,0.0,0.28,0.01,0.01
9.002106347,0.03,0.27,0.01,0.03
9.00312154,0.0,0.31,0.01,0.01
9.004100894,0.01,0.29,0.0,0.0
9.005117686,0.01,0.27,0.0,0.0
9.006205178,0.0,0.28,0.0,0.01
9.007014097,0.0,0.27,0.0,0.0
9.008050922,0.0,0.28,0.01,0.0
9.009045224000001,0.0,0.28,0.0,0.0
9.010378827,0.01,0.27,0.0,0.0
9.011001250000001,0.01,0.28,0.0,0.02
9.012069791,0.0,0.28,0.0,0.01
9.013137578,0.0,0.28,0.01,0.0
9.014046175,0.0,0.28,0.0,0.0
9.015223323,0.0,0.27,0.0,0.0
9.017328201,0.01,0.28,0.0,0.0
9.01798872,0.01,0.29,0.02,0.0
9.019137359,0.0,0.28,0.03,0.0
9.02005373,0.0,0.28,0.0,0.0
9.021174407,0.0,0.28,0.0,0.01
9.02200052,0.0,0.27,0.0,0.0
9.023256954,0.01,0.28,0.01,0.03
9.024044572000001,0.0,0.27,0.0,0.0
9.02511834,0.01,0.27,0.0,0.01
9.026133684000001,0.0,0.28,0.0,0.0
9.027233349000001,0.0,0.27,0.01,0.0
9.028011033,0.0,0.26,0.01,0.0
9.029122197000001,0.0,0.27,0.0,0.0
9.031133774,0.01,0.28,0.0,0.01
9.032081530000001,0.0,0.26,0.03,0.0
9.033186101,0.0,0.27,0.0,0.0
9.033969393000001,0.0,0.28,0.0,0.01
9.035114026,0.0,0.27,0.0,0.01
9.036017111000001,0.0,0.27,0.0,0.0
9.037123671,0.0,0.32,0.0,0.01
9.038016682,0.0,0.27,0.02,0.02
9.039117523,0.0,0.27,0.01,0.01
9.040015384,0.0,0.27,0.0,0.01
9.041223355000001,0.0,0.27,0.0,0.0
9.042093328,0.0,0.28,0.01,0.0
9.0432473,0.02,0.25,0.0,0.0
9.045064551000001,0.0,0.28,0.01,0.0
9.046146543,0.0,0.3,0.0,0.01
9.047022302,0.06,0.29,0.12,0.0
9.048114812000001,0.0,0.27,0.0,0.01
9.049119993,0.0,0.28,0.0,0.0
9.050118956,0.0,0.27,0.0,0.0
9.051113778000001,0.0,0.27,0.01,0.0
9.052120155,0.0,0.27,0.0,0.01
9.053106146000001,0.01,0.28,0.08,0.0
9.054135508,0.03,0.26,0.0,0.0
9.055125516,0.0,0.25,0.0,0.0
9.056004554000001,0.0,0.28,0.01,0.0
9.057133362,0.0,0.27,0.0,0.01
9.058141825,0.0,0.28,0.0,0.01
9.059149158,0.01,0.28,0.01,0.0
9.060156754000001,0.01,0.28,0.0,0.0
9.061123617,0.01,0.28,0.0,0.01
9.063114912000001,0.01,0.27,0.0,0.0
9.064107573000001,0.01,0.27,0.01,0.02
9.065114599000001,0.0,0.28,0.02,0.02
9.066113651,0.0,0.28,0.0,0.0
9.067113821000001,0.0,0.27,0.0,0.0
9.068119832,0.01,0.28,0.0,0.01
9.069112784000001,0.0,0.27,0.0,0.0
9.070118773,0.0,0.28,0.0,0.0
9.071126991,0.08,0.25,0.0,0.0
9.072137129,0.0,0.27,0.0,0.0
9.073161644,0.01,0.27,0.01,0.0
9.074128937000001,0.0,0.27,0.01,0.01
9.075255815,0.01,0.28,0.0,0.0
9.07720628,0.0,0.26,0.0,0.0
9.078024334,0.0,0.27,0.01,0.01
9.079166589,0.0,0.27,0.0,0.0
9.07998253,0.0,0.28,0.0,0.0
9.081212478000001,0.0,0.28,0.0,0.0
9.081968250000001,0.01,0.27,0.01,0.02
9.083140386,0.0,0.24,0.01,0.0
9.083993809,0.01,0.26,0.0,0.0
9.085117461000001,0.0,0.27,0.0,0.0
9.086012922,0.01,0.25,0.01,0.01
9.087128296000001,0.02,0.27,0.02,0.0
9.088144230000001,0.0,0.27,0.0,0.0
9.089028637,0.0,0.28,0.0,0.0
9.09014013,0.0,0.27,0.01,0.0
9.092105818,0.0,0.27,0.01,0.01
9.093115469,0.0,0.27,0.0,0.0
9.094026683000001,0.0,0.27,0.0,0.0
9.095116646000001,0.01,0.26,0.0,0.01
9.096133380000001,0.01,0.26,0.0,0.01
9.097103883,0.02,0.26,0.01,0.0
9.098108545,0.01,0.28,0.0,0.0
9.099129614,0.0,0.27,0.0,0.0
9.100105476000001,0.0,0.26,0.0,0.02
9.101131009000001,0.01,0.28,0.03,0.0
9.102126066,0.0,0.26,0.01,0.0
9.103128104000001,0.01,0.27,0.0,0.0
9.104127267,0.0,0.24,0.0,0.0
9.105141489000001,0.01,0.27,0.0,0.0
9.106136888,0.01,0.26,0.0,0.01
9.107111312,0.01,0.28,0.0,0.0
9.109124034,0.0,0.26,0.0,0.0
9.11011541,0.0,0.27,0.0,0.0
9.111016541,0.0,0.27,0.01,0.0
9.112114706,0.03,0.28,0.05,0.0
9.113016829000001,0.0,0.27,0.01,0.02
9.114175805,0.0,0.27,0.01,0.0
9.115012657000001,0.0,0.27,0.0,0.0
9.116008779000001,0.0,0.26,0.02,0.0
9.117127604,0.0,0.26,0.02,0.0
9.118120371,0.01,0.26,0.0,0.0
9.119106902,0.03,0.25,0.01,0.0
9.120135817000001,0.0,0.27,0.0,0.0
9.121164991,0.01,0.27,0.0,0.02
9.123112466,0.0,0.27,0.0,0.0
9.124114548000001,0.0,0.27,0.0,0.0
9.125138101000001,0.01,0.26,0.01,0.0
9.125999629,0.01,0.27,0.02,0.0
9.127015203000001,0.0,0.26,0.0,0.0
9.12801829,0.0,0.26,0.0,0.01
9.12901246,0.0,0.26,0.0,0.0
9.130042821,0.0,0.27,0.0,0.0
9.13101209,0.01,0.26,0.0,0.0
9.132110333,0.0,0.27,0.0,0.01
9.133016475,0.0,0.27,0.0,0.0
9.135249613000001,0.0,0.27,0.0,0.02
9.136035938000001,0.02,0.27,0.03,0.0
9.137299030000001,0.01,0.25,0.01,0.01
9.138014354000001,0.0,0.27,0.0,0.01
9.139166996,0.0,0.28,0.01,0.0
9.140027514,0.0,0.26,0.0,0.01
9.141192164000001,0.0,0.27,0.0,0.0
9.142025865,0.01,0.27,0.01,0.0
9.143149176000001,0.0,0.27,0.01,0.01
9.144018849,0.0,0.27,0.0,0.0
9.145205705,0.0,0.27,0.0,0.0
9.146020231000001,0.0,0.26,0.0,0.0
9.147112985,0.01,0.26,0.02,0.01
9.148117048000001,0.01,0.19,0.04,0.01
9.149106981000001,0.01,0.27,0.0,0.0
9.150113237000001,0.0,0.27,0.01,0.0
9.151148839000001,0.0,0.27,0.01,0.0
9.152111510000001,0.0,0.26,0.0,0.0
9.154108838,0.0,0.26,0.0,0.0
9.155107353,0.0,0.26,0.0,0.0
9.156111001000001,0.0,0.27,0.01,0.0
9.157181872,0.0,0.27,0.01,0.0
9.158065648000001,0.0,0.28,0.0,0.01
9.159108530000001,0.0,0.26,0.05,0.02
9.160033143,0.01,0.26,0.0,0.01
9.161112249,0.0,0.28,0.01,0.0
9.162113001,0.0,0.26,0.0,0.0
9.163110267,0.01,0.27,0.01,0.0
9.164118453,0.0,0.25,0.01,0.0
9.165145189,0.02,0.25,0.02,0.0
9.167255670000001,0.0,0.26,0.0,0.0
9.167983272,0.0,0.26,0.0,0.0
9.169053337000001,0.0,0.27,0.0,0.0
9.170015085000001,0.01,0.27,0.02,0.0
9.171105200000001,0.0,0.26,0.01,0.0
9.172014888000001,0.0,0.27,0.0,0.01
9.17318962,0.0,0.26,0.0,0.0
9.174013828000001,0.0,0.27,0.01,0.0
9.175115301,0.01,0.32,0.0,0.0
9.176108366000001,0.0,0.27,0.0,0.01
9.177119803,0.0,0.26,0.0,0.01
9.178237644000001,0.0,0.27,0.0,0.0
9.179013861000001,0.0,0.27,0.0,0.0
9.180133246,0.01,0.27,0.0,0.0
9.181133157000001,0.0,0.2,0.0,0.0
9.182115568,0.0,0.15,0.02,0.0
9.184119107,0.0,0.2,0.0,0.0
9.185110769000001,0.01,0.2,0.0,0.0
9.186123502000001,0.0,0.21,0.0,0.0
9.187107005000001,0.0,0.2,0.01,0.01
9.188111944000001,0.0,0.2,0.0,0.0
9.189138127000001,0.0,0.2,0.0,0.01
9.190227546000001,0.0,0.2,0.0,0.0
9.19101691,0.0,0.2,0.0,0.01
9.192184586,0.0,0.16,0.01,0.06
9.193015159,0.0,0.22,0.0,0.0
9.194120334,0.0,0.19,0.0,0.0
9.195127224,0.0,0.21,0.0,0.0
9.196179729,0.0,0.2,0.02,0.0
9.197025692,0.0,0.21,0.0,0.0
9.198121702,0.04,0.21,0.0,0.0
9.200183326000001,0.0,0.2,0.0,0.0
9.201021748,0.0,0.2,0.0,0.01
9.202108058,0.0,0.18,0.0,0.0
9.203125034000001,0.02,0.19,0.01,0.0
9.204120532000001,0.0,0.2,0.01,0.0
9.205125099,0.0,0.21,0.0,0.01
9.206127078,0.0,0.2,0.02,0.01
9.207021254,0.0,0.21,0.0,0.01
9.208141346000001,0.0,0.19,0.0,0.0
9.209009777,0.03,0.24,0.0,0.0
9.210145578,0.0,0.21,0.0,0.01
9.211053334,0.0,0.22,0.01,0.0
9.212147145000001,0.02,0.21,0.0,0.01
9.214121789,0.0,0.2,0.0,0.0
9.215016235,0.01,0.2,0.0,0.0
9.216112878,0.0,0.21,0.0,0.07
9.217021480000001,0.0,0.2,0.0,0.0
9.218117388000001,0.01,0.2,0.0,0.0
9.218992223,0.0,0.21,0.0,0.0
9.22001079,0.0,0.2,0.0,0.0
9.221180728,0.01,0.22,0.0,0.01
9.222018946,0.0,0.22,0.01,0.01
9.2231167,0.01,0.21,0.0,0.01
9.224012174,0.0,0.21,0.0,0.01
9.225114144,0.01,0.2,0.03,0.01
9.227174073,0.0,0.21,0.0,0.0
9.228036532,0.0,0.21,0.03,0.0
9.229124345,0.0,0.22,0.01,0.0
9.230120575,0.0,0.21,0.01,0.0
9.231119413,0.0,0.21,0.01,0.01
9.232109973,0.04,0.21,0.0,0.02
9.23313543,0.0,0.2,0.0,0.0
9.234163431,0.0,0.2,0.0,0.0
9.235121956,0.01,0.21,0.0,0.0
9.236115235,0.0,0.23,0.01,0.02
9.237118004000001,0.01,0.21,0.0,0.0
9.238114034,0.0,0.21,0.0,0.0
9.239217545,0.01,0.22,0.0,0.0
9.23996859,0.0,0.21,0.0,0.0
9.24212417,0.0,0.25,0.0,0.0
9.243118223,0.0,0.21,0.02,0.01
9.244110331,0.03,0.21,0.01,0.0
9.245121240000001,0.0,0.17,0.0,0.0
9.246116203,0.0,0.21,0.01,0.0
9.24711626,0.0,0.22,0.01,0.0
9.248112472,0.0,0.19,0.02,0.01
9.249114591000001,0.0,0.21,0.01,0.0
9.250115934,0.0,0.21,0.0,0.0
9.251128924000001,0.0,0.21,0.0,0.0
9.252110029,0.0,0.21,0.0,0.0
9.25302377,0.01,0.21,0.02,0.01
9.254146301,0.0,0.22,0.0,0.01
9.255027999000001,0.0,0.21,0.02,0.0
9.256157338000001,0.01,0.21,0.0,0.02
9.258136603,0.0,0.2,0.0,0.0
9.259194742,0.0,0.21,0.0,0.0
9.26002693,0.0,0.21,0.0,0.05
9.261143747,0.0,0.21,0.0,0.0
9.262108861,0.0,0.21,0.0,0.0
9.263123772,0.0,0.21,0.0,0.0
9.264155168,0.0,0.21,0.0,0.0
9.265126570000001,0.0,0.18,0.0,0.0
9.266112477,0.0,0.2,0.0,0.0
9.267116309,0.0,0.22,0.0,0.01
9.268119428,0.0,0.21,0.01,0.0
9.269126292000001,0.0,0.22,0.0,0.0
9.270116639000001,0.03,0.15,0.0,0.03
9.271158464,0.0,0.21,0.0,0.0
9.272121711,0.0,0.21,0.0,0.0
9.274109504,0.01,0.21,0.0,0.01
9.275115227,0.01,0.22,0.01,0.0
9.276110826,0.05,0.19,0.0,0.0
9.277116952,0.0,0.21,0.0,0.0
9.278247757,0.01,0.21,0.0,0.01
9.279015045000001,0.01,0.21,0.0,0.0
9.280104827,0.0,0.21,0.0,0.0
9.281120629,0.01,0.21,0.0,0.0
9.282128619,0.0,0.2,0.0,0.0
9.283126271,0.0,0.22,0.05,0.0
9.284117675000001,0.0,0.2,0.03,0.0
9.28511853,0.0,0.21,0.0,0.01
9.286031882000001,0.0,0.15,0.09,0.0
9.287118785,0.0,0.21,0.0,0.0
9.28912584,0.0,0.21,0.0,0.0
9.289999717,0.0,0.21,0.01,0.0
9.291164499,0.0,0.21,0.0,0.0
9.291976412,0.0,0.2,0.0,0.0
9.293118909,0.0,0.17,0.0,0.0
9.294020142,0.0,0.21,0.0,0.02
9.295114962000001,0.0,0.21,0.01,0.01
9.296066871,0.0,0.21,0.0,0.0
9.297117315000001,0.0,0.21,0.0,0.0
9.298031422000001,0.0,0.21,0.0,0.0
9.299112978,0.0,0.21,0.0,0.0
9.300017302,0.0,0.2,0.0,0.0
9.301140852000001,0.0,0.21,0.01,0.0
9.303109104,0.01,0.21,0.0,0.0
9.304131448,0.07,0.21,0.0,0.0
9.305138203,0.01,0.2,0.0,0.03
9.306108588,0.0,0.21,0.0,0.0
9.307059289000001,0.0,0.21,0.0,0.0
9.308016782000001,0.0,0.21,0.0,0.0
9.309105063,0.0,0.21,0.0,0.0
9.3100146,0.04,0.22,0.01,0.0
9.311117386000001,0.01,0.21,0.0,0.01
9.312108109,0.0,0.2,0.01,0.0
9.313110169,0.0,0.21,0.0,0.0
9.314122568,0.0,0.21,0.01,0.0
9.315112111000001,0.0,0.2,0.01,0.0
9.316146992,0.0,0.21,0.04,0.0
9.317169141,0.0,0.2,0.01,0.0
9.319131617,0.0,0.21,0.0,0.0
9.320011637,0.0,0.21,0.01,0.0
9.321162716,0.01,0.2,0.0,0.0
9.322016326,0.08,0.21,0.0,0.01
9.323121666,0.0,0.18,0.0,0.0
9.324116462000001,0.0,0.21,0.01,0.0
9.325223353,0.0,0.22,0.0,0.0
9.326045564000001,0.0,0.21,0.0,0.0
9.32711504,0.01,0.2,0.01,0.0
9.328119356,0.01,0.18,0.01,0.06
9.329124951,0.0,0.21,0.0,0.0
9.330116302,0.0,0.21,0.0,0.0
9.331182875000001,0.0,0.21,0.0,0.0
9.332029213,0.0,0.21,0.0,0.0
9.333128720000001,0.0,0.21,0.0,0.0
9.334260484000001,0.07,0.25,0.01,0.0
9.336159334000001,0.0,0.21,0.0,0.0
9.337180392,0.0,0.22,0.0,0.01
9.338147331,0.0,0.21,0.01,0.01
9.339182504,0.0,0.21,0.0,0.0
9.340133319000001,0.0,0.21,0.0,0.0
9.341108005,0.0,0.21,0.0,0.0
9.342115334,0.0,0.18,0.06,0.03
9.34315272,0.0,0.21,0.0,0.0
9.344141039,0.0,0.21,0.0,0.0
9.345111847,0.0,0.22,0.0,0.0
9.346124795,0.0,0.21,0.01,0.0
9.347116857000001,0.0,0.21,0.0,0.0
9.348158336000001,0.0,0.21,0.0,0.0
9.349159517,0.0,0.21,0.01,0.0
9.351113632,0.0,0.21,0.0,0.0
9.352222721,0.01,0.18,0.08,0.0
9.353006992000001,0.02,0.21,0.01,0.0
9.354125112,0.0,0.19,0.0,0.0
9.355105788000001,0.0,0.19,0.01,0.01
9.356122207,0.0,0.2,0.0,0.01
9.357105411000001,0.0,0.21,0.0,0.0
9.358131098000001,0.01,0.2,0.01,0.0
9.359106686,0.0,0.19,0.01,0.0
9.360114283,0.0,0.21,0.02,0.0
9.361105504000001,0.01,0.2,0.01,0.01
9.36211684,0.0,0.18,0.0,0.0
9.363139033000001,0.01,0.21,0.0,0.0
9.365201046000001,0.03,0.21,0.0,0.0
9.366015081,0.0,0.21,0.01,0.0
9.367062596,0.0,0.21,0.0,0.0
9.368107176,0.05,0.21,0.0,0.01
9.369023286000001,0.0,0.21,0.05,0.03
9.370115707,0.0,0.2,0.01,0.0
9.371122605,0.0,0.21,0.0,0.0
9.372118233,0.0,0.21,0.03,0.0
9.373121889,0.0,0.2,0.01,0.01
9.374112664,0.0,0.21,0.0,0.0
9.375121922,0.08,0.21,0.0,0.0
9.376113270000001,0.0,0.21,0.0,0.0
9.377105315000001,0.0,0.21,0.0,0.01
9.378164257,0.0,0.2,0.0,0.01
9.380116772000001,0.01,0.22,0.0,0.0
9.380970566,0.0,0.21,0.0,0.0
9.382283405,0.0,0.2,0.0,0.0
9.382990179,0.01,0.21,0.0,0.0
9.38407754,0.0,0.2,0.0,0.0
9.385032748,0.01,0.2,0.0,0.0
9.386116087000001,0.0,0.21,0.0,0.0
9.386990145,0.01,0.23,0.0,0.0
9.388117668000001,0.0,0.22,0.0,0.0
9.389019283000001,0.0,0.21,0.0,0.0
9.390155404,0.0,0.21,0.0,0.0
9.391115337,0.0,0.21,0.0,0.0
9.392017225,0.0,0.21,0.0,0.01
9.393150038,0.0,0.22,0.0,0.01
9.395052319000001,0.01,0.21,0.03,0.01
9.396118369,0.0,0.2,0.0,0.0
9.397058986000001,0.0,0.21,0.01,0.0
9.398116512000001,0.01,0.2,0.0,0.0
9.399012443,0.0,0.2,0.0,0.05
9.400110161,0.0,0.19,0.0,0.0
9.40111269,0.01,0.22,0.01,0.0
9.40210935,0.01,0.21,0.0,0.01
9.403112775,0.0,0.22,0.0,0.0
9.404122725,0.01,0.17,0.03,0.0
9.405116282,0.0,0.21,0.0,0.0
9.406106691,0.0,0.21,0.0,0.0
9.407160648000001,0.0,0.21,0.0,0.0
9.408173598000001,0.01,0.21,0.01,0.03
9.410114482000001,0.0,0.21,0.0,0.0
9.411132285,0.01,0.21,0.0,0.01
9.412115777,0.0,0.22,0.0,0.0
9.413210045000001,0.0,0.22,0.01,0.0
9.413991285,0.0,0.22,0.0,0.02
9.415118851,0.04,0.22,0.03,0.01
9.416180462,0.01,0.2,0.0,0.0
9.417095411,0.0,0.21,0.01,0.0
9.418169035,0.0,0.21,0.01,0.0
9.419111635,0.0,0.21,0.0,0.0
9.420133203,0.05,0.23,0.01,0.0
9.421109517000001,0.0,0.21,0.0,0.03
9.422126663,0.0,0.2,0.0,0.0
9.423147461000001,0.01,0.19,0.0,0.0
9.424117384,0.0,0.21,0.01,0.0
9.426104334000001,0.0,0.23,0.0,0.0
9.427116497,0.0,0.2,0.01,0.0
9.428117853,0.01,0.21,0.0,0.01
9.429133931,0.0,0.21,0.0,0.0
9.430032751,0.01,0.22,0.01,0.0
9.431116551,0.01,0.21,0.0,0.0
9.432112549000001,0.0,0.21,0.01,0.01
9.433069994,0.0,0.21,0.04,0.0
9.434162052000001,0.0,0.2,0.0,0.02
9.435014417000001,0.0,0.19,0.0,0.01
9.436112019000001,0.01,0.2,0.0,0.0
9.437114489,0.0,0.21,0.01,0.0
9.438151655,0.0,0.22,0.0,0.0
9.439159587,0.04,0.16,0.01,0.0
9.441122974,0.0,0.21,0.0,0.0
9.442125066000001,0.0,0.21,0.01,0.02
9.44311176,0.0,0.21,0.0,0.0
9.444279867,0.0,0.22,0.04,0.0
9.445031249000001,0.0,0.17,0.0,0.0
9.446119741,0.0,0.21,0.01,0.0
9.447105924,0.01,0.2,0.01,0.01
9.448114208,0.01,0.21,0.0,0.0
9.449142277,0.0,0.19,0.01,0.0
9.450205648,0.0,0.21,0.0,0.01
9.451039414,0.0,0.21,0.01,0.0
9.452212862000001,0.0,0.21,0.0,0.0
9.453046220000001,0.0,0.21,0.0,0.0
9.454150158000001,0.01,0.22,0.0,0.02
9.455180998000001,0.01,0.21,0.0,0.0
9.457206852,0.0,0.23,0.0,0.0
9.458015083000001,0.0,0.2,0.0,0.0
9.459112838000001,0.0,0.21,0.0,0.0
9.460115943,0.0,0.21,0.0,0.03
9.46114026,0.01,0.19,0.0,0.0
9.462245833,0.0,0.23,0.0,0.0
9.463018307,0.0,0.21,0.03,0.0
9.464115490000001,0.0,0.22,0.01,0.01
9.465135210000001,0.0,0.21,0.0,0.0
9.466106014000001,0.01,0.21,0.0,0.0
9.467119694,0.0,0.22,0.0,0.01
9.468143178,0.01,0.21,0.0,0.0
9.469129423,0.01,0.21,0.0,0.0
9.470118133,0.05,0.21,0.0,0.0
9.47211337,0.0,0.21,0.0,0.0
9.473110675000001,0.0,0.22,0.01,0.0
9.474102145,0.0,0.21,0.0,0.0
9.4751176,0.01,0.2,0.03,0.0
9.476189357,0.04,0.21,0.0,0.01
9.477002849,0.0,0.21,0.0,0.0
9.478118851000001,0.0,0.21,0.0,0.0
9.479018677000001,0.0,0.21,0.0,0.0
9.480212612,0.0,0.21,0.0,0.0
9.481046970000001,0.01,0.22,0.0,0.0
9.482191621,0.0,0.21,0.01,0.07
9.483030458,0.0,0.22,0.0,0.01
9.484133810000001,0.01,0.18,0.01,0.0
9.485107027,0.0,0.2,0.01,0.0
9.487122383,0.01,0.21,0.01,0.0
9.488115471,0.0,0.31,0.04,0.08
9.4890831,0.0,0.21,0.01,0.0
9.490013574,0.0,0.21,0.0,0.01
9.49111161,0.01,0.21,0.0,0.0
9.492017555,0.0,0.21,0.0,0.0
9.493138162000001,0.01,0.22,0.01,0.0
9.494017726000001,0.09,0.25,0.0,0.0
9.495117221000001,0.0,0.21,0.0,0.01
9.496119545,0.0,0.21,0.0,0.0
9.497116901,0.03,0.22,0.02,0.01
9.498012489,0.01,0.22,0.01,0.0
9.499134804,0.01,0.22,0.01,0.0
9.501113702000001,0.03,0.22,0.0,0.0
9.501970334000001,0.0,0.22,0.01,0.05
9.503105356,0.0,0.23,0.01,0.0
9.504002822,0.0,0.23,0.01,0.0
9.505109522000001,0.0,0.2,0.0,0.03
9.506034317000001,0.0,0.21,0.0,0.0
9.507155926000001,0.01,0.21,0.0,0.0
9.507976611,0.0,0.21,0.0,0.01
9.509254952000001,0.0,0.22,0.01,0.0
9.509999015,0.0,0.21,0.0,0.0
9.511125145000001,0.0,0.22,0.0,0.01
9.512018151000001,0.01,0.21,0.01,0.09
9.51305473,0.01,0.22,0.01,0.0
9.51416552,0.0,0.22,0.0,0.01
9.516104387,0.0,0.2,0.0,0.01
9.517112691000001,0.0,0.21,0.0,0.0
9.518113045,0.0,0.21,0.0,0.01
9.519109908,0.0,0.21,0.01,0.0
9.520121533000001,0.0,0.21,0.0,0.0
9.521106568,0.0,0.21,0.01,0.0
9.522034770000001,0.0,0.21,0.0,0.0
9.523107185,0.02,0.18,0.02,0.0
9.524135161,0.0,0.21,0.0,0.0
9.525135184,0.01,0.21,0.01,0.0
9.526113109,0.0,0.23,0.0,0.0
9.527120419000001,0.0,0.23,0.01,0.01
9.528150622,0.0,0.21,0.0,0.0
9.53010757,0.0,0.21,0.0,0.0
9.531142601,0.0,0.21,0.0,0.01
9.532015319000001,0.0,0.21,0.01,0.0
9.533125783000001,0.0,0.21,0.02,0.01
9.534114441,0.04,0.21,0.0,0.01
9.535111176000001,0.0,0.23,0.01,0.0
9.536116539,0.01,0.21,0.0,0.0
9.537137196,0.0,0.22,0.0,0.0
9.538157466000001,0.0,0.21,0.0,0.0
9.539122339,0.0,0.21,0.0,0.0
9.540123175,0.01,0.21,0.0,0.0
9.541151917,0.02,0.22,0.01,0.01
9.542153831,0.0,0.22,0.0,0.01
9.543166752000001,0.01,0.21,0.0,0.0
9.544134716,0.01,0.21,0.0,0.01
9.546111762,0.0,0.22,0.0,0.0
9.547114871,0.0,0.22,0.0,0.0
9.548109610000001,0.01,0.21,0.06,0.0
9.549124248,0.0,0.21,0.0,0.0
9.550075927,0.0,0.21,0.0,0.01
9.551118214,0.01,0.22,0.01,0.03
9.552119711000001,0.0,0.21,0.01,0.0
9.553106476,0.01,0.19,0.0,0.02
9.554119762000001,0.0,0.22,0.0,0.0
9.555156636000001,0.0,0.22,0.0,0.0
9.556113833000001,0.0,0.22,0.02,0.0
9.557105719,0.0,0.2,0.0,0.0
9.558129215000001,0.0,0.22,0.03,0.0
9.56014891,0.0,0.21,0.02,0.01
9.561022219,0.01,0.22,0.02,0.04
9.562130080000001,0.01,0.21,0.0,0.01
9.563121098,0.0,0.21,0.01,0.0
9.56412437,0.0,0.22,0.0,0.0
9.565124417,0.0,0.21,0.0,0.02
9.566111897,0.01,0.15,0.01,0.03
9.567101951,0.0,0.22,0.01,0.0
9.568274223000001,0.03,0.22,0.0,0.0
9.568989029,0.02,0.22,0.0,0.0
9.570078310000001,0.0,0.21,0.0,0.01
9.571128131,0.0,0.2,0.0,0.01
9.572321062,0.0,0.19,0.0,0.01
9.572999441,0.0,0.22,0.01,0.0
9.574160049000001,0.0,0.22,0.0,0.02
9.575055778000001,0.03,0.22,0.02,0.01
9.576164919,0.0,0.2,0.0,0.0
9.57810781,0.0,0.21,0.0,0.01
9.579020879,0.0,0.21,0.0,0.0
9.580114632,0.0,0.22,0.0,0.0
9.581216484,0.01,0.21,0.0,0.0
9.582019164,0.0,0.21,0.0,0.0
9.583108029,0.0,0.19,0.0,0.02
9.584018236,0.0,0.21,0.0,0.01
9.585115367,0.0,0.21,0.0,0.0
9.586115275000001,0.01,0.22,0.0,0.0
9.58710909,0.0,0.2,0.01,0.0
9.58811317,0.0,0.22,0.01,0.0
9.589124908,0.0,0.21,0.0,0.0
9.590146016,0.0,0.22,0.0,0.0
9.591119275,0.0,0.21,0.0,0.0
9.593218934000001,0.02,0.21,0.01,0.0
9.594031577,0.0,0.21,0.0,0.02
9.595106656,0.0,0.2,0.01,0.01
9.595994351,0.0,0.25,0.03,0.0
9.597107771000001,0.0,0.22,0.01,0.0
9.59797429,0.0,0.23,0.0,0.01
9.599170095,0.01,0.21,0.0,0.0
9.600025834,0.0,0.2,0.0,0.0
9.601128223,0.0,0.21,0.0,0.0
9.602086882,0.0,0.23,0.01,0.01
9.603199035000001,0.0,0.2,0.0,0.0
9.603998289,0.0,0.25,0.0,0.0
9.605154334,0.0,0.22,0.01,0.0
9.606081075,0.01,0.21,0.01,0.0
9.608108279000001,0.0,0.21,0.0,0.0
9.609142013000001,0.0,0.21,0.01,0.01
9.610125759,0.06,0.24,0.02,0.0
9.611034315000001,0.02,0.22,0.01,0.0
9.612109207000001,0.0,0.2,0.02,0.0
9.613123553000001,0.02,0.21,0.0,0.0
9.614118703,0.0,0.21,0.0,0.0
9.615140122000001,0.0,0.21,0.04,0.0
9.616130604,0.01,0.24,0.0,0.0
9.617106343000001,0.0,0.22,0.01,0.0
9.618149269,0.02,0.21,0.0,0.0
9.619162507,0.0,0.21,0.0,0.01
9.620132764000001,0.0,0.21,0.01,0.0
9.621139693,0.01,0.21,0.0,0.0
9.62310878,0.0,0.21,0.02,0.0
9.62413012,0.0,0.2,0.0,0.01
9.625111987,0.0,0.21,0.0,0.0
9.626119273,0.0,0.21,0.0,0.0
9.627111926000001,0.03,0.23,0.01,0.0
9.628119592000001,0.0,0.21,0.0,0.01
9.62914615,0.0,0.21,0.0,0.0
9.630135580000001,0.0,0.21,0.0,0.0
9.631109711,0.0,0.22,0.01,0.0
9.632126485,0.01,0.21,0.0,0.0
9.633186933000001,0.0,0.22,0.01,0.0
9.634017459,0.01,0.21,0.01,0.04
9.635142696,0.0,0.22,0.01,0.0
9.637136867,0.01,0.21,0.0,0.0
9.638114193,0.0,0.21,0.0,0.01
9.639156626,0.0,0.21,0.0,0.0
9.640016972,0.0,0.22,0.0,0.01
9.641120401,0.0,0.2,0.0,0.01
9.642118832000001,0.01,0.21,0.0,0.0
9.643111886,0.05,0.25,0.01,0.0
9.644115892,0.02,0.21,0.01,0.0
9.645207551,0.0,0.19,0.0,0.0
9.646038137000001,0.0,0.21,0.0,0.01
9.647106977,0.01,0.22,0.01,0.0
9.648111389,0.01,0.22,0.0,0.0
9.649115802,0.0,0.21,0.0,0.0
9.650176891000001,0.0,0.21,0.0,0.0
9.651035612000001,0.0,0.21,0.0,0.0
9.652133899,0.01,0.2,0.0,0.0
9.654056297,0.0,0.21,0.01,0.0
9.655111922000001,0.01,0.21,0.0,0.0
9.656125154000001,0.01,0.23,0.01,0.0
9.657111950000001,0.0,0.21,0.0,0.01
9.658108983,0.0,0.22,0.0,0.01
9.659123349000001,0.01,0.21,0.0,0.01
9.660151542000001,0.0,0.21,0.01,0.0
9.661014444000001,0.0,0.2,0.0,0.0
9.662125107000001,0.0,0.2,0.01,0.0
9.663118346000001,0.0,0.2,0.0,0.0
9.664140711,0.0,0.2,0.0,0.0
9.665166523,0.0,0.2,0.01,0.0
9.666058860000001,0.0,0.2,0.0,0.0
9.668132836,0.01,0.21,0.02,0.03
9.669138584,0.0,0.21,0.0,0.0
9.670016853,0.0,0.21,0.0,0.0
9.671109457,0.0,0.2,0.0,0.0
9.672107648,0.0,0.21,0.0,0.0
9.673184037,0.0,0.21,0.01,0.0
9.674014403000001,0.0,0.23,0.01,0.01
9.67511164,0.01,0.21,0.02,0.0
9.676121327,0.0,0.23,0.0,0.02
9.677131908,0.0,0.21,0.0,0.0
9.678120223,0.0,0.23,0.0,0.0
9.679147883,0.0,0.2,0.0,0.0
9.680151107,0.0,0.22,0.0,0.0
9.681108422000001,0.0,0.2,0.01,0.01
9.682115512000001,0.0,0.21,0.01,0.01
9.684114359,0.0,0.21,0.01,0.0
9.685116888000001,0.04,0.23,0.0,0.0
9.686118415000001,0.0,0.24,0.0,0.01
9.687112284000001,0.0,0.23,0.0,0.0
9.688114873,0.0,0.22,0.0,0.0
9.689114023,0.01,0.21,0.02,0.04
9.690113618,0.0,0.21,0.0,0.0
9.691329065000001,0.0,0.21,0.0,0.0
9.691997818,0.0,0.18,0.0,0.01
9.69321865,0.0,0.21,0.0,0.0
9.694027973,0.0,0.22,0.02,0.01
9.695030796000001,0.0,0.21,0.01,0.0
9.696185785,0.0,0.22,0.0,0.0
9.698118103,0.0,0.21,0.0,0.01
9.699013746,0.0,0.21,0.01,0.01
9.700032754,0.0,0.21,0.0,0.0
9.701172969,0.0,0.22,0.0,0.01
9.702018083,0.0,0.21,0.0,0.01
9.703110016,0.03,0.21,0.0,0.01
9.704113207,0.0,0.19,0.0,0.01
9.705108829,0.0,0.21,0.0,0.0
9.706169499000001,0.0,0.21,0.0,0.0
9.707016284,0.0,0.19,0.01,0.01
9.708193074,0.0,0.21,0.0,0.0
9.7089689,0.0,0.21,0.01,0.0
9.710187935,0.0,0.21,0.01,0.01
9.711040905,0.0,0.21,0.0,0.01
9.712124278000001,0.0,0.24,0.0,0.02
9.714109275,0.01,0.23,0.01,0.0
9.715127595,0.03,0.22,0.0,0.01
9.716110076000001,0.0,0.18,0.0,0.0
9.717190762000001,0.0,0.21,0.0,0.0
9.718016876,0.01,0.22,0.01,0.0
9.719115611000001,0.0,0.22,0.0,0.0
9.720116118,0.0,0.21,0.0,0.0
9.721125454000001,0.01,0.21,0.0,0.0
9.722207521000001,0.0,0.22,0.0,0.0
9.723064292,0.0,0.19,0.0,0.0
9.724339561,0.0,0.21,0.0,0.0
9.725002405000001,0.03,0.21,0.0,0.0
9.726257201000001,0.02,0.21,0.0,0.05
9.728109774,0.03,0.2,0.01,0.0
9.72911152,0.0,0.21,0.01,0.0
9.730184026,0.0,0.22,0.0,0.01
9.731047161000001,0.01,0.21,0.02,0.01
9.732131108,0.0,0.2,0.0,0.0
9.733120372,0.01,0.21,0.0,0.0
9.734035049000001,0.0,0.24,0.0,0.0
9.73511691,0.01,0.22,0.01,0.03
9.736119306,0.01,0.21,0.0,0.0
9.737038012000001,0.01,0.2,0.01,0.0
9.738138118,0.0,0.18,0.05,0.0
9.739029182000001,0.0,0.21,0.0,0.0
9.740172747,0.0,0.21,0.0,0.01
9.740967268,0.0,0.21,0.01,0.02
9.742115597,0.0,0.2,0.01,0.0
9.744121854000001,0.0,0.21,0.0,0.0
9.745116951,0.0,0.21,0.0,0.0
9.746192829,0.0,0.2,0.0,0.0
9.747023729,0.0,0.2,0.01,0.0
9.748209600000001,0.01,0.2,0.0,0.0
9.749038200000001,0.01,0.2,0.0,0.0
9.750121761,0.0,0.23,0.05,0.0
9.751130665,0.01,0.2,0.0,0.0
9.752126771,0.0,0.2,0.01,0.02
9.75324741,0.0,0.18,0.0,0.0
9.754015928000001,0.0,0.21,0.01,0.01
9.755122691,0.02,0.2,0.0,0.0
9.756180021,0.0,0.17,0.01,0.01
9.757057818,0.0,0.21,0.0,0.01
9.758263734,0.01,0.2,0.0,0.0
9.760034265,0.0,0.2,0.0,0.0
9.761127943,0.0,0.2,0.01,0.01
9.762211682,0.0,0.19,0.01,0.0
9.763010348,0.0,0.18,0.01,0.0
9.764245026000001,0.01,0.2,0.0,0.02
9.765011593,0.0,0.2,0.0,0.0
9.766050678000001,0.0,0.2,0.01,0.01
9.767114333,0.06,0.2,0.07,0.01
9.768139352,0.01,0.21,0.0,0.01
9.769131908,0.0,0.21,0.0,0.0
9.770139460000001,0.02,0.2,0.0,0.0
9.77124893,0.0,0.2,0.0,0.0
9.772062531000001,0.0,0.2,0.05,0.13
9.773138819000001,0.0,0.19,0.01,0.0
9.775121369,0.01,0.2,0.0,0.0
9.776013858,0.03,0.2,0.0,0.0
9.777211063000001,0.0,0.2,0.01,0.0
9.778006228,0.0,0.22,0.0,0.0
9.779116593000001,0.0,0.2,0.0,0.0
9.779971616000001,0.0,0.21,0.0,0.0
9.781112931000001,0.01,0.19,0.01,0.01
9.782018458000001,0.01,0.2,0.0,0.0
9.783123456,0.02,0.2,0.01,0.0
9.784029541,0.01,0.19,0.01,0.01
9.785273024,0.0,0.2,0.0,0.0
9.785988698,0.0,0.19,0.0,0.03
9.787218855,0.0,0.2,0.01,0.0
9.789266692,0.0,0.2,0.0,0.0
9.790021076,0.0,0.2,0.01,0.0
9.791117703000001,0.0,0.19,0.0,0.01
9.792019359000001,0.0,0.19,0.0,0.01
9.793122156,0.0,0.19,0.01,0.01
9.794011969000001,0.01,0.19,0.0,0.01
9.79511691,0.0,0.19,0.01,0.0
9.796016555000001,0.01,0.2,0.0,0.0
9.797129706,0.0,0.21,0.0,0.0
9.798102120000001,0.0,0.21,0.0,0.0
9.799018757,0.0,0.19,0.0,0.0
9.800133608000001,0.05,0.2,0.04,0.02
9.801128494,0.0,0.19,0.02,0.0
9.802133607,0.0,0.19,0.01,0.0
9.803141359000001,0.01,0.19,0.0,0.0
9.804132568,0.0,0.2,0.0,0.0
9.806027539,0.0,0.19,0.0,0.02
9.807121005,0.03,0.23,0.0,0.01
9.808033002,0.0,0.19,0.0,0.0
9.809115548000001,0.0,0.19,0.0,0.0
9.810111681,0.0,0.19,0.01,0.0
9.811128135,0.02,0.19,0.01,0.02
9.812116607,0.0,0.18,0.0,0.0
9.813128094000001,0.0,0.19,0.0,0.0
9.814016559,0.0,0.21,0.01,0.0
9.815301245,0.01,0.18,0.0,0.0
9.815990905000001,0.01,0.19,0.01,0.0
9.817255843,0.0,0.19,0.01,0.0
9.819139776,0.0,0.19,0.0,0.0
9.820010658000001,0.01,0.17,0.01,0.0
9.821159947,0.0,0.19,0.01,0.0
9.822110927,0.0,0.19,0.01,0.0
9.823137788,0.01,0.19,0.0,0.0
9.824125976000001,0.03,0.19,0.0,0.01
9.825184977000001,0.01,0.18,0.0,0.0
9.826028854,0.0,0.19,0.01,0.0
9.82722599,0.01,0.18,0.01,0.0
9.827992027,0.0,0.19,0.0,0.0
9.829152924,0.0,0.19,0.0,0.0
9.830112190000001,0.0,0.18,0.01,0.0
9.831130027,0.0,0.19,0.0,0.0
9.832168104,0.0,0.18,0.01,0.0
9.83313165,0.0,0.15,0.0,0.02
9.834118784000001,0.01,0.15,0.01,0.04
9.836120339,0.0,0.18,0.0,0.01
9.837124750000001,0.0,0.21,0.0,0.0
9.838118604,0.0,0.18,0.0,0.0
9.839123424,0.01,0.15,0.01,0.0
9.840123366,0.01,0.19,0.0,0.0
9.841115963,0.0,0.18,0.01,0.01
9.842106615,0.0,0.19,0.01,0.02
9.843123398000001,0.0,0.18,0.0,0.0
9.844120968,0.0,0.23,0.0,0.0
9.845119124,0.0,0.17,0.0,0.0
9.846351819,0.0,0.18,0.01,0.01
9.848288608,0.01,0.18,0.01,0.0
9.849026778,0.0,0.25,0.0,0.0
9.85026309,0.0,0.18,0.0,0.02
9.850992530000001,0.0,0.18,0.0,0.0
9.852144164,0.01,0.18,0.01,0.0
9.853014598000001,0.0,0.18,0.0,0.0
9.854109907,0.01,0.18,0.03,0.0
9.855152258,0.03,0.18,0.0,0.0
9.856184032,0.01,0.15,0.0,0.0
9.857042714,0.0,0.18,0.01,0.01
9.858117329,0.01,0.18,0.01,0.01
9.859105527,0.01,0.18,0.0,0.0
9.860072070000001,0.01,0.19,0.0,0.0
9.861243391,0.0,0.17,0.0,0.0
9.862022426000001,0.01,0.17,0.0,0.01
9.863137197,0.0,0.18,0.01,0.0
9.865119394,0.0,0.18,0.0,0.0
9.866214667000001,0.0,0.17,0.0,0.0
9.866969849,0.0,0.17,0.0,0.02
9.868131923,0.0,0.18,0.02,0.0
9.868972933,0.0,0.18,0.0,0.0
9.870140676,0.0,0.18,0.0,0.0
9.871017055000001,0.0,0.17,0.01,0.01
9.872116375000001,0.0,0.17,0.03,0.0
9.873041988,0.01,0.18,0.0,0.0
9.874175540000001,0.0,0.19,0.0,0.0
9.875018671000001,0.0,0.17,0.0,0.0
9.876131878,0.0,0.18,0.0,0.01
9.877031713000001,0.0,0.18,0.02,0.01
9.87826972,0.0,0.18,0.0,0.0
9.880173698,0.0,0.15,0.0,0.0
9.881131165000001,0.0,0.16,0.0,0.0
9.882113059,0.0,0.17,0.0,0.0
9.883277166000001,0.02,0.17,0.01,0.04
9.884025713,0.01,0.19,0.0,0.0
9.885218269000001,0.0,0.17,0.0,0.0
9.886021263,0.01,0.17,0.03,0.0
9.887123282000001,0.0,0.18,0.03,0.01
9.888171664000001,0.0,0.17,0.0,0.01
9.88922713,0.0,0.17,0.02,0.01
9.890020243,0.0,0.17,0.0,0.0
9.891118377,0.03,0.17,0.02,0.01
9.892110029000001,0.0,0.18,0.01,0.0
9.893146633,0.0,0.17,0.0,0.0
9.894106049000001,0.0,0.2,0.0,0.0
9.895113042,0.0,0.16,0.0,0.0
9.897181176,0.0,0.18,0.0,0.0
9.89815415,0.0,0.15,0.0,0.0
9.899118589,0.0,0.18,0.0,0.01
9.900113001000001,0.03,0.15,0.06,0.02
9.901133546,0.01,0.18,0.0,0.0
9.902113111,0.0,0.17,0.0,0.0
9.903119149,0.01,0.17,0.0,0.0
9.904121955,0.0,0.17,0.01,0.0
9.905145375,0.0,0.17,0.01,0.0
9.906189355,0.0,0.15,0.01,0.01
9.907013236000001,0.01,0.17,0.0,0.0
9.908209977,0.0,0.17,0.0,0.01
9.910224136,0.0,0.17,0.0,0.0
9.911048217000001,0.01,0.17,0.01,0.0
9.912124466,0.0,0.17,0.0,0.0
9.913104350000001,0.0,0.18,0.01,0.0
9.914101355000001,0.0,0.17,0.0,0.01
9.915117016,0.0,0.16,0.01,0.01
9.916240807000001,0.01,0.18,0.0,0.05
9.917014836,0.01,0.17,0.0,0.03
9.918124528,0.0,0.17,0.0,0.02
9.919239569,0.0,0.17,0.0,0.0
9.92001464,0.01,0.17,0.0,0.0
9.921116091,0.0,0.17,0.01,0.0
9.922171555,0.01,0.16,0.0,0.0
9.923293153000001,0.0,0.16,0.0,0.0
9.924022914,0.0,0.18,0.0,0.01
9.925113662000001,0.0,0.17,0.0,0.03
9.927115341,0.01,0.17,0.0,0.01
9.928009088000001,0.03,0.17,0.0,0.0
9.929061263000001,0.0,0.17,0.0,0.0
9.930016336000001,0.0,0.17,0.0,0.0
9.931009963000001,0.0,0.17,0.01,0.0
9.932009667,0.01,0.18,0.0,0.0
9.933120181000001,0.01,0.17,0.0,0.0
9.933978057000001,0.01,0.22,0.02,0.0
9.935119424,0.0,0.18,0.02,0.0
9.936010909,0.0,0.19,0.0,0.0
9.937126149000001,0.0,0.18,0.0,0.0
9.938016375,0.0,0.17,0.0,0.0
9.939376672,0.0,0.17,0.01,0.0
9.941230354,0.0,0.17,0.0,0.0
9.94200019,0.02,0.17,0.0,0.0
9.943111187000001,0.01,0.17,0.0,0.0
9.943994999000001,0.01,0.18,0.1,0.03
9.945161182000001,0.0,0.15,0.0,0.02
9.946022969000001,0.0,0.17,0.0,0.0
9.947114716,0.0,0.17,0.0,0.0
9.948021085,0.0,0.18,0.0,0.01
9.949133512000001,0.01,0.17,0.0,0.0
9.950019515000001,0.01,0.17,0.01,0.0
9.951031577,0.0,0.15,0.01,0.03
9.952171316000001,0.0,0.16,0.01,0.02
9.953025778,0.0,0.17,0.01,0.0
9.955110336,0.01,0.14,0.01,0.0
9.956109997,0.0,0.18,0.0,0.0
9.957113263,0.01,0.17,0.01,0.03
9.95797072,0.0,0.18,0.0,0.0
9.959143542000001,0.01,0.18,0.0,0.0
9.960020446000001,0.0,0.22,0.0,0.0
9.96107265,0.0,0.17,0.0,0.0
9.962014544,0.0,0.17,0.01,0.0
9.963117882,0.0,0.18,0.01,0.01
9.964019046,0.0,0.17,0.02,0.0
9.965117037,0.02,0.19,0.0,0.01
9.966015643,0.01,0.2,0.01,0.01
9.967117382000001,0.03,0.17,0.01,0.0
9.968181237000001,0.0,0.18,0.0,0.01
9.969019827,0.0,0.18,0.0,0.0
9.971128917000001,0.0,0.17,0.0,0.0
9.972014437,0.0,0.18,0.0,0.0
9.973136563,0.0,0.18,0.0,0.0
9.973969013000001,0.0,0.17,0.01,0.01
9.975122531,0.0,0.16,0.01,0.0
9.976270711,0.0,0.18,0.01,0.0
9.976991073,0.04,0.2,0.01,0.0
9.978130923,0.01,0.18,0.01,0.01
9.979027420000001,0.0,0.18,0.0,0.0
9.980117832000001,0.0,0.18,0.0,0.0
9.981206543,0.0,0.18,0.0,0.0
9.982037995,0.0,0.17,0.01,0.0
9.98305526,0.0,0.17,0.0,0.0
9.984123922,0.0,0.17,0.0,0.0
9.986111809,0.0,0.17,0.0,0.0
9.987116745,0.0,0.18,0.01,0.0
9.988119738,0.0,0.18,0.01,0.01
9.989104693,0.0,0.17,0.0,0.0
9.990123136000001,0.0,0.17,0.0,0.0
9.991111953,0.0,0.17,0.02,0.01
9.992108207000001,0.03,0.19,0.01,0.01
9.993120543,0.0,0.17,0.0,0.02
9.994135734,0.0,0.17,0.0,0.0
9.995113226,0.04,0.17,0.02,0.0
9.996192501000001,0.0,0.17,0.0,0.0
9.997017679,0.0,0.17,0.0,0.0
9.998168386000001,0.02,0.21,0.0,0.03
9.999150802,0.0,0.2,0.0,0.0
10.001151140000001,0.0,0.17,0.0,0.0
10.002015167000001,0.0,0.17,0.01,0.0
10.003146941,0.01,0.17,0.02,0.0
10.004114894,0.01,0.17,0.01,0.0
10.005116614,0.0,0.17,0.01,0.0
10.006222806,0.0,0.17,0.0,0.01
10.007015268,0.0,0.16,0.0,0.0
10.008144825,0.01,0.17,0.0,0.0
10.009231465000001,0.0,0.17,0.0,0.0
10.010085126,0.0,0.17,0.0,0.0
10.011125027,0.0,0.16,0.0,0.0
10.012163309,0.01,0.17,0.0,0.0
10.013137697000001,0.0,0.17,0.0,0.0
10.015110979000001,0.0,0.17,0.0,0.0
10.016110547,0.0,0.17,0.0,0.0
10.017114845,0.0,0.16,0.01,0.0
10.018110658000001,0.0,0.18,0.0,0.0
10.019108265,0.0,0.16,0.0,0.0
10.020111007,0.0,0.17,0.0,0.0
10.02112073,0.0,0.17,0.0,0.0
10.022195321,0.0,0.17,0.0,0.01
10.023018708,0.0,0.17,0.0,0.0
10.024215404000001,0.01,0.17,0.01,0.0
10.025019033000001,0.01,0.18,0.0,0.0
10.026129146,0.0,0.17,0.0,0.01
10.027113985000002,0.05,0.17,0.0,0.0
10.028205002,0.0,0.13,0.03,0.02
10.02902336,0.0,0.17,0.0,0.0
10.030133939,0.0,0.16,0.0,0.0
10.032195502,0.0,0.18,0.0,0.0
10.033045612,0.0,0.17,0.0,0.01
10.034085746,0.0,0.17,0.0,0.02
10.035104462000001,0.01,0.18,0.0,0.0
10.036032045,0.01,0.17,0.0,0.0
10.037044543,0.01,0.15,0.01,0.0
10.038024045,0.0,0.17,0.01,0.0
10.039037357,0.0,0.14,0.0,0.0
10.040206493000001,0.0,0.12,0.0,0.0
10.041014069000001,0.0,0.14,0.01,0.0
10.042156047,0.01,0.18,0.01,0.01
10.0430461,0.01,0.17,0.0,0.0
10.044159077,0.0,0.17,0.02,0.0
10.046105177000001,0.0,0.14,0.05,0.02
10.047157161000001,0.0,0.17,0.02,0.0
10.048007938000001,0.01,0.17,0.0,0.0
10.049008728,0.0,0.18,0.0,0.01
10.050015594000001,0.01,0.16,0.01,0.0
10.051022382000001,0.01,0.17,0.0,0.0
10.052013903,0.0,0.18,0.0,0.0
10.053137615,0.0,0.17,0.0,0.0
10.054027768000001,0.01,0.09,0.11,0.06
10.05512288,0.01,0.16,0.01,0.01
10.056033255000001,0.01,0.17,0.0,0.0
10.057114402,0.0,0.18,0.01,0.01
10.057972182,0.0,0.17,0.0,0.0
10.059123161,0.0,0.17,0.0,0.0
10.061139306000001,0.0,0.12,0.01,0.0
10.061969489,0.0,0.17,0.0,0.01
10.063332969000001,0.0,0.17,0.0,0.0
10.063972793000001,0.0,0.17,0.0,0.0
10.065127772,0.0,0.16,0.0,0.0
10.066039612,0.0,0.16,0.0,0.0
10.067238210000001,0.0,0.15,0.0,0.01
10.068039363,0.01,0.16,0.0,0.0
10.069153546,0.0,0.16,0.0,0.0
10.070015208000001,0.01,0.16,0.0,0.0
10.071103573,0.0,0.15,0.0,0.01
10.072110296,0.01,0.16,0.01,0.0
10.074147765000001,0.0,0.17,0.0,0.0
10.075113052,0.0,0.15,0.0,0.01
10.076127668,0.0,0.16,0.01,0.02
10.077159094,0.0,0.18,0.0,0.0
10.078105111000001,0.01,0.16,0.01,0.03
10.079139470000001,0.0,0.16,0.03,0.0
10.080160466,0.01,0.16,0.0,0.0
10.081107882000001,0.0,0.16,0.0,0.0
10.082129749,0.01,0.16,0.0,0.0
10.083108706,0.0,0.16,0.0,0.0
10.084113545000001,0.02,0.16,0.01,0.0
10.085114034,0.02,0.16,0.01,0.0
10.086118679,0.03,0.17,0.0,0.0
10.087132241,0.0,0.16,0.0,0.0
10.088124868000001,0.02,0.15,0.0,0.08
10.089091699,0.0,0.16,0.0,0.0
10.090171,0.0,0.16,0.0,0.0
10.092142328000001,0.0,0.18,0.0,0.0
10.092998735,0.0,0.16,0.0,0.01
10.094260295,0.0,0.16,0.0,0.01
10.094980024,0.01,0.15,0.0,0.0
10.096111248000001,0.0,0.16,0.0,0.0
10.097219618,0.0,0.17,0.0,0.0
10.098032495,0.0,0.16,0.0,0.0
10.09922586,0.0,0.15,0.0,0.0
10.099983012000001,0.0,0.16,0.0,0.01
10.101259226,0.0,0.15,0.0,0.0
10.101992642,0.0,0.14,0.0,0.0
10.103204679000001,0.01,0.13,0.0,0.02
10.104020597,0.0,0.16,0.05,0.0
10.105179743,0.0,0.16,0.01,0.01
10.107115335000001,0.02,0.16,0.02,0.01
10.108147122,0.0,0.15,0.01,0.0
10.109014972,0.0,0.16,0.0,0.0
10.110111333,0.01,0.15,0.0,0.0
10.111117604,0.06,0.15,0.07,0.0
10.112108937,0.0,0.15,0.0,0.02
10.113120775,0.01,0.15,0.0,0.01
10.114109199000001,0.0,0.15,0.0,0.0
10.115120520000001,0.0,0.16,0.02,0.02
10.116125557,0.0,0.16,0.0,0.0
10.117132525,0.0,0.15,0.0,0.01
10.118107852000001,0.0,0.16,0.0,0.0
10.119171725000001,0.0,0.16,0.0,0.0
10.121107346,0.02,0.16,0.0,0.03
10.122114122000001,0.0,0.16,0.0,0.05
10.123118256000001,0.0,0.15,0.0,0.0
10.124106435,0.01,0.13,0.0,0.0
10.125120396,0.01,0.16,0.01,0.0
10.126165275,0.0,0.16,0.0,0.01
10.127020327,0.0,0.16,0.02,0.0
10.128203716,0.0,0.15,0.0,0.0
10.129087288000001,0.0,0.16,0.0,0.02
10.130113496,0.0,0.16,0.0,0.01
10.131237202000001,0.0,0.16,0.01,0.0
10.132030827000001,0.01,0.15,0.02,0.01
10.133155052000001,0.0,0.16,0.0,0.0
10.134151792,0.0,0.15,0.0,0.0
10.136115139000001,0.0,0.14,0.0,0.01
10.137052423,0.01,0.16,0.0,0.0
10.138100580000001,0.01,0.15,0.04,0.03
10.139057277000001,0.0,0.15,0.0,0.01
10.140108903,0.02,0.16,0.0,0.0
10.141107646,0.0,0.16,0.0,0.0
10.142103252,0.0,0.16,0.02,0.0
10.143104113000001,0.0,0.14,0.03,0.05
10.144160716,0.0,0.15,0.0,0.0
10.14501944,0.0,0.15,0.0,0.0
10.146134888,0.0,0.14,0.0,0.0
10.147116306000001,0.0,0.15,0.0,0.0
10.148122283000001,0.0,0.15,0.01,0.0
10.149144532000001,0.0,0.15,0.0,0.0
10.150117192000002,0.01,0.15,0.01,0.0
10.151102147000001,0.0,0.15,0.0,0.0
10.153117332,0.01,0.15,0.0,0.01
10.154105169000001,0.0,0.15,0.01,0.0
10.155107573,0.01,0.15,0.01,0.0
10.156146490000001,0.02,0.17,0.0,0.01
10.157019067,0.0,0.15,0.01,0.01
10.158214719,0.0,0.15,0.01,0.03
10.159073275,0.0,0.15,0.0,0.0
10.160184913,0.0,0.15,0.0,0.0
10.161031828,0.0,0.16,0.0,0.0
10.162130156,0.0,0.15,0.0,0.0
10.163122986000001,0.0,0.16,0.0,0.0
10.164210740000001,0.0,0.16,0.01,0.01
10.165043582000001,0.0,0.13,0.01,0.0
10.166150116,0.0,0.15,0.0,0.0
10.168116254000001,0.01,0.16,0.0,0.0
10.16912577,0.0,0.15,0.0,0.0
10.170111086,0.0,0.15,0.0,0.0
10.171113523,0.0,0.15,0.0,0.0
10.172107785000001,0.02,0.16,0.09,0.0
10.173114329,0.0,0.15,0.0,0.0
10.17409718,0.0,0.15,0.01,0.0
10.175128719,0.0,0.15,0.01,0.01
10.17611037,0.01,0.16,0.0,0.0
10.177106801,0.0,0.13,0.01,0.01
10.178107973000001,0.0,0.15,0.0,0.01
10.179144389000001,0.0,0.15,0.0,0.0
10.18017655,0.0,0.16,0.01,0.0
10.182290493,0.01,0.16,0.0,0.01
10.183017499,0.01,0.16,0.01,0.01
10.184192327,0.0,0.16,0.0,0.0
10.184970219,0.0,0.17,0.0,0.01
10.186121923,0.0,0.15,0.0,0.0
10.187243131,0.0,0.16,0.01,0.01
10.188037730000001,0.0,0.15,0.01,0.0
10.189119705000001,0.02,0.11,0.03,0.0
10.190109754,0.0,0.16,0.0,0.01
10.191244152000001,0.0,0.16,0.0,0.0
10.191998830000001,0.0,0.19,0.01,0.01
10.193110791,0.0,0.15,0.0,0.01
10.194187410000001,0.0,0.15,0.0,0.0
10.195049942,0.0,0.15,0.0,0.02
10.196118068,0.0,0.15,0.0,0.01
10.198129072,0.0,0.15,0.01,0.01
10.199016458000001,0.0,0.15,0.01,0.11
10.200130178,0.0,0.16,0.02,0.01
10.201013945000001,0.0,0.16,0.0,0.0
10.202108551,0.01,0.15,0.0,0.0
10.20310674,0.0,0.15,0.01,0.0
10.2041055,0.04,0.15,0.01,0.0
10.205115443,0.0,0.13,0.0,0.0
10.206116478,0.02,0.15,0.0,0.01
10.207131591000001,0.0,0.14,0.01,0.01
10.208160565,0.0,0.14,0.01,0.01
10.208970679,0.0,0.15,0.0,0.0
10.210180173000001,0.0,0.15,0.0,0.01
10.212141346000001,0.0,0.15,0.0,0.0
10.213023465000001,0.0,0.14,0.0,0.0
10.214123031000002,0.0,0.14,0.0,0.01
10.215031145000001,0.01,0.15,0.01,0.0
10.216122379,0.01,0.14,0.0,0.0
10.217019477000001,0.0,0.16,0.01,0.01
10.218207711,0.01,0.15,0.0,0.0
10.219015811,0.0,0.14,0.01,0.0
10.220133412000001,0.0,0.15,0.0,0.0
10.221025822000001,0.01,0.15,0.0,0.0
10.222132140000001,0.0,0.15,0.0,0.0
10.223012460000001,0.0,0.13,0.01,0.0
10.224145581,0.01,0.15,0.0,0.0
10.226266591,0.0,0.15,0.0,0.02
10.226992997,0.01,0.15,0.0,0.0
10.228115658,0.0,0.16,0.0,0.03
10.22911343,0.0,0.13,0.0,0.0
10.230129879000001,0.0,0.15,0.0,0.01
10.231022932,0.0,0.14,0.0,0.0
10.232317773,0.01,0.14,0.0,0.01
10.232974933000001,0.0,0.15,0.01,0.02
