timestamp,FSR1,FSR2,FSR3,FSR4
0.0013113200000000002,0.01,0.01,0.01,0.4
0.006426631,0.0,0.01,0.01,0.42
0.007068583000000001,0.0,0.01,0.01,0.41
0.008528267,0.0,0.01,0.01,0.42
0.009067383,0.0,0.0,0.01,0.41
0.010503804,0.01,0.0,0.01,0.41
0.011066069000000001,0.02,0.01,0.01,0.42
0.012498441,0.01,0.01,0.01,0.41
0.013035163,0.01,0.01,0.0,0.42
0.014206866,0.01,0.01,0.01,0.41
0.015118553000000002,0.02,0.02,0.01,0.41
0.016058771,0.01,0.01,0.01,0.42
0.017400984,0.01,0.01,0.01,0.41
0.018066382000000002,0.0,0.01,0.0,0.42
0.019535574,0.0,0.01,0.0,0.42
0.020071585000000003,0.02,0.01,0.01,0.42
0.021502919000000002,0.01,0.02,0.02,0.42
0.022065281000000003,0.01,0.01,0.01,0.42
0.023503631,0.01,0.0,0.0,0.42
0.024066123000000002,0.01,0.01,0.01,0.41
0.025501154,0.01,0.01,0.01,0.42
0.026065476,0.01,0.01,0.01,0.41
0.027493434,0.0,0.0,0.0,0.42
0.028066607,0.0,0.0,0.0,0.42
0.029380777,0.0,0.0,0.01,0.41
0.030066155,0.0,0.0,0.0,0.41
0.031303759,0.0,0.0,0.0,0.42
0.032070669,0.01,0.01,0.0,0.42
0.033848579000000004,0.01,0.01,0.01,0.43
0.034211775,0.02,0.02,0.02,0.43
0.035143145,0.01,0.02,0.01,0.42
0.036825055,0.01,0.0,0.0,0.42
0.037198084,0.0,0.0,0.01,0.42
0.038143111,0.0,0.0,0.0,0.41
0.039175875000000006,0.01,0.01,0.01,0.42
0.040293299000000005,0.02,0.01,0.03,0.4
0.041066152,0.01,0.01,0.0,0.42
0.042492754,0.0,0.01,0.0,0.41
0.043065765000000006,0.0,0.01,0.0,0.41
0.044354714,0.01,0.0,0.0,0.42
0.045066397,0.0,0.0,0.0,0.43
0.046323615000000005,0.0,0.0,0.0,0.42
0.047066934000000005,0.0,0.0,0.0,0.42
0.048436698,0.0,0.01,0.01,0.42
0.049068048,0.01,0.01,0.01,0.42
0.050975272,0.01,0.0,0.0,0.41
0.051340017,0.01,0.01,0.01,0.43
0.052190773,0.02,0.02,0.02,0.41
0.053499289000000005,0.02,0.02,0.02,0.42
0.054064419,0.01,0.02,0.02,0.42
0.055498744,0.02,0.0,0.01,0.42
0.056064158,0.01,0.01,0.01,0.41
0.057278854000000004,0.0,0.0,0.0,0.41
0.058217067000000004,0.01,0.01,0.01,0.41
0.059283920000000004,0.01,0.01,0.0,0.42
0.060198403000000004,0.01,0.01,0.0,0.42
0.061165092000000004,0.0,0.01,0.01,0.41
0.062280672,0.02,0.02,0.0,0.41
0.063064282,0.01,0.01,0.01,0.42
0.06459596100000001,0.01,0.01,0.0,0.41
0.066467105,0.0,0.01,0.0,0.42
0.06707513200000001,0.0,0.01,0.01,0.43
0.068367331,0.01,0.0,0.01,0.42
0.069112849,0.01,0.01,0.01,0.41
0.070147448,0.0,0.01,0.01,0.42
0.071160369,0.01,0.01,0.01,0.41
0.07233249700000001,0.01,0.01,0.01,0.42
0.07306330200000001,0.01,0.01,0.01,0.41
0.074290303,0.01,0.0,0.0,0.42
0.075186468,0.01,0.01,0.0,0.4
0.07613621300000001,0.0,0.0,0.0,0.41
0.07711073,0.01,0.02,0.01,0.43
0.07817028200000001,0.01,0.02,0.02,0.42
0.079175838,0.01,0.01,0.01,0.43
0.080301414,0.01,0.0,0.0,0.41
0.08248132100000001,0.01,0.01,0.0,0.42
0.083085356,0.01,0.01,0.01,0.41
0.084429239,0.01,0.0,0.0,0.41
0.08508135900000001,0.0,0.0,0.0,0.43
0.086435446,0.0,0.01,0.0,0.42
0.08708246600000001,0.0,0.0,0.0,0.42
0.088482294,0.01,0.0,0.01,0.42
0.089079718,0.01,0.0,0.01,0.42
0.09037202600000001,0.01,0.01,0.01,0.42
0.09112429300000001,0.02,0.01,0.02,0.42
0.09229931400000001,0.02,0.02,0.02,0.41
0.093180831,0.01,0.01,0.01,0.42
0.09437142200000001,0.0,0.01,0.01,0.42
0.09629304500000001,0.01,0.01,0.0,0.42
0.09717397900000001,0.0,0.01,0.01,0.42
0.098159994,0.02,0.0,0.01,0.42
0.09933850500000001,0.01,0.01,0.01,0.42
0.100117728,0.01,0.01,0.01,0.41
0.101325618,0.01,0.0,0.0,0.42
0.102119101,0.0,0.01,0.0,0.42
0.103481106,0.01,0.0,0.01,0.42
0.10408436800000001,0.0,0.0,0.0,0.42
0.10535351600000001,0.01,0.01,0.0,0.42
0.106079821,0.0,0.0,0.0,0.42
0.107293466,0.0,0.0,0.0,0.42
0.10812547,0.0,0.0,0.0,0.42
0.10914364300000001,0.01,0.01,0.0,0.42
0.111387383,0.01,0.0,0.0,0.43
0.11208933600000001,0.01,0.01,0.02,0.42
0.11315775400000001,0.01,0.02,0.02,0.42
0.11422583300000001,0.01,0.02,0.01,0.43
0.11507502000000001,0.01,0.0,0.0,0.42
0.116279427,0.01,0.0,0.01,0.42
0.117129468,0.0,0.0,0.0,0.42
0.118182058,0.01,0.01,0.01,0.41
0.119139483,0.01,0.01,0.01,0.42
0.120431824,0.01,0.01,0.01,0.42
0.12109663400000001,0.0,0.0,0.0,0.42
0.122286796,0.01,0.0,0.0,0.42
0.12309225600000001,0.01,0.0,0.0,0.42
0.12416231800000001,0.0,0.01,0.01,0.41
0.125203283,0.01,0.0,0.01,0.41
0.126131041,0.0,0.01,0.0,0.42
0.127413397,0.01,0.01,0.02,0.42
0.129257062,0.0,0.01,0.01,0.42
0.130172742,0.01,0.01,0.01,0.42
0.13127091000000002,0.01,0.0,0.01,0.42
0.13220573200000002,0.01,0.01,0.01,0.41
0.133257923,0.01,0.01,0.01,0.41
0.13422968500000002,0.01,0.02,0.01,0.42
0.13515058700000002,0.0,0.01,0.01,0.42
0.13639531300000002,0.0,0.01,0.0,0.43
0.13709605500000002,0.02,0.01,0.0,0.41
0.13831762,0.01,0.01,0.01,0.42
0.139112595,0.01,0.01,0.01,0.41
0.140469226,0.0,0.0,0.01,0.42
0.142427394,0.0,0.01,0.01,0.41
0.143087539,0.01,0.01,0.0,0.41
0.144440178,0.01,0.02,0.0,0.41
0.14507825100000002,0.01,0.0,0.0,0.42
0.146457108,0.0,0.0,0.0,0.42
0.147077139,0.0,0.0,0.0,0.42
0.14845724600000001,0.01,0.0,0.0,0.42
0.149082149,0.01,0.01,0.01,0.42
0.150445365,0.0,0.0,0.0,0.42
0.151077347,0.01,0.01,0.02,0.42
0.15232496,0.02,0.02,0.01,0.42
0.15307948700000001,0.02,0.02,0.02,0.43
0.15439872600000001,0.0,0.01,0.01,0.42
0.155078981,0.0,0.01,0.01,0.41
0.156428018,0.0,0.01,0.0,0.42
0.158437839,0.01,0.01,0.02,0.41
0.159086692,0.01,0.01,0.01,0.41
0.160294968,0.01,0.02,0.01,0.4
0.16120963500000002,0.0,0.01,0.01,0.42
0.16212388800000002,0.0,0.01,0.01,0.42
0.16320533,0.01,0.01,0.0,0.42
0.164231217,0.01,0.0,0.01,0.42
0.165247358,0.0,0.01,0.0,0.41
0.166216201,0.0,0.01,0.0,0.42
0.167194416,0.0,0.0,0.01,0.42
0.16825515700000002,0.0,0.01,0.01,0.42
0.169181471,0.01,0.0,0.0,0.41
0.170421699,0.01,0.01,0.01,0.42
0.171085493,0.01,0.01,0.02,0.42
0.172416548,0.01,0.02,0.01,0.41
0.174425554,0.01,0.02,0.02,0.42
0.175092135,0.0,0.0,0.0,0.42
0.176408898,0.01,0.0,0.01,0.41
0.17709233100000002,0.0,0.0,0.01,0.42
0.178351807,0.01,0.01,0.01,0.41
0.179092358,0.02,0.02,0.02,0.42
0.180431907,0.01,0.01,0.01,0.42
0.18108917800000002,0.01,0.0,0.0,0.41
0.18251889400000001,0.0,0.01,0.0,0.41
0.183086893,0.01,0.01,0.0,0.41
0.18433837,0.01,0.0,0.0,0.42
0.18511227600000002,0.0,0.01,0.0,0.41
0.18646089100000002,0.0,0.0,0.0,0.43
0.18821257900000002,0.01,0.0,0.0,0.41
0.18918732400000002,0.01,0.0,0.0,0.42
0.19028857200000002,0.01,0.02,0.01,0.41
0.191214618,0.01,0.01,0.02,0.41
0.19228186800000002,0.01,0.01,0.0,0.41
0.193120852,0.01,0.01,0.01,0.41
0.19441976200000002,0.01,0.01,0.01,0.4
0.195089441,0.0,0.0,0.0,0.41
0.196552578,0.01,0.0,0.0,0.41
0.19708065800000002,0.01,0.01,0.01,0.42
0.198293468,0.02,0.01,0.01,0.42
0.19910096600000002,0.01,0.01,0.01,0.43
0.200479657,0.0,0.0,0.01,0.41
0.202443228,0.0,0.01,0.01,0.41
0.203088133,0.01,0.01,0.01,0.41
0.20441763500000001,0.01,0.01,0.01,0.41
0.205093555,0.0,0.0,0.0,0.41
0.20650274000000002,0.01,0.01,0.01,0.41
0.207089657,0.0,0.0,0.0,0.41
0.20842363600000002,0.01,0.01,0.01,0.41
0.20908464100000002,0.01,0.0,0.01,0.41
0.21042850200000002,0.01,0.01,0.0,0.42
0.211084774,0.01,0.01,0.02,0.42
0.212321896,0.02,0.02,0.02,0.41
0.213109082,0.02,0.01,0.01,0.41
0.21433717200000002,0.0,0.0,0.01,0.42
0.215081033,0.01,0.01,0.0,0.42
0.21642503100000002,0.0,0.01,0.01,0.41
0.21850186400000002,0.01,0.0,0.01,0.41
0.219084615,0.01,0.01,0.01,0.42
0.220420217,0.01,0.01,0.0,0.4
0.22108640300000001,0.0,0.01,0.01,0.42
0.222451598,0.01,0.0,0.01,0.41
0.223090373,0.01,0.0,0.01,0.42
0.22443700800000002,0.0,0.0,0.0,0.42
0.22508496100000003,0.0,0.01,0.0,0.41
0.22663221300000003,0.01,0.01,0.0,0.42
0.22707164200000002,0.01,0.01,0.0,0.43
0.228322982,0.0,0.01,0.01,0.42
0.229143,0.01,0.0,0.0,0.42
0.230499308,0.01,0.0,0.01,0.42
0.231079366,0.01,0.01,0.01,0.43
0.23245605700000002,0.02,0.02,0.03,0.42
0.23448801500000002,0.02,0.02,0.02,0.43
0.23507898700000002,0.0,0.01,0.0,0.42
0.23646836400000001,0.0,0.0,0.0,0.42
0.23707565900000002,0.0,0.01,0.0,0.42
0.238467226,0.02,0.01,0.01,0.41
0.239074993,0.02,0.02,0.01,0.41
0.240483149,0.01,0.01,0.01,0.42
0.24108115900000002,0.0,0.01,0.0,0.42
0.24235070300000003,0.0,0.01,0.01,0.42
0.243072805,0.01,0.0,0.01,0.42
0.24437090500000003,0.01,0.0,0.0,0.42
0.24507515100000002,0.0,0.0,0.0,0.41
0.24651059900000002,0.0,0.01,0.01,0.42
0.24708351900000003,0.02,0.01,0.01,0.42
0.24846187600000003,0.01,0.01,0.0,0.42
0.25059627500000003,0.0,0.01,0.01,0.43
0.251109748,0.01,0.01,0.0,0.42
0.25243074600000004,0.01,0.01,0.01,0.42
0.253088957,0.01,0.0,0.0,0.41
0.254288424,0.01,0.0,0.01,0.42
0.25508193300000004,0.0,0.0,0.0,0.41
0.256526843,0.0,0.0,0.0,0.42
0.257081467,0.02,0.01,0.01,0.42
0.258319676,0.02,0.02,0.01,0.43
0.259078293,0.02,0.01,0.01,0.41
0.260653263,0.0,0.0,0.01,0.41
0.261063916,0.01,0.01,0.0,0.42
0.262287129,0.01,0.01,0.01,0.41
0.264434322,0.0,0.01,0.0,0.41
0.26508986100000004,0.0,0.0,0.0,0.42
0.26631424600000003,0.0,0.0,0.0,0.42
0.267193846,0.0,0.01,0.0,0.41
0.26824291100000003,0.01,0.01,0.01,0.42
0.269228572,0.0,0.0,0.01,0.42
0.270269148,0.0,0.0,0.01,0.42
0.27123478,0.01,0.02,0.01,0.42
0.272204025,0.02,0.02,0.02,0.41
0.273322699,0.02,0.02,0.01,0.42
0.274085915,0.01,0.0,0.0,0.41
0.275392639,0.01,0.01,0.01,0.42
0.27608260300000004,0.0,0.0,0.01,0.42
0.277420155,0.01,0.01,0.02,0.42
0.279426632,0.0,0.02,0.02,0.42
0.280091719,0.0,0.01,0.01,0.4
0.281187395,0.0,0.01,0.01,0.41
0.28210271800000003,0.01,0.0,0.01,0.42
0.28329829300000003,0.01,0.01,0.01,0.42
0.28420954800000003,0.01,0.0,0.01,0.43
0.28529023800000003,0.0,0.0,0.0,0.42
0.286210299,0.0,0.0,0.0,0.41
0.287140975,0.0,0.01,0.0,0.42
0.28834853,0.0,0.01,0.0,0.43
0.28909058400000004,0.0,0.0,0.0,0.42
0.29031044500000003,0.01,0.0,0.01,0.42
0.291128744,0.01,0.01,0.01,0.42
0.29233649700000003,0.02,0.01,0.01,0.42
0.29438176,0.01,0.01,0.01,0.43
0.29509366600000003,0.0,0.01,0.0,0.42
0.29641922400000004,0.01,0.0,0.01,0.42
0.297093355,0.01,0.0,0.0,0.41
0.298363829,0.01,0.0,0.01,0.41
0.299086634,0.01,0.01,0.01,0.41
0.300423979,0.0,0.01,0.01,0.42
0.30108376200000003,0.0,0.01,0.0,0.42
0.30227922,0.0,0.01,0.01,0.42
0.303153027,0.01,0.0,0.0,0.42
0.30417688400000004,0.0,0.0,0.0,0.42
0.30536196800000004,0.0,0.01,0.01,0.42
0.30608748900000005,0.0,0.01,0.0,0.43
0.307315224,0.0,0.01,0.0,0.42
0.30941918,0.01,0.01,0.0,0.42
0.310093208,0.0,0.01,0.0,0.42
0.311140603,0.01,0.01,0.0,0.42
0.312167637,0.01,0.01,0.01,0.43
0.313083431,0.01,0.01,0.01,0.42
0.314275375,0.01,0.01,0.01,0.42
0.31522506100000003,0.0,0.01,0.0,0.42
0.316266284,0.01,0.01,0.01,0.43
0.31722125900000003,0.01,0.02,0.0,0.42
0.318371681,0.02,0.02,0.01,0.42
0.31910717,0.02,0.01,0.01,0.44
0.32032846600000003,0.01,0.0,0.0,0.41
0.32109626500000005,0.01,0.01,0.01,0.42
0.32248126600000004,0.01,0.01,0.0,0.41
0.32445463,0.01,0.01,0.0,0.42
0.325097197,0.0,0.01,0.0,0.41
0.326409438,0.0,0.0,0.01,0.41
0.327095254,0.0,0.0,0.01,0.42
0.328263895,0.0,0.0,0.01,0.42
0.329188574,0.01,0.01,0.01,0.42
0.330267892,0.01,0.0,0.0,0.43
0.33124222400000003,0.01,0.01,0.01,0.42
0.33224764900000003,0.02,0.02,0.01,0.41
0.333170721,0.02,0.02,0.02,0.41
0.33416611700000004,0.01,0.0,0.0,0.41
0.335180939,0.01,0.01,0.0,0.42
0.33627095100000004,0.0,0.0,0.0,0.42
0.337332516,0.01,0.01,0.02,0.42
0.339423279,0.01,0.01,0.02,0.42
0.340101237,0.01,0.0,0.01,0.42
0.34140244200000003,0.0,0.0,0.0,0.42
0.342097611,0.01,0.01,0.01,0.42
0.343297177,0.01,0.01,0.01,0.42
0.34409658400000004,0.01,0.0,0.0,0.42
0.34527912600000005,0.0,0.0,0.0,0.43
0.34615173800000004,0.01,0.0,0.0,0.42
0.34718893300000003,0.0,0.01,0.0,0.42
0.348174666,0.0,0.0,0.0,0.42
0.34932003300000003,0.0,0.0,0.0,0.42
0.35009474300000004,0.01,0.0,0.02,0.42
0.351429417,0.01,0.01,0.01,0.42
0.352093716,0.02,0.01,0.01,0.42
0.35341803400000005,0.01,0.01,0.02,0.41
0.35542297100000003,0.01,0.0,0.0,0.42
0.356089584,0.01,0.01,0.01,0.42
0.357433591,0.0,0.01,0.0,0.42
0.35808762,0.01,0.01,0.01,0.41
0.359415715,0.02,0.01,0.01,0.41
0.36008630900000005,0.0,0.01,0.01,0.42
0.36153228000000004,0.0,0.0,0.0,0.42
0.36208241100000005,0.01,0.01,0.01,0.43
0.363390833,0.01,0.01,0.01,0.42
0.364075331,0.0,0.0,0.0,0.41
0.365413248,0.0,0.0,0.01,0.42
0.366075439,0.0,0.0,0.0,0.42
0.36746057200000004,0.0,0.01,0.0,0.42
0.36945943600000003,0.0,0.0,0.01,0.42
0.370085971,0.0,0.0,0.0,0.42
0.37141776600000004,0.01,0.0,0.01,0.42
0.37209237700000003,0.01,0.01,0.02,0.42
0.373469859,0.01,0.02,0.02,0.43
0.37415472,0.01,0.01,0.01,0.42
0.37510174100000004,0.01,0.0,0.0,0.42
0.37643358400000004,0.0,0.01,0.0,0.42
0.37706831700000004,0.01,0.01,0.0,0.43
0.37829359700000004,0.01,0.01,0.01,0.41
0.379124071,0.01,0.01,0.02,0.42
0.38047827700000003,0.0,0.0,0.0,0.42
0.381077745,0.0,0.0,0.01,0.42
0.383153053,0.01,0.0,0.0,0.42
0.38407707,0.0,0.01,0.01,0.42
0.385515896,0.0,0.0,0.0,0.42
0.38608501900000003,0.0,0.0,0.0,0.42
0.387311406,0.0,0.02,0.01,0.41
0.388089016,0.01,0.01,0.01,0.42
0.389463979,0.01,0.0,0.01,0.42
0.390091746,0.0,0.02,0.0,0.42
0.39126456000000004,0.02,0.01,0.01,0.41
0.39216104100000004,0.01,0.01,0.01,0.41
0.39314258,0.01,0.01,0.01,0.42
0.394286943,0.0,0.01,0.01,0.42
0.39508471900000003,0.0,0.0,0.01,0.41
0.396340525,0.0,0.01,0.0,0.41
0.39842603000000004,0.01,0.01,0.01,0.42
0.399095548,0.02,0.02,0.02,0.42
0.400307026,0.01,0.01,0.01,0.42
0.401143108,0.01,0.0,0.0,0.41
0.40227097500000003,0.01,0.01,0.01,0.41
0.403082867,0.0,0.0,0.01,0.41
0.40427412100000004,0.01,0.0,0.0,0.42
0.405126965,0.01,0.01,0.01,0.42
0.40626662500000005,0.0,0.0,0.01,0.42
0.407187159,0.0,0.01,0.0,0.41
0.40815793300000003,0.01,0.01,0.0,0.42
0.40931042900000003,0.01,0.01,0.01,0.42
0.410110003,0.01,0.01,0.0,0.42
0.41144825700000004,0.01,0.02,0.01,0.41
0.413419916,0.02,0.02,0.01,0.41
0.41409451,0.02,0.02,0.01,0.42
0.41540777100000004,0.01,0.01,0.0,0.42
0.416097885,0.01,0.01,0.0,0.43
0.41741665,0.0,0.0,0.0,0.41
0.418093131,0.02,0.01,0.01,0.42
0.41942556200000003,0.01,0.01,0.01,0.42
0.420085741,0.01,0.01,0.0,0.41
0.42152665100000003,0.0,0.01,0.0,0.41
0.422081484,0.01,0.01,0.01,0.41
0.423352549,0.01,0.01,0.01,0.41
0.424084202,0.0,0.01,0.0,0.41
0.42538578400000004,0.0,0.01,0.0,0.42
0.42608570100000004,0.0,0.01,0.0,0.42
0.427483883,0.01,0.01,0.01,0.43
0.429426538,0.01,0.01,0.0,0.42
0.430091635,0.01,0.0,0.01,0.41
0.43129038500000005,0.02,0.01,0.01,0.43
0.4322088,0.01,0.02,0.01,0.42
0.43327930400000003,0.02,0.01,0.02,0.41
0.43412016000000003,0.01,0.01,0.01,0.41
0.43545358,0.01,0.01,0.0,0.42
0.43609243000000003,0.01,0.01,0.0,0.41
0.43727079900000004,0.0,0.01,0.01,0.42
0.43808454700000005,0.01,0.01,0.01,0.42
0.43931024300000004,0.02,0.01,0.0,0.42
0.44014684600000004,0.01,0.01,0.0,0.41
0.441189003,0.0,0.0,0.01,0.42
0.442224414,0.0,0.01,0.01,0.42
0.444287256,0.0,0.01,0.0,0.42
0.44519768400000004,0.01,0.01,0.0,0.42
0.44627016,0.01,0.01,0.0,0.42
0.44720834200000004,0.0,0.0,0.0,0.42
0.44810911200000003,0.0,0.0,0.02,0.42
0.449124206,0.0,0.0,0.0,0.41
0.450083789,0.01,0.0,0.01,0.41
0.451122695,0.01,0.0,0.02,0.42
0.45224336000000004,0.02,0.01,0.02,0.42
0.45317864100000005,0.01,0.02,0.02,0.42
0.454165323,0.0,0.0,0.0,0.42
0.455093146,0.01,0.0,0.0,0.42
0.45619232800000004,0.0,0.0,0.01,0.42
0.457092669,0.01,0.01,0.01,0.42
0.45827444500000003,0.02,0.02,0.02,0.42
0.46040690900000003,0.01,0.01,0.01,0.42
0.46112421600000003,0.01,0.0,0.0,0.42
0.46226567100000004,0.0,0.01,0.01,0.41
0.463201495,0.01,0.01,0.0,0.41
0.46427992300000004,0.01,0.0,0.01,0.42
0.465138441,0.0,0.01,0.0,0.41
0.466422979,0.0,0.01,0.0,0.42
0.467104844,0.0,0.01,0.0,0.41
0.46838145600000003,0.01,0.01,0.01,0.42
0.469091582,0.01,0.01,0.01,0.41
0.47029568000000005,0.01,0.01,0.0,0.42
0.471094722,0.02,0.01,0.02,0.41
0.472425888,0.01,0.02,0.01,0.41
0.474433635,0.01,0.01,0.01,0.42
0.47509872900000005,0.0,0.0,0.0,0.42
0.47617991600000004,0.0,0.0,0.0,0.42
0.477173528,0.0,0.0,0.0,0.42
0.478261525,0.02,0.01,0.0,0.43
0.47923636300000005,0.01,0.01,0.01,0.42
0.48024167900000003,0.01,0.01,0.0,0.42
0.481171669,0.01,0.0,0.0,0.41
0.48248089000000005,0.02,0.01,0.01,0.41
0.48309276300000004,0.01,0.01,0.01,0.41
0.48434753900000005,0.01,0.0,0.0,0.42
0.48509780300000005,0.0,0.01,0.01,0.42
0.48634177900000003,0.0,0.0,0.0,0.41
0.48709337300000005,0.0,0.0,0.01,0.41
0.488379481,0.01,0.01,0.01,0.42
0.49042211100000005,0.01,0.0,0.01,0.42
0.49109651000000004,0.01,0.01,0.01,0.42
0.492435106,0.02,0.02,0.02,0.42
0.49308804600000006,0.03,0.02,0.02,0.41
0.49442517900000005,0.01,0.02,0.01,0.41
0.495082982,0.01,0.0,0.01,0.42
0.496303056,0.01,0.0,0.0,0.42
0.497136858,0.01,0.01,0.01,0.41
0.498145074,0.01,0.01,0.01,0.41
0.499254073,0.02,0.01,0.01,0.41
0.500176159,0.0,0.01,0.0,0.42
0.50115747,0.01,0.0,0.01,0.42
0.503437645,0.02,0.0,0.0,0.41
0.5040964490000001,0.01,0.0,0.0,0.41
0.505415338,0.01,0.01,0.0,0.41
0.5060895590000001,0.01,0.01,0.0,0.42
0.507420498,0.01,0.01,0.0,0.41
0.508089004,0.0,0.0,0.01,0.43
0.509419411,0.0,0.01,0.02,0.42
0.510100396,0.01,0.0,0.01,0.42
0.511429178,0.02,0.01,0.02,0.43
0.512086043,0.02,0.02,0.01,0.42
0.513596326,0.01,0.01,0.01,0.42
0.5140869800000001,0.01,0.01,0.01,0.43
0.5152877880000001,0.01,0.01,0.0,0.42
0.5161600940000001,0.01,0.0,0.0,0.42
0.517546949,0.0,0.01,0.0,0.43
0.51946579,0.01,0.01,0.01,0.41
0.5200848060000001,0.01,0.01,0.01,0.41
0.521442672,0.0,0.0,0.0,0.42
0.522076241,0.01,0.01,0.01,0.42
0.523436943,0.01,0.01,0.01,0.42
0.524085119,0.01,0.0,0.01,0.42
0.52545741,0.01,0.0,0.0,0.42
0.5260802640000001,0.0,0.01,0.0,0.42
0.527312733,0.01,0.0,0.0,0.41
0.528085056,0.0,0.0,0.01,0.42
0.529307619,0.0,0.01,0.0,0.42
0.530164831,0.0,0.01,0.0,0.43
0.53116003,0.01,0.02,0.02,0.43
0.533413749,0.01,0.01,0.02,0.43
0.534092662,0.01,0.01,0.02,0.42
0.535310083,0.0,0.0,0.0,0.41
0.5360874010000001,0.01,0.01,0.0,0.42
0.5374166770000001,0.0,0.01,0.0,0.42
0.538084848,0.01,0.01,0.0,0.42
0.539429975,0.02,0.01,0.01,0.42
0.54008665,0.01,0.01,0.01,0.43
0.54148169,0.0,0.01,0.01,0.42
0.542076713,0.01,0.01,0.0,0.42
0.543283119,0.0,0.01,0.0,0.41
0.5441561890000001,0.0,0.01,0.01,0.42
0.545281637,0.0,0.01,0.0,0.42
0.546077198,0.0,0.0,0.01,0.42
0.5474895830000001,0.01,0.0,0.0,0.41
0.549451313,0.01,0.01,0.0,0.42
0.5500876530000001,0.01,0.0,0.0,0.41
0.551298579,0.0,0.01,0.01,0.42
0.5522012000000001,0.01,0.01,0.02,0.42
0.5532865720000001,0.01,0.01,0.02,0.42
0.554216527,0.01,0.01,0.01,0.42
0.555286609,0.0,0.01,0.0,0.42
0.556216833,0.01,0.01,0.0,0.41
0.557309072,0.02,0.01,0.0,0.41
0.558177648,0.01,0.01,0.01,0.41
0.559130605,0.01,0.01,0.01,0.41
0.560304753,0.0,0.01,0.01,0.41
0.561164014,0.01,0.01,0.0,0.42
0.5620781920000001,0.01,0.01,0.0,0.42
0.5632385440000001,0.0,0.0,0.01,0.42
0.5654206930000001,0.0,0.0,0.01,0.42
0.566095146,0.01,0.0,0.01,0.42
0.567256572,0.0,0.0,0.0,0.42
0.568191774,0.0,0.01,0.0,0.43
0.5692776270000001,0.01,0.01,0.01,0.42
0.570230757,0.01,0.0,0.0,0.42
0.571265808,0.01,0.01,0.01,0.41
0.5722392740000001,0.02,0.02,0.01,0.42
0.5731958970000001,0.02,0.01,0.01,0.42
0.574173534,0.01,0.0,0.01,0.42
0.575291321,0.01,0.0,0.01,0.42
0.576095142,0.01,0.0,0.0,0.43
0.577321811,0.01,0.01,0.01,0.42
0.578204644,0.02,0.01,0.01,0.43
0.580413894,0.01,0.01,0.01,0.41
0.581096646,0.01,0.01,0.0,0.41
0.582409126,0.01,0.01,0.01,0.42
0.583095994,0.01,0.0,0.0,0.41
0.584415978,0.01,0.01,0.0,0.41
0.585092378,0.01,0.0,0.01,0.42
0.586414106,0.01,0.0,0.0,0.43
0.587091767,0.01,0.0,0.02,0.41
0.58831886,0.0,0.0,0.01,0.43
0.589124171,0.0,0.0,0.01,0.42
0.590344663,0.01,0.0,0.01,0.42
0.591112839,0.01,0.01,0.01,0.43
0.5924394660000001,0.02,0.02,0.02,0.43
0.5944205100000001,0.01,0.01,0.01,0.43
0.5950937350000001,0.01,0.0,0.0,0.41
0.596290245,0.01,0.01,0.01,0.42
0.597083778,0.0,0.0,0.0,0.42
0.598294337,0.01,0.01,0.0,0.41
0.5992087610000001,0.01,0.01,0.01,0.41
0.6002730270000001,0.01,0.01,0.01,0.41
0.601263885,0.01,0.0,0.0,0.41
0.602152538,0.01,0.01,0.01,0.42
0.6032063240000001,0.0,0.01,0.0,0.42
0.604165296,0.0,0.0,0.0,0.41
0.6051660200000001,0.01,0.01,0.01,0.42
0.6074030530000001,0.0,0.0,0.0,0.42
0.6081054,0.01,0.0,0.0,0.42
0.609387435,0.01,0.0,0.01,0.42
0.610096064,0.01,0.01,0.0,0.42
0.6114029860000001,0.0,0.0,0.0,0.41
0.612095095,0.01,0.01,0.01,0.42
0.613277331,0.01,0.01,0.01,0.42
0.6142141090000001,0.01,0.01,0.01,0.42
0.615279829,0.01,0.0,0.0,0.42
0.6161902490000001,0.01,0.01,0.0,0.42
0.6172596140000001,0.01,0.01,0.01,0.42
0.618179935,0.02,0.01,0.01,0.43
0.619279024,0.01,0.02,0.02,0.43
0.620143208,0.01,0.01,0.01,0.42
0.621207614,0.01,0.0,0.01,0.42
0.6220918630000001,0.0,0.01,0.0,0.42
0.624196168,0.01,0.01,0.0,0.41
0.625173045,0.0,0.01,0.0,0.41
0.6262287160000001,0.01,0.0,0.0,0.42
0.627253238,0.0,0.01,0.01,0.41
0.6282421960000001,0.01,0.01,0.01,0.42
0.6292810050000001,0.01,0.01,0.01,0.42
0.630220929,0.01,0.0,0.01,0.42
0.6312276490000001,0.01,0.01,0.01,0.41
0.6322635200000001,0.01,0.01,0.01,0.42
0.6332186350000001,0.02,0.01,0.02,0.42
0.6343385380000001,0.01,0.01,0.01,0.42
0.635093659,0.01,0.0,0.02,0.42
0.6363060150000001,0.0,0.01,0.0,0.41
0.6371329010000001,0.0,0.01,0.01,0.41
0.638481886,0.01,0.01,0.01,0.42
0.640413073,0.01,0.01,0.01,0.42
0.641098033,0.0,0.0,0.0,0.42
0.642417408,0.01,0.01,0.0,0.42
0.6430918950000001,0.0,0.01,0.01,0.42
0.644282094,0.0,0.01,0.0,0.42
0.645211753,0.0,0.0,0.0,0.42
0.6462707360000001,0.01,0.0,0.0,0.42
0.647223497,0.01,0.01,0.0,0.42
0.648175193,0.0,0.01,0.0,0.42
0.649329436,0.01,0.0,0.0,0.41
0.6500927200000001,0.01,0.01,0.0,0.42
0.651473544,0.01,0.01,0.01,0.43
0.652097801,0.01,0.01,0.01,0.42
0.653350591,0.01,0.01,0.01,0.41
0.655496194,0.0,0.0,0.0,0.4
0.656099053,0.0,0.01,0.01,0.42
0.6572815780000001,0.01,0.01,0.0,0.42
0.6582081750000001,0.01,0.0,0.01,0.41
0.6592749840000001,0.0,0.02,0.02,0.42
0.660157903,0.01,0.0,0.01,0.42
0.6612851780000001,0.0,0.0,0.01,0.41
0.662202626,0.01,0.01,0.0,0.41
0.6634311070000001,0.01,0.0,0.0,0.42
0.664091961,0.0,0.0,0.0,0.42
0.665304906,0.0,0.0,0.0,0.42
0.6661336090000001,0.0,0.01,0.0,0.41
0.667157043,0.0,0.01,0.0,0.41
0.6694428640000001,0.01,0.01,0.01,0.42
0.6700900700000001,0.01,0.01,0.0,0.42
0.671286895,0.01,0.01,0.01,0.41
0.672204959,0.02,0.02,0.01,0.41
0.6732928490000001,0.01,0.01,0.01,0.41
0.674226662,0.01,0.01,0.01,0.41
0.675266122,0.01,0.01,0.0,0.42
0.6762225540000001,0.01,0.0,0.01,0.41
0.67740971,0.02,0.0,0.01,0.42
0.678093033,0.01,0.01,0.01,0.41
0.679297327,0.01,0.01,0.01,0.42
0.680100202,0.0,0.0,0.0,0.42
0.681170244,0.0,0.01,0.01,0.41
0.68343659,0.01,0.01,0.01,0.4
0.6840920420000001,0.01,0.01,0.01,0.41
0.685425472,0.0,0.0,0.01,0.42
0.686091848,0.01,0.0,0.01,0.41
0.687132579,0.0,0.0,0.0,0.42
0.6881305240000001,0.0,0.0,0.0,0.42
0.689278648,0.0,0.01,0.01,0.42
0.690217371,0.0,0.0,0.0,0.42
0.691271473,0.01,0.01,0.01,0.42
0.692219743,0.02,0.02,0.02,0.43
0.693185,0.02,0.02,0.02,0.42
0.694305245,0.0,0.0,0.01,0.42
0.695090152,0.0,0.01,0.0,0.41
0.696378577,0.01,0.0,0.0,0.43
0.697087935,0.01,0.01,0.01,0.42
0.698479959,0.02,0.01,0.01,0.41
0.700430061,0.01,0.02,0.01,0.42
0.7010995210000001,0.0,0.0,0.0,0.41
0.7022745020000001,0.0,0.0,0.01,0.42
0.7032269590000001,0.01,0.01,0.0,0.43
0.704257758,0.0,0.0,0.0,0.42
0.7052368840000001,0.0,0.0,0.01,0.42
0.7062401690000001,0.01,0.0,0.01,0.41
0.70721997,0.0,0.01,0.0,0.42
0.708226157,0.01,0.01,0.01,0.42
0.709160079,0.01,0.0,0.01,0.41
0.710306663,0.01,0.0,0.01,0.42
0.711096264,0.01,0.01,0.0,0.42
0.7122937290000001,0.01,0.01,0.01,0.42
0.713154281,0.01,0.01,0.01,0.42
0.715426094,0.01,0.0,0.0,0.42
0.716095452,0.0,0.0,0.01,0.42
0.7173994340000001,0.0,0.01,0.0,0.41
0.718102584,0.01,0.0,0.01,0.42
0.7193168870000001,0.02,0.01,0.01,0.42
0.7201742550000001,0.0,0.01,0.01,0.42
0.72127289,0.0,0.0,0.0,0.42
0.7221752880000001,0.01,0.01,0.01,0.41
0.723204676,0.01,0.0,0.0,0.41
0.724171219,0.0,0.0,0.0,0.42
0.725164498,0.0,0.01,0.0,0.41
0.726345715,0.01,0.0,0.01,0.42
0.7270975540000001,0.01,0.0,0.01,0.41
0.7293290450000001,0.01,0.01,0.02,0.42
0.730103582,0.01,0.01,0.0,0.42
0.7314012750000001,0.01,0.01,0.01,0.41
0.7321005540000001,0.02,0.02,0.01,0.42
0.733432959,0.02,0.02,0.01,0.41
0.734088677,0.01,0.01,0.01,0.41
0.735415342,0.0,0.0,0.01,0.42
0.736085584,0.01,0.01,0.01,0.42
0.7374590550000001,0.01,0.01,0.01,0.41
0.738082404,0.0,0.01,0.01,0.41
0.7393398630000001,0.01,0.01,0.01,0.41
0.740103044,0.01,0.0,0.01,0.42
0.741320965,0.0,0.01,0.01,0.41
0.7421236790000001,0.01,0.0,0.0,0.41
0.7432957960000001,0.01,0.01,0.0,0.42
0.745278604,0.01,0.0,0.01,0.41
0.7462052180000001,0.0,0.0,0.01,0.42
0.7472157700000001,0.01,0.0,0.0,0.41
0.748285983,0.0,0.01,0.0,0.41
0.749207513,0.01,0.0,0.0,0.42
0.7502832060000001,0.01,0.01,0.0,0.43
0.751204764,0.01,0.01,0.01,0.42
0.7522798690000001,0.01,0.01,0.02,0.42
0.753206142,0.01,0.01,0.01,0.42
0.7541880440000001,0.0,0.0,0.01,0.42
0.755305957,0.0,0.01,0.01,0.41
0.756093307,0.0,0.01,0.0,0.42
0.757378742,0.02,0.01,0.01,0.41
0.758089318,0.01,0.01,0.01,0.41
0.759418828,0.01,0.02,0.01,0.42
0.7614276790000001,0.01,0.0,0.0,0.42
0.7620946890000001,0.01,0.0,0.01,0.41
0.7632515630000001,0.0,0.0,0.01,0.41
0.7642468,0.0,0.01,0.0,0.42
0.765249755,0.01,0.0,0.01,0.42
0.766246677,0.01,0.0,0.0,0.42
0.7672433080000001,0.0,0.0,0.0,0.42
0.768231952,0.0,0.01,0.02,0.42
0.769223478,0.01,0.0,0.01,0.42
0.770396697,0.0,0.0,0.0,0.41
0.7710928530000001,0.01,0.02,0.01,0.41
0.772364691,0.02,0.01,0.01,0.41
0.7730861210000001,0.02,0.02,0.01,0.42
0.7743027290000001,0.0,0.01,0.01,0.41
0.776421079,0.01,0.01,0.0,0.42
0.777096187,0.0,0.0,0.01,0.43
0.778135605,0.01,0.01,0.01,0.41
0.779279911,0.0,0.01,0.02,0.42
0.7802085310000001,0.01,0.0,0.01,0.42
0.7812659310000001,0.01,0.01,0.0,0.41
0.782223055,0.0,0.01,0.01,0.41
0.783269632,0.01,0.0,0.0,0.42
0.784230698,0.01,0.0,0.0,0.42
0.785161089,0.0,0.0,0.0,0.42
0.786335204,0.0,0.01,0.01,0.42
0.7870956830000001,0.0,0.0,0.0,0.42
0.788422171,0.01,0.0,0.01,0.42
0.7890891200000001,0.01,0.0,0.0,0.41
0.790428813,0.01,0.0,0.01,0.42
0.7924299530000001,0.02,0.01,0.02,0.43
0.7930936700000001,0.02,0.01,0.01,0.43
0.794277187,0.02,0.01,0.01,0.42
0.795226706,0.01,0.01,0.01,0.43
0.7962497310000001,0.01,0.0,0.01,0.42
0.797237147,0.01,0.0,0.01,0.42
0.7982809270000001,0.01,0.01,0.0,0.42
0.7990779680000001,0.01,0.01,0.01,0.41
0.8003222950000001,0.0,0.0,0.0,0.42
0.80109324,0.0,0.0,0.0,0.42
0.802170731,0.01,0.01,0.01,0.42
0.8042832910000001,0.0,0.0,0.01,0.41
0.8050918490000001,0.0,0.0,0.0,0.42
0.8061033160000001,0.01,0.0,0.0,0.42
0.8072687780000001,0.0,0.01,0.0,0.42
0.8081999470000001,0.0,0.0,0.0,0.43
0.809264716,0.01,0.01,0.0,0.42
0.8101390070000001,0.0,0.01,0.0,0.42
0.8111999510000001,0.01,0.0,0.01,0.42
0.812168769,0.01,0.01,0.02,0.42
0.813395508,0.01,0.01,0.01,0.42
0.8141021820000001,0.0,0.0,0.01,0.42
0.8151912610000001,0.0,0.01,0.0,0.42
0.8161665520000001,0.01,0.01,0.01,0.41
0.8173381980000001,0.01,0.02,0.01,0.42
0.81809737,0.01,0.02,0.02,0.42
0.819323609,0.01,0.01,0.0,0.42
0.8214132030000001,0.01,0.01,0.0,0.41
0.8220985420000001,0.01,0.0,0.0,0.41
0.823272855,0.01,0.01,0.0,0.41
0.8242209420000001,0.0,0.0,0.01,0.41
0.825255948,0.0,0.01,0.0,0.42
0.826226043,0.0,0.01,0.01,0.42
0.8272394000000001,0.0,0.0,0.01,0.42
0.8282404750000001,0.0,0.01,0.01,0.42
0.8291800170000001,0.01,0.0,0.01,0.41
0.830324228,0.0,0.01,0.01,0.42
0.8310996530000001,0.01,0.01,0.01,0.42
0.8322784400000001,0.02,0.01,0.01,0.41
0.8331710920000001,0.01,0.01,0.01,0.41
0.835300459,0.0,0.01,0.01,0.42
0.8361308660000001,0.01,0.01,0.0,0.42
0.837272046,0.0,0.01,0.0,0.43
0.8381036310000001,0.01,0.0,0.01,0.42
0.839406078,0.01,0.01,0.01,0.41
0.8400940610000001,0.01,0.0,0.0,0.42
0.8414149540000001,0.0,0.0,0.01,0.42
0.842092041,0.01,0.01,0.01,0.42
0.843276812,0.02,0.01,0.0,0.41
0.8440925760000001,0.0,0.0,0.01,0.42
0.84531159,0.01,0.01,0.0,0.43
0.846118397,0.0,0.01,0.0,0.41
0.8472971730000001,0.0,0.01,0.0,0.42
0.848131441,0.0,0.01,0.0,0.42
0.8494948250000001,0.01,0.01,0.0,0.41
0.8514504100000001,0.01,0.0,0.01,0.42
0.852086262,0.02,0.02,0.02,0.42
0.853296421,0.02,0.02,0.02,0.42
0.8542072690000001,0.01,0.01,0.01,0.42
0.855271222,0.01,0.01,0.0,0.41
0.8562281180000001,0.0,0.01,0.01,0.41
0.8572451090000001,0.01,0.02,0.01,0.42
0.858236997,0.01,0.0,0.01,0.41
0.859127324,0.01,0.01,0.01,0.41
0.8602952330000001,0.0,0.01,0.01,0.42
0.86112781,0.01,0.0,0.01,0.42
0.862281064,0.0,0.0,0.0,0.42
0.863089427,0.01,0.01,0.0,0.42
0.8643365620000001,0.0,0.01,0.0,0.41
0.8662621800000001,0.0,0.01,0.0,0.43
0.8670958630000001,0.0,0.0,0.0,0.42
0.868098962,0.01,0.0,0.0,0.42
0.8692748360000001,0.01,0.0,0.0,0.42
0.8701408110000001,0.0,0.01,0.0,0.41
0.8712717280000001,0.01,0.0,0.01,0.4
0.8722708100000001,0.01,0.01,0.01,0.43
0.8732183130000001,0.01,0.02,0.02,0.42
0.874219776,0.01,0.0,0.02,0.41
0.875148122,0.0,0.0,0.0,0.42
0.8761554130000001,0.0,0.0,0.0,0.42
0.877155643,0.01,0.02,0.0,0.41
0.8781797010000001,0.01,0.01,0.01,0.42
0.879195681,0.01,0.01,0.01,0.42
0.88143099,0.0,0.0,0.0,0.41
0.882530374,0.01,0.01,0.01,0.42
0.883654539,0.01,0.0,0.0,0.42
0.8845943000000001,0.0,0.0,0.01,0.42
0.8854668120000001,0.01,0.01,0.0,0.42
0.8862445390000001,0.0,0.0,0.01,0.41
0.887173752,0.0,0.0,0.0,0.42
0.8881642930000001,0.01,0.01,0.01,0.42
0.8891611770000001,0.01,0.0,0.01,0.42
0.8902075230000001,0.0,0.01,0.01,0.42
0.89117245,0.02,0.01,0.01,0.41
0.8921614440000001,0.01,0.01,0.0,0.42
0.893192964,0.01,0.01,0.01,0.42
0.894188537,0.01,0.0,0.01,0.43
0.895188026,0.01,0.01,0.0,0.41
0.897146897,0.01,0.0,0.01,0.42
0.89817058,0.02,0.02,0.01,0.41
0.899119898,0.01,0.01,0.01,0.42
0.900229381,0.01,0.01,0.0,0.41
0.9011609920000001,0.01,0.0,0.01,0.41
0.902231697,0.01,0.01,0.0,0.42
0.9031771460000001,0.0,0.01,0.01,0.41
0.904153995,0.01,0.0,0.0,0.42
0.9053448540000001,0.01,0.0,0.0,0.41
0.906119702,0.0,0.0,0.0,0.42
0.9071945210000001,0.0,0.0,0.01,0.43
0.9081808520000001,0.0,0.01,0.01,0.42
0.9091799730000001,0.01,0.01,0.0,0.41
0.911300011,0.01,0.01,0.01,0.43
0.912111972,0.02,0.02,0.02,0.42
0.9132454680000001,0.02,0.02,0.02,0.42
0.9142191420000001,0.02,0.02,0.01,0.42
0.9151691580000001,0.0,0.0,0.01,0.42
0.9162489300000001,0.01,0.0,0.01,0.42
0.917178932,0.0,0.01,0.01,0.42
0.9181337740000001,0.01,0.0,0.01,0.41
0.919389945,0.02,0.01,0.01,0.41
0.9201067530000001,0.01,0.0,0.0,0.42
0.921284082,0.0,0.0,0.0,0.42
0.9220938390000001,0.01,0.01,0.01,0.42
0.923314111,0.01,0.01,0.01,0.41
0.924119015,0.01,0.0,0.0,0.42
0.9254929550000001,0.01,0.0,0.0,0.41
0.9274242880000001,0.01,0.01,0.01,0.43
0.9280960840000001,0.01,0.01,0.01,0.42
0.9293161230000001,0.0,0.01,0.01,0.42
0.9300998420000001,0.0,0.01,0.0,0.42
0.93141388,0.01,0.01,0.0,0.41
0.932089684,0.02,0.01,0.01,0.42
0.9334323280000001,0.01,0.0,0.01,0.42
0.9340901850000001,0.0,0.0,0.0,0.42
0.935129556,0.01,0.0,0.0,0.42
0.936166075,0.0,0.0,0.0,0.42
0.9371443450000001,0.02,0.0,0.01,0.4
0.938165726,0.02,0.02,0.02,0.42
0.9392123510000001,0.01,0.01,0.01,0.42
0.9402678050000001,0.01,0.0,0.0,0.42
0.9412405460000001,0.01,0.0,0.0,0.41
0.9434097800000001,0.01,0.0,0.0,0.42
0.9440987540000001,0.0,0.0,0.0,0.42
0.945292189,0.0,0.01,0.0,0.41
0.9461377940000001,0.01,0.0,0.0,0.42
0.9471380250000001,0.01,0.01,0.0,0.42
0.948420107,0.01,0.01,0.0,0.42
0.949092712,0.0,0.01,0.0,0.41
0.950312115,0.01,0.01,0.0,0.41
0.9511170950000001,0.02,0.01,0.01,0.42
0.952323997,0.02,0.01,0.01,0.41
0.95309348,0.01,0.01,0.0,0.41
0.9543172200000001,0.0,0.0,0.0,0.42
0.9564051020000001,0.01,0.0,0.0,0.41
0.9570981460000001,0.0,0.0,0.01,0.42
0.9584050350000001,0.01,0.03,0.01,0.41
0.9591032570000001,0.02,0.01,0.02,0.43
0.9603854660000001,0.01,0.01,0.01,0.43
0.9611007730000001,0.01,0.01,0.0,0.41
0.962274382,0.01,0.01,0.01,0.41
0.963098015,0.01,0.01,0.01,0.41
0.964434258,0.0,0.0,0.0,0.42
0.9650926360000001,0.0,0.0,0.01,0.42
0.9663731090000001,0.01,0.0,0.0,0.42
0.9670882230000001,0.0,0.01,0.0,0.41
0.9683193470000001,0.01,0.0,0.01,0.42
0.969120218,0.0,0.01,0.01,0.42
0.9705520000000001,0.01,0.01,0.01,0.42
0.9724466920000001,0.02,0.01,0.01,0.42
0.9730918700000001,0.02,0.02,0.02,0.41
0.974384584,0.02,0.01,0.01,0.42
0.9750902910000001,0.01,0.01,0.0,0.41
0.976343123,0.0,0.0,0.0,0.42
0.9771139670000001,0.01,0.01,0.02,0.42
0.9784826670000001,0.01,0.0,0.01,0.42
0.9790857620000001,0.01,0.0,0.01,0.42
0.9803040550000001,0.01,0.0,0.0,0.42
0.9810858440000001,0.01,0.0,0.01,0.42
0.982215343,0.01,0.01,0.01,0.42
0.9831729140000001,0.0,0.0,0.0,0.42
0.9841937100000001,0.0,0.0,0.0,0.41
0.9852178450000001,0.0,0.01,0.01,0.42
0.9874311160000001,0.01,0.0,0.01,0.42
0.9885516580000001,0.01,0.0,0.0,0.41
0.989772226,0.01,0.0,0.01,0.41
0.9912635430000001,0.01,0.0,0.01,0.42
0.992324289,0.01,0.02,0.01,0.43
0.99324818,0.02,0.01,0.02,0.42
0.9941691990000001,0.02,0.02,0.02,0.42
0.995162584,0.0,0.01,0.0,0.41
0.996153292,0.0,0.0,0.01,0.42
0.9972122710000001,0.01,0.0,0.0,0.42
0.9981636030000001,0.01,0.01,0.01,0.41
0.999198757,0.01,0.01,0.01,0.41
1.000207134,0.01,0.02,0.0,0.42
1.0011596740000002,0.0,0.0,0.0,0.41
1.00217547,0.0,0.0,0.0,0.42
1.003238682,0.01,0.01,0.01,0.42
1.004197452,0.0,0.0,0.01,0.42
1.005164753,0.0,0.01,0.01,0.41
1.006153204,0.0,0.01,0.0,0.42
1.0072429250000001,0.01,0.0,0.01,0.42
1.00820606,0.0,0.01,0.0,0.42
1.009230853,0.0,0.01,0.0,0.41
1.010179645,0.01,0.0,0.01,0.42
1.011297531,0.01,0.01,0.01,0.43
1.012116666,0.01,0.01,0.02,0.42
1.013324715,0.01,0.01,0.01,0.42
1.0141031980000002,0.0,0.01,0.01,0.42
1.0153466880000002,0.0,0.0,0.0,0.43
1.0174053950000002,0.0,0.0,0.01,0.42
1.018096329,0.01,0.01,0.01,0.41
1.01935289,0.01,0.02,0.02,0.43
1.0200884860000001,0.01,0.01,0.01,0.42
1.021262826,0.0,0.01,0.0,0.41
1.022152612,0.01,0.0,0.01,0.42
1.0232580770000002,0.01,0.01,0.0,0.42
1.0241604990000002,0.0,0.0,0.0,0.42
1.025132557,0.0,0.0,0.01,0.41
1.026158224,0.0,0.01,0.0,0.42
1.027164559,0.0,0.01,0.01,0.42
1.028172136,0.01,0.0,0.01,0.42
1.029172476,0.02,0.01,0.0,0.42
1.0314109820000001,0.01,0.0,0.01,0.42
1.032103664,0.02,0.02,0.02,0.42
1.0334075230000002,0.02,0.01,0.01,0.41
1.03410252,0.02,0.01,0.01,0.41
1.035194717,0.0,0.0,0.01,0.41
1.036266066,0.0,0.01,0.0,0.42
1.03712701,0.01,0.02,0.01,0.43
1.038376027,0.01,0.01,0.0,0.42
1.039098772,0.01,0.01,0.01,0.42
1.0404930890000001,0.0,0.01,0.0,0.41
1.0410945390000002,0.01,0.0,0.0,0.41
1.042248168,0.01,0.0,0.0,0.42
1.043165202,0.01,0.0,0.0,0.43
1.044186015,0.0,0.01,0.0,0.42
1.045186293,0.01,0.01,0.01,0.42
1.046417438,0.0,0.0,0.0,0.42
1.0484256710000002,0.01,0.0,0.0,0.41
1.0490939810000002,0.0,0.0,0.01,0.42
1.050132518,0.0,0.01,0.01,0.42
1.051160365,0.01,0.01,0.0,0.42
1.052263062,0.02,0.02,0.02,0.42
1.053127001,0.02,0.02,0.02,0.42
1.054266951,0.0,0.01,0.01,0.4
1.0551485390000002,0.0,0.01,0.0,0.41
1.056213013,0.0,0.0,0.0,0.42
1.0571697150000001,0.01,0.0,0.01,0.42
1.0581680180000002,0.02,0.02,0.01,0.41
1.059176013,0.01,0.01,0.01,0.42
1.060154689,0.0,0.01,0.0,0.41
1.0613928430000001,0.01,0.0,0.01,0.41
1.063413155,0.0,0.01,0.0,0.42
1.064095551,0.0,0.01,0.0,0.42
1.06541182,0.0,0.01,0.0,0.42
1.066091524,0.0,0.01,0.01,0.41
1.067417234,0.02,0.01,0.0,0.42
1.0680852680000001,0.0,0.01,0.01,0.42
1.069285432,0.01,0.01,0.02,0.41
1.0700775280000001,0.01,0.0,0.0,0.42
1.071234002,0.01,0.02,0.01,0.41
1.072080801,0.02,0.01,0.01,0.41
1.0733595390000001,0.01,0.01,0.0,0.42
1.074113385,0.01,0.01,0.01,0.42
1.0753804630000001,0.01,0.01,0.0,0.42
1.0774397660000001,0.0,0.01,0.0,0.43
1.078083735,0.01,0.0,0.02,0.42
1.079419244,0.01,0.01,0.01,0.42
1.080081282,0.01,0.0,0.01,0.42
1.0814232380000002,0.01,0.01,0.0,0.41
1.082080329,0.01,0.01,0.01,0.4
1.083420966,0.0,0.0,0.0,0.42
1.084086605,0.01,0.0,0.0,0.42
1.085421929,0.0,0.01,0.0,0.42
1.086083444,0.0,0.0,0.0,0.41
1.087249802,0.01,0.0,0.0,0.42
1.0880909140000001,0.01,0.01,0.01,0.42
1.089249979,0.0,0.0,0.0,0.42
1.0901385000000001,0.01,0.01,0.0,0.42
1.09136181,0.02,0.02,0.02,0.42
1.093417985,0.02,0.01,0.01,0.42
1.094092635,0.01,0.01,0.02,0.41
1.095380213,0.01,0.01,0.0,0.42
1.0960965630000001,0.0,0.0,0.0,0.42
1.097438767,0.01,0.02,0.01,0.43
1.098087073,0.0,0.01,0.01,0.42
1.099426241,0.01,0.0,0.01,0.42
1.100079571,0.0,0.01,0.01,0.42
1.101369521,0.01,0.01,0.01,0.41
1.1020763980000001,0.01,0.01,0.01,0.42
1.103125393,0.01,0.01,0.01,0.42
1.1041039350000001,0.01,0.0,0.0,0.4
1.105187378,0.01,0.01,0.0,0.41
1.106197146,0.0,0.0,0.01,0.42
1.10730049,0.01,0.01,0.0,0.42
1.1082344100000001,0.0,0.0,0.01,0.41
1.1095073320000002,0.0,0.01,0.01,0.42
1.1112622330000002,0.01,0.01,0.01,0.42
1.1121982320000001,0.01,0.01,0.01,0.43
1.1133133910000002,0.02,0.01,0.01,0.41
1.1141255860000001,0.0,0.01,0.0,0.42
1.115116178,0.0,0.0,0.0,0.42
1.116302849,0.01,0.01,0.01,0.42
1.1171404200000001,0.01,0.01,0.01,0.43
1.118167586,0.01,0.01,0.01,0.42
1.119158381,0.01,0.02,0.02,0.41
1.1203123430000002,0.0,0.0,0.01,0.42
1.12122866,0.0,0.0,0.01,0.42
1.1224514680000002,0.0,0.0,0.01,0.42
1.124492438,0.0,0.0,0.0,0.42
1.125074986,0.0,0.01,0.01,0.42
1.126464093,0.0,0.01,0.01,0.42
1.1270743380000001,0.0,0.0,0.01,0.41
1.1281492180000001,0.01,0.01,0.0,0.42
1.1293538440000002,0.01,0.01,0.0,0.42
1.1301191560000001,0.0,0.01,0.0,0.42
1.131362631,0.01,0.01,0.01,0.42
1.132076561,0.01,0.01,0.02,0.42
1.133294757,0.01,0.01,0.01,0.41
1.134079113,0.01,0.0,0.0,0.41
1.135274055,0.0,0.0,0.01,0.42
1.1374382140000001,0.0,0.01,0.01,0.41
1.138091283,0.01,0.01,0.01,0.42
1.139493652,0.01,0.01,0.01,0.42
1.140091145,0.01,0.01,0.01,0.42
1.141409227,0.01,0.0,0.0,0.41
1.142090338,0.01,0.01,0.0,0.41
1.143292173,0.0,0.0,0.0,0.42
1.144148111,0.0,0.01,0.0,0.41
1.145315308,0.01,0.0,0.01,0.42
1.146082448,0.0,0.01,0.01,0.41
1.1473141230000001,0.01,0.01,0.01,0.43
1.1481438510000002,0.01,0.01,0.01,0.42
1.1492550160000001,0.01,0.01,0.0,0.42
1.150162237,0.02,0.01,0.0,0.42
1.151419736,0.01,0.01,0.01,0.41
1.1534264010000002,0.01,0.02,0.01,0.41
1.154088955,0.01,0.01,0.01,0.42
1.155399037,0.0,0.0,0.0,0.41
1.156089751,0.0,0.01,0.01,0.41
1.1574453,0.0,0.01,0.01,0.41
1.1580811370000001,0.01,0.01,0.01,0.42
1.159429784,0.01,0.01,0.01,0.42
1.1600804660000001,0.0,0.0,0.01,0.42
1.1613956950000002,0.01,0.01,0.01,0.41
1.1620894480000001,0.01,0.01,0.01,0.41
1.1633216020000001,0.01,0.01,0.01,0.42
1.1640937450000002,0.0,0.0,0.0,0.42
1.1652899460000001,0.0,0.01,0.0,0.42
1.1662103860000002,0.0,0.01,0.0,0.42
1.167435166,0.0,0.01,0.01,0.41
1.169433902,0.01,0.01,0.01,0.42
1.17008415,0.0,0.01,0.0,0.42
1.171274073,0.01,0.01,0.01,0.41
1.1721863160000001,0.02,0.02,0.02,0.41
1.173412138,0.02,0.02,0.02,0.41
1.174083146,0.01,0.01,0.0,0.42
1.1753124270000002,0.01,0.01,0.01,0.42
1.176139273,0.0,0.01,0.01,0.41
1.177519258,0.01,0.01,0.0,0.42
1.178080057,0.01,0.0,0.01,0.42
1.179276618,0.01,0.01,0.0,0.41
1.1800774710000002,0.01,0.01,0.01,0.42
1.181420369,0.01,0.01,0.01,0.41
1.1834246720000001,0.0,0.0,0.0,0.42
1.184093762,0.0,0.0,0.01,0.42
1.185156789,0.0,0.0,0.01,0.42
1.186139713,0.0,0.0,0.01,0.42
1.1875060430000002,0.01,0.01,0.0,0.42
1.18808774,0.01,0.01,0.01,0.41
1.189257009,0.0,0.01,0.01,0.41
1.1901916380000002,0.01,0.0,0.0,0.42
1.1913827140000002,0.01,0.02,0.02,0.42
1.1920852130000001,0.01,0.01,0.01,0.42
1.193427272,0.01,0.01,0.02,0.43
1.194087756,0.0,0.01,0.01,0.42
1.195284817,0.01,0.0,0.0,0.42
1.197416666,0.01,0.0,0.0,0.41
1.1980934330000002,0.01,0.02,0.0,0.41
1.199397038,0.02,0.01,0.01,0.42
1.2000902880000002,0.01,0.01,0.01,0.42
1.2013913,0.0,0.0,0.01,0.41
1.2020943670000002,0.01,0.01,0.01,0.42
1.2034167180000002,0.0,0.0,0.01,0.41
1.204092715,0.0,0.01,0.01,0.41
1.205218018,0.0,0.01,0.0,0.42
1.206103598,0.0,0.0,0.0,0.42
1.2071324220000001,0.0,0.01,0.01,0.42
1.208163265,0.01,0.01,0.01,0.41
1.2094938860000002,0.01,0.01,0.01,0.41
1.2100842280000002,0.01,0.0,0.0,0.42
1.21147178,0.01,0.01,0.0,0.42
1.213433236,0.02,0.01,0.01,0.41
1.214084615,0.01,0.01,0.01,0.42
1.215429534,0.01,0.01,0.0,0.42
1.216077504,0.01,0.0,0.0,0.41
1.217461456,0.0,0.01,0.01,0.41
1.21808244,0.01,0.01,0.01,0.42
1.219467053,0.02,0.02,0.01,0.42
1.22007128,0.01,0.0,0.01,0.42
1.221400706,0.01,0.0,0.0,0.42
1.2220757740000001,0.0,0.01,0.01,0.41
1.223279935,0.0,0.0,0.0,0.42
1.224073559,0.0,0.0,0.01,0.41
1.225467925,0.01,0.0,0.0,0.42
1.226070806,0.0,0.01,0.01,0.42
1.228448506,0.0,0.01,0.0,0.42
1.229077023,0.0,0.01,0.01,0.42
1.230450985,0.0,0.01,0.01,0.42
1.231077935,0.01,0.01,0.02,0.42
1.2324290450000002,0.02,0.02,0.01,0.42
1.233077817,0.01,0.02,0.01,0.41
1.2344270110000002,0.0,0.01,0.02,0.42
1.235081569,0.0,0.0,0.01,0.41
1.236143159,0.01,0.0,0.0,0.42
1.2371265820000001,0.01,0.02,0.01,0.41
1.2382950270000002,0.01,0.01,0.01,0.42
1.2391513120000002,0.0,0.0,0.01,0.42
1.240477845,0.0,0.0,0.0,0.42
1.24108374,0.0,0.01,0.01,0.42
1.24343285,0.01,0.01,0.01,0.41
1.244080663,0.01,0.01,0.01,0.41
1.245420911,0.0,0.0,0.01,0.42
1.246076237,0.0,0.0,0.01,0.42
1.247444803,0.0,0.0,0.0,0.42
1.248080969,0.0,0.01,0.0,0.42
1.2494473430000002,0.0,0.0,0.01,0.42
1.250077039,0.0,0.01,0.01,0.42
1.251389582,0.01,0.02,0.02,0.42
1.252079418,0.02,0.02,0.01,0.44
1.2532699200000001,0.02,0.01,0.0,0.42
1.254153466,0.01,0.01,0.0,0.41
1.255324455,0.0,0.0,0.0,0.42
1.2574498310000002,0.0,0.0,0.01,0.43
1.258080486,0.0,0.0,0.01,0.43
1.2594204960000002,0.01,0.01,0.01,0.42
1.260087945,0.01,0.01,0.0,0.43
1.26115813,0.0,0.0,0.0,0.42
1.262421021,0.01,0.01,0.01,0.42
1.263083795,0.01,0.0,0.0,0.42
1.2644373800000002,0.0,0.01,0.0,0.42
1.265078278,0.0,0.0,0.01,0.43
1.266197539,0.01,0.0,0.0,0.42
1.267192501,0.0,0.0,0.01,0.41
1.2681758650000001,0.01,0.01,0.0,0.42
1.269178248,0.01,0.0,0.0,0.41
1.2700958070000001,0.01,0.01,0.0,0.43
1.2722887250000001,0.01,0.01,0.01,0.42
1.273186887,0.01,0.01,0.02,0.42
1.274428597,0.01,0.01,0.01,0.42
1.2750896,0.0,0.01,0.0,0.42
1.276433965,0.0,0.0,0.01,0.42
1.27707635,0.0,0.0,0.0,0.42
1.2784507760000001,0.01,0.01,0.01,0.41
1.2790785690000002,0.01,0.01,0.01,0.42
1.280508353,0.01,0.01,0.01,0.41
1.281075977,0.01,0.0,0.01,0.41
1.282353376,0.01,0.0,0.01,0.41
1.283146152,0.0,0.0,0.0,0.42
1.284428804,0.01,0.0,0.0,0.42
1.285072682,0.0,0.01,0.0,0.41
1.286516883,0.0,0.0,0.0,0.42
1.287075122,0.01,0.01,0.01,0.42
1.288436361,0.01,0.01,0.0,0.42
1.2904322730000002,0.0,0.0,0.01,0.41
1.291086552,0.01,0.02,0.0,0.42
1.29242218,0.01,0.01,0.0,0.41
1.2930829560000001,0.01,0.01,0.0,0.42
1.294459626,0.01,0.0,0.0,0.42
1.2950766280000001,0.01,0.0,0.01,0.41
1.2965274530000002,0.0,0.0,0.0,0.42
1.297145655,0.0,0.01,0.02,0.42
1.298189829,0.01,0.02,0.01,0.42
1.299214243,0.01,0.01,0.0,0.42
1.300075078,0.01,0.0,0.0,0.42
1.301440208,0.01,0.01,0.0,0.41
1.3035551600000002,0.02,0.01,0.01,0.41
1.304092547,0.01,0.01,0.0,0.42
1.305125034,0.0,0.0,0.0,0.42
1.306450764,0.0,0.0,0.01,0.42
1.3070755150000002,0.0,0.0,0.0,0.41
1.3082613440000002,0.0,0.0,0.01,0.42
1.3090736330000001,0.01,0.0,0.0,0.42
1.310119746,0.01,0.01,0.0,0.41
1.311406942,0.03,0.01,0.01,0.43
1.312075303,0.01,0.01,0.01,0.42
1.313288746,0.02,0.02,0.01,0.42
1.31417183,0.01,0.01,0.0,0.42
1.3153960150000001,0.0,0.02,0.0,0.41
1.316080559,0.0,0.0,0.01,0.42
1.317444917,0.01,0.01,0.01,0.42
1.3194300110000001,0.01,0.01,0.01,0.42
1.320094322,0.02,0.01,0.0,0.42
1.321408708,0.0,0.0,0.01,0.42
1.322086942,0.0,0.0,0.01,0.42
1.3234233510000002,0.01,0.01,0.0,0.42
1.324086702,0.01,0.0,0.0,0.42
1.3254101420000002,0.0,0.01,0.01,0.42
1.326089078,0.01,0.0,0.0,0.42
1.327393923,0.01,0.0,0.01,0.42
1.3280850860000002,0.01,0.01,0.01,0.42
1.329145478,0.0,0.01,0.0,0.42
1.330097496,0.01,0.01,0.0,0.42
1.331500339,0.02,0.02,0.01,0.43
1.333423518,0.02,0.02,0.02,0.42
1.334086477,0.02,0.01,0.01,0.42
1.33533028,0.01,0.0,0.0,0.42
1.336120502,0.01,0.0,0.0,0.42
1.337431045,0.01,0.0,0.01,0.42
1.338082551,0.01,0.01,0.01,0.42
1.3394183270000002,0.01,0.01,0.01,0.41
1.340084845,0.01,0.0,0.01,0.4
1.3412971690000002,0.0,0.01,0.01,0.42
1.3422329160000002,0.0,0.0,0.01,0.43
1.343296397,0.0,0.0,0.0,0.42
1.3440917410000002,0.01,0.0,0.0,0.42
1.345490641,0.0,0.0,0.0,0.41
1.3460843470000001,0.01,0.0,0.01,0.43
1.3474135580000002,0.0,0.01,0.01,0.42
1.3494436380000001,0.01,0.01,0.01,0.41
1.3500863840000001,0.01,0.0,0.01,0.42
1.3514066960000002,0.01,0.01,0.01,0.42
1.3520876270000002,0.01,0.01,0.01,0.42
1.3534192630000002,0.01,0.01,0.01,0.42
1.3540847660000002,0.0,0.01,0.0,0.41
1.355423802,0.0,0.01,0.01,0.41
1.3560846830000002,0.0,0.0,0.0,0.41
1.3574044730000001,0.01,0.01,0.01,0.4
1.358091065,0.02,0.02,0.01,0.42
1.359270881,0.01,0.01,0.01,0.42
1.360180704,0.0,0.0,0.0,0.42
1.3614423020000002,0.01,0.0,0.0,0.41
1.3633589560000001,0.0,0.0,0.0,0.41
1.364114545,0.01,0.0,0.0,0.42
1.3652982100000002,0.0,0.01,0.0,0.41
1.3662142130000001,0.0,0.0,0.0,0.41
1.367293622,0.0,0.01,0.0,0.42
1.368240766,0.01,0.01,0.0,0.42
1.369223453,0.01,0.01,0.0,0.43
1.3701982990000001,0.0,0.0,0.01,0.41
1.3712745110000002,0.03,0.01,0.0,0.42
1.372181219,0.02,0.01,0.01,0.41
1.3733237260000002,0.01,0.01,0.01,0.42
1.374120913,0.0,0.01,0.0,0.42
1.375360449,0.0,0.0,0.01,0.41
1.3760841160000001,0.0,0.0,0.01,0.42
1.3774143140000001,0.02,0.01,0.01,0.41
1.379334018,0.02,0.01,0.01,0.42
1.380151252,0.01,0.01,0.01,0.42
1.381297945,0.01,0.01,0.0,0.41
1.382107527,0.01,0.01,0.0,0.42
1.383293901,0.01,0.01,0.01,0.42
1.38414177,0.0,0.01,0.0,0.42
1.385123866,0.0,0.01,0.0,0.43
1.386478938,0.0,0.01,0.0,0.42
1.387082962,0.0,0.01,0.0,0.42
1.388315454,0.01,0.01,0.01,0.42
1.389091002,0.01,0.0,0.01,0.42
1.390155604,0.01,0.01,0.01,0.42
1.3911932280000001,0.02,0.02,0.02,0.42
1.3923224730000001,0.02,0.02,0.02,0.42
1.394407656,0.01,0.01,0.01,0.41
1.3951116030000001,0.01,0.01,0.0,0.42
1.3961987960000002,0.0,0.01,0.0,0.42
1.3972890290000002,0.0,0.0,0.0,0.43
1.398215954,0.01,0.01,0.01,0.43
1.399298728,0.01,0.01,0.01,0.42
1.4001093690000002,0.0,0.01,0.0,0.42
1.4012858650000002,0.01,0.0,0.01,0.42
1.402196884,0.01,0.0,0.0,0.42
1.4031908610000001,0.0,0.01,0.01,0.42
1.404171759,0.0,0.01,0.0,0.42
1.405323942,0.01,0.01,0.0,0.42
1.407398774,0.01,0.0,0.01,0.42
1.408100018,0.01,0.0,0.01,0.42
1.409262244,0.0,0.0,0.01,0.43
1.410166583,0.01,0.0,0.01,0.42
1.411252731,0.01,0.02,0.01,0.42
1.412227724,0.01,0.0,0.01,0.42
1.413251948,0.02,0.02,0.01,0.41
1.414235947,0.01,0.0,0.01,0.41
1.4152835220000002,0.01,0.01,0.01,0.42
1.4161974830000001,0.0,0.0,0.0,0.41
1.4175140960000001,0.0,0.01,0.01,0.41
1.418105332,0.01,0.01,0.01,0.42
1.419298506,0.01,0.01,0.0,0.42
1.4200898370000001,0.0,0.01,0.0,0.42
1.4211543640000002,0.01,0.01,0.0,0.42
1.423392106,0.01,0.01,0.01,0.41
1.4241088480000001,0.01,0.01,0.01,0.42
1.4252366840000001,0.0,0.0,0.0,0.41
1.4261969170000002,0.0,0.0,0.01,0.41
1.427199385,0.0,0.0,0.0,0.42
1.428186425,0.0,0.0,0.0,0.42
1.429200357,0.0,0.0,0.0,0.41
1.430172162,0.01,0.01,0.0,0.41
1.431199842,0.01,0.01,0.01,0.42
1.4322100660000001,0.01,0.02,0.02,0.41
1.43322737,0.01,0.02,0.01,0.42
1.434290454,0.0,0.01,0.01,0.43
1.4353809560000002,0.0,0.0,0.0,0.41
1.436551904,0.0,0.01,0.0,0.4
1.437586461,0.01,0.01,0.01,0.42
1.4385311010000001,0.01,0.02,0.01,0.42
1.439388228,0.01,0.01,0.01,0.41
1.441481384,0.01,0.0,0.0,0.42
1.4424777340000001,0.0,0.0,0.0,0.41
1.4433020380000001,0.01,0.0,0.0,0.42
1.4442067630000002,0.0,0.0,0.0,0.42
1.445154336,0.0,0.0,0.0,0.41
1.44617576,0.0,0.0,0.0,0.41
1.447174186,0.0,0.0,0.01,0.42
1.4482108370000002,0.0,0.0,0.01,0.42
1.449207313,0.0,0.0,0.0,0.42
1.4501327560000001,0.01,0.01,0.01,0.42
1.451167249,0.02,0.02,0.02,0.42
1.452124105,0.02,0.02,0.02,0.42
1.4531706020000001,0.02,0.02,0.02,0.41
1.4553852770000002,0.01,0.01,0.0,0.41
1.456160295,0.0,0.01,0.0,0.41
1.457200494,0.0,0.0,0.01,0.42
1.458167047,0.0,0.01,0.01,0.42
1.459161662,0.01,0.01,0.0,0.41
1.460173458,0.01,0.01,0.01,0.41
1.46116902,0.01,0.01,0.01,0.41
1.4621696560000002,0.0,0.01,0.01,0.41
1.4632060180000002,0.0,0.01,0.0,0.42
1.4642074710000001,0.01,0.0,0.01,0.42
1.4652184240000001,0.01,0.01,0.01,0.41
1.4662044280000002,0.01,0.0,0.01,0.42
1.467176099,0.01,0.0,0.01,0.42
1.469411633,0.01,0.0,0.0,0.41
1.4702062870000001,0.01,0.01,0.0,0.43
1.4711682240000001,0.01,0.01,0.01,0.41
1.472160922,0.01,0.01,0.01,0.41
1.473191498,0.01,0.01,0.01,0.42
1.4741565760000002,0.0,0.0,0.0,0.41
1.4751449570000001,0.0,0.0,0.01,0.41
1.4763500470000002,0.01,0.01,0.01,0.42
1.4771273610000002,0.01,0.0,0.01,0.42
1.4783572520000001,0.01,0.01,0.01,0.42
1.479122137,0.01,0.01,0.01,0.42
1.4801967420000002,0.0,0.0,0.01,0.42
1.4811513200000002,0.01,0.0,0.01,0.42
1.4822814050000002,0.01,0.01,0.01,0.42
1.4843352010000002,0.01,0.01,0.01,0.41
1.4851046220000002,0.01,0.0,0.0,0.43
1.486334926,0.01,0.01,0.01,0.42
1.487093392,0.0,0.0,0.0,0.41
1.488350909,0.01,0.01,0.0,0.41
1.489096074,0.01,0.0,0.0,0.42
1.4903221590000002,0.01,0.01,0.01,0.42
1.491114966,0.01,0.02,0.01,0.43
1.4923527440000002,0.01,0.01,0.02,0.42
1.493114705,0.01,0.01,0.02,0.41
1.494268831,0.0,0.01,0.01,0.41
1.495153637,0.01,0.0,0.01,0.42
1.4963456700000002,0.0,0.01,0.0,0.42
1.497073066,0.01,0.01,0.01,0.42
1.4983583340000002,0.01,0.01,0.02,0.41
1.500363077,0.01,0.02,0.01,0.42
1.5010832660000002,0.01,0.01,0.0,0.41
1.5022353290000001,0.0,0.01,0.01,0.41
1.5032216770000002,0.01,0.01,0.0,0.42
1.504216043,0.0,0.01,0.0,0.42
1.5052173400000002,0.0,0.0,0.01,0.42
1.5062182370000001,0.0,0.0,0.01,0.42
1.507306878,0.01,0.01,0.0,0.42
1.508084229,0.01,0.01,0.0,0.42
1.509285063,0.0,0.0,0.01,0.42
1.510147785,0.01,0.0,0.01,0.42
1.511271537,0.01,0.01,0.01,0.43
1.513324624,0.01,0.01,0.01,0.42
1.51412425,0.01,0.01,0.01,0.42
1.515127359,0.01,0.01,0.0,0.41
1.516320249,0.0,0.0,0.0,0.42
1.5170874570000001,0.0,0.0,0.01,0.41
1.518352337,0.01,0.01,0.01,0.42
1.5190809950000002,0.01,0.01,0.01,0.42
1.520232961,0.01,0.0,0.01,0.41
1.521106348,0.01,0.01,0.0,0.42
1.5223669430000002,0.01,0.01,0.01,0.42
1.523082607,0.0,0.01,0.0,0.42
1.524265406,0.0,0.0,0.0,0.42
1.525150164,0.0,0.0,0.01,0.42
1.5261512130000001,0.01,0.0,0.0,0.42
1.528327742,0.01,0.01,0.01,0.41
1.529153755,0.01,0.01,0.01,0.41
1.5301733450000001,0.0,0.01,0.0,0.42
1.531476649,0.01,0.02,0.01,0.41
1.532083423,0.01,0.01,0.01,0.41
1.533368572,0.01,0.01,0.01,0.41
1.5340780740000002,0.01,0.01,0.01,0.42
1.535485475,0.01,0.01,0.01,0.42
1.536074136,0.0,0.01,0.0,0.4
1.537348288,0.01,0.0,0.01,0.4
1.538072958,0.01,0.01,0.01,0.41
1.5392229450000001,0.01,0.01,0.0,0.42
1.54006806,0.0,0.0,0.01,0.42
1.5414262920000001,0.01,0.01,0.01,0.41
1.542074516,0.0,0.01,0.01,0.41
1.5435556650000002,0.01,0.02,0.01,0.42
1.545387703,0.0,0.0,0.01,0.41
1.54607834,0.0,0.0,0.01,0.41
1.54713227,0.0,0.0,0.0,0.42
1.548326804,0.0,0.0,0.0,0.41
1.549106198,0.01,0.0,0.0,0.41
1.550173162,0.0,0.0,0.0,0.42
1.55112485,0.02,0.02,0.01,0.42
1.552176325,0.02,0.02,0.02,0.42
1.553201858,0.01,0.02,0.01,0.42
1.554146773,0.0,0.01,0.01,0.43
1.5552289400000001,0.01,0.0,0.01,0.42
1.5561041370000002,0.0,0.0,0.01,0.42
1.557164259,0.03,0.01,0.01,0.41
1.558243143,0.02,0.02,0.01,0.42
1.560256294,0.01,0.01,0.01,0.41
1.561171808,0.0,0.01,0.0,0.43
1.562181408,0.0,0.0,0.0,0.42
1.563216723,0.01,0.01,0.0,0.42
1.564212798,0.0,0.01,0.01,0.41
1.5653387840000001,0.01,0.0,0.0,0.42
1.566085285,0.0,0.01,0.0,0.42
1.56725567,0.0,0.0,0.0,0.42
1.568162199,0.01,0.0,0.01,0.42
1.56915501,0.0,0.0,0.0,0.42
1.57011571,0.01,0.0,0.0,0.42
1.5712631620000002,0.01,0.01,0.01,0.42
1.572141344,0.01,0.01,0.02,0.42
1.5732525640000001,0.01,0.01,0.01,0.42
1.5753074530000002,0.0,0.01,0.01,0.42
1.576126045,0.0,0.0,0.01,0.41
1.5772110920000002,0.01,0.0,0.01,0.42
1.578139546,0.01,0.01,0.01,0.41
1.5793488850000001,0.02,0.01,0.01,0.41
1.580088476,0.01,0.0,0.01,0.42
1.5813211440000001,0.0,0.0,0.0,0.41
1.582125588,0.0,0.0,0.01,0.41
1.5832736390000002,0.01,0.0,0.0,0.42
1.584120911,0.0,0.0,0.01,0.42
1.5852362080000002,0.0,0.0,0.0,0.42
1.5861108940000002,0.01,0.01,0.0,0.41
1.587180505,0.01,0.0,0.0,0.42
1.5882328170000002,0.01,0.01,0.0,0.42
1.589245097,0.01,0.01,0.01,0.41
1.591347684,0.01,0.01,0.01,0.42
1.5920924390000002,0.01,0.0,0.01,0.42
1.59332117,0.01,0.01,0.01,0.41
1.59411857,0.01,0.01,0.0,0.42
1.595343753,0.0,0.0,0.0,0.42
1.5960845080000001,0.01,0.0,0.0,0.41
1.597151041,0.01,0.02,0.01,0.42
1.598162064,0.02,0.02,0.01,0.41
1.5992633980000002,0.01,0.01,0.01,0.41
1.6001306270000002,0.0,0.0,0.0,0.41
1.6011099830000002,0.01,0.01,0.01,0.4
1.602160438,0.01,0.01,0.0,0.41
1.6032098700000001,0.01,0.0,0.0,0.42
1.605360134,0.01,0.01,0.0,0.42
1.606088492,0.0,0.01,0.0,0.41
1.6072416440000001,0.01,0.0,0.0,0.41
1.608153849,0.01,0.01,0.01,0.41
1.60922534,0.01,0.01,0.0,0.42
1.610230419,0.01,0.01,0.0,0.42
1.6112288060000002,0.01,0.01,0.01,0.42
1.6121645420000001,0.03,0.02,0.02,0.41
1.6132924530000001,0.01,0.02,0.01,0.41
1.614144099,0.01,0.01,0.0,0.41
1.615295535,0.0,0.0,0.01,0.42
1.616171784,0.01,0.01,0.0,0.41
1.617327847,0.01,0.01,0.01,0.42
1.618075568,0.01,0.02,0.01,0.42
1.620262662,0.01,0.01,0.0,0.42
1.6211889350000002,0.01,0.0,0.0,0.41
1.6221794280000001,0.01,0.01,0.0,0.41
1.6232198370000002,0.01,0.01,0.0,0.41
1.624219321,0.0,0.0,0.0,0.41
1.6252331050000002,0.0,0.0,0.01,0.41
1.626195341,0.0,0.01,0.0,0.42
1.627229478,0.01,0.01,0.0,0.42
1.628178777,0.0,0.0,0.01,0.41
1.6293300860000002,0.0,0.0,0.01,0.41
1.6300827100000002,0.01,0.01,0.01,0.42
1.63129539,0.02,0.02,0.02,0.42
1.6321056930000002,0.02,0.02,0.01,0.42
1.6333861470000002,0.02,0.01,0.02,0.42
1.635461384,0.01,0.0,0.01,0.41
1.6360850420000002,0.01,0.0,0.0,0.42
1.637247012,0.0,0.01,0.0,0.42
1.6381137890000002,0.01,0.0,0.01,0.42
1.6391206450000002,0.01,0.0,0.01,0.41
1.6402340240000002,0.0,0.01,0.01,0.42
1.6411296080000002,0.01,0.01,0.01,0.42
1.642303145,0.0,0.01,0.01,0.42
1.6430809860000002,0.0,0.01,0.0,0.42
1.644299865,0.0,0.0,0.0,0.43
1.645157267,0.01,0.01,0.0,0.41
1.646151197,0.0,0.0,0.0,0.42
1.6471558640000001,0.01,0.01,0.0,0.41
1.6483887890000002,0.01,0.0,0.01,0.42
1.6503462450000002,0.01,0.01,0.01,0.42
1.6511067730000002,0.01,0.01,0.01,0.42
1.652346745,0.01,0.01,0.01,0.43
1.653081803,0.01,0.01,0.01,0.42
1.6543523560000002,0.0,0.01,0.01,0.42
1.6550802340000002,0.0,0.0,0.0,0.43
1.656355083,0.01,0.0,0.01,0.41
1.657077904,0.01,0.01,0.0,0.42
1.658237339,0.01,0.01,0.01,0.41
1.659171186,0.01,0.01,0.01,0.42
1.6601390580000002,0.0,0.0,0.0,0.42
1.661260476,0.01,0.01,0.0,0.42
1.6620811350000002,0.01,0.0,0.01,0.42
1.663368133,0.0,0.0,0.0,0.42
1.6654387300000002,0.0,0.0,0.0,0.42
1.666085653,0.0,0.0,0.01,0.42
1.6673741100000001,0.0,0.0,0.0,0.42
1.6680790520000002,0.0,0.01,0.0,0.42
1.669229944,0.01,0.01,0.0,0.42
1.6701201,0.01,0.01,0.01,0.42
1.6712036270000001,0.01,0.01,0.01,0.42
1.672128378,0.01,0.01,0.01,0.42
1.67321281,0.02,0.01,0.0,0.42
1.6741530800000002,0.0,0.01,0.01,0.41
1.6751338480000002,0.0,0.0,0.0,0.42
1.676138791,0.01,0.0,0.01,0.42
1.6771399,0.01,0.01,0.0,0.41
1.678383246,0.01,0.01,0.02,0.42
1.680365938,0.02,0.0,0.01,0.42
1.681090482,0.01,0.0,0.01,0.42
1.6821454480000002,0.01,0.01,0.01,0.41
1.683215611,0.01,0.01,0.0,0.42
1.684202205,0.0,0.01,0.01,0.41
1.68521318,0.0,0.0,0.0,0.41
1.686202071,0.0,0.0,0.0,0.42
1.687204498,0.0,0.01,0.01,0.42
1.68819033,0.01,0.01,0.01,0.42
1.6893206230000002,0.01,0.01,0.0,0.41
1.690118304,0.0,0.01,0.0,0.42
1.691273457,0.01,0.02,0.01,0.41
1.6921765830000002,0.02,0.02,0.01,0.42
1.694333765,0.02,0.02,0.0,0.41
1.69511707,0.01,0.01,0.0,0.42
1.6963610530000002,0.0,0.01,0.0,0.42
1.697081746,0.0,0.0,0.0,0.41
1.698348197,0.02,0.01,0.01,0.4
1.699095475,0.01,0.01,0.01,0.42
1.7002301930000001,0.0,0.01,0.0,0.41
1.701076078,0.01,0.0,0.0,0.41
1.702353119,0.01,0.01,0.01,0.42
1.703080474,0.01,0.01,0.01,0.42
1.7042448570000002,0.0,0.01,0.0,0.42
1.705176631,0.0,0.01,0.0,0.42
1.706157009,0.01,0.0,0.0,0.43
1.707314094,0.01,0.01,0.01,0.41
1.7080766250000001,0.0,0.0,0.0,0.42
1.709344914,0.01,0.01,0.01,0.42
1.7113450460000001,0.02,0.01,0.01,0.42
1.7121301690000001,0.01,0.01,0.01,0.42
1.713180154,0.01,0.01,0.02,0.42
1.714234633,0.01,0.0,0.01,0.42
1.7152257240000002,0.01,0.01,0.0,0.41
1.716222654,0.0,0.0,0.0,0.41
1.717220956,0.0,0.02,0.01,0.41
1.7181897030000002,0.0,0.01,0.01,0.42
1.7193326690000001,0.01,0.01,0.01,0.41
1.7200809410000002,0.01,0.01,0.0,0.42
1.721260397,0.0,0.01,0.01,0.41
1.7221502290000001,0.01,0.0,0.0,0.42
1.7231947250000001,0.01,0.01,0.01,0.41
1.7253510980000002,0.01,0.01,0.0,0.41
1.726087288,0.01,0.0,0.0,0.43
1.727340493,0.0,0.0,0.0,0.42
1.728080901,0.0,0.01,0.0,0.42
1.7293495550000002,0.01,0.01,0.0,0.42
1.730108022,0.0,0.0,0.0,0.42
1.7311110920000001,0.01,0.01,0.01,0.41
1.7322478270000001,0.02,0.02,0.01,0.43
1.733206239,0.02,0.02,0.01,0.43
1.734161046,0.01,0.01,0.0,0.41
1.7352333510000002,0.0,0.01,0.01,0.42
1.736078542,0.0,0.01,0.01,0.42
1.737303829,0.01,0.0,0.0,0.41
1.738139936,0.02,0.01,0.01,0.41
1.739328624,0.01,0.01,0.01,0.42
1.741355994,0.0,0.01,0.01,0.42
1.7420793490000002,0.0,0.01,0.01,0.42
1.7433534370000001,0.0,0.0,0.01,0.41
1.744121582,0.01,0.0,0.0,0.41
1.7453593980000002,0.01,0.01,0.01,0.42
1.746076613,0.01,0.0,0.0,0.42
1.7473560010000002,0.01,0.01,0.01,0.42
1.748074904,0.01,0.01,0.01,0.41
1.7494600150000001,0.01,0.01,0.0,0.42
1.7500758730000001,0.01,0.01,0.0,0.42
1.7512543340000002,0.01,0.0,0.01,0.42
1.752076081,0.01,0.01,0.01,0.42
1.7533730550000002,0.01,0.01,0.01,0.42
1.755349714,0.0,0.01,0.0,0.42
1.7560842490000002,0.0,0.0,0.0,0.42
1.757229858,0.0,0.0,0.0,0.41
1.7582300880000001,0.02,0.01,0.01,0.41
1.7592238420000001,0.01,0.01,0.01,0.42
1.760223754,0.01,0.01,0.01,0.42
1.7611112210000002,0.01,0.01,0.0,0.42
1.762239906,0.01,0.01,0.0,0.41
1.763135346,0.0,0.0,0.0,0.41
1.7641866650000002,0.01,0.01,0.0,0.42
1.765153151,0.0,0.01,0.0,0.41
1.7662804570000001,0.0,0.01,0.01,0.42
1.7671705420000001,0.0,0.01,0.0,0.41
1.7693380380000001,0.01,0.0,0.01,0.42
1.77012246,0.01,0.0,0.0,0.42
1.7712246170000001,0.01,0.01,0.01,0.42
1.772224591,0.02,0.01,0.01,0.41
1.7732161450000001,0.02,0.01,0.01,0.41
1.774350118,0.01,0.0,0.0,0.42
1.7750809760000001,0.01,0.01,0.0,0.41
1.776363246,0.01,0.01,0.0,0.42
1.777079416,0.01,0.0,0.01,0.42
1.7783538920000002,0.02,0.01,0.01,0.42
1.779078791,0.0,0.01,0.01,0.42
1.780280064,0.0,0.01,0.0,0.41
1.7810787680000002,0.01,0.01,0.0,0.41
1.782264048,0.0,0.01,0.01,0.41
1.783170082,0.0,0.0,0.0,0.42
1.7842363030000001,0.0,0.0,0.01,0.41
1.7852332380000002,0.01,0.0,0.0,0.42
1.787358245,0.0,0.0,0.01,0.42
1.7880810120000001,0.01,0.01,0.0,0.42
1.78934739,0.01,0.0,0.0,0.42
1.79008597,0.01,0.0,0.01,0.41
1.791228244,0.02,0.01,0.01,0.42
1.792114664,0.01,0.02,0.02,0.42
1.793331368,0.01,0.01,0.01,0.42
1.7940813610000002,0.0,0.01,0.0,0.41
1.795294485,0.01,0.0,0.01,0.41
1.796153182,0.01,0.0,0.0,0.42
1.797269776,0.0,0.01,0.01,0.42
1.7981714510000002,0.01,0.01,0.01,0.42
1.799400445,0.01,0.01,0.01,0.41
1.801372884,0.01,0.01,0.0,0.41
1.80208232,0.01,0.01,0.01,0.42
1.803348546,0.01,0.0,0.01,0.42
1.8041558430000002,0.0,0.0,0.01,0.42
1.805246635,0.0,0.0,0.01,0.41
1.806116156,0.01,0.01,0.0,0.42
1.8072223440000001,0.0,0.01,0.0,0.42
1.808158391,0.0,0.0,0.01,0.42
1.8092493740000002,0.0,0.01,0.01,0.41
1.8101631960000002,0.01,0.01,0.01,0.41
1.8112201220000002,0.01,0.01,0.01,0.43
1.8121665830000002,0.01,0.02,0.02,0.43
1.813191038,0.01,0.01,0.01,0.42
1.814210139,0.0,0.01,0.0,0.42
1.8165539270000002,0.0,0.0,0.0,0.41
1.817797075,0.01,0.0,0.01,0.41
1.8188517780000002,0.01,0.0,0.01,0.42
1.819783871,0.02,0.01,0.02,0.42
1.820647327,0.0,0.01,0.01,0.42
1.821485156,0.01,0.0,0.0,0.42
1.822237236,0.01,0.0,0.0,0.42
1.8232675360000001,0.0,0.0,0.01,0.42
1.8242426760000001,0.0,0.01,0.0,0.4
1.8251643770000001,0.0,0.0,0.01,0.41
1.826198446,0.0,0.0,0.0,0.41
1.8271215690000002,0.01,0.01,0.01,0.41
1.8281494550000001,0.01,0.01,0.0,0.41
1.829145714,0.01,0.01,0.01,0.43
1.830244468,0.01,0.0,0.01,0.41
1.832386309,0.02,0.01,0.02,0.42
1.833127036,0.02,0.02,0.01,0.42
1.834394195,0.0,0.01,0.01,0.42
1.8351132360000002,0.0,0.01,0.0,0.41
1.8363993410000001,0.0,0.01,0.0,0.42
1.8370949360000002,0.01,0.01,0.01,0.42
1.838417143,0.01,0.01,0.01,0.42
1.8390943860000002,0.01,0.01,0.01,0.42
1.840307418,0.0,0.01,0.01,0.41
1.8411177760000002,0.01,0.01,0.01,0.42
1.842329024,0.01,0.01,0.01,0.42
1.8431316910000002,0.02,0.0,0.0,0.42
1.844451089,0.0,0.0,0.01,0.42
1.8464330210000002,0.0,0.01,0.01,0.42
1.8470996160000002,0.0,0.01,0.0,0.42
1.848398455,0.02,0.01,0.0,0.42
1.8491012640000002,0.01,0.01,0.0,0.42
1.8504236440000001,0.01,0.01,0.01,0.42
1.851090539,0.02,0.02,0.01,0.42
1.852417573,0.01,0.01,0.01,0.42
1.8530869970000001,0.01,0.01,0.02,0.41
1.8541544900000002,0.02,0.01,0.0,0.41
1.855106222,0.01,0.0,0.01,0.42
1.856268837,0.02,0.0,0.01,0.42
1.857078205,0.01,0.01,0.01,0.41
1.8584377280000002,0.01,0.01,0.01,0.41
1.8590810100000001,0.01,0.01,0.0,0.41
1.8614321440000001,0.0,0.0,0.0,0.42
1.862092934,0.01,0.01,0.01,0.42
1.863416152,0.01,0.01,0.01,0.43
1.8640927020000002,0.0,0.01,0.0,0.41
1.8654157470000001,0.0,0.0,0.01,0.42
1.866091111,0.0,0.01,0.0,0.42
1.867425684,0.0,0.0,0.0,0.42
1.86809135,0.01,0.01,0.0,0.42
1.8693113810000002,0.0,0.01,0.0,0.42
1.87017055,0.01,0.0,0.01,0.41
1.871302441,0.01,0.01,0.02,0.42
1.872131785,0.0,0.01,0.02,0.43
1.873382657,0.01,0.01,0.02,0.42
1.874087046,0.0,0.0,0.01,0.41
1.8754433380000002,0.0,0.01,0.0,0.41
1.8774245200000002,0.01,0.0,0.01,0.42
1.8780911640000002,0.01,0.01,0.01,0.4
1.8794839540000001,0.02,0.01,0.01,0.42
1.8800977760000002,0.01,0.01,0.01,0.42
1.8814099530000001,0.0,0.0,0.0,0.41
1.882098727,0.0,0.0,0.0,0.42
1.883413784,0.01,0.0,0.0,0.42
1.884166929,0.0,0.01,0.0,0.42
1.8852014030000002,0.01,0.0,0.0,0.41
1.886255723,0.01,0.01,0.0,0.42
1.887117782,0.0,0.01,0.0,0.41
1.888100469,0.01,0.01,0.01,0.42
1.889184345,0.01,0.01,0.0,0.42
1.891239761,0.01,0.01,0.01,0.41
1.8921052020000002,0.01,0.01,0.0,0.42
1.8932397380000001,0.01,0.01,0.01,0.42
1.894084402,0.01,0.01,0.0,0.41
1.895331566,0.0,0.01,0.0,0.42
1.896109773,0.01,0.01,0.0,0.42
1.8971712410000001,0.02,0.01,0.01,0.41
1.8981972560000002,0.01,0.01,0.01,0.43
1.8991660830000001,0.01,0.01,0.01,0.42
1.9001893680000002,0.0,0.0,0.01,0.41
1.90117975,0.01,0.0,0.0,0.41
1.9021763010000001,0.0,0.0,0.0,0.42
1.9032005250000001,0.01,0.01,0.0,0.41
1.904213402,0.0,0.0,0.0,0.42
1.9052299050000001,0.01,0.0,0.0,0.43
1.9062960270000002,0.0,0.01,0.01,0.42
1.9084885990000002,0.01,0.0,0.01,0.41
1.909523019,0.01,0.0,0.01,0.42
1.9103772060000002,0.0,0.01,0.01,0.42
1.911142668,0.01,0.01,0.01,0.41
1.9121728130000002,0.02,0.02,0.01,0.41
1.913157691,0.02,0.02,0.01,0.41
1.9141791350000001,0.01,0.01,0.01,0.41
1.915163525,0.01,0.01,0.0,0.41
1.916132624,0.0,0.01,0.0,0.41
1.917153195,0.01,0.01,0.01,0.41
1.918160864,0.01,0.01,0.01,0.42
1.919344694,0.01,0.01,0.01,0.41
1.9213180760000002,0.0,0.01,0.0,0.41
1.9221230390000001,0.01,0.01,0.0,0.41
1.9232077,0.01,0.01,0.01,0.41
1.924201515,0.0,0.0,0.0,0.41
1.9251980940000002,0.0,0.01,0.0,0.41
1.9263445780000001,0.01,0.01,0.01,0.42
1.92710693,0.0,0.02,0.0,0.43
1.9283403970000002,0.01,0.01,0.01,0.41
1.9290971380000002,0.0,0.01,0.01,0.42
1.930328228,0.01,0.01,0.0,0.41
1.9310950740000001,0.02,0.01,0.01,0.42
1.9322688040000002,0.01,0.01,0.01,0.43
1.9330956160000001,0.01,0.02,0.01,0.42
1.9343524010000002,0.01,0.01,0.01,0.41
1.935087967,0.01,0.0,0.01,0.41
1.9363421070000002,0.0,0.0,0.0,0.42
1.9383574200000002,0.01,0.01,0.01,0.41
1.939081215,0.01,0.01,0.0,0.41
1.9402008940000002,0.01,0.01,0.01,0.42
1.9412306030000002,0.0,0.0,0.0,0.42
1.942224941,0.01,0.01,0.01,0.42
1.9432210470000002,0.02,0.01,0.01,0.42
1.9442194970000002,0.0,0.01,0.0,0.41
1.9451057600000001,0.0,0.01,0.01,0.42
1.9462697990000002,0.0,0.01,0.0,0.41
1.947122043,0.0,0.01,0.0,0.41
1.948251565,0.0,0.0,0.0,0.42
1.949155355,0.0,0.0,0.0,0.41
1.9503363230000001,0.01,0.01,0.01,0.42
1.9523337250000001,0.01,0.02,0.01,0.42
1.9531241920000002,0.01,0.01,0.01,0.42
1.954108315,0.01,0.0,0.01,0.42
1.955353764,0.01,0.0,0.0,0.42
1.9560815210000002,0.0,0.0,0.0,0.41
1.9573192240000001,0.0,0.01,0.0,0.42
1.958078581,0.02,0.0,0.01,0.4
1.9593586630000002,0.01,0.01,0.01,0.41
1.96007291,0.0,0.0,0.0,0.42
1.961261367,0.0,0.01,0.01,0.41
1.962160987,0.0,0.01,0.0,0.41
1.9631062910000001,0.0,0.0,0.02,0.42
1.964321667,0.0,0.0,0.0,0.42
1.965074234,0.01,0.01,0.0,0.42
1.966361432,0.0,0.0,0.0,0.42
1.9683578860000002,0.01,0.01,0.0,0.41
1.9691042500000002,0.01,0.01,0.0,0.42
1.9702053130000001,0.0,0.01,0.01,0.41
1.9710840490000001,0.01,0.01,0.01,0.41
1.9722180550000001,0.01,0.01,0.01,0.41
1.9732111120000002,0.01,0.01,0.01,0.42
1.974210331,0.01,0.0,0.0,0.41
1.9751790160000002,0.0,0.01,0.0,0.4
1.976251122,0.01,0.0,0.01,0.4
1.9770878710000002,0.01,0.01,0.01,0.42
1.9782561570000001,0.02,0.01,0.01,0.41
1.9791034090000001,0.01,0.01,0.01,0.42
1.9811727060000002,0.01,0.0,0.0,0.4
1.982194264,0.0,0.01,0.01,0.41
1.9831249930000001,0.0,0.0,0.0,0.42
1.9842435630000002,0.0,0.0,0.0,0.42
1.9851219740000001,0.01,0.0,0.01,0.41
1.9863565010000002,0.0,0.01,0.0,0.42
1.98708477,0.0,0.0,0.0,0.42
1.9883561040000002,0.01,0.0,0.01,0.41
1.989084421,0.01,0.0,0.01,0.42
1.990404673,0.0,0.01,0.0,0.42
1.991082215,0.02,0.01,0.01,0.41
1.992241675,0.02,0.02,0.01,0.41
1.9931366760000002,0.02,0.01,0.01,0.41
1.994262261,0.0,0.0,0.01,0.41
1.996345704,0.0,0.01,0.0,0.41
1.997122129,0.0,0.01,0.0,0.41
1.9981382820000002,0.01,0.01,0.01,0.41
1.9991253430000002,0.01,0.01,0.01,0.42
2.000112991,0.01,0.01,0.01,0.41
2.001180615,0.0,0.01,0.0,0.41
2.00220344,0.01,0.01,0.01,0.41
2.0032072970000003,0.01,0.01,0.0,0.41
2.004202604,0.0,0.0,0.01,0.42
2.00519038,0.0,0.0,0.0,0.42
2.006294859,0.01,0.0,0.01,0.42
2.00712628,0.0,0.0,0.01,0.42
2.008117035,0.0,0.01,0.0,0.41
2.0093031850000003,0.01,0.0,0.01,0.41
2.0113434750000003,0.01,0.01,0.01,0.42
2.012110651,0.01,0.01,0.02,0.42
2.0132092150000003,0.01,0.01,0.01,0.41
2.014149418,0.01,0.0,0.01,0.41
2.015205247,0.01,0.0,0.01,0.41
2.0162113930000003,0.01,0.01,0.01,0.41
2.017171894,0.0,0.01,0.02,0.41
2.018181803,0.01,0.01,0.01,0.42
2.019202883,0.01,0.01,0.01,0.42
2.0201385050000003,0.0,0.0,0.01,0.42
2.0213005,0.0,0.0,0.01,0.41
2.022093948,0.01,0.01,0.0,0.42
2.023259877,0.0,0.0,0.01,0.41
2.0240909030000003,0.0,0.0,0.01,0.42
2.0253765610000003,0.0,0.0,0.0,0.41
2.027343407,0.0,0.01,0.0,0.42
2.0280942730000002,0.02,0.01,0.0,0.42
2.029336514,0.0,0.0,0.01,0.41
2.030094129,0.0,0.0,0.0,0.41
2.031215515,0.02,0.01,0.01,0.41
2.032219109,0.02,0.02,0.02,0.42
2.03320859,0.02,0.02,0.02,0.41
2.034206176,0.01,0.01,0.0,0.42
2.0352677590000003,0.01,0.0,0.0,0.41
2.036126083,0.0,0.0,0.01,0.41
2.037242853,0.0,0.01,0.01,0.41
2.0380859840000003,0.02,0.01,0.0,0.41
2.0392448510000003,0.01,0.01,0.01,0.42
2.0401631090000003,0.0,0.0,0.01,0.42
2.0412355090000003,0.01,0.01,0.02,0.42
2.0432309810000002,0.01,0.01,0.01,0.42
2.0441286,0.01,0.01,0.0,0.42
2.0451293600000002,0.01,0.0,0.0,0.42
2.046213915,0.0,0.0,0.0,0.41
2.047206659,0.01,0.01,0.01,0.42
2.0482107270000003,0.01,0.0,0.01,0.42
2.04921889,0.01,0.01,0.0,0.42
2.0502116960000003,0.01,0.0,0.01,0.41
2.05115977,0.01,0.01,0.01,0.42
2.052143999,0.01,0.01,0.01,0.42
2.053088654,0.01,0.01,0.01,0.43
2.054138162,0.0,0.01,0.01,0.41
2.0552030550000002,0.01,0.0,0.0,0.43
2.0562149570000003,0.0,0.01,0.0,0.41
2.058378227,0.01,0.01,0.01,0.42
2.059095484,0.01,0.01,0.01,0.41
2.060342205,0.01,0.01,0.01,0.42
2.061095055,0.0,0.0,0.0,0.42
2.0623454640000003,0.01,0.0,0.01,0.42
2.063086639,0.01,0.0,0.01,0.42
2.0643409050000003,0.0,0.0,0.0,0.41
2.0651207510000003,0.0,0.01,0.01,0.42
2.066241796,0.0,0.0,0.0,0.42
2.067100131,0.01,0.0,0.01,0.41
2.0682634340000003,0.01,0.01,0.01,0.42
2.0690760310000003,0.01,0.01,0.0,0.42
2.070237572,0.01,0.01,0.01,0.41
2.072256721,0.02,0.01,0.01,0.41
2.073179063,0.01,0.01,0.01,0.41
2.074224371,0.01,0.01,0.0,0.42
2.075215512,0.0,0.0,0.01,0.41
2.076217056,0.01,0.01,0.01,0.42
2.077181055,0.02,0.01,0.0,0.42
2.0783509380000003,0.01,0.01,0.01,0.42
2.0790849650000003,0.01,0.01,0.02,0.42
2.0802964420000003,0.0,0.0,0.0,0.41
2.081076969,0.01,0.0,0.0,0.4
2.0822515200000002,0.01,0.01,0.01,0.4
2.083137965,0.01,0.01,0.0,0.4
2.0841305400000003,0.0,0.0,0.01,0.41
2.085137586,0.01,0.01,0.0,0.42
2.086338439,0.0,0.01,0.01,0.43
2.088346425,0.01,0.0,0.01,0.41
2.089107613,0.01,0.01,0.0,0.42
2.09029891,0.01,0.0,0.01,0.41
2.0910755130000003,0.02,0.02,0.01,0.42
2.092243916,0.01,0.01,0.02,0.41
2.093236725,0.01,0.02,0.01,0.41
2.094101084,0.01,0.0,0.01,0.41
2.095253581,0.01,0.01,0.01,0.4
2.096152236,0.01,0.01,0.01,0.41
2.097105016,0.01,0.01,0.01,0.41
2.098228201,0.01,0.01,0.01,0.42
2.099077878,0.01,0.0,0.01,0.41
2.100206311,0.0,0.0,0.0,0.42
2.101119392,0.01,0.02,0.01,0.42
2.1023380350000003,0.01,0.01,0.0,0.41
2.104236853,0.0,0.0,0.0,0.4
2.105123894,0.01,0.01,0.0,0.42
2.1063368390000003,0.01,0.01,0.0,0.42
2.10708754,0.0,0.0,0.0,0.42
2.1082182130000002,0.01,0.0,0.0,0.42
2.109212512,0.01,0.0,0.0,0.42
2.110113428,0.01,0.0,0.01,0.42
2.1113572350000003,0.01,0.01,0.01,0.42
2.112090775,0.02,0.02,0.02,0.42
2.1132355680000003,0.01,0.01,0.01,0.42
2.1141258,0.0,0.01,0.0,0.42
2.115271389,0.0,0.01,0.0,0.42
2.116173272,0.0,0.0,0.01,0.42
2.118357896,0.01,0.01,0.0,0.41
2.119088622,0.01,0.01,0.01,0.41
2.12034186,0.01,0.01,0.01,0.42
2.121107165,0.0,0.0,0.01,0.42
2.122336139,0.0,0.01,0.01,0.42
2.1231015870000003,0.01,0.01,0.01,0.41
2.12413769,0.0,0.0,0.0,0.4
2.125156017,0.01,0.01,0.01,0.41
2.126142117,0.01,0.0,0.01,0.41
2.127104719,0.01,0.0,0.0,0.41
2.12831186,0.02,0.0,0.01,0.42
2.1290820050000003,0.01,0.01,0.0,0.42
2.130352037,0.01,0.0,0.01,0.41
2.132228795,0.01,0.01,0.0,0.42
2.133130945,0.01,0.01,0.0,0.41
2.1341465900000003,0.0,0.0,0.01,0.42
2.135215022,0.0,0.0,0.0,0.41
2.1361526090000003,0.0,0.01,0.0,0.41
2.137111767,0.01,0.02,0.0,0.41
2.138353914,0.01,0.02,0.02,0.41
2.139085278,0.01,0.02,0.01,0.41
2.140328743,0.0,0.0,0.0,0.41
2.141116856,0.01,0.0,0.0,0.41
2.142276865,0.01,0.01,0.0,0.41
2.1431575520000004,0.0,0.0,0.01,0.41
2.1442902150000003,0.0,0.01,0.01,0.41
2.145148334,0.01,0.01,0.01,0.4
2.146323287,0.0,0.0,0.01,0.41
2.14836099,0.0,0.01,0.0,0.42
2.14907861,0.01,0.01,0.01,0.42
2.1502305120000003,0.0,0.01,0.01,0.42
2.1512173480000003,0.01,0.01,0.01,0.42
2.1522123040000003,0.02,0.02,0.02,0.41
2.1531073800000002,0.02,0.02,0.02,0.41
2.1544233790000002,0.0,0.0,0.01,0.41
2.1550847770000003,0.01,0.0,0.0,0.41
2.156330429,0.0,0.01,0.0,0.41
2.157084315,0.01,0.01,0.01,0.41
2.1582600530000002,0.01,0.01,0.01,0.41
2.159123771,0.01,0.01,0.01,0.41
2.1601868410000002,0.0,0.01,0.0,0.41
2.1612245050000003,0.01,0.0,0.0,0.41
2.163236977,0.01,0.01,0.01,0.42
2.16412827,0.0,0.01,0.01,0.41
2.1653187050000002,0.0,0.0,0.0,0.42
2.1661129590000003,0.01,0.01,0.01,0.42
2.167334968,0.0,0.0,0.0,0.42
2.1681156180000003,0.01,0.01,0.01,0.41
2.169356193,0.0,0.0,0.0,0.41
2.1700835290000002,0.0,0.0,0.01,0.43
2.171441376,0.0,0.01,0.01,0.41
2.1720785830000002,0.01,0.01,0.01,0.41
2.1732223680000002,0.01,0.01,0.01,0.42
2.174111618,0.0,0.0,0.0,0.41
2.1753400430000003,0.01,0.0,0.0,0.42
2.176121541,0.0,0.0,0.0,0.41
2.1773991390000003,0.02,0.01,0.0,0.4
2.1793462040000002,0.01,0.01,0.02,0.41
2.1800773120000003,0.01,0.01,0.01,0.42
2.1813533080000003,0.0,0.01,0.0,0.42
2.182123845,0.01,0.01,0.01,0.42
2.183354435,0.0,0.0,0.01,0.41
2.1840756420000003,0.0,0.0,0.0,0.41
2.185354013,0.0,0.0,0.0,0.41
2.186078117,0.0,0.0,0.0,0.41
2.187222818,0.0,0.0,0.01,0.41
2.188109645,0.0,0.01,0.0,0.42
2.189143077,0.01,0.0,0.01,0.41
2.190097422,0.02,0.01,0.01,0.41
2.191404964,0.01,0.01,0.01,0.41
2.193346533,0.01,0.01,0.01,0.42
2.1940866000000003,0.01,0.01,0.0,0.41
2.195118661,0.01,0.01,0.0,0.42
2.1961104440000003,0.01,0.01,0.01,0.41
2.197352973,0.0,0.01,0.01,0.41
2.198087661,0.01,0.01,0.01,0.41
2.199217275,0.01,0.02,0.02,0.42
2.2001871150000003,0.0,0.0,0.01,0.41
2.201069134,0.01,0.01,0.0,0.41
2.2022728120000004,0.0,0.0,0.01,0.4
2.203124926,0.01,0.01,0.0,0.41
2.2041374780000003,0.0,0.0,0.01,0.42
2.205130876,0.0,0.01,0.0,0.41
2.20635074,0.01,0.01,0.01,0.42
2.208345864,0.01,0.01,0.01,0.41
2.209092258,0.0,0.01,0.0,0.42
2.210086729,0.0,0.01,0.0,0.4
2.2110722050000002,0.01,0.01,0.01,0.41
2.212203681,0.01,0.01,0.01,0.41
2.2131999390000003,0.01,0.02,0.01,0.41
2.214071374,0.0,0.01,0.0,0.41
2.215200684,0.0,0.01,0.0,0.41
2.2161620980000003,0.0,0.0,0.0,0.41
2.2171404210000003,0.01,0.01,0.0,0.41
2.218263775,0.01,0.01,0.01,0.42
2.219132129,0.01,0.01,0.01,0.41
2.220315337,0.01,0.0,0.0,0.41
2.221090063,0.01,0.01,0.01,0.41
2.2223469430000002,0.0,0.01,0.01,0.41
2.2243463990000003,0.01,0.01,0.0,0.41
2.225090297,0.01,0.0,0.01,0.42
2.226214706,0.01,0.01,0.0,0.42
2.2272166810000003,0.0,0.0,0.0,0.41
2.2281288000000004,0.0,0.01,0.0,0.41
2.2293409140000002,0.0,0.01,0.01,0.42
2.230081837,0.0,0.01,0.0,0.42
2.2313382230000003,0.01,0.01,0.02,0.42
2.23208469,0.02,0.02,0.01,0.42
2.233242531,0.01,0.01,0.0,0.42
2.234115109,0.0,0.0,0.01,0.41
2.235113193,0.0,0.0,0.0,0.42
2.2362239980000003,0.0,0.01,0.01,0.4
2.237245591,0.01,0.01,0.01,0.41
2.2393523600000003,0.01,0.0,0.01,0.41
2.240087684,0.02,0.0,0.01,0.42
2.241349171,0.01,0.0,0.01,0.43
2.242082222,0.01,0.01,0.01,0.41
2.2433554630000003,0.0,0.01,0.01,0.41
2.2440830380000003,0.01,0.0,0.0,0.41
2.245346182,0.0,0.0,0.0,0.41
2.246080546,0.0,0.0,0.0,0.42
2.247285217,0.01,0.0,0.0,0.41
2.2481235340000003,0.01,0.0,0.01,0.42
2.249112121,0.01,0.0,0.0,0.42
2.2501486920000002,0.0,0.0,0.01,0.42
2.251201806,0.01,0.02,0.01,0.42
2.252207072,0.01,0.01,0.02,0.42
2.254348748,0.01,0.01,0.01,0.42
2.255094864,0.0,0.01,0.0,0.41
2.256297425,0.01,0.01,0.0,0.41
2.2570939990000003,0.01,0.0,0.01,0.41
2.2582165990000003,0.01,0.02,0.01,0.41
2.259207773,0.01,0.01,0.01,0.41
2.2601095900000003,0.01,0.0,0.0,0.42
2.261248679,0.0,0.0,0.0,0.41
2.262120414,0.01,0.01,0.01,0.42
2.2632501400000002,0.01,0.01,0.01,0.42
2.2641212420000003,0.0,0.0,0.0,0.42
2.265295709,0.01,0.0,0.0,0.41
2.2661726090000003,0.0,0.0,0.0,0.41
2.267377298,0.0,0.01,0.01,0.42
2.269357307,0.01,0.01,0.0,0.42
2.2700847260000003,0.0,0.01,0.01,0.41
2.271345644,0.01,0.01,0.01,0.41
2.2720858070000003,0.01,0.01,0.0,0.41
2.2733419500000003,0.01,0.01,0.01,0.42
2.274107052,0.01,0.01,0.0,0.42
2.27534904,0.01,0.01,0.01,0.41
2.276108718,0.02,0.01,0.0,0.41
2.277271211,0.01,0.01,0.01,0.42
2.2780795460000003,0.02,0.03,0.02,0.41
2.2792350310000002,0.01,0.02,0.01,0.42
2.2801132650000002,0.0,0.0,0.0,0.41
2.281368637,0.0,0.01,0.0,0.41
2.283370311,0.01,0.0,0.0,0.4
2.2840831670000004,0.01,0.0,0.0,0.41
2.285217189,0.01,0.01,0.0,0.42
2.286209145,0.0,0.0,0.0,0.42
2.287120603,0.01,0.01,0.01,0.41
2.288250972,0.0,0.01,0.0,0.41
2.289088995,0.01,0.01,0.0,0.42
2.2903463470000003,0.01,0.01,0.01,0.42
2.291088235,0.02,0.01,0.01,0.41
2.2923096800000002,0.02,0.02,0.01,0.42
2.293081023,0.01,0.01,0.01,0.41
2.294271011,0.0,0.01,0.0,0.42
2.295122484,0.0,0.01,0.0,0.41
2.2962279640000003,0.01,0.0,0.0,0.42
2.2983385480000003,0.01,0.01,0.01,0.42
2.299088073,0.01,0.0,0.01,0.42
2.300210616,0.01,0.0,0.0,0.41
2.301208634,0.01,0.0,0.01,0.42
2.302203033,0.01,0.01,0.01,0.41
2.303205784,0.0,0.01,0.0,0.41
2.304352722,0.0,0.0,0.0,0.41
2.305087679,0.01,0.0,0.01,0.41
2.306272691,0.01,0.01,0.01,0.42
2.307084366,0.01,0.01,0.01,0.43
2.3082663290000003,0.01,0.01,0.01,0.41
2.3091640570000003,0.01,0.01,0.0,0.42
2.3101514990000003,0.0,0.01,0.01,0.42
2.311203281,0.01,0.01,0.01,0.41
2.3133414660000002,0.01,0.01,0.01,0.42
2.3140929690000003,0.02,0.01,0.01,0.42
2.315212292,0.01,0.01,0.0,0.42
2.3162037580000003,0.0,0.0,0.0,0.42
2.317121485,0.0,0.01,0.02,0.41
2.318268531,0.0,0.01,0.01,0.41
2.319156302,0.01,0.01,0.0,0.41
2.320297882,0.01,0.01,0.0,0.42
2.321154293,0.01,0.0,0.0,0.41
2.322342463,0.01,0.01,0.01,0.41
2.323112081,0.01,0.01,0.01,0.42
2.324282504,0.0,0.0,0.01,0.42
2.325083588,0.0,0.01,0.0,0.41
2.3263675200000002,0.0,0.0,0.0,0.41
2.3283474870000003,0.01,0.0,0.01,0.41
2.329116387,0.01,0.0,0.01,0.41
2.330210022,0.01,0.01,0.0,0.42
2.33120868,0.01,0.01,0.01,0.43
2.3321988840000003,0.01,0.01,0.02,0.42
2.333208699,0.01,0.01,0.01,0.42
2.3342079360000003,0.0,0.01,0.01,0.41
2.335205862,0.01,0.0,0.01,0.42
2.336350974,0.0,0.01,0.0,0.42
2.337087158,0.02,0.01,0.01,0.41
2.338280247,0.01,0.01,0.02,0.41
2.339085734,0.02,0.01,0.01,0.42
2.34027912,0.0,0.0,0.0,0.41
2.341163755,0.0,0.0,0.01,0.4
2.343360364,0.01,0.01,0.01,0.41
2.344092818,0.01,0.0,0.0,0.41
2.345159456,0.0,0.0,0.01,0.42
2.346206429,0.0,0.0,0.01,0.41
2.347202984,0.01,0.01,0.01,0.41
2.348198119,0.01,0.01,0.0,0.42
2.349111878,0.0,0.0,0.01,0.42
2.35033962,0.01,0.0,0.01,0.42
2.351090643,0.02,0.01,0.01,0.41
2.3523924210000002,0.02,0.01,0.01,0.41
2.353088279,0.02,0.01,0.01,0.41
2.354252963,0.01,0.01,0.01,0.42
2.3551098,0.01,0.01,0.01,0.41
2.356213425,0.01,0.01,0.01,0.42
2.3583450950000002,0.01,0.01,0.01,0.42
2.359088715,0.01,0.01,0.01,0.42
2.3602770140000002,0.01,0.01,0.01,0.42
2.3611727900000004,0.01,0.01,0.01,0.42
2.362359241,0.01,0.01,0.01,0.41
2.363078984,0.01,0.01,0.0,0.41
2.3643487110000003,0.0,0.0,0.01,0.41
2.365073256,0.0,0.0,0.01,0.41
2.3663742350000003,0.0,0.0,0.01,0.41
2.3670764980000003,0.01,0.01,0.0,0.43
2.3683167060000003,0.01,0.0,0.01,0.43
2.369068784,0.0,0.01,0.0,0.42
2.370291221,0.01,0.01,0.01,0.42
2.3710704550000004,0.02,0.01,0.01,0.41
2.372393507,0.02,0.01,0.01,0.42
2.374350256,0.01,0.01,0.01,0.41
2.375084115,0.01,0.01,0.01,0.41
2.3762211900000003,0.01,0.01,0.01,0.42
2.377215033,0.01,0.01,0.01,0.42
2.378222161,0.0,0.01,0.01,0.41
2.379209813,0.01,0.01,0.01,0.41
2.380104133,0.0,0.0,0.0,0.42
2.3812494810000002,0.01,0.0,0.0,0.42
2.3820841710000003,0.01,0.02,0.01,0.41
2.3832494470000003,0.01,0.01,0.01,0.41
2.384117723,0.0,0.0,0.01,0.42
2.3852429880000003,0.01,0.0,0.0,0.42
2.3860862590000003,0.0,0.0,0.01,0.42
2.3873455530000003,0.0,0.01,0.0,0.41
2.3881315400000003,0.01,0.0,0.0,0.41
2.3892224370000004,0.0,0.0,0.0,0.42
2.3912290680000003,0.01,0.01,0.01,0.41
2.392084245,0.02,0.01,0.02,0.42
2.393117043,0.02,0.01,0.02,0.42
2.3942462140000003,0.0,0.01,0.0,0.41
2.3952028330000004,0.01,0.0,0.0,0.42
2.396227476,0.0,0.0,0.0,0.41
2.3971066110000003,0.0,0.0,0.01,0.42
2.398250623,0.02,0.01,0.01,0.41
2.399160068,0.02,0.01,0.01,0.42
2.4001218040000003,0.01,0.0,0.0,0.41
2.4013127560000003,0.0,0.0,0.0,0.41
2.40208406,0.0,0.01,0.0,0.42
2.403359431,0.0,0.0,0.0,0.42
2.40534405,0.0,0.01,0.0,0.42
2.406084033,0.01,0.0,0.0,0.42
2.4072172060000003,0.01,0.01,0.0,0.42
2.408214708,0.02,0.0,0.0,0.42
2.409208799,0.01,0.01,0.0,0.42
2.410208947,0.0,0.01,0.01,0.42
2.411110404,0.01,0.01,0.01,0.41
2.4122618350000002,0.01,0.01,0.01,0.41
2.413090985,0.0,0.01,0.01,0.41
2.4142545330000003,0.0,0.0,0.0,0.42
2.415121591,0.0,0.0,0.01,0.42
2.416310625,0.0,0.0,0.0,0.42
2.4170842280000002,0.01,0.01,0.01,0.42
2.419347472,0.01,0.01,0.01,0.41
2.420088815,0.01,0.01,0.0,0.42
2.421223051,0.01,0.0,0.0,0.41
2.422218661,0.01,0.01,0.0,0.41
2.423218631,0.01,0.01,0.0,0.42
2.424213644,0.01,0.0,0.0,0.42
2.42520866,0.0,0.01,0.0,0.42
2.4263451440000003,0.0,0.01,0.0,0.41
2.427085645,0.0,0.01,0.01,0.42
2.428237374,0.0,0.01,0.01,0.42
2.429084362,0.0,0.0,0.01,0.41
2.430246344,0.0,0.01,0.0,0.42
2.4311356980000003,0.02,0.01,0.01,0.41
2.432192949,0.02,0.01,0.01,0.41
2.4332137790000004,0.01,0.01,0.0,0.41
2.4352326250000003,0.0,0.01,0.0,0.41
2.4361381580000003,0.01,0.0,0.0,0.41
2.437207213,0.01,0.01,0.02,0.41
2.438204949,0.01,0.01,0.01,0.43
2.4391489060000002,0.02,0.01,0.02,0.41
2.440340848,0.01,0.01,0.0,0.42
2.441094506,0.01,0.01,0.0,0.41
2.442267214,0.01,0.01,0.0,0.4
2.4431695070000004,0.01,0.0,0.01,0.42
2.4441603030000003,0.0,0.0,0.0,0.42
2.445292234,0.0,0.0,0.0,0.41
2.446088268,0.01,0.01,0.0,0.42
2.4472618830000004,0.0,0.0,0.01,0.42
2.4493482120000003,0.0,0.01,0.01,0.41
2.450090887,0.0,0.0,0.0,0.42
2.451245511,0.01,0.01,0.01,0.41
2.4522210980000003,0.02,0.02,0.01,0.41
2.453077919,0.01,0.01,0.01,0.41
2.4543352720000002,0.01,0.01,0.0,0.42
2.455081629,0.0,0.01,0.0,0.42
2.456108934,0.0,0.0,0.01,0.42
2.45724088,0.01,0.02,0.01,0.42
2.458082074,0.01,0.01,0.01,0.42
2.459112885,0.01,0.01,0.01,0.42
2.460267199,0.0,0.01,0.0,0.42
2.461087875,0.01,0.02,0.01,0.4
2.462169164,0.01,0.01,0.01,0.41
2.464375502,0.01,0.0,0.01,0.42
2.4650910500000003,0.0,0.0,0.0,0.41
2.466208608,0.0,0.0,0.0,0.42
2.467079279,0.0,0.01,0.0,0.42
2.468232495,0.0,0.0,0.0,0.41
2.4691308960000002,0.0,0.0,0.0,0.42
2.470208121,0.0,0.0,0.0,0.41
2.4712035190000003,0.02,0.01,0.02,0.42
2.472143501,0.02,0.02,0.01,0.43
2.473116113,0.02,0.03,0.02,0.42
2.474325336,0.01,0.0,0.0,0.41
2.4750933610000003,0.01,0.01,0.01,0.43
2.476085409,0.01,0.01,0.0,0.42
2.47718008,0.01,0.0,0.01,0.42
2.479281125,0.01,0.01,0.01,0.42
2.48014459,0.01,0.01,0.01,0.42
2.481211039,0.0,0.01,0.01,0.41
2.482209268,0.01,0.01,0.0,0.42
2.483334113,0.01,0.0,0.0,0.41
2.484090305,0.01,0.0,0.01,0.42
2.48523951,0.0,0.01,0.0,0.42
2.4860824040000002,0.01,0.0,0.0,0.41
2.487339963,0.0,0.0,0.01,0.42
2.4880829120000003,0.01,0.0,0.0,0.41
2.489264958,0.0,0.0,0.0,0.41
2.4901340060000003,0.0,0.01,0.01,0.43
2.491140822,0.01,0.02,0.02,0.42
2.4932404470000002,0.02,0.02,0.02,0.43
2.494118479,0.01,0.01,0.01,0.41
2.495223959,0.0,0.0,0.0,0.42
2.496222436,0.01,0.0,0.01,0.41
2.4971055460000002,0.01,0.01,0.0,0.4
2.498352438,0.02,0.01,0.01,0.41
2.499086229,0.01,0.01,0.01,0.42
2.500346354,0.0,0.0,0.0,0.42
2.5010790800000002,0.0,0.0,0.01,0.41
2.502345328,0.0,0.0,0.0,0.42
2.503117431,0.01,0.0,0.01,0.41
2.504242348,0.0,0.0,0.0,0.42
2.5051422970000004,0.0,0.0,0.01,0.41
2.5063342140000002,0.0,0.0,0.0,0.42
2.507075255,0.0,0.01,0.01,0.42
2.50830607,0.0,0.01,0.0,0.42
2.510235878,0.0,0.01,0.01,0.41
2.511178245,0.01,0.01,0.01,0.42
2.51224396,0.01,0.01,0.01,0.41
2.513060991,0.01,0.01,0.02,0.42
2.5143605200000003,0.01,0.0,0.0,0.42
2.515080701,0.01,0.0,0.01,0.41
2.516240638,0.0,0.0,0.01,0.41
2.5171018960000002,0.01,0.01,0.01,0.42
2.518265856,0.01,0.02,0.01,0.42
2.519075808,0.01,0.01,0.01,0.42
2.520271648,0.0,0.0,0.01,0.42
2.521157516,0.01,0.0,0.0,0.41
2.523337707,0.01,0.0,0.0,0.42
2.524084783,0.01,0.0,0.01,0.41
2.5252119570000002,0.01,0.01,0.0,0.42
2.5262142840000004,0.0,0.01,0.01,0.41
2.5272141780000004,0.01,0.0,0.01,0.42
2.528212597,0.01,0.01,0.0,0.42
2.529206208,0.01,0.01,0.0,0.42
2.530214339,0.01,0.01,0.0,0.42
2.53120503,0.01,0.01,0.01,0.41
2.532329879,0.02,0.01,0.01,0.41
2.533090649,0.01,0.01,0.01,0.42
2.534250913,0.01,0.01,0.0,0.42
2.535159596,0.01,0.01,0.0,0.42
2.536277497,0.0,0.01,0.0,0.42
2.5371424,0.01,0.0,0.01,0.41
2.538367408,0.0,0.01,0.02,0.42
2.540361369,0.01,0.0,0.01,0.42
2.541079835,0.01,0.01,0.01,0.42
2.542200611,0.01,0.01,0.01,0.42
2.5432380140000004,0.01,0.01,0.01,0.42
2.5442352940000004,0.01,0.0,0.0,0.42
2.545230912,0.0,0.01,0.0,0.41
2.546229883,0.0,0.0,0.01,0.42
2.547209129,0.0,0.01,0.0,0.42
2.5482882250000003,0.01,0.01,0.0,0.42
2.549079455,0.0,0.01,0.01,0.41
2.5502868850000002,0.01,0.0,0.01,0.42
2.5511177980000004,0.02,0.02,0.01,0.42
2.553332961,0.01,0.02,0.02,0.43
2.554081671,0.01,0.02,0.01,0.42
2.5553589800000003,0.01,0.01,0.0,0.42
2.556116948,0.0,0.0,0.0,0.41
2.557357962,0.0,0.0,0.01,0.42
2.558072214,0.01,0.01,0.01,0.41
2.5593722530000003,0.02,0.01,0.02,0.41
2.560071878,0.01,0.01,0.01,0.41
2.5613647470000003,0.01,0.01,0.0,0.41
2.5621538680000002,0.0,0.01,0.01,0.42
2.563364845,0.0,0.0,0.0,0.41
2.564073241,0.0,0.0,0.0,0.42
2.565271369,0.01,0.0,0.0,0.42
2.5661607880000004,0.0,0.0,0.0,0.42
2.5672218300000003,0.01,0.01,0.01,0.41
2.5693552410000002,0.01,0.01,0.0,0.41
2.57007683,0.0,0.01,0.0,0.42
2.5713096280000003,0.01,0.01,0.01,0.41
2.572147676,0.02,0.01,0.01,0.42
2.573347403,0.01,0.01,0.02,0.42
2.5741042870000004,0.01,0.0,0.0,0.42
2.575260884,0.0,0.0,0.0,0.41
2.576138819,0.01,0.01,0.0,0.42
2.5772343610000004,0.01,0.01,0.01,0.41
2.578076598,0.02,0.01,0.02,0.42
2.5792751550000004,0.01,0.01,0.01,0.42
2.5801246530000004,0.0,0.0,0.0,0.41
2.581150354,0.0,0.0,0.0,0.42
2.582152223,0.01,0.01,0.0,0.41
2.5832229460000002,0.01,0.01,0.0,0.41
2.5852816720000003,0.01,0.0,0.0,0.42
2.5860852160000003,0.0,0.0,0.0,0.42
2.587200267,0.0,0.01,0.01,0.41
2.58821178,0.02,0.01,0.01,0.42
2.5892055430000003,0.0,0.0,0.0,0.41
2.590214483,0.01,0.01,0.0,0.43
2.591203198,0.02,0.02,0.01,0.41
2.592212984,0.01,0.01,0.01,0.4
2.593163734,0.01,0.01,0.01,0.41
2.594299371,0.01,0.0,0.0,0.41
2.595122464,0.01,0.01,0.0,0.41
2.5962595200000003,0.0,0.01,0.0,0.42
2.5971389950000003,0.02,0.01,0.0,0.41
2.598384062,0.01,0.01,0.01,0.43
2.6003553050000003,0.01,0.01,0.01,0.42
2.601088818,0.01,0.01,0.01,0.4
2.6021673610000002,0.01,0.01,0.0,0.41
2.603231806,0.01,0.01,0.0,0.42
2.6042052250000003,0.01,0.01,0.0,0.41
2.605231302,0.0,0.0,0.0,0.42
2.6062181410000003,0.0,0.0,0.01,0.42
2.6071106160000004,0.0,0.01,0.0,0.42
2.608242792,0.01,0.01,0.01,0.42
2.609084864,0.0,0.0,0.0,0.41
2.610278219,0.01,0.01,0.01,0.42
2.611149847,0.01,0.02,0.02,0.42
2.6133823410000003,0.02,0.02,0.02,0.41
2.614091545,0.01,0.01,0.01,0.42
2.6151377,0.0,0.01,0.01,0.41
2.6162029180000004,0.0,0.0,0.0,0.42
2.617165416,0.01,0.01,0.0,0.42
2.618186406,0.01,0.0,0.01,0.41
2.619197528,0.01,0.0,0.0,0.41
2.620133989,0.0,0.0,0.0,0.41
2.6213451730000004,0.01,0.01,0.02,0.42
2.622094848,0.01,0.01,0.01,0.41
2.623334421,0.01,0.01,0.0,0.41
2.624097229,0.01,0.01,0.0,0.42
2.625257607,0.0,0.0,0.0,0.42
2.6260850180000004,0.0,0.01,0.01,0.42
2.627362499,0.01,0.0,0.0,0.42
2.6292449020000004,0.0,0.0,0.01,0.41
2.6300842650000003,0.01,0.0,0.01,0.42
2.631281184,0.01,0.01,0.02,0.42
2.632133054,0.01,0.01,0.01,0.42
2.6331132250000002,0.01,0.01,0.01,0.42
2.634200087,0.01,0.0,0.0,0.42
2.6351096810000003,0.01,0.01,0.01,0.42
2.63628419,0.0,0.01,0.01,0.42
2.637086516,0.01,0.01,0.0,0.42
2.638111443,0.01,0.01,0.01,0.41
2.639269998,0.01,0.01,0.01,0.41
2.6400833660000003,0.0,0.0,0.01,0.41
2.6412407350000002,0.01,0.0,0.0,0.41
2.642110153,0.01,0.01,0.01,0.42
2.6431637070000003,0.0,0.0,0.0,0.42
2.6453512970000004,0.01,0.01,0.0,0.42
2.646087768,0.0,0.0,0.01,0.42
2.647221043,0.01,0.0,0.0,0.42
2.648109831,0.01,0.01,0.0,0.41
2.649106778,0.01,0.01,0.0,0.42
2.6503471700000003,0.0,0.01,0.0,0.42
2.651090704,0.01,0.01,0.01,0.42
2.652219988,0.01,0.01,0.01,0.41
2.653216586,0.01,0.01,0.01,0.43
2.654156823,0.01,0.0,0.0,0.42
2.655278198,0.0,0.0,0.0,0.41
2.656123649,0.01,0.01,0.0,0.41
2.657259021,0.01,0.01,0.01,0.43
2.658119036,0.02,0.01,0.02,0.41
2.659388554,0.01,0.01,0.0,0.42
2.661256642,0.0,0.01,0.0,0.4
2.662137242,0.0,0.01,0.0,0.4
2.663122785,0.0,0.0,0.01,0.41
2.664213808,0.0,0.0,0.01,0.41
2.6651724420000003,0.0,0.01,0.0,0.41
2.6661518010000003,0.0,0.01,0.0,0.42
2.667378415,0.0,0.0,0.01,0.42
2.668090523,0.01,0.01,0.01,0.42
2.6694070670000003,0.0,0.0,0.01,0.41
2.6700876850000004,0.01,0.01,0.0,0.42
2.671268086,0.02,0.02,0.01,0.41
2.672087947,0.02,0.01,0.01,0.41
2.673201799,0.02,0.02,0.01,0.42
2.675332913,0.0,0.0,0.01,0.41
2.67612475,0.01,0.0,0.0,0.42
2.677266469,0.01,0.01,0.01,0.42
2.678086544,0.01,0.0,0.01,0.41
2.679327642,0.01,0.01,0.01,0.42
2.6800843420000002,0.0,0.01,0.0,0.42
2.6812263570000003,0.0,0.01,0.0,0.41
2.68221284,0.01,0.01,0.01,0.42
2.6832070530000003,0.02,0.01,0.01,0.41
2.684148388,0.0,0.0,0.01,0.41
2.685311226,0.0,0.0,0.01,0.41
2.6861444370000003,0.0,0.0,0.0,0.42
2.68707851,0.0,0.0,0.01,0.43
2.688283837,0.0,0.0,0.01,0.42
2.6903425910000003,0.0,0.01,0.0,0.42
2.6911220040000003,0.01,0.01,0.02,0.42
2.692129099,0.02,0.02,0.02,0.42
2.6931166130000004,0.02,0.02,0.02,0.42
2.694202132,0.01,0.01,0.01,0.41
2.6951097660000003,0.01,0.01,0.0,0.41
2.69620251,0.0,0.01,0.01,0.41
2.697161974,0.0,0.01,0.01,0.42
2.698153289,0.02,0.0,0.01,0.42
2.699128367,0.01,0.01,0.01,0.41
2.700112678,0.0,0.0,0.0,0.41
2.7011420590000004,0.0,0.0,0.0,0.42
2.702143028,0.0,0.0,0.0,0.42
2.703346385,0.01,0.01,0.0,0.42
2.7053399070000004,0.0,0.01,0.0,0.41
2.7060920790000003,0.01,0.0,0.0,0.42
2.7071342250000003,0.01,0.0,0.01,0.42
2.7084029970000003,0.01,0.0,0.01,0.42
2.709090864,0.01,0.0,0.0,0.42
2.710255242,0.01,0.01,0.0,0.42
2.711132118,0.01,0.01,0.01,0.41
2.712312169,0.01,0.01,0.01,0.42
2.713088183,0.01,0.01,0.01,0.42
2.714305474,0.0,0.0,0.0,0.41
2.7151154770000003,0.01,0.0,0.01,0.42
2.7163094460000003,0.0,0.0,0.0,0.41
2.717126175,0.01,0.01,0.01,0.42
2.7192547200000003,0.01,0.01,0.01,0.4
2.720133795,0.01,0.01,0.01,0.42
2.721135759,0.0,0.0,0.0,0.4
2.722210302,0.01,0.01,0.01,0.41
2.7231558870000003,0.0,0.0,0.01,0.41
2.724332897,0.0,0.01,0.01,0.42
2.725091054,0.0,0.01,0.0,0.42
2.726341446,0.0,0.0,0.0,0.41
2.727090045,0.0,0.01,0.01,0.41
2.7283652210000002,0.01,0.01,0.01,0.41
2.72908741,0.01,0.0,0.01,0.41
2.730267995,0.01,0.01,0.0,0.42
2.7310841690000003,0.02,0.01,0.01,0.41
2.732279885,0.02,0.01,0.01,0.41
2.733155762,0.01,0.01,0.01,0.42
2.734386057,0.01,0.0,0.01,0.41
2.7363491690000004,0.01,0.0,0.01,0.42
2.7370845590000004,0.01,0.01,0.02,0.42
2.738118096,0.01,0.0,0.01,0.42
2.739352885,0.01,0.02,0.01,0.42
2.740086407,0.0,0.01,0.0,0.42
2.741142306,0.0,0.01,0.01,0.41
2.742313627,0.01,0.01,0.0,0.41
2.74308443,0.01,0.01,0.0,0.42
2.7444071560000003,0.0,0.0,0.01,0.41
2.7450849280000003,0.01,0.0,0.01,0.42
2.74630294,0.0,0.01,0.0,0.42
2.7471161740000003,0.0,0.01,0.0,0.42
2.749292993,0.0,0.01,0.01,0.42
2.750129905,0.0,0.0,0.0,0.41
2.751164693,0.01,0.01,0.02,0.42
2.752216337,0.02,0.02,0.02,0.42
2.753207847,0.02,0.01,0.01,0.41
2.754114934,0.0,0.01,0.0,0.42
2.755334303,0.0,0.01,0.0,0.43
2.756111546,0.0,0.0,0.01,0.41
2.757190184,0.01,0.01,0.0,0.41
2.7582141,0.01,0.01,0.02,0.42
2.759159344,0.01,0.01,0.01,0.41
2.760250946,0.01,0.01,0.0,0.41
2.7611636710000003,0.01,0.01,0.01,0.42
2.762112836,0.0,0.01,0.0,0.42
2.763143481,0.01,0.0,0.0,0.42
2.7642937460000003,0.0,0.0,0.0,0.42
2.7663464070000003,0.01,0.0,0.0,0.42
2.767118297,0.01,0.0,0.0,0.41
2.7682084390000004,0.01,0.0,0.0,0.42
2.769226932,0.0,0.01,0.0,0.42
2.770217261,0.0,0.01,0.0,0.42
2.771215508,0.01,0.02,0.01,0.42
2.7721049210000004,0.02,0.02,0.02,0.43
2.773288647,0.02,0.02,0.01,0.42
2.774085233,0.01,0.01,0.0,0.41
2.7752929550000003,0.0,0.01,0.0,0.42
2.7761456470000003,0.01,0.0,0.02,0.42
2.77715258,0.01,0.01,0.0,0.42
2.7793723200000002,0.02,0.01,0.02,0.42
2.7800873630000003,0.01,0.01,0.01,0.42
2.7811207980000003,0.0,0.0,0.01,0.42
2.782114791,0.0,0.0,0.01,0.42
2.7831082730000003,0.0,0.0,0.0,0.42
2.784260541,0.0,0.0,0.0,0.42
2.78512409,0.0,0.01,0.0,0.41
2.7861648110000004,0.01,0.0,0.0,0.42
2.787134709,0.0,0.01,0.01,0.42
2.788324909,0.01,0.0,0.0,0.41
2.789104032,0.01,0.01,0.01,0.41
2.7902647970000003,0.01,0.01,0.01,0.42
2.791159859,0.01,0.0,0.01,0.41
2.7923359210000003,0.01,0.0,0.0,0.41
2.7930793720000002,0.01,0.01,0.01,0.41
2.7943344380000004,0.0,0.0,0.0,0.42
2.796369629,0.0,0.0,0.0,0.42
2.797102842,0.01,0.01,0.01,0.41
2.7981487470000004,0.01,0.01,0.0,0.42
2.7992059350000003,0.01,0.01,0.01,0.42
2.800118132,0.0,0.0,0.0,0.41
2.801392255,0.0,0.0,0.0,0.4
2.802085897,0.01,0.0,0.01,0.42
2.8032551310000002,0.01,0.0,0.01,0.42
2.8041231790000003,0.0,0.0,0.0,0.41
2.805426873,0.0,0.01,0.01,0.42
2.806083559,0.0,0.0,0.0,0.42
2.807277928,0.01,0.0,0.0,0.41
2.8080810140000003,0.01,0.01,0.01,0.41
2.8093220060000004,0.0,0.0,0.0,0.41
2.8113687630000004,0.01,0.01,0.01,0.42
2.812083822,0.02,0.02,0.01,0.41
2.813128465,0.01,0.01,0.01,0.41
2.8141112830000004,0.01,0.01,0.0,0.42
2.815348009,0.01,0.0,0.01,0.41
2.816089217,0.01,0.0,0.01,0.42
2.817440577,0.0,0.01,0.01,0.42
2.8180857450000003,0.02,0.02,0.01,0.42
2.819226139,0.01,0.01,0.01,0.42
2.8201450990000003,0.0,0.02,0.01,0.42
2.8212571410000002,0.01,0.0,0.0,0.42
2.8221574790000004,0.01,0.0,0.0,0.41
2.823142539,0.01,0.01,0.0,0.41
2.8253040460000003,0.0,0.0,0.0,0.41
2.8261245280000002,0.0,0.0,0.0,0.42
2.8273426830000004,0.01,0.01,0.0,0.42
2.828096539,0.0,0.01,0.01,0.41
2.8293204060000003,0.0,0.01,0.0,0.41
2.8300890300000003,0.01,0.0,0.01,0.42
2.831309526,0.01,0.02,0.0,0.41
2.832142626,0.02,0.02,0.02,0.41
2.8333387350000003,0.02,0.01,0.01,0.42
2.834091737,0.0,0.02,0.0,0.42
2.835239741,0.01,0.01,0.0,0.42
2.8360799500000002,0.01,0.0,0.0,0.42
2.837245778,0.0,0.01,0.01,0.42
2.83815323,0.01,0.01,0.01,0.41
2.8392151770000003,0.01,0.01,0.0,0.42
2.841343558,0.01,0.0,0.0,0.41
2.842088543,0.01,0.0,0.01,0.42
2.843113641,0.01,0.01,0.01,0.42
2.84432461,0.01,0.0,0.0,0.42
2.845116451,0.0,0.0,0.0,0.42
2.8462496180000003,0.01,0.01,0.01,0.41
2.847187168,0.0,0.01,0.0,0.42
2.8481361570000003,0.0,0.01,0.01,0.41
2.849238159,0.0,0.01,0.0,0.42
2.850154045,0.01,0.02,0.01,0.42
2.8511119320000002,0.01,0.01,0.01,0.42
2.8523355440000002,0.01,0.01,0.01,0.42
2.853109152,0.01,0.01,0.01,0.42
2.8542509220000003,0.01,0.0,0.0,0.42
2.856356559,0.0,0.0,0.01,0.42
2.857087609,0.0,0.01,0.01,0.42
2.8581172780000004,0.01,0.0,0.01,0.41
2.859111543,0.01,0.01,0.01,0.41
2.86010731,0.0,0.01,0.0,0.42
2.8613407790000003,0.0,0.0,0.0,0.42
2.862092258,0.01,0.01,0.0,0.41
2.8631150780000003,0.01,0.01,0.0,0.42
2.86429731,0.0,0.0,0.0,0.41
2.865159574,0.0,0.01,0.0,0.42
2.8660728470000003,0.01,0.0,0.01,0.41
2.8671488980000004,0.0,0.01,0.01,0.42
2.868111862,0.01,0.01,0.0,0.4
2.8703559700000003,0.0,0.01,0.01,0.41
2.8710970020000004,0.01,0.01,0.01,0.41
2.87215669,0.01,0.0,0.02,0.42
2.873203654,0.01,0.01,0.02,0.42
2.874108913,0.01,0.0,0.01,0.41
2.8753181380000004,0.0,0.0,0.01,0.41
2.8761143710000003,0.0,0.01,0.0,0.42
2.877226329,0.02,0.01,0.01,0.41
2.878218309,0.01,0.01,0.01,0.41
2.8791137150000004,0.01,0.0,0.01,0.42
2.880287656,0.01,0.01,0.0,0.42
2.8810879600000003,0.0,0.01,0.01,0.41
2.882259925,0.01,0.0,0.0,0.42
2.8831578,0.01,0.0,0.0,0.41
2.8842195200000003,0.0,0.01,0.0,0.42
2.885121749,0.01,0.0,0.01,0.41
2.8863596420000004,0.0,0.0,0.01,0.42
2.888336979,0.01,0.01,0.01,0.42
2.8891257620000004,0.01,0.0,0.01,0.42
2.8902058700000004,0.0,0.0,0.0,0.43
2.8912106320000004,0.01,0.0,0.01,0.41
2.892206941,0.02,0.01,0.01,0.41
2.8931971340000002,0.02,0.01,0.01,0.41
2.8943001940000004,0.01,0.01,0.0,0.42
2.895093688,0.0,0.01,0.01,0.43
2.89633699,0.01,0.0,0.01,0.41
2.897099283,0.01,0.01,0.0,0.42
2.898281243,0.02,0.0,0.01,0.42
2.899087333,0.01,0.01,0.0,0.42
2.900334007,0.01,0.01,0.0,0.41
2.90224778,0.01,0.01,0.01,0.41
2.903083864,0.0,0.0,0.0,0.42
2.9042126290000003,0.01,0.0,0.01,0.42
2.90512148,0.0,0.0,0.0,0.42
2.90625875,0.0,0.0,0.0,0.42
2.907131811,0.01,0.0,0.0,0.42
2.908228818,0.0,0.0,0.0,0.42
2.909120702,0.01,0.01,0.01,0.41
2.9101218440000003,0.01,0.01,0.01,0.43
2.911143501,0.01,0.02,0.01,0.42
2.912143352,0.02,0.01,0.02,0.42
2.913143292,0.01,0.01,0.02,0.42
2.9143503930000003,0.0,0.01,0.01,0.41
2.9163448180000002,0.01,0.0,0.0,0.42
2.917102052,0.01,0.0,0.01,0.41
2.9181722330000004,0.01,0.01,0.0,0.42
2.9192053490000003,0.01,0.02,0.01,0.41
2.920206046,0.0,0.0,0.0,0.41
2.921310286,0.0,0.0,0.0,0.42
2.9221093270000003,0.0,0.0,0.01,0.42
2.923255884,0.0,0.0,0.0,0.41
2.924095748,0.01,0.0,0.0,0.42
2.925351587,0.01,0.0,0.0,0.41
2.92609192,0.0,0.0,0.01,0.41
2.9272748080000004,0.0,0.01,0.01,0.42
2.928160912,0.01,0.02,0.01,0.42
2.9291631060000003,0.01,0.01,0.02,0.41
2.9302002910000002,0.01,0.02,0.01,0.42
2.9323314660000004,0.01,0.01,0.01,0.41
2.933121555,0.02,0.0,0.01,0.41
2.9342237050000004,0.0,0.01,0.0,0.42
2.9350727140000004,0.01,0.01,0.0,0.42
2.9362606440000003,0.0,0.0,0.0,0.42
2.937187203,0.01,0.01,0.01,0.42
2.938120398,0.01,0.02,0.01,0.42
2.939344258,0.0,0.01,0.0,0.41
2.940083237,0.01,0.0,0.0,0.41
2.94128576,0.0,0.01,0.0,0.42
2.942079907,0.01,0.01,0.01,0.41
2.9431072090000003,0.01,0.0,0.0,0.42
2.945323852,0.01,0.0,0.01,0.42
2.9461353110000004,0.0,0.0,0.01,0.42
2.947218615,0.01,0.01,0.01,0.41
2.948206275,0.0,0.01,0.0,0.42
2.9492060280000003,0.0,0.01,0.0,0.42
2.9502027770000003,0.01,0.0,0.01,0.42
2.951164739,0.02,0.01,0.02,0.42
2.952263605,0.02,0.02,0.02,0.42
2.9530919210000004,0.01,0.02,0.02,0.42
2.954343568,0.0,0.01,0.01,0.41
2.955090282,0.0,0.0,0.0,0.42
2.9561356560000003,0.0,0.0,0.01,0.42
2.9572789310000003,0.01,0.01,0.01,0.42
2.958087974,0.02,0.01,0.01,0.41
2.9593094460000002,0.01,0.01,0.01,0.41
2.961378018,0.01,0.01,0.01,0.41
2.9620896880000003,0.0,0.01,0.01,0.41
2.963349215,0.01,0.01,0.01,0.42
2.964084707,0.0,0.0,0.01,0.42
2.965153802,0.0,0.0,0.0,0.42
2.966165246,0.01,0.01,0.0,0.42
2.9671149220000004,0.01,0.01,0.01,0.41
2.968305732,0.01,0.01,0.0,0.41
2.9690871160000003,0.01,0.01,0.01,0.42
2.9702858930000002,0.01,0.0,0.01,0.42
2.971175043,0.01,0.0,0.01,0.41
2.972120291,0.01,0.01,0.01,0.41
2.97330305,0.01,0.0,0.01,0.42
2.974084314,0.0,0.0,0.0,0.41
2.9753956230000003,0.0,0.01,0.0,0.41
2.977245237,0.02,0.01,0.01,0.41
2.9781368820000003,0.01,0.01,0.0,0.42
2.9792102490000003,0.02,0.01,0.01,0.42
2.980217386,0.0,0.0,0.0,0.41
2.9812609400000003,0.0,0.0,0.01,0.41
2.982174226,0.02,0.0,0.0,0.42
2.9832020420000003,0.01,0.01,0.01,0.41
2.984215949,0.0,0.01,0.0,0.42
2.985109711,0.01,0.0,0.0,0.41
2.986168766,0.01,0.0,0.0,0.41
2.987178455,0.0,0.0,0.01,0.41
2.98820028,0.0,0.01,0.01,0.41
2.989191764,0.01,0.0,0.0,0.42
2.990171086,0.01,0.01,0.01,0.43
2.9922784080000002,0.01,0.02,0.02,0.42
2.993173098,0.02,0.02,0.02,0.42
2.994245346,0.01,0.0,0.01,0.42
2.995292622,0.0,0.0,0.0,0.42
2.996273559,0.0,0.0,0.01,0.42
2.9972018460000003,0.0,0.01,0.01,0.42
2.998178236,0.01,0.01,0.01,0.41
2.999178048,0.01,0.01,0.01,0.41
3.000161534,0.0,0.0,0.01,0.42
3.0011761430000004,0.01,0.01,0.01,0.41
3.00219119,0.0,0.01,0.01,0.41
3.003200369,0.0,0.0,0.0,0.42
3.0041764520000003,0.0,0.01,0.0,0.41
3.005178866,0.0,0.0,0.0,0.42
3.006218214,0.01,0.01,0.01,0.41
3.008341736,0.0,0.01,0.01,0.41
3.0091231570000003,0.01,0.02,0.01,0.41
3.010121813,0.01,0.0,0.01,0.42
3.0111569570000003,0.01,0.01,0.01,0.42
3.012186851,0.01,0.0,0.01,0.42
3.013196068,0.01,0.01,0.01,0.42
3.0141962130000004,0.0,0.01,0.0,0.42
3.015193397,0.0,0.01,0.0,0.41
3.016151563,0.01,0.01,0.0,0.41
3.017153915,0.0,0.01,0.02,0.39
3.0182973480000004,0.01,0.02,0.01,0.41
3.0191031240000004,0.02,0.01,0.01,0.41
3.021389809,0.0,0.0,0.0,0.42
3.022105056,0.01,0.01,0.0,0.41
3.023198519,0.01,0.01,0.0,0.41
3.0241958230000003,0.0,0.01,0.0,0.41
3.0251962810000004,0.0,0.0,0.01,0.41
3.026210143,0.0,0.0,0.0,0.41
3.027194435,0.0,0.0,0.01,0.41
3.0283262250000003,0.01,0.01,0.01,0.42
3.029098353,0.01,0.0,0.0,0.42
3.030190981,0.01,0.01,0.01,0.41
3.031103217,0.02,0.02,0.02,0.41
3.0321585630000003,0.02,0.02,0.02,0.41
3.0331407190000004,0.01,0.02,0.01,0.41
3.034282943,0.01,0.01,0.01,0.41
3.036288325,0.0,0.0,0.01,0.42
3.0371417760000003,0.01,0.0,0.01,0.4
3.0382149970000003,0.0,0.01,0.01,0.41
3.039212104,0.01,0.0,0.01,0.41
3.0402041900000003,0.0,0.01,0.0,0.41
3.0412063000000003,0.01,0.01,0.0,0.41
3.042344657,0.01,0.01,0.01,0.42
3.043096888,0.01,0.0,0.01,0.41
3.0443482100000003,0.01,0.0,0.0,0.42
3.0450915110000003,0.0,0.01,0.01,0.41
3.046394459,0.0,0.0,0.01,0.42
3.047080782,0.01,0.01,0.0,0.41
3.0481301810000003,0.01,0.0,0.0,0.41
3.049164031,0.01,0.01,0.01,0.42
3.050210593,0.01,0.01,0.0,0.41
3.0512068400000003,0.01,0.01,0.01,0.42
3.052223653,0.01,0.01,0.02,0.42
3.054335403,0.01,0.0,0.0,0.41
3.0550870210000003,0.01,0.0,0.0,0.42
3.0563411830000002,0.0,0.0,0.01,0.41
3.057114615,0.01,0.0,0.0,0.41
3.058351941,0.01,0.01,0.01,0.4
3.0590829040000003,0.02,0.01,0.01,0.41
3.0602783930000004,0.0,0.0,0.0,0.41
3.0612061930000003,0.0,0.0,0.01,0.42
3.062110058,0.01,0.02,0.01,0.41
3.06320848,0.01,0.01,0.01,0.41
3.06410294,0.01,0.0,0.01,0.41
3.06536707,0.0,0.01,0.0,0.4
3.0660663400000003,0.01,0.0,0.0,0.41
3.06737536,0.01,0.01,0.01,0.41
3.0691910780000002,0.01,0.01,0.01,0.41
3.070162272,0.01,0.0,0.01,0.41
3.0711477420000004,0.01,0.02,0.01,0.42
3.0722364730000002,0.02,0.01,0.01,0.4
3.0732327710000003,0.02,0.01,0.01,0.41
3.0742255050000002,0.01,0.0,0.0,0.41
3.075224662,0.01,0.0,0.0,0.4
3.076231963,0.0,0.01,0.0,0.41
3.0771571090000003,0.01,0.01,0.01,0.42
3.078269127,0.02,0.01,0.01,0.42
3.0790792220000003,0.01,0.01,0.01,0.42
3.0803459120000003,0.0,0.01,0.01,0.41
3.0811105320000003,0.01,0.01,0.0,0.42
3.0823499140000004,0.0,0.01,0.01,0.41
3.0843499010000004,0.01,0.0,0.0,0.41
3.085115098,0.0,0.0,0.0,0.41
3.0863425340000004,0.01,0.01,0.0,0.41
3.0870835010000004,0.01,0.0,0.02,0.42
3.08834634,0.01,0.01,0.01,0.41
3.089085045,0.0,0.01,0.0,0.42
3.090165509,0.01,0.01,0.01,0.41
3.091140471,0.01,0.01,0.01,0.42
3.092199304,0.01,0.01,0.01,0.42
3.0931504760000004,0.02,0.01,0.01,0.41
3.094310364,0.01,0.01,0.0,0.41
3.0950920450000003,0.0,0.0,0.01,0.41
3.096319459,0.01,0.0,0.01,0.42
3.098340234,0.0,0.01,0.0,0.41
3.0990930110000003,0.01,0.01,0.01,0.41
3.1002197610000004,0.0,0.0,0.01,0.42
3.101205445,0.0,0.0,0.0,0.42
3.1020907830000004,0.0,0.01,0.0,0.41
3.103213712,0.01,0.01,0.0,0.42
3.104202684,0.0,0.0,0.0,0.42
3.105206882,0.0,0.0,0.01,0.41
3.106181448,0.0,0.0,0.0,0.41
3.10714354,0.0,0.01,0.0,0.42
3.1082775980000004,0.01,0.0,0.0,0.42
3.1091444200000002,0.01,0.01,0.0,0.41
3.110082606,0.0,0.0,0.01,0.42
3.111208903,0.01,0.01,0.01,0.42
3.1133335800000004,0.01,0.0,0.01,0.42
3.114099302,0.0,0.0,0.0,0.41
3.115347297,0.01,0.0,0.0,0.41
3.1160912090000004,0.0,0.0,0.0,0.43
3.117344622,0.01,0.01,0.01,0.41
3.118086395,0.02,0.01,0.02,0.42
3.1193444070000003,0.01,0.02,0.01,0.42
3.1201198580000002,0.0,0.0,0.0,0.41
3.1212001770000004,0.01,0.01,0.01,0.41
3.122146573,0.0,0.0,0.0,0.42
3.1231467630000003,0.0,0.01,0.0,0.41
3.1242371170000003,0.0,0.01,0.01,0.41
3.125178662,0.01,0.01,0.01,0.41
3.1262316610000003,0.01,0.01,0.01,0.41
3.1282476110000004,0.01,0.01,0.0,0.42
3.129092016,0.01,0.01,0.01,0.41
3.130337717,0.0,0.0,0.0,0.42
3.1311246930000003,0.01,0.01,0.01,0.41
3.132347209,0.02,0.02,0.01,0.41
3.133078267,0.01,0.01,0.01,0.41
3.1343648340000003,0.01,0.0,0.01,0.42
3.135080358,0.01,0.0,0.0,0.41
3.1363667680000002,0.01,0.01,0.0,0.42
3.1370763270000004,0.01,0.01,0.01,0.42
3.138263224,0.02,0.01,0.01,0.42
3.1390760020000004,0.01,0.01,0.01,0.42
3.140348206,0.0,0.0,0.0,0.42
3.1410792410000004,0.02,0.01,0.0,0.41
3.142357144,0.01,0.01,0.0,0.41
3.1443459810000003,0.0,0.01,0.0,0.42
3.145118462,0.0,0.0,0.0,0.41
3.146151155,0.0,0.01,0.0,0.41
3.147213185,0.01,0.0,0.01,0.42
3.148142699,0.02,0.01,0.01,0.42
3.1492035570000003,0.0,0.01,0.01,0.42
3.150208757,0.01,0.01,0.01,0.41
3.151138967,0.01,0.01,0.01,0.42
3.1524054710000002,0.01,0.01,0.01,0.41
3.1530908280000003,0.01,0.01,0.01,0.41
3.1542815930000003,0.0,0.01,0.01,0.42
3.155084157,0.01,0.01,0.01,0.41
3.1562799630000002,0.02,0.01,0.0,0.4
3.158263416,0.0,0.02,0.0,0.42
3.159154029,0.01,0.01,0.01,0.42
3.1601276200000004,0.0,0.0,0.0,0.42
3.161117822,0.01,0.0,0.0,0.41
3.1621900650000003,0.01,0.01,0.01,0.41
3.1631868290000003,0.01,0.0,0.01,0.41
3.1641938780000003,0.01,0.01,0.0,0.41
3.165190565,0.0,0.0,0.01,0.41
3.166205493,0.0,0.0,0.0,0.41
3.167167434,0.0,0.0,0.01,0.41
3.168181492,0.0,0.0,0.01,0.41
3.169177587,0.0,0.0,0.0,0.42
3.1701964350000003,0.01,0.01,0.01,0.42
3.171213836,0.02,0.02,0.02,0.42
3.1735843320000003,0.02,0.01,0.02,0.42
3.1748658090000004,0.0,0.0,0.01,0.41
3.175854218,0.0,0.0,0.0,0.42
3.1767473460000004,0.01,0.01,0.01,0.41
3.177578877,0.01,0.01,0.01,0.41
3.1783159100000002,0.01,0.01,0.01,0.41
3.1791773570000004,0.01,0.01,0.01,0.41
3.180149317,0.01,0.0,0.0,0.41
3.181189643,0.01,0.01,0.01,0.41
3.182174615,0.01,0.01,0.01,0.42
3.183171268,0.01,0.01,0.01,0.41
3.184162204,0.0,0.01,0.01,0.41
3.1851422680000003,0.0,0.01,0.0,0.42
3.186322092,0.01,0.01,0.01,0.42
3.187129247,0.01,0.01,0.01,0.42
3.188333102,0.0,0.01,0.01,0.41
3.190328102,0.01,0.01,0.0,0.42
3.1911194860000003,0.01,0.01,0.01,0.42
3.192199888,0.01,0.01,0.01,0.41
3.193200757,0.0,0.01,0.01,0.41
3.194095159,0.0,0.0,0.01,0.41
3.195341564,0.01,0.0,0.0,0.41
3.196106641,0.0,0.0,0.01,0.42
3.1971936640000003,0.01,0.01,0.01,0.41
3.1981518110000002,0.01,0.02,0.02,0.42
3.199276358,0.01,0.01,0.01,0.43
3.200091151,0.0,0.0,0.0,0.42
3.2013378450000003,0.0,0.0,0.0,0.41
3.203343025,0.01,0.0,0.0,0.41
3.2040982120000003,0.0,0.0,0.01,0.41
3.2051737780000003,0.01,0.01,0.01,0.42
3.206135374,0.0,0.01,0.0,0.42
3.2070813310000004,0.0,0.01,0.01,0.42
3.208096127,0.01,0.01,0.0,0.41
3.2092491990000003,0.0,0.01,0.01,0.41
3.2102272870000004,0.01,0.01,0.01,0.42
3.211230574,0.02,0.01,0.01,0.41
3.2122086280000004,0.02,0.02,0.01,0.41
3.2131515100000003,0.01,0.01,0.01,0.41
3.2142659250000003,0.01,0.01,0.01,0.41
3.215156931,0.0,0.01,0.0,0.41
3.216240872,0.0,0.01,0.01,0.41
3.2171228640000002,0.01,0.0,0.02,0.42
3.2182702890000003,0.01,0.01,0.01,0.42
3.220582368,0.0,0.0,0.01,0.42
3.2210985340000002,0.01,0.01,0.01,0.41
3.222237402,0.01,0.02,0.01,0.41
3.2232343940000003,0.01,0.01,0.01,0.42
3.224211753,0.0,0.0,0.0,0.42
3.2252110710000004,0.01,0.01,0.01,0.41
3.226205008,0.0,0.01,0.01,0.42
3.2272620890000003,0.01,0.0,0.01,0.41
3.228181401,0.01,0.0,0.0,0.42
3.229164678,0.01,0.0,0.0,0.41
3.23013844,0.02,0.01,0.01,0.42
3.231325646,0.02,0.01,0.02,0.41
3.232084942,0.02,0.01,0.01,0.42
3.233342092,0.01,0.0,0.01,0.41
3.235465924,0.01,0.01,0.01,0.41
3.23609187,0.0,0.0,0.01,0.41
3.237209056,0.0,0.01,0.0,0.42
3.238210183,0.01,0.01,0.01,0.41
3.239202272,0.01,0.01,0.01,0.41
3.240196869,0.0,0.0,0.0,0.42
3.24134255,0.0,0.01,0.01,0.42
3.242092067,0.01,0.01,0.01,0.42
3.2433135770000003,0.01,0.01,0.01,0.41
3.2441205880000004,0.0,0.01,0.0,0.42
3.245280515,0.0,0.0,0.0,0.42
3.2461269510000004,0.01,0.01,0.0,0.42
3.247238562,0.0,0.01,0.0,0.42
3.24934826,0.0,0.01,0.0,0.42
3.250087145,0.01,0.0,0.01,0.42
3.251226022,0.01,0.01,0.02,0.42
3.2520658620000003,0.01,0.01,0.02,0.43
3.2533428800000004,0.01,0.01,0.02,0.42
3.254083828,0.0,0.01,0.01,0.41
3.2552316550000002,0.0,0.01,0.01,0.42
3.256216401,0.0,0.01,0.0,0.41
3.2571747710000003,0.0,0.02,0.01,0.42
3.2583624560000004,0.02,0.02,0.01,0.41
3.2590812020000004,0.01,0.01,0.01,0.41
3.260337475,0.0,0.01,0.0,0.41
3.2611108100000004,0.01,0.0,0.01,0.41
3.26242679,0.0,0.0,0.01,0.41
3.264339495,0.0,0.0,0.0,0.42
3.2651152270000003,0.01,0.01,0.01,0.42
3.266339984,0.0,0.0,0.0,0.42
3.267081951,0.01,0.01,0.01,0.41
3.2683431420000004,0.01,0.01,0.02,0.4
3.26908177,0.02,0.0,0.01,0.42
3.270341446,0.0,0.01,0.01,0.42
3.271115797,0.01,0.01,0.01,0.41
3.272165525,0.02,0.01,0.01,0.41
3.2731448760000004,0.01,0.01,0.01,0.41
3.274180395,0.01,0.01,0.0,0.43
3.2751401110000002,0.0,0.01,0.0,0.42
3.2761795370000004,0.01,0.0,0.01,0.42
3.2771310600000003,0.01,0.01,0.01,0.43
3.2783295170000004,0.01,0.01,0.01,0.41
3.2803888750000003,0.0,0.0,0.0,0.4
3.281088875,0.01,0.01,0.01,0.41
3.282332756,0.01,0.01,0.01,0.42
3.2830881350000003,0.01,0.01,0.0,0.41
3.2843811950000004,0.0,0.01,0.01,0.41
3.2850857550000003,0.0,0.0,0.0,0.41
3.286209217,0.01,0.0,0.0,0.42
3.287167535,0.0,0.0,0.0,0.41
3.288275468,0.0,0.0,0.0,0.41
3.289161741,0.0,0.0,0.01,0.42
3.290106681,0.01,0.01,0.01,0.41
3.2912791680000004,0.01,0.01,0.02,0.42
3.293357082,0.01,0.01,0.02,0.42
3.294093069,0.01,0.01,0.0,0.42
3.295215729,0.0,0.0,0.0,0.42
3.296220765,0.0,0.0,0.0,0.42
3.297219339,0.02,0.01,0.01,0.4
3.298216924,0.02,0.01,0.01,0.41
3.29923248,0.01,0.01,0.01,0.41
3.3002266540000003,0.0,0.0,0.0,0.42
3.301219138,0.0,0.0,0.01,0.41
3.3021996010000003,0.0,0.0,0.0,0.42
3.303292094,0.0,0.01,0.0,0.42
3.30408509,0.0,0.0,0.01,0.41
3.3052824860000003,0.0,0.0,0.01,0.41
3.3060844150000004,0.01,0.02,0.01,0.41
3.3073220560000003,0.0,0.0,0.0,0.42
3.3093291440000003,0.01,0.01,0.01,0.41
3.3100819300000004,0.01,0.0,0.01,0.41
3.3111967140000003,0.01,0.01,0.01,0.42
3.312131518,0.01,0.01,0.01,0.41
3.313139012,0.01,0.01,0.01,0.42
3.3142166680000003,0.01,0.0,0.01,0.41
3.3150738700000004,0.01,0.0,0.0,0.42
3.3161197500000004,0.01,0.0,0.0,0.42
3.3173781140000003,0.01,0.01,0.01,0.41
3.318091302,0.01,0.01,0.01,0.42
3.319284734,0.01,0.01,0.01,0.41
3.320153851,0.0,0.01,0.01,0.41
3.321149654,0.01,0.01,0.01,0.41
3.3222247360000003,0.01,0.01,0.01,0.42
3.324342886,0.01,0.0,0.0,0.42
3.3250913840000003,0.0,0.0,0.0,0.41
3.3262123310000002,0.0,0.01,0.0,0.42
3.3272034770000003,0.0,0.0,0.0,0.41
3.3282008800000003,0.01,0.0,0.01,0.42
3.329287986,0.0,0.01,0.0,0.41
3.3302000400000003,0.01,0.01,0.0,0.42
3.331347119,0.01,0.02,0.01,0.43
3.332093105,0.01,0.01,0.02,0.42
3.333278716,0.02,0.01,0.01,0.43
3.334146327,0.0,0.0,0.0,0.41
3.3351616870000003,0.0,0.0,0.01,0.41
3.3361312830000003,0.01,0.01,0.01,0.41
3.3371879520000003,0.01,0.01,0.02,0.41
3.339356882,0.02,0.02,0.01,0.41
3.3403110280000003,0.01,0.0,0.0,0.41
3.3412222010000003,0.0,0.0,0.0,0.41
3.3422002290000004,0.01,0.0,0.01,0.42
3.343214342,0.0,0.0,0.01,0.42
3.344244262,0.01,0.0,0.0,0.41
3.3453369360000003,0.0,0.01,0.01,0.42
3.3464344410000004,0.01,0.0,0.01,0.42
3.347486081,0.01,0.02,0.01,0.41
3.348342322,0.01,0.0,0.0,0.42
3.349234748,0.0,0.01,0.01,0.41
3.3501600340000004,0.01,0.01,0.01,0.42
3.351155868,0.02,0.01,0.01,0.4
3.3521506270000003,0.01,0.01,0.01,0.42
3.354374522,0.01,0.01,0.01,0.42
3.355199787,0.0,0.01,0.0,0.42
3.3561495060000004,0.0,0.01,0.01,0.41
3.35719643,0.01,0.01,0.01,0.42
3.358188628,0.01,0.01,0.01,0.4
3.359341537,0.01,0.0,0.01,0.4
3.360115738,0.01,0.01,0.01,0.41
3.3613476330000003,0.0,0.0,0.0,0.42
3.362104489,0.0,0.01,0.0,0.42
3.3633346200000003,0.0,0.01,0.0,0.41
3.364093913,0.0,0.0,0.0,0.41
3.365280901,0.0,0.0,0.01,0.42
3.3661665490000003,0.0,0.01,0.01,0.42
3.367519551,0.01,0.0,0.0,0.42
3.368450424,0.0,0.01,0.0,0.41
3.3693497430000003,0.0,0.0,0.0,0.41
3.371553848,0.01,0.01,0.02,0.42
3.372851571,0.02,0.02,0.02,0.42
3.373541646,0.01,0.01,0.02,0.42
3.3741166330000003,0.01,0.0,0.01,0.42
3.3752136150000003,0.0,0.01,0.0,0.42
3.3761960670000004,0.0,0.01,0.0,0.41
3.3771100190000003,0.0,0.02,0.01,0.42
3.3781705250000003,0.02,0.02,0.01,0.42
3.379233536,0.01,0.02,0.01,0.42
3.3801485650000003,0.01,0.01,0.0,0.41
3.381306288,0.01,0.0,0.01,0.42
3.3821069190000004,0.0,0.0,0.0,0.4
3.3833533310000004,0.0,0.01,0.0,0.42
3.385144287,0.01,0.0,0.0,0.42
3.386226031,0.0,0.0,0.0,0.42
3.387209066,0.01,0.01,0.0,0.42
3.388204378,0.01,0.0,0.0,0.42
3.3893522870000004,0.01,0.0,0.01,0.43
3.3900964730000003,0.0,0.01,0.01,0.42
3.391347129,0.02,0.01,0.01,0.4
3.392088439,0.02,0.01,0.01,0.4
3.3932734370000004,0.01,0.02,0.01,0.41
3.394085672,0.0,0.0,0.0,0.41
3.3952849310000004,0.0,0.0,0.0,0.42
3.396139794,0.02,0.01,0.01,0.43
3.39736288,0.01,0.01,0.01,0.42
3.3993418020000004,0.01,0.01,0.02,0.41
3.4000845240000004,0.0,0.0,0.0,0.41
3.401340654,0.01,0.01,0.01,0.4
3.402082124,0.01,0.01,0.01,0.41
3.403360843,0.01,0.0,0.01,0.42
3.4040821830000003,0.0,0.0,0.0,0.41
3.4051315470000003,0.0,0.01,0.0,0.42
3.4063536,0.0,0.0,0.0,0.42
3.407109145,0.01,0.0,0.01,0.42
3.4083625790000003,0.01,0.01,0.01,0.41
3.409079858,0.01,0.0,0.0,0.42
3.4101393590000004,0.01,0.01,0.01,0.42
3.411176691,0.02,0.02,0.02,0.43
3.412088567,0.02,0.02,0.02,0.42
3.4133623330000002,0.0,0.01,0.01,0.41
3.4153643330000003,0.01,0.0,0.0,0.42
3.416077295,0.0,0.01,0.0,0.42
3.417356126,0.01,0.01,0.01,0.43
3.4181156710000002,0.02,0.01,0.01,0.42
3.419340885,0.01,0.02,0.01,0.41
3.4200758280000003,0.0,0.01,0.0,0.42
3.421358956,0.0,0.0,0.01,0.41
3.422074711,0.01,0.01,0.0,0.42
3.423266582,0.0,0.01,0.0,0.41
3.4240699510000003,0.0,0.01,0.01,0.4
3.4252746870000004,0.0,0.01,0.01,0.42
3.4261565710000004,0.01,0.01,0.01,0.41
3.427347129,0.0,0.01,0.0,0.42
3.429367199,0.01,0.01,0.01,0.42
3.430125829,0.01,0.0,0.0,0.41
3.431363122,0.0,0.0,0.01,0.42
3.4320837010000003,0.01,0.01,0.01,0.41
3.433266557,0.0,0.01,0.01,0.42
3.4340777250000003,0.01,0.0,0.01,0.42
3.4352097450000003,0.01,0.01,0.0,0.41
3.436205284,0.0,0.0,0.0,0.41
3.4372499820000004,0.01,0.01,0.02,0.41
3.4380741710000002,0.02,0.01,0.02,0.42
3.4392940860000003,0.01,0.0,0.01,0.42
3.44014144,0.01,0.01,0.0,0.41
3.441303758,0.01,0.01,0.0,0.41
3.4433831730000004,0.01,0.0,0.0,0.41
3.4441041830000003,0.01,0.0,0.0,0.41
3.445219954,0.0,0.01,0.01,0.41
3.4463780500000003,0.0,0.0,0.0,0.42
3.4470821430000003,0.02,0.01,0.01,0.42
3.448370183,0.01,0.01,0.0,0.42
3.4490764,0.01,0.01,0.0,0.42
3.450367346,0.01,0.0,0.01,0.41
3.4511203370000003,0.02,0.02,0.02,0.41
3.4523666580000003,0.02,0.02,0.01,0.41
3.4531032300000004,0.01,0.01,0.01,0.41
3.454278092,0.01,0.0,0.0,0.42
3.455074531,0.0,0.01,0.01,0.41
3.456319462,0.01,0.01,0.01,0.41
3.457074443,0.01,0.01,0.01,0.41
3.458362095,0.01,0.01,0.01,0.41
3.460144954,0.0,0.01,0.01,0.41
3.461232287,0.01,0.01,0.01,0.41
3.462112111,0.01,0.01,0.0,0.41
3.463212937,0.01,0.0,0.0,0.41
3.4642604880000003,0.0,0.0,0.0,0.42
3.465159147,0.0,0.0,0.01,0.41
3.4661227340000003,0.0,0.0,0.0,0.42
3.467141504,0.01,0.0,0.0,0.41
3.4684011590000003,0.0,0.0,0.01,0.41
3.4690751200000003,0.0,0.01,0.0,0.42
3.470251643,0.01,0.01,0.01,0.42
3.4711729850000004,0.02,0.02,0.02,0.43
3.4723748550000004,0.02,0.02,0.02,0.42
3.473065549,0.0,0.0,0.01,0.42
3.47436603,0.01,0.01,0.0,0.42
3.476393679,0.01,0.01,0.01,0.41
3.4770633650000002,0.01,0.0,0.02,0.41
3.4781782640000003,0.02,0.01,0.01,0.41
3.4791687650000003,0.01,0.01,0.01,0.4
3.4800935170000002,0.01,0.01,0.0,0.42
3.481365402,0.01,0.01,0.01,0.41
3.4821329060000004,0.0,0.0,0.01,0.42
3.4833615050000004,0.0,0.0,0.0,0.41
3.484124414,0.0,0.01,0.01,0.42
3.485220673,0.0,0.0,0.0,0.41
3.486065576,0.02,0.01,0.01,0.41
3.487379369,0.01,0.01,0.01,0.42
3.4880693760000003,0.01,0.0,0.01,0.41
3.4892781900000003,0.01,0.01,0.0,0.42
3.490237334,0.01,0.01,0.01,0.41
3.4923662920000003,0.01,0.01,0.01,0.41
3.4931054120000002,0.01,0.01,0.01,0.42
3.4943638960000003,0.0,0.01,0.0,0.42
3.495146183,0.01,0.0,0.0,0.42
3.4962570360000003,0.0,0.02,0.0,0.41
3.4971122410000004,0.01,0.01,0.01,0.42
3.498401588,0.01,0.02,0.01,0.42
3.4990712630000003,0.02,0.01,0.01,0.41
3.5002932600000003,0.0,0.0,0.0,0.41
3.501068914,0.01,0.0,0.0,0.41
3.5022654550000003,0.01,0.0,0.0,0.41
3.503163256,0.0,0.0,0.0,0.41
3.5043605670000004,0.0,0.01,0.01,0.42
3.5063678300000003,0.01,0.0,0.0,0.41
3.5070804430000004,0.01,0.01,0.0,0.41
3.5083631800000004,0.01,0.01,0.01,0.42
3.5090811840000002,0.0,0.01,0.01,0.41
3.5101390250000004,0.01,0.01,0.02,0.41
3.511353226,0.01,0.02,0.01,0.41
3.512079872,0.02,0.02,0.01,0.41
3.5133486040000004,0.01,0.01,0.01,0.41
3.514121836,0.0,0.0,0.01,0.42
3.5152800920000002,0.0,0.0,0.01,0.42
3.516082382,0.0,0.01,0.01,0.41
3.51730298,0.01,0.01,0.02,0.42
3.5181636540000003,0.01,0.01,0.01,0.41
3.519355762,0.01,0.0,0.0,0.42
3.5213571530000003,0.01,0.0,0.0,0.41
3.5220786960000003,0.01,0.01,0.01,0.41
3.5233438090000004,0.01,0.0,0.01,0.41
3.524112621,0.0,0.0,0.01,0.41
3.5253468490000004,0.0,0.0,0.0,0.43
3.526079379,0.0,0.01,0.01,0.42
3.5274304930000002,0.01,0.0,0.01,0.42
3.5280748240000004,0.01,0.0,0.01,0.41
3.529320257,0.01,0.01,0.01,0.41
3.530073003,0.01,0.01,0.01,0.42
3.53124985,0.01,0.02,0.01,0.41
3.5320915840000002,0.02,0.01,0.01,0.41
3.5333775480000003,0.01,0.01,0.0,0.42
3.5351597600000004,0.0,0.02,0.01,0.42
3.5362227030000004,0.0,0.01,0.01,0.41
3.5372244380000004,0.01,0.01,0.01,0.42
3.538358903,0.01,0.01,0.01,0.41
3.539084218,0.01,0.01,0.0,0.41
3.5403591440000004,0.0,0.0,0.0,0.42
3.5410778140000003,0.01,0.01,0.01,0.42
3.542362133,0.01,0.01,0.01,0.42
3.5430763780000003,0.01,0.0,0.0,0.41
3.544503696,0.01,0.0,0.0,0.41
3.545071253,0.01,0.0,0.01,0.42
3.546260482,0.01,0.0,0.01,0.42
3.547071882,0.0,0.01,0.0,0.42
3.5483783900000003,0.0,0.0,0.0,0.42
3.5503594080000003,0.0,0.0,0.0,0.41
3.551086363,0.01,0.02,0.01,0.42
3.5523416350000003,0.02,0.02,0.02,0.42
3.553082405,0.02,0.01,0.02,0.42
3.5543061810000003,0.01,0.0,0.01,0.41
3.5551661190000003,0.01,0.01,0.0,0.41
3.5563510770000004,0.0,0.0,0.01,0.42
3.5570769510000004,0.0,0.0,0.01,0.42
3.558279885,0.02,0.01,0.01,0.41
3.5591240020000003,0.01,0.01,0.01,0.41
3.560277107,0.0,0.01,0.01,0.41
3.561079266,0.01,0.01,0.01,0.42
3.562296427,0.0,0.0,0.01,0.41
3.563076504,0.01,0.0,0.0,0.42
3.564342699,0.01,0.01,0.01,0.42
3.566358804,0.01,0.01,0.01,0.43
3.5670840100000003,0.01,0.0,0.02,0.41
3.5683623430000004,0.01,0.01,0.01,0.4
3.5691053850000003,0.01,0.01,0.01,0.41
3.5703515180000003,0.01,0.0,0.01,0.42
3.571078018,0.01,0.01,0.0,0.42
3.572371049,0.02,0.01,0.02,0.42
3.573075723,0.01,0.01,0.01,0.41
3.574345729,0.01,0.01,0.01,0.41
3.575074823,0.01,0.0,0.01,0.41
3.576268503,0.01,0.01,0.01,0.4
3.577074058,0.01,0.01,0.01,0.41
3.578352379,0.01,0.01,0.02,0.42
3.580351911,0.0,0.01,0.0,0.42
3.5810851340000003,0.01,0.0,0.0,0.41
3.5823646200000003,0.01,0.0,0.0,0.41
3.5830809080000003,0.0,0.0,0.0,0.42
3.5843494280000003,0.0,0.0,0.0,0.41
3.58512136,0.0,0.0,0.0,0.41
3.586324803,0.0,0.01,0.0,0.41
3.5870773610000004,0.01,0.01,0.0,0.41
3.588271563,0.0,0.01,0.01,0.41
3.589079293,0.0,0.01,0.0,0.42
3.5901321840000002,0.02,0.01,0.01,0.41
3.5912659880000004,0.02,0.02,0.0,0.41
3.592160846,0.02,0.02,0.01,0.42
3.593358584,0.01,0.01,0.01,0.41
3.595362471,0.0,0.01,0.01,0.41
3.5960761910000003,0.0,0.0,0.01,0.42
3.5973516790000004,0.01,0.02,0.0,0.41
3.5981343280000004,0.01,0.01,0.02,0.42
3.599352129,0.01,0.01,0.01,0.42
3.600094019,0.0,0.0,0.0,0.42
3.601337581,0.01,0.01,0.0,0.41
3.602113982,0.02,0.01,0.01,0.42
3.603194563,0.01,0.01,0.01,0.42
3.6041945220000002,0.01,0.0,0.0,0.41
3.605197142,0.0,0.01,0.0,0.42
3.606204845,0.01,0.0,0.0,0.42
3.6071573470000002,0.01,0.0,0.01,0.43
3.6081777190000004,0.01,0.01,0.01,0.41
3.609202244,0.0,0.01,0.0,0.42
3.61154541,0.01,0.01,0.01,0.41
3.6127794520000003,0.01,0.01,0.01,0.42
3.6137540950000004,0.02,0.01,0.01,0.42
3.614627666,0.01,0.01,0.0,0.43
3.6154441210000003,0.0,0.01,0.0,0.42
3.6162093910000004,0.0,0.01,0.01,0.42
3.61717389,0.01,0.0,0.01,0.41
3.6181559070000002,0.01,0.01,0.01,0.41
3.619163024,0.01,0.01,0.0,0.42
3.6201779810000003,0.0,0.0,0.0,0.41
3.621159099,0.01,0.0,0.01,0.42
3.6221658750000003,0.01,0.01,0.01,0.41
3.6231516380000004,0.0,0.0,0.0,0.42
3.624187887,0.0,0.0,0.0,0.42
3.625178394,0.0,0.01,0.0,0.41
3.6273569450000003,0.0,0.0,0.01,0.41
3.6281390890000003,0.01,0.0,0.0,0.41
3.629196315,0.01,0.0,0.0,0.42
3.6301906140000004,0.01,0.0,0.0,0.42
3.6313512940000003,0.01,0.02,0.02,0.42
3.6321115,0.01,0.02,0.01,0.42
3.633345106,0.01,0.01,0.01,0.42
3.6340977320000003,0.0,0.0,0.01,0.42
3.6353541910000002,0.0,0.0,0.01,0.42
3.636089923,0.01,0.0,0.01,0.41
3.637286816,0.02,0.01,0.01,0.42
3.6380912750000003,0.01,0.02,0.01,0.42
3.6393089130000003,0.01,0.01,0.01,0.4
3.641340248,0.01,0.0,0.01,0.4
3.642097482,0.0,0.01,0.0,0.41
3.643204846,0.0,0.01,0.01,0.41
3.6441994340000003,0.01,0.0,0.0,0.42
3.645194184,0.01,0.0,0.0,0.41
3.6461977020000003,0.0,0.0,0.0,0.4
3.647190365,0.0,0.01,0.01,0.42
3.648331536,0.01,0.02,0.01,0.41
3.6490985890000003,0.01,0.0,0.01,0.41
3.65034061,0.01,0.01,0.01,0.42
3.651096458,0.02,0.01,0.01,0.4
3.6522826270000004,0.01,0.01,0.01,0.41
3.6531585580000003,0.0,0.0,0.01,0.41
3.654277061,0.01,0.0,0.0,0.41
3.6551268570000004,0.01,0.0,0.0,0.41
3.656336833,0.0,0.01,0.01,0.42
3.6583150030000002,0.01,0.01,0.02,0.42
3.659140616,0.01,0.01,0.01,0.42
3.6601369850000003,0.01,0.01,0.01,0.41
3.6611375570000004,0.0,0.01,0.01,0.41
3.662277711,0.01,0.01,0.01,0.41
3.663161511,0.01,0.01,0.0,0.41
3.6641987460000003,0.0,0.01,0.01,0.42
3.665287884,0.0,0.0,0.01,0.41
3.6660892460000003,0.0,0.0,0.0,0.42
3.6672888180000003,0.0,0.01,0.01,0.43
3.668162499,0.0,0.01,0.01,0.41
3.6692323790000003,0.01,0.0,0.0,0.41
3.6713390410000004,0.02,0.01,0.01,0.42
3.67209764,0.02,0.02,0.02,0.42
3.6732140070000003,0.01,0.02,0.01,0.42
3.6742022640000003,0.01,0.01,0.01,0.42
3.6751981280000003,0.0,0.01,0.01,0.42
3.676196687,0.0,0.0,0.01,0.41
3.677075347,0.01,0.0,0.01,0.42
3.6783377120000003,0.02,0.01,0.01,0.41
3.6790966280000004,0.01,0.01,0.01,0.42
3.68011817,0.01,0.01,0.0,0.41
3.681260184,0.0,0.02,0.01,0.42
3.6821391020000003,0.01,0.01,0.0,0.41
3.6831491130000003,0.01,0.01,0.01,0.42
3.685332879,0.0,0.0,0.0,0.41
3.686094492,0.01,0.0,0.0,0.42
3.687439131,0.01,0.0,0.0,0.4
3.6880937190000003,0.01,0.0,0.01,0.42
3.6893435630000004,0.01,0.01,0.0,0.41
3.690087022,0.0,0.0,0.0,0.41
3.691351832,0.02,0.01,0.02,0.41
3.6920836730000004,0.01,0.01,0.02,0.42
3.6933546830000004,0.01,0.0,0.01,0.42
3.694079276,0.0,0.0,0.0,0.42
3.695266122,0.0,0.0,0.01,0.42
3.696124503,0.02,0.0,0.0,0.41
3.6973201870000003,0.01,0.02,0.01,0.42
3.698170977,0.01,0.01,0.01,0.42
3.7002755850000004,0.0,0.0,0.0,0.41
3.701078164,0.01,0.0,0.0,0.41
3.7022407430000004,0.0,0.0,0.01,0.41
3.703213519,0.0,0.0,0.0,0.41
3.7042140060000004,0.0,0.0,0.0,0.42
3.70521467,0.0,0.01,0.0,0.41
3.7062149310000003,0.01,0.01,0.0,0.42
3.707341287,0.01,0.0,0.0,0.41
3.7080870280000005,0.01,0.01,0.0,0.41
3.7093667850000003,0.01,0.0,0.01,0.41
3.710083077,0.01,0.01,0.01,0.42
3.7112802690000004,0.01,0.01,0.01,0.41
3.7120819820000004,0.01,0.02,0.01,0.41
3.7133502430000003,0.01,0.01,0.01,0.41
3.7153398010000003,0.01,0.01,0.0,0.42
3.7160940360000003,0.01,0.01,0.0,0.42
3.7172130190000003,0.01,0.01,0.01,0.42
3.7182111310000003,0.01,0.01,0.01,0.41
3.719204781,0.01,0.01,0.01,0.42
3.7202042160000004,0.0,0.0,0.0,0.42
3.7213423910000003,0.01,0.01,0.01,0.4
3.7220909840000003,0.01,0.01,0.0,0.41
3.7233487920000004,0.0,0.01,0.0,0.41
3.7240867750000004,0.01,0.0,0.0,0.42
3.7253009350000004,0.0,0.0,0.0,0.42
3.726088702,0.0,0.0,0.01,0.42
3.7272822650000004,0.0,0.0,0.0,0.42
3.7281652220000003,0.01,0.0,0.0,0.41
3.7292277050000004,0.0,0.0,0.0,0.41
3.73134552,0.02,0.01,0.01,0.42
3.732119398,0.02,0.02,0.02,0.43
3.7332049240000003,0.02,0.01,0.01,0.42
3.7342016950000003,0.01,0.01,0.0,0.42
3.7351974780000003,0.01,0.01,0.01,0.41
3.736198447,0.0,0.0,0.01,0.42
3.737200033,0.01,0.01,0.0,0.41
3.73834348,0.01,0.01,0.01,0.41
3.7390913500000003,0.01,0.01,0.01,0.42
3.7402804520000004,0.0,0.0,0.0,0.42
3.741087466,0.01,0.0,0.01,0.41
3.7422867510000004,0.0,0.0,0.02,0.41
3.743087393,0.01,0.0,0.0,0.41
3.7442178210000003,0.0,0.01,0.01,0.4
3.746337902,0.0,0.01,0.0,0.42
3.747090145,0.01,0.0,0.0,0.43
3.7482045200000003,0.0,0.0,0.01,0.41
3.749196651,0.01,0.01,0.01,0.41
3.750196508,0.01,0.01,0.01,0.41
3.7511892720000004,0.01,0.01,0.01,0.41
3.7521265560000003,0.01,0.01,0.01,0.41
3.753339077,0.01,0.01,0.01,0.41
3.7540933250000004,0.0,0.0,0.0,0.41
3.7552858270000002,0.0,0.0,0.0,0.41
3.7560941330000004,0.01,0.01,0.0,0.42
3.7572803200000005,0.01,0.01,0.01,0.41
3.758093793,0.01,0.02,0.01,0.42
3.7593110100000002,0.0,0.01,0.01,0.41
3.7613436320000004,0.01,0.01,0.01,0.41
3.762091202,0.01,0.01,0.01,0.42
3.7632128130000004,0.01,0.01,0.0,0.41
3.7642160600000003,0.0,0.01,0.0,0.41
3.765215221,0.01,0.01,0.01,0.41
3.766216528,0.0,0.0,0.0,0.41
3.7672060210000002,0.0,0.0,0.0,0.41
3.7683483420000004,0.01,0.01,0.0,0.42
3.7690872100000004,0.0,0.0,0.01,0.41
3.7702917080000002,0.02,0.01,0.01,0.41
3.7710875010000002,0.02,0.02,0.02,0.42
3.772302577,0.02,0.02,0.02,0.42
3.773141813,0.0,0.01,0.0,0.4
3.774397774,0.01,0.0,0.01,0.41
3.776354372,0.01,0.0,0.01,0.41
3.7771104190000004,0.0,0.01,0.01,0.41
3.7781279420000002,0.01,0.0,0.01,0.41
3.77913287,0.01,0.01,0.01,0.41
3.7803397000000003,0.0,0.0,0.0,0.42
3.7811093550000003,0.01,0.0,0.01,0.41
3.782349952,0.01,0.01,0.01,0.42
3.7830841650000004,0.0,0.0,0.0,0.42
3.7843868140000003,0.0,0.01,0.0,0.41
3.785084416,0.0,0.0,0.0,0.41
3.786281036,0.0,0.01,0.01,0.41
3.7871504380000003,0.01,0.01,0.01,0.41
3.7893780090000004,0.01,0.01,0.0,0.41
3.7900926810000004,0.01,0.01,0.01,0.41
3.7912093720000004,0.01,0.01,0.01,0.42
3.792204683,0.01,0.01,0.01,0.42
3.7931980920000004,0.01,0.01,0.01,0.42
3.7941992590000004,0.0,0.0,0.0,0.41
3.7951922130000004,0.01,0.0,0.01,0.42
3.7962023100000004,0.01,0.0,0.0,0.42
3.797197762,0.01,0.0,0.01,0.41
3.79819493,0.01,0.01,0.01,0.42
3.79935318,0.0,0.01,0.01,0.42
3.8000990530000003,0.0,0.0,0.01,0.41
3.801283052,0.01,0.01,0.0,0.41
3.802087509,0.01,0.01,0.01,0.41
3.803273163,0.0,0.01,0.0,0.42
3.804128731,0.01,0.0,0.0,0.41
3.8063414190000002,0.0,0.0,0.0,0.41
3.8071251760000004,0.01,0.0,0.01,0.41
3.8082862790000003,0.01,0.01,0.01,0.42
3.8091477800000004,0.0,0.0,0.0,0.42
3.8102099540000003,0.01,0.01,0.01,0.42
3.8112192370000004,0.02,0.02,0.02,0.41
3.8121061440000004,0.02,0.02,0.01,0.41
3.8133438830000004,0.01,0.01,0.01,0.42
3.814087762,0.01,0.0,0.01,0.42
3.8153020150000003,0.0,0.0,0.01,0.41
3.8161429410000003,0.01,0.01,0.0,0.43
3.8172790630000004,0.01,0.01,0.01,0.43
3.818091637,0.01,0.01,0.01,0.42
3.8193657500000002,0.01,0.01,0.0,0.42
3.821351974,0.02,0.01,0.01,0.41
3.822089522,0.01,0.0,0.0,0.42
3.8233395600000004,0.0,0.01,0.01,0.41
3.824089927,0.01,0.0,0.01,0.41
3.8253509250000004,0.0,0.01,0.01,0.42
3.826085791,0.0,0.0,0.0,0.43
3.8273391410000004,0.01,0.0,0.01,0.41
3.8280850170000003,0.01,0.0,0.01,0.41
3.8292197210000003,0.0,0.01,0.0,0.41
3.83013407,0.01,0.01,0.01,0.42
3.8312676420000003,0.02,0.02,0.02,0.43
3.832134529,0.01,0.01,0.01,0.42
3.833162143,0.0,0.01,0.01,0.41
3.8353352820000004,0.0,0.0,0.0,0.41
3.836120197,0.01,0.0,0.01,0.41
3.83713971,0.01,0.0,0.01,0.41
3.8381956830000004,0.02,0.01,0.01,0.41
3.8390731380000003,0.02,0.01,0.01,0.41
3.8403329530000003,0.0,0.0,0.0,0.41
3.8410966970000002,0.0,0.01,0.01,0.41
3.8422182480000004,0.01,0.01,0.0,0.41
3.8432224120000003,0.01,0.01,0.0,0.41
3.8441729510000004,0.01,0.0,0.0,0.42
3.8451524420000003,0.0,0.0,0.0,0.42
3.846275829,0.01,0.01,0.0,0.42
3.8471477370000002,0.01,0.0,0.01,0.41
3.84815325,0.01,0.0,0.01,0.41
3.849378472,0.01,0.0,0.0,0.41
3.8513499720000004,0.01,0.01,0.01,0.41
3.85209523,0.02,0.01,0.01,0.41
3.8532105820000004,0.01,0.01,0.01,0.41
3.854197654,0.0,0.0,0.01,0.41
3.855192342,0.01,0.01,0.0,0.41
3.85619527,0.0,0.01,0.0,0.42
3.857191514,0.0,0.01,0.01,0.42
3.858203274,0.02,0.02,0.01,0.43
3.8591929300000003,0.01,0.01,0.01,0.42
3.8603365390000004,0.0,0.01,0.01,0.4
3.861097351,0.01,0.0,0.01,0.41
3.8622903170000003,0.01,0.01,0.0,0.41
3.8631248310000004,0.0,0.0,0.01,0.41
3.86424898,0.0,0.0,0.01,0.42
3.866340676,0.01,0.01,0.01,0.41
3.867087102,0.02,0.0,0.01,0.41
3.868343239,0.01,0.01,0.01,0.41
3.869093416,0.01,0.01,0.0,0.42
3.870222934,0.01,0.0,0.02,0.41
3.871216249,0.01,0.01,0.02,0.41
3.8722086260000004,0.02,0.02,0.02,0.41
3.873211169,0.01,0.01,0.01,0.42
3.8741926380000002,0.01,0.0,0.0,0.41
3.8751560680000003,0.0,0.0,0.0,0.41
3.876284725,0.01,0.01,0.01,0.4
3.877132087,0.0,0.02,0.0,0.42
3.87829155,0.01,0.01,0.01,0.41
3.8791559110000002,0.0,0.0,0.01,0.41
3.8813465540000003,0.0,0.01,0.01,0.41
3.882100738,0.01,0.01,0.0,0.42
3.883278718,0.01,0.01,0.01,0.41
3.884165861,0.0,0.01,0.0,0.41
3.8850818530000004,0.0,0.0,0.0,0.42
3.8863445330000004,0.0,0.0,0.0,0.41
3.8870918070000005,0.01,0.0,0.0,0.41
3.888216372,0.01,0.01,0.0,0.4
3.8891919560000003,0.01,0.01,0.0,0.42
3.8901569910000005,0.0,0.01,0.01,0.41
3.8912775610000003,0.01,0.01,0.02,0.42
3.892112968,0.01,0.02,0.01,0.42
3.8932857960000002,0.01,0.0,0.01,0.42
3.894129759,0.0,0.01,0.0,0.41
3.8951164530000004,0.0,0.01,0.0,0.42
3.896250123,0.01,0.01,0.02,0.42
3.8983396530000003,0.01,0.01,0.02,0.41
3.8991130180000004,0.01,0.01,0.01,0.42
3.900342186,0.0,0.0,0.0,0.42
3.9010820550000003,0.01,0.0,0.0,0.41
3.9022368120000004,0.0,0.0,0.01,0.41
3.9030753270000003,0.0,0.0,0.0,0.42
3.904348632,0.0,0.01,0.0,0.42
3.905073348,0.01,0.0,0.0,0.41
3.9062756370000002,0.01,0.0,0.01,0.41
3.9071115840000004,0.0,0.01,0.0,0.42
3.9080698450000004,0.0,0.01,0.0,0.41
3.909144663,0.0,0.01,0.0,0.41
3.910109787,0.01,0.01,0.01,0.42
3.9113801990000003,0.02,0.01,0.01,0.42
3.9133840600000003,0.02,0.01,0.01,0.41
3.9140710230000004,0.0,0.01,0.0,0.42
3.915367486,0.01,0.0,0.0,0.41
3.916069225,0.0,0.0,0.01,0.42
3.917370462,0.01,0.01,0.01,0.42
3.9180683870000004,0.01,0.01,0.01,0.42
3.9193690400000003,0.01,0.01,0.01,0.41
3.920072224,0.0,0.01,0.0,0.41
3.921147491,0.01,0.01,0.01,0.41
3.9221186770000003,0.01,0.01,0.0,0.41
3.9231417910000004,0.0,0.0,0.01,0.42
3.9241809200000004,0.01,0.0,0.0,0.42
3.9251094650000002,0.01,0.0,0.0,0.41
3.9263416490000003,0.01,0.0,0.0,0.41
3.928358417,0.01,0.01,0.01,0.42
3.92908757,0.0,0.0,0.0,0.42
3.9301142870000003,0.01,0.01,0.01,0.41
3.931226929,0.02,0.01,0.02,0.41
3.932214376,0.02,0.01,0.02,0.41
3.9332198930000004,0.01,0.01,0.02,0.41
3.934152156,0.01,0.01,0.0,0.42
3.93524353,0.0,0.0,0.01,0.42
3.9361583380000003,0.01,0.01,0.01,0.41
3.937274996,0.0,0.02,0.01,0.41
3.9381593280000002,0.0,0.01,0.01,0.4
3.939224953,0.01,0.0,0.01,0.41
3.9402090590000003,0.01,0.0,0.01,0.41
3.942344142,0.01,0.01,0.0,0.41
3.943094357,0.01,0.0,0.01,0.42
3.9443426660000003,0.0,0.01,0.01,0.42
3.945095063,0.0,0.01,0.0,0.42
3.94634112,0.01,0.01,0.01,0.41
3.9470912080000002,0.0,0.01,0.01,0.42
3.948318666,0.0,0.01,0.01,0.41
3.949118276,0.01,0.01,0.0,0.41
3.9503506830000004,0.01,0.01,0.01,0.42
3.9510873290000004,0.02,0.01,0.02,0.42
3.952278504,0.01,0.01,0.01,0.42
3.9531634450000004,0.0,0.01,0.0,0.42
3.954166584,0.0,0.0,0.01,0.41
3.955405573,0.0,0.0,0.01,0.42
3.957262011,0.01,0.0,0.01,0.4
3.9580867410000002,0.01,0.01,0.01,0.41
3.9591390090000003,0.01,0.01,0.01,0.4
3.9602108090000003,0.0,0.0,0.0,0.42
3.96116444,0.0,0.01,0.01,0.41
3.9622575660000003,0.01,0.0,0.01,0.41
3.963134015,0.01,0.0,0.01,0.41
3.964216726,0.01,0.0,0.01,0.42
3.965205452,0.0,0.01,0.0,0.42
3.9661489390000004,0.01,0.01,0.0,0.41
3.967282796,0.0,0.0,0.0,0.41
3.9680874270000004,0.0,0.01,0.0,0.41
3.969368208,0.01,0.0,0.0,0.41
3.9713446470000004,0.01,0.01,0.01,0.41
3.9720912590000004,0.02,0.01,0.01,0.41
3.973142397,0.01,0.01,0.01,0.42
3.9741277050000003,0.01,0.01,0.01,0.41
3.975195245,0.01,0.0,0.0,0.42
3.9761630930000003,0.01,0.0,0.01,0.42
3.977170618,0.01,0.01,0.01,0.42
3.9781968630000004,0.02,0.01,0.01,0.42
3.9791975730000004,0.01,0.01,0.01,0.41
3.980196701,0.0,0.01,0.01,0.4
3.9812631400000003,0.01,0.0,0.0,0.42
3.98217196,0.01,0.0,0.0,0.42
3.98328336,0.0,0.01,0.0,0.41
3.9841208900000002,0.0,0.0,0.01,0.41
3.9853051250000004,0.01,0.0,0.0,0.42
3.9872514960000003,0.01,0.01,0.01,0.4
3.9881418450000004,0.01,0.01,0.0,0.42
3.989110337,0.0,0.0,0.01,0.42
3.9902102910000004,0.01,0.01,0.01,0.41
3.9912080440000004,0.01,0.01,0.01,0.42
3.9922070200000004,0.02,0.01,0.01,0.41
3.993201195,0.02,0.02,0.0,0.41
3.9943416290000004,0.01,0.01,0.0,0.41
3.99509601,0.0,0.01,0.01,0.41
3.9962854410000004,0.02,0.0,0.01,0.41
3.9970855120000004,0.01,0.01,0.01,0.43
3.9982560900000004,0.01,0.01,0.01,0.42
3.999298784,0.01,0.0,0.0,0.41
4.000119367,0.01,0.01,0.01,0.4
4.001378756,0.01,0.01,0.01,0.41
4.003352111,0.01,0.01,0.01,0.4
4.004119006,0.0,0.0,0.01,0.41
4.005216406000001,0.0,0.01,0.0,0.41
4.0062340700000005,0.0,0.0,0.0,0.41
4.007152356000001,0.01,0.0,0.0,0.42
4.0080929030000005,0.0,0.01,0.0,0.41
4.009233576000001,0.01,0.0,0.0,0.41
4.01010986,0.02,0.01,0.01,0.42
4.011271702,0.02,0.02,0.02,0.41
4.0121320570000005,0.01,0.02,0.01,0.41
4.0132290280000005,0.0,0.0,0.01,0.41
4.01413004,0.0,0.01,0.01,0.42
4.016341165,0.01,0.0,0.01,0.42
4.017103523,0.01,0.01,0.0,0.41
4.018125722000001,0.02,0.01,0.0,0.42
4.019215003,0.02,0.01,0.0,0.41
4.020068097,0.0,0.0,0.0,0.41
4.02125831,0.0,0.01,0.0,0.41
4.0221679770000005,0.01,0.0,0.01,0.4
4.023220976,0.01,0.0,0.0,0.41
4.024218538,0.01,0.0,0.0,0.41
4.025193871,0.0,0.0,0.0,0.42
4.026265266,0.0,0.01,0.01,0.41
4.027158362000001,0.06,0.01,0.01,0.41
4.028246288,0.04,0.01,0.0,0.41
4.029131138,0.05,0.0,0.01,0.4
4.0302947520000005,0.1,0.01,0.01,0.42
4.0323572500000004,0.11,0.01,0.02,0.42
4.033119827,0.15,0.01,0.02,0.41
4.0343088940000005,0.17,0.0,0.0,0.42
4.035110905000001,0.18,0.01,0.0,0.41
4.036353513,0.19,0.0,0.0,0.41
4.037085441,0.2,0.01,0.01,0.42
4.038330881,0.21,0.01,0.02,0.41
4.039073773,0.2,0.01,0.01,0.41
4.040349441,0.25,0.0,0.0,0.41
4.041074373,0.28,0.01,0.01,0.4
4.042243885,0.29,0.01,0.01,0.42
4.043118659,0.31,0.0,0.0,0.42
4.04425241,0.32,0.0,0.0,0.42
4.045122207,0.34,0.01,0.0,0.42
4.046399516,0.36,0.0,0.01,0.41
4.048232915,0.38,0.01,0.01,0.41
4.049087824,0.39,0.01,0.0,0.42
4.050121557000001,0.39,0.01,0.0,0.42
4.051251164,0.37,0.01,0.01,0.41
4.05212034,0.38,0.01,0.01,0.41
4.05307436,0.39,0.01,0.01,0.41
4.054113952000001,0.41,0.0,0.01,0.41
4.055190042,0.42,0.01,0.0,0.41
4.056160311,0.42,0.02,0.01,0.41
4.057122852,0.4,0.01,0.01,0.41
4.058242497,0.42,0.02,0.01,0.41
4.059118740000001,0.42,0.01,0.0,0.41
4.06012862,0.42,0.0,0.01,0.42
4.061274273,0.42,0.0,0.0,0.41
4.0633382760000005,0.43,0.0,0.0,0.41
4.064100199,0.44,0.0,0.01,0.41
4.065268677000001,0.43,0.0,0.0,0.41
4.066096505,0.43,0.0,0.0,0.41
4.06713207,0.44,0.01,0.01,0.41
4.068222018,0.44,0.01,0.01,0.41
4.069214041,0.45,0.01,0.01,0.41
4.070210405,0.45,0.01,0.01,0.42
4.0711471040000005,0.46,0.01,0.02,0.41
4.072257316,0.46,0.02,0.01,0.41
4.073131578,0.45,0.01,0.0,0.41
4.074290993,0.46,0.0,0.01,0.41
4.075091083,0.45,0.0,0.01,0.41
4.076320462,0.45,0.01,0.01,0.41
4.078256878,0.44,0.01,0.01,0.41
4.079122486,0.45,0.01,0.01,0.41
4.080131151000001,0.45,0.01,0.0,0.41
4.08112499,0.45,0.01,0.01,0.41
4.082212555,0.46,0.01,0.01,0.41
4.083204718,0.45,0.01,0.01,0.42
4.084110786,0.44,0.0,0.0,0.41
4.0852488330000005,0.47,0.0,0.0,0.41
4.086113527,0.47,0.0,0.01,0.4
4.087259039,0.47,0.01,0.01,0.42
4.0880907760000005,0.45,0.01,0.0,0.43
4.08913893,0.45,0.02,0.0,0.41
4.090328243,0.47,0.0,0.02,0.42
4.0922858920000005,0.47,0.02,0.01,0.42
4.093156122,0.47,0.03,0.01,0.4
4.094185772,0.48,0.01,0.0,0.42
4.095210745,0.48,0.01,0.0,0.42
4.096201738,0.47,0.01,0.01,0.41
4.09713453,0.47,0.0,0.01,0.43
4.098136996,0.5,0.01,0.01,0.42
4.099212679,0.5,0.01,0.01,0.41
4.100149705000001,0.49,0.01,0.01,0.41
4.1013361680000004,0.49,0.01,0.0,0.41
4.102093841,0.49,0.01,0.0,0.41
4.1031402990000005,0.48,0.01,0.0,0.41
4.104264906,0.49,0.0,0.0,0.41
4.105090136,0.49,0.0,0.0,0.41
4.106320335,0.49,0.0,0.01,0.4
4.108352415000001,0.49,0.01,0.0,0.41
4.109090143,0.5,0.01,0.01,0.41
4.110138389,0.49,0.0,0.01,0.42
4.111218541,0.49,0.01,0.01,0.41
4.112140355,0.5,0.02,0.02,0.41
4.113344159,0.49,0.01,0.01,0.43
4.114093857,0.51,0.0,0.01,0.41
4.115316226,0.51,0.0,0.01,0.41
4.1160959130000006,0.51,0.01,0.01,0.41
4.117118027,0.5,0.01,0.0,0.41
4.1181108680000005,0.5,0.01,0.01,0.41
4.119234811,0.5,0.01,0.0,0.41
4.120083073,0.5,0.01,0.0,0.4
4.121254568,0.51,0.0,0.01,0.41
4.123259601,0.51,0.0,0.01,0.42
4.124158782,0.49,0.0,0.01,0.41
4.125145318,0.51,0.0,0.0,0.41
4.126114405,0.51,0.01,0.01,0.41
4.127186164,0.52,0.01,0.01,0.42
4.128152987,0.51,0.0,0.01,0.42
4.129115155,0.52,0.01,0.0,0.41
4.130335916,0.52,0.01,0.01,0.41
4.131093939,0.52,0.01,0.01,0.41
4.132290451,0.51,0.01,0.01,0.41
4.133095162,0.53,0.0,0.0,0.41
4.134250999,0.51,0.01,0.0,0.41
4.135131189,0.51,0.01,0.01,0.4
4.1363973000000005,0.53,0.01,0.01,0.41
4.138346015000001,0.52,0.01,0.01,0.42
4.139090117,0.52,0.01,0.01,0.4
4.140207259,0.53,0.01,0.01,0.41
4.141117597,0.53,0.01,0.01,0.41
4.142325082,0.54,0.01,0.0,0.41
4.1430948910000005,0.53,0.01,0.0,0.41
4.1443348040000005,0.53,0.0,0.0,0.41
4.145087288,0.53,0.0,0.0,0.42
4.146397895000001,0.54,0.0,0.0,0.4
4.147087317,0.53,0.0,0.0,0.41
4.148233380000001,0.54,0.01,0.01,0.42
4.149110427,0.54,0.0,0.0,0.42
4.150321575,0.55,0.01,0.02,0.41
4.151082642,0.54,0.02,0.02,0.4
4.152363225,0.55,0.02,0.01,0.41
4.154343897,0.54,0.01,0.0,0.41
4.155116504,0.54,0.02,0.01,0.41
4.156157018,0.54,0.01,0.0,0.42
4.15721861,0.55,0.01,0.0,0.41
4.158147057,0.54,0.01,0.01,0.41
4.159343864,0.54,0.0,0.0,0.4
4.160082057,0.54,0.0,0.01,0.41
4.161171888,0.58,0.01,0.01,0.42
4.162137985,0.57,0.0,0.01,0.41
4.163112829,0.57,0.01,0.0,0.42
4.164258114,0.58,0.0,0.0,0.41
4.165131262,0.59,0.0,0.01,0.42
4.1662138440000005,0.59,0.01,0.0,0.42
4.168191281,0.58,0.01,0.01,0.41
4.169091602,0.59,0.01,0.0,0.41
4.170121268,0.58,0.01,0.01,0.41
4.171339668,0.58,0.01,0.0,0.41
4.172095735,0.58,0.01,0.0,0.42
4.173206726,0.58,0.01,0.01,0.41
4.174205424,0.58,0.01,0.01,0.41
4.175140959,0.58,0.0,0.01,0.41
4.17635245,0.58,0.0,0.01,0.41
4.177091192000001,0.58,0.0,0.01,0.42
4.17826569,0.58,0.01,0.01,0.42
4.179129726,0.58,0.0,0.0,0.42
4.180289287,0.58,0.0,0.0,0.41
4.181157193000001,0.58,0.01,0.01,0.41
4.183347434,0.58,0.01,0.01,0.41
4.1840881,0.59,0.01,0.01,0.41
4.185240876,0.59,0.0,0.01,0.41
4.186088948,0.58,0.0,0.01,0.41
4.1873475760000005,0.58,0.01,0.01,0.41
4.188085436000001,0.59,0.01,0.01,0.41
4.189347845,0.59,0.01,0.01,0.41
4.190085463,0.59,0.02,0.01,0.42
4.191193184,0.58,0.02,0.01,0.42
4.192144473,0.59,0.02,0.01,0.41
4.1933070070000005,0.59,0.0,0.01,0.42
4.194119923000001,0.58,0.0,0.0,0.41
4.195305051,0.58,0.0,0.0,0.41
4.197340162000001,0.58,0.01,0.01,0.41
4.198095078000001,0.58,0.02,0.01,0.42
4.1991994660000005,0.58,0.01,0.01,0.41
4.200121128,0.59,0.01,0.0,0.41
4.201263431,0.58,0.01,0.01,0.41
4.202134855000001,0.58,0.0,0.0,0.42
4.203138137,0.58,0.01,0.01,0.4
4.204255844,0.58,0.0,0.0,0.41
4.205125505,0.58,0.01,0.01,0.41
4.206246811000001,0.59,0.0,0.01,0.41
4.207127551,0.58,0.01,0.01,0.42
4.208291802000001,0.58,0.01,0.0,0.42
4.2091683810000005,0.58,0.0,0.0,0.42
4.210322945000001,0.59,0.01,0.01,0.41
4.212249429,0.6,0.01,0.01,0.42
4.213176618,0.6,0.01,0.01,0.42
4.214192574,0.59,0.01,0.0,0.41
4.215224952000001,0.6,0.01,0.0,0.4
4.2162116030000005,0.6,0.01,0.0,0.42
4.2172067460000005,0.6,0.01,0.0,0.42
4.218209204,0.61,0.01,0.01,0.4
4.219208283,0.6,0.01,0.0,0.41
4.2202096220000005,0.6,0.0,0.01,0.42
4.221350824,0.6,0.0,0.01,0.41
4.2220859310000005,0.6,0.01,0.01,0.42
4.223349371,0.6,0.01,0.0,0.43
4.224085309,0.6,0.0,0.0,0.41
4.225300478,0.61,0.0,0.0,0.41
4.227328547,0.61,0.01,0.0,0.41
4.228090392,0.61,0.01,0.01,0.41
4.229215610000001,0.62,0.01,0.0,0.42
4.230215109,0.62,0.01,0.01,0.41
4.231205299,0.62,0.01,0.01,0.41
4.2322051830000005,0.62,0.01,0.01,0.41
4.2332097420000006,0.62,0.01,0.01,0.41
4.234252204000001,0.61,0.01,0.0,0.42
4.235138791000001,0.62,0.01,0.0,0.42
4.236164411,0.6,0.01,0.02,0.41
4.237122376,0.6,0.01,0.01,0.41
4.2382698240000005,0.6,0.01,0.02,0.41
4.2391737240000005,0.6,0.0,0.01,0.42
4.2402087,0.61,0.0,0.0,0.41
4.242337742,0.63,0.01,0.0,0.4
4.24309149,0.62,0.01,0.0,0.41
4.244353049,0.62,0.0,0.01,0.41
4.245087656,0.65,0.0,0.0,0.41
4.2463354120000005,0.65,0.01,0.01,0.42
4.2470872250000005,0.65,0.01,0.0,0.42
4.248353443,0.64,0.01,0.01,0.42
4.249081991000001,0.65,0.0,0.0,0.41
4.250427500000001,0.66,0.01,0.01,0.42
4.251079020000001,0.65,0.02,0.01,0.41
4.252288175,0.66,0.01,0.02,0.41
4.253076217,0.65,0.01,0.0,0.41
4.254284167000001,0.66,0.01,0.01,0.41
4.255123256,0.67,0.0,0.0,0.41
4.256164745,0.68,0.02,0.01,0.42
4.257242408000001,0.67,0.01,0.01,0.42
4.25935185,0.68,0.01,0.01,0.41
4.260083479,0.67,0.0,0.0,0.41
4.2612745620000005,0.68,0.01,0.0,0.41
4.262189673,0.69,0.01,0.01,0.41
4.263240946000001,0.68,0.0,0.01,0.41
4.264244576,0.69,0.01,0.0,0.41
4.265122346,0.68,0.01,0.0,0.41
4.266341022000001,0.68,0.0,0.01,0.42
4.26710757,0.68,0.01,0.0,0.42
4.2682871570000005,0.68,0.01,0.0,0.42
4.269152099,0.69,0.0,0.0,0.42
4.270107176000001,0.69,0.02,0.01,0.42
4.271242638,0.68,0.01,0.01,0.42
4.273341709,0.68,0.01,0.02,0.42
4.274116645,0.68,0.01,0.0,0.42
4.275345286,0.69,0.01,0.0,0.41
4.276088543,0.7,0.0,0.0,0.42
4.277244133,0.71,0.01,0.0,0.41
4.278081786,0.7,0.01,0.01,0.42
4.279343167,0.69,0.01,0.01,0.43
4.280130596,0.7,0.0,0.0,0.41
4.281226864000001,0.71,0.0,0.0,0.42
4.282165765,0.74,0.0,0.0,0.41
4.283366201000001,0.74,0.0,0.01,0.41
4.284085139,0.74,0.0,0.0,0.41
4.2853218570000005,0.75,0.0,0.0,0.42
4.286084744,0.76,0.0,0.01,0.4
4.28731917,0.78,0.01,0.01,0.4
4.289347145000001,0.79,0.0,0.01,0.41
4.290113326,0.8,0.02,0.01,0.42
4.291144584,0.81,0.01,0.01,0.42
4.2922338280000005,0.81,0.01,0.01,0.41
4.293220775,0.8,0.01,0.0,0.41
4.294217266,0.81,0.01,0.0,0.41
4.295225074,0.82,0.01,0.01,0.41
4.29610701,0.84,0.0,0.01,0.41
4.297257364,0.84,0.01,0.01,0.42
4.29808199,0.83,0.01,0.01,0.41
4.299303117,0.84,0.01,0.0,0.41
4.300165875,0.84,0.01,0.01,0.41
4.301370147,0.85,0.01,0.01,0.41
4.303349188,0.85,0.01,0.0,0.41
4.304087503,0.85,0.01,0.0,0.41
4.305212406,0.85,0.01,0.01,0.42
4.306139101,0.86,0.0,0.0,0.41
4.307202835,0.86,0.0,0.0,0.43
4.308196963,0.87,0.01,0.0,0.42
4.309203978,0.89,0.0,0.01,0.41
4.310164186000001,0.9,0.01,0.02,0.42
4.311348548000001,0.91,0.02,0.02,0.42
4.312098275,0.9,0.02,0.02,0.42
4.313306517,0.92,0.01,0.0,0.42
4.314121723,0.93,0.01,0.01,0.41
4.315280792,0.95,0.0,0.0,0.42
4.316162519000001,0.95,0.01,0.01,0.41
4.317316513000001,0.97,0.01,0.01,0.4
4.319351634,0.98,0.01,0.0,0.41
4.320090558,0.97,0.01,0.0,0.42
4.321216107000001,0.97,0.01,0.01,0.41
4.322218686,0.97,0.01,0.01,0.41
4.323208608,0.99,0.01,0.01,0.42
4.324209676000001,0.99,0.01,0.0,0.41
4.325340247000001,0.99,0.01,0.0,0.43
4.326089434,0.98,0.01,0.0,0.42
4.3272668020000005,0.99,0.01,0.01,0.41
4.328159345,1.0,0.01,0.0,0.42
4.3291358540000004,1.0,0.01,0.01,0.42
4.330116355,1.0,0.01,0.01,0.42
4.331317171,1.0,0.01,0.02,0.42
4.332190644000001,1.0,0.01,0.02,0.42
4.334343901,1.0,0.01,0.0,0.41
4.335088041000001,1.01,0.0,0.01,0.42
4.336225143,1.01,0.01,0.01,0.41
4.337216048,1.02,0.01,0.01,0.41
4.33816656,1.02,0.02,0.01,0.41
4.33934102,1.02,0.01,0.01,0.42
4.340085945,1.02,0.0,0.01,0.41
4.341351477,1.03,0.0,0.0,0.41
4.342086718,1.04,0.01,0.0,0.41
4.343167666,1.05,0.01,0.01,0.42
4.344151019,1.06,0.01,0.01,0.42
4.34516132,1.05,0.0,0.01,0.42
4.346159113000001,1.04,0.01,0.01,0.41
4.347356457,1.05,0.01,0.01,0.41
4.349335963000001,1.05,0.0,0.01,0.42
4.350087429,1.04,0.01,0.01,0.42
4.351364611,1.05,0.01,0.02,0.41
4.352084271,1.05,0.01,0.02,0.41
4.353354219,1.05,0.0,0.01,0.43
4.354080367,1.06,0.01,0.01,0.41
4.355229958000001,1.05,0.01,0.0,0.42
4.3561264710000005,1.05,0.01,0.01,0.42
4.357178,1.06,0.0,0.01,0.42
4.358118221000001,1.06,0.01,0.01,0.41
4.359284334000001,1.07,0.0,0.0,0.41
4.360148011000001,1.06,0.0,0.01,0.41
4.361149898,1.05,0.0,0.01,0.41
4.3634958500000005,1.06,0.01,0.0,0.42
4.364090146000001,1.06,0.0,0.0,0.41
4.3652136200000005,1.08,0.0,0.0,0.43
4.366209221,1.06,0.0,0.0,0.41
4.367204790000001,1.07,0.01,0.01,0.42
4.368203632,1.07,0.01,0.01,0.41
4.369197565,1.08,0.0,0.0,0.42
4.370201074000001,1.08,0.01,0.01,0.43
4.371195909,1.08,0.01,0.02,0.42
4.372298348,1.07,0.01,0.02,0.42
4.373120783,1.07,0.0,0.0,0.42
4.374277323,1.07,0.01,0.01,0.42
4.375172815,1.08,0.0,0.0,0.41
4.377293227,1.08,0.0,0.01,0.42
4.378151818,1.08,0.01,0.02,0.41
4.37908103,1.07,0.02,0.01,0.42
4.380216739000001,1.08,0.0,0.0,0.41
4.381219079,1.08,0.01,0.0,0.4
4.3822074010000005,1.08,0.01,0.01,0.41
4.383213696,1.09,0.0,0.0,0.41
4.3842091420000004,1.09,0.01,0.0,0.42
4.385342443,1.09,0.01,0.01,0.41
4.386088604,1.1,0.0,0.0,0.41
4.387353105,1.1,0.01,0.0,0.42
4.388083814000001,1.1,0.01,0.0,0.42
4.389321160000001,1.12,0.01,0.0,0.42
4.390082025,1.13,0.01,0.01,0.42
4.391334103,1.12,0.01,0.01,0.42
4.393348917,1.13,0.02,0.01,0.41
4.39408944,1.13,0.0,0.01,0.42
4.395220293,1.13,0.01,0.01,0.41
4.396216893,1.13,0.01,0.0,0.41
4.397213256000001,1.14,0.02,0.01,0.42
4.398198958,1.14,0.01,0.01,0.41
4.39918586,1.15,0.01,0.0,0.42
4.400340446,1.15,0.0,0.01,0.41
4.401095068,1.15,0.01,0.01,0.42
4.402392118,1.15,0.0,0.0,0.42
4.403090852,1.14,0.01,0.01,0.41
4.404284486,1.14,0.01,0.0,0.41
4.405160564,1.15,0.0,0.0,0.41
4.406288048,1.15,0.0,0.0,0.42
4.407085514,1.15,0.01,0.01,0.41
4.408357275,1.16,0.01,0.0,0.41
4.410353723,1.15,0.01,0.0,0.41
4.411110796,1.15,0.01,0.02,0.41
4.4122165330000005,1.14,0.01,0.02,0.42
4.4132077270000005,1.14,0.01,0.01,0.41
4.414141035,1.14,0.01,0.01,0.41
4.415326075,1.14,0.01,0.01,0.41
4.416086945,1.15,0.0,0.01,0.42
4.417341813,1.15,0.01,0.0,0.42
4.418090445000001,1.15,0.01,0.0,0.42
4.419308805,1.15,0.01,0.01,0.42
4.420091834,1.15,0.0,0.0,0.41
4.421257247000001,1.14,0.01,0.01,0.41
4.42216711,1.15,0.0,0.0,0.41
4.423311760000001,1.15,0.0,0.0,0.42
4.424145677,1.15,0.01,0.0,0.41
4.426344531000001,1.15,0.01,0.0,0.42
4.427092352,1.16,0.01,0.01,0.42
4.428339062,1.17,0.01,0.01,0.41
4.429094701,1.16,0.0,0.02,0.41
4.430223714,1.18,0.02,0.01,0.42
4.431212980000001,1.19,0.01,0.01,0.42
4.43226458,1.18,0.01,0.01,0.42
4.433209383,1.2,0.01,0.0,0.41
4.434330322,1.2,0.01,0.0,0.4
4.435087269,1.21,0.01,0.0,0.42
4.436279465,1.21,0.01,0.01,0.41
4.4371135960000005,1.19,0.01,0.02,0.41
4.438223382,1.19,0.01,0.01,0.41
4.439205356,1.19,0.01,0.0,0.41
4.441331697,1.19,0.0,0.0,0.42
4.442094151,1.19,0.01,0.01,0.42
4.4432039670000005,1.21,0.01,0.01,0.42
4.444195672,1.2,0.0,0.0,0.41
4.4451999,1.2,0.01,0.0,0.42
4.4461967520000005,1.19,0.01,0.01,0.42
4.4471196420000005,1.19,0.0,0.0,0.41
4.448327761000001,1.19,0.0,0.0,0.42
4.449102885,1.19,0.0,0.0,0.42
4.450203306000001,1.2,0.02,0.01,0.43
4.45115922,1.19,0.02,0.02,0.42
4.452146779,1.2,0.01,0.02,0.43
4.453213042000001,1.18,0.01,0.0,0.41
4.455231722000001,1.2,0.0,0.0,0.42
4.456192671,1.2,0.0,0.01,0.41
4.457204604,1.19,0.01,0.01,0.42
4.458202198,1.19,0.02,0.01,0.4
4.459200594,1.19,0.01,0.01,0.4
4.460134927,1.19,0.01,0.0,0.41
4.461336103000001,1.19,0.01,0.01,0.43
4.462095376000001,1.19,0.01,0.01,0.43
4.463210008,1.21,0.01,0.01,0.41
4.46411495,1.2,0.01,0.0,0.41
4.4652577110000005,1.23,0.02,0.0,0.42
4.466088066,1.24,0.01,0.01,0.41
4.467122392,1.24,0.01,0.01,0.41
4.468206723000001,1.26,0.01,0.0,0.42
4.470379964,1.25,0.01,0.01,0.41
4.471104039,1.26,0.01,0.01,0.4
4.472198488,1.25,0.02,0.01,0.41
4.47319693,1.25,0.02,0.01,0.42
4.474196109,1.27,0.0,0.01,0.42
4.475193778,1.27,0.0,0.0,0.41
4.4761261,1.25,0.0,0.01,0.42
4.477332467,1.24,0.01,0.01,0.42
4.478095505000001,1.25,0.01,0.01,0.41
4.479281864,1.25,0.01,0.0,0.41
4.480138568,1.25,0.01,0.01,0.41
4.481138723,1.25,0.01,0.01,0.42
4.483129279,1.25,0.01,0.01,0.41
4.484199597,1.24,0.0,0.0,0.42
4.4851969810000005,1.25,0.0,0.01,0.41
4.486198627,1.25,0.0,0.0,0.41
4.487197755,1.24,0.01,0.0,0.41
4.488195647,1.25,0.0,0.0,0.41
4.489198863,1.23,0.0,0.0,0.41
4.490130253,1.23,0.01,0.01,0.42
4.491341184,1.25,0.02,0.01,0.42
4.492098618,1.25,0.01,0.01,0.42
4.493266539,1.25,0.01,0.01,0.4
4.494094395,1.24,0.0,0.01,0.41
4.495154998,1.24,0.0,0.01,0.41
4.496145224,1.25,0.0,0.01,0.41
4.49711391,1.25,0.01,0.02,0.42
4.498301909,1.25,0.02,0.01,0.42
4.499118698,1.24,0.0,0.0,0.41
4.500336346,1.24,0.0,0.01,0.41
4.502342313000001,1.25,0.0,0.0,0.42
4.503094026,1.25,0.0,0.01,0.41
4.504144806,1.25,0.01,0.01,0.41
4.505213827,1.25,0.0,0.0,0.42
4.506161585,1.25,0.0,0.0,0.41
4.507275226,1.25,0.01,0.0,0.41
4.508164688,1.29,0.0,0.01,0.41
4.509172990000001,1.29,0.0,0.0,0.42
4.510145423,1.29,0.02,0.01,0.41
4.5111132750000005,1.27,0.02,0.01,0.4
4.512277798,1.27,0.02,0.01,0.41
4.513124025000001,1.26,0.0,0.0,0.41
4.514315339,1.28,0.0,0.01,0.41
4.516343867000001,1.28,0.0,0.0,0.42
4.517126248,1.27,0.02,0.01,0.42
4.518215779,1.27,0.01,0.01,0.41
4.519204087,1.27,0.01,0.0,0.41
4.520200617,1.28,0.01,0.01,0.42
4.52134008,1.29,0.0,0.01,0.42
4.522091693,1.28,0.01,0.0,0.42
4.5233320180000005,1.3,0.01,0.0,0.41
4.524083366,1.3,0.01,0.01,0.41
4.525300704,1.31,0.01,0.0,0.41
4.526107567,1.31,0.01,0.01,0.41
4.52714736,1.3,0.03,0.01,0.41
4.528196325000001,1.3,0.01,0.0,0.42
4.529166603,1.3,0.01,0.01,0.41
4.530212346,1.31,0.01,0.01,0.42
4.532336304,1.3,0.01,0.01,0.42
4.533108361,1.3,0.02,0.01,0.42
4.534171317,1.3,0.01,0.0,0.42
4.535177413,1.29,0.01,0.0,0.41
4.536344839,1.3,0.01,0.01,0.41
4.537099694,1.31,0.01,0.0,0.41
4.538329586000001,1.3,0.01,0.01,0.41
4.53908698,1.31,0.0,0.0,0.42
4.540314627,1.3,0.01,0.01,0.41
4.541088225,1.33,0.01,0.01,0.42
4.542281203,1.34,0.0,0.01,0.41
4.543165688,1.35,0.0,0.0,0.41
4.544148568000001,1.34,0.0,0.01,0.41
4.546252506,1.34,0.0,0.0,0.42
4.547194851,1.35,0.0,0.01,0.43
4.548084313,1.35,0.0,0.0,0.41
4.549126503,1.35,0.01,0.01,0.41
4.550217229,1.35,0.01,0.01,0.41
4.5512046360000005,1.37,0.01,0.01,0.42
4.552117353,1.35,0.01,0.0,0.41
4.553341925000001,1.36,0.0,0.0,0.41
4.5540915570000005,1.35,0.0,0.0,0.41
4.5551663620000005,1.35,0.01,0.0,0.42
4.55612118,1.37,0.01,0.01,0.41
4.557264041000001,1.37,0.01,0.02,0.41
4.558165708000001,1.38,0.01,0.01,0.42
4.559209627,1.38,0.01,0.0,0.41
4.561246668,1.39,0.01,0.0,0.41
4.562149918,1.39,0.01,0.01,0.41
4.563207847,1.39,0.01,0.0,0.41
4.564120776,1.4,0.0,0.0,0.42
4.565315158000001,1.39,0.0,0.0,0.41
4.566094484000001,1.39,0.01,0.01,0.42
4.567372126,1.4,0.0,0.0,0.42
4.5680953870000005,1.39,0.01,0.01,0.41
4.5693638640000005,1.39,0.01,0.0,0.41
4.5700904090000005,1.4,0.01,0.02,0.43
4.571148173,1.4,0.01,0.01,0.42
4.572279095,1.4,0.02,0.01,0.41
4.573090528000001,1.39,0.01,0.0,0.42
4.574205029000001,1.4,0.0,0.01,0.42
4.575212280000001,1.39,0.01,0.01,0.41
4.577343978,1.38,0.01,0.01,0.4
4.578098877,1.38,0.01,0.01,0.41
4.579243474,1.38,0.01,0.01,0.41
4.5801257820000005,1.38,0.01,0.01,0.42
4.58122335,1.38,0.01,0.01,0.42
4.582072478000001,1.38,0.01,0.0,0.41
4.583251356,1.39,0.01,0.0,0.41
4.584144693000001,1.38,0.01,0.0,0.42
4.585144628,1.38,0.01,0.0,0.42
4.586159555,1.39,0.01,0.01,0.41
4.587300451,1.39,0.01,0.0,0.42
4.588170768,1.38,0.01,0.01,0.42
4.5891215270000005,1.39,0.01,0.01,0.42
4.591333957000001,1.39,0.0,0.01,0.41
4.592109587,1.38,0.01,0.01,0.42
4.59332993,1.39,0.01,0.01,0.42
4.5941207340000005,1.38,0.01,0.0,0.41
4.595313916,1.39,0.0,0.0,0.41
4.596078267,1.39,0.01,0.0,0.41
4.597190715,1.39,0.01,0.01,0.41
4.598110658,1.39,0.02,0.01,0.42
4.599142296,1.39,0.01,0.0,0.41
4.600139357000001,1.39,0.01,0.01,0.41
4.601311115000001,1.39,0.01,0.0,0.41
4.602112377,1.39,0.01,0.01,0.41
4.6032989870000005,1.39,0.01,0.0,0.41
4.605257976,1.4,0.01,0.0,0.41
4.606179158000001,1.39,0.01,0.0,0.41
4.607128644,1.39,0.01,0.01,0.42
4.608325183000001,1.4,0.01,0.01,0.41
4.60908298,1.4,0.0,0.02,0.44
4.610131046,1.39,0.01,0.01,0.42
4.611246459,1.39,0.02,0.01,0.41
4.612251979000001,1.4,0.01,0.01,0.41
4.613211393,1.39,0.01,0.01,0.41
4.61429954,1.4,0.0,0.01,0.42
4.615156995,1.4,0.01,0.0,0.41
4.616263965,1.39,0.01,0.02,0.42
4.617100177,1.39,0.02,0.02,0.41
4.618390806,1.38,0.01,0.01,0.41
4.620367035,1.39,0.0,0.0,0.42
4.621111847,1.39,0.01,0.01,0.41
4.622126465,1.38,0.01,0.01,0.41
4.623147516,1.38,0.0,0.0,0.42
4.6243310950000005,1.39,0.01,0.0,0.41
4.625104411000001,1.38,0.01,0.0,0.41
4.626348534,1.38,0.01,0.01,0.43
4.627110603,1.39,0.0,0.01,0.41
4.628240599000001,1.39,0.0,0.0,0.41
4.629080787,1.38,0.0,0.0,0.41
4.630291648,1.39,0.01,0.01,0.42
4.631160973,1.37,0.02,0.01,0.41
4.632132198,1.38,0.02,0.02,0.42
4.633382148,1.39,0.01,0.0,0.41
4.6353624700000005,1.38,0.0,0.0,0.41
4.636084159,1.39,0.0,0.01,0.42
4.637131757000001,1.4,0.0,0.01,0.4
4.638171689,1.39,0.01,0.01,0.42
4.63921293,1.39,0.01,0.0,0.42
4.640206067,1.4,0.01,0.01,0.42
4.6412057980000005,1.39,0.01,0.01,0.42
4.642205254,1.39,0.01,0.0,0.41
4.643076289000001,1.4,0.01,0.0,0.42
4.644300436,1.39,0.01,0.0,0.42
4.645127975,1.4,0.0,0.01,0.42
4.646132595,1.41,0.0,0.01,0.4
4.6471447370000005,1.4,0.02,0.01,0.41
4.649333537,1.4,0.01,0.0,0.42
4.650093937,1.41,0.01,0.01,0.42
4.651139989000001,1.4,0.01,0.01,0.42
4.652169906,1.4,0.01,0.01,0.42
4.653199020000001,1.41,0.01,0.0,0.41
4.654157562,1.4,0.0,0.0,0.41
4.655343268,1.4,0.01,0.01,0.41
4.656097549,1.4,0.01,0.0,0.41
4.657334781,1.39,0.01,0.01,0.42
4.658102721000001,1.39,0.01,0.01,0.41
4.659352313,1.4,0.01,0.0,0.41
4.6600906460000004,1.39,0.01,0.01,0.41
4.661148407000001,1.4,0.01,0.01,0.42
4.662144303000001,1.39,0.01,0.0,0.41
4.6633373460000005,1.39,0.01,0.0,0.42
4.665250723000001,1.4,0.01,0.0,0.41
4.666086237,1.39,0.0,0.0,0.42
4.6671293590000005,1.4,0.01,0.0,0.41
4.668118506,1.39,0.01,0.01,0.41
4.669358856000001,1.39,0.01,0.0,0.42
4.67009062,1.39,0.01,0.01,0.42
4.671132536,1.39,0.02,0.02,0.41
4.67209712,1.39,0.01,0.01,0.41
4.673344695,1.39,0.0,0.01,0.42
4.674089127,1.38,0.01,0.0,0.41
4.675248668,1.39,0.01,0.0,0.41
4.676161199,1.39,0.01,0.0,0.42
4.67725065,1.39,0.02,0.01,0.42
4.678081909,1.38,0.01,0.01,0.42
4.679280258,1.39,0.0,0.0,0.41
4.6813473320000005,1.39,0.0,0.01,0.41
4.682088982000001,1.38,0.0,0.0,0.41
4.683130399,1.39,0.0,0.01,0.42
4.684143045,1.39,0.0,0.0,0.41
4.685115915,1.38,0.0,0.01,0.42
4.686339376,1.38,0.01,0.01,0.41
4.68709469,1.38,0.0,0.01,0.41
4.688124096,1.39,0.0,0.01,0.42
4.689327412,1.4,0.01,0.0,0.42
4.690090499,1.39,0.02,0.01,0.42
4.691281985000001,1.39,0.02,0.02,0.4
4.692128245,1.38,0.01,0.01,0.4
4.693283232000001,1.38,0.01,0.01,0.42
4.695345818000001,1.38,0.0,0.0,0.42
4.696109798,1.37,0.01,0.01,0.41
4.697117799,1.38,0.01,0.01,0.4
4.698239292,1.37,0.01,0.02,0.41
4.699080177,1.38,0.01,0.0,0.41
4.700350596000001,1.38,0.01,0.01,0.41
4.701082937000001,1.38,0.01,0.01,0.41
4.702117223,1.37,0.01,0.01,0.42
4.703337459,1.37,0.01,0.0,0.42
4.704092044,1.38,0.0,0.01,0.42
4.705286866000001,1.37,0.0,0.01,0.41
4.706086858,1.38,0.01,0.01,0.41
4.707278025,1.39,0.0,0.0,0.42
4.708084901,1.37,0.01,0.01,0.4
4.710338916,1.39,0.01,0.01,0.41
4.7110923190000005,1.37,0.01,0.02,0.42
4.7123714020000005,1.37,0.01,0.01,0.42
4.713091032,1.39,0.0,0.0,0.42
4.714238161,1.38,0.0,0.0,0.41
4.715212518,1.39,0.0,0.0,0.42
4.716215057,1.39,0.01,0.0,0.42
4.717210116,1.38,0.01,0.02,0.42
4.718209442,1.38,0.01,0.01,0.42
4.719186263,1.37,0.01,0.0,0.42
4.720286848000001,1.37,0.01,0.01,0.41
4.721086909,1.38,0.01,0.01,0.41
4.722275381,1.37,0.01,0.0,0.41
4.7231348230000005,1.38,0.01,0.0,0.41
4.725230425,1.38,0.01,0.01,0.42
4.72608938,1.38,0.0,0.01,0.41
4.727131288000001,1.38,0.01,0.01,0.42
4.728118469,1.38,0.01,0.0,0.42
4.729113349,1.37,0.01,0.0,0.41
4.73031143,1.38,0.0,0.02,0.42
4.731117563000001,1.38,0.02,0.02,0.42
4.732266612,1.38,0.02,0.02,0.41
4.7330909000000005,1.38,0.01,0.01,0.42
4.734337412,1.38,0.01,0.01,0.42
4.735089512,1.37,0.01,0.0,0.41
4.736272229,1.37,0.01,0.01,0.41
4.737160957,1.36,0.02,0.02,0.42
4.738078209,1.38,0.01,0.01,0.41
4.739377894,1.36,0.0,0.01,0.41
4.741342403,1.37,0.01,0.01,0.41
4.742084715000001,1.37,0.01,0.01,0.41
4.743209913,1.37,0.01,0.0,0.41
4.744207907000001,1.36,0.0,0.01,0.42
4.745204210000001,1.36,0.0,0.01,0.41
4.746204448,1.36,0.01,0.01,0.41
4.747114242,1.36,0.01,0.01,0.41
4.748349227,1.37,0.01,0.0,0.41
4.749092819,1.36,0.01,0.0,0.42
4.750304027,1.35,0.01,0.0,0.41
4.751091003,1.36,0.01,0.01,0.42
4.752267607,1.34,0.01,0.01,0.41
4.753130474000001,1.33,0.0,0.01,0.41
4.754295669,1.33,0.0,0.0,0.42
4.7563514950000005,1.33,0.0,0.0,0.41
4.757099645,1.34,0.01,0.01,0.42
4.75813339,1.33,0.02,0.01,0.42
4.759177914,1.33,0.01,0.01,0.41
4.760186762,1.33,0.01,0.01,0.41
4.761194991,1.31,0.01,0.0,0.41
4.762125148,1.31,0.01,0.0,0.41
4.763257322,1.31,0.01,0.01,0.41
4.764138941000001,1.31,0.0,0.0,0.42
4.765256335,1.32,0.0,0.0,0.41
4.766156641,1.31,0.01,0.0,0.41
4.767280671,1.3,0.01,0.01,0.41
4.768129482,1.3,0.0,0.01,0.42
4.7701526,1.31,0.01,0.01,0.42
4.7711984560000005,1.32,0.02,0.02,0.41
4.772337392000001,1.31,0.02,0.02,0.41
4.773104019000001,1.31,0.01,0.01,0.42
4.774352966,1.28,0.01,0.0,0.4
4.775090924000001,1.27,0.0,0.01,0.42
4.776345798,1.25,0.01,0.01,0.41
4.777081117000001,1.25,0.0,0.02,0.41
4.778340835000001,1.24,0.01,0.01,0.41
4.77908213,1.23,0.01,0.01,0.42
4.780295693,1.24,0.0,0.01,0.41
4.781081347000001,1.23,0.0,0.0,0.41
4.782284382,1.22,0.01,0.01,0.41
4.783136247000001,1.2,0.01,0.01,0.4
4.784205597000001,1.21,0.0,0.0,0.41
4.785236749,1.21,0.01,0.01,0.41
4.7873287090000005,1.21,0.01,0.01,0.42
4.788115852000001,1.2,0.01,0.0,0.41
4.789129977,1.2,0.01,0.01,0.41
4.790267251,1.18,0.01,0.01,0.41
4.791177474,1.13,0.01,0.01,0.41
4.7922157400000005,1.12,0.01,0.01,0.42
4.7932165520000005,1.1,0.01,0.0,0.41
4.794317032,1.09,0.0,0.01,0.41
4.795088762000001,1.1,0.0,0.01,0.41
4.796270933000001,1.1,0.01,0.01,0.41
4.797085238,1.09,0.02,0.02,0.42
4.798281889,1.06,0.01,0.01,0.42
4.799138786,1.05,0.0,0.01,0.41
4.800338372000001,1.06,0.01,0.01,0.41
4.802342849,1.05,0.01,0.01,0.4
4.803090264000001,1.02,0.01,0.0,0.41
4.804200839,0.99,0.01,0.0,0.41
4.805215184000001,0.99,0.01,0.0,0.42
4.806211006000001,0.98,0.0,0.0,0.42
4.807176304,0.94,0.0,0.0,0.42
4.808168743,0.91,0.0,0.0,0.41
4.809344715,0.9,0.01,0.0,0.42
4.810094718,0.89,0.01,0.01,0.42
4.811294976,0.85,0.02,0.02,0.42
4.812087803000001,0.82,0.01,0.03,0.41
4.813279733,0.82,0.0,0.0,0.41
4.8141448030000005,0.82,0.0,0.0,0.41
4.815154563,0.79,0.01,0.01,0.41
4.817341847000001,0.76,0.01,0.01,0.42
4.818097227,0.79,0.01,0.02,0.41
4.819128078,0.78,0.01,0.01,0.42
4.820124213000001,0.79,0.0,0.01,0.41
4.821305105,0.77,0.0,0.0,0.42
4.822102548,0.75,0.01,0.01,0.42
4.823331435,0.71,0.0,0.01,0.41
4.824097759000001,0.69,0.0,0.01,0.41
4.825302915,0.67,0.01,0.0,0.41
4.826094423000001,0.66,0.0,0.01,0.41
4.827146498,0.65,0.0,0.01,0.41
4.8281636830000005,0.59,0.0,0.01,0.41
4.829154367,0.57,0.01,0.01,0.41
4.830333539000001,0.5,0.01,0.01,0.4
4.832335990000001,0.46,0.01,0.01,0.42
4.8331020460000005,0.43,0.01,0.0,0.41
4.834130516,0.41,0.01,0.0,0.41
4.835143314000001,0.41,0.01,0.0,0.41
4.836332191,0.39,0.01,0.01,0.42
4.83709756,0.02,0.01,0.01,0.4
4.838324303,0.01,0.01,0.01,0.42
4.839099376,0.01,0.0,0.0,0.41
4.840308899,0.01,0.01,0.01,0.4
4.841094039000001,0.01,0.01,0.01,0.41
4.842269827,0.0,0.01,0.01,0.41
4.84313136,0.01,0.0,0.0,0.41
4.844162363000001,0.0,0.01,0.0,0.41
4.845219554000001,0.01,0.0,0.0,0.41
4.847330026000001,0.01,0.0,0.0,0.41
4.848102223000001,0.0,0.0,0.01,0.41
4.849333764000001,0.01,0.0,0.01,0.4
4.850097385000001,0.01,0.01,0.01,0.42
4.851195736,0.02,0.02,0.01,0.42
4.852201032,0.01,0.01,0.02,0.41
4.853198627,0.0,0.01,0.0,0.41
4.854116345,0.0,0.0,0.0,0.42
4.855282969,0.01,0.0,0.01,0.41
4.856144281000001,0.01,0.0,0.01,0.4
4.857290783000001,0.03,0.01,0.01,0.42
4.8580922520000005,0.01,0.01,0.02,0.42
4.8593286330000005,0.0,0.0,0.0,0.42
4.861355443,0.01,0.0,0.0,0.41
4.8620927400000005,0.0,0.01,0.0,0.41
4.863115331,0.0,0.0,0.0,0.41
4.864347072,0.0,0.0,0.01,0.41
4.865090009,0.0,0.0,0.0,0.41
4.866292645000001,0.0,0.01,0.01,0.41
4.867125435,0.01,0.0,0.0,0.42
4.868178802,0.0,0.01,0.0,0.41
4.869149148,0.0,0.0,0.01,0.42
4.870182005,0.02,0.01,0.01,0.42
4.871139616000001,0.02,0.02,0.01,0.41
4.87228816,0.01,0.01,0.01,0.42
4.8730934370000005,0.0,0.01,0.0,0.42
4.874351872,0.01,0.01,0.01,0.41
4.875093423,0.01,0.0,0.01,0.42
4.8763459650000005,0.01,0.01,0.01,0.42
4.878341456,0.01,0.01,0.01,0.42
4.879091747,0.0,0.0,0.0,0.41
4.880207197000001,0.01,0.0,0.01,0.41
4.881117572,0.01,0.0,0.01,0.41
4.882193964000001,0.01,0.01,0.01,0.42
4.8830790230000005,0.0,0.01,0.0,0.4
4.884202865000001,0.0,0.01,0.01,0.42
4.885175611,0.0,0.01,0.01,0.41
4.886083142,0.0,0.0,0.0,0.42
4.887120405,0.01,0.0,0.01,0.41
4.888148043,0.0,0.0,0.0,0.42
4.889139068,0.01,0.01,0.01,0.42
4.890318389,0.01,0.01,0.02,0.41
4.892327553,0.02,0.02,0.01,0.42
4.893111705,0.01,0.01,0.0,0.42
4.894206369,0.01,0.0,0.01,0.42
4.895154144,0.0,0.0,0.0,0.42
4.8963439630000005,0.01,0.0,0.01,0.41
4.897107232000001,0.01,0.0,0.0,0.41
4.8983269620000005,0.02,0.01,0.02,0.42
4.899105409000001,0.01,0.01,0.0,0.41
4.9001628,0.0,0.0,0.01,0.42
4.901117185,0.01,0.01,0.0,0.41
4.9022861230000006,0.0,0.0,0.01,0.42
4.903102471,0.0,0.0,0.01,0.41
4.904156593000001,0.01,0.01,0.0,0.41
4.9051923550000005,0.01,0.01,0.0,0.42
4.906146746,0.0,0.0,0.01,0.43
4.907319504,0.01,0.01,0.01,0.41
4.90932833,0.01,0.01,0.0,0.41
4.91009531,0.01,0.01,0.01,0.42
4.911280763000001,0.01,0.01,0.01,0.41
4.912086515,0.01,0.01,0.01,0.41
4.913252761000001,0.0,0.0,0.01,0.41
4.914149070000001,0.0,0.01,0.01,0.41
4.915336155,0.0,0.0,0.0,0.41
4.916123548000001,0.02,0.01,0.01,0.41
4.917298742000001,0.02,0.02,0.01,0.42
4.918081020000001,0.01,0.01,0.01,0.42
4.919239184,0.0,0.01,0.0,0.4
4.9201587380000005,0.01,0.01,0.0,0.41
4.921324286,0.01,0.01,0.01,0.41
4.923348136,0.01,0.01,0.0,0.41
4.9240877780000005,0.0,0.01,0.0,0.41
4.925166601,0.0,0.01,0.01,0.42
4.926115941,0.0,0.0,0.0,0.41
4.9271102970000005,0.01,0.01,0.01,0.42
4.928331045,0.01,0.0,0.0,0.41
4.929091277,0.01,0.01,0.01,0.41
4.930249237,0.02,0.01,0.01,0.43
4.9310866120000005,0.02,0.02,0.02,0.43
4.932301143,0.01,0.01,0.01,0.41
4.933153162,0.01,0.01,0.0,0.41
4.9341483340000005,0.0,0.0,0.01,0.41
4.935194372000001,0.0,0.0,0.01,0.42
4.936209367,0.01,0.0,0.01,0.41
4.937210258,0.01,0.01,0.01,0.41
4.938340205,0.01,0.01,0.01,0.42
4.940269365000001,0.01,0.0,0.01,0.41
4.941162970000001,0.0,0.0,0.0,0.42
4.942079385,0.01,0.0,0.0,0.42
4.943240822,0.0,0.0,0.0,0.41
4.9441228740000005,0.01,0.01,0.01,0.42
4.945133611,0.0,0.0,0.0,0.41
4.9461234890000005,0.01,0.01,0.0,0.41
4.9472928650000005,0.01,0.01,0.0,0.41
4.94812481,0.0,0.01,0.01,0.41
4.949148689,0.01,0.01,0.01,0.4
4.950339417,0.01,0.01,0.01,0.41
4.952244423000001,0.02,0.01,0.01,0.41
4.9530886800000005,0.02,0.01,0.01,0.41
4.954212342,0.01,0.01,0.0,0.42
4.955156255,0.0,0.01,0.0,0.41
4.956178614000001,0.01,0.01,0.01,0.42
4.957200043,0.01,0.02,0.01,0.41
4.958194948,0.01,0.02,0.01,0.41
4.959109103,0.0,0.0,0.0,0.42
4.960283777,0.0,0.01,0.0,0.4
4.961129243,0.01,0.01,0.01,0.41
4.962250337,0.01,0.01,0.0,0.41
4.9631199630000005,0.01,0.01,0.0,0.41
4.964297914,0.0,0.0,0.01,0.41
4.965091157000001,0.0,0.0,0.01,0.41
4.966334580000001,0.0,0.0,0.01,0.42
4.968346921,0.0,0.0,0.01,0.42
4.969090238000001,0.0,0.01,0.0,0.41
4.970208964,0.01,0.02,0.01,0.41
4.971198103,0.01,0.01,0.01,0.43
4.972199526000001,0.02,0.01,0.02,0.41
4.973198581,0.0,0.01,0.0,0.41
4.974263260000001,0.0,0.0,0.01,0.4
4.975170549,0.01,0.01,0.01,0.41
4.976310914,0.01,0.0,0.01,0.41
4.977086223000001,0.01,0.01,0.01,0.41
4.978272936000001,0.01,0.02,0.01,0.41
4.979122117,0.0,0.0,0.01,0.4
4.980158416,0.01,0.0,0.0,0.41
4.981347653,0.0,0.0,0.01,0.41
4.983340047,0.0,0.01,0.01,0.42
4.984090661000001,0.0,0.0,0.01,0.41
4.9853005050000005,0.0,0.01,0.01,0.42
4.986094662,0.01,0.0,0.01,0.41
4.9872145560000005,0.0,0.0,0.0,0.42
4.988204323000001,0.01,0.0,0.01,0.41
4.989139743,0.01,0.01,0.01,0.42
4.990318391000001,0.01,0.01,0.0,0.42
4.991094233,0.02,0.01,0.01,0.41
4.992262017000001,0.02,0.01,0.01,0.41
4.993090871000001,0.01,0.0,0.0,0.41
4.994300869,0.01,0.01,0.0,0.41
4.995170989,0.01,0.01,0.0,0.41
4.997334913,0.01,0.01,0.02,0.42
4.99809065,0.01,0.01,0.01,0.42
4.999309788000001,0.0,0.0,0.0,0.41
5.000121026,0.01,0.01,0.01,0.4
5.001279393,0.01,0.01,0.01,0.41
5.002091618000001,0.01,0.0,0.0,0.42
5.003343194,0.0,0.01,0.0,0.41
5.004083883000001,0.0,0.01,0.0,0.42
5.0052257220000005,0.0,0.01,0.01,0.41
5.006129789,0.01,0.0,0.01,0.41
5.0071380560000005,0.01,0.01,0.0,0.42
5.008111864,0.0,0.01,0.01,0.41
5.009397766,0.0,0.01,0.01,0.42
5.011355359,0.01,0.01,0.01,0.41
5.012090921,0.02,0.02,0.01,0.41
5.013127335,0.01,0.01,0.01,0.41
5.014149375000001,0.0,0.0,0.0,0.41
5.015202161,0.0,0.01,0.0,0.41
5.016198471,0.0,0.0,0.0,0.42
5.017123913000001,0.01,0.01,0.01,0.42
5.018323989000001,0.01,0.01,0.01,0.41
5.0190949400000004,0.0,0.0,0.01,0.41
5.02033705,0.0,0.0,0.01,0.41
5.021086704,0.0,0.0,0.01,0.41
5.0222757410000005,0.0,0.01,0.01,0.42
5.0230843190000005,0.0,0.01,0.0,0.41
5.024396111000001,0.0,0.0,0.0,0.42
5.0250835270000005,0.0,0.0,0.0,0.42
5.026286715,0.01,0.01,0.0,0.41
5.028338408000001,0.01,0.01,0.0,0.42
5.029090173,0.0,0.01,0.0,0.41
5.0301326180000006,0.02,0.01,0.01,0.41
5.031122474,0.01,0.01,0.01,0.42
5.032147935,0.01,0.0,0.01,0.41
5.03316267,0.01,0.01,0.01,0.41
5.034355294,0.01,0.01,0.0,0.41
5.0350981720000005,0.01,0.0,0.0,0.4
5.0362742250000005,0.02,0.01,0.0,0.42
5.037118074,0.02,0.02,0.01,0.41
5.038252863,0.02,0.01,0.01,0.42
5.039148920000001,0.01,0.01,0.0,0.4
5.040166643,0.01,0.0,0.0,0.41
5.041265367,0.0,0.01,0.0,0.41
5.043339545,0.0,0.01,0.0,0.41
5.044095681,0.0,0.0,0.0,0.4
5.045131835,0.0,0.0,0.0,0.41
5.046270385000001,0.0,0.01,0.01,0.41
5.047168782,0.0,0.01,0.01,0.41
5.04816481,0.01,0.0,0.01,0.42
5.0493328570000005,0.01,0.01,0.0,0.42
5.050087373,0.01,0.01,0.02,0.42
5.0513002270000005,0.02,0.02,0.02,0.42
5.052131859,0.02,0.01,0.01,0.41
5.053243748000001,0.01,0.01,0.01,0.41
5.054165674,0.01,0.01,0.0,0.42
5.055237497,0.0,0.01,0.0,0.42
5.056166124000001,0.01,0.0,0.01,0.41
5.057114898,0.02,0.01,0.01,0.41
5.0584044310000005,0.0,0.01,0.01,0.41
5.060240512,0.01,0.01,0.01,0.42
5.061114896,0.01,0.0,0.01,0.42
5.062112636,0.01,0.01,0.01,0.42
5.063204197,0.0,0.0,0.0,0.41
5.064220026,0.01,0.01,0.01,0.41
5.0651191650000005,0.0,0.0,0.0,0.42
5.066247368,0.01,0.01,0.01,0.41
5.067173378000001,0.0,0.01,0.01,0.41
5.068146691,0.01,0.01,0.01,0.41
5.069277814,0.01,0.01,0.01,0.42
5.070085339,0.01,0.01,0.01,0.42
5.0713435790000005,0.01,0.01,0.01,0.42
5.073355928000001,0.01,0.01,0.01,0.42
5.074087407,0.0,0.0,0.01,0.42
5.075193873,0.01,0.0,0.0,0.41
5.0761951860000005,0.01,0.01,0.01,0.41
5.077113783000001,0.01,0.01,0.01,0.42
5.0783507310000005,0.01,0.01,0.01,0.42
5.07909188,0.01,0.0,0.01,0.42
5.080345046000001,0.01,0.01,0.01,0.41
5.081089700000001,0.0,0.01,0.01,0.41
5.082293653000001,0.0,0.0,0.0,0.41
5.083131155,0.01,0.0,0.0,0.41
5.084284503,0.01,0.0,0.01,0.4
5.085109328000001,0.01,0.0,0.0,0.41
5.086244194000001,0.0,0.01,0.0,0.41
5.088339408,0.01,0.01,0.0,0.42
5.089095621,0.0,0.01,0.0,0.41
5.090205807,0.01,0.01,0.01,0.41
5.091208069,0.02,0.02,0.01,0.41
5.092209289,0.02,0.02,0.02,0.41
5.093198153,0.0,0.0,0.0,0.41
5.094122217000001,0.01,0.01,0.0,0.43
5.095335848,0.0,0.01,0.01,0.41
5.096104092,0.01,0.01,0.01,0.41
5.09728414,0.01,0.01,0.01,0.42
5.09811891,0.01,0.01,0.01,0.41
5.099279328000001,0.0,0.0,0.0,0.41
5.100086207,0.01,0.01,0.01,0.42
5.101433146000001,0.0,0.01,0.01,0.41
5.103329826,0.01,0.0,0.0,0.41
5.104097516,0.01,0.0,0.0,0.41
5.105215236,0.0,0.01,0.0,0.41
5.106074345000001,0.01,0.01,0.01,0.41
5.107111880000001,0.0,0.01,0.0,0.42
5.108190984,0.01,0.01,0.0,0.42
5.109209322,0.01,0.01,0.0,0.41
5.110118012,0.0,0.01,0.0,0.41
5.111336094,0.01,0.01,0.01,0.41
5.112094017,0.0,0.01,0.01,0.42
5.113269816000001,0.0,0.0,0.0,0.41
5.114088266,0.0,0.0,0.01,0.42
5.115257141000001,0.01,0.0,0.0,0.41
5.117340998,0.01,0.01,0.01,0.41
5.118113117,0.01,0.01,0.01,0.41
5.11912866,0.01,0.01,0.01,0.42
5.120220289000001,0.01,0.01,0.0,0.41
5.121202653,0.01,0.01,0.01,0.42
5.122209077,0.01,0.01,0.0,0.41
5.123209608000001,0.0,0.0,0.0,0.42
5.124128005,0.01,0.0,0.0,0.41
5.125323310000001,0.01,0.0,0.0,0.41
5.1260909560000005,0.01,0.0,0.01,0.42
5.127116,0.0,0.01,0.01,0.41
5.128154246,0.0,0.0,0.0,0.4
5.1291169320000005,0.01,0.01,0.01,0.42
5.130255147000001,0.02,0.02,0.02,0.42
5.131269242,0.02,0.02,0.02,0.41
5.133372745,0.02,0.01,0.01,0.42
5.134101533,0.0,0.0,0.01,0.41
5.135267828,0.01,0.01,0.01,0.41
5.136091224,0.01,0.01,0.01,0.41
5.137246935,0.01,0.01,0.02,0.41
5.138151339,0.02,0.01,0.01,0.41
5.1393154,0.01,0.01,0.0,0.42
5.140084741,0.01,0.01,0.01,0.41
5.1413362970000005,0.0,0.0,0.0,0.42
5.142108726,0.0,0.01,0.01,0.41
5.143264075,0.0,0.0,0.0,0.42
5.144076722,0.0,0.01,0.0,0.41
5.145347547,0.0,0.0,0.0,0.41
5.146082318,0.0,0.01,0.01,0.41
5.1473456980000005,0.01,0.01,0.0,0.41
5.149341024,0.01,0.0,0.0,0.41
5.150087192,0.01,0.01,0.01,0.42
5.151216189,0.01,0.02,0.01,0.41
5.152203114000001,0.01,0.01,0.02,0.42
5.1531990400000005,0.01,0.01,0.0,0.42
5.1541340700000005,0.0,0.01,0.0,0.41
5.1553356610000005,0.01,0.0,0.01,0.42
5.1560940760000005,0.01,0.01,0.01,0.4
5.157343593,0.01,0.01,0.01,0.42
5.158085263,0.0,0.01,0.01,0.41
5.159254273,0.01,0.0,0.0,0.41
5.160152118,0.0,0.01,0.0,0.41
5.1613797,0.01,0.01,0.01,0.41
5.162081491,0.0,0.0,0.0,0.41
5.163352134,0.0,0.0,0.0,0.41
5.165347467,0.0,0.01,0.01,0.41
5.166081171,0.01,0.01,0.0,0.41
5.167334644,0.01,0.01,0.0,0.41
5.1680837760000005,0.01,0.01,0.0,0.42
5.169229512,0.0,0.01,0.01,0.41
5.170109908000001,0.01,0.02,0.02,0.41
5.171427486000001,0.02,0.02,0.02,0.41
5.172089226000001,0.02,0.02,0.01,0.4
5.17324123,0.01,0.01,0.0,0.41
5.174129137,0.0,0.01,0.01,0.41
5.175256977,0.01,0.01,0.0,0.41
5.176158946,0.01,0.01,0.0,0.43
5.17732476,0.01,0.01,0.01,0.4
5.179343,0.02,0.01,0.01,0.41
5.180110978,0.0,0.01,0.0,0.41
5.181124229,0.01,0.01,0.01,0.42
5.18220261,0.01,0.0,0.0,0.41
5.183109437000001,0.0,0.01,0.0,0.41
5.184328001,0.0,0.01,0.0,0.42
5.1850873470000005,0.0,0.0,0.0,0.42
5.18632393,0.0,0.01,0.01,0.41
5.187086741,0.0,0.01,0.01,0.41
5.188335813,0.0,0.0,0.0,0.42
5.189110794,0.01,0.01,0.01,0.41
5.190136239,0.01,0.01,0.02,0.43
5.1911895050000005,0.01,0.0,0.01,0.43
5.193337706,0.02,0.01,0.01,0.41
5.1940929680000005,0.01,0.01,0.01,0.41
5.19520916,0.01,0.01,0.0,0.41
5.196122412,0.01,0.01,0.02,0.41
5.197334967000001,0.01,0.01,0.0,0.42
5.198090816000001,0.01,0.01,0.01,0.41
5.199311036,0.0,0.0,0.0,0.41
5.200118311000001,0.01,0.0,0.01,0.41
5.201151082,0.0,0.01,0.01,0.41
5.202260765,0.01,0.01,0.0,0.42
5.2031427070000005,0.0,0.01,0.0,0.42
5.204326667,0.0,0.0,0.01,0.41
5.205088901000001,0.0,0.0,0.0,0.42
5.2062852280000005,0.01,0.0,0.0,0.41
5.208359295,0.0,0.01,0.0,0.41
5.2090904280000005,0.01,0.01,0.0,0.42
5.2101015230000005,0.01,0.01,0.0,0.42
5.211255662,0.01,0.02,0.02,0.4
5.212159171000001,0.01,0.02,0.02,0.42
5.2132180130000005,0.0,0.0,0.0,0.42
5.2142165380000005,0.01,0.0,0.0,0.42
5.215205527,0.0,0.01,0.0,0.42
5.216268632,0.01,0.01,0.01,0.4
5.217091813000001,0.02,0.01,0.01,0.42
5.2182954960000005,0.01,0.01,0.02,0.41
5.219154743000001,0.01,0.01,0.0,0.4
5.220287252,0.01,0.0,0.01,0.41
5.22108912,0.0,0.01,0.0,0.41
5.222335752,0.01,0.01,0.0,0.42
5.224342858,0.0,0.0,0.01,0.42
5.225093609,0.01,0.0,0.0,0.42
5.2262092330000005,0.01,0.01,0.0,0.42
5.227157586000001,0.01,0.02,0.01,0.42
5.2282080760000005,0.01,0.01,0.01,0.41
5.229205574000001,0.01,0.01,0.01,0.42
5.230206131,0.01,0.01,0.01,0.41
5.231338346,0.01,0.01,0.01,0.41
5.232095038000001,0.02,0.01,0.01,0.42
5.233389419000001,0.01,0.01,0.01,0.41
5.234084009,0.01,0.01,0.0,0.41
5.235246777,0.01,0.01,0.0,0.42
5.236128376,0.0,0.01,0.01,0.42
5.23735057,0.01,0.01,0.02,0.42
5.239344066,0.01,0.01,0.0,0.41
5.240087862,0.01,0.0,0.01,0.42
5.2411667070000005,0.01,0.01,0.01,0.41
5.242119401,0.0,0.01,0.01,0.41
5.243285675,0.0,0.01,0.01,0.41
5.2440897490000005,0.0,0.0,0.0,0.42
5.245199786000001,0.0,0.0,0.0,0.41
5.2461421040000005,0.0,0.0,0.01,0.41
5.247145721000001,0.01,0.0,0.01,0.41
5.2481421710000005,0.0,0.01,0.0,0.41
5.249268039,0.01,0.01,0.01,0.42
5.250119722,0.02,0.01,0.01,0.42
5.2511235450000004,0.02,0.02,0.02,0.42
5.252317475,0.01,0.01,0.01,0.41
5.2542706070000005,0.0,0.01,0.01,0.41
5.255129442,0.0,0.0,0.01,0.41
5.256201828,0.01,0.01,0.0,0.41
5.257145649,0.01,0.0,0.01,0.42
5.258325053,0.01,0.01,0.01,0.42
5.259098024,0.0,0.0,0.0,0.41
5.260294775,0.01,0.0,0.0,0.42
5.2611160130000005,0.01,0.01,0.01,0.41
5.2621819830000005,0.01,0.01,0.01,0.42
5.263157811,0.0,0.0,0.01,0.41
5.264145237,0.01,0.0,0.0,0.41
5.265117309000001,0.01,0.0,0.01,0.41
5.266355927,0.01,0.0,0.01,0.41
5.268329936000001,0.01,0.01,0.0,0.41
5.269105199,0.0,0.01,0.01,0.41
5.270208054,0.01,0.0,0.0,0.41
5.271115344,0.02,0.01,0.02,0.41
5.27233792,0.01,0.01,0.01,0.42
5.2730946880000005,0.0,0.01,0.01,0.42
5.2742956340000005,0.0,0.01,0.0,0.41
5.275136489,0.01,0.01,0.01,0.41
5.276208756,0.02,0.01,0.0,0.42
5.2771166570000005,0.01,0.02,0.01,0.42
5.278295766,0.01,0.01,0.01,0.42
5.279095637,0.0,0.0,0.0,0.41
5.280283149000001,0.01,0.01,0.0,0.41
5.2811261410000006,0.01,0.01,0.01,0.41
5.282252091,0.0,0.01,0.0,0.41
5.284327221000001,0.0,0.01,0.0,0.41
5.285116037000001,0.0,0.01,0.0,0.42
5.2861787620000005,0.0,0.01,0.0,0.41
5.287117762,0.01,0.0,0.01,0.41
5.288201717000001,0.01,0.0,0.01,0.41
5.289199698,0.01,0.01,0.01,0.42
5.290203206,0.01,0.02,0.01,0.41
5.291376125,0.02,0.01,0.02,0.41
5.292096343000001,0.01,0.02,0.02,0.41
5.293303886,0.01,0.0,0.01,0.41
5.294123709,0.01,0.0,0.01,0.4
5.295291762000001,0.0,0.01,0.0,0.41
5.2973373630000005,0.01,0.01,0.01,0.41
5.2980870730000005,0.01,0.01,0.01,0.42
5.299211556,0.0,0.01,0.0,0.41
5.300108407000001,0.01,0.01,0.01,0.4
5.301203891,0.0,0.01,0.01,0.41
5.3021985140000005,0.0,0.0,0.0,0.42
5.303172139,0.0,0.01,0.0,0.41
5.304171344,0.0,0.0,0.0,0.41
5.305335231,0.0,0.0,0.01,0.41
5.306093002,0.01,0.0,0.01,0.41
5.307338144,0.01,0.0,0.01,0.41
5.308083488,0.01,0.0,0.01,0.41
5.309260377,0.01,0.01,0.0,0.42
5.310159525,0.01,0.01,0.01,0.42
5.312314518,0.01,0.01,0.01,0.42
5.313095227000001,0.0,0.01,0.01,0.41
5.314130952,0.0,0.0,0.01,0.42
5.315128471,0.0,0.0,0.01,0.41
5.316207557,0.01,0.0,0.01,0.42
5.3172037340000005,0.01,0.01,0.01,0.41
5.318130087,0.01,0.01,0.01,0.41
5.319311539,0.0,0.0,0.0,0.41
5.320094958,0.0,0.01,0.0,0.41
5.321334191,0.0,0.01,0.0,0.41
5.322097377,0.0,0.01,0.01,0.41
5.3231609230000005,0.0,0.01,0.0,0.41
5.324119721000001,0.0,0.01,0.01,0.42
5.325258917,0.0,0.0,0.0,0.41
5.327373125,0.01,0.01,0.0,0.42
5.328102856,0.0,0.01,0.01,0.41
5.329127684,0.0,0.01,0.01,0.41
5.330201792,0.02,0.01,0.01,0.41
5.331191576,0.02,0.02,0.01,0.41
5.332190890000001,0.03,0.02,0.01,0.41
5.333195255000001,0.01,0.0,0.01,0.41
5.334151143000001,0.0,0.01,0.0,0.4
5.335311653000001,0.0,0.01,0.0,0.41
5.336101685,0.01,0.02,0.01,0.4
5.337330605,0.02,0.01,0.01,0.41
5.338104297,0.01,0.01,0.01,0.42
5.339289952000001,0.0,0.01,0.01,0.41
5.340097688,0.0,0.01,0.0,0.41
5.341302189,0.01,0.01,0.01,0.42
5.343339866,0.0,0.01,0.0,0.41
5.344099947,0.01,0.0,0.0,0.42
5.345136903,0.01,0.0,0.0,0.42
5.346270147,0.01,0.01,0.01,0.41
5.347151514,0.0,0.0,0.01,0.42
5.348266104,0.0,0.01,0.01,0.41
5.349166758,0.0,0.01,0.01,0.41
5.350274898,0.01,0.01,0.02,0.42
5.351156556,0.02,0.02,0.02,0.42
5.352161515000001,0.02,0.01,0.02,0.43
5.353142222000001,0.01,0.0,0.01,0.41
5.354143945000001,0.0,0.01,0.0,0.42
5.355301312,0.0,0.0,0.01,0.41
5.356087949,0.01,0.0,0.0,0.41
5.357317784,0.01,0.01,0.01,0.4
5.359340716,0.01,0.02,0.01,0.41
5.360092626,0.01,0.01,0.01,0.41
5.3612127670000005,0.01,0.01,0.01,0.42
5.362203699,0.01,0.0,0.01,0.42
5.363199865,0.0,0.01,0.0,0.41
5.364113984,0.0,0.01,0.0,0.41
5.365329879,0.0,0.0,0.0,0.41
5.366100351,0.01,0.01,0.0,0.41
5.367266227,0.01,0.0,0.0,0.41
5.368091637,0.02,0.01,0.0,0.41
5.369283542000001,0.01,0.01,0.01,0.42
5.370127448000001,0.01,0.01,0.02,0.42
5.371284695,0.01,0.01,0.01,0.42
5.373341633,0.01,0.01,0.01,0.42
5.374096668,0.0,0.01,0.0,0.42
5.3751196640000005,0.0,0.0,0.0,0.42
5.376321137000001,0.01,0.01,0.0,0.4
5.377126777,0.01,0.01,0.0,0.42
5.378350925,0.02,0.01,0.01,0.42
5.379084382,0.01,0.01,0.01,0.42
5.3803264770000006,0.0,0.0,0.0,0.41
5.381082607000001,0.0,0.0,0.0,0.41
5.382214976,0.01,0.01,0.01,0.41
5.383151687000001,0.0,0.0,0.0,0.41
5.384108370000001,0.01,0.0,0.0,0.41
5.385261941,0.0,0.0,0.0,0.42
5.386089914,0.0,0.01,0.01,0.41
5.387374251000001,0.01,0.01,0.01,0.41
5.389346582,0.01,0.0,0.0,0.41
5.390086650000001,0.0,0.02,0.01,0.42
5.391224764,0.01,0.01,0.02,0.42
5.392215855000001,0.02,0.02,0.01,0.41
5.393205981,0.01,0.0,0.01,0.41
5.394204520000001,0.01,0.01,0.01,0.41
5.395340934,0.01,0.0,0.01,0.42
5.396090512000001,0.0,0.01,0.01,0.41
5.397340439000001,0.01,0.01,0.01,0.42
5.398086699,0.01,0.01,0.01,0.41
5.399268939000001,0.0,0.01,0.0,0.41
5.4001626830000005,0.0,0.01,0.01,0.41
5.401114616,0.01,0.01,0.0,0.41
5.402296922000001,0.0,0.0,0.0,0.42
5.4043378010000005,0.0,0.0,0.0,0.42
5.40511441,0.01,0.0,0.0,0.41
5.406126,0.0,0.0,0.0,0.42
5.407322201,0.0,0.0,0.01,0.41
5.4081229760000005,0.0,0.01,0.01,0.41
5.409338918,0.01,0.0,0.01,0.41
5.410093475,0.01,0.01,0.01,0.42
5.411327385000001,0.0,0.01,0.01,0.41
5.412095994,0.01,0.01,0.01,0.42
5.413347014,0.01,0.01,0.0,0.41
5.414079814,0.0,0.01,0.01,0.42
5.415233912000001,0.01,0.0,0.0,0.42
5.416158431,0.01,0.01,0.01,0.4
5.417145242,0.01,0.02,0.02,0.41
5.418123067000001,0.02,0.01,0.02,0.42
5.419342377,0.0,0.01,0.0,0.41
5.421343083,0.01,0.0,0.0,0.41
5.422115093,0.0,0.0,0.0,0.41
5.423200539000001,0.0,0.01,0.0,0.41
5.424224562,0.01,0.0,0.0,0.42
5.425210312,0.0,0.0,0.01,0.41
5.426210098,0.01,0.01,0.01,0.41
5.427105957,0.01,0.01,0.0,0.41
5.428304622000001,0.0,0.01,0.0,0.42
5.429087378,0.01,0.01,0.01,0.4
5.430249272,0.02,0.02,0.01,0.41
5.431119755,0.02,0.02,0.01,0.41
5.432312521,0.01,0.01,0.01,0.41
5.433136785,0.01,0.0,0.0,0.42
5.434236457,0.01,0.0,0.01,0.4
5.436338152,0.02,0.01,0.01,0.41
5.437087915,0.01,0.01,0.01,0.41
5.4381213200000005,0.0,0.01,0.01,0.41
5.439112105,0.0,0.0,0.0,0.41
5.440246716000001,0.0,0.0,0.01,0.41
5.441172942000001,0.01,0.01,0.01,0.41
5.442190483,0.01,0.01,0.01,0.4
5.443181992,0.0,0.0,0.01,0.42
5.444120896,0.01,0.0,0.0,0.41
5.445111353000001,0.01,0.01,0.0,0.42
5.446248388000001,0.0,0.01,0.01,0.4
5.447135587,0.01,0.0,0.01,0.41
5.448129473000001,0.0,0.0,0.0,0.42
5.4491200300000004,0.01,0.02,0.01,0.41
5.450249336000001,0.01,0.01,0.01,0.42
5.452269474,0.01,0.01,0.01,0.42
5.4531366750000005,0.0,0.01,0.01,0.41
5.454151144000001,0.0,0.0,0.0,0.43
5.4552018360000005,0.0,0.01,0.0,0.41
5.456082803,0.0,0.01,0.01,0.41
5.457329521,0.01,0.02,0.02,0.41
5.458097704,0.01,0.01,0.01,0.41
5.459186768,0.0,0.0,0.0,0.41
5.460137416,0.0,0.0,0.0,0.41
5.461122711000001,0.0,0.0,0.0,0.41
5.46231323,0.0,0.0,0.0,0.42
5.464260962,0.0,0.0,0.0,0.41
5.4651420900000005,0.0,0.0,0.0,0.41
5.466206943,0.0,0.0,0.0,0.42
5.467205258,0.01,0.0,0.01,0.41
5.468118254,0.01,0.0,0.0,0.42
5.469135018,0.01,0.0,0.01,0.42
5.470115381,0.01,0.01,0.01,0.41
5.471262613,0.02,0.01,0.01,0.4
5.472144428,0.01,0.01,0.01,0.41
5.473157605,0.01,0.01,0.01,0.41
5.474282234,0.01,0.01,0.01,0.41
5.475130029000001,0.0,0.0,0.0,0.42
5.476150509,0.01,0.01,0.01,0.42
5.477130584,0.01,0.01,0.01,0.42
5.478216264,0.0,0.01,0.0,0.41
5.480361952,0.01,0.01,0.01,0.41
5.481095143,0.01,0.01,0.01,0.41
5.4823098550000005,0.01,0.01,0.01,0.42
5.483092221000001,0.01,0.0,0.0,0.42
5.484213186000001,0.0,0.0,0.01,0.41
5.485118911000001,0.01,0.0,0.01,0.42
5.486323626,0.01,0.0,0.0,0.42
5.487095097,0.0,0.01,0.01,0.42
5.488253353,0.0,0.01,0.0,0.4
5.489084426000001,0.01,0.01,0.01,0.41
5.490247302,0.01,0.01,0.01,0.42
5.491128152,0.01,0.01,0.01,0.42
5.4923451100000005,0.01,0.01,0.01,0.42
5.493088507,0.0,0.0,0.01,0.4
5.494345104000001,0.01,0.01,0.01,0.41
5.496352777,0.0,0.01,0.0,0.43
5.497086738,0.01,0.0,0.0,0.41
5.498213278000001,0.02,0.01,0.01,0.41
5.4991210740000005,0.01,0.0,0.0,0.42
5.5002516660000005,0.0,0.0,0.0,0.41
5.501121009,0.0,0.0,0.0,0.41
5.502134088,0.0,0.0,0.0,0.42
5.503247745,0.0,0.0,0.0,0.42
5.504128545,0.0,0.0,0.0,0.41
5.505149579,0.0,0.0,0.0,0.42
5.506110267,0.01,0.01,0.0,0.42
5.507323931,0.01,0.01,0.0,0.41
5.509343070000001,0.01,0.0,0.0,0.42
5.510096754,0.02,0.01,0.01,0.41
5.511212035000001,0.01,0.01,0.01,0.41
5.5121260030000006,0.01,0.01,0.01,0.42
5.513209538,0.01,0.0,0.01,0.43
5.514206440000001,0.02,0.01,0.0,0.41
5.5151947770000005,0.0,0.0,0.0,0.41
5.516204476,0.01,0.01,0.01,0.42
5.517343404,0.02,0.02,0.01,0.42
5.518095102,0.01,0.01,0.02,0.42
5.519296559000001,0.0,0.01,0.01,0.42
5.52012088,0.01,0.01,0.01,0.41
5.521298209,0.01,0.01,0.0,0.41
5.5221211210000005,0.01,0.01,0.0,0.42
5.523306492000001,0.0,0.0,0.01,0.41
5.525342386,0.01,0.0,0.0,0.41
5.526098234,0.01,0.0,0.02,0.41
5.527203228,0.01,0.02,0.0,0.41
5.528195833000001,0.01,0.01,0.01,0.42
5.529192463,0.0,0.01,0.01,0.42
5.530118691,0.01,0.01,0.01,0.41
5.5313684830000005,0.01,0.01,0.01,0.42
5.532101832,0.01,0.01,0.01,0.41
5.533329564000001,0.01,0.01,0.0,0.41
5.534096013,0.01,0.01,0.0,0.41
5.53527062,0.0,0.0,0.01,0.41
5.536155632000001,0.01,0.0,0.01,0.42
5.5373179960000005,0.01,0.01,0.01,0.41
5.539449512,0.01,0.01,0.01,0.41
5.540093895,0.0,0.0,0.01,0.42
5.54132578,0.01,0.01,0.01,0.41
5.542092726,0.01,0.01,0.01,0.42
5.543341346,0.01,0.0,0.0,0.42
5.544086783,0.0,0.01,0.01,0.42
5.545133669,0.01,0.01,0.01,0.42
5.546345668000001,0.0,0.0,0.01,0.41
5.547089215000001,0.01,0.0,0.0,0.41
5.5482152330000005,0.01,0.0,0.0,0.41
5.549118651000001,0.01,0.0,0.01,0.42
5.550281587000001,0.01,0.01,0.01,0.42
5.551086528,0.01,0.01,0.01,0.42
5.552287444,0.01,0.01,0.01,0.41
5.55313162,0.01,0.01,0.0,0.42
5.554203858,0.01,0.0,0.0,0.42
5.5562585680000005,0.01,0.01,0.01,0.4
5.5571245000000005,0.01,0.01,0.01,0.42
5.558132627,0.01,0.02,0.01,0.41
5.559201874,0.0,0.0,0.01,0.41
5.560144228,0.0,0.01,0.0,0.41
5.5612542760000006,0.0,0.01,0.0,0.4
5.562100315,0.0,0.01,0.0,0.41
5.563127580000001,0.01,0.01,0.01,0.4
5.5641617860000006,0.01,0.0,0.0,0.41
5.565144579,0.0,0.0,0.0,0.41
5.566284745,0.01,0.0,0.0,0.42
5.56712568,0.01,0.0,0.01,0.41
5.568203765000001,0.01,0.01,0.01,0.42
5.569208571000001,0.02,0.01,0.01,0.42
5.571293926,0.01,0.01,0.01,0.42
5.572138693,0.01,0.01,0.01,0.41
5.573348569,0.01,0.0,0.0,0.42
5.574095847000001,0.0,0.0,0.0,0.42
5.575320952,0.0,0.0,0.01,0.41
5.576114495000001,0.0,0.01,0.01,0.41
5.577346494,0.01,0.01,0.01,0.41
5.578085912000001,0.01,0.01,0.01,0.41
5.5793079830000005,0.0,0.0,0.0,0.41
5.580140117,0.01,0.01,0.01,0.41
5.581276846000001,0.01,0.01,0.01,0.41
5.582087835,0.0,0.0,0.0,0.41
5.583265527,0.0,0.01,0.0,0.41
5.584208477000001,0.01,0.0,0.0,0.41
5.586242587,0.0,0.0,0.0,0.41
5.587084809,0.01,0.01,0.0,0.41
5.588341036,0.01,0.0,0.0,0.42
5.589081041,0.0,0.01,0.01,0.42
5.59035568,0.01,0.01,0.01,0.4
5.591107314,0.01,0.01,0.02,0.41
5.592112495,0.01,0.01,0.02,0.42
5.593101160000001,0.01,0.0,0.0,0.41
5.594276121,0.01,0.01,0.0,0.42
5.595120956000001,0.0,0.01,0.0,0.41
5.596110137,0.01,0.01,0.01,0.42
5.597332383,0.01,0.01,0.02,0.42
5.598075819,0.01,0.01,0.01,0.42
5.599357519000001,0.01,0.0,0.0,0.41
5.601342896,0.01,0.0,0.0,0.41
5.602084166,0.0,0.0,0.0,0.41
5.603229163,0.0,0.0,0.0,0.42
5.6041101950000005,0.0,0.01,0.0,0.41
5.605354296000001,0.01,0.0,0.0,0.42
5.606085732,0.0,0.01,0.01,0.4
5.60724951,0.01,0.01,0.01,0.41
5.608085806,0.01,0.0,0.01,0.42
5.609287383000001,0.01,0.01,0.01,0.42
5.610125635,0.01,0.01,0.01,0.41
5.611112608,0.02,0.01,0.02,0.41
5.612112177,0.01,0.01,0.01,0.41
5.613349159,0.01,0.0,0.01,0.42
5.615353751000001,0.01,0.01,0.0,0.41
5.6160922520000005,0.01,0.01,0.01,0.41
5.617202115,0.01,0.01,0.01,0.42
5.618120335,0.01,0.01,0.01,0.41
5.6191991980000005,0.0,0.0,0.0,0.41
5.620122018,0.01,0.0,0.01,0.42
5.621195804,0.01,0.0,0.01,0.42
5.62220355,0.0,0.01,0.01,0.41
5.62311722,0.0,0.0,0.0,0.42
5.624312364000001,0.0,0.0,0.0,0.41
5.62510084,0.0,0.0,0.0,0.42
5.626273595000001,0.0,0.0,0.0,0.41
5.627151865,0.01,0.01,0.01,0.41
5.628348848000001,0.01,0.0,0.01,0.41
5.63026022,0.0,0.01,0.01,0.42
5.631088218,0.01,0.01,0.02,0.42
5.632197316,0.01,0.0,0.01,0.42
5.633214297,0.01,0.0,0.0,0.42
5.634201493,0.0,0.0,0.01,0.41
5.635114605,0.01,0.0,0.0,0.41
5.6363447760000005,0.01,0.01,0.02,0.41
5.637095597,0.02,0.02,0.01,0.43
5.638257864000001,0.01,0.02,0.01,0.42
5.639094473,0.01,0.0,0.0,0.41
5.640278505,0.01,0.0,0.0,0.41
5.6411524470000005,0.0,0.0,0.01,0.42
5.6421496300000005,0.02,0.0,0.0,0.42
5.643336232,0.0,0.0,0.0,0.42
5.645347184,0.01,0.0,0.0,0.41
5.6460895540000005,0.01,0.0,0.01,0.4
5.647336534,0.01,0.01,0.0,0.42
5.648083828000001,0.01,0.01,0.0,0.41
5.649247636,0.01,0.0,0.01,0.42
5.65014234,0.02,0.01,0.01,0.41
5.651237318000001,0.02,0.02,0.02,0.41
5.652169646,0.02,0.02,0.02,0.42
5.65321125,0.0,0.01,0.0,0.42
5.6541110020000005,0.01,0.0,0.01,0.41
5.655242602,0.0,0.01,0.0,0.41
5.6561323980000004,0.0,0.01,0.0,0.42
5.6571059130000005,0.02,0.01,0.01,0.41
5.658144398,0.01,0.01,0.01,0.41
5.659202286,0.01,0.01,0.0,0.42
5.660115800000001,0.01,0.01,0.01,0.41
5.66133062,0.01,0.01,0.0,0.42
5.663313899,0.01,0.0,0.0,0.41
5.664118779000001,0.0,0.0,0.0,0.42
5.6651744740000005,0.0,0.01,0.0,0.42
5.666220946,0.0,0.02,0.01,0.42
5.667123774,0.02,0.01,0.0,0.42
5.668258575,0.01,0.01,0.01,0.41
5.6690918880000005,0.01,0.01,0.0,0.41
5.670268913,0.02,0.0,0.0,0.42
5.671122343,0.01,0.01,0.01,0.4
5.672138830000001,0.01,0.0,0.0,0.42
5.673164044,0.0,0.0,0.0,0.41
5.675341316,0.01,0.0,0.0,0.42
5.6760951440000005,0.02,0.02,0.01,0.42
5.677200508,0.02,0.01,0.01,0.41
5.67819388,0.0,0.01,0.01,0.42
5.6791931170000005,0.0,0.0,0.0,0.41
5.680203717,0.01,0.0,0.01,0.41
5.681118069,0.0,0.01,0.01,0.41
5.682336268,0.0,0.01,0.01,0.41
5.683097289,0.0,0.0,0.0,0.41
5.6844171470000004,0.0,0.0,0.01,0.41
5.685095826,0.01,0.01,0.0,0.41
5.686123001,0.0,0.0,0.0,0.41
5.687232579000001,0.0,0.01,0.0,0.41
5.688125296,0.01,0.01,0.0,0.42
5.689359327,0.01,0.01,0.01,0.43
5.691178823,0.02,0.02,0.02,0.42
5.6921125130000005,0.02,0.02,0.01,0.42
5.693214957,0.0,0.0,0.0,0.41
5.694215627,0.0,0.0,0.01,0.41
5.6952053540000005,0.0,0.0,0.0,0.42
5.696122658,0.02,0.0,0.01,0.41
5.69711291,0.01,0.01,0.01,0.42
5.698335102000001,0.01,0.01,0.01,0.41
5.6990950090000005,0.01,0.0,0.0,0.41
5.700218463000001,0.01,0.0,0.0,0.41
5.701115158,0.01,0.01,0.0,0.41
5.70230774,0.0,0.01,0.0,0.41
5.70309325,0.0,0.0,0.0,0.42
5.704375917,0.01,0.0,0.01,0.42
5.706336832000001,0.0,0.01,0.01,0.42
5.70710358,0.0,0.01,0.01,0.41
5.708165931,0.0,0.01,0.01,0.41
5.7091263880000005,0.01,0.0,0.01,0.41
5.710188649,0.01,0.01,0.01,0.42
5.711190621,0.02,0.01,0.01,0.41
5.712196066000001,0.01,0.01,0.01,0.41
5.713189301000001,0.01,0.0,0.0,0.41
5.714189253000001,0.01,0.0,0.01,0.41
5.715333514,0.01,0.0,0.01,0.41
5.716105597,0.0,0.01,0.01,0.42
5.717138415,0.01,0.01,0.01,0.42
5.7182872840000005,0.01,0.01,0.0,0.42
5.719137857000001,0.01,0.01,0.01,0.42
5.72023942,0.0,0.0,0.0,0.41
5.722339109,0.0,0.01,0.0,0.41
5.723097208,0.01,0.0,0.0,0.41
5.724198121000001,0.0,0.0,0.0,0.43
5.7252058120000004,0.0,0.01,0.0,0.41
5.726199810000001,0.0,0.0,0.0,0.42
5.727111452,0.0,0.01,0.0,0.41
5.728331988000001,0.0,0.01,0.0,0.42
5.7290938890000005,0.01,0.01,0.01,0.41
5.730268814,0.01,0.0,0.01,0.42
5.731135818,0.01,0.01,0.02,0.42
5.732148817000001,0.0,0.0,0.0,0.41
5.7332813520000006,0.0,0.01,0.01,0.42
5.734095906,0.01,0.0,0.0,0.42
5.735253439,0.01,0.01,0.01,0.41
5.736171953,0.0,0.01,0.01,0.42
5.737342904,0.02,0.01,0.01,0.42
5.739246772,0.0,0.0,0.0,0.41
5.740090418,0.01,0.01,0.0,0.41
5.741161246000001,0.01,0.01,0.0,0.41
5.742214317,0.01,0.01,0.0,0.41
5.743212797,0.01,0.0,0.0,0.42
5.7442024510000005,0.0,0.0,0.0,0.41
5.745201998000001,0.01,0.0,0.0,0.41
5.746130265000001,0.01,0.01,0.01,0.42
5.7472560040000005,0.01,0.01,0.01,0.41
5.74813975,0.01,0.01,0.0,0.42
5.749153973,0.01,0.01,0.01,0.42
5.750208582,0.02,0.01,0.01,0.41
5.751203006000001,0.01,0.02,0.02,0.41
5.7533325390000005,0.01,0.01,0.0,0.42
5.754105163,0.0,0.01,0.0,0.42
5.755174361000001,0.0,0.01,0.0,0.41
5.756199560000001,0.01,0.01,0.02,0.41
5.757150070000001,0.01,0.01,0.01,0.41
5.758312193,0.01,0.01,0.01,0.41
5.7591049750000005,0.0,0.0,0.0,0.41
5.760263718,0.01,0.01,0.01,0.41
5.761130037,0.0,0.01,0.0,0.41
5.762269257000001,0.01,0.0,0.01,0.41
5.763129535,0.01,0.01,0.0,0.42
5.764273425000001,0.0,0.0,0.01,0.42
5.765161248,0.0,0.0,0.0,0.41
5.766333326000001,0.01,0.01,0.01,0.41
5.768340686,0.01,0.0,0.0,0.42
5.769088107,0.01,0.01,0.0,0.42
5.770196529000001,0.01,0.01,0.01,0.41
5.771209221,0.01,0.01,0.02,0.42
5.772208617,0.01,0.01,0.01,0.42
5.773205890000001,0.01,0.01,0.0,0.41
5.774105159,0.0,0.01,0.0,0.41
5.775335723,0.0,0.0,0.0,0.41
5.776091697,0.01,0.0,0.01,0.42
5.777277403,0.01,0.01,0.01,0.42
5.7781372410000005,0.01,0.01,0.01,0.42
5.780240593,0.0,0.01,0.01,0.41
5.7811630460000005,0.0,0.0,0.0,0.42
5.782217999,0.01,0.01,0.01,0.42
5.783216119,0.01,0.0,0.01,0.41
5.784204428000001,0.0,0.0,0.0,0.42
5.785126372000001,0.0,0.01,0.0,0.42
5.786438102,0.01,0.0,0.0,0.41
5.787090586000001,0.01,0.0,0.01,0.42
5.788360008000001,0.0,0.01,0.01,0.41
5.789082779,0.01,0.01,0.01,0.41
5.790276747,0.01,0.0,0.01,0.41
5.79115439,0.02,0.01,0.01,0.42
5.792227493,0.01,0.01,0.0,0.4
5.793143738,0.0,0.01,0.0,0.41
5.794201139,0.01,0.0,0.0,0.42
5.795209187,0.02,0.01,0.01,0.41
5.796205906,0.0,0.01,0.01,0.43
5.7984163660000005,0.02,0.01,0.0,0.41
5.799098088,0.01,0.01,0.01,0.41
5.8003406790000005,0.0,0.0,0.0,0.42
5.801088839,0.0,0.01,0.01,0.42
5.802350208,0.0,0.0,0.0,0.41
5.803079006,0.01,0.01,0.01,0.41
5.804356102000001,0.01,0.0,0.01,0.41
5.805079085,0.01,0.0,0.0,0.41
5.806304320000001,0.01,0.01,0.0,0.42
5.807121410000001,0.01,0.0,0.0,0.41
5.808138733000001,0.0,0.0,0.0,0.42
5.809181226000001,0.01,0.01,0.01,0.4
5.811366079000001,0.01,0.01,0.01,0.42
5.812089522,0.01,0.01,0.02,0.42
5.813322016000001,0.0,0.01,0.01,0.41
5.8140827260000005,0.0,0.0,0.01,0.41
5.815345603,0.0,0.01,0.0,0.41
5.81611741,0.01,0.02,0.0,0.41
5.817281713000001,0.01,0.01,0.01,0.41
5.818166509,0.02,0.01,0.0,0.42
5.819225409,0.0,0.01,0.01,0.4
5.820155161000001,0.01,0.01,0.0,0.41
5.821276582,0.0,0.0,0.01,0.41
5.8221497310000005,0.0,0.0,0.0,0.42
5.824361448,0.01,0.01,0.01,0.42
5.8250845280000005,0.0,0.01,0.0,0.41
5.8262254,0.01,0.01,0.01,0.41
5.827229304,0.01,0.01,0.01,0.41
5.828218823,0.01,0.01,0.01,0.41
5.829221443000001,0.01,0.0,0.01,0.42
5.830220684,0.01,0.01,0.0,0.42
5.831337861000001,0.01,0.0,0.01,0.41
5.832084601,0.01,0.01,0.01,0.41
5.833342072000001,0.02,0.0,0.0,0.42
5.834081277,0.0,0.01,0.0,0.41
5.835327499000001,0.0,0.0,0.0,0.42
5.836122007,0.01,0.01,0.01,0.42
5.837295024,0.01,0.0,0.01,0.42
5.838148634,0.01,0.01,0.01,0.41
5.839341398,0.0,0.01,0.01,0.41
5.841336640000001,0.01,0.01,0.01,0.41
5.842084713,0.01,0.01,0.01,0.41
5.8432064740000005,0.01,0.0,0.0,0.41
5.84422417,0.01,0.0,0.0,0.41
5.845114179,0.0,0.0,0.0,0.41
5.8462435600000004,0.01,0.0,0.0,0.41
5.84710568,0.01,0.01,0.0,0.42
5.84834107,0.01,0.01,0.0,0.42
5.849090965,0.01,0.0,0.01,0.42
5.850169922,0.01,0.01,0.02,0.43
5.851148527,0.01,0.01,0.02,0.42
5.8523060000000005,0.01,0.01,0.01,0.42
5.853130172,0.01,0.01,0.01,0.42
5.854341145,0.01,0.0,0.01,0.41
5.856345154,0.01,0.01,0.0,0.42
5.857088517,0.01,0.01,0.01,0.41
5.858126097,0.01,0.01,0.02,0.42
5.8592166610000005,0.0,0.0,0.0,0.41
5.86010774,0.01,0.01,0.0,0.41
5.861332001,0.0,0.01,0.0,0.4
5.862090939000001,0.0,0.0,0.0,0.41
5.863263595,0.0,0.0,0.0,0.41
5.864166874,0.0,0.0,0.0,0.42
5.865169205,0.01,0.0,0.01,0.42
5.8662902930000005,0.01,0.01,0.0,0.42
5.867115219,0.01,0.0,0.01,0.42
5.868281154,0.0,0.01,0.0,0.42
5.870324494,0.02,0.01,0.01,0.42
5.871092814000001,0.01,0.01,0.01,0.42
5.872127747,0.02,0.01,0.01,0.42
5.873120869,0.01,0.0,0.0,0.41
5.8743606150000005,0.01,0.01,0.01,0.4
5.8750946310000005,0.01,0.0,0.0,0.41
5.876316133,0.01,0.01,0.01,0.43
5.877089264,0.01,0.01,0.01,0.41
5.878344548,0.01,0.01,0.01,0.41
5.879085356,0.0,0.0,0.01,0.42
5.8803589,0.01,0.01,0.0,0.42
5.881089118,0.01,0.01,0.01,0.41
5.882277979,0.0,0.0,0.0,0.41
5.883163499,0.0,0.01,0.0,0.41
5.88416341,0.0,0.0,0.01,0.42
5.885114683,0.0,0.0,0.01,0.41
5.886346521,0.01,0.0,0.0,0.41
5.888341044000001,0.01,0.01,0.0,0.42
5.889087886,0.0,0.01,0.0,0.42
5.890219387,0.01,0.0,0.01,0.41
5.8911426570000005,0.01,0.01,0.01,0.42
5.892217654,0.01,0.01,0.01,0.4
5.893155873,0.01,0.01,0.0,0.42
5.894268481,0.0,0.01,0.0,0.41
5.895147803,0.0,0.0,0.0,0.41
5.896299648,0.0,0.01,0.01,0.42
5.897135906,0.01,0.01,0.01,0.41
5.898254825,0.01,0.01,0.01,0.42
5.8991773300000006,0.01,0.0,0.01,0.42
5.901231737000001,0.0,0.01,0.01,0.41
5.9021219700000005,0.01,0.0,0.0,0.41
5.903118517,0.0,0.01,0.01,0.42
5.904288960000001,0.01,0.01,0.0,0.41
5.905157160000001,0.0,0.0,0.01,0.41
5.906227971000001,0.0,0.0,0.0,0.42
5.907398054000001,0.0,0.01,0.01,0.42
5.908088088,0.0,0.0,0.0,0.41
5.909352202,0.01,0.01,0.01,0.42
5.9101093030000005,0.01,0.01,0.01,0.42
5.9112452740000005,0.01,0.01,0.01,0.42
5.912146292,0.01,0.01,0.01,0.42
5.913123898,0.01,0.0,0.0,0.42
5.914327097,0.01,0.0,0.0,0.42
5.916358043000001,0.01,0.01,0.01,0.41
5.917081672,0.01,0.01,0.01,0.41
5.9182331480000006,0.01,0.01,0.01,0.41
5.919228949000001,0.0,0.0,0.0,0.42
5.920225414000001,0.0,0.01,0.0,0.41
5.921216515,0.0,0.0,0.01,0.42
5.922220211,0.0,0.01,0.01,0.41
5.923139227,0.01,0.0,0.01,0.41
5.9243743140000005,0.0,0.0,0.0,0.42
5.92508541,0.01,0.01,0.0,0.41
5.926249087,0.0,0.02,0.0,0.42
5.92712803,0.0,0.01,0.01,0.42
5.928313381000001,0.01,0.01,0.0,0.4
5.929083042,0.01,0.01,0.01,0.41
5.930429881,0.02,0.02,0.01,0.41
5.932339032000001,0.01,0.01,0.01,0.41
5.933090868000001,0.0,0.01,0.01,0.41
5.934198023,0.0,0.0,0.0,0.42
5.9351766,0.01,0.0,0.01,0.42
5.936200471,0.0,0.01,0.01,0.42
5.9371425470000005,0.01,0.01,0.02,0.42
5.938377732,0.01,0.01,0.01,0.42
5.939095561,0.0,0.0,0.0,0.42
5.940272274000001,0.01,0.0,0.0,0.41
5.941083801,0.0,0.01,0.0,0.41
5.942249455000001,0.0,0.0,0.0,0.41
5.9430831490000005,0.0,0.0,0.0,0.42
5.944270827,0.01,0.0,0.0,0.42
5.945159478000001,0.0,0.0,0.0,0.42
5.946218284,0.01,0.01,0.01,0.41
5.9483390840000006,0.0,0.01,0.0,0.42
5.949095478,0.0,0.01,0.01,0.42
5.950161951,0.01,0.01,0.01,0.42
5.951194843000001,0.01,0.01,0.01,0.42
5.952204025,0.01,0.01,0.01,0.4
5.953118195,0.0,0.0,0.01,0.41
5.954267227000001,0.0,0.0,0.0,0.42
5.955093443,0.0,0.0,0.0,0.41
5.956294017,0.01,0.01,0.01,0.42
5.957130127,0.02,0.02,0.02,0.42
5.958140340000001,0.01,0.0,0.01,0.42
5.959153405,0.01,0.01,0.0,0.41
5.960254811,0.01,0.01,0.0,0.41
5.961161993,0.0,0.01,0.0,0.41
5.963300194,0.0,0.0,0.0,0.4
5.9641259710000005,0.0,0.0,0.01,0.41
5.965204373000001,0.01,0.01,0.0,0.42
5.9662055060000005,0.0,0.01,0.01,0.41
5.9672011220000005,0.01,0.01,0.0,0.42
5.9680797100000005,0.01,0.0,0.02,0.42
5.969351876,0.01,0.01,0.01,0.43
5.970097459000001,0.02,0.01,0.01,0.42
5.971134445000001,0.01,0.01,0.01,0.41
5.972227523000001,0.01,0.01,0.02,0.42
5.973129493,0.01,0.0,0.01,0.42
5.9741532930000005,0.0,0.01,0.0,0.42
5.976344089,0.01,0.01,0.01,0.42
5.97709767,0.01,0.0,0.01,0.41
5.978197037,0.01,0.01,0.0,0.42
5.979201806000001,0.01,0.0,0.0,0.42
5.980191706,0.01,0.01,0.0,0.41
5.9811986500000005,0.0,0.01,0.0,0.42
5.982198674,0.01,0.0,0.0,0.4
5.983197635000001,0.0,0.01,0.0,0.41
5.984199390000001,0.0,0.01,0.01,0.42
5.9851146260000005,0.0,0.01,0.0,0.41
5.986346286000001,0.0,0.0,0.0,0.41
5.987094045,0.01,0.0,0.0,0.41
5.988266112000001,0.0,0.0,0.01,0.42
5.989153706000001,0.01,0.01,0.01,0.42
5.990388682000001,0.01,0.01,0.01,0.41
5.992463986000001,0.01,0.01,0.02,0.42
5.993096118,0.0,0.01,0.0,0.41
5.994340119,0.01,0.01,0.01,0.41
5.995101788,0.01,0.01,0.0,0.41
5.996203969000001,0.01,0.01,0.01,0.41
5.997129672000001,0.02,0.02,0.02,0.42
5.998216049000001,0.01,0.01,0.01,0.41
5.999206385000001,0.0,0.01,0.0,0.41
6.000209076,0.01,0.01,0.0,0.41
6.001159747,0.02,0.01,0.01,0.41
6.002268986000001,0.0,0.01,0.0,0.41
6.003118959,0.0,0.0,0.01,0.41
6.0044059270000005,0.01,0.0,0.0,0.41
6.0050883960000006,0.01,0.0,0.01,0.41
6.006351847,0.01,0.01,0.0,0.42
6.008320014000001,0.02,0.01,0.0,0.43
6.0090845040000005,0.01,0.01,0.01,0.41
6.010120435,0.01,0.01,0.02,0.42
6.011204484,0.01,0.01,0.01,0.42
6.012195492,0.01,0.02,0.01,0.41
6.013219869,0.01,0.01,0.0,0.41
6.014203789000001,0.01,0.01,0.01,0.41
6.015209399000001,0.0,0.01,0.01,0.41
6.016201601000001,0.01,0.0,0.0,0.41
6.017162331000001,0.02,0.01,0.01,0.41
6.01817603,0.01,0.01,0.01,0.42
6.019168124,0.0,0.0,0.01,0.42
6.020169753,0.01,0.01,0.01,0.42
6.0211707940000005,0.01,0.0,0.0,0.41
6.023553379,0.0,0.0,0.01,0.41
6.024725129,0.0,0.01,0.0,0.41
6.025672726000001,0.01,0.0,0.0,0.42
6.026504694000001,0.01,0.0,0.0,0.41
6.027252209,0.01,0.01,0.01,0.41
6.028226675,0.01,0.01,0.0,0.42
6.029162586,0.01,0.01,0.01,0.41
6.030143239,0.02,0.01,0.01,0.41
6.031162683000001,0.01,0.01,0.01,0.41
6.032154505,0.01,0.01,0.0,0.41
6.033339297,0.01,0.01,0.01,0.4
6.034143339000001,0.0,0.01,0.01,0.41
6.035127647,0.02,0.01,0.01,0.42
6.036309003,0.01,0.01,0.01,0.42
6.0382935280000005,0.01,0.01,0.01,0.42
6.039119372,0.01,0.0,0.0,0.42
6.040206294000001,0.01,0.01,0.0,0.41
6.0412043650000005,0.01,0.01,0.01,0.4
6.042196158,0.0,0.0,0.0,0.41
6.043197186,0.01,0.01,0.0,0.42
6.044192793000001,0.0,0.0,0.0,0.41
6.0453452610000005,0.01,0.01,0.0,0.41
6.046113409,0.02,0.01,0.02,0.42
6.0472647010000005,0.01,0.0,0.01,0.42
6.048094853,0.01,0.0,0.01,0.41
6.049279531000001,0.01,0.01,0.01,0.43
6.050138456,0.01,0.02,0.02,0.42
6.051317324,0.02,0.01,0.02,0.41
6.053340707,0.0,0.0,0.01,0.42
6.054100176,0.0,0.0,0.01,0.41
6.0553551400000005,0.01,0.01,0.0,0.41
6.056102406,0.01,0.01,0.01,0.41
6.057264235000001,0.02,0.02,0.01,0.42
6.058099284000001,0.01,0.01,0.01,0.42
6.0592090160000005,0.0,0.0,0.0,0.41
6.060207812000001,0.0,0.01,0.0,0.42
6.061155397,0.0,0.0,0.0,0.41
6.062300603000001,0.0,0.0,0.0,0.41
6.063114995,0.0,0.01,0.0,0.41
6.064307805,0.0,0.01,0.0,0.41
6.0650800700000005,0.01,0.02,0.0,0.41
6.0663431580000005,0.0,0.01,0.01,0.41
6.068361563000001,0.0,0.01,0.0,0.42
6.069091131,0.01,0.0,0.01,0.41
6.070340976000001,0.02,0.01,0.01,0.42
6.071101202,0.02,0.02,0.01,0.41
6.07233552,0.01,0.01,0.01,0.41
6.073097899,0.0,0.01,0.0,0.41
6.074330997000001,0.0,0.01,0.01,0.42
6.075089124000001,0.0,0.0,0.0,0.42
6.076265473,0.0,0.02,0.01,0.42
6.0770825980000005,0.01,0.01,0.01,0.42
6.078241863000001,0.01,0.01,0.0,0.41
6.079128696000001,0.01,0.0,0.0,0.42
6.080351831000001,0.01,0.01,0.01,0.42
6.082354852000001,0.01,0.01,0.01,0.42
6.083091233,0.0,0.0,0.0,0.42
6.0843516300000005,0.0,0.0,0.0,0.42
6.08508369,0.01,0.0,0.0,0.41
6.0863712350000005,0.0,0.01,0.01,0.42
6.087087314000001,0.0,0.01,0.01,0.41
6.088242629000001,0.01,0.01,0.0,0.41
6.089135469,0.0,0.01,0.01,0.42
6.09013919,0.01,0.01,0.01,0.42
6.091257114,0.01,0.01,0.02,0.42
6.092114673,0.01,0.01,0.01,0.41
6.093397798000001,0.01,0.0,0.0,0.42
6.094081093000001,0.0,0.0,0.0,0.42
6.095366402000001,0.0,0.01,0.01,0.41
6.0973614320000005,0.01,0.01,0.01,0.42
6.098078823000001,0.01,0.01,0.01,0.41
6.099351128,0.0,0.01,0.0,0.42
6.100079777,0.0,0.0,0.01,0.41
6.101369453,0.0,0.01,0.01,0.41
6.102085386000001,0.01,0.01,0.0,0.42
6.103353115,0.01,0.0,0.01,0.41
6.104076916,0.01,0.01,0.01,0.41
6.105239173,0.01,0.0,0.0,0.41
6.106154837,0.01,0.0,0.01,0.41
6.107230402000001,0.01,0.0,0.0,0.41
6.108116568000001,0.01,0.0,0.0,0.42
6.109309082,0.01,0.02,0.01,0.41
6.110075825,0.02,0.02,0.01,0.41
6.111361551000001,0.03,0.02,0.01,0.41
6.113351018,0.01,0.01,0.0,0.41
6.114114098,0.01,0.0,0.0,0.42
6.1153388070000005,0.0,0.01,0.0,0.42
6.116079622,0.01,0.01,0.01,0.42
6.117363657,0.01,0.01,0.01,0.43
6.118077994,0.01,0.0,0.01,0.42
6.119337261,0.0,0.01,0.0,0.41
6.120079255,0.01,0.01,0.01,0.41
6.121239317000001,0.0,0.01,0.01,0.41
6.122161211000001,0.0,0.01,0.0,0.41
6.123246633,0.0,0.0,0.0,0.42
6.124122949,0.0,0.0,0.0,0.41
6.125338835,0.01,0.0,0.01,0.42
6.126167222,0.01,0.0,0.01,0.41
6.12834738,0.01,0.0,0.01,0.42
6.129114824,0.01,0.0,0.01,0.42
6.130274506,0.01,0.01,0.01,0.42
6.131167461,0.01,0.02,0.0,0.41
6.132355504,0.01,0.01,0.01,0.42
6.133082986000001,0.0,0.01,0.01,0.42
6.134352074000001,0.01,0.0,0.0,0.42
6.135081851000001,0.0,0.0,0.0,0.41
6.136278521,0.01,0.01,0.01,0.4
6.137170853000001,0.02,0.01,0.01,0.41
6.138265213,0.01,0.01,0.01,0.41
6.139116673,0.0,0.0,0.01,0.41
6.140242039,0.01,0.0,0.0,0.41
6.1410819210000005,0.01,0.01,0.0,0.41
6.142362909,0.0,0.0,0.01,0.41
6.144351233,0.0,0.0,0.01,0.41
6.145119587,0.0,0.0,0.0,0.41
6.146340221,0.01,0.0,0.0,0.41
6.147090811,0.01,0.01,0.01,0.41
6.148345981,0.0,0.01,0.0,0.42
6.149089734,0.01,0.0,0.01,0.41
6.150341354,0.02,0.02,0.01,0.41
6.151087349,0.02,0.02,0.01,0.42
6.152286929000001,0.01,0.01,0.01,0.42
6.153081531000001,0.0,0.0,0.0,0.42
6.154262523000001,0.0,0.0,0.01,0.42
6.155079656000001,0.02,0.01,0.01,0.4
6.156274903000001,0.0,0.01,0.01,0.43
6.158340235000001,0.01,0.01,0.01,0.42
6.159087240000001,0.0,0.01,0.0,0.41
6.160236613,0.0,0.0,0.01,0.41
6.161091223000001,0.01,0.0,0.0,0.41
6.1623274210000005,0.01,0.01,0.01,0.42
6.163113706000001,0.0,0.0,0.0,0.42
6.164336571000001,0.01,0.01,0.0,0.42
6.165098171,0.0,0.01,0.0,0.42
6.166336998,0.01,0.01,0.0,0.42
6.167084948,0.01,0.01,0.0,0.42
6.168267564000001,0.0,0.01,0.0,0.42
6.169079265000001,0.01,0.01,0.01,0.42
6.170314119,0.01,0.01,0.02,0.42
6.171167288,0.01,0.01,0.01,0.42
6.172346969,0.0,0.01,0.01,0.42
6.174344648000001,0.0,0.01,0.0,0.42
6.175122421,0.01,0.0,0.0,0.42
6.176337067,0.01,0.01,0.01,0.42
6.1770969760000005,0.01,0.02,0.01,0.42
6.178213878,0.01,0.01,0.01,0.42
6.179163405000001,0.0,0.0,0.0,0.41
6.180126628,0.01,0.01,0.0,0.41
6.181125747,0.02,0.01,0.01,0.41
6.182135585,0.0,0.0,0.0,0.41
6.183157938000001,0.01,0.0,0.0,0.41
6.184160203,0.0,0.0,0.0,0.41
6.185264225,0.01,0.0,0.01,0.41
6.186146921000001,0.0,0.01,0.01,0.42
6.187216095,0.01,0.01,0.01,0.4
6.188178440000001,0.01,0.01,0.0,0.43
6.190354292,0.01,0.02,0.01,0.41
6.191139626,0.01,0.01,0.01,0.42
6.192178339000001,0.01,0.01,0.01,0.42
6.19319371,0.01,0.01,0.01,0.42
6.194193116,0.0,0.01,0.0,0.41
6.195348336,0.01,0.01,0.0,0.42
6.196117,0.01,0.0,0.01,0.4
6.197322873,0.01,0.01,0.01,0.41
6.198107822000001,0.01,0.01,0.01,0.41
6.199309659000001,0.0,0.01,0.01,0.41
6.200103873000001,0.0,0.0,0.01,0.41
6.201310598,0.0,0.0,0.01,0.41
6.202097181,0.0,0.01,0.0,0.42
6.203235139,0.01,0.0,0.0,0.41
6.2052758180000005,0.0,0.0,0.01,0.42
6.206116093,0.0,0.0,0.0,0.42
6.207342816000001,0.0,0.01,0.0,0.42
6.208091112,0.01,0.0,0.01,0.41
6.209346623,0.01,0.01,0.0,0.42
6.210084536,0.02,0.01,0.01,0.4
6.211260009,0.02,0.01,0.01,0.41
6.212125266,0.01,0.01,0.01,0.41
6.213150458,0.0,0.0,0.0,0.42
6.214261272000001,0.01,0.01,0.0,0.41
6.2151611980000006,0.0,0.02,0.02,0.42
6.216313788000001,0.01,0.0,0.01,0.41
6.217080753,0.01,0.01,0.01,0.41
6.218376324,0.0,0.0,0.0,0.41
6.220262604,0.01,0.01,0.0,0.41
6.221174535,0.01,0.01,0.02,0.41
6.222336243,0.01,0.01,0.01,0.41
6.2230885780000005,0.0,0.0,0.01,0.42
6.224342827,0.0,0.0,0.01,0.41
6.225085794,0.0,0.01,0.0,0.42
6.226351607000001,0.01,0.01,0.0,0.42
6.22707851,0.0,0.0,0.0,0.41
6.228390431,0.01,0.0,0.01,0.42
6.229084751,0.01,0.01,0.01,0.43
6.230348299,0.01,0.01,0.01,0.42
6.232400993000001,0.01,0.01,0.01,0.42
6.233082899,0.0,0.0,0.0,0.42
6.2344280130000005,0.0,0.0,0.01,0.42
6.235086646,0.0,0.0,0.0,0.41
6.236378408,0.01,0.01,0.01,0.42
6.237085974,0.02,0.01,0.02,0.41
6.238392497,0.01,0.01,0.01,0.42
6.239085051,0.01,0.01,0.0,0.42
6.24037062,0.02,0.01,0.0,0.41
6.241085744,0.01,0.01,0.01,0.41
6.242239996,0.0,0.0,0.0,0.42
6.243118025,0.01,0.0,0.01,0.42
6.244278463000001,0.0,0.01,0.01,0.41
6.245169637,0.01,0.0,0.0,0.42
6.246261980000001,0.0,0.0,0.01,0.42
6.24835789,0.01,0.01,0.01,0.42
6.249085895,0.0,0.01,0.01,0.42
6.250338891,0.01,0.01,0.01,0.41
6.251085199,0.02,0.02,0.02,0.42
6.25214546,0.02,0.02,0.02,0.42
6.253194576,0.01,0.01,0.0,0.42
6.25433997,0.0,0.01,0.01,0.41
6.255085109,0.0,0.01,0.0,0.42
6.256343070000001,0.0,0.01,0.01,0.42
6.257111463,0.01,0.02,0.01,0.41
6.258286743,0.01,0.01,0.01,0.42
6.259119125000001,0.0,0.0,0.01,0.42
6.260296641,0.0,0.01,0.01,0.41
6.261106752000001,0.0,0.01,0.0,0.42
6.262330899,0.0,0.01,0.01,0.42
6.264349930000001,0.0,0.01,0.0,0.41
6.265108752000001,0.0,0.0,0.0,0.42
6.266335515000001,0.01,0.0,0.0,0.42
6.267080858000001,0.01,0.01,0.01,0.43
6.268331872,0.01,0.0,0.01,0.42
6.269115671000001,0.01,0.01,0.01,0.42
6.270341496,0.01,0.01,0.01,0.41
6.271082793000001,0.02,0.01,0.01,0.41
6.272281203,0.02,0.01,0.01,0.41
6.2731244870000005,0.01,0.01,0.0,0.41
6.274141939000001,0.0,0.0,0.01,0.42
6.275305907000001,0.01,0.0,0.01,0.42
6.276153913000001,0.01,0.0,0.01,0.41
6.2783386100000005,0.01,0.01,0.01,0.42
6.279113371,0.0,0.0,0.0,0.41
6.280349296000001,0.01,0.0,0.01,0.41
6.281083606,0.01,0.01,0.0,0.42
6.28234326,0.0,0.01,0.01,0.42
6.283082848,0.01,0.0,0.0,0.42
6.284343473000001,0.01,0.01,0.0,0.42
6.285085272000001,0.0,0.0,0.0,0.42
6.286349680000001,0.01,0.01,0.01,0.41
6.287109774,0.01,0.01,0.0,0.42
6.288271756,0.01,0.0,0.0,0.42
6.289161766,0.01,0.01,0.01,0.41
6.290281641,0.01,0.01,0.02,0.42
6.291080042000001,0.01,0.01,0.01,0.41
6.292341309,0.0,0.01,0.01,0.41
6.294350424,0.01,0.0,0.01,0.41
6.295088113,0.0,0.01,0.01,0.42
6.296342421,0.01,0.01,0.01,0.4
6.297095707,0.01,0.01,0.02,0.41
6.298339671000001,0.01,0.02,0.01,0.41
6.299091079,0.01,0.0,0.01,0.42
6.300330475,0.01,0.01,0.01,0.41
6.301090423000001,0.0,0.0,0.0,0.41
6.30216989,0.0,0.0,0.0,0.41
6.3031251710000005,0.01,0.01,0.0,0.4
6.304291342,0.0,0.01,0.0,0.42
6.30513336,0.01,0.0,0.0,0.41
6.3073871200000005,0.0,0.01,0.0,0.41
6.308092241000001,0.01,0.01,0.01,0.41
6.3093292000000005,0.0,0.01,0.0,0.42
6.310093435000001,0.02,0.02,0.01,0.41
6.31133621,0.02,0.03,0.02,0.41
6.312090283000001,0.02,0.01,0.01,0.41
6.313344237000001,0.01,0.01,0.01,0.42
6.314108368,0.0,0.0,0.01,0.43
6.315342525,0.01,0.0,0.0,0.41
6.316120629,0.0,0.01,0.01,0.41
6.317334984,0.01,0.01,0.01,0.41
6.318089552,0.02,0.01,0.01,0.41
6.319283963,0.01,0.0,0.0,0.41
6.320140427,0.01,0.01,0.01,0.41
6.321321328000001,0.02,0.01,0.01,0.42
6.323327881,0.0,0.0,0.0,0.42
6.324095801,0.01,0.01,0.0,0.41
6.325343374,0.01,0.0,0.0,0.42
6.326084922000001,0.0,0.01,0.01,0.41
6.32734415,0.02,0.01,0.0,0.41
6.328110287,0.01,0.01,0.0,0.42
6.329341906000001,0.01,0.01,0.0,0.41
6.3300826500000005,0.01,0.01,0.01,0.42
6.331359053000001,0.01,0.01,0.01,0.42
6.332105633,0.01,0.01,0.02,0.4
6.33328642,0.01,0.01,0.0,0.42
6.334124124000001,0.0,0.0,0.0,0.42
6.335304078,0.01,0.01,0.01,0.41
6.336132436000001,0.0,0.01,0.02,0.42
6.337270926,0.01,0.01,0.01,0.41
6.339347814000001,0.01,0.0,0.0,0.41
6.340082523,0.01,0.0,0.01,0.42
6.341346178,0.01,0.01,0.01,0.41
6.342082487000001,0.01,0.01,0.01,0.41
6.343350798,0.0,0.0,0.0,0.42
6.344088614,0.0,0.0,0.01,0.41
6.345249116000001,0.0,0.0,0.0,0.41
6.346166694000001,0.01,0.0,0.01,0.41
6.3474553,0.01,0.0,0.01,0.42
6.348084988,0.0,0.0,0.0,0.42
6.349272769000001,0.01,0.01,0.02,0.42
6.350149316,0.02,0.02,0.02,0.41
6.351321294000001,0.02,0.02,0.02,0.42
6.352173745,0.01,0.0,0.0,0.42
6.353358147000001,0.01,0.0,0.01,0.42
6.35533643,0.0,0.0,0.0,0.41
6.3560894160000005,0.01,0.01,0.01,0.42
6.3573600830000006,0.01,0.01,0.01,0.41
6.3580933150000005,0.01,0.01,0.01,0.41
6.359339706,0.0,0.01,0.0,0.4
6.360115049,0.01,0.01,0.01,0.41
6.361341151,0.01,0.0,0.0,0.41
6.362116081000001,0.01,0.0,0.01,0.42
6.363343715,0.0,0.01,0.0,0.41
6.364079080000001,0.0,0.0,0.0,0.41
6.365257457,0.01,0.01,0.0,0.42
6.366077625,0.02,0.01,0.0,0.42
6.367386281000001,0.01,0.01,0.01,0.41
6.369339472,0.01,0.01,0.0,0.41
6.370113747,0.0,0.01,0.01,0.42
6.371166307,0.01,0.01,0.01,0.41
6.372230382000001,0.01,0.01,0.01,0.41
6.373218854,0.0,0.01,0.0,0.4
6.374209377000001,0.01,0.01,0.0,0.41
6.375338532000001,0.0,0.01,0.0,0.42
6.376087745,0.01,0.02,0.0,0.42
6.377156660000001,0.02,0.02,0.02,0.42
6.3781788100000005,0.01,0.01,0.01,0.41
6.379260522,0.0,0.0,0.0,0.41
6.380163382,0.01,0.01,0.01,0.42
6.381303234000001,0.0,0.0,0.01,0.41
6.382087053,0.0,0.0,0.0,0.41
6.383346540000001,0.0,0.01,0.0,0.42
6.385248479,0.01,0.01,0.0,0.41
6.386175580000001,0.01,0.0,0.01,0.42
6.387213801000001,0.01,0.0,0.01,0.41
6.3883396160000006,0.01,0.0,0.01,0.41
6.389092386000001,0.01,0.01,0.0,0.41
6.39034492,0.02,0.01,0.01,0.41
6.391123831000001,0.02,0.01,0.01,0.41
6.392332621,0.01,0.01,0.01,0.41
6.393090403,0.02,0.0,0.01,0.41
6.394289548000001,0.0,0.0,0.01,0.41
6.395114970000001,0.01,0.01,0.02,0.42
6.396263503,0.01,0.01,0.01,0.42
6.39835911,0.01,0.01,0.01,0.41
6.399088599000001,0.01,0.0,0.0,0.42
6.400339754,0.01,0.0,0.0,0.41
6.401089391,0.01,0.01,0.01,0.41
6.402213403,0.01,0.02,0.01,0.42
6.403086638,0.0,0.0,0.0,0.41
6.404352652,0.0,0.0,0.0,0.42
6.405085816000001,0.0,0.0,0.01,0.42
6.406353885000001,0.0,0.01,0.0,0.41
6.407084935,0.0,0.0,0.01,0.42
6.4082971650000005,0.01,0.01,0.01,0.41
6.409089204000001,0.01,0.01,0.01,0.43
6.410209687,0.01,0.01,0.01,0.42
6.411140561000001,0.01,0.01,0.01,0.42
6.412342158,0.01,0.0,0.01,0.42
6.4143855510000005,0.01,0.0,0.01,0.42
6.415091177000001,0.0,0.0,0.0,0.41
6.4163867990000005,0.0,0.01,0.0,0.41
6.417084957,0.02,0.01,0.0,0.42
6.418379732,0.01,0.01,0.01,0.41
6.419088826,0.0,0.01,0.0,0.41
6.420352213,0.01,0.0,0.01,0.41
6.4210902690000005,0.01,0.0,0.01,0.41
6.422350908,0.0,0.0,0.01,0.41
6.423103217,0.0,0.0,0.0,0.41
6.424288665000001,0.01,0.01,0.0,0.42
6.425150602,0.0,0.01,0.0,0.41
6.426264282,0.01,0.0,0.01,0.41
6.427161441,0.0,0.01,0.0,0.42
6.428290785000001,0.0,0.01,0.0,0.42
6.430232477000001,0.01,0.01,0.01,0.42
6.431208847000001,0.01,0.01,0.01,0.42
6.4320772900000005,0.01,0.01,0.02,0.41
6.433357795,0.0,0.0,0.0,0.41
6.434084228000001,0.0,0.01,0.0,0.41
6.4352521110000005,0.01,0.0,0.0,0.41
6.436078838,0.01,0.01,0.02,0.41
6.437361875000001,0.02,0.01,0.01,0.43
6.4381089540000005,0.01,0.01,0.01,0.42
6.439265286,0.01,0.0,0.0,0.4
6.440151103000001,0.01,0.01,0.0,0.42
6.441287824000001,0.0,0.0,0.0,0.41
6.4420772820000005,0.01,0.0,0.0,0.41
6.443350012000001,0.01,0.0,0.01,0.4
6.445334249,0.0,0.0,0.0,0.42
6.446087342,0.0,0.01,0.0,0.42
6.4472769560000005,0.01,0.01,0.0,0.41
6.448125086,0.01,0.0,0.01,0.41
6.44926988,0.01,0.02,0.01,0.41
6.450079993,0.02,0.02,0.02,0.42
6.45134352,0.02,0.01,0.01,0.42
6.452134796,0.02,0.0,0.02,0.41
6.453265955,0.0,0.0,0.01,0.42
6.454169975,0.01,0.0,0.01,0.42
6.455293668,0.01,0.0,0.02,0.41
6.45607897,0.0,0.01,0.01,0.41
6.457118124,0.01,0.01,0.01,0.41
6.458224748,0.01,0.0,0.0,0.41
6.459336515,0.01,0.01,0.01,0.41
6.461345382,0.01,0.01,0.01,0.42
6.462087623,0.0,0.0,0.0,0.42
6.463288483,0.0,0.0,0.0,0.41
6.464082736000001,0.0,0.01,0.0,0.41
6.465332716000001,0.01,0.04,0.0,0.42
6.466125373000001,0.0,0.01,0.01,0.41
6.467347003,0.01,0.04,0.0,0.41
6.468114939,0.01,0.15,0.0,0.41
6.469207964000001,0.01,0.07,0.01,0.42
6.4701465350000005,0.01,0.12,0.02,0.41
6.471179488000001,0.01,0.18,0.02,0.41
6.472192137,0.01,0.36,0.0,0.42
6.473168671000001,0.01,0.38,0.0,0.42
6.474187763000001,0.01,0.46,0.0,0.41
6.476512013000001,0.01,0.5,0.02,0.4
6.477559256,0.02,0.7,0.01,0.41
6.478626659000001,0.02,0.65,0.01,0.42
6.479601882000001,0.01,0.62,0.01,0.41
6.480349112000001,0.0,0.6,0.0,0.41
6.481164539000001,0.01,0.62,0.01,0.41
6.482157299000001,0.0,0.64,0.0,0.41
6.483172414,0.0,0.67,0.0,0.42
6.484169468,0.0,0.68,0.01,0.42
6.485177117,0.01,0.68,0.01,0.41
6.4861746600000005,0.01,0.75,0.01,0.42
6.487168377000001,0.01,0.74,0.0,0.43
6.488177060000001,0.01,0.72,0.01,0.42
6.49034401,0.02,0.75,0.01,0.41
6.491164956,0.01,0.76,0.02,0.41
6.492197579000001,0.01,0.75,0.02,0.41
6.493195472,0.0,0.76,0.0,0.41
6.494193139,0.0,0.78,0.01,0.42
6.495160995,0.01,0.77,0.0,0.41
6.496187536000001,0.01,0.81,0.01,0.42
6.49719808,0.01,0.82,0.02,0.42
6.498193925000001,0.01,0.83,0.01,0.4
6.4991944,0.0,0.83,0.01,0.42
6.500155251000001,0.01,0.83,0.01,0.42
6.501316564000001,0.01,0.83,0.01,0.42
6.502112,0.0,0.82,0.0,0.41
6.503178499000001,0.01,0.82,0.0,0.42
6.5042036450000005,0.0,0.83,0.01,0.42
6.505190603000001,0.0,0.82,0.01,0.42
6.50633675,0.01,0.83,0.01,0.42
6.5083329590000005,0.0,0.84,0.0,0.42
6.509115669000001,0.01,0.85,0.01,0.41
6.5101236160000004,0.03,0.84,0.02,0.42
6.511331393000001,0.02,0.85,0.02,0.43
6.512110585,0.01,0.84,0.01,0.42
6.513333742,0.01,0.84,0.0,0.42
6.514103864,0.0,0.84,0.0,0.42
6.515284912,0.01,0.83,0.01,0.42
6.516094501,0.0,0.85,0.0,0.41
6.517300454000001,0.02,0.82,0.01,0.41
6.518095906,0.0,0.83,0.0,0.42
6.519334446,0.01,0.83,0.01,0.42
6.521188565,0.0,0.82,0.01,0.42
6.522090672,0.01,0.84,0.01,0.4
6.523156073,0.0,0.84,0.0,0.42
6.52414448,0.0,0.84,0.01,0.42
6.525211615000001,0.0,0.84,0.01,0.41
6.52621347,0.01,0.85,0.0,0.42
6.527138595,0.01,0.85,0.0,0.42
6.528197369000001,0.01,0.85,0.0,0.42
6.529152903000001,0.0,0.85,0.01,0.42
6.5302994210000005,0.02,0.85,0.02,0.41
6.531093606000001,0.01,0.85,0.02,0.42
6.532150672,0.0,0.86,0.01,0.42
6.533160359,0.0,0.86,0.01,0.42
6.534323765000001,0.0,0.86,0.0,0.42
6.53633045,0.01,0.87,0.0,0.41
6.537097503,0.02,0.87,0.01,0.42
6.538155923000001,0.01,0.87,0.01,0.42
6.539196004000001,0.0,0.87,0.01,0.41
6.5402027920000005,0.01,0.87,0.01,0.41
6.541193915,0.01,0.87,0.01,0.41
6.542198612,0.0,0.88,0.0,0.42
6.543199251000001,0.01,0.89,0.01,0.42
6.544176468000001,0.0,0.88,0.0,0.41
6.545150331,0.0,0.89,0.0,0.41
6.546336473,0.01,0.89,0.01,0.4
6.547105043,0.0,0.9,0.01,0.41
6.548328061,0.02,0.9,0.01,0.43
6.550404177000001,0.01,0.9,0.01,0.41
6.551111943,0.02,0.89,0.01,0.4
6.552164933,0.02,0.88,0.01,0.42
6.553181898,0.01,0.89,0.01,0.42
6.554158078,0.01,0.9,0.0,0.42
6.55516152,0.0,0.9,0.0,0.42
6.556197087,0.02,0.89,0.02,0.42
6.557196233,0.01,0.91,0.02,0.42
6.558086198000001,0.01,0.92,0.01,0.41
6.559141602,0.01,0.92,0.01,0.41
6.560088945,0.0,0.93,0.01,0.41
6.561149267,0.01,0.93,0.0,0.41
6.56215493,0.0,0.93,0.0,0.41
6.563131889,0.0,0.93,0.01,0.42
6.564338598,0.01,0.93,0.0,0.42
6.566332107,0.0,0.94,0.0,0.43
6.567119379,0.01,0.94,0.01,0.42
6.568213443,0.01,0.93,0.0,0.41
6.569093769,0.01,0.93,0.01,0.42
6.570201622000001,0.02,0.94,0.02,0.42
6.571198539,0.03,0.94,0.02,0.41
6.572198521000001,0.02,0.94,0.01,0.41
6.573125766,0.01,0.94,0.01,0.42
6.574088263,0.0,0.94,0.01,0.42
6.575143032000001,0.01,0.94,0.01,0.42
6.57610773,0.0,0.94,0.01,0.42
6.577145289000001,0.01,0.95,0.01,0.41
6.578160839000001,0.0,0.95,0.0,0.42
6.579197528000001,0.01,0.96,0.01,0.42
6.581341334,0.01,0.95,0.01,0.42
6.582124295000001,0.01,0.96,0.01,0.42
6.583160847,0.0,0.95,0.0,0.41
6.584177509000001,0.0,0.95,0.0,0.42
6.585199962000001,0.01,0.95,0.0,0.43
6.586189001,0.01,0.95,0.0,0.42
6.587157282000001,0.01,0.95,0.01,0.41
6.588193261000001,0.0,0.94,0.01,0.41
6.589160094,0.01,0.93,0.02,0.42
6.590162242000001,0.01,0.9,0.02,0.42
6.591154724000001,0.02,0.9,0.02,0.42
6.592150139,0.0,0.93,0.01,0.42
6.5931720480000005,0.0,0.94,0.01,0.41
6.595355999000001,0.01,0.93,0.01,0.42
6.596116240000001,0.0,0.92,0.01,0.41
6.597433775000001,0.02,0.93,0.02,0.41
6.598107705,0.02,0.93,0.02,0.41
6.599420305000001,0.0,0.94,0.01,0.41
6.600096123,0.01,0.93,0.01,0.42
6.601348072,0.0,0.94,0.0,0.42
6.602083897,0.0,0.93,0.0,0.42
6.60338469,0.0,0.95,0.0,0.42
6.604075839,0.0,0.95,0.01,0.42
6.605272966,0.01,0.96,0.01,0.42
6.606079437,0.0,0.97,0.01,0.42
6.607292442,0.02,0.96,0.01,0.41
6.6080815070000005,0.01,0.97,0.0,0.42
6.6103396000000005,0.01,0.97,0.01,0.41
6.611093591,0.01,0.97,0.02,0.42
6.612351812,0.01,0.98,0.01,0.42
6.613082884000001,0.0,0.99,0.0,0.42
6.614264483,0.01,0.97,0.01,0.42
6.615188355000001,0.01,0.98,0.0,0.42
6.6162386710000005,0.01,0.97,0.01,0.42
6.617221786,0.02,0.98,0.02,0.42
6.618201647,0.01,0.98,0.01,0.42
6.619158818000001,0.01,0.97,0.0,0.42
6.620287943,0.01,0.96,0.01,0.42
6.621105979,0.0,0.97,0.0,0.41
6.622192829,0.01,0.96,0.0,0.41
6.623171342,0.0,0.98,0.0,0.42
6.624233047000001,0.01,1.01,0.01,0.41
6.626345427,0.01,1.02,0.0,0.42
6.627092839,0.01,1.01,0.01,0.41
6.62835203,0.01,1.02,0.01,0.42
6.629091839,0.02,1.01,0.01,0.4
6.630349025,0.01,1.01,0.01,0.41
6.631088581,0.02,1.01,0.01,0.41
6.632344069,0.01,1.01,0.01,0.42
6.633121432,0.01,1.03,0.0,0.42
6.634343688,0.0,1.02,0.01,0.41
6.635093351,0.01,1.01,0.02,0.42
6.636269064,0.01,1.04,0.01,0.42
6.6370919100000005,0.01,1.01,0.01,0.43
6.638342424,0.0,1.01,0.0,0.42
6.639112499,0.0,1.0,0.01,0.41
6.640355727,0.01,1.01,0.0,0.41
6.642341339000001,0.02,1.0,0.01,0.42
6.643094315000001,0.0,1.02,0.0,0.41
6.644126620000001,0.01,1.01,0.0,0.42
6.645122083,0.0,1.02,0.0,0.42
6.646275196,0.0,1.01,0.01,0.43
6.647092479,0.01,1.01,0.01,0.42
6.6482109000000005,0.0,1.02,0.0,0.42
6.649162353,0.01,1.03,0.01,0.42
6.650408056000001,0.02,1.04,0.02,0.41
6.651094361,0.03,1.03,0.02,0.41
6.652308212,0.0,1.03,0.01,0.41
6.653161081,0.01,1.03,0.0,0.41
6.654331226,0.0,1.04,0.0,0.42
6.656349324000001,0.01,1.03,0.01,0.41
6.657122696,0.01,1.04,0.01,0.42
6.658234426000001,0.01,1.04,0.01,0.41
6.659233573000001,0.0,1.04,0.0,0.41
6.660120341000001,0.01,1.04,0.01,0.41
6.6613696650000005,0.01,1.03,0.01,0.41
6.662079032,0.01,1.04,0.0,0.42
6.663341105000001,0.0,1.03,0.0,0.42
6.664083444,0.0,1.04,0.01,0.42
6.665165694000001,0.0,1.03,0.0,0.42
6.6661140880000005,0.01,1.03,0.01,0.41
6.667138257,0.01,1.04,0.01,0.41
6.668169027,0.0,1.04,0.0,0.43
6.669208220000001,0.01,1.05,0.02,0.41
6.6713425630000005,0.01,1.05,0.02,0.42
6.672099630000001,0.01,1.05,0.02,0.42
6.673216877000001,0.01,1.05,0.0,0.42
6.674214105000001,0.0,1.05,0.01,0.41
6.675118527,0.01,1.03,0.0,0.42
6.676335621000001,0.01,1.03,0.02,0.4
6.677092212000001,0.01,1.03,0.01,0.41
6.678223071000001,0.01,1.02,0.01,0.41
6.679118386000001,0.0,1.04,0.01,0.42
6.6800817100000005,0.01,1.04,0.01,0.42
6.68114394,0.0,1.03,0.0,0.42
6.682141413,0.01,1.04,0.0,0.42
6.683153194000001,0.01,1.04,0.0,0.41
6.684204977,0.0,1.03,0.0,0.41
6.686333594000001,0.0,1.04,0.0,0.41
6.687102644,0.0,1.04,0.01,0.42
6.68820391,0.01,1.04,0.01,0.42
6.689202130000001,0.01,1.04,0.01,0.42
6.690198260000001,0.02,1.04,0.01,0.43
6.691201475000001,0.02,1.03,0.02,0.43
6.69220314,0.01,1.02,0.01,0.42
6.693198114,0.0,1.03,0.0,0.42
6.694192088,0.0,1.03,0.01,0.42
6.695352848000001,0.0,1.01,0.01,0.42
6.696103330000001,0.02,1.01,0.01,0.41
6.6971631490000005,0.01,1.02,0.01,0.41
6.698189459000001,0.0,1.02,0.0,0.41
6.699197778,0.0,1.03,0.01,0.41
6.7013324050000005,0.01,1.02,0.01,0.41
6.702108482000001,0.01,1.02,0.01,0.42
6.703321548000001,0.0,1.02,0.01,0.42
6.704107738,0.0,1.02,0.0,0.42
6.705202397000001,0.0,1.02,0.01,0.41
6.706146249000001,0.01,1.04,0.01,0.42
6.707263909000001,0.01,1.04,0.0,0.42
6.7081031300000005,0.0,1.05,0.0,0.42
6.709138516,0.01,1.04,0.01,0.42
6.710094295,0.01,1.03,0.01,0.41
6.711079117000001,0.02,1.04,0.01,0.41
6.712140978000001,0.01,1.04,0.0,0.42
6.713089175,0.0,1.04,0.0,0.42
6.7142277020000005,0.0,1.04,0.0,0.42
6.716336694000001,0.01,1.03,0.0,0.43
6.717130838,0.02,1.04,0.01,0.43
6.718212098,0.01,1.03,0.01,0.42
6.719219517,0.01,1.04,0.0,0.41
6.720226254000001,0.01,1.03,0.01,0.42
6.7211892120000005,0.01,1.02,0.0,0.41
6.7222125550000005,0.0,1.02,0.0,0.42
6.723218501000001,0.0,1.03,0.01,0.43
6.724204329,0.01,1.03,0.01,0.42
6.725159918,0.0,1.03,0.01,0.41
6.726296059,0.01,1.02,0.01,0.41
6.7271718400000005,0.01,1.02,0.01,0.42
6.7281659430000005,0.01,1.03,0.0,0.42
6.729370363,0.01,1.03,0.02,0.41
6.731344401,0.02,1.03,0.02,0.42
6.7320882630000005,0.02,1.04,0.02,0.42
6.7332174,0.0,1.03,0.01,0.42
6.734209548000001,0.0,1.03,0.0,0.42
6.735202481000001,0.0,1.02,0.01,0.42
6.7361975880000005,0.01,1.01,0.01,0.41
6.7371542600000005,0.01,1.03,0.01,0.41
6.738297584000001,0.01,1.03,0.02,0.41
6.7391089950000005,0.01,1.03,0.01,0.41
6.740343858,0.01,1.03,0.01,0.42
6.74108266,0.0,1.01,0.01,0.41
6.742268011,0.0,1.02,0.01,0.42
6.743083079000001,0.0,1.01,0.0,0.42
6.744140286,0.0,1.02,0.0,0.43
6.74523779,0.0,1.03,0.01,0.42
6.747347125,0.0,1.03,0.0,0.42
6.7480856220000005,0.01,1.03,0.0,0.41
6.749207554000001,0.01,1.03,0.01,0.42
6.750207478,0.01,1.04,0.01,0.41
6.751201384000001,0.01,1.03,0.01,0.41
6.752203463000001,0.01,1.04,0.01,0.42
6.75307641,0.01,1.06,0.01,0.42
6.754258417000001,0.01,1.05,0.0,0.42
6.755091135000001,0.01,1.05,0.01,0.41
6.7561187590000005,0.02,1.06,0.01,0.42
6.757146449,0.01,1.04,0.01,0.42
6.758327629,0.0,1.04,0.0,0.42
6.759095708,0.01,1.05,0.01,0.41
6.760313024,0.01,1.03,0.0,0.42
6.762337521,0.01,1.04,0.01,0.42
6.763094756,0.0,1.04,0.01,0.42
6.764207572,0.0,1.03,0.01,0.42
6.765203174000001,0.01,1.04,0.0,0.42
6.766198887000001,0.0,1.04,0.01,0.42
6.767197477000001,0.01,1.04,0.0,0.42
6.768117136000001,0.0,1.04,0.0,0.41
6.769394464,0.01,1.03,0.01,0.41
6.770098890000001,0.02,1.03,0.02,0.42
6.771290062,0.02,1.02,0.02,0.42
6.7720945530000005,0.01,1.03,0.01,0.42
6.773331056000001,0.01,1.03,0.01,0.41
6.775361817,0.0,1.04,0.01,0.42
6.7761021480000005,0.0,1.05,0.0,0.43
6.777137016,0.01,1.05,0.01,0.42
6.778215122000001,0.01,1.05,0.01,0.41
6.7791931100000005,0.0,1.05,0.01,0.42
6.780194619,0.0,1.06,0.0,0.42
6.781204361,0.0,1.06,0.01,0.41
6.7821964580000005,0.0,1.06,0.0,0.41
6.78333662,0.0,1.07,0.01,0.41
6.784103969,0.01,1.06,0.0,0.42
6.78518005,0.01,1.07,0.0,0.42
6.786116943000001,0.0,1.07,0.01,0.43
6.787134170000001,0.01,1.07,0.0,0.42
6.788302947,0.0,1.07,0.01,0.42
6.789094902,0.01,1.06,0.01,0.41
6.790203169000001,0.01,1.07,0.01,0.42
6.792328352,0.01,1.07,0.01,0.41
6.793100991,0.01,1.06,0.01,0.42
6.794212245000001,0.01,1.06,0.01,0.42
6.795211932000001,0.0,1.05,0.01,0.41
6.796209950000001,0.01,1.05,0.01,0.43
6.797212157000001,0.02,1.06,0.02,0.42
6.798200477000001,0.01,1.05,0.01,0.42
6.799118397,0.0,1.05,0.0,0.42
6.800121801,0.01,1.06,0.01,0.42
6.801260838,0.01,1.06,0.01,0.41
6.8021368230000006,0.0,1.06,0.0,0.42
6.803086293000001,0.01,1.06,0.0,0.42
6.804278967,0.0,1.06,0.01,0.42
6.806270813,0.01,1.06,0.01,0.42
6.807167472000001,0.01,1.04,0.01,0.41
6.808209792,0.0,1.03,0.01,0.42
6.809204856,0.01,1.05,0.01,0.42
6.810136208,0.02,1.05,0.02,0.42
6.811206701000001,0.02,1.04,0.01,0.42
6.8122091440000005,0.01,1.05,0.01,0.41
6.813192797,0.01,1.05,0.0,0.41
6.814155578,0.01,1.05,0.01,0.42
6.815279733000001,0.0,1.04,0.0,0.43
6.816148444,0.01,1.04,0.01,0.41
6.817289294,0.01,1.05,0.01,0.4
6.8180916830000005,0.01,1.05,0.0,0.41
6.819386347,0.0,1.05,0.0,0.41
6.821340389,0.0,1.06,0.01,0.41
6.822089526,0.0,1.05,0.0,0.42
6.823145767000001,0.0,1.06,0.0,0.42
6.824204262,0.0,1.06,0.01,0.42
6.8250734600000005,0.0,1.05,0.01,0.41
6.826331054000001,0.0,1.05,0.01,0.41
6.82709217,0.01,1.05,0.01,0.41
6.828324286000001,0.0,1.05,0.0,0.42
6.829088372,0.01,1.05,0.01,0.42
6.830148156000001,0.02,1.05,0.01,0.41
6.831114932,0.01,1.05,0.01,0.41
6.832086741,0.01,1.05,0.0,0.41
6.833155555,0.0,1.05,0.01,0.42
6.834109486,0.01,1.06,0.0,0.42
6.8350960050000005,0.01,1.06,0.01,0.42
6.837340265000001,0.03,1.06,0.01,0.42
6.838104573000001,0.01,1.05,0.01,0.41
6.83920096,0.01,1.06,0.01,0.41
6.84008907,0.0,1.05,0.01,0.42
6.841196415000001,0.01,1.05,0.0,0.41
6.842192217,0.01,1.05,0.0,0.41
6.8431947730000005,0.0,1.05,0.0,0.41
6.844193129000001,0.01,1.05,0.01,0.42
6.845172584,0.0,1.05,0.01,0.42
6.846147461,0.01,1.04,0.01,0.42
6.847325376000001,0.01,1.05,0.01,0.42
6.848102868000001,0.01,1.05,0.0,0.41
6.849339752000001,0.01,1.05,0.01,0.42
6.85135015,0.01,1.05,0.02,0.42
6.852097767,0.01,1.05,0.01,0.42
6.853203807000001,0.01,1.05,0.01,0.42
6.854200156,0.0,1.05,0.0,0.42
6.855197267,0.0,1.05,0.0,0.42
6.856197719000001,0.0,1.05,0.02,0.42
6.857196754,0.02,1.04,0.01,0.42
6.858198462000001,0.02,1.05,0.01,0.41
6.859330900000001,0.0,1.05,0.0,0.42
6.860099279000001,0.01,1.05,0.01,0.42
6.861261978000001,0.0,1.05,0.01,0.42
6.862097723000001,0.0,1.05,0.0,0.41
6.863194809,0.0,1.05,0.01,0.42
6.864155146000001,0.0,1.05,0.01,0.41
6.865231427,0.0,1.04,0.0,0.42
6.86733784,0.01,1.05,0.01,0.41
6.868093923,0.02,1.08,0.0,0.41
6.869213364,0.01,1.08,0.01,0.42
6.870208441000001,0.02,1.07,0.02,0.41
6.871197697,0.01,1.07,0.0,0.41
6.8722050690000005,0.01,1.08,0.01,0.42
6.8731976900000005,0.0,1.08,0.01,0.42
6.874206991,0.0,1.07,0.01,0.42
6.875137232,0.01,1.08,0.01,0.41
6.876287611,0.01,1.08,0.01,0.42
6.877099682000001,0.02,1.07,0.01,0.42
6.878276804,0.01,1.08,0.0,0.42
6.879138853000001,0.0,1.08,0.0,0.41
6.881345441000001,0.01,1.08,0.0,0.41
6.882106930000001,0.0,1.08,0.0,0.41
6.8832017080000005,0.01,1.08,0.01,0.41
6.884198109000001,0.0,1.09,0.0,0.41
6.885199900000001,0.0,1.08,0.0,0.42
6.886340608,0.0,1.09,0.0,0.43
6.887103011000001,0.01,1.09,0.0,0.42
6.888279761000001,0.01,1.09,0.0,0.41
6.889097274,0.01,1.09,0.01,0.42
6.890256735,0.01,1.1,0.02,0.42
6.891137266,0.02,1.09,0.02,0.42
6.892293446,0.0,1.09,0.0,0.42
6.893088873000001,0.0,1.08,0.0,0.42
6.894337445000001,0.01,1.09,0.01,0.42
6.896251459,0.0,1.09,0.0,0.42
6.897162721000001,0.01,1.09,0.01,0.42
6.898197276,0.01,1.11,0.01,0.42
6.899210405000001,0.01,1.1,0.0,0.42
6.9002035610000005,0.01,1.11,0.01,0.42
6.901204315,0.01,1.11,0.01,0.42
6.90216015,0.01,1.11,0.01,0.42
6.903187342000001,0.0,1.1,0.01,0.42
6.904207062,0.01,1.09,0.0,0.42
6.905178703000001,0.01,1.09,0.01,0.41
6.906291690000001,0.01,1.11,0.0,0.41
6.907094814000001,0.01,1.11,0.01,0.42
6.908258954000001,0.0,1.12,0.01,0.42
6.909153616,0.01,1.11,0.01,0.42
6.911335914,0.01,1.11,0.01,0.43
6.9121019640000005,0.01,1.1,0.01,0.43
6.9133324080000005,0.0,1.1,0.01,0.42
6.914101356000001,0.0,1.11,0.01,0.42
6.9153350080000004,0.0,1.11,0.0,0.41
6.916098713,0.01,1.12,0.0,0.42
6.917279595,0.01,1.11,0.01,0.42
6.918150497,0.01,1.1,0.0,0.41
6.919212338,0.0,1.1,0.0,0.42
6.920207622,0.0,1.1,0.01,0.41
6.921143948,0.01,1.1,0.01,0.41
6.922116575,0.0,1.1,0.0,0.41
6.92329609,0.0,1.11,0.0,0.41
6.924103532,0.0,1.1,0.01,0.42
6.925204085000001,0.01,1.11,0.0,0.41
6.927298464000001,0.01,1.11,0.01,0.42
6.928150625000001,0.01,1.11,0.01,0.41
6.929216503,0.01,1.12,0.0,0.42
6.930200632,0.02,1.12,0.01,0.41
6.931197506,0.01,1.11,0.01,0.41
6.932205909,0.01,1.1,0.01,0.42
6.9333481070000005,0.01,1.11,0.01,0.42
6.934091807000001,0.01,1.11,0.0,0.41
6.935269571,0.01,1.12,0.01,0.43
6.936084735000001,0.02,1.11,0.02,0.42
6.937261735000001,0.01,1.11,0.01,0.42
6.938169308000001,0.01,1.12,0.01,0.4
6.940389415,0.0,1.11,0.0,0.42
6.941081506000001,0.01,1.11,0.0,0.41
6.9422300880000005,0.01,1.12,0.01,0.41
6.943215585000001,0.0,1.11,0.01,0.41
6.944215042000001,0.0,1.1,0.01,0.41
6.945217652,0.0,1.11,0.01,0.41
6.946206957,0.0,1.12,0.01,0.42
6.947350217,0.0,1.11,0.01,0.42
6.94808786,0.0,1.11,0.0,0.41
6.949326083000001,0.01,1.11,0.01,0.42
6.950089555000001,0.02,1.11,0.02,0.41
6.951290877000001,0.02,1.11,0.01,0.41
6.952150563,0.01,1.1,0.0,0.42
6.9531189620000005,0.0,1.1,0.0,0.42
6.954129770000001,0.0,1.1,0.0,0.42
6.955276399000001,0.0,1.11,0.01,0.41
6.957339828,0.01,1.09,0.01,0.41
6.958092316,0.02,1.1,0.0,0.41
6.959348161,0.0,1.09,0.0,0.42
6.960096534000001,0.0,1.09,0.01,0.41
6.961336859,0.01,1.09,0.0,0.41
6.962091227,0.01,1.1,0.0,0.41
6.963331823000001,0.0,1.08,0.01,0.41
6.964085128000001,0.0,1.09,0.01,0.42
6.965439978,0.0,1.09,0.0,0.43
6.966081977000001,0.0,1.08,0.0,0.42
6.96731057,0.01,1.08,0.0,0.42
6.9681525230000005,0.0,1.08,0.01,0.42
6.969207008000001,0.01,1.06,0.01,0.42
6.971360601000001,0.01,1.07,0.01,0.42
6.972083481,0.01,1.07,0.02,0.42
6.973342619,0.0,1.07,0.0,0.43
6.974088591,0.01,1.07,0.01,0.42
6.975206389,0.0,1.06,0.0,0.42
6.976211448000001,0.01,1.06,0.0,0.42
6.977204197000001,0.01,1.07,0.01,0.42
6.978198303,0.01,1.07,0.01,0.42
6.979200975,0.01,1.06,0.0,0.4
6.980200907,0.01,1.05,0.01,0.41
6.98140183,0.0,1.06,0.01,0.41
6.982093338,0.0,1.05,0.01,0.41
6.983292959000001,0.0,1.07,0.0,0.42
6.9841216820000005,0.0,1.04,0.01,0.42
6.985342166000001,0.01,1.06,0.0,0.42
6.9872521260000005,0.01,1.06,0.01,0.42
6.988081811000001,0.01,1.05,0.01,0.42
6.989216422,0.01,1.05,0.0,0.42
6.990230298,0.02,1.05,0.01,0.41
6.991167303,0.02,1.04,0.01,0.41
6.9922102200000005,0.01,1.05,0.0,0.41
6.993204004000001,0.01,1.03,0.0,0.41
6.9942044370000005,0.0,1.02,0.0,0.41
6.995076848,0.01,1.02,0.01,0.41
6.996304059000001,0.01,1.02,0.02,0.41
6.997092735000001,0.01,1.02,0.01,0.41
6.998149004,0.0,1.01,0.01,0.41
7.000352159,0.0,1.02,0.0,0.41
7.001107330000001,0.01,1.02,0.0,0.42
7.002197232,0.02,1.01,0.0,0.41
7.0032030690000004,0.0,1.0,0.0,0.41
7.004198432000001,0.01,1.01,0.0,0.42
7.005193311,0.0,1.0,0.0,0.42
7.006191308,0.0,1.01,0.01,0.42
7.007199336,0.0,1.01,0.01,0.41
7.008195856,0.0,1.0,0.01,0.42
7.0093357240000005,0.02,1.01,0.01,0.42
7.010102261,0.02,1.01,0.02,0.42
7.011350677,0.02,1.01,0.02,0.42
7.012102793,0.0,1.0,0.0,0.42
7.0133047180000005,0.0,0.98,0.01,0.42
7.014101721,0.01,0.99,0.01,0.41
7.015290058000001,0.0,0.99,0.0,0.42
7.016137123,0.01,0.97,0.01,0.42
7.0173311190000005,0.01,0.96,0.01,0.42
7.0193301,0.01,0.97,0.0,0.41
7.020103251,0.01,0.96,0.01,0.41
7.021396771,0.0,0.96,0.01,0.42
7.022096774,0.01,0.96,0.01,0.42
7.023333753,0.01,0.95,0.01,0.41
7.024094339,0.01,0.96,0.0,0.41
7.025210991000001,0.01,0.95,0.01,0.42
7.026161210000001,0.01,0.96,0.0,0.41
7.027130888,0.01,0.96,0.0,0.42
7.028338738,0.0,0.96,0.01,0.42
7.029091473,0.01,0.94,0.01,0.42
7.030365951,0.01,0.95,0.01,0.42
7.032332585000001,0.01,0.95,0.01,0.42
7.033101311,0.01,0.94,0.0,0.42
7.034331645000001,0.0,0.94,0.0,0.42
7.035096739,0.0,0.93,0.0,0.42
7.036121324000001,0.01,0.94,0.0,0.42
7.037203258000001,0.02,0.93,0.01,0.42
7.038151404000001,0.0,0.91,0.01,0.42
7.039141196,0.0,0.91,0.0,0.41
7.040269352,0.01,0.9,0.01,0.42
7.0410934460000005,0.01,0.89,0.01,0.41
7.042349205000001,0.0,0.89,0.0,0.42
7.043087599000001,0.01,0.87,0.0,0.42
7.0442846480000005,0.0,0.86,0.0,0.42
7.045087216000001,0.0,0.83,0.0,0.42
7.0461258760000005,0.01,0.83,0.01,0.42
7.0472824,0.01,0.82,0.01,0.42
7.0493372800000005,0.01,0.8,0.01,0.43
7.050094079000001,0.02,0.78,0.01,0.42
7.051205315000001,0.02,0.74,0.01,0.4
7.052186129000001,0.01,0.74,0.01,0.4
7.053202081,0.0,0.73,0.0,0.41
7.054199093,0.0,0.7,0.01,0.41
7.05519826,0.01,0.68,0.0,0.42
7.0563411380000005,0.02,0.66,0.01,0.41
7.057098968,0.01,0.59,0.01,0.43
7.058290846,0.01,0.6,0.01,0.42
7.059088044,0.01,0.62,0.01,0.42
7.060245435000001,0.0,0.59,0.0,0.42
7.0611997970000004,0.01,0.58,0.0,0.41
7.063342117,0.0,0.57,0.0,0.42
7.064117949000001,0.01,0.51,0.01,0.42
7.065175074000001,0.0,0.48,0.01,0.42
7.066214529000001,0.0,0.46,0.01,0.42
7.067199242,0.0,0.43,0.01,0.42
7.068195329000001,0.0,0.4,0.01,0.42
7.069193141,0.01,0.44,0.01,0.42
7.070194182000001,0.02,0.42,0.02,0.42
7.071198371,0.02,0.41,0.02,0.42
7.072129869,0.0,0.37,0.01,0.41
7.073285879,0.0,0.42,0.0,0.41
7.074131318,0.0,0.51,0.01,0.42
7.075229038000001,0.01,0.53,0.01,0.41
7.076167176,0.02,0.52,0.01,0.41
7.078330934,0.02,0.52,0.01,0.42
7.07909389,0.0,0.53,0.01,0.43
7.0802180120000004,0.01,0.53,0.01,0.42
7.081221103000001,0.0,0.52,0.0,0.42
7.082210261,0.0,0.54,0.01,0.42
7.083204506,0.0,0.53,0.0,0.41
7.084206013,0.0,0.51,0.0,0.42
7.085155766000001,0.0,0.51,0.02,0.42
7.086199629,0.01,0.51,0.01,0.42
7.087144533,0.01,0.51,0.01,0.41
7.0881445670000005,0.01,0.52,0.01,0.42
7.089271279,0.01,0.52,0.0,0.42
7.0900905110000005,0.01,0.51,0.01,0.41
7.091220507,0.01,0.51,0.01,0.42
7.093341163000001,0.0,0.52,0.0,0.41
7.094104714,0.0,0.52,0.0,0.42
7.095209329,0.0,0.52,0.0,0.42
7.096205745000001,0.01,0.53,0.01,0.42
7.097199509,0.02,0.52,0.01,0.42
7.0981970610000005,0.0,0.51,0.01,0.42
7.0991998050000005,0.01,0.51,0.0,0.42
7.100200082000001,0.01,0.51,0.01,0.41
7.101368745,0.01,0.51,0.01,0.42
7.102097509,0.0,0.51,0.0,0.42
7.103329887,0.0,0.52,0.0,0.42
7.104088807,0.0,0.51,0.0,0.41
7.105357144,0.01,0.52,0.02,0.42
7.107406823000001,0.01,0.52,0.01,0.42
7.108158262000001,0.0,0.52,0.01,0.41
7.109188915000001,0.01,0.52,0.01,0.42
7.110078147,0.02,0.53,0.01,0.42
7.111371651000001,0.02,0.52,0.01,0.42
7.112084991000001,0.01,0.52,0.01,0.41
7.113139272000001,0.01,0.52,0.01,0.41
7.114168525,0.0,0.52,0.01,0.42
7.115253029000001,0.01,0.51,0.0,0.42
7.116179222,0.0,0.52,0.0,0.41
7.117317425,0.02,0.52,0.01,0.42
7.118076447000001,0.01,0.51,0.0,0.4
7.119267375000001,0.01,0.51,0.01,0.41
7.121402074000001,0.0,0.52,0.0,0.42
7.122070614,0.0,0.52,0.01,0.41
7.123362596000001,0.0,0.51,0.0,0.41
7.124105999,0.01,0.51,0.01,0.41
7.125349927,0.0,0.52,0.01,0.42
7.126071393,0.0,0.51,0.01,0.42
7.127127512,0.01,0.52,0.0,0.42
7.128368785,0.01,0.53,0.0,0.42
7.129100836,0.0,0.52,0.01,0.42
7.130359167000001,0.01,0.51,0.01,0.42
7.131068573,0.02,0.52,0.02,0.41
7.132241195000001,0.0,0.51,0.0,0.41
7.133071660000001,0.01,0.51,0.0,0.43
7.134259287000001,0.0,0.53,0.0,0.42
7.135095096000001,0.01,0.52,0.01,0.42
7.136396006,0.01,0.52,0.01,0.42
7.138357141,0.01,0.52,0.01,0.42
7.139111866,0.0,0.52,0.01,0.41
7.140167171000001,0.01,0.52,0.01,0.41
7.1411207,0.0,0.52,0.0,0.41
7.142357238000001,0.0,0.52,0.0,0.41
7.143108233,0.0,0.52,0.01,0.42
7.144296533,0.0,0.52,0.0,0.42
7.145077079000001,0.01,0.53,0.01,0.43
7.146250166000001,0.0,0.52,0.01,0.42
7.147164868000001,0.01,0.53,0.0,0.41
7.1481169190000005,0.01,0.52,0.01,0.42
7.149275329000001,0.01,0.52,0.01,0.42
7.150107506,0.01,0.53,0.01,0.42
7.15237746,0.01,0.52,0.01,0.41
7.153083722000001,0.01,0.53,0.01,0.41
7.154229274,0.0,0.52,0.01,0.42
7.1552376010000005,0.01,0.52,0.0,0.41
7.156239214,0.0,0.52,0.01,0.42
7.157222159000001,0.02,0.52,0.0,0.41
7.1582192440000005,0.01,0.52,0.01,0.41
7.1593453,0.01,0.53,0.0,0.42
7.160109223,0.01,0.52,0.01,0.42
7.161352645,0.01,0.51,0.01,0.42
7.162078258,0.01,0.52,0.0,0.42
7.163347753,0.0,0.52,0.01,0.42
7.164083937,0.0,0.52,0.0,0.42
7.165306132,0.0,0.51,0.0,0.42
7.167338190000001,0.01,0.52,0.0,0.42
7.168097246,0.0,0.52,0.01,0.42
7.169123846000001,0.0,0.52,0.01,0.41
7.1701554970000005,0.01,0.51,0.02,0.42
7.171130322000001,0.01,0.52,0.01,0.41
7.1722297070000005,0.01,0.53,0.01,0.42
7.173224558,0.0,0.52,0.01,0.42
7.174210916000001,0.0,0.51,0.0,0.42
7.175113016,0.01,0.53,0.01,0.41
7.176364859,0.01,0.52,0.02,0.4
7.177088017000001,0.02,0.51,0.01,0.41
7.178254911000001,0.01,0.52,0.01,0.42
7.179084284000001,0.0,0.51,0.0,0.41
7.180311016,0.0,0.51,0.0,0.41
7.181143218000001,0.0,0.51,0.0,0.41
7.182249329,0.0,0.52,0.01,0.41
7.184349032,0.01,0.52,0.0,0.41
7.185094462,0.0,0.51,0.0,0.42
7.186342671,0.02,0.52,0.0,0.42
7.1870927600000005,0.01,0.52,0.0,0.42
7.188329737,0.01,0.52,0.0,0.43
7.189090173,0.01,0.52,0.01,0.41
7.190346858000001,0.02,0.52,0.01,0.41
7.191089900000001,0.02,0.53,0.01,0.41
7.192406117000001,0.0,0.52,0.0,0.41
7.193090115,0.01,0.51,0.01,0.41
7.194328273000001,0.0,0.52,0.0,0.41
7.195087331000001,0.02,0.51,0.01,0.41
7.196355089000001,0.01,0.51,0.01,0.42
7.1983542730000005,0.01,0.5,0.0,0.42
7.1990943750000005,0.0,0.51,0.0,0.42
7.200308357000001,0.01,0.51,0.01,0.41
7.2011051550000005,0.01,0.52,0.0,0.41
7.202212617000001,0.01,0.52,0.01,0.42
7.203222802000001,0.0,0.51,0.01,0.4
7.204107495000001,0.01,0.51,0.01,0.42
7.205148995,0.01,0.52,0.0,0.41
7.206072501,0.01,0.52,0.01,0.41
7.2071539200000005,0.01,0.51,0.01,0.42
7.2081409160000005,0.01,0.51,0.01,0.43
7.209148058,0.01,0.51,0.01,0.42
7.210176219,0.01,0.51,0.01,0.42
7.211195653000001,0.01,0.52,0.01,0.43
7.212211346,0.01,0.52,0.01,0.41
7.21434841,0.01,0.51,0.01,0.41
7.215096773000001,0.0,0.51,0.0,0.41
7.216339677000001,0.01,0.52,0.01,0.42
7.2170938730000005,0.01,0.52,0.01,0.42
7.21833635,0.01,0.51,0.01,0.41
7.219095361000001,0.01,0.52,0.01,0.42
7.220341568,0.01,0.52,0.01,0.41
7.221089183,0.01,0.51,0.01,0.41
7.222331589,0.0,0.52,0.0,0.42
7.223090262,0.0,0.52,0.0,0.42
7.2242849620000005,0.01,0.51,0.0,0.42
7.225091022000001,0.01,0.52,0.0,0.42
7.226209601000001,0.01,0.51,0.01,0.42
7.2272061800000005,0.01,0.52,0.01,0.42
7.229334051,0.01,0.52,0.01,0.41
7.230103129000001,0.02,0.52,0.01,0.42
7.231168200000001,0.01,0.52,0.01,0.41
7.2321539690000005,0.01,0.51,0.01,0.41
7.233142379,0.01,0.52,0.0,0.42
7.234199628000001,0.0,0.51,0.01,0.42
7.235205113,0.0,0.53,0.0,0.41
7.236208429,0.01,0.52,0.02,0.4
7.237127257,0.01,0.52,0.01,0.41
7.238089592000001,0.01,0.5,0.02,0.41
7.23929892,0.0,0.52,0.0,0.41
7.2400908390000005,0.01,0.51,0.0,0.41
7.241364639,0.01,0.52,0.01,0.41
7.243360496,0.0,0.51,0.0,0.42
7.244097279000001,0.01,0.51,0.0,0.42
7.245195196,0.0,0.52,0.0,0.42
7.246201008000001,0.01,0.52,0.0,0.43
7.247199033,0.01,0.52,0.0,0.42
7.248194859000001,0.01,0.51,0.0,0.41
7.2491936070000005,0.01,0.52,0.02,0.41
7.250339305000001,0.01,0.52,0.02,0.42
7.251098597,0.02,0.51,0.01,0.42
7.2522610510000005,0.01,0.52,0.01,0.42
7.253155690000001,0.0,0.51,0.01,0.42
7.254286830000001,0.0,0.52,0.01,0.41
7.25508894,0.0,0.51,0.0,0.42
7.256322359,0.01,0.51,0.01,0.42
7.257118501000001,0.01,0.51,0.01,0.41
7.258355259000001,0.01,0.51,0.0,0.41
7.2603875360000005,0.01,0.51,0.0,0.42
7.261087020000001,0.0,0.51,0.01,0.42
7.262169905,0.01,0.52,0.01,0.41
7.263143837,0.0,0.52,0.0,0.42
7.264222247,0.0,0.52,0.0,0.41
7.2652231810000005,0.02,0.51,0.01,0.41
7.266151215000001,0.01,0.51,0.0,0.41
7.2671649270000005,0.01,0.51,0.01,0.41
7.268316578,0.0,0.52,0.0,0.42
7.269086983,0.01,0.51,0.01,0.41
7.270299754000001,0.0,0.5,0.02,0.43
7.2711292190000005,0.01,0.51,0.01,0.41
7.2733417440000006,0.0,0.51,0.0,0.41
7.2740873200000005,0.0,0.52,0.0,0.42
7.275207795,0.0,0.51,0.0,0.42
7.276219193,0.01,0.52,0.0,0.42
7.277211038000001,0.02,0.52,0.01,0.42
7.278206283,0.01,0.52,0.01,0.42
7.2792114670000005,0.0,0.51,0.0,0.41
7.280197504,0.0,0.51,0.0,0.41
7.281343785000001,0.0,0.51,0.01,0.42
7.282091538,0.0,0.51,0.01,0.41
7.283261747,0.01,0.51,0.01,0.4
7.284166301000001,0.0,0.52,0.0,0.41
7.2851215400000005,0.01,0.52,0.01,0.41
7.286331454000001,0.01,0.51,0.01,0.41
7.287084838,0.0,0.51,0.01,0.42
7.288336726000001,0.01,0.52,0.01,0.42
7.290347132000001,0.02,0.51,0.02,0.4
7.291096694,0.02,0.52,0.01,0.41
7.292167963000001,0.01,0.52,0.01,0.42
7.293155422000001,0.0,0.52,0.0,0.42
7.29422425,0.0,0.51,0.0,0.42
7.295101515000001,0.01,0.52,0.02,0.42
7.296227896,0.01,0.51,0.01,0.42
7.297170477000001,0.01,0.5,0.01,0.42
7.298124901,0.0,0.51,0.0,0.41
7.299256296,0.01,0.51,0.01,0.42
7.3001222310000005,0.01,0.52,0.0,0.42
7.30117639,0.01,0.51,0.01,0.42
7.302077574,0.01,0.51,0.0,0.41
7.303238265,0.01,0.52,0.0,0.42
7.30534289,0.0,0.51,0.0,0.41
7.306095019000001,0.0,0.51,0.01,0.42
7.307210847,0.01,0.51,0.0,0.42
7.308216085000001,0.01,0.52,0.01,0.41
7.309212282000001,0.01,0.52,0.0,0.42
7.3101074200000005,0.02,0.53,0.01,0.43
7.311259504000001,0.02,0.52,0.02,0.42
7.312163619000001,0.0,0.52,0.01,0.42
7.313255241,0.0,0.52,0.01,0.42
7.3140864830000005,0.01,0.51,0.0,0.42
7.315256122,0.01,0.52,0.01,0.41
7.316125477000001,0.02,0.51,0.01,0.4
7.317317006000001,0.01,0.52,0.01,0.41
7.319365745000001,0.0,0.5,0.0,0.42
7.320090039,0.02,0.52,0.01,0.41
7.321214622,0.0,0.52,0.0,0.41
7.322198879,0.0,0.51,0.01,0.42
7.323119007000001,0.0,0.52,0.0,0.41
7.324120722000001,0.0,0.51,0.0,0.42
7.325218713000001,0.0,0.52,0.01,0.41
7.3262064570000005,0.01,0.52,0.01,0.41
7.327174037000001,0.01,0.51,0.01,0.41
7.328161286,0.0,0.52,0.01,0.42
7.329156829,0.01,0.51,0.01,0.41
7.330125968000001,0.01,0.51,0.01,0.42
7.331204287,0.01,0.52,0.01,0.42
7.3334498660000005,0.01,0.52,0.01,0.41
7.334432373,0.0,0.52,0.01,0.42
7.335602057000001,0.0,0.52,0.0,0.41
7.337164963,0.01,0.52,0.01,0.42
7.338200690000001,0.01,0.52,0.01,0.42
7.339173657000001,0.01,0.52,0.01,0.42
7.340169605000001,0.0,0.52,0.0,0.42
7.341191285000001,0.01,0.51,0.0,0.42
7.342191551000001,0.01,0.51,0.01,0.4
7.3432228010000005,0.0,0.52,0.0,0.41
7.3442366660000005,0.01,0.51,0.01,0.42
7.345231878000001,0.0,0.52,0.0,0.41
7.34620048,0.01,0.52,0.0,0.42
7.347181037,0.01,0.52,0.01,0.41
7.348168881,0.0,0.52,0.01,0.42
7.349173379000001,0.01,0.53,0.01,0.42
7.350178131000001,0.02,0.53,0.02,0.41
7.351177425,0.02,0.52,0.01,0.41
7.352158095,0.01,0.52,0.01,0.41
7.353197541,0.0,0.52,0.0,0.42
7.354162012000001,0.0,0.51,0.0,0.42
7.355133446000001,0.01,0.51,0.01,0.41
7.356160949,0.01,0.52,0.01,0.42
7.357164377,0.01,0.51,0.01,0.42
7.358163291,0.01,0.53,0.0,0.42
7.359161498000001,0.01,0.52,0.01,0.41
7.3601368560000004,0.01,0.52,0.01,0.41
7.361324122,0.01,0.53,0.0,0.42
7.362121731,0.0,0.52,0.01,0.42
7.363340647,0.0,0.52,0.0,0.42
7.365313288,0.0,0.52,0.01,0.41
7.366111184,0.01,0.52,0.01,0.42
7.367170325,0.0,0.53,0.01,0.42
7.36819612,0.01,0.52,0.0,0.41
7.369194187000001,0.01,0.52,0.01,0.42
7.37019227,0.02,0.53,0.02,0.42
7.371190391000001,0.01,0.53,0.01,0.41
7.372338557000001,0.0,0.52,0.0,0.42
7.3731047730000006,0.01,0.52,0.01,0.42
7.374301871,0.01,0.52,0.0,0.41
7.375116019,0.0,0.52,0.01,0.42
7.376152452,0.01,0.51,0.01,0.41
7.377371331000001,0.01,0.52,0.01,0.41
7.379343418,0.0,0.52,0.01,0.41
7.380098118,0.01,0.52,0.01,0.41
7.381132174,0.01,0.52,0.01,0.41
7.382339180000001,0.01,0.52,0.0,0.42
7.383097688,0.0,0.52,0.0,0.42
7.384266677,0.01,0.52,0.0,0.42
7.385087983,0.0,0.52,0.0,0.42
7.3861215840000005,0.01,0.52,0.0,0.42
7.387111008000001,0.0,0.52,0.0,0.42
7.388291184000001,0.01,0.52,0.01,0.41
7.389112787,0.01,0.52,0.02,0.42
7.390244475,0.01,0.52,0.02,0.41
7.39108796,0.01,0.52,0.02,0.42
7.392266939000001,0.01,0.52,0.01,0.41
7.3943581620000005,0.0,0.51,0.01,0.42
7.395086890000001,0.01,0.52,0.0,0.42
7.396336151000001,0.01,0.53,0.01,0.42
7.397085446,0.02,0.53,0.01,0.41
7.398321843000001,0.01,0.53,0.0,0.42
7.399113121,0.0,0.52,0.01,0.4
7.400368478000001,0.0,0.52,0.0,0.41
7.4010853590000005,0.0,0.52,0.0,0.42
7.402312432,0.0,0.52,0.0,0.42
7.403085379,0.0,0.52,0.01,0.43
7.404258437,0.01,0.53,0.01,0.41
7.405124198,0.01,0.52,0.0,0.42
7.4062905820000005,0.01,0.52,0.01,0.41
7.407140997000001,0.01,0.52,0.0,0.42
7.408242833,0.01,0.52,0.01,0.41
7.41035073,0.01,0.52,0.01,0.41
7.411083548000001,0.01,0.52,0.01,0.41
7.412132775000001,0.01,0.53,0.01,0.41
7.4132202650000005,0.01,0.53,0.01,0.42
7.4141139570000005,0.0,0.53,0.0,0.41
7.415310976000001,0.01,0.52,0.01,0.41
7.416090724,0.02,0.52,0.01,0.4
7.41719856,0.01,0.52,0.01,0.41
7.418160567,0.0,0.52,0.0,0.41
7.419114268,0.01,0.52,0.01,0.41
7.420247085000001,0.01,0.52,0.01,0.41
7.421134896000001,0.01,0.53,0.01,0.41
7.422353826,0.0,0.52,0.0,0.42
7.42434713,0.0,0.51,0.0,0.42
7.425084625,0.0,0.52,0.01,0.42
7.426148855,0.01,0.52,0.01,0.42
7.427123225000001,0.0,0.51,0.0,0.42
7.428344756,0.01,0.52,0.0,0.41
7.429093359,0.01,0.53,0.01,0.42
7.430205014,0.02,0.53,0.02,0.42
7.431207808000001,0.02,0.52,0.02,0.42
7.432112984000001,0.0,0.53,0.0,0.41
7.4334039380000005,0.0,0.53,0.01,0.42
7.434093301000001,0.01,0.53,0.0,0.42
7.435283609000001,0.01,0.52,0.01,0.4
7.436136949000001,0.01,0.53,0.01,0.41
7.437221852,0.02,0.52,0.02,0.4
7.438114867,0.0,0.52,0.0,0.41
7.439385929,0.0,0.52,0.0,0.41
7.4413508760000004,0.01,0.52,0.0,0.41
7.44208575,0.0,0.52,0.01,0.42
7.443226017000001,0.0,0.51,0.01,0.42
7.4442291560000005,0.0,0.52,0.0,0.41
7.445143485000001,0.0,0.52,0.01,0.41
7.446339369,0.0,0.51,0.01,0.41
7.4470881890000005,0.0,0.52,0.01,0.41
7.448263584,0.0,0.52,0.01,0.42
7.4490865280000005,0.01,0.52,0.01,0.42
7.450233875,0.01,0.52,0.01,0.41
7.451165227000001,0.01,0.51,0.01,0.42
7.452117203,0.0,0.52,0.0,0.41
7.4533326870000005,0.01,0.51,0.0,0.42
7.455345033,0.01,0.52,0.0,0.41
7.456116981,0.01,0.52,0.01,0.41
7.4571588,0.01,0.53,0.02,0.42
7.458115374,0.01,0.52,0.0,0.41
7.459347349000001,0.0,0.52,0.01,0.41
7.4600839720000005,0.0,0.52,0.0,0.41
7.461268663,0.01,0.52,0.01,0.41
7.46208334,0.0,0.52,0.01,0.41
7.463334860000001,0.0,0.52,0.01,0.41
7.464115506000001,0.01,0.51,0.0,0.42
7.465210785000001,0.0,0.52,0.0,0.42
7.466120539,0.0,0.52,0.01,0.41
7.467345547000001,0.0,0.51,0.01,0.42
7.468104908000001,0.01,0.53,0.01,0.42
7.469256612000001,0.02,0.52,0.02,0.42
7.471164979,0.01,0.53,0.01,0.42
7.472079975000001,0.01,0.52,0.01,0.42
7.4732332040000005,0.0,0.52,0.01,0.42
7.474230706,0.01,0.52,0.01,0.41
7.475219398,0.0,0.51,0.01,0.41
7.476219438,0.01,0.51,0.01,0.41
7.477106318000001,0.02,0.53,0.01,0.41
7.478140774000001,0.0,0.52,0.0,0.42
7.479123115,0.0,0.52,0.0,0.41
7.480135033000001,0.0,0.51,0.01,0.42
7.481130385,0.01,0.52,0.01,0.42
7.482341981,0.0,0.52,0.01,0.42
7.484348414,0.01,0.52,0.0,0.41
7.485094034,0.01,0.51,0.0,0.42
7.486158498000001,0.0,0.52,0.01,0.42
7.48721216,0.01,0.52,0.0,0.42
7.488210055000001,0.0,0.51,0.01,0.41
7.489205014,0.01,0.52,0.01,0.42
7.490205955,0.01,0.51,0.01,0.41
7.491201209000001,0.02,0.51,0.01,0.41
7.492275674,0.0,0.52,0.0,0.42
7.493138943000001,0.01,0.5,0.0,0.41
7.494323929,0.0,0.52,0.01,0.42
7.4951138020000005,0.01,0.51,0.01,0.42
7.496387026000001,0.01,0.52,0.01,0.42
7.497081005,0.01,0.51,0.01,0.42
7.498379255000001,0.0,0.52,0.0,0.42
7.500341468,0.01,0.51,0.0,0.41
7.501094697,0.01,0.51,0.01,0.41
7.502334742,0.01,0.51,0.01,0.41
7.503099479,0.0,0.52,0.0,0.42
7.5041600950000005,0.01,0.52,0.0,0.41
7.505135122,0.01,0.52,0.01,0.41
7.506333311000001,0.01,0.52,0.01,0.41
7.507094784,0.01,0.51,0.01,0.42
7.508332426000001,0.0,0.51,0.0,0.42
7.50908683,0.01,0.52,0.01,0.41
7.510290790000001,0.01,0.52,0.01,0.41
7.511078309,0.03,0.52,0.01,0.42
7.512248156,0.0,0.52,0.01,0.43
7.514348175,0.01,0.52,0.0,0.41
7.515123180000001,0.01,0.52,0.0,0.42
7.5163327220000005,0.01,0.51,0.01,0.41
7.517090291000001,0.01,0.51,0.01,0.42
7.518270437000001,0.01,0.52,0.0,0.41
7.519169641,0.0,0.51,0.0,0.41
7.52021724,0.01,0.51,0.01,0.42
7.521146766,0.01,0.52,0.01,0.42
7.522368029000001,0.01,0.51,0.01,0.41
7.523084355000001,0.01,0.52,0.01,0.42
7.524292501000001,0.01,0.52,0.0,0.42
7.525122768,0.0,0.52,0.01,0.42
7.5262558440000005,0.0,0.52,0.0,0.41
7.527078455000001,0.0,0.54,0.01,0.42
7.528384251,0.01,0.51,0.01,0.41
7.530344798000001,0.01,0.51,0.02,0.43
7.531094233,0.0,0.51,0.01,0.42
7.532123965,0.0,0.52,0.01,0.41
7.53319251,0.0,0.51,0.01,0.41
7.534157104,0.01,0.51,0.0,0.41
7.535197302,0.01,0.52,0.0,0.41
7.536190787000001,0.0,0.52,0.02,0.41
7.537335551000001,0.02,0.52,0.02,0.41
7.538096207000001,0.01,0.52,0.01,0.42
7.539261142000001,0.0,0.52,0.0,0.41
7.540095855000001,0.0,0.52,0.0,0.41
7.541340967000001,0.01,0.51,0.0,0.41
7.542089326,0.01,0.52,0.01,0.42
7.543311661000001,0.0,0.52,0.01,0.41
7.545360695,0.0,0.51,0.0,0.41
7.546089898000001,0.0,0.5,0.01,0.42
7.54719839,0.01,0.51,0.01,0.42
7.548210931000001,0.01,0.51,0.01,0.42
7.549202072000001,0.01,0.51,0.01,0.41
7.550202014000001,0.02,0.5,0.02,0.41
7.55116704,0.02,0.51,0.01,0.41
7.552151263000001,0.01,0.51,0.01,0.42
7.553095513000001,0.01,0.52,0.0,0.41
7.554180506000001,0.0,0.51,0.0,0.42
7.555141661,0.01,0.51,0.01,0.42
7.556296575,0.01,0.52,0.01,0.42
7.5570896880000005,0.01,0.5,0.01,0.42
7.558375327,0.0,0.52,0.01,0.41
7.560341189000001,0.01,0.52,0.0,0.42
7.56110339,0.0,0.51,0.01,0.42
7.562198679000001,0.01,0.52,0.01,0.41
7.563140102,0.01,0.52,0.0,0.41
7.564328840000001,0.0,0.51,0.01,0.41
7.565107062,0.01,0.51,0.01,0.42
7.566173433,0.02,0.51,0.0,0.42
7.567200437,0.0,0.51,0.01,0.41
7.568190457,0.01,0.51,0.0,0.42
7.569147659,0.01,0.52,0.01,0.42
7.570273627000001,0.02,0.53,0.01,0.42
7.571096658,0.01,0.51,0.01,0.42
7.5722963320000005,0.0,0.51,0.0,0.42
7.57433327,0.0,0.52,0.01,0.41
7.575099922000001,0.0,0.52,0.01,0.41
7.576158149,0.01,0.51,0.01,0.41
7.577120215000001,0.01,0.52,0.01,0.41
7.5782247410000005,0.01,0.52,0.01,0.41
7.579159584,0.0,0.51,0.01,0.41
7.5802627220000005,0.01,0.52,0.01,0.43
7.581194545000001,0.01,0.51,0.01,0.41
7.582155001,0.01,0.52,0.0,0.42
7.58337091,0.0,0.52,0.01,0.43
7.584087394000001,0.0,0.51,0.0,0.41
7.585282044,0.01,0.51,0.0,0.42
7.586162337,0.01,0.51,0.01,0.41
7.587300768,0.01,0.51,0.01,0.41
7.589337270000001,0.0,0.52,0.0,0.41
7.590092655,0.01,0.51,0.01,0.41
7.591207198,0.01,0.51,0.01,0.42
7.592209268,0.01,0.51,0.01,0.42
7.593222121,0.0,0.52,0.01,0.41
7.594205635000001,0.01,0.52,0.0,0.42
7.595218708000001,0.01,0.51,0.01,0.41
7.596181464000001,0.02,0.51,0.01,0.42
7.597140252000001,0.02,0.53,0.01,0.43
7.598343697000001,0.01,0.52,0.02,0.42
7.599095823000001,0.01,0.51,0.0,0.41
7.600247004000001,0.01,0.52,0.0,0.42
7.601123221000001,0.0,0.51,0.0,0.41
7.602257786000001,0.01,0.51,0.01,0.41
7.603176553000001,0.01,0.52,0.0,0.42
7.604104136,0.0,0.51,0.0,0.41
7.606436805,0.0,0.52,0.0,0.41
7.607080424,0.01,0.51,0.01,0.41
7.608267840000001,0.01,0.51,0.01,0.41
7.609181271000001,0.01,0.53,0.01,0.42
7.610073261,0.03,0.51,0.01,0.41
7.611357959,0.02,0.51,0.01,0.41
7.612078492,0.01,0.52,0.0,0.4
7.613231475,0.0,0.51,0.01,0.41
7.614137183,0.01,0.51,0.0,0.42
7.615112178,0.0,0.53,0.01,0.42
7.616247429,0.01,0.51,0.01,0.41
7.617127481000001,0.01,0.51,0.02,0.41
7.618178887000001,0.01,0.51,0.0,0.42
7.619212137000001,0.01,0.51,0.0,0.42
7.6213472090000005,0.01,0.51,0.01,0.41
7.622094765000001,0.01,0.52,0.02,0.41
7.623198009,0.01,0.51,0.0,0.42
7.62419444,0.0,0.51,0.0,0.42
7.625196694,0.0,0.53,0.01,0.42
7.626198534,0.01,0.51,0.0,0.41
7.627199246000001,0.0,0.51,0.0,0.42
7.628194247000001,0.0,0.51,0.01,0.42
7.629391926,0.01,0.51,0.01,0.42
7.630106847,0.01,0.52,0.01,0.42
7.631265139000001,0.0,0.51,0.01,0.42
7.6320936690000005,0.01,0.51,0.0,0.42
7.633301543000001,0.01,0.51,0.01,0.42
7.634116908,0.0,0.52,0.01,0.42
7.6363337630000006,0.01,0.52,0.0,0.42
7.63710041,0.01,0.52,0.01,0.42
7.6382000660000005,0.01,0.51,0.01,0.42
7.639092089000001,0.0,0.51,0.0,0.42
7.6402000800000005,0.01,0.51,0.01,0.42
7.641085819000001,0.01,0.5,0.01,0.42
7.642197455000001,0.0,0.51,0.0,0.42
7.643195735000001,0.0,0.52,0.0,0.41
7.644158471000001,0.0,0.52,0.0,0.42
7.645122905000001,0.01,0.51,0.0,0.42
7.646273908,0.01,0.52,0.01,0.41
7.647104156,0.01,0.51,0.0,0.42
7.648136211000001,0.0,0.52,0.01,0.41
7.6492019,0.02,0.52,0.01,0.42
7.651333453,0.01,0.52,0.01,0.41
7.652106904,0.01,0.51,0.01,0.41
7.653278728,0.01,0.51,0.0,0.41
7.654150084,0.01,0.52,0.0,0.42
7.655201776,0.02,0.51,0.01,0.42
7.656190475000001,0.01,0.52,0.01,0.4
7.657202417000001,0.01,0.52,0.0,0.42
7.658342662000001,0.0,0.52,0.01,0.41
7.659094626000001,0.0,0.51,0.0,0.4
7.660320841000001,0.01,0.52,0.0,0.41
7.661089424,0.01,0.51,0.01,0.42
7.662277835,0.0,0.51,0.0,0.42
7.663127329000001,0.0,0.51,0.0,0.42
7.664268213000001,0.0,0.52,0.01,0.42
7.666318361,0.0,0.52,0.0,0.42
7.667088757,0.0,0.52,0.01,0.42
7.668214710000001,0.01,0.51,0.0,0.41
7.669214435000001,0.01,0.52,0.01,0.42
7.670205782000001,0.01,0.52,0.02,0.42
7.671174789,0.01,0.52,0.02,0.42
7.672342152000001,0.0,0.52,0.01,0.42
7.673093239000001,0.0,0.51,0.01,0.42
7.674420893000001,0.01,0.52,0.0,0.41
7.675086059000001,0.01,0.51,0.0,0.42
7.676260933000001,0.01,0.52,0.01,0.41
7.6771164160000005,0.02,0.52,0.01,0.41
7.678199601,0.0,0.51,0.01,0.42
7.679234392000001,0.0,0.51,0.01,0.42
7.681356589000001,0.01,0.51,0.0,0.41
7.68208538,0.01,0.52,0.01,0.42
7.683349676000001,0.01,0.51,0.01,0.41
7.684085004000001,0.0,0.52,0.0,0.42
7.6853438370000005,0.0,0.52,0.01,0.42
7.686083805000001,0.02,0.51,0.01,0.42
7.687348677,0.01,0.5,0.0,0.43
7.688119068000001,0.01,0.52,0.01,0.42
7.689142959000001,0.01,0.51,0.01,0.42
7.690109803,0.01,0.51,0.01,0.41
7.691238200000001,0.0,0.51,0.01,0.42
7.692113558000001,0.0,0.52,0.0,0.42
7.693198618,0.0,0.51,0.0,0.42
7.694213777000001,0.0,0.51,0.0,0.42
7.696314547,0.01,0.52,0.01,0.41
7.697117879,0.01,0.52,0.01,0.42
7.698344163000001,0.01,0.51,0.01,0.42
7.699095633000001,0.0,0.52,0.0,0.4
7.700333148,0.01,0.51,0.01,0.41
7.701093604,0.01,0.52,0.0,0.41
7.702282029000001,0.0,0.52,0.01,0.41
7.703127401000001,0.0,0.51,0.01,0.4
7.704331655000001,0.0,0.51,0.01,0.41
7.705084976,0.0,0.52,0.0,0.41
7.706231616,0.01,0.52,0.01,0.41
7.707077674000001,0.01,0.52,0.01,0.42
7.7082733260000005,0.01,0.51,0.0,0.43
7.709110291000001,0.02,0.52,0.01,0.41
7.710372072,0.02,0.51,0.02,0.41
7.712356558000001,0.01,0.52,0.01,0.42
7.713083883,0.01,0.52,0.01,0.42
7.714206271,0.01,0.52,0.01,0.42
7.7152073880000005,0.01,0.51,0.01,0.41
7.716205279,0.01,0.51,0.01,0.42
7.717202272000001,0.01,0.5,0.01,0.42
7.718202755,0.01,0.51,0.01,0.42
7.719149151000001,0.01,0.52,0.01,0.41
7.7202492320000005,0.0,0.51,0.01,0.41
7.721092563000001,0.0,0.51,0.01,0.42
7.722267321,0.01,0.52,0.0,0.41
7.723120333000001,0.0,0.51,0.01,0.42
7.724368577000001,0.0,0.51,0.01,0.42
7.726243593,0.0,0.52,0.01,0.42
7.727139913,0.0,0.51,0.01,0.42
7.728118661000001,0.0,0.52,0.0,0.41
7.729117863000001,0.01,0.51,0.01,0.42
7.730076289,0.02,0.52,0.01,0.42
7.731210402,0.02,0.52,0.02,0.42
7.732169998000001,0.0,0.51,0.01,0.42
7.733197894000001,0.0,0.52,0.0,0.41
7.7341131700000005,0.0,0.52,0.0,0.42
7.735261407,0.0,0.53,0.01,0.41
7.736127205000001,0.02,0.52,0.01,0.41
7.7371360750000004,0.01,0.52,0.01,0.42
7.738131028000001,0.0,0.5,0.0,0.41
7.739309936000001,0.01,0.52,0.01,0.4
7.741344684,0.01,0.51,0.01,0.42
7.7421026920000005,0.0,0.52,0.0,0.42
7.743197243000001,0.01,0.52,0.01,0.42
7.744194828,0.01,0.51,0.0,0.41
7.745194145,0.01,0.52,0.01,0.41
7.746186501,0.01,0.52,0.01,0.42
7.747144217000001,0.02,0.52,0.01,0.42
7.748337772,0.01,0.52,0.0,0.43
7.749103268000001,0.02,0.52,0.01,0.41
7.750269355,0.01,0.52,0.01,0.41
7.7511186930000004,0.02,0.52,0.01,0.41
7.752325773000001,0.01,0.52,0.0,0.41
7.753095611000001,0.01,0.51,0.02,0.41
7.754377237000001,0.0,0.52,0.01,0.42
7.75631217,0.01,0.52,0.01,0.41
7.757094653,0.01,0.52,0.01,0.42
7.758206419,0.0,0.51,0.01,0.42
7.759209335,0.0,0.51,0.0,0.41
7.7601973730000005,0.02,0.52,0.01,0.41
7.761159825000001,0.01,0.51,0.0,0.41
7.762156337,0.01,0.52,0.0,0.41
7.763262559,0.01,0.52,0.0,0.42
7.764137785000001,0.0,0.51,0.01,0.42
7.7653139950000005,0.0,0.52,0.01,0.42
7.766117392000001,0.01,0.52,0.01,0.42
7.767243116,0.0,0.52,0.01,0.42
7.768159840000001,0.01,0.52,0.01,0.41
7.769365226000001,0.01,0.53,0.02,0.42
7.771356086000001,0.02,0.53,0.02,0.42
7.772094206,0.02,0.52,0.01,0.42
7.773145115,0.01,0.52,0.0,0.41
7.7741446750000005,0.0,0.52,0.0,0.42
7.775368559,0.01,0.51,0.01,0.41
7.776087672,0.01,0.52,0.01,0.41
7.777383397,0.01,0.51,0.0,0.41
7.778082847,0.01,0.51,0.01,0.41
7.779349771000001,0.0,0.51,0.0,0.42
7.780091342,0.01,0.51,0.01,0.41
7.781117182000001,0.0,0.52,0.01,0.41
7.78225058,0.01,0.52,0.0,0.42
7.783123059,0.0,0.51,0.0,0.42
7.7841940780000005,0.02,0.51,0.0,0.41
7.785220870000001,0.01,0.52,0.0,0.42
7.787265854,0.01,0.51,0.0,0.42
7.7881570810000005,0.01,0.52,0.0,0.42
7.789146295,0.0,0.52,0.01,0.42
7.790210480000001,0.01,0.51,0.01,0.41
7.791202298000001,0.01,0.51,0.01,0.42
7.792200664,0.0,0.52,0.0,0.42
7.793199021,0.0,0.51,0.01,0.41
7.794203041,0.0,0.51,0.01,0.41
7.7953263,0.01,0.52,0.01,0.41
7.796099838000001,0.01,0.51,0.01,0.41
7.797272363,0.01,0.52,0.01,0.41
7.798087157,0.0,0.51,0.0,0.41
7.7993535640000005,0.01,0.51,0.01,0.41
7.801347849000001,0.01,0.51,0.01,0.41
7.802093608000001,0.01,0.51,0.0,0.41
7.803203882000001,0.0,0.51,0.0,0.41
7.8042005880000005,0.0,0.51,0.0,0.42
7.80519417,0.01,0.52,0.01,0.41
7.806187045000001,0.01,0.52,0.0,0.42
7.807191524,0.0,0.52,0.0,0.42
7.808330015,0.0,0.52,0.01,0.41
7.809103218000001,0.02,0.52,0.01,0.42
7.810351209,0.02,0.52,0.01,0.41
7.811091459000001,0.01,0.52,0.02,0.41
7.81230633,0.01,0.51,0.01,0.42
7.813088710000001,0.0,0.52,0.01,0.41
7.814340664,0.01,0.52,0.0,0.4
7.816344333000001,0.01,0.51,0.01,0.42
7.817101898000001,0.01,0.52,0.01,0.4
7.818097903000001,0.02,0.52,0.01,0.41
7.8191176140000005,0.0,0.52,0.0,0.41
7.820167353,0.01,0.52,0.01,0.42
7.821136475,0.0,0.51,0.01,0.41
7.822197666,0.0,0.52,0.0,0.42
7.823193911000001,0.01,0.52,0.01,0.42
7.824193070000001,0.0,0.52,0.0,0.41
7.825193309,0.01,0.52,0.0,0.42
7.826307073000001,0.0,0.51,0.01,0.41
7.8271093270000005,0.01,0.51,0.01,0.4
7.828279466000001,0.0,0.52,0.01,0.42
7.830308935000001,0.01,0.52,0.01,0.42
7.831106249,0.01,0.52,0.01,0.42
7.832196406,0.01,0.51,0.01,0.42
7.833197193,0.0,0.52,0.0,0.42
7.834194065,0.01,0.52,0.0,0.42
7.835190208,0.0,0.51,0.01,0.42
7.836188935000001,0.02,0.52,0.01,0.42
7.837332213000001,0.01,0.52,0.01,0.41
7.8381123640000006,0.0,0.52,0.01,0.42
7.839281478,0.01,0.51,0.0,0.42
7.840126541,0.01,0.51,0.0,0.42
7.841252239,0.01,0.51,0.01,0.42
7.842132127,0.0,0.51,0.0,0.42
7.844325576,0.0,0.5,0.0,0.42
7.845096614000001,0.0,0.52,0.0,0.42
7.846324215,0.01,0.51,0.01,0.41
7.8471017970000005,0.01,0.51,0.0,0.42
7.848334359000001,0.0,0.52,0.01,0.41
7.849093595,0.01,0.51,0.01,0.41
7.850337685,0.01,0.51,0.0,0.41
7.851086359000001,0.01,0.51,0.01,0.41
7.8523493360000005,0.01,0.51,0.0,0.42
7.853091547000001,0.01,0.52,0.0,0.41
7.854282111000001,0.01,0.51,0.01,0.41
7.8551152890000004,0.0,0.52,0.01,0.42
7.8562591390000005,0.02,0.51,0.01,0.43
7.8571635440000005,0.01,0.51,0.02,0.42
7.858107036000001,0.01,0.51,0.0,0.41
7.8603971690000005,0.01,0.51,0.0,0.41
7.861082853,0.0,0.51,0.0,0.4
7.862396703000001,0.0,0.52,0.01,0.41
7.863084189,0.01,0.51,0.0,0.42
7.864237322,0.01,0.52,0.01,0.42
7.865211206000001,0.0,0.51,0.0,0.41
7.866212647,0.01,0.52,0.01,0.41
7.867129402000001,0.01,0.52,0.01,0.41
7.868327872,0.0,0.52,0.0,0.42
7.869095886,0.02,0.52,0.01,0.41
7.8703373700000006,0.02,0.52,0.02,0.41
7.8710913300000005,0.01,0.51,0.01,0.41
7.872269109,0.0,0.52,0.01,0.42
7.873090224,0.0,0.51,0.01,0.41
7.874327109,0.01,0.51,0.0,0.42
7.875089355,0.01,0.51,0.01,0.42
7.876351431000001,0.01,0.49,0.01,0.42
7.878258169,0.01,0.51,0.01,0.41
7.879092780000001,0.0,0.51,0.01,0.41
7.880128934000001,0.01,0.51,0.01,0.41
7.881120746000001,0.01,0.52,0.01,0.41
7.882348784,0.0,0.52,0.01,0.41
7.883100069,0.01,0.51,0.0,0.41
7.884238524000001,0.0,0.51,0.0,0.41
7.885087100000001,0.01,0.51,0.0,0.42
7.8862975220000004,0.0,0.5,0.01,0.42
7.887157515,0.01,0.51,0.01,0.41
7.888215123,0.01,0.52,0.0,0.43
7.889230599,0.01,0.51,0.01,0.41
7.890120836,0.02,0.52,0.02,0.44
7.891239612000001,0.01,0.52,0.01,0.41
7.893345442,0.01,0.51,0.01,0.41
7.8941267690000005,0.01,0.51,0.0,0.41
7.895205892000001,0.01,0.5,0.01,0.41
7.896121578000001,0.01,0.51,0.01,0.41
7.897339799,0.02,0.52,0.02,0.41
7.8980956550000005,0.0,0.52,0.0,0.43
7.899340297,0.0,0.51,0.0,0.42
7.90010802,0.01,0.52,0.0,0.41
7.901115894,0.0,0.52,0.01,0.42
7.902227418000001,0.0,0.52,0.01,0.42
7.903126,0.0,0.5,0.0,0.42
7.904296357000001,0.0,0.51,0.0,0.41
7.905111738,0.01,0.52,0.01,0.41
7.906267700000001,0.0,0.52,0.01,0.41
7.908347136000001,0.01,0.51,0.01,0.42
7.909092711,0.01,0.51,0.01,0.42
7.910124345000001,0.02,0.51,0.01,0.41
7.9111240050000005,0.02,0.51,0.02,0.41
7.912115036,0.0,0.51,0.01,0.41
7.9133404700000005,0.0,0.51,0.01,0.41
7.914097639,0.0,0.51,0.01,0.41
7.91532822,0.01,0.52,0.01,0.42
7.916100075,0.01,0.51,0.01,0.42
7.917277540000001,0.01,0.51,0.01,0.42
7.918125563,0.0,0.51,0.01,0.41
7.919277865000001,0.01,0.51,0.01,0.41
7.920090987000001,0.01,0.51,0.01,0.41
7.921344979000001,0.01,0.52,0.0,0.41
7.923343303,0.01,0.51,0.01,0.42
7.924094709,0.01,0.52,0.0,0.41
7.9252053490000005,0.0,0.52,0.0,0.42
7.9262140500000005,0.0,0.51,0.0,0.42
7.927173434,0.01,0.51,0.0,0.42
7.928159774000001,0.01,0.51,0.0,0.41
7.929328633000001,0.02,0.52,0.01,0.41
7.930095768,0.01,0.52,0.02,0.42
7.9313525160000005,0.0,0.52,0.01,0.42
7.9320875630000005,0.01,0.51,0.0,0.42
7.933294077,0.0,0.52,0.01,0.42
7.93410523,0.01,0.51,0.01,0.42
7.935263795000001,0.0,0.51,0.01,0.42
7.937324517,0.01,0.51,0.01,0.4
7.9380887950000005,0.01,0.51,0.01,0.42
7.939168755000001,0.0,0.51,0.0,0.42
7.940075163,0.01,0.52,0.01,0.41
7.941136926,0.0,0.52,0.01,0.42
7.942114438000001,0.01,0.51,0.01,0.42
7.943256216000001,0.01,0.51,0.0,0.41
7.944093422000001,0.01,0.51,0.0,0.41
7.945147144000001,0.0,0.51,0.0,0.42
7.946117704000001,0.01,0.51,0.0,0.42
7.947114904,0.0,0.52,0.0,0.41
7.948256881000001,0.01,0.51,0.0,0.41
7.949095672,0.01,0.51,0.01,0.42
7.950210202,0.01,0.51,0.01,0.42
7.951214843000001,0.01,0.51,0.01,0.41
7.953278546000001,0.0,0.51,0.01,0.41
7.9540899650000005,0.0,0.52,0.0,0.42
7.955207448,0.01,0.51,0.0,0.42
7.956203899,0.01,0.51,0.01,0.41
7.957080562000001,0.01,0.51,0.01,0.43
7.958152496,0.0,0.51,0.0,0.41
7.959124366,0.01,0.51,0.0,0.41
7.960172246000001,0.01,0.5,0.01,0.41
7.9611251450000005,0.01,0.51,0.0,0.41
7.962279703,0.01,0.51,0.01,0.42
7.963100881000001,0.0,0.51,0.0,0.41
7.965354383,0.0,0.51,0.0,0.42
7.966095389,0.0,0.51,0.01,0.41
7.967140087000001,0.01,0.51,0.01,0.41
7.968210008000001,0.01,0.51,0.01,0.42
7.969199354000001,0.01,0.52,0.01,0.42
7.970192488,0.02,0.52,0.01,0.42
7.9711913480000005,0.02,0.52,0.01,0.42
7.972323467000001,0.0,0.51,0.01,0.42
7.973097738000001,0.0,0.51,0.01,0.41
7.974356949000001,0.01,0.51,0.0,0.42
7.975087868,0.01,0.51,0.01,0.42
7.976334681000001,0.0,0.51,0.01,0.42
7.9771109330000005,0.01,0.51,0.02,0.41
7.978284503,0.01,0.51,0.0,0.41
7.9790978280000004,0.01,0.51,0.0,0.42
7.980154565,0.01,0.51,0.01,0.42
7.982219988000001,0.0,0.51,0.01,0.42
7.98313422,0.01,0.51,0.0,0.4
7.984207589,0.0,0.51,0.0,0.41
7.985195808,0.01,0.52,0.0,0.42
7.986195057000001,0.01,0.51,0.01,0.42
7.9871164750000005,0.01,0.51,0.0,0.41
7.988338309,0.01,0.51,0.0,0.42
7.989099306000001,0.01,0.51,0.02,0.42
7.990335381,0.0,0.51,0.01,0.42
7.991095455000001,0.01,0.5,0.01,0.43
7.992138916000001,0.0,0.51,0.01,0.42
7.993132683000001,0.0,0.51,0.0,0.42
7.994258648000001,0.01,0.51,0.0,0.41
7.995095345,0.01,0.52,0.01,0.4
7.996323117,0.01,0.51,0.01,0.41
7.998333183000001,0.01,0.51,0.01,0.41
7.9991242510000005,0.0,0.5,0.01,0.42
8.000200367,0.0,0.51,0.0,0.41
8.001146378,0.01,0.51,0.01,0.42
8.002368141,0.0,0.51,0.0,0.42
8.003098391,0.01,0.51,0.0,0.42
8.004264114,0.0,0.51,0.0,0.42
8.00512316,0.0,0.51,0.01,0.42
8.006122505,0.01,0.51,0.0,0.42
8.007297682,0.01,0.51,0.0,0.43
8.008096037,0.01,0.51,0.0,0.41
8.009140675000001,0.02,0.51,0.01,0.41
8.010348421,0.02,0.51,0.01,0.41
8.012345341,0.02,0.51,0.01,0.42
8.013095707,0.0,0.52,0.0,0.42
8.014144256,0.01,0.51,0.0,0.41
8.015138793,0.02,0.5,0.0,0.42
8.016201589000001,0.01,0.51,0.0,0.43
8.01716421,0.01,0.51,0.02,0.41
8.018166925000001,0.01,0.5,0.01,0.42
8.019345646,0.01,0.51,0.01,0.42
8.020097541,0.01,0.51,0.01,0.42
8.021126266000001,0.01,0.5,0.01,0.42
8.022263433,0.0,0.5,0.01,0.42
8.023133221,0.0,0.51,0.0,0.42
8.024288006,0.01,0.52,0.01,0.42
8.026329941,0.0,0.51,0.01,0.42
8.027102693,0.0,0.51,0.01,0.43
8.028194695,0.01,0.51,0.01,0.4
8.029201354000001,0.01,0.52,0.0,0.42
8.030115467,0.01,0.52,0.02,0.42
8.031434434000001,0.01,0.52,0.01,0.42
8.032099075,0.0,0.51,0.0,0.42
8.03325029,0.0,0.51,0.0,0.42
8.034090534,0.0,0.51,0.0,0.41
8.035269223,0.01,0.51,0.01,0.42
8.036166219,0.01,0.51,0.01,0.41
8.037130267,0.01,0.51,0.01,0.41
8.038327526,0.0,0.51,0.0,0.42
8.039088106000001,0.0,0.51,0.01,0.41
8.040359892,0.01,0.51,0.01,0.41
8.042332832000001,0.01,0.51,0.01,0.41
8.043099522,0.01,0.5,0.01,0.42
8.04433656,0.0,0.5,0.0,0.41
8.045099388,0.01,0.52,0.0,0.42
8.046336719000001,0.0,0.51,0.01,0.42
8.047131389,0.01,0.51,0.01,0.41
8.048247703000001,0.0,0.51,0.01,0.41
8.049082716000001,0.01,0.5,0.01,0.41
8.050355538,0.01,0.51,0.02,0.42
8.051077475000001,0.01,0.5,0.01,0.42
8.052264880000001,0.01,0.5,0.01,0.41
8.053132351,0.01,0.5,0.0,0.41
8.054296542000001,0.01,0.51,0.01,0.41
8.056364114,0.01,0.51,0.01,0.42
8.057081014000001,0.02,0.52,0.01,0.42
8.058303293,0.01,0.52,0.01,0.41
8.059085277000001,0.01,0.51,0.01,0.41
8.060354385,0.0,0.5,0.0,0.41
8.061107026,0.0,0.5,0.01,0.42
8.062215755,0.01,0.51,0.01,0.42
8.06317512,0.0,0.51,0.0,0.41
8.064103522,0.01,0.51,0.01,0.42
8.065345757000001,0.01,0.5,0.01,0.42
8.066092417,0.01,0.51,0.0,0.42
8.067253113000001,0.01,0.51,0.0,0.41
8.068112057,0.02,0.5,0.01,0.41
8.069136039,0.02,0.5,0.01,0.41
8.070176464000001,0.02,0.5,0.01,0.41
8.071111878,0.01,0.51,0.01,0.42
8.072242094,0.01,0.51,0.01,0.42
8.074356671,0.0,0.51,0.0,0.42
8.075103293,0.01,0.5,0.0,0.42
8.076340599,0.01,0.51,0.01,0.41
8.077093042000001,0.01,0.51,0.02,0.43
8.078326501000001,0.01,0.5,0.01,0.42
8.079086097000001,0.0,0.51,0.01,0.41
8.080201492,0.01,0.5,0.01,0.41
8.081204736,0.01,0.51,0.0,0.41
8.082105140000001,0.0,0.51,0.0,0.41
8.083237794,0.0,0.51,0.01,0.41
8.084110995,0.0,0.5,0.0,0.41
8.085318213,0.0,0.52,0.01,0.42
8.086085047000001,0.0,0.51,0.01,0.42
8.088334272,0.01,0.5,0.0,0.41
8.089114153,0.01,0.52,0.0,0.42
8.090342178,0.01,0.51,0.02,0.41
8.091094378000001,0.01,0.5,0.01,0.41
8.092334001000001,0.01,0.51,0.01,0.41
8.093095855,0.01,0.5,0.01,0.42
8.094346295000001,0.01,0.51,0.0,0.42
8.095095650000001,0.01,0.51,0.02,0.41
8.096266881,0.01,0.51,0.02,0.43
8.097130061,0.01,0.49,0.02,0.41
8.098130719,0.0,0.51,0.0,0.42
8.099133427,0.01,0.51,0.0,0.42
8.100308786000001,0.01,0.51,0.01,0.41
8.101116048,0.0,0.5,0.01,0.41
8.102262053,0.01,0.51,0.0,0.43
8.104245926,0.0,0.51,0.01,0.42
8.105125529,0.0,0.51,0.01,0.41
8.106257449000001,0.0,0.51,0.0,0.42
8.107087791,0.0,0.51,0.01,0.41
8.108311289000001,0.0,0.51,0.0,0.42
8.109114344,0.02,0.51,0.01,0.42
8.110150849,0.02,0.52,0.02,0.41
8.111118347,0.01,0.51,0.02,0.42
8.112242707,0.01,0.51,0.0,0.41
8.113201944,0.0,0.52,0.0,0.41
8.114164066,0.0,0.51,0.0,0.41
8.115156128,0.01,0.5,0.01,0.42
8.117205133,0.02,0.5,0.01,0.41
8.118153588,0.01,0.51,0.01,0.42
8.119170916,0.0,0.5,0.0,0.41
8.120198138000001,0.01,0.51,0.02,0.42
8.121191923000001,0.01,0.51,0.01,0.42
8.122167138,0.0,0.5,0.01,0.41
8.123167589000001,0.01,0.51,0.0,0.41
8.124177743,0.01,0.5,0.01,0.42
8.125214095,0.0,0.52,0.0,0.42
8.126238299,0.01,0.51,0.0,0.42
8.127350721000001,0.01,0.52,0.0,0.41
8.128331341,0.01,0.51,0.0,0.41
8.129205952000001,0.01,0.51,0.01,0.42
8.13019908,0.01,0.51,0.01,0.41
8.131172554,0.01,0.51,0.01,0.42
8.132164162,0.0,0.51,0.01,0.42
8.134371199,0.0,0.51,0.0,0.42
8.135242182,0.0,0.5,0.01,0.42
8.136145767,0.01,0.51,0.0,0.41
8.137202478,0.01,0.51,0.01,0.41
8.138193728000001,0.01,0.51,0.0,0.41
8.139195252,0.0,0.52,0.0,0.41
8.140173415000001,0.01,0.51,0.01,0.41
8.141190021,0.01,0.5,0.01,0.41
8.142200793,0.01,0.51,0.0,0.41
8.143156788,0.0,0.5,0.0,0.41
8.144140079000001,0.01,0.51,0.0,0.42
8.145307797000001,0.0,0.51,0.0,0.42
8.146112401,0.01,0.51,0.0,0.41
8.147352704000001,0.01,0.51,0.01,0.42
8.14933707,0.01,0.51,0.0,0.43
8.150111731,0.01,0.51,0.02,0.42
8.151191801000001,0.02,0.5,0.02,0.42
8.152203672,0.0,0.51,0.01,0.41
8.153194746,0.0,0.5,0.0,0.41
8.154144376,0.0,0.52,0.0,0.41
8.155325101,0.02,0.52,0.01,0.41
8.156109848,0.01,0.51,0.02,0.42
8.157333328,0.01,0.51,0.01,0.42
8.158096183000001,0.0,0.5,0.0,0.41
8.159258706000001,0.0,0.5,0.0,0.41
8.160255600000001,0.0,0.5,0.01,0.42
8.161089182000001,0.0,0.51,0.0,0.42
8.162259092000001,0.0,0.51,0.0,0.41
8.164346309,0.0,0.51,0.0,0.41
8.165133604000001,0.0,0.51,0.01,0.41
8.16621046,0.0,0.51,0.01,0.43
8.167206782000001,0.01,0.51,0.01,0.42
8.16817131,0.01,0.51,0.0,0.42
8.169163808,0.02,0.51,0.01,0.41
8.170194369,0.01,0.51,0.01,0.4
8.171206358000001,0.01,0.51,0.01,0.41
8.172208088,0.0,0.51,0.0,0.41
8.173230467,0.01,0.5,0.01,0.41
8.174254494000001,0.0,0.51,0.0,0.41
8.175253837,0.01,0.51,0.01,0.41
8.176203555,0.01,0.51,0.01,0.42
8.178431093,0.0,0.51,0.01,0.41
8.179269816,0.0,0.5,0.0,0.41
8.180162251,0.01,0.51,0.01,0.41
8.181210864,0.01,0.51,0.01,0.41
8.182124937000001,0.01,0.51,0.0,0.42
8.183188512000001,0.01,0.51,0.0,0.41
8.184191636000001,0.0,0.51,0.0,0.41
8.185185591,0.0,0.5,0.01,0.43
8.186190816,0.01,0.52,0.01,0.43
8.187168256,0.0,0.5,0.0,0.42
8.188134225,0.01,0.51,0.01,0.42
8.189295238,0.02,0.51,0.01,0.42
8.190121701,0.02,0.51,0.02,0.42
8.191283389,0.02,0.51,0.01,0.42
8.193338472,0.01,0.5,0.0,0.41
8.194117836,0.0,0.52,0.01,0.41
8.195166798,0.01,0.5,0.02,0.42
8.196133383000001,0.0,0.51,0.01,0.41
8.197329541,0.01,0.51,0.01,0.4
8.198111829,0.02,0.51,0.01,0.41
8.199337277,0.0,0.51,0.0,0.41
8.200103503000001,0.01,0.51,0.01,0.41
8.201335036,0.01,0.5,0.01,0.42
8.202102163000001,0.0,0.51,0.0,0.42
8.203267050000001,0.0,0.51,0.0,0.42
8.204121335,0.0,0.51,0.01,0.42
8.205290981000001,0.0,0.51,0.0,0.41
8.206094837,0.01,0.51,0.0,0.42
8.207274159,0.01,0.51,0.0,0.41
8.209352833,0.01,0.51,0.01,0.42
8.210106438,0.01,0.5,0.02,0.42
8.211216917,0.01,0.5,0.01,0.42
8.212203498000001,0.01,0.51,0.0,0.41
8.21312013,0.01,0.51,0.01,0.41
8.214157417000001,0.01,0.5,0.0,0.42
8.215198101,0.01,0.51,0.01,0.4
8.216197586,0.02,0.51,0.02,0.41
8.217161977,0.01,0.51,0.01,0.41
8.218268478,0.0,0.5,0.0,0.41
8.219098690000001,0.01,0.51,0.0,0.42
8.220282295,0.01,0.5,0.01,0.41
8.221134723,0.01,0.5,0.01,0.41
8.22212581,0.01,0.5,0.0,0.41
8.223262664,0.0,0.51,0.0,0.42
8.225338373000001,0.0,0.51,0.01,0.41
8.226100821000001,0.01,0.51,0.0,0.41
8.227125449,0.0,0.5,0.01,0.41
8.228336521000001,0.01,0.5,0.01,0.41
8.229098834,0.01,0.51,0.01,0.42
8.230211377,0.01,0.5,0.01,0.41
8.231141875,0.02,0.51,0.01,0.41
8.232131661,0.0,0.51,0.01,0.41
8.233112508000001,0.0,0.51,0.0,0.41
8.234109368,0.01,0.51,0.0,0.42
8.235255377,0.01,0.51,0.02,0.42
8.23608664,0.01,0.51,0.01,0.43
8.237210948000001,0.0,0.51,0.01,0.41
8.239332588,0.0,0.5,0.0,0.41
8.240098482,0.01,0.5,0.01,0.41
8.241345065,0.01,0.5,0.01,0.41
8.242103179,0.0,0.5,0.01,0.41
8.243334914,0.02,0.5,0.0,0.41
8.244092368,0.0,0.5,0.0,0.41
8.24539238,0.01,0.51,0.0,0.42
8.246088165,0.01,0.5,0.02,0.42
8.247332016,0.0,0.51,0.0,0.41
8.248084261,0.01,0.5,0.01,0.42
8.249269033000001,0.02,0.5,0.01,0.42
8.250086173,0.01,0.51,0.01,0.42
8.251339257,0.01,0.51,0.01,0.41
8.252181002,0.01,0.49,0.01,0.41
8.254243212,0.01,0.51,0.0,0.41
8.255163634,0.01,0.51,0.01,0.42
8.256196438,0.01,0.5,0.0,0.42
8.257186824,0.01,0.5,0.01,0.41
8.258173422,0.01,0.5,0.01,0.41
8.259123983,0.01,0.5,0.01,0.42
8.260257272,0.0,0.5,0.01,0.42
8.261129103,0.01,0.51,0.01,0.42
8.262163948000001,0.0,0.51,0.01,0.42
8.263110567,0.0,0.5,0.01,0.41
8.264249865,0.0,0.5,0.0,0.42
8.265134517,0.0,0.51,0.0,0.41
8.266221615000001,0.01,0.5,0.01,0.41
8.26722067,0.01,0.51,0.0,0.42
8.268208225,0.0,0.51,0.01,0.42
8.270332797,0.01,0.5,0.02,0.42
8.271102822000001,0.01,0.5,0.01,0.42
8.272264208000001,0.0,0.5,0.01,0.42
8.273094350000001,0.0,0.51,0.0,0.41
8.274341197,0.0,0.51,0.0,0.41
8.275095165,0.02,0.51,0.02,0.41
8.276206353000001,0.03,0.51,0.01,0.42
8.277197338,0.02,0.51,0.0,0.42
8.278141275000001,0.0,0.5,0.01,0.41
8.279253755000001,0.0,0.5,0.01,0.41
8.280093955,0.0,0.51,0.01,0.41
8.281292229,0.0,0.5,0.0,0.42
8.283245629000001,0.01,0.5,0.01,0.42
8.284095114000001,0.0,0.51,0.0,0.41
8.285211609000001,0.0,0.51,0.01,0.42
8.2862145,0.0,0.5,0.01,0.42
8.287125821,0.0,0.51,0.01,0.41
8.288272235,0.0,0.51,0.0,0.41
8.289092277,0.01,0.51,0.01,0.41
8.290374604,0.02,0.51,0.01,0.42
8.291086738,0.02,0.51,0.01,0.41
8.292282833,0.0,0.51,0.01,0.42
8.293142868,0.01,0.51,0.01,0.41
8.294111451000001,0.01,0.51,0.01,0.42
8.295166827000001,0.01,0.51,0.01,0.41
8.296131467,0.01,0.51,0.01,0.42
8.29738126,0.01,0.5,0.01,0.41
8.299336137000001,0.0,0.5,0.0,0.42
8.300098890000001,0.01,0.5,0.01,0.41
8.301200909,0.01,0.51,0.01,0.42
8.302209803,0.0,0.51,0.01,0.41
8.30319059,0.01,0.51,0.01,0.42
8.304190695,0.0,0.51,0.01,0.41
8.305190997,0.01,0.51,0.01,0.41
8.306117878,0.01,0.51,0.01,0.41
8.307368985,0.0,0.51,0.01,0.41
8.30810181,0.0,0.51,0.01,0.42
8.30932171,0.02,0.51,0.02,0.42
8.310100276,0.02,0.51,0.01,0.42
8.311258459000001,0.03,0.5,0.01,0.42
8.312092041,0.01,0.51,0.01,0.41
8.313418371000001,0.01,0.51,0.01,0.42
8.315254618,0.0,0.51,0.01,0.42
8.31616966,0.01,0.51,0.01,0.42
8.317213745,0.02,0.51,0.01,0.41
8.318207139,0.01,0.51,0.0,0.4
8.319213741,0.01,0.5,0.01,0.42
8.320201627000001,0.01,0.51,0.01,0.41
8.321349273000001,0.01,0.5,0.01,0.42
8.322095349000001,0.0,0.51,0.0,0.41
8.323252443000001,0.01,0.51,0.0,0.41
8.324085375000001,0.0,0.51,0.0,0.41
8.325251119,0.0,0.51,0.01,0.42
8.326113976,0.0,0.49,0.0,0.41
8.327383104,0.01,0.5,0.0,0.41
8.329337174,0.01,0.51,0.01,0.42
8.33009535,0.01,0.51,0.02,0.42
8.331200706,0.01,0.51,0.02,0.42
8.332198254,0.0,0.5,0.0,0.42
8.333202514,0.0,0.51,0.01,0.42
8.33419259,0.0,0.51,0.01,0.43
8.335189304,0.01,0.49,0.01,0.42
8.336189174000001,0.01,0.5,0.01,0.41
8.337210143,0.01,0.51,0.01,0.41
8.338154143,0.0,0.5,0.0,0.41
8.339297829000001,0.0,0.5,0.01,0.41
8.340118799,0.01,0.5,0.01,0.42
8.341152801,0.01,0.5,0.01,0.42
8.343333212000001,0.0,0.5,0.01,0.42
8.344104940000001,0.01,0.5,0.01,0.42
8.345302699000001,0.0,0.5,0.01,0.42
8.346111039,0.01,0.5,0.01,0.41
8.347206640000001,0.0,0.51,0.0,0.41
8.348200318,0.0,0.5,0.01,0.41
8.349209437,0.01,0.5,0.01,0.42
8.350204524,0.01,0.5,0.01,0.41
8.351208307,0.0,0.5,0.01,0.42
8.35225316,0.0,0.5,0.01,0.41
8.353125142,0.0,0.5,0.01,0.41
8.354269477,0.01,0.49,0.01,0.42
8.355152917,0.01,0.51,0.0,0.42
8.356244679000001,0.02,0.51,0.01,0.41
8.3571427,0.0,0.51,0.01,0.42
8.358361024,0.01,0.5,0.01,0.4
8.360381495,0.0,0.49,0.0,0.41
8.361093821,0.0,0.5,0.0,0.42
8.362338298000001,0.01,0.5,0.01,0.42
8.363087134,0.0,0.5,0.0,0.42
8.364341576000001,0.01,0.5,0.0,0.42
8.365084887,0.01,0.5,0.01,0.41
8.366303162000001,0.01,0.49,0.01,0.42
8.367083122,0.0,0.5,0.0,0.42
8.368262203,0.01,0.5,0.0,0.42
8.369126936,0.02,0.49,0.01,0.42
8.370241665,0.02,0.5,0.01,0.41
8.371118132000001,0.02,0.5,0.01,0.41
8.372356063,0.01,0.49,0.01,0.42
8.374350470000001,0.01,0.5,0.01,0.41
8.375093429,0.01,0.49,0.01,0.41
8.376332081000001,0.01,0.5,0.0,0.42
8.377088323,0.01,0.5,0.01,0.42
8.378348125,0.01,0.48,0.01,0.41
8.379081551,0.01,0.5,0.01,0.42
8.380124246000001,0.01,0.49,0.01,0.4
8.38123676,0.01,0.48,0.0,0.42
8.382078738,0.0,0.49,0.01,0.42
8.38329996,0.01,0.49,0.0,0.42
8.384108875,0.01,0.49,0.01,0.41
8.38514291,0.01,0.5,0.02,0.41
8.386158684,0.01,0.49,0.01,0.41
8.387295316000001,0.01,0.48,0.01,0.41
8.389346092,0.01,0.5,0.01,0.42
8.390097795,0.01,0.49,0.01,0.41
8.391179947000001,0.01,0.49,0.01,0.4
8.39216593,0.01,0.48,0.01,0.4
8.39319738,0.01,0.48,0.01,0.42
8.394133755,0.0,0.49,0.0,0.42
8.395321017,0.01,0.48,0.01,0.42
8.396097492,0.01,0.48,0.01,0.42
8.397127826,0.01,0.48,0.01,0.42
8.398340248,0.0,0.48,0.01,0.42
8.399087574000001,0.0,0.49,0.01,0.41
8.400304786000001,0.01,0.48,0.01,0.41
8.401124533,0.01,0.48,0.01,0.41
8.402352016,0.0,0.48,0.0,0.41
8.404337191,0.0,0.47,0.0,0.42
8.405105151,0.01,0.47,0.0,0.42
8.406278145,0.01,0.48,0.0,0.42
8.407096123,0.0,0.47,0.01,0.42
8.408271126,0.01,0.46,0.0,0.42
8.409095051000001,0.02,0.47,0.01,0.42
8.410210048,0.02,0.47,0.02,0.42
8.411129392000001,0.02,0.47,0.01,0.42
8.412322494,0.0,0.48,0.0,0.42
8.413090494,0.0,0.47,0.0,0.42
8.414275452,0.01,0.47,0.0,0.41
8.415153669,0.0,0.46,0.01,0.41
8.416174117,0.01,0.45,0.01,0.42
8.417339124,0.0,0.47,0.0,0.4
8.419330434,0.0,0.46,0.0,0.41
8.420118774,0.0,0.46,0.01,0.41
8.421190094,0.0,0.45,0.01,0.41
8.42217589,0.01,0.45,0.0,0.42
8.423337437,0.0,0.44,0.0,0.42
8.424098653,0.0,0.46,0.0,0.42
8.425315730000001,0.0,0.45,0.0,0.42
8.426095302,0.01,0.45,0.01,0.42
8.427278111,0.0,0.43,0.0,0.42
8.428151166000001,0.0,0.46,0.01,0.42
8.429305093,0.02,0.46,0.01,0.42
8.430137053000001,0.02,0.46,0.02,0.42
8.431117050000001,0.01,0.45,0.01,0.42
8.432339353,0.01,0.45,0.0,0.42
8.434334235,0.0,0.44,0.01,0.41
8.435094692,0.0,0.44,0.01,0.42
8.436215142,0.0,0.45,0.0,0.41
8.437121252,0.01,0.44,0.01,0.42
8.438253221,0.01,0.45,0.01,0.41
8.439093435,0.0,0.45,0.01,0.42
8.440334635000001,0.01,0.47,0.02,0.41
8.441089714,0.0,0.45,0.01,0.42
8.442327324,0.0,0.45,0.01,0.42
8.443094508,0.0,0.46,0.04,0.42
8.444305436,0.0,0.45,0.05,0.41
8.445090159000001,0.01,0.44,0.04,0.41
8.446257348000001,0.0,0.44,0.05,0.42
8.447085743,0.0,0.43,0.04,0.43
8.448307815,0.0,0.48,0.06,0.42
8.450278436000001,0.01,0.49,0.06,0.42
8.451090747,0.02,0.47,0.05,0.42
8.452133337000001,0.0,0.47,0.05,0.42
8.453123937,0.0,0.49,0.06,0.42
8.454337921,0.0,0.48,0.04,0.41
8.455096473000001,0.01,0.46,0.04,0.41
8.456205093000001,0.01,0.47,0.03,0.4
8.457209971000001,0.02,0.44,0.05,0.41
8.458196697,0.0,0.45,0.05,0.41
8.459135040000001,0.01,0.41,0.05,0.42
8.460276699000001,0.01,0.41,0.05,0.42
8.461138949,0.01,0.42,0.05,0.41
8.462375082000001,0.0,0.42,0.05,0.42
8.464250857,0.0,0.42,0.06,0.41
8.465192053,0.01,0.43,0.06,0.41
8.466215443000001,0.01,0.42,0.05,0.41
8.467219854,0.01,0.41,0.06,0.4
8.46811738,0.01,0.41,0.07,0.42
8.469315896000001,0.01,0.41,0.06,0.42
8.470107636,0.01,0.41,0.07,0.41
8.471232699,0.01,0.41,0.07,0.42
8.472123899000001,0.01,0.41,0.07,0.42
8.473248224,0.01,0.42,0.08,0.41
8.47415992,0.0,0.42,0.08,0.42
8.475081345000001,0.01,0.42,0.08,0.41
8.476250568000001,0.02,0.42,0.07,0.42
8.477117658000001,0.02,0.42,0.08,0.42
8.478329323,0.0,0.41,0.07,0.41
8.480345709,0.01,0.41,0.07,0.41
8.48108167,0.01,0.41,0.07,0.41
8.482181399,0.0,0.42,0.07,0.42
8.483104302000001,0.0,0.41,0.08,0.42
8.484157851,0.0,0.41,0.08,0.41
8.485099262,0.01,0.41,0.08,0.41
8.48619218,0.01,0.41,0.08,0.41
8.487223563,0.01,0.42,0.08,0.42
8.488102954,0.01,0.41,0.09,0.41
8.489244409000001,0.02,0.41,0.13,0.41
8.490110696,0.02,0.41,0.15,0.41
8.491226903000001,0.02,0.41,0.15,0.42
8.492098133,0.0,0.41,0.16,0.42
8.493421864,0.01,0.41,0.15,0.41
8.495345420000001,0.0,0.41,0.17,0.42
8.496105076000001,0.01,0.42,0.15,0.41
8.497163707,0.01,0.41,0.15,0.42
8.498117338,0.01,0.4,0.16,0.41
8.499245204000001,0.01,0.41,0.15,0.42
8.500086036,0.01,0.41,0.15,0.42
8.501231305000001,0.0,0.42,0.16,0.41
8.502161008,0.0,0.42,0.15,0.41
8.503177475000001,0.0,0.41,0.16,0.41
8.50411109,0.0,0.41,0.17,0.42
8.505258292,0.01,0.42,0.17,0.41
8.506087478000001,0.01,0.42,0.16,0.42
8.50715445,0.01,0.42,0.17,0.42
8.508203102000001,0.01,0.42,0.17,0.41
8.51037857,0.02,0.42,0.18,0.42
8.511095265,0.01,0.42,0.16,0.42
8.512266559,0.01,0.42,0.18,0.42
8.513090492,0.01,0.42,0.16,0.42
8.514144705,0.01,0.42,0.17,0.42
8.515219458,0.01,0.41,0.17,0.4
8.516163117000001,0.01,0.41,0.16,0.42
8.51735826,0.01,0.41,0.17,0.41
8.518091895000001,0.0,0.42,0.17,0.41
8.519248691000001,0.01,0.41,0.17,0.42
8.520160811,0.01,0.42,0.18,0.42
8.521120644,0.0,0.41,0.17,0.42
8.522240171,0.0,0.41,0.16,0.41
8.523131331,0.0,0.42,0.17,0.42
8.524342588,0.0,0.41,0.17,0.42
8.526347116,0.0,0.42,0.18,0.41
8.527106609,0.0,0.41,0.17,0.42
8.528187341,0.0,0.41,0.17,0.42
8.529176595000001,0.01,0.42,0.18,0.42
8.530114437,0.02,0.42,0.17,0.43
8.531269983000001,0.02,0.42,0.17,0.42
8.532136491000001,0.01,0.42,0.16,0.42
8.533354693,0.0,0.42,0.17,0.42
8.534088168,0.01,0.42,0.18,0.42
8.535289039,0.01,0.39,0.17,0.41
8.536155365,0.02,0.41,0.26,0.41
8.537184983000001,0.01,0.42,0.27,0.4
8.538219352,0.01,0.41,0.27,0.42
8.539216062000001,0.0,0.41,0.26,0.41
8.540352474,0.0,0.42,0.27,0.42
8.54234338,0.0,0.42,0.26,0.42
8.543083195000001,0.0,0.41,0.26,0.42
8.544224581,0.0,0.42,0.28,0.42
8.545221781,0.0,0.42,0.28,0.42
8.546209787,0.01,0.42,0.25,0.43
8.547209768,0.01,0.42,0.29,0.41
8.548184635,0.01,0.41,0.31,0.41
8.549305308000001,0.01,0.41,0.31,0.42
8.550113411,0.01,0.41,0.31,0.42
8.551260577,0.0,0.41,0.31,0.42
8.552126694,0.0,0.42,0.31,0.42
8.553362036000001,0.0,0.42,0.3,0.41
8.555358279,0.01,0.42,0.29,0.42
8.556091363,0.01,0.41,0.31,0.41
8.557335855,0.01,0.42,0.31,0.42
8.558089499000001,0.01,0.41,0.31,0.42
8.559211961,0.0,0.41,0.3,0.41
8.560202689,0.0,0.41,0.31,0.41
8.561116158,0.0,0.41,0.31,0.41
8.562273277000001,0.0,0.42,0.3,0.41
8.563133779000001,0.0,0.41,0.32,0.42
8.564322305000001,0.0,0.41,0.32,0.42
8.565091575,0.0,0.41,0.32,0.42
8.566254838,0.01,0.41,0.32,0.42
8.567081311,0.01,0.42,0.31,0.42
8.568359407,0.01,0.41,0.32,0.41
8.57035843,0.02,0.41,0.32,0.41
8.571086928,0.01,0.41,0.32,0.41
8.572211926000001,0.01,0.41,0.31,0.42
8.573215508,0.0,0.42,0.33,0.42
8.574204844,0.0,0.43,0.32,0.41
8.575148431,0.02,0.41,0.33,0.42
8.576273972000001,0.01,0.43,0.33,0.42
8.577137981,0.01,0.41,0.33,0.42
8.578374498,0.01,0.41,0.33,0.42
8.579084847,0.01,0.42,0.33,0.41
8.580332201000001,0.01,0.41,0.33,0.41
8.581108833,0.01,0.4,0.34,0.41
8.582282984,0.0,0.42,0.34,0.42
8.583176817,0.0,0.41,0.35,0.42
8.584344358000001,0.0,0.42,0.34,0.42
8.586354693,0.0,0.41,0.35,0.42
8.587082256,0.01,0.41,0.34,0.42
8.588346002,0.0,0.42,0.34,0.42
8.589085257,0.01,0.42,0.34,0.41
8.590350413000001,0.02,0.42,0.34,0.41
8.591078702,0.02,0.43,0.35,0.41
8.592250332,0.01,0.42,0.34,0.41
8.593072456,0.01,0.41,0.35,0.41
8.594179441000001,0.01,0.41,0.34,0.42
8.595108159,0.01,0.41,0.34,0.41
8.596247515,0.01,0.41,0.34,0.42
8.597144787000001,0.01,0.41,0.34,0.41
8.598204625000001,0.01,0.42,0.34,0.41
8.599201359,0.01,0.42,0.34,0.42
8.601354377,0.01,0.41,0.35,0.42
8.602085038,0.01,0.42,0.34,0.42
8.603336991,0.0,0.42,0.35,0.41
8.604114833,0.0,0.42,0.35,0.41
8.605267803,0.0,0.42,0.34,0.42
8.60617601,0.01,0.42,0.35,0.42
8.607235519000001,0.0,0.42,0.33,0.41
8.608205688,0.01,0.42,0.35,0.43
8.609140989,0.02,0.43,0.36,0.42
8.610239324,0.01,0.42,0.35,0.42
8.611158855000001,0.01,0.42,0.36,0.43
8.612118777000001,0.0,0.42,0.34,0.42
8.613177416000001,0.0,0.41,0.34,0.42
8.614108947,0.01,0.42,0.35,0.41
8.615351099,0.02,0.41,0.34,0.42
8.617336657000001,0.02,0.4,0.35,0.42
8.618095329,0.02,0.41,0.34,0.42
8.619201554,0.0,0.42,0.33,0.41
8.620205144,0.0,0.41,0.35,0.41
8.621195642,0.01,0.42,0.34,0.41
8.622193475000001,0.0,0.42,0.34,0.41
8.623118608,0.0,0.41,0.34,0.42
8.624325881,0.01,0.42,0.35,0.41
8.625098894,0.01,0.41,0.34,0.41
8.62627041,0.01,0.41,0.35,0.41
8.627095978,0.01,0.42,0.34,0.42
8.628278292000001,0.01,0.42,0.35,0.41
8.629093418,0.01,0.41,0.33,0.42
8.630296025,0.01,0.42,0.34,0.42
8.632337169000001,0.0,0.42,0.33,0.41
8.633102199000001,0.0,0.41,0.34,0.41
8.634190577,0.0,0.41,0.35,0.42
8.635219995,0.02,0.42,0.35,0.42
8.636198158000001,0.02,0.42,0.35,0.42
8.637189477,0.01,0.41,0.34,0.42
8.638192508000001,0.01,0.41,0.33,0.42
8.639156529000001,0.01,0.41,0.34,0.42
8.640272412,0.01,0.41,0.34,0.41
8.641132091000001,0.01,0.42,0.35,0.41
8.642265266,0.0,0.42,0.34,0.42
8.643093851,0.01,0.4,0.35,0.41
8.644278822,0.01,0.41,0.35,0.42
8.64633452,0.02,0.42,0.34,0.41
8.647101493000001,0.01,0.41,0.35,0.42
8.648197171000001,0.0,0.41,0.35,0.42
8.649195281,0.01,0.42,0.35,0.42
8.650197332000001,0.01,0.41,0.35,0.42
8.651192075,0.02,0.42,0.35,0.42
8.652192043000001,0.01,0.42,0.34,0.43
8.653346517000001,0.01,0.42,0.34,0.41
8.654103293,0.0,0.41,0.35,0.43
8.655293594,0.01,0.41,0.36,0.41
8.656124455,0.02,0.41,0.34,0.41
8.657253273,0.01,0.42,0.34,0.41
8.658161734,0.01,0.42,0.34,0.42
8.659363053,0.01,0.42,0.34,0.42
8.661253716000001,0.0,0.41,0.35,0.42
8.662089993,0.0,0.41,0.35,0.41
8.66315704,0.0,0.43,0.34,0.42
8.664203846000001,0.0,0.42,0.35,0.41
8.665196774,0.0,0.41,0.35,0.41
8.666193147000001,0.01,0.42,0.35,0.42
8.667351269000001,0.01,0.42,0.35,0.4
8.66809821,0.01,0.41,0.35,0.42
8.669190909000001,0.01,0.41,0.35,0.42
8.670146337,0.01,0.41,0.34,0.42
8.671290732000001,0.01,0.41,0.34,0.41
8.672122496,0.01,0.41,0.34,0.41
8.673273627,0.01,0.41,0.35,0.41
8.674094295,0.0,0.41,0.35,0.41
8.675345137,0.01,0.42,0.34,0.42
8.677344346,0.01,0.42,0.35,0.42
8.678089005,0.0,0.41,0.35,0.42
8.679214451,0.0,0.41,0.35,0.41
8.680206812,0.01,0.42,0.34,0.41
8.681203543,0.01,0.42,0.35,0.41
8.682202664,0.0,0.41,0.35,0.42
8.683204526,0.0,0.42,0.35,0.42
8.684169521000001,0.01,0.42,0.35,0.41
8.685133785,0.01,0.42,0.35,0.41
8.686278020000001,0.01,0.41,0.35,0.43
8.687090562,0.0,0.42,0.35,0.42
8.688260362000001,0.01,0.42,0.35,0.43
8.689161311000001,0.01,0.42,0.35,0.42
8.690339423000001,0.01,0.42,0.36,0.42
8.692346179000001,0.01,0.41,0.35,0.42
8.693093718,0.01,0.42,0.35,0.42
8.694229911,0.01,0.42,0.35,0.41
8.695218133000001,0.0,0.41,0.34,0.41
8.69621172,0.02,0.41,0.34,0.42
8.697203732,0.01,0.42,0.35,0.42
8.698195889,0.0,0.42,0.35,0.42
8.699178392,0.0,0.41,0.34,0.42
8.70026404,0.0,0.42,0.35,0.42
8.701168649000001,0.0,0.41,0.35,0.42
8.702130857,0.01,0.42,0.35,0.41
8.703309257,0.0,0.41,0.35,0.41
8.705342908,0.0,0.42,0.35,0.43
8.706098265000001,0.01,0.41,0.35,0.41
8.707198262,0.01,0.41,0.35,0.42
8.708207433,0.0,0.42,0.35,0.42
8.709195579000001,0.01,0.41,0.35,0.41
8.710194687000001,0.02,0.41,0.35,0.41
8.711196454000001,0.01,0.41,0.35,0.41
8.712157067,0.01,0.42,0.36,0.41
8.713266491,0.01,0.43,0.34,0.41
8.714104127,0.01,0.41,0.35,0.42
8.715278254000001,0.01,0.42,0.35,0.42
8.716127411,0.01,0.42,0.35,0.42
8.717263238000001,0.0,0.41,0.35,0.42
8.718091423,0.01,0.42,0.35,0.41
8.719384903,0.01,0.42,0.34,0.41
8.720085006,0.01,0.42,0.34,0.41
8.721350357,0.0,0.41,0.36,0.42
8.723338554,0.01,0.42,0.35,0.43
8.724120672,0.01,0.42,0.34,0.43
8.725320745000001,0.01,0.42,0.35,0.42
8.7261165,0.01,0.41,0.35,0.42
8.727276852000001,0.01,0.41,0.35,0.42
8.728129840000001,0.01,0.42,0.35,0.42
8.729222881,0.01,0.42,0.35,0.42
8.730187404,0.02,0.42,0.35,0.42
8.731136214000001,0.01,0.43,0.34,0.42
8.732302659,0.01,0.42,0.34,0.42
8.733122381000001,0.01,0.42,0.34,0.43
8.734092013,0.01,0.42,0.34,0.41
8.735327208000001,0.01,0.41,0.34,0.41
8.737371427000001,0.01,0.42,0.34,0.41
8.738090504,0.0,0.42,0.34,0.42
8.739201675,0.01,0.42,0.34,0.42
8.74020687,0.0,0.42,0.34,0.42
8.741199333,0.01,0.41,0.35,0.42
8.742193687,0.0,0.41,0.34,0.42
8.743188592000001,0.0,0.42,0.34,0.41
8.744192035000001,0.0,0.41,0.34,0.42
8.745330076,0.0,0.42,0.34,0.41
8.746107604,0.0,0.42,0.34,0.42
8.747138043000001,0.0,0.42,0.34,0.42
8.748150611,0.01,0.42,0.34,0.41
8.749155378000001,0.02,0.41,0.33,0.42
8.750207495,0.01,0.41,0.34,0.41
8.751200953,0.0,0.41,0.33,0.42
8.753331624000001,0.0,0.42,0.33,0.41
8.754110956,0.0,0.42,0.33,0.42
8.755163459,0.02,0.42,0.35,0.42
8.75619546,0.02,0.42,0.35,0.42
8.757189959,0.01,0.41,0.35,0.42
8.758193305,0.01,0.41,0.34,0.42
8.759187909000001,0.01,0.42,0.34,0.41
8.760199602,0.01,0.42,0.35,0.42
8.761166358,0.01,0.41,0.34,0.43
8.762317020000001,0.0,0.42,0.34,0.41
8.763110847,0.01,0.42,0.34,0.41
8.764148924,0.0,0.41,0.34,0.42
8.765199741,0.0,0.42,0.35,0.42
8.767346837,0.01,0.43,0.35,0.41
8.768113124000001,0.01,0.41,0.34,0.42
8.769331321000001,0.01,0.43,0.35,0.42
8.770112816000001,0.02,0.41,0.35,0.41
8.771335405,0.02,0.41,0.35,0.43
8.772097462000001,0.0,0.42,0.35,0.42
8.773327514,0.0,0.42,0.35,0.42
8.774091536,0.01,0.42,0.33,0.43
8.775282857,0.0,0.41,0.34,0.43
8.776154205000001,0.01,0.42,0.34,0.41
8.777281017,0.01,0.42,0.34,0.42
8.778108898000001,0.0,0.41,0.34,0.42
8.779284370000001,0.01,0.41,0.34,0.42
8.781358174000001,0.0,0.41,0.35,0.42
8.782084376,0.0,0.42,0.35,0.41
8.783347073,0.0,0.42,0.35,0.42
8.784078705,0.0,0.41,0.34,0.41
8.785261361,0.01,0.41,0.35,0.42
8.786085416,0.0,0.42,0.34,0.42
8.787237787,0.0,0.41,0.34,0.42
8.788219643,0.01,0.42,0.35,0.42
8.789173255,0.02,0.41,0.34,0.42
8.790212066,0.02,0.41,0.34,0.41
8.79121087,0.02,0.42,0.34,0.41
8.792152778,0.0,0.42,0.35,0.41
8.79328581,0.0,0.42,0.35,0.41
8.794116019,0.0,0.42,0.35,0.41
8.79535306,0.01,0.43,0.35,0.41
8.797329945000001,0.01,0.42,0.35,0.42
8.798093811000001,0.01,0.42,0.34,0.42
8.799338082,0.0,0.42,0.35,0.41
8.800086594,0.01,0.42,0.35,0.41
8.801355186,0.0,0.41,0.35,0.42
8.802086971000001,0.0,0.41,0.35,0.41
8.803228399,0.01,0.42,0.35,0.41
8.80421057,0.0,0.42,0.34,0.43
8.805210556,0.01,0.42,0.34,0.42
8.806203635000001,0.0,0.43,0.35,0.43
8.807139177,0.0,0.43,0.35,0.41
8.808282530000001,0.01,0.42,0.35,0.42
8.809123426000001,0.01,0.41,0.35,0.42
8.810138984,0.01,0.42,0.35,0.41
8.811110275,0.01,0.42,0.35,0.42
8.812347519000001,0.01,0.41,0.34,0.42
8.814157581,0.0,0.43,0.35,0.42
8.815223794000001,0.01,0.42,0.33,0.41
8.81620944,0.02,0.41,0.35,0.41
8.817210619,0.01,0.42,0.35,0.42
8.818203691,0.01,0.41,0.35,0.42
8.819309209,0.0,0.41,0.35,0.42
8.820091588,0.01,0.41,0.34,0.41
8.821337356,0.01,0.41,0.35,0.42
8.822106966,0.0,0.42,0.34,0.42
8.823308383,0.0,0.42,0.35,0.41
8.824136297,0.0,0.41,0.35,0.42
8.825351017000001,0.01,0.42,0.35,0.42
8.827342283,0.01,0.42,0.35,0.42
8.828078316000001,0.01,0.42,0.35,0.43
8.829343692,0.01,0.42,0.35,0.41
8.830081639000001,0.02,0.42,0.35,0.42
8.831347074,0.02,0.44,0.35,0.41
8.832084234,0.0,0.42,0.34,0.42
8.833217856000001,0.0,0.42,0.35,0.41
8.834222048,0.01,0.42,0.34,0.42
8.835170819,0.01,0.42,0.35,0.42
8.836078826000001,0.02,0.41,0.35,0.42
8.837105255,0.01,0.42,0.35,0.41
8.838119383,0.0,0.42,0.34,0.41
8.839350600000001,0.01,0.4,0.35,0.42
8.841380447,0.0,0.42,0.35,0.42
8.842103663000001,0.01,0.42,0.35,0.42
8.843207756,0.0,0.42,0.35,0.42
8.844198284,0.0,0.42,0.35,0.42
8.845128005000001,0.0,0.42,0.35,0.41
8.846332700000001,0.01,0.42,0.35,0.42
8.847103739000001,0.0,0.42,0.35,0.41
8.848206804,0.01,0.41,0.35,0.41
8.849204273,0.01,0.42,0.35,0.42
8.850133743,0.01,0.41,0.35,0.42
8.851143166,0.01,0.42,0.35,0.41
8.852128749,0.01,0.42,0.35,0.41
8.853271161,0.0,0.42,0.35,0.42
8.854095201,0.0,0.41,0.36,0.42
8.855209353000001,0.01,0.42,0.34,0.42
8.857334889,0.01,0.41,0.35,0.43
8.858110168000001,0.01,0.42,0.35,0.42
8.859201523000001,0.01,0.41,0.35,0.41
8.860202471000001,0.01,0.42,0.35,0.42
8.861191704000001,0.01,0.42,0.34,0.41
8.862192339,0.0,0.43,0.35,0.42
8.863189669,0.0,0.42,0.35,0.42
8.864200648,0.0,0.42,0.35,0.41
8.865172963000001,0.01,0.4,0.35,0.42
8.866324995000001,0.01,0.42,0.35,0.42
8.86710379,0.0,0.42,0.35,0.42
8.868275452,0.01,0.43,0.35,0.42
8.869095092,0.02,0.43,0.35,0.42
8.870315379000001,0.02,0.43,0.35,0.42
8.872272333,0.0,0.41,0.35,0.42
8.873130853000001,0.0,0.41,0.35,0.42
8.874219176,0.0,0.42,0.35,0.42
8.875214135,0.01,0.41,0.34,0.42
8.876216879000001,0.01,0.41,0.34,0.42
8.877115112,0.01,0.41,0.35,0.41
8.878253488,0.0,0.42,0.35,0.42
8.879092354,0.01,0.41,0.35,0.42
8.880284579000001,0.0,0.41,0.35,0.42
8.881146445,0.0,0.41,0.34,0.42
8.882116629,0.0,0.42,0.34,0.42
8.883236836,0.0,0.42,0.34,0.42
8.885314534,0.0,0.42,0.35,0.41
8.886087158,0.01,0.42,0.34,0.41
8.887354684,0.01,0.42,0.34,0.42
8.888090609,0.0,0.42,0.34,0.41
8.889123129,0.01,0.42,0.34,0.42
8.890208328,0.02,0.41,0.33,0.41
8.891118392000001,0.02,0.42,0.33,0.41
8.892324418000001,0.02,0.41,0.34,0.41
8.893094144,0.01,0.42,0.33,0.41
8.894333482,0.01,0.41,0.34,0.41
8.895123653,0.01,0.42,0.34,0.43
8.896209651000001,0.01,0.42,0.34,0.43
8.897121888000001,0.01,0.42,0.34,0.42
8.898166601,0.01,0.42,0.33,0.41
8.899148782000001,0.01,0.42,0.34,0.41
8.900365338,0.01,0.42,0.33,0.41
8.902231854,0.0,0.42,0.34,0.42
8.903133114000001,0.0,0.42,0.33,0.42
8.904148314,0.0,0.42,0.34,0.42
8.905111108,0.0,0.42,0.33,0.43
8.906217668,0.01,0.42,0.34,0.42
8.907112866,0.0,0.42,0.33,0.42
8.908242842,0.01,0.41,0.35,0.42
8.909131232,0.02,0.42,0.35,0.43
8.910347834000001,0.01,0.42,0.35,0.42
8.911083962000001,0.01,0.42,0.34,0.42
8.9122453,0.0,0.41,0.34,0.41
8.913116972000001,0.0,0.42,0.34,0.42
8.914139058,0.0,0.42,0.33,0.42
8.915352761000001,0.01,0.41,0.34,0.42
8.917339896000001,0.01,0.42,0.33,0.41
8.918095271,0.02,0.42,0.34,0.4
8.919175133000001,0.0,0.41,0.34,0.42
8.920115046000001,0.0,0.41,0.34,0.4
8.921276108,0.0,0.41,0.34,0.42
8.922143201,0.0,0.41,0.34,0.42
8.923083955000001,0.0,0.41,0.34,0.41
8.924251668,0.0,0.41,0.34,0.41
8.925088129,0.01,0.42,0.33,0.42
8.926136333,0.02,0.42,0.33,0.42
8.927114959,0.01,0.42,0.34,0.41
8.928246368,0.01,0.41,0.34,0.42
8.929125304000001,0.02,0.41,0.34,0.41
8.930267631000001,0.02,0.42,0.33,0.42
8.932341285,0.01,0.43,0.34,0.42
8.933098828,0.0,0.42,0.34,0.42
8.934309745,0.0,0.42,0.34,0.42
8.935089078,0.01,0.42,0.34,0.43
8.936341625,0.01,0.42,0.34,0.42
8.937084201000001,0.01,0.41,0.34,0.42
8.938306106,0.0,0.41,0.33,0.42
8.939091883,0.0,0.42,0.33,0.41
8.940355251,0.01,0.41,0.33,0.41
8.941088023,0.01,0.42,0.33,0.42
8.942243774000001,0.0,0.42,0.33,0.42
8.943129028000001,0.0,0.42,0.33,0.42
8.944249583000001,0.01,0.42,0.33,0.42
8.945159832,0.01,0.41,0.34,0.42
8.946351550000001,0.01,0.41,0.32,0.41
8.948349034000001,0.01,0.41,0.33,0.42
8.949089436000001,0.01,0.42,0.33,0.42
8.950209426,0.02,0.41,0.33,0.42
8.951118499,0.01,0.42,0.35,0.42
8.952253376,0.01,0.42,0.33,0.41
8.953089885,0.0,0.41,0.33,0.42
8.954140389,0.0,0.41,0.33,0.41
8.955303056,0.01,0.41,0.33,0.41
8.956118128,0.01,0.41,0.32,0.42
8.957268681,0.01,0.42,0.33,0.41
8.958088183000001,0.0,0.41,0.32,0.41
8.959287844,0.0,0.41,0.32,0.41
8.960169794,0.0,0.42,0.32,0.42
8.961233326,0.0,0.41,0.32,0.42
8.963245787,0.0,0.42,0.32,0.41
8.964114039,0.0,0.42,0.32,0.42
8.965122698,0.02,0.42,0.33,0.41
8.966162553,0.01,0.42,0.32,0.42
8.967171716000001,0.0,0.42,0.32,0.41
8.968158913,0.01,0.41,0.32,0.42
8.969322258,0.02,0.41,0.31,0.41
8.970093155,0.02,0.42,0.31,0.41
8.971275217,0.01,0.42,0.32,0.41
8.972087775,0.0,0.42,0.32,0.41
8.973405999,0.0,0.41,0.32,0.42
8.974086364,0.01,0.41,0.32,0.42
8.975347841000001,0.01,0.42,0.32,0.42
8.977271525,0.01,0.41,0.32,0.41
8.978172662,0.0,0.41,0.33,0.41
8.979211586,0.01,0.41,0.32,0.41
8.98021215,0.01,0.42,0.32,0.41
8.981212618,0.01,0.41,0.32,0.41
8.982202808,0.01,0.42,0.32,0.42
8.983205444000001,0.0,0.41,0.32,0.41
8.984113768,0.0,0.42,0.33,0.42
8.985315401000001,0.01,0.41,0.33,0.42
8.986116500000001,0.0,0.41,0.34,0.42
8.987284650000001,0.0,0.42,0.33,0.42
8.988092023,0.01,0.43,0.33,0.42
8.989278966,0.02,0.43,0.34,0.42
8.991314370000001,0.02,0.43,0.34,0.42
8.99212468,0.01,0.43,0.33,0.42
8.993210868,0.0,0.41,0.33,0.43
8.994209798,0.01,0.43,0.33,0.42
8.995116895,0.01,0.41,0.33,0.42
8.996264101000001,0.01,0.41,0.33,0.43
8.997090563,0.01,0.42,0.32,0.4
8.998259951000001,0.01,0.42,0.32,0.42
8.999132283,0.0,0.42,0.33,0.41
9.000213647,0.01,0.42,0.34,0.42
9.00117129,0.01,0.41,0.34,0.42
9.002123994,0.0,0.43,0.34,0.42
9.003288013,0.0,0.42,0.33,0.41
9.004091685,0.0,0.42,0.33,0.43
9.005321723,0.02,0.41,0.34,0.42
9.007306894000001,0.01,0.41,0.34,0.42
9.008102359,0.01,0.42,0.34,0.41
9.009167983000001,0.01,0.42,0.32,0.42
9.010204684000001,0.01,0.41,0.34,0.42
9.011202954,0.01,0.41,0.34,0.42
9.012191236000001,0.0,0.41,0.33,0.42
9.013191717,0.0,0.42,0.33,0.42
9.014329536,0.0,0.42,0.34,0.41
9.015106885,0.01,0.42,0.34,0.43
9.016162821,0.01,0.42,0.33,0.41
9.017120748,0.01,0.41,0.34,0.42
9.018268202,0.0,0.42,0.33,0.42
9.019126328,0.01,0.41,0.33,0.41
9.020330314,0.01,0.41,0.34,0.42
9.02109427,0.0,0.42,0.33,0.42
9.022348367000001,0.01,0.42,0.33,0.41
9.024337906000001,0.0,0.41,0.34,0.42
9.025095214,0.01,0.43,0.33,0.42
9.026268005,0.01,0.42,0.33,0.42
9.027092201,0.0,0.42,0.34,0.43
9.028216686,0.01,0.42,0.34,0.42
9.029114204,0.02,0.42,0.33,0.41
9.030353806,0.01,0.42,0.33,0.42
9.031083104,0.02,0.42,0.33,0.41
9.032300977,0.0,0.43,0.33,0.41
9.033080671,0.01,0.43,0.34,0.42
9.034249917,0.01,0.43,0.33,0.43
9.035186394,0.02,0.42,0.33,0.4
9.036226269,0.01,0.42,0.33,0.43
9.038334488,0.01,0.42,0.34,0.41
9.039134335,0.02,0.42,0.34,0.41
9.040220051,0.01,0.42,0.33,0.41
9.041216416000001,0.0,0.42,0.32,0.42
9.042206975000001,0.0,0.42,0.34,0.41
9.043204343000001,0.01,0.42,0.33,0.42
9.044211438000001,0.01,0.42,0.33,0.42
9.04533546,0.0,0.42,0.34,0.42
9.046094643,0.0,0.42,0.33,0.42
9.047302727,0.0,0.42,0.34,0.41
9.048088125000001,0.01,0.43,0.34,0.42
9.049256284,0.01,0.43,0.33,0.42
9.050128786,0.02,0.43,0.34,0.42
9.051148481,0.0,0.42,0.33,0.42
9.052231792,0.01,0.42,0.33,0.42
9.054347515,0.01,0.42,0.33,0.42
9.055095166000001,0.0,0.43,0.33,0.42
9.056219249,0.01,0.42,0.33,0.41
9.057116368,0.01,0.41,0.33,0.42
9.058355946,0.0,0.42,0.32,0.42
9.059090359,0.01,0.41,0.33,0.42
9.060338598000001,0.02,0.43,0.33,0.41
9.061112752000001,0.01,0.42,0.33,0.43
9.062283424,0.0,0.42,0.32,0.41
9.063078038,0.0,0.41,0.33,0.41
9.064247876000001,0.01,0.42,0.34,0.41
9.065162644,0.01,0.41,0.32,0.42
9.067348558,0.01,0.42,0.32,0.43
9.068085507000001,0.0,0.43,0.32,0.42
9.06920738,0.01,0.41,0.34,0.43
9.07020245,0.01,0.42,0.33,0.43
9.071166505,0.01,0.42,0.32,0.43
9.072228308,0.0,0.42,0.32,0.41
9.073213238000001,0.0,0.43,0.33,0.42
9.074142001,0.0,0.42,0.31,0.42
9.075378661,0.0,0.42,0.32,0.41
9.076091379000001,0.01,0.42,0.32,0.42
9.077245356,0.01,0.42,0.32,0.41
9.078086422,0.0,0.41,0.32,0.41
9.079146156,0.01,0.43,0.32,0.41
9.081267511,0.0,0.42,0.32,0.4
9.08213884,0.0,0.42,0.32,0.42
9.08320101,0.0,0.42,0.32,0.43
9.084204993,0.0,0.42,0.32,0.42
9.085196312,0.01,0.43,0.31,0.41
9.086134933,0.01,0.42,0.32,0.41
9.087286892,0.01,0.41,0.32,0.41
9.088099235000001,0.01,0.42,0.32,0.42
9.089146371,0.01,0.43,0.3,0.42
9.090121352,0.01,0.41,0.29,0.42
9.091334177,0.01,0.42,0.29,0.42
9.092094258000001,0.01,0.41,0.28,0.41
9.093247068,0.0,0.43,0.29,0.42
9.094087275,0.01,0.43,0.27,0.4
9.095289409000001,0.01,0.42,0.29,0.42
9.096128647,0.01,0.42,0.27,0.43
9.097326476000001,0.01,0.45,0.25,0.41
9.099344276,0.01,0.43,0.22,0.42
9.100093306,0.0,0.44,0.18,0.41
9.10112409,0.01,0.43,0.19,0.41
9.102207061000001,0.01,0.42,0.18,0.41
9.103111924,0.0,0.42,0.18,0.42
9.104338517,0.01,0.42,0.18,0.41
9.105090438000001,0.01,0.43,0.19,0.4
9.106216609,0.01,0.42,0.18,0.42
9.107255713,0.0,0.42,0.19,0.41
9.108133876,0.01,0.43,0.19,0.42
9.109241946000001,0.02,0.43,0.18,0.43
9.110090175,0.02,0.43,0.18,0.42
9.111266266000001,0.01,0.42,0.18,0.42
9.112087084,0.0,0.43,0.18,0.42
9.113369655000001,0.0,0.42,0.18,0.41
9.115336820000001,0.0,0.42,0.17,0.42
9.116101738000001,0.01,0.42,0.17,0.41
9.117202613,0.01,0.42,0.17,0.41
9.118196088000001,0.0,0.42,0.17,0.41
9.11912588,0.01,0.42,0.17,0.42
9.120189881,0.0,0.41,0.18,0.43
9.121146481,0.0,0.43,0.18,0.42
9.122322884,0.0,0.42,0.18,0.42
9.123103236,0.0,0.42,0.16,0.42
9.124297587000001,0.01,0.42,0.17,0.42
9.125103388000001,0.01,0.41,0.17,0.41
9.126301959000001,0.01,0.42,0.16,0.42
9.127100045,0.0,0.42,0.16,0.42
9.128276306,0.02,0.41,0.1,0.41
9.130336817,0.01,0.41,0.09,0.42
9.131095627,0.01,0.41,0.08,0.42
9.132132821,0.01,0.42,0.08,0.42
9.133204354,0.0,0.42,0.09,0.42
9.13420324,0.0,0.42,0.08,0.41
9.135196904,0.01,0.41,0.08,0.42
9.136195793,0.01,0.43,0.09,0.42
9.137287481000001,0.01,0.42,0.09,0.4
9.138118631000001,0.01,0.42,0.08,0.41
9.139281643,0.01,0.42,0.08,0.41
9.140128117,0.0,0.42,0.09,0.42
9.141304026,0.01,0.42,0.08,0.42
9.143319117,0.0,0.43,0.07,0.41
9.144100850000001,0.01,0.42,0.07,0.41
9.145132592000001,0.0,0.42,0.07,0.42
9.146155823,0.0,0.42,0.07,0.42
9.147207027,0.01,0.41,0.08,0.42
9.148197384000001,0.01,0.42,0.07,0.42
9.14912029,0.01,0.43,0.07,0.42
9.150257877000001,0.02,0.42,0.06,0.42
9.151155545,0.01,0.42,0.06,0.42
9.152164694000001,0.01,0.42,0.05,0.42
9.153289650000001,0.01,0.42,0.04,0.41
9.154092554,0.01,0.42,0.01,0.42
9.155290208,0.01,0.4,0.01,0.41
9.156123467,0.01,0.41,0.01,0.41
9.15733791,0.01,0.42,0.0,0.42
9.159334876,0.0,0.41,0.0,0.42
9.16009343,0.01,0.41,0.01,0.42
9.161268715,0.01,0.42,0.01,0.42
9.162146278,0.0,0.44,0.0,0.42
9.16314872,0.0,0.42,0.01,0.42
9.164228788,0.0,0.41,0.0,0.42
9.165217294000001,0.0,0.42,0.01,0.42
9.166133141000001,0.01,0.42,0.01,0.42
9.167251826000001,0.0,0.43,0.0,0.42
9.168124539,0.01,0.42,0.01,0.41
9.169252098000001,0.01,0.42,0.01,0.42
9.170132218000001,0.02,0.42,0.01,0.41
9.171331116000001,0.01,0.43,0.01,0.41
9.173343998,0.01,0.43,0.01,0.42
9.174085718,0.01,0.43,0.01,0.41
9.175147114000001,0.01,0.42,0.01,0.42
9.176385309,0.0,0.43,0.01,0.41
9.177087625,0.01,0.43,0.01,0.42
9.178342938,0.0,0.43,0.0,0.42
9.179080411000001,0.01,0.43,0.0,0.42
9.180242407,0.0,0.43,0.01,0.42
9.181123031,0.0,0.41,0.0,0.43
9.182279222,0.0,0.43,0.0,0.42
9.183083530000001,0.0,0.43,0.0,0.42
9.184248384,0.01,0.44,0.0,0.41
9.18512675,0.01,0.43,0.0,0.42
9.186136482,0.01,0.43,0.0,0.41
9.187104483,0.0,0.43,0.0,0.42
9.189346844000001,0.01,0.43,0.01,0.42
9.19009334,0.01,0.41,0.01,0.41
9.191200386,0.01,0.41,0.02,0.42
9.192203773000001,0.01,0.41,0.01,0.42
9.193194842,0.01,0.42,0.01,0.41
9.194195879,0.0,0.41,0.0,0.42
9.195197109,0.01,0.42,0.01,0.42
9.196326402,0.01,0.42,0.01,0.42
9.197104442,0.01,0.42,0.01,0.43
9.198160567,0.0,0.42,0.01,0.41
9.19914361,0.01,0.41,0.01,0.42
9.200152691000001,0.01,0.41,0.01,0.41
9.201170876,0.01,0.42,0.0,0.42
9.202195167000001,0.01,0.42,0.0,0.42
9.204345803,0.01,0.42,0.01,0.42
9.205110573,0.0,0.42,0.01,0.42
9.206156755,0.01,0.41,0.01,0.41
9.207196047,0.0,0.41,0.01,0.42
9.208272258000001,0.01,0.41,0.01,0.42
9.209191926,0.02,0.42,0.02,0.41
9.210347967,0.02,0.42,0.01,0.41
9.211102939,0.01,0.43,0.01,0.42
9.212324874,0.0,0.42,0.01,0.42
9.213100030000001,0.01,0.42,0.01,0.42
9.214309393,0.01,0.42,0.02,0.42
9.215111047,0.01,0.41,0.01,0.42
9.216340050000001,0.01,0.41,0.01,0.43
9.218337799,0.0,0.42,0.0,0.42
9.219084605,0.01,0.42,0.01,0.41
9.220353193000001,0.01,0.42,0.01,0.42
9.221088801,0.0,0.41,0.01,0.42
9.222201092,0.0,0.42,0.0,0.42
9.223212666,0.0,0.41,0.0,0.41
9.22420153,0.0,0.41,0.01,0.42
9.225117379,0.01,0.41,0.0,0.42
9.226340435000001,0.0,0.42,0.0,0.42
9.227092984,0.0,0.41,0.0,0.42
9.228284216,0.02,0.41,0.01,0.42
9.229090354,0.02,0.42,0.02,0.42
9.230130332,0.01,0.42,0.02,0.42
9.231341091,0.02,0.41,0.01,0.43
9.232088511,0.0,0.41,0.0,0.42
9.233340871000001,0.0,0.42,0.0,0.42
9.235354682,0.01,0.42,0.01,0.42
9.236088086,0.01,0.41,0.01,0.42
9.237213453,0.01,0.4,0.01,0.42
9.238208166,0.0,0.41,0.0,0.41
9.239205034000001,0.01,0.41,0.01,0.42
9.240200514000001,0.01,0.41,0.01,0.42
9.241207921,0.01,0.43,0.01,0.41
9.24213858,0.01,0.42,0.0,0.42
9.243266487000001,0.01,0.42,0.01,0.41
9.244092708,0.0,0.41,0.0,0.41
9.245299734000001,0.01,0.41,0.0,0.42
9.24611773,0.01,0.41,0.01,0.42
9.247440862000001,0.01,0.42,0.0,0.42
9.249345938000001,0.01,0.41,0.01,0.41
9.250092469,0.01,0.41,0.02,0.43
9.251342459,0.01,0.41,0.02,0.43
9.252091858,0.01,0.4,0.01,0.42
9.253206313,0.0,0.42,0.01,0.42
9.254199938000001,0.0,0.41,0.02,0.42
9.255203912,0.02,0.42,0.01,0.42
9.25617787,0.02,0.41,0.01,0.41
9.257163148,0.0,0.42,0.01,0.42
9.258280639,0.01,0.41,0.0,0.41
9.25909843,0.01,0.41,0.01,0.42
9.260280548,0.0,0.42,0.01,0.42
9.261090425,0.0,0.41,0.01,0.42
9.2633329,0.01,0.42,0.01,0.41
9.264093704,0.0,0.4,0.0,0.42
9.26533966,0.01,0.41,0.01,0.41
9.266093731,0.0,0.42,0.01,0.41
9.267206389,0.01,0.42,0.01,0.42
9.268189448000001,0.01,0.41,0.01,0.41
9.269129441,0.01,0.4,0.01,0.41
9.270341103,0.01,0.41,0.01,0.42
9.271093821000001,0.01,0.41,0.01,0.42
9.272343608,0.01,0.42,0.0,0.42
9.273087222000001,0.0,0.41,0.0,0.42
9.274281119000001,0.0,0.42,0.0,0.42
9.275163499000001,0.01,0.42,0.02,0.43
9.276316769000001,0.01,0.42,0.01,0.41
9.278341170000001,0.01,0.41,0.0,0.42
9.279088221,0.0,0.41,0.01,0.42
9.280151639000001,0.01,0.41,0.0,0.42
9.281206652,0.0,0.42,0.0,0.42
9.282203597,0.0,0.41,0.0,0.41
9.283209412,0.01,0.41,0.0,0.42
9.284200568000001,0.0,0.41,0.01,0.41
9.28518699,0.02,0.41,0.0,0.41
9.286196754,0.01,0.42,0.0,0.42
9.287348765,0.0,0.42,0.01,0.41
9.288095506000001,0.01,0.42,0.01,0.41
9.289274458000001,0.02,0.42,0.01,0.42
9.290090577,0.01,0.42,0.01,0.41
9.291309719000001,0.01,0.41,0.0,0.42
9.292126963000001,0.0,0.42,0.01,0.41
9.293236552,0.01,0.41,0.0,0.42
9.295337850000001,0.02,0.42,0.0,0.41
9.296094327,0.01,0.42,0.02,0.42
9.297327404,0.0,0.42,0.01,0.41
9.298099213,0.0,0.42,0.01,0.41
9.299333274,0.0,0.42,0.0,0.42
9.300100602,0.0,0.42,0.0,0.42
9.301338207,0.01,0.41,0.0,0.42
9.302091988,0.0,0.41,0.0,0.41
9.303291767000001,0.0,0.41,0.0,0.41
9.304130500000001,0.01,0.42,0.0,0.42
9.305268431,0.01,0.4,0.01,0.41
9.306134339,0.01,0.41,0.01,0.42
9.307367688000001,0.0,0.42,0.0,0.42
9.309339099,0.01,0.42,0.01,0.42
9.310094099,0.02,0.42,0.01,0.42
9.311346512,0.02,0.42,0.01,0.42
9.312096033000001,0.01,0.41,0.01,0.42
9.313341465,0.01,0.42,0.01,0.41
9.314098237000001,0.01,0.41,0.0,0.41
9.315331728,0.01,0.4,0.01,0.41
9.316088574,0.01,0.41,0.01,0.41
9.317213421,0.0,0.41,0.01,0.42
9.318168389,0.01,0.4,0.0,0.42
9.319135801,0.01,0.4,0.01,0.42
9.320293184,0.0,0.42,0.01,0.41
9.321133403000001,0.0,0.41,0.0,0.42
9.322165651,0.0,0.42,0.0,0.42
9.323319289,0.0,0.42,0.0,0.42
9.325439009,0.0,0.41,0.01,0.42
9.326102806,0.0,0.42,0.0,0.41
9.327200555000001,0.01,0.42,0.0,0.42
9.328199838,0.01,0.41,0.01,0.42
9.329190753,0.01,0.41,0.01,0.41
9.330193037,0.01,0.41,0.0,0.42
9.331327342,0.01,0.4,0.01,0.41
9.332104353,0.0,0.41,0.0,0.41
9.333332628,0.0,0.41,0.01,0.42
9.334097485000001,0.01,0.43,0.01,0.42
9.335304239000001,0.01,0.41,0.02,0.43
9.336098678,0.01,0.42,0.01,0.42
9.337282771,0.01,0.41,0.01,0.42
9.338162936,0.0,0.41,0.01,0.42
9.339341367000001,0.0,0.41,0.01,0.41
9.341339933,0.0,0.4,0.0,0.42
9.342097032,0.0,0.41,0.0,0.41
9.343206087,0.0,0.42,0.01,0.41
9.344218465,0.0,0.41,0.0,0.42
9.345206866,0.01,0.41,0.0,0.42
9.346198922000001,0.01,0.41,0.0,0.42
9.347077,0.01,0.42,0.0,0.42
9.348200238,0.01,0.41,0.02,0.42
9.349151368000001,0.02,0.42,0.01,0.41
9.350135826,0.02,0.42,0.02,0.42
9.351290035,0.01,0.41,0.0,0.42
9.352125659,0.0,0.42,0.01,0.42
9.353214646000001,0.0,0.41,0.01,0.41
9.354214813,0.02,0.42,0.01,0.41
9.35635192,0.0,0.41,0.01,0.42
9.357103098000001,0.01,0.41,0.01,0.42
9.3581979,0.0,0.4,0.0,0.42
9.359186187,0.01,0.42,0.01,0.42
9.360195595,0.0,0.42,0.0,0.41
9.361195994000001,0.01,0.41,0.0,0.41
9.362196314,0.0,0.42,0.0,0.41
9.363190977,0.01,0.41,0.01,0.41
9.364161936,0.01,0.42,0.0,0.42
9.365276858000001,0.0,0.4,0.01,0.41
9.366102383000001,0.0,0.42,0.01,0.42
9.367132078000001,0.01,0.41,0.01,0.41
9.368303928000001,0.01,0.41,0.02,0.42
9.370347313,0.01,0.41,0.02,0.42
9.371093905,0.01,0.41,0.02,0.41
9.372204173,0.01,0.41,0.0,0.42
9.37320369,0.01,0.42,0.01,0.41
9.374201600000001,0.01,0.41,0.0,0.42
9.375201417000001,0.01,0.41,0.01,0.41
9.376196929,0.01,0.42,0.01,0.41
9.377133824000001,0.01,0.42,0.01,0.42
9.378334172,0.0,0.41,0.0,0.41
9.379094955000001,0.01,0.41,0.01,0.42
9.380288638000001,0.0,0.41,0.01,0.42
9.38111896,0.0,0.41,0.01,0.42
9.382308426,0.0,0.41,0.0,0.42
9.383090323000001,0.0,0.42,0.01,0.42
9.384350096,0.01,0.41,0.01,0.42
9.386337111000001,0.0,0.41,0.0,0.42
9.387089794000001,0.01,0.41,0.01,0.41
9.388210331,0.01,0.41,0.01,0.41
9.389071756,0.01,0.41,0.01,0.42
9.390216236,0.01,0.41,0.01,0.42
9.391215703,0.01,0.4,0.01,0.41
9.392206473,0.0,0.41,0.0,0.41
9.393202334,0.02,0.42,0.0,0.42
9.394169914,0.0,0.42,0.0,0.41
9.395283996,0.01,0.41,0.01,0.42
9.396173382,0.02,0.4,0.02,0.43
9.397259597000001,0.01,0.41,0.01,0.42
9.398137295,0.01,0.41,0.0,0.42
9.399258612,0.0,0.41,0.01,0.4
9.401336983,0.01,0.41,0.01,0.42
9.402114739,0.01,0.41,0.0,0.42
9.403352988,0.0,0.42,0.01,0.41
9.404090455,0.0,0.41,0.0,0.41
9.405399195000001,0.01,0.41,0.01,0.42
9.406088861,0.01,0.41,0.01,0.42
9.407333612,0.0,0.41,0.0,0.42
9.408093965,0.01,0.42,0.01,0.42
9.409282613,0.02,0.42,0.02,0.42
9.410148490000001,0.01,0.42,0.01,0.42
9.412277707000001,0.01,0.41,0.0,0.42
9.413090311000001,0.0,0.41,0.0,0.43
9.414336895,0.0,0.42,0.0,0.42
9.41509208,0.01,0.42,0.01,0.42
9.416334851,0.01,0.41,0.01,0.42
9.417093249,0.01,0.41,0.01,0.41
9.418333252,0.0,0.42,0.01,0.42
9.41908811,0.01,0.41,0.01,0.41
9.420341842000001,0.01,0.42,0.01,0.42
9.42108219,0.01,0.42,0.0,0.42
9.422234616,0.01,0.42,0.0,0.41
9.423193349,0.0,0.4,0.0,0.42
9.424147450000001,0.01,0.42,0.01,0.41
9.425261401,0.01,0.41,0.01,0.42
9.426081380000001,0.01,0.41,0.0,0.41
9.427336244000001,0.0,0.41,0.0,0.42
9.429280281,0.01,0.41,0.01,0.43
9.430103973000001,0.01,0.41,0.02,0.42
9.431204774000001,0.01,0.41,0.02,0.42
9.432073249,0.0,0.41,0.01,0.41
9.433344388,0.0,0.41,0.0,0.42
9.434092333,0.01,0.41,0.0,0.42
9.435221909000001,0.02,0.42,0.01,0.42
9.436218511,0.02,0.41,0.02,0.41
9.437210933000001,0.01,0.42,0.0,0.42
9.438155654000001,0.01,0.42,0.01,0.41
9.439282806000001,0.0,0.42,0.01,0.41
9.44017546,0.01,0.42,0.0,0.42
9.441301708000001,0.0,0.41,0.0,0.41
9.442140249000001,0.0,0.42,0.01,0.41
9.443319264000001,0.0,0.42,0.0,0.42
9.445337568000001,0.02,0.42,0.01,0.42
9.446118259,0.01,0.41,0.0,0.43
9.447145418,0.01,0.41,0.01,0.42
9.448216313000001,0.01,0.42,0.0,0.41
9.449294857,0.01,0.42,0.0,0.41
9.450185049,0.02,0.42,0.01,0.41
9.451207705,0.01,0.42,0.01,0.41
9.452203195000001,0.0,0.41,0.01,0.41
9.453115351000001,0.01,0.41,0.0,0.42
9.454247573,0.01,0.42,0.01,0.41
9.455164234,0.01,0.42,0.01,0.42
9.456271311,0.01,0.41,0.01,0.42
9.457131448,0.01,0.41,0.0,0.42
9.458296811,0.01,0.41,0.0,0.41
9.46033207,0.01,0.42,0.01,0.41
9.461089334,0.01,0.41,0.01,0.42
9.462247407000001,0.0,0.41,0.0,0.41
9.463127988,0.0,0.41,0.01,0.42
9.464339619,0.0,0.42,0.01,0.42
9.465081486,0.0,0.41,0.01,0.42
9.466350029,0.01,0.4,0.01,0.42
9.467085743,0.0,0.42,0.0,0.42
9.468207047,0.02,0.42,0.01,0.43
9.469162743,0.02,0.41,0.01,0.43
9.470065608,0.02,0.42,0.02,0.43
9.471263971,0.0,0.41,0.01,0.4
9.472080009,0.0,0.41,0.01,0.42
9.473162994,0.0,0.41,0.0,0.42
9.475131403,0.01,0.41,0.01,0.42
9.476228551,0.02,0.4,0.01,0.42
9.477165043000001,0.01,0.42,0.01,0.42
9.478208505000001,0.0,0.41,0.0,0.42
9.479208722000001,0.0,0.4,0.01,0.41
9.480161695000001,0.01,0.41,0.0,0.42
9.481196681,0.0,0.41,0.0,0.42
9.482091405,0.0,0.41,0.0,0.41
9.483344069000001,0.0,0.41,0.0,0.42
9.484091393,0.0,0.41,0.01,0.41
9.485111381000001,0.0,0.41,0.0,0.42
9.486104598,0.01,0.41,0.0,0.42
9.487088739,0.0,0.41,0.0,0.42
9.488235132,0.01,0.42,0.02,0.42
9.490167236000001,0.01,0.41,0.02,0.42
9.491234272,0.01,0.41,0.02,0.42
9.492155388,0.0,0.41,0.01,0.41
9.493215937,0.01,0.4,0.01,0.41
9.494189975000001,0.0,0.41,0.0,0.41
9.495195561000001,0.01,0.41,0.0,0.41
9.496217661000001,0.02,0.41,0.02,0.4
9.497208388,0.01,0.41,0.01,0.42
9.498154511000001,0.0,0.42,0.0,0.41
9.499144309,0.01,0.41,0.01,0.42
9.50014297,0.01,0.41,0.01,0.42
9.501140472000001,0.01,0.41,0.01,0.42
9.502138752,0.0,0.42,0.01,0.42
9.503141831,0.0,0.41,0.01,0.42
9.504116809000001,0.0,0.41,0.0,0.42
9.506236020000001,0.01,0.41,0.0,0.41
9.507110062,0.01,0.41,0.01,0.4
9.508225512000001,0.01,0.41,0.01,0.42
9.509106102,0.01,0.41,0.01,0.41
9.510448475,0.01,0.4,0.01,0.42
9.511078858000001,0.01,0.41,0.01,0.41
9.512412378,0.01,0.41,0.0,0.41
9.513116054000001,0.01,0.41,0.0,0.41
9.514581640000001,0.0,0.42,0.01,0.42
9.515071923,0.02,0.41,0.01,0.42
9.516264878000001,0.02,0.43,0.01,0.42
9.517154149000001,0.01,0.41,0.01,0.41
9.518341039000001,0.01,0.41,0.0,0.41
9.520337189000001,0.0,0.4,0.0,0.41
9.521104135,0.0,0.41,0.01,0.41
9.522299355000001,0.0,0.41,0.0,0.42
9.523086987000001,0.0,0.41,0.0,0.41
9.524311588,0.0,0.41,0.0,0.41
9.525123629000001,0.01,0.42,0.0,0.42
9.526342513000001,0.01,0.42,0.0,0.42
9.527109238000001,0.0,0.42,0.0,0.42
9.528345601,0.01,0.42,0.01,0.42
9.52908824,0.02,0.42,0.02,0.41
9.530225354,0.02,0.42,0.01,0.4
9.531221481000001,0.01,0.41,0.01,0.42
9.532142862,0.0,0.42,0.0,0.42
9.533329523,0.0,0.42,0.01,0.41
9.534085316,0.01,0.41,0.01,0.41
9.535442746000001,0.01,0.41,0.01,0.41
9.537242633,0.0,0.41,0.01,0.42
9.538112968,0.0,0.41,0.0,0.41
9.539212425,0.0,0.42,0.01,0.41
9.540201887,0.0,0.42,0.01,0.41
9.541186901000001,0.01,0.42,0.01,0.41
9.542203887000001,0.0,0.41,0.0,0.41
9.543168749000001,0.0,0.41,0.01,0.41
9.544189959,0.0,0.42,0.01,0.42
9.545173872000001,0.0,0.41,0.01,0.41
9.546190215000001,0.01,0.41,0.01,0.41
9.547210478,0.01,0.42,0.0,0.42
9.548217675,0.0,0.42,0.01,0.42
9.549268143,0.01,0.42,0.01,0.41
9.551487701000001,0.02,0.42,0.01,0.41
9.552432627,0.0,0.41,0.0,0.42
9.553217667,0.01,0.42,0.01,0.42
9.554167319000001,0.0,0.42,0.01,0.42
9.555249298000001,0.0,0.4,0.01,0.42
9.556133623000001,0.01,0.41,0.01,0.42
9.557173749,0.01,0.4,0.01,0.42
9.558194589000001,0.0,0.41,0.02,0.41
9.559187669,0.01,0.41,0.02,0.41
9.560151574,0.0,0.42,0.01,0.42
9.561159713,0.01,0.41,0.0,0.42
9.562158327,0.0,0.41,0.01,0.41
9.563327112000001,0.0,0.42,0.0,0.4
9.565382598000001,0.0,0.42,0.0,0.42
9.566120775,0.0,0.41,0.01,0.42
9.567206227,0.0,0.41,0.01,0.41
9.568268851000001,0.01,0.41,0.01,0.42
9.569193610000001,0.02,0.42,0.01,0.43
9.570196518000001,0.02,0.41,0.02,0.42
9.571178761,0.01,0.41,0.01,0.42
9.572290985,0.0,0.41,0.0,0.42
9.573105673,0.0,0.41,0.01,0.42
9.574389680000001,0.01,0.41,0.0,0.42
9.575094109,0.01,0.4,0.01,0.41
9.5761927,0.01,0.42,0.0,0.41
9.578344305,0.0,0.42,0.0,0.41
9.579096991,0.0,0.41,0.0,0.42
9.580395337,0.01,0.41,0.01,0.41
9.581085531000001,0.0,0.42,0.01,0.42
9.582346417,0.0,0.41,0.0,0.42
9.583073967,0.01,0.4,0.02,0.42
9.584299719,0.0,0.42,0.01,0.41
9.585138687,0.01,0.41,0.01,0.42
9.586156547,0.0,0.41,0.0,0.42
9.587147453,0.0,0.41,0.01,0.41
9.588147481,0.01,0.41,0.01,0.42
9.589158596,0.01,0.41,0.01,0.41
9.590152674,0.0,0.42,0.01,0.41
9.591146460000001,0.01,0.4,0.01,0.42
9.592281013000001,0.0,0.41,0.0,0.42
9.593083885,0.0,0.41,0.01,0.42
9.594304616,0.01,0.42,0.0,0.42
9.596344277,0.01,0.42,0.01,0.41
9.59709078,0.01,0.42,0.0,0.43
9.598171555,0.0,0.41,0.0,0.41
9.59921632,0.0,0.41,0.0,0.42
9.600178643000001,0.0,0.4,0.0,0.41
9.601213347,0.0,0.41,0.0,0.42
9.602079513000001,0.0,0.41,0.0,0.41
9.603203813,0.01,0.4,0.01,0.42
9.60417076,0.01,0.42,0.01,0.41
9.605141837000001,0.01,0.41,0.01,0.41
9.606143862000001,0.01,0.41,0.0,0.41
9.607282584,0.01,0.41,0.0,0.41
9.608096153,0.01,0.42,0.01,0.41
9.609313834,0.02,0.41,0.01,0.42
9.611342843000001,0.01,0.4,0.01,0.42
9.612097138000001,0.0,0.41,0.0,0.41
9.613338219000001,0.0,0.41,0.0,0.42
9.614087257000001,0.0,0.41,0.01,0.42
9.615343643000001,0.01,0.41,0.01,0.42
9.616080539,0.01,0.41,0.01,0.42
9.61728485,0.01,0.41,0.01,0.42
9.618173982,0.01,0.42,0.0,0.41
9.619208058,0.01,0.41,0.01,0.41
9.620274287,0.01,0.41,0.0,0.41
9.621115172000001,0.01,0.4,0.0,0.41
9.62231236,0.01,0.42,0.0,0.42
9.623073277000001,0.0,0.42,0.01,0.42
9.624339441,0.01,0.41,0.0,0.42
9.626345313,0.01,0.41,0.0,0.42
9.627111469,0.01,0.41,0.02,0.41
9.628126115,0.02,0.42,0.01,0.42
9.629226471,0.02,0.42,0.01,0.42
9.630172309,0.02,0.41,0.02,0.41
9.631206282,0.01,0.42,0.02,0.41
9.632205088000001,0.0,0.41,0.01,0.42
9.633246045,0.01,0.41,0.01,0.4
9.634193453,0.01,0.41,0.0,0.42
9.635165067,0.0,0.41,0.0,0.41
9.63628465,0.01,0.41,0.01,0.41
9.637144432000001,0.0,0.41,0.01,0.41
9.638316755,0.0,0.41,0.01,0.42
9.640338079000001,0.01,0.41,0.01,0.43
9.641097819,0.01,0.4,0.01,0.41
9.642211633,0.01,0.41,0.0,0.42
9.643215316000001,0.01,0.41,0.01,0.42
9.644199985,0.0,0.42,0.0,0.41
9.645205547,0.0,0.41,0.0,0.41
9.646203466000001,0.01,0.41,0.01,0.41
9.647117963000001,0.0,0.42,0.01,0.42
9.648274602,0.01,0.41,0.01,0.41
9.649127706,0.01,0.41,0.01,0.42
9.650302358000001,0.01,0.42,0.01,0.42
9.65109065,0.0,0.41,0.01,0.41
9.652147718,0.01,0.41,0.0,0.42
9.653074851000001,0.0,0.41,0.0,0.42
9.654212366000001,0.01,0.41,0.01,0.42
9.656338068,0.01,0.42,0.02,0.41
9.657100873000001,0.01,0.42,0.01,0.42
9.658199768000001,0.0,0.41,0.01,0.41
9.659206728000001,0.0,0.41,0.01,0.42
9.660199693000001,0.01,0.4,0.01,0.41
9.661195457,0.01,0.41,0.01,0.41
9.662204244,0.0,0.41,0.0,0.41
9.663195392,0.0,0.41,0.0,0.41
9.664346807000001,0.0,0.42,0.01,0.42
9.66510807,0.01,0.4,0.01,0.43
9.66628421,0.01,0.41,0.01,0.41
9.667090254000001,0.01,0.41,0.0,0.41
9.668322952,0.02,0.41,0.01,0.41
9.670347668,0.02,0.41,0.01,0.41
9.671091968,0.02,0.41,0.01,0.41
9.672204264000001,0.0,0.41,0.01,0.41
9.673206405,0.01,0.41,0.0,0.41
9.674201879,0.0,0.41,0.0,0.41
9.675201193000001,0.0,0.42,0.01,0.41
9.676196356,0.01,0.41,0.01,0.42
9.677198679,0.01,0.4,0.01,0.41
9.678116771000001,0.0,0.41,0.01,0.41
9.679266845,0.02,0.4,0.01,0.41
9.680133427000001,0.02,0.41,0.01,0.41
9.68127095,0.01,0.41,0.01,0.42
9.68209466,0.01,0.41,0.0,0.43
9.683304378,0.0,0.41,0.0,0.41
9.685341099,0.0,0.41,0.01,0.41
9.686104762000001,0.0,0.41,0.01,0.42
9.687205486,0.01,0.41,0.0,0.42
9.688204610000001,0.01,0.42,0.01,0.41
9.689194221000001,0.02,0.42,0.01,0.41
9.690195730000001,0.02,0.42,0.01,0.42
9.691200754,0.01,0.41,0.01,0.42
9.692196975,0.02,0.41,0.0,0.42
9.693196203000001,0.01,0.42,0.01,0.41
9.694349881,0.01,0.4,0.01,0.42
9.695102089,0.01,0.42,0.01,0.41
9.696289214,0.01,0.42,0.01,0.4
9.69712415,0.01,0.41,0.01,0.41
9.698299648,0.0,0.41,0.01,0.42
9.70034126,0.0,0.41,0.01,0.42
9.70109863,0.01,0.41,0.01,0.42
9.702165091000001,0.0,0.4,0.01,0.42
9.703202251,0.01,0.42,0.0,0.42
9.704198635000001,0.0,0.41,0.0,0.42
9.705198008,0.02,0.42,0.0,0.41
9.706198056,0.01,0.41,0.01,0.42
9.707202696000001,0.01,0.42,0.01,0.41
9.708199027000001,0.01,0.42,0.0,0.42
9.709122911000001,0.01,0.41,0.0,0.41
9.710289284,0.01,0.41,0.0,0.41
9.711100626,0.01,0.42,0.0,0.41
9.712268392,0.01,0.42,0.0,0.41
9.713098626,0.0,0.41,0.01,0.42
9.714218779000001,0.01,0.41,0.01,0.42
9.716338249000001,0.02,0.41,0.01,0.42
9.717095437000001,0.01,0.41,0.01,0.41
9.718343779000001,0.0,0.41,0.0,0.41
9.719087591000001,0.01,0.41,0.01,0.42
9.720351838000001,0.01,0.42,0.01,0.41
9.721087628000001,0.01,0.4,0.0,0.41
9.722344458,0.0,0.4,0.01,0.42
9.723094640000001,0.0,0.42,0.0,0.41
9.724285975,0.0,0.41,0.0,0.42
9.725092834,0.01,0.41,0.0,0.42
9.726373723,0.0,0.41,0.0,0.42
9.727092557,0.01,0.41,0.01,0.41
9.728162815000001,0.01,0.41,0.01,0.42
9.729236378000001,0.01,0.42,0.02,0.42
9.730218674000001,0.02,0.41,0.03,0.42
9.732336421000001,0.0,0.41,0.0,0.42
9.733095211,0.0,0.41,0.0,0.42
9.734326308,0.0,0.4,0.01,0.41
9.735097382000001,0.01,0.42,0.02,0.4
9.736209573,0.01,0.42,0.02,0.4
9.737205155,0.02,0.4,0.02,0.42
9.738207042,0.0,0.41,0.0,0.41
9.739152135000001,0.01,0.41,0.0,0.41
9.740166089,0.01,0.41,0.0,0.41
9.741093523,0.0,0.41,0.0,0.41
9.742336686,0.01,0.42,0.0,0.41
9.74308439,0.0,0.42,0.01,0.42
9.744173431,0.0,0.41,0.01,0.42
9.745229674,0.0,0.41,0.01,0.42
9.746125411000001,0.01,0.42,0.01,0.42
9.748333259,0.0,0.42,0.01,0.42
9.749094606,0.01,0.42,0.01,0.41
9.750219113,0.01,0.42,0.01,0.41
9.751217534,0.01,0.42,0.01,0.42
9.752095452,0.01,0.41,0.0,0.41
9.753207876000001,0.0,0.41,0.0,0.43
9.754217134000001,0.01,0.41,0.01,0.41
9.755217399000001,0.0,0.41,0.01,0.42
9.756163630000001,0.02,0.41,0.01,0.41
9.757144965,0.01,0.41,0.0,0.42
9.758205021,0.0,0.41,0.0,0.41
9.759146277000001,0.01,0.41,0.01,0.4
9.760210748,0.01,0.41,0.0,0.42
9.761199644000001,0.0,0.41,0.0,0.42
9.763337544,0.01,0.41,0.0,0.42
9.76410407,0.0,0.41,0.0,0.42
9.76533577,0.01,0.41,0.01,0.42
9.766093108,0.01,0.41,0.01,0.41
9.767342039,0.01,0.41,0.01,0.41
9.768086777,0.01,0.41,0.01,0.42
9.769337803,0.02,0.41,0.01,0.41
9.770079851,0.02,0.41,0.01,0.41
9.771104233,0.0,0.42,0.01,0.41
9.772122938,0.01,0.41,0.01,0.41
9.773093158,0.01,0.41,0.02,0.42
9.774201458,0.0,0.41,0.01,0.42
9.775154496,0.01,0.4,0.02,0.43
9.776243904000001,0.0,0.41,0.01,0.42
9.778347229000001,0.01,0.41,0.0,0.41
9.779122127,0.01,0.41,0.01,0.41
9.780238543000001,0.0,0.42,0.0,0.42
9.781238956000001,0.01,0.42,0.0,0.42
9.782234136000001,0.0,0.41,0.01,0.4
9.783237316000001,0.0,0.41,0.01,0.41
9.784194275,0.01,0.42,0.01,0.42
9.785220800000001,0.01,0.41,0.01,0.42
9.786146944,0.0,0.41,0.01,0.42
9.787265127000001,0.0,0.41,0.01,0.41
9.788086747000001,0.02,0.41,0.02,0.42
9.789299623,0.01,0.42,0.01,0.42
9.790090642000001,0.01,0.41,0.01,0.43
9.791237908000001,0.01,0.41,0.01,0.41
9.792210773,0.0,0.42,0.0,0.42
9.794338183,0.0,0.41,0.01,0.41
9.795100574000001,0.01,0.42,0.01,0.42
9.796212989,0.01,0.41,0.01,0.41
9.797205255,0.01,0.41,0.02,0.42
9.798204136,0.0,0.4,0.0,0.41
9.799208806000001,0.01,0.41,0.01,0.41
9.800196757,0.0,0.42,0.0,0.41
9.801188527,0.0,0.41,0.0,0.41
9.802198192,0.0,0.41,0.0,0.41
9.803121092000001,0.0,0.41,0.01,0.41
9.804143919000001,0.01,0.41,0.01,0.41
9.805140165000001,0.01,0.41,0.01,0.41
9.807361652,0.01,0.41,0.01,0.42
9.808143489,0.01,0.41,0.01,0.41
9.809206960000001,0.02,0.41,0.02,0.41
9.810167963000001,0.02,0.42,0.02,0.41
9.811192689,0.01,0.41,0.01,0.41
9.812172442000001,0.01,0.41,0.01,0.43
9.813195122,0.01,0.41,0.0,0.41
9.814179456,0.01,0.41,0.01,0.42
9.815224959,0.02,0.4,0.01,0.42
9.816232051,0.02,0.4,0.01,0.42
9.81733885,0.01,0.41,0.0,0.41
9.818259757,0.01,0.41,0.0,0.42
9.819321788,0.01,0.42,0.0,0.41
9.821568685,0.01,0.42,0.0,0.41
9.822496249,0.0,0.41,0.0,0.42
9.823256483,0.0,0.42,0.0,0.42
9.824169956,0.01,0.41,0.01,0.41
9.82516418,0.0,0.42,0.01,0.41
9.82616675,0.01,0.4,0.0,0.41
9.827156331000001,0.01,0.41,0.01,0.42
9.828201839,0.01,0.42,0.01,0.41
9.829171063,0.01,0.41,0.01,0.42
9.830186753000001,0.01,0.41,0.01,0.42
9.831167163,0.0,0.41,0.0,0.41
9.832166338,0.01,0.42,0.0,0.42
9.833145463000001,0.0,0.41,0.01,0.41
9.834150276,0.01,0.41,0.01,0.41
9.836180175,0.01,0.41,0.01,0.42
9.837187382,0.01,0.41,0.0,0.42
9.838170833000001,0.0,0.41,0.0,0.41
9.839349578,0.01,0.4,0.01,0.41
9.840120891,0.01,0.41,0.01,0.41
9.84134351,0.0,0.41,0.0,0.42
9.842106296,0.01,0.41,0.0,0.42
9.843350884000001,0.0,0.41,0.0,0.42
9.844100117,0.01,0.41,0.0,0.4
9.845361883,0.0,0.42,0.0,0.41
9.846097387,0.01,0.42,0.0,0.41
9.847295232,0.0,0.41,0.01,0.41
9.848095425,0.02,0.41,0.01,0.41
9.849163735000001,0.02,0.41,0.01,0.41
9.851333869000001,0.02,0.41,0.01,0.41
9.852095001,0.01,0.41,0.0,0.42
9.853341315,0.0,0.42,0.0,0.42
9.854095221000001,0.0,0.42,0.0,0.41
9.855350598000001,0.01,0.41,0.01,0.41
9.856089835,0.01,0.41,0.02,0.41
9.857328366,0.01,0.41,0.0,0.41
9.858087649,0.0,0.41,0.0,0.41
9.859351742000001,0.0,0.41,0.01,0.4
9.860084491,0.01,0.41,0.0,0.42
9.861298024,0.0,0.41,0.01,0.42
9.862086333,0.0,0.42,0.01,0.42
9.863280801,0.01,0.41,0.01,0.41
9.86413008,0.0,0.41,0.01,0.41
9.866188699,0.0,0.41,0.01,0.41
9.867213047,0.0,0.41,0.01,0.42
9.86820482,0.01,0.41,0.01,0.43
9.869089128,0.02,0.42,0.02,0.42
9.870197678,0.03,0.42,0.01,0.42
9.871197744,0.01,0.42,0.01,0.42
9.872192683,0.01,0.41,0.01,0.42
9.873210069,0.01,0.41,0.0,0.42
9.874208879000001,0.01,0.41,0.01,0.41
9.875195727000001,0.01,0.41,0.0,0.41
9.876144608,0.01,0.41,0.01,0.41
9.877276601,0.0,0.41,0.01,0.42
9.878134227,0.0,0.4,0.01,0.41
9.879327608,0.01,0.41,0.01,0.42
9.88009105,0.01,0.41,0.01,0.41
9.881245020000001,0.0,0.41,0.0,0.41
9.883346855000001,0.0,0.42,0.01,0.41
9.884095554,0.0,0.41,0.01,0.41
9.885347901000001,0.0,0.41,0.01,0.41
9.886097917,0.01,0.41,0.01,0.41
9.887328119000001,0.01,0.41,0.01,0.42
9.888099719000001,0.01,0.41,0.01,0.42
9.889188053,0.02,0.41,0.01,0.41
9.890209420000001,0.02,0.41,0.01,0.41
9.891159251000001,0.01,0.42,0.01,0.42
9.89214845,0.01,0.42,0.01,0.42
9.893285472,0.01,0.41,0.01,0.42
9.894101536,0.01,0.41,0.01,0.41
9.895313907,0.01,0.41,0.02,0.42
9.897264719,0.01,0.4,0.01,0.42
9.898094803000001,0.0,0.41,0.0,0.41
9.899203764000001,0.01,0.41,0.0,0.41
9.900207862,0.01,0.41,0.01,0.41
9.901201383,0.01,0.42,0.0,0.42
9.902137702000001,0.0,0.41,0.01,0.41
9.903331863,0.01,0.41,0.0,0.42
9.904107894000001,0.0,0.4,0.01,0.41
9.905337014,0.0,0.42,0.0,0.42
9.906102219000001,0.01,0.41,0.01,0.42
9.907155418,0.0,0.41,0.01,0.41
9.908327505,0.01,0.41,0.02,0.42
9.909098939000001,0.02,0.42,0.01,0.42
9.910202689,0.01,0.42,0.01,0.42
9.912339879000001,0.0,0.41,0.01,0.42
9.913101114,0.0,0.41,0.0,0.4
9.914191519000001,0.01,0.41,0.0,0.41
9.915199532,0.01,0.42,0.0,0.43
9.916199959,0.01,0.41,0.02,0.42
9.917189953000001,0.01,0.41,0.01,0.42
9.918199149000001,0.0,0.41,0.0,0.41
9.919193808000001,0.01,0.41,0.0,0.42
9.92018955,0.01,0.41,0.01,0.41
9.921319782000001,0.0,0.41,0.0,0.41
9.922101808,0.01,0.42,0.0,0.42
9.923302875000001,0.0,0.41,0.0,0.42
9.924095467,0.0,0.41,0.0,0.42
9.92627023,0.01,0.41,0.01,0.42
9.927125463000001,0.01,0.41,0.01,0.42
9.928177976,0.01,0.42,0.0,0.42
9.929122828,0.02,0.41,0.02,0.41
9.930136716,0.02,0.41,0.01,0.41
9.931331218,0.01,0.42,0.01,0.41
9.932098594000001,0.01,0.41,0.01,0.41
9.933203893,0.0,0.41,0.01,0.42
9.934205593000001,0.01,0.41,0.0,0.42
9.935194423,0.0,0.4,0.02,0.42
9.936162405000001,0.01,0.41,0.01,0.42
9.937288837,0.01,0.41,0.0,0.42
9.938117,0.0,0.41,0.0,0.41
9.939151872,0.01,0.42,0.01,0.4
9.941337457000001,0.01,0.42,0.0,0.42
9.942102876,0.0,0.42,0.01,0.42
9.943203261,0.01,0.41,0.0,0.42
9.944194054,0.0,0.41,0.01,0.41
9.945198065000001,0.01,0.41,0.01,0.42
9.946191031000001,0.01,0.41,0.0,0.42
9.947193356000001,0.0,0.41,0.01,0.41
9.948202373,0.01,0.4,0.02,0.42
9.949191153000001,0.02,0.41,0.02,0.42
9.950331629,0.0,0.41,0.01,0.42
9.951102298,0.0,0.4,0.0,0.42
9.952293430000001,0.0,0.41,0.0,0.41
9.953090277000001,0.0,0.41,0.01,0.41
9.954286684000001,0.02,0.41,0.0,0.41
9.955172302000001,0.02,0.41,0.01,0.41
9.956326355,0.01,0.42,0.01,0.42
9.958280376000001,0.0,0.41,0.0,0.41
9.959126973,0.01,0.41,0.01,0.42
9.960223315,0.01,0.41,0.01,0.41
9.961215382,0.0,0.41,0.01,0.42
9.962111382,0.0,0.42,0.0,0.41
9.963268806,0.01,0.41,0.0,0.41
9.964083479000001,0.01,0.42,0.0,0.41
9.965355111000001,0.01,0.41,0.01,0.41
9.966088301000001,0.01,0.41,0.0,0.42
9.967156558000001,0.0,0.41,0.0,0.42
9.96814775,0.02,0.41,0.02,0.41
9.969285863000001,0.02,0.41,0.01,0.41
9.970145257,0.02,0.42,0.01,0.41
9.971333003,0.0,0.42,0.0,0.42
9.973335,0.0,0.41,0.0,0.41
9.974099483,0.0,0.42,0.01,0.43
9.975178876000001,0.01,0.41,0.01,0.41
9.976199232,0.01,0.41,0.01,0.42
9.977194063,0.01,0.4,0.01,0.41
9.978189982,0.01,0.42,0.01,0.41
9.97919398,0.01,0.41,0.0,0.41
9.980201011,0.01,0.41,0.0,0.41
9.9811856,0.0,0.41,0.0,0.42
9.982160848000001,0.01,0.41,0.0,0.41
9.983292093000001,0.01,0.41,0.01,0.41
9.984106932000001,0.01,0.41,0.0,0.41
9.985328768,0.0,0.41,0.01,0.41
9.987332565,0.0,0.41,0.01,0.42
9.98811023,0.01,0.41,0.01,0.42
9.989148284,0.01,0.42,0.01,0.42
9.990132382,0.01,0.41,0.01,0.41
9.991193576,0.01,0.42,0.01,0.42
9.992200885,0.01,0.42,0.0,0.41
9.993191652,0.01,0.41,0.0,0.41
9.99412726,0.01,0.41,0.01,0.42
9.995190429,0.02,0.41,0.0,0.42
9.996180784,0.01,0.41,0.01,0.41
9.997146736000001,0.01,0.41,0.0,0.42
9.998300773,0.0,0.41,0.0,0.42
9.999106405000001,0.01,0.4,0.01,0.42
10.000160260000001,0.0,0.41,0.01,0.41
10.002347405,0.0,0.42,0.0,0.41
10.003099268000001,0.0,0.41,0.01,0.42
10.004341644,0.0,0.41,0.0,0.41
10.005093826000001,0.0,0.41,0.0,0.41
10.006334636,0.01,0.41,0.0,0.41
10.007096233,0.01,0.42,0.01,0.41
10.00833321,0.01,0.41,0.01,0.41
10.009090918,0.01,0.41,0.01,0.41
10.010208328000001,0.01,0.4,0.01,0.41
10.011158728,0.01,0.41,0.0,0.42
10.012292922,0.01,0.41,0.0,0.41
10.01309335,0.0,0.41,0.01,0.42
10.014292466,0.01,0.41,0.01,0.42
10.015091066,0.01,0.42,0.01,0.43
10.017324050000001,0.01,0.42,0.01,0.42
10.018107526000001,0.01,0.41,0.0,0.41
10.019134880000001,0.0,0.41,0.01,0.42
10.020188236000001,0.0,0.42,0.0,0.41
10.021123633,0.0,0.41,0.01,0.41
10.022330775,0.01,0.41,0.01,0.41
10.023102148000001,0.0,0.41,0.0,0.41
10.024336217,0.0,0.41,0.01,0.41
10.02509103,0.0,0.41,0.01,0.42
10.026362012,0.01,0.42,0.0,0.42
10.027084787000001,0.0,0.42,0.0,0.41
10.028284274,0.02,0.41,0.01,0.41
10.029084057,0.03,0.42,0.02,0.42
10.030337646000001,0.02,0.42,0.02,0.41
10.032342263,0.0,0.41,0.0,0.42
10.033095672,0.0,0.41,0.0,0.42
10.034202182000001,0.01,0.41,0.01,0.42
10.035209444000001,0.01,0.41,0.01,0.42
10.036197758,0.01,0.41,0.01,0.41
10.037197424,0.01,0.41,0.0,0.41
10.038336664000001,0.0,0.41,0.0,0.41
10.03910231,0.01,0.41,0.01,0.41
10.040334655,0.0,0.41,0.01,0.42
10.041090943,0.01,0.41,0.01,0.42
10.042153036,0.0,0.41,0.01,0.42
10.043144136,0.01,0.41,0.0,0.41
10.044277799000001,0.01,0.41,0.01,0.41
10.045190311,0.01,0.41,0.01,0.42
10.047338992,0.01,0.41,0.02,0.41
10.048098763,0.01,0.42,0.01,0.41
10.049257517000001,0.01,0.41,0.01,0.42
10.050131064,0.01,0.41,0.02,0.41
10.051206746,0.0,0.41,0.01,0.42
10.052160547000002,0.0,0.4,0.01,0.42
10.053219059,0.0,0.41,0.01,0.42
10.054120812,0.01,0.41,0.01,0.41
10.055305282,0.01,0.41,0.01,0.42
10.056119695000001,0.01,0.42,0.01,0.42
10.057426967000001,0.0,0.41,0.01,0.42
10.058092905,0.01,0.41,0.0,0.4
10.059150153000001,0.01,0.4,0.01,0.41
10.061388274,0.0,0.41,0.01,0.41
10.062098643,0.0,0.42,0.01,0.41
10.063194385000001,0.0,0.41,0.0,0.41
10.064192400000001,0.0,0.41,0.0,0.42
10.065189588,0.01,0.41,0.0,0.43
10.066195765,0.01,0.41,0.0,0.42
10.067197564,0.01,0.41,0.0,0.41
10.068192155,0.01,0.42,0.01,0.42
10.069341423000001,0.02,0.42,0.02,0.41
10.070108715,0.02,0.42,0.02,0.41
10.071334666,0.01,0.41,0.0,0.41
10.072092736,0.01,0.41,0.01,0.42
10.073289301,0.01,0.41,0.0,0.42
10.074083252000001,0.01,0.41,0.01,0.42
10.075323877,0.01,0.4,0.0,0.41
10.077352249,0.01,0.41,0.01,0.41
10.078090016,0.0,0.41,0.01,0.41
10.079214421000001,0.01,0.42,0.0,0.42
10.080219522,0.01,0.41,0.0,0.41
10.081107408000001,0.0,0.41,0.01,0.42
10.082307945,0.0,0.41,0.0,0.41
10.083088915000001,0.01,0.41,0.0,0.42
10.084341949,0.01,0.4,0.0,0.41
10.085087529,0.01,0.41,0.01,0.42
10.08620917,0.01,0.41,0.01,0.41
10.087129504,0.01,0.42,0.01,0.42
10.088139185000001,0.01,0.41,0.01,0.42
10.089174496,0.01,0.41,0.01,0.42
10.090161478,0.0,0.41,0.01,0.41
10.092365129000001,0.01,0.41,0.01,0.41
10.093153491,0.0,0.41,0.01,0.43
10.094194944,0.0,0.41,0.0,0.42
10.095148755,0.01,0.42,0.01,0.42
10.096216288,0.02,0.41,0.02,0.41
10.097217043,0.01,0.4,0.01,0.42
10.098176658,0.01,0.41,0.0,0.41
10.099175298,0.01,0.41,0.01,0.41
10.100204461,0.01,0.41,0.01,0.41
10.101194763,0.0,0.42,0.0,0.41
10.10218654,0.0,0.42,0.0,0.41
10.103172043,0.0,0.41,0.0,0.42
10.104174684,0.0,0.41,0.01,0.42
10.105158217000001,0.0,0.41,0.01,0.41
10.106168526000001,0.0,0.4,0.01,0.41
10.107190139,0.01,0.41,0.01,0.42
10.109186476000001,0.02,0.42,0.02,0.42
10.110161344,0.02,0.42,0.02,0.41
10.11118807,0.01,0.42,0.01,0.42
10.112164309,0.0,0.41,0.01,0.41
10.113160541000001,0.01,0.42,0.01,0.41
10.114147538000001,0.01,0.41,0.0,0.41
10.115348372000001,0.01,0.41,0.0,0.4
10.116125523000001,0.02,0.41,0.01,0.41
10.117325110000001,0.01,0.41,0.0,0.41
10.118109968,0.01,0.42,0.0,0.4
10.119290468,0.01,0.41,0.01,0.42
10.120106591,0.0,0.4,0.01,0.42
10.121330832,0.0,0.41,0.0,0.41
10.123356021000001,0.01,0.41,0.01,0.42
10.124102716000001,0.0,0.41,0.0,0.42
10.125209490000001,0.0,0.41,0.0,0.42
10.126202744,0.01,0.41,0.0,0.41
10.127192052,0.01,0.42,0.0,0.41
10.128190534,0.01,0.41,0.01,0.41
10.12919173,0.02,0.41,0.01,0.42
10.130194485,0.02,0.4,0.01,0.42
10.131178613000001,0.0,0.41,0.01,0.41
10.132306553000001,0.01,0.41,0.0,0.42
10.133107572,0.0,0.41,0.01,0.42
10.134307221,0.01,0.39,0.0,0.43
10.135104739,0.01,0.41,0.02,0.42
10.136368127,0.01,0.41,0.01,0.42
10.13834477,0.0,0.41,0.01,0.41
10.139108083,0.01,0.42,0.01,0.42
10.140199916,0.0,0.42,0.0,0.41
10.141198637,0.01,0.41,0.0,0.42
10.142212241000001,0.0,0.41,0.0,0.42
10.143122037000001,0.0,0.41,0.01,0.42
10.144323946,0.0,0.41,0.0,0.42
10.145099360000001,0.0,0.41,0.0,0.42
10.146259220000001,0.0,0.41,0.01,0.41
10.147160562,0.0,0.41,0.0,0.42
10.148148376,0.01,0.42,0.01,0.43
10.149286773,0.02,0.41,0.02,0.42
10.150091732,0.01,0.42,0.02,0.42
10.151353962,0.0,0.42,0.0,0.42
10.153341877,0.0,0.41,0.0,0.41
10.154098999,0.01,0.42,0.01,0.41
10.155341901,0.02,0.41,0.01,0.41
10.156095774,0.02,0.41,0.02,0.4
10.157322708,0.01,0.43,0.01,0.42
10.158092283,0.0,0.41,0.0,0.41
10.159336036000001,0.0,0.41,0.0,0.41
10.160084690000001,0.01,0.4,0.0,0.41
10.161346951,0.0,0.41,0.01,0.42
10.162099790000001,0.01,0.41,0.0,0.42
10.163272778000001,0.0,0.42,0.01,0.4
10.164150181,0.02,0.41,0.01,0.42
10.165302001,0.01,0.4,0.0,0.42
10.166170734000001,0.01,0.41,0.01,0.4
10.167230347,0.01,0.41,0.02,0.41
10.169365837,0.01,0.41,0.01,0.42
10.170081693,0.02,0.4,0.01,0.41
10.171349245,0.01,0.41,0.01,0.41
10.172085784,0.01,0.41,0.0,0.42
10.173207903,0.0,0.41,0.0,0.42
10.17411661,0.01,0.42,0.01,0.41
10.175335206000002,0.0,0.41,0.01,0.42
10.176091124000001,0.01,0.41,0.01,0.41
10.177369168,0.01,0.41,0.0,0.42
10.178084564,0.01,0.42,0.01,0.42
10.179238405000001,0.01,0.41,0.01,0.41
10.18007951,0.02,0.41,0.0,0.42
10.181346653,0.0,0.42,0.0,0.42
10.183343231,0.0,0.41,0.0,0.42
10.184091326,0.01,0.41,0.0,0.42
10.185249937,0.01,0.41,0.0,0.41
10.186188853,0.01,0.41,0.01,0.42
10.187238520000001,0.0,0.41,0.0,0.42
10.188237379,0.0,0.41,0.01,0.43
10.189223725000002,0.01,0.41,0.02,0.42
10.190220307,0.01,0.41,0.02,0.42
10.191197605000001,0.0,0.41,0.01,0.41
10.192168707,0.01,0.41,0.01,0.43
10.193313129,0.0,0.42,0.0,0.43
10.194117724,0.01,0.42,0.01,0.41
10.195275033000001,0.02,0.41,0.01,0.41
10.196109578000002,0.01,0.4,0.02,0.42
10.197324376000001,0.01,0.4,0.0,0.42
10.199348537,0.01,0.4,0.0,0.42
10.200092308,0.01,0.41,0.0,0.41
10.201210000000001,0.0,0.41,0.0,0.4
10.202202788000001,0.0,0.41,0.0,0.41
10.203199154,0.0,0.41,0.0,0.42
10.204192037,0.0,0.42,0.0,0.42
10.205123745,0.01,0.42,0.02,0.41
10.206294547,0.0,0.41,0.01,0.42
10.207094551,0.01,0.41,0.01,0.42
10.208285213,0.01,0.42,0.01,0.42
10.209138525,0.01,0.41,0.01,0.41
10.210296072,0.0,0.42,0.01,0.41
10.211088607,0.0,0.42,0.01,0.42
10.212142715,0.01,0.41,0.0,0.42
10.213148111,0.01,0.41,0.01,0.42
10.215342076,0.0,0.4,0.01,0.42
10.216092754,0.01,0.4,0.01,0.42
10.217146816000001,0.01,0.41,0.01,0.42
10.218152039000001,0.01,0.41,0.0,0.42
10.219159620000001,0.0,0.42,0.01,0.41
10.220187575,0.01,0.41,0.02,0.41
10.221190532000001,0.0,0.41,0.0,0.41
10.222179625,0.01,0.41,0.0,0.41
10.223168403,0.01,0.41,0.01,0.42
10.22419284,0.0,0.41,0.0,0.42
10.225170552,0.01,0.42,0.01,0.42
10.226189797,0.01,0.41,0.0,0.42
10.227218432,0.01,0.42,0.01,0.42
10.229549723,0.01,0.41,0.02,0.43
10.230731647,0.01,0.41,0.01,0.42
10.231678685,0.01,0.41,0.02,0.42
10.232551627000001,0.01,0.42,0.01,0.41
10.233320876,0.0,0.42,0.01,0.41
10.234176889,0.01,0.41,0.01,0.43
10.235155826000002,0.01,0.42,0.01,0.41
10.236180833,0.01,0.42,0.01,0.42
10.23724426,0.0,0.4,0.0,0.42
10.238142355,0.01,0.41,0.0,0.41
10.239121942,0.01,0.41,0.0,0.42
10.240328229000001,0.01,0.41,0.01,0.42
10.241126157,0.0,0.41,0.0,0.42
10.243349205000001,0.01,0.41,0.0,0.42
10.244129301000001,0.0,0.42,0.01,0.42
10.245204808,0.01,0.41,0.01,0.42
10.246196560000001,0.01,0.41,0.01,0.42
10.247195469000001,0.01,0.41,0.0,0.43
10.248350605,0.01,0.42,0.01,0.41
10.249112365,0.01,0.4,0.01,0.41
10.250140751,0.01,0.41,0.01,0.41
10.251349647000001,0.01,0.41,0.01,0.41
10.25210723,0.01,0.41,0.0,0.41
10.253298772,0.0,0.41,0.0,0.42
10.254161341000001,0.01,0.42,0.02,0.41
10.255282368000001,0.01,0.41,0.01,0.42
10.256105389,0.01,0.41,0.0,0.41
10.257326515,0.01,0.41,0.0,0.41
10.25933913,0.01,0.41,0.01,0.42
10.260291504000001,0.01,0.41,0.01,0.42
10.261097837000001,0.01,0.41,0.0,0.42
10.262339835,0.0,0.41,0.0,0.42
10.263084731000001,0.01,0.41,0.0,0.42
10.264352298,0.0,0.41,0.0,0.43
10.265120894,0.01,0.41,0.01,0.42
10.26619898,0.01,0.41,0.0,0.41
10.267156657000001,0.01,0.41,0.01,0.42
10.268133858,0.01,0.41,0.02,0.42
10.269195393,0.01,0.4,0.02,0.42
10.270172972000001,0.01,0.4,0.01,0.41
10.271207919,0.0,0.42,0.0,0.43
10.272212189000001,0.0,0.4,0.0,0.41
10.274462304,0.01,0.41,0.0,0.4
10.275531802000001,0.0,0.41,0.01,0.4
10.276416226,0.01,0.41,0.02,0.42
10.277221049000001,0.01,0.41,0.0,0.42
10.278199198000001,0.01,0.41,0.0,0.41
10.279163821000001,0.0,0.41,0.0,0.41
10.280158187000001,0.01,0.41,0.0,0.41
10.281172895000001,0.0,0.41,0.01,0.41
10.282200145000001,0.01,0.41,0.01,0.41
10.283192078,0.01,0.41,0.01,0.41
10.284112505000001,0.01,0.41,0.02,0.41
10.285168878,0.0,0.41,0.01,0.41
10.286161625,0.01,0.41,0.01,0.42
10.287162337,0.01,0.42,0.01,0.41
10.288191735,0.02,0.41,0.02,0.42
10.290345981,0.02,0.42,0.02,0.42
10.291133141000001,0.01,0.42,0.01,0.41
10.292126347,0.01,0.41,0.01,0.42
10.293206848,0.0,0.41,0.0,0.41
10.294189769,0.01,0.41,0.01,0.41
10.295186276,0.01,0.41,0.01,0.41
10.296189401000001,0.01,0.41,0.01,0.41
10.297179332,0.01,0.41,0.0,0.42
10.298283932,0.0,0.42,0.01,0.41
10.299119975,0.01,0.41,0.01,0.42
10.300310628,0.0,0.41,0.01,0.42
10.30110782,0.0,0.42,0.01,0.41
10.302356676,0.0,0.41,0.01,0.41
10.304281749000001,0.01,0.42,0.01,0.42
10.305106323,0.0,0.42,0.0,0.41
10.306376703000002,0.01,0.41,0.0,0.41
10.307098618000001,0.01,0.41,0.0,0.41
10.308332412,0.01,0.41,0.0,0.42
10.309097337,0.01,0.41,0.01,0.42
10.310329569,0.01,0.4,0.01,0.42
10.311094576,0.0,0.42,0.0,0.42
10.312330544,0.01,0.4,0.0,0.42
10.313093081,0.0,0.41,0.01,0.41
10.314158358,0.01,0.41,0.01,0.4
10.315149969,0.02,0.41,0.01,0.42
10.316289851,0.0,0.41,0.01,0.42
10.317094602000001,0.0,0.41,0.01,0.41
10.318341049,0.0,0.42,0.01,0.42
10.320344969,0.01,0.41,0.0,0.41
10.321087104,0.01,0.41,0.0,0.41
10.322218603000001,0.0,0.42,0.0,0.41
10.323214018,0.0,0.41,0.0,0.42
10.324204713,0.01,0.41,0.01,0.41
10.3252068,0.01,0.41,0.01,0.41
10.326214572000001,0.01,0.42,0.0,0.43
10.327203421,0.0,0.4,0.0,0.41
10.328341368,0.02,0.42,0.02,0.42
10.329096305,0.01,0.42,0.01,0.42
10.33029318,0.01,0.41,0.01,0.43
10.331091085,0.0,0.42,0.0,0.42
10.332342156000001,0.0,0.41,0.0,0.42
10.334349469000001,0.0,0.41,0.01,0.42
10.335096019,0.0,0.42,0.01,0.42
10.33620191,0.01,0.42,0.01,0.4
10.337207078,0.01,0.42,0.01,0.41
10.338207373000001,0.0,0.41,0.01,0.41
10.339146428000001,0.0,0.41,0.0,0.41
10.340194057000001,0.01,0.41,0.01,0.41
10.341197849,0.0,0.41,0.0,0.42
10.342203853000001,0.0,0.41,0.0,0.41
10.343172236000001,0.01,0.41,0.01,0.41
10.344284604,0.0,0.41,0.0,0.41
10.345126338,0.01,0.41,0.0,0.41
10.346151724,0.01,0.41,0.01,0.42
10.348334083000001,0.01,0.41,0.01,0.41
10.349101927000001,0.02,0.41,0.01,0.42
10.350097374,0.01,0.4,0.01,0.41
10.351195619,0.0,0.41,0.0,0.41
10.352194405,0.0,0.41,0.01,0.41
10.353081661000001,0.0,0.41,0.01,0.42
10.354194082000001,0.01,0.41,0.01,0.4
10.355199072000001,0.01,0.42,0.01,0.41
10.356191483,0.02,0.42,0.0,0.42
10.357192988000001,0.01,0.41,0.01,0.43
10.358168930000001,0.01,0.41,0.0,0.41
10.359322459000001,0.01,0.41,0.0,0.41
10.360107385000001,0.0,0.41,0.0,0.41
10.361272947,0.0,0.41,0.0,0.42
10.363290767,0.01,0.4,0.0,0.42
10.364102723,0.0,0.42,0.0,0.41
10.365089138,0.0,0.41,0.01,0.42
10.366198512,0.0,0.42,0.01,0.42
10.367192337,0.0,0.41,0.0,0.42
10.368203309,0.02,0.41,0.02,0.42
10.369115033,0.01,0.42,0.01,0.41
10.370348381000001,0.01,0.42,0.01,0.42
10.371103543,0.01,0.42,0.01,0.42
10.37232234,0.01,0.41,0.0,0.41
10.373099594000001,0.0,0.41,0.01,0.41
10.37428528,0.01,0.41,0.0,0.42
10.375135696000001,0.01,0.41,0.01,0.42
10.376167870000002,0.01,0.41,0.01,0.41
10.377360722,0.01,0.41,0.01,0.42
10.379333823000001,0.0,0.41,0.01,0.41
10.380089154,0.01,0.41,0.01,0.42
10.381337323,0.01,0.41,0.0,0.42
10.382084521000001,0.0,0.41,0.01,0.41
10.383346062000001,0.0,0.41,0.01,0.41
10.384083140000001,0.01,0.41,0.0,0.4
10.385221883,0.01,0.41,0.0,0.42
10.386177157,0.01,0.41,0.0,0.41
10.387200770000002,0.0,0.41,0.0,0.42
10.388167683,0.01,0.41,0.01,0.42
10.389135043000001,0.01,0.41,0.02,0.41
10.390279482,0.02,0.4,0.01,0.41
10.391116229000001,0.01,0.4,0.01,0.42
10.392136717000001,0.0,0.42,0.0,0.42
10.393195097000001,0.0,0.42,0.0,0.42
10.395281225000002,0.01,0.42,0.01,0.42
10.39609399,0.02,0.42,0.01,0.42
10.397329371000001,0.01,0.41,0.01,0.42
10.398095408000001,0.0,0.41,0.0,0.41
10.399336498,0.01,0.41,0.0,0.41
10.400094649000001,0.01,0.41,0.0,0.4
10.401344998,0.0,0.41,0.0,0.41
10.40209703,0.0,0.42,0.01,0.42
10.403338846,0.0,0.41,0.0,0.41
10.404091125,0.01,0.42,0.01,0.42
10.405175737,0.01,0.42,0.01,0.42
10.406166908000001,0.0,0.41,0.0,0.42
10.407364642000001,0.01,0.41,0.01,0.42
10.408091142,0.02,0.42,0.02,0.42
10.409334429000001,0.01,0.42,0.02,0.42
10.411338076,0.01,0.41,0.02,0.41
10.412104235000001,0.0,0.41,0.01,0.41
10.413203453000001,0.01,0.42,0.01,0.42
10.414201939,0.01,0.41,0.0,0.42
10.4152023,0.01,0.41,0.0,0.41
10.416192719000001,0.01,0.41,0.01,0.41
10.417193763,0.01,0.42,0.0,0.41
10.418170326,0.01,0.41,0.01,0.41
10.419151877000001,0.01,0.41,0.01,0.42
10.420289977000001,0.01,0.41,0.01,0.42
10.421133577,0.01,0.42,0.0,0.41
10.422266088,0.01,0.41,0.0,0.41
10.424259922000001,0.0,0.41,0.01,0.41
10.425093749,0.01,0.41,0.0,0.41
10.426201615,0.01,0.42,0.01,0.42
10.427128557000001,0.01,0.42,0.0,0.41
10.428201787,0.01,0.42,0.01,0.41
10.429196816000001,0.02,0.42,0.01,0.42
10.430191551,0.01,0.41,0.01,0.4
10.431203769000001,0.0,0.4,0.01,0.41
10.432195522,0.01,0.41,0.0,0.42
10.433350260000001,0.01,0.42,0.0,0.41
10.434098663,0.02,0.41,0.0,0.42
10.435322538000001,0.01,0.41,0.01,0.43
10.436093157,0.01,0.41,0.01,0.42
10.437321987,0.0,0.41,0.0,0.41
10.439329939,0.01,0.42,0.01,0.41
10.44009643,0.01,0.42,0.01,0.4
10.441203551000001,0.0,0.42,0.0,0.41
10.442204064,0.0,0.4,0.0,0.41
10.443203779000001,0.01,0.42,0.0,0.42
10.444196137,0.0,0.42,0.0,0.42
10.44519165,0.01,0.41,0.01,0.41
10.446335496000001,0.0,0.41,0.01,0.41
10.447104371,0.01,0.42,0.0,0.41
10.448325758000001,0.01,0.41,0.01,0.43
10.449102562,0.01,0.41,0.02,0.42
10.450134455,0.01,0.4,0.02,0.42
10.451148597000001,0.0,0.41,0.0,0.42
10.452119095,0.0,0.41,0.01,0.42
10.453305649,0.0,0.42,0.01,0.42
10.455159973,0.01,0.42,0.01,0.4
10.456099282,0.02,0.42,0.01,0.41
10.457199679,0.01,0.41,0.01,0.42
10.458207743000001,0.01,0.41,0.0,0.41
10.459196023,0.0,0.41,0.0,0.41
10.460195335,0.01,0.4,0.01,0.42
10.461130428,0.0,0.41,0.0,0.42
10.462086925000001,0.01,0.41,0.0,0.42
10.463187895,0.0,0.41,0.01,0.43
10.464158754000001,0.01,0.42,0.01,0.41
10.465117662,0.02,0.41,0.0,0.42
10.466142785,0.01,0.41,0.0,0.42
10.468217053,0.0,0.41,0.01,0.41
10.469107373,0.02,0.41,0.01,0.42
10.470207521,0.01,0.41,0.01,0.41
10.471199864,0.01,0.42,0.01,0.41
10.472202516000001,0.01,0.42,0.0,0.42
10.473192965,0.0,0.42,0.01,0.42
10.474196291,0.01,0.42,0.0,0.42
10.475144601,0.01,0.43,0.0,0.41
10.476196871,0.01,0.41,0.01,0.42
10.477208461,0.01,0.42,0.0,0.42
10.478149357000001,0.0,0.42,0.0,0.42
10.479382691000001,0.01,0.42,0.01,0.41
10.480099998,0.0,0.41,0.01,0.41
10.481290527,0.01,0.41,0.0,0.42
10.482101968,0.0,0.41,0.01,0.41
10.483351599,0.0,0.41,0.0,0.42
10.485326888000001,0.01,0.41,0.0,0.41
10.486095290000002,0.01,0.4,0.01,0.41
10.487263041,0.01,0.41,0.0,0.42
10.488090503,0.01,0.41,0.01,0.43
10.489114906000001,0.01,0.41,0.02,0.42
10.490085377,0.01,0.41,0.02,0.42
10.491085492,0.01,0.41,0.0,0.41
10.492458838000001,0.0,0.41,0.0,0.42
10.493054666,0.01,0.4,0.0,0.42
10.494260478000001,0.01,0.41,0.0,0.41
10.495144175,0.02,0.42,0.02,0.42
10.496425151,0.01,0.41,0.01,0.42
10.497092933000001,0.01,0.41,0.0,0.42
10.49847808,0.0,0.41,0.0,0.41
10.500243511,0.01,0.41,0.01,0.42
10.501128243,0.01,0.41,0.01,0.41
10.502209156000001,0.0,0.41,0.0,0.41
10.503269028,0.0,0.41,0.0,0.42
10.50410181,0.0,0.41,0.0,0.42
10.505214001,0.0,0.43,0.01,0.41
10.506155380000001,0.01,0.41,0.01,0.4
10.507363058000001,0.01,0.41,0.02,0.42
10.508105606,0.01,0.42,0.01,0.42
10.509247648,0.02,0.41,0.01,0.41
10.510073577,0.02,0.41,0.02,0.4
10.511251465,0.0,0.42,0.0,0.42
10.512073413000001,0.0,0.41,0.01,0.42
10.513309937,0.01,0.42,0.0,0.42
10.514073960000001,0.01,0.41,0.01,0.41
10.515218819000001,0.0,0.42,0.02,0.41
10.516242425000002,0.01,0.41,0.01,0.41
10.518348204,0.0,0.4,0.01,0.42
10.51911973,0.0,0.41,0.01,0.42
10.520217405,0.0,0.41,0.01,0.41
10.521112951000001,0.0,0.41,0.0,0.41
10.522169392,0.0,0.41,0.0,0.42
10.523215976000001,0.01,0.41,0.01,0.41
10.524187876000001,0.0,0.41,0.01,0.42
10.525142646,0.01,0.41,0.01,0.42
10.526143384000001,0.01,0.41,0.0,0.42
10.527246178,0.01,0.41,0.01,0.41
10.528092574,0.02,0.41,0.01,0.42
10.529249985,0.02,0.41,0.02,0.42
10.531341967000001,0.01,0.4,0.01,0.42
10.532095938000001,0.0,0.41,0.0,0.41
10.533197232000001,0.0,0.41,0.0,0.43
10.534115306,0.0,0.41,0.0,0.42
10.535181142,0.0,0.41,0.01,0.41
10.536157915,0.01,0.41,0.01,0.42
10.53719482,0.01,0.41,0.01,0.41
10.538189218000001,0.0,0.41,0.01,0.41
10.539133186,0.0,0.42,0.0,0.41
10.540351185,0.01,0.4,0.0,0.41
10.54110968,0.01,0.41,0.01,0.42
10.542222396000001,0.01,0.41,0.0,0.41
10.543157979,0.0,0.41,0.0,0.42
10.545346474,0.01,0.41,0.01,0.42
10.54609752,0.01,0.41,0.0,0.42
10.547123813,0.01,0.41,0.01,0.42
10.548123511,0.02,0.41,0.01,0.41
10.549201550000001,0.02,0.42,0.01,0.41
10.550147645000001,0.01,0.41,0.01,0.41
10.551195793000002,0.01,0.42,0.01,0.41
10.552120435,0.01,0.41,0.01,0.42
10.553334913,0.0,0.42,0.0,0.42
10.554103218,0.01,0.41,0.01,0.42
10.555316498,0.01,0.41,0.01,0.42
10.556097168,0.01,0.41,0.01,0.41
10.557286784,0.01,0.42,0.0,0.41
10.558093466,0.01,0.41,0.01,0.42
10.559330548,0.01,0.42,0.0,0.41
10.561329708,0.01,0.42,0.01,0.42
10.562089699000001,0.0,0.41,0.0,0.42
10.563119933000001,0.0,0.41,0.0,0.42
10.564327305,0.0,0.42,0.0,0.42
10.565089938,0.01,0.41,0.01,0.41
10.566225104,0.01,0.41,0.0,0.41
10.567154237,0.01,0.41,0.0,0.42
10.568341368,0.01,0.42,0.01,0.42
10.569107099,0.01,0.41,0.02,0.42
10.570301575,0.01,0.42,0.02,0.42
10.571141399,0.01,0.41,0.01,0.42
10.572274420000001,0.0,0.41,0.01,0.41
10.573135104,0.0,0.42,0.0,0.41
10.574338568,0.01,0.42,0.01,0.41
10.576399496,0.01,0.42,0.01,0.41
10.577085264,0.01,0.42,0.01,0.42
10.578327565,0.01,0.42,0.0,0.41
10.579103563,0.01,0.42,0.01,0.4
10.580107230000001,0.01,0.42,0.0,0.42
10.581194954,0.0,0.41,0.01,0.42
10.582165932,0.0,0.42,0.0,0.42
10.583200452,0.02,0.42,0.01,0.42
10.584150867,0.01,0.42,0.01,0.42
10.585200794,0.01,0.42,0.0,0.42
10.586193524,0.01,0.42,0.0,0.42
10.587203819,0.01,0.42,0.01,0.41
10.588229128,0.02,0.41,0.01,0.41
10.589285195,0.01,0.42,0.01,0.41
10.591508451000001,0.01,0.41,0.01,0.41
10.592535703000001,0.01,0.41,0.01,0.41
10.593382976000001,0.01,0.42,0.0,0.41
10.594170344,0.01,0.42,0.01,0.41
10.595192385,0.0,0.42,0.01,0.42
10.596162093,0.01,0.41,0.01,0.41
10.597219984,0.0,0.41,0.0,0.41
10.598157106,0.0,0.43,0.0,0.41
10.599203450000001,0.01,0.42,0.01,0.41
10.600123726000001,0.01,0.42,0.01,0.41
10.601160804000001,0.0,0.42,0.0,0.41
10.602161915,0.01,0.42,0.0,0.42
10.603336243000001,0.0,0.42,0.0,0.41
10.604133939,0.01,0.42,0.01,0.41
10.606336501000001,0.01,0.42,0.01,0.41
10.607132394,0.01,0.42,0.0,0.41
10.608158811000001,0.01,0.42,0.01,0.43
10.609180251000002,0.01,0.42,0.02,0.42
10.610114188,0.01,0.42,0.02,0.42
10.611344504,0.0,0.42,0.0,0.42
10.612122856000001,0.01,0.43,0.01,0.42
10.613308752,0.0,0.42,0.0,0.41
10.614106341000001,0.01,0.43,0.0,0.41
10.615337672,0.02,0.42,0.01,0.42
10.616098859000001,0.01,0.42,0.02,0.42
10.617277087000002,0.01,0.41,0.0,0.41
10.618136905,0.01,0.41,0.01,0.42
10.6192828,0.01,0.4,0.0,0.41
10.621357022000002,0.0,0.41,0.0,0.42
10.622094506,0.01,0.42,0.0,0.42
10.623335736000001,0.0,0.43,0.0,0.42
10.624093394,0.01,0.43,0.0,0.42
10.625346524000001,0.0,0.43,0.01,0.41
10.626082777,0.0,0.43,0.01,0.41
10.627148377000001,0.01,0.43,0.01,0.41
10.628351014000001,0.01,0.43,0.01,0.42
10.629089269000001,0.01,0.43,0.01,0.41
10.630293222,0.01,0.42,0.01,0.4
10.631159323,0.01,0.43,0.01,0.41
10.63225794,0.0,0.43,0.0,0.42
10.634330355000001,0.0,0.43,0.0,0.41
10.635085145000001,0.01,0.44,0.01,0.42
10.636428178000001,0.01,0.42,0.01,0.42
10.637086346,0.01,0.41,0.01,0.41
10.638360309000001,0.0,0.43,0.0,0.42
10.639087298000002,0.01,0.42,0.01,0.41
10.640338582,0.01,0.43,0.01,0.42
10.641092954000001,0.0,0.42,0.0,0.42
10.642335299,0.01,0.42,0.01,0.42
10.643118600000001,0.0,0.43,0.0,0.41
10.644252089,0.0,0.43,0.0,0.42
10.645123125000001,0.01,0.43,0.01,0.41
10.646161118,0.0,0.44,0.0,0.41
10.647078037,0.0,0.44,0.01,0.41
10.648293749,0.02,0.43,0.02,0.42
10.650375966,0.02,0.43,0.01,0.42
10.651085886,0.01,0.43,0.01,0.42
10.652157578,0.01,0.43,0.01,0.42
10.653085952000001,0.0,0.43,0.0,0.42
10.654353157000001,0.0,0.42,0.01,0.41
10.655111373,0.01,0.43,0.0,0.42
10.656256823000001,0.01,0.43,0.01,0.42
10.657130551,0.0,0.43,0.01,0.41
10.658272999000001,0.01,0.42,0.0,0.42
10.659122328,0.0,0.43,0.01,0.41
10.660245374,0.0,0.43,0.01,0.42
10.661118298,0.0,0.43,0.0,0.42
10.662236134,0.01,0.44,0.0,0.41
10.663081366,0.0,0.43,0.01,0.42
10.664264822,0.0,0.44,0.01,0.4
10.666196757,0.01,0.44,0.01,0.41
10.667192176,0.01,0.42,0.01,0.42
10.668193213,0.02,0.43,0.01,0.41
10.669191259000002,0.02,0.44,0.01,0.41
10.670309194000001,0.02,0.42,0.0,0.42
10.671104595000001,0.01,0.44,0.0,0.41
10.672097489,0.01,0.44,0.0,0.42
10.673181000000001,0.0,0.44,0.02,0.42
10.674204611,0.01,0.44,0.01,0.41
10.675233986,0.02,0.44,0.02,0.42
10.676226375,0.01,0.43,0.01,0.43
10.677087305,0.0,0.43,0.0,0.41
10.678233244000001,0.01,0.42,0.01,0.42
10.679247372,0.01,0.43,0.01,0.41
10.681249402,0.01,0.43,0.0,0.41
10.682048266,0.01,0.43,0.0,0.42
10.683273379000001,0.01,0.43,0.01,0.42
10.684122509,0.0,0.43,0.01,0.42
10.685233559,0.01,0.44,0.0,0.42
10.686187614000001,0.01,0.43,0.01,0.42
10.687186123,0.01,0.42,0.0,0.41
10.688197495,0.02,0.43,0.01,0.42
10.689195305,0.01,0.44,0.02,0.42
10.690697121000001,0.02,0.44,0.02,0.42
10.691059897,0.01,0.43,0.01,0.41
10.692343566,0.0,0.44,0.01,0.41
10.693079004000001,0.0,0.43,0.01,0.41
10.694595332,0.01,0.43,0.01,0.41
10.696446969,0.01,0.43,0.01,0.4
10.697047115,0.01,0.44,0.01,0.43
10.698456852000001,0.0,0.43,0.0,0.42
10.699047429,0.0,0.43,0.01,0.42
10.700452371,0.01,0.42,0.01,0.42
10.701107557,0.0,0.43,0.01,0.42
10.702468774000002,0.0,0.44,0.01,0.42
10.703067294,0.0,0.43,0.01,0.42
10.704247701,0.01,0.43,0.01,0.42
10.70513932,0.01,0.42,0.0,0.41
10.706209293,0.0,0.44,0.01,0.41
10.707152557,0.01,0.43,0.01,0.41
10.708305044000001,0.01,0.42,0.01,0.42
10.709084253,0.01,0.43,0.01,0.41
10.710343499,0.01,0.43,0.0,0.42
10.712355838,0.01,0.43,0.01,0.41
10.713092386000001,0.01,0.43,0.0,0.41
10.714338624,0.02,0.43,0.0,0.43
10.715097318000002,0.02,0.45,0.02,0.42
10.716336250000001,0.0,0.43,0.01,0.42
10.717085527,0.01,0.44,0.0,0.41
10.718339440000001,0.01,0.44,0.0,0.41
10.719123859000002,0.01,0.45,0.01,0.41
10.720453502,0.01,0.44,0.01,0.41
10.721081926,0.0,0.43,0.0,0.42
10.722266751000001,0.0,0.43,0.0,0.42
10.723077636000001,0.0,0.44,0.0,0.42
10.724349204000001,0.01,0.43,0.01,0.41
10.726304155000001,0.01,0.42,0.01,0.42
10.727082135,0.01,0.43,0.0,0.41
10.728347599000001,0.01,0.44,0.01,0.41
10.729086604,0.02,0.44,0.01,0.42
10.73034329,0.02,0.44,0.01,0.42
10.731086863,0.0,0.44,0.0,0.41
10.732277816,0.01,0.44,0.01,0.41
10.7330804,0.01,0.43,0.01,0.42
10.734131871,0.01,0.42,0.0,0.41
10.73526747,0.02,0.44,0.01,0.41
10.736159414000001,0.01,0.44,0.02,0.41
10.737236193000001,0.0,0.43,0.0,0.41
10.738173555000001,0.0,0.43,0.0,0.41
10.739359464000001,0.0,0.43,0.01,0.42
10.741373384000001,0.0,0.43,0.01,0.41
10.742083398,0.0,0.43,0.0,0.42
10.743339947,0.0,0.43,0.01,0.41
10.744082642,0.01,0.43,0.0,0.41
10.745355078000001,0.0,0.42,0.0,0.42
10.746085462,0.01,0.44,0.02,0.42
10.74733784,0.01,0.43,0.01,0.42
10.748088414000001,0.01,0.43,0.01,0.42
10.749252545000001,0.01,0.44,0.01,0.41
10.750224783,0.01,0.43,0.0,0.42
10.751234002,0.0,0.43,0.0,0.41
10.752327580000001,0.01,0.43,0.01,0.41
10.753350690000001,0.01,0.43,0.01,0.42
10.754465108000002,0.01,0.44,0.01,0.41
10.755642827,0.01,0.43,0.01,0.42
10.756776124,0.01,0.43,0.01,0.42
10.757555503,0.01,0.43,0.0,0.41
10.759751301000001,0.01,0.43,0.01,0.4
10.760941385,0.01,0.44,0.01,0.41
10.762019706,0.01,0.43,0.01,0.43
10.763029756,0.0,0.44,0.0,0.42
10.763988907,0.0,0.45,0.0,0.42
10.764803286000001,0.0,0.44,0.0,0.41
10.765280043,0.0,0.43,0.01,0.42
10.766162446000001,0.0,0.43,0.0,0.42
10.76715478,0.0,0.44,0.01,0.41
10.768157759000001,0.02,0.44,0.02,0.42
10.769188708000001,0.02,0.44,0.02,0.42
10.770205526,0.0,0.44,0.0,0.42
10.772447978,0.0,0.43,0.0,0.42
10.773384593000001,0.0,0.43,0.0,0.42
10.774193841,0.0,0.43,0.01,0.42
10.775234472000001,0.0,0.45,0.01,0.42
10.776210486,0.01,0.46,0.01,0.41
10.777204621000001,0.01,0.45,0.0,0.42
10.778212137,0.01,0.43,0.0,0.42
10.779215356,0.01,0.44,0.0,0.41
10.780200474,0.0,0.45,0.0,0.42
10.781171467,0.0,0.44,0.0,0.41
10.782156031000001,0.01,0.44,0.0,0.42
10.783190555000001,0.01,0.44,0.01,0.41
10.784189834000001,0.0,0.44,0.0,0.41
10.785191710000001,0.02,0.44,0.01,0.41
10.787372595,0.01,0.43,0.0,0.42
10.788173295,0.01,0.44,0.0,0.41
10.789175242,0.02,0.44,0.01,0.41
10.790189961000001,0.0,0.44,0.01,0.41
10.791180542000001,0.01,0.44,0.0,0.41
10.792180938000001,0.0,0.43,0.0,0.41
10.793296101000001,0.0,0.43,0.0,0.41
10.794125944000001,0.01,0.44,0.01,0.42
10.795335272,0.02,0.44,0.01,0.41
10.796105973000001,0.01,0.43,0.01,0.41
10.797299062,0.0,0.44,0.0,0.42
10.798093978,0.01,0.43,0.01,0.42
10.799322177,0.01,0.43,0.01,0.42
10.800097586000001,0.01,0.43,0.01,0.41
10.801335474,0.01,0.44,0.0,0.42
10.803339045000001,0.01,0.43,0.0,0.43
10.804091624000002,0.0,0.44,0.01,0.42
10.805212602000001,0.0,0.43,0.0,0.42
10.806125854000001,0.0,0.44,0.01,0.42
10.807194101,0.0,0.43,0.02,0.42
10.808119052,0.02,0.45,0.02,0.43
10.809206932,0.02,0.44,0.01,0.42
10.810154058,0.01,0.43,0.01,0.41
10.811121879,0.01,0.44,0.0,0.42
10.812277326,0.0,0.43,0.0,0.42
10.813091557,0.0,0.44,0.0,0.42
10.814319302000001,0.02,0.43,0.01,0.42
10.816355622000001,0.02,0.43,0.01,0.42
10.817093001,0.01,0.44,0.01,0.4
10.818167405,0.01,0.44,0.01,0.42
10.819165369,0.0,0.43,0.01,0.42
10.820204914000001,0.01,0.44,0.0,0.42
10.821190092,0.01,0.43,0.0,0.42
10.822195281,0.0,0.44,0.0,0.41
10.823197043,0.01,0.43,0.0,0.41
10.824130772,0.01,0.44,0.0,0.41
10.825350653000001,0.01,0.44,0.01,0.42
10.826097974000001,0.01,0.45,0.0,0.42
10.827293672000001,0.01,0.45,0.01,0.41
10.828126065000001,0.02,0.44,0.01,0.41
10.829266052000001,0.02,0.44,0.01,0.41
10.830140503,0.02,0.45,0.0,0.41
10.832338393,0.0,0.45,0.0,0.41
10.833091418,0.01,0.44,0.01,0.41
10.834285529,0.01,0.45,0.01,0.42
10.835084628,0.02,0.45,0.01,0.42
10.836205931,0.01,0.45,0.01,0.42
10.837192672,0.01,0.45,0.0,0.42
10.838226350000001,0.0,0.45,0.0,0.41
10.839209829000001,0.02,0.44,0.0,0.42
10.840158878,0.01,0.44,0.01,0.42
10.841407691,0.01,0.44,0.0,0.41
10.842089107000001,0.01,0.44,0.0,0.42
10.843284247000001,0.01,0.44,0.0,0.41
10.844090916,0.01,0.44,0.01,0.41
10.845322356,0.0,0.44,0.01,0.41
10.847334839,0.0,0.45,0.0,0.42
10.848098378000001,0.01,0.45,0.01,0.42
10.849197484000001,0.01,0.45,0.02,0.42
10.8501382,0.01,0.44,0.01,0.41
10.851206285,0.0,0.45,0.01,0.42
10.852205649,0.0,0.45,0.0,0.42
10.853115874,0.01,0.45,0.0,0.41
10.854339858000001,0.01,0.43,0.01,0.41
10.855104493,0.02,0.45,0.01,0.41
10.856279071000001,0.01,0.45,0.01,0.41
10.857131788,0.0,0.44,0.0,0.41
10.858279696,0.0,0.45,0.01,0.41
10.859138417,0.01,0.44,0.01,0.42
10.860355075000001,0.0,0.45,0.01,0.41
10.862340767000001,0.01,0.46,0.0,0.42
10.863116000000002,0.0,0.46,0.0,0.41
10.864365718,0.0,0.45,0.01,0.42
10.865099067000001,0.0,0.45,0.01,0.41
10.866279813,0.0,0.45,0.02,0.42
10.867092519,0.01,0.45,0.01,0.41
10.868283632,0.02,0.46,0.01,0.42
10.869152234000001,0.01,0.45,0.01,0.41
10.870409763000001,0.01,0.45,0.01,0.4
10.871083429,0.01,0.45,0.01,0.42
10.872255000000001,0.0,0.45,0.01,0.42
10.873083426,0.01,0.45,0.0,0.42
10.874336698,0.0,0.45,0.01,0.41
10.876344304,0.01,0.45,0.02,0.41
10.877092309,0.01,0.44,0.01,0.41
10.878332740000001,0.02,0.45,0.01,0.41
10.879093104,0.01,0.45,0.01,0.41
10.880346939,0.01,0.45,0.0,0.42
10.881097761000001,0.0,0.45,0.0,0.42
10.882352317,0.0,0.45,0.0,0.42
10.883095161,0.01,0.45,0.01,0.42
10.884314275000001,0.0,0.44,0.0,0.41
10.885091221000001,0.01,0.45,0.01,0.42
10.886270322000001,0.0,0.45,0.0,0.41
10.887088409,0.01,0.45,0.01,0.42
10.888267484,0.01,0.45,0.02,0.43
10.889084716000001,0.01,0.46,0.02,0.43
10.890188656000001,0.01,0.45,0.01,0.42
10.891215352000001,0.0,0.46,0.0,0.42
10.893332823000001,0.0,0.46,0.0,0.42
10.894097516,0.01,0.45,0.01,0.42
10.895206693,0.01,0.46,0.0,0.41
10.896116932,0.02,0.46,0.01,0.41
10.897128570000001,0.01,0.46,0.0,0.41
10.898326077,0.0,0.45,0.01,0.41
10.899094085000002,0.01,0.45,0.01,0.41
10.900122218,0.0,0.45,0.01,0.42
10.901144566000001,0.01,0.46,0.0,0.42
10.902141428,0.0,0.45,0.0,0.41
10.90329307,0.01,0.46,0.0,0.41
10.904090958000001,0.01,0.46,0.0,0.41
10.906284589,0.0,0.46,0.01,0.42
10.907105686000001,0.01,0.45,0.0,0.42
10.90814419,0.0,0.46,0.01,0.42
10.909201897,0.01,0.46,0.01,0.41
10.910200423000001,0.01,0.46,0.01,0.41
10.911336695000001,0.0,0.45,0.01,0.41
10.912098341,0.0,0.46,0.01,0.42
10.913248452000001,0.01,0.45,0.01,0.41
10.914178386000001,0.0,0.46,0.01,0.41
10.915154968000001,0.01,0.46,0.01,0.42
10.916145745000001,0.01,0.46,0.01,0.42
10.917160337,0.0,0.45,0.0,0.41
10.918163928,0.01,0.46,0.01,0.42
10.919155486000001,0.01,0.46,0.01,0.4
10.92114005,0.0,0.46,0.01,0.41
10.922123049000001,0.0,0.46,0.0,0.41
10.923201262000001,0.0,0.48,0.0,0.41
10.924206159,0.0,0.46,0.0,0.41
10.925170408000001,0.0,0.47,0.0,0.42
10.926187693000001,0.01,0.46,0.0,0.42
10.927261059000001,0.0,0.46,0.0,0.41
10.928288072,0.02,0.46,0.01,0.42
10.929323427,0.02,0.47,0.02,0.43
10.930243575,0.02,0.47,0.01,0.43
10.931269379000002,0.01,0.47,0.01,0.42
10.932207807000001,0.0,0.47,0.0,0.41
10.933175631000001,0.0,0.48,0.0,0.42
10.934155056,0.01,0.47,0.0,0.41
10.935199228,0.02,0.46,0.01,0.42
10.936165809,0.01,0.47,0.02,0.41
10.937193684,0.0,0.46,0.0,0.41
10.939380044,0.0,0.46,0.0,0.42
10.940160205000002,0.01,0.46,0.01,0.41
10.941143837,0.01,0.46,0.0,0.41
10.942203871,0.0,0.45,0.0,0.42
10.943192131,0.01,0.47,0.01,0.41
10.944195045,0.0,0.47,0.0,0.42
10.945188659000001,0.0,0.46,0.01,0.41
10.946112519000001,0.01,0.47,0.0,0.41
10.94715882,0.01,0.46,0.01,0.42
10.948131356000001,0.01,0.46,0.01,0.41
10.950377867,0.02,0.46,0.01,0.41
10.951117949,0.01,0.46,0.01,0.41
10.952341644,0.01,0.46,0.0,0.42
10.953103135000001,0.0,0.46,0.0,0.41
10.954210586,0.01,0.46,0.01,0.42
10.955199255,0.02,0.47,0.01,0.41
10.956231653000001,0.01,0.47,0.01,0.42
10.957346377,0.0,0.46,0.0,0.41
10.958086331,0.0,0.47,0.01,0.42
10.959339551000001,0.01,0.46,0.01,0.42
10.960090419,0.01,0.47,0.01,0.4
10.961304465000001,0.0,0.47,0.01,0.41
10.962121182,0.0,0.46,0.0,0.41
10.963150546000001,0.0,0.46,0.0,0.41
10.964143192,0.0,0.46,0.0,0.42
10.965333501,0.0,0.46,0.01,0.42
10.967342864,0.0,0.46,0.01,0.41
10.968095094,0.01,0.47,0.01,0.42
10.969202583000001,0.01,0.48,0.02,0.41
10.970205119000001,0.02,0.47,0.02,0.42
10.971193664000001,0.01,0.47,0.01,0.42
10.972195973,0.0,0.47,0.01,0.42
10.973202483000001,0.01,0.47,0.01,0.43
10.974122822,0.0,0.46,0.0,0.42
10.975357846000001,0.01,0.47,0.01,0.42
10.976098176,0.01,0.45,0.0,0.42
10.977301972000001,0.01,0.47,0.0,0.42
10.978128601,0.01,0.47,0.01,0.42
10.979270269,0.0,0.47,0.01,0.41
10.980137496000001,0.0,0.47,0.01,0.41
10.982343310000001,0.01,0.47,0.0,0.41
10.983120147000001,0.0,0.47,0.0,0.42
10.984203322,0.0,0.48,0.0,0.42
10.985076289,0.01,0.46,0.01,0.41
10.986213143,0.0,0.48,0.0,0.42
10.987202971,0.0,0.47,0.0,0.42
10.988203078000002,0.01,0.47,0.01,0.42
10.989207711,0.01,0.47,0.01,0.42
10.990175480000001,0.01,0.47,0.01,0.41
10.991332306,0.0,0.48,0.0,0.42
10.992096288,0.0,0.47,0.0,0.41
10.993268001,0.01,0.47,0.0,0.41
10.994135856000002,0.01,0.47,0.01,0.42
10.995328756000001,0.02,0.48,0.01,0.43
10.997355931000001,0.01,0.47,0.0,0.43
10.998126575,0.0,0.47,0.0,0.42
10.999126734,0.01,0.48,0.01,0.42
11.000164877000001,0.01,0.47,0.0,0.42
11.001199132,0.0,0.48,0.0,0.41
11.002152740000001,0.01,0.48,0.0,0.42
11.003177316,0.0,0.48,0.0,0.42
11.00420152,0.01,0.48,0.01,0.41
11.005210461,0.0,0.48,0.01,0.42
11.006225677000002,0.0,0.48,0.01,0.42
11.007325391,0.01,0.49,0.01,0.42
11.008219028000001,0.01,0.48,0.01,0.42
11.009229737,0.01,0.49,0.01,0.42
11.010190293,0.01,0.48,0.01,0.42
11.011171058,0.01,0.47,0.01,0.42
11.013310381,0.01,0.47,0.0,0.41
11.014250582,0.01,0.47,0.01,0.41
11.015155458,0.01,0.48,0.0,0.41
11.016201984,0.01,0.48,0.01,0.42
11.017122788,0.0,0.48,0.0,0.42
11.018188305,0.0,0.48,0.01,0.41
11.0191458,0.0,0.48,0.0,0.42
11.020194870000001,0.0,0.48,0.0,0.41
11.021187922000001,0.0,0.48,0.0,0.42
11.022181524,0.01,0.48,0.0,0.42
11.023156737,0.0,0.48,0.01,0.41
11.024328118000001,0.0,0.48,0.01,0.41
11.025121043,0.0,0.48,0.0,0.41
11.026339210000002,0.0,0.48,0.01,0.41
11.028341293,0.0,0.47,0.01,0.42
11.029122719,0.01,0.48,0.01,0.42
11.030194523,0.01,0.48,0.01,0.42
11.031190801000001,0.0,0.48,0.01,0.41
11.032188512000001,0.01,0.48,0.0,0.42
11.033156884,0.0,0.48,0.01,0.42
11.034346274,0.0,0.48,0.01,0.41
11.03510788,0.02,0.48,0.01,0.42
11.036335518000001,0.01,0.48,0.01,0.42
11.037098621,0.0,0.47,0.0,0.42
11.038282049000001,0.01,0.49,0.0,0.41
11.039140181,0.01,0.48,0.01,0.41
11.040304339,0.0,0.48,0.01,0.42
11.041140857,0.01,0.48,0.01,0.41
11.043384082000001,0.0,0.48,0.01,0.41
11.044095147,0.01,0.49,0.01,0.42
11.045215910000001,0.01,0.48,0.01,0.42
11.046129681,0.0,0.49,0.01,0.42
11.04726348,0.0,0.49,0.0,0.41
11.048165817000001,0.02,0.49,0.01,0.42
11.049177049,0.01,0.48,0.01,0.42
11.050206778000002,0.02,0.48,0.01,0.41
11.051204629,0.0,0.49,0.0,0.42
11.052113062,0.0,0.49,0.0,0.42
11.053298249000001,0.0,0.48,0.0,0.42
11.054094696,0.0,0.48,0.01,0.41
11.055285144,0.01,0.48,0.01,0.41
11.056148091,0.01,0.48,0.01,0.42
11.057314587,0.0,0.48,0.0,0.42
11.059341594000001,0.01,0.48,0.01,0.41
11.060085766,0.0,0.48,0.01,0.41
11.061354464,0.0,0.49,0.01,0.42
11.062082118000001,0.01,0.49,0.0,0.41
11.06335958,0.0,0.49,0.0,0.42
11.064114974,0.01,0.49,0.01,0.41
11.065135354,0.01,0.48,0.0,0.41
11.066213112000002,0.01,0.49,0.0,0.42
11.067199082,0.0,0.49,0.01,0.42
11.068152332,0.01,0.48,0.01,0.43
11.069269811,0.02,0.48,0.02,0.42
11.070156081,0.01,0.48,0.01,0.41
11.071153800000001,0.01,0.47,0.0,0.42
11.072139904,0.0,0.47,0.01,0.42
11.074265761000001,0.01,0.48,0.01,0.42
11.075091019,0.02,0.48,0.03,0.41
11.076204827000002,0.01,0.48,0.01,0.41
11.07712292,0.01,0.47,0.01,0.42
11.078342471000001,0.01,0.48,0.01,0.41
11.079096638000001,0.0,0.48,0.0,0.41
11.080216672,0.01,0.47,0.0,0.42
11.081213032,0.0,0.47,0.0,0.42
11.082199053,0.0,0.47,0.0,0.42
11.083169975,0.0,0.48,0.0,0.41
11.0842857,0.0,0.48,0.0,0.42
11.085090921,0.0,0.48,0.01,0.42
11.086310653,0.0,0.48,0.0,0.41
11.087116248000001,0.02,0.48,0.01,0.43
11.088208379000001,0.02,0.49,0.02,0.42
11.090336184,0.02,0.49,0.02,0.42
11.091093866000001,0.01,0.47,0.01,0.41
11.09219094,0.0,0.48,0.0,0.41
11.093210567,0.0,0.47,0.0,0.41
11.094206619000001,0.0,0.48,0.01,0.42
11.095195533,0.01,0.48,0.0,0.42
11.096203729,0.01,0.49,0.01,0.41
11.097203882,0.0,0.48,0.0,0.42
11.098198148,0.0,0.48,0.01,0.41
11.099275243000001,0.01,0.48,0.01,0.42
11.100098672000001,0.0,0.48,0.01,0.43
11.101308471000001,0.01,0.48,0.0,0.42
11.102091542,0.0,0.47,0.01,0.42
11.10326932,0.01,0.48,0.0,0.42
11.105239144,0.01,0.48,0.01,0.43
11.106223033000001,0.01,0.48,0.01,0.43
11.107209486,0.0,0.49,0.0,0.41
11.108212761,0.01,0.48,0.01,0.42
11.109205416,0.01,0.48,0.01,0.42
11.110202749,0.01,0.48,0.01,0.41
11.111075402,0.0,0.48,0.01,0.43
11.112276447000001,0.0,0.48,0.01,0.42
11.113158176,0.01,0.49,0.01,0.41
11.114147641,0.01,0.47,0.01,0.41
11.115123833,0.02,0.49,0.01,0.42
11.116309159,0.01,0.48,0.01,0.42
11.118345125000001,0.01,0.47,0.01,0.42
11.119095953,0.01,0.48,0.0,0.41
11.120206069,0.01,0.48,0.01,0.42
11.121209041,0.01,0.47,0.0,0.42
11.122219928,0.01,0.49,0.01,0.42
11.123204095,0.0,0.49,0.0,0.42
11.1244385,0.0,0.49,0.0,0.42
11.125087659,0.01,0.48,0.01,0.42
11.126352174,0.01,0.49,0.0,0.42
11.12709586,0.0,0.5,0.01,0.42
11.128139744,0.02,0.49,0.02,0.42
11.129151328,0.02,0.5,0.02,0.42
11.130140395000002,0.02,0.49,0.01,0.42
11.131352315,0.01,0.49,0.0,0.42
11.133266798000001,0.0,0.49,0.0,0.41
11.13409936,0.01,0.48,0.01,0.42
11.135192026,0.0,0.48,0.01,0.41
11.136203810000001,0.01,0.48,0.01,0.41
11.137198774000002,0.01,0.49,0.01,0.41
11.138121117,0.0,0.48,0.01,0.42
11.139410557000001,0.01,0.48,0.02,0.42
11.140099455000001,0.0,0.49,0.01,0.42
11.141276466,0.01,0.49,0.01,0.42
11.142116521,0.0,0.49,0.01,0.41
11.143266735000001,0.0,0.49,0.01,0.42
11.144122891,0.0,0.49,0.01,0.41
11.145279622,0.0,0.49,0.01,0.41
11.146084724000001,0.01,0.49,0.01,0.41
11.147351938,0.0,0.49,0.01,0.42
11.149350916000001,0.01,0.48,0.01,0.42
11.150098708000002,0.01,0.48,0.01,0.42
11.15117146,0.0,0.48,0.01,0.41
11.152120601,0.0,0.48,0.0,0.41
11.15319066,0.0,0.48,0.01,0.42
11.154198096,0.01,0.48,0.01,0.41
11.15520176,0.02,0.48,0.02,0.41
11.156193488000001,0.01,0.5,0.01,0.42
11.157085561,0.0,0.48,0.01,0.41
11.158277215,0.0,0.48,0.0,0.41
11.159101105000001,0.01,0.49,0.0,0.41
11.160151082,0.01,0.48,0.0,0.41
11.161162894,0.0,0.49,0.0,0.41
11.162198715,0.01,0.48,0.01,0.43
11.164169016,0.01,0.49,0.0,0.42
11.165107386,0.01,0.49,0.01,0.42
11.166229906,0.0,0.49,0.0,0.42
11.16720952,0.0,0.49,0.01,0.42
11.168089638000001,0.02,0.49,0.01,0.41
11.169198748000001,0.02,0.48,0.01,0.41
11.170124278000001,0.02,0.48,0.01,0.42
11.171109229,0.01,0.48,0.0,0.42
11.172150664,0.01,0.48,0.0,0.42
11.17311808,0.01,0.48,0.01,0.42
11.174116937,0.0,0.5,0.01,0.42
11.175126984,0.01,0.49,0.01,0.42
11.176157842,0.01,0.49,0.01,0.41
11.177119916,0.01,0.49,0.01,0.42
11.178354794,0.01,0.49,0.01,0.41
11.180335205,0.01,0.48,0.0,0.41
11.181111364000001,0.0,0.49,0.0,0.41
11.18219833,0.01,0.48,0.0,0.41
11.183201590000001,0.0,0.48,0.01,0.41
11.184196764000001,0.0,0.49,0.0,0.42
11.185195254,0.0,0.48,0.01,0.42
11.186188087000001,0.01,0.49,0.01,0.41
11.187177778,0.01,0.5,0.01,0.42
11.188279860000002,0.01,0.49,0.01,0.41
11.189106578,0.02,0.5,0.02,0.41
11.190268510000001,0.01,0.49,0.01,0.42
11.191120332,0.0,0.49,0.0,0.42
11.192320843000001,0.0,0.49,0.0,0.42
11.194324205000001,0.0,0.48,0.01,0.42
11.195124505,0.01,0.49,0.01,0.42
11.196302442,0.01,0.48,0.01,0.41
11.197099202,0.01,0.49,0.0,0.42
11.198342177,0.01,0.48,0.01,0.42
11.199094353000001,0.01,0.48,0.01,0.42
11.200336507000001,0.01,0.48,0.0,0.43
11.201088095000001,0.0,0.48,0.0,0.42
11.202246751,0.0,0.49,0.01,0.42
11.203107372,0.0,0.48,0.01,0.41
11.204235227,0.01,0.49,0.0,0.41
11.205108473000001,0.01,0.49,0.01,0.41
11.207326938000001,0.01,0.48,0.0,0.41
11.208114958000001,0.0,0.49,0.01,0.42
11.209214563000002,0.01,0.48,0.01,0.42
11.210233421,0.01,0.48,0.01,0.42
11.211141897000001,0.0,0.48,0.01,0.43
11.212389872000001,0.01,0.48,0.01,0.42
11.213084918,0.0,0.48,0.0,0.41
11.214344406,0.02,0.49,0.01,0.41
11.215084465,0.01,0.49,0.02,0.41
11.216341133,0.01,0.49,0.01,0.43
11.217116221000001,0.01,0.49,0.0,0.41
11.218268222,0.01,0.46,0.0,0.42
11.219159309,0.0,0.48,0.0,0.41
11.220147734000001,0.01,0.48,0.0,0.42
11.222371752,0.0,0.49,0.0,0.41
11.223087163,0.0,0.49,0.0,0.42
11.224218762000001,0.0,0.48,0.01,0.43
11.225220252000002,0.01,0.5,0.0,0.42
11.226111086000001,0.01,0.49,0.0,0.42
11.227336188,0.01,0.49,0.01,0.42
11.228087173,0.02,0.5,0.01,0.41
11.229149726000001,0.01,0.49,0.01,0.42
11.230147186,0.01,0.49,0.01,0.4
11.23127022,0.01,0.48,0.01,0.42
11.232086977000002,0.0,0.49,0.01,0.42
11.233280219000001,0.0,0.49,0.0,0.42
11.234180610000001,0.01,0.5,0.01,0.41
11.235220021,0.0,0.49,0.01,0.43
11.236149953,0.01,0.49,0.01,0.41
11.237330526000001,0.0,0.49,0.0,0.42
11.239390532,0.01,0.49,0.01,0.41
11.240260516000001,0.01,0.49,0.01,0.42
11.241097231000001,0.01,0.49,0.0,0.42
11.242206706000001,0.01,0.48,0.0,0.42
11.243202789000001,0.01,0.49,0.0,0.41
11.244203564000001,0.01,0.49,0.0,0.42
11.245198891000001,0.0,0.49,0.01,0.42
11.246202960000002,0.01,0.49,0.0,0.43
11.247178864,0.0,0.49,0.01,0.42
11.248275145000001,0.01,0.49,0.02,0.43
11.249097794,0.02,0.5,0.01,0.42
11.250285682000001,0.01,0.5,0.02,0.41
11.251139014000001,0.0,0.49,0.0,0.41
11.252303363000001,0.0,0.5,0.0,0.42
11.254347686000001,0.01,0.49,0.01,0.42
11.255091311000001,0.01,0.49,0.01,0.4
11.256202138,0.01,0.49,0.0,0.42
11.257118964,0.01,0.48,0.01,0.42
11.258360231000001,0.0,0.49,0.0,0.41
11.259095447,0.01,0.49,0.0,0.42
11.260161301,0.0,0.48,0.01,0.41
11.261088626000001,0.0,0.5,0.01,0.41
11.262120517000001,0.0,0.47,0.01,0.42
11.263248983,0.01,0.5,0.01,0.41
11.264158326,0.0,0.5,0.01,0.42
11.26515127,0.01,0.49,0.01,0.42
11.266297233000001,0.0,0.49,0.0,0.43
11.267090666000001,0.01,0.49,0.0,0.41
11.268433331,0.01,0.48,0.01,0.42
11.270338532,0.01,0.48,0.01,0.41
11.271094887,0.0,0.49,0.01,0.42
11.272198704000001,0.0,0.5,0.0,0.42
11.27323791,0.0,0.49,0.0,0.42
11.27407739,0.01,0.49,0.01,0.42
11.275334734000001,0.02,0.49,0.02,0.42
11.276099334000001,0.01,0.49,0.01,0.43
11.277197726,0.01,0.49,0.0,0.41
11.278308723,0.01,0.48,0.01,0.41
11.279144572,0.0,0.49,0.0,0.42
11.280277781,0.01,0.49,0.0,0.42
11.281096459,0.0,0.5,0.01,0.42
11.282187048,0.0,0.49,0.0,0.41
11.283216828,0.01,0.49,0.0,0.42
11.285272655,0.0,0.49,0.01,0.42
11.286154271000001,0.0,0.49,0.01,0.41
11.287284215000001,0.01,0.49,0.0,0.43
11.288124042000002,0.01,0.49,0.01,0.43
11.289269856,0.02,0.48,0.02,0.42
11.290122739000001,0.01,0.48,0.01,0.41
11.291215795000001,0.0,0.5,0.0,0.41
11.292211080000001,0.0,0.48,0.01,0.42
11.29316769,0.01,0.49,0.0,0.42
11.294347988,0.01,0.5,0.02,0.41
11.295085298,0.01,0.49,0.02,0.42
11.296292771000001,0.0,0.49,0.01,0.41
11.297118193000001,0.0,0.5,0.01,0.41
11.298355115000001,0.01,0.49,0.01,0.41
11.300333613000001,0.01,0.48,0.0,0.42
11.301090248000001,0.0,0.49,0.0,0.41
11.302261387000001,0.0,0.49,0.0,0.41
11.303090094,0.0,0.49,0.0,0.42
11.304211305,0.0,0.49,0.01,0.43
11.30519707,0.01,0.49,0.01,0.42
11.306201261,0.0,0.49,0.0,0.42
11.307200787000001,0.01,0.49,0.01,0.43
11.308164842,0.0,0.49,0.01,0.43
11.309289023,0.02,0.49,0.02,0.42
11.31009566,0.02,0.5,0.01,0.42
11.311151567000001,0.01,0.49,0.0,0.42
11.312176565000001,0.0,0.5,0.0,0.42
11.313150862,0.01,0.5,0.0,0.42
11.314347603,0.01,0.5,0.01,0.4
11.316336081000001,0.01,0.5,0.01,0.42
11.317091935,0.01,0.49,0.01,0.42
11.318198788,0.01,0.49,0.0,0.42
11.319121522000001,0.0,0.49,0.01,0.41
11.320195652,0.01,0.49,0.01,0.42
11.321114875000001,0.0,0.49,0.01,0.42
11.322457644,0.01,0.49,0.01,0.42
11.323094885000001,0.0,0.5,0.01,0.42
11.324286755000001,0.01,0.49,0.01,0.41
11.325152493000001,0.01,0.5,0.01,0.42
11.326286647,0.01,0.49,0.0,0.42
11.327115202,0.01,0.51,0.01,0.41
11.328347107,0.02,0.5,0.01,0.41
11.330328889,0.02,0.49,0.01,0.41
11.331105878,0.01,0.49,0.0,0.42
11.332143963,0.0,0.49,0.01,0.42
11.333199861,0.01,0.5,0.01,0.41
11.33419243,0.02,0.49,0.01,0.41
11.335192344000001,0.01,0.49,0.02,0.41
11.336191838000001,0.01,0.49,0.01,0.42
11.337192199,0.0,0.49,0.01,0.41
11.338172384,0.0,0.49,0.01,0.42
11.339137614,0.0,0.49,0.01,0.41
11.340279859,0.0,0.5,0.01,0.42
11.341105003000001,0.0,0.49,0.01,0.41
11.342311323,0.01,0.49,0.0,0.42
11.344322699000001,0.01,0.49,0.01,0.42
11.345096786000001,0.0,0.49,0.0,0.42
11.346334295,0.01,0.49,0.0,0.42
11.347095892,0.01,0.49,0.0,0.42
11.348325951000001,0.02,0.49,0.01,0.43
11.349087802000001,0.02,0.49,0.02,0.43
11.350262724,0.01,0.49,0.01,0.42
11.351082040000001,0.01,0.49,0.02,0.4
11.352326921000001,0.0,0.49,0.01,0.42
11.353142746000001,0.0,0.49,0.0,0.41
11.354262106,0.01,0.48,0.01,0.41
11.355081432,0.02,0.48,0.01,0.42
11.356261406000002,0.01,0.49,0.01,0.41
11.357155823000001,0.0,0.49,0.0,0.41
11.358222563,0.02,0.49,0.01,0.42
11.359186123,0.01,0.49,0.01,0.42
11.360215706,0.0,0.49,0.0,0.42
11.362361118,0.0,0.5,0.0,0.42
11.363093782,0.0,0.48,0.0,0.42
11.36433144,0.01,0.49,0.01,0.41
11.365090131,0.0,0.49,0.0,0.41
11.366345301,0.0,0.5,0.01,0.41
11.367085529,0.01,0.49,0.0,0.42
11.368353123,0.01,0.49,0.01,0.41
11.369114201,0.01,0.49,0.01,0.42
11.370278584000001,0.01,0.49,0.01,0.42
11.371076746,0.0,0.49,0.0,0.42
11.372293302000001,0.01,0.48,0.0,0.41
11.373072665,0.01,0.49,0.02,0.42
11.374361678000001,0.01,0.5,0.01,0.43
11.376346327,0.0,0.49,0.01,0.43
11.377075081000001,0.01,0.5,0.0,0.42
11.378239959,0.0,0.49,0.0,0.42
11.379241754,0.01,0.48,0.0,0.42
11.380241660000001,0.01,0.49,0.0,0.41
11.381140874000002,0.01,0.5,0.01,0.43
11.382240152000001,0.01,0.49,0.01,0.42
11.383174787000002,0.0,0.49,0.0,0.42
11.384328888,0.01,0.5,0.01,0.41
11.38507974,0.02,0.51,0.01,0.42
11.386102279000001,0.0,0.49,0.0,0.42
11.387269446000001,0.01,0.51,0.01,0.42
11.388080756,0.01,0.49,0.01,0.42
11.389228282000001,0.01,0.5,0.01,0.41
11.390216706,0.01,0.49,0.0,0.42
11.392333846000001,0.0,0.5,0.01,0.41
11.393087292,0.0,0.49,0.01,0.42
11.394236275,0.01,0.49,0.01,0.43
11.395148277,0.01,0.49,0.01,0.42
11.396353756,0.01,0.49,0.01,0.41
11.397083893000001,0.0,0.49,0.01,0.42
11.398351736,0.0,0.49,0.01,0.41
11.399077609,0.01,0.49,0.01,0.41
11.400287872,0.01,0.49,0.01,0.42
11.401081286,0.0,0.49,0.0,0.42
11.402122715,0.0,0.48,0.01,0.42
11.403192263000001,0.0,0.49,0.0,0.42
11.404218953,0.01,0.49,0.01,0.42
11.405220644,0.01,0.49,0.0,0.42
11.407333417,0.0,0.49,0.01,0.42
11.408095876,0.01,0.5,0.01,0.42
11.409327315,0.01,0.49,0.01,0.41
11.410094073000002,0.01,0.48,0.01,0.42
11.411342939,0.0,0.49,0.01,0.41
11.412098936000001,0.02,0.49,0.01,0.42
11.413267537000001,0.0,0.49,0.0,0.42
11.414128475,0.01,0.49,0.01,0.43
11.415304095000002,0.01,0.49,0.02,0.43
11.416128642,0.0,0.5,0.01,0.42
11.417279859,0.01,0.49,0.0,0.42
11.418087253000001,0.01,0.49,0.0,0.41
11.419332201000001,0.0,0.49,0.01,0.41
11.421348373,0.01,0.49,0.0,0.42
11.422089559000002,0.01,0.49,0.01,0.41
11.423122275,0.0,0.49,0.0,0.41
11.424199736,0.01,0.49,0.01,0.42
11.425199656,0.01,0.49,0.01,0.43
11.426194554,0.0,0.49,0.0,0.42
11.427187875000001,0.01,0.49,0.01,0.42
11.428201582000002,0.02,0.5,0.02,0.42
11.429176349,0.02,0.5,0.02,0.4
11.430309619,0.02,0.51,0.02,0.42
11.431098097000001,0.0,0.5,0.0,0.41
11.432289469,0.0,0.49,0.01,0.42
11.433094,0.0,0.5,0.0,0.42
11.434318267,0.01,0.5,0.01,0.41
11.43632934,0.01,0.49,0.01,0.41
11.437096506000001,0.01,0.49,0.01,0.41
11.438202385,0.0,0.49,0.0,0.42
11.439209996,0.01,0.49,0.01,0.42
11.440195021000001,0.01,0.49,0.01,0.42
11.441190171,0.0,0.49,0.0,0.42
11.442192479000001,0.0,0.49,0.01,0.41
11.443116112,0.0,0.49,0.0,0.42
11.444326641,0.01,0.49,0.0,0.41
11.445100955000001,0.0,0.5,0.01,0.42
11.446280928,0.01,0.5,0.01,0.42
11.447097990000001,0.0,0.49,0.01,0.41
11.448321156,0.01,0.47,0.02,0.43
11.450439882000001,0.01,0.49,0.01,0.42
11.451100823,0.0,0.49,0.0,0.42
11.452129863000001,0.0,0.5,0.0,0.42
11.453081281000001,0.0,0.5,0.0,0.42
11.45431121,0.01,0.49,0.01,0.41
11.455094343,0.01,0.5,0.01,0.42
11.456126444,0.02,0.5,0.01,0.41
11.457113894,0.0,0.49,0.01,0.42
11.458113559000001,0.0,0.49,0.0,0.41
11.459408893,0.01,0.49,0.0,0.41
11.460098499,0.01,0.49,0.01,0.42
11.461283861,0.0,0.49,0.01,0.41
11.462092798,0.0,0.5,0.01,0.42
11.4634364,0.0,0.49,0.0,0.42
11.465342899000001,0.0,0.49,0.01,0.42
11.466102342000001,0.01,0.49,0.01,0.42
11.467205233000001,0.01,0.49,0.01,0.43
11.468209879000002,0.02,0.49,0.01,0.42
11.469192953,0.02,0.49,0.02,0.42
11.470123018,0.02,0.5,0.02,0.43
11.471189744,0.0,0.5,0.01,0.43
11.472132238,0.01,0.49,0.01,0.42
11.473192259000001,0.01,0.5,0.0,0.41
11.47413347,0.01,0.49,0.01,0.41
11.475308462000001,0.01,0.49,0.0,0.41
11.476109356,0.01,0.49,0.01,0.42
11.477253617,0.0,0.49,0.0,0.42
11.479294621000001,0.0,0.48,0.01,0.42
11.480098729,0.01,0.5,0.01,0.42
11.481338374,0.0,0.49,0.0,0.42
11.482095233,0.01,0.49,0.0,0.42
11.483354583,0.01,0.5,0.01,0.42
11.484086824,0.0,0.49,0.01,0.42
11.485366070000001,0.0,0.5,0.0,0.42
11.48608909,0.0,0.5,0.0,0.43
11.487347888,0.01,0.5,0.01,0.42
11.488087372,0.01,0.49,0.01,0.4
11.489310153,0.01,0.49,0.01,0.42
11.490144409000001,0.01,0.49,0.01,0.41
11.491251521,0.01,0.5,0.0,0.42
11.492146439,0.01,0.49,0.0,0.42
11.493592381000001,0.01,0.5,0.01,0.41
11.494124542000002,0.01,0.5,0.01,0.41
11.496344507,0.0,0.49,0.02,0.43
11.497104844,0.01,0.49,0.01,0.42
11.498397933000001,0.02,0.48,0.0,0.41
11.499110915000001,0.01,0.5,0.01,0.41
11.500365136000001,0.01,0.49,0.0,0.42
11.501063929,0.0,0.5,0.0,0.43
11.502272414,0.01,0.49,0.0,0.41
11.503237086,0.0,0.49,0.0,0.42
11.504172191,0.0,0.49,0.0,0.42
11.505225738,0.01,0.49,0.01,0.42
11.506109338,0.01,0.49,0.01,0.42
11.507288138,0.01,0.5,0.0,0.42
11.508122004,0.02,0.5,0.02,0.42
11.509398925000001,0.02,0.49,0.02,0.42
11.511232173000002,0.01,0.49,0.0,0.43
11.51221817,0.01,0.49,0.01,0.41
11.513068992000001,0.0,0.49,0.01,0.42
11.514246017000001,0.01,0.48,0.01,0.42
11.515157422000001,0.02,0.49,0.01,0.42
11.516238574,0.01,0.5,0.01,0.41
11.517151945,0.0,0.49,0.0,0.42
11.518133933000001,0.0,0.49,0.0,0.42
11.519178107,0.01,0.49,0.01,0.42
11.52010149,0.01,0.48,0.01,0.42
11.521265455,0.0,0.5,0.01,0.41
11.522086166000001,0.01,0.49,0.01,0.42
11.523343327000001,0.0,0.49,0.01,0.42
11.525348688000001,0.01,0.5,0.01,0.42
11.526087863,0.01,0.49,0.0,0.42
11.527126083,0.01,0.49,0.01,0.41
11.528124790000001,0.01,0.48,0.01,0.42
11.529330239,0.02,0.48,0.01,0.42
11.530116885,0.01,0.49,0.01,0.41
11.531343081000001,0.01,0.48,0.0,0.41
11.532082921,0.01,0.49,0.01,0.41
11.533240428000001,0.01,0.49,0.01,0.42
11.534204666,0.01,0.5,0.0,0.42
11.535149311000001,0.01,0.5,0.0,0.43
11.536106674000001,0.01,0.49,0.01,0.43
11.53732094,0.0,0.49,0.01,0.41
11.538087285000001,0.01,0.5,0.01,0.41
11.539335864,0.01,0.5,0.01,0.41
11.541366484000001,0.01,0.49,0.0,0.41
11.542091499000001,0.0,0.49,0.01,0.42
11.543141570000001,0.0,0.49,0.0,0.42
11.544144372,0.0,0.48,0.01,0.42
11.545160146,0.01,0.49,0.01,0.41
11.546219583000001,0.01,0.49,0.0,0.42
11.547214143000001,0.0,0.5,0.0,0.42
11.548204851000001,0.01,0.5,0.02,0.42
11.549157508,0.02,0.5,0.02,0.42
11.550302842,0.02,0.49,0.02,0.42
11.551090656000001,0.01,0.49,0.0,0.42
11.552270493,0.0,0.49,0.0,0.42
11.554424734000001,0.0,0.49,0.01,0.42
11.555088956,0.0,0.5,0.0,0.42
11.556322538,0.02,0.49,0.01,0.42
11.557125387000001,0.01,0.49,0.01,0.42
11.558216102000001,0.0,0.48,0.01,0.41
11.559216178000002,0.01,0.5,0.01,0.42
11.56020917,0.01,0.49,0.0,0.42
11.561209605,0.01,0.49,0.0,0.42
11.562206594000001,0.0,0.5,0.0,0.41
11.563345236,0.01,0.49,0.01,0.41
11.564099677000002,0.01,0.49,0.02,0.42
11.565287396,0.01,0.49,0.01,0.42
11.566087167000001,0.01,0.49,0.0,0.42
11.567249015000002,0.01,0.5,0.01,0.42
11.568083728000001,0.01,0.49,0.01,0.41
11.569376594000001,0.02,0.5,0.01,0.42
11.571251999000001,0.01,0.5,0.0,0.42
11.572122991,0.0,0.49,0.0,0.41
11.573191568,0.01,0.49,0.0,0.42
11.574177772,0.01,0.49,0.02,0.42
11.575325299000001,0.02,0.49,0.01,0.42
11.576123661,0.02,0.49,0.01,0.41
11.577281444,0.0,0.49,0.01,0.43
11.578080873000001,0.01,0.49,0.01,0.41
11.579354934000001,0.01,0.49,0.01,0.42
11.580079556000001,0.01,0.49,0.01,0.43
11.581279017,0.0,0.49,0.0,0.41
11.582073468,0.0,0.5,0.0,0.41
11.583395379,0.01,0.49,0.0,0.42
11.584073067,0.01,0.5,0.0,0.42
11.58526129,0.01,0.5,0.0,0.41
11.587374211,0.01,0.49,0.0,0.42
11.588084931000001,0.01,0.49,0.01,0.43
11.589220981,0.01,0.49,0.02,0.42
11.590227185000002,0.01,0.49,0.02,0.42
11.591225068,0.0,0.49,0.0,0.42
11.592212853000001,0.01,0.49,0.01,0.42
11.593217571,0.0,0.49,0.01,0.42
11.594174525000001,0.02,0.5,0.01,0.39
11.595278768,0.02,0.5,0.01,0.42
11.596123851000002,0.01,0.49,0.02,0.43
11.597277366,0.01,0.5,0.0,0.42
11.598084762000001,0.0,0.5,0.0,0.41
11.599308760000001,0.0,0.49,0.01,0.41
11.601290818,0.01,0.49,0.0,0.41
11.602126808000001,0.01,0.49,0.0,0.42
11.603206574000001,0.01,0.5,0.01,0.42
11.604133254,0.01,0.49,0.01,0.42
11.605205264,0.01,0.49,0.01,0.43
11.606208674000001,0.01,0.49,0.01,0.41
11.607203212,0.01,0.5,0.01,0.43
11.608118114000002,0.01,0.5,0.01,0.43
11.609372062,0.02,0.5,0.01,0.42
11.610094660000001,0.01,0.51,0.01,0.42
11.611282637,0.01,0.5,0.0,0.42
11.612094222000001,0.0,0.49,0.0,0.41
11.613152833000001,0.0,0.49,0.02,0.42
11.615305762,0.0,0.49,0.01,0.43
11.616116473,0.02,0.49,0.01,0.41
11.617167198,0.01,0.49,0.01,0.42
11.618225492,0.01,0.49,0.01,0.42
11.619225002,0.01,0.49,0.0,0.42
11.620223708000001,0.01,0.49,0.0,0.42
11.621225301,0.0,0.49,0.01,0.41
11.622119316000001,0.0,0.5,0.01,0.41
11.623337543,0.0,0.5,0.0,0.42
11.624084432,0.01,0.49,0.0,0.41
11.625274326000001,0.01,0.5,0.01,0.42
11.626109854000001,0.01,0.49,0.01,0.42
11.627269835,0.01,0.5,0.01,0.42
11.628080781000001,0.02,0.49,0.01,0.41
11.629325484,0.01,0.48,0.01,0.42
11.63135377,0.01,0.49,0.01,0.42
11.632089126,0.01,0.49,0.0,0.41
11.633335975000001,0.01,0.5,0.0,0.42
11.634084477,0.01,0.49,0.01,0.43
11.635226886,0.03,0.5,0.01,0.43
11.636159906000001,0.01,0.5,0.02,0.41
11.637212027,0.01,0.49,0.0,0.42
11.638208444,0.01,0.49,0.01,0.41
11.639148112,0.0,0.49,0.01,0.4
11.640277629,0.01,0.49,0.01,0.41
11.641090467000001,0.01,0.49,0.0,0.42
11.642278636,0.0,0.49,0.0,0.41
11.643089152,0.0,0.49,0.01,0.42
11.644136207,0.0,0.49,0.0,0.42
11.646337924000001,0.0,0.49,0.01,0.41
11.647098451000002,0.01,0.5,0.01,0.41
11.648345749,0.01,0.5,0.01,0.43
11.64909313,0.02,0.5,0.02,0.42
11.650337307000001,0.01,0.5,0.02,0.42
11.651095012,0.0,0.49,0.01,0.42
11.652256486,0.0,0.5,0.0,0.42
11.653142784,0.0,0.5,0.01,0.42
11.654352999,0.0,0.5,0.0,0.41
11.655084204000001,0.02,0.49,0.0,0.41
11.656253920000001,0.01,0.5,0.01,0.42
11.657081326,0.0,0.49,0.0,0.41
11.658240554,0.01,0.49,0.01,0.43
11.659128777000001,0.01,0.5,0.0,0.42
11.660235158,0.01,0.5,0.0,0.41
11.662234247,0.0,0.49,0.0,0.42
11.663093803,0.01,0.49,0.0,0.42
11.664171805,0.01,0.5,0.01,0.43
11.665207566000001,0.01,0.5,0.01,0.42
11.666212111,0.01,0.49,0.01,0.42
11.667108882,0.01,0.5,0.0,0.42
11.668338884,0.0,0.49,0.01,0.41
11.669096042000001,0.01,0.49,0.0,0.41
11.670160139,0.01,0.48,0.01,0.41
11.671139482000001,0.01,0.48,0.01,0.41
11.67214826,0.01,0.49,0.0,0.41
11.673137872,0.01,0.49,0.0,0.42
11.674357426,0.01,0.49,0.01,0.41
11.675097571,0.01,0.49,0.01,0.43
11.676214756,0.0,0.49,0.0,0.42
11.67834198,0.01,0.49,0.01,0.42
11.679102517,0.01,0.5,0.01,0.41
11.68013258,0.01,0.5,0.01,0.41
11.681191894000001,0.0,0.49,0.0,0.42
11.682128015,0.0,0.5,0.0,0.42
11.68332794,0.0,0.5,0.01,0.42
11.684097952,0.0,0.49,0.01,0.41
11.685288006,0.0,0.49,0.0,0.42
11.686094293,0.01,0.49,0.0,0.42
11.687323115,0.01,0.5,0.01,0.42
11.688092158,0.02,0.5,0.02,0.43
11.689290649,0.02,0.5,0.02,0.43
11.691373144,0.0,0.5,0.0,0.42
11.692086534000001,0.0,0.5,0.01,0.42
11.693118672,0.0,0.49,0.0,0.42
11.694203932,0.0,0.5,0.01,0.41
11.695126861,0.01,0.5,0.01,0.41
11.696244526000001,0.01,0.49,0.01,0.41
11.697136931000001,0.01,0.49,0.01,0.41
11.698192116000001,0.0,0.49,0.0,0.4
11.699205619,0.01,0.49,0.01,0.42
11.70017125,0.01,0.49,0.0,0.42
11.701295474,0.01,0.5,0.0,0.42
11.702091046000001,0.01,0.49,0.0,0.42
11.703299018000001,0.0,0.5,0.0,0.42
11.704125265,0.01,0.5,0.0,0.42
11.705274332,0.0,0.5,0.01,0.41
11.707342460000001,0.0,0.5,0.01,0.42
11.708088087,0.01,0.5,0.01,0.41
11.70913067,0.01,0.49,0.01,0.42
11.710168541000002,0.01,0.48,0.01,0.42
11.711181066,0.01,0.49,0.0,0.41
11.712203956000002,0.01,0.49,0.01,0.42
11.713210062,0.0,0.5,0.0,0.41
11.714209912000001,0.01,0.5,0.01,0.41
11.715306888,0.01,0.49,0.01,0.42
11.716090685000001,0.01,0.49,0.01,0.42
11.717269086,0.01,0.49,0.0,0.42
11.718084282000001,0.01,0.5,0.01,0.41
11.719382647000002,0.01,0.49,0.01,0.42
11.721248262000001,0.0,0.5,0.01,0.41
11.722128466000001,0.0,0.49,0.0,0.42
11.723257336000001,0.0,0.5,0.0,0.42
11.724159768000002,0.01,0.49,0.01,0.43
11.725338493,0.01,0.49,0.01,0.42
11.726114052000002,0.0,0.49,0.0,0.42
11.727265291,0.0,0.5,0.0,0.42
11.728124019000001,0.01,0.49,0.02,0.41
11.729332456,0.01,0.49,0.02,0.42
11.730079247,0.01,0.49,0.01,0.42
11.731259949,0.0,0.48,0.01,0.42
11.732119363,0.0,0.49,0.0,0.41
11.734245645000001,0.0,0.48,0.01,0.41
11.735087354000001,0.01,0.49,0.0,0.42
11.736253349,0.02,0.49,0.02,0.42
11.737211922,0.01,0.49,0.01,0.43
11.738174209,0.01,0.48,0.0,0.41
11.739171725,0.0,0.5,0.0,0.41
11.740390333,0.0,0.49,0.0,0.42
11.741092913000001,0.0,0.5,0.01,0.41
11.742352106,0.01,0.49,0.0,0.42
11.743087903000001,0.0,0.49,0.0,0.42
11.744346329,0.01,0.5,0.0,0.42
11.745083637,0.01,0.49,0.01,0.42
11.746280401,0.0,0.48,0.01,0.41
11.747123570000001,0.01,0.49,0.01,0.42
11.748272941000002,0.02,0.51,0.02,0.41
11.749168286000002,0.01,0.5,0.02,0.4
11.750261731,0.0,0.49,0.01,0.42
11.75225119,0.0,0.5,0.0,0.41
11.753185808000001,0.01,0.49,0.0,0.42
11.754126020000001,0.0,0.49,0.01,0.43
11.755116698,0.01,0.49,0.01,0.41
11.756337283,0.01,0.49,0.01,0.41
11.757118004,0.0,0.48,0.0,0.42
11.758205856,0.0,0.5,0.01,0.42
11.759216433,0.01,0.49,0.01,0.42
11.76017105,0.01,0.49,0.01,0.42
11.761265518,0.0,0.49,0.01,0.42
11.762162252000001,0.0,0.49,0.0,0.41
11.76328441,0.01,0.49,0.0,0.42
11.764110756000001,0.01,0.48,0.0,0.41
11.765198572000001,0.01,0.49,0.0,0.41
11.767343664,0.0,0.49,0.01,0.41
11.768087015,0.02,0.49,0.0,0.42
11.769194457000001,0.02,0.49,0.01,0.42
11.770169684,0.02,0.49,0.01,0.42
11.771203326,0.01,0.49,0.0,0.43
11.772216728,0.01,0.5,0.01,0.41
11.773114789000001,0.0,0.49,0.01,0.41
11.774331092,0.01,0.5,0.0,0.42
11.775097538,0.01,0.49,0.02,0.43
11.776284069,0.01,0.49,0.01,0.43
11.777092714,0.01,0.48,0.0,0.42
11.778135970000001,0.01,0.49,0.0,0.42
11.779331192,0.01,0.49,0.01,0.42
11.781243175,0.0,0.49,0.0,0.42
11.782173453,0.0,0.5,0.0,0.42
11.783121316,0.0,0.49,0.01,0.42
11.784333151,0.01,0.49,0.01,0.41
11.785091792000001,0.0,0.49,0.0,0.41
11.786315740000001,0.01,0.5,0.01,0.42
11.787084161000001,0.01,0.5,0.01,0.42
11.788190550000001,0.02,0.49,0.01,0.42
11.789214717,0.01,0.48,0.01,0.41
11.79019701,0.01,0.49,0.02,0.42
11.791293463,0.0,0.49,0.01,0.41
11.792115780000001,0.0,0.48,0.0,0.41
11.793268378,0.0,0.49,0.0,0.41
11.794080161,0.02,0.5,0.01,0.42
11.795316899000001,0.01,0.5,0.0,0.42
11.797342831,0.0,0.49,0.01,0.42
11.798091098,0.01,0.49,0.0,0.41
11.799189808000001,0.01,0.49,0.01,0.41
11.800168639,0.01,0.5,0.0,0.41
11.801212357,0.01,0.49,0.0,0.41
11.802110890000002,0.01,0.5,0.0,0.42
11.803308411000001,0.0,0.49,0.0,0.42
11.804139703,0.0,0.49,0.0,0.42
11.805295436000002,0.01,0.49,0.01,0.42
11.806088595,0.0,0.49,0.0,0.42
11.807297761000001,0.01,0.49,0.01,0.42
11.808136957,0.02,0.5,0.02,0.42
11.809319751,0.02,0.49,0.01,0.42
11.810114004,0.0,0.5,0.01,0.42
11.811341877,0.01,0.5,0.0,0.42
11.813349287000001,0.0,0.49,0.01,0.42
11.814087841000001,0.01,0.49,0.01,0.42
11.815133583000001,0.01,0.47,0.01,0.42
11.81611825,0.02,0.49,0.01,0.42
11.817335284,0.0,0.49,0.0,0.42
11.818110934,0.0,0.49,0.0,0.42
11.819167608,0.0,0.48,0.0,0.42
11.820215531,0.0,0.49,0.0,0.42
11.821113213,0.0,0.5,0.0,0.42
11.822274285,0.0,0.49,0.0,0.41
11.823092064,0.01,0.49,0.02,0.42
11.824290994,0.01,0.49,0.01,0.41
11.825159981,0.01,0.5,0.0,0.42
11.826231342000002,0.0,0.5,0.01,0.42
11.828333207,0.01,0.49,0.01,0.41
11.829094211000001,0.02,0.5,0.01,0.42
11.830357555,0.01,0.49,0.01,0.41
11.831092494,0.01,0.49,0.0,0.41
11.83225881,0.0,0.5,0.0,0.42
11.833112332,0.0,0.49,0.0,0.42
11.834256626,0.02,0.49,0.01,0.42
11.835177013000001,0.01,0.49,0.01,0.42
11.836354662000002,0.01,0.49,0.01,0.42
11.837084073000002,0.0,0.49,0.0,0.42
11.838247689000001,0.01,0.49,0.01,0.42
11.839160654,0.01,0.49,0.01,0.42
11.840207125000001,0.01,0.49,0.01,0.43
11.842342400000001,0.01,0.49,0.01,0.41
11.843090951,0.01,0.49,0.0,0.42
11.844206546,0.0,0.49,0.0,0.42
11.845117115,0.01,0.49,0.0,0.42
11.846272121,0.01,0.49,0.01,0.41
11.847121344000001,0.01,0.49,0.0,0.43
11.848197916,0.01,0.49,0.01,0.43
11.849212071,0.02,0.5,0.02,0.42
11.850118394,0.01,0.5,0.02,0.43
11.851138668,0.0,0.5,0.0,0.41
11.852137262000001,0.02,0.49,0.01,0.42
11.853295527,0.0,0.49,0.01,0.41
11.854132171000002,0.02,0.5,0.01,0.4
11.855191563,0.02,0.49,0.01,0.42
11.856220403,0.01,0.5,0.01,0.43
11.858337279,0.0,0.49,0.0,0.42
11.859103551,0.0,0.48,0.0,0.42
11.860149688,0.0,0.49,0.01,0.41
11.861198354,0.01,0.5,0.0,0.42
11.862202777,0.0,0.49,0.01,0.42
11.863194539,0.0,0.49,0.0,0.42
11.864199092000002,0.01,0.49,0.01,0.41
11.865196517000001,0.01,0.51,0.0,0.41
11.866085797,0.0,0.49,0.0,0.42
11.867266793,0.01,0.5,0.02,0.42
11.868097267000001,0.01,0.49,0.01,0.41
11.870386325,0.02,0.49,0.01,0.42
11.871100089,0.0,0.49,0.0,0.43
11.872342852000001,0.01,0.49,0.01,0.41
11.873095021000001,0.0,0.49,0.01,0.42
11.874328575000002,0.02,0.5,0.01,0.41
11.875092678000001,0.01,0.49,0.02,0.42
11.876269666,0.01,0.49,0.01,0.42
11.877156356,0.0,0.49,0.0,0.42
11.878327705,0.01,0.49,0.0,0.41
11.879085495,0.01,0.49,0.01,0.42
11.880328357000002,0.01,0.5,0.01,0.41
11.881107484000001,0.0,0.48,0.0,0.41
11.882274792,0.01,0.49,0.01,0.42
11.883151851000001,0.0,0.49,0.0,0.42
11.884145998000001,0.0,0.48,0.0,0.41
11.88636398,0.01,0.49,0.0,0.42
11.887087849,0.0,0.49,0.0,0.42
11.888218539,0.01,0.49,0.01,0.43
11.889207359,0.02,0.48,0.01,0.42
11.890125138,0.01,0.5,0.01,0.42
11.891323645,0.0,0.49,0.01,0.42
11.892088459,0.01,0.5,0.01,0.41
11.893110075000001,0.0,0.49,0.0,0.42
11.894348359,0.02,0.5,0.01,0.41
11.895090547,0.01,0.5,0.02,0.4
11.896147326000001,0.01,0.5,0.01,0.42
11.897149194,0.0,0.49,0.0,0.41
11.898255467,0.01,0.49,0.0,0.41
11.899089333000001,0.0,0.49,0.01,0.42
11.90036762,0.0,0.5,0.01,0.41
11.902348016000001,0.01,0.5,0.0,0.42
11.903092039,0.0,0.49,0.0,0.42
11.904261666,0.01,0.49,0.01,0.42
11.905191318,0.0,0.5,0.0,0.42
11.906209694000001,0.0,0.49,0.01,0.42
11.907113108,0.01,0.49,0.01,0.42
11.908351887,0.02,0.49,0.01,0.42
11.909087325000002,0.02,0.49,0.01,0.4
11.910327519,0.01,0.49,0.01,0.42
11.911097798,0.0,0.5,0.0,0.41
11.912152451,0.01,0.5,0.01,0.41
11.913112891,0.0,0.5,0.0,0.42
11.914309622000001,0.01,0.5,0.01,0.41
11.915092411000002,0.0,0.49,0.02,0.42
11.916356097000001,0.01,0.5,0.01,0.42
11.918331516,0.01,0.49,0.0,0.41
11.919089276000001,0.01,0.5,0.01,0.42
11.920151082,0.01,0.5,0.01,0.42
11.921210852000002,0.0,0.49,0.0,0.42
11.922212167000001,0.0,0.5,0.0,0.43
11.92318972,0.01,0.49,0.0,0.41
11.924199935,0.0,0.49,0.0,0.42
11.925149016,0.0,0.49,0.01,0.41
11.926294942,0.0,0.5,0.0,0.43
11.927140758,0.01,0.5,0.01,0.42
11.928299653000002,0.01,0.5,0.02,0.42
11.929089166,0.02,0.49,0.02,0.43
11.930307758000001,0.0,0.5,0.0,0.42
11.932368541,0.01,0.5,0.01,0.42
11.933090233000001,0.0,0.5,0.0,0.42
11.934188564000001,0.01,0.49,0.0,0.42
11.935152985,0.02,0.49,0.0,0.42
11.936344135,0.02,0.49,0.02,0.42
11.937091746,0.0,0.49,0.0,0.42
11.938254815,0.0,0.5,0.0,0.41
11.939093854000001,0.01,0.5,0.0,0.42
11.940299458,0.0,0.5,0.01,0.42
11.941130565,0.0,0.49,0.01,0.42
11.94229185,0.0,0.5,0.0,0.42
11.943083975,0.0,0.49,0.01,0.41
11.944278414000001,0.01,0.5,0.0,0.42
11.945082038,0.01,0.5,0.01,0.42
11.947365399,0.0,0.5,0.01,0.42
11.948081408,0.01,0.5,0.01,0.42
11.949122661,0.01,0.5,0.01,0.41
11.950159877,0.02,0.49,0.0,0.41
11.951184914,0.0,0.49,0.01,0.42
11.952304751000002,0.01,0.49,0.01,0.42
11.953082229000001,0.0,0.5,0.01,0.42
11.954398170000001,0.0,0.5,0.02,0.42
11.955084085000001,0.01,0.49,0.01,0.42
11.956401777,0.01,0.49,0.01,0.41
11.957088325,0.01,0.5,0.0,0.41
11.958315352000001,0.01,0.5,0.01,0.41
11.959078894000001,0.01,0.49,0.01,0.42
11.960362976,0.0,0.49,0.01,0.43
11.962355297,0.0,0.49,0.01,0.42
11.963088891,0.01,0.5,0.0,0.42
11.964222900000001,0.0,0.5,0.01,0.41
11.96523376,0.0,0.49,0.01,0.42
11.966172561,0.0,0.49,0.0,0.42
11.967110376,0.0,0.49,0.0,0.41
11.968293731000001,0.01,0.5,0.01,0.42
11.969093091000001,0.01,0.5,0.02,0.43
11.970326238,0.02,0.5,0.01,0.42
11.971090737,0.01,0.5,0.0,0.42
11.972279525000001,0.0,0.5,0.0,0.42
11.973141767000001,0.0,0.5,0.0,0.42
11.974153000000001,0.01,0.5,0.0,0.42
11.975173946,0.01,0.5,0.01,0.42
11.976219427,0.02,0.51,0.01,0.41
11.97826099,0.01,0.49,0.0,0.4
11.979144267,0.01,0.49,0.01,0.41
11.98021035,0.0,0.5,0.01,0.41
11.981216878000001,0.01,0.49,0.0,0.42
11.982213814000001,0.0,0.5,0.01,0.42
11.983140606000001,0.01,0.49,0.0,0.42
11.984263206000001,0.0,0.5,0.01,0.42
11.985109060000001,0.01,0.49,0.0,0.41
11.986339303000001,0.01,0.5,0.01,0.42
11.987102259,0.01,0.5,0.01,0.42
11.988309872,0.02,0.49,0.01,0.41
11.989127803,0.02,0.49,0.01,0.42
11.990155943000001,0.01,0.5,0.01,0.42
11.991199997,0.01,0.5,0.0,0.43
11.993436842000001,0.0,0.49,0.01,0.42
11.994373927000002,0.01,0.5,0.01,0.41
11.995193051000001,0.01,0.49,0.01,0.43
11.996230705,0.0,0.49,0.01,0.41
11.997255486,0.0,0.5,0.0,0.42
11.998208085,0.01,0.49,0.02,0.42
11.999199221000001,0.01,0.5,0.01,0.42
12.000197527000001,0.01,0.49,0.01,0.42
12.001192825,0.0,0.49,0.0,0.42
12.002171122,0.0,0.49,0.0,0.41
12.003171353,0.0,0.49,0.01,0.42
12.004160890000001,0.01,0.49,0.01,0.42
12.005146442000001,0.0,0.49,0.0,0.42
12.007375445000001,0.0,0.49,0.01,0.42
12.008235969000001,0.01,0.49,0.02,0.42
12.009141642000001,0.02,0.5,0.02,0.42
12.010191852,0.01,0.49,0.01,0.42
12.011188683,0.0,0.49,0.0,0.42
12.012191283,0.01,0.5,0.0,0.42
12.013353099000001,0.01,0.49,0.0,0.41
12.014126303000001,0.02,0.48,0.01,0.41
12.015322730000001,0.02,0.5,0.02,0.42
12.016112375,0.01,0.5,0.02,0.41
12.017326033000002,0.0,0.49,0.01,0.42
12.018101413,0.0,0.49,0.01,0.42
12.019308897,0.01,0.49,0.01,0.41
12.020095871,0.0,0.49,0.01,0.43
12.021309853,0.0,0.5,0.0,0.42
12.023345037,0.0,0.5,0.0,0.42
12.024091420000001,0.0,0.5,0.0,0.42
12.02549175,0.0,0.5,0.0,0.42
12.026097810000001,0.01,0.49,0.0,0.42
12.027396792000001,0.01,0.5,0.01,0.43
12.028113861000001,0.01,0.5,0.02,0.43
12.029125043,0.02,0.5,0.02,0.42
12.030166363000001,0.02,0.5,0.02,0.42
12.031159821000001,0.01,0.49,0.0,0.42
12.032163679,0.01,0.5,0.01,0.42
12.033190183,0.01,0.5,0.01,0.42
12.034180965000001,0.0,0.49,0.01,0.42
12.035212779,0.01,0.49,0.01,0.41
12.036223414,0.01,0.5,0.02,0.42
12.038533101,0.01,0.49,0.0,0.42
12.039647291000001,0.01,0.49,0.01,0.42
12.040547792,0.0,0.5,0.01,0.43
12.04134647,0.01,0.49,0.0,0.42
12.042242753,0.0,0.5,0.0,0.41
12.043175858000001,0.0,0.5,0.01,0.42
12.044165829,0.0,0.48,0.01,0.42
12.045163621,0.02,0.49,0.0,0.42
12.046191032000001,0.01,0.49,0.01,0.42
12.047203274000001,0.01,0.5,0.0,0.42
12.048174157,0.01,0.5,0.01,0.41
12.049165852000002,0.02,0.49,0.01,0.41
12.050168485,0.0,0.5,0.01,0.42
12.051180058,0.0,0.49,0.0,0.42
12.052195511,0.01,0.49,0.01,0.42
12.054179855000001,0.0,0.51,0.02,0.42
12.055197126000001,0.01,0.49,0.01,0.43
12.056186126,0.0,0.48,0.02,0.42
12.057158045000001,0.0,0.49,0.0,0.41
12.058353053000001,0.0,0.49,0.01,0.41
12.059125449000001,0.01,0.49,0.01,0.42
12.060328454,0.01,0.5,0.0,0.42
12.061106694000001,0.0,0.49,0.0,0.42
12.062286274,0.0,0.5,0.0,0.42
12.063099147,0.01,0.5,0.0,0.42
12.064285496,0.0,0.49,0.0,0.43
12.065140611,0.0,0.5,0.0,0.41
12.066173239000001,0.0,0.49,0.0,0.41
12.067202903,0.01,0.5,0.01,0.43
12.068201995,0.01,0.5,0.02,0.43
12.069338289000001,0.01,0.5,0.02,0.43
12.071346663,0.01,0.5,0.0,0.41
12.072101230000001,0.01,0.49,0.01,0.42
12.073199097000002,0.0,0.5,0.01,0.42
12.074194128,0.02,0.5,0.01,0.42
12.07519237,0.01,0.5,0.01,0.42
12.076192803000001,0.02,0.5,0.01,0.42
12.077181609,0.0,0.49,0.0,0.42
12.078141424,0.01,0.48,0.01,0.42
12.079282085000001,0.01,0.49,0.01,0.41
12.080102281,0.0,0.49,0.01,0.42
12.081161738,0.0,0.5,0.0,0.42
12.083375972,0.0,0.5,0.0,0.42
12.084110063,0.0,0.5,0.0,0.42
12.085379302000002,0.01,0.49,0.01,0.41
12.086100783000001,0.01,0.49,0.01,0.42
12.087305765,0.01,0.5,0.01,0.43
12.088093958,0.01,0.5,0.01,0.41
12.089340903,0.02,0.5,0.01,0.41
12.090091732000001,0.01,0.49,0.01,0.42
12.091334745000001,0.0,0.5,0.0,0.42
12.092093435,0.0,0.49,0.0,0.42
12.093283920000001,0.0,0.5,0.01,0.42
12.094146883,0.01,0.49,0.02,0.42
12.095301174000001,0.01,0.49,0.01,0.43
12.097344788000001,0.01,0.49,0.01,0.41
12.098092457,0.0,0.49,0.01,0.42
12.099325991,0.02,0.5,0.0,0.42
12.100091453000001,0.01,0.5,0.01,0.42
12.101338697000001,0.01,0.49,0.0,0.42
12.102090933000001,0.01,0.49,0.0,0.42
12.103219309,0.0,0.49,0.0,0.42
12.104218163,0.01,0.49,0.0,0.42
12.105198291,0.01,0.49,0.0,0.42
12.106187074000001,0.0,0.49,0.0,0.41
12.107139009,0.01,0.49,0.02,0.42
12.10827454,0.01,0.5,0.01,0.43
12.109097385,0.01,0.5,0.02,0.42
12.110276065,0.01,0.49,0.0,0.42
12.111172283,0.0,0.5,0.0,0.43
12.113342611,0.0,0.49,0.01,0.42
12.114092901000001,0.01,0.5,0.0,0.41
12.11534531,0.01,0.5,0.01,0.41
12.116094968,0.01,0.49,0.01,0.42
12.117329865,0.0,0.49,0.0,0.41
12.118089348000002,0.0,0.49,0.0,0.42
12.119343704,0.0,0.49,0.01,0.41
12.120112059,0.0,0.49,0.01,0.42
12.121339876,0.01,0.5,0.0,0.41
12.122076668,0.0,0.5,0.01,0.42
12.123233328000001,0.01,0.5,0.0,0.42
12.124164019,0.01,0.49,0.01,0.42
12.126364507,0.01,0.49,0.01,0.42
12.127081142000002,0.0,0.5,0.0,0.42
12.128338008,0.01,0.49,0.01,0.41
12.129109536000001,0.02,0.5,0.0,0.42
12.130263288,0.02,0.49,0.01,0.42
12.131173035000002,0.01,0.49,0.01,0.41
12.132338259,0.01,0.49,0.01,0.42
12.133080488000001,0.0,0.5,0.01,0.41
12.134353753000001,0.01,0.5,0.01,0.41
12.135074130000001,0.01,0.49,0.02,0.43
12.136121846,0.01,0.5,0.0,0.43
12.137205825,0.0,0.49,0.01,0.42
12.138094352000001,0.01,0.49,0.0,0.41
12.139144488000001,0.01,0.5,0.01,0.41
12.140189419,0.01,0.5,0.0,0.41
12.141212623000001,0.0,0.49,0.0,0.41
12.142212346,0.01,0.5,0.0,0.42
12.143213426,0.0,0.5,0.0,0.42
12.145346757,0.01,0.5,0.0,0.42
12.146094947,0.01,0.49,0.0,0.42
12.147339547000001,0.01,0.5,0.0,0.42
12.148095457,0.01,0.5,0.02,0.42
12.149335249,0.02,0.49,0.02,0.43
12.150096576000001,0.02,0.5,0.01,0.42
12.151330401000001,0.01,0.5,0.01,0.42
12.152090647000001,0.01,0.5,0.01,0.41
12.153287648000001,0.0,0.5,0.0,0.42
12.154085306,0.02,0.49,0.01,0.41
12.155142340000001,0.02,0.5,0.01,0.42
12.156144214000001,0.01,0.49,0.01,0.42
12.157149414000001,0.0,0.49,0.0,0.42
12.159344747,0.0,0.49,0.01,0.41
12.160113927000001,0.0,0.5,0.0,0.42
12.161193326000001,0.01,0.5,0.0,0.42
12.162224898000002,0.0,0.5,0.0,0.42
12.163223059,0.01,0.49,0.0,0.42
12.164211287,0.01,0.49,0.01,0.43
12.165217486000001,0.01,0.5,0.01,0.42
12.166072917000001,0.01,0.5,0.0,0.41
12.167291219,0.02,0.49,0.01,0.42
12.168095189,0.01,0.5,0.01,0.41
12.169152237,0.01,0.5,0.01,0.42
12.171319383,0.01,0.5,0.01,0.41
12.172103576000001,0.0,0.5,0.01,0.43
12.173201213,0.01,0.49,0.0,0.41
12.174203481000001,0.01,0.5,0.0,0.42
12.175200956000001,0.01,0.49,0.01,0.42
12.176194307000001,0.01,0.49,0.01,0.42
12.177334346,0.01,0.49,0.0,0.41
12.178103077000001,0.01,0.5,0.01,0.42
12.179280036000002,0.01,0.49,0.01,0.42
12.180120352000001,0.0,0.49,0.01,0.42
12.181334246,0.0,0.49,0.0,0.41
12.18209172,0.0,0.49,0.01,0.42
12.183269805,0.0,0.5,0.0,0.42
12.184087806,0.01,0.49,0.01,0.42
12.185134380000001,0.01,0.5,0.01,0.42
12.186181091,0.0,0.49,0.01,0.42
12.188269513000002,0.01,0.5,0.01,0.42
12.189159422000001,0.01,0.49,0.02,0.43
12.190195506,0.01,0.49,0.02,0.42
12.191208621000001,0.01,0.5,0.01,0.42
12.192210911,0.0,0.5,0.0,0.43
12.193164386000001,0.0,0.5,0.0,0.43
12.194260186000001,0.01,0.51,0.0,0.42
12.195169539,0.01,0.5,0.02,0.41
12.196110222000001,0.01,0.5,0.02,0.42
12.197213181,0.0,0.49,0.0,0.41
12.198143245,0.0,0.5,0.0,0.42
12.199285908,0.01,0.49,0.01,0.42
12.200137729000001,0.0,0.49,0.0,0.41
12.201150643,0.0,0.49,0.01,0.42
12.20227137,0.01,0.5,0.0,0.41
12.204330933000001,0.01,0.5,0.01,0.42
12.205085432,0.0,0.49,0.0,0.42
12.206223034,0.01,0.49,0.01,0.43
12.207116753000001,0.01,0.5,0.0,0.43
12.208210752000001,0.01,0.5,0.01,0.42
12.209203222000001,0.02,0.49,0.02,0.43
12.210193715,0.01,0.49,0.01,0.41
12.211176196,0.01,0.49,0.01,0.42
12.212260572,0.0,0.49,0.01,0.43
12.213094664000002,0.0,0.5,0.0,0.42
12.214263234,0.01,0.49,0.02,0.42
12.215162578000001,0.01,0.49,0.01,0.42
12.216131289000002,0.01,0.5,0.01,0.42
12.217292377000001,0.0,0.5,0.0,0.42
12.219351049,0.01,0.5,0.01,0.43
12.220087156,0.01,0.49,0.01,0.42
12.221124423000001,0.0,0.5,0.0,0.41
12.222124833,0.0,0.49,0.0,0.41
12.223365838000001,0.0,0.5,0.0,0.43
12.224097535,0.0,0.5,0.0,0.43
12.225332932,0.01,0.5,0.0,0.42
12.22611273,0.01,0.49,0.01,0.42
12.227265911,0.01,0.5,0.01,0.42
12.228121428000001,0.01,0.49,0.02,0.43
12.229145715000001,0.02,0.49,0.02,0.43
12.230142617,0.0,0.5,0.01,0.42
12.231302694,0.0,0.49,0.0,0.42
12.232085660000001,0.0,0.49,0.0,0.42
12.233250693,0.01,0.49,0.01,0.41
12.235237756,0.01,0.5,0.02,0.4
12.236123415000002,0.02,0.51,0.01,0.42
12.237340575000001,0.0,0.49,0.0,0.41
12.238113699000001,0.0,0.5,0.01,0.42
12.239277204,0.01,0.49,0.0,0.42
12.240114043,0.0,0.5,0.01,0.42
12.241344103000001,0.0,0.49,0.0,0.42
12.242082544,0.01,0.49,0.01,0.42
12.243297258,0.01,0.5,0.01,0.42
12.244076829,0.02,0.49,0.01,0.41
12.245265244,0.01,0.5,0.01,0.41
12.246080565000002,0.01,0.5,0.0,0.43
12.247133454,0.01,0.5,0.01,0.41
12.2483144,0.01,0.49,0.01,0.42
12.250403122000002,0.01,0.5,0.01,0.42
12.251086574,0.01,0.49,0.01,0.41
12.252260982000001,0.01,0.49,0.01,0.42
12.253123712,0.0,0.5,0.0,0.41
12.254246548000001,0.01,0.49,0.01,0.41
12.255084134,0.01,0.49,0.01,0.42
12.256385994,0.01,0.51,0.01,0.42
12.257078833000001,0.0,0.49,0.0,0.41
12.258274666,0.02,0.49,0.01,0.42
12.259078845000001,0.01,0.5,0.01,0.42
12.260273449000001,0.0,0.5,0.0,0.42
12.261116237000001,0.0,0.49,0.0,0.42
12.262146620000001,0.0,0.49,0.0,0.42
12.263240151000002,0.01,0.49,0.0,0.42
12.265232809,0.0,0.49,0.0,0.42
12.266153690000001,0.0,0.49,0.0,0.42
12.267217415000001,0.01,0.49,0.01,0.42
12.268211260000001,0.02,0.5,0.01,0.43
12.269208314,0.03,0.5,0.02,0.43
12.270210709,0.02,0.49,0.02,0.42
12.271211626000001,0.01,0.49,0.01,0.42
12.272167566,0.0,0.49,0.0,0.42
12.273271807,0.01,0.5,0.0,0.42
12.274088112000001,0.02,0.47,0.01,0.42
12.275265683,0.02,0.5,0.01,0.41
12.276116506000001,0.01,0.5,0.01,0.41
12.277158633,0.0,0.5,0.0,0.42
12.279263601,0.01,0.5,0.0,0.41
12.280098609000001,0.0,0.5,0.01,0.41
12.281203148000001,0.01,0.5,0.0,0.42
12.282115094,0.0,0.5,0.01,0.42
12.283207692000001,0.0,0.49,0.01,0.42
12.284202614000002,0.01,0.5,0.01,0.42
12.285199051000001,0.0,0.5,0.0,0.42
12.286148371000001,0.0,0.5,0.0,0.42
12.287338846,0.01,0.49,0.01,0.41
12.288090079000002,0.01,0.5,0.01,0.42
12.289281631000001,0.01,0.49,0.01,0.42
12.290151620000001,0.0,0.48,0.0,0.42
12.29128009,0.01,0.5,0.0,0.42
12.292091759000002,0.0,0.49,0.0,0.42
12.293343398000001,0.01,0.5,0.01,0.42
12.295345667000001,0.01,0.5,0.01,0.42
12.296098385,0.01,0.5,0.01,0.42
12.297128239000001,0.0,0.49,0.0,0.41
12.298203879,0.01,0.5,0.0,0.41
12.299121075,0.01,0.5,0.0,0.41
12.300340944,0.01,0.48,0.0,0.42
12.301100217,0.01,0.49,0.0,0.42
12.302169228,0.01,0.49,0.0,0.42
12.303154308000002,0.0,0.5,0.01,0.43
12.304140658000001,0.02,0.5,0.0,0.41
12.305145313,0.01,0.49,0.01,0.43
12.306159627000001,0.0,0.5,0.01,0.41
12.307140763000001,0.01,0.51,0.02,0.41
12.308381493,0.02,0.5,0.01,0.42
12.310285233,0.02,0.5,0.01,0.4
12.31110522,0.0,0.49,0.01,0.41
12.312143612000002,0.01,0.49,0.01,0.42
12.313194203,0.01,0.51,0.01,0.42
12.314191888000002,0.01,0.5,0.02,0.41
12.315093091000001,0.01,0.5,0.01,0.41
12.316334329,0.0,0.5,0.01,0.41
12.317107196,0.01,0.49,0.0,0.42
12.318353352,0.01,0.49,0.01,0.42
12.319095154000001,0.01,0.49,0.01,0.41
12.320253926000001,0.0,0.49,0.01,0.42
12.32116453,0.01,0.5,0.0,0.42
12.322190709000001,0.0,0.5,0.01,0.42
12.324356927,0.0,0.49,0.0,0.42
12.325090745,0.0,0.5,0.0,0.42
12.326344573,0.0,0.49,0.01,0.42
12.327085029000001,0.02,0.5,0.01,0.42
12.328264654000002,0.01,0.5,0.01,0.43
12.329181051,0.01,0.5,0.02,0.42
12.33022657,0.02,0.5,0.02,0.42
12.331223387000001,0.0,0.5,0.0,0.42
12.332227552,0.01,0.48,0.01,0.41
12.333158478000001,0.0,0.49,0.01,0.42
12.334230855000001,0.02,0.49,0.01,0.41
12.335157717000001,0.01,0.51,0.01,0.42
12.336141716,0.01,0.49,0.0,0.42
12.337161364,0.0,0.5,0.01,0.42
12.339343731000001,0.01,0.49,0.02,0.42
12.340094789,0.0,0.5,0.0,0.43
12.341325907000002,0.01,0.49,0.0,0.42
12.342091364000002,0.0,0.5,0.0,0.42
12.343215456000001,0.01,0.5,0.0,0.41
12.344206693,0.0,0.49,0.01,0.43
12.345160427000001,0.01,0.5,0.01,0.41
12.346273494,0.01,0.5,0.01,0.42
12.347136471,0.01,0.5,0.01,0.41
12.348160883,0.01,0.5,0.01,0.42
12.34914258,0.02,0.5,0.01,0.42
12.350251250000001,0.01,0.5,0.0,0.42
12.351091785000001,0.0,0.48,0.01,0.43
12.352338360000001,0.0,0.49,0.0,0.42
12.354324372,0.01,0.5,0.01,0.43
12.355128813,0.01,0.5,0.01,0.43
12.356216415,0.01,0.49,0.01,0.42
12.357210872000001,0.0,0.5,0.0,0.42
12.358128443,0.01,0.5,0.0,0.42
12.359335838000002,0.01,0.5,0.01,0.41
12.36008761,0.02,0.5,0.01,0.42
12.361379898000001,0.01,0.5,0.01,0.42
12.362087044,0.0,0.5,0.01,0.42
12.363374647,0.0,0.49,0.0,0.42
12.364090168,0.0,0.49,0.0,0.42
12.365279274,0.01,0.48,0.01,0.42
12.36607826,0.0,0.49,0.0,0.43
12.367274765000001,0.0,0.5,0.01,0.42
12.368136128000002,0.01,0.51,0.02,0.43
12.370299232,0.01,0.5,0.01,0.42
12.371110600000002,0.0,0.49,0.0,0.42
12.372124198000002,0.01,0.49,0.0,0.42
12.373113292000001,0.01,0.5,0.0,0.43
12.374222804,0.01,0.5,0.01,0.41
12.375114355000001,0.02,0.49,0.01,0.42
12.376272393,0.02,0.49,0.01,0.42
12.377114873,0.01,0.5,0.0,0.42
12.378177956,0.01,0.5,0.0,0.42
12.379147730000001,0.0,0.5,0.0,0.41
12.380268251,0.0,0.5,0.01,0.42
12.381085440000001,0.01,0.49,0.01,0.41
12.382279547000001,0.0,0.5,0.0,0.42
12.384352476,0.0,0.5,0.01,0.43
12.385091796000001,0.0,0.5,0.01,0.41
12.386191143000001,0.0,0.5,0.01,0.41
12.387208918,0.01,0.49,0.01,0.42
12.388202347,0.01,0.5,0.01,0.42
12.389115944,0.02,0.5,0.02,0.42
12.390390829000001,0.01,0.5,0.02,0.42
12.391091955,0.0,0.5,0.0,0.41
12.392285308,0.0,0.49,0.01,0.42
12.393121722,0.0,0.49,0.0,0.42
12.394335126000001,0.0,0.49,0.01,0.42
12.395088739,0.01,0.49,0.01,0.42
12.396276863,0.01,0.5,0.0,0.42
12.397083547000001,0.0,0.49,0.0,0.42
12.398326844000001,0.01,0.5,0.01,0.42
12.400343202,0.01,0.51,0.0,0.42
12.401089890000002,0.0,0.5,0.0,0.42
12.402244805,0.01,0.5,0.01,0.42
12.403081723000001,0.01,0.49,0.0,0.42
12.404126234000001,0.01,0.49,0.0,0.42
12.405106635000001,0.01,0.49,0.01,0.42
12.406349066,0.0,0.5,0.0,0.42
12.407087823000001,0.01,0.49,0.01,0.41
12.408350493,0.01,0.49,0.01,0.42
12.40908117,0.02,0.49,0.01,0.42
12.410265568000002,0.01,0.49,0.01,0.42
12.411124573,0.0,0.5,0.0,0.42
12.412272225,0.0,0.5,0.0,0.42
12.41435594,0.01,0.5,0.0,0.42
12.415082657000001,0.02,0.5,0.0,0.43
12.416356180000001,0.02,0.49,0.01,0.43
12.417111986,0.0,0.49,0.0,0.42
12.418415108000001,0.01,0.49,0.01,0.42
12.419070855000001,0.0,0.5,0.01,0.42
12.420210998,0.01,0.5,0.0,0.41
12.421073487000001,0.0,0.5,0.0,0.41
12.422307897000001,0.0,0.49,0.01,0.42
12.423072123,0.0,0.49,0.0,0.42
12.424267627,0.0,0.49,0.01,0.41
12.425155409,0.01,0.5,0.0,0.43
12.42610842,0.0,0.49,0.0,0.42
12.427342710000001,0.01,0.51,0.01,0.43
12.429349582,0.02,0.5,0.02,0.43
12.430087826000001,0.02,0.5,0.01,0.42
12.431331131,0.0,0.5,0.0,0.42
12.432083722000002,0.0,0.49,0.0,0.42
12.433121944000002,0.0,0.5,0.0,0.42
12.434204617,0.01,0.48,0.01,0.41
12.4351993,0.02,0.49,0.01,0.42
12.436212595,0.01,0.5,0.01,0.41
12.437202645000001,0.0,0.5,0.0,0.41
12.438303067000001,0.01,0.49,0.01,0.41
12.439089482,0.01,0.5,0.0,0.42
12.440260894000001,0.0,0.49,0.01,0.42
12.44116022,0.0,0.49,0.01,0.43
12.442307092,0.0,0.49,0.01,0.42
12.444266732,0.01,0.49,0.01,0.42
12.445087278,0.02,0.49,0.01,0.42
12.446212654,0.0,0.5,0.01,0.42
12.447213178,0.02,0.5,0.01,0.42
12.448106908000002,0.02,0.49,0.01,0.42
12.44934269,0.01,0.49,0.01,0.41
12.450087961000001,0.01,0.49,0.01,0.42
12.451239350000002,0.0,0.49,0.01,0.42
12.452161934000001,0.01,0.49,0.0,0.41
12.453131092000001,0.01,0.49,0.0,0.42
12.454302333000001,0.01,0.5,0.01,0.42
12.455128496,0.02,0.5,0.01,0.43
12.456150032,0.0,0.5,0.0,0.42
12.457125984000001,0.0,0.49,0.01,0.41
12.458250377,0.0,0.49,0.01,0.41
12.460405424000001,0.0,0.5,0.0,0.42
12.461094022000001,0.0,0.5,0.0,0.41
12.462123511000001,0.0,0.49,0.01,0.42
12.463209181000002,0.0,0.5,0.0,0.42
12.464124248000001,0.0,0.5,0.0,0.42
12.465308709,0.01,0.49,0.01,0.42
12.466097345000001,0.0,0.49,0.0,0.42
12.467175085000001,0.01,0.5,0.01,0.42
12.468205977,0.02,0.49,0.02,0.43
12.469111470000001,0.01,0.49,0.02,0.42
12.470248255000001,0.01,0.5,0.0,0.42
12.471151484,0.0,0.5,0.0,0.43
12.472121248,0.0,0.5,0.01,0.42
12.473369763,0.0,0.49,0.01,0.43
12.475332217,0.01,0.5,0.01,0.41
12.476097597,0.01,0.5,0.01,0.42
12.477128038,0.01,0.49,0.0,0.41
12.478339729,0.01,0.49,0.0,0.42
12.479090500000002,0.01,0.49,0.01,0.42
12.480347144000001,0.01,0.49,0.0,0.41
12.481087906,0.0,0.49,0.0,0.42
12.482331531000002,0.0,0.5,0.0,0.42
12.483082245,0.01,0.49,0.01,0.41
12.484338667000001,0.01,0.5,0.0,0.42
12.485106867,0.01,0.49,0.01,0.41
12.486334453000001,0.01,0.49,0.0,0.43
12.487114206000001,0.01,0.51,0.01,0.42
12.488303404000002,0.02,0.5,0.01,0.41
12.489148616000001,0.01,0.49,0.01,0.42
12.490359775,0.0,0.5,0.01,0.41
12.492389543000002,0.01,0.5,0.01,0.42
12.493088701000001,0.0,0.5,0.01,0.41
12.494205621,0.01,0.49,0.02,0.42
12.495146993,0.01,0.48,0.02,0.42
12.496306996000001,0.02,0.49,0.01,0.42
12.497167778000001,0.01,0.49,0.01,0.41
12.498248783000001,0.01,0.49,0.01,0.42
12.499112045,0.01,0.49,0.01,0.42
12.500114541,0.01,0.5,0.01,0.42
12.501142170000001,0.01,0.48,0.0,0.42
12.502209502000001,0.0,0.49,0.0,0.42
12.503165519000001,0.01,0.5,0.0,0.42
12.504222055000001,0.01,0.5,0.0,0.41
12.506332335000002,0.01,0.49,0.0,0.42
12.507121827,0.01,0.5,0.0,0.42
12.508201189000001,0.01,0.5,0.02,0.43
12.509202206000001,0.01,0.49,0.02,0.42
12.510143768,0.01,0.49,0.01,0.43
12.511219967,0.0,0.5,0.01,0.41
12.512177501,0.0,0.5,0.01,0.42
12.513206747,0.0,0.49,0.0,0.42
12.514219606000001,0.01,0.5,0.01,0.43
12.515205911,0.01,0.5,0.01,0.42
12.516187669,0.01,0.5,0.0,0.42
12.517162638,0.0,0.49,0.0,0.42
12.518157763000001,0.01,0.49,0.0,0.42
12.519179348000002,0.01,0.49,0.0,0.42
12.521375365,0.0,0.5,0.01,0.42
12.522207722000001,0.0,0.5,0.0,0.42
12.523166668,0.0,0.5,0.0,0.43
12.524197614,0.01,0.5,0.0,0.43
12.525193439,0.01,0.5,0.0,0.43
12.526286897,0.01,0.49,0.01,0.42
12.527134160000001,0.02,0.51,0.01,0.42
12.528196399,0.01,0.5,0.01,0.42
12.52919481,0.02,0.5,0.02,0.41
12.530180327,0.01,0.5,0.0,0.41
12.531210055,0.01,0.5,0.01,0.42
12.532148964000001,0.01,0.5,0.01,0.42
12.533202531,0.01,0.5,0.01,0.42
12.535487038000001,0.0,0.5,0.01,0.42
12.5365848,0.01,0.49,0.01,0.42
12.537504921,0.01,0.48,0.01,0.41
12.538339493,0.01,0.5,0.0,0.42
12.539234824000001,0.01,0.49,0.01,0.42
12.540171462,0.0,0.5,0.01,0.42
12.541169712,0.01,0.49,0.0,0.42
12.542207409000001,0.01,0.49,0.0,0.43
12.543153432,0.0,0.5,0.0,0.42
12.544171868000001,0.01,0.5,0.0,0.43
12.545173308,0.01,0.5,0.0,0.42
12.546164987000001,0.01,0.5,0.01,0.42
12.547164841,0.01,0.49,0.01,0.42
12.548349688,0.01,0.49,0.02,0.41
12.550284482,0.01,0.5,0.01,0.42
12.551125511,0.01,0.5,0.01,0.42
12.552197342000001,0.01,0.5,0.0,0.42
12.553193585,0.0,0.49,0.0,0.42
12.554192608000001,0.01,0.5,0.0,0.42
12.555187954,0.02,0.5,0.01,0.42
12.556333814,0.01,0.5,0.01,0.42
12.557111492,0.0,0.49,0.01,0.42
12.558269231,0.0,0.49,0.0,0.42
12.559097992000002,0.01,0.49,0.01,0.41
12.560291265,0.0,0.5,0.0,0.43
12.56109119,0.0,0.5,0.0,0.42
12.562147065000001,0.01,0.5,0.01,0.42
12.563076286000001,0.01,0.49,0.01,0.42
12.565359839000001,0.01,0.49,0.01,0.42
12.566095930000001,0.0,0.5,0.01,0.43
12.567208345000001,0.0,0.5,0.0,0.43
12.568210968,0.01,0.49,0.01,0.41
12.569119081,0.01,0.5,0.02,0.42
12.570338335,0.01,0.5,0.02,0.42
12.571095739,0.01,0.49,0.01,0.41
12.572329706000001,0.0,0.49,0.01,0.42
12.5730865,0.01,0.49,0.01,0.42
12.574329113000001,0.01,0.49,0.01,0.43
12.575087779,0.02,0.5,0.01,0.42
12.576274789000001,0.01,0.5,0.01,0.42
12.577089455000001,0.01,0.49,0.01,0.42
12.57816024,0.0,0.5,0.01,0.42
12.579221861,0.01,0.5,0.01,0.41
12.581348061,0.0,0.5,0.01,0.42
12.582094840000002,0.0,0.5,0.0,0.43
12.583337421000001,0.0,0.49,0.0,0.42
12.584094091,0.0,0.5,0.01,0.42
12.585338279,0.01,0.5,0.0,0.42
12.586088658000001,0.01,0.49,0.01,0.42
12.587350654000002,0.01,0.49,0.01,0.42
12.588096956000001,0.01,0.49,0.01,0.43
12.58932575,0.01,0.48,0.01,0.42
12.590099111,0.01,0.5,0.0,0.42
12.591270991,0.01,0.5,0.0,0.42
12.592081025,0.01,0.5,0.0,0.42
12.593401402000001,0.0,0.5,0.01,0.42
12.594077877,0.01,0.49,0.01,0.43
12.595356753,0.01,0.5,0.01,0.42
12.597360393,0.01,0.5,0.01,0.42
12.59807891,0.0,0.49,0.0,0.42
12.599241138,0.01,0.49,0.0,0.42
12.600148331000002,0.0,0.49,0.0,0.41
12.601176043,0.01,0.5,0.0,0.42
12.602119335000001,0.0,0.5,0.01,0.42
12.603464853,0.01,0.5,0.01,0.43
12.604082241,0.01,0.49,0.0,0.42
12.605273348,0.0,0.5,0.01,0.42
12.606074802,0.0,0.5,0.01,0.41
12.607288686,0.02,0.49,0.01,0.42
12.608134626,0.01,0.5,0.01,0.42
12.609352116,0.01,0.5,0.01,0.41
12.61133509,0.01,0.49,0.01,0.43
12.612082808,0.0,0.5,0.01,0.42
12.613219929000001,0.01,0.49,0.01,0.42
12.614138415000001,0.01,0.5,0.0,0.42
12.615125343,0.01,0.49,0.01,0.42
12.616180758,0.01,0.5,0.0,0.42
12.617204113000001,0.0,0.49,0.0,0.41
12.618213819000001,0.01,0.49,0.0,0.42
12.619118209000002,0.01,0.5,0.01,0.42
12.620354203000002,0.01,0.5,0.0,0.42
12.621090885000001,0.0,0.49,0.0,0.41
12.622258570000001,0.0,0.5,0.0,0.42
12.623087270000001,0.01,0.49,0.01,0.41
12.624318312000002,0.01,0.5,0.0,0.42
12.626345844000001,0.01,0.5,0.0,0.41
12.627092336,0.0,0.5,0.01,0.41
12.628384241000001,0.01,0.5,0.02,0.41
12.629091247000002,0.01,0.49,0.02,0.42
12.630207042,0.01,0.51,0.02,0.43
12.631208637,0.01,0.49,0.01,0.42
12.632120508000002,0.01,0.5,0.01,0.42
12.633324016000001,0.0,0.49,0.0,0.42
12.634091854000001,0.01,0.5,0.01,0.41
12.635269387000001,0.01,0.5,0.02,0.41
12.636126157000001,0.01,0.5,0.01,0.42
12.637292857,0.01,0.49,0.0,0.42
12.638126739,0.01,0.49,0.0,0.42
12.639315084000001,0.0,0.5,0.01,0.42
12.640154081,0.0,0.5,0.0,0.41
12.642344166,0.0,0.49,0.0,0.43
12.643089643000001,0.0,0.51,0.01,0.42
12.644256408,0.01,0.5,0.0,0.42
12.645153098000002,0.0,0.5,0.01,0.42
12.646363412000001,0.0,0.5,0.01,0.42
12.647080204000002,0.02,0.5,0.01,0.42
12.648257051000002,0.02,0.5,0.0,0.42
12.649123373,0.01,0.5,0.01,0.41
12.650243667000002,0.01,0.5,0.01,0.43
12.651124944000001,0.0,0.49,0.01,0.41
12.652225819000002,0.01,0.5,0.01,0.42
12.653081028,0.01,0.5,0.01,0.42
12.654319281000001,0.0,0.49,0.01,0.42
12.656355023000001,0.01,0.5,0.01,0.42
12.657084413000002,0.0,0.49,0.0,0.42
12.658121017000001,0.0,0.5,0.01,0.42
12.659353455000002,0.02,0.5,0.01,0.42
12.660080075000002,0.01,0.5,0.01,0.41
12.661343270000001,0.01,0.49,0.0,0.42
12.662131215,0.01,0.5,0.01,0.42
12.663113315,0.01,0.49,0.0,0.42
12.664355225000001,0.0,0.5,0.01,0.42
12.665078514000001,0.0,0.5,0.01,0.42
12.666281205,0.0,0.5,0.01,0.42
12.667075763000001,0.0,0.5,0.01,0.42
12.668333818,0.02,0.51,0.02,0.42
12.669073294,0.02,0.5,0.02,0.43
12.670346871000001,0.01,0.49,0.0,0.42
12.672353202,0.01,0.5,0.01,0.43
12.673081268,0.0,0.49,0.01,0.42
12.674348769000002,0.01,0.49,0.02,0.43
12.675075623000001,0.02,0.49,0.01,0.42
12.676255992000002,0.02,0.49,0.02,0.42
12.677073391,0.0,0.49,0.0,0.42
12.678366570000001,0.0,0.49,0.01,0.42
12.679073776000001,0.01,0.5,0.01,0.42
12.680260956000001,0.01,0.49,0.0,0.42
12.681124658000002,0.0,0.51,0.01,0.42
12.682103368,0.0,0.5,0.0,0.41
12.683165793,0.01,0.5,0.0,0.43
12.685342479000001,0.01,0.5,0.0,0.42
12.686077962,0.01,0.5,0.01,0.42
12.687120492,0.0,0.5,0.0,0.41
12.688128346000001,0.02,0.49,0.01,0.41
12.689103896,0.02,0.5,0.01,0.41
12.690365378000001,0.02,0.5,0.01,0.41
12.691089457,0.01,0.51,0.0,0.42
12.692337882,0.01,0.49,0.0,0.42
12.693091329000001,0.0,0.5,0.0,0.42
12.694330171,0.01,0.5,0.01,0.42
12.695088272000001,0.01,0.49,0.01,0.42
12.696134059,0.01,0.5,0.0,0.41
12.697280567,0.0,0.5,0.0,0.42
12.698081334000001,0.01,0.49,0.01,0.42
12.699338698,0.01,0.51,0.01,0.42
12.701342659000002,0.01,0.49,0.0,0.42
12.70208747,0.0,0.51,0.0,0.42
12.7032105,0.01,0.5,0.01,0.43
12.704116071000001,0.01,0.49,0.01,0.42
12.705199193,0.0,0.5,0.0,0.42
12.706140300000001,0.01,0.5,0.0,0.42
12.707348715,0.01,0.5,0.01,0.42
12.708092973000001,0.01,0.5,0.01,0.42
12.709274649000001,0.01,0.5,0.02,0.42
12.710129596000002,0.01,0.5,0.01,0.42
12.711285887,0.0,0.5,0.0,0.42
12.712255246000002,0.0,0.5,0.0,0.42
12.713140945000001,0.01,0.5,0.01,0.42
12.714257209000001,0.01,0.51,0.01,0.42
12.715208160000001,0.02,0.5,0.01,0.42
12.717347225000001,0.01,0.5,0.0,0.43
12.718127003000001,0.0,0.5,0.0,0.42
12.71914042,0.01,0.49,0.01,0.42
12.720233831000002,0.0,0.49,0.01,0.42
12.721147873000001,0.0,0.5,0.0,0.42
12.722205526000002,0.01,0.49,0.0,0.42
12.723172697,0.0,0.5,0.0,0.42
12.724199661,0.01,0.48,0.01,0.43
12.725225262,0.01,0.5,0.01,0.42
12.726397056000001,0.0,0.5,0.0,0.42
12.727409142,0.01,0.5,0.02,0.42
12.728291295,0.01,0.5,0.01,0.42
12.729267035000001,0.01,0.5,0.02,0.42
12.730195679000001,0.0,0.5,0.01,0.42
12.732385582000001,0.0,0.5,0.0,0.42
12.733135779000001,0.01,0.5,0.01,0.41
12.73417998,0.01,0.5,0.01,0.42
12.735165865,0.01,0.5,0.01,0.42
12.73619328,0.01,0.5,0.01,0.4
12.737119748000001,0.0,0.5,0.0,0.42
12.738190025000002,0.01,0.5,0.01,0.42
12.739200992,0.01,0.49,0.01,0.43
12.740189441,0.0,0.5,0.01,0.42
12.741187499,0.0,0.5,0.0,0.42
12.742305328,0.0,0.5,0.0,0.42
12.743114910000001,0.01,0.5,0.01,0.42
12.744366479,0.01,0.49,0.0,0.41
12.745109059,0.01,0.49,0.0,0.42
12.747158948000001,0.0,0.5,0.0,0.42
12.748217160000001,0.01,0.49,0.01,0.42
12.749209898,0.01,0.5,0.02,0.42
12.750204319000002,0.01,0.49,0.01,0.43
12.751201034000001,0.0,0.49,0.01,0.42
12.752140888000001,0.0,0.5,0.0,0.43
12.753209577000002,0.0,0.51,0.0,0.42
12.754204122,0.01,0.49,0.0,0.43
12.755196356,0.01,0.51,0.01,0.42
12.756113245000002,0.01,0.5,0.01,0.41
12.757145077,0.0,0.49,0.01,0.41
12.758144734,0.01,0.49,0.0,0.42
12.759323120000001,0.0,0.5,0.01,0.42
12.76010068,0.0,0.5,0.0,0.42
12.761329501,0.0,0.49,0.0,0.42
12.763350235,0.0,0.5,0.01,0.42
12.764094691,0.0,0.52,0.0,0.42
12.76537545,0.01,0.5,0.0,0.43
12.766091759,0.0,0.5,0.01,0.42
12.767164545,0.01,0.5,0.0,0.43
12.768189744,0.01,0.51,0.01,0.42
12.769202944000002,0.02,0.51,0.01,0.42
12.770163941000002,0.01,0.49,0.0,0.42
12.771153094,0.0,0.5,0.0,0.42
12.772139856,0.01,0.49,0.01,0.42
12.773284531000002,0.0,0.49,0.01,0.42
12.774099493000001,0.01,0.48,0.01,0.42
12.776174635,0.01,0.49,0.01,0.42
12.777181248000002,0.0,0.49,0.01,0.42
12.778214804000001,0.0,0.49,0.01,0.42
12.779115332,0.0,0.5,0.01,0.42
12.780199355,0.0,0.49,0.01,0.42
12.781150154,0.0,0.5,0.0,0.42
12.782189351000001,0.01,0.5,0.01,0.41
12.783205405,0.0,0.5,0.0,0.42
12.784137806,0.01,0.5,0.01,0.42
12.785355413000001,0.01,0.5,0.0,0.42
12.786094922,0.0,0.49,0.01,0.41
12.787288184000001,0.01,0.5,0.01,0.43
12.788159206000001,0.01,0.49,0.01,0.42
12.790303628,0.02,0.5,0.01,0.42
12.791097784000002,0.01,0.5,0.01,0.42
12.792211743000001,0.0,0.5,0.0,0.43
12.793210895000001,0.01,0.49,0.0,0.41
12.794180779000001,0.01,0.5,0.01,0.42
12.795198133000001,0.01,0.51,0.02,0.41
12.796196954000001,0.01,0.51,0.01,0.42
12.797327876,0.0,0.49,0.0,0.42
12.798098098,0.0,0.49,0.01,0.42
12.799347349000001,0.01,0.49,0.01,0.42
12.800086937000001,0.0,0.49,0.0,0.43
12.801282948,0.0,0.5,0.0,0.42
12.802084144,0.0,0.5,0.01,0.42
12.803279748000001,0.0,0.5,0.01,0.41
12.80417914,0.01,0.5,0.01,0.42
12.806235001000001,0.01,0.5,0.01,0.41
12.807122035,0.0,0.51,0.0,0.42
12.808191012,0.02,0.5,0.02,0.41
12.809222531000001,0.01,0.51,0.01,0.41
12.810220061,0.01,0.49,0.01,0.42
12.811209998,0.01,0.5,0.0,0.43
12.812213651,0.01,0.5,0.0,0.42
12.813209331000001,0.01,0.5,0.0,0.43
12.814198467,0.01,0.49,0.01,0.43
12.815195580000001,0.01,0.49,0.01,0.42
12.816140807,0.01,0.49,0.0,0.42
12.817277186,0.01,0.49,0.0,0.42
12.81816326,0.01,0.5,0.02,0.42
12.819153607,0.01,0.5,0.01,0.42
12.821329416000001,0.0,0.5,0.0,0.42
12.822097027000002,0.0,0.5,0.0,0.42
12.823205932,0.0,0.49,0.0,0.41
12.824203428,0.01,0.49,0.0,0.42
12.825199575000001,0.01,0.5,0.0,0.41
12.826341609,0.01,0.49,0.0,0.41
12.827089539000001,0.01,0.5,0.01,0.43
12.828343354000001,0.01,0.5,0.01,0.42
12.829087854,0.01,0.5,0.02,0.42
12.830341878,0.0,0.49,0.0,0.42
12.831111619000001,0.01,0.49,0.01,0.42
12.832274717,0.0,0.5,0.01,0.42
12.833073240000001,0.01,0.49,0.01,0.42
12.834345617,0.01,0.51,0.01,0.43
12.836243401,0.01,0.5,0.02,0.41
12.837139908000001,0.01,0.49,0.01,0.42
12.838081780000001,0.01,0.49,0.0,0.43
12.839280469,0.0,0.5,0.0,0.42
12.840314117,0.01,0.5,0.01,0.41
12.841334959000001,0.0,0.5,0.0,0.43
12.842420587000001,0.0,0.5,0.0,0.43
12.843197019000002,0.0,0.5,0.01,0.43
12.844173484,0.01,0.49,0.0,0.42
12.845207161000001,0.01,0.49,0.0,0.42
12.846162001000001,0.0,0.49,0.0,0.42
12.847173379000001,0.01,0.5,0.01,0.43
12.848176116000001,0.02,0.5,0.02,0.42
12.849199643,0.02,0.5,0.01,0.41
12.850211376,0.0,0.51,0.0,0.42
12.852551793,0.01,0.5,0.0,0.43
12.854016612,0.0,0.49,0.01,0.42
12.855112024,0.01,0.49,0.0,0.43
12.855999573,0.01,0.49,0.01,0.42
12.856781210000001,0.01,0.49,0.0,0.42
12.857511905,0.0,0.48,0.01,0.42
12.8582002,0.01,0.49,0.01,0.42
12.859167592,0.01,0.5,0.01,0.42
12.860211758,0.01,0.5,0.01,0.42
12.861151878000001,0.0,0.5,0.0,0.42
12.862170017,0.0,0.5,0.01,0.42
12.863171981,0.0,0.5,0.01,0.42
12.864177174,0.01,0.49,0.01,0.43
12.865214694,0.0,0.5,0.0,0.42
12.867317354,0.0,0.5,0.0,0.42
12.868146701,0.01,0.49,0.02,0.43
12.869192105000002,0.01,0.5,0.01,0.42
12.870270458,0.02,0.5,0.02,0.42
12.871140748,0.01,0.5,0.01,0.41
12.872112541000002,0.01,0.5,0.0,0.43
12.87319392,0.01,0.5,0.0,0.42
12.874093778,0.01,0.49,0.0,0.42
12.875339182000001,0.01,0.5,0.02,0.42
12.876106275000001,0.01,0.51,0.01,0.42
12.877195995000001,0.01,0.48,0.01,0.41
12.878166479,0.0,0.5,0.01,0.42
12.879114181,0.0,0.49,0.0,0.42
12.880349365,0.01,0.49,0.0,0.42
12.882350268000001,0.0,0.5,0.01,0.42
12.883093351000001,0.0,0.49,0.01,0.42
12.884216226000001,0.01,0.5,0.01,0.41
12.885225089,0.01,0.5,0.01,0.42
12.886222837,0.01,0.5,0.0,0.42
12.887174940000001,0.0,0.5,0.01,0.42
12.888211040000002,0.01,0.49,0.0,0.41
12.889209373000002,0.01,0.49,0.01,0.42
12.890186138,0.01,0.49,0.01,0.42
12.891165076,0.01,0.5,0.01,0.41
12.892272203000001,0.0,0.5,0.01,0.42
12.893137175000001,0.01,0.5,0.01,0.41
12.894156689,0.01,0.49,0.01,0.42
12.896147232,0.01,0.5,0.01,0.42
12.897218237,0.0,0.5,0.0,0.42
12.898116521,0.01,0.5,0.0,0.42
12.899341793000001,0.01,0.5,0.01,0.41
12.900087871,0.02,0.49,0.01,0.42
12.901339443000001,0.01,0.5,0.0,0.42
12.902082418,0.0,0.5,0.0,0.42
12.903349992,0.0,0.49,0.01,0.42
12.904075398000002,0.0,0.5,0.01,0.42
12.905397531,0.0,0.5,0.01,0.43
12.906076359,0.0,0.5,0.01,0.42
12.907268007,0.02,0.5,0.01,0.42
12.908159074,0.02,0.5,0.02,0.42
12.910372706,0.02,0.49,0.01,0.42
12.911081923000001,0.0,0.5,0.01,0.41
12.912356408,0.01,0.5,0.0,0.42
12.913081626,0.0,0.5,0.01,0.42
12.914333394000002,0.01,0.49,0.01,0.43
12.915109253,0.01,0.49,0.01,0.43
12.916280658000002,0.01,0.49,0.01,0.41
12.917199002,0.01,0.49,0.0,0.42
12.918345848000001,0.0,0.5,0.0,0.42
12.919076903,0.01,0.5,0.01,0.41
12.920358114,0.01,0.5,0.01,0.41
12.921068327,0.0,0.5,0.01,0.42
12.922252728,0.01,0.5,0.0,0.42
12.923066948,0.0,0.49,0.0,0.42
12.924305185000001,0.01,0.5,0.0,0.41
12.926344487000001,0.0,0.5,0.0,0.42
12.927102271,0.0,0.5,0.0,0.42
12.928344461,0.01,0.51,0.01,0.43
12.929074033000001,0.02,0.5,0.02,0.43
12.930251232000002,0.02,0.5,0.02,0.43
12.931082331,0.01,0.49,0.01,0.42
12.932235552000002,0.0,0.5,0.0,0.42
12.933231055,0.0,0.5,0.0,0.42
12.934220994,0.0,0.49,0.02,0.42
12.935222019000001,0.02,0.49,0.01,0.42
12.936185143000001,0.01,0.51,0.01,0.42
12.937267272000001,0.0,0.5,0.01,0.41
12.938084349,0.01,0.49,0.02,0.42
12.939285302,0.01,0.5,0.01,0.42
12.940099652,0.0,0.5,0.0,0.41
12.941329107000001,0.0,0.49,0.0,0.42
12.94334469,0.01,0.5,0.0,0.42
12.944092701,0.0,0.5,0.01,0.42
12.945208074,0.01,0.49,0.0,0.42
12.946217564000001,0.01,0.5,0.01,0.42
12.947202283000001,0.01,0.49,0.01,0.43
12.948203815000001,0.01,0.5,0.01,0.42
12.949202046000002,0.01,0.5,0.02,0.43
12.950210968,0.01,0.5,0.01,0.42
12.951165864,0.0,0.51,0.01,0.42
12.952290915,0.01,0.5,0.01,0.42
12.953142228,0.0,0.5,0.01,0.43
12.954170673,0.02,0.48,0.01,0.41
12.955179516000001,0.01,0.5,0.01,0.42
12.956322264,0.01,0.5,0.01,0.42
12.958329134000001,0.0,0.5,0.01,0.42
12.959094550000001,0.01,0.49,0.01,0.43
12.960264064,0.0,0.49,0.01,0.42
12.961142646,0.0,0.5,0.01,0.43
12.962142574000001,0.0,0.51,0.01,0.42
12.963114492,0.01,0.49,0.0,0.42
12.964210490000001,0.01,0.49,0.0,0.42
12.965213171,0.01,0.51,0.0,0.42
12.966156868,0.0,0.5,0.03,0.42
12.96730791,0.01,0.5,0.06,0.42
12.968090719000001,0.01,0.49,0.05,0.42
12.969266079,0.01,0.49,0.05,0.42
12.970190870000001,0.01,0.5,0.05,0.42
12.971258773,0.0,0.5,0.06,0.42
12.97324253,0.01,0.5,0.06,0.42
12.974130422,0.0,0.5,0.04,0.42
12.975199005,0.02,0.5,0.06,0.42
12.976194832000001,0.01,0.49,0.06,0.42
12.977135247000001,0.0,0.5,0.07,0.41
12.978201759000001,0.0,0.49,0.06,0.42
12.979167375000001,0.01,0.49,0.06,0.42
12.980191068000002,0.01,0.5,0.07,0.43
12.981176218000002,0.0,0.5,0.07,0.42
12.982196982000001,0.0,0.49,0.08,0.42
12.983200994,0.0,0.51,0.13,0.42
12.984219820000002,0.01,0.49,0.14,0.42
12.985275131000002,0.0,0.5,0.15,0.41
12.987617849000001,0.01,0.5,0.14,0.42
12.988746522000001,0.01,0.5,0.14,0.41
12.989939236000001,0.01,0.49,0.15,0.41
12.990882111000001,0.01,0.49,0.14,0.41
12.991657250000001,0.0,0.49,0.15,0.42
12.992384912,0.01,0.5,0.15,0.42
12.993208509,0.01,0.49,0.17,0.43
12.994164762,0.02,0.5,0.15,0.43
12.995174331000001,0.02,0.5,0.15,0.42
12.996190615000002,0.01,0.51,0.18,0.42
12.997204364000002,0.01,0.49,0.16,0.42
12.998190084,0.0,0.5,0.17,0.42
12.999161976000002,0.0,0.5,0.18,0.42
13.000166791000002,0.01,0.5,0.17,0.42
13.001172160000001,0.0,0.5,0.17,0.42
13.003378014,0.01,0.5,0.18,0.42
13.004105453000001,0.01,0.5,0.17,0.43
13.005200436,0.01,0.5,0.17,0.42
13.006205847,0.0,0.5,0.18,0.42
13.007196849000001,0.01,0.5,0.18,0.42
13.008187615,0.01,0.51,0.18,0.42
13.009185872000002,0.02,0.5,0.18,0.43
13.010192825,0.02,0.5,0.19,0.42
13.011209979,0.01,0.49,0.17,0.42
13.012166518,0.0,0.49,0.17,0.42
13.013150386000001,0.0,0.49,0.17,0.42
13.014315617000001,0.0,0.49,0.18,0.42
13.015109828,0.01,0.49,0.17,0.43
13.016308755,0.01,0.5,0.17,0.42
13.018207973,0.01,0.5,0.24,0.41
13.019103995,0.01,0.5,0.28,0.42
13.020129972000001,0.0,0.51,0.3,0.42
13.021094688000002,0.0,0.5,0.3,0.42
13.022142684,0.0,0.5,0.31,0.42
13.023089599,0.01,0.5,0.32,0.42
13.024341426000001,0.01,0.49,0.31,0.42
13.025101936,0.01,0.5,0.32,0.42
13.026337081000001,0.01,0.51,0.32,0.43
13.027099463,0.0,0.5,0.33,0.42
13.028286193000001,0.02,0.5,0.33,0.43
13.029123682000002,0.02,0.5,0.32,0.43
13.030301519,0.0,0.5,0.32,0.42
13.031126611000001,0.0,0.5,0.32,0.41
13.032265561,0.0,0.49,0.33,0.43
13.034349631000001,0.01,0.49,0.33,0.42
13.035098362000001,0.02,0.49,0.33,0.42
13.036246404000002,0.01,0.5,0.34,0.42
13.037327351,0.0,0.49,0.33,0.42
13.038157613000001,0.0,0.5,0.33,0.41
13.039214141,0.0,0.5,0.34,0.41
13.04021198,0.0,0.5,0.34,0.42
13.041199906000001,0.01,0.5,0.34,0.43
13.042110207,0.0,0.49,0.33,0.43
13.043246810000001,0.0,0.5,0.4,0.42
13.044087464,0.01,0.5,0.4,0.42
13.045329616,0.02,0.5,0.4,0.41
13.04735027,0.01,0.5,0.41,0.42
13.048093863,0.01,0.5,0.4,0.43
13.049338885000001,0.01,0.49,0.41,0.43
13.050095404,0.01,0.5,0.41,0.42
13.051345156,0.0,0.5,0.42,0.42
13.052085018000001,0.0,0.5,0.45,0.41
13.053337233,0.01,0.49,0.45,0.42
13.054083288000001,0.01,0.51,0.46,0.41
13.055150651,0.02,0.5,0.46,0.42
13.056145309000001,0.01,0.5,0.46,0.42
13.057071897,0.0,0.49,0.45,0.42
13.058292421,0.0,0.49,0.45,0.42
13.059141803000001,0.01,0.49,0.45,0.41
13.060152661,0.0,0.51,0.46,0.42
13.06128872,0.0,0.5,0.47,0.43
13.062081477000001,0.0,0.51,0.47,0.43
13.063341588,0.01,0.5,0.46,0.43
13.065338760000001,0.01,0.49,0.46,0.42
13.066083563000001,0.01,0.5,0.47,0.42
13.067213125,0.02,0.5,0.46,0.42
13.068207884000001,0.01,0.5,0.46,0.42
13.06921694,0.01,0.5,0.46,0.41
13.070211135000001,0.01,0.49,0.46,0.41
13.071211371,0.0,0.49,0.46,0.43
13.072157585000001,0.01,0.5,0.46,0.43
13.07329331,0.01,0.5,0.46,0.42
13.074154131,0.02,0.5,0.47,0.42
13.075290397000002,0.01,0.5,0.47,0.43
13.076178421000002,0.01,0.49,0.47,0.42
13.077273898000001,0.01,0.49,0.47,0.41
13.079344743,0.01,0.5,0.47,0.42
13.080096696,0.01,0.49,0.47,0.42
13.081153106,0.01,0.5,0.48,0.41
13.082210369,0.0,0.49,0.49,0.42
13.083126303,0.0,0.5,0.49,0.41
13.084339397,0.02,0.5,0.5,0.42
13.085098367,0.01,0.49,0.5,0.41
13.086324622000001,0.0,0.5,0.49,0.42
13.087090803,0.01,0.5,0.49,0.42
13.088289599000001,0.02,0.5,0.49,0.41
13.089127498000002,0.02,0.5,0.49,0.41
13.090347247,0.0,0.5,0.48,0.42
13.092390726000001,0.01,0.49,0.49,0.42
13.093088153,0.0,0.5,0.49,0.42
13.094086194,0.01,0.49,0.48,0.42
13.09523261,0.01,0.49,0.5,0.42
13.096217575,0.01,0.49,0.49,0.42
13.097218655,0.0,0.5,0.49,0.41
13.098212649,0.01,0.5,0.49,0.42
13.099209128,0.01,0.49,0.49,0.42
13.10020802,0.01,0.5,0.49,0.42
13.101212702000002,0.0,0.49,0.5,0.41
13.102158009,0.0,0.5,0.51,0.42
13.103153678,0.01,0.49,0.51,0.42
13.104165936000001,0.0,0.5,0.5,0.43
13.105286713000002,0.0,0.49,0.52,0.43
13.106139473,0.01,0.5,0.51,0.42
13.107329055000001,0.02,0.5,0.52,0.43
13.109333079,0.01,0.51,0.51,0.43
13.110094704000002,0.01,0.51,0.51,0.43
13.111333914000001,0.0,0.49,0.51,0.42
13.11208661,0.0,0.5,0.53,0.42
13.113218336000001,0.01,0.49,0.53,0.42
13.114110688,0.0,0.49,0.51,0.42
13.115239627000001,0.01,0.49,0.52,0.41
13.116104431,0.01,0.5,0.53,0.42
13.117337698,0.01,0.5,0.52,0.42
13.118116293000002,0.0,0.5,0.53,0.42
13.119250990000001,0.01,0.5,0.53,0.42
13.120155433,0.0,0.51,0.54,0.42
13.122347580000001,0.0,0.49,0.55,0.42
13.123082051,0.0,0.5,0.54,0.42
13.124341878000001,0.01,0.49,0.55,0.42
13.12508296,0.01,0.5,0.55,0.42
13.126337903000001,0.0,0.5,0.54,0.42
13.127085404,0.0,0.5,0.55,0.42
13.128331332,0.01,0.49,0.55,0.42
13.129087021,0.01,0.49,0.55,0.42
13.130213886,0.01,0.49,0.55,0.42
13.131217089000002,0.0,0.49,0.55,0.42
13.132198151,0.0,0.5,0.56,0.43
13.133136427,0.01,0.49,0.56,0.41
13.134279354,0.01,0.5,0.55,0.42
13.135094294,0.01,0.5,0.55,0.42
13.136334238000002,0.01,0.5,0.56,0.42
13.138332093,0.0,0.5,0.57,0.41
13.139096103,0.01,0.49,0.57,0.42
13.140203035,0.01,0.5,0.57,0.42
13.141208543000001,0.0,0.5,0.57,0.42
13.142195804,0.01,0.51,0.57,0.41
13.143199864000001,0.0,0.49,0.58,0.43
13.144136995,0.01,0.5,0.58,0.42
13.145138406000001,0.01,0.49,0.57,0.42
13.14612546,0.01,0.49,0.59,0.43
13.147133786000001,0.01,0.5,0.58,0.42
13.148141446,0.01,0.49,0.61,0.42
13.149141421000001,0.02,0.49,0.62,0.42
13.150143917000001,0.01,0.5,0.62,0.42
13.151343887000001,0.01,0.5,0.63,0.42
13.153352270000001,0.01,0.5,0.62,0.42
13.154105755000002,0.01,0.49,0.63,0.42
13.155209798000001,0.01,0.51,0.64,0.42
13.156206865000001,0.01,0.5,0.64,0.42
13.157198837000001,0.0,0.5,0.63,0.42
13.158196387,0.01,0.5,0.63,0.41
13.159193324,0.0,0.5,0.64,0.41
13.160195770000001,0.0,0.5,0.64,0.41
13.161199815000002,0.0,0.5,0.64,0.42
13.162167522,0.01,0.5,0.64,0.42
13.163310998,0.0,0.5,0.65,0.42
13.164097738,0.01,0.5,0.65,0.42
13.165270540000002,0.01,0.5,0.65,0.42
13.166160622000001,0.01,0.49,0.65,0.42
13.168349061,0.02,0.5,0.66,0.43
13.169101176000002,0.02,0.51,0.65,0.43
13.170340664000001,0.02,0.5,0.65,0.43
13.171099362000001,0.01,0.49,0.65,0.42
13.172341666000001,0.0,0.51,0.65,0.42
13.173091466,0.0,0.5,0.65,0.42
13.174344843,0.01,0.5,0.64,0.42
13.175110756,0.01,0.5,0.65,0.41
13.176290803,0.01,0.5,0.65,0.41
13.177170137000001,0.0,0.5,0.65,0.42
13.178290722000002,0.0,0.49,0.65,0.42
13.179127161,0.0,0.49,0.65,0.41
13.180288251,0.01,0.5,0.65,0.42
13.181079464000002,0.0,0.5,0.65,0.41
13.182380363,0.01,0.5,0.66,0.42
13.184353301000002,0.01,0.49,0.66,0.42
13.185114916000002,0.01,0.5,0.67,0.41
13.186216977,0.01,0.5,0.65,0.42
13.187216617,0.01,0.49,0.67,0.43
13.188220061,0.01,0.49,0.66,0.41
13.189209808000001,0.01,0.49,0.67,0.42
13.190210643,0.01,0.49,0.66,0.42
13.191209042,0.01,0.49,0.67,0.41
13.192185194,0.0,0.5,0.68,0.42
13.193295280000001,0.0,0.5,0.68,0.41
13.194126802000001,0.01,0.49,0.68,0.43
13.195167886,0.01,0.5,0.68,0.43
13.196334764000001,0.01,0.5,0.68,0.42
13.198201247,0.01,0.5,0.68,0.41
13.199225197,0.01,0.49,0.67,0.41
13.200196782,0.01,0.49,0.68,0.42
13.201214909,0.01,0.5,0.68,0.42
13.202223056000001,0.0,0.5,0.69,0.42
13.203220827,0.0,0.5,0.69,0.42
13.204108941000001,0.0,0.5,0.69,0.42
13.205141172000001,0.01,0.5,0.69,0.41
13.206231873,0.01,0.49,0.7,0.42
13.207118415,0.01,0.51,0.69,0.43
13.208239291,0.02,0.5,0.69,0.41
13.209077688,0.02,0.5,0.69,0.42
13.210269104,0.01,0.5,0.7,0.42
13.211149648000001,0.0,0.5,0.69,0.41
13.212281931000001,0.01,0.49,0.7,0.42
13.214174972,0.0,0.5,0.68,0.43
13.215234254,0.02,0.5,0.69,0.43
13.216229107,0.01,0.5,0.7,0.43
13.217226158,0.0,0.49,0.69,0.42
13.218221978,0.01,0.51,0.68,0.4
13.21910444,0.01,0.5,0.69,0.41
13.220138498,0.01,0.49,0.69,0.42
13.221340817000002,0.0,0.5,0.69,0.42
13.222123014000001,0.01,0.49,0.69,0.42
13.223361244000001,0.01,0.49,0.69,0.42
13.224109988,0.0,0.5,0.69,0.42
13.225308683000002,0.0,0.49,0.7,0.42
13.226131773,0.01,0.5,0.7,0.42
13.227163995000002,0.02,0.5,0.71,0.43
13.228203644,0.01,0.5,0.7,0.43
13.230465493,0.01,0.5,0.71,0.42
13.231461909,0.0,0.5,0.69,0.43
13.232354492,0.0,0.51,0.7,0.43
13.233216313000002,0.0,0.49,0.71,0.42
13.234254371,0.0,0.5,0.7,0.42
13.235206136,0.01,0.49,0.7,0.42
13.236187567,0.01,0.5,0.7,0.41
13.237179237000001,0.01,0.49,0.7,0.42
13.238188718,0.02,0.49,0.7,0.41
13.239165984000001,0.01,0.5,0.71,0.42
13.240150857000001,0.0,0.5,0.71,0.42
13.241169843000002,0.0,0.5,0.7,0.43
13.242173834,0.0,0.5,0.71,0.42
13.243202528000001,0.0,0.5,0.71,0.41
13.245354258,0.0,0.49,0.71,0.42
13.246145582,0.0,0.5,0.7,0.42
13.247194113,0.01,0.5,0.71,0.43
13.248155967,0.01,0.5,0.72,0.43
13.249218005000001,0.02,0.49,0.72,0.43
13.250135058000001,0.01,0.5,0.72,0.43
13.251212016,0.0,0.49,0.71,0.42
13.252167766000001,0.01,0.5,0.72,0.41
13.253190543,0.0,0.5,0.71,0.42
13.254237575000001,0.01,0.49,0.7,0.42
13.255317466000001,0.01,0.51,0.72,0.42
13.256239864000001,0.01,0.51,0.72,0.41
13.257308978000001,0.01,0.5,0.72,0.42
13.258312146000002,0.01,0.49,0.72,0.41
13.260501676,0.0,0.49,0.73,0.42
13.26165029,0.0,0.5,0.72,0.43
13.262625306,0.0,0.5,0.72,0.42
13.263379972000001,0.01,0.5,0.72,0.43
13.264209378,0.01,0.51,0.72,0.42
13.265157472,0.01,0.5,0.7,0.42
13.266195992,0.01,0.49,0.73,0.42
13.267193021,0.01,0.5,0.71,0.43
13.268190619,0.01,0.49,0.72,0.42
13.269095530000001,0.01,0.49,0.72,0.42
13.270356986000001,0.01,0.5,0.72,0.43
13.271112807000002,0.01,0.5,0.72,0.42
13.272313889000001,0.0,0.49,0.73,0.42
13.274347584000001,0.02,0.5,0.75,0.41
13.275097659,0.02,0.5,0.75,0.42
13.27620355,0.01,0.5,0.75,0.42
13.277087159,0.0,0.5,0.74,0.41
13.278433967000002,0.0,0.49,0.74,0.41
13.279092776,0.01,0.49,0.75,0.42
13.280330941,0.0,0.5,0.75,0.42
13.281087359,0.0,0.5,0.75,0.42
13.282343388000001,0.0,0.5,0.75,0.42
13.283080510000001,0.01,0.5,0.76,0.42
13.284288573000001,0.01,0.5,0.76,0.41
13.285157993,0.01,0.5,0.75,0.43
13.286280135,0.0,0.5,0.76,0.42
13.287136625,0.02,0.51,0.76,0.41
13.288357923000001,0.02,0.5,0.76,0.4
13.290314080000002,0.02,0.5,0.75,0.41
13.291082035,0.0,0.51,0.76,0.42
13.292205029000002,0.01,0.5,0.76,0.42
13.293190533,0.01,0.49,0.77,0.43
13.294169765000001,0.01,0.51,0.77,0.4
13.295337566,0.01,0.48,0.76,0.43
13.296085272000001,0.01,0.49,0.76,0.41
13.297365208,0.01,0.5,0.75,0.42
13.298096562000001,0.01,0.5,0.75,0.42
13.299343557,0.01,0.51,0.76,0.42
13.300092453000001,0.0,0.51,0.76,0.42
13.301287633000001,0.01,0.5,0.76,0.42
13.303367452000002,0.0,0.5,0.75,0.42
13.30408251,0.0,0.5,0.76,0.42
13.305143367000001,0.01,0.49,0.77,0.42
13.306227830000001,0.01,0.5,0.76,0.42
13.307108987000001,0.01,0.5,0.77,0.43
13.308348981,0.02,0.5,0.78,0.42
13.309084050000001,0.02,0.5,0.78,0.42
13.31034945,0.02,0.51,0.77,0.43
13.311109095,0.01,0.49,0.79,0.42
13.312201739,0.01,0.5,0.79,0.42
13.313201412000002,0.0,0.49,0.78,0.41
13.314148906000002,0.01,0.49,0.78,0.41
13.315151626,0.01,0.49,0.78,0.41
13.316344489,0.0,0.5,0.78,0.42
13.317104395000001,0.01,0.5,0.78,0.42
13.318260506000001,0.01,0.49,0.78,0.42
13.320353471,0.01,0.5,0.79,0.41
13.321109296000001,0.01,0.5,0.77,0.41
13.322120215,0.0,0.49,0.78,0.43
13.323192613000002,0.01,0.5,0.78,0.42
13.324169418,0.0,0.49,0.77,0.42
13.32521928,0.0,0.5,0.78,0.41
13.326141721,0.0,0.5,0.78,0.41
13.327375289,0.01,0.5,0.78,0.42
13.328084010000001,0.01,0.51,0.79,0.42
13.329264764000001,0.01,0.5,0.79,0.43
13.330131109000002,0.01,0.5,0.78,0.42
13.331114672,0.0,0.5,0.78,0.42
13.332346083000001,0.0,0.5,0.79,0.42
13.334338679,0.01,0.51,0.79,0.41
13.335100133000001,0.02,0.5,0.78,0.41
13.336344592000001,0.01,0.51,0.79,0.41
13.337090300000002,0.0,0.5,0.78,0.42
13.338090600000001,0.01,0.49,0.78,0.42
13.339177369000002,0.01,0.49,0.78,0.42
13.340214954,0.0,0.49,0.78,0.42
13.341141372000001,0.0,0.5,0.79,0.42
13.342212163000001,0.0,0.5,0.78,0.43
13.343070500000001,0.0,0.5,0.79,0.41
13.344114863000001,0.01,0.49,0.79,0.42
13.345139382000001,0.0,0.5,0.78,0.42
13.346143492000001,0.0,0.51,0.8,0.42
13.347338983,0.01,0.5,0.79,0.41
13.349346964,0.01,0.5,0.78,0.42
13.350099119000001,0.01,0.5,0.78,0.42
13.351206453000001,0.01,0.51,0.79,0.42
13.352134323000001,0.01,0.5,0.79,0.41
13.353201957000001,0.0,0.5,0.78,0.42
13.354201152000002,0.0,0.5,0.79,0.41
13.355113200000002,0.01,0.5,0.79,0.42
13.356346225000001,0.01,0.5,0.79,0.42
13.357093251,0.01,0.5,0.79,0.42
13.358405615,0.01,0.5,0.79,0.42
13.359092909000001,0.01,0.5,0.79,0.42
13.360123814000001,0.0,0.5,0.79,0.42
13.361256897,0.0,0.5,0.78,0.41
13.362131866,0.0,0.5,0.79,0.42
13.364254626000001,0.02,0.5,0.79,0.41
13.365196728,0.01,0.49,0.79,0.42
13.366220301,0.01,0.5,0.78,0.42
13.367165476,0.01,0.51,0.79,0.42
13.36820402,0.02,0.5,0.78,0.41
13.369077259,0.03,0.5,0.78,0.42
13.370326904,0.02,0.49,0.78,0.42
13.371112995,0.01,0.5,0.78,0.42
13.372340769000001,0.01,0.5,0.78,0.42
13.373090345000001,0.0,0.5,0.79,0.43
13.374292464000002,0.02,0.51,0.79,0.42
13.375078186000001,0.01,0.5,0.79,0.42
13.376240448,0.01,0.5,0.79,0.41
13.377082815000001,0.01,0.49,0.78,0.42
13.378378793000001,0.01,0.5,0.78,0.42
13.380355174,0.0,0.5,0.8,0.43
13.38109138,0.01,0.51,0.79,0.41
13.382214019000001,0.0,0.5,0.8,0.42
13.383213085000001,0.01,0.5,0.8,0.41
13.384204335000002,0.01,0.5,0.8,0.42
13.385203723,0.0,0.5,0.81,0.43
13.386110872000001,0.0,0.5,0.8,0.42
13.387266296,0.01,0.51,0.8,0.43
13.388093303000002,0.01,0.5,0.8,0.41
13.389166690000001,0.01,0.49,0.8,0.41
13.390146086000001,0.01,0.5,0.8,0.41
13.391152995,0.01,0.5,0.81,0.42
13.392125881,0.0,0.5,0.8,0.42
13.393113076,0.01,0.5,0.81,0.42
13.394136726000001,0.01,0.5,0.81,0.42
13.395209603000001,0.01,0.5,0.8,0.41
13.397228216,0.0,0.49,0.8,0.42
13.39809965,0.0,0.49,0.81,0.42
13.399216498000001,0.01,0.5,0.81,0.43
13.400205110000002,0.01,0.5,0.8,0.42
13.401200246,0.01,0.51,0.81,0.42
13.4020793,0.0,0.5,0.8,0.42
13.403337689,0.01,0.5,0.81,0.43
13.404099298,0.0,0.5,0.81,0.42
13.405152840000001,0.0,0.5,0.81,0.42
13.406141889,0.0,0.5,0.81,0.42
13.407146629000001,0.02,0.5,0.82,0.42
13.408321373000001,0.02,0.51,0.83,0.42
13.409101091,0.01,0.5,0.82,0.42
13.410216645,0.0,0.5,0.82,0.42
13.412341811000001,0.0,0.49,0.82,0.42
13.413106610000002,0.01,0.5,0.82,0.42
13.414091703,0.01,0.5,0.83,0.41
13.415198356000001,0.02,0.49,0.82,0.41
13.416172789,0.01,0.5,0.82,0.41
13.417176446000001,0.01,0.49,0.82,0.42
13.418195256,0.0,0.49,0.82,0.42
13.419179701000001,0.01,0.5,0.83,0.42
13.420143418,0.0,0.5,0.83,0.42
13.421292832,0.0,0.49,0.84,0.41
13.422099342000001,0.0,0.5,0.83,0.42
13.423314037,0.0,0.5,0.83,0.42
13.425349941,0.01,0.5,0.83,0.41
13.4261026,0.0,0.5,0.84,0.41
13.427151152,0.0,0.5,0.84,0.42
13.428180498000001,0.01,0.49,0.84,0.42
13.429118092000001,0.01,0.5,0.84,0.43
13.430192190000001,0.02,0.5,0.84,0.42
13.431096828000001,0.0,0.5,0.84,0.42
13.432212226,0.0,0.5,0.84,0.42
13.433207075,0.01,0.49,0.84,0.41
13.434086422,0.01,0.51,0.85,0.42
13.435271535,0.01,0.5,0.85,0.42
13.436150185,0.01,0.5,0.85,0.42
13.437159961,0.01,0.5,0.84,0.41
13.438147195,0.01,0.5,0.83,0.42
13.440339551000001,0.0,0.5,0.85,0.41
13.441098995,0.0,0.5,0.84,0.42
13.442126592000001,0.0,0.49,0.85,0.42
13.44335041,0.01,0.51,0.85,0.42
13.444094176,0.01,0.5,0.85,0.42
13.445206039,0.0,0.5,0.85,0.42
13.446161551000001,0.01,0.5,0.85,0.42
13.447328326000001,0.01,0.51,0.84,0.41
13.448098611,0.01,0.49,0.85,0.41
13.449309848,0.02,0.5,0.85,0.41
13.450083429000001,0.01,0.5,0.85,0.42
13.451280889000001,0.01,0.5,0.85,0.42
13.452160801000002,0.0,0.5,0.85,0.42
13.453169302000001,0.01,0.5,0.84,0.42
13.455249992,0.01,0.5,0.85,0.43
13.456128386000001,0.01,0.49,0.85,0.42
13.457087253000001,0.0,0.5,0.85,0.42
13.458315596,0.01,0.5,0.85,0.41
13.459126838000001,0.01,0.5,0.85,0.41
13.460223732000001,0.01,0.5,0.86,0.41
13.461128218,0.0,0.5,0.86,0.41
13.462115385,0.0,0.5,0.86,0.42
13.463227317000001,0.0,0.5,0.86,0.42
13.464120768,0.01,0.5,0.86,0.42
13.465131139,0.0,0.51,0.86,0.42
13.466129025,0.01,0.49,0.86,0.42
13.467219021,0.02,0.5,0.86,0.43
13.468210065000001,0.02,0.5,0.86,0.43
13.470377967000001,0.01,0.51,0.86,0.42
13.471087133000001,0.01,0.49,0.85,0.41
13.472366934,0.0,0.5,0.86,0.42
13.473076534,0.02,0.5,0.85,0.42
13.474132206,0.01,0.5,0.87,0.42
13.475164923000001,0.01,0.5,0.86,0.42
13.476162488000002,0.01,0.49,0.85,0.42
13.477119768000001,0.0,0.5,0.86,0.42
13.478338789,0.01,0.49,0.86,0.4
13.479078071,0.01,0.5,0.87,0.42
13.480303989000001,0.01,0.5,0.86,0.41
13.481121444000001,0.0,0.5,0.86,0.42
13.482145379,0.01,0.5,0.87,0.42
13.483129368,0.0,0.49,0.87,0.41
13.485482027000002,0.01,0.5,0.86,0.42
13.486093038000002,0.0,0.49,0.86,0.42
13.487131188000001,0.01,0.5,0.87,0.42
13.488134120000002,0.02,0.51,0.88,0.42
13.489371068,0.02,0.51,0.87,0.42
13.490086316000001,0.02,0.5,0.86,0.43
13.491259235000001,0.01,0.5,0.86,0.42
13.492209136000001,0.0,0.5,0.86,0.41
13.493343399,0.01,0.5,0.86,0.41
13.494082019,0.0,0.49,0.86,0.42
13.495276511,0.01,0.49,0.86,0.42
13.496080524000002,0.01,0.5,0.86,0.42
13.497144965,0.01,0.5,0.86,0.42
13.49819661,0.01,0.5,0.86,0.42
13.500355222000001,0.0,0.5,0.86,0.42
13.501088763,0.01,0.5,0.86,0.42
13.502080143,0.01,0.5,0.87,0.42
13.503108540000001,0.01,0.5,0.87,0.42
13.504106005,0.01,0.5,0.86,0.42
13.505340610000001,0.01,0.49,0.87,0.42
13.506085803000001,0.0,0.5,0.87,0.42
13.507338664,0.0,0.5,0.87,0.42
13.508114957,0.0,0.49,0.87,0.43
13.509255077,0.01,0.49,0.87,0.42
13.510153717000001,0.01,0.49,0.87,0.42
13.511242661,0.0,0.5,0.86,0.43
13.512161403,0.0,0.5,0.86,0.43
13.513350324000001,0.01,0.5,0.87,0.41
13.515358013,0.02,0.5,0.87,0.41
13.516081789000001,0.01,0.51,0.87,0.42
13.517148362,0.0,0.5,0.86,0.42
13.518209836,0.01,0.49,0.87,0.42
13.51911291,0.0,0.49,0.86,0.42
13.520215624,0.0,0.49,0.87,0.42
13.521138146,0.0,0.5,0.88,0.42
13.522191151000001,0.0,0.49,0.87,0.41
13.523224381,0.0,0.49,0.88,0.42
13.524213557000001,0.01,0.51,0.86,0.42
13.525155632,0.01,0.5,0.88,0.41
13.526275919000001,0.01,0.49,0.87,0.43
13.527088501000001,0.01,0.5,0.88,0.42
13.528348584000002,0.02,0.49,0.88,0.41
13.530350351000001,0.02,0.5,0.87,0.41
13.531087617,0.01,0.49,0.88,0.42
13.532177991000001,0.01,0.49,0.88,0.42
13.533178612,0.0,0.5,0.88,0.42
13.534207636000001,0.01,0.5,0.86,0.43
13.535144837,0.01,0.5,0.87,0.43
13.536342855000001,0.01,0.51,0.88,0.42
13.537091104000002,0.01,0.5,0.87,0.41
13.538259377000001,0.0,0.5,0.88,0.41
13.539163131,0.01,0.5,0.87,0.41
13.540145293,0.0,0.5,0.88,0.43
13.541140872000001,0.01,0.5,0.88,0.43
13.542112655,0.0,0.49,0.88,0.42
13.543328953000001,0.01,0.5,0.88,0.42
13.545226223,0.01,0.5,0.88,0.43
13.546102195000001,0.0,0.5,0.88,0.42
13.547198934,0.0,0.5,0.88,0.42
13.548199648,0.02,0.5,0.89,0.43
13.549161423000001,0.02,0.5,0.89,0.41
13.550193811000002,0.01,0.5,0.88,0.41
13.551161225000001,0.0,0.5,0.87,0.42
13.552177776,0.0,0.5,0.88,0.41
13.553207239,0.01,0.5,0.88,0.42
13.554207806,0.0,0.49,0.88,0.43
13.555217873,0.01,0.49,0.88,0.42
13.556314074000001,0.01,0.5,0.88,0.4
13.557164468000002,0.01,0.5,0.88,0.42
13.558219620000001,0.01,0.5,0.89,0.42
13.559177765000001,0.01,0.5,0.89,0.43
13.56142735,0.01,0.5,0.89,0.42
13.562246868,0.0,0.5,0.88,0.42
13.563207915000001,0.01,0.51,0.88,0.42
13.564156290000001,0.0,0.5,0.89,0.42
13.565193434000001,0.0,0.5,0.89,0.43
13.566193358000001,0.01,0.5,0.89,0.42
13.567188252000001,0.0,0.49,0.88,0.42
13.568195661,0.01,0.5,0.89,0.42
13.569186835,0.01,0.49,0.89,0.43
13.570344938000002,0.01,0.5,0.89,0.41
13.571123272000001,0.0,0.5,0.88,0.43
13.572305703000001,0.0,0.5,0.89,0.42
13.573106763,0.01,0.49,0.89,0.42
13.574320066,0.01,0.5,0.89,0.41
13.576329839000001,0.02,0.51,0.89,0.42
13.577106416000001,0.0,0.5,0.89,0.41
13.578331938000002,0.0,0.49,0.88,0.42
13.579095924,0.01,0.5,0.88,0.42
13.580253415000001,0.01,0.49,0.89,0.42
13.581127653000001,0.01,0.5,0.89,0.43
13.582335644,0.0,0.5,0.88,0.43
13.583123039,0.0,0.5,0.89,0.42
13.584340824000002,0.01,0.5,0.89,0.43
13.58511713,0.01,0.5,0.89,0.42
13.586265336,0.01,0.5,0.88,0.42
13.587162373,0.01,0.5,0.89,0.42
13.588348038000001,0.02,0.49,0.88,0.42
13.590353930000001,0.01,0.49,0.89,0.42
13.591079483000001,0.01,0.5,0.88,0.42
13.592342819,0.0,0.51,0.89,0.41
13.593082465,0.01,0.5,0.89,0.42
13.594339054,0.02,0.5,0.89,0.43
13.59511902,0.02,0.51,0.89,0.41
13.596338312,0.01,0.49,0.88,0.43
13.597120035000001,0.01,0.49,0.89,0.41
13.59835378,0.01,0.5,0.9,0.41
13.599076898000002,0.0,0.5,0.89,0.42
13.600294102000001,0.0,0.5,0.88,0.42
13.601164501000001,0.0,0.5,0.9,0.42
13.602282967,0.0,0.5,0.9,0.42
13.603101743000002,0.01,0.5,0.9,0.42
13.604361614,0.0,0.5,0.9,0.42
13.605073895,0.0,0.5,0.91,0.42
13.606359098,0.01,0.5,0.91,0.42
13.608363610000001,0.01,0.5,0.91,0.43
13.609076549000001,0.02,0.51,0.91,0.42
13.610265267,0.02,0.5,0.91,0.42
13.611076372000001,0.01,0.5,0.92,0.42
13.612236188,0.01,0.5,0.9,0.42
13.613098597,0.01,0.5,0.91,0.43
13.614343705000001,0.01,0.5,0.91,0.42
13.615079378,0.01,0.49,0.9,0.42
13.616293824000001,0.0,0.49,0.9,0.42
13.617158759,0.01,0.5,0.91,0.42
13.618277508,0.0,0.5,0.91,0.42
13.619118589000001,0.01,0.5,0.91,0.42
13.620334499,0.01,0.5,0.9,0.43
13.622374495,0.01,0.5,0.9,0.42
13.623079133000001,0.0,0.5,0.91,0.41
13.624356250000002,0.0,0.5,0.91,0.42
13.625081085000001,0.01,0.5,0.91,0.43
13.626355398000001,0.01,0.49,0.91,0.42
13.627080302000001,0.01,0.5,0.92,0.42
13.628348500000001,0.01,0.51,0.91,0.43
13.629109742,0.01,0.5,0.92,0.43
13.630341007,0.01,0.5,0.92,0.42
13.631104289000001,0.01,0.5,0.91,0.43
13.632263921000002,0.0,0.51,0.91,0.43
13.63315957,0.01,0.5,0.9,0.42
13.634326785,0.01,0.49,0.92,0.41
13.635154569000001,0.01,0.5,0.92,0.41
13.636351244,0.01,0.49,0.91,0.42
13.638343049000001,0.01,0.5,0.92,0.42
13.639130252000001,0.0,0.5,0.92,0.42
13.640360596,0.0,0.51,0.91,0.41
13.641080423,0.0,0.5,0.92,0.42
13.642339031,0.0,0.49,0.92,0.42
13.643079681000001,0.01,0.5,0.92,0.43
13.644357099,0.0,0.5,0.93,0.43
13.645105306000001,0.01,0.49,0.92,0.42
13.646258461,0.01,0.5,0.92,0.42
13.64707259,0.01,0.49,0.92,0.42
13.648280085000001,0.01,0.49,0.93,0.42
13.649076749,0.01,0.49,0.92,0.43
13.650319491000001,0.0,0.5,0.92,0.42
13.651146552,0.0,0.49,0.93,0.43
13.652407578,0.0,0.5,0.93,0.42
13.654364113000002,0.01,0.5,0.93,0.42
13.655078646000002,0.02,0.51,0.93,0.41
13.656336821,0.01,0.49,0.94,0.43
13.657082374000002,0.0,0.5,0.93,0.41
13.658349023000001,0.01,0.49,0.93,0.43
13.659072807000001,0.01,0.5,0.93,0.42
13.660422500000001,0.01,0.5,0.93,0.42
13.661079624000001,0.0,0.49,0.93,0.42
13.662272122000001,0.0,0.5,0.94,0.42
13.663079425000001,0.01,0.5,0.94,0.43
13.664334262,0.02,0.51,0.93,0.42
13.665076942,0.0,0.51,0.94,0.43
13.666349334000001,0.01,0.5,0.94,0.43
13.668360525,0.01,0.5,0.94,0.42
13.669079497,0.01,0.51,0.94,0.42
13.670333142,0.01,0.49,0.95,0.41
13.671085156,0.01,0.5,0.94,0.42
13.672274436,0.0,0.49,0.94,0.41
13.673132687,0.01,0.49,0.94,0.43
13.674347383,0.0,0.5,0.95,0.42
13.675081525000001,0.01,0.5,0.93,0.42
13.676462063,0.0,0.5,0.94,0.42
13.677081800000002,0.0,0.5,0.94,0.43
13.678275832,0.0,0.5,0.94,0.43
13.679083792,0.01,0.5,0.94,0.42
13.680383183,0.0,0.5,0.94,0.42
13.682331645000001,0.0,0.49,0.94,0.42
13.683091144,0.0,0.5,0.93,0.43
13.684347141000002,0.0,0.5,0.94,0.42
13.685093047,0.0,0.49,0.94,0.42
13.686336135000001,0.0,0.5,0.94,0.42
13.687091179000001,0.01,0.49,0.94,0.43
13.688333884,0.01,0.49,0.94,0.43
13.689109040000002,0.02,0.5,0.95,0.44
13.69035436,0.01,0.5,0.95,0.42
13.691081948,0.0,0.49,0.94,0.42
13.692276629,0.0,0.5,0.94,0.41
13.693172412000001,0.01,0.5,0.94,0.42
13.694322280000002,0.02,0.5,0.93,0.42
13.696379960000002,0.01,0.5,0.95,0.42
13.697090742,0.0,0.49,0.94,0.42
13.698348867,0.01,0.49,0.94,0.42
13.699110847,0.01,0.49,0.94,0.42
13.700340738000001,0.0,0.49,0.94,0.42
13.701085377,0.0,0.5,0.92,0.42
13.702259462,0.01,0.5,0.93,0.42
13.703125272000001,0.0,0.51,0.93,0.42
13.704252958000001,0.01,0.5,0.92,0.42
13.705156197,0.01,0.49,0.93,0.43
13.706265451,0.01,0.5,0.93,0.43
13.707077893000001,0.01,0.51,0.92,0.42
13.708192274000002,0.03,0.49,0.93,0.42
13.710326541,0.01,0.5,0.92,0.41
13.711071346,0.01,0.5,0.92,0.43
13.712360639000002,0.01,0.5,0.92,0.42
13.713072988,0.01,0.51,0.91,0.43
13.714363246000001,0.01,0.5,0.92,0.42
13.715122419,0.01,0.51,0.93,0.41
13.716279562,0.01,0.49,0.93,0.42
13.717158049,0.0,0.5,0.92,0.42
13.718117866,0.0,0.5,0.92,0.42
13.719293688,0.01,0.49,0.92,0.42
13.720200570000001,0.0,0.5,0.92,0.43
13.721493775,0.01,0.49,0.92,0.42
13.72206148,0.0,0.49,0.92,0.42
13.72328936,0.0,0.5,0.92,0.42
13.725353688,0.0,0.5,0.92,0.43
13.72610727,0.0,0.5,0.91,0.43
13.727342774,0.01,0.5,0.92,0.42
13.728149865,0.02,0.5,0.92,0.43
13.729349268,0.02,0.5,0.92,0.43
13.730125764,0.02,0.5,0.92,0.42
13.731365619000002,0.0,0.51,0.92,0.42
13.732069585000001,0.01,0.5,0.91,0.41
13.733360413000002,0.0,0.5,0.91,0.42
13.734075474,0.01,0.5,0.91,0.43
13.735445209000002,0.02,0.49,0.9,0.41
13.736076701,0.02,0.5,0.91,0.42
13.737291800000001,0.01,0.5,0.91,0.42
13.738109187000001,0.01,0.5,0.91,0.42
13.739326503000001,0.0,0.5,0.91,0.42
13.741363598000001,0.0,0.5,0.9,0.42
13.742073699,0.0,0.5,0.9,0.42
13.743355699,0.01,0.5,0.89,0.42
13.744080596000002,0.0,0.5,0.9,0.42
13.745321538,0.01,0.5,0.9,0.42
13.746109852,0.01,0.5,0.9,0.42
13.747252787,0.0,0.51,0.91,0.42
13.748200314,0.01,0.49,0.91,0.42
13.749359583,0.01,0.5,0.9,0.43
13.750073702000002,0.01,0.5,0.9,0.43
13.751261219000002,0.0,0.5,0.9,0.42
13.752091439,0.0,0.5,0.9,0.42
13.753277316,0.01,0.5,0.9,0.41
13.754070015000002,0.01,0.5,0.91,0.42
13.755331633,0.02,0.5,0.91,0.42
13.757358543,0.0,0.5,0.91,0.42
13.758102116000002,0.01,0.49,0.9,0.41
13.759348101,0.01,0.5,0.9,0.42
13.760114942000001,0.01,0.49,0.89,0.42
13.761238105,0.01,0.5,0.9,0.42
13.762188527000001,0.0,0.5,0.89,0.42
13.763238174000001,0.0,0.5,0.89,0.42
13.764098787,0.0,0.51,0.89,0.42
13.765128048000001,0.01,0.5,0.88,0.42
13.766264295000001,0.0,0.5,0.88,0.42
13.767154743,0.01,0.5,0.89,0.42
13.768311006000001,0.02,0.5,0.89,0.42
13.769112205,0.02,0.5,0.88,0.42
13.770319725,0.01,0.51,0.87,0.42
13.772434453,0.0,0.5,0.86,0.42
13.773082293000002,0.0,0.5,0.85,0.42
13.774346667000001,0.01,0.5,0.85,0.42
13.775079248,0.01,0.5,0.85,0.43
13.776272667,0.01,0.5,0.84,0.42
13.777076283000001,0.0,0.5,0.85,0.42
13.778353259000001,0.01,0.5,0.84,0.42
13.779076381000001,0.01,0.49,0.84,0.42
13.780429095,0.0,0.5,0.84,0.42
13.781079162000001,0.0,0.51,0.84,0.42
13.782226572,0.0,0.5,0.83,0.42
13.783075744000001,0.01,0.49,0.83,0.42
13.784351216000001,0.01,0.49,0.82,0.43
13.786351605,0.01,0.5,0.83,0.41
13.787091308,0.0,0.51,0.82,0.42
13.788335724000001,0.01,0.49,0.83,0.42
13.789121967000002,0.01,0.5,0.83,0.42
13.79040808,0.01,0.51,0.8,0.42
13.791075993000002,0.0,0.5,0.79,0.42
13.792361411000002,0.0,0.5,0.8,0.42
13.793073574000001,0.0,0.5,0.8,0.42
13.794232522000001,0.0,0.5,0.79,0.44
13.795072484,0.01,0.49,0.79,0.42
13.796237379,0.01,0.5,0.8,0.42
13.797113602000001,0.01,0.5,0.79,0.43
13.798245855000001,0.01,0.5,0.79,0.43
13.799115131,0.01,0.5,0.78,0.41
13.800264869000001,0.01,0.5,0.79,0.42
13.802378318,0.0,0.5,0.75,0.41
13.803086815,0.0,0.5,0.75,0.42
13.804235191,0.01,0.5,0.75,0.42
13.805235316000001,0.01,0.49,0.75,0.42
13.806345865,0.01,0.5,0.75,0.42
13.80707868,0.0,0.5,0.75,0.43
13.808361342000001,0.01,0.5,0.75,0.43
13.809077778,0.01,0.49,0.75,0.42
13.810325324,0.01,0.5,0.74,0.42
13.811074335,0.0,0.5,0.74,0.42
13.812277299000002,0.0,0.5,0.73,0.42
13.813125407000001,0.02,0.5,0.74,0.42
13.814284376000002,0.01,0.5,0.73,0.42
13.816362824,0.01,0.5,0.73,0.42
13.817079687000001,0.01,0.49,0.72,0.42
13.818347624000001,0.01,0.49,0.72,0.42
13.819082104000001,0.0,0.5,0.72,0.42
13.820361764000001,0.01,0.49,0.72,0.42
13.821078996,0.0,0.5,0.71,0.43
13.822308901000001,0.0,0.5,0.72,0.43
13.823079085000002,0.01,0.5,0.69,0.42
13.824279045,0.0,0.51,0.68,0.42
13.825125841,0.02,0.5,0.68,0.41
13.826375556,0.01,0.49,0.69,0.42
13.827080547000001,0.01,0.51,0.68,0.42
13.828265276000002,0.01,0.5,0.67,0.43
13.829126678000002,0.01,0.48,0.68,0.42
13.830416758,0.01,0.51,0.67,0.42
13.832344431000001,0.01,0.5,0.66,0.42
13.833100573000001,0.01,0.5,0.67,0.42
13.834337691,0.01,0.5,0.67,0.42
13.835081359,0.01,0.5,0.67,0.42
13.836260401,0.01,0.49,0.66,0.42
13.837082346,0.0,0.5,0.65,0.43
13.838353974,0.01,0.49,0.65,0.42
13.839080582000001,0.01,0.49,0.65,0.42
13.840345172000001,0.0,0.5,0.64,0.42
13.841085198,0.01,0.5,0.65,0.43
13.842286600000001,0.0,0.5,0.65,0.43
13.843096802000002,0.02,0.5,0.65,0.41
13.844266970000001,0.01,0.5,0.65,0.43
13.846423823,0.0,0.5,0.64,0.42
13.847084561,0.0,0.5,0.64,0.41
13.848343467000001,0.02,0.5,0.63,0.41
13.849085589000001,0.02,0.51,0.63,0.43
13.850341525000001,0.03,0.5,0.64,0.42
13.851081209,0.01,0.5,0.62,0.41
13.852341237000001,0.0,0.5,0.62,0.43
13.853082353000001,0.0,0.5,0.63,0.42
13.854304794,0.01,0.5,0.62,0.42
13.855122573000001,0.01,0.49,0.62,0.42
13.856247659000001,0.01,0.5,0.62,0.42
13.857161845,0.01,0.5,0.62,0.42
13.858275788,0.01,0.5,0.62,0.43
13.859076002,0.01,0.5,0.61,0.41
13.860378721,0.0,0.49,0.61,0.43
13.862366049,0.01,0.5,0.6,0.43
13.863078825,0.0,0.5,0.61,0.42
13.864286729000002,0.01,0.5,0.58,0.42
13.865149239,0.01,0.5,0.58,0.43
13.866349873,0.01,0.5,0.59,0.41
13.86708005,0.02,0.51,0.58,0.43
13.868350982,0.02,0.49,0.57,0.42
13.869077664,0.02,0.5,0.57,0.42
13.870410638000001,0.01,0.51,0.55,0.42
13.871085038,0.01,0.49,0.57,0.42
13.87224999,0.01,0.5,0.55,0.42
13.87312456,0.01,0.49,0.55,0.41
13.874282597,0.01,0.5,0.55,0.42
13.876367944,0.01,0.5,0.54,0.42
13.877082779,0.0,0.5,0.54,0.42
13.878256793,0.01,0.5,0.54,0.42
13.879083647000002,0.01,0.5,0.53,0.43
13.880316334000002,0.01,0.5,0.53,0.42
13.881079647000002,0.0,0.5,0.53,0.42
13.882290525,0.0,0.5,0.53,0.41
13.88307874,0.01,0.49,0.52,0.42
13.884344824000001,0.01,0.5,0.51,0.41
13.885082954000001,0.0,0.5,0.5,0.42
13.886327717,0.01,0.49,0.5,0.42
13.887111666000001,0.01,0.49,0.51,0.43
13.888306054000001,0.02,0.5,0.51,0.43
13.889104887,0.02,0.51,0.5,0.42
13.890369375,0.01,0.5,0.5,0.42
13.892364634000002,0.0,0.5,0.48,0.42
13.893114569000002,0.0,0.49,0.48,0.41
13.894278084000002,0.0,0.5,0.47,0.42
13.895180130000002,0.02,0.5,0.46,0.42
13.896353136,0.01,0.5,0.41,0.41
13.897078725,0.0,0.49,0.39,0.41
13.898357964,0.0,0.5,0.38,0.42
13.899072843,0.0,0.5,0.38,0.41
13.90034473,0.0,0.5,0.34,0.42
13.901103232,0.0,0.5,0.34,0.42
13.902319501000001,0.0,0.51,0.35,0.42
13.903146676,0.01,0.5,0.34,0.42
13.904265830000002,0.01,0.5,0.35,0.41
13.905188321,0.0,0.5,0.31,0.41
13.906355128000001,0.01,0.5,0.37,0.43
13.908363861000002,0.01,0.49,0.37,0.42
13.909102591000002,0.01,0.49,0.31,0.42
13.910327498000001,0.01,0.5,0.14,0.42
13.911080588,0.0,0.5,0.07,0.41
13.912395351,0.0,0.49,0.06,0.42
13.913074953,0.01,0.5,0.05,0.42
13.914221154000002,0.01,0.51,0.04,0.41
13.915074577,0.02,0.5,0.04,0.42
13.916255918000001,0.01,0.5,0.04,0.42
13.917155659,0.0,0.5,0.04,0.42
13.918262352000001,0.01,0.49,0.01,0.42
13.919129794000002,0.01,0.49,0.02,0.41
13.920306041000002,0.01,0.5,0.03,0.41
13.922293597000001,0.01,0.5,0.02,0.42
13.923080617,0.01,0.51,0.03,0.42
13.924345788,0.0,0.5,0.02,0.42
13.925083704,0.0,0.5,0.03,0.42
13.926277994000001,0.0,0.5,0.03,0.42
13.927111214000002,0.02,0.5,0.03,0.41
13.928338250000001,0.03,0.49,0.03,0.43
13.929122357,0.01,0.5,0.02,0.42
13.930341601,0.01,0.5,0.03,0.42
13.931109885000001,0.01,0.5,0.04,0.42
13.932270604000001,0.01,0.49,0.03,0.42
13.933139433000001,0.01,0.49,0.03,0.41
13.934325336,0.0,0.49,0.05,0.42
13.93510541,0.0,0.51,0.02,0.43
13.936276341000001,0.0,0.5,0.01,0.42
13.938336969000002,0.0,0.49,0.0,0.41
13.939108435000001,0.01,0.5,0.01,0.41
13.940353906,0.01,0.5,0.01,0.41
13.941079242,0.01,0.5,0.01,0.42
13.942231884000002,0.0,0.51,0.0,0.42
13.943212054000002,0.0,0.49,0.0,0.41
13.944353069000002,0.0,0.5,0.01,0.42
13.945076365,0.01,0.51,0.01,0.42
13.946286087,0.0,0.5,0.01,0.42
13.947155138000001,0.02,0.5,0.01,0.42
13.948274163,0.02,0.51,0.02,0.41
13.949070653000001,0.02,0.5,0.01,0.41
13.951245667,0.01,0.5,0.0,0.42
13.952345644000001,0.0,0.51,0.0,0.42
13.95308132,0.0,0.5,0.01,0.43
13.954155561,0.01,0.51,0.0,0.41
13.955094540000001,0.01,0.49,0.01,0.42
13.956421115000001,0.01,0.49,0.01,0.41
13.95707593,0.01,0.49,0.01,0.42
13.958359856000001,0.01,0.51,0.01,0.41
13.959077102,0.01,0.5,0.01,0.42
13.960345194,0.0,0.5,0.0,0.42
13.961136553000001,0.01,0.5,0.01,0.41
13.962277631000001,0.02,0.5,0.0,0.42
13.963106208000001,0.01,0.5,0.01,0.42
13.964263369000001,0.01,0.5,0.01,0.41
13.965116976000001,0.01,0.5,0.01,0.42
13.966403925000002,0.0,0.5,0.01,0.42
13.968346077000001,0.01,0.5,0.01,0.42
13.969086134000001,0.02,0.49,0.02,0.42
13.970342791,0.01,0.51,0.0,0.42
13.971085296,0.01,0.5,0.01,0.42
13.972341403000001,0.01,0.5,0.01,0.42
13.973078879000001,0.0,0.5,0.0,0.42
13.974254563,0.01,0.5,0.01,0.42
13.975082177,0.01,0.49,0.01,0.41
13.976250568000001,0.01,0.51,0.01,0.41
13.977080632000002,0.01,0.5,0.01,0.42
13.978259064000001,0.01,0.5,0.01,0.42
13.979076971000001,0.01,0.5,0.01,0.42
13.980273669,0.01,0.5,0.01,0.42
13.981129975,0.0,0.5,0.0,0.42
13.982280149000001,0.0,0.5,0.0,0.42
13.984348462000002,0.01,0.5,0.01,0.42
13.985109676,0.0,0.5,0.0,0.42
13.986359381000002,0.01,0.5,0.0,0.41
13.987088106000002,0.01,0.5,0.01,0.41
13.988357491,0.01,0.5,0.01,0.42
13.989082296000001,0.01,0.49,0.01,0.43
13.990335408000002,0.01,0.49,0.01,0.42
13.991085519,0.0,0.5,0.0,0.42
13.992277942000001,0.0,0.5,0.0,0.42
13.993158247,0.01,0.49,0.01,0.42
13.994280442,0.0,0.5,0.01,0.42
13.995074135000001,0.01,0.49,0.02,0.41
13.996327742,0.0,0.5,0.0,0.42
13.998368439,0.01,0.49,0.01,0.42
13.999080293,0.01,0.5,0.0,0.41
14.000288986000001,0.0,0.49,0.0,0.42
14.001077883,0.0,0.5,0.0,0.43
14.002359577,0.01,0.5,0.0,0.42
14.003112117,0.01,0.51,0.01,0.41
14.004340957,0.01,0.5,0.01,0.42
14.005116126,0.01,0.5,0.0,0.41
14.006329135000001,0.0,0.5,0.01,0.41
14.007115761000001,0.01,0.5,0.01,0.42
14.008275148000001,0.02,0.49,0.01,0.42
14.009074233000002,0.01,0.49,0.01,0.41
14.010300225000002,0.0,0.51,0.01,0.42
14.012237908000001,0.0,0.5,0.0,0.42
14.013135585,0.0,0.5,0.0,0.42
14.014243283,0.01,0.5,0.01,0.41
14.015227485,0.01,0.5,0.01,0.42
14.016344360000002,0.0,0.5,0.01,0.42
14.017115802000001,0.01,0.49,0.01,0.42
14.018378073000001,0.01,0.5,0.0,0.41
14.019083530000001,0.01,0.5,0.01,0.42
14.020342011,0.01,0.49,0.0,0.42
14.021078852,0.01,0.49,0.0,0.43
14.022276642000001,0.01,0.49,0.01,0.42
14.023104034000001,0.01,0.5,0.01,0.41
14.024265384000001,0.0,0.49,0.01,0.42
14.025077422,0.01,0.5,0.0,0.42
14.026328165,0.0,0.51,0.01,0.42
14.028370655000002,0.01,0.51,0.02,0.42
14.029080789,0.03,0.5,0.01,0.43
14.030254462,0.01,0.5,0.01,0.43
14.031115194000002,0.0,0.5,0.01,0.41
14.032351581,0.01,0.5,0.01,0.42
14.0330825,0.01,0.5,0.0,0.41
14.034381323000002,0.01,0.5,0.01,0.42
14.035078643,0.02,0.48,0.01,0.42
14.036372743000001,0.01,0.51,0.0,0.43
14.037073670000002,0.0,0.49,0.01,0.42
14.038311853000002,0.01,0.5,0.0,0.42
14.039154849,0.01,0.49,0.01,0.42
14.040331596000001,0.0,0.5,0.0,0.43
14.042234487,0.0,0.5,0.0,0.42
14.043162435000001,0.01,0.5,0.0,0.42
14.044351140000002,0.01,0.5,0.01,0.41
14.045107194000002,0.0,0.5,0.0,0.42
14.046261911,0.01,0.5,0.0,0.41
14.047082714,0.01,0.5,0.01,0.42
14.048358397000001,0.01,0.5,0.02,0.42
14.049100586000002,0.01,0.49,0.02,0.43
14.050359366,0.01,0.5,0.01,0.42
14.051098214000001,0.0,0.5,0.0,0.42
14.05221633,0.0,0.49,0.0,0.43
14.053158286,0.01,0.5,0.01,0.41
14.054265067000001,0.01,0.5,0.01,0.41
14.05507464,0.01,0.5,0.01,0.42
14.056395278,0.0,0.49,0.0,0.41
14.058356898000001,0.01,0.49,0.0,0.42
14.059077015000002,0.01,0.49,0.01,0.41
14.060287630000001,0.01,0.49,0.01,0.42
14.061121210000001,0.0,0.49,0.0,0.42
14.062369112,0.01,0.5,0.01,0.42
14.063082811000001,0.01,0.5,0.0,0.42
14.064323601000002,0.01,0.5,0.01,0.42
14.065122328000001,0.01,0.5,0.01,0.42
14.066259813,0.0,0.51,0.01,0.41
14.067124615,0.01,0.5,0.01,0.42
14.068289588,0.01,0.49,0.01,0.42
14.069115661000001,0.01,0.49,0.01,0.42
14.070266948,0.01,0.49,0.01,0.42
14.071123811000001,0.01,0.49,0.0,0.42
14.072357917000001,0.0,0.49,0.0,0.42
14.074361566,0.01,0.49,0.01,0.42
14.075079534,0.02,0.5,0.01,0.42
14.076494832000002,0.01,0.5,0.0,0.43
14.077074214000001,0.0,0.5,0.01,0.41
14.078344931,0.01,0.5,0.0,0.42
14.079083069000001,0.01,0.51,0.0,0.42
14.080093490000001,0.0,0.49,0.0,0.4
14.081339423000001,0.01,0.5,0.0,0.42
14.082131854,0.01,0.49,0.0,0.42
14.083300208,0.01,0.5,0.01,0.42
14.084073992,0.01,0.5,0.01,0.42
14.085256987000001,0.01,0.51,0.01,0.42
14.087360324,0.0,0.51,0.0,0.43
14.088076568000002,0.02,0.5,0.02,0.42
14.089397536000002,0.02,0.5,0.02,0.42
14.090078064,0.02,0.5,0.02,0.41
14.091343377000001,0.0,0.5,0.0,0.42
14.092079093,0.01,0.5,0.0,0.42
14.093366251,0.01,0.5,0.0,0.41
14.094075585,0.02,0.49,0.01,0.4
14.095347839,0.01,0.5,0.01,0.42
14.096100512000001,0.01,0.5,0.0,0.41
14.097259972000002,0.01,0.49,0.01,0.42
14.098161849,0.01,0.49,0.01,0.41
14.099283652,0.01,0.5,0.01,0.41
14.100156992,0.0,0.5,0.01,0.41
14.101369004,0.01,0.5,0.0,0.42
14.103348637000002,0.0,0.5,0.01,0.43
14.104082223,0.01,0.51,0.01,0.42
14.105286146000001,0.02,0.5,0.0,0.42
14.106146936,0.01,0.5,0.01,0.41
14.107349376,0.01,0.51,0.01,0.43
14.108113847,0.01,0.51,0.01,0.42
14.109284290000002,0.01,0.5,0.01,0.41
14.110143086,0.01,0.51,0.01,0.41
14.111518125000002,0.01,0.49,0.01,0.42
14.112074641000001,0.0,0.5,0.0,0.42
14.113273181,0.0,0.5,0.01,0.43
14.114156580000001,0.01,0.49,0.01,0.42
14.115274613,0.0,0.49,0.01,0.42
14.116159887,0.01,0.5,0.0,0.42
14.117333747000002,0.0,0.49,0.02,0.41
14.119264282000001,0.01,0.49,0.01,0.42
14.120078756000002,0.01,0.5,0.0,0.42
14.121353941,0.0,0.5,0.01,0.42
14.122099737000001,0.01,0.49,0.0,0.42
14.123357623,0.0,0.5,0.0,0.42
14.124104601,0.01,0.5,0.01,0.43
14.125335096,0.01,0.51,0.0,0.42
14.126074968000001,0.0,0.5,0.0,0.42
14.127298794000001,0.02,0.5,0.01,0.42
14.128075756000001,0.02,0.5,0.01,0.42
14.129271526,0.02,0.5,0.02,0.42
14.130074801000001,0.01,0.5,0.01,0.42
14.13136291,0.0,0.49,0.01,0.43
14.133337006000001,0.01,0.49,0.0,0.42
14.13409124,0.01,0.5,0.01,0.41
14.135262573,0.01,0.5,0.01,0.41
14.136085023000001,0.01,0.5,0.01,0.41
14.137262040000001,0.0,0.49,0.0,0.41
14.138088681000001,0.01,0.5,0.01,0.42
14.139340602,0.01,0.5,0.01,0.42
14.14008897,0.01,0.49,0.01,0.42
14.141347392,0.01,0.5,0.01,0.42
14.142090611,0.0,0.5,0.0,0.42
14.14325065,0.01,0.49,0.01,0.41
14.144130316,0.01,0.51,0.01,0.43
14.145293443000002,0.0,0.5,0.01,0.43
14.146164520000001,0.0,0.51,0.01,0.41
14.148342786,0.01,0.5,0.01,0.42
14.149126452,0.02,0.5,0.01,0.42
14.150341488,0.01,0.51,0.01,0.42
14.151082944,0.01,0.49,0.0,0.42
14.152424733,0.01,0.51,0.01,0.42
14.153075878000001,0.0,0.5,0.01,0.41
14.154344314000001,0.0,0.51,0.01,0.42
14.155083371000002,0.01,0.49,0.01,0.41
14.156343363000001,0.01,0.5,0.01,0.42
14.157080916000002,0.0,0.5,0.0,0.42
14.158286498,0.0,0.5,0.0,0.42
14.159078801000001,0.0,0.51,0.0,0.42
14.160272373000002,0.0,0.5,0.0,0.41
14.161172854,0.01,0.5,0.01,0.42
14.162389684,0.01,0.5,0.01,0.42
14.16434648,0.01,0.49,0.01,0.41
14.165091009000001,0.01,0.5,0.01,0.41
14.166336984,0.01,0.49,0.0,0.42
14.167106923,0.0,0.5,0.0,0.42
14.168340428,0.01,0.5,0.01,0.42
14.169078748,0.01,0.5,0.02,0.42
14.170315960000002,0.01,0.5,0.01,0.43
14.171079629000001,0.0,0.5,0.01,0.41
14.172326356000001,0.0,0.5,0.0,0.43
14.173153799000001,0.02,0.49,0.01,0.42
14.174293206000002,0.02,0.5,0.01,0.42
14.175070579000002,0.01,0.5,0.01,0.42
14.176334554,0.0,0.5,0.0,0.42
14.178369887,0.01,0.49,0.01,0.41
14.179081212000002,0.0,0.49,0.0,0.41
14.18035476,0.0,0.49,0.0,0.42
14.181117128,0.01,0.49,0.0,0.41
14.182354393,0.0,0.5,0.0,0.42
14.183124723,0.01,0.5,0.0,0.42
14.184350387,0.0,0.5,0.01,0.42
14.185139352,0.01,0.5,0.01,0.41
14.186353302,0.01,0.5,0.01,0.42
14.187101091,0.01,0.5,0.01,0.41
14.188310236000001,0.01,0.5,0.01,0.41
14.189147325,0.01,0.5,0.01,0.41
14.19026372,0.01,0.49,0.0,0.42
14.191124923,0.01,0.49,0.01,0.42
14.192396830000002,0.01,0.5,0.01,0.42
14.194350621000002,0.01,0.51,0.01,0.42
14.195079210000001,0.01,0.5,0.01,0.41
14.196272292000002,0.01,0.5,0.01,0.42
14.197141882,0.01,0.5,0.0,0.41
14.198135214,0.01,0.5,0.01,0.41
14.199348695000001,0.01,0.5,0.01,0.42
14.200102900000001,0.0,0.5,0.0,0.42
14.201354372,0.01,0.5,0.0,0.43
14.202085174,0.01,0.49,0.0,0.42
14.203259315,0.0,0.5,0.01,0.41
14.204115187000001,0.0,0.49,0.01,0.41
14.205123579,0.01,0.49,0.0,0.43
14.206313611,0.0,0.5,0.01,0.42
14.207117226000001,0.02,0.5,0.02,0.42
14.20934652,0.02,0.51,0.01,0.43
14.210081365,0.02,0.5,0.01,0.42
14.211268931000001,0.02,0.49,0.01,0.42
14.212169597,0.01,0.5,0.0,0.42
14.213363231,0.0,0.5,0.0,0.42
14.214121351000001,0.01,0.5,0.02,0.42
14.215349477,0.01,0.5,0.01,0.41
14.216081103,0.0,0.5,0.0,0.42
14.217328467000002,0.01,0.5,0.01,0.42
14.218073936000001,0.01,0.49,0.01,0.42
14.21926737,0.01,0.49,0.01,0.41
14.220073316,0.01,0.5,0.0,0.41
14.221433074,0.0,0.5,0.0,0.42
14.222073244,0.0,0.5,0.0,0.42
14.224351442000001,0.01,0.49,0.0,0.42
14.225082922,0.0,0.5,0.01,0.42
14.226333792,0.0,0.49,0.01,0.41
14.227114259,0.01,0.5,0.01,0.43
14.228365311000001,0.01,0.5,0.01,0.42
14.229079389,0.02,0.5,0.01,0.42
14.230159063,0.01,0.5,0.01,0.41
14.231260070000001,0.01,0.5,0.0,0.42
14.232082838,0.01,0.5,0.01,0.41
14.233282055,0.0,0.49,0.01,0.42
14.234076778,0.01,0.5,0.01,0.42
14.235325415,0.01,0.5,0.01,0.42
14.236075197000002,0.0,0.5,0.0,0.42
14.237447009,0.0,0.49,0.01,0.42
14.239354851000002,0.01,0.5,0.01,0.42
14.240079226,0.01,0.49,0.01,0.42
14.241280510000001,0.0,0.5,0.01,0.43
14.242075526,0.0,0.5,0.0,0.41
14.243392335000001,0.0,0.5,0.0,0.42
14.244078381000001,0.0,0.5,0.02,0.42
14.245225523,0.01,0.5,0.0,0.41
14.246077158,0.01,0.5,0.01,0.42
14.247358289000001,0.01,0.49,0.01,0.42
14.248077483000001,0.02,0.49,0.0,0.42
14.249261372000001,0.01,0.49,0.02,0.42
14.250073812,0.0,0.5,0.01,0.43
14.251300852000002,0.01,0.5,0.0,0.42
14.253284018,0.0,0.5,0.0,0.42
14.254082125,0.0,0.5,0.01,0.41
14.255269228000001,0.02,0.5,0.01,0.42
14.256078721000002,0.02,0.5,0.01,0.43
14.257268426000001,0.01,0.5,0.0,0.41
14.258126487,0.01,0.49,0.01,0.41
14.259242926,0.0,0.5,0.0,0.42
14.260165121000002,0.01,0.5,0.01,0.43
14.261264249000002,0.0,0.49,0.0,0.42
14.26220009,0.01,0.5,0.01,0.42
14.263255093000001,0.01,0.5,0.01,0.42
14.264081725,0.01,0.5,0.0,0.42
14.265225840000001,0.01,0.51,0.0,0.42
14.266077507,0.01,0.5,0.0,0.42
14.267306232000001,0.01,0.5,0.01,0.4
14.269164582,0.01,0.5,0.01,0.41
14.270158522000001,0.02,0.5,0.0,0.42
14.271245552000002,0.0,0.5,0.01,0.41
14.272181454,0.01,0.5,0.0,0.4
14.273347494000001,0.0,0.5,0.0,0.42
14.274079476,0.01,0.5,0.01,0.41
14.275234879000001,0.01,0.5,0.01,0.42
14.276185723000001,0.01,0.49,0.01,0.42
14.277284101000001,0.01,0.49,0.02,0.42
14.278175469,0.01,0.5,0.04,0.42
14.279156526000001,0.01,0.5,0.05,0.42
14.280145972000001,0.0,0.5,0.06,0.42
14.281274623000002,0.01,0.5,0.07,0.43
14.282166434,0.01,0.5,0.03,0.42
14.283333668000001,0.0,0.5,0.01,0.42
14.285363437,0.01,0.51,0.0,0.42
14.286082573000002,0.01,0.49,0.01,0.42
14.287345440000001,0.02,0.5,0.02,0.43
14.288082571,0.02,0.51,0.02,0.42
14.28927638,0.02,0.5,0.02,0.42
14.290081,0.02,0.5,0.02,0.42
14.291345951,0.0,0.5,0.01,0.41
14.292106792,0.01,0.5,0.01,0.41
14.293427379,0.0,0.5,0.01,0.42
14.294079815000002,0.01,0.48,0.01,0.42
14.295270865,0.01,0.5,0.01,0.42
14.296079115000001,0.0,0.5,0.0,0.41
14.297323655000001,0.01,0.49,0.0,0.42
14.299349426000001,0.01,0.49,0.01,0.42
14.300087864000002,0.01,0.5,0.01,0.42
14.301343625000001,0.0,0.5,0.0,0.41
14.302085213000002,0.0,0.49,0.01,0.42
14.303346164,0.01,0.49,0.02,0.42
14.304078483000001,0.01,0.5,0.01,0.42
14.305343570000002,0.01,0.5,0.01,0.42
14.306105041,0.0,0.5,0.01,0.42
14.307359294000001,0.01,0.5,0.01,0.41
14.308075144,0.01,0.5,0.02,0.43
14.3092316,0.01,0.5,0.02,0.42
14.310154751,0.0,0.5,0.01,0.41
14.311281536000001,0.01,0.5,0.0,0.43
14.312113076000001,0.0,0.51,0.0,0.41
14.313271773,0.0,0.51,0.02,0.43
14.315368436000002,0.02,0.5,0.03,0.42
14.316097423,0.01,0.5,0.05,0.42
14.317372928000001,0.0,0.49,0.04,0.42
14.318075719000001,0.01,0.49,0.03,0.42
14.319316712000001,0.0,0.49,0.04,0.42
14.320116907000001,0.0,0.49,0.09,0.42
14.321244757,0.0,0.5,0.13,0.42
14.322216994000001,0.0,0.5,0.16,0.42
14.323443113000002,0.0,0.5,0.19,0.41
14.324081115,0.01,0.51,0.23,0.41
14.325282877000001,0.01,0.5,0.29,0.42
14.326073249,0.01,0.5,0.3,0.42
14.327366213000001,0.01,0.5,0.3,0.41
14.329485633,0.02,0.5,0.31,0.41
14.330073675000001,0.02,0.49,0.32,0.41
14.33135193,0.01,0.49,0.32,0.42
14.332118578000001,0.0,0.5,0.45,0.41
14.333352087000002,0.0,0.5,0.46,0.42
14.334078876000001,0.01,0.5,0.46,0.42
14.335275409000001,0.01,0.5,0.46,0.42
14.336129431000002,0.01,0.49,0.45,0.42
14.337389994,0.01,0.5,0.46,0.41
14.338075660000001,0.01,0.49,0.46,0.42
14.339271097000001,0.01,0.5,0.46,0.42
14.340096373000002,0.0,0.5,0.46,0.41
14.341262071000001,0.0,0.5,0.47,0.42
14.342069121000002,0.01,0.5,0.46,0.43
14.343311562,0.01,0.5,0.47,0.41
14.345370653000002,0.01,0.5,0.46,0.42
14.346078354000001,0.0,0.5,0.48,0.43
14.347252134000001,0.01,0.5,0.48,0.42
14.348082539000002,0.01,0.49,0.48,0.43
14.349280362,0.01,0.5,0.48,0.41
14.350079091000001,0.01,0.51,0.48,0.42
14.351344260000001,0.01,0.5,0.47,0.42
14.352128274,0.0,0.51,0.48,0.42
14.353253469,0.01,0.5,0.49,0.42
14.35413235,0.0,0.51,0.49,0.42
14.355139066000001,0.0,0.5,0.5,0.41
14.356247654,0.01,0.5,0.5,0.41
14.357158314000001,0.0,0.51,0.51,0.41
14.358229296000001,0.01,0.49,0.51,0.42
14.359339099000001,0.01,0.5,0.5,0.41
14.361299874,0.0,0.51,0.52,0.42
14.362105476000002,0.01,0.5,0.52,0.43
14.363404063,0.0,0.49,0.52,0.42
14.364077877000001,0.01,0.5,0.52,0.42
14.36527521,0.0,0.5,0.52,0.42
14.366076164,0.0,0.5,0.52,0.42
14.367358607000002,0.0,0.5,0.54,0.42
14.368080534,0.01,0.51,0.54,0.43
14.369270184000001,0.02,0.5,0.54,0.42
14.370074748,0.0,0.5,0.54,0.42
14.371241934,0.01,0.49,0.53,0.42
14.372073948,0.01,0.5,0.54,0.42
14.373380609000002,0.01,0.49,0.53,0.41
14.375354794000001,0.02,0.49,0.53,0.41
14.376103243000001,0.01,0.5,0.53,0.41
14.377317618000001,0.0,0.5,0.54,0.42
14.378138916000001,0.0,0.5,0.53,0.42
14.379355039000002,0.0,0.49,0.53,0.42
14.380076823000001,0.01,0.5,0.54,0.4
14.381282121000002,0.0,0.5,0.54,0.43
14.382155483,0.0,0.5,0.54,0.42
14.383399405,0.0,0.5,0.53,0.42
14.384075182,0.02,0.5,0.55,0.42
14.385271532,0.0,0.5,0.54,0.41
14.386139441000001,0.02,0.5,0.54,0.42
14.387239935,0.0,0.5,0.53,0.42
14.388157311,0.01,0.5,0.55,0.42
14.389372601000002,0.01,0.5,0.54,0.42
14.391357295,0.0,0.5,0.53,0.42
14.392076461,0.0,0.49,0.55,0.42
14.393356178000001,0.0,0.5,0.54,0.42
14.394071397000001,0.02,0.5,0.54,0.41
14.395361053,0.01,0.51,0.54,0.42
14.396074006000001,0.01,0.5,0.53,0.42
14.397310927000001,0.0,0.5,0.53,0.42
14.398126896,0.01,0.49,0.54,0.41
14.399284951,0.01,0.5,0.54,0.42
14.400156492,0.0,0.49,0.54,0.42
14.401223595000001,0.0,0.5,0.54,0.42
14.402365265,0.0,0.5,0.55,0.42
14.403122450000001,0.01,0.49,0.56,0.42
14.404294778,0.01,0.5,0.56,0.42
14.406366211000002,0.0,0.5,0.57,0.41
14.407105021000001,0.01,0.49,0.58,0.41
14.408356064000001,0.02,0.49,0.57,0.41
14.409071713000001,0.01,0.49,0.57,0.42
14.410250583000002,0.01,0.49,0.57,0.41
14.411117357,0.0,0.51,0.56,0.42
14.412363721,0.0,0.5,0.57,0.42
14.413072864,0.01,0.5,0.58,0.42
14.414123897000001,0.01,0.51,0.59,0.42
14.415292213,0.01,0.5,0.58,0.43
14.416165954,0.01,0.5,0.58,0.42
14.417282525000001,0.01,0.49,0.58,0.42
14.41912233,0.01,0.5,0.58,0.41
14.420340735000002,0.01,0.51,0.58,0.42
14.42111966,0.0,0.5,0.62,0.42
14.422361596000002,0.0,0.49,0.63,0.42
14.423074632,0.0,0.49,0.64,0.42
14.424358767000001,0.0,0.5,0.64,0.42
14.425076093000001,0.01,0.5,0.64,0.42
14.426346850000002,0.0,0.5,0.63,0.43
14.42707672,0.01,0.51,0.65,0.42
14.428386467000001,0.01,0.5,0.64,0.42
14.429076794,0.02,0.5,0.63,0.42
14.430250056,0.0,0.5,0.64,0.42
14.431072283,0.01,0.49,0.64,0.42
14.432421410000002,0.01,0.5,0.65,0.42
14.433074427000001,0.01,0.5,0.66,0.41
14.434366084,0.01,0.49,0.64,0.43
14.436381570000002,0.01,0.48,0.64,0.42
14.437083637,0.0,0.5,0.65,0.43
14.438237387000001,0.01,0.5,0.65,0.42
14.439107947,0.01,0.5,0.65,0.42
14.440359463,0.0,0.49,0.65,0.43
14.441080781,0.0,0.5,0.63,0.43
14.442322523000001,0.01,0.5,0.65,0.42
14.443079786,0.0,0.5,0.65,0.43
14.444295424000002,0.01,0.5,0.65,0.42
14.445076689,0.01,0.5,0.65,0.42
14.44625446,0.01,0.49,0.66,0.43
14.447079766000002,0.02,0.5,0.66,0.43
14.448472561,0.02,0.51,0.66,0.44
14.450367639000001,0.02,0.5,0.66,0.43
14.451111662,0.01,0.5,0.65,0.42
14.452392376,0.01,0.5,0.65,0.43
14.453080852000001,0.0,0.5,0.65,0.42
14.454357055000001,0.01,0.5,0.65,0.44
14.455109078000001,0.02,0.49,0.66,0.42
14.456346563,0.0,0.5,0.66,0.42
14.457074901,0.0,0.51,0.65,0.42
14.458358650000001,0.01,0.5,0.66,0.43
14.45907704,0.01,0.5,0.66,0.42
14.460268716000002,0.0,0.5,0.65,0.42
14.461071543000001,0.0,0.49,0.65,0.43
14.462406494000001,0.01,0.5,0.66,0.43
14.463074841000001,0.01,0.5,0.65,0.42
14.464371676,0.0,0.49,0.66,0.43
14.466350324,0.0,0.5,0.67,0.42
14.467080513,0.01,0.51,0.66,0.43
14.468268255000002,0.01,0.49,0.66,0.43
14.469073773000002,0.01,0.49,0.66,0.43
14.470353638,0.01,0.5,0.65,0.42
14.471103562000001,0.0,0.5,0.66,0.43
14.472227051,0.0,0.5,0.67,0.43
14.473108751000002,0.01,0.49,0.68,0.43
14.474240221,0.01,0.5,0.68,0.43
14.475148885000001,0.01,0.5,0.68,0.43
14.476234662000001,0.0,0.5,0.68,0.42
14.477197599,0.0,0.5,0.69,0.43
14.478352147,0.02,0.49,0.69,0.42
14.480392858,0.0,0.5,0.7,0.43
14.481079656,0.0,0.5,0.69,0.43
14.482349035,0.0,0.5,0.7,0.42
14.483079966,0.0,0.5,0.7,0.43
14.484361597000001,0.01,0.5,0.7,0.43
14.485079413000001,0.01,0.5,0.7,0.42
14.486349284000001,0.0,0.5,0.71,0.41
14.487083217,0.01,0.5,0.7,0.42
14.488353043,0.02,0.5,0.7,0.42
14.489079343,0.02,0.49,0.7,0.42
14.490289831,0.0,0.5,0.7,0.42
14.491164969000002,0.0,0.5,0.71,0.42
14.492271718000001,0.01,0.5,0.71,0.43
14.493074853000001,0.01,0.51,0.71,0.43
14.494351866,0.02,0.5,0.7,0.42
14.496374637,0.01,0.5,0.69,0.43
14.497081263,0.0,0.5,0.7,0.42
14.498338671,0.01,0.5,0.7,0.41
14.499116426,0.01,0.5,0.7,0.42
14.500338714000002,0.0,0.5,0.74,0.42
14.501082489000002,0.0,0.5,0.74,0.42
14.502339044000001,0.0,0.5,0.74,0.43
14.503081818,0.0,0.5,0.75,0.42
14.504273450000001,0.01,0.5,0.75,0.43
14.505116336,0.01,0.51,0.75,0.43
14.506225166,0.0,0.51,0.74,0.43
14.507120889000001,0.02,0.49,0.74,0.42
14.508226781000001,0.02,0.5,0.74,0.44
14.510353643,0.02,0.5,0.74,0.42
14.511116882000001,0.01,0.5,0.74,0.43
14.512354187000001,0.01,0.5,0.74,0.42
14.513107774000002,0.01,0.5,0.74,0.43
14.514343097000001,0.01,0.5,0.74,0.44
14.515077915,0.01,0.5,0.74,0.43
14.516364324000001,0.01,0.5,0.73,0.43
14.517071876000001,0.0,0.5,0.73,0.42
14.518352836,0.01,0.5,0.73,0.42
14.519102325,0.01,0.5,0.73,0.42
14.520272172,0.0,0.49,0.73,0.43
14.521072916000001,0.01,0.5,0.73,0.43
14.522287882,0.01,0.5,0.73,0.43
14.524320374,0.0,0.5,0.74,0.43
14.525154644,0.0,0.5,0.73,0.43
14.526366346000001,0.01,0.49,0.71,0.42
14.52710023,0.01,0.5,0.7,0.43
14.528371486000001,0.01,0.51,0.69,0.43
14.529071142000001,0.02,0.5,0.69,0.43
14.530362298000002,0.01,0.51,0.69,0.43
14.531104445,0.01,0.49,0.64,0.42
14.532471666000001,0.01,0.49,0.65,0.43
14.53306983,0.0,0.5,0.66,0.42
14.534224599000002,0.01,0.51,0.65,0.41
14.535069879000002,0.02,0.5,0.64,0.42
14.536256778,0.01,0.5,0.65,0.43
14.537134574000001,0.0,0.5,0.65,0.42
14.538122342000001,0.0,0.49,0.65,0.44
14.539350058,0.0,0.49,0.65,0.43
14.541383383000001,0.01,0.5,0.65,0.43
14.542074808,0.0,0.5,0.65,0.43
14.543349393000002,0.0,0.5,0.65,0.42
14.544101247,0.01,0.5,0.65,0.42
14.545366912,0.01,0.5,0.65,0.42
14.546073344000002,0.01,0.5,0.66,0.42
14.547342996000001,0.01,0.5,0.65,0.43
14.548075563000001,0.01,0.5,0.65,0.43
14.549457356000001,0.01,0.49,0.65,0.43
14.550071780000001,0.01,0.5,0.66,0.42
14.551337425000002,0.0,0.5,0.65,0.43
14.552118996,0.01,0.5,0.65,0.42
14.553329878000001,0.01,0.5,0.66,0.42
14.555365045,0.02,0.51,0.65,0.42
14.556078579000001,0.02,0.5,0.67,0.43
14.557335056000001,0.0,0.49,0.66,0.43
14.558106831000002,0.01,0.49,0.65,0.43
14.559348226000001,0.0,0.5,0.66,0.42
14.560081972,0.01,0.5,0.66,0.43
14.561371347000001,0.01,0.5,0.67,0.42
14.562073152000002,0.0,0.5,0.67,0.43
14.563363306000001,0.02,0.5,0.68,0.42
14.564099158000001,0.01,0.5,0.68,0.42
14.565149250000001,0.01,0.5,0.68,0.43
14.566266376000002,0.0,0.49,0.69,0.43
14.567168837,0.02,0.5,0.69,0.42
14.568340113000001,0.02,0.49,0.72,0.41
14.570351315000002,0.01,0.49,0.74,0.42
14.571082634000001,0.01,0.5,0.74,0.42
14.572565025000001,0.01,0.5,0.74,0.42
14.573079347,0.01,0.49,0.73,0.43
14.574337746000001,0.02,0.51,0.74,0.42
14.575108433,0.01,0.5,0.74,0.44
14.576352318000001,0.01,0.51,0.75,0.43
14.577073378000001,0.0,0.49,0.75,0.42
14.578344112000002,0.01,0.49,0.74,0.42
14.579079443000001,0.0,0.5,0.75,0.42
14.580283938,0.0,0.5,0.75,0.42
14.581156841,0.01,0.49,0.74,0.43
14.582267272000001,0.01,0.5,0.75,0.42
14.58315059,0.0,0.5,0.75,0.43
14.58440258,0.0,0.49,0.74,0.42
14.586349701000001,0.0,0.5,0.74,0.42
14.587083150000002,0.01,0.5,0.75,0.43
14.588329658000001,0.02,0.5,0.75,0.43
14.589081916000001,0.02,0.5,0.75,0.42
14.590348706,0.01,0.51,0.75,0.42
14.591125797,0.01,0.5,0.75,0.42
14.592345517,0.0,0.5,0.75,0.43
14.593078349,0.0,0.51,0.75,0.42
14.594443823,0.01,0.5,0.76,0.43
14.595073909000002,0.01,0.49,0.75,0.42
14.596268378000001,0.0,0.5,0.75,0.42
14.597146824000001,0.01,0.5,0.75,0.43
14.598316357000002,0.0,0.5,0.76,0.43
14.600362901,0.01,0.5,0.76,0.42
14.601103267000001,0.0,0.5,0.76,0.41
14.602443854,0.0,0.5,0.75,0.4
14.603086559000001,0.0,0.49,0.76,0.42
14.604345447,0.0,0.5,0.75,0.43
14.60507903,0.01,0.5,0.75,0.42
14.606354327,0.0,0.49,0.75,0.42
14.607078761,0.01,0.5,0.75,0.42
14.608352709,0.01,0.5,0.76,0.44
14.609099746,0.02,0.5,0.75,0.44
14.610303029,0.0,0.5,0.74,0.43
14.611162629,0.0,0.5,0.74,0.42
14.612274468,0.01,0.49,0.74,0.43
14.613128488000001,0.01,0.5,0.73,0.42
14.614397368,0.01,0.5,0.74,0.42
14.616357924,0.01,0.51,0.74,0.42
14.617081872000002,0.01,0.49,0.73,0.42
14.618340267,0.0,0.49,0.73,0.42
14.619085657000001,0.0,0.5,0.73,0.42
14.620345703000002,0.01,0.5,0.74,0.42
14.621077107000001,0.0,0.5,0.75,0.42
14.622339518,0.02,0.49,0.74,0.42
14.623079331000001,0.01,0.51,0.74,0.43
14.624337159000001,0.01,0.5,0.74,0.43
14.625074620000001,0.01,0.49,0.74,0.42
14.626283851,0.0,0.5,0.74,0.42
14.627074391,0.01,0.5,0.74,0.42
14.628336643,0.01,0.5,0.74,0.42
14.630191987000002,0.01,0.49,0.75,0.42
14.631224232000001,0.01,0.5,0.75,0.42
14.632223353,0.01,0.49,0.73,0.42
14.633346233000001,0.0,0.5,0.74,0.42
14.634082979,0.02,0.5,0.74,0.43
14.635353848000001,0.01,0.5,0.74,0.43
14.636084882,0.0,0.5,0.74,0.43
14.637330953000001,0.01,0.49,0.74,0.42
14.638076112,0.01,0.5,0.74,0.42
14.63935127,0.01,0.5,0.74,0.43
14.640081166000002,0.0,0.5,0.74,0.43
14.641268849000001,0.01,0.5,0.74,0.42
14.642079865000001,0.0,0.5,0.74,0.42
14.643311367,0.01,0.5,0.74,0.42
14.645339380000001,0.01,0.5,0.74,0.42
14.646081400000002,0.0,0.5,0.74,0.42
14.647342092,0.01,0.49,0.75,0.43
14.648081272,0.01,0.51,0.75,0.43
14.649352411,0.02,0.51,0.74,0.42
14.650082152000001,0.01,0.5,0.75,0.42
14.651366015,0.0,0.5,0.74,0.43
14.652076723,0.01,0.5,0.75,0.43
14.653359383000002,0.01,0.51,0.74,0.41
14.654072549,0.01,0.51,0.74,0.42
14.655277430000002,0.01,0.49,0.74,0.41
14.656136168000002,0.01,0.5,0.74,0.43
14.657322290000002,0.0,0.5,0.72,0.43
14.658102296000001,0.0,0.48,0.74,0.42
14.659378491000002,0.01,0.49,0.73,0.43
14.661346035000001,0.01,0.5,0.73,0.43
14.662082364000002,0.0,0.5,0.74,0.42
14.663349224000001,0.01,0.5,0.73,0.43
14.664078764000001,0.02,0.5,0.74,0.42
14.665351482,0.0,0.5,0.74,0.41
14.666075785,0.01,0.5,0.74,0.42
14.667351864,0.01,0.5,0.75,0.42
14.668076593,0.01,0.49,0.75,0.42
14.669230065,0.01,0.5,0.75,0.42
14.670069509000001,0.0,0.5,0.75,0.42
14.671269657000002,0.01,0.5,0.75,0.43
14.672099782,0.0,0.5,0.76,0.43
14.673313148,0.02,0.5,0.75,0.42
14.674160678000002,0.02,0.5,0.75,0.43
14.675363834,0.01,0.5,0.76,0.42
14.677454983,0.01,0.49,0.75,0.43
14.678082192000002,0.01,0.49,0.75,0.42
14.679353389000001,0.01,0.5,0.74,0.42
14.680076308,0.0,0.5,0.75,0.43
14.681345256,0.0,0.5,0.75,0.42
14.682079222,0.01,0.5,0.75,0.43
14.683350667000001,0.01,0.5,0.74,0.43
14.684071759,0.0,0.5,0.74,0.42
14.685304724000002,0.01,0.5,0.75,0.43
14.686174796000001,0.0,0.5,0.75,0.43
14.687251778,0.03,0.51,0.75,0.43
14.688161441,0.02,0.51,0.75,0.43
14.690340559000001,0.01,0.5,0.75,0.43
14.691160380000001,0.01,0.49,0.75,0.42
14.692350593,0.01,0.5,0.75,0.42
14.693075628,0.01,0.49,0.75,0.42
14.694128423,0.0,0.5,0.74,0.43
14.695265635,0.02,0.49,0.75,0.43
14.696211490000001,0.01,0.5,0.75,0.43
14.697359027000001,0.0,0.49,0.75,0.42
14.698071279,0.01,0.5,0.75,0.42
14.699352377,0.0,0.5,0.75,0.42
14.700100448,0.0,0.5,0.75,0.42
14.701262402000001,0.0,0.5,0.75,0.42
14.702164415,0.01,0.5,0.76,0.42
14.704373692,0.01,0.5,0.77,0.42
14.705073317,0.01,0.49,0.76,0.42
14.706348674000001,0.0,0.49,0.76,0.42
14.707123569,0.01,0.5,0.77,0.42
14.708365186000002,0.01,0.48,0.77,0.42
14.709110032000002,0.01,0.49,0.77,0.42
14.710348280000002,0.01,0.5,0.76,0.43
14.711077739,0.01,0.51,0.76,0.42
14.712365746000001,0.01,0.5,0.76,0.43
14.713068803,0.01,0.51,0.77,0.42
14.714356894000002,0.01,0.51,0.77,0.42
14.715070851,0.01,0.5,0.77,0.43
14.716273024000001,0.0,0.5,0.77,0.42
14.717153005,0.01,0.5,0.76,0.42
14.718262999,0.01,0.5,0.77,0.42
14.719138800000001,0.01,0.5,0.77,0.4
14.720345626,0.0,0.5,0.77,0.43
14.72246583,0.01,0.5,0.77,0.43
14.723073046000001,0.01,0.5,0.77,0.43
14.724340114,0.01,0.5,0.76,0.43
14.725097478,0.0,0.49,0.77,0.42
14.726346081,0.0,0.5,0.78,0.42
14.727117634,0.02,0.5,0.78,0.43
14.728392148000001,0.01,0.51,0.78,0.42
14.729081631000001,0.01,0.5,0.78,0.43
14.730440077,0.0,0.5,0.77,0.42
14.731079092000002,0.0,0.5,0.78,0.42
14.732279114,0.01,0.5,0.78,0.42
14.733071283000001,0.0,0.51,0.77,0.42
14.734464005000001,0.02,0.51,0.77,0.43
14.73631733,0.01,0.49,0.78,0.43
14.737082308000002,0.0,0.49,0.78,0.42
14.738347576,0.01,0.5,0.77,0.42
14.739082804,0.0,0.49,0.78,0.43
14.740232809,0.01,0.5,0.78,0.42
14.741076485,0.01,0.5,0.79,0.42
14.742331251000001,0.0,0.5,0.78,0.43
14.743076194,0.02,0.5,0.78,0.42
14.744257251,0.01,0.5,0.79,0.42
14.745072966,0.01,0.5,0.78,0.42
14.746228014000001,0.0,0.51,0.78,0.43
14.747109624,0.01,0.5,0.78,0.41
14.748306472000001,0.02,0.5,0.77,0.42
14.749123998000002,0.02,0.49,0.78,0.42
14.750335775000002,0.01,0.5,0.78,0.42
14.752370477000001,0.0,0.49,0.78,0.44
14.753129001000001,0.0,0.49,0.78,0.43
14.754250569000002,0.01,0.5,0.79,0.43
14.755146356000001,0.01,0.49,0.79,0.42
14.756353244000001,0.01,0.5,0.78,0.42
14.757106442000001,0.0,0.51,0.79,0.42
14.758338809000001,0.02,0.5,0.79,0.42
14.759075828,0.0,0.5,0.79,0.43
14.760240733000002,0.0,0.51,0.78,0.43
14.761072742000001,0.0,0.5,0.78,0.42
14.762229477000002,0.01,0.5,0.79,0.42
14.763076442000001,0.02,0.5,0.78,0.43
14.764257805000002,0.01,0.5,0.78,0.42
14.766349346,0.0,0.5,0.78,0.42
14.767082940000002,0.01,0.49,0.78,0.43
14.768397174,0.01,0.5,0.78,0.42
14.769081808000001,0.01,0.49,0.78,0.42
14.770229445000002,0.01,0.49,0.78,0.42
14.771165993,0.01,0.5,0.79,0.43
14.772331909,0.01,0.5,0.79,0.42
14.773122805000002,0.01,0.5,0.79,0.41
14.774336537000002,0.01,0.5,0.78,0.43
14.775076752,0.01,0.5,0.79,0.42
14.776230919000001,0.01,0.5,0.78,0.42
14.777266905000001,0.02,0.49,0.78,0.41
14.778159742000001,0.01,0.5,0.78,0.41
14.779127983,0.01,0.49,0.78,0.42
14.780233232,0.0,0.5,0.78,0.43
14.782263812,0.0,0.5,0.79,0.42
14.783076503,0.01,0.5,0.78,0.42
14.784364378000001,0.0,0.5,0.78,0.42
14.785078748,0.02,0.5,0.78,0.44
14.786363960000001,0.01,0.5,0.78,0.42
14.787074577,0.01,0.5,0.78,0.43
14.788360616,0.02,0.51,0.78,0.43
14.789076339000001,0.02,0.5,0.78,0.43
14.790351800000002,0.01,0.49,0.78,0.43
14.791070766,0.0,0.5,0.79,0.41
14.792261144000001,0.0,0.5,0.78,0.42
14.793074137000001,0.0,0.5,0.77,0.42
14.794296798000001,0.02,0.49,0.78,0.42
14.795192321,0.01,0.5,0.79,0.42
14.796353392,0.0,0.5,0.79,0.41
14.798362559000001,0.01,0.5,0.79,0.43
14.799079918,0.0,0.5,0.78,0.43
14.80034458,0.0,0.5,0.78,0.41
14.801120034,0.0,0.49,0.78,0.43
14.802351175,0.01,0.49,0.78,0.43
14.803078551,0.0,0.5,0.77,0.44
14.804342003,0.01,0.49,0.79,0.43
14.805121327,0.0,0.5,0.79,0.41
14.806286821,0.01,0.5,0.78,0.43
14.807131852000001,0.01,0.5,0.78,0.42
14.808346604,0.01,0.5,0.78,0.41
14.809115664,0.01,0.5,0.77,0.43
14.8103932,0.01,0.49,0.77,0.42
14.812340063,0.01,0.51,0.78,0.43
14.813116227,0.0,0.51,0.78,0.43
14.814130649,0.01,0.5,0.78,0.43
14.815342903000001,0.01,0.5,0.78,0.43
14.816124971,0.01,0.5,0.78,0.42
14.817354929,0.01,0.5,0.78,0.42
14.818074696,0.01,0.5,0.78,0.42
14.819192359,0.01,0.49,0.78,0.42
14.820217468000001,0.01,0.5,0.78,0.42
14.821331267000001,0.0,0.49,0.78,0.43
14.822144433,0.01,0.5,0.78,0.42
14.823272502000002,0.01,0.5,0.79,0.43
14.824123211000002,0.01,0.5,0.78,0.43
14.825410395,0.0,0.5,0.78,0.43
14.827450455000001,0.01,0.5,0.79,0.42
14.82807938,0.02,0.5,0.78,0.43
14.829335980000002,0.02,0.51,0.79,0.43
14.830080163000002,0.01,0.49,0.79,0.43
14.831395221000001,0.0,0.5,0.79,0.43
14.832080542000002,0.0,0.5,0.79,0.42
14.833416150000001,0.01,0.5,0.79,0.42
14.834071959000001,0.0,0.51,0.78,0.42
14.835353804,0.02,0.49,0.79,0.42
14.83614107,0.01,0.5,0.79,0.42
14.837266632,0.0,0.5,0.78,0.42
14.838162800000001,0.01,0.49,0.79,0.42
14.83930986,0.0,0.49,0.79,0.42
14.841222848000001,0.0,0.5,0.79,0.42
14.842118755000001,0.0,0.5,0.78,0.43
14.843419512,0.0,0.49,0.79,0.43
14.844074782000002,0.02,0.5,0.79,0.43
14.84532699,0.01,0.5,0.81,0.42
14.846103879000001,0.01,0.5,0.78,0.43
14.847132129,0.01,0.5,0.78,0.43
14.848355716,0.01,0.49,0.79,0.42
14.849076337000001,0.01,0.49,0.79,0.43
14.850359866000002,0.0,0.5,0.79,0.43
14.851069951000001,0.0,0.49,0.79,0.44
14.852241171000001,0.0,0.51,0.79,0.42
14.853069198000002,0.02,0.5,0.8,0.43
14.854327476000002,0.01,0.51,0.79,0.42
14.855071752,0.01,0.49,0.79,0.44
14.856253950000001,0.0,0.5,0.79,0.42
14.858351437000001,0.01,0.5,0.78,0.42
14.859079183,0.01,0.5,0.79,0.42
14.860349800000002,0.01,0.49,0.79,0.42
14.861071679,0.01,0.5,0.79,0.43
14.862361876000001,0.0,0.49,0.8,0.43
14.863072074000002,0.0,0.5,0.8,0.42
14.864360178,0.0,0.5,0.79,0.43
14.865077389000001,0.0,0.5,0.79,0.42
14.866276078,0.0,0.5,0.8,0.42
14.867077527000001,0.01,0.51,0.79,0.43
14.868258732000001,0.02,0.51,0.8,0.43
14.869072127,0.02,0.51,0.79,0.43
14.870384422,0.01,0.5,0.79,0.43
14.872349401000001,0.0,0.5,0.79,0.43
14.873082938000001,0.0,0.5,0.79,0.42
14.874343356,0.01,0.49,0.8,0.43
14.875120897,0.01,0.49,0.78,0.42
14.876357076000001,0.01,0.49,0.8,0.42
14.877080281000001,0.01,0.5,0.79,0.42
14.878344056000001,0.01,0.5,0.79,0.43
14.879080221,0.01,0.49,0.8,0.42
14.880264311000001,0.0,0.5,0.8,0.42
14.881081672,0.01,0.51,0.79,0.43
14.882271943000001,0.0,0.5,0.79,0.43
14.883155593000001,0.01,0.49,0.79,0.42
14.884264093,0.01,0.49,0.79,0.42
14.885076394,0.0,0.5,0.79,0.42
14.886374163000001,0.01,0.49,0.8,0.43
14.888360383,0.01,0.49,0.79,0.43
14.889081049000001,0.01,0.49,0.79,0.43
14.89035437,0.01,0.5,0.79,0.43
14.891080229000002,0.0,0.5,0.8,0.43
14.892350310000001,0.01,0.5,0.8,0.43
14.893103691,0.02,0.5,0.8,0.41
14.894375229000001,0.01,0.49,0.8,0.43
14.895075239,0.01,0.5,0.8,0.41
14.896297649000001,0.0,0.5,0.8,0.43
14.897160468000001,0.01,0.5,0.8,0.42
14.898267015,0.01,0.5,0.8,0.42
14.899156332,0.01,0.49,0.8,0.42
14.900348872,0.0,0.5,0.8,0.42
14.902355261,0.01,0.5,0.81,0.43
14.90311413,0.0,0.5,0.81,0.42
14.904238424,0.0,0.51,0.81,0.43
14.905080823,0.0,0.5,0.8,0.42
14.906362807,0.01,0.49,0.82,0.42
14.907076349,0.02,0.5,0.82,0.43
14.908348778,0.02,0.51,0.81,0.42
14.909070771000001,0.02,0.51,0.81,0.43
14.910388794000001,0.01,0.5,0.82,0.43
14.911070708,0.0,0.5,0.81,0.43
14.912273638,0.01,0.5,0.81,0.42
14.913153902000001,0.0,0.51,0.8,0.42
14.914290364000001,0.01,0.5,0.79,0.44
14.915116970000001,0.02,0.5,0.8,0.42
14.916332793,0.01,0.5,0.8,0.42
14.918521574000001,0.0,0.5,0.8,0.42
14.919076229000002,0.01,0.49,0.81,0.42
14.920334901,0.01,0.5,0.81,0.43
14.921078967000001,0.01,0.49,0.81,0.43
14.922352762000001,0.0,0.5,0.81,0.42
14.923073347,0.0,0.5,0.81,0.43
14.924346052,0.01,0.5,0.81,0.42
14.925072305,0.0,0.5,0.81,0.43
14.926266019000002,0.0,0.5,0.81,0.43
14.927155918,0.01,0.5,0.82,0.42
14.928320832,0.01,0.5,0.82,0.43
14.929070938,0.01,0.5,0.82,0.44
14.930344309,0.01,0.48,0.8,0.42
14.932247409,0.01,0.5,0.81,0.43
14.933220694000001,0.0,0.49,0.81,0.42
14.934249931,0.01,0.51,0.81,0.42
14.935179989000002,0.01,0.5,0.82,0.43
14.936343568000002,0.01,0.5,0.81,0.43
14.937110337000002,0.0,0.5,0.81,0.42
14.938179995,0.01,0.49,0.81,0.43
14.939358477,0.01,0.49,0.81,0.42
14.940100138000002,0.0,0.49,0.82,0.42
14.941180218000001,0.01,0.49,0.81,0.42
14.942147041,0.0,0.49,0.82,0.42
14.943143126,0.01,0.5,0.81,0.43
14.944253144000001,0.01,0.5,0.82,0.42
14.946317722000002,0.0,0.49,0.82,0.43
14.947146229000001,0.02,0.5,0.82,0.43
14.948336419,0.01,0.5,0.81,0.43
14.949082737000001,0.01,0.5,0.82,0.42
14.950354781000001,0.02,0.5,0.81,0.42
14.951115385000001,0.0,0.5,0.81,0.43
14.952397806,0.01,0.49,0.84,0.42
14.953079981,0.01,0.51,0.84,0.42
14.954361388,0.01,0.49,0.83,0.43
14.955078614000001,0.01,0.49,0.84,0.42
14.956340953000002,0.02,0.5,0.84,0.43
14.957081851000002,0.0,0.5,0.83,0.43
14.958278019000002,0.0,0.49,0.84,0.43
14.959078184000001,0.01,0.51,0.84,0.43
14.960323233,0.0,0.5,0.84,0.42
14.962350941,0.01,0.5,0.84,0.42
14.963082597000001,0.01,0.5,0.84,0.43
14.964344364,0.0,0.5,0.83,0.43
14.965083444000001,0.0,0.5,0.84,0.43
14.96633008,0.0,0.5,0.84,0.42
14.967124790000002,0.01,0.5,0.85,0.43
14.968354182,0.02,0.49,0.84,0.44
14.969075533000002,0.01,0.5,0.85,0.43
14.970344282000001,0.01,0.5,0.85,0.42
14.971079153000002,0.01,0.49,0.84,0.42
14.972277318000002,0.0,0.5,0.84,0.43
14.973170935,0.01,0.5,0.84,0.42
14.974258397000002,0.02,0.5,0.83,0.42
14.975075906,0.01,0.5,0.84,0.42
14.976400043000002,0.0,0.49,0.84,0.42
14.978346645,0.0,0.5,0.84,0.42
14.979084644,0.01,0.49,0.85,0.42
14.980348279000001,0.0,0.5,0.83,0.43
14.981082237,0.0,0.49,0.85,0.42
14.982332536000001,0.0,0.49,0.85,0.42
14.983080367000001,0.0,0.5,0.83,0.43
14.984344317000001,0.01,0.5,0.84,0.43
14.985125094,0.0,0.5,0.85,0.43
14.986344938,0.01,0.51,0.84,0.42
14.987080910000001,0.01,0.5,0.84,0.42
14.988292063000001,0.01,0.49,0.85,0.42
14.989154229,0.02,0.49,0.85,0.42
14.990330732,0.01,0.5,0.84,0.43
14.992365213000001,0.0,0.5,0.85,0.43
14.993080201000001,0.01,0.5,0.85,0.43
14.994345493,0.01,0.5,0.84,0.43
14.995104600000001,0.01,0.49,0.84,0.43
14.996269802,0.0,0.49,0.84,0.42
14.997096417000002,0.0,0.49,0.85,0.42
14.998346237000002,0.01,0.49,0.84,0.42
14.999110892000001,0.01,0.5,0.85,0.42
15.000332361000002,0.0,0.5,0.85,0.41
15.001113871000001,0.01,0.5,0.85,0.43
15.002246101,0.0,0.49,0.85,0.42
15.003146359,0.01,0.5,0.85,0.43
15.004174424,0.01,0.49,0.85,0.43
15.005165039000001,0.0,0.5,0.85,0.42
15.007437502,0.01,0.5,0.85,0.43
15.008394184,0.02,0.51,0.85,0.42
15.009261016000002,0.01,0.51,0.85,0.43
15.010312136000001,0.0,0.5,0.85,0.43
15.011179497,0.01,0.5,0.85,0.43
15.012215199000002,0.0,0.5,0.85,0.42
15.013198050000002,0.01,0.5,0.85,0.42
15.014174836,0.01,0.5,0.85,0.44
15.015164921,0.02,0.5,0.85,0.43
15.016201220000001,0.01,0.5,0.85,0.43
15.017145216000001,0.01,0.5,0.85,0.42
15.018162883,0.02,0.5,0.85,0.43
15.019171371,0.01,0.5,0.85,0.43
15.020162357,0.01,0.5,0.85,0.42
15.021164811,0.01,0.49,0.85,0.43
15.022190383000002,0.0,0.5,0.85,0.42
15.024181361,0.01,0.5,0.85,0.43
15.025187749,0.01,0.49,0.85,0.43
15.026138243,0.01,0.49,0.86,0.43
15.027166162,0.01,0.5,0.84,0.43
15.028320545000001,0.01,0.49,0.85,0.43
15.029126408000002,0.01,0.5,0.85,0.42
15.030274885,0.0,0.5,0.84,0.43
15.031112760000001,0.01,0.5,0.86,0.43
15.032354094,0.01,0.5,0.85,0.43
15.033102764,0.01,0.51,0.86,0.41
15.034311988,0.02,0.52,0.86,0.42
15.035102712,0.01,0.5,0.86,0.43
15.036337939000001,0.01,0.5,0.85,0.43
15.038349772,0.01,0.49,0.85,0.42
15.039095567,0.01,0.5,0.85,0.42
15.040334875000001,0.0,0.5,0.86,0.42
15.041091056,0.0,0.49,0.86,0.43
15.042335039000001,0.01,0.5,0.86,0.43
15.043120658000001,0.01,0.5,0.86,0.43
15.044362114,0.01,0.49,0.86,0.43
15.045082911000002,0.0,0.5,0.86,0.44
15.04634545,0.0,0.5,0.86,0.43
15.047106523,0.02,0.51,0.86,0.42
15.048147918000002,0.02,0.5,0.86,0.43
15.04919051,0.02,0.5,0.86,0.42
15.050160211000001,0.0,0.5,0.85,0.42
15.051357901000001,0.0,0.49,0.86,0.43
15.053342006000001,0.0,0.5,0.86,0.42
15.054087469,0.01,0.49,0.85,0.43
15.05533907,0.01,0.49,0.86,0.43
15.056087978,0.01,0.5,0.85,0.42
15.057127226,0.01,0.5,0.86,0.43
15.058236010000002,0.01,0.5,0.86,0.42
15.059181650000001,0.0,0.5,0.86,0.43
15.060230111000001,0.01,0.5,0.86,0.43
15.061194434,0.01,0.49,0.86,0.43
15.062161105000001,0.0,0.5,0.85,0.42
15.063144771000001,0.01,0.51,0.86,0.43
15.064084314,0.01,0.5,0.86,0.43
15.065192366000002,0.01,0.49,0.86,0.42
15.067341818000001,0.01,0.49,0.87,0.44
15.068109210000001,0.01,0.5,0.86,0.43
15.069133876,0.01,0.5,0.87,0.43
15.0702414,0.01,0.49,0.86,0.43
15.071242072,0.0,0.5,0.87,0.43
15.072200117000001,0.01,0.5,0.87,0.43
15.073233404000002,0.01,0.5,0.86,0.42
15.074235467000001,0.01,0.5,0.86,0.42
15.075227719,0.01,0.49,0.87,0.42
15.07606743,0.0,0.5,0.86,0.42
15.077220223000001,0.0,0.5,0.86,0.42
15.078154081000001,0.01,0.49,0.86,0.42
15.079279163,0.01,0.5,0.86,0.43
15.080107699000001,0.01,0.49,0.86,0.42
15.081354741,0.01,0.5,0.87,0.43
15.083352795000001,0.0,0.5,0.87,0.43
15.084085645000002,0.01,0.5,0.87,0.43
15.085192908000002,0.0,0.5,0.87,0.42
15.086221149000002,0.0,0.5,0.86,0.42
15.087220789000002,0.02,0.5,0.87,0.42
15.088106352,0.02,0.5,0.86,0.43
15.089234671000002,0.02,0.5,0.85,0.42
15.09009215,0.01,0.5,0.86,0.43
15.091242534000001,0.01,0.49,0.87,0.43
15.092159357000002,0.01,0.5,0.86,0.42
15.093364744,0.01,0.49,0.86,0.43
15.094087851000001,0.01,0.5,0.86,0.43
15.095091919000001,0.01,0.5,0.86,0.42
15.096400805000002,0.0,0.5,0.86,0.42
15.098350185000001,0.01,0.51,0.86,0.42
15.099083314000001,0.01,0.5,0.87,0.43
15.100138050000002,0.0,0.49,0.86,0.42
15.1010767,0.0,0.48,0.86,0.42
15.102249791,0.02,0.5,0.86,0.43
15.103170953000001,0.01,0.5,0.87,0.42
15.104281537,0.0,0.51,0.86,0.43
15.105080445,0.01,0.5,0.86,0.42
15.106362163000002,0.01,0.49,0.87,0.43
15.107107119,0.01,0.5,0.86,0.42
15.108345621000002,0.01,0.5,0.86,0.43
15.109079128000001,0.01,0.49,0.86,0.42
15.1102723,0.01,0.5,0.86,0.42
15.111152731,0.01,0.49,0.86,0.43
15.112380829000001,0.01,0.49,0.86,0.43
15.114354555,0.01,0.5,0.87,0.43
15.115082806,0.01,0.51,0.94,0.43
15.116346222,0.01,0.5,0.93,0.42
15.117081805000002,0.0,0.5,0.93,0.42
15.118255665000001,0.01,0.5,0.93,0.42
15.119114039000001,0.0,0.5,0.93,0.42
15.120120034000001,0.01,0.5,0.93,0.42
15.121176567000001,0.0,0.5,0.93,0.43
15.122078012000001,0.0,0.5,0.93,0.42
15.123278921,0.01,0.5,0.93,0.43
15.124157597000002,0.01,0.5,0.93,0.43
15.125282838,0.0,0.5,0.93,0.43
15.126158257,0.01,0.5,0.93,0.43
15.127289827,0.02,0.51,0.93,0.44
15.128177068000001,0.02,0.5,0.94,0.43
15.12934905,0.02,0.5,0.93,0.43
15.131368036000001,0.0,0.49,0.92,0.42
15.132078912,0.0,0.5,0.93,0.43
15.13342618,0.01,0.51,0.92,0.42
15.134082156000002,0.01,0.5,0.92,0.42
15.135355883,0.01,0.5,0.92,0.43
15.136080853000001,0.01,0.5,0.93,0.43
15.13736311,0.01,0.49,0.93,0.43
15.138074525,0.01,0.5,0.93,0.43
15.139347851,0.0,0.49,0.92,0.43
15.140105960000001,0.0,0.5,0.93,0.42
15.141239895000002,0.0,0.49,0.94,0.42
15.143364905,0.0,0.48,0.94,0.42
15.144080184000002,0.01,0.5,0.93,0.43
15.145467975,0.02,0.49,0.94,0.42
15.146078752000001,0.01,0.51,0.93,0.43
15.147355404,0.01,0.5,0.94,0.42
15.148102615,0.01,0.49,0.94,0.42
15.149347988,0.01,0.49,0.93,0.41
15.150102310000001,0.01,0.51,0.93,0.42
15.151353155,0.01,0.5,0.93,0.43
15.152105645,0.0,0.5,0.94,0.42
15.153253936,0.02,0.49,0.94,0.43
15.154120651000001,0.01,0.5,0.93,0.43
15.155291301,0.01,0.5,0.94,0.43
15.156179556000001,0.0,0.5,0.93,0.42
15.157328340000001,0.01,0.5,0.94,0.42
15.159369121000001,0.02,0.5,0.94,0.42
15.160106963,0.01,0.5,0.93,0.42
15.161413493000001,0.01,0.5,0.94,0.43
15.162087872,0.0,0.5,0.94,0.42
15.163359059000001,0.01,0.5,0.94,0.43
15.164078882,0.0,0.5,0.94,0.43
15.165445428000002,0.0,0.51,0.93,0.42
15.16607602,0.01,0.5,0.94,0.42
15.167235722000001,0.02,0.51,0.94,0.43
15.168082673,0.02,0.5,0.95,0.43
15.169132071000002,0.02,0.5,0.94,0.43
15.170265275,0.01,0.5,0.92,0.43
15.171129167,0.0,0.5,0.93,0.43
15.172289491,0.0,0.49,0.94,0.43
15.174393040000002,0.01,0.5,0.93,0.42
15.175248547,0.02,0.49,0.93,0.42
15.176122281000001,0.01,0.5,0.94,0.43
15.17722325,0.0,0.5,0.94,0.42
15.178206020000001,0.01,0.5,0.94,0.43
15.179141527,0.0,0.5,0.93,0.43
15.180128678,0.0,0.5,0.94,0.42
15.181110984000002,0.01,0.5,0.94,0.43
15.182156341,0.0,0.49,0.94,0.42
15.183180267000001,0.0,0.5,0.93,0.44
15.184174337000002,0.02,0.5,0.93,0.42
15.185202660000002,0.0,0.5,0.93,0.42
15.186161893000001,0.01,0.51,0.93,0.42
15.187172306,0.01,0.49,0.94,0.42
15.189517186000002,0.01,0.5,0.93,0.42
15.190562205,0.01,0.5,0.94,0.42
15.191478311000001,0.0,0.5,0.94,0.43
15.192290074,0.0,0.5,0.94,0.42
15.193210527000002,0.02,0.5,0.94,0.43
15.194173265000002,0.01,0.49,0.94,0.43
15.195160888,0.01,0.5,0.94,0.43
15.196163858,0.0,0.5,0.94,0.43
15.197173209,0.0,0.49,0.93,0.43
15.19816512,0.02,0.49,0.93,0.42
15.199137813,0.01,0.5,0.94,0.42
15.200175731000002,0.0,0.5,0.94,0.43
15.201169697000001,0.0,0.5,0.94,0.43
15.203310654000001,0.0,0.5,0.94,0.43
15.204145014000002,0.01,0.51,0.94,0.42
15.205160469,0.0,0.5,0.94,0.43
15.206190711000001,0.01,0.5,0.94,0.43
15.207181654000001,0.01,0.5,0.94,0.44
15.208191719,0.02,0.51,0.95,0.43
15.209196636000001,0.02,0.51,0.95,0.42
15.210275766,0.0,0.5,0.94,0.43
15.211105918000001,0.01,0.51,0.93,0.42
15.21227816,0.01,0.5,0.93,0.43
15.213102968000001,0.0,0.5,0.94,0.44
15.214285214,0.02,0.5,0.92,0.42
15.215130960000002,0.02,0.49,0.94,0.43
15.216273348000001,0.01,0.5,0.94,0.43
15.218341065,0.0,0.5,0.93,0.42
15.219095621000001,0.0,0.49,0.95,0.42
15.220341026000002,0.0,0.49,0.94,0.42
15.221091520000002,0.0,0.5,0.94,0.43
15.222338939,0.0,0.5,0.94,0.43
15.223087363000001,0.01,0.5,0.93,0.42
15.224336892,0.01,0.5,0.94,0.43
15.225087664,0.01,0.5,0.94,0.42
15.226337544000002,0.01,0.5,0.94,0.43
15.227074966000002,0.01,0.49,0.94,0.42
15.228276000000001,0.01,0.5,0.94,0.43
15.229158821,0.01,0.5,0.94,0.42
15.230207618000001,0.01,0.5,0.94,0.43
15.231151315000002,0.0,0.5,0.93,0.42
15.233362208,0.01,0.5,0.94,0.42
15.234083868,0.01,0.49,0.94,0.43
15.235343157,0.01,0.5,0.94,0.43
15.236083853,0.01,0.5,0.94,0.42
15.237223601,0.0,0.5,0.93,0.42
15.23822434,0.01,0.5,0.94,0.42
15.2392122,0.01,0.5,0.94,0.42
15.240215937,0.0,0.49,0.94,0.43
15.241211929,0.0,0.5,0.94,0.43
15.242384248,0.0,0.5,0.94,0.43
15.243085442000002,0.0,0.5,0.94,0.43
15.244314884000001,0.01,0.5,0.93,0.42
15.245087476,0.0,0.5,0.95,0.42
15.246255114,0.02,0.5,0.94,0.43
15.247125796,0.02,0.52,0.95,0.43
15.249355123,0.02,0.51,0.95,0.43
15.250087487000002,0.0,0.5,0.94,0.43
15.251214315,0.0,0.5,0.95,0.43
15.252214426,0.0,0.49,0.94,0.43
15.253216237,0.01,0.51,0.94,0.42
15.254214504,0.01,0.49,0.94,0.43
15.25520752,0.02,0.49,0.94,0.43
15.256209869000001,0.0,0.5,0.94,0.43
15.257211808000001,0.0,0.5,0.95,0.43
15.258151052,0.0,0.5,0.94,0.42
15.259118584000001,0.0,0.51,0.94,0.43
15.260317649000001,0.0,0.5,0.94,0.42
15.261093875,0.01,0.49,0.95,0.42
15.262280447,0.01,0.49,0.94,0.43
15.263165995000001,0.01,0.5,0.94,0.42
15.264274551000002,0.01,0.5,0.95,0.42
15.266281377,0.0,0.5,0.94,0.43
15.267141223000001,0.01,0.51,0.94,0.42
15.268084368,0.02,0.49,0.94,0.42
15.269235834000002,0.01,0.49,0.94,0.43
15.270129152,0.01,0.49,0.94,0.42
15.271198926,0.01,0.5,0.95,0.43
15.272134499000002,0.01,0.5,0.94,0.42
15.27325345,0.01,0.5,0.94,0.43
15.274135500000002,0.01,0.5,0.94,0.43
15.275254247000001,0.01,0.5,0.94,0.43
15.276108167,0.0,0.5,0.94,0.42
15.277284757,0.01,0.5,0.93,0.42
15.278148055,0.01,0.5,0.94,0.42
15.279360708,0.01,0.5,0.94,0.43
15.281381391000002,0.01,0.49,0.93,0.42
15.282086284000002,0.0,0.51,0.94,0.42
15.283335905000001,0.0,0.49,0.94,0.42
15.284126268000001,0.01,0.5,0.94,0.42
15.285338293,0.01,0.49,0.93,0.43
15.286091151,0.0,0.5,0.94,0.42
15.287345665,0.01,0.5,0.95,0.43
15.288084541000002,0.03,0.51,0.95,0.42
15.289253363,0.01,0.5,0.94,0.43
15.29007947,0.0,0.5,0.94,0.42
15.291276419,0.01,0.5,0.95,0.42
15.292075118000001,0.01,0.49,0.94,0.43
15.293387862000001,0.01,0.51,0.93,0.42
15.295348663,0.02,0.51,0.93,0.42
15.296079498000001,0.0,0.5,0.94,0.42
15.297237242000001,0.01,0.5,0.94,0.42
15.29811186,0.01,0.5,0.94,0.42
15.299338201000001,0.0,0.5,0.94,0.43
15.300075327000002,0.0,0.5,0.94,0.42
15.301340771000001,0.0,0.49,0.95,0.43
15.302081279000001,0.0,0.5,0.94,0.43
15.303210254000001,0.01,0.5,0.94,0.42
15.304146924000001,0.01,0.49,0.94,0.42
15.305249060000001,0.01,0.5,0.93,0.43
15.306076827000002,0.0,0.5,0.94,0.42
15.307231912,0.01,0.49,0.94,0.42
15.308208684,0.01,0.5,0.94,0.43
15.310345955,0.01,0.49,0.94,0.42
15.311081245,0.01,0.49,0.94,0.43
15.312234627,0.0,0.5,0.94,0.43
15.313100829000001,0.01,0.5,0.95,0.41
15.31434038,0.01,0.51,0.94,0.44
15.315122885000001,0.01,0.5,0.94,0.43
15.316204048000001,0.0,0.49,0.93,0.43
15.317238238000002,0.01,0.49,0.94,0.42
15.318180946000002,0.01,0.49,0.94,0.42
15.319107844000001,0.01,0.5,0.93,0.42
15.32027049,0.01,0.49,0.95,0.42
15.321079259000001,0.0,0.5,0.93,0.42
15.322264948,0.0,0.5,0.94,0.43
15.323317227,0.0,0.51,0.94,0.43
15.325237911,0.0,0.5,0.94,0.43
15.326210083000001,0.0,0.5,0.94,0.42
15.327208963,0.01,0.5,0.94,0.43
15.328112245000002,0.03,0.51,0.93,0.42
15.329350887,0.01,0.49,0.95,0.42
15.330081883,0.0,0.5,0.94,0.42
15.331333473,0.01,0.49,0.94,0.42
15.332084671,0.01,0.5,0.94,0.42
15.333345413000002,0.01,0.5,0.95,0.42
15.334078807000001,0.01,0.49,0.94,0.43
15.335279261,0.01,0.48,0.94,0.42
15.336120279000001,0.01,0.49,0.93,0.43
15.337156845,0.01,0.49,0.93,0.43
15.338142017000001,0.01,0.5,0.94,0.42
15.339263413000001,0.01,0.5,0.93,0.42
15.341361808,0.01,0.51,0.94,0.42
15.342084231000001,0.0,0.5,0.94,0.42
15.343331236000001,0.0,0.49,0.95,0.43
15.344088580000001,0.01,0.5,0.94,0.43
15.345173091000001,0.01,0.5,0.94,0.43
15.346216321000002,0.0,0.5,0.94,0.42
15.347229261,0.01,0.5,0.95,0.43
15.348219132,0.02,0.5,0.94,0.43
15.349105909,0.01,0.51,0.95,0.43
15.350305579,0.01,0.51,0.94,0.43
15.351086995000001,0.0,0.5,0.94,0.43
15.352292829000001,0.0,0.5,0.93,0.43
15.353110192,0.01,0.5,0.93,0.43
15.354327311,0.02,0.5,0.94,0.42
15.356341822000001,0.0,0.5,0.94,0.43
15.357083823000002,0.0,0.5,0.93,0.41
15.358147913000002,0.0,0.5,0.93,0.42
15.359206142000001,0.01,0.49,0.93,0.42
15.360216455000002,0.0,0.49,0.93,0.42
15.361217044000002,0.0,0.51,0.94,0.43
15.362339102000002,0.01,0.5,0.93,0.42
15.363081016,0.0,0.51,0.93,0.42
15.364305300000002,0.01,0.5,0.93,0.42
15.365122167,0.01,0.5,0.93,0.42
15.366237341000001,0.01,0.5,0.93,0.43
15.367080972,0.02,0.5,0.93,0.42
15.36833971,0.01,0.5,0.94,0.42
15.370348506000001,0.01,0.49,0.94,0.42
15.371081269000001,0.01,0.49,0.93,0.43
15.372133891,0.0,0.5,0.93,0.42
15.373223358,0.01,0.49,0.94,0.4
15.374219492000002,0.01,0.49,0.94,0.43
15.375102925,0.01,0.5,0.94,0.44
15.376345094000001,0.01,0.5,0.94,0.43
15.377081088,0.01,0.49,0.93,0.42
15.378344752,0.01,0.5,0.93,0.42
15.379086007000002,0.0,0.5,0.93,0.43
15.380292275,0.01,0.5,0.93,0.42
15.38108008,0.01,0.5,0.94,0.42
15.382256027,0.0,0.49,0.93,0.42
15.383163003000002,0.0,0.5,0.93,0.43
15.385350915,0.01,0.5,0.93,0.43
15.386091610000001,0.0,0.5,0.93,0.43
15.387146587,0.01,0.5,0.94,0.42
15.388212755000001,0.02,0.52,0.94,0.43
15.389122914000001,0.02,0.5,0.94,0.43
15.390333313000001,0.0,0.5,0.94,0.42
15.391091293,0.0,0.5,0.93,0.43
15.392271062,0.0,0.5,0.94,0.42
15.393179892000001,0.01,0.5,0.94,0.43
15.394161379000002,0.01,0.5,0.93,0.43
15.395109616000001,0.0,0.5,0.94,0.42
15.396278967,0.01,0.5,0.93,0.43
15.397122697,0.01,0.49,0.94,0.43
15.398342878000001,0.01,0.5,0.94,0.43
15.40032083,0.01,0.49,0.94,0.42
15.401083983000001,0.0,0.51,0.94,0.43
15.402208693,0.01,0.5,0.93,0.42
15.403229411000002,0.01,0.5,0.94,0.42
15.404108602,0.01,0.5,0.94,0.42
15.405272188000001,0.01,0.5,0.93,0.42
15.406084701000001,0.01,0.51,0.94,0.42
15.407331662,0.0,0.5,0.93,0.43
15.408081930000002,0.01,0.5,0.95,0.44
15.409311907000001,0.0,0.5,0.94,0.43
15.410121379000001,0.01,0.51,0.93,0.42
15.411268190000001,0.0,0.5,0.93,0.42
15.412076151,0.0,0.49,0.94,0.42
15.413385210000001,0.02,0.5,0.94,0.41
15.415351264000002,0.02,0.49,0.94,0.43
15.416082242000002,0.01,0.5,0.93,0.43
15.41722756,0.0,0.49,0.93,0.42
15.418219478000001,0.01,0.49,0.94,0.42
15.419099802000002,0.0,0.49,0.93,0.43
15.420241879,0.0,0.5,0.92,0.43
15.421126087000001,0.0,0.5,0.94,0.43
15.422205582,0.0,0.49,0.93,0.43
15.423226939000001,0.01,0.5,0.93,0.42
15.424119982,0.01,0.5,0.93,0.43
15.425294081,0.0,0.5,0.93,0.43
15.426081892000001,0.01,0.5,0.94,0.42
15.427271712000001,0.02,0.5,0.92,0.42
15.428078491,0.02,0.5,0.92,0.42
15.429228246000001,0.01,0.49,0.93,0.42
15.431340806000001,0.01,0.5,0.93,0.43
15.432103864,0.0,0.49,0.93,0.42
15.433180922000002,0.01,0.49,0.93,0.43
15.434224899,0.01,0.5,0.93,0.43
15.435224292000001,0.01,0.5,0.93,0.43
15.436106063,0.0,0.5,0.93,0.43
15.437270162,0.01,0.5,0.93,0.41
15.438124725000002,0.01,0.5,0.93,0.42
15.439118367,0.01,0.5,0.93,0.42
15.440072393000001,0.0,0.5,0.94,0.43
15.441142732000001,0.01,0.5,0.93,0.43
15.442140385,0.0,0.5,0.93,0.42
15.443171882000001,0.01,0.5,0.94,0.42
15.444152558,0.0,0.5,0.93,0.43
15.446346420000001,0.01,0.49,0.93,0.42
15.447093779000001,0.01,0.5,0.94,0.43
15.448211827000002,0.02,0.5,0.94,0.42
15.449113138000001,0.02,0.5,0.95,0.42
15.450342215000001,0.01,0.5,0.93,0.42
15.451090631000001,0.0,0.49,0.94,0.43
15.452333153000001,0.0,0.5,0.94,0.42
15.453088385000001,0.01,0.5,0.93,0.43
15.454333763000001,0.02,0.49,0.93,0.43
15.455086565,0.01,0.5,0.93,0.42
15.456271413000001,0.0,0.5,0.93,0.42
15.457157863,0.0,0.49,0.93,0.43
15.459289378000001,0.01,0.5,0.94,0.42
15.460089401000001,0.01,0.5,0.93,0.42
15.461270563000001,0.0,0.49,0.93,0.43
15.462162554,0.0,0.5,0.94,0.43
15.463270254000001,0.01,0.5,0.93,0.43
15.464087894,0.0,0.5,0.93,0.42
15.465277561,0.01,0.5,0.92,0.43
15.46613029,0.01,0.49,0.94,0.43
15.467112119000001,0.0,0.5,0.93,0.43
15.468221046000002,0.01,0.5,0.93,0.43
15.469121515000001,0.01,0.49,0.94,0.43
15.470273429,0.0,0.5,0.93,0.42
15.471085184000001,0.0,0.49,0.93,0.43
15.472154792000001,0.01,0.5,0.93,0.42
15.473205173,0.01,0.49,0.93,0.43
15.475349235000001,0.01,0.5,0.93,0.43
15.476087727000001,0.01,0.5,0.93,0.43
15.47721203,0.01,0.5,0.93,0.43
15.47821219,0.01,0.49,0.93,0.42
15.479215396,0.01,0.49,0.93,0.42
15.480213586000001,0.01,0.5,0.93,0.43
15.481363998,0.01,0.51,0.93,0.43
15.482084414000001,0.0,0.5,0.93,0.43
15.48326937,0.02,0.5,0.92,0.43
15.484157021000001,0.01,0.5,0.94,0.43
15.485149374,0.01,0.49,0.93,0.43
15.486146250000001,0.01,0.5,0.94,0.43
15.48714587,0.02,0.51,0.94,0.42
15.488174311000002,0.01,0.52,0.94,0.42
15.489208084000001,0.02,0.51,0.93,0.42
15.491338224000001,0.0,0.5,0.93,0.43
15.492094744000001,0.0,0.5,0.93,0.42
15.493194987,0.01,0.5,0.93,0.43
15.494202302000001,0.01,0.49,0.93,0.42
15.495198607,0.01,0.49,0.92,0.43
15.496135533,0.01,0.49,0.93,0.42
15.497260262000001,0.01,0.5,0.93,0.43
15.498117183000002,0.01,0.51,0.93,0.43
15.499219687,0.01,0.5,0.92,0.42
15.500144236,0.0,0.49,0.93,0.42
15.501286709,0.01,0.5,0.93,0.42
15.502114703,0.0,0.49,0.93,0.43
15.503334613000002,0.01,0.5,0.93,0.41
15.504088889,0.0,0.5,0.93,0.42
15.506335796,0.01,0.5,0.93,0.43
15.507091253,0.0,0.5,0.93,0.44
15.508342906000001,0.01,0.5,0.93,0.42
15.509087364,0.02,0.5,0.93,0.43
15.510118319000002,0.01,0.5,0.92,0.43
15.511109381,0.01,0.5,0.92,0.43
15.512235959000002,0.01,0.51,0.93,0.43
15.513205651000002,0.01,0.49,0.94,0.42
15.514199158,0.02,0.5,0.92,0.42
15.515339670000001,0.01,0.5,0.93,0.43
15.516084081,0.0,0.5,0.92,0.42
15.517278813,0.01,0.49,0.93,0.43
15.518078115000002,0.01,0.49,0.92,0.41
15.519327581,0.01,0.49,0.92,0.42
15.521231231000002,0.0,0.5,0.93,0.43
15.522141798000002,0.0,0.5,0.92,0.42
15.523140135,0.0,0.49,0.93,0.42
15.524347226000001,0.01,0.5,0.93,0.43
15.52510299,0.01,0.5,0.92,0.43
15.526339593000001,0.0,0.5,0.92,0.42
15.527075264,0.02,0.5,0.91,0.42
15.528357339000001,0.02,0.5,0.92,0.42
15.529106415000001,0.02,0.5,0.92,0.42
15.530283970000001,0.01,0.5,0.92,0.42
15.531157077000001,0.01,0.5,0.91,0.43
15.532151971000001,0.0,0.5,0.93,0.42
15.533181496000001,0.01,0.5,0.92,0.42
15.534243567,0.01,0.5,0.92,0.43
15.536351235000001,0.0,0.49,0.93,0.43
15.537079271000001,0.0,0.5,0.93,0.42
15.538345927000002,0.0,0.49,0.93,0.43
15.539106921,0.01,0.49,0.93,0.42
15.540240555,0.0,0.5,0.92,0.42
15.541139983,0.01,0.5,0.92,0.43
15.542290860000001,0.0,0.5,0.92,0.43
15.543215902000002,0.0,0.5,0.93,0.43
15.544061786,0.01,0.51,0.93,0.42
15.545259901000001,0.01,0.5,0.93,0.41
15.546155018,0.01,0.5,0.92,0.43
15.547154464,0.02,0.51,0.93,0.43
15.548408216,0.01,0.5,0.92,0.43
15.549073821,0.01,0.51,0.93,0.43
15.550472765,0.0,0.49,0.92,0.41
15.552370036000001,0.01,0.49,0.92,0.43
15.553081318,0.0,0.5,0.92,0.43
15.554260729000001,0.02,0.5,0.93,0.42
15.555154263,0.02,0.51,0.92,0.42
15.556227633,0.01,0.5,0.92,0.42
15.557226657000001,0.0,0.5,0.91,0.43
15.558222925,0.0,0.49,0.92,0.42
15.559152061,0.01,0.5,0.92,0.42
15.560322603000001,0.0,0.51,0.92,0.43
15.561106173,0.0,0.5,0.91,0.42
15.562257398000002,0.01,0.5,0.91,0.43
15.563082016000001,0.01,0.49,0.86,0.43
15.564373736,0.0,0.5,0.86,0.42
15.566343051,0.0,0.5,0.86,0.42
15.567114571000001,0.01,0.5,0.86,0.42
15.568326240000001,0.01,0.5,0.86,0.42
15.569078117,0.02,0.49,0.85,0.42
15.570347084000002,0.01,0.5,0.86,0.43
15.571078225,0.01,0.5,0.86,0.42
15.572358705000001,0.0,0.5,0.86,0.42
15.573113479000002,0.0,0.5,0.85,0.43
15.574341047,0.01,0.5,0.87,0.43
15.575081492,0.01,0.5,0.86,0.44
15.576284675,0.0,0.5,0.85,0.42
15.577080025,0.01,0.49,0.85,0.42
15.578305781000001,0.0,0.49,0.85,0.42
15.580346980000002,0.01,0.5,0.85,0.42
15.581080170000002,0.0,0.5,0.85,0.42
15.582233088,0.01,0.51,0.85,0.43
15.583109497,0.0,0.5,0.85,0.42
15.58434094,0.01,0.49,0.85,0.42
15.585105399000001,0.01,0.51,0.85,0.43
15.586357123,0.0,0.5,0.85,0.43
15.587077928000001,0.01,0.5,0.85,0.42
15.588239616000001,0.01,0.5,0.85,0.42
15.589195411,0.02,0.49,0.85,0.43
15.590146123,0.01,0.5,0.85,0.42
15.591102187,0.0,0.5,0.85,0.43
15.592274302000002,0.0,0.51,0.85,0.42
15.593114819,0.01,0.5,0.86,0.43
15.594133235000001,0.01,0.5,0.84,0.42
15.595226918000002,0.01,0.5,0.82,0.42
15.597346192000002,0.0,0.5,0.83,0.43
15.598086792,0.01,0.49,0.82,0.43
15.599339572000002,0.01,0.51,0.82,0.42
15.600081096,0.0,0.5,0.83,0.42
15.601360421,0.01,0.49,0.83,0.41
15.602080367000001,0.0,0.5,0.82,0.42
15.603210511,0.0,0.5,0.83,0.43
15.604196746000001,0.01,0.5,0.82,0.42
15.605169606,0.0,0.5,0.82,0.42
15.606278754000002,0.01,0.5,0.83,0.42
15.607119935000002,0.01,0.5,0.82,0.43
15.608296133000001,0.02,0.5,0.82,0.42
15.609078207000001,0.01,0.5,0.82,0.42
15.610349757000002,0.0,0.5,0.82,0.42
15.612351792,0.0,0.5,0.82,0.42
15.613088198000002,0.0,0.49,0.81,0.43
15.614238423000002,0.02,0.5,0.81,0.42
15.615144438000002,0.02,0.5,0.82,0.42
15.616260760000001,0.0,0.49,0.81,0.43
15.617171832,0.0,0.51,0.81,0.42
15.618343808,0.01,0.49,0.81,0.42
15.619081277000001,0.0,0.49,0.81,0.43
15.620261393000002,0.0,0.5,0.81,0.42
15.621076638000002,0.0,0.5,0.81,0.43
15.622258529000002,0.01,0.5,0.8,0.42
15.623097043000001,0.01,0.49,0.81,0.42
15.624398622000001,0.0,0.5,0.81,0.42
15.626395559,0.0,0.5,0.8,0.42
15.627081567000001,0.01,0.5,0.81,0.42
15.628336630000002,0.01,0.5,0.8,0.41
15.629085787000001,0.02,0.5,0.8,0.42
15.63034041,0.0,0.5,0.8,0.42
15.631075583000001,0.0,0.5,0.8,0.43
15.632362545000001,0.0,0.5,0.79,0.42
15.633075294000001,0.01,0.5,0.81,0.43
15.634186239000002,0.01,0.5,0.79,0.43
15.635122134000001,0.0,0.49,0.79,0.43
15.636230109000001,0.0,0.49,0.8,0.43
15.637118972000001,0.01,0.5,0.79,0.42
15.638139146,0.01,0.5,0.79,0.42
15.639389617,0.0,0.5,0.79,0.42
15.641367986,0.01,0.5,0.78,0.42
15.642083783,0.0,0.5,0.79,0.42
15.643179627,0.0,0.5,0.79,0.43
15.6441472,0.0,0.49,0.78,0.42
15.645117103,0.0,0.48,0.79,0.42
15.646162212,0.01,0.49,0.77,0.42
15.647126700000001,0.02,0.5,0.78,0.43
15.648337057,0.02,0.5,0.78,0.43
15.649090869,0.02,0.51,0.79,0.43
15.6501979,0.0,0.51,0.77,0.42
15.651142237,0.01,0.5,0.77,0.43
15.652263402,0.01,0.5,0.77,0.44
15.653081463000001,0.0,0.5,0.77,0.41
15.654317952000001,0.01,0.49,0.76,0.41
15.656353921000001,0.02,0.49,0.78,0.42
15.657089716000002,0.0,0.5,0.76,0.42
15.658330533,0.01,0.49,0.76,0.42
15.659086669,0.01,0.49,0.78,0.41
15.660220219000001,0.0,0.5,0.77,0.42
15.661126273,0.0,0.5,0.77,0.44
15.662386975,0.0,0.5,0.77,0.42
15.663085889000001,0.0,0.49,0.77,0.42
15.664339415,0.01,0.5,0.76,0.42
15.665102689000001,0.01,0.51,0.75,0.42
15.666282229,0.01,0.5,0.75,0.42
15.667080004,0.01,0.49,0.75,0.42
15.668288468000002,0.01,0.49,0.75,0.42
15.669073866000002,0.01,0.49,0.75,0.43
15.670350884000001,0.0,0.5,0.76,0.42
15.672350115,0.0,0.49,0.75,0.43
15.673083602,0.0,0.5,0.73,0.42
15.674225703000001,0.01,0.49,0.73,0.42
15.675241044000002,0.02,0.5,0.74,0.42
15.676113193,0.0,0.5,0.73,0.42
15.677338914000002,0.01,0.5,0.73,0.42
15.678078042000001,0.0,0.49,0.7,0.42
15.679263093000001,0.01,0.5,0.69,0.42
15.680075576,0.0,0.49,0.69,0.43
15.681278596,0.0,0.5,0.63,0.42
15.682075645000001,0.0,0.51,0.62,0.43
15.683271895,0.0,0.51,0.62,0.42
15.684176377000002,0.0,0.5,0.62,0.42
15.685252479,0.01,0.49,0.62,0.42
15.687359841000001,0.01,0.5,0.61,0.43
15.688116499000001,0.02,0.5,0.61,0.43
15.689347543,0.02,0.5,0.62,0.42
15.690078814000001,0.01,0.5,0.61,0.42
15.691352001,0.01,0.5,0.6,0.42
15.692076553000001,0.0,0.5,0.6,0.43
15.693372077000001,0.0,0.51,0.6,0.42
15.694100648000001,0.01,0.49,0.6,0.43
15.695271875000001,0.01,0.49,0.6,0.42
15.696167653000002,0.0,0.49,0.6,0.42
15.697265184,0.0,0.5,0.59,0.42
15.698104296,0.01,0.49,0.6,0.41
15.699384033000001,0.01,0.5,0.58,0.42
15.701353581000001,0.0,0.5,0.59,0.42
15.702083032,0.0,0.51,0.58,0.43
15.703353325,0.0,0.5,0.58,0.43
15.704073271,0.01,0.5,0.58,0.42
15.705363644,0.01,0.5,0.58,0.42
15.706073895000001,0.01,0.51,0.58,0.42
15.707356403,0.01,0.5,0.59,0.42
15.708073653000001,0.01,0.51,0.59,0.43
15.709361187,0.01,0.5,0.58,0.43
15.710069468,0.01,0.5,0.58,0.42
15.711280562,0.0,0.49,0.58,0.42
15.712142979000001,0.0,0.5,0.58,0.43
15.713101972,0.01,0.5,0.57,0.42
15.71426167,0.01,0.5,0.58,0.42
15.716349434000001,0.01,0.5,0.58,0.42
15.717078964,0.0,0.49,0.58,0.42
15.718230799,0.01,0.5,0.57,0.42
15.719113591000001,0.01,0.5,0.57,0.43
15.720352724000001,0.0,0.49,0.58,0.43
15.721078709,0.0,0.49,0.58,0.42
15.722311858000001,0.0,0.49,0.57,0.42
15.723107592000002,0.0,0.5,0.57,0.42
15.724234244000002,0.01,0.5,0.57,0.41
15.725144624,0.01,0.5,0.57,0.42
15.726276594000002,0.01,0.5,0.56,0.43
15.727163531,0.01,0.5,0.57,0.42
15.728148788,0.02,0.5,0.57,0.41
15.729188476000001,0.02,0.49,0.57,0.43
15.730242100000002,0.0,0.49,0.57,0.43
15.732364749,0.01,0.5,0.57,0.42
15.733081315000002,0.01,0.5,0.58,0.41
15.73434486,0.02,0.5,0.57,0.43
15.735081777000001,0.01,0.5,0.57,0.42
15.736354718000001,0.01,0.51,0.57,0.42
15.737082546000002,0.01,0.49,0.55,0.41
15.738230974,0.0,0.5,0.56,0.43
15.739148618000002,0.0,0.5,0.53,0.42
15.740150535000001,0.01,0.49,0.53,0.43
15.741260047,0.01,0.51,0.53,0.42
15.742156676,0.0,0.49,0.53,0.43
15.743262816000001,0.01,0.51,0.52,0.41
15.744077833,0.01,0.51,0.52,0.42
15.745360537000002,0.0,0.5,0.53,0.43
15.747369116000002,0.01,0.5,0.52,0.42
15.748075827000001,0.01,0.5,0.5,0.41
15.749227200000002,0.02,0.5,0.49,0.41
15.750227895000002,0.01,0.5,0.48,0.41
15.751232935,0.01,0.5,0.48,0.42
15.752232259000001,0.0,0.5,0.47,0.42
15.753229476000001,0.01,0.49,0.48,0.43
15.754235338,0.02,0.5,0.47,0.43
15.755156192000001,0.01,0.5,0.46,0.43
15.7562911,0.01,0.49,0.46,0.42
15.757157538000001,0.01,0.5,0.46,0.43
15.75826761,0.01,0.49,0.45,0.42
15.759081045,0.01,0.5,0.46,0.42
15.7603308,0.0,0.5,0.46,0.42
15.762359036000001,0.0,0.5,0.47,0.42
15.763081157,0.0,0.5,0.46,0.43
15.764355359000001,0.01,0.5,0.47,0.42
15.765113482,0.01,0.5,0.46,0.43
15.766352361000001,0.0,0.5,0.46,0.43
15.767081357,0.01,0.5,0.46,0.41
15.768254701000002,0.02,0.5,0.45,0.42
15.769081702000001,0.02,0.49,0.45,0.42
15.770416842000001,0.0,0.5,0.44,0.42
15.771078947000001,0.01,0.5,0.44,0.43
15.772264132,0.01,0.5,0.44,0.43
15.773081879000001,0.02,0.49,0.42,0.41
15.774152226000002,0.01,0.49,0.43,0.43
15.775238952,0.01,0.49,0.39,0.43
15.776226150000001,0.01,0.5,0.37,0.42
15.778354341000002,0.01,0.49,0.38,0.42
15.779092008000001,0.01,0.49,0.36,0.42
15.780338160000001,0.0,0.49,0.38,0.42
15.781079554000002,0.0,0.49,0.35,0.43
15.782351474,0.0,0.5,0.36,0.42
15.783097668000002,0.0,0.51,0.34,0.43
15.784352926,0.0,0.5,0.11,0.43
15.785079784,0.01,0.5,0.11,0.42
15.786285399,0.01,0.5,0.12,0.43
15.787102303000001,0.02,0.5,0.07,0.43
15.788265350000001,0.01,0.5,0.06,0.42
15.789168958000001,0.01,0.5,0.04,0.43
15.791345766000001,0.0,0.5,0.03,0.42
15.792109655,0.0,0.49,0.03,0.43
15.793359121000002,0.01,0.5,0.02,0.43
15.794080258000001,0.01,0.49,0.03,0.43
15.795342088000002,0.01,0.5,0.02,0.42
15.796111966000002,0.01,0.5,0.02,0.42
15.797343871,0.01,0.5,0.01,0.42
15.798076828000001,0.01,0.49,0.03,0.42
15.799346847,0.01,0.5,0.02,0.43
15.800100771,0.0,0.5,0.02,0.43
15.801291541000001,0.01,0.49,0.02,0.43
15.802101030000001,0.0,0.5,0.02,0.42
15.803275088000001,0.01,0.49,0.02,0.42
15.804140737,0.01,0.5,0.02,0.42
15.805255101,0.01,0.5,0.02,0.42
15.806230389000001,0.01,0.5,0.02,0.41
15.808270539,0.02,0.5,0.02,0.43
15.809080686000001,0.01,0.49,0.02,0.43
15.810344823000001,0.0,0.49,0.02,0.42
15.811078879000002,0.01,0.5,0.01,0.42
15.812335755000001,0.01,0.5,0.02,0.42
15.813078885000001,0.01,0.49,0.02,0.42
15.814354513000001,0.02,0.49,0.03,0.42
15.815079135000001,0.01,0.5,0.02,0.44
15.816404403000002,0.0,0.49,0.01,0.43
15.817073688,0.01,0.49,0.0,0.42
15.818261880000001,0.0,0.5,0.0,0.42
15.81907331,0.01,0.51,0.0,0.43
15.820345918000001,0.01,0.5,0.01,0.42
15.821077025000001,0.0,0.49,0.0,0.42
15.82235507,0.0,0.5,0.01,0.41
15.824364259000001,0.0,0.5,0.0,0.42
15.825083325000001,0.01,0.5,0.01,0.42
15.826355509,0.01,0.5,0.01,0.42
15.827071559,0.01,0.51,0.01,0.43
15.828356089000001,0.01,0.5,0.01,0.42
15.829071244000001,0.01,0.5,0.01,0.41
15.830270609000001,0.0,0.49,0.01,0.42
15.83107331,0.01,0.5,0.0,0.42
15.832318002000001,0.01,0.5,0.0,0.42
15.833118657000002,0.01,0.5,0.01,0.42
15.834157143,0.01,0.51,0.01,0.42
15.83518068,0.01,0.5,0.0,0.42
15.836111937000002,0.0,0.49,0.0,0.42
15.837378121,0.0,0.49,0.0,0.42
15.839365124,0.01,0.49,0.0,0.42
15.840079819000001,0.0,0.49,0.0,0.42
15.841223895,0.0,0.5,0.0,0.43
15.842226427000002,0.0,0.5,0.0,0.43
15.843209333,0.01,0.5,0.01,0.42
15.844224886000001,0.01,0.49,0.01,0.42
15.845222513000001,0.01,0.5,0.01,0.43
15.846258783000001,0.01,0.5,0.01,0.42
15.847156948,0.01,0.5,0.01,0.42
15.848124822,0.02,0.5,0.02,0.42
15.849230718000001,0.02,0.51,0.01,0.43
15.850147219,0.0,0.51,0.01,0.42
15.851223078,0.0,0.5,0.0,0.43
15.853347358,0.01,0.49,0.01,0.43
15.854087265,0.01,0.5,0.01,0.43
15.855341957,0.0,0.5,0.01,0.42
15.856093358,0.01,0.5,0.0,0.43
15.857349855,0.01,0.51,0.01,0.42
15.858082179,0.01,0.5,0.0,0.42
15.859344833000002,0.01,0.49,0.01,0.43
15.860079606000001,0.0,0.5,0.0,0.42
15.861392839,0.01,0.49,0.0,0.42
15.862082671000001,0.01,0.5,0.0,0.42
15.863242451000001,0.01,0.49,0.0,0.44
15.864124966,0.0,0.5,0.0,0.43
15.865194038,0.01,0.49,0.01,0.42
15.86623486,0.01,0.5,0.01,0.43
15.868354120000001,0.02,0.51,0.02,0.43
15.869084601,0.01,0.51,0.01,0.42
15.870361795,0.02,0.5,0.01,0.43
15.871085589000002,0.0,0.5,0.0,0.42
15.872224754000001,0.01,0.5,0.0,0.42
15.873239367000002,0.0,0.49,0.01,0.42
15.874226902,0.01,0.49,0.01,0.43
15.875227958000002,0.02,0.5,0.01,0.42
15.876299358,0.0,0.49,0.0,0.43
15.877104769,0.01,0.49,0.01,0.42
15.878279426,0.01,0.5,0.01,0.43
15.879174208,0.01,0.49,0.01,0.43
15.880333148000002,0.0,0.5,0.01,0.42
15.882348431,0.0,0.51,0.01,0.42
15.883080220000002,0.0,0.5,0.0,0.42
15.884224153000002,0.0,0.5,0.0,0.43
15.885219495000001,0.0,0.49,0.0,0.43
15.886229586,0.01,0.49,0.0,0.43
15.887215853,0.01,0.5,0.01,0.43
15.888220455,0.01,0.5,0.02,0.44
15.889353751000002,0.01,0.5,0.02,0.43
15.8900827,0.01,0.5,0.01,0.42
15.891305756000001,0.0,0.51,0.01,0.43
15.892127207000001,0.0,0.49,0.01,0.43
15.893258029000002,0.01,0.49,0.0,0.43
15.894102104000002,0.02,0.48,0.01,0.41
15.895340280000001,0.01,0.5,0.01,0.43
15.897272239000001,0.01,0.49,0.01,0.43
15.898081411000001,0.0,0.48,0.01,0.42
15.899343451000002,0.0,0.49,0.0,0.42
15.900117962000001,0.0,0.5,0.0,0.42
15.901223335000001,0.0,0.5,0.0,0.42
15.902223370000002,0.0,0.5,0.0,0.42
15.903219161,0.01,0.5,0.01,0.42
15.904224422,0.01,0.51,0.01,0.42
15.905102675,0.01,0.5,0.01,0.42
15.906264442000001,0.0,0.51,0.01,0.43
15.907085463000001,0.01,0.49,0.01,0.42
15.908261757000002,0.01,0.49,0.01,0.42
15.909131926,0.01,0.49,0.01,0.42
15.910190915000001,0.01,0.5,0.0,0.42
15.912373692000001,0.01,0.5,0.0,0.41
15.913088360000001,0.0,0.5,0.01,0.42
15.914332667000002,0.02,0.5,0.01,0.43
15.915092075,0.01,0.5,0.01,0.43
15.916372172,0.01,0.5,0.01,0.42
15.917078234000002,0.01,0.5,0.0,0.42
15.918348609,0.01,0.49,0.01,0.42
15.919078555,0.01,0.49,0.0,0.43
15.920345693000002,0.0,0.5,0.0,0.42
15.921079697000001,0.0,0.51,0.01,0.42
15.922109342,0.0,0.49,0.0,0.42
15.923130429,0.01,0.49,0.0,0.43
15.924230575000001,0.01,0.51,0.0,0.43
15.926323507000001,0.0,0.5,0.0,0.42
15.927089367,0.01,0.5,0.01,0.43
15.92834732,0.01,0.5,0.01,0.41
15.929090428,0.01,0.5,0.01,0.43
15.930347674000002,0.0,0.5,0.01,0.43
15.931108634000001,0.01,0.49,0.0,0.42
15.932357419,0.0,0.49,0.01,0.43
15.933081167000001,0.02,0.5,0.01,0.42
15.934220405000001,0.02,0.49,0.01,0.43
15.935222805,0.0,0.5,0.01,0.43
15.936160067000001,0.0,0.5,0.0,0.41
15.937287253000001,0.01,0.5,0.0,0.42
15.938111199000002,0.0,0.5,0.0,0.42
15.939282448,0.0,0.5,0.0,0.42
15.940153553000002,0.01,0.5,0.01,0.42
15.941319612000001,0.0,0.5,0.0,0.43
15.943335616,0.0,0.5,0.0,0.43
15.944084181000001,0.0,0.5,0.01,0.43
15.945219349,0.01,0.5,0.01,0.43
15.946220558,0.0,0.5,0.0,0.43
15.947217648,0.0,0.51,0.01,0.43
15.948218684,0.02,0.5,0.03,0.41
15.949222082,0.01,0.5,0.02,0.42
15.950343459,0.0,0.5,0.01,0.41
15.951082324000001,0.01,0.49,0.0,0.43
15.952264145000001,0.01,0.5,0.0,0.42
15.953167378000002,0.01,0.5,0.01,0.42
15.954100806000001,0.01,0.5,0.01,0.42
15.955296148,0.01,0.5,0.0,0.42
15.957358578000001,0.0,0.5,0.0,0.43
15.958089072000002,0.01,0.5,0.01,0.43
15.959228452000001,0.01,0.5,0.01,0.42
15.960188601,0.01,0.5,0.0,0.43
15.961219774000002,0.0,0.49,0.01,0.43
15.962216916000001,0.01,0.49,0.01,0.43
15.963223073000002,0.0,0.5,0.01,0.43
15.964213950000001,0.01,0.5,0.0,0.43
15.965214365000001,0.0,0.5,0.01,0.43
15.966174304,0.01,0.51,0.01,0.43
15.967299683,0.02,0.51,0.02,0.44
15.968087961,0.01,0.51,0.01,0.43
15.969282059000001,0.01,0.51,0.01,0.43
15.970167796,0.01,0.49,0.01,0.44
15.972340275,0.0,0.5,0.01,0.43
15.973087051,0.01,0.5,0.0,0.43
15.974216030000001,0.0,0.5,0.0,0.43
15.975222369,0.0,0.5,0.01,0.43
15.976207968,0.01,0.5,0.01,0.43
15.977212222,0.0,0.5,0.01,0.43
15.978344002000002,0.01,0.5,0.01,0.43
15.979082856000002,0.01,0.49,0.01,0.43
15.980343808,0.0,0.49,0.0,0.43
15.981075902,0.01,0.5,0.0,0.43
15.982267804000001,0.0,0.5,0.0,0.43
15.983120512000001,0.01,0.5,0.01,0.42
15.984151094000001,0.01,0.49,0.01,0.42
15.986386052,0.0,0.49,0.0,0.43
15.987084736000002,0.01,0.5,0.01,0.43
15.988118091,0.01,0.51,0.02,0.43
15.989322433000002,0.01,0.5,0.02,0.44
15.990088018000002,0.01,0.5,0.01,0.43
15.991345259000001,0.01,0.5,0.0,0.42
15.992090182000002,0.0,0.5,0.01,0.43
15.993343032,0.02,0.49,0.01,0.42
15.994083016000001,0.02,0.5,0.01,0.42
15.995370399,0.02,0.5,0.01,0.42
15.996077723,0.0,0.49,0.0,0.43
15.997287261,0.0,0.49,0.0,0.42
15.998159478000002,0.0,0.49,0.01,0.42
15.999145616000002,0.0,0.49,0.01,0.42
16.001389097,0.0,0.5,0.01,0.43
16.002086018,0.0,0.5,0.01,0.43
16.003357062000003,0.0,0.5,0.0,0.43
16.004084358,0.01,0.5,0.01,0.42
16.005213047,0.03,0.5,0.0,0.42
16.006216742,0.01,0.49,0.01,0.43
16.007216644,0.01,0.51,0.01,0.42
16.008209076,0.01,0.5,0.01,0.42
16.009346404000002,0.01,0.51,0.01,0.43
16.010083818000002,0.01,0.5,0.0,0.43
16.011360515,0.0,0.5,0.01,0.43
16.012077738000002,0.01,0.5,0.01,0.43
16.013269741000002,0.01,0.5,0.01,0.43
16.014133097000002,0.02,0.51,0.02,0.42
16.01512118,0.02,0.5,0.01,0.43
16.016314932,0.0,0.5,0.0,0.42
16.018352883000002,0.0,0.5,0.0,0.42
16.019085692,0.01,0.5,0.0,0.43
16.020218505000003,0.0,0.49,0.0,0.42
16.021223563,0.0,0.5,0.01,0.42
16.022223511,0.0,0.5,0.0,0.43
16.023067691,0.01,0.5,0.01,0.43
16.024348578,0.01,0.5,0.0,0.43
16.025080975,0.01,0.5,0.0,0.43
16.026219457,0.01,0.51,0.01,0.43
16.027065134,0.02,0.5,0.01,0.42
16.028141649000002,0.02,0.5,0.01,0.43
16.030305412,0.02,0.5,0.0,0.42
16.031089071,0.0,0.49,0.0,0.43
16.032214453,0.0,0.5,0.0,0.43
16.033218523000002,0.0,0.5,0.01,0.43
16.034204587,0.02,0.51,0.01,0.42
16.035204505,0.01,0.5,0.01,0.43
16.036342525000002,0.0,0.5,0.0,0.42
16.037086867,0.01,0.5,0.01,0.43
16.038337965,0.0,0.49,0.01,0.41
16.03907931,0.01,0.5,0.01,0.42
16.040353056,0.01,0.5,0.0,0.43
16.041075892000002,0.0,0.5,0.0,0.43
16.042422324,0.01,0.5,0.0,0.43
16.043075166,0.0,0.5,0.01,0.43
16.044288327,0.01,0.5,0.0,0.43
16.045135176000002,0.01,0.48,0.01,0.43
16.046248809,0.01,0.51,0.01,0.44
16.048358844000003,0.01,0.51,0.01,0.43
16.049076856,0.01,0.49,0.02,0.42
16.050349098,0.0,0.5,0.01,0.42
16.051074867,0.0,0.5,0.0,0.42
16.052297783,0.0,0.5,0.0,0.43
16.053074768000002,0.0,0.5,0.01,0.42
16.054364564,0.01,0.49,0.01,0.43
16.055102121,0.01,0.5,0.01,0.43
16.056352411000002,0.0,0.5,0.01,0.43
16.057076692000003,0.01,0.5,0.01,0.42
16.058328039000003,0.01,0.5,0.01,0.42
16.059165864,0.01,0.51,0.01,0.42
16.060274814,0.0,0.49,0.0,0.43
16.061071001000002,0.0,0.5,0.0,0.44
16.062342762,0.0,0.5,0.0,0.43
16.064357882,0.0,0.5,0.01,0.43
16.065073649000002,0.0,0.5,0.01,0.43
16.066226616,0.0,0.5,0.0,0.42
16.06722724,0.02,0.5,0.01,0.43
16.06822882,0.01,0.5,0.02,0.43
16.069220092000002,0.02,0.51,0.02,0.43
16.070227073,0.01,0.5,0.0,0.43
16.071366259,0.0,0.5,0.0,0.42
16.07208117,0.0,0.5,0.0,0.42
16.07328192,0.01,0.5,0.01,0.43
16.074153909,0.0,0.5,0.01,0.44
16.075149682,0.0,0.5,0.01,0.42
16.076120301,0.0,0.5,0.0,0.43
16.077380440000002,0.01,0.5,0.0,0.43
16.079249445000002,0.01,0.5,0.01,0.43
16.080084946,0.0,0.5,0.0,0.43
16.08119576,0.0,0.5,0.01,0.43
16.082213514,0.0,0.5,0.01,0.42
16.083213580000002,0.01,0.49,0.01,0.43
16.084214472,0.0,0.5,0.01,0.43
16.085222181000002,0.01,0.5,0.0,0.43
16.086170932,0.01,0.49,0.01,0.43
16.087363388,0.01,0.5,0.01,0.43
16.088085021,0.01,0.51,0.01,0.43
16.089269364,0.02,0.5,0.01,0.43
16.090173735,0.0,0.51,0.01,0.43
16.092334694,0.01,0.5,0.0,0.42
16.093115731,0.01,0.5,0.0,0.43
16.094256950000002,0.01,0.49,0.01,0.42
16.095202519,0.01,0.5,0.01,0.42
16.096243582,0.0,0.5,0.0,0.42
16.097234236000002,0.01,0.49,0.01,0.42
16.098230904,0.0,0.5,0.01,0.43
16.099228109000002,0.01,0.5,0.01,0.42
16.100223025000002,0.0,0.49,0.01,0.42
16.101360196,0.0,0.5,0.0,0.44
16.102078932,0.01,0.5,0.0,0.43
16.103261285000002,0.0,0.49,0.0,0.43
16.104078086,0.0,0.5,0.01,0.44
16.105287660000002,0.0,0.5,0.0,0.43
16.10614486,0.0,0.5,0.01,0.44
16.108395854,0.01,0.5,0.02,0.43
16.109082894,0.01,0.5,0.02,0.43
16.110216616000002,0.01,0.5,0.01,0.43
16.111219929,0.01,0.51,0.0,0.43
16.112117399000002,0.01,0.5,0.0,0.43
16.113257925000003,0.01,0.5,0.01,0.42
16.114201196,0.02,0.5,0.01,0.41
16.115212536,0.02,0.49,0.01,0.42
16.116203644000002,0.0,0.5,0.01,0.43
16.117174329,0.0,0.5,0.0,0.43
16.118261438,0.0,0.5,0.01,0.43
16.119084811,0.0,0.49,0.01,0.44
16.120288151,0.0,0.51,0.0,0.43
16.121145162,0.0,0.5,0.0,0.43
16.123349723,0.0,0.5,0.0,0.43
16.124086352000003,0.01,0.5,0.01,0.43
16.125214253,0.02,0.5,0.0,0.42
16.126074009,0.01,0.5,0.01,0.43
16.127208299,0.01,0.5,0.01,0.43
16.128203259,0.01,0.49,0.01,0.43
16.129195409,0.0,0.49,0.01,0.43
16.130206554,0.0,0.5,0.0,0.42
16.131203038000002,0.0,0.5,0.01,0.42
16.132338121,0.0,0.5,0.0,0.44
16.133090603,0.01,0.5,0.02,0.43
16.134290499000002,0.01,0.51,0.01,0.43
16.135177657,0.01,0.5,0.01,0.43
16.137274765,0.01,0.49,0.0,0.43
16.138095534,0.01,0.49,0.01,0.42
16.139131204,0.01,0.49,0.01,0.42
16.140210055,0.0,0.5,0.0,0.43
16.141206885000003,0.0,0.5,0.0,0.43
16.142201017,0.0,0.5,0.0,0.43
16.143200662,0.01,0.49,0.0,0.43
16.144122909,0.01,0.5,0.0,0.43
16.145343209,0.01,0.51,0.0,0.42
16.146091813,0.01,0.5,0.01,0.43
16.147333223,0.02,0.5,0.01,0.43
16.148092848,0.02,0.5,0.01,0.43
16.149079107000002,0.02,0.49,0.01,0.42
16.150147463,0.01,0.5,0.0,0.43
16.15115708,0.0,0.5,0.01,0.42
16.152216985000003,0.01,0.48,0.01,0.43
16.154350829000002,0.01,0.51,0.01,0.42
16.155095157,0.01,0.5,0.0,0.43
16.156205174,0.0,0.5,0.0,0.43
16.157205013000002,0.01,0.5,0.01,0.42
16.158200693,0.0,0.5,0.0,0.43
16.159201416000002,0.01,0.5,0.01,0.43
16.16033351,0.0,0.5,0.01,0.43
16.161092296,0.01,0.49,0.01,0.43
16.162352263000002,0.01,0.5,0.01,0.43
16.163089461000002,0.0,0.5,0.01,0.43
16.164272228,0.0,0.49,0.01,0.43
16.165087158000002,0.0,0.5,0.01,0.43
16.166163528000002,0.0,0.5,0.01,0.44
16.168259300000003,0.01,0.5,0.01,0.43
16.16909261,0.01,0.5,0.01,0.42
16.1702043,0.01,0.5,0.0,0.43
16.171125628000002,0.01,0.5,0.01,0.44
16.172110389,0.01,0.49,0.0,0.43
16.173203569000002,0.01,0.49,0.02,0.43
16.17420625,0.01,0.49,0.01,0.43
16.175202107,0.01,0.49,0.01,0.43
16.176195507000003,0.0,0.49,0.01,0.43
16.177395474,0.0,0.49,0.01,0.43
16.178090597,0.01,0.51,0.0,0.43
16.179272543,0.01,0.5,0.01,0.43
16.180088023,0.01,0.5,0.01,0.43
16.181305629,0.01,0.5,0.01,0.43
16.182083293,0.0,0.49,0.01,0.42
16.18334068,0.0,0.5,0.0,0.43
16.185342082000002,0.0,0.49,0.01,0.43
16.186084404000002,0.0,0.5,0.01,0.42
16.187219858000002,0.0,0.51,0.01,0.43
16.188222039,0.01,0.5,0.01,0.43
16.189210807000002,0.01,0.5,0.0,0.43
16.190218722,0.01,0.5,0.0,0.43
16.19120985,0.0,0.5,0.01,0.43
16.192329309,0.01,0.5,0.0,0.43
16.193083414,0.01,0.5,0.01,0.41
16.194279722,0.02,0.5,0.02,0.42
16.195124346,0.01,0.49,0.02,0.43
16.196152776,0.0,0.5,0.0,0.43
16.197178896,0.01,0.49,0.0,0.42
16.198333010000002,0.0,0.49,0.0,0.42
16.200239240000002,0.0,0.5,0.01,0.43
16.201091341,0.01,0.5,0.0,0.42
16.20221094,0.0,0.49,0.0,0.44
16.203213415,0.0,0.5,0.01,0.42
16.204115358,0.0,0.49,0.0,0.43
16.205283743000003,0.0,0.5,0.0,0.43
16.206088093,0.0,0.5,0.01,0.42
16.207332357000002,0.02,0.51,0.01,0.43
16.208085544,0.02,0.5,0.02,0.43
16.209265538,0.02,0.5,0.02,0.42
16.210165308,0.0,0.49,0.01,0.43
16.211082920000003,0.0,0.51,0.0,0.43
16.212135505000003,0.0,0.5,0.0,0.42
16.213230585,0.01,0.5,0.01,0.43
16.215339788,0.01,0.5,0.01,0.43
16.216090008000002,0.01,0.49,0.01,0.42
16.21736465,0.01,0.5,0.01,0.43
16.218081777000002,0.01,0.5,0.01,0.43
16.219315526000003,0.01,0.5,0.01,0.43
16.220083729000002,0.0,0.5,0.01,0.43
16.221234097,0.01,0.5,0.0,0.43
16.222222988000002,0.0,0.5,0.01,0.43
16.223161256,0.0,0.5,0.01,0.42
16.224138412000002,0.01,0.5,0.0,0.42
16.225289819,0.01,0.49,0.0,0.42
16.226080934000002,0.01,0.5,0.01,0.43
16.227349654,0.01,0.5,0.01,0.43
16.229357797000002,0.01,0.49,0.02,0.43
16.230087363000003,0.0,0.5,0.01,0.44
16.231147702,0.0,0.5,0.01,0.42
16.232209916000002,0.0,0.5,0.01,0.43
16.233153522000002,0.01,0.5,0.01,0.42
16.234345741000002,0.02,0.5,0.02,0.42
16.235091761,0.01,0.51,0.01,0.43
16.23634386,0.0,0.5,0.0,0.42
16.237083102,0.01,0.5,0.0,0.42
16.2382956,0.0,0.5,0.0,0.42
16.239127032000003,0.01,0.49,0.01,0.43
16.240155004000002,0.01,0.5,0.01,0.42
16.24116808,0.0,0.5,0.0,0.43
16.242068577,0.01,0.5,0.0,0.43
16.244292400000003,0.0,0.5,0.01,0.43
16.245127748,0.01,0.5,0.0,0.43
16.246313032,0.0,0.5,0.0,0.43
16.247109889,0.01,0.5,0.02,0.43
16.248360272,0.02,0.5,0.01,0.43
16.249137129,0.01,0.5,0.01,0.42
16.250203889,0.01,0.49,0.0,0.42
16.251264976,0.0,0.5,0.0,0.43
16.252160436,0.0,0.5,0.0,0.42
16.253193967,0.01,0.49,0.01,0.42
16.254172555,0.01,0.49,0.01,0.43
16.255189456,0.02,0.49,0.01,0.42
16.256207126,0.01,0.5,0.01,0.43
16.257275687,0.01,0.5,0.01,0.42
16.258230351,0.01,0.5,0.01,0.43
16.259506644000002,0.0,0.49,0.0,0.42
16.260607912,0.0,0.5,0.01,0.42
16.261507926,0.0,0.5,0.0,0.43
16.263322854000002,0.0,0.5,0.0,0.43
16.264129078,0.0,0.5,0.0,0.43
16.265178735000003,0.0,0.49,0.0,0.41
16.266179785000002,0.01,0.5,0.0,0.43
16.267198199000003,0.02,0.5,0.01,0.44
16.268209642000002,0.01,0.5,0.02,0.44
16.269123307,0.02,0.5,0.02,0.44
16.27015862,0.0,0.5,0.0,0.43
16.271289252000003,0.0,0.49,0.01,0.42
16.272097955,0.01,0.49,0.0,0.42
16.273364169,0.01,0.49,0.01,0.42
16.275354365000002,0.01,0.51,0.02,0.44
16.276099505,0.01,0.5,0.01,0.44
16.277335869,0.01,0.49,0.0,0.43
16.278091499000002,0.0,0.5,0.0,0.42
16.279335389,0.0,0.5,0.01,0.43
16.280089012,0.01,0.49,0.0,0.44
16.281338522000002,0.0,0.5,0.0,0.43
16.282083926000002,0.0,0.5,0.01,0.43
16.283337567,0.01,0.51,0.01,0.43
16.284078684,0.01,0.5,0.0,0.43
16.285272567,0.01,0.5,0.0,0.43
16.286157435,0.01,0.51,0.01,0.42
16.287295457000003,0.01,0.5,0.01,0.41
16.28816116,0.01,0.5,0.01,0.42
16.289306825,0.01,0.5,0.0,0.42
16.2913523,0.0,0.49,0.01,0.43
16.29208164,0.01,0.51,0.0,0.42
16.29327047,0.01,0.5,0.01,0.44
16.294084275,0.02,0.5,0.01,0.43
16.295133245000002,0.01,0.5,0.01,0.43
16.296137449,0.0,0.5,0.0,0.43
16.297121038,0.0,0.49,0.0,0.43
16.298242776000002,0.01,0.49,0.0,0.43
16.29907181,0.0,0.5,0.01,0.42
16.300268226,0.0,0.5,0.0,0.42
16.301157175,0.0,0.5,0.0,0.43
16.302351114,0.0,0.5,0.0,0.42
16.303119372,0.0,0.51,0.0,0.43
16.304364867,0.0,0.49,0.01,0.43
16.306187555,0.01,0.5,0.01,0.42
16.307261466,0.02,0.5,0.01,0.43
16.308154419,0.02,0.51,0.02,0.43
16.309461652,0.01,0.5,0.02,0.42
16.310077183,0.0,0.51,0.0,0.43
16.311359021,0.0,0.49,0.0,0.44
16.312076079,0.0,0.5,0.01,0.43
16.31336048,0.01,0.5,0.01,0.43
16.314072635000002,0.01,0.48,0.02,0.43
16.315286363000002,0.01,0.49,0.01,0.43
16.316075271000003,0.01,0.5,0.0,0.43
16.317398131,0.01,0.5,0.0,0.43
16.318074887,0.01,0.5,0.0,0.44
16.319368741,0.0,0.5,0.0,0.43
16.321360781000003,0.0,0.5,0.0,0.43
16.322109138000002,0.0,0.5,0.0,0.43
16.323354560000002,0.0,0.49,0.01,0.43
16.324076318,0.0,0.51,0.01,0.43
16.325259811000002,0.0,0.5,0.0,0.43
16.326135503,0.0,0.5,0.0,0.43
16.327126343,0.01,0.5,0.01,0.44
16.328158175000002,0.02,0.5,0.02,0.44
16.329129926,0.02,0.5,0.01,0.44
16.330114384,0.0,0.5,0.01,0.43
16.331280735,0.01,0.5,0.0,0.43
16.332064666,0.0,0.49,0.0,0.42
16.333305142,0.01,0.5,0.01,0.43
16.335293855,0.01,0.5,0.01,0.43
16.336172167,0.01,0.5,0.01,0.43
16.337376252000002,0.01,0.5,0.0,0.43
16.338067849,0.01,0.5,0.01,0.43
16.339353155,0.01,0.49,0.01,0.43
16.340067565000002,0.0,0.49,0.01,0.43
16.341280991,0.01,0.5,0.0,0.42
16.342067008,0.0,0.5,0.01,0.43
16.343227861000003,0.01,0.5,0.01,0.43
16.344162147000002,0.0,0.5,0.0,0.43
16.345284427,0.01,0.5,0.01,0.43
16.346112862000002,0.01,0.5,0.01,0.43
16.347297272000002,0.01,0.49,0.01,0.43
16.348118709,0.01,0.49,0.01,0.43
16.349370521,0.01,0.49,0.0,0.42
16.351359532,0.01,0.5,0.0,0.42
16.352114369000002,0.01,0.5,0.0,0.42
16.353365241000002,0.01,0.5,0.01,0.43
16.354072638,0.02,0.5,0.01,0.43
16.355338075000002,0.02,0.49,0.02,0.44
16.356075004,0.0,0.5,0.0,0.42
16.357235235,0.01,0.5,0.0,0.43
16.358074268,0.01,0.48,0.01,0.42
16.359224997000002,0.01,0.5,0.01,0.42
16.360074265,0.01,0.5,0.0,0.43
16.361277811,0.0,0.51,0.01,0.43
16.362170000000003,0.01,0.51,0.0,0.43
16.363383272,0.01,0.49,0.01,0.42
16.365353513000002,0.0,0.5,0.01,0.42
16.366074503,0.01,0.5,0.0,0.43
16.367284957000003,0.01,0.51,0.01,0.43
16.368191159000002,0.02,0.5,0.01,0.43
16.369158715,0.01,0.5,0.01,0.42
16.370301129,0.0,0.51,0.0,0.43
16.371072521000002,0.0,0.51,0.0,0.43
16.372314835,0.01,0.5,0.0,0.43
16.373154473,0.01,0.5,0.01,0.43
16.374330672,0.01,0.5,0.01,0.43
16.375156622000002,0.01,0.5,0.01,0.42
16.376235366,0.0,0.5,0.01,0.43
16.377067993,0.01,0.5,0.01,0.43
16.378356733,0.01,0.51,0.01,0.42
16.38036143,0.0,0.5,0.0,0.43
16.381119297,0.01,0.5,0.0,0.43
16.382225985,0.0,0.49,0.0,0.43
16.383250376,0.0,0.5,0.0,0.44
16.384329463,0.0,0.5,0.0,0.44
16.385113664000002,0.01,0.5,0.0,0.42
16.386351753,0.01,0.5,0.01,0.43
16.387119247,0.01,0.5,0.02,0.43
16.388164925,0.01,0.5,0.01,0.44
16.389233807,0.01,0.5,0.02,0.44
16.390160391000002,0.0,0.51,0.0,0.42
16.391221867000002,0.0,0.5,0.0,0.42
16.392119377,0.01,0.5,0.01,0.42
16.393515185000002,0.01,0.51,0.02,0.41
16.395333953,0.02,0.5,0.02,0.42
16.396122318,0.01,0.49,0.01,0.42
16.397398357,0.0,0.5,0.01,0.43
16.398075819000002,0.0,0.49,0.01,0.41
16.399099395,0.01,0.5,0.0,0.43
16.400078651,0.0,0.5,0.0,0.42
16.401373218,0.01,0.5,0.0,0.43
16.402078765000002,0.01,0.5,0.0,0.43
16.403180210000002,0.0,0.48,0.01,0.42
16.404172921,0.02,0.49,0.01,0.43
16.405263849,0.01,0.5,0.01,0.43
16.406158366,0.01,0.51,0.01,0.43
16.407223531,0.02,0.5,0.01,0.43
16.4081687,0.02,0.5,0.01,0.42
16.409292824,0.0,0.5,0.0,0.42
16.411360528,0.0,0.5,0.0,0.43
16.412071571000002,0.0,0.5,0.0,0.43
16.413227488,0.01,0.49,0.02,0.43
16.414159031,0.01,0.49,0.01,0.43
16.41534434,0.01,0.49,0.01,0.43
16.416114395,0.0,0.5,0.0,0.43
16.417348005,0.01,0.5,0.01,0.44
16.418139778,0.01,0.5,0.01,0.43
16.419336332,0.01,0.5,0.01,0.42
16.420072266000002,0.0,0.5,0.01,0.43
16.421232134,0.0,0.5,0.0,0.43
16.422113464000002,0.0,0.5,0.0,0.43
16.42338578,0.01,0.49,0.0,0.43
16.425395639,0.01,0.5,0.01,0.43
16.426076359,0.01,0.49,0.01,0.43
16.427375977,0.01,0.5,0.02,0.44
16.428075297,0.02,0.49,0.02,0.43
16.42936018,0.01,0.5,0.02,0.44
16.430076719000002,0.01,0.5,0.0,0.42
16.431358258,0.0,0.5,0.0,0.43
16.432076494,0.0,0.5,0.01,0.43
16.433369429000003,0.01,0.49,0.0,0.43
16.434074003000003,0.02,0.5,0.01,0.43
16.435276463,0.02,0.49,0.02,0.43
16.436159645,0.01,0.5,0.0,0.43
16.437343136000003,0.0,0.49,0.0,0.42
16.43813408,0.01,0.48,0.0,0.43
16.439354365,0.01,0.5,0.0,0.43
16.441380983000002,0.0,0.5,0.0,0.43
16.442076207,0.01,0.5,0.0,0.43
16.443369427,0.01,0.5,0.0,0.44
16.444073967,0.01,0.5,0.01,0.42
16.445363058,0.01,0.5,0.0,0.43
16.446074531,0.0,0.5,0.0,0.43
16.447170387,0.02,0.49,0.01,0.42
16.448261809,0.02,0.49,0.01,0.43
16.449085482,0.01,0.5,0.0,0.43
16.450236763,0.0,0.5,0.0,0.43
16.451137512000003,0.0,0.5,0.01,0.43
16.452346757,0.0,0.5,0.0,0.42
16.453106702,0.01,0.5,0.01,0.43
16.455390656000002,0.01,0.5,0.01,0.43
16.456102045,0.01,0.5,0.0,0.43
16.457371436000003,0.01,0.49,0.0,0.43
16.458233738,0.01,0.49,0.0,0.42
16.459084779,0.01,0.5,0.01,0.42
16.460248733,0.0,0.5,0.0,0.43
16.461079798,0.0,0.5,0.01,0.43
16.462126237,0.0,0.5,0.01,0.43
16.463191269,0.0,0.5,0.0,0.43
16.464173568,0.0,0.5,0.01,0.43
16.465173048,0.0,0.5,0.01,0.43
16.466178712,0.01,0.49,0.0,0.44
16.467193174000002,0.01,0.51,0.01,0.43
16.468196551000002,0.02,0.51,0.02,0.43
16.46917152,0.01,0.51,0.01,0.44
16.471500683000002,0.0,0.5,0.01,0.43
16.472637677,0.01,0.5,0.01,0.43
16.473681392,0.01,0.51,0.01,0.43
16.474575035,0.02,0.48,0.01,0.43
16.475408522000002,0.02,0.49,0.01,0.42
16.476180933000002,0.01,0.5,0.01,0.43
16.477199022,0.0,0.49,0.01,0.43
16.478450283,0.0,0.5,0.0,0.43
16.479274853,0.01,0.5,0.0,0.43
16.480178528,0.0,0.49,0.0,0.43
16.481154845000002,0.0,0.51,0.0,0.42
16.482179118,0.01,0.5,0.01,0.42
16.483167010000003,0.01,0.5,0.0,0.43
16.484189915,0.01,0.5,0.01,0.43
16.486454657,0.0,0.5,0.0,0.44
16.487409032000002,0.01,0.49,0.01,0.43
16.488215756000002,0.01,0.49,0.0,0.43
16.489170353000002,0.01,0.49,0.01,0.42
16.490147715000003,0.0,0.5,0.01,0.42
16.491187229,0.0,0.51,0.01,0.42
16.492203662,0.0,0.5,0.01,0.43
16.493201005,0.01,0.5,0.01,0.43
16.494212344,0.01,0.51,0.01,0.43
16.495166799,0.01,0.5,0.01,0.43
16.496160272,0.01,0.5,0.0,0.43
16.497314761000002,0.01,0.5,0.01,0.42
16.498121216,0.01,0.49,0.01,0.42
16.499202880000002,0.0,0.5,0.0,0.42
16.501347851000002,0.0,0.5,0.0,0.42
16.502115160000002,0.0,0.49,0.01,0.43
16.503192894,0.0,0.5,0.0,0.42
16.504204673,0.01,0.5,0.0,0.43
16.505191527,0.0,0.49,0.01,0.43
16.506344774000002,0.01,0.5,0.01,0.43
16.507105313,0.01,0.51,0.01,0.43
16.508272783000002,0.02,0.51,0.02,0.44
16.509087738,0.02,0.5,0.01,0.43
16.510283719,0.0,0.5,0.01,0.43
16.511086476000003,0.0,0.5,0.01,0.43
16.512278928,0.01,0.49,0.0,0.42
16.513131514,0.01,0.5,0.01,0.42
16.51424965,0.01,0.5,0.01,0.42
16.516262954000002,0.01,0.5,0.01,0.42
16.517179046000003,0.0,0.5,0.01,0.42
16.518225092,0.0,0.5,0.0,0.42
16.519071038,0.0,0.5,0.01,0.43
16.520317758,0.01,0.49,0.01,0.43
16.521082784,0.0,0.5,0.0,0.42
16.522387352000003,0.0,0.49,0.01,0.43
16.523080844000003,0.01,0.49,0.0,0.43
16.524361635,0.01,0.49,0.0,0.43
16.525079445,0.0,0.5,0.0,0.43
16.526265713,0.01,0.5,0.0,0.43
16.527159393,0.02,0.49,0.01,0.42
16.528270119000002,0.02,0.5,0.01,0.42
16.529165073,0.02,0.5,0.01,0.42
16.531249547,0.01,0.51,0.0,0.43
16.532143141000002,0.0,0.5,0.01,0.43
16.533118574,0.02,0.5,0.01,0.44
16.534206576000003,0.01,0.5,0.01,0.43
16.535219916000003,0.01,0.49,0.01,0.43
16.536120654,0.0,0.49,0.01,0.42
16.53732189,0.01,0.5,0.01,0.42
16.538127065,0.01,0.5,0.01,0.42
16.539262244,0.01,0.5,0.01,0.42
16.540085304,0.01,0.51,0.0,0.43
16.541136789,0.0,0.5,0.01,0.44
16.542158202,0.0,0.5,0.0,0.42
16.543366456,0.01,0.5,0.01,0.43
16.544083504,0.01,0.49,0.01,0.42
16.545302661,0.01,0.5,0.0,0.43
16.547359136,0.01,0.51,0.01,0.43
16.548124383,0.02,0.5,0.01,0.44
16.549234725,0.02,0.5,0.02,0.43
16.550233739,0.01,0.5,0.01,0.42
16.551236435,0.01,0.5,0.0,0.43
16.552239777,0.01,0.5,0.0,0.41
16.553173549,0.01,0.48,0.01,0.43
16.554192258,0.02,0.5,0.01,0.43
16.555148828,0.01,0.5,0.02,0.43
16.556274447,0.0,0.49,0.01,0.43
16.557078141,0.01,0.5,0.01,0.42
16.558331734,0.0,0.5,0.0,0.43
16.559078200000002,0.01,0.5,0.0,0.43
16.561236795000003,0.0,0.5,0.01,0.43
16.562107944,0.0,0.51,0.0,0.43
16.563155079,0.01,0.49,0.01,0.42
16.564221492,0.01,0.51,0.01,0.42
16.565221895,0.01,0.5,0.01,0.43
16.566214868,0.0,0.5,0.0,0.43
16.567340895,0.01,0.49,0.01,0.43
16.568086432,0.01,0.5,0.0,0.42
16.56934626,0.02,0.49,0.01,0.42
16.570088428000002,0.0,0.5,0.0,0.43
16.571239425,0.0,0.5,0.0,0.42
16.572083761000002,0.0,0.5,0.0,0.42
16.57331494,0.01,0.5,0.01,0.43
16.574180374,0.01,0.49,0.02,0.43
16.575348570000003,0.01,0.5,0.01,0.43
16.577349451,0.01,0.49,0.01,0.43
16.578121200000002,0.01,0.5,0.01,0.41
16.579231366000002,0.0,0.5,0.01,0.43
16.58015775,0.0,0.5,0.0,0.43
16.581226435,0.0,0.49,0.0,0.42
16.58223134,0.0,0.5,0.0,0.42
16.583137373,0.01,0.49,0.0,0.43
16.584347529000002,0.01,0.5,0.01,0.43
16.585102022,0.01,0.49,0.01,0.43
16.586270283,0.01,0.5,0.01,0.43
16.587152685,0.01,0.5,0.02,0.44
16.588315085,0.02,0.5,0.02,0.43
16.589125422000002,0.01,0.5,0.01,0.43
16.591358766000003,0.0,0.51,0.01,0.43
16.592109336,0.01,0.5,0.01,0.43
16.593343556,0.01,0.5,0.01,0.42
16.594080765,0.01,0.5,0.01,0.42
16.595339210000002,0.02,0.5,0.02,0.42
16.596080807,0.0,0.49,0.0,0.43
16.597232610000002,0.0,0.5,0.0,0.42
16.598233745,0.0,0.49,0.01,0.43
16.599204723,0.01,0.49,0.01,0.42
16.600150344,0.0,0.5,0.01,0.42
16.601228181,0.0,0.49,0.0,0.42
16.602154446,0.0,0.5,0.01,0.42
16.604296173,0.01,0.49,0.0,0.43
16.605090148000002,0.0,0.5,0.01,0.43
16.606334035,0.0,0.5,0.0,0.43
16.607084095,0.02,0.5,0.01,0.42
16.608347443,0.02,0.5,0.01,0.42
16.60907744,0.02,0.5,0.01,0.42
16.61035027,0.01,0.51,0.0,0.43
16.611077163,0.01,0.51,0.01,0.42
16.612346387000002,0.0,0.49,0.0,0.43
16.613078114,0.01,0.5,0.0,0.42
16.614224762000003,0.01,0.49,0.01,0.43
16.615187522,0.01,0.49,0.01,0.43
16.616143476,0.0,0.5,0.0,0.42
16.617143562000003,0.01,0.49,0.01,0.42
16.618285497000002,0.01,0.5,0.0,0.42
16.619078998000003,0.01,0.49,0.0,0.43
16.620338142,0.0,0.49,0.01,0.43
16.622338823,0.0,0.5,0.01,0.43
16.623126091,0.01,0.5,0.01,0.42
16.624190222,0.0,0.49,0.01,0.43
16.625227264,0.0,0.49,0.0,0.42
16.626224386,0.01,0.51,0.0,0.43
16.627219384,0.01,0.5,0.02,0.43
16.628221087,0.02,0.51,0.01,0.43
16.629200598,0.02,0.51,0.02,0.43
16.630330338,0.01,0.49,0.01,0.43
16.631081144,0.0,0.5,0.01,0.43
16.632134228,0.01,0.49,0.0,0.43
16.634380342,0.01,0.5,0.0,0.42
16.635084215000003,0.02,0.5,0.01,0.42
16.636339573,0.01,0.5,0.01,0.43
16.63710932,0.0,0.49,0.0,0.42
16.638257778,0.01,0.49,0.01,0.43
16.639116543,0.0,0.51,0.01,0.43
16.640236659,0.0,0.5,0.01,0.42
16.641162140000002,0.01,0.49,0.0,0.43
16.642232542000002,0.0,0.5,0.01,0.41
16.643228308,0.01,0.5,0.01,0.43
16.644063884,0.01,0.5,0.01,0.43
16.645276717,0.0,0.51,0.0,0.42
16.646078644000003,0.01,0.49,0.01,0.43
16.647143317,0.01,0.48,0.01,0.42
16.648149885000002,0.01,0.5,0.01,0.42
16.649344001,0.0,0.5,0.01,0.42
16.651345120000002,0.0,0.49,0.0,0.42
16.652088749,0.0,0.49,0.0,0.43
16.653206312000002,0.01,0.51,0.0,0.43
16.654257142000002,0.0,0.52,0.01,0.43
16.655077650000003,0.01,0.5,0.01,0.43
16.656228815000002,0.0,0.5,0.0,0.43
16.657207125,0.0,0.5,0.0,0.42
16.658203193000002,0.01,0.5,0.0,0.42
16.659297489,0.01,0.49,0.01,0.42
16.660131676000002,0.01,0.5,0.0,0.42
16.661179427,0.0,0.5,0.0,0.42
16.662154854,0.0,0.5,0.0,0.42
16.663230491,0.0,0.5,0.0,0.43
16.664149348000002,0.02,0.5,0.0,0.43
16.665179021,0.0,0.5,0.0,0.43
16.667342947,0.01,0.51,0.01,0.43
16.668117404,0.02,0.5,0.02,0.41
16.669130116,0.01,0.5,0.01,0.43
16.670215538,0.0,0.51,0.01,0.43
16.671207182,0.01,0.51,0.01,0.42
16.672201785000002,0.0,0.49,0.01,0.43
16.673197829,0.01,0.5,0.01,0.44
16.674203157,0.01,0.48,0.01,0.42
16.675166703000002,0.01,0.5,0.01,0.43
16.67616499,0.01,0.51,0.01,0.42
16.678624544,0.0,0.5,0.01,0.42
16.679164176,0.0,0.5,0.0,0.41
16.680217038000002,0.0,0.5,0.0,0.42
16.681096432,0.01,0.49,0.01,0.42
16.682338509,0.0,0.49,0.0,0.42
16.683098623,0.0,0.49,0.0,0.42
16.684203025000002,0.0,0.5,0.0,0.42
16.6852093,0.01,0.5,0.0,0.43
16.686204895,0.0,0.5,0.01,0.42
16.687338951,0.02,0.5,0.02,0.43
16.688096,0.03,0.51,0.02,0.43
16.689334812000002,0.02,0.51,0.02,0.43
16.690085906,0.01,0.5,0.0,0.42
16.691269205,0.01,0.51,0.0,0.42
16.692080878000002,0.0,0.51,0.01,0.42
16.693277376,0.0,0.5,0.0,0.43
16.694163202000002,0.02,0.5,0.01,0.42
16.695194876000002,0.01,0.5,0.01,0.42
16.697173109,0.01,0.49,0.01,0.43
16.698163726,0.01,0.5,0.01,0.43
16.699229022,0.01,0.5,0.01,0.43
16.700118733,0.0,0.5,0.01,0.43
16.701226602000002,0.01,0.5,0.0,0.43
16.702226866,0.01,0.5,0.0,0.43
16.70317143,0.01,0.49,0.0,0.43
16.704069501,0.01,0.5,0.0,0.42
16.705180662,0.01,0.5,0.01,0.42
16.706149319,0.01,0.5,0.01,0.43
16.707148961,0.01,0.49,0.01,0.43
16.708273245,0.01,0.49,0.02,0.42
16.709084176,0.01,0.5,0.0,0.43
16.710316534,0.0,0.5,0.0,0.42
16.712358406,0.01,0.5,0.0,0.43
16.713087201,0.02,0.48,0.02,0.41
16.714217189,0.01,0.5,0.01,0.43
16.715216351000002,0.02,0.51,0.01,0.42
16.716212826,0.01,0.5,0.0,0.43
16.717208051,0.01,0.49,0.0,0.42
16.718333921000003,0.01,0.51,0.0,0.42
16.719113326000002,0.01,0.5,0.01,0.42
16.720373774000002,0.0,0.5,0.01,0.43
16.721080855,0.01,0.5,0.0,0.43
16.722265317,0.0,0.5,0.0,0.43
16.723150847,0.0,0.51,0.0,0.43
16.724253699000002,0.01,0.5,0.0,0.43
16.725165814,0.0,0.5,0.0,0.43
16.727390729,0.02,0.5,0.01,0.44
16.728085191,0.02,0.51,0.02,0.43
16.729235959,0.02,0.5,0.02,0.43
16.730102713,0.01,0.49,0.01,0.43
16.731393548,0.0,0.5,0.01,0.43
16.732072950000003,0.0,0.5,0.01,0.43
16.733359398,0.02,0.49,0.01,0.43
16.734075886,0.01,0.5,0.01,0.41
16.73532833,0.02,0.5,0.01,0.42
16.736158510000003,0.0,0.49,0.0,0.42
16.737132688000003,0.01,0.5,0.01,0.42
16.739339908,0.01,0.5,0.01,0.43
16.740078867,0.0,0.5,0.0,0.42
16.741345178,0.0,0.51,0.0,0.42
16.742081459,0.01,0.5,0.01,0.42
16.743184687,0.01,0.5,0.0,0.42
16.744132018000002,0.0,0.5,0.0,0.43
16.745226644000002,0.01,0.5,0.01,0.42
16.746230436,0.0,0.5,0.01,0.43
16.747233822000002,0.01,0.5,0.01,0.43
16.748223947,0.01,0.49,0.01,0.43
16.749215343,0.01,0.5,0.02,0.42
16.750198938,0.0,0.5,0.01,0.42
16.751280632,0.01,0.5,0.01,0.43
16.752081538000002,0.0,0.5,0.0,0.42
16.753283421000003,0.01,0.49,0.01,0.42
16.754117397,0.02,0.5,0.0,0.42
16.755259554000002,0.01,0.5,0.01,0.42
16.75724778,0.01,0.49,0.0,0.43
16.758185423,0.01,0.49,0.0,0.42
16.759229244,0.0,0.5,0.0,0.42
16.760201384000002,0.0,0.5,0.0,0.43
16.761123141000002,0.01,0.5,0.0,0.42
16.762349556,0.01,0.5,0.0,0.42
16.763081655,0.01,0.49,0.01,0.41
16.764360387,0.01,0.51,0.01,0.41
16.765078682000002,0.01,0.49,0.01,0.43
16.766284575,0.01,0.5,0.02,0.42
16.767074270000002,0.01,0.5,0.01,0.43
16.76826828,0.01,0.5,0.01,0.42
16.769077201,0.01,0.5,0.01,0.43
16.771350654000003,0.0,0.49,0.01,0.42
16.772088769,0.0,0.5,0.01,0.42
16.773249381,0.01,0.49,0.0,0.43
16.774203032000003,0.01,0.51,0.0,0.42
16.775227865,0.0,0.49,0.01,0.43
16.776228822,0.01,0.5,0.01,0.42
16.777226472000002,0.01,0.5,0.0,0.42
16.778204919,0.01,0.5,0.01,0.42
16.779350288,0.01,0.5,0.0,0.42
16.780082015,0.0,0.5,0.0,0.42
16.781288824,0.01,0.5,0.01,0.43
16.782154678,0.01,0.5,0.0,0.42
16.783294854,0.0,0.49,0.0,0.42
16.784078181,0.01,0.49,0.0,0.43
16.785398052,0.01,0.49,0.0,0.43
16.787343903,0.01,0.5,0.0,0.43
16.788105352000002,0.01,0.5,0.02,0.43
16.789210478,0.01,0.5,0.01,0.43
16.79022792,0.0,0.51,0.01,0.42
16.791225880000002,0.01,0.49,0.01,0.42
16.792156453,0.0,0.5,0.0,0.43
16.793222497000002,0.01,0.5,0.01,0.42
16.794113645,0.01,0.5,0.01,0.41
16.795343886,0.01,0.49,0.01,0.41
16.796111269,0.0,0.5,0.0,0.42
16.797263474,0.01,0.5,0.0,0.42
16.798162019,0.0,0.5,0.01,0.42
16.799306294,0.0,0.49,0.01,0.42
16.801363798,0.02,0.5,0.0,0.43
16.802083564,0.0,0.5,0.0,0.43
16.803341835,0.0,0.5,0.01,0.42
16.804082084,0.01,0.5,0.0,0.42
16.805340628,0.0,0.5,0.0,0.43
16.806124769,0.0,0.5,0.01,0.42
16.8073489,0.02,0.49,0.01,0.41
16.808081574000003,0.02,0.5,0.01,0.43
16.809366863,0.02,0.5,0.01,0.41
16.810105229,0.01,0.5,0.0,0.42
16.811289587,0.0,0.5,0.0,0.43
16.812159236,0.0,0.5,0.0,0.43
16.814325131,0.02,0.49,0.0,0.43
16.815078919,0.01,0.49,0.02,0.43
16.816345848,0.01,0.49,0.01,0.42
16.817080317000002,0.01,0.51,0.01,0.42
16.818351232,0.01,0.5,0.01,0.43
16.81908843,0.01,0.5,0.0,0.42
16.820264491,0.0,0.5,0.0,0.43
16.821130434,0.0,0.5,0.0,0.42
16.822130344,0.01,0.49,0.0,0.43
16.823226325,0.02,0.5,0.01,0.43
16.824231219,0.0,0.49,0.01,0.43
16.825197599000003,0.01,0.49,0.0,0.43
16.826310379000002,0.01,0.5,0.01,0.43
16.827141422,0.0,0.49,0.01,0.42
16.828150992,0.01,0.49,0.01,0.45
16.829118979,0.01,0.49,0.02,0.43
16.830365492000002,0.0,0.49,0.0,0.43
16.832243884,0.0,0.49,0.0,0.42
16.833083965,0.02,0.49,0.01,0.42
16.834339208,0.02,0.51,0.01,0.42
16.835083835000002,0.02,0.5,0.01,0.43
16.836230481,0.01,0.5,0.0,0.43
16.837173404,0.01,0.5,0.0,0.43
16.838217758000003,0.01,0.49,0.0,0.42
16.83914133,0.0,0.5,0.0,0.43
16.840349475,0.01,0.5,0.0,0.43
16.841081017,0.01,0.5,0.0,0.42
16.842270395,0.0,0.5,0.0,0.43
16.843079662,0.01,0.5,0.01,0.43
16.844281645000002,0.01,0.5,0.01,0.43
16.845159746,0.0,0.5,0.01,0.43
16.846234189,0.01,0.5,0.01,0.43
16.848243122,0.02,0.5,0.01,0.42
16.849164549,0.02,0.5,0.01,0.42
16.850155261,0.01,0.49,0.01,0.43
16.851144444000003,0.01,0.5,0.01,0.43
16.852343735,0.0,0.5,0.01,0.43
16.85308428,0.01,0.5,0.0,0.43
16.854235159,0.01,0.5,0.02,0.43
16.855087122,0.0,0.5,0.01,0.43
16.856317540000003,0.0,0.5,0.01,0.42
16.857170291000003,0.01,0.5,0.01,0.43
16.858169337,0.01,0.49,0.01,0.42
16.859302266,0.0,0.49,0.0,0.42
16.860170792,0.0,0.5,0.0,0.42
16.861254911,0.0,0.49,0.01,0.43
16.863356225,0.01,0.5,0.0,0.43
16.864079174,0.01,0.49,0.0,0.43
16.865239849,0.01,0.49,0.01,0.43
16.866065655,0.01,0.5,0.0,0.43
16.867377337,0.01,0.49,0.01,0.43
16.868076738000003,0.01,0.5,0.02,0.43
16.869113654,0.02,0.5,0.01,0.44
16.87014617,0.0,0.5,0.01,0.43
16.871189713,0.0,0.5,0.01,0.43
16.872146137,0.0,0.49,0.0,0.42
16.873269806,0.01,0.5,0.01,0.42
16.874159541,0.01,0.5,0.01,0.42
16.875339553,0.01,0.5,0.01,0.43
16.877364015,0.0,0.5,0.0,0.42
16.878086435,0.0,0.49,0.01,0.43
16.879242138000002,0.01,0.49,0.01,0.42
16.880132080000003,0.0,0.5,0.0,0.43
16.881287547,0.0,0.5,0.0,0.43
16.882179894,0.0,0.5,0.01,0.42
16.88320128,0.01,0.49,0.01,0.43
16.884197205,0.01,0.5,0.01,0.43
16.885194171000002,0.01,0.5,0.01,0.42
16.886187591000002,0.02,0.5,0.0,0.43
16.88720293,0.01,0.5,0.02,0.43
16.888195634000002,0.01,0.49,0.01,0.42
16.88915069,0.01,0.49,0.01,0.43
16.890166824,0.01,0.49,0.01,0.43
16.892528753,0.01,0.49,0.01,0.43
16.893712688,0.01,0.51,0.01,0.43
16.894748976000002,0.01,0.5,0.0,0.43
16.895645833,0.01,0.5,0.01,0.43
16.89643612,0.0,0.48,0.02,0.43
16.897167783,0.0,0.48,0.0,0.43
16.898165600000002,0.01,0.49,0.0,0.42
16.899148171,0.01,0.5,0.0,0.42
16.900179402000003,0.0,0.5,0.0,0.43
16.901209741000002,0.01,0.49,0.0,0.43
16.902172367000002,0.0,0.5,0.01,0.43
16.903148319,0.01,0.5,0.01,0.43
16.904325416000002,0.01,0.5,0.01,0.43
16.905127325000002,0.01,0.5,0.01,0.43
16.906328739000003,0.01,0.5,0.01,0.43
16.908323684000003,0.02,0.51,0.02,0.43
16.909111694,0.02,0.51,0.02,0.43
16.910271494,0.0,0.5,0.0,0.42
16.911142357000003,0.01,0.5,0.0,0.43
16.912298921,0.0,0.5,0.0,0.42
16.913125368,0.01,0.49,0.01,0.43
16.914258609,0.01,0.5,0.01,0.43
16.91509187,0.01,0.49,0.01,0.42
16.916155995,0.0,0.5,0.01,0.42
16.917111782000003,0.0,0.49,0.01,0.43
16.918149012,0.01,0.49,0.01,0.42
16.919125438000002,0.01,0.5,0.02,0.42
16.920356156,0.0,0.5,0.0,0.43
16.922348867,0.0,0.5,0.0,0.42
16.923093244,0.0,0.5,0.0,0.43
16.924148904000003,0.0,0.5,0.0,0.42
16.925201522000002,0.0,0.5,0.01,0.41
16.926203202,0.01,0.5,0.01,0.43
16.927421566,0.01,0.5,0.01,0.43
16.928077084,0.01,0.49,0.01,0.43
16.929340468,0.01,0.49,0.01,0.43
16.930090179,0.01,0.5,0.01,0.43
16.93134063,0.01,0.5,0.0,0.43
16.932085173,0.01,0.5,0.0,0.42
16.933275409,0.01,0.5,0.01,0.43
16.934160827,0.02,0.5,0.02,0.44
16.936385519,0.01,0.5,0.0,0.43
16.937087237,0.0,0.49,0.0,0.42
16.938200006000002,0.01,0.49,0.0,0.42
16.939206738,0.01,0.5,0.01,0.43
16.940113446,0.0,0.5,0.0,0.43
16.941320996,0.0,0.5,0.01,0.42
16.942119592,0.0,0.49,0.01,0.42
16.943161067000002,0.0,0.5,0.01,0.43
16.944222748,0.01,0.5,0.01,0.44
16.945216781000003,0.01,0.5,0.01,0.42
16.946120467,0.01,0.5,0.01,0.44
16.947218691,0.02,0.5,0.02,0.43
16.948159546,0.01,0.5,0.02,0.42
16.94914735,0.01,0.5,0.01,0.43
16.951383223,0.0,0.51,0.0,0.43
16.952089941,0.01,0.5,0.0,0.43
16.953208240000002,0.01,0.5,0.02,0.42
16.954206043000003,0.01,0.49,0.01,0.42
16.955071796000002,0.02,0.49,0.01,0.42
16.956333601,0.0,0.5,0.0,0.43
16.957091606000002,0.01,0.5,0.01,0.43
16.958225741,0.0,0.5,0.01,0.43
16.959216491,0.01,0.5,0.01,0.43
16.960216167000002,0.0,0.49,0.01,0.42
16.961164345,0.01,0.51,0.0,0.42
16.962281058000002,0.0,0.5,0.0,0.43
16.963157550000002,0.0,0.5,0.01,0.43
16.965292806,0.0,0.5,0.0,0.42
16.966084724,0.01,0.5,0.01,0.42
16.967355176,0.02,0.49,0.01,0.43
16.968084117,0.02,0.49,0.01,0.43
16.969345756000003,0.01,0.49,0.01,0.42
16.970081231,0.01,0.5,0.01,0.43
16.971228172,0.01,0.5,0.0,0.43
16.972128931,0.0,0.5,0.0,0.43
16.973254089,0.01,0.49,0.01,0.43
16.974160797,0.02,0.5,0.02,0.42
16.975229882,0.02,0.49,0.02,0.43
16.976180623,0.01,0.5,0.01,0.43
16.977141804000002,0.02,0.49,0.01,0.43
16.978262347,0.01,0.5,0.01,0.42
16.979079547,0.0,0.5,0.0,0.42
16.980244791,0.0,0.49,0.0,0.43
16.982350165,0.0,0.51,0.0,0.43
16.983108873000003,0.0,0.5,0.0,0.43
16.984142168,0.0,0.5,0.02,0.43
16.985384549000003,0.01,0.5,0.01,0.42
16.986081117,0.0,0.5,0.0,0.44
16.987449025,0.01,0.51,0.01,0.43
16.988084532000002,0.02,0.5,0.02,0.43
16.989350337,0.02,0.5,0.01,0.43
16.990078381,0.0,0.5,0.01,0.43
16.991234874,0.0,0.5,0.0,0.43
16.992140832,0.01,0.49,0.0,0.42
16.993153499,0.01,0.5,0.01,0.42
16.994141062,0.02,0.5,0.01,0.42
16.995111114,0.01,0.5,0.01,0.42
16.996360011,0.0,0.5,0.0,0.43
16.998366487000002,0.01,0.49,0.01,0.43
16.999091612,0.01,0.5,0.01,0.43
17.000214328000002,0.01,0.49,0.0,0.43
17.001211196,0.01,0.5,0.0,0.43
17.002106653000002,0.0,0.5,0.0,0.42
17.003341866,0.0,0.5,0.01,0.42
17.004086634,0.01,0.5,0.0,0.42
17.005285232000002,0.0,0.5,0.0,0.43
17.006159718000003,0.01,0.49,0.0,0.44
17.007303847,0.01,0.5,0.01,0.42
17.008084085,0.02,0.49,0.01,0.42
17.009253077,0.01,0.49,0.01,0.43
17.01015735,0.0,0.5,0.0,0.43
17.011159264,0.0,0.49,0.0,0.43
17.012334158,0.01,0.5,0.01,0.43
17.014335847,0.01,0.51,0.01,0.41
17.015084498,0.01,0.49,0.02,0.43
17.016214657000003,0.0,0.5,0.0,0.43
17.017212878000002,0.01,0.49,0.01,0.42
17.018162769,0.01,0.51,0.01,0.43
17.019265354,0.01,0.5,0.01,0.43
17.020083963,0.01,0.5,0.0,0.42
17.021315779000002,0.0,0.5,0.0,0.43
17.022084058,0.0,0.5,0.0,0.43
17.023264281,0.0,0.49,0.0,0.43
17.024156276,0.01,0.5,0.01,0.42
17.025294054,0.01,0.49,0.01,0.42
17.026145432,0.01,0.5,0.01,0.44
17.027221759,0.02,0.51,0.02,0.43
17.029358746,0.02,0.5,0.02,0.43
17.030084484,0.01,0.49,0.0,0.43
17.031337842000003,0.0,0.5,0.0,0.42
17.032085228,0.0,0.49,0.01,0.43
17.033318391,0.0,0.5,0.0,0.42
17.034138039000002,0.02,0.49,0.01,0.41
17.0352232,0.01,0.5,0.02,0.43
17.036178082000003,0.01,0.49,0.0,0.43
17.037247898,0.0,0.49,0.01,0.43
17.038128665000002,0.0,0.5,0.01,0.42
17.039242342,0.0,0.5,0.0,0.42
17.040119122,0.0,0.49,0.01,0.42
17.041251199,0.0,0.49,0.01,0.43
17.042135848,0.01,0.5,0.01,0.43
17.044231443,0.0,0.5,0.01,0.42
17.045227914,0.0,0.5,0.01,0.43
17.046241306000002,0.01,0.49,0.0,0.43
17.047230426000002,0.02,0.49,0.02,0.43
17.048109025000002,0.02,0.5,0.0,0.42
17.049221555000003,0.02,0.49,0.01,0.42
17.050078103,0.0,0.5,0.0,0.42
17.051325494,0.0,0.5,0.0,0.42
17.052075253,0.0,0.5,0.01,0.43
17.053278221,0.01,0.5,0.01,0.42
17.054073675,0.01,0.49,0.02,0.42
17.055281579000003,0.01,0.5,0.0,0.43
17.056127628000002,0.0,0.5,0.01,0.42
17.057155222000002,0.01,0.5,0.01,0.42
17.059354877,0.01,0.49,0.01,0.42
17.060078565,0.01,0.49,0.0,0.42
17.061358315,0.0,0.5,0.0,0.43
17.062076010000002,0.01,0.49,0.0,0.42
17.063357524,0.01,0.49,0.01,0.43
17.064074221000002,0.01,0.5,0.0,0.43
17.065114092,0.0,0.49,0.0,0.42
17.066109496000003,0.01,0.5,0.02,0.43
17.067106299000002,0.02,0.49,0.01,0.43
17.068157331000002,0.01,0.49,0.01,0.43
17.069070364,0.01,0.5,0.01,0.43
17.070329357000002,0.01,0.49,0.01,0.42
17.071132378,0.0,0.5,0.01,0.42
17.072332460000002,0.0,0.5,0.01,0.42
17.074236956,0.02,0.5,0.0,0.42
17.075075957000003,0.02,0.5,0.02,0.43
17.076267134000002,0.01,0.5,0.01,0.43
17.077074526,0.0,0.49,0.01,0.42
17.078313925,0.01,0.5,0.0,0.43
17.079142755,0.01,0.5,0.01,0.42
17.080176607000002,0.01,0.5,0.0,0.43
17.081223156,0.0,0.5,0.01,0.43
17.082153892,0.01,0.5,0.0,0.43
17.083279983,0.01,0.5,0.0,0.43
17.084160731,0.01,0.5,0.01,0.43
17.085145488000002,0.0,0.5,0.0,0.42
17.087240414,0.01,0.5,0.02,0.43
17.088144765000003,0.02,0.5,0.01,0.43
17.089109580000002,0.02,0.5,0.01,0.42
17.09022916,0.01,0.49,0.0,0.42
17.091081892000002,0.01,0.5,0.0,0.42
17.092348512,0.0,0.49,0.01,0.42
17.093078445,0.02,0.51,0.0,0.42
17.094343633,0.01,0.5,0.02,0.43
17.095079902000002,0.01,0.5,0.01,0.42
17.096147312,0.0,0.5,0.01,0.42
17.097236718,0.01,0.49,0.01,0.42
17.098166567,0.01,0.5,0.01,0.42
17.099233184000003,0.01,0.5,0.01,0.42
17.100153305000003,0.01,0.5,0.0,0.43
17.101112805,0.01,0.5,0.0,0.43
17.102260278000003,0.0,0.5,0.01,0.43
17.103162275000003,0.02,0.48,0.01,0.42
17.104229024000002,0.01,0.49,0.01,0.43
17.106347371000002,0.01,0.5,0.0,0.42
17.107087202000002,0.02,0.5,0.01,0.43
17.108219217000002,0.01,0.49,0.02,0.44
17.109225438000003,0.01,0.49,0.01,0.43
17.110159202000002,0.0,0.51,0.0,0.42
17.111343165,0.01,0.5,0.0,0.42
17.112084103,0.01,0.49,0.0,0.43
17.113272479000003,0.01,0.49,0.01,0.41
17.114138280000002,0.02,0.5,0.01,0.42
17.115293864,0.01,0.5,0.01,0.43
17.116137908000002,0.0,0.5,0.0,0.43
17.117330426000002,0.01,0.49,0.01,0.43
17.119367428,0.01,0.49,0.01,0.42
17.120085471,0.0,0.5,0.0,0.43
17.121213778,0.0,0.5,0.01,0.43
17.122220249,0.0,0.49,0.0,0.42
17.123066812,0.01,0.5,0.01,0.42
17.124349624,0.01,0.49,0.0,0.43
17.12508404,0.01,0.5,0.01,0.43
17.126185573,0.01,0.49,0.0,0.42
17.127118823,0.01,0.49,0.01,0.43
17.128348138,0.01,0.5,0.01,0.43
17.129085538,0.01,0.48,0.01,0.43
17.130270896000003,0.0,0.5,0.0,0.42
17.131168194,0.0,0.49,0.0,0.42
17.13223095,0.01,0.49,0.0,0.43
17.133235987000003,0.01,0.5,0.01,0.42
17.135345131,0.03,0.51,0.01,0.43
17.136086703,0.01,0.5,0.0,0.43
17.137340485000003,0.01,0.51,0.0,0.43
17.138083655000003,0.0,0.5,0.0,0.42
17.139343236000002,0.0,0.5,0.01,0.42
17.14008089,0.0,0.5,0.01,0.42
17.141338924,0.01,0.5,0.0,0.42
17.142085613000003,0.0,0.5,0.0,0.43
17.143252240000002,0.0,0.49,0.0,0.43
17.144120078,0.01,0.5,0.01,0.42
17.145139445,0.0,0.5,0.0,0.44
17.146356543,0.01,0.51,0.01,0.42
17.148343376,0.02,0.51,0.02,0.42
17.149088937000002,0.01,0.5,0.02,0.43
17.150337774,0.01,0.5,0.01,0.43
17.151078325,0.01,0.5,0.01,0.43
17.152345824,0.0,0.49,0.0,0.43
17.153116572000002,0.01,0.49,0.01,0.43
17.15435258,0.01,0.5,0.01,0.43
17.155106343,0.01,0.5,0.01,0.42
17.156230364000002,0.0,0.49,0.0,0.43
17.157152862,0.01,0.5,0.0,0.42
17.158103881000002,0.01,0.5,0.01,0.43
17.159158031,0.01,0.49,0.01,0.43
17.16134977,0.01,0.5,0.0,0.43
17.16211605,0.01,0.5,0.0,0.43
17.163371669,0.0,0.5,0.01,0.43
17.164081514,0.0,0.5,0.01,0.43
17.165398766000003,0.01,0.5,0.0,0.43
17.166085039000002,0.01,0.49,0.02,0.43
17.167229763,0.01,0.5,0.01,0.42
17.168230669,0.01,0.49,0.01,0.43
17.169230183,0.01,0.49,0.01,0.43
17.17023134,0.0,0.5,0.01,0.42
17.171222509,0.01,0.5,0.0,0.43
17.172132695000002,0.0,0.49,0.01,0.43
17.173278797000002,0.01,0.5,0.01,0.42
17.174156375000003,0.01,0.5,0.01,0.42
17.175129483000003,0.01,0.5,0.01,0.42
17.177262242,0.0,0.49,0.01,0.42
17.178147055,0.01,0.49,0.01,0.43
17.179240316,0.0,0.49,0.0,0.42
17.180111344,0.0,0.5,0.0,0.42
17.181199138,0.0,0.49,0.0,0.42
17.182189282,0.0,0.49,0.0,0.42
17.183145557,0.01,0.5,0.0,0.43
17.18435478,0.01,0.49,0.0,0.42
17.185084779,0.0,0.5,0.0,0.43
17.186330419,0.01,0.51,0.0,0.42
17.187083922,0.02,0.5,0.01,0.42
17.188133359000002,0.02,0.49,0.01,0.43
17.189246723,0.02,0.5,0.01,0.41
17.19008115,0.0,0.5,0.01,0.42
17.191320422,0.0,0.51,0.0,0.42
17.192392936,0.0,0.5,0.01,0.43
17.194140468,0.02,0.5,0.01,0.42
17.195127052,0.01,0.5,0.01,0.44
17.196210915,0.0,0.5,0.0,0.42
17.197192574000002,0.01,0.5,0.01,0.42
17.198165803000002,0.01,0.49,0.01,0.42
17.199128196,0.01,0.5,0.01,0.42
17.200197322,0.0,0.5,0.01,0.43
17.201211961000002,0.0,0.51,0.0,0.42
17.202172592,0.0,0.49,0.0,0.43
17.203195737,0.01,0.51,0.01,0.43
17.204204852,0.01,0.5,0.01,0.42
17.205218848,0.01,0.51,0.01,0.43
17.206243212,0.01,0.51,0.01,0.43
17.207337588,0.01,0.51,0.01,0.42
17.209489071,0.02,0.51,0.01,0.43
17.210496621,0.0,0.5,0.01,0.43
17.21138629,0.0,0.5,0.01,0.42
17.212145526,0.0,0.49,0.0,0.43
17.213166610000002,0.01,0.51,0.0,0.42
17.214164335,0.01,0.49,0.02,0.43
17.215160626,0.01,0.49,0.01,0.43
17.216196447,0.0,0.5,0.0,0.42
17.217133868,0.01,0.5,0.01,0.43
17.218168595,0.01,0.49,0.01,0.42
17.21916822,0.0,0.5,0.01,0.42
17.220111902,0.0,0.49,0.0,0.42
17.221366853000003,0.0,0.5,0.0,0.42
17.222116596,0.0,0.5,0.0,0.43
17.223181153000002,0.01,0.49,0.01,0.43
17.225325164,0.0,0.49,0.0,0.43
17.226093121,0.0,0.5,0.0,0.42
17.227328284000002,0.01,0.49,0.01,0.43
17.228095254,0.01,0.5,0.02,0.43
17.22933162,0.01,0.5,0.02,0.43
17.230090102000002,0.0,0.5,0.01,0.43
17.231348815,0.0,0.5,0.01,0.43
17.23208645,0.0,0.51,0.0,0.42
17.233344909,0.01,0.51,0.0,0.43
17.234082317000002,0.02,0.5,0.02,0.42
17.235313843,0.01,0.5,0.01,0.43
17.236127288000002,0.0,0.49,0.01,0.42
17.237353411,0.0,0.5,0.0,0.42
17.239367169,0.01,0.5,0.0,0.43
17.240088374000003,0.0,0.5,0.0,0.43
17.24135587,0.01,0.5,0.01,0.42
17.242100888,0.0,0.5,0.0,0.42
17.2433468,0.01,0.5,0.01,0.43
17.24412578,0.0,0.5,0.01,0.42
17.245358773,0.01,0.5,0.01,0.44
17.246098983,0.01,0.49,0.0,0.44
17.247350228000002,0.02,0.5,0.02,0.42
17.248105189,0.02,0.51,0.01,0.42
17.249266691000003,0.01,0.5,0.01,0.42
17.250141980000002,0.0,0.5,0.01,0.42
17.251251784,0.01,0.49,0.0,0.43
17.252168354000002,0.0,0.5,0.01,0.43
17.253350988,0.01,0.51,0.01,0.43
17.255242821,0.01,0.5,0.01,0.43
17.256138334000003,0.01,0.5,0.01,0.42
17.257216714000002,0.01,0.5,0.0,0.43
17.258221358,0.01,0.51,0.01,0.43
17.259217169,0.0,0.51,0.01,0.43
17.260209202000002,0.01,0.49,0.0,0.43
17.261095579000003,0.01,0.5,0.01,0.43
17.262336478,0.0,0.5,0.0,0.43
17.263105913,0.01,0.5,0.0,0.42
17.264260754000002,0.0,0.5,0.01,0.43
17.265125377,0.01,0.5,0.01,0.42
17.266335343,0.01,0.49,0.01,0.44
17.267104056,0.01,0.5,0.02,0.43
17.26828709,0.01,0.49,0.02,0.42
17.270365711,0.01,0.5,0.0,0.42
17.271086113000003,0.0,0.5,0.0,0.43
17.272189684,0.0,0.5,0.0,0.42
17.27312364,0.01,0.5,0.0,0.41
17.274320156,0.01,0.5,0.01,0.42
17.275083487,0.01,0.5,0.01,0.43
17.276366622,0.0,0.5,0.0,0.43
17.277084061,0.01,0.49,0.0,0.43
17.278357878,0.0,0.49,0.01,0.42
17.279087281000002,0.0,0.5,0.0,0.43
17.280113592,0.01,0.5,0.0,0.43
17.281254806,0.0,0.5,0.0,0.41
17.282192170000002,0.01,0.5,0.01,0.43
17.284343299,0.01,0.49,0.0,0.43
17.285087055,0.01,0.5,0.01,0.42
17.28630506,0.0,0.5,0.0,0.44
17.287086926,0.02,0.49,0.01,0.43
17.288340059,0.01,0.49,0.01,0.42
17.289079791000002,0.01,0.5,0.01,0.42
17.290341409,0.01,0.5,0.0,0.42
17.291081021,0.01,0.5,0.01,0.42
17.292227935,0.0,0.5,0.01,0.43
17.293209155,0.02,0.5,0.01,0.43
17.294066736,0.02,0.5,0.02,0.43
17.295263013,0.01,0.5,0.01,0.43
17.296081351,0.01,0.49,0.0,0.42
17.297329132,0.02,0.5,0.01,0.42
17.298104987000002,0.01,0.5,0.0,0.42
17.300361712,0.0,0.5,0.0,0.43
17.301092917000002,0.01,0.5,0.0,0.43
17.302370707,0.0,0.49,0.0,0.43
17.303084266000003,0.0,0.51,0.0,0.43
17.304340396,0.01,0.5,0.01,0.43
17.305088606,0.01,0.5,0.01,0.42
17.306344907,0.01,0.5,0.0,0.44
17.30707813,0.02,0.51,0.02,0.42
17.308239091,0.02,0.5,0.02,0.42
17.309121109,0.02,0.5,0.02,0.43
17.310227229000002,0.01,0.5,0.01,0.42
17.311126095000002,0.0,0.49,0.0,0.44
17.312236471000002,0.0,0.5,0.0,0.42
17.314126889,0.01,0.49,0.01,0.43
17.315114337,0.01,0.5,0.01,0.42
17.316142813000003,0.01,0.5,0.0,0.42
17.317236421,0.01,0.49,0.01,0.43
17.318139805,0.01,0.51,0.01,0.43
17.319141298,0.0,0.5,0.01,0.42
17.320215944,0.01,0.5,0.0,0.42
17.321146128000002,0.0,0.5,0.0,0.42
17.322227662,0.01,0.5,0.0,0.43
17.323143642,0.01,0.51,0.01,0.42
17.324268768,0.0,0.5,0.01,0.42
17.325157519,0.0,0.5,0.01,0.42
17.32628952,0.01,0.5,0.01,0.43
17.327169506,0.01,0.5,0.01,0.43
17.328283657,0.01,0.51,0.01,0.42
17.330362662000002,0.0,0.49,0.0,0.43
17.331084006,0.01,0.51,0.0,0.43
17.33234342,0.0,0.5,0.0,0.42
17.333109204,0.0,0.49,0.01,0.42
17.334339261,0.01,0.5,0.01,0.42
17.335082538,0.01,0.5,0.01,0.42
17.336311959,0.0,0.49,0.0,0.42
17.337107561,0.01,0.5,0.01,0.42
17.33807923,0.01,0.5,0.01,0.43
17.339237571,0.0,0.5,0.01,0.43
17.340154973,0.0,0.5,0.0,0.43
17.341114253,0.0,0.49,0.0,0.43
17.342317417,0.0,0.5,0.0,0.43
17.344359327,0.01,0.5,0.0,0.42
17.345083957,0.01,0.5,0.01,0.42
17.346294686,0.01,0.5,0.0,0.42
17.347087662,0.01,0.5,0.01,0.42
17.348114881,0.01,0.49,0.02,0.43
17.349133449,0.01,0.5,0.01,0.43
17.350211925,0.01,0.5,0.0,0.43
17.351132309,0.0,0.49,0.01,0.43
17.352319140000002,0.01,0.5,0.01,0.43
17.353119569,0.01,0.5,0.01,0.44
17.354288045,0.01,0.5,0.01,0.43
17.35515664,0.01,0.51,0.01,0.42
17.356146769000002,0.01,0.5,0.0,0.42
17.357158322,0.0,0.49,0.0,0.43
17.358213193,0.0,0.51,0.0,0.41
17.359224609,0.0,0.49,0.0,0.42
17.361347099,0.0,0.49,0.0,0.43
17.36208685,0.0,0.51,0.0,0.42
17.363346764000003,0.01,0.5,0.0,0.43
17.364085034000002,0.0,0.5,0.01,0.43
17.365344743,0.01,0.49,0.01,0.43
17.366080553,0.01,0.49,0.01,0.44
17.367277221000002,0.01,0.51,0.02,0.43
17.368124304000002,0.02,0.5,0.02,0.43
17.369167728,0.02,0.5,0.01,0.43
17.370117152000002,0.0,0.5,0.01,0.42
17.371241704000003,0.01,0.5,0.01,0.43
17.372079976000002,0.01,0.5,0.01,0.43
17.373345195000002,0.01,0.5,0.0,0.42
17.375350448000003,0.01,0.5,0.01,0.43
17.376084076,0.0,0.49,0.01,0.42
17.377171545,0.0,0.5,0.01,0.43
17.378191366,0.01,0.5,0.0,0.43
17.379216761000002,0.01,0.5,0.01,0.43
17.380103466,0.0,0.49,0.0,0.42
17.381338770000003,0.01,0.49,0.0,0.43
17.382081305,0.01,0.5,0.0,0.43
17.383246154000002,0.0,0.5,0.0,0.43
17.384084431,0.0,0.5,0.0,0.43
