timestamp,FSR1,FSR2,FSR3,FSR4
0.001099932,0.01,2.25,0.05,0.03
0.0054915070000000005,0.02,2.3,0.0,0.0
0.006062945,0.01,2.29,0.01,0.0
0.007069341000000001,0.0,2.29,0.01,0.0
0.00805083,0.0,2.29,0.0,0.0
0.009047842,0.0,2.29,0.02,0.0
0.010116101,0.0,2.27,0.0,0.0
0.011055718,0.0,2.29,0.0,0.0
0.012101271,0.0,2.29,0.01,0.0
0.013057354,0.01,2.29,0.0,0.02
0.014087629,0.0,2.27,0.0,0.01
0.015102816000000002,0.01,2.29,0.02,0.07
0.016058977000000002,0.0,2.29,0.01,0.02
0.017109099000000003,0.02,2.28,0.0,0.01
0.018105321,0.01,2.29,0.0,0.02
0.019117357,0.0,2.29,0.02,0.0
0.020097947,0.0,2.29,0.0,0.02
0.021064258000000002,0.0,2.29,0.01,0.0
0.022052036,0.0,2.28,0.0,0.0
0.023045496000000002,0.0,2.29,0.01,0.0
0.024042178,0.01,2.26,0.01,0.0
0.025041226000000003,0.0,2.29,0.0,0.0
0.026053842,0.0,2.29,0.01,0.01
0.027129142000000002,0.0,2.29,0.0,0.0
0.028056940000000002,0.0,2.29,0.0,0.0
0.029095392,0.0,2.29,0.01,0.01
0.030045651000000003,0.0,2.29,0.0,0.0
0.031056094000000003,0.0,2.29,0.01,0.0
0.032048922,0.0,2.3,0.01,0.0
0.033149432,0.0,2.29,0.01,0.01
0.034057493,0.0,2.29,0.01,0.0
0.035383126,0.0,2.28,0.01,0.0
0.036114417,0.0,2.29,0.0,0.0
0.037083197000000005,0.0,2.29,0.02,0.0
0.038065423,0.0,2.28,0.0,0.0
0.039073321,0.0,2.29,0.01,0.0
0.040060321,0.0,2.29,0.0,0.0
0.041062187,0.0,2.28,0.01,0.0
0.042063334,0.0,2.29,0.01,0.0
0.043068465,0.02,2.29,0.01,0.0
0.044052623000000006,0.0,2.29,0.01,0.02
0.045102576000000005,0.0,2.29,0.0,0.01
0.046046870000000004,0.0,2.29,0.0,0.04
0.047048988,0.0,2.29,0.0,0.03
0.048051544,0.01,2.29,0.01,0.0
0.049059759,0.03,2.29,0.01,0.01
0.05005032,0.01,2.28,0.0,0.0
0.052165565000000004,0.0,2.28,0.0,0.0
0.053060201,0.0,2.3,0.01,0.0
0.054057148000000006,0.0,2.3,0.01,0.01
0.055053022,0.0,2.33,0.0,0.0
0.056052785,0.0,2.29,0.04,0.0
0.057049582,0.0,2.29,0.02,0.01
0.058069995000000006,0.02,2.29,0.01,0.0
0.059046145,0.0,2.29,0.0,0.0
0.060048349,0.0,2.29,0.0,0.0
0.0610544,0.01,2.3,0.01,0.0
0.06205771,0.0,2.29,0.0,0.0
0.06310231100000001,0.0,2.28,0.0,0.0
0.06406489500000001,0.0,2.29,0.0,0.0
0.065074779,0.0,2.28,0.0,0.0
0.067074719,0.0,2.29,0.0,0.01
0.068053497,0.0,2.29,0.03,0.0
0.069052664,0.0,2.29,0.0,0.0
0.070055503,0.0,2.28,0.0,0.0
0.07105436200000001,0.0,2.29,0.01,0.0
0.072050391,0.01,2.29,0.0,0.0
0.073054857,0.0,2.29,0.0,0.0
0.074155544,0.01,2.29,0.0,0.0
0.07503859900000001,0.0,2.29,0.0,0.0
0.07604787,0.0,2.29,0.0,0.0
0.07704994700000001,0.0,2.29,0.01,0.0
0.078059321,0.0,2.29,0.07,0.0
0.079046645,0.0,2.29,0.01,0.0
0.080052494,0.0,2.29,0.0,0.0
0.08205741500000001,0.02,2.29,0.01,0.0
0.0830611,0.02,2.31,0.0,0.0
0.084061888,0.0,2.3,0.01,0.0
0.085055263,0.03,2.29,0.01,0.0
0.086052138,0.01,2.3,0.01,0.0
0.08705679200000001,0.0,2.29,0.01,0.0
0.08805159600000001,0.0,2.29,0.01,0.0
0.089052108,0.0,2.25,0.0,0.0
0.090055009,0.0,2.29,0.0,0.0
0.09105789,0.0,2.28,0.01,0.01
0.09205558600000001,0.0,2.29,0.05,0.01
0.093061557,0.0,2.29,0.0,0.0
0.09405516100000001,0.01,2.31,0.01,0.0
0.095070707,0.01,2.28,0.0,0.0
0.09606262600000001,0.01,2.29,0.0,0.01
0.09806974900000001,0.0,2.3,0.01,0.0
0.09906383,0.01,2.29,0.0,0.0
0.100065372,0.0,2.29,0.01,0.01
0.10105565600000001,0.01,2.29,0.01,0.02
0.102040773,0.0,2.29,0.0,0.0
0.10304645300000001,0.0,2.28,0.0,0.01
0.104053222,0.0,2.3,0.01,0.0
0.10504403300000001,0.0,2.29,0.0,0.0
0.106051874,0.0,2.3,0.01,0.01
0.107057567,0.0,2.29,0.0,0.01
0.108041892,0.0,2.29,0.0,0.0
0.10906605700000001,0.0,2.29,0.0,0.0
0.11004896400000001,0.0,2.29,0.01,0.0
0.11105287300000001,0.0,2.25,0.01,0.06
0.11304456900000001,0.0,2.29,0.0,0.0
0.114045453,0.0,2.28,0.03,0.0
0.11505263900000001,0.0,2.29,0.0,0.0
0.11604554700000001,0.01,2.29,0.01,0.0
0.117043696,0.0,2.29,0.01,0.0
0.11804447800000001,0.0,2.29,0.0,0.0
0.11904306,0.0,2.29,0.0,0.0
0.12005283300000001,0.0,2.28,0.01,0.01
0.121047785,0.0,2.29,0.0,0.0
0.122052746,0.0,2.29,0.01,0.0
0.12305204800000001,0.0,2.29,0.01,0.0
0.12410478400000001,0.0,2.29,0.0,0.0
0.12604499700000002,0.0,2.28,0.01,0.0
0.127118638,0.0,2.29,0.01,0.0
0.12804832200000002,0.02,2.3,0.0,0.02
0.129157891,0.0,2.3,0.0,0.0
0.13005850000000002,0.01,2.28,0.0,0.0
0.131145915,0.01,2.3,0.01,0.02
0.132062445,0.0,2.29,0.01,0.02
0.13305152,0.01,2.29,0.01,0.06
0.134056575,0.0,2.28,0.03,0.01
0.135037455,0.0,2.26,0.04,0.0
0.13604511500000002,0.0,2.29,0.0,0.01
0.137078484,0.01,2.29,0.01,0.0
0.138054319,0.01,2.29,0.0,0.0
0.139048833,0.01,2.28,0.0,0.0
0.14004429300000001,0.0,2.28,0.0,0.0
0.142036134,0.0,2.29,0.01,0.0
0.143044622,0.01,2.29,0.0,0.0
0.144041792,0.0,2.32,0.0,0.01
0.145056284,0.0,2.28,0.01,0.0
0.14604534900000002,0.0,2.29,0.0,0.0
0.14704793400000002,0.0,2.29,0.01,0.0
0.148038,0.0,2.29,0.0,0.01
0.149097908,0.0,2.29,0.01,0.0
0.150042062,0.01,2.29,0.0,0.0
0.151038053,0.01,2.29,0.0,0.01
0.152048332,0.0,2.28,0.01,0.0
0.153059419,0.01,2.29,0.0,0.0
0.15406472000000002,0.01,2.29,0.0,0.0
0.155173857,0.0,2.29,0.01,0.0
0.15704605400000002,0.0,2.29,0.01,0.0
0.158049577,0.0,2.29,0.0,0.0
0.15905812700000002,0.0,2.28,0.0,0.0
0.160044646,0.0,2.29,0.01,0.0
0.161047045,0.01,2.29,0.0,0.06
0.16204917400000002,0.0,2.3,0.01,0.0
0.16305270500000002,0.0,2.29,0.01,0.0
0.16410081,0.0,2.28,0.01,0.0
0.16505540300000002,0.0,2.29,0.0,0.01
0.166057897,0.0,2.31,0.0,0.0
0.167039139,0.01,2.3,0.01,0.0
0.168044888,0.0,2.29,0.0,0.0
0.169043469,0.0,2.27,0.01,0.01
0.170150814,0.0,2.3,0.0,0.02
0.171052861,0.0,2.29,0.03,0.0
0.173043216,0.02,2.29,0.02,0.03
0.174038237,0.0,2.29,0.03,0.0
0.175092211,0.0,2.29,0.0,0.0
0.176046586,0.03,2.29,0.01,0.0
0.177047652,0.0,2.29,0.0,0.0
0.178048338,0.03,2.27,0.01,0.0
0.17904340000000002,0.01,2.29,0.01,0.01
0.180048279,0.0,2.29,0.0,0.0
0.181043207,0.0,2.29,0.0,0.0
0.182050068,0.0,2.29,0.01,0.0
0.18314527800000002,0.0,2.28,0.01,0.01
0.18505670700000001,0.0,2.29,0.0,0.0
0.18605353300000002,0.0,2.29,0.0,0.0
0.18706055800000002,0.0,2.29,0.03,0.0
0.18806497100000003,0.0,2.29,0.01,0.01
0.189074188,0.0,2.29,0.0,0.0
0.19007484700000002,0.01,2.29,0.0,0.0
0.19105450200000001,0.01,2.29,0.0,0.0
0.19205165600000002,0.03,2.28,0.01,0.0
0.19307559100000002,0.0,2.28,0.01,0.01
0.194051978,0.0,2.29,0.0,0.0
0.195056958,0.01,2.3,0.0,0.0
0.19605946700000002,0.0,2.29,0.01,0.0
0.197042183,0.0,2.29,0.01,0.0
0.19804853400000003,0.0,2.29,0.0,0.0
0.199040915,0.0,2.29,0.01,0.0
0.20005056400000001,0.0,2.29,0.02,0.01
0.201063499,0.0,2.3,0.01,0.0
0.20303933400000002,0.0,2.29,0.0,0.0
0.204040451,0.0,2.29,0.01,0.0
0.205050485,0.0,2.29,0.01,0.0
0.206044056,0.08,2.29,0.0,0.0
0.207047524,0.0,2.29,0.0,0.0
0.208042988,0.01,2.29,0.04,0.0
0.20904809100000002,0.0,2.29,0.0,0.0
0.210047898,0.0,2.29,0.0,0.0
0.21110461900000002,0.02,2.29,0.0,0.0
0.21205030800000002,0.04,2.29,0.0,0.0
0.21304339200000003,0.0,2.33,0.01,0.02
0.214047075,0.0,2.28,0.0,0.01
0.215050555,0.0,2.29,0.0,0.0
0.217048975,0.0,2.29,0.02,0.01
0.218132774,0.0,2.29,0.01,0.03
0.219063108,0.0,2.29,0.0,0.0
0.22010131700000002,0.0,2.3,0.0,0.0
0.221064997,0.0,2.29,0.0,0.0
0.22205247800000003,0.0,2.29,0.0,0.0
0.223063168,0.0,2.29,0.01,0.0
0.22405208100000001,0.0,2.29,0.01,0.0
0.225048413,0.0,2.29,0.0,0.0
0.226044081,0.0,2.29,0.0,0.0
0.22703772000000003,0.0,2.28,0.01,0.0
0.228184506,0.0,2.29,0.01,0.0
0.22904860300000002,0.01,2.29,0.0,0.0
0.23004649700000002,0.01,2.29,0.01,0.0
0.231047574,0.0,2.28,0.01,0.0
0.23304212100000002,0.0,2.29,0.01,0.01
0.23405017300000003,0.0,2.3,0.01,0.0
0.23517547300000002,0.01,2.28,0.0,0.0
0.236061561,0.0,2.3,0.0,0.0
0.237052548,0.0,2.29,0.0,0.0
0.23804903600000002,0.0,2.29,0.0,0.0
0.239037299,0.16,2.3,0.03,0.0
0.24004744900000002,0.01,2.29,0.0,0.0
0.241046481,0.0,2.29,0.0,0.0
0.24204862700000002,0.0,2.28,0.0,0.0
0.24312180500000002,0.0,2.3,0.01,0.0
0.244052974,0.0,2.28,0.0,0.0
0.245057461,0.02,2.29,0.01,0.0
0.247051287,0.01,2.28,0.01,0.0
0.24804563000000002,0.0,2.28,0.0,0.01
0.249068962,0.0,2.29,0.01,0.0
0.250159159,0.01,2.28,0.01,0.0
0.251044825,0.02,2.29,0.01,0.0
0.252065945,0.0,2.29,0.01,0.01
0.253061347,0.02,2.29,0.01,0.01
0.254063313,0.0,2.3,0.0,0.04
0.255053021,0.0,2.31,0.01,0.01
0.256058139,0.0,2.29,0.04,0.01
0.25704756,0.0,2.28,0.01,0.0
0.258070099,0.0,2.28,0.0,0.0
0.259061853,0.0,2.29,0.02,0.0
0.260061997,0.03,2.29,0.01,0.0
0.262107026,0.01,2.29,0.01,0.0
0.263048381,0.0,2.29,0.0,0.0
0.26404455800000004,0.0,2.29,0.0,0.01
0.26504309400000003,0.0,2.29,0.01,0.0
0.266047725,0.01,2.3,0.01,0.0
0.26706075300000004,0.0,2.29,0.0,0.01
0.268057615,0.0,2.28,0.0,0.0
0.269043692,0.0,2.29,0.0,0.0
0.270052385,0.04,2.27,0.01,0.0
0.271038536,0.0,2.29,0.0,0.01
0.272044565,0.0,2.29,0.01,0.0
0.273050766,0.0,2.29,0.02,0.0
0.27404723200000003,0.0,2.29,0.01,0.0
0.27504759300000003,0.0,2.3,0.01,0.0
0.276053523,0.01,2.32,0.0,0.04
0.278052713,0.01,2.29,0.01,0.0
0.279055368,0.0,2.29,0.0,0.0
0.280044458,0.0,2.29,0.01,0.01
0.281067189,0.0,2.29,0.0,0.0
0.282122036,0.0,2.3,0.0,0.0
0.28307297000000003,0.0,2.29,0.0,0.0
0.284167783,0.01,2.28,0.0,0.01
0.285051797,0.0,2.29,0.0,0.0
0.286064356,0.0,2.29,0.01,0.0
0.287063834,0.02,2.33,0.04,0.0
0.28805348000000003,0.01,2.3,0.0,0.0
0.289063784,0.0,2.3,0.0,0.0
0.29004243500000004,0.0,2.28,0.0,0.0
0.291050817,0.0,2.31,0.01,0.0
0.293047968,0.0,2.3,0.02,0.0
0.294051006,0.0,2.29,0.0,0.01
0.295053748,0.0,2.29,0.01,0.0
0.296046109,0.01,2.29,0.01,0.01
0.297057257,0.01,2.29,0.0,0.0
0.298052239,0.0,2.29,0.0,0.0
0.299059522,0.01,2.29,0.0,0.0
0.300088687,0.01,2.29,0.01,0.01
0.301104662,0.0,2.3,0.0,0.0
0.302048643,0.01,2.29,0.0,0.0
0.30304541,0.0,2.29,0.0,0.01
0.304057497,0.02,2.32,0.03,0.0
0.305052578,0.0,2.28,0.0,0.0
0.306066728,0.01,2.29,0.0,0.0
0.308048111,0.0,2.29,0.01,0.0
0.30904958600000004,0.0,2.29,0.0,0.0
0.310048003,0.0,2.29,0.02,0.0
0.31104458100000004,0.0,2.26,0.0,0.02
0.312073673,0.01,2.29,0.01,0.0
0.31306374800000003,0.01,2.3,0.01,0.01
0.314071841,0.0,2.29,0.02,0.01
0.315062373,0.05,2.26,0.0,0.0
0.31614142700000003,0.0,2.29,0.0,0.0
0.31704749000000004,0.0,2.28,0.01,0.0
0.31805959300000003,0.0,2.29,0.0,0.0
0.319052889,0.01,2.29,0.01,0.0
0.32004704300000003,0.0,2.29,0.0,0.01
0.32112839400000004,0.0,2.29,0.01,0.0
0.322053805,0.0,2.27,0.0,0.0
0.323047758,0.01,2.29,0.0,0.0
0.32504467600000003,0.0,2.31,0.01,0.03
0.326045238,0.0,2.33,0.01,0.0
0.327050018,0.0,2.29,0.01,0.0
0.328048655,0.0,2.3,0.0,0.0
0.32904751200000004,0.0,2.29,0.01,0.02
0.330058685,0.01,2.28,0.0,0.0
0.331052114,0.0,2.29,0.0,0.0
0.33205021700000004,0.0,2.31,0.01,0.03
0.333048875,0.0,2.34,0.01,0.0
0.334051602,0.0,2.29,0.03,0.09
0.33505516300000004,0.01,2.29,0.0,0.01
0.3360513,0.0,2.29,0.01,0.01
0.33705274,0.0,2.29,0.01,0.0
0.33804746700000005,0.0,2.29,0.01,0.0
0.340043417,0.0,2.29,0.0,0.0
0.341053763,0.0,2.29,0.01,0.0
0.34204426400000004,0.0,2.29,0.0,0.0
0.3430557,0.0,2.29,0.0,0.0
0.344053421,0.01,2.29,0.01,0.03
0.345063184,0.0,2.29,0.01,0.0
0.346069293,0.0,2.31,0.0,0.0
0.347110515,0.01,2.28,0.01,0.0
0.348071628,0.0,2.29,0.01,0.0
0.34906892700000003,0.04,2.29,0.0,0.0
0.350059708,0.0,2.29,0.01,0.05
0.351045893,0.01,2.29,0.0,0.0
0.352055435,0.0,2.28,0.0,0.01
0.35305977800000005,0.0,2.28,0.02,0.0
0.35504238600000004,0.0,2.29,0.0,0.03
0.356102222,0.06,2.29,0.01,0.0
0.35705485600000003,0.0,2.29,0.01,0.0
0.358066557,0.0,2.29,0.0,0.0
0.359097084,0.0,2.29,0.0,0.01
0.36004291000000005,0.0,2.3,0.0,0.0
0.361043121,0.02,2.28,0.02,0.0
0.362061815,0.0,2.29,0.0,0.0
0.363051813,0.0,2.29,0.0,0.0
0.364049184,0.0,2.29,0.0,0.01
0.36503960500000004,0.0,2.3,0.0,0.0
0.366045926,0.02,2.3,0.01,0.0
0.36705257900000005,0.0,2.29,0.06,0.01
0.369043863,0.0,2.29,0.0,0.0
0.37005113100000003,0.0,2.28,0.03,0.0
0.371051134,0.01,2.28,0.0,0.0
0.37204916000000005,0.0,2.26,0.01,0.01
0.373089394,0.0,2.28,0.02,0.0
0.37405760600000004,0.0,2.29,0.01,0.0
0.37505065200000004,0.01,2.29,0.01,0.03
0.37605905,0.02,2.26,0.0,0.0
0.377110516,0.0,2.29,0.0,0.01
0.37805757900000003,0.0,2.29,0.01,0.0
0.37905464600000005,0.01,2.29,0.01,0.0
0.380053059,0.0,2.29,0.01,0.0
0.381068828,0.0,2.28,0.01,0.0
0.382075107,0.01,2.29,0.01,0.0
0.384053825,0.0,2.29,0.06,0.03
0.385047695,0.0,2.28,0.01,0.0
0.386055337,0.0,2.29,0.02,0.0
0.38705002400000005,0.0,2.29,0.01,0.0
0.388057015,0.01,2.29,0.0,0.0
0.38904999700000004,0.01,2.28,0.0,0.0
0.390049629,0.01,2.28,0.01,0.0
0.391047328,0.0,2.29,0.0,0.01
0.392056821,0.0,2.29,0.02,0.01
0.393156129,0.01,2.3,0.0,0.0
0.39406261800000003,0.0,2.29,0.0,0.0
0.395048241,0.0,2.28,0.0,0.0
0.39604685,0.01,2.23,0.01,0.01
0.39704638600000003,0.0,2.29,0.01,0.0
0.398048614,0.0,2.28,0.0,0.01
0.399057435,0.0,2.31,0.0,0.0
0.40105247800000005,0.0,2.29,0.0,0.01
0.40204957300000005,0.0,2.29,0.01,0.0
0.40305122200000004,0.04,2.3,0.01,0.0
0.404049637,0.0,2.3,0.02,0.02
0.405067475,0.0,2.29,0.01,0.0
0.406060538,0.0,2.32,0.0,0.01
0.407146771,0.0,2.29,0.0,0.0
0.408095586,0.0,2.29,0.01,0.0
0.409039927,0.0,2.29,0.0,0.0
0.41005367400000003,0.0,2.28,0.0,0.0
0.41104724200000003,0.0,2.25,0.01,0.0
0.412054735,0.0,2.31,0.06,0.03
0.41304055,0.01,2.31,0.0,0.0
0.414049961,0.0,2.25,0.01,0.0
0.416043733,0.0,2.29,0.0,0.0
0.417044952,0.0,2.29,0.0,0.0
0.418043461,0.01,2.29,0.01,0.0
0.419054162,0.0,2.29,0.01,0.0
0.42004895600000003,0.0,2.29,0.0,0.0
0.42104884000000004,0.0,2.29,0.0,0.01
0.42204594100000004,0.01,2.29,0.0,0.01
0.423043781,0.0,2.29,0.01,0.0
0.424049653,0.0,2.29,0.0,0.0
0.42504921100000004,0.0,2.3,0.01,0.0
0.426059956,0.0,2.28,0.01,0.0
0.427105324,0.01,2.29,0.01,0.0
0.428049328,0.0,2.29,0.0,0.0
0.429052761,0.0,2.29,0.01,0.0
0.430048445,0.0,2.29,0.0,0.0
0.432051395,0.01,2.29,0.0,0.0
0.43304663600000004,0.01,2.29,0.0,0.0
0.434058461,0.0,2.32,0.0,0.05
0.435044743,0.02,2.29,0.0,0.0
0.43613505500000005,0.0,2.3,0.0,0.0
0.43707887500000003,0.0,2.29,0.0,0.0
0.43807127100000004,0.0,2.29,0.0,0.0
0.439072642,0.0,2.29,0.0,0.01
0.44007024800000005,0.0,2.29,0.01,0.0
0.44106682700000005,0.0,2.31,0.0,0.0
0.44206814200000005,0.0,2.29,0.0,0.01
0.44304185,0.03,2.29,0.02,0.0
0.44404728600000004,0.0,2.29,0.0,0.0
0.44505963600000004,0.01,2.29,0.01,0.01
0.44704701700000005,0.02,2.29,0.01,0.04
0.44804238500000004,0.0,2.29,0.01,0.0
0.449052286,0.01,2.29,0.0,0.0
0.450039469,0.0,2.29,0.0,0.0
0.45104671300000004,0.0,2.26,0.01,0.01
0.45206085700000004,0.0,2.29,0.04,0.0
0.453040184,0.0,2.29,0.0,0.0
0.454050834,0.0,2.29,0.01,0.0
0.45503733,0.0,2.31,0.01,0.0
0.456045747,0.01,2.33,0.0,0.01
0.457110609,0.01,2.29,0.0,0.0
0.45806792700000004,0.0,2.29,0.0,0.0
0.45905076300000003,0.01,2.29,0.01,0.0
0.46004084500000003,0.0,2.32,0.0,0.0
0.46204489800000004,0.0,2.28,0.02,0.0
0.46305136900000005,0.0,2.29,0.0,0.0
0.46404117100000003,0.01,2.29,0.0,0.0
0.46505421700000005,0.0,2.3,0.0,0.0
0.46603862,0.01,2.29,0.01,0.0
0.467046748,0.0,2.29,0.0,0.0
0.46810710600000005,0.0,2.28,0.0,0.0
0.469070394,0.0,2.29,0.01,0.01
0.47018134400000006,0.0,2.29,0.0,0.0
0.47106064500000006,0.0,2.29,0.0,0.0
0.47206194500000004,0.0,2.29,0.0,0.0
0.47314809900000004,0.01,2.28,0.01,0.03
0.47407161000000003,0.0,2.29,0.0,0.0
0.475059914,0.04,2.28,0.02,0.03
0.477035594,0.01,2.29,0.0,0.0
0.478047671,0.0,2.29,0.0,0.0
0.47904541800000006,0.0,2.29,0.0,0.0
0.480037551,0.03,2.29,0.0,0.0
0.48104410300000006,0.0,2.29,0.01,0.0
0.482060368,0.0,2.29,0.01,0.0
0.483045755,0.0,2.29,0.0,0.0
0.48404652600000003,0.0,2.29,0.0,0.01
0.48505396500000003,0.0,2.29,0.0,0.0
0.486040658,0.01,2.29,0.0,0.0
0.487043492,0.0,2.29,0.01,0.0
0.488060531,0.01,2.28,0.01,0.0
0.489050802,0.0,2.3,0.0,0.0
0.49004110500000003,0.0,2.28,0.02,0.0
0.49204251000000004,0.0,2.29,0.01,0.01
0.493089172,0.0,2.29,0.0,0.0
0.49404314600000004,0.0,2.35,0.01,0.01
0.49504051800000004,0.01,2.28,0.01,0.0
0.49604090300000003,0.0,2.29,0.0,0.0
0.49704974,0.03,2.29,0.01,0.0
0.49805543500000005,0.0,2.29,0.0,0.0
0.49917554500000005,0.01,2.29,0.0,0.0
0.500060686,0.01,2.29,0.0,0.0
0.501059147,0.0,2.3,0.01,0.0
0.5020574480000001,0.0,2.29,0.01,0.0
0.503071159,0.0,2.29,0.01,0.0
0.504099834,0.02,2.29,0.0,0.0
0.505045625,0.01,2.28,0.01,0.0
0.507043182,0.0,2.29,0.01,0.0
0.508050557,0.01,2.29,0.01,0.0
0.5090492480000001,0.0,2.29,0.0,0.01
0.510052996,0.0,2.29,0.0,0.0
0.511048833,0.0,2.3,0.01,0.0
0.512044022,0.01,2.33,0.0,0.0
0.5130452120000001,0.0,2.29,0.01,0.0
0.514045349,0.0,2.3,0.0,0.0
0.5150473320000001,0.01,2.31,0.0,0.01
0.516058714,0.0,2.29,0.01,0.0
0.517052134,0.0,2.29,0.01,0.0
0.518055359,0.0,2.3,0.01,0.0
0.519053455,0.01,2.29,0.0,0.0
0.520100254,0.0,2.28,0.0,0.0
0.52207009,0.0,2.28,0.0,0.0
0.5230531620000001,0.0,2.29,0.0,0.02
0.524053,0.0,2.28,0.0,0.0
0.52505259,0.0,2.29,0.01,0.0
0.526052894,0.0,2.3,0.01,0.0
0.52705587,0.0,2.29,0.0,0.01
0.528059179,0.0,2.29,0.01,0.0
0.529076435,0.01,2.28,0.01,0.01
0.5301758160000001,0.02,2.3,0.04,0.0
0.531071693,0.0,2.32,0.0,0.0
0.5320759420000001,0.01,2.29,0.01,0.02
0.533067315,0.0,2.32,0.0,0.0
0.534058172,0.0,2.29,0.04,0.0
0.535052481,0.0,2.29,0.01,0.0
0.53705899,0.0,2.26,0.0,0.0
0.53806704,0.0,2.29,0.0,0.0
0.539052038,0.0,2.29,0.01,0.0
0.5400511880000001,0.0,2.29,0.01,0.0
0.5411108570000001,0.0,2.31,0.0,0.0
0.5420670830000001,0.0,2.29,0.02,0.08
0.5430599070000001,0.01,2.29,0.0,0.0
0.544047092,0.0,2.29,0.01,0.0
0.545046445,0.01,2.29,0.0,0.0
0.5460457350000001,0.01,2.28,0.01,0.0
0.547040336,0.03,2.29,0.01,0.0
0.548049466,0.0,2.29,0.01,0.0
0.549130282,0.0,2.29,0.0,0.0
0.55105305,0.01,2.29,0.01,0.0
0.552043622,0.0,2.29,0.0,0.0
0.553053193,0.0,2.29,0.01,0.0
0.554053985,0.0,2.29,0.0,0.0
0.5550448880000001,0.0,2.29,0.0,0.0
0.556045405,0.05,2.26,0.01,0.0
0.557039095,0.0,2.29,0.0,0.0
0.558043516,0.0,2.28,0.0,0.0
0.5590458660000001,0.0,2.29,0.0,0.0
0.560139056,0.01,2.3,0.0,0.01
0.5610520370000001,0.0,2.29,0.01,0.0
0.563070701,0.02,2.32,0.03,0.0
0.564056392,0.0,2.29,0.01,0.0
0.565063603,0.0,2.29,0.0,0.0
0.566044077,0.0,2.29,0.05,0.0
0.567050028,0.02,2.29,0.0,0.05
0.568037423,0.0,2.29,0.0,0.0
0.56904551,0.02,2.3,0.01,0.01
0.570049722,0.0,2.29,0.0,0.0
0.571047749,0.01,2.29,0.0,0.04
0.572057463,0.0,2.29,0.01,0.0
0.573044126,0.01,2.3,0.0,0.0
0.574049464,0.01,2.29,0.0,0.0
0.5750426590000001,0.01,2.29,0.01,0.0
0.57611182,0.0,2.26,0.0,0.02
0.577120339,0.0,2.29,0.0,0.01
0.578053751,0.0,2.29,0.01,0.0
0.58004672,0.01,2.28,0.0,0.0
0.581053519,0.0,2.29,0.02,0.01
0.5820550400000001,0.01,2.29,0.0,0.0
0.5830421050000001,0.01,2.3,0.0,0.0
0.5840770750000001,0.0,2.29,0.01,0.0
0.585043269,0.0,2.29,0.01,0.0
0.5860541920000001,0.0,2.29,0.01,0.0
0.5870526110000001,0.0,2.29,0.01,0.01
0.5880464200000001,0.0,2.29,0.01,0.0
0.589042821,0.01,2.28,0.0,0.02
0.59004842,0.0,2.29,0.0,0.0
0.591059277,0.0,2.29,0.01,0.02
0.592064728,0.0,2.28,0.0,0.0
0.593059515,0.0,2.3,0.0,0.0
0.595050033,0.0,2.29,0.0,0.0
0.5960449680000001,0.0,2.29,0.01,0.0
0.597067522,0.0,2.28,0.0,0.01
0.5980555280000001,0.0,2.29,0.0,0.0
0.599053935,0.0,2.3,0.01,0.0
0.600048555,0.0,2.29,0.01,0.0
0.601043494,0.0,2.29,0.02,0.0
0.6020559080000001,0.0,2.29,0.01,0.0
0.603056554,0.0,2.29,0.01,0.0
0.604047671,0.01,2.29,0.01,0.0
0.605097031,0.03,2.27,0.04,0.0
0.60604771,0.0,2.29,0.0,0.01
0.6070617730000001,0.0,2.3,0.0,0.0
0.608067393,0.05,2.29,0.0,0.01
0.609162764,0.0,2.29,0.01,0.01
0.611049397,0.0,2.29,0.01,0.0
0.612048437,0.02,2.29,0.01,0.03
0.6131069010000001,0.0,2.29,0.0,0.02
0.614048225,0.03,2.24,0.02,0.0
0.615044856,0.0,2.25,0.01,0.0
0.61605107,0.0,2.29,0.01,0.01
0.6170589740000001,0.0,2.29,0.01,0.0
0.618050639,0.0,2.29,0.0,0.0
0.619049414,0.0,2.29,0.0,0.0
0.620174608,0.0,2.29,0.02,0.0
0.621059321,0.0,2.29,0.0,0.0
0.623058455,0.0,2.32,0.01,0.0
0.624052277,0.01,2.29,0.0,0.0
0.6250580720000001,0.01,2.29,0.0,0.0
0.626075146,0.0,2.29,0.01,0.01
0.6270606160000001,0.01,2.29,0.0,0.0
0.6281170260000001,0.0,2.29,0.0,0.0
0.629114143,0.01,2.28,0.01,0.0
0.630055118,0.0,2.3,0.01,0.0
0.63105124,0.0,2.29,0.01,0.0
0.632047329,0.0,2.29,0.0,0.0
0.633052664,0.0,2.29,0.01,0.0
0.634057722,0.0,2.3,0.0,0.0
0.6350524820000001,0.01,2.29,0.01,0.0
0.636049865,0.01,2.29,0.0,0.0
0.6371467550000001,0.0,2.29,0.0,0.0
0.638049363,0.0,2.29,0.0,0.01
0.63905519,0.02,2.35,0.0,0.0
0.6400530990000001,0.0,2.29,0.02,0.01
0.642051347,0.0,2.3,0.02,0.0
0.6430443840000001,0.0,2.29,0.01,0.01
0.6440524360000001,0.0,2.29,0.01,0.0
0.645102873,0.0,2.29,0.0,0.01
0.646047825,0.0,2.29,0.03,0.0
0.647050699,0.0,2.29,0.0,0.02
0.6480494790000001,0.01,2.29,0.01,0.0
0.6490511680000001,0.0,2.27,0.01,0.0
0.650167185,0.0,2.29,0.0,0.0
0.6510446280000001,0.01,2.29,0.0,0.0
0.652196733,0.0,2.26,0.0,0.0
0.653049957,0.0,2.29,0.01,0.01
0.6540542030000001,0.03,2.29,0.0,0.0
0.656068113,0.0,2.29,0.02,0.0
0.657056187,0.02,2.29,0.0,0.0
0.6580465980000001,0.0,2.29,0.01,0.0
0.659044464,0.01,2.29,0.01,0.0
0.660038687,0.0,2.29,0.01,0.01
0.661069235,0.0,2.28,0.0,0.0
0.6621745880000001,0.0,2.29,0.0,0.0
0.6630492560000001,0.0,2.29,0.0,0.0
0.664045741,0.0,2.29,0.01,0.0
0.665051825,0.0,2.29,0.01,0.01
0.6661314660000001,0.0,2.29,0.0,0.0
0.667052363,0.0,2.3,0.0,0.0
0.668054118,0.0,2.28,0.01,0.0
0.669050605,0.0,2.28,0.0,0.0
0.670047978,0.0,2.29,0.01,0.0
0.672057254,0.0,2.35,0.01,0.01
0.6730525660000001,0.01,2.28,0.0,0.0
0.6740527900000001,0.0,2.28,0.01,0.01
0.6750536260000001,0.0,2.32,0.0,0.0
0.676047288,0.0,2.29,0.01,0.0
0.67705147,0.0,2.29,0.01,0.0
0.678047056,0.0,2.29,0.0,0.01
0.6790530680000001,0.0,2.29,0.0,0.0
0.6800535050000001,0.0,2.29,0.01,0.0
0.681044218,0.0,2.29,0.01,0.0
0.6820712790000001,0.0,2.29,0.01,0.0
0.683053733,0.02,2.29,0.03,0.0
0.6840674240000001,0.0,2.29,0.0,0.0
0.6850625370000001,0.0,2.29,0.01,0.04
0.6871318040000001,0.0,2.29,0.01,0.0
0.688049667,0.01,2.29,0.0,0.0
0.689139697,0.05,2.29,0.01,0.0
0.690070995,0.01,2.29,0.0,0.0
0.6910565110000001,0.0,2.28,0.0,0.02
0.692042785,0.02,2.28,0.01,0.0
0.693042547,0.01,2.3,0.01,0.0
0.69404999,0.0,2.34,0.0,0.02
0.6950452340000001,0.0,2.28,0.01,0.01
0.69605326,0.01,2.27,0.0,0.0
0.697054484,0.0,2.29,0.0,0.0
0.6980716920000001,0.0,2.29,0.01,0.01
0.699048929,0.0,2.3,0.01,0.05
0.7002282630000001,0.0,2.29,0.01,0.0
0.7011031050000001,0.01,2.29,0.01,0.0
0.7030399110000001,0.01,2.29,0.0,0.01
0.7040522250000001,0.0,2.29,0.01,0.0
0.70504787,0.0,2.29,0.0,0.0
0.7060565950000001,0.0,2.28,0.0,0.06
0.707045797,0.0,2.29,0.0,0.0
0.708045115,0.0,2.29,0.0,0.0
0.709050704,0.01,2.29,0.0,0.0
0.7100450070000001,0.0,2.28,0.0,0.0
0.711049562,0.0,2.29,0.0,0.0
0.712047313,0.01,2.32,0.0,0.02
0.713054979,0.01,2.29,0.0,0.0
0.71412978,0.0,2.29,0.0,0.0
0.715066065,0.05,2.27,0.09,0.0
0.7170601900000001,0.0,2.29,0.0,0.01
0.718108147,0.0,2.29,0.0,0.0
0.719044325,0.0,2.29,0.0,0.0
0.720060483,0.0,2.29,0.0,0.0
0.7211684500000001,0.02,2.29,0.01,0.0
0.722045829,0.0,2.29,0.0,0.01
0.72305131,0.0,2.29,0.02,0.05
0.724104166,0.02,2.29,0.0,0.0
0.725062839,0.0,2.3,0.0,0.0
0.726047404,0.01,2.29,0.0,0.01
0.727048078,0.0,2.27,0.01,0.0
0.7280489760000001,0.0,2.29,0.0,0.0
0.729046881,0.0,2.29,0.0,0.03
0.73006804,0.0,2.29,0.0,0.0
0.7310528470000001,0.0,2.28,0.02,0.0
0.7330477470000001,0.09,2.25,0.03,0.01
0.7340520150000001,0.0,2.28,0.0,0.03
0.735057614,0.0,2.29,0.0,0.0
0.736048853,0.0,2.3,0.01,0.01
0.737055561,0.0,2.29,0.01,0.04
0.738048559,0.0,2.29,0.01,0.0
0.7390563200000001,0.04,2.32,0.0,0.0
0.7400569090000001,0.0,2.29,0.05,0.0
0.741047122,0.01,2.28,0.01,0.0
0.7420551110000001,0.0,2.29,0.02,0.02
0.743047467,0.0,2.28,0.01,0.0
0.744052461,0.0,2.29,0.01,0.0
0.745058705,0.0,2.29,0.01,0.0
0.7460779470000001,0.0,2.29,0.0,0.0
0.748077022,0.01,2.29,0.0,0.0
0.7490886290000001,0.0,2.32,0.02,0.0
0.7500657150000001,0.0,2.29,0.01,0.01
0.751052214,0.01,2.29,0.01,0.0
0.7520492870000001,0.0,2.3,0.0,0.01
0.753055765,0.01,2.3,0.0,0.0
0.7541027370000001,0.02,2.28,0.0,0.01
0.755045552,0.0,2.28,0.0,0.01
0.756050357,0.0,2.33,0.0,0.01
0.757047275,0.0,2.29,0.01,0.0
0.758046968,0.0,2.29,0.0,0.0
0.7590475980000001,0.01,2.29,0.01,0.01
0.7600488900000001,0.0,2.29,0.01,0.01
0.762055185,0.0,2.3,0.0,0.0
0.763050438,0.0,2.29,0.0,0.0
0.7640368110000001,0.0,2.29,0.0,0.0
0.7650430760000001,0.0,2.29,0.01,0.0
0.766050118,0.0,2.29,0.0,0.0
0.767037245,0.0,2.29,0.01,0.01
0.768049137,0.0,2.29,0.0,0.0
0.7690487850000001,0.0,2.31,0.0,0.0
0.770151425,0.01,2.29,0.0,0.0
0.771050789,0.01,2.28,0.0,0.0
0.772038487,0.0,2.28,0.02,0.0
0.773045084,0.0,2.29,0.0,0.0
0.774041787,0.0,2.29,0.03,0.01
0.775054812,0.01,2.28,0.01,0.01
0.776042824,0.01,2.29,0.01,0.0
0.778126144,0.0,2.29,0.01,0.0
0.779072619,0.0,2.29,0.0,0.01
0.7800491700000001,0.01,2.3,0.01,0.0
0.7811592340000001,0.01,2.29,0.01,0.0
0.782122914,0.0,2.29,0.0,0.01
0.7830723470000001,0.0,2.29,0.03,0.0
0.7840685820000001,0.01,2.29,0.0,0.0
0.785061462,0.0,2.29,0.0,0.0
0.786060454,0.0,2.29,0.01,0.0
0.787051296,0.01,2.29,0.0,0.0
0.788043421,0.0,2.29,0.0,0.01
0.789048112,0.0,2.29,0.01,0.0
0.7900493150000001,0.0,2.3,0.01,0.0
0.791045183,0.0,2.29,0.0,0.0
0.7930475060000001,0.0,2.32,0.0,0.02
0.7940634520000001,0.0,2.29,0.01,0.0
0.795049436,0.0,2.27,0.01,0.03
0.796041207,0.0,2.29,0.01,0.0
0.797045196,0.0,2.29,0.0,0.0
0.7980410450000001,0.0,2.29,0.0,0.0
0.799059657,0.0,2.3,0.0,0.01
0.8000392980000001,0.0,2.31,0.05,0.0
0.8010459900000001,0.0,2.3,0.0,0.01
0.8020464820000001,0.03,2.29,0.0,0.0
0.803051154,0.0,2.29,0.01,0.0
0.804047823,0.0,2.28,0.0,0.0
0.805046659,0.0,2.29,0.01,0.0
0.8060473490000001,0.0,2.29,0.0,0.0
0.808042812,0.0,2.29,0.0,0.01
0.809051033,0.0,2.29,0.0,0.0
0.810159143,0.01,2.28,0.02,0.01
0.8111300990000001,0.0,2.29,0.0,0.0
0.812070269,0.01,2.29,0.0,0.0
0.8130602450000001,0.0,2.31,0.0,0.01
0.814080906,0.03,2.29,0.0,0.0
0.815062214,0.0,2.29,0.02,0.0
0.8160464390000001,0.01,2.3,0.02,0.0
0.817050873,0.0,2.3,0.01,0.0
0.818043183,0.0,2.29,0.0,0.0
0.8190414210000001,0.0,2.28,0.0,0.0
0.820056601,0.0,2.29,0.01,0.0
0.821047017,0.0,2.29,0.01,0.0
0.8230451390000001,0.0,2.28,0.0,0.0
0.824038782,0.0,2.28,0.0,0.0
0.825047967,0.0,2.3,0.0,0.01
0.826066312,0.0,2.29,0.01,0.0
0.827048603,0.01,2.29,0.0,0.0
0.8280449390000001,0.0,2.29,0.0,0.0
0.8290376890000001,0.0,2.29,0.01,0.0
0.830046025,0.0,2.29,0.0,0.01
0.8310436080000001,0.0,2.28,0.01,0.0
0.8320462660000001,0.0,2.3,0.0,0.0
0.8330512710000001,0.01,2.29,0.01,0.01
0.8340479350000001,0.01,2.31,0.01,0.0
0.835057716,0.0,2.29,0.0,0.02
0.8361183130000001,0.0,2.29,0.01,0.0
0.8380504780000001,0.0,2.29,0.0,0.0
0.839050925,0.0,2.29,0.01,0.01
0.840133965,0.0,2.28,0.0,0.0
0.84106243,0.01,2.29,0.02,0.0
0.8420488,0.0,2.28,0.0,0.0
0.8430707470000001,0.01,2.28,0.03,0.01
0.8440602070000001,0.0,2.27,0.0,0.01
0.845057802,0.0,2.29,0.01,0.0
0.8461558320000001,0.0,2.29,0.0,0.0
0.8470475300000001,0.01,2.31,0.0,0.02
0.8480511000000001,0.0,2.29,0.0,0.0
0.849057131,0.0,2.3,0.01,0.0
0.8500494300000001,0.01,2.3,0.01,0.0
0.8510489250000001,0.0,2.3,0.02,0.02
0.852108453,0.0,2.28,0.01,0.0
0.85403611,0.0,2.27,0.02,0.0
0.8550520930000001,0.0,2.29,0.05,0.0
0.856039846,0.01,2.29,0.01,0.02
0.85705615,0.0,2.29,0.0,0.0
0.858088252,0.0,2.28,0.01,0.0
0.8590687450000001,0.1,2.29,0.01,0.0
0.860101191,0.0,2.3,0.01,0.01
0.8610463150000001,0.0,2.31,0.01,0.0
0.8620517430000001,0.01,2.29,0.0,0.0
0.8630494790000001,0.01,2.29,0.01,0.0
0.864130299,0.0,2.28,0.01,0.0
0.8650514380000001,0.0,2.31,0.01,0.0
0.8660450930000001,0.0,2.29,0.01,0.0
0.868040389,0.0,2.29,0.0,0.0
0.8691182180000001,0.0,2.31,0.0,0.0
0.8700558700000001,0.0,2.29,0.01,0.0
0.8711509380000001,0.01,2.29,0.01,0.01
0.8720599010000001,0.0,2.29,0.0,0.0
0.873045421,0.01,2.29,0.0,0.01
0.874054953,0.0,2.28,0.02,0.0
0.8750625190000001,0.01,2.29,0.0,0.0
0.8760571070000001,0.03,2.28,0.0,0.01
0.8770554930000001,0.0,2.29,0.01,0.0
0.87817389,0.0,2.29,0.0,0.0
0.8791022110000001,0.0,2.29,0.01,0.0
0.880041884,0.0,2.29,0.01,0.01
0.881049453,0.0,2.29,0.0,0.0
0.8831464080000001,0.01,2.33,0.01,0.0
0.8840449300000001,0.0,2.29,0.0,0.0
0.8850461900000001,0.0,2.29,0.01,0.0
0.886037312,0.01,2.28,0.01,0.0
0.887045788,0.0,2.29,0.01,0.01
0.888045952,0.0,2.29,0.0,0.01
0.8890406270000001,0.01,2.29,0.02,0.0
0.890044877,0.01,2.3,0.01,0.0
0.8910490050000001,0.0,2.29,0.02,0.0
0.8920371180000001,0.04,2.3,0.0,0.04
0.893045249,0.0,2.28,0.0,0.05
0.8940450480000001,0.02,2.29,0.01,0.01
0.895047259,0.0,2.27,0.01,0.0
0.896051581,0.0,2.29,0.0,0.0
0.8970512740000001,0.0,2.29,0.0,0.0
0.898143749,0.0,2.29,0.0,0.0
0.9000501270000001,0.01,2.35,0.02,0.07
0.9010466340000001,0.01,2.3,0.0,0.01
0.9020540930000001,0.0,2.29,0.01,0.0
0.903139173,0.0,2.29,0.0,0.01
0.904050121,0.0,2.29,0.01,0.0
0.90505594,0.02,2.29,0.01,0.0
0.9060659600000001,0.0,2.29,0.02,0.0
0.907052076,0.0,2.29,0.0,0.0
0.9080609100000001,0.0,2.29,0.0,0.01
0.909054911,0.0,2.29,0.02,0.0
0.910064956,0.03,2.29,0.01,0.0
0.9110558030000001,0.0,2.28,0.01,0.01
0.912053061,0.0,2.28,0.01,0.0
0.914042898,0.0,2.29,0.01,0.0
0.915047779,0.01,2.32,0.0,0.0
0.9160425230000001,0.0,2.29,0.0,0.0
0.9170451850000001,0.0,2.29,0.0,0.0
0.918049851,0.0,2.29,0.01,0.0
0.9190548380000001,0.0,2.29,0.0,0.01
0.9200452920000001,0.0,2.31,0.01,0.0
0.921053541,0.0,2.28,0.01,0.0
0.9220560170000001,0.0,2.29,0.01,0.0
0.9230590430000001,0.0,2.29,0.01,0.0
0.9241945220000001,0.0,2.28,0.0,0.0
0.926151538,0.01,2.28,0.0,0.01
0.927047528,0.0,2.29,0.01,0.0
0.928047178,0.0,2.29,0.01,0.0
0.929099086,0.0,2.28,0.0,0.05
0.930048148,0.0,2.26,0.03,0.0
0.9310528180000001,0.01,2.29,0.0,0.0
0.9320618100000001,0.0,2.29,0.01,0.02
0.93304761,0.02,2.27,0.0,0.01
0.9340678090000001,0.01,2.29,0.0,0.0
0.935150802,0.02,2.29,0.03,0.01
0.936070185,0.0,2.29,0.0,0.0
0.9370548750000001,0.0,2.29,0.0,0.02
0.9380861720000001,0.0,2.29,0.02,0.0
0.9390582350000001,0.03,2.3,0.0,0.0
0.9400662000000001,0.0,2.29,0.0,0.0
0.9420456760000001,0.0,2.29,0.01,0.0
0.943053479,0.01,2.29,0.01,0.0
0.9440442040000001,0.0,2.29,0.0,0.0
0.9450431570000001,0.0,2.29,0.01,0.01
0.9461402130000001,0.01,2.29,0.0,0.0
0.9470506040000001,0.0,2.26,0.05,0.03
0.948051827,0.0,2.29,0.01,0.0
0.94905307,0.0,2.29,0.0,0.0
0.950049357,0.01,2.28,0.01,0.0
0.951048102,0.01,2.29,0.0,0.01
0.9520522400000001,0.01,2.29,0.02,0.0
0.953140442,0.03,2.32,0.0,0.02
0.9540508160000001,0.0,2.3,0.0,0.0
0.9551164000000001,0.0,2.29,0.0,0.0
0.956048545,0.0,2.29,0.01,0.01
0.9581864390000001,0.01,2.29,0.01,0.0
0.9591284330000001,0.0,2.29,0.01,0.0
0.9600521200000001,0.0,2.26,0.07,0.01
0.9610549110000001,0.0,2.29,0.01,0.01
0.9620486600000001,0.0,2.3,0.01,0.0
0.963059081,0.0,2.29,0.0,0.01
0.9640740250000001,0.01,2.29,0.0,0.0
0.9650797940000001,0.0,2.3,0.0,0.01
0.966071407,0.0,2.29,0.01,0.0
0.967076425,0.0,2.35,0.01,0.0
0.9680535610000001,0.0,2.29,0.0,0.01
0.9690481470000001,0.0,2.29,0.02,0.01
0.9700691140000001,0.0,2.29,0.0,0.01
0.9710551430000001,0.01,2.29,0.04,0.0
0.972052007,0.0,2.29,0.02,0.0
0.974062081,0.0,2.29,0.01,0.0
0.9750527080000001,0.03,2.31,0.0,0.0
0.976062905,0.0,2.3,0.02,0.01
0.977070502,0.02,2.27,0.0,0.03
0.9780536540000001,0.0,2.29,0.01,0.0
0.9790621620000001,0.0,2.29,0.01,0.01
0.9800493280000001,0.0,2.29,0.01,0.01
0.981055773,0.0,2.29,0.01,0.0
0.9820543540000001,0.01,2.3,0.0,0.01
0.983053382,0.0,2.28,0.01,0.0
0.984048455,0.01,2.29,0.0,0.0
0.9850492620000001,0.0,2.29,0.0,0.0
0.9860603760000001,0.0,2.29,0.01,0.0
0.9880510530000001,0.0,2.29,0.0,0.02
0.9890492380000001,0.0,2.29,0.01,0.0
0.990044702,0.0,2.29,0.02,0.0
0.991052291,0.0,2.3,0.0,0.01
0.992051941,0.02,2.29,0.0,0.0
0.9932040230000001,0.0,2.29,0.0,0.0
0.994062018,0.01,2.26,0.01,0.04
0.995081379,0.0,2.29,0.0,0.01
0.99606804,0.02,2.29,0.0,0.02
0.997066387,0.0,2.29,0.0,0.0
0.998068575,0.0,2.29,0.0,0.01
0.999064249,0.0,2.29,0.0,0.0
1.000133686,0.0,2.3,0.0,0.01
1.002179932,0.0,2.29,0.0,0.0
1.003055496,0.0,2.29,0.01,0.0
1.004047731,0.0,2.29,0.0,0.0
1.005038641,0.02,2.29,0.01,0.05
1.0060449630000001,0.0,2.29,0.0,0.0
1.0070526320000002,0.0,2.34,0.04,0.0
1.008080918,0.0,2.29,0.01,0.0
1.0090621260000001,0.0,2.29,0.0,0.0
1.0100469330000001,0.04,2.29,0.01,0.01
1.011057939,0.04,2.34,0.02,0.03
1.012130966,0.02,2.32,0.0,0.0
1.0130648960000002,0.01,2.29,0.0,0.0
1.014160355,0.0,2.29,0.01,0.0
1.015083918,0.0,2.29,0.02,0.0
1.0160662470000001,0.0,2.29,0.01,0.0
1.0180884060000002,0.0,2.29,0.01,0.0
1.0190689130000001,0.01,2.29,0.0,0.0
1.0200981260000002,0.0,2.29,0.01,0.01
1.0211445190000001,0.0,2.3,0.0,0.0
1.022082399,0.04,2.29,0.0,0.0
1.0230474520000001,0.0,2.29,0.01,0.05
1.024112903,0.0,2.29,0.01,0.0
1.025153852,0.0,2.28,0.0,0.01
1.026046178,0.01,2.28,0.01,0.01
1.027062479,0.0,2.3,0.0,0.0
1.028091129,0.01,2.29,0.01,0.0
1.029060958,0.0,2.28,0.0,0.0
1.030057674,0.0,2.31,0.0,0.0
1.0310574860000001,0.0,2.29,0.01,0.0
1.0330599200000001,0.0,2.29,0.01,0.02
1.0340760880000002,0.0,2.28,0.0,0.0
1.0350892820000002,0.0,2.29,0.01,0.05
1.036077023,0.02,2.29,0.01,0.0
1.037053277,0.0,2.29,0.01,0.0
1.038061983,0.0,2.29,0.02,0.0
1.039068229,0.0,2.29,0.02,0.0
1.040059241,0.01,2.29,0.0,0.0
1.041117851,0.0,2.27,0.04,0.0
1.042074366,0.0,2.29,0.0,0.0
1.043070184,0.01,2.29,0.01,0.0
1.044053524,0.0,2.26,0.0,0.0
1.045054665,0.0,2.28,0.01,0.0
1.0460403280000001,0.01,2.29,0.01,0.0
1.048054131,0.0,2.29,0.0,0.0
1.049065047,0.0,2.3,0.0,0.0
1.0500663350000001,0.0,2.29,0.01,0.0
1.051059468,0.01,2.29,0.0,0.0
1.052055202,0.0,2.29,0.0,0.0
1.0530469260000002,0.01,2.3,0.01,0.01
1.054052099,0.0,2.28,0.01,0.0
1.0550508090000001,0.0,2.28,0.0,0.03
1.056055667,0.01,2.3,0.0,0.0
1.0570642460000002,0.01,2.27,0.0,0.02
1.05806309,0.0,2.29,0.01,0.0
1.059071021,0.0,2.29,0.0,0.0
1.060050328,0.0,2.29,0.02,0.0
1.061072537,0.0,2.29,0.01,0.0
1.0620716190000001,0.02,2.29,0.01,0.0
1.0630549360000001,0.0,2.29,0.02,0.0
1.064053063,0.0,2.29,0.01,0.0
1.0660585420000002,0.0,2.29,0.0,0.0
1.0670528430000001,0.0,2.29,0.0,0.0
1.068044363,0.01,2.29,0.0,0.0
1.069054548,0.0,2.29,0.04,0.05
1.070108749,0.0,2.28,0.01,0.0
1.0710498780000002,0.01,2.29,0.0,0.01
1.072051523,0.0,2.27,0.0,0.0
1.0730474970000001,0.02,2.28,0.01,0.01
1.0740429980000001,0.02,2.31,0.0,0.0
1.075052941,0.0,2.28,0.08,0.0
1.0760537970000001,0.01,2.29,0.0,0.0
1.0771363390000002,0.0,2.29,0.0,0.0
1.07805332,0.01,2.29,0.0,0.0
1.079049715,0.0,2.3,0.01,0.0
1.0810411370000002,0.0,2.29,0.0,0.0
1.082058079,0.0,2.29,0.01,0.0
1.083058471,0.0,2.3,0.01,0.01
1.084054105,0.0,2.28,0.01,0.0
1.08504664,0.04,2.29,0.0,0.0
1.086043732,0.04,2.31,0.01,0.01
1.087052237,0.0,2.3,0.01,0.0
1.088063121,0.01,2.28,0.05,0.03
1.08905783,0.02,2.29,0.02,0.0
1.09016359,0.0,2.3,0.0,0.0
1.091067445,0.0,2.29,0.01,0.0
1.092054157,0.0,2.3,0.01,0.0
1.093041144,0.0,2.29,0.01,0.01
1.0940492450000001,0.02,2.28,0.0,0.0
1.0950393870000001,0.01,2.29,0.0,0.0
1.097047528,0.01,2.29,0.01,0.0
1.0981323920000001,0.0,2.29,0.0,0.0
1.0990502290000002,0.01,2.29,0.0,0.0
1.100042425,0.0,2.28,0.01,0.01
1.10104936,0.0,2.28,0.01,0.0
1.1020471550000002,0.05,2.33,0.01,0.03
1.103055009,0.01,2.29,0.0,0.0
1.104047596,0.0,2.3,0.01,0.0
1.105058702,0.0,2.29,0.0,0.0
1.10615252,0.02,2.29,0.0,0.02
1.10707324,0.0,2.29,0.0,0.0
1.108075648,0.0,2.29,0.01,0.0
1.11016844,0.0,2.3,0.02,0.0
1.1110482640000001,0.0,2.28,0.01,0.01
1.1120493100000002,0.0,2.29,0.0,0.01
1.1130508940000001,0.0,2.29,0.0,0.0
1.114051353,0.0,2.29,0.0,0.0
1.115050742,0.0,2.29,0.0,0.0
1.1160445730000002,0.0,2.3,0.0,0.0
1.1171361800000001,0.0,2.28,0.0,0.0
1.118048417,0.01,2.28,0.01,0.0
1.11906056,0.01,2.25,0.0,0.09
1.1200665730000001,0.0,2.29,0.0,0.0
1.121136088,0.0,2.29,0.01,0.0
1.12219398,0.0,2.28,0.0,0.0
1.123055262,0.0,2.29,0.01,0.03
1.125050439,0.01,2.29,0.02,0.0
1.1260519850000001,0.01,2.28,0.0,0.01
1.1270456500000001,0.0,2.29,0.05,0.0
1.1280511130000002,0.02,2.29,0.0,0.0
1.129043384,0.0,2.3,0.01,0.01
1.130061344,0.0,2.32,0.0,0.0
1.131057809,0.0,2.29,0.01,0.05
1.1320538980000001,0.0,2.29,0.0,0.01
1.133053034,0.1,2.32,0.01,0.01
1.134042881,0.0,2.29,0.01,0.07
1.135040359,0.0,2.27,0.01,0.0
1.1360394440000001,0.04,2.29,0.0,0.0
1.137049432,0.0,2.29,0.01,0.0
1.138047917,0.0,2.29,0.01,0.0
1.1400487590000001,0.03,2.28,0.03,0.0
1.141044873,0.0,2.29,0.01,0.0
1.142044167,0.0,2.28,0.0,0.0
1.143044242,0.0,2.29,0.0,0.0
1.144052493,0.01,2.28,0.01,0.0
1.145054679,0.0,2.3,0.01,0.01
1.1460612840000002,0.0,2.29,0.0,0.0
1.147038907,0.0,2.29,0.0,0.0
1.1481262170000002,0.0,2.29,0.0,0.01
1.149048214,0.02,2.28,0.0,0.0
1.1500583400000002,0.0,2.31,0.01,0.0
1.151069568,0.0,2.29,0.0,0.0
1.1520613130000001,0.01,2.21,0.13,0.02
1.1530628390000002,0.0,2.3,0.03,0.0
1.1540579610000001,0.0,2.29,0.0,0.0
1.1551232280000001,0.0,2.29,0.0,0.0
1.157038841,0.01,2.29,0.0,0.01
1.15804722,0.0,2.29,0.01,0.0
1.159049856,0.0,2.29,0.01,0.0
1.1600510780000002,0.0,2.3,0.01,0.0
1.16111531,0.0,2.29,0.01,0.0
1.162053849,0.01,2.29,0.01,0.0
1.1630505340000001,0.01,2.29,0.0,0.0
1.164040269,0.0,2.29,0.0,0.03
1.1650534780000001,0.0,2.29,0.01,0.01
1.1660447980000002,0.0,2.28,0.0,0.0
1.167045962,0.0,2.29,0.01,0.0
1.1680504360000001,0.01,2.29,0.0,0.0
1.169051235,0.03,2.28,0.03,0.0
1.170047695,0.01,2.28,0.02,0.0
1.17204269,0.0,2.29,0.0,0.0
1.173045498,0.0,2.29,0.01,0.07
1.1740474650000001,0.0,2.3,0.01,0.01
1.175045509,0.01,2.29,0.0,0.0
1.176048682,0.01,2.29,0.0,0.01
1.177045068,0.02,2.29,0.01,0.0
1.1780861280000001,0.0,2.29,0.02,0.0
1.179044073,0.0,2.3,0.01,0.0
1.1800510800000001,0.0,2.29,0.0,0.0
1.1811610270000001,0.0,2.29,0.0,0.02
1.182132564,0.0,2.29,0.0,0.0
1.183179889,0.0,2.29,0.01,0.02
1.18405297,0.0,2.29,0.0,0.0
1.1850467580000001,0.0,2.3,0.02,0.0
1.187049653,0.0,2.29,0.01,0.0
1.1880446370000002,0.0,2.29,0.0,0.0
1.1890433500000002,0.01,2.29,0.01,0.0
1.190100012,0.02,2.29,0.0,0.02
1.191044511,0.0,2.29,0.0,0.01
1.19204448,0.0,2.29,0.0,0.0
1.193044014,0.0,2.29,0.02,0.0
1.194055705,0.0,2.3,0.01,0.0
1.1950437760000001,0.0,2.26,0.01,0.02
1.196099467,0.0,2.29,0.01,0.0
1.197044003,0.0,2.29,0.01,0.0
1.1980440220000002,0.0,2.29,0.01,0.0
1.1990447260000001,0.01,2.3,0.0,0.0
1.200045926,0.0,2.28,0.0,0.0
1.202047224,0.0,2.29,0.02,0.0
1.203043507,0.01,2.31,0.0,0.02
1.2040458,0.0,2.26,0.01,0.0
1.205043246,0.0,2.27,0.0,0.0
1.2060446420000002,0.0,2.29,0.0,0.0
1.207100265,0.0,2.29,0.0,0.0
1.2080444590000001,0.0,2.29,0.0,0.0
1.209043413,0.0,2.29,0.03,0.01
1.2100528720000001,0.0,2.27,0.01,0.0
1.2110496240000002,0.01,2.28,0.0,0.01
1.212063535,0.01,2.29,0.02,0.01
1.213163993,0.0,2.27,0.01,0.0
1.214064317,0.0,2.3,0.01,0.0
1.21504699,0.02,2.29,0.01,0.0
1.216038929,0.0,2.3,0.03,0.11
1.218099741,0.0,2.29,0.01,0.0
1.219043998,0.0,2.29,0.0,0.0
1.2200464500000001,0.0,2.29,0.01,0.0
1.221048957,0.0,2.29,0.0,0.01
1.222045056,0.0,2.29,0.0,0.0
1.2230456920000001,0.02,2.29,0.0,0.0
1.2240449880000002,0.01,2.3,0.01,0.01
1.225044223,0.0,2.29,0.0,0.0
1.2260591250000001,0.0,2.29,0.0,0.0
1.227046361,0.0,2.29,0.0,0.0
1.2280447010000002,0.0,2.29,0.0,0.0
1.229046985,0.0,2.29,0.02,0.0
1.2300482590000001,0.0,2.31,0.0,0.01
1.232043108,0.0,2.29,0.0,0.0
1.23305006,0.0,2.31,0.0,0.01
1.2340438870000001,0.0,2.29,0.0,0.0
1.23504349,0.0,2.29,0.01,0.0
1.236048832,0.0,2.29,0.0,0.0
1.2370422330000002,0.0,2.29,0.0,0.0
1.238049439,0.0,2.29,0.0,0.0
1.239043651,0.0,2.3,0.0,0.0
1.240043598,0.0,2.29,0.0,0.01
1.241039046,0.01,2.29,0.0,0.0
1.2422066950000001,0.01,2.29,0.01,0.02
1.243071156,0.03,2.24,0.01,0.05
1.244146476,0.01,2.29,0.0,0.02
1.2451525940000001,0.0,2.28,0.02,0.01
1.2471651910000001,0.0,2.29,0.0,0.01
1.248131577,0.0,2.28,0.0,0.01
1.249064634,0.0,2.29,0.05,0.01
1.2500592810000002,0.01,2.28,0.01,0.0
1.2510495270000002,0.0,2.29,0.03,0.0
1.2520415900000001,0.0,2.29,0.01,0.0
1.253053691,0.0,2.29,0.0,0.0
1.254051489,0.0,2.29,0.0,0.0
1.255051817,0.0,2.28,0.01,0.0
1.2560486260000001,0.0,2.29,0.01,0.0
1.257045243,0.0,2.29,0.0,0.0
1.258055057,0.0,2.29,0.0,0.0
1.259054809,0.01,2.29,0.0,0.01
1.261046624,0.0,2.28,0.0,0.01
1.262048684,0.0,2.29,0.02,0.01
1.263053863,0.0,2.28,0.0,0.0
1.2640496680000002,0.01,2.29,0.0,0.0
1.265047771,0.01,2.3,0.02,0.01
1.266047847,0.0,2.28,0.0,0.0
1.267047805,0.0,2.29,0.01,0.0
1.268060763,0.0,2.29,0.0,0.0
1.269137535,0.01,2.29,0.01,0.0
1.270045713,0.0,2.29,0.01,0.0
1.271046308,0.03,2.27,0.01,0.02
1.2720625730000001,0.0,2.29,0.0,0.0
1.273049799,0.02,2.29,0.0,0.0
1.2751238740000002,0.0,2.28,0.0,0.0
1.276074436,0.0,2.29,0.0,0.0
1.2770512410000001,0.03,2.35,0.07,0.02
1.2780519160000001,0.0,2.29,0.0,0.01
1.2790390790000001,0.01,2.29,0.0,0.0
1.280041025,0.0,2.29,0.0,0.0
1.2811059100000002,0.0,2.31,0.0,0.0
1.282046591,0.0,2.29,0.01,0.0
1.28304113,0.01,2.29,0.0,0.0
1.284051493,0.01,2.27,0.01,0.04
1.285045079,0.0,2.29,0.01,0.01
1.286046743,0.0,2.29,0.01,0.0
1.2870458310000001,0.01,2.3,0.0,0.01
1.288045568,0.0,2.29,0.01,0.01
1.2890493920000001,0.0,2.29,0.0,0.01
1.290060506,0.0,2.29,0.0,0.0
1.292046465,0.01,2.26,0.01,0.0
1.2930567400000001,0.0,2.35,0.0,0.0
1.29409944,0.02,2.31,0.05,0.02
1.295045283,0.0,2.3,0.01,0.01
1.296045133,0.0,2.29,0.01,0.0
1.2970598400000002,0.0,2.29,0.01,0.0
1.29804612,0.0,2.29,0.01,0.0
1.299045275,0.0,2.29,0.01,0.0
1.3000503220000001,0.04,2.28,0.04,0.03
1.3010486110000001,0.01,2.27,0.01,0.0
1.3020509980000001,0.03,2.3,0.01,0.0
1.303047545,0.0,2.29,0.0,0.0
1.304322126,0.02,2.28,0.01,0.0
1.306173017,0.0,2.29,0.01,0.0
1.3070772050000001,0.0,2.29,0.01,0.0
1.3081058110000001,0.0,2.31,0.0,0.0
1.309105843,0.0,2.28,0.01,0.03
1.3101111300000001,0.0,2.28,0.01,0.0
1.3112117810000001,0.0,2.29,0.0,0.0
1.312066506,0.01,2.29,0.0,0.01
1.313045679,0.01,2.29,0.0,0.0
1.314048764,0.01,2.29,0.0,0.01
1.315045247,0.0,2.26,0.06,0.02
1.3160452150000002,0.0,2.29,0.0,0.0
1.317043999,0.0,2.29,0.0,0.01
1.3180471200000001,0.0,2.29,0.01,0.0
1.3190513830000001,0.0,2.3,0.0,0.0
1.320165037,0.0,2.3,0.02,0.0
1.322146553,0.0,2.29,0.01,0.0
1.323044952,0.0,2.29,0.0,0.0
1.3240427190000001,0.0,2.29,0.0,0.0
1.325041457,0.0,2.29,0.0,0.0
1.3260426040000002,0.0,2.3,0.0,0.01
1.327044259,0.04,2.29,0.01,0.0
1.3281104750000001,0.01,2.28,0.01,0.02
1.3290443120000002,0.01,2.27,0.01,0.0
1.330106733,0.0,2.3,0.01,0.0
1.331042918,0.0,2.29,0.02,0.0
1.33204279,0.0,2.24,0.0,0.01
1.333046865,0.0,2.27,0.01,0.0
1.3340525170000002,0.0,2.29,0.02,0.0
1.335198777,0.0,2.27,0.0,0.0
1.337052479,0.0,2.29,0.0,0.0
1.338062949,0.0,2.29,0.01,0.01
1.33906282,0.0,2.29,0.0,0.01
1.340048431,0.0,2.29,0.0,0.0
1.3410476,0.0,2.29,0.0,0.03
1.3420430490000002,0.01,2.29,0.01,0.0
1.3430431520000001,0.01,2.28,0.0,0.01
1.344098358,0.0,2.29,0.0,0.0
1.345043706,0.0,2.29,0.0,0.0
1.3460392460000001,0.0,2.29,0.01,0.0
1.347044428,0.0,2.31,0.0,0.01
1.348042054,0.0,2.29,0.0,0.0
1.349044535,0.01,2.27,0.01,0.01
1.350053811,0.0,2.3,0.0,0.0
1.352036247,0.03,2.28,0.01,0.0
1.353066412,0.01,2.29,0.0,0.01
1.3540478660000002,0.0,2.29,0.02,0.0
1.3550496360000002,0.0,2.29,0.0,0.0
1.356047454,0.0,2.29,0.0,0.01
1.357054322,0.0,2.29,0.01,0.0
1.3580618400000002,0.01,2.26,0.04,0.02
1.359053713,0.0,2.28,0.0,0.0
1.360056997,0.0,2.29,0.02,0.01
1.3610542190000001,0.0,2.3,0.0,0.0
1.362046338,0.0,2.28,0.01,0.0
1.3630444720000001,0.0,2.29,0.0,0.0
1.364049231,0.03,2.26,0.0,0.0
1.365054106,0.02,2.29,0.0,0.02
1.367111164,0.0,2.29,0.0,0.0
1.368049526,0.0,2.29,0.0,0.0
1.3690454060000001,0.01,2.29,0.0,0.0
1.37005803,0.0,2.27,0.0,0.0
1.371046046,0.11,2.33,0.05,0.05
1.372046402,0.0,2.29,0.04,0.0
1.3731127220000001,0.0,2.29,0.04,0.03
1.374041289,0.02,2.29,0.0,0.01
1.375041361,0.0,2.29,0.01,0.0
1.3760432100000002,0.0,2.31,0.01,0.0
1.377042628,0.05,2.22,0.01,0.0
1.378052744,0.0,2.29,0.0,0.0
1.379047186,0.03,2.29,0.01,0.03
1.381064239,0.0,2.29,0.01,0.0
1.382141088,0.0,2.29,0.01,0.0
1.383043848,0.01,2.29,0.01,0.01
1.3840492610000001,0.0,2.29,0.01,0.0
1.3850458920000002,0.02,2.29,0.01,0.01
1.386091148,0.0,2.29,0.0,0.0
1.387095106,0.0,2.29,0.0,0.0
1.388089023,0.0,2.29,0.0,0.0
1.389094368,0.0,2.27,0.0,0.0
1.3900855600000002,0.01,2.29,0.03,0.0
1.3911046710000001,0.04,2.29,0.01,0.02
1.392086409,0.0,2.29,0.01,0.01
1.393085555,0.02,2.29,0.0,0.04
1.394090824,0.0,2.3,0.0,0.0
1.395091455,0.01,2.29,0.01,0.0
1.39711407,0.0,2.29,0.01,0.0
1.398117022,0.0,2.29,0.0,0.01
1.3990614220000002,0.0,2.3,0.0,0.0
1.400171939,0.01,2.29,0.0,0.0
1.401059445,0.0,2.29,0.0,0.03
1.402159718,0.01,2.29,0.01,0.01
1.40309174,0.0,2.3,0.0,0.0
1.404122914,0.0,2.31,0.02,0.0
1.4050427140000001,0.0,2.29,0.01,0.01
1.4060407000000001,0.01,2.27,0.0,0.0
1.4070401810000002,0.0,2.29,0.0,0.0
1.4080439900000001,0.0,2.29,0.01,0.0
1.4090394130000001,0.01,2.28,0.0,0.0
1.410103147,0.05,2.36,0.01,0.0
1.412044388,0.01,2.28,0.0,0.0
1.4130439780000001,0.01,2.29,0.01,0.02
1.4140382770000002,0.01,2.32,0.01,0.02
1.4150380180000002,0.0,2.28,0.01,0.0
1.416038187,0.01,2.3,0.03,0.02
1.417042343,0.0,2.29,0.0,0.0
1.4180521510000001,0.0,2.28,0.0,0.0
1.419043108,0.0,2.3,0.01,0.01
1.4200445730000002,0.0,2.29,0.01,0.01
1.4210408650000002,0.01,2.32,0.0,0.04
1.4220383890000001,0.0,2.29,0.01,0.0
1.423037482,0.0,2.29,0.0,0.01
1.4240488370000002,0.0,2.29,0.0,0.01
1.4250532420000002,0.0,2.29,0.0,0.01
1.427038089,0.0,2.29,0.0,0.0
1.428421809,0.01,2.29,0.05,0.0
1.429072072,0.0,2.29,0.01,0.01
1.4301228910000001,0.0,2.29,0.02,0.0
1.431081794,0.01,2.26,0.0,0.01
1.432118801,0.01,2.28,0.03,0.02
1.4331181030000002,0.0,2.29,0.0,0.0
1.4341478920000001,0.02,2.29,0.0,0.0
1.435153619,0.0,2.29,0.0,0.01
1.436068523,0.0,2.29,0.0,0.0
1.437092661,0.0,2.29,0.0,0.0
1.4380953520000002,0.01,2.29,0.0,0.0
1.439093846,0.0,2.29,0.01,0.0
1.440089454,0.0,2.29,0.0,0.0
1.44208624,0.0,2.29,0.0,0.0
1.4431021860000002,0.01,2.29,0.0,0.0
1.4441482300000001,0.0,2.3,0.0,0.0
1.4451246640000002,0.0,2.29,0.0,0.0
1.4460970670000002,0.01,2.29,0.0,0.0
1.4470875440000002,0.0,2.29,0.0,0.0
1.448096048,0.02,2.28,0.01,0.0
1.4490588850000001,0.0,2.29,0.0,0.0
1.450162358,0.01,2.23,0.01,0.0
1.4510505020000002,0.0,2.29,0.0,0.02
1.453116276,0.01,2.24,0.03,0.0
1.4540517430000002,0.0,2.29,0.0,0.02
1.4550535560000002,0.0,2.29,0.02,0.03
1.456054164,0.05,2.29,0.0,0.0
1.457048954,0.0,2.29,0.0,0.0
1.458175468,0.0,2.29,0.0,0.0
1.459052937,0.0,2.29,0.0,0.01
1.460051043,0.0,2.29,0.0,0.0
1.461050017,0.0,2.29,0.01,0.01
1.4620428040000002,0.0,2.29,0.0,0.0
1.4630557290000001,0.0,2.28,0.0,0.0
1.464048786,0.01,2.28,0.02,0.0
1.465046442,0.0,2.29,0.0,0.0
1.466058338,0.0,2.3,0.0,0.01
1.467056909,0.01,2.3,0.01,0.0
1.468046953,0.0,2.3,0.01,0.0
1.4690472620000001,0.01,2.29,0.01,0.0
1.471046529,0.01,2.27,0.0,0.0
1.4720451570000002,0.01,2.29,0.0,0.0
1.47310891,0.05,2.29,0.04,0.0
1.4740438580000002,0.0,2.29,0.0,0.0
1.475088116,0.0,2.29,0.01,0.02
1.4760462060000001,0.0,2.29,0.01,0.0
1.477044043,0.0,2.29,0.01,0.0
1.478106041,0.0,2.29,0.0,0.01
1.4791357250000001,0.01,2.29,0.01,0.0
1.480041642,0.0,2.28,0.01,0.0
1.4811062560000001,0.01,2.3,0.01,0.0
1.482167935,0.01,2.29,0.01,0.0
1.483337233,0.0,2.29,0.0,0.0
1.484068001,0.0,2.29,0.02,0.0
1.485100961,0.01,2.28,0.01,0.0
1.4861134100000002,0.01,2.29,0.01,0.04
1.488097073,0.0,2.29,0.02,0.02
1.4890606860000002,0.0,2.29,0.0,0.01
1.4901072020000001,0.0,2.29,0.0,0.0
1.4911031170000002,0.01,2.29,0.01,0.0
1.492051025,0.0,2.28,0.0,0.0
1.4930983960000002,0.0,2.3,0.02,0.0
1.4941089870000002,0.01,2.29,0.0,0.01
1.4950565390000001,0.0,2.29,0.01,0.02
1.4960993770000002,0.0,2.3,0.01,0.01
1.497070295,0.0,2.3,0.0,0.0
1.498157058,0.0,2.29,0.0,0.0
1.4990551980000002,0.0,2.28,0.01,0.0
1.500046422,0.02,2.29,0.01,0.0
1.501045953,0.0,2.28,0.0,0.0
1.5030497760000001,0.0,2.28,0.0,0.0
1.5040503680000001,0.0,2.29,0.0,0.0
1.505066628,0.0,2.29,0.0,0.0
1.5060584490000002,0.0,2.29,0.0,0.0
1.507066558,0.0,2.29,0.0,0.0
1.5080952170000002,0.0,2.3,0.01,0.0
1.509083532,0.02,2.29,0.01,0.0
1.510106221,0.0,2.29,0.0,0.0
1.511084,0.0,2.29,0.0,0.01
1.512090473,0.01,2.29,0.0,0.0
1.51308675,0.0,2.29,0.03,0.0
1.514090382,0.0,2.29,0.01,0.0
1.515083521,0.0,2.29,0.0,0.0
1.517054646,0.0,2.29,0.01,0.01
1.51805793,0.0,2.27,0.03,0.03
1.5190471840000002,0.02,2.29,0.01,0.0
1.5200576030000001,0.0,2.29,0.0,0.0
1.521057136,0.0,2.29,0.0,0.0
1.522063581,0.01,2.3,0.01,0.01
1.523062404,0.03,2.29,0.01,0.0
1.524062649,0.0,2.27,0.07,0.0
1.525063024,0.0,2.29,0.0,0.0
1.526064866,0.02,2.29,0.0,0.0
1.52709128,0.0,2.3,0.0,0.0
1.5281290490000001,0.01,2.29,0.0,0.0
1.529044996,0.0,2.29,0.01,0.05
1.530056821,0.0,2.27,0.01,0.0
1.532036626,0.03,2.28,0.04,0.01
1.5330665920000002,0.0,2.29,0.0,0.0
1.534036517,0.0,2.27,0.0,0.0
1.5350364310000002,0.0,2.3,0.0,0.0
1.5360490320000002,0.0,2.29,0.0,0.0
1.537099851,0.0,2.29,0.01,0.0
1.5380401890000002,0.01,2.29,0.01,0.01
1.539071928,0.0,2.28,0.03,0.04
1.5400751190000002,0.0,2.29,0.01,0.01
1.5410428440000001,0.0,2.29,0.0,0.0
1.542068994,0.0,2.29,0.0,0.0
1.5430449700000002,0.0,2.3,0.0,0.0
1.5440367110000002,0.0,2.3,0.01,0.0
1.5450432950000001,0.01,2.29,0.0,0.0
1.546063506,0.0,2.29,0.0,0.0
1.5480447700000002,0.02,2.35,0.01,0.0
1.5490370390000001,0.0,2.28,0.01,0.01
1.550045246,0.0,2.29,0.01,0.0
1.5510394060000001,0.0,2.29,0.01,0.0
1.552075582,0.0,2.29,0.01,0.0
1.553076627,0.0,2.29,0.0,0.01
1.55405185,0.0,2.31,0.0,0.01
1.555042129,0.01,2.35,0.0,0.01
1.556050559,0.0,2.29,0.01,0.0
1.5570757400000002,0.0,2.29,0.0,0.0
1.558079181,0.0,2.29,0.01,0.01
1.55906392,0.0,2.29,0.0,0.01
1.560044247,0.0,2.28,0.0,0.01
1.5610532400000001,0.01,2.29,0.0,0.0
1.56212612,0.0,2.29,0.0,0.0
1.564045125,0.0,2.29,0.06,0.01
1.5650422380000002,0.0,2.29,0.0,0.02
1.566061463,0.0,2.25,0.0,0.0
1.56703998,0.0,2.29,0.0,0.01
1.568045122,0.05,2.3,0.0,0.0
1.569084009,0.0,2.3,0.0,0.01
1.570044387,0.02,2.29,0.01,0.0
1.571038096,0.02,2.29,0.01,0.0
1.5720429690000002,0.01,2.32,0.0,0.01
1.57304952,0.0,2.28,0.0,0.0
1.574037858,0.0,2.29,0.01,0.0
1.575047324,0.0,2.29,0.0,0.0
1.576046786,0.0,2.3,0.0,0.0
1.578111641,0.0,2.29,0.01,0.0
1.5790527970000001,0.03,2.3,0.05,0.03
1.5800391900000001,0.0,2.29,0.0,0.0
1.5810528540000002,0.0,2.29,0.0,0.0
1.5820504880000001,0.0,2.29,0.0,0.0
1.5830618330000001,0.0,2.29,0.0,0.0
1.5840476010000002,0.01,2.29,0.0,0.0
1.585044769,0.0,2.28,0.05,0.02
1.5860441660000002,0.0,2.29,0.01,0.0
1.587053555,0.0,2.3,0.0,0.0
1.588050323,0.0,2.29,0.0,0.0
1.589051086,0.0,2.28,0.01,0.0
1.5900603670000002,0.01,2.28,0.0,0.0
1.5910546460000001,0.01,2.29,0.0,0.0
1.5930349140000002,0.0,2.29,0.0,0.0
1.594064932,0.01,2.3,0.02,0.0
1.595048457,0.0,2.27,0.0,0.01
1.596042423,0.0,2.29,0.0,0.03
1.5970370790000001,0.0,2.29,0.01,0.0
1.5980449280000002,0.0,2.29,0.0,0.0
1.599039523,0.01,2.29,0.01,0.0
1.600045434,0.0,2.29,0.01,0.0
1.601038207,0.0,2.27,0.0,0.01
1.6020360210000002,0.0,2.3,0.01,0.0
1.6030733350000002,0.01,2.32,0.0,0.0
1.6040411430000001,0.0,2.28,0.01,0.0
1.605098927,0.0,2.29,0.01,0.0
1.606037732,0.0,2.28,0.0,0.01
1.608087099,0.0,2.29,0.01,0.0
1.6090470920000002,0.0,2.3,0.01,0.01
1.6100492960000001,0.01,2.31,0.01,0.0
1.6110965130000001,0.0,2.3,0.0,0.02
1.612039918,0.0,2.3,0.0,0.01
1.6130476790000001,0.0,2.24,0.0,0.04
1.614060113,0.0,2.29,0.01,0.01
1.6151180410000001,0.01,2.29,0.0,0.0
1.616071814,0.0,2.29,0.01,0.01
1.617069201,0.01,2.28,0.0,0.01
1.618062708,0.0,2.29,0.0,0.0
1.6190458730000001,0.0,2.29,0.08,0.0
1.62009395,0.0,2.28,0.0,0.0
1.621045552,0.0,2.29,0.0,0.0
1.6220404510000002,0.0,2.28,0.0,0.0
1.624035082,0.0,2.29,0.0,0.0
1.625046682,0.0,2.29,0.0,0.0
1.6260586160000001,0.0,2.29,0.0,0.0
1.627045077,0.0,2.29,0.0,0.04
1.628044577,0.0,2.29,0.01,0.0
1.6290465230000002,0.0,2.29,0.01,0.0
1.63004451,0.0,2.29,0.01,0.01
1.6310451830000001,0.0,2.29,0.0,0.02
1.6320444120000002,0.0,2.28,0.0,0.0
1.633044686,0.0,2.28,0.01,0.01
1.634069041,0.0,2.29,0.0,0.0
1.63504781,0.01,2.29,0.0,0.0
1.6360457730000002,0.0,2.29,0.0,0.0
1.637048953,0.0,2.29,0.0,0.01
1.6380563330000002,0.0,2.29,0.0,0.01
1.6400412590000002,0.0,2.3,0.0,0.01
1.6410466320000001,0.0,2.29,0.0,0.01
1.64206359,0.01,2.29,0.0,0.0
1.6430501240000002,0.0,2.3,0.01,0.0
1.644042661,0.01,2.29,0.01,0.0
1.645055423,0.0,2.29,0.0,0.01
1.6460628240000001,0.0,2.29,0.02,0.08
1.647066367,0.01,2.29,0.01,0.0
1.648066956,0.01,2.29,0.0,0.0
1.6490461920000001,0.0,2.29,0.0,0.0
1.6500405230000001,0.0,2.31,0.0,0.01
1.651050691,0.01,2.28,0.0,0.0
1.6520484260000001,0.03,2.29,0.01,0.0
1.653225688,0.0,2.29,0.0,0.0
1.655048697,0.0,2.29,0.0,0.0
1.656051203,0.0,2.28,0.0,0.0
1.6570511030000001,0.0,2.29,0.0,0.0
1.6580649250000001,0.0,2.29,0.0,0.0
1.6590511220000002,0.0,2.29,0.0,0.0
1.660045943,0.0,2.28,0.0,0.0
1.6610394940000002,0.02,2.31,0.01,0.0
1.6620377460000002,0.0,2.29,0.0,0.02
1.663059942,0.0,2.25,0.01,0.0
1.6640983790000001,0.0,2.28,0.01,0.0
1.665100867,0.0,2.28,0.0,0.0
1.666045212,0.01,2.29,0.0,0.01
1.667055073,0.0,2.3,0.0,0.0
1.669042927,0.0,2.28,0.0,0.0
1.6700511230000001,0.01,2.29,0.0,0.01
1.6710390750000002,0.01,2.29,0.01,0.0
1.6720505010000002,0.01,2.28,0.01,0.0
1.673049601,0.0,2.29,0.01,0.0
1.6740570330000002,0.01,2.29,0.01,0.0
1.6750832670000002,0.01,2.29,0.0,0.01
1.6760552850000001,0.03,2.29,0.0,0.0
1.67705878,0.01,2.29,0.01,0.0
1.6780753270000002,0.0,2.29,0.01,0.0
1.6790590490000001,0.0,2.29,0.0,0.0
1.6800837560000002,0.0,2.29,0.01,0.01
1.681133556,0.01,2.28,0.0,0.0
1.68307684,0.05,2.34,0.03,0.0
1.684076715,0.0,2.29,0.01,0.03
1.6851466300000002,0.0,2.29,0.0,0.01
1.686072864,0.0,2.25,0.01,0.0
1.687065818,0.0,2.3,0.01,0.0
1.688050328,0.0,2.28,0.01,0.0
1.689045106,0.0,2.29,0.0,0.0
1.690059639,0.03,2.29,0.0,0.0
1.6910558900000001,0.0,2.24,0.1,0.09
1.6920561500000002,0.0,2.29,0.0,0.0
1.6930600390000001,0.0,2.27,0.0,0.0
1.694048121,0.01,2.31,0.01,0.0
1.695060196,0.01,2.29,0.0,0.0
1.696055761,0.02,2.29,0.0,0.0
1.69705546,0.0,2.29,0.11,0.0
1.6980690630000002,0.0,2.28,0.01,0.01
1.699051915,0.0,2.29,0.01,0.01
1.7010547180000002,0.0,2.29,0.01,0.0
1.7020471540000002,0.01,2.27,0.01,0.0
1.703048796,0.0,2.29,0.0,0.0
1.704052346,0.0,2.28,0.0,0.0
1.7050460630000002,0.0,2.29,0.01,0.0
1.7060621500000002,0.0,2.29,0.0,0.0
1.7070745070000002,0.0,2.29,0.01,0.0
1.708063166,0.0,2.35,0.03,0.01
1.709068991,0.0,2.28,0.01,0.0
1.7100707300000002,0.0,2.29,0.01,0.0
1.711070944,0.0,2.29,0.01,0.0
1.7120450230000002,0.0,2.29,0.01,0.0
1.7130474990000002,0.01,2.29,0.01,0.0
1.7140466310000002,0.0,2.3,0.0,0.01
1.7160376590000002,0.02,2.29,0.0,0.01
1.7170800190000002,0.0,2.3,0.01,0.0
1.7180499150000001,0.0,2.31,0.01,0.0
1.719058283,0.0,2.29,0.0,0.0
1.7200494670000002,0.01,2.29,0.0,0.0
1.7210497690000002,0.0,2.29,0.01,0.0
1.722066772,0.0,2.29,0.01,0.0
1.7230458880000001,0.07,2.31,0.02,0.01
1.724048883,0.0,2.3,0.0,0.0
1.725053509,0.0,2.27,0.0,0.0
1.726046733,0.0,2.29,0.0,0.0
1.727056496,0.0,2.29,0.0,0.02
1.7280462440000002,0.0,2.28,0.01,0.0
1.729054298,0.04,2.3,0.01,0.01
1.731050143,0.01,2.31,0.0,0.02
1.7320461040000001,0.05,2.27,0.0,0.01
1.733051807,0.0,2.27,0.01,0.01
1.7340491980000001,0.0,2.29,0.02,0.0
1.73504443,0.01,2.29,0.01,0.01
1.7361462010000002,0.0,2.29,0.0,0.0
1.7370493610000002,0.01,2.29,0.01,0.0
1.738069694,0.0,2.29,0.0,0.01
1.739124662,0.0,2.29,0.0,0.02
1.740086856,0.0,2.29,0.0,0.0
1.741100867,0.0,2.29,0.0,0.0
1.742066439,0.05,2.26,0.05,0.0
1.743047502,0.01,2.29,0.0,0.0
1.7440533390000001,0.02,2.29,0.01,0.0
1.7460478940000002,0.01,2.29,0.0,0.0
1.7470843280000001,0.0,2.29,0.0,0.0
1.7480423360000001,0.0,2.29,0.01,0.02
1.749044408,0.0,2.3,0.0,0.01
1.750047509,0.0,2.29,0.01,0.02
1.751047967,0.0,2.29,0.01,0.01
1.7520393680000002,0.01,2.31,0.01,0.0
1.753054675,0.01,2.29,0.01,0.02
1.754043105,0.0,2.3,0.01,0.0
1.755110356,0.01,2.28,0.0,0.0
1.7560393580000002,0.0,2.29,0.0,0.0
1.757052411,0.0,2.29,0.01,0.02
1.758048979,0.01,2.27,0.0,0.0
1.759042626,0.01,2.3,0.01,0.0
1.761038431,0.02,2.29,0.0,0.01
1.7620477620000001,0.0,2.26,0.01,0.02
1.763038968,0.0,2.3,0.0,0.0
1.764049371,0.0,2.27,0.01,0.0
1.765038627,0.0,2.29,0.0,0.03
1.7660385820000002,0.0,2.29,0.01,0.0
1.7670459010000001,0.02,2.27,0.0,0.01
1.7680453680000001,0.0,2.25,0.0,0.01
1.769045299,0.0,2.28,0.01,0.0
1.7700494850000001,0.01,2.28,0.02,0.0
1.7710682070000001,0.02,2.26,0.0,0.01
1.772082654,0.0,2.29,0.0,0.0
1.7730669460000001,0.0,2.29,0.01,0.0
1.774048392,0.0,2.29,0.0,0.0
1.7750409040000001,0.01,2.28,0.04,0.0
1.777042476,0.0,2.29,0.0,0.0
1.778108918,0.01,2.29,0.01,0.0
1.7790405690000002,0.01,2.29,0.01,0.0
1.7800452390000001,0.0,2.29,0.01,0.0
1.781038303,0.0,2.29,0.0,0.01
1.782040861,0.01,2.29,0.0,0.02
1.783038404,0.0,2.29,0.01,0.03
1.784042689,0.0,2.29,0.0,0.0
1.7850447230000002,0.0,2.29,0.0,0.0
1.7860812990000001,0.0,2.29,0.0,0.0
1.787085572,0.0,2.29,0.01,0.0
1.788039104,0.0,2.28,0.0,0.0
1.789042637,0.0,2.3,0.0,0.0
1.7900447320000001,0.02,2.32,0.0,0.01
1.7920389390000002,0.0,2.28,0.01,0.0
1.7930386280000001,0.0,2.29,0.01,0.0
1.794044666,0.0,2.29,0.01,0.0
1.795041131,0.0,2.29,0.01,0.0
1.796040026,0.01,2.29,0.0,0.0
1.7970396290000001,0.0,2.29,0.0,0.01
1.7980398850000001,0.0,2.3,0.0,0.0
1.799051511,0.0,2.3,0.01,0.0
1.800093889,0.0,2.29,0.0,0.0
1.8011146550000001,0.0,2.29,0.0,0.0
1.8020524240000002,0.0,2.29,0.01,0.0
1.8041155610000001,0.05,2.25,0.03,0.0
1.8051282620000002,0.0,2.3,0.0,0.01
1.8060850650000002,0.0,2.29,0.01,0.0
1.807048879,0.0,2.29,0.01,0.0
1.8080635180000002,0.0,2.29,0.0,0.0
1.809059226,0.0,2.3,0.01,0.01
1.810043467,0.01,2.32,0.05,0.03
1.8110495990000002,0.0,2.29,0.01,0.0
1.8120446600000002,0.0,2.29,0.01,0.02
1.8130381770000001,0.01,2.3,0.01,0.01
1.8140383610000002,0.0,2.26,0.02,0.0
1.81503776,0.01,2.29,0.0,0.0
1.816082055,0.0,2.29,0.0,0.01
1.8170425790000002,0.01,2.27,0.0,0.01
1.8180532770000002,0.01,2.34,0.03,0.06
1.8200398180000001,0.0,2.29,0.0,0.0
1.8210405760000001,0.0,2.29,0.0,0.0
1.822040498,0.01,2.29,0.01,0.01
1.823046457,0.0,2.29,0.0,0.0
1.8240409910000002,0.03,2.29,0.0,0.0
1.8250442160000002,0.0,2.29,0.0,0.0
1.8260386880000001,0.0,2.29,0.0,0.0
1.8270393090000001,0.0,2.29,0.0,0.0
1.8280886650000001,0.0,2.29,0.0,0.0
1.829042035,0.01,2.28,0.0,0.0
1.8300571890000001,0.01,2.26,0.0,0.0
1.831049036,0.0,2.29,0.01,0.0
1.832076982,0.01,2.29,0.0,0.0
1.834064581,0.0,2.29,0.0,0.01
1.8350474630000002,0.0,2.28,0.01,0.04
1.836052626,0.0,2.29,0.0,0.0
1.8370405660000002,0.0,2.29,0.0,0.0
1.8380384060000001,0.0,2.29,0.0,0.0
1.8390456960000001,0.0,2.28,0.0,0.0
1.8400418010000001,0.0,2.29,0.05,0.0
1.8410548880000002,0.0,2.29,0.01,0.0
1.842042836,0.0,2.29,0.0,0.0
1.8430386660000002,0.0,2.29,0.0,0.01
1.844037716,0.0,2.3,0.01,0.0
1.845040881,0.0,2.29,0.01,0.0
1.8460442350000001,0.0,2.28,0.02,0.0
1.847040119,0.0,2.29,0.0,0.0
1.848043692,0.0,2.28,0.0,0.01
1.8490432870000002,0.0,2.3,0.01,0.0
1.851047636,0.06,2.31,0.01,0.05
1.8520411030000001,0.0,2.29,0.01,0.0
1.8530407500000001,0.01,2.29,0.02,0.0
1.8540410660000002,0.01,2.28,0.01,0.03
1.8550396930000002,0.03,2.28,0.01,0.0
1.856039972,0.0,2.29,0.0,0.0
1.8570468510000002,0.0,2.28,0.0,0.0
1.858070187,0.0,2.28,0.01,0.0
1.859063262,0.0,2.3,0.01,0.01
1.860048922,0.01,2.29,0.0,0.01
1.861053062,0.0,2.29,0.0,0.0
1.8620563620000001,0.0,2.29,0.0,0.01
1.8630710680000002,0.01,2.29,0.0,0.0
1.8640723360000002,0.0,2.3,0.01,0.0
1.866138129,0.0,2.29,0.0,0.0
1.867048625,0.0,2.29,0.01,0.0
1.8680376820000002,0.02,2.29,0.01,0.01
1.869047946,0.01,2.27,0.0,0.0
1.87004637,0.0,2.26,0.0,0.0
1.871049771,0.01,2.28,0.01,0.0
1.8720387530000002,0.01,2.32,0.01,0.0
1.873048113,0.0,2.29,0.0,0.01
1.8740500740000001,0.0,2.28,0.0,0.01
1.8750493270000002,0.0,2.29,0.01,0.0
1.876094265,0.0,2.29,0.0,0.0
1.8770391210000001,0.0,2.29,0.01,0.0
1.8780450610000001,0.01,2.29,0.01,0.0
1.8790426770000002,0.0,2.29,0.0,0.0
1.8810422510000002,0.01,2.29,0.0,0.0
1.882049681,0.01,2.28,0.0,0.0
1.8830979650000002,0.0,2.29,0.01,0.0
1.8840387280000002,0.0,2.29,0.0,0.0
1.8850685820000002,0.02,2.31,0.0,0.0
1.8860390790000001,0.0,2.29,0.0,0.0
1.887044852,0.0,2.29,0.01,0.0
1.8880393210000002,0.0,2.29,0.01,0.0
1.8890489350000002,0.0,2.3,0.03,0.0
1.8900476270000002,0.01,2.29,0.03,0.01
1.891046376,0.0,2.3,0.0,0.0
1.8920575560000001,0.0,2.3,0.0,0.01
1.8930575740000002,0.0,2.32,0.0,0.05
1.894062039,0.0,2.29,0.0,0.01
1.8960523200000001,0.01,2.29,0.0,0.0
1.8970608070000001,0.0,2.29,0.0,0.0
1.898107006,0.02,2.29,0.01,0.0
1.8990659660000002,0.0,2.28,0.0,0.01
1.9000422160000001,0.0,2.25,0.0,0.02
1.901045297,0.0,2.29,0.0,0.0
1.9020388160000001,0.0,2.29,0.0,0.01
1.90312225,0.0,2.29,0.0,0.0
1.904048414,0.0,2.29,0.0,0.0
1.9050553000000001,0.0,2.31,0.0,0.0
1.9060471600000002,0.0,2.26,0.09,0.02
1.9070612800000002,0.0,2.29,0.01,0.01
1.908049628,0.0,2.29,0.01,0.01
1.9090504220000002,0.01,2.28,0.01,0.0
1.9110360270000002,0.01,2.29,0.01,0.0
1.9121151280000002,0.02,2.29,0.02,0.02
1.9130435600000002,0.01,2.28,0.0,0.0
1.914052552,0.01,2.29,0.0,0.03
1.915056764,0.05,2.24,0.03,0.1
1.916045634,0.0,2.29,0.01,0.0
1.9170467770000001,0.0,2.3,0.0,0.0
1.918053283,0.0,2.29,0.0,0.0
1.9190576030000002,0.0,2.29,0.01,0.0
1.920046726,0.0,2.29,0.0,0.0
1.9210540440000001,0.04,2.3,0.02,0.02
1.922186106,0.01,2.29,0.0,0.0
1.9231334930000001,0.0,2.31,0.0,0.0
1.924208678,0.0,2.29,0.0,0.0
1.9260510400000002,0.0,2.29,0.0,0.02
1.927050015,0.03,2.3,0.01,0.0
1.928053138,0.0,2.29,0.0,0.0
1.929047965,0.0,2.29,0.02,0.01
1.9301237940000002,0.0,2.29,0.01,0.03
1.9310482780000002,0.0,2.29,0.01,0.0
1.932101419,0.01,2.25,0.04,0.03
1.933044004,0.0,2.3,0.03,0.01
1.9340395280000002,0.01,2.29,0.0,0.0
1.9350490020000002,0.0,2.28,0.01,0.0
1.9360465100000002,0.0,2.29,0.0,0.0
1.9370584670000002,0.0,2.29,0.0,0.0
1.938064298,0.0,2.29,0.01,0.06
1.9390620920000001,0.0,2.29,0.0,0.0
1.941047076,0.0,2.29,0.0,0.0
1.942106101,0.01,2.29,0.0,0.0
1.94304794,0.0,2.29,0.01,0.0
1.9440486350000001,0.0,2.28,0.01,0.01
1.9450514330000002,0.0,2.29,0.0,0.0
1.9460591370000002,0.0,2.29,0.0,0.0
1.9470685380000001,0.0,2.29,0.0,0.0
1.9480493030000001,0.01,2.29,0.0,0.0
1.949044943,0.0,2.3,0.01,0.01
1.9500467870000002,0.0,2.29,0.03,0.0
1.9510463180000002,0.0,2.3,0.0,0.0
1.9520523340000002,0.03,2.29,0.02,0.01
1.9530440400000002,0.0,2.28,0.01,0.0
1.9540508440000002,0.0,2.29,0.02,0.0
1.9560556420000001,0.0,2.29,0.0,0.0
1.957045563,0.0,2.28,0.0,0.0
1.9580622870000002,0.0,2.29,0.01,0.0
1.959037345,0.0,2.28,0.01,0.0
1.9600368830000001,0.0,2.3,0.0,0.0
1.961049934,0.01,2.31,0.0,0.0
1.9621194240000002,0.0,2.29,0.0,0.0
1.9630486130000002,0.0,2.33,0.03,0.0
1.964055904,0.0,2.29,0.01,0.01
1.965038427,0.0,2.25,0.0,0.0
1.966044866,0.0,2.25,0.0,0.0
1.967055331,0.0,2.28,0.01,0.02
1.968049723,0.0,2.31,0.01,0.0
1.969046287,0.02,2.29,0.01,0.01
1.9700517770000001,0.0,2.3,0.01,0.0
1.972042453,0.12,2.3,0.0,0.0
1.973044403,0.01,2.29,0.0,0.0
1.9740477680000001,0.0,2.3,0.01,0.01
1.975048265,0.0,2.29,0.01,0.0
1.9760425700000002,0.0,2.29,0.0,0.0
1.977051598,0.0,2.29,0.0,0.0
1.978052866,0.0,2.29,0.0,0.0
1.979052245,0.0,2.28,0.06,0.02
1.9800465660000002,0.0,2.29,0.0,0.0
1.98105082,0.01,2.29,0.01,0.0
1.9820448730000002,0.0,2.29,0.0,0.0
1.983049499,0.0,2.29,0.01,0.0
1.9840547910000002,0.0,2.29,0.0,0.0
1.9850674760000002,0.0,2.28,0.0,0.03
1.986128286,0.0,2.3,0.01,0.01
1.9880698950000002,0.01,2.3,0.01,0.0
1.9890825500000002,0.0,2.3,0.01,0.01
1.9900645970000002,0.0,2.3,0.01,0.0
1.991047883,0.0,2.29,0.0,0.01
1.9920434400000002,0.0,2.28,0.01,0.0
1.9930507780000002,0.0,2.29,0.01,0.0
1.994047472,0.02,2.29,0.0,0.0
1.9950483410000002,0.01,2.3,0.01,0.0
1.996044876,0.0,2.29,0.0,0.0
1.9970456040000002,0.0,2.29,0.01,0.03
1.998050354,0.0,2.29,0.0,0.0
1.9990514700000002,0.0,2.29,0.01,0.0
2.0000489750000003,0.01,2.29,0.0,0.0
2.0020423270000003,0.0,2.29,0.0,0.0
2.003045347,0.01,2.34,0.01,0.0
2.004049009,0.06,2.3,0.02,0.02
2.005048497,0.0,2.29,0.01,0.0
2.006043167,0.0,2.29,0.0,0.0
2.007047919,0.0,2.29,0.0,0.01
2.008043798,0.0,2.29,0.0,0.0
2.0090454660000003,0.01,2.3,0.01,0.06
2.010083691,0.0,2.3,0.02,0.0
2.011117992,0.0,2.29,0.0,0.03
2.012041973,0.01,2.29,0.04,0.03
2.013045735,0.0,2.28,0.0,0.0
2.014050407,0.0,2.28,0.01,0.01
2.015053443,0.0,2.3,0.01,0.0
2.016072554,0.0,2.29,0.01,0.0
2.0180474680000002,0.0,2.29,0.02,0.0
2.0190578670000003,0.0,2.29,0.01,0.0
2.020045613,0.0,2.3,0.01,0.0
2.021045834,0.0,2.29,0.01,0.0
2.0220583540000003,0.0,2.29,0.0,0.0
2.0230570660000002,0.0,2.31,0.0,0.01
2.0240931740000003,0.01,2.29,0.0,0.0
2.0250545470000003,0.01,2.29,0.01,0.0
2.026119595,0.0,2.29,0.0,0.01
2.0271583890000002,0.0,2.29,0.01,0.0
2.0281434210000002,0.0,2.29,0.0,0.02
2.0290471240000003,0.0,2.31,0.01,0.0
2.030056468,0.0,2.29,0.0,0.0
2.032038405,0.0,2.27,0.02,0.01
2.033046703,0.0,2.31,0.0,0.0
2.034044379,0.0,2.29,0.01,0.0
2.0350559280000002,0.0,2.29,0.01,0.0
2.036054434,0.01,2.25,0.03,0.01
2.037046139,0.0,2.29,0.01,0.01
2.03804862,0.0,2.29,0.0,0.0
2.039043459,0.0,2.29,0.0,0.04
2.040047962,0.02,2.29,0.0,0.0
2.041046175,0.01,2.29,0.0,0.0
2.0420505820000003,0.0,2.29,0.0,0.0
2.0430982070000003,0.01,2.3,0.0,0.0
2.044051719,0.01,2.29,0.0,0.01
2.0450516640000003,0.0,2.29,0.01,0.0
2.0460462400000003,0.04,2.29,0.01,0.0
2.048161292,0.01,2.29,0.01,0.13
2.0490560920000003,0.0,2.29,0.01,0.04
2.0500773750000003,0.0,2.29,0.01,0.01
2.051048773,0.03,2.3,0.0,0.0
2.05204133,0.0,2.32,0.0,0.0
2.053056132,0.0,2.3,0.01,0.0
2.054048657,0.0,2.29,0.01,0.01
2.055037602,0.0,2.29,0.0,0.0
2.056053814,0.0,2.29,0.0,0.0
2.057051086,0.0,2.28,0.01,0.0
2.0581316270000003,0.0,2.29,0.0,0.0
2.059155102,0.01,2.27,0.0,0.01
2.0610421110000003,0.0,2.29,0.0,0.0
2.062078339,0.0,2.29,0.0,0.0
2.0630432620000003,0.0,2.29,0.0,0.01
2.0640439550000003,0.0,2.37,0.01,0.0
2.065052691,0.0,2.3,0.01,0.0
2.066049702,0.0,2.29,0.0,0.0
2.0670402230000002,0.0,2.28,0.0,0.0
2.068052829,0.01,2.28,0.01,0.01
2.069045591,0.01,2.3,0.0,0.01
2.070048315,0.0,2.3,0.0,0.0
2.0710450760000003,0.0,2.29,0.0,0.0
2.072049346,0.0,2.28,0.01,0.0
2.073060095,0.01,2.26,0.01,0.0
2.0750525850000003,0.0,2.32,0.04,0.03
2.07605387,0.0,2.29,0.01,0.0
2.0770504180000002,0.0,2.29,0.01,0.0
2.078062401,0.0,2.28,0.0,0.0
2.079061492,0.01,2.29,0.0,0.01
2.0800737280000003,0.0,2.3,0.0,0.01
2.0810806740000003,0.0,2.3,0.0,0.08
2.082055681,0.0,2.28,0.0,0.0
2.083054889,0.0,2.29,0.01,0.03
2.084051365,0.0,2.3,0.0,0.0
2.085037302,0.0,2.29,0.0,0.0
2.086053047,0.0,2.29,0.0,0.0
2.08705094,0.01,2.3,0.01,0.01
2.088130815,0.0,2.28,0.01,0.0
2.0890523350000003,0.0,2.29,0.01,0.04
2.090057947,0.07,2.28,0.01,0.07
2.091048571,0.0,2.29,0.01,0.0
2.093035796,0.0,2.3,0.0,0.0
2.094079266,0.01,2.29,0.0,0.0
2.095047532,0.01,2.3,0.01,0.0
2.0960479810000003,0.01,2.29,0.0,0.0
2.0970495220000003,0.03,2.28,0.02,0.02
2.098045087,0.0,2.29,0.0,0.01
2.0990454460000003,0.0,2.27,0.01,0.01
2.1001021250000003,0.0,2.29,0.01,0.0
2.1010447620000003,0.02,2.29,0.0,0.0
2.102067875,0.0,2.31,0.01,0.0
2.1030480160000002,0.0,2.29,0.01,0.0
2.104047783,0.0,2.28,0.01,0.0
2.1050515240000003,0.01,2.29,0.01,0.0
2.107076642,0.0,2.28,0.01,0.0
2.108080541,0.04,2.28,0.02,0.0
2.109057607,0.0,2.3,0.0,0.0
2.110052779,0.01,2.29,0.0,0.01
2.111061363,0.01,2.29,0.0,0.0
2.1120481950000003,0.0,2.29,0.01,0.0
2.113048945,0.0,2.29,0.0,0.0
2.114167053,0.0,2.26,0.03,0.01
2.115104638,0.0,2.29,0.01,0.0
2.116059624,0.0,2.29,0.0,0.0
2.1170602830000003,0.0,2.29,0.0,0.0
2.118070162,0.0,2.32,0.01,0.0
2.119063976,0.01,2.3,0.01,0.01
2.1200622030000003,0.0,2.29,0.0,0.0
2.121060672,0.01,2.32,0.01,0.01
2.1220583150000003,0.0,2.29,0.01,0.01
2.1240501000000003,0.0,2.29,0.0,0.0
2.125050807,0.0,2.3,0.0,0.01
2.126051689,0.02,2.29,0.0,0.0
2.127050348,0.0,2.29,0.01,0.01
2.128045912,0.0,2.33,0.01,0.0
2.129055853,0.01,2.3,0.0,0.03
2.1300524480000003,0.0,2.29,0.01,0.0
2.131049564,0.0,2.32,0.0,0.01
2.132044232,0.01,2.29,0.01,0.0
2.133063821,0.0,2.29,0.01,0.0
2.134048001,0.0,2.29,0.01,0.0
2.135051206,0.0,2.29,0.01,0.0
2.136057268,0.0,2.29,0.0,0.0
2.138056708,0.01,2.3,0.0,0.01
2.139047046,0.0,2.29,0.0,0.0
2.140046172,0.0,2.29,0.01,0.0
2.1410422650000003,0.01,2.29,0.01,0.0
2.142052173,0.04,2.3,0.01,0.0
2.1430534260000003,0.01,2.29,0.01,0.0
2.1440538520000003,0.0,2.27,0.0,0.0
2.145063497,0.0,2.29,0.0,0.0
2.146063506,0.0,2.29,0.0,0.0
2.147051941,0.0,2.3,0.01,0.0
2.148069242,0.01,2.29,0.03,0.0
2.149069357,0.0,2.29,0.01,0.0
2.1500667890000003,0.0,2.29,0.01,0.01
2.151050912,0.0,2.29,0.0,0.01
2.1530415620000003,0.02,2.29,0.0,0.01
2.1541476150000003,0.0,2.29,0.01,0.0
2.1550492770000003,0.0,2.29,0.01,0.01
2.156048915,0.0,2.29,0.0,0.0
2.157042722,0.02,2.29,0.0,0.03
2.158046097,0.0,2.29,0.01,0.0
2.1590483810000003,0.01,2.29,0.0,0.01
2.160050017,0.01,2.29,0.01,0.0
2.161039108,0.01,2.29,0.01,0.0
2.1620455570000003,0.02,2.3,0.0,0.05
2.1630393260000003,0.0,2.29,0.0,0.01
2.164038339,0.0,2.3,0.01,0.0
2.1650751500000003,0.0,2.29,0.0,0.0
2.16605201,0.0,2.3,0.0,0.0
2.168044944,0.0,2.29,0.0,0.0
2.169063989,0.01,2.33,0.04,0.0
2.1700521800000003,0.0,2.29,0.01,0.0
2.171050381,0.0,2.31,0.06,0.0
2.172172315,0.0,2.25,0.0,0.02
2.173119662,0.01,2.29,0.01,0.01
2.174059036,0.0,2.29,0.0,0.05
2.175073572,0.0,2.29,0.01,0.0
2.176050015,0.0,2.29,0.0,0.0
2.177045724,0.0,2.29,0.0,0.0
2.178046317,0.0,2.29,0.01,0.0
2.1790910660000002,0.01,2.29,0.0,0.03
2.180048921,0.0,2.29,0.0,0.0
2.181045234,0.01,2.29,0.0,0.0
2.183061505,0.0,2.29,0.01,0.0
2.184057849,0.01,2.29,0.0,0.03
2.185058622,0.0,2.29,0.01,0.0
2.1860482020000003,0.01,2.29,0.01,0.0
2.1870459280000003,0.0,2.31,0.0,0.01
2.188049319,0.0,2.29,0.0,0.01
2.189038509,0.0,2.29,0.0,0.0
2.190038753,0.03,2.29,0.01,0.0
2.19103862,0.02,2.36,0.07,0.0
2.192046002,0.0,2.29,0.01,0.01
2.193047591,0.01,2.29,0.01,0.0
2.1940409460000003,0.0,2.29,0.02,0.0
2.195051309,0.0,2.29,0.0,0.0
2.196053458,0.0,2.29,0.0,0.0
2.197048859,0.0,2.29,0.01,0.0
2.199038302,0.0,2.29,0.01,0.01
2.2000386880000002,0.0,2.29,0.0,0.0
2.2010477560000004,0.0,2.29,0.0,0.0
2.202115854,0.0,2.3,0.01,0.01
2.203089135,0.03,2.28,0.0,0.0
2.2041435330000003,0.0,2.3,0.0,0.0
2.205102653,0.0,2.3,0.0,0.01
2.206080871,0.0,2.28,0.01,0.0
2.207080891,0.0,2.3,0.01,0.0
2.2080797700000003,0.0,2.31,0.0,0.01
2.20908199,0.03,2.25,0.03,0.0
2.210083751,0.0,2.32,0.03,0.01
2.2111149500000002,0.0,2.3,0.01,0.0
2.212079137,0.02,2.29,0.0,0.03
2.2130865020000003,0.01,2.29,0.01,0.0
2.215086862,0.0,2.28,0.01,0.01
2.2160812500000002,0.0,2.29,0.04,0.02
2.2170515820000003,0.0,2.29,0.0,0.0
2.218319014,0.0,2.3,0.0,0.01
2.219140846,0.0,2.3,0.02,0.01
2.220130825,0.0,2.29,0.0,0.0
2.2212057240000003,0.08,2.29,0.01,0.01
2.222136055,0.0,2.25,0.0,0.0
2.2231281480000002,0.0,2.29,0.02,0.0
2.224128774,0.0,2.29,0.0,0.0
2.225132802,0.0,2.29,0.0,0.01
2.227133132,0.01,2.28,0.0,0.0
2.228131948,0.0,2.29,0.0,0.0
2.229134311,0.01,2.29,0.0,0.0
2.230129928,0.02,2.29,0.0,0.0
2.23118132,0.0,2.29,0.0,0.02
2.232158256,0.0,2.3,0.02,0.0
2.2332126590000003,0.0,2.29,0.01,0.0
2.2341494720000004,0.0,2.29,0.03,0.01
2.23513634,0.01,2.29,0.02,0.0
2.236135151,0.0,2.29,0.0,0.0
2.237203868,0.01,2.29,0.01,0.0
2.2381517740000003,0.0,2.29,0.01,0.01
2.23914196,0.0,2.29,0.0,0.0
2.2401401400000003,0.0,2.31,0.02,0.0
2.242131884,0.01,2.29,0.01,0.03
2.243176419,0.05,2.29,0.0,0.0
2.24433119,0.01,2.28,0.01,0.01
2.245073959,0.01,2.3,0.0,0.0
2.246101334,0.0,2.29,0.03,0.0
2.247101743,0.0,2.3,0.03,0.0
2.248097574,0.0,2.29,0.0,0.0
2.249104883,0.0,2.29,0.0,0.0
2.250100201,0.0,2.29,0.0,0.01
2.251101203,0.0,2.29,0.0,0.01
2.2520965740000003,0.01,2.3,0.0,0.02
2.253100861,0.0,2.29,0.01,0.01
2.254057312,0.0,2.29,0.01,0.0
2.2550924930000003,0.0,2.29,0.01,0.0
2.256103622,0.02,2.3,0.0,0.01
2.25719298,0.01,2.29,0.0,0.04
2.258119626,0.03,2.29,0.0,0.03
2.260098867,0.0,2.3,0.0,0.0
2.261102186,0.0,2.29,0.01,0.0
2.262061726,0.0,2.28,0.0,0.0
2.26306309,0.0,2.29,0.01,0.01
2.26405364,0.0,2.27,0.0,0.0
2.265076547,0.0,2.3,0.0,0.0
2.266057123,0.0,2.29,0.0,0.0
2.267073591,0.0,2.29,0.0,0.0
2.268057717,0.01,2.29,0.01,0.0
2.2690466280000003,0.0,2.29,0.03,0.01
2.270040179,0.01,2.3,0.01,0.0
2.27104449,0.01,2.29,0.0,0.0
2.272048508,0.0,2.29,0.0,0.0
2.274038303,0.0,2.31,0.01,0.01
2.275045418,0.0,2.29,0.0,0.01
2.276045527,0.0,2.29,0.0,0.01
2.2770432780000003,0.0,2.29,0.01,0.0
2.278042766,0.0,2.29,0.0,0.0
2.279043209,0.03,2.3,0.0,0.03
2.2800443990000003,0.0,2.28,0.0,0.0
2.28105153,0.01,2.3,0.0,0.0
2.282047194,0.0,2.29,0.0,0.0
2.2830396950000003,0.02,2.29,0.03,0.0
2.284039623,0.06,2.36,0.03,0.0
2.285044525,0.0,2.29,0.0,0.0
2.2860439230000003,0.0,2.29,0.02,0.0
2.287051571,0.01,2.31,0.01,0.0
2.289042846,0.01,2.29,0.0,0.04
2.290045021,0.0,2.29,0.04,0.0
2.2910434360000003,0.0,2.32,0.01,0.0
2.292043501,0.03,2.27,0.05,0.04
2.293044103,0.0,2.33,0.01,0.0
2.29404449,0.0,2.29,0.0,0.01
2.2950603430000003,0.0,2.29,0.0,0.01
2.296050457,0.0,2.29,0.0,0.0
2.297108212,0.0,2.29,0.01,0.0
2.298094723,0.0,2.32,0.0,0.0
2.299064933,0.0,2.3,0.0,0.0
2.300052711,0.0,2.29,0.01,0.01
2.301050026,0.0,2.29,0.0,0.0
2.302042971,0.0,2.29,0.0,0.01
2.304042576,0.0,2.28,0.0,0.0
2.305042626,0.01,2.29,0.0,0.0
2.306047698,0.0,2.29,0.01,0.0
2.307043964,0.0,2.29,0.0,0.0
2.308039043,0.0,2.29,0.0,0.0
2.309043001,0.01,2.29,0.01,0.01
2.3100440190000002,0.0,2.3,0.01,0.0
2.311043814,0.0,2.29,0.0,0.01
2.31204518,0.01,2.28,0.01,0.01
2.313047833,0.02,2.29,0.0,0.0
2.314048583,0.0,2.3,0.0,0.0
2.315046386,0.0,2.29,0.0,0.0
2.316040756,0.0,2.29,0.0,0.0
2.317044525,0.0,2.29,0.01,0.01
2.319044468,0.0,2.28,0.0,0.0
2.3200562820000004,0.0,2.29,0.0,0.02
2.3210516300000004,0.0,2.3,0.0,0.01
2.322044751,0.0,2.29,0.0,0.0
2.3230492640000002,0.01,2.3,0.05,0.0
2.324044079,0.0,2.3,0.0,0.0
2.3250443990000003,0.0,2.29,0.01,0.03
2.326050277,0.0,2.26,0.01,0.0
2.3270492760000003,0.0,2.29,0.0,0.0
2.328065549,0.0,2.29,0.01,0.02
2.3290663080000003,0.01,2.3,0.0,0.0
2.330070644,0.0,2.29,0.01,0.05
2.331053029,0.0,2.29,0.08,0.0
2.332067823,0.01,2.29,0.0,0.0
2.333046902,0.0,2.3,0.0,0.0
2.335035679,0.0,2.3,0.02,0.0
2.3360504300000002,0.0,2.32,0.01,0.0
2.3370504860000003,0.0,2.28,0.0,0.01
2.338041516,0.0,2.28,0.01,0.0
2.3390411230000003,0.0,2.29,0.0,0.0
2.340050605,0.01,2.3,0.01,0.01
2.341045962,0.02,2.29,0.0,0.0
2.342044366,0.01,2.28,0.0,0.0
2.34304385,0.0,2.3,0.01,0.0
2.344038963,0.0,2.28,0.01,0.0
2.345046104,0.0,2.29,0.01,0.0
2.3460465040000003,0.0,2.29,0.01,0.0
2.347050667,0.0,2.27,0.01,0.02
2.34905429,0.01,2.3,0.01,0.0
2.350042695,0.0,2.29,0.01,0.0
2.351047913,0.0,2.29,0.0,0.03
2.3520436510000002,0.0,2.31,0.0,0.0
2.3530465670000003,0.01,2.29,0.01,0.0
2.3540489,0.0,2.29,0.0,0.0
2.355041367,0.0,2.3,0.0,0.0
2.3560731510000004,0.0,2.28,0.0,0.01
2.357072241,0.01,2.3,0.0,0.0
2.3581072030000003,0.01,2.28,0.0,0.0
2.3590509170000002,0.0,2.3,0.0,0.0
2.3600511610000003,0.0,2.29,0.01,0.0
2.361046142,0.0,2.29,0.0,0.0
2.362046621,0.0,2.29,0.01,0.0
2.363052644,0.0,2.35,0.0,0.0
2.365103709,0.0,2.28,0.0,0.0
2.366045041,0.03,2.29,0.0,0.01
2.36705874,0.0,2.29,0.01,0.0
2.368043264,0.01,2.29,0.01,0.0
2.369041025,0.02,2.33,0.0,0.0
2.370073789,0.01,2.26,0.0,0.0
2.37105828,0.0,2.3,0.0,0.0
2.372047659,0.0,2.28,0.0,0.04
2.3730509370000004,0.02,2.27,0.01,0.01
2.3740618760000003,0.0,2.27,0.0,0.0
2.375104293,0.0,2.3,0.0,0.0
2.3760464210000003,0.0,2.29,0.0,0.0
2.378044431,0.0,2.29,0.0,0.0
2.379047652,0.0,2.29,0.0,0.0
2.380036968,0.0,2.29,0.01,0.0
2.38108172,0.0,2.29,0.01,0.0
2.382063249,0.0,2.3,0.01,0.0
2.383075658,0.0,2.36,0.02,0.0
2.3840628550000003,0.0,2.29,0.01,0.0
2.385097772,0.0,2.29,0.0,0.0
2.386054296,0.0,2.29,0.01,0.0
2.387048586,0.0,2.29,0.0,0.0
2.3880451910000002,0.0,2.29,0.01,0.0
2.389143265,0.0,2.28,0.01,0.02
2.390067108,0.01,2.31,0.03,0.01
2.391057544,0.0,2.28,0.0,0.0
2.392064045,0.0,2.28,0.01,0.0
2.3930436250000002,0.0,2.29,0.01,0.0
2.3940833670000004,0.0,2.3,0.01,0.0
2.396048833,0.0,2.29,0.0,0.0
2.3970457780000003,0.11,2.29,0.0,0.0
2.3980442720000004,0.0,2.3,0.01,0.01
2.3990431290000003,0.0,2.29,0.01,0.0
2.400043998,0.01,2.28,0.0,0.0
2.40104584,0.0,2.3,0.01,0.0
2.402139703,0.0,2.29,0.06,0.0
2.403044532,0.04,2.25,0.03,0.0
2.404046588,0.01,2.3,0.0,0.01
2.405045422,0.0,2.31,0.0,0.0
2.406088378,0.0,2.29,0.0,0.0
2.4070441490000003,0.0,2.3,0.0,0.01
2.4080472910000004,0.0,2.31,0.04,0.0
2.409039628,0.0,2.29,0.03,0.05
2.411053254,0.01,2.29,0.04,0.01
2.4120528660000002,0.05,2.33,0.0,0.06
2.4130487400000002,0.02,2.29,0.01,0.01
2.414038229,0.0,2.29,0.01,0.0
2.4150429200000003,0.0,2.29,0.0,0.01
2.416094744,0.01,2.29,0.0,0.0
2.4170844980000004,0.0,2.29,0.0,0.0
2.418047082,0.0,2.28,0.0,0.0
2.4190497960000004,0.0,2.3,0.0,0.0
2.420124537,0.01,2.29,0.01,0.0
2.421151227,0.0,2.29,0.0,0.0
2.4220564060000003,0.0,2.29,0.0,0.0
2.423079096,0.0,2.29,0.01,0.01
2.4250466420000003,0.0,2.3,0.01,0.0
2.4260704410000002,0.0,2.29,0.01,0.0
2.427048677,0.0,2.29,0.0,0.0
2.42805674,0.0,2.3,0.01,0.01
2.429050251,0.0,2.3,0.01,0.01
2.4300414690000003,0.11,2.28,0.06,0.0
2.4310484420000003,0.01,2.29,0.0,0.0
2.432051634,0.0,2.29,0.01,0.01
2.433051337,0.01,2.29,0.0,0.02
2.434049518,0.0,2.29,0.01,0.0
2.43504436,0.0,2.29,0.0,0.0
2.436055471,0.0,2.29,0.01,0.0
2.437052475,0.0,2.29,0.01,0.0
2.4380485640000003,0.0,2.3,0.02,0.0
2.440042907,0.0,2.29,0.0,0.0
2.4410535,0.0,2.28,0.0,0.0
2.442117879,0.0,2.29,0.01,0.01
2.443057861,0.0,2.29,0.0,0.0
2.44404771,0.02,2.27,0.0,0.0
2.44505124,0.0,2.29,0.0,0.0
2.446043633,0.0,2.3,0.06,0.0
2.447049792,0.0,2.3,0.0,0.01
2.44804631,0.01,2.3,0.01,0.02
2.449054817,0.0,2.3,0.0,0.01
2.450051428,0.01,2.28,0.01,0.0
2.451058687,0.0,2.3,0.01,0.0
2.452062252,0.0,2.26,0.0,0.0
2.453078827,0.0,2.29,0.0,0.0
2.455055048,0.0,2.29,0.0,0.01
2.4560736000000003,0.02,2.29,0.0,0.0
2.457067068,0.0,2.29,0.0,0.01
2.4582506150000003,0.0,2.29,0.0,0.0
2.4591626840000003,0.07,2.29,0.04,0.02
2.460062126,0.0,2.28,0.0,0.0
2.461126525,0.01,2.3,0.01,0.0
2.4620600340000003,0.0,2.29,0.0,0.0
2.4630980730000003,0.03,2.3,0.01,0.0
2.4640981500000003,0.01,2.3,0.01,0.0
2.465117391,0.0,2.32,0.0,0.07
2.466062892,0.0,2.3,0.0,0.0
2.467111691,0.0,2.28,0.0,0.0
2.468062923,0.0,2.29,0.0,0.0
2.470043941,0.0,2.29,0.0,0.0
2.471044671,0.01,2.3,0.01,0.0
2.472043104,0.0,2.29,0.0,0.0
2.473051909,0.0,2.29,0.01,0.01
2.474057188,0.0,2.29,0.0,0.0
2.4750576370000004,0.0,2.33,0.04,0.03
2.4761003280000002,0.0,2.29,0.0,0.0
2.4770490410000003,0.0,2.28,0.0,0.0
2.4780416250000004,0.01,2.31,0.01,0.0
2.4790453620000004,0.0,2.29,0.0,0.01
2.480042541,0.0,2.29,0.01,0.0
2.481058467,0.05,2.25,0.08,0.0
2.482073483,0.01,2.29,0.06,0.0
2.483061829,0.0,2.29,0.0,0.0
2.4840608580000003,0.0,2.29,0.0,0.05
2.486123612,0.0,2.27,0.01,0.0
2.487060006,0.0,2.29,0.0,0.01
2.488048591,0.0,2.29,0.03,0.0
2.4890537900000003,0.01,2.29,0.02,0.0
2.490052567,0.0,2.29,0.0,0.0
2.491120956,0.0,2.32,0.0,0.0
2.492044421,0.0,2.29,0.02,0.0
2.493039655,0.01,2.29,0.0,0.0
2.494041477,0.0,2.3,0.01,0.0
2.495049094,0.0,2.29,0.0,0.0
2.496037787,0.0,2.29,0.02,0.0
2.497046436,0.01,2.29,0.01,0.0
2.498043888,0.0,2.29,0.0,0.0
2.499043576,0.0,2.29,0.0,0.0
2.501038796,0.01,2.29,0.0,0.0
2.502040366,0.01,2.28,0.01,0.0
2.5030423760000002,0.0,2.29,0.0,0.0
2.5040381270000003,0.01,2.29,0.01,0.0
2.505082695,0.0,2.29,0.01,0.0
2.506050774,0.0,2.29,0.01,0.0
2.507045706,0.02,2.29,0.01,0.01
2.508047641,0.0,2.29,0.0,0.02
2.509037885,0.0,2.29,0.01,0.0
2.51003759,0.0,2.28,0.0,0.0
2.5110890500000003,0.0,2.29,0.01,0.01
2.512056345,0.01,2.29,0.01,0.0
2.513065816,0.0,2.3,0.04,0.02
2.515081819,0.0,2.27,0.11,0.0
2.516046429,0.0,2.29,0.01,0.0
2.517038415,0.0,2.29,0.01,0.0
2.518038059,0.01,2.3,0.0,0.0
2.519048451,0.0,2.28,0.0,0.0
2.520109471,0.0,2.29,0.0,0.0
2.521048521,0.0,2.29,0.0,0.0
2.52204753,0.0,2.29,0.0,0.0
2.523039147,0.0,2.3,0.0,0.01
2.524103963,0.0,2.29,0.0,0.0
2.5250383330000004,0.01,2.31,0.0,0.0
2.5260380760000003,0.01,2.29,0.01,0.0
2.527042335,0.0,2.29,0.0,0.0
2.5280445940000003,0.01,2.3,0.0,0.0
2.530038206,0.01,2.29,0.01,0.04
2.531040754,0.01,2.29,0.02,0.0
2.532088132,0.0,2.29,0.0,0.0
2.533038132,0.0,2.28,0.01,0.01
2.5340387520000003,0.0,2.28,0.0,0.01
2.535039662,0.0,2.29,0.0,0.0
2.5360380790000003,0.0,2.29,0.0,0.0
2.5370449980000003,0.0,2.27,0.0,0.01
2.5380452630000003,0.0,2.29,0.0,0.0
2.539089934,0.0,2.31,0.0,0.0
2.540039916,0.0,2.29,0.0,0.0
2.541039981,0.01,2.27,0.04,0.02
2.542040189,0.0,2.29,0.0,0.0
2.543090888,0.0,2.29,0.0,0.0
2.5450516110000003,0.0,2.29,0.0,0.01
2.5460549930000003,0.01,2.29,0.01,0.0
2.547072162,0.0,2.3,0.01,0.0
2.5480542600000002,0.05,2.3,0.03,0.01
2.549039827,0.0,2.29,0.01,0.0
2.550037017,0.01,2.29,0.0,0.0
2.55103632,0.0,2.29,0.0,0.0
2.552042433,0.0,2.31,0.0,0.01
2.553048329,0.0,2.28,0.01,0.0
2.554098148,0.0,2.29,0.0,0.0
2.555043207,0.0,2.29,0.01,0.0
2.556173186,0.01,2.3,0.0,0.0
2.557037315,0.0,2.29,0.0,0.0
2.558043774,0.02,2.29,0.02,0.01
2.559043137,0.01,2.28,0.01,0.01
2.560041119,0.0,2.29,0.0,0.0
2.5620361480000002,0.0,2.29,0.04,0.0
2.563038805,0.0,2.3,0.0,0.03
2.564039325,0.01,2.3,0.0,0.0
2.5650393,0.04,2.3,0.01,0.0
2.566039443,0.0,2.3,0.0,0.0
2.567037388,0.0,2.29,0.0,0.01
2.568037693,0.01,2.28,0.01,0.01
2.569041733,0.0,2.31,0.0,0.0
2.570086694,0.01,2.29,0.0,0.01
2.571053785,0.0,2.3,0.01,0.0
2.572038397,0.0,2.28,0.01,0.01
2.5730880700000003,0.0,2.29,0.0,0.03
2.574048763,0.0,2.29,0.01,0.0
2.576054312,0.0,2.29,0.0,0.01
2.5770563560000004,0.0,2.29,0.0,0.0
2.578051739,0.01,2.29,0.0,0.0
2.5790412440000003,0.01,2.29,0.0,0.01
2.580050655,0.0,2.28,0.02,0.04
2.58105699,0.01,2.29,0.0,0.01
2.582037246,0.0,2.29,0.0,0.0
2.583062034,0.01,2.29,0.01,0.01
2.5840448950000003,0.0,2.29,0.01,0.0
2.5850479390000003,0.0,2.29,0.0,0.01
2.586059397,0.0,2.28,0.0,0.0
2.587056539,0.0,2.29,0.0,0.0
2.588043474,0.0,2.29,0.01,0.0
2.589041738,0.03,2.28,0.03,0.01
2.5901161260000003,0.0,2.28,0.01,0.0
2.592037481,0.0,2.29,0.0,0.0
2.593038113,0.0,2.29,0.01,0.0
2.5940558090000003,0.0,2.29,0.0,0.03
2.595087143,0.0,2.29,0.01,0.0
2.5960399410000004,0.0,2.3,0.01,0.0
2.597040026,0.0,2.29,0.0,0.0
2.5980433190000003,0.0,2.28,0.01,0.0
2.599038314,0.01,2.29,0.0,0.0
2.600045696,0.0,2.29,0.0,0.0
2.601038671,0.0,2.29,0.0,0.01
2.602055113,0.0,2.31,0.0,0.04
2.6030893990000004,0.0,2.28,0.01,0.0
2.60404412,0.0,2.33,0.01,0.0
2.6052581850000003,0.0,2.29,0.0,0.0
2.607108783,0.0,2.29,0.05,0.0
2.608133891,0.01,2.29,0.0,0.07
2.6090644600000004,0.05,2.29,0.0,0.01
2.6100860690000003,0.0,2.29,0.01,0.0
2.611133803,0.01,2.29,0.01,0.02
2.612110796,0.0,2.29,0.0,0.01
2.613086753,0.0,2.3,0.0,0.0
2.6140863370000003,0.0,2.29,0.0,0.0
2.615086717,0.0,2.29,0.0,0.0
2.616087383,0.02,2.29,0.0,0.0
2.6170723430000002,0.0,2.28,0.0,0.0
2.618050117,0.01,2.3,0.01,0.01
2.6190510590000002,0.0,2.27,0.0,0.01
2.620095737,0.0,2.29,0.0,0.0
2.6220368300000003,0.0,2.3,0.0,0.0
2.623041225,0.01,2.28,0.01,0.0
2.6240601050000003,0.0,2.28,0.0,0.0
2.625036965,0.0,2.29,0.0,0.0
2.6260444450000002,0.0,2.29,0.01,0.0
2.627037511,0.0,2.29,0.0,0.0
2.6280525380000004,0.0,2.29,0.0,0.0
2.6290399370000004,0.01,2.29,0.01,0.0
2.63003875,0.0,2.3,0.0,0.0
2.631048545,0.0,2.29,0.01,0.0
2.6320406100000002,0.0,2.3,0.01,0.0
2.6330379170000002,0.01,2.28,0.01,0.0
2.6340482090000004,0.0,2.29,0.0,0.0
2.6350461380000003,0.0,2.29,0.0,0.0
2.636046367,0.0,2.3,0.01,0.0
2.638049672,0.0,2.28,0.0,0.0
2.639047038,0.01,2.3,0.0,0.01
2.640062153,0.01,2.29,0.0,0.0
2.641066867,0.0,2.29,0.0,0.01
2.642044544,0.0,2.3,0.01,0.05
2.6430466850000003,0.0,2.29,0.01,0.0
2.644041579,0.0,2.28,0.01,0.01
2.645052722,0.0,2.29,0.01,0.0
2.646043763,0.0,2.29,0.0,0.03
2.647056172,0.0,2.29,0.01,0.01
2.648048192,0.0,2.29,0.01,0.0
2.6490467790000003,0.0,2.29,0.01,0.0
2.650210183,0.0,2.29,0.0,0.04
2.652119539,0.0,2.29,0.01,0.03
2.6530377190000003,0.0,2.28,0.0,0.0
2.6540466790000004,0.01,2.26,0.02,0.0
2.6550454230000002,0.04,2.29,0.01,0.0
2.656042115,0.0,2.29,0.0,0.0
2.6570405580000003,0.01,2.29,0.01,0.0
2.658038549,0.01,2.29,0.01,0.0
2.6590918610000003,0.01,2.29,0.0,0.0
2.660037936,0.0,2.29,0.01,0.0
2.661041163,0.0,2.29,0.0,0.01
2.662046975,0.0,2.3,0.01,0.0
2.6630434920000003,0.0,2.3,0.0,0.0
2.664040409,0.0,2.29,0.01,0.0
2.6650370000000003,0.0,2.29,0.01,0.0
2.667037338,0.04,2.29,0.01,0.0
2.6680393070000004,0.0,2.29,0.01,0.01
2.669045997,0.0,2.3,0.01,0.0
2.6700593290000003,0.02,2.28,0.01,0.0
2.6710530450000003,0.0,2.3,0.01,0.0
2.672055856,0.04,2.32,0.0,0.0
2.6731247910000002,0.0,2.29,0.0,0.0
2.6740414940000004,0.0,2.29,0.0,0.01
2.6750457020000002,0.0,2.29,0.0,0.0
2.676038143,0.0,2.29,0.01,0.01
2.6770411050000003,0.01,2.29,0.01,0.0
2.678044922,0.0,2.29,0.0,0.02
2.6800451560000003,0.0,2.29,0.0,0.0
2.681039295,0.01,2.3,0.01,0.0
2.682048606,0.0,2.29,0.0,0.0
2.6830383980000003,0.02,2.29,0.0,0.02
2.684037507,0.06,2.27,0.02,0.0
2.685043624,0.0,2.29,0.0,0.03
2.686044066,0.0,2.29,0.0,0.0
2.6870380270000003,0.01,2.29,0.02,0.0
2.6880408200000003,0.0,2.29,0.01,0.02
2.689041129,0.05,2.29,0.01,0.0
2.690040605,0.01,2.28,0.0,0.02
2.6910385380000004,0.0,2.29,0.01,0.0
2.692039061,0.0,2.34,0.0,0.0
2.693037374,0.0,2.3,0.01,0.0
2.694043985,0.0,2.29,0.01,0.0
2.69603744,0.0,2.29,0.01,0.0
2.697044506,0.0,2.29,0.0,0.0
2.698403695,0.0,2.29,0.0,0.0
2.699072344,0.0,2.29,0.01,0.0
2.7000736130000003,0.01,2.31,0.01,0.0
2.701050811,0.0,2.29,0.0,0.0
2.7020459750000003,0.0,2.33,0.01,0.0
2.703051678,0.0,2.28,0.02,0.0
2.7040471740000003,0.0,2.29,0.01,0.0
2.705039535,0.02,2.24,0.08,0.01
2.706037711,0.0,2.29,0.0,0.0
2.707046651,0.0,2.29,0.0,0.0
2.708045802,0.01,2.28,0.01,0.01
2.7090518230000002,0.0,2.26,0.0,0.0
2.710044239,0.0,2.29,0.0,0.01
2.712041085,0.0,2.29,0.0,0.0
2.7130419050000003,0.0,2.29,0.02,0.0
2.714049793,0.0,2.29,0.0,0.01
2.7150446450000003,0.0,2.29,0.01,0.0
2.7160413770000003,0.05,2.28,0.04,0.0
2.717050007,0.0,2.29,0.0,0.01
2.718049176,0.0,2.29,0.01,0.0
2.7190426480000003,0.01,2.29,0.0,0.0
2.7200435460000003,0.0,2.29,0.0,0.02
2.721049388,0.0,2.28,0.0,0.0
2.722045211,0.0,2.31,0.0,0.0
2.723065332,0.0,2.29,0.0,0.0
2.724052416,0.0,2.29,0.0,0.0
2.7250483620000003,0.0,2.29,0.0,0.0
2.7260407620000002,0.01,2.29,0.0,0.0
2.728043806,0.0,2.29,0.0,0.0
2.729066565,0.0,2.32,0.01,0.01
2.730081792,0.0,2.28,0.0,0.0
2.731075917,0.04,2.28,0.01,0.0
2.7320652510000003,0.0,2.27,0.01,0.01
2.733068088,0.02,2.34,0.01,0.01
2.734064532,0.0,2.29,0.01,0.01
2.7350591090000003,0.0,2.29,0.01,0.0
2.736054381,0.0,2.29,0.0,0.0
2.73705247,0.0,2.3,0.01,0.01
2.738100228,0.0,2.36,0.05,0.0
2.7390531080000002,0.0,2.29,0.0,0.0
2.740051456,0.0,2.28,0.0,0.02
2.741047405,0.0,2.29,0.01,0.0
2.743040674,0.0,2.28,0.01,0.0
2.744063316,0.0,2.29,0.0,0.0
2.745048443,0.0,2.29,0.0,0.0
2.74605126,0.0,2.29,0.0,0.01
2.7470495620000004,0.0,2.29,0.0,0.0
2.748048337,0.01,2.36,0.04,0.01
2.749047483,0.0,2.29,0.0,0.0
2.750043579,0.0,2.29,0.01,0.0
2.751047325,0.0,2.28,0.03,0.0
2.7520436420000003,0.0,2.29,0.01,0.03
2.7530954590000003,0.0,2.29,0.01,0.0
2.7540449980000004,0.01,2.29,0.01,0.01
2.755051849,0.0,2.28,0.01,0.04
2.756052824,0.01,2.28,0.0,0.0
2.758136544,0.0,2.29,0.0,0.0
2.7590437220000004,0.01,2.28,0.01,0.02
2.7600616550000003,0.0,2.29,0.0,0.01
2.7610677970000004,0.0,2.29,0.0,0.0
2.7620790900000003,0.0,2.29,0.03,0.0
2.7630755320000002,0.0,2.29,0.01,0.01
2.7640665010000003,0.0,2.29,0.01,0.0
2.765051231,0.0,2.29,0.0,0.0
2.766042273,0.01,2.33,0.03,0.0
2.7670378860000002,0.0,2.29,0.0,0.01
2.7680484180000002,0.0,2.29,0.0,0.04
2.769048478,0.09,2.25,0.03,0.04
2.770086478,0.0,2.28,0.0,0.01
2.7710413380000003,0.0,2.27,0.0,0.0
2.77303685,0.0,2.3,0.0,0.0
2.774045574,0.01,2.29,0.01,0.0
2.7750453210000003,0.0,2.29,0.01,0.01
2.7760413280000003,0.0,2.28,0.01,0.0
2.777052444,0.0,2.28,0.0,0.0
2.7780515190000004,0.0,2.29,0.0,0.0
2.7790463680000004,0.0,2.29,0.02,0.0
2.780042191,0.0,2.29,0.0,0.0
2.781048907,0.0,2.3,0.0,0.01
2.782046514,0.0,2.29,0.01,0.0
2.7830456430000003,0.01,2.29,0.01,0.0
2.784044781,0.0,2.29,0.0,0.0
2.785051815,0.0,2.28,0.01,0.0
2.786047619,0.0,2.29,0.01,0.0
2.788050717,0.0,2.3,0.01,0.0
2.789044059,0.0,2.29,0.0,0.0
2.790100107,0.0,2.3,0.0,0.0
2.7910509560000003,0.0,2.29,0.0,0.0
2.792046317,0.0,2.29,0.0,0.0
2.7930723,0.01,2.29,0.0,0.01
2.794071696,0.0,2.29,0.0,0.0
2.7950536340000003,0.01,2.29,0.0,0.01
2.7960646000000002,0.0,2.31,0.01,0.0
2.797062427,0.0,2.29,0.01,0.03
2.7981270410000003,0.0,2.28,0.0,0.01
2.7990958040000002,0.0,2.29,0.0,0.0
2.800047482,0.01,2.29,0.01,0.01
2.8010469920000003,0.0,2.29,0.0,0.0
2.8030408600000003,0.02,2.27,0.0,0.0
2.8040432600000003,0.03,2.29,0.01,0.03
2.8050510070000003,0.0,2.28,0.01,0.0
2.8060409440000003,0.01,2.29,0.01,0.0
2.807046,0.0,2.29,0.0,0.0
2.808038751,0.01,2.29,0.05,0.0
2.809049822,0.01,2.29,0.0,0.0
2.810141771,0.01,2.29,0.01,0.01
2.811154692,0.0,2.29,0.02,0.0
2.8120443670000004,0.0,2.29,0.0,0.0
2.8130429560000003,0.0,2.3,0.0,0.0
2.814042406,0.0,2.29,0.0,0.0
2.815056052,0.0,2.28,0.01,0.0
2.816050041,0.0,2.28,0.01,0.0
2.8180406270000002,0.0,2.3,0.0,0.0
2.8190419980000003,0.0,2.28,0.0,0.0
2.820280497,0.01,2.29,0.0,0.0
2.821061375,0.0,2.28,0.0,0.02
2.8221520100000004,0.0,2.29,0.01,0.0
2.823098991,0.0,2.29,0.01,0.0
2.8240697750000003,0.0,2.29,0.01,0.01
2.825106233,0.0,2.29,0.01,0.0
2.826111166,0.0,2.29,0.01,0.0
2.8270993310000003,0.01,2.29,0.0,0.0
2.828152384,0.0,2.3,0.0,0.01
2.829138285,0.03,2.3,0.01,0.0
2.8310481480000003,0.0,2.29,0.01,0.02
2.832047438,0.0,2.29,0.01,0.0
2.8330538350000003,0.0,2.28,0.01,0.01
2.834040619,0.0,2.29,0.0,0.02
2.835045742,0.0,2.29,0.0,0.0
2.836043515,0.0,2.29,0.0,0.0
2.8370422910000004,0.01,2.29,0.0,0.0
2.8380427750000004,0.0,2.31,0.0,0.0
2.839042576,0.0,2.29,0.0,0.0
2.840044008,0.0,2.29,0.01,0.01
2.841052608,0.0,2.28,0.01,0.0
2.842048032,0.0,2.29,0.0,0.02
2.843092769,0.0,2.29,0.0,0.0
2.844045105,0.0,2.27,0.01,0.0
2.8450485100000003,0.0,2.29,0.01,0.02
2.8470410680000002,0.0,2.34,0.03,0.01
2.848039656,0.0,2.29,0.01,0.0
2.849043577,0.0,2.29,0.01,0.01
2.850043672,0.0,2.3,0.01,0.02
2.8510469890000003,0.01,2.29,0.0,0.02
2.852045807,0.01,2.31,0.01,0.01
2.853083149,0.0,2.29,0.01,0.0
2.8540747200000003,0.0,2.29,0.0,0.03
2.8551032060000003,0.02,2.32,0.0,0.01
2.8560614930000003,0.0,2.29,0.0,0.01
2.8570628,0.0,2.3,0.0,0.0
2.858089959,0.0,2.29,0.0,0.01
2.859051002,0.01,2.29,0.01,0.0
2.8600505920000003,0.02,2.24,0.0,0.03
2.862053478,0.0,2.28,0.0,0.0
2.8630515890000003,0.01,2.31,0.02,0.0
2.864047904,0.0,2.29,0.0,0.01
2.8650455270000004,0.0,2.29,0.01,0.0
2.86604865,0.05,2.29,0.0,0.0
2.8671004680000003,0.0,2.29,0.04,0.05
2.868056509,0.01,2.31,0.0,0.01
2.8690497460000004,0.0,2.27,0.0,0.01
2.870055207,0.0,2.29,0.01,0.0
2.871044119,0.01,2.28,0.0,0.02
2.8720506890000004,0.0,2.29,0.02,0.0
2.873106984,0.0,2.3,0.0,0.0
2.8740544000000003,0.05,2.25,0.03,0.0
2.875107525,0.0,2.29,0.01,0.0
2.8770538500000002,0.01,2.29,0.0,0.0
2.878048808,0.0,2.3,0.01,0.01
2.8790413790000002,0.0,2.29,0.01,0.0
2.8800384140000004,0.0,2.29,0.0,0.0
2.881038395,0.0,2.29,0.0,0.01
2.882038919,0.01,2.29,0.01,0.02
2.8830391370000004,0.01,2.31,0.01,0.0
2.884108169,0.0,2.28,0.01,0.0
2.885074044,0.0,2.29,0.0,0.0
2.886083993,0.0,2.29,0.01,0.01
2.8870531720000003,0.01,2.29,0.0,0.0
2.888079775,0.03,2.29,0.02,0.0
2.889066617,0.02,2.29,0.04,0.02
2.890045546,0.0,2.29,0.01,0.0
2.891046198,0.0,2.29,0.01,0.01
2.8920484240000004,0.0,2.28,0.0,0.0
2.894106825,0.0,2.31,0.01,0.01
2.895091041,0.0,2.29,0.0,0.0
2.896041711,0.0,2.29,0.0,0.0
2.897058464,0.0,2.28,0.0,0.0
2.89804398,0.01,2.29,0.0,0.01
2.8990525550000004,0.01,2.29,0.0,0.0
2.90005542,0.0,2.29,0.01,0.0
2.9010453060000003,0.0,2.3,0.01,0.0
2.90205723,0.0,2.3,0.01,0.0
2.903047136,0.01,2.29,0.02,0.01
2.9040463570000004,0.0,2.3,0.0,0.0
2.905050155,0.0,2.29,0.01,0.0
2.906055695,0.0,2.29,0.08,0.0
2.9080481860000003,0.0,2.29,0.01,0.0
2.909047129,0.0,2.29,0.0,0.0
2.910038044,0.0,2.3,0.0,0.0
2.911051509,0.0,2.29,0.0,0.0
2.9120545260000004,0.0,2.28,0.04,0.0
2.913052274,0.02,2.29,0.01,0.0
2.9141270870000002,0.0,2.29,0.0,0.0
2.9150961800000004,0.0,2.29,0.0,0.0
2.916058387,0.0,2.29,0.0,0.0
2.9170502060000003,0.0,2.31,0.0,0.0
2.9180594220000002,0.0,2.29,0.01,0.0
2.919054075,0.0,2.29,0.01,0.0
2.9200687800000003,0.0,2.28,0.0,0.0
2.921088133,0.0,2.29,0.01,0.01
2.9231148570000003,0.0,2.29,0.01,0.0
2.924059735,0.0,2.29,0.01,0.01
2.9250559330000003,0.0,2.29,0.01,0.01
2.926053038,0.0,2.29,0.04,0.0
2.9270554840000003,0.03,2.29,0.01,0.0
2.9280631610000003,0.0,2.29,0.0,0.03
2.929051754,0.0,2.29,0.02,0.0
2.93014433,0.0,2.29,0.01,0.0
2.931041252,0.0,2.31,0.0,0.04
2.932036643,0.0,2.29,0.01,0.0
2.933048486,0.0,2.31,0.03,0.04
2.934062142,0.01,2.29,0.01,0.0
2.9350544280000004,0.0,2.29,0.01,0.01
2.9370477700000004,0.0,2.29,0.0,0.0
2.938062947,0.01,2.28,0.01,0.0
2.939043476,0.01,2.29,0.0,0.0
2.9400482390000002,0.01,2.29,0.0,0.0
2.9410427450000003,0.0,2.25,0.02,0.0
2.942064014,0.0,2.3,0.0,0.0
2.943046332,0.0,2.29,0.0,0.0
2.9440430930000003,0.01,2.29,0.01,0.0
2.945043295,0.0,2.29,0.0,0.0
2.946080512,0.0,2.29,0.01,0.0
2.947075373,0.0,2.29,0.01,0.0
2.9482406890000004,0.01,2.28,0.0,0.0
2.949054754,0.0,2.29,0.0,0.0
2.950052002,0.0,2.29,0.0,0.0
2.9510469,0.0,2.29,0.0,0.01
2.9530601200000004,0.0,2.29,0.01,0.01
2.954051993,0.0,2.29,0.0,0.0
2.9550439490000002,0.06,2.29,0.01,0.0
2.956071001,0.01,2.29,0.01,0.0
2.9570489380000002,0.0,2.3,0.01,0.0
2.958046534,0.0,2.29,0.0,0.0
2.959042471,0.0,2.29,0.01,0.0
2.9600433,0.01,2.28,0.01,0.01
2.9610433460000003,0.03,2.33,0.03,0.03
2.96204796,0.0,2.3,0.0,0.01
2.9631519990000004,0.01,2.3,0.0,0.01
2.964037551,0.06,2.29,0.0,0.0
2.9650395200000004,0.0,2.3,0.01,0.0
2.966048464,0.02,2.31,0.01,0.02
2.9680384290000004,0.0,2.3,0.01,0.01
2.969049849,0.01,2.24,0.01,0.0
2.970128277,0.0,2.25,0.0,0.04
2.9711115,0.0,2.3,0.01,0.0
2.972054008,0.02,2.29,0.02,0.0
2.9730994240000004,0.01,2.29,0.0,0.0
2.9740435290000002,0.0,2.29,0.0,0.02
2.9750427470000003,0.0,2.29,0.0,0.0
2.9760462370000003,0.0,2.29,0.01,0.0
2.977087815,0.0,2.29,0.01,0.0
2.978059769,0.0,2.28,0.01,0.01
2.979067881,0.0,2.29,0.01,0.01
2.980075691,0.01,2.32,0.0,0.0
2.9810677830000003,0.0,2.28,0.0,0.0
2.9820548980000003,0.0,2.28,0.01,0.01
2.9840374040000004,0.0,2.29,0.0,0.0
2.985054019,0.0,2.3,0.01,0.0
2.9861051400000003,0.01,2.29,0.01,0.0
2.9870609700000004,0.0,2.28,0.01,0.0
2.988054118,0.1,2.33,0.01,0.0
2.989068237,0.01,2.31,0.01,0.03
2.9900499380000003,0.0,2.29,0.0,0.0
2.99105226,0.02,2.29,0.01,0.0
2.992069969,0.01,2.29,0.0,0.0
2.993047546,0.01,2.27,0.0,0.0
2.994039484,0.0,2.29,0.0,0.0
2.995078908,0.03,2.29,0.0,0.01
2.9960403870000003,0.0,2.29,0.01,0.0
2.9970559310000002,0.01,2.29,0.01,0.0
2.999039251,0.0,2.29,0.0,0.0
3.000040756,0.01,2.29,0.01,0.0
3.0010406510000003,0.0,2.29,0.0,0.0
3.002087603,0.0,2.29,0.01,0.0
3.0030582210000003,0.01,2.29,0.0,0.0
3.004054268,0.0,2.29,0.0,0.0
3.005052254,0.01,2.29,0.01,0.0
3.0060462030000004,0.0,2.29,0.06,0.0
3.0070455910000002,0.01,2.29,0.01,0.0
3.0080562580000003,0.0,2.31,0.01,0.01
3.009055871,0.02,2.29,0.0,0.02
3.0100676830000004,0.0,2.32,0.0,0.0
3.0110562080000003,0.0,2.29,0.01,0.01
3.012053111,0.0,2.29,0.02,0.0
3.013155985,0.0,2.29,0.01,0.0
3.0150621020000004,0.0,2.29,0.0,0.03
3.0160502510000002,0.0,2.29,0.0,0.01
3.017049049,0.0,2.29,0.01,0.0
3.018074523,0.02,2.26,0.0,0.0
3.019057844,0.0,2.28,0.05,0.03
3.0200491030000003,0.0,2.29,0.0,0.0
3.021046975,0.01,2.29,0.01,0.0
3.022046764,0.0,2.29,0.0,0.01
3.0230507820000003,0.0,2.29,0.0,0.01
3.024045412,0.0,2.29,0.0,0.0
3.0250476720000004,0.01,2.27,0.0,0.01
3.0260507370000003,0.0,2.29,0.0,0.0
3.0280383100000003,0.0,2.3,0.0,0.0
3.029045145,0.01,2.29,0.0,0.0
3.0300542750000004,0.0,2.3,0.0,0.0
3.031100967,0.0,2.29,0.0,0.0
3.032043213,0.0,2.29,0.0,0.0
3.0330579980000003,0.02,2.31,0.01,0.0
3.034081673,0.0,2.3,0.0,0.0
3.035056329,0.0,2.29,0.01,0.0
3.0360492850000003,0.0,2.29,0.01,0.0
3.0370504580000004,0.04,2.26,0.03,0.01
3.038073385,0.0,2.29,0.0,0.0
3.039146537,0.0,2.29,0.0,0.0
3.040128128,0.01,2.3,0.01,0.01
3.0410816,0.0,2.29,0.02,0.0
3.0421432530000003,0.0,2.29,0.0,0.0
3.044043169,0.0,2.29,0.01,0.0
3.045044742,0.0,2.29,0.01,0.01
3.046039775,0.0,2.29,0.0,0.0
3.047044591,0.0,2.29,0.01,0.0
3.0480527250000002,0.0,2.29,0.01,0.0
3.04904945,0.0,2.3,0.12,0.0
3.0500764520000003,0.0,2.28,0.03,0.01
3.05111654,0.06,2.29,0.01,0.0
3.0520620390000004,0.0,2.28,0.01,0.0
3.0530483000000004,0.01,2.29,0.09,0.03
3.054048014,0.0,2.29,0.0,0.0
3.0550527020000002,0.0,2.29,0.0,0.02
3.0560457750000003,0.0,2.29,0.0,0.0
3.058045007,0.0,2.26,0.0,0.0
3.0590491550000003,0.03,2.29,0.01,0.0
3.060046922,0.02,2.34,0.0,0.07
3.061045802,0.0,2.29,0.0,0.0
3.062048592,0.0,2.29,0.0,0.0
3.063044682,0.0,2.29,0.01,0.0
3.06404426,0.0,2.29,0.0,0.0
3.065043062,0.0,2.29,0.01,0.0
3.0660746650000004,0.0,2.29,0.0,0.0
3.0670526440000003,0.0,2.29,0.01,0.01
3.0680484110000004,0.0,2.29,0.0,0.0
3.0690461410000003,0.0,2.29,0.01,0.01
3.07006018,0.01,2.3,0.01,0.01
3.071150535,0.0,2.29,0.01,0.0
3.073076431,0.01,2.29,0.01,0.0
3.074113269,0.0,2.29,0.01,0.0
3.075048814,0.0,2.29,0.0,0.0
3.0760398010000003,0.0,2.3,0.0,0.01
3.0770400270000002,0.0,2.29,0.01,0.0
3.0780471130000002,0.0,2.29,0.0,0.0
3.0790505140000004,0.01,2.29,0.0,0.0
3.080052429,0.0,2.3,0.01,0.01
3.081044748,0.0,2.29,0.01,0.0
3.082091081,0.0,2.29,0.0,0.0
3.0831412690000004,0.01,2.29,0.01,0.0
3.084072771,0.01,2.31,0.01,0.0
3.08508583,0.0,2.3,0.0,0.0
3.086166196,0.0,2.29,0.0,0.05
3.0870657930000003,0.0,2.29,0.01,0.01
3.0880655480000003,0.0,2.29,0.0,0.05
3.090067229,0.0,2.29,0.01,0.02
3.091064646,0.0,2.21,0.04,0.04
3.092057494,0.01,2.31,0.0,0.01
3.0930584420000002,0.01,2.3,0.01,0.0
3.0940559260000002,0.04,2.29,0.01,0.0
3.0950488430000003,0.0,2.29,0.01,0.02
3.096055723,0.0,2.29,0.0,0.0
3.0970493570000004,0.02,2.3,0.02,0.0
3.098074221,0.0,2.29,0.0,0.03
3.099051053,0.0,2.28,0.0,0.0
3.1000576100000004,0.0,2.29,0.0,0.0
3.101168969,0.0,2.28,0.0,0.0
3.103055384,0.01,2.29,0.0,0.0
3.1040575290000003,0.1,2.29,0.01,0.0
3.1051751700000003,0.0,2.29,0.05,0.0
3.106105329,0.0,2.29,0.0,0.0
3.10706901,0.01,2.3,0.01,0.0
3.10807907,0.01,2.29,0.0,0.01
3.1090475800000004,0.01,2.29,0.01,0.0
3.11004067,0.0,2.28,0.0,0.01
3.111055887,0.01,2.29,0.0,0.0
3.1120373810000004,0.0,2.29,0.01,0.0
3.1130448320000004,0.0,2.31,0.01,0.0
3.114074268,0.0,2.29,0.0,0.0
3.1151093920000004,0.0,2.29,0.0,0.0
3.116058303,0.05,2.3,0.0,0.06
3.1171011880000004,0.0,2.29,0.03,0.0
3.1180540700000003,0.01,2.29,0.01,0.0
3.1200396730000004,0.01,2.29,0.0,0.0
3.121047127,0.0,2.29,0.0,0.01
3.122043686,0.01,2.28,0.01,0.0
3.1230454200000004,0.03,2.29,0.0,0.01
3.124099089,0.0,2.25,0.14,0.03
3.125047631,0.0,2.3,0.01,0.0
3.126048479,0.0,2.29,0.0,0.0
3.127050659,0.01,2.29,0.01,0.0
3.128048628,0.0,2.29,0.05,0.0
3.1290511280000004,0.0,2.29,0.0,0.0
3.1301021860000002,0.0,2.26,0.04,0.05
3.131054287,0.03,2.28,0.01,0.0
3.1320632350000004,0.02,2.28,0.03,0.01
3.1330591990000003,0.0,2.29,0.0,0.0
3.135052006,0.05,2.27,0.01,0.0
3.136044822,0.01,2.3,0.01,0.0
3.137040551,0.01,2.28,0.0,0.0
3.138131532,0.0,2.29,0.0,0.0
3.1390621960000002,0.0,2.27,0.0,0.02
3.140057616,0.0,2.29,0.0,0.0
3.141055644,0.0,2.29,0.0,0.0
3.1420460460000004,0.0,2.29,0.02,0.0
3.143046624,0.0,2.29,0.01,0.0
3.1440477120000003,0.0,2.29,0.0,0.01
3.145046289,0.0,2.29,0.0,0.0
3.146071544,0.0,2.29,0.0,0.0
3.1470568610000003,0.0,2.29,0.0,0.0
3.148051917,0.01,2.31,0.01,0.01
3.1500469750000004,0.0,2.28,0.01,0.01
3.1511198950000003,0.0,2.28,0.0,0.0
3.1520478310000004,0.01,2.29,0.0,0.0
3.1530473910000003,0.0,2.29,0.0,0.0
3.154047117,0.0,2.29,0.01,0.0
3.1550458800000003,0.01,2.27,0.01,0.0
3.1560452760000004,0.0,2.29,0.0,0.0
3.1571011490000003,0.0,2.28,0.01,0.0
3.1580453040000003,0.0,2.29,0.02,0.0
3.159045733,0.0,2.29,0.03,0.02
3.160039689,0.0,2.29,0.0,0.0
3.161048155,0.01,2.29,0.01,0.0
3.162080205,0.0,2.29,0.0,0.0
3.1631057410000003,0.02,2.29,0.01,0.0
3.1640825030000004,0.0,2.3,0.0,0.02
3.165075217,0.0,2.3,0.0,0.0
3.1670469860000003,0.0,2.29,0.04,0.01
3.168050478,0.0,2.3,0.01,0.0
3.1690463390000003,0.0,2.28,0.03,0.0
3.170044361,0.01,2.3,0.0,0.01
3.1710394350000004,0.08,2.29,0.01,0.0
3.1720500190000003,0.0,2.29,0.0,0.02
3.173046786,0.0,2.24,0.01,0.0
3.174046955,0.0,2.29,0.01,0.0
3.175047821,0.0,2.3,0.01,0.0
3.1760764470000002,0.02,2.29,0.0,0.0
3.1771146690000003,0.01,2.29,0.01,0.02
3.179117513,0.0,2.29,0.0,0.0
3.1800513820000003,0.0,2.27,0.01,0.0
3.1810488190000004,0.0,2.29,0.01,0.01
3.1820468020000003,0.0,2.29,0.01,0.0
3.183046853,0.0,2.27,0.02,0.0
3.184045733,0.0,2.29,0.0,0.0
3.185043721,0.05,2.29,0.01,0.01
3.186058913,0.0,2.3,0.01,0.0
3.187104268,0.0,2.29,0.01,0.01
3.188045053,0.0,2.29,0.0,0.0
3.189101706,0.0,2.29,0.0,0.0
3.1900438660000003,0.0,2.29,0.01,0.0
3.1911007160000002,0.0,2.29,0.01,0.0
3.192045751,0.01,2.29,0.01,0.0
3.1930446370000003,0.01,2.29,0.0,0.0
3.194079511,0.0,2.29,0.0,0.0
3.195068269,0.0,2.29,0.0,0.0
3.1970641160000004,0.05,2.29,0.05,0.0
3.1980726460000004,0.0,2.29,0.0,0.01
3.199041626,0.01,2.29,0.0,0.01
3.2000508720000003,0.0,2.29,0.05,0.0
3.2010475630000004,0.0,2.29,0.01,0.0
3.20204468,0.0,2.27,0.07,0.0
3.2030452730000003,0.01,2.29,0.04,0.0
3.204107764,0.0,2.35,0.0,0.0
3.2051252270000004,0.0,2.29,0.0,0.0
3.206049632,0.0,2.3,0.03,0.0
3.2070515750000004,0.03,2.3,0.0,0.03
3.2080990710000004,0.01,2.28,0.0,0.0
3.209075485,0.0,2.28,0.0,0.0
3.2100758750000002,0.0,2.29,0.01,0.01
3.211112419,0.01,2.29,0.0,0.0
3.2131028140000004,0.0,2.29,0.0,0.0
3.2140768730000002,0.0,2.29,0.0,0.0
3.2150508870000003,0.0,2.28,0.08,0.01
3.2160520110000004,0.0,2.29,0.02,0.0
3.2170607170000003,0.0,2.29,0.0,0.01
3.2180459650000004,0.0,2.29,0.01,0.0
3.21903929,0.0,2.29,0.0,0.0
3.220046034,0.0,2.29,0.01,0.0
3.221046481,0.0,2.29,0.01,0.0
3.2220446710000004,0.0,2.28,0.01,0.0
3.2230460630000004,0.0,2.3,0.01,0.0
3.2240444420000003,0.0,2.29,0.0,0.0
3.2250598520000002,0.0,2.27,0.01,0.0
3.2271560420000003,0.0,2.3,0.0,0.01
3.2281276190000003,0.0,2.3,0.01,0.0
3.229048477,0.0,2.29,0.0,0.0
3.2300591840000004,0.05,2.33,0.02,0.0
3.231278697,0.0,2.29,0.01,0.0
3.232071361,0.0,2.28,0.01,0.0
3.233066521,0.0,2.29,0.0,0.0
3.2341022550000003,0.0,2.3,0.01,0.0
3.2350628660000003,0.04,2.29,0.01,0.02
3.2361095750000004,0.0,2.28,0.01,0.0
3.2371010740000004,0.01,2.3,0.01,0.0
3.2381142410000003,0.0,2.29,0.0,0.01
3.2390993000000003,0.01,2.29,0.01,0.0
3.2401168680000003,0.0,2.28,0.01,0.0
3.2410658870000004,0.0,2.3,0.01,0.0
3.2430754160000004,0.0,2.29,0.01,0.0
3.2440523010000004,0.0,2.28,0.0,0.0
3.2450502090000004,0.0,2.3,0.0,0.01
3.246052438,0.0,2.29,0.02,0.0
3.2470503010000002,0.01,2.29,0.01,0.01
3.248082408,0.01,2.22,0.02,0.01
3.2490434240000003,0.02,2.29,0.01,0.0
3.250048322,0.01,2.3,0.01,0.03
3.251046226,0.0,2.34,0.01,0.0
3.2520480440000004,0.0,2.29,0.0,0.0
3.253047462,0.0,2.29,0.0,0.0
3.2540511420000002,0.0,2.29,0.0,0.0
3.255047594,0.01,2.29,0.0,0.01
3.2560917660000004,0.0,2.29,0.0,0.01
3.258077269,0.01,2.3,0.01,0.01
3.2591697670000004,0.0,2.29,0.0,0.01
3.2600583170000004,0.03,2.29,0.0,0.0
3.2610635610000003,0.0,2.3,0.0,0.0
3.262054092,0.0,2.28,0.01,0.02
3.2630554320000003,0.0,2.29,0.03,0.0
3.2640521280000003,0.0,2.29,0.0,0.0
3.26505786,0.0,2.29,0.01,0.02
3.2660609380000003,0.0,2.29,0.0,0.0
3.2670514120000003,0.01,2.29,0.03,0.02
3.268053612,0.0,2.29,0.0,0.0
3.269048462,0.01,2.3,0.01,0.0
3.2700491410000003,0.0,2.29,0.0,0.02
3.271059204,0.02,2.29,0.01,0.0
3.2730522680000003,0.0,2.29,0.01,0.01
3.274050737,0.0,2.27,0.0,0.01
3.275054486,0.01,2.31,0.02,0.0
3.2760467930000003,0.0,2.29,0.0,0.0
3.277040673,0.0,2.29,0.02,0.0
3.278048023,0.0,2.3,0.0,0.0
3.2790440330000004,0.01,2.29,0.01,0.0
3.280043211,0.0,2.32,0.01,0.06
3.2810431180000004,0.01,2.29,0.0,0.02
3.2820442200000004,0.01,2.29,0.0,0.0
3.283050198,0.0,2.29,0.0,0.02
3.2840428850000003,0.0,2.31,0.03,0.0
3.2850539370000003,0.0,2.3,0.01,0.0
3.286048289,0.01,2.29,0.01,0.03
3.28807762,0.0,2.29,0.02,0.0
3.289068018,0.0,2.29,0.0,0.01
3.2900423620000003,0.0,2.28,0.0,0.01
3.291041964,0.0,2.29,0.01,0.0
3.292045651,0.01,2.3,0.01,0.0
3.2930437560000003,0.0,2.3,0.0,0.0
3.294049899,0.0,2.29,0.01,0.0
3.2951100400000004,0.0,2.29,0.0,0.0
3.29604312,0.01,2.3,0.01,0.0
3.297055658,0.03,2.29,0.0,0.04
3.2980480400000003,0.0,2.29,0.01,0.01
3.299054774,0.0,2.29,0.0,0.0
3.3000492350000004,0.0,2.29,0.01,0.0
3.3010463760000004,0.03,2.29,0.01,0.0
3.302103245,0.0,2.29,0.0,0.0
3.3032063930000004,0.0,2.29,0.0,0.0
3.3050428430000003,0.0,2.29,0.0,0.0
3.306052032,0.0,2.28,0.0,0.0
3.3070467210000003,0.0,2.29,0.0,0.01
3.308044588,0.03,2.25,0.02,0.0
3.309055498,0.03,2.3,0.0,0.01
3.3100509440000003,0.0,2.29,0.0,0.0
3.31104448,0.0,2.29,0.01,0.01
3.312047611,0.0,2.29,0.0,0.0
3.313051858,0.0,2.29,0.0,0.0
3.314047877,0.0,2.29,0.0,0.0
3.3150622380000003,0.02,2.26,0.01,0.0
3.3160471420000004,0.0,2.29,0.01,0.0
3.318056594,0.0,2.27,0.0,0.01
3.3190610560000002,0.01,2.29,0.0,0.0
3.320056864,0.01,2.29,0.01,0.0
3.321047381,0.0,2.29,0.0,0.0
3.322048918,0.0,2.3,0.0,0.0
3.3230552550000003,0.05,2.33,0.0,0.0
3.324054991,0.0,2.29,0.01,0.0
3.32504575,0.05,2.29,0.02,0.0
3.3260499410000004,0.0,2.28,0.01,0.01
3.327049708,0.0,2.3,0.01,0.03
3.3280824250000003,0.0,2.28,0.01,0.01
3.329051663,0.0,2.35,0.01,0.0
3.3300428670000004,0.0,2.29,0.0,0.0
3.3310444570000004,0.0,2.29,0.0,0.01
3.3330519630000004,0.0,2.29,0.01,0.0
3.334045112,0.0,2.3,0.01,0.0
3.335047705,0.01,2.28,0.01,0.0
3.3360461330000004,0.02,2.28,0.0,0.01
3.337051358,0.0,2.29,0.01,0.01
3.3380425600000003,0.0,2.29,0.0,0.0
3.3390426430000004,0.01,2.29,0.01,0.0
3.340051948,0.0,2.29,0.01,0.0
3.3411044060000004,0.0,2.29,0.0,0.0
3.342049974,0.0,2.26,0.01,0.01
3.343043395,0.0,2.29,0.0,0.02
3.3440475330000003,0.0,2.29,0.0,0.0
3.3450442540000003,0.01,2.29,0.0,0.0
3.347040321,0.0,2.3,0.0,0.01
3.3480452880000002,0.01,2.29,0.01,0.01
3.3490515060000003,0.0,2.29,0.0,0.0
3.3500451780000002,0.03,2.29,0.01,0.0
3.351048269,0.0,2.28,0.01,0.0
3.352063856,0.01,2.29,0.0,0.0
3.353058641,0.0,2.29,0.0,0.0
3.354047593,0.0,2.29,0.0,0.0
3.355065542,0.0,2.29,0.0,0.0
3.356053032,0.01,2.3,0.02,0.0
3.3571141790000003,0.01,2.29,0.01,0.0
3.3581434060000004,0.0,2.29,0.0,0.0
3.35910256,0.0,2.28,0.01,0.02
3.360046074,0.01,2.3,0.0,0.0
3.361046929,0.0,2.29,0.0,0.0
3.363037137,0.0,2.29,0.01,0.0
3.364038471,0.0,2.29,0.06,0.0
3.3650546240000003,0.0,2.26,0.01,0.0
3.3660466340000004,0.02,2.29,0.0,0.0
3.3670470590000003,0.0,2.29,0.0,0.04
3.3680445920000004,0.0,2.3,0.0,0.01
3.3690495580000004,0.0,2.29,0.01,0.01
3.3701213240000003,0.0,2.29,0.0,0.08
3.3710478900000003,0.0,2.29,0.01,0.0
3.3720483380000004,0.0,2.28,0.0,0.0
3.3730987690000003,0.01,2.29,0.01,0.0
3.3740490280000004,0.0,2.29,0.0,0.01
3.375052471,0.0,2.32,0.01,0.0
3.3760487300000004,0.01,2.29,0.01,0.03
3.3780515440000003,0.0,2.29,0.0,0.0
3.379045279,0.0,2.29,0.0,0.0
3.380062709,0.01,2.28,0.0,0.0
3.3811158600000004,0.0,2.29,0.01,0.0
3.382079882,0.01,2.27,0.01,0.0
3.383111334,0.0,2.29,0.01,0.01
3.3840970870000002,0.0,2.29,0.0,0.0
3.385045154,0.0,2.29,0.0,0.01
3.386053962,0.02,2.29,0.01,0.01
3.3870510250000003,0.0,2.28,0.01,0.01
3.3880515750000004,0.0,2.29,0.0,0.01
3.389144572,0.0,2.29,0.01,0.01
3.3900495910000004,0.02,2.32,0.0,0.0
3.391039895,0.0,2.29,0.01,0.04
3.392054631,0.01,2.29,0.0,0.0
3.394043173,0.01,2.28,0.01,0.0
3.395047878,0.0,2.29,0.01,0.05
3.39605198,0.0,2.29,0.0,0.0
3.3970553910000003,0.0,2.31,0.0,0.0
3.398050574,0.0,2.29,0.0,0.0
3.3990492050000003,0.0,2.28,0.01,0.0
3.4000444930000002,0.0,2.29,0.0,0.0
3.40105345,0.0,2.28,0.0,0.0
3.402058954,0.0,2.3,0.0,0.0
3.4031056110000004,0.01,2.29,0.01,0.09
3.4040543100000002,0.0,2.3,0.01,0.0
3.4050498080000002,0.01,2.3,0.0,0.0
3.406052063,0.0,2.28,0.01,0.02
3.407048098,0.0,2.29,0.01,0.03
3.4090851030000002,0.0,2.29,0.0,0.0
3.410061246,0.0,2.32,0.0,0.0
3.411049123,0.0,2.24,0.0,0.01
3.41207596,0.0,2.27,0.0,0.0
3.4131225840000003,0.0,2.29,0.05,0.0
3.4140674040000003,0.02,2.29,0.0,0.0
3.4150741040000003,0.0,2.29,0.0,0.0
3.416069314,0.0,2.29,0.01,0.0
3.4171287090000004,0.0,2.29,0.0,0.0
3.418055609,0.03,2.34,0.03,0.06
3.419054763,0.0,2.29,0.01,0.01
3.420050309,0.0,2.29,0.02,0.0
3.421050954,0.01,2.28,0.01,0.0
3.423043165,0.0,2.29,0.01,0.02
3.4240493080000003,0.03,2.26,0.01,0.01
3.4250464280000004,0.0,2.28,0.01,0.0
3.4260513180000003,0.01,2.29,0.0,0.0
3.42704545,0.01,2.3,0.01,0.01
3.4280454550000004,0.0,2.29,0.02,0.0
3.4290542410000002,0.0,2.29,0.0,0.03
3.4300548350000004,0.01,2.29,0.01,0.01
3.4310432360000003,0.01,2.29,0.01,0.01
3.432066079,0.0,2.29,0.01,0.0
3.4330511680000004,0.0,2.29,0.0,0.0
3.4340610230000004,0.0,2.29,0.0,0.0
3.435050846,0.03,2.3,0.01,0.0
3.43605689,0.01,2.28,0.01,0.0
3.4370556110000003,0.0,2.29,0.01,0.0
3.439050205,0.01,2.29,0.0,0.0
3.440051699,0.01,2.3,0.0,0.0
3.4410624270000003,0.0,2.29,0.01,0.0
3.442048139,0.01,2.25,0.04,0.03
3.4430551,0.01,2.29,0.0,0.0
3.4440574240000004,0.0,2.28,0.0,0.0
3.4450602960000003,0.0,2.29,0.0,0.0
3.4460629010000003,0.01,2.32,0.01,0.0
3.4470707120000004,0.0,2.29,0.02,0.0
3.4480701770000004,0.0,2.28,0.0,0.0
3.449046268,0.0,2.29,0.03,0.01
3.4500605650000002,0.02,2.29,0.01,0.0
3.4510468750000003,0.0,2.29,0.0,0.02
3.4530482680000003,0.0,2.35,0.06,0.02
3.454051541,0.0,2.29,0.0,0.0
3.4550393390000003,0.0,2.3,0.0,0.01
3.4560467760000004,0.0,2.28,0.01,0.0
3.457051314,0.01,2.29,0.01,0.0
3.4580458550000004,0.01,2.29,0.0,0.0
3.4590482600000003,0.01,2.29,0.03,0.01
3.460049283,0.0,2.29,0.0,0.0
3.461051175,0.01,2.28,0.01,0.0
3.4620450020000004,0.0,2.29,0.02,0.01
3.463050833,0.0,2.29,0.0,0.0
3.4640522320000002,0.0,2.29,0.0,0.0
3.4650538870000003,0.0,2.29,0.01,0.0
3.466047815,0.01,2.3,0.0,0.0
3.468040568,0.0,2.29,0.0,0.0
3.469042383,0.03,2.29,0.0,0.0
3.4700515750000003,0.0,2.28,0.0,0.0
3.471041775,0.01,2.29,0.01,0.0
3.472056041,0.01,2.3,0.02,0.03
3.473062097,0.01,2.29,0.0,0.0
3.4740796090000003,0.0,2.29,0.0,0.0
3.475052245,0.0,2.29,0.01,0.01
3.476077527,0.01,2.29,0.0,0.0
3.4770547470000004,0.0,2.29,0.0,0.01
3.4781161970000003,0.0,2.29,0.0,0.0
3.479053442,0.0,2.29,0.01,0.0
3.480049681,0.01,2.28,0.0,0.01
3.482054545,0.01,2.29,0.01,0.01
3.483052733,0.0,2.29,0.0,0.0
3.4840466340000003,0.0,2.29,0.0,0.01
3.4850560730000004,0.0,2.32,0.02,0.01
3.4860625880000002,0.02,2.28,0.01,0.0
3.487045837,0.0,2.29,0.0,0.0
3.4880529580000004,0.01,2.29,0.01,0.03
3.489144447,0.01,2.3,0.0,0.05
3.4900438990000002,0.0,2.29,0.04,0.0
3.4910549690000003,0.0,2.32,0.0,0.0
3.492053942,0.0,2.3,0.01,0.0
3.4930598140000004,0.0,2.28,0.01,0.01
3.494046785,0.0,2.3,0.01,0.0
3.4950587790000003,0.0,2.29,0.01,0.0
3.4960605420000004,0.0,2.29,0.0,0.0
3.498051025,0.0,2.29,0.0,0.0
3.499057247,0.0,2.29,0.0,0.0
3.5000559620000002,0.0,2.29,0.01,0.0
3.5010457840000004,0.0,2.29,0.02,0.0
3.502055846,0.0,2.27,0.02,0.0
3.503063146,0.0,2.29,0.01,0.0
3.504060909,0.0,2.29,0.01,0.0
3.5050728020000004,0.0,2.29,0.0,0.0
3.5060750670000003,0.01,2.29,0.01,0.0
3.507066329,0.01,2.28,0.01,0.0
3.508055659,0.0,2.29,0.0,0.0
3.5090680300000003,0.03,2.29,0.03,0.01
3.51018497,0.0,2.29,0.0,0.03
3.511151957,0.01,2.29,0.01,0.0
3.5120488720000003,0.01,2.28,0.0,0.01
3.5140474950000002,0.0,2.29,0.0,0.0
3.5150542930000004,0.0,2.29,0.01,0.0
3.516053743,0.0,2.28,0.0,0.03
3.517050203,0.0,2.28,0.01,0.0
3.518054401,0.0,2.29,0.0,0.0
3.5190507280000003,0.0,2.29,0.0,0.0
3.5200504390000003,0.05,2.3,0.01,0.0
3.521139149,0.0,2.28,0.01,0.0
3.52205461,0.0,2.3,0.0,0.0
3.523049802,0.0,2.29,0.01,0.0
3.5240507140000004,0.0,2.34,0.0,0.0
3.525118748,0.0,2.29,0.01,0.0
3.5260532180000004,0.0,2.28,0.02,0.01
3.5270521940000004,0.0,2.28,0.01,0.0
3.528048182,0.0,2.28,0.0,0.0
3.529181158,0.0,2.28,0.0,0.02
3.5310427270000004,0.0,2.28,0.0,0.0
3.532049805,0.0,2.28,0.01,0.0
3.5330446500000003,0.04,2.28,0.0,0.0
3.534075902,0.0,2.28,0.01,0.0
3.5351124520000003,0.01,2.28,0.0,0.0
3.5360615240000004,0.0,2.28,0.01,0.01
3.5370516070000004,0.0,2.3,0.0,0.0
3.5380671570000004,0.01,2.28,0.01,0.0
3.5390766210000004,0.0,2.28,0.0,0.0
3.5411825930000003,0.01,2.28,0.0,0.0
3.5420605910000003,0.01,2.28,0.0,0.0
3.5430535520000004,0.0,2.28,0.0,0.0
3.5440556840000004,0.0,2.27,0.0,0.0
3.5451346270000004,0.0,2.28,0.0,0.0
3.5460399590000002,0.0,2.27,0.02,0.0
3.547038519,0.01,2.28,0.01,0.02
3.5480438480000003,0.0,2.28,0.01,0.0
3.5490440960000003,0.0,2.27,0.01,0.0
3.550043066,0.02,2.27,0.04,0.0
3.5510460380000004,0.03,2.29,0.03,0.0
3.55204684,0.0,2.25,0.01,0.0
3.5530453000000004,0.0,2.28,0.0,0.0
3.554157441,0.0,2.28,0.0,0.0
3.555051268,0.0,2.28,0.01,0.0
3.5560513,0.0,2.27,0.01,0.0
3.5580431050000003,0.0,2.27,0.01,0.0
3.559043908,0.0,2.27,0.0,0.0
3.560048516,0.01,2.28,0.02,0.0
3.5610716790000003,0.0,2.27,0.0,0.02
3.562116708,0.0,2.28,0.0,0.0
3.563038353,0.03,2.27,0.0,0.0
3.5640493390000003,0.0,2.27,0.01,0.0
3.5650509660000003,0.0,2.35,0.0,0.05
3.5660564590000003,0.0,2.28,0.0,0.0
3.567112475,0.0,2.28,0.0,0.02
3.5680475190000003,0.0,2.3,0.02,0.0
3.5691570890000004,0.01,2.27,0.01,0.01
3.570056548,0.0,2.27,0.01,0.0
3.5720494740000004,0.0,2.27,0.0,0.08
3.5730665220000004,0.0,2.28,0.01,0.0
3.5740475810000003,0.01,2.26,0.0,0.0
3.5750637330000004,0.0,2.26,0.01,0.0
3.576049008,0.0,2.26,0.01,0.01
3.577050074,0.01,2.26,0.0,0.0
3.5781079530000004,0.0,2.27,0.0,0.01
3.5790427790000003,0.0,2.27,0.0,0.01
3.580048832,0.0,2.26,0.0,0.01
3.5810495,0.0,2.32,0.04,0.0
3.582039678,0.0,2.27,0.02,0.0
3.583048739,0.0,2.27,0.0,0.0
3.5840471110000003,0.0,2.27,0.01,0.0
3.5850521590000004,0.0,2.26,0.01,0.0
3.5860490130000002,0.0,2.26,0.0,0.0
3.588124887,0.01,2.31,0.0,0.04
3.589048699,0.0,2.26,0.01,0.0
3.5900448320000002,0.01,2.26,0.01,0.04
3.591055002,0.0,2.27,0.0,0.0
3.592049975,0.0,2.27,0.0,0.02
3.593044667,0.01,2.27,0.01,0.0
3.594105404,0.0,2.27,0.0,0.0
3.595049603,0.0,2.26,0.0,0.01
3.5960472140000004,0.0,2.27,0.01,0.0
3.5970573800000003,0.01,2.28,0.0,0.01
3.59805125,0.01,2.27,0.0,0.01
3.5990554950000004,0.01,2.27,0.0,0.04
3.600069484,0.0,2.27,0.01,0.0
3.601061721,0.0,2.27,0.01,0.0
3.602043981,0.02,2.24,0.01,0.0
3.6040442840000004,0.0,2.27,0.0,0.0
3.605049707,0.01,2.27,0.01,0.01
3.606045114,0.02,2.25,0.01,0.0
3.607053134,0.0,2.25,0.01,0.01
3.608053764,0.02,2.26,0.01,0.0
3.6091720090000003,0.01,2.28,0.01,0.0
3.610045277,0.0,2.29,0.0,0.03
3.611049151,0.01,2.3,0.0,0.0
3.6120460380000003,0.0,2.26,0.0,0.01
3.6130449720000004,0.0,2.27,0.0,0.01
3.6140445120000004,0.0,2.27,0.01,0.01
3.6150437030000004,0.01,2.27,0.01,0.0
3.616047705,0.0,2.28,0.01,0.02
3.617053256,0.0,2.26,0.0,0.0
3.619049457,0.0,2.29,0.0,0.0
3.620048113,0.0,2.28,0.01,0.0
3.621044485,0.0,2.29,0.01,0.0
3.622053127,0.0,2.28,0.01,0.0
3.623049383,0.0,2.29,0.0,0.0
3.624049641,0.01,2.29,0.01,0.0
3.6250546010000004,0.01,2.3,0.0,0.0
3.626052957,0.01,2.3,0.0,0.01
3.627055066,0.0,2.29,0.0,0.0
3.628063515,0.0,2.3,0.01,0.0
3.6290525920000003,0.0,2.31,0.01,0.0
3.630134871,0.0,2.31,0.0,0.0
3.631064406,0.01,2.34,0.0,0.0
3.6330510620000003,0.02,2.31,0.01,0.01
3.634045894,0.0,2.31,0.0,0.0
3.635055937,0.0,2.31,0.0,0.0
3.6360533420000003,0.0,2.3,0.01,0.0
3.6370540460000003,0.0,2.32,0.0,0.01
3.6380494330000004,0.0,2.31,0.0,0.0
3.639045642,0.0,2.33,0.01,0.01
3.640052385,0.0,2.31,0.01,0.0
3.641051548,0.01,2.31,0.0,0.0
3.6420595280000003,0.0,2.32,0.0,0.0
3.6430552250000003,0.0,2.31,0.0,0.01
3.6440474980000004,0.0,2.33,0.01,0.02
3.6450501870000003,0.0,2.33,0.01,0.0
3.646102426,0.04,2.32,0.0,0.03
3.6470446030000003,0.0,2.34,0.01,0.0
3.649040863,0.01,2.34,0.0,0.01
3.650048109,0.0,2.33,0.0,0.0
3.6510809670000004,0.0,2.35,0.0,0.0
3.6520520380000003,0.01,2.36,0.0,0.0
3.65304991,0.0,2.36,0.01,0.0
3.654044523,0.0,2.35,0.0,0.0
3.6550504050000003,0.0,2.35,0.0,0.0
3.6560454900000003,0.0,2.36,0.0,0.0
3.657047753,0.0,2.36,0.0,0.0
3.6580567260000003,0.0,2.36,0.0,0.0
3.659056456,0.02,2.35,0.04,0.0
3.6600748650000003,0.0,2.36,0.0,0.0
3.661070656,0.0,2.36,0.01,0.0
3.662069432,0.0,2.36,0.01,0.0
3.664049588,0.01,2.36,0.01,0.0
3.665065191,0.0,2.35,0.01,0.0
3.666062643,0.08,2.36,0.02,0.0
3.667044145,0.01,2.37,0.0,0.0
3.668046309,0.0,2.37,0.04,0.0
3.669050114,0.0,2.39,0.0,0.0
3.670103837,0.0,2.37,0.0,0.0
3.67112644,0.0,2.39,0.01,0.01
3.6720400840000003,0.01,2.38,0.01,0.03
3.6730465480000003,0.0,2.38,0.01,0.0
3.674045897,0.0,2.38,0.01,0.0
3.6750583960000003,0.06,2.39,0.01,0.01
3.6760407840000004,0.0,2.38,0.01,0.01
3.6770534510000004,0.0,2.38,0.01,0.01
3.6790371810000004,0.0,2.4,0.01,0.0
3.680051375,0.03,2.41,0.0,0.0
3.6810432320000004,0.01,2.39,0.0,0.0
3.682105443,0.04,2.4,0.01,0.01
3.6830501310000003,0.02,2.39,0.0,0.01
3.6840489410000004,0.0,2.44,0.01,0.0
3.6850446980000005,0.0,2.39,0.01,0.0
3.6860577340000003,0.02,2.39,0.0,0.0
3.6870626630000003,0.0,2.39,0.05,0.0
3.688104737,0.0,2.39,0.01,0.0
3.6892552320000003,0.0,2.37,0.01,0.01
3.690144295,0.0,2.39,0.0,0.01
3.691064839,0.0,2.4,0.01,0.01
3.6920826420000004,0.0,2.39,0.0,0.0
3.69405734,0.0,2.38,0.01,0.0
3.6950523860000004,0.0,2.39,0.01,0.0
3.6960471380000004,0.0,2.41,0.0,0.0
3.697044989,0.01,2.41,0.0,0.01
3.6980516370000003,0.0,2.39,0.0,0.01
3.6990551650000003,0.01,2.39,0.01,0.03
3.7000480860000002,0.0,2.39,0.01,0.01
3.7010529130000003,0.0,2.39,0.0,0.0
3.7020441720000004,0.0,2.39,0.0,0.0
3.703044912,0.01,2.39,0.0,0.0
3.704047479,0.0,2.39,0.01,0.0
3.705070403,0.0,2.39,0.0,0.0
3.7061225990000004,0.01,2.38,0.0,0.01
3.707050696,0.0,2.41,0.01,0.0
3.708046512,0.0,2.39,0.05,0.0
3.7100455900000004,0.0,2.39,0.0,0.0
3.7110455190000002,0.03,2.39,0.0,0.0
3.7120539540000004,0.0,2.39,0.01,0.0
3.7130482290000004,0.0,2.38,0.01,0.01
3.714184039,0.0,2.39,0.0,0.0
3.715044557,0.03,2.39,0.01,0.0
3.7160476300000003,0.0,2.39,0.0,0.0
3.717044049,0.0,2.39,0.0,0.02
3.718043687,0.0,2.39,0.01,0.0
3.719048599,0.01,2.38,0.01,0.01
3.720059727,0.0,2.4,0.0,0.0
3.721082414,0.0,2.39,0.01,0.0
3.72207612,0.01,2.4,0.0,0.0
3.72316779,0.0,2.39,0.04,0.0
3.725043577,0.02,2.39,0.01,0.01
3.726048055,0.0,2.39,0.0,0.01
3.7271023810000004,0.02,2.35,0.01,0.01
3.728051278,0.0,2.39,0.01,0.0
3.729056921,0.01,2.39,0.08,0.01
3.730123625,0.0,2.4,0.03,0.0
3.731139825,0.0,2.4,0.01,0.0
3.7320479040000003,0.0,2.38,0.0,0.02
3.7330414340000004,0.0,2.39,0.0,0.0
3.734046589,0.0,2.39,0.01,0.0
3.7350495350000004,0.0,2.39,0.01,0.0
3.7360452380000004,0.0,2.4,0.01,0.01
3.7370622680000003,0.0,2.39,0.0,0.01
3.739062232,0.0,2.39,0.01,0.0
3.7400498960000004,0.0,2.39,0.0,0.01
3.741048988,0.01,2.39,0.0,0.01
3.742046524,0.0,2.38,0.0,0.01
3.7431218860000004,0.0,2.38,0.01,0.0
3.7440391550000003,0.0,2.39,0.01,0.0
3.7450605790000004,0.0,2.39,0.01,0.06
3.746047995,0.01,2.39,0.01,0.0
3.747043092,0.0,2.39,0.0,0.02
3.748049237,0.0,2.39,0.01,0.0
3.749051117,0.0,2.39,0.0,0.0
3.7500491300000003,0.01,2.39,0.01,0.0
3.7510517610000003,0.0,2.39,0.0,0.01
3.7520745840000003,0.0,2.39,0.0,0.0
3.7540587220000003,0.0,2.38,0.0,0.0
3.7550689640000003,0.01,2.39,0.0,0.0
3.75608112,0.0,2.39,0.05,0.0
3.75706093,0.02,2.38,0.0,0.01
3.758051982,0.0,2.39,0.01,0.0
3.7590569460000003,0.0,2.39,0.02,0.01
3.7600540970000003,0.0,2.41,0.03,0.01
3.761052116,0.01,2.39,0.0,0.06
3.7620388370000004,0.0,2.41,0.01,0.0
3.7630469840000003,0.0,2.39,0.02,0.04
3.764038487,0.0,2.38,0.01,0.0
3.7650379610000004,0.01,2.39,0.01,0.0
3.76605049,0.02,2.39,0.01,0.0
3.7670497210000002,0.0,2.37,0.0,0.0
3.769037276,0.0,2.38,0.0,0.0
3.770055412,0.01,2.38,0.01,0.01
3.7710492170000003,0.0,2.39,0.0,0.01
3.7720668560000004,0.0,2.39,0.01,0.0
3.773043201,0.0,2.38,0.0,0.01
3.7740526510000003,0.0,2.29,0.09,0.0
3.7750496040000003,0.0,2.39,0.01,0.01
3.7760475130000004,0.0,2.38,0.0,0.03
3.7770535670000003,0.01,2.39,0.0,0.0
3.7780476960000002,0.01,2.39,0.0,0.0
3.779049821,0.0,2.38,0.01,0.0
3.780043453,0.01,2.37,0.0,0.01
3.7811061070000003,0.01,2.4,0.04,0.0
3.7820514970000003,0.0,2.37,0.01,0.0
3.78407908,0.0,2.38,0.0,0.0
3.7852734440000004,0.0,2.38,0.01,0.0
3.7860535850000003,0.0,2.4,0.01,0.0
3.7870666500000003,0.01,2.38,0.0,0.0
3.788055223,0.0,2.38,0.0,0.0
3.7890647740000003,0.0,2.38,0.01,0.0
3.790052766,0.0,2.41,0.0,0.0
3.7910996590000003,0.0,2.41,0.0,0.01
3.7920554730000005,0.0,2.38,0.01,0.01
3.7930520430000003,0.0,2.38,0.0,0.01
3.794048006,0.0,2.38,0.01,0.0
3.795048169,0.0,2.38,0.01,0.0
3.7960517830000002,0.0,2.38,0.0,0.0
3.7970564010000003,0.0,2.38,0.0,0.0
3.7990506350000004,0.0,2.38,0.0,0.0
3.800047773,0.0,2.38,0.0,0.0
3.801126469,0.0,2.37,0.0,0.0
3.8020432470000003,0.0,2.38,0.0,0.0
3.8030522650000003,0.0,2.37,0.01,0.0
3.804043699,0.0,2.37,0.03,0.0
3.805046975,0.0,2.38,0.0,0.0
3.8061254110000005,0.0,2.37,0.01,0.02
3.8070560070000004,0.0,2.37,0.0,0.0
3.8080463790000003,0.0,2.35,0.0,0.03
3.809039895,0.01,2.37,0.0,0.0
3.8100390980000003,0.01,2.4,0.0,0.0
3.811045683,0.0,2.36,0.01,0.0
3.812053054,0.0,2.36,0.0,0.0
3.8140615120000003,0.01,2.37,0.0,0.0
3.8150541650000003,0.0,2.38,0.01,0.0
3.8160573170000003,0.0,2.37,0.01,0.0
3.817053496,0.0,2.37,0.0,0.0
3.8180669750000003,0.01,2.37,0.0,0.0
3.819059816,0.0,2.38,0.0,0.0
3.8200638270000002,0.0,2.36,0.01,0.0
3.8210454260000004,0.0,2.37,0.01,0.0
3.8220438260000003,0.03,2.35,0.0,0.01
3.8230379070000002,0.0,2.37,0.01,0.02
3.8240504750000004,0.0,2.37,0.0,0.0
3.8251154880000002,0.0,2.37,0.0,0.0
3.8260488350000004,0.0,2.37,0.0,0.0
3.8270979520000004,0.01,2.37,0.01,0.01
3.8290647690000004,0.0,2.37,0.0,0.0
3.830045896,0.02,2.37,0.02,0.0
3.831054624,0.0,2.37,0.0,0.0
3.832094167,0.0,2.38,0.01,0.02
3.833038514,0.01,2.37,0.0,0.0
3.8340531560000004,0.01,2.37,0.0,0.0
3.835048522,0.05,2.38,0.0,0.06
3.8360552290000003,0.0,2.37,0.0,0.0
3.8370436380000004,0.02,2.37,0.0,0.01
3.838052515,0.0,2.38,0.01,0.0
3.8390993570000003,0.01,2.38,0.02,0.0
3.8400539800000004,0.0,2.37,0.01,0.0
3.841039642,0.03,2.37,0.01,0.0
3.8420463540000003,0.0,2.36,0.07,0.05
3.8440570970000003,0.0,2.34,0.0,0.0
3.845046179,0.0,2.36,0.0,0.0
3.8460563810000004,0.0,2.37,0.04,0.02
3.8470546440000004,0.0,2.36,0.04,0.01
3.8480719590000003,0.0,2.36,0.0,0.05
3.8490449270000004,0.0,2.36,0.06,0.04
3.8500591190000004,0.0,2.37,0.0,0.01
3.8510562590000004,0.0,2.33,0.03,0.01
3.8520417480000004,0.02,2.36,0.0,0.0
3.8530803180000004,0.0,2.36,0.01,0.0
3.854050206,0.0,2.36,0.0,0.0
3.855154467,0.0,2.36,0.01,0.01
3.8560386980000003,0.0,2.36,0.0,0.0
3.857052737,0.0,2.37,0.0,0.0
3.8580510080000003,0.0,2.35,0.0,0.04
3.8600474850000004,0.0,2.36,0.0,0.0
3.86105006,0.0,2.37,0.0,0.0
3.8620476540000004,0.0,2.37,0.0,0.0
3.863037942,0.0,2.37,0.01,0.0
3.8640474140000003,0.01,2.36,0.0,0.0
3.865151169,0.0,2.36,0.01,0.0
3.866050822,0.0,2.37,0.01,0.0
3.867049047,0.0,2.37,0.01,0.01
3.868048452,0.0,2.36,0.01,0.0
3.8690511680000004,0.0,2.35,0.05,0.0
3.8700512760000003,0.0,2.37,0.0,0.0
3.8710387990000004,0.0,2.37,0.0,0.0
3.872049644,0.0,2.37,0.01,0.01
3.873078596,0.0,2.37,0.0,0.0
3.8740519250000003,0.01,2.37,0.0,0.0
3.8760503550000003,0.01,2.37,0.0,0.0
3.8770547540000004,0.0,2.35,0.0,0.01
3.8780474830000005,0.0,2.36,0.01,0.0
3.8790473690000002,0.01,2.37,0.02,0.02
3.880054094,0.0,2.36,0.0,0.0
3.8811728640000003,0.0,2.37,0.0,0.03
3.8821283770000004,0.0,2.37,0.01,0.01
3.8830462910000003,0.0,2.37,0.01,0.0
3.88406347,0.09,2.33,0.02,0.02
3.8850511990000003,0.01,2.37,0.0,0.0
3.886051237,0.0,2.38,0.01,0.0
3.8870490810000002,0.0,2.38,0.0,0.01
3.8880480680000002,0.0,2.38,0.01,0.01
3.8890493630000003,0.01,2.36,0.01,0.02
3.8910416690000003,0.0,2.38,0.0,0.0
3.89204754,0.01,2.38,0.0,0.0
3.893042254,0.01,2.38,0.0,0.02
3.8941064420000004,0.0,2.38,0.01,0.0
3.8950390120000002,0.0,2.38,0.0,0.02
3.8960689630000003,0.0,2.38,0.0,0.0
3.897058443,0.0,2.38,0.0,0.0
3.8980671900000003,0.01,2.38,0.05,0.0
3.8991011230000003,0.0,2.38,0.0,0.0
3.900046117,0.0,2.39,0.0,0.0
3.9010525150000004,0.0,2.38,0.01,0.0
3.9020589250000004,0.0,2.38,0.01,0.0
3.903039268,0.03,2.38,0.01,0.0
3.904051044,0.0,2.38,0.01,0.01
3.9060441120000005,0.01,2.39,0.04,0.0
3.9070443170000004,0.0,2.38,0.0,0.01
3.9080462700000003,0.0,2.38,0.0,0.01
3.9090395620000002,0.01,2.37,0.01,0.0
3.910038741,0.0,2.38,0.01,0.0
3.911042252,0.0,2.39,0.0,0.0
3.912045736,0.01,2.38,0.0,0.0
3.9130539800000004,0.01,2.37,0.0,0.0
3.9140620910000004,0.0,2.33,0.0,0.0
3.915057786,0.0,2.37,0.0,0.0
3.916050514,0.0,2.39,0.01,0.0
3.917100828,0.0,2.38,0.0,0.0
3.9180423820000003,0.0,2.38,0.0,0.0
3.919055778,0.07,2.39,0.0,0.0
3.9210508410000005,0.01,2.38,0.0,0.05
3.9221559260000003,0.0,2.36,0.04,0.0
3.9230382720000003,0.0,2.38,0.0,0.0
3.9240410490000004,0.01,2.38,0.01,0.04
3.9250393390000005,0.04,2.39,0.0,0.0
3.9260432200000004,0.0,2.37,0.0,0.0
3.927041066,0.01,2.39,0.0,0.0
3.928040793,0.0,2.38,0.01,0.0
3.9291207470000002,0.01,2.37,0.02,0.0
3.93005554,0.0,2.39,0.05,0.0
3.9310438370000003,0.05,2.34,0.01,0.0
3.93211127,0.0,2.37,0.01,0.14
3.9330477490000004,0.0,2.39,0.0,0.0
3.9340399120000002,0.0,2.37,0.0,0.0
3.936058151,0.0,2.37,0.01,0.0
3.937054282,0.0,2.37,0.02,0.04
3.938050941,0.04,2.37,0.0,0.0
3.9390555110000003,0.0,2.37,0.01,0.07
3.9400639780000004,0.0,2.36,0.0,0.0
3.9410536370000004,0.01,2.37,0.0,0.0
3.9420514320000004,0.0,2.38,0.01,0.0
3.943047287,0.0,2.37,0.0,0.01
3.9440494050000003,0.0,2.37,0.01,0.0
3.9450565830000004,0.01,2.36,0.0,0.0
3.9460642590000004,0.0,2.37,0.0,0.0
3.94703924,0.0,2.37,0.02,0.0
3.9480437540000004,0.0,2.37,0.0,0.0
3.949047363,0.01,2.36,0.01,0.0
3.9500636270000005,0.0,2.37,0.01,0.0
3.9520411720000004,0.0,2.36,0.02,0.0
3.9530409810000005,0.01,2.36,0.0,0.0
3.9540444960000003,0.0,2.37,0.01,0.02
3.955039895,0.0,2.35,0.02,0.0
3.9560389380000003,0.0,2.36,0.0,0.0
3.9570397670000004,0.01,2.37,0.0,0.0
3.9580424670000003,0.0,2.39,0.01,0.0
3.9590409920000003,0.01,2.37,0.0,0.01
3.9600396000000004,0.0,2.36,0.01,0.01
3.9610690670000004,0.0,2.37,0.0,0.01
3.9620511210000005,0.0,2.37,0.0,0.0
3.9630430440000004,0.03,2.33,0.0,0.03
3.9650377330000004,0.0,2.37,0.0,0.0
3.966041956,0.01,2.39,0.01,0.0
3.9670724870000003,0.0,2.4,0.0,0.0
3.96804975,0.0,2.37,0.0,0.0
3.969040837,0.0,2.37,0.0,0.0
3.970042148,0.03,2.37,0.03,0.0
3.9710495370000003,0.01,2.39,0.02,0.0
3.9720657050000003,0.0,2.37,0.01,0.0
3.9730943850000005,0.0,2.37,0.0,0.0
3.9740400200000003,0.0,2.37,0.0,0.0
3.975043207,0.0,2.37,0.01,0.0
3.976089645,0.0,2.35,0.0,0.0
3.977048581,0.0,2.37,0.0,0.0
3.9780516560000003,0.0,2.37,0.0,0.0
3.979062009,0.01,2.37,0.01,0.0
3.9810707040000004,0.0,2.37,0.03,0.0
3.982040608,0.01,2.37,0.0,0.02
3.9830436230000004,0.0,2.37,0.0,0.0
3.984045645,0.0,2.37,0.01,0.0
3.985039693,0.0,2.38,0.0,0.0
3.986047096,0.02,2.37,0.01,0.02
3.9870408150000003,0.0,2.38,0.0,0.01
3.988040203,0.01,2.38,0.01,0.0
3.989040257,0.0,2.37,0.01,0.0
3.990039759,0.0,2.37,0.0,0.0
3.991040152,0.01,2.37,0.01,0.0
3.9920414460000004,0.0,2.37,0.0,0.0
3.9930481220000003,0.0,2.37,0.01,0.0
3.994040028,0.01,2.37,0.0,0.0
3.9950597720000003,0.01,2.37,0.0,0.0
3.9961310230000002,0.0,2.37,0.01,0.0
3.998046345,0.03,2.42,0.02,0.01
3.9990962870000004,0.0,2.36,0.0,0.01
4.000041457,0.06,2.37,0.0,0.0
4.001048628,0.0,2.37,0.01,0.01
4.002061516,0.0,2.32,0.01,0.0
4.003060793,0.0,2.36,0.0,0.0
4.004047173,0.0,2.36,0.01,0.0
4.0050747520000005,0.0,2.37,0.01,0.0
4.006051399,0.01,2.37,0.01,0.0
4.007125773,0.0,2.36,0.0,0.01
4.008059376,0.0,2.36,0.0,0.0
4.009047366,0.0,2.36,0.01,0.04
4.010053650000001,0.0,2.37,0.0,0.0
4.0120500130000005,0.0,2.36,0.01,0.0
4.013050069,0.01,2.33,0.04,0.01
4.014045613,0.0,2.35,0.01,0.0
4.015054213,0.0,2.35,0.0,0.0
4.016108606,0.0,2.35,0.03,0.0
4.017048974000001,0.0,2.35,0.02,0.0
4.018053268,0.04,2.36,0.0,0.01
4.0191121700000005,0.0,2.34,0.01,0.0
4.020049393,0.0,2.34,0.01,0.02
4.021046232000001,0.02,2.33,0.0,0.0
4.022092936,0.0,2.33,0.01,0.0
4.023137696,0.0,2.33,0.0,0.0
4.024045108,0.0,2.33,0.0,0.0
4.025056827,0.01,2.32,0.01,0.0
4.027051053,0.0,2.33,0.01,0.0
4.028049950000001,0.02,2.32,0.01,0.06
4.029052762,0.0,2.32,0.01,0.02
4.030053271,0.0,2.3,0.0,0.03
4.031061209000001,0.01,2.32,0.0,0.0
4.032057906,0.01,2.32,0.0,0.0
4.03307163,0.02,2.31,0.0,0.0
4.034075269000001,0.0,2.31,0.01,0.0
4.035055013,0.0,2.33,0.05,0.06
4.036045237000001,0.0,2.31,0.0,0.0
4.0370483020000005,0.01,2.33,0.02,0.0
4.038143452,0.01,2.31,0.0,0.01
4.039103611,0.01,2.29,0.0,0.01
4.040060296,0.0,2.3,0.01,0.01
4.041051532,0.01,2.31,0.01,0.0
4.043044415000001,0.0,2.32,0.0,0.01
4.044045474000001,0.0,2.3,0.0,0.0
4.04505049,0.0,2.3,0.0,0.0
4.046048521,0.0,2.29,0.0,0.01
4.047060918000001,0.01,2.29,0.01,0.01
4.048086886,0.0,2.3,0.0,0.0
4.049064317,0.0,2.3,0.0,0.03
4.050101281,0.03,2.3,0.0,0.0
4.051045667,0.0,2.3,0.01,0.0
4.052049957,0.0,2.3,0.0,0.0
4.053052419,0.0,2.29,0.01,0.0
4.054056668,0.0,2.3,0.01,0.01
4.055052626,0.0,2.29,0.0,0.0
4.056055397000001,0.0,2.31,0.0,0.0
4.058048093,0.0,2.3,0.01,0.0
4.0590490070000005,0.01,2.28,0.0,0.0
4.060052087,0.01,2.31,0.04,0.0
4.061057942000001,0.01,2.3,0.05,0.0
4.0620515280000005,0.0,2.31,0.0,0.0
4.063055051,0.01,2.29,0.0,0.0
4.064067406,0.0,2.3,0.01,0.0
4.065052481,0.0,2.3,0.01,0.0
4.066046276000001,0.0,2.3,0.01,0.0
4.067039671,0.05,2.32,0.02,0.02
4.0680461160000005,0.0,2.3,0.0,0.0
4.0690592720000005,0.0,2.3,0.01,0.0
4.070051207000001,0.0,2.29,0.01,0.0
4.072044406,0.0,2.3,0.01,0.0
4.073051981,0.01,2.29,0.0,0.0
4.074055607,0.0,2.29,0.0,0.0
4.075046413,0.01,2.29,0.0,0.0
4.076044829000001,0.0,2.28,0.0,0.0
4.077045201000001,0.0,2.29,0.02,0.0
4.078044736,0.0,2.29,0.01,0.0
4.079043518000001,0.0,2.29,0.01,0.01
4.080044078,0.0,2.3,0.0,0.0
4.081060156,0.0,2.3,0.01,0.0
4.082049533,0.0,2.3,0.0,0.01
4.083100878000001,0.02,2.31,0.0,0.0
4.084047718,0.01,2.29,0.01,0.0
4.085050933000001,0.02,2.29,0.01,0.0
4.087119400000001,0.01,2.29,0.0,0.01
4.088050474,0.0,2.3,0.0,0.0
4.0890495630000006,0.01,2.3,0.06,0.0
4.090049083,0.05,2.31,0.0,0.0
4.0910443160000005,0.01,2.29,0.0,0.0
4.092051301000001,0.03,2.34,0.02,0.0
4.093058141,0.01,2.29,0.0,0.0
4.094061666,0.0,2.29,0.0,0.0
4.095056697,0.01,2.28,0.0,0.01
4.096186211,0.0,2.28,0.0,0.0
4.097155561,0.0,2.29,0.0,0.0
4.098066866,0.04,2.29,0.0,0.0
4.099054993,0.0,2.34,0.0,0.0
4.100050094,0.0,2.29,0.01,0.0
4.101041584,0.0,2.29,0.01,0.01
4.103043642,0.01,2.29,0.0,0.0
4.104044212000001,0.0,2.29,0.01,0.0
4.105054977,0.0,2.29,0.0,0.01
4.106046829,0.0,2.3,0.0,0.0
4.107052391,0.0,2.3,0.0,0.01
4.108065689,0.02,2.29,0.0,0.0
4.109057873,0.0,2.29,0.0,0.01
4.11004924,0.0,2.3,0.0,0.06
4.111050486,0.0,2.31,0.0,0.0
4.112049173,0.0,2.29,0.01,0.0
4.1130525350000005,0.0,2.3,0.01,0.0
4.114125662,0.0,2.29,0.0,0.0
4.115076086,0.0,2.29,0.0,0.03
4.117041736,0.0,2.29,0.0,0.0
4.118043452,0.0,2.29,0.01,0.0
4.119053865000001,0.0,2.29,0.0,0.01
4.120043831,0.0,2.29,0.0,0.01
4.121051682,0.0,2.28,0.0,0.0
4.122044143,0.0,2.28,0.01,0.01
4.123054264,0.0,2.28,0.01,0.0
4.124048635,0.01,2.29,0.01,0.0
4.1250485900000005,0.0,2.29,0.01,0.0
4.126043768000001,0.0,2.29,0.02,0.02
4.127055749,0.01,2.25,0.01,0.0
4.128047802,0.0,2.29,0.01,0.0
4.129044901,0.0,2.29,0.0,0.01
4.130071395,0.01,2.3,0.0,0.01
4.1311188670000005,0.0,2.26,0.0,0.0
4.132173669,0.0,2.29,0.0,0.02
4.134044761,0.04,2.28,0.01,0.01
4.135040368,0.0,2.28,0.01,0.0
4.1361582740000005,0.0,2.29,0.02,0.0
4.137112988,0.0,2.27,0.01,0.0
4.1381025870000006,0.05,2.27,0.04,0.01
4.13909184,0.0,2.29,0.01,0.0
4.140090145,0.01,2.29,0.01,0.0
4.141096329000001,0.0,2.29,0.02,0.0
4.142093104000001,0.0,2.29,0.01,0.0
4.143094435,0.0,2.29,0.0,0.0
4.144102674,0.01,2.29,0.01,0.01
4.145098858,0.0,2.3,0.0,0.01
4.146096777,0.0,2.27,0.0,0.0
4.148099861,0.02,2.29,0.0,0.02
4.14909335,0.0,2.29,0.0,0.0
4.150091692,0.01,2.3,0.0,0.0
4.1510902110000005,0.0,2.29,0.01,0.01
4.152093518,0.0,2.29,0.01,0.01
4.15309868,0.0,2.3,0.0,0.0
4.15412245,0.03,2.29,0.01,0.0
4.155111042000001,0.0,2.3,0.0,0.0
4.156086204,0.01,2.29,0.0,0.0
4.157065338000001,0.01,2.29,0.02,0.0
4.158053262,0.0,2.29,0.01,0.0
4.159054253,0.03,2.29,0.01,0.0
4.160056215,0.0,2.29,0.0,0.01
4.161058748,0.0,2.29,0.02,0.03
4.163040896,0.0,2.29,0.0,0.0
4.164040605,0.0,2.29,0.0,0.0
4.16504613,0.0,2.29,0.01,0.0
4.166040486,0.0,2.28,0.01,0.01
4.167039835000001,0.0,2.29,0.01,0.0
4.168039783,0.0,2.29,0.0,0.0
4.1690520410000005,0.01,2.29,0.0,0.0
4.170039098,0.01,2.29,0.02,0.0
4.171040145,0.01,2.31,0.0,0.02
4.172043273,0.0,2.28,0.0,0.0
4.17303962,0.01,2.35,0.01,0.0
4.17404707,0.0,2.3,0.01,0.0
4.175038725,0.0,2.28,0.0,0.0
4.176043219,0.0,2.28,0.0,0.01
4.1770637630000005,0.01,2.29,0.0,0.0
4.17905337,0.0,2.3,0.01,0.09
4.1800384500000005,0.01,2.29,0.02,0.0
4.181037752,0.01,2.29,0.01,0.0
4.1820580320000005,0.0,2.29,0.0,0.0
4.183036540000001,0.0,2.29,0.01,0.0
4.184039173,0.0,2.29,0.01,0.0
4.185060551,0.0,2.29,0.01,0.0
4.186094615,0.0,2.29,0.01,0.0
4.187044715,0.0,2.28,0.01,0.01
4.188048489,0.0,2.3,0.0,0.0
4.189077956,0.0,2.31,0.01,0.0
4.190067849,0.0,2.27,0.0,0.0
4.191055544,0.0,2.29,0.01,0.0
4.193040749000001,0.0,2.29,0.01,0.0
4.194047911,0.01,2.3,0.01,0.0
4.195046921,0.0,2.29,0.01,0.01
4.196042334,0.0,2.29,0.0,0.0
4.197058157,0.01,2.3,0.0,0.0
4.198121863,0.0,2.29,0.01,0.0
4.199043506000001,0.0,2.29,0.0,0.0
4.2000440150000005,0.01,2.29,0.01,0.0
4.201058713,0.01,2.29,0.01,0.01
4.202051166,0.0,2.3,0.01,0.0
4.203049679,0.0,2.29,0.0,0.0
4.204083104,0.01,2.3,0.01,0.03
4.205046921,0.0,2.29,0.01,0.0
4.206044879,0.0,2.29,0.01,0.0
4.2080360830000005,0.0,2.29,0.0,0.0
4.209046399,0.01,2.29,0.0,0.0
4.210045447000001,0.05,2.29,0.01,0.0
4.211044863000001,0.01,2.28,0.01,0.02
4.212045017,0.01,2.26,0.01,0.01
4.21309057,0.0,2.29,0.01,0.02
4.214099204,0.0,2.29,0.01,0.0
4.215043402,0.01,2.31,0.01,0.01
4.216046293000001,0.01,2.29,0.01,0.0
4.217071756,0.0,2.29,0.02,0.0
4.218050055,0.02,2.29,0.0,0.0
4.219045436,0.0,2.29,0.0,0.05
4.22004174,0.0,2.35,0.01,0.0
4.222060476,0.0,2.3,0.0,0.0
4.2230621600000005,0.0,2.28,0.01,0.0
4.224065942,0.0,2.29,0.0,0.01
4.225063607,0.01,2.25,0.0,0.01
4.226065201,0.0,2.3,0.01,0.02
4.227058633,0.01,2.29,0.0,0.0
4.228051916,0.0,2.29,0.0,0.0
4.229053557,0.01,2.3,0.0,0.01
4.230053564,0.0,2.29,0.0,0.0
4.231060817,0.0,2.29,0.01,0.0
4.23203608,0.0,2.3,0.0,0.0
4.233058375000001,0.0,2.29,0.0,0.0
4.23404732,0.0,2.29,0.0,0.0
4.2350390010000005,0.01,2.29,0.0,0.03
4.236062884,0.0,2.29,0.0,0.0
4.2380600930000005,0.0,2.3,0.0,0.01
4.239044735,0.01,2.3,0.0,0.01
4.240036253,0.01,2.29,0.0,0.0
4.241053021,0.0,2.3,0.01,0.0
4.2420437490000005,0.0,2.28,0.01,0.0
4.243050524,0.0,2.31,0.0,0.01
4.244042674,0.0,2.3,0.0,0.0
4.245045531000001,0.0,2.29,0.0,0.0
4.24604693,0.0,2.3,0.02,0.0
4.2470512760000005,0.0,2.28,0.0,0.01
4.248116013000001,0.0,2.29,0.0,0.0
4.249081416,0.0,2.29,0.03,0.04
4.250056386000001,0.0,2.3,0.01,0.01
4.251061928,0.0,2.29,0.01,0.01
4.253047083,0.0,2.3,0.01,0.0
4.254047627,0.0,2.28,0.0,0.0
4.255037952,0.0,2.28,0.0,0.0
4.256037851,0.02,2.23,0.04,0.02
4.257047040000001,0.0,2.3,0.0,0.0
4.258048076000001,0.0,2.29,0.0,0.04
4.259043746000001,0.0,2.3,0.02,0.0
4.260037141000001,0.0,2.3,0.0,0.0
4.261044546,0.0,2.29,0.01,0.0
4.262042278,0.0,2.31,0.01,0.0
4.2630418290000005,0.0,2.3,0.01,0.0
4.264050282,0.0,2.29,0.0,0.0
4.265053233000001,0.0,2.3,0.01,0.0
4.266144756,0.01,2.29,0.0,0.0
4.268036390000001,0.0,2.29,0.01,0.0
4.269045784,0.0,2.29,0.0,0.0
4.2700380000000004,0.0,2.3,0.01,0.0
4.271038234000001,0.0,2.29,0.0,0.0
4.2720376490000005,0.01,2.3,0.0,0.0
4.273043473,0.0,2.3,0.0,0.0
4.274040255,0.0,2.29,0.01,0.0
4.275083079,0.0,2.29,0.05,0.08
4.27603812,0.01,2.3,0.01,0.03
4.277043434,0.0,2.29,0.01,0.0
4.278162695000001,0.01,2.3,0.0,0.0
4.279051292,0.0,2.3,0.01,0.0
4.280122446,0.0,2.29,0.03,0.0
4.281070587,0.0,2.3,0.01,0.0
4.28205947,0.0,2.3,0.0,0.0
4.284064052000001,0.01,2.29,0.01,0.0
4.285038871,0.0,2.31,0.01,0.0
4.286042436000001,0.0,2.3,0.0,0.0
4.287048523,0.03,2.3,0.06,0.0
4.288034457,0.01,2.3,0.0,0.01
4.289041835,0.0,2.3,0.02,0.0
4.29004147,0.0,2.3,0.01,0.0
4.291153271000001,0.02,2.3,0.01,0.0
4.29204793,0.01,2.29,0.0,0.0
4.293047187,0.0,2.3,0.0,0.03
4.29405351,0.0,2.29,0.0,0.0
4.29506254,0.0,2.31,0.01,0.0
4.296039615000001,0.0,2.3,0.01,0.0
4.297061267,0.0,2.3,0.01,0.01
4.298048705,0.0,2.28,0.01,0.01
4.300050392,0.01,2.29,0.02,0.01
4.301061647,0.01,2.29,0.0,0.0
4.302047902,0.01,2.29,0.0,0.0
4.303050422,0.0,2.3,0.0,0.0
4.304051652,0.0,2.3,0.0,0.0
4.305055417,0.01,2.3,0.0,0.0
4.3060458850000005,0.0,2.36,0.01,0.01
4.307052144,0.0,2.29,0.02,0.0
4.308056394,0.0,2.27,0.0,0.01
4.309202703,0.0,2.3,0.01,0.0
4.310043301,0.0,2.32,0.0,0.0
4.3110500730000005,0.0,2.29,0.02,0.0
4.312085914,0.0,2.3,0.01,0.0
4.314177785,0.01,2.29,0.0,0.0
4.315065855,0.0,2.3,0.0,0.0
4.316045805,0.01,2.29,0.01,0.0
4.317036755,0.0,2.3,0.0,0.01
4.318042178000001,0.0,2.28,0.0,0.0
4.319060095,0.0,2.3,0.01,0.0
4.320043111,0.0,2.29,0.0,0.03
4.3210453740000005,0.0,2.29,0.01,0.0
4.322047378000001,0.0,2.3,0.0,0.0
4.323037848,0.01,2.3,0.02,0.03
4.324049409000001,0.01,2.29,0.0,0.0
4.325049933,0.01,2.3,0.01,0.01
4.326048072,0.0,2.31,0.0,0.0
4.327049013,0.0,2.29,0.0,0.0
4.329056459,0.0,2.3,0.0,0.0
4.330053952,0.0,2.3,0.0,0.0
4.331037721,0.0,2.3,0.01,0.01
4.332037051,0.0,2.29,0.01,0.0
4.333041221,0.02,2.35,0.03,0.03
4.334046312,0.03,2.3,0.0,0.01
4.335037657,0.0,2.3,0.01,0.03
4.336037428,0.0,2.34,0.0,0.02
4.33703735,0.0,2.29,0.0,0.0
4.33804576,0.0,2.3,0.02,0.01
4.339042476,0.02,2.33,0.0,0.0
4.340218946,0.0,2.3,0.03,0.01
4.341049054,0.01,2.3,0.03,0.02
4.3420436890000005,0.0,2.31,0.01,0.0
4.343041413,0.0,2.3,0.0,0.0
4.345060801000001,0.0,2.31,0.0,0.0
4.346062722,0.0,2.31,0.0,0.0
4.3470942500000005,0.0,2.3,0.01,0.0
4.348044514000001,0.0,2.29,0.0,0.0
4.349039715,0.0,2.33,0.0,0.0
4.350066501000001,0.01,2.31,0.06,0.0
4.351036467,0.0,2.31,0.01,0.0
4.352046277,0.0,2.33,0.01,0.0
4.3530477560000005,0.01,2.31,0.0,0.0
4.354045972000001,0.0,2.31,0.0,0.0
4.355100876,0.0,2.31,0.0,0.0
4.356043843,0.0,2.31,0.0,0.0
4.357084292000001,0.03,2.31,0.01,0.0
4.35806099,0.01,2.3,0.01,0.0
4.360041906,0.0,2.31,0.01,0.01
4.3610658870000005,0.0,2.3,0.0,0.0
4.362045309,0.01,2.31,0.0,0.0
4.3630367670000005,0.0,2.3,0.0,0.0
4.364042221,0.0,2.31,0.01,0.0
4.365036794,0.01,2.31,0.0,0.0
4.366043046000001,0.05,2.3,0.0,0.0
4.367039245,0.0,2.3,0.03,0.0
4.3680442710000005,0.01,2.31,0.01,0.0
4.369043801,0.0,2.27,0.0,0.0
4.370053875,0.01,2.31,0.01,0.01
4.3710493,0.01,2.32,0.0,0.0
4.3720783050000005,0.02,2.31,0.0,0.0
4.373096322,0.0,2.31,0.03,0.0
4.374107195000001,0.0,2.31,0.0,0.0
4.376034646,0.0,2.31,0.0,0.0
4.377060909,0.0,2.31,0.01,0.0
4.378096835,0.0,2.3,0.03,0.17
4.379048958,0.0,2.31,0.0,0.0
4.380043336,0.0,2.31,0.0,0.0
4.38104603,0.0,2.31,0.01,0.01
4.382049257,0.0,2.3,0.01,0.0
4.3830928600000005,0.0,2.3,0.01,0.0
4.3840429510000005,0.0,2.31,0.0,0.01
4.385050904,0.0,2.31,0.01,0.0
4.386112289000001,0.0,2.31,0.0,0.01
4.387042065,0.0,2.31,0.0,0.0
4.388044946,0.0,2.31,0.0,0.0
4.390036173,0.01,2.31,0.01,0.0
4.391044921000001,0.0,2.31,0.03,0.0
4.392049212,0.0,2.32,0.01,0.0
4.3930507930000005,0.0,2.31,0.0,0.0
4.394042300000001,0.02,2.34,0.05,0.0
4.3951484810000006,0.0,2.32,0.0,0.0
4.396038342000001,0.0,2.32,0.0,0.0
4.397038049,0.0,2.31,0.01,0.0
4.398045519,0.0,2.3,0.0,0.01
4.399039185,0.0,2.32,0.0,0.01
4.40004019,0.09,2.31,0.0,0.0
4.401052429,0.0,2.31,0.0,0.0
4.402048554,0.0,2.31,0.0,0.0
4.4030782440000005,0.0,2.31,0.0,0.0
4.404103228,0.01,2.31,0.0,0.01
4.4060771690000005,0.0,2.31,0.01,0.01
4.407044129,0.01,2.32,0.0,0.0
4.408043062,0.0,2.34,0.0,0.02
4.409044962,0.0,2.31,0.0,0.01
4.410047130000001,0.09,2.37,0.01,0.0
4.41104911,0.0,2.31,0.0,0.0
4.412093374,0.0,2.31,0.01,0.0
4.413036579,0.0,2.31,0.01,0.01
4.414046105000001,0.0,2.3,0.01,0.0
4.41504912,0.02,2.32,0.01,0.0
4.416042305,0.0,2.31,0.0,0.01
4.417051025,0.01,2.31,0.02,0.01
4.419045685,0.03,2.31,0.02,0.0
4.420041536,0.0,2.3,0.0,0.0
4.421037266,0.0,2.27,0.03,0.0
4.422041699,0.0,2.31,0.0,0.01
4.423039807,0.0,2.31,0.0,0.0
4.4240438300000005,0.01,2.31,0.0,0.0
4.425058605,0.0,2.31,0.0,0.0
4.426043885,0.0,2.31,0.01,0.02
4.427081294000001,0.0,2.31,0.0,0.0
4.428037928,0.0,2.3,0.1,0.0
4.429040572,0.0,2.31,0.01,0.0
4.430046752,0.01,2.31,0.01,0.0
4.431086186,0.01,2.32,0.0,0.0
4.432049234,0.01,2.3,0.0,0.0
4.433053276,0.03,2.28,0.01,0.0
4.435069349,0.0,2.31,0.01,0.0
4.436062551,0.01,2.31,0.01,0.0
4.437052528000001,0.0,2.31,0.01,0.0
4.438067182,0.0,2.31,0.0,0.0
4.439095174,0.0,2.32,0.01,0.0
4.440059218,0.01,2.3,0.0,0.0
4.441080122000001,0.02,2.31,0.01,0.02
4.4420442300000005,0.0,2.31,0.01,0.0
4.443044459,0.0,2.31,0.0,0.0
4.444051050000001,0.0,2.32,0.0,0.0
4.445052546,0.0,2.31,0.0,0.0
4.446040749000001,0.0,2.32,0.0,0.0
4.447040449,0.02,2.31,0.0,0.0
4.448041239,0.0,2.31,0.01,0.0
4.450036078,0.01,2.31,0.01,0.0
4.451043902,0.0,2.31,0.0,0.01
4.45209866,0.01,2.31,0.0,0.01
4.453041498,0.0,2.31,0.01,0.0
4.454038023,0.0,2.31,0.0,0.01
4.455037487,0.0,2.31,0.02,0.0
4.456044585,0.0,2.31,0.01,0.01
4.457038067,0.0,2.31,0.01,0.0
4.458048108,0.0,2.31,0.0,0.0
4.459045011000001,0.0,2.27,0.0,0.0
4.460047138,0.0,2.31,0.01,0.0
4.461038281,0.0,2.31,0.0,0.0
4.462112012,0.0,2.31,0.0,0.01
4.4630490940000005,0.01,2.31,0.0,0.0
4.465050902000001,0.0,2.23,0.01,0.02
4.46607335,0.0,2.3,0.0,0.01
4.467062688,0.02,2.31,0.01,0.0
4.468049196,0.0,2.29,0.01,0.0
4.469054121,0.01,2.27,0.0,0.0
4.4700444610000005,0.02,2.3,0.01,0.01
4.4710368990000005,0.0,2.32,0.03,0.0
4.472046091,0.0,2.3,0.0,0.0
4.47306532,0.0,2.3,0.0,0.0
4.4740513580000005,0.0,2.32,0.01,0.01
4.475052639,0.01,2.33,0.01,0.0
4.476102399,0.0,2.31,0.0,0.0
4.477043653,0.01,2.28,0.01,0.0
4.478049036000001,0.01,2.32,0.01,0.0
4.4800416400000005,0.01,2.31,0.0,0.0
4.481041409,0.0,2.32,0.0,0.0
4.482049031,0.0,2.31,0.0,0.0
4.483048951000001,0.0,2.31,0.0,0.0
4.484052231000001,0.01,2.32,0.0,0.01
4.485064429,0.0,2.32,0.0,0.01
4.486085611,0.0,2.32,0.01,0.0
4.4870690710000005,0.0,2.32,0.0,0.0
4.488067343,0.0,2.31,0.0,0.01
4.489068963,0.02,2.31,0.0,0.05
4.490062612,0.01,2.32,0.0,0.0
4.491054255,0.01,2.3,0.01,0.0
4.492056037,0.0,2.33,0.03,0.01
4.493050601,0.01,2.31,0.0,0.0
4.49405807,0.0,2.25,0.01,0.0
4.496066661,0.0,2.31,0.0,0.01
4.497079034,0.0,2.25,0.0,0.0
4.4980699500000005,0.0,2.32,0.0,0.0
4.4991492740000005,0.0,2.35,0.01,0.0
4.500169591000001,0.0,2.31,0.0,0.0
4.501164458,0.0,2.31,0.0,0.0
4.5020554630000005,0.0,2.31,0.0,0.0
4.503047139,0.0,2.32,0.0,0.0
4.504056343,0.0,2.31,0.0,0.0
4.505064233000001,0.0,2.3,0.0,0.01
4.50605554,0.0,2.31,0.01,0.0
4.507054422,0.01,2.31,0.01,0.0
4.508052118,0.0,2.31,0.0,0.0
4.5100461670000005,0.02,2.31,0.01,0.0
4.511041885,0.01,2.31,0.0,0.01
4.512053693,0.0,2.27,0.0,0.0
4.513043996,0.0,2.31,0.01,0.0
4.51405311,0.0,2.31,0.0,0.0
4.515046554,0.0,2.32,0.01,0.0
4.516048217000001,0.0,2.31,0.0,0.0
4.5170361130000005,0.0,2.32,0.01,0.0
4.51805171,0.0,2.32,0.01,0.0
4.519047728,0.0,2.33,0.01,0.0
4.520055338000001,0.0,2.33,0.0,0.01
4.521056516000001,0.0,2.33,0.01,0.0
4.522051967,0.0,2.33,0.01,0.05
4.523054081000001,0.01,2.35,0.0,0.0
4.525047919,0.0,2.35,0.01,0.0
4.526060685,0.01,2.35,0.01,0.0
4.527051939000001,0.0,2.34,0.0,0.01
4.528061254000001,0.01,2.35,0.04,0.0
4.529058307000001,0.05,2.35,0.0,0.0
4.530066752000001,0.0,2.35,0.01,0.01
4.531068781,0.01,2.3,0.01,0.0
4.532061181,0.0,2.35,0.0,0.0
4.533044938000001,0.0,2.36,0.01,0.01
4.534051455,0.01,2.36,0.01,0.0
4.535056056,0.0,2.36,0.01,0.0
4.536049555,0.0,2.37,0.02,0.0
4.537068071,0.01,2.38,0.01,0.0
4.538056711,0.03,2.37,0.02,0.0
4.539058773000001,0.0,2.35,0.01,0.01
4.541047794000001,0.0,2.38,0.0,0.0
4.542050469,0.0,2.38,0.01,0.0
4.543047657000001,0.0,2.38,0.0,0.0
4.544044713,0.0,2.39,0.01,0.01
4.545047255,0.0,2.38,0.01,0.0
4.546050454,0.03,2.41,0.01,0.0
4.547051663,0.0,2.39,0.0,0.01
4.548049807,0.0,2.4,0.01,0.0
4.549052326,0.01,2.4,0.0,0.0
4.5500511900000005,0.0,2.4,0.01,0.0
4.551110737,0.0,2.4,0.0,0.01
4.552061632,0.0,2.41,0.0,0.0
4.553056972,0.0,2.4,0.0,0.0
4.554061585,0.0,2.41,0.0,0.01
4.556048469,0.0,2.39,0.02,0.0
4.557056306000001,0.0,2.39,0.0,0.0
4.558059223,0.0,2.4,0.01,0.01
4.559052355,0.0,2.39,0.01,0.0
4.560054705000001,0.01,2.38,0.02,0.0
4.561117175000001,0.0,2.39,0.0,0.0
4.562058776000001,0.0,2.39,0.0,0.0
4.563058594,0.0,2.42,0.0,0.01
4.5641038400000005,0.0,2.39,0.02,0.01
4.565050763,0.0,2.39,0.01,0.0
4.566069212,0.0,2.39,0.0,0.0
4.567049659,0.0,2.39,0.0,0.0
4.568049799000001,0.0,2.4,0.01,0.0
4.569066862000001,0.01,2.39,0.04,0.0
4.571047930000001,0.0,2.38,0.02,0.01
4.572050895,0.0,2.39,0.0,0.01
4.573044241,0.04,2.41,0.0,0.04
4.574046142,0.01,2.38,0.01,0.01
4.575042686000001,0.01,2.38,0.0,0.0
4.576053494,0.0,2.38,0.02,0.0
4.577042005,0.0,2.39,0.0,0.02
4.578051172,0.0,2.38,0.04,0.0
4.579049792,0.0,2.38,0.04,0.0
4.5800497700000005,0.0,2.38,0.01,0.01
4.581043447,0.0,2.38,0.01,0.0
4.582047614,0.0,2.39,0.0,0.01
4.5830528180000005,0.0,2.38,0.0,0.0
4.584066631000001,0.01,2.38,0.0,0.0
4.585064164,0.0,2.39,0.0,0.01
4.587067992000001,0.0,2.39,0.01,0.0
4.588057053,0.0,2.38,0.01,0.0
4.5890506,0.0,2.39,0.01,0.0
4.590058462,0.0,2.38,0.0,0.03
4.591065147,0.0,2.39,0.0,0.0
4.592053330000001,0.01,2.39,0.0,0.0
4.593109940000001,0.0,2.39,0.0,0.0
4.59405426,0.0,2.38,0.02,0.0
4.5950547010000005,0.0,2.38,0.01,0.01
4.596042893,0.03,2.38,0.0,0.0
4.597046483000001,0.01,2.38,0.01,0.01
4.59805954,0.0,2.38,0.02,0.01
4.599048606,0.0,2.38,0.02,0.02
4.601054136,0.01,2.38,0.01,0.0
4.602054592,0.0,2.38,0.0,0.0
4.603046938,0.0,2.37,0.01,0.0
4.60404412,0.05,2.38,0.0,0.0
4.605037866,0.0,2.39,0.02,0.0
4.606051314,0.0,2.37,0.01,0.0
4.607055423,0.01,2.38,0.01,0.0
4.608050635000001,0.0,2.39,0.01,0.0
4.60905093,0.03,2.38,0.0,0.0
4.610049149,0.0,2.39,0.01,0.0
4.611165512,0.03,2.4,0.05,0.03
4.6121238810000005,0.0,2.41,0.0,0.0
4.613123031000001,0.0,2.39,0.0,0.0
4.614050145,0.0,2.38,0.01,0.0
4.616046597,0.02,2.36,0.01,0.01
4.617061879,0.0,2.39,0.02,0.0
4.618058308,0.0,2.45,0.0,0.0
4.619055357000001,0.01,2.38,0.0,0.0
4.620047015,0.01,2.39,0.06,0.01
4.6211536650000005,0.0,2.39,0.0,0.0
4.6221255690000005,0.01,2.39,0.0,0.02
4.623053827000001,0.01,2.39,0.0,0.0
4.624048365,0.0,2.39,0.0,0.0
4.625103935,0.01,2.39,0.01,0.0
4.626045912,0.0,2.4,0.0,0.0
4.627046637,0.01,2.4,0.0,0.02
4.6280503710000005,0.0,2.39,0.01,0.0
4.629043504,0.0,2.4,0.0,0.01
4.631043574,0.01,2.4,0.01,0.0
4.6320477,0.0,2.4,0.0,0.0
4.633056365000001,0.0,2.4,0.01,0.0
4.634059775,0.0,2.39,0.0,0.01
4.635043813,0.0,2.39,0.0,0.0
4.636054326,0.0,2.4,0.0,0.0
4.637048082000001,0.02,2.39,0.0,0.0
4.638043554,0.06,2.41,0.05,0.02
4.639045394,0.0,2.41,0.02,0.02
4.640054555,0.0,2.4,0.0,0.0
4.6410813300000004,0.0,2.4,0.01,0.0
4.642056814,0.0,2.4,0.01,0.01
4.643107025,0.0,2.4,0.0,0.0
4.6440488,0.0,2.41,0.01,0.0
4.645055102000001,0.0,2.41,0.01,0.0
4.647046839000001,0.02,2.4,0.0,0.0
4.648047503,0.0,2.41,0.0,0.0
4.649056176,0.0,2.41,0.01,0.0
4.65007193,0.03,2.43,0.01,0.01
4.651066003,0.0,2.39,0.01,0.0
4.652052338000001,0.01,2.4,0.0,0.0
4.653070202,0.0,2.41,0.0,0.04
4.654066232,0.0,2.41,0.01,0.0
4.655069721,0.0,2.4,0.0,0.01
4.65605353,0.01,2.42,0.0,0.0
4.65704969,0.0,2.47,0.04,0.09
4.658051433000001,0.0,2.43,0.0,0.01
4.659053790000001,0.0,2.41,0.0,0.0
4.661044374,0.0,2.41,0.01,0.0
4.662050339,0.0,2.44,0.0,0.0
4.663044979,0.0,2.42,0.0,0.0
4.664049816,0.0,2.42,0.0,0.0
4.665071960000001,0.0,2.42,0.01,0.02
4.666049829,0.0,2.42,0.0,0.01
4.66704938,0.0,2.41,0.01,0.03
4.6680467430000006,0.01,2.42,0.02,0.01
4.6690388380000005,0.01,2.43,0.0,0.0
4.670050482000001,0.0,2.42,0.0,0.0
4.671055604,0.0,2.42,0.0,0.0
4.672098977,0.0,2.41,0.01,0.0
4.673043165,0.01,2.42,0.0,0.0
4.674053203000001,0.0,2.42,0.01,0.02
4.675049059,0.0,2.42,0.0,0.0
4.677034713,0.01,2.42,0.0,0.0
4.678050182000001,0.0,2.42,0.0,0.0
4.6790479750000005,0.0,2.46,0.0,0.0
4.68005154,0.02,2.42,0.0,0.0
4.681076599000001,0.01,2.42,0.0,0.0
4.682077793,0.0,2.42,0.0,0.0
4.683141637,0.01,2.41,0.05,0.01
4.684121112000001,0.01,2.42,0.01,0.0
4.685132991000001,0.0,2.43,0.01,0.0
4.686069764,0.02,2.42,0.01,0.0
4.687049437000001,0.0,2.42,0.0,0.0
4.688050952,0.0,2.4,0.06,0.03
4.6890475810000005,0.0,2.42,0.01,0.0
4.6900461270000005,0.0,2.43,0.0,0.0
4.6920436720000005,0.01,2.43,0.0,0.0
4.693047685000001,0.0,2.42,0.0,0.0
4.694058313,0.0,2.41,0.01,0.01
4.695046454,0.0,2.42,0.01,0.02
4.696054167000001,0.0,2.41,0.06,0.0
4.697059817,0.03,2.42,0.01,0.0
4.6980569260000005,0.0,2.43,0.04,0.0
4.699067047000001,0.05,2.43,0.01,0.0
4.700047673,0.0,2.42,0.01,0.04
4.7010547560000004,0.0,2.43,0.05,0.0
4.7020491170000005,0.0,2.43,0.0,0.0
4.703057881,0.01,2.43,0.0,0.0
4.704052740000001,0.01,2.42,0.01,0.0
4.7050510910000005,0.0,2.43,0.0,0.0
4.707047417,0.0,2.43,0.0,0.0
4.708053458,0.0,2.43,0.01,0.0
4.709046918,0.0,2.42,0.0,0.01
4.710049381,0.0,2.42,0.0,0.0
4.7110418130000005,0.0,2.43,0.0,0.0
4.712056724,0.0,2.43,0.01,0.0
4.713089258,0.0,2.43,0.0,0.0
4.714065581000001,0.0,2.42,0.01,0.0
4.715052054,0.0,2.42,0.0,0.01
4.716058499000001,0.0,2.43,0.0,0.0
4.717107902,0.0,2.43,0.0,0.0
4.718046301,0.0,2.43,0.0,0.01
4.71905296,0.0,2.43,0.0,0.01
4.720056996,0.01,2.42,0.0,0.0
4.722042892,0.01,2.43,0.03,0.0
4.7230505780000005,0.0,2.43,0.0,0.0
4.724046304000001,0.01,2.44,0.01,0.0
4.7251027610000005,0.0,2.44,0.0,0.0
4.72604904,0.0,2.43,0.0,0.01
4.727043624,0.0,2.45,0.01,0.0
4.728047559,0.04,2.42,0.04,0.0
4.729070417,0.0,2.46,0.0,0.01
4.730065207,0.0,2.42,0.01,0.0
4.7310522740000005,0.01,2.44,0.0,0.0
4.7320961310000005,0.0,2.44,0.0,0.0
4.733051028,0.0,2.44,0.01,0.0
4.734067176,0.01,2.44,0.0,0.0
4.735044127,0.01,2.44,0.01,0.0
4.73705074,0.0,2.43,0.01,0.01
4.738049371000001,0.0,2.43,0.0,0.01
4.7390520270000005,0.0,2.47,0.01,0.03
4.740056437000001,0.0,2.44,0.03,0.0
4.741049629,0.0,2.45,0.01,0.0
4.742059471,0.0,2.44,0.01,0.0
4.743065531,0.0,2.45,0.01,0.01
4.744215423,0.0,2.44,0.01,0.0
4.745068046,0.01,2.44,0.01,0.0
4.746083508,0.01,2.43,0.01,0.0
4.747140637,0.0,2.44,0.0,0.0
4.748143966000001,0.0,2.44,0.01,0.0
4.749206419,0.05,2.45,0.0,0.0
4.750052853000001,0.0,2.44,0.01,0.01
4.75204406,0.0,2.45,0.0,0.0
4.753046782,0.0,2.44,0.0,0.0
4.7540473080000005,0.0,2.45,0.0,0.0
4.75504786,0.01,2.45,0.0,0.0
4.756055239,0.0,2.44,0.0,0.0
4.757102451000001,0.0,2.45,0.0,0.03
4.758047788000001,0.01,2.45,0.01,0.01
4.759043188000001,0.0,2.45,0.0,0.0
4.760099224,0.0,2.44,0.0,0.0
4.761069373000001,0.0,2.44,0.01,0.0
4.762055384,0.0,2.45,0.01,0.0
4.763049733,0.0,2.45,0.0,0.0
4.764047309,0.0,2.44,0.0,0.0
4.765043459,0.0,2.44,0.01,0.0
4.767087114000001,0.0,2.42,0.01,0.0
4.76805076,0.0,2.45,0.0,0.01
4.769105269000001,0.0,2.42,0.04,0.05
4.7700545110000006,0.01,2.44,0.01,0.0
4.771048037,0.01,2.45,0.0,0.0
4.7720780430000005,0.0,2.45,0.01,0.0
4.773061533,0.0,2.44,0.01,0.0
4.774054265,0.0,2.44,0.0,0.0
4.775136262,0.0,2.45,0.01,0.0
4.776068998,0.0,2.42,0.0,0.01
4.777087450000001,0.0,2.45,0.01,0.01
4.778065836000001,0.0,2.46,0.0,0.0
4.779055287,0.01,2.44,0.0,0.01
4.78006283,0.01,2.44,0.0,0.0
4.782050385000001,0.02,2.44,0.03,0.0
4.7831425990000005,0.0,2.44,0.01,0.0
4.784044695,0.05,2.43,0.04,0.0
4.785043641000001,0.0,2.47,0.0,0.02
4.786051273,0.01,2.44,0.0,0.0
4.787047995,0.0,2.45,0.02,0.0
4.788048066,0.01,2.44,0.01,0.0
4.789097515,0.0,2.44,0.01,0.01
4.7900415810000005,0.0,2.44,0.0,0.01
4.791136383,0.0,2.44,0.0,0.0
4.792045105000001,0.0,2.44,0.0,0.0
4.793049221,0.01,2.44,0.0,0.0
4.7940450530000005,0.0,2.44,0.0,0.0
4.79504809,0.01,2.45,0.01,0.0
4.796049180000001,0.0,2.44,0.0,0.0
4.798052171,0.0,2.44,0.01,0.0
4.799047582,0.01,2.44,0.0,0.0
4.8000427850000005,0.0,2.44,0.0,0.0
4.801052377,0.0,2.41,0.01,0.0
4.802045860000001,0.0,2.44,0.01,0.0
4.8030518980000005,0.0,2.44,0.0,0.01
4.8040476750000005,0.01,2.45,0.0,0.0
4.805058345,0.0,2.45,0.01,0.0
4.806065864000001,0.0,2.44,0.01,0.0
4.807133706,0.0,2.44,0.0,0.01
4.808068234,0.0,2.45,0.02,0.01
4.809053403,0.0,2.44,0.0,0.0
4.810057609,0.0,2.43,0.01,0.01
4.812065833,0.0,2.44,0.0,0.0
4.813049632,0.0,2.44,0.0,0.0
4.814049890000001,0.01,2.44,0.0,0.01
4.815049315,0.0,2.44,0.0,0.11
4.816043668000001,0.01,2.44,0.0,0.01
4.817045936,0.05,2.44,0.01,0.0
4.818049088,0.0,2.44,0.01,0.01
4.819042763000001,0.0,2.45,0.0,0.04
4.820042057,0.0,2.44,0.01,0.0
4.8210502790000005,0.01,2.45,0.08,0.03
4.822050778,0.0,2.44,0.0,0.0
4.8231320150000005,0.0,2.44,0.01,0.0
4.824097076,0.0,2.45,0.0,0.0
4.825065499,0.0,2.44,0.0,0.0
4.826054509,0.03,2.45,0.01,0.01
4.828052719,0.01,2.49,0.01,0.0
4.829053331,0.0,2.42,0.0,0.0
4.830048823,0.0,2.45,0.0,0.0
4.831050337000001,0.0,2.44,0.01,0.0
4.832043775000001,0.0,2.45,0.01,0.0
4.833049021,0.0,2.45,0.0,0.0
4.834050582000001,0.11,2.45,0.0,0.0
4.835089142,0.0,2.45,0.01,0.03
4.836047425,0.0,2.45,0.0,0.0
4.8370441490000005,0.01,2.44,0.03,0.0
4.838062444,0.0,2.45,0.0,0.01
4.839071201,0.0,2.45,0.02,0.0
4.840068414,0.0,2.44,0.01,0.0
4.841070883,0.01,2.45,0.0,0.0
4.843042899,0.0,2.45,0.01,0.06
4.844051384,0.0,2.45,0.0,0.0
4.845039811,0.0,2.45,0.0,0.0
4.846051633,0.0,2.44,0.01,0.0
4.847041718000001,0.0,2.45,0.0,0.0
4.848042343,0.01,2.45,0.01,0.01
4.849044557,0.04,2.45,0.02,0.0
4.850046292,0.0,2.45,0.01,0.01
4.851049325,0.01,2.44,0.02,0.0
4.852103724,0.0,2.45,0.0,0.02
4.853048691000001,0.0,2.45,0.0,0.0
4.8540384,0.01,2.45,0.0,0.0
4.855050644,0.01,2.45,0.0,0.03
4.856051384000001,0.0,2.46,0.01,0.0
4.857072692,0.0,2.46,0.0,0.0
4.859045554000001,0.0,2.45,0.0,0.0
4.860048806,0.04,2.45,0.0,0.0
4.861102098,0.0,2.45,0.01,0.04
4.862050246,0.0,2.45,0.01,0.0
4.863066795,0.0,2.45,0.0,0.01
4.864102538,0.0,2.46,0.01,0.01
4.8650481370000005,0.0,2.45,0.0,0.0
4.86605605,0.01,2.46,0.0,0.0
4.867081966000001,0.01,2.44,0.0,0.02
4.868066926,0.0,2.45,0.03,0.0
4.86907246,0.01,2.43,0.0,0.0
4.870062304,0.0,2.45,0.01,0.0
4.871128619,0.0,2.45,0.01,0.0
4.873061546000001,0.0,2.44,0.0,0.01
4.874055935,0.0,2.45,0.01,0.0
4.875047653,0.0,2.44,0.01,0.0
4.876097968000001,0.01,2.44,0.01,0.0
4.8770415830000005,0.08,2.46,0.01,0.01
4.878044154,0.01,2.45,0.0,0.0
4.879052000000001,0.0,2.43,0.01,0.02
4.880038605,0.0,2.43,0.0,0.01
4.881046039,0.0,2.43,0.0,0.0
4.882054504,0.0,2.43,0.01,0.0
4.883052161,0.0,2.43,0.0,0.0
4.884043866000001,0.0,2.43,0.01,0.0
4.885050768,0.0,2.43,0.01,0.0
4.886056087,0.01,2.43,0.01,0.01
4.888041948000001,0.0,2.42,0.0,0.0
4.889070493,0.0,2.43,0.0,0.0
4.8900508600000006,0.01,2.42,0.0,0.01
4.89105362,0.0,2.42,0.01,0.01
4.892042383000001,0.0,2.43,0.0,0.0
4.893046401,0.0,2.43,0.01,0.01
4.89404907,0.0,2.43,0.0,0.0
4.895055029,0.01,2.44,0.0,0.0
4.896043811,0.0,2.43,0.0,0.0
4.897048751000001,0.0,2.43,0.02,0.01
4.898114585,0.0,2.45,0.03,0.0
4.899177144,0.01,2.42,0.0,0.0
4.900096178,0.0,2.42,0.01,0.01
4.901066758000001,0.0,2.41,0.02,0.0
4.903043919,0.0,2.42,0.0,0.0
4.9040476690000006,0.0,2.41,0.0,0.0
4.905087294,0.0,2.41,0.0,0.01
4.906062616000001,0.0,2.4,0.03,0.0
4.9070493840000005,0.0,2.39,0.01,0.02
4.908042051000001,0.0,2.4,0.01,0.0
4.909042149,0.0,2.4,0.0,0.0
4.910047946000001,0.0,2.39,0.06,0.0
4.911036378,0.0,2.4,0.01,0.0
4.912048965,0.0,2.39,0.0,0.0
4.913056086,0.01,2.39,0.01,0.0
4.914051864,0.0,2.39,0.01,0.0
4.915052504,0.0,2.39,0.01,0.0
4.916110526000001,0.0,2.39,0.0,0.02
4.918038489000001,0.0,2.39,0.01,0.0
4.919069115,0.02,2.39,0.0,0.0
4.920042904000001,0.0,2.4,0.01,0.01
4.9210673190000005,0.0,2.4,0.01,0.0
4.922057284,0.0,2.39,0.0,0.0
4.92304925,0.0,2.4,0.01,0.0
4.9240633570000005,0.0,2.38,0.01,0.01
4.925052283,0.0,2.4,0.01,0.01
4.926047634000001,0.01,2.4,0.0,0.01
4.927051546,0.03,2.39,0.01,0.05
4.9280493210000005,0.01,2.41,0.05,0.0
4.929056976,0.0,2.4,0.0,0.0
4.930058215000001,0.03,2.39,0.0,0.0
4.931068037,0.01,2.42,0.01,0.0
4.932127133000001,0.0,2.4,0.01,0.0
4.934043451,0.0,2.4,0.0,0.01
4.935047212000001,0.0,2.39,0.01,0.0
4.936045183,0.02,2.4,0.02,0.0
4.937066099,0.01,2.41,0.0,0.0
4.93804686,0.0,2.4,0.01,0.0
4.939043992,0.0,2.4,0.01,0.05
4.940052565,0.0,2.41,0.01,0.0
4.941053744,0.0,2.4,0.0,0.0
4.942048196,0.0,2.4,0.01,0.0
4.943052795000001,0.0,2.4,0.0,0.0
4.9440994300000005,0.0,2.4,0.01,0.01
4.945050448,0.0,2.41,0.01,0.0
4.946050433,0.0,2.41,0.01,0.01
4.9470448760000005,0.0,2.4,0.01,0.01
4.949041008,0.0,2.41,0.0,0.0
4.9500480730000005,0.01,2.41,0.0,0.01
4.9510404910000005,0.01,2.4,0.0,0.0
4.95203837,0.0,2.41,0.0,0.0
4.953057283000001,0.0,2.4,0.0,0.0
4.954063802,0.0,2.38,0.0,0.0
4.955083883,0.0,2.42,0.0,0.01
4.956038607,0.01,2.41,0.01,0.0
4.957049987,0.02,2.41,0.01,0.0
4.958037336,0.0,2.41,0.0,0.0
4.959054644,0.01,2.41,0.0,0.0
4.9600763500000005,0.0,2.44,0.07,0.04
4.961054871,0.0,2.41,0.0,0.0
4.963117443000001,0.0,2.41,0.0,0.0
4.964047957,0.01,2.41,0.02,0.01
4.96504995,0.01,2.41,0.01,0.0
4.966035623000001,0.0,2.4,0.01,0.0
4.967051861000001,0.02,2.41,0.03,0.0
4.968037464,0.0,2.42,0.01,0.0
4.96906915,0.0,2.39,0.0,0.0
4.97005083,0.0,2.41,0.01,0.0
4.971048174,0.01,2.4,0.0,0.0
4.9720375830000005,0.01,2.41,0.0,0.0
4.973041961000001,0.0,2.41,0.0,0.01
4.974051817,0.02,2.41,0.01,0.0
4.975036728,0.0,2.4,0.01,0.0
4.976038901,0.0,2.41,0.0,0.0
4.977045029,0.01,2.41,0.0,0.01
4.978047878,0.01,2.41,0.01,0.0
4.980038163000001,0.03,2.41,0.01,0.0
4.981038496,0.0,2.42,0.01,0.0
4.982043678,0.0,2.36,0.01,0.0
4.983046913,0.0,2.42,0.0,0.0
4.984037016,0.0,2.41,0.0,0.0
4.9850607700000005,0.04,2.43,0.02,0.01
4.986038109,0.01,2.41,0.0,0.0
4.987037244000001,0.0,2.42,0.01,0.01
4.988037601,0.0,2.42,0.0,0.01
4.989042421000001,0.0,2.35,0.0,0.0
4.99006025,0.0,2.41,0.0,0.01
4.9910515570000005,0.0,2.42,0.0,0.0
4.9920441030000005,0.0,2.41,0.0,0.0
4.994040023,0.0,2.42,0.0,0.0
4.99504365,0.01,2.42,0.01,0.0
4.996050179,0.0,2.41,0.0,0.0
4.997043213,0.0,2.41,0.01,0.0
4.998062385,0.0,2.41,0.01,0.01
4.999048634,0.02,2.41,0.01,0.0
5.000055133,0.0,2.41,0.02,0.0
5.001067009000001,0.0,2.42,0.01,0.0
5.002053043,0.0,2.4,0.0,0.0
5.003055726,0.0,2.41,0.0,0.01
5.004040401,0.0,2.42,0.0,0.0
5.005047503,0.01,2.42,0.01,0.0
5.006042162,0.01,2.43,0.05,0.03
5.007129477,0.0,2.45,0.0,0.0
5.009035612,0.0,2.42,0.01,0.0
5.01003716,0.04,2.42,0.0,0.0
5.011038053,0.01,2.42,0.01,0.03
5.012037203,0.0,2.39,0.02,0.0
5.013038880000001,0.0,2.43,0.0,0.01
5.014038359000001,0.0,2.43,0.01,0.01
5.015045137,0.0,2.39,0.0,0.0
5.016037989,0.0,2.43,0.01,0.05
5.017064478,0.0,2.43,0.01,0.01
5.018080645,0.0,2.38,0.01,0.0
5.019049704,0.02,2.42,0.01,0.0
5.020042416,0.0,2.42,0.01,0.0
5.021098838,0.0,2.42,0.01,0.0
5.022147503,0.0,2.44,0.01,0.0
5.023149473,0.0,2.42,0.0,0.0
5.0250423070000005,0.0,2.4,0.01,0.0
5.026058225,0.0,2.43,0.01,0.0
5.027044837,0.0,2.42,0.0,0.0
5.028104545000001,0.0,2.43,0.01,0.0
5.029036364,0.0,2.43,0.0,0.0
5.030049069,0.0,2.42,0.0,0.02
5.031046853,0.01,2.42,0.0,0.01
5.032049236000001,0.0,2.42,0.0,0.0
5.033063223,0.01,2.43,0.01,0.0
5.03404802,0.0,2.41,0.0,0.0
5.035083328000001,0.01,2.41,0.01,0.0
5.036046447,0.0,2.43,0.0,0.0
5.0370465200000005,0.02,2.43,0.01,0.01
5.039041298,0.0,2.42,0.06,0.0
5.0400414620000005,0.0,2.42,0.01,0.0
5.041039053,0.01,2.41,0.01,0.0
5.042039491000001,0.0,2.41,0.0,0.0
5.043038245,0.0,2.41,0.01,0.0
5.04403938,0.0,2.41,0.0,0.01
5.045041369000001,0.01,2.41,0.01,0.0
5.046038769,0.0,2.41,0.01,0.0
5.047042938000001,0.0,2.41,0.0,0.0
5.048040279,0.0,2.41,0.0,0.0
5.0490625620000005,0.01,2.41,0.0,0.0
5.0500393610000005,0.0,2.41,0.01,0.0
5.051049424,0.0,2.41,0.0,0.0
5.052049461,0.0,2.4,0.0,0.0
5.05406579,0.0,2.41,0.0,0.0
5.055111279,0.01,2.4,0.01,0.0
5.056066642,0.0,2.4,0.05,0.0
5.05704398,0.01,2.41,0.0,0.0
5.058047652,0.0,2.4,0.03,0.03
5.059044899,0.0,2.4,0.0,0.0
5.0600354890000006,0.0,2.41,0.01,0.01
5.0610435240000005,0.0,2.44,0.0,0.0
5.062041243,0.0,2.4,0.0,0.0
5.0630435170000005,0.01,2.41,0.0,0.0
5.0640464110000005,0.0,2.42,0.01,0.01
5.0650660610000005,0.0,2.4,0.01,0.0
5.066048308,0.04,2.4,0.03,0.0
5.067052728,0.0,2.4,0.01,0.01
5.068049687,0.01,2.4,0.01,0.0
5.070038766000001,0.01,2.4,0.01,0.01
5.071037566,0.01,2.41,0.0,0.0
5.072037001,0.0,2.34,0.0,0.0
5.073050992000001,0.01,2.4,0.01,0.0
5.074047443,0.0,2.38,0.0,0.01
5.075043012,0.01,2.4,0.01,0.0
5.076055629000001,0.0,2.4,0.0,0.0
5.077083480000001,0.0,2.39,0.0,0.0
5.078046269000001,0.0,2.39,0.01,0.01
5.079043865,0.0,2.4,0.01,0.0
5.080038186,0.0,2.4,0.01,0.0
5.081056259,0.0,2.39,0.0,0.0
5.082051163,0.07,2.35,0.01,0.0
5.0830503700000005,0.01,2.39,0.01,0.0
5.085053906000001,0.0,2.4,0.0,0.0
5.086048663000001,0.0,2.4,0.02,0.0
5.087043544,0.0,2.4,0.0,0.01
5.088079858,0.0,2.34,0.0,0.01
5.0890409420000005,0.06,2.4,0.0,0.0
5.090043949,0.0,2.39,0.03,0.0
5.0910546860000006,0.0,2.39,0.01,0.0
5.092047338,0.0,2.39,0.01,0.01
5.093047043,0.02,2.38,0.0,0.0
5.094138930000001,0.0,2.39,0.02,0.0
5.095044892000001,0.0,2.38,0.0,0.0
5.09609265,0.0,2.39,0.0,0.0
5.0970574730000004,0.0,2.39,0.01,0.0
5.098053854000001,0.01,2.38,0.06,0.0
5.100038543,0.0,2.38,0.0,0.01
5.101038374000001,0.0,2.38,0.0,0.0
5.1020384110000006,0.0,2.38,0.01,0.0
5.103041626,0.0,2.39,0.02,0.0
5.104040110000001,0.0,2.39,0.01,0.0
5.105039129000001,0.01,2.38,0.0,0.03
5.106039194,0.02,2.45,0.0,0.02
5.107061567000001,0.0,2.38,0.02,0.0
5.1080507410000004,0.0,2.38,0.01,0.01
5.1091154560000005,0.0,2.38,0.0,0.0
5.11004023,0.0,2.39,0.0,0.0
5.111050352,0.01,2.38,0.01,0.0
5.112048355000001,0.01,2.38,0.0,0.0
5.114053424000001,0.01,2.38,0.01,0.0
5.115069601,0.0,2.34,0.0,0.01
5.1161463110000005,0.0,2.37,0.01,0.0
5.11705464,0.01,2.37,0.01,0.0
5.118073229,0.0,2.37,0.0,0.0
5.119061616000001,0.0,2.37,0.0,0.0
5.120049299000001,0.0,2.38,0.0,0.01
5.121128378000001,0.01,2.35,0.0,0.0
5.1220523280000005,0.02,2.35,0.01,0.01
5.123043442,0.0,2.35,0.01,0.0
5.124043633,0.01,2.35,0.01,0.0
5.125046545,0.01,2.36,0.02,0.0
5.126063213,0.0,2.34,0.01,0.0
5.127042611,0.0,2.35,0.03,0.0
5.128049605,0.01,2.35,0.01,0.01
5.130047809000001,0.0,2.35,0.04,0.01
5.131052844,0.0,2.36,0.01,0.0
5.132049898,0.01,2.36,0.0,0.0
5.1330496320000005,0.0,2.37,0.0,0.0
5.134048622,0.0,2.35,0.01,0.02
5.135043799,0.0,2.35,0.0,0.04
5.1360543640000005,0.0,2.35,0.01,0.0
5.137057203,0.01,2.35,0.01,0.0
5.138082516,0.01,2.35,0.01,0.01
5.1390449920000005,0.04,2.33,0.02,0.01
5.140046384000001,0.01,2.35,0.0,0.0
5.141083841,0.0,2.35,0.0,0.0
5.142052125,0.0,2.34,0.0,0.0
5.143049869,0.01,2.35,0.01,0.01
5.145063411000001,0.0,2.33,0.0,0.0
5.146053968,0.0,2.35,0.0,0.0
5.147098587,0.0,2.34,0.01,0.0
5.148070331,0.0,2.33,0.0,0.0
5.149047956,0.01,2.34,0.01,0.01
5.150050743,0.01,2.33,0.0,0.0
5.1510447710000005,0.0,2.34,0.0,0.0
5.152048476,0.0,2.34,0.0,0.0
5.153044811,0.0,2.34,0.0,0.01
5.154058563,0.0,2.34,0.01,0.0
5.155050975,0.0,2.35,0.01,0.0
5.156081843,0.0,2.35,0.0,0.0
5.157048542,0.01,2.33,0.0,0.0
5.1590427100000005,0.0,2.34,0.0,0.0
5.160048337,0.0,2.34,0.01,0.0
5.161100484,0.0,2.34,0.01,0.0
5.162052308000001,0.0,2.34,0.01,0.0
5.163046905000001,0.0,2.35,0.01,0.0
5.164048264000001,0.0,2.33,0.01,0.01
5.165052883,0.01,2.35,0.0,0.0
5.166116683,0.0,2.35,0.0,0.0
5.167040911,0.0,2.34,0.0,0.0
5.168046358000001,0.0,2.34,0.01,0.0
5.169050308,0.0,2.34,0.01,0.0
5.170050699,0.01,2.34,0.0,0.0
5.171048503000001,0.0,2.34,0.01,0.0
5.172049038,0.0,2.35,0.0,0.0
5.17312775,0.0,2.34,0.01,0.0
5.175046200000001,0.01,2.32,0.0,0.0
5.1760515730000005,0.0,2.38,0.01,0.01
5.1770996060000005,0.0,2.34,0.01,0.0
5.17804647,0.0,2.38,0.01,0.0
5.179055338,0.01,2.34,0.01,0.01
5.180063399000001,0.01,2.34,0.01,0.01
5.181108368,0.0,2.33,0.01,0.0
5.1820539100000005,0.0,2.34,0.01,0.0
5.183054675,0.01,2.34,0.0,0.0
5.1840545790000006,0.02,2.31,0.0,0.0
5.185037863000001,0.0,2.33,0.01,0.0
5.186055442000001,0.0,2.35,0.03,0.0
5.187110752000001,0.0,2.35,0.01,0.01
5.189034534,0.0,2.36,0.0,0.0
5.190042333,0.0,2.35,0.01,0.02
5.191097004,0.0,2.34,0.09,0.01
5.192104549000001,0.0,2.34,0.01,0.0
5.193042847,0.01,2.34,0.01,0.0
5.194043457,0.0,2.34,0.0,0.0
5.195035908,0.0,2.35,0.01,0.0
5.196038937,0.0,2.35,0.0,0.0
5.197035101,0.0,2.34,0.01,0.0
5.198037273000001,0.03,2.35,0.0,0.01
5.199037703,0.0,2.35,0.0,0.0
5.200043828,0.01,2.35,0.0,0.0
5.2010876790000005,0.0,2.34,0.01,0.0
5.20203943,0.0,2.34,0.01,0.0
5.2030467940000005,0.01,2.34,0.0,0.0
5.205036796,0.01,2.34,0.0,0.01
5.206047149000001,0.0,2.35,0.01,0.0
5.2070538420000005,0.01,2.35,0.01,0.0
5.208087333,0.0,2.34,0.0,0.0
5.209086808,0.03,2.34,0.01,0.01
5.210267153,0.0,2.31,0.0,0.02
5.211043425000001,0.0,2.33,0.0,0.0
5.212056705,0.0,2.35,0.01,0.0
5.213054499,0.0,2.34,0.0,0.06
5.214056363,0.0,2.32,0.01,0.0
5.215121024,0.01,2.3,0.05,0.01
5.21603829,0.01,2.36,0.01,0.01
5.217040374000001,0.01,2.36,0.0,0.0
5.218049468,0.0,2.34,0.01,0.0
5.2190617050000006,0.0,2.34,0.0,0.0
5.221084888,0.05,2.35,0.0,0.01
5.222039743000001,0.0,2.35,0.0,0.0
5.223038189,0.0,2.34,0.02,0.0
5.224096671000001,0.0,2.35,0.0,0.01
5.225047183,0.03,2.35,0.01,0.0
5.2260384570000005,0.01,2.36,0.0,0.0
5.227038635,0.0,2.34,0.0,0.0
5.228041389,0.0,2.36,0.01,0.01
5.229080415,0.03,2.34,0.03,0.0
5.230048131,0.01,2.37,0.0,0.01
5.231092402000001,0.0,2.35,0.01,0.0
5.23204019,0.0,2.34,0.0,0.0
5.233041834000001,0.0,2.35,0.01,0.01
5.234044127000001,0.0,2.35,0.0,0.01
5.236046909000001,0.0,2.35,0.0,0.0
5.237041689000001,0.0,2.35,0.0,0.0
5.238056459,0.0,2.35,0.0,0.01
5.239078923,0.0,2.35,0.0,0.01
5.240058073,0.0,2.36,0.0,0.0
5.2410778140000005,0.01,2.35,0.0,0.0
5.242115535,0.01,2.35,0.0,0.0
5.24305337,0.01,2.35,0.0,0.0
5.244103911000001,0.0,2.35,0.0,0.01
5.245043579000001,0.02,2.35,0.0,0.0
5.246042197,0.02,2.34,0.01,0.03
5.247046854000001,0.07,2.35,0.02,0.01
5.248048629,0.02,2.36,0.01,0.0
5.250040887,0.0,2.35,0.0,0.0
5.25104523,0.02,2.32,0.0,0.0
5.252042377,0.0,2.35,0.01,0.0
5.25304753,0.01,2.35,0.0,0.0
5.254037007,0.0,2.35,0.02,0.01
5.25503913,0.0,2.34,0.0,0.01
5.256083224,0.06,2.35,0.01,0.0
5.257056663,0.0,2.35,0.0,0.0
5.25803738,0.0,2.35,0.0,0.05
5.259037237,0.0,2.35,0.01,0.01
5.260037298,0.0,2.37,0.0,0.01
5.261037012,0.0,2.35,0.0,0.0
5.262046356,0.0,2.35,0.0,0.01
5.263039026,0.0,2.36,0.05,0.0
5.264048445,0.0,2.35,0.01,0.01
5.266042438,0.01,2.34,0.02,0.0
5.267042591,0.0,2.34,0.0,0.0
5.268043427,0.01,2.35,0.0,0.0
5.269057179000001,0.0,2.34,0.01,0.0
5.270083909,0.0,2.35,0.0,0.0
5.271079026000001,0.0,2.34,0.01,0.01
5.272135155,0.01,2.35,0.01,0.0
5.273118202,0.0,2.36,0.01,0.0
5.274057741,0.0,2.35,0.0,0.0
5.275066293,0.01,2.35,0.0,0.0
5.276108211,0.01,2.35,0.0,0.02
5.277062213000001,0.01,2.35,0.0,0.0
5.278055431,0.01,2.35,0.02,0.0
5.27905067,0.0,2.35,0.01,0.01
5.281132858,0.0,2.35,0.01,0.01
5.282052495,0.0,2.35,0.01,0.0
5.283051419,0.0,2.35,0.0,0.0
5.284043299,0.0,2.35,0.0,0.0
5.285042367,0.0,2.34,0.01,0.01
5.286052992,0.0,2.35,0.0,0.0
5.2870451570000006,0.0,2.35,0.0,0.02
5.288087052000001,0.0,2.35,0.0,0.01
5.289054977,0.0,2.32,0.0,0.01
5.29005278,0.02,2.39,0.01,0.0
5.291140053,0.0,2.35,0.0,0.0
5.292121777,0.0,2.35,0.0,0.0
5.293128493,0.01,2.37,0.01,0.01
5.294049677,0.0,2.37,0.0,0.02
5.29604396,0.0,2.35,0.0,0.0
5.297044031,0.01,2.37,0.01,0.0
5.298049286,0.01,2.35,0.0,0.0
5.299047339,0.0,2.35,0.03,0.0
5.300062691,0.03,2.35,0.0,0.0
5.301053975,0.0,2.35,0.0,0.06
5.302045103,0.0,2.35,0.0,0.01
5.303062477,0.0,2.35,0.0,0.01
5.304112358,0.0,2.33,0.01,0.02
5.305073513,0.0,2.35,0.01,0.01
5.306063087,0.0,2.35,0.01,0.0
5.307061968,0.0,2.35,0.0,0.01
5.308058622,0.05,2.32,0.03,0.0
5.309046745000001,0.0,2.35,0.0,0.02
5.311040331,0.0,2.35,0.01,0.0
5.312043213,0.0,2.35,0.0,0.01
5.313099387,0.0,2.35,0.0,0.0
5.31405274,0.0,2.35,0.0,0.01
5.315053259,0.01,2.36,0.04,0.09
5.316042641,0.0,2.35,0.01,0.0
5.317049124,0.0,2.35,0.0,0.0
5.318044034000001,0.0,2.33,0.0,0.0
5.3190453070000006,0.01,2.35,0.0,0.0
5.320043369,0.0,2.35,0.0,0.0
5.321104749000001,0.01,2.35,0.02,0.0
5.322096651000001,0.0,2.35,0.0,0.0
5.323047496,0.0,2.33,0.01,0.0
5.324049223,0.0,2.35,0.02,0.0
5.325047264,0.0,2.35,0.01,0.0
5.327046776,0.0,2.34,0.01,0.0
5.328176611,0.0,2.35,0.01,0.01
5.329041644,0.0,2.35,0.0,0.0
5.330047984,0.04,2.34,0.0,0.0
5.331053175,0.03,2.35,0.01,0.01
5.332046011,0.0,2.35,0.0,0.0
5.333063976,0.0,2.35,0.01,0.0
5.334064993,0.01,2.35,0.02,0.0
5.335056302,0.01,2.35,0.0,0.0
5.336048020000001,0.0,2.33,0.0,0.0
5.337054707,0.0,2.35,0.0,0.0
5.338046837,0.0,2.35,0.01,0.01
5.339052049,0.03,2.37,0.01,0.0
5.340113814,0.01,2.41,0.0,0.02
5.342039645000001,0.0,2.35,0.0,0.0
5.3430435450000004,0.0,2.35,0.0,0.0
5.3440418890000005,0.01,2.34,0.01,0.0
5.345047365,0.0,2.35,0.01,0.0
5.346052403000001,0.01,2.35,0.01,0.0
5.347045216000001,0.0,2.34,0.04,0.0
5.348041515,0.0,2.35,0.01,0.01
5.349094157000001,0.0,2.35,0.0,0.02
5.350046854,0.02,2.35,0.0,0.01
5.3510453170000005,0.0,2.35,0.01,0.0
5.352042325,0.0,2.35,0.0,0.01
5.353054136,0.0,2.33,0.01,0.01
5.354062988,0.0,2.36,0.01,0.01
5.355049598,0.0,2.35,0.01,0.0
5.357148124,0.0,2.34,0.0,0.0
5.358051434,0.06,2.32,0.04,0.02
5.359048399000001,0.0,2.35,0.0,0.01
5.360047157,0.0,2.35,0.01,0.01
5.3610416050000005,0.0,2.35,0.01,0.01
5.362052269,0.0,2.35,0.0,0.0
5.3630518700000005,0.01,2.31,0.01,0.1
5.364067788000001,0.0,2.36,0.0,0.0
5.36505901,0.0,2.35,0.0,0.0
5.366053464,0.0,2.35,0.01,0.0
5.367042434,0.01,2.35,0.01,0.0
5.3680468580000005,0.0,2.35,0.01,0.01
5.369120059,0.0,2.35,0.01,0.01
5.370053716,0.0,2.32,0.01,0.0
5.3720391460000005,0.02,2.33,0.01,0.0
5.3730433,0.01,2.35,0.0,0.01
5.37404579,0.0,2.34,0.0,0.02
5.375042827000001,0.0,2.35,0.0,0.0
5.3760744030000005,0.0,2.35,0.0,0.0
5.3770424530000005,0.01,2.35,0.01,0.0
5.378048524,0.02,2.34,0.0,0.0
5.3790481980000004,0.0,2.36,0.01,0.02
5.380045873,0.0,2.35,0.01,0.0
5.381048035,0.0,2.35,0.03,0.0
5.382043462,0.01,2.34,0.01,0.0
5.383053729,0.0,2.35,0.02,0.01
5.384044827,0.01,2.34,0.0,0.0
5.385055641,0.02,2.35,0.0,0.01
5.387065022000001,0.0,2.38,0.0,0.0
5.38806831,0.01,2.35,0.0,0.0
5.389048151,0.01,2.36,0.0,0.0
5.3900594040000005,0.0,2.35,0.0,0.02
5.391063614,0.0,2.36,0.01,0.0
5.392067741,0.0,2.35,0.0,0.0
5.393130091000001,0.01,2.34,0.0,0.0
5.394114506,0.01,2.35,0.0,0.0
5.395065812,0.0,2.34,0.01,0.01
5.396070742,0.0,2.35,0.01,0.0
5.397162001000001,0.0,2.35,0.0,0.0
5.39805646,0.01,2.35,0.01,0.0
5.399056475,0.0,2.35,0.0,0.0
5.400060548,0.0,2.35,0.01,0.0
5.401070836000001,0.0,2.35,0.01,0.0
5.403090853,0.01,2.35,0.01,0.01
5.404044692,0.0,2.35,0.0,0.0
5.40504822,0.01,2.35,0.01,0.0
5.406049540000001,0.0,2.35,0.0,0.0
5.40704714,0.0,2.36,0.0,0.0
5.40804371,0.01,2.35,0.0,0.0
5.4090407460000005,0.0,2.33,0.03,0.0
5.410050391,0.0,2.35,0.01,0.0
5.411049678,0.0,2.41,0.0,0.01
5.412044012,0.01,2.35,0.01,0.0
5.4130484270000006,0.0,2.36,0.02,0.02
5.414049977,0.0,2.35,0.01,0.0
5.415047277,0.0,2.33,0.01,0.0
5.417166891,0.03,2.34,0.01,0.03
5.418046707,0.0,2.35,0.02,0.0
5.419053506,0.01,2.35,0.03,0.04
5.420041824,0.0,2.35,0.01,0.01
5.421051143000001,0.0,2.35,0.01,0.0
5.422051501,0.0,2.35,0.01,0.0
5.423068697000001,0.01,2.35,0.01,0.01
5.424052345000001,0.01,2.35,0.01,0.0
5.425104725000001,0.0,2.33,0.01,0.02
5.426046482,0.0,2.35,0.0,0.0
5.427063407,0.0,2.35,0.01,0.0
5.428059515,0.0,2.35,0.0,0.0
5.429045278,0.0,2.34,0.02,0.0
5.430052687000001,0.0,2.35,0.01,0.01
5.4320521170000005,0.0,2.35,0.01,0.0
5.4331436040000005,0.0,2.35,0.0,0.0
5.434062665,0.01,2.35,0.01,0.0
5.435047667,0.0,2.35,0.03,0.0
5.4360660350000005,0.01,2.35,0.0,0.01
5.437044451,0.0,2.34,0.0,0.0
5.438046155,0.0,2.35,0.0,0.0
5.439039169,0.01,2.35,0.0,0.0
5.440037574000001,0.05,2.34,0.01,0.0
5.441045573,0.0,2.35,0.01,0.0
5.442043469000001,0.0,2.34,0.0,0.0
5.443055846,0.0,2.35,0.01,0.0
5.4440442860000005,0.0,2.35,0.0,0.0
5.445047563,0.0,2.35,0.0,0.0
5.447046366,0.01,2.35,0.0,0.0
5.448048246,0.0,2.35,0.0,0.01
5.449052953000001,0.0,2.38,0.0,0.01
5.450047916,0.01,2.35,0.01,0.0
5.451048023,0.0,2.35,0.02,0.0
5.452043188,0.0,2.35,0.01,0.0
5.453050987,0.0,2.35,0.0,0.0
5.454046955,0.01,2.37,0.0,0.0
5.4550518640000005,0.05,2.33,0.01,0.01
5.456096306,0.0,2.33,0.0,0.09
5.4570700290000005,0.0,2.35,0.0,0.0
5.458072271000001,0.01,2.35,0.0,0.0
5.459070918,0.0,2.35,0.02,0.0
5.461055460000001,0.0,2.35,0.0,0.0
5.462050593000001,0.0,2.35,0.0,0.0
5.463048279000001,0.01,2.35,0.0,0.0
5.464042246,0.0,2.33,0.01,0.01
5.465059609000001,0.0,2.35,0.0,0.0
5.466049796,0.0,2.35,0.03,0.0
5.4670588790000005,0.01,2.35,0.0,0.01
5.468045586000001,0.02,2.35,0.0,0.0
5.469052757,0.01,2.35,0.01,0.05
5.4703526280000005,0.0,2.35,0.0,0.0
5.471073413,0.0,2.35,0.0,0.0
5.472104623000001,0.01,2.35,0.0,0.0
5.473111826,0.01,2.35,0.01,0.0
5.474114435000001,0.0,2.35,0.0,0.0
5.475122547000001,0.0,2.34,0.01,0.01
5.4771110190000005,0.0,2.35,0.02,0.0
5.478106421000001,0.01,2.35,0.01,0.0
5.479100504000001,0.0,2.33,0.01,0.0
5.480099500000001,0.01,2.35,0.01,0.0
5.48109622,0.0,2.35,0.0,0.0
5.4821132740000005,0.07,2.37,0.01,0.0
5.483098307000001,0.0,2.35,0.0,0.0
5.484108770000001,0.01,2.35,0.0,0.0
5.485122706,0.01,2.35,0.01,0.0
5.4860590600000005,0.0,2.36,0.0,0.0
5.487141184,0.0,2.35,0.01,0.0
5.48820511,0.0,2.34,0.0,0.12
5.489078357,0.01,2.35,0.0,0.0
5.490187046,0.0,2.38,0.01,0.0
5.492042766,0.01,2.35,0.01,0.0
5.493040709000001,0.0,2.35,0.01,0.0
5.494043412,0.01,2.35,0.0,0.0
5.495038517,0.01,2.35,0.01,0.0
5.496037317000001,0.03,2.35,0.02,0.01
5.497140996000001,0.04,2.35,0.01,0.0
5.4982547120000005,0.0,2.35,0.0,0.04
5.4992130470000005,0.01,2.33,0.0,0.01
5.500048084,0.0,2.36,0.03,0.06
5.501054359,0.0,2.35,0.0,0.0
5.502092135000001,0.0,2.35,0.01,0.0
5.503159892,0.01,2.34,0.02,0.0
5.504059338,0.0,2.35,0.0,0.01
5.505060445000001,0.01,2.35,0.01,0.0
5.507051601000001,0.01,2.34,0.0,0.0
5.5080452630000005,0.0,2.35,0.0,0.0
5.5090584510000005,0.0,2.36,0.0,0.0
5.510055196000001,0.0,2.35,0.0,0.0
5.511059537,0.0,2.35,0.0,0.0
5.512049988,0.0,2.35,0.0,0.0
5.513071783,0.0,2.35,0.0,0.0
5.514071196000001,0.01,2.35,0.01,0.0
5.515051636,0.0,2.35,0.0,0.0
5.516048707,0.0,2.35,0.0,0.0
5.517054160000001,0.0,2.37,0.02,0.0
5.518067594000001,0.0,2.35,0.02,0.03
5.519051566,0.0,2.35,0.01,0.0
5.520048144,0.0,2.35,0.0,0.0
5.521143927000001,0.0,2.35,0.01,0.0
5.52205484,0.0,2.35,0.0,0.0
5.5240630930000005,0.01,2.36,0.01,0.0
5.525052643,0.0,2.35,0.0,0.01
5.526064573,0.0,2.35,0.0,0.0
5.527076964,0.0,2.35,0.0,0.02
5.528040092,0.0,2.35,0.01,0.0
5.529050962,0.0,2.35,0.0,0.0
5.530037427000001,0.01,2.35,0.01,0.0
5.5310383750000005,0.0,2.35,0.0,0.0
5.532038744,0.01,2.35,0.0,0.03
5.533047451000001,0.01,2.34,0.01,0.0
5.534046098,0.0,2.35,0.02,0.12
5.535047125,0.01,2.35,0.0,0.01
5.536042849,0.0,2.35,0.0,0.02
5.538035592,0.0,2.36,0.02,0.02
5.539041696,0.05,2.36,0.0,0.03
5.540041461,0.0,2.35,0.0,0.0
5.541036734,0.01,2.35,0.0,0.0
5.542038504000001,0.0,2.35,0.0,0.0
5.543039683,0.01,2.35,0.0,0.0
5.5440400940000005,0.01,2.35,0.0,0.0
5.545057775,0.0,2.35,0.0,0.0
5.546038448,0.0,2.35,0.0,0.0
5.547053812000001,0.0,2.35,0.01,0.01
5.548138505000001,0.01,2.35,0.0,0.0
5.549111192000001,0.0,2.35,0.01,0.01
5.5500538420000005,0.0,2.35,0.01,0.0
5.552039998000001,0.0,2.34,0.08,0.02
5.553036634000001,0.01,2.35,0.01,0.0
5.554041547000001,0.01,2.35,0.01,0.0
5.5550434410000005,0.0,2.35,0.01,0.0
5.556041255,0.0,2.35,0.01,0.0
5.5570414150000005,0.01,2.35,0.01,0.0
5.558039013,0.0,2.36,0.01,0.0
5.559042648,0.01,2.35,0.0,0.01
5.560044483,0.0,2.35,0.01,0.0
5.56115894,0.0,2.35,0.0,0.0
5.5621310710000005,0.0,2.35,0.01,0.01
5.563042095,0.0,2.34,0.0,0.01
5.564056017,0.0,2.33,0.06,0.02
5.565047364000001,0.0,2.35,0.0,0.0
5.566050873,0.01,2.34,0.03,0.0
5.568047995000001,0.01,2.37,0.0,0.02
5.569052178000001,0.0,2.36,0.0,0.01
5.570049040000001,0.01,2.35,0.01,0.0
5.571045471000001,0.0,2.35,0.02,0.05
5.572049989,0.0,2.33,0.0,0.0
5.573103964,0.0,2.35,0.01,0.0
5.574050944000001,0.0,2.35,0.02,0.0
5.5751010690000005,0.0,2.35,0.0,0.0
5.5760455360000005,0.0,2.35,0.0,0.0
5.57705418,0.0,2.35,0.0,0.0
5.57808709,0.0,2.36,0.0,0.0
5.579055638000001,0.0,2.35,0.0,0.0
5.580165848,0.02,2.35,0.0,0.01
5.581053089,0.03,2.35,0.01,0.0
5.5821262670000005,0.0,2.35,0.03,0.02
5.5831439540000005,0.0,2.35,0.01,0.0
5.585041042,0.0,2.35,0.0,0.0
5.586111272,0.0,2.35,0.01,0.0
5.5870454700000005,0.0,2.35,0.01,0.0
5.58803798,0.0,2.35,0.0,0.03
5.589042511000001,0.02,2.35,0.02,0.0
5.590038016,0.0,2.35,0.0,0.0
5.591036732,0.0,2.35,0.0,0.0
5.592111738000001,0.0,2.35,0.01,0.0
5.593154166000001,0.0,2.34,0.01,0.0
5.594055887000001,0.04,2.4,0.0,0.0
5.595057581000001,0.01,2.35,0.0,0.0
5.5960533880000005,0.0,2.35,0.0,0.0
5.598058582,0.0,2.35,0.0,0.02
5.599042729000001,0.0,2.37,0.0,0.01
5.600042235,0.0,2.35,0.0,0.0
5.601098199,0.0,2.35,0.01,0.0
5.60204587,0.0,2.35,0.0,0.0
5.603045224000001,0.0,2.35,0.0,0.0
5.604041884,0.0,2.35,0.0,0.0
5.605037934,0.0,2.35,0.0,0.01
5.6060365800000005,0.0,2.35,0.02,0.0
5.607063858,0.0,2.35,0.0,0.0
5.608059034,0.02,2.34,0.0,0.0
5.609159641000001,0.01,2.35,0.0,0.0
5.6100485980000006,0.03,2.34,0.03,0.0
5.611045421,0.0,2.35,0.0,0.01
5.6130462450000005,0.0,2.36,0.0,0.05
5.614331482000001,0.0,2.35,0.01,0.01
5.615059598,0.0,2.38,0.0,0.0
5.616045894,0.01,2.35,0.02,0.01
5.617039193,0.0,2.35,0.0,0.0
5.618044115,0.02,2.35,0.09,0.0
5.619050492,0.01,2.35,0.01,0.0
5.6200424270000005,0.01,2.34,0.02,0.0
5.621045595,0.0,2.35,0.0,0.03
5.622046569,0.0,2.35,0.0,0.0
5.623127116,0.0,2.35,0.02,0.0
5.624048443,0.01,2.35,0.0,0.0
5.625052572,0.0,2.35,0.01,0.0
5.626048698,0.01,2.35,0.0,0.0
5.627047532000001,0.02,2.35,0.02,0.0
5.6290380650000005,0.01,2.35,0.01,0.0
5.630035687,0.0,2.35,0.01,0.08
5.6310740710000005,0.0,2.35,0.0,0.0
5.632045609,0.01,2.35,0.0,0.0
5.633045513000001,0.0,2.35,0.01,0.0
5.634043558,0.0,2.34,0.0,0.01
5.635045784000001,0.0,2.34,0.0,0.01
5.636044204,0.01,2.35,0.0,0.0
5.637051578,0.0,2.35,0.01,0.0
5.638049127,0.0,2.35,0.0,0.03
5.63905833,0.0,2.35,0.01,0.0
5.640095781,0.0,2.35,0.01,0.01
5.641084277,0.0,2.35,0.0,0.0
5.642052436,0.01,2.35,0.01,0.0
5.644059028,0.01,2.35,0.01,0.04
5.645057079000001,0.0,2.36,0.0,0.0
5.646062352,0.01,2.35,0.0,0.0
5.647051971000001,0.0,2.35,0.01,0.03
5.648048555,0.0,2.35,0.0,0.0
5.64908035,0.0,2.35,0.0,0.0
5.6500455810000005,0.0,2.31,0.0,0.02
5.6510433010000005,0.0,2.35,0.0,0.0
5.652108289,0.0,2.35,0.01,0.0
5.653047759000001,0.0,2.35,0.01,0.03
5.654105048,0.0,2.35,0.01,0.0
5.655046241,0.01,2.28,0.0,0.01
5.65604875,0.0,2.34,0.0,0.0
5.657050704,0.0,2.35,0.01,0.01
5.659038862,0.0,2.35,0.01,0.01
5.660147895000001,0.0,2.35,0.01,0.0
5.661052265,0.0,2.35,0.0,0.0
5.662044010000001,0.01,2.36,0.0,0.01
5.663054129000001,0.0,2.35,0.0,0.0
5.664100681000001,0.01,2.35,0.01,0.0
5.665052692000001,0.0,2.35,0.01,0.03
5.666053718000001,0.0,2.35,0.03,0.0
5.6670455660000005,0.0,2.36,0.0,0.0
5.6680480090000005,0.0,2.34,0.01,0.0
5.669046633000001,0.01,2.35,0.01,0.0
5.670054759,0.0,2.35,0.01,0.0
5.671061770000001,0.0,2.35,0.01,0.0
5.672085732,0.0,2.35,0.0,0.02
5.674071693,0.01,2.35,0.0,0.0
5.675077706000001,0.0,2.34,0.0,0.0
5.676046189,0.0,2.35,0.0,0.0
5.677040721,0.0,2.33,0.0,0.0
5.678055106,0.0,2.35,0.01,0.0
5.679042669,0.01,2.35,0.0,0.01
5.680034502000001,0.0,2.35,0.0,0.0
5.681033885000001,0.05,2.28,0.1,0.01
5.682042576000001,0.0,2.35,0.0,0.0
5.683038772000001,0.01,2.35,0.01,0.0
5.684036434,0.0,2.35,0.0,0.0
5.6850486490000005,0.0,2.36,0.0,0.01
5.686053105,0.0,2.35,0.0,0.0
5.687056543000001,0.0,2.35,0.0,0.01
5.689049160000001,0.0,2.35,0.01,0.0
5.690049201000001,0.0,2.35,0.0,0.05
5.691035763,0.0,2.35,0.0,0.0
5.692048945000001,0.01,2.35,0.02,0.0
5.693042641000001,0.0,2.36,0.03,0.01
5.6940591210000004,0.0,2.35,0.01,0.0
5.695046639,0.0,2.38,0.01,0.02
5.696037413,0.01,2.36,0.0,0.01
5.697050643000001,0.0,2.31,0.0,0.01
5.698039546,0.0,2.35,0.0,0.0
5.699039151,0.0,2.35,0.0,0.0
5.7000508000000005,0.02,2.35,0.01,0.01
5.701051116,0.0,2.35,0.0,0.0
5.702053353,0.0,2.34,0.01,0.0
5.70405447,0.0,2.35,0.0,0.01
5.705058164,0.0,2.35,0.0,0.0
5.706140052,0.0,2.35,0.0,0.0
5.707049131000001,0.0,2.36,0.03,0.0
5.70805071,0.01,2.35,0.0,0.0
5.709041781000001,0.01,2.35,0.01,0.0
5.7100359460000005,0.0,2.34,0.01,0.0
5.711040391,0.0,2.35,0.0,0.0
5.712035049000001,0.0,2.35,0.0,0.0
5.713047872000001,0.0,2.35,0.01,0.0
5.71403866,0.01,2.31,0.0,0.0
5.715038522,0.0,2.35,0.0,0.0
5.716041221,0.0,2.35,0.0,0.0
5.717035353,0.0,2.35,0.0,0.0
5.718035352,0.0,2.35,0.01,0.0
5.72003443,0.0,2.35,0.01,0.0
5.721044087,0.0,2.35,0.0,0.0
5.722034998000001,0.0,2.34,0.0,0.01
5.723044435,0.0,2.34,0.02,0.01
5.724035754,0.0,2.35,0.01,0.0
5.725035097,0.0,2.34,0.0,0.0
5.72603428,0.06,2.34,0.02,0.0
5.727045213,0.0,2.37,0.0,0.03
5.728044853,0.0,2.34,0.01,0.0
5.729042195000001,0.01,2.35,0.0,0.0
5.730042705000001,0.01,2.35,0.0,0.0
5.731057413,0.01,2.3,0.0,0.0
5.733047157000001,0.0,2.36,0.01,0.0
5.734064135000001,0.0,2.35,0.0,0.01
5.735056045,0.0,2.35,0.01,0.0
5.736045768,0.0,2.36,0.01,0.0
5.73705145,0.01,2.35,0.0,0.0
5.7380554980000005,0.01,2.35,0.0,0.0
5.739047464,0.0,2.35,0.01,0.0
5.740050986,0.0,2.34,0.0,0.0
5.741045252,0.01,2.35,0.02,0.02
5.742051825000001,0.0,2.36,0.01,0.0
5.743046614000001,0.0,2.33,0.01,0.0
5.744112827,0.0,2.35,0.0,0.0
5.745047512,0.0,2.34,0.0,0.0
5.746044328,0.0,2.35,0.0,0.0
5.747053709,0.01,2.35,0.01,0.0
5.748055015,0.01,2.36,0.0,0.0
5.749048555000001,0.0,2.35,0.01,0.0
5.75104595,0.0,2.35,0.01,0.01
5.752055197000001,0.01,2.34,0.0,0.0
5.753052136,0.0,2.35,0.01,0.0
5.754046006,0.12,2.34,0.0,0.01
5.755042273,0.0,2.35,0.01,0.0
5.756104492,0.0,2.36,0.0,0.0
5.7570415960000005,0.0,2.35,0.0,0.0
5.758044711,0.01,2.35,0.0,0.01
5.759049630000001,0.0,2.35,0.0,0.01
5.760051683,0.01,2.34,0.0,0.0
5.761057748000001,0.0,2.35,0.01,0.0
5.7620434320000005,0.0,2.34,0.0,0.01
5.763054417,0.01,2.34,0.01,0.0
5.764066410000001,0.0,2.35,0.02,0.0
5.76610435,0.0,2.35,0.01,0.0
5.7670471480000005,0.0,2.37,0.01,0.0
5.768040662000001,0.0,2.35,0.0,0.0
5.7691196520000005,0.0,2.35,0.01,0.0
5.770096399000001,0.0,2.3,0.09,0.0
5.771052342,0.0,2.35,0.01,0.0
5.7720438530000004,0.0,2.35,0.0,0.0
5.773049038000001,0.0,2.35,0.0,0.0
5.774042419000001,0.02,2.35,0.0,0.0
5.775045046000001,0.0,2.35,0.03,0.0
5.776049735,0.01,2.37,0.0,0.0
5.7770636380000004,0.0,2.34,0.01,0.01
5.7780535330000005,0.0,2.35,0.01,0.0
5.780044313,0.01,2.32,0.01,0.0
5.781042122000001,0.0,2.35,0.01,0.05
5.782046344,0.01,2.35,0.0,0.0
5.783097276,0.0,2.34,0.02,0.01
5.784047630000001,0.0,2.35,0.01,0.01
5.785068140000001,0.03,2.35,0.02,0.0
5.786047838,0.0,2.36,0.0,0.0
5.787044290000001,0.03,2.37,0.04,0.0
5.788049363000001,0.0,2.35,0.01,0.0
5.789045882,0.0,2.35,0.02,0.0
5.790120529,0.0,2.35,0.01,0.0
5.7910503250000005,0.01,2.35,0.0,0.0
5.7920538210000005,0.0,2.34,0.0,0.0
5.79304766,0.01,2.35,0.01,0.0
5.7950450810000005,0.0,2.35,0.01,0.01
5.796065294,0.01,2.35,0.0,0.0
5.797137861,0.0,2.35,0.01,0.01
5.798067739,0.0,2.35,0.0,0.0
5.799064148,0.0,2.35,0.01,0.0
5.800047097,0.0,2.36,0.01,0.01
5.80116107,0.0,2.35,0.0,0.0
5.802057081,0.0,2.34,0.01,0.0
5.803131885,0.0,2.36,0.0,0.0
5.804053863,0.0,2.35,0.01,0.0
5.80505108,0.02,2.35,0.01,0.0
5.806044867000001,0.01,2.36,0.0,0.0
5.807057993,0.04,2.34,0.01,0.06
5.808050517000001,0.01,2.35,0.01,0.01
5.810047148000001,0.01,2.36,0.0,0.0
5.811050194000001,0.0,2.35,0.0,0.05
5.812045935,0.02,2.35,0.01,0.0
5.813047726000001,0.01,2.35,0.01,0.0
5.814035148,0.0,2.35,0.0,0.0
5.815049459,0.0,2.35,0.02,0.0
5.816052949,0.01,2.35,0.01,0.0
5.817050944,0.0,2.35,0.01,0.0
5.818049896000001,0.0,2.34,0.01,0.0
5.819046279,0.0,2.35,0.01,0.0
5.820051377,0.0,2.33,0.0,0.01
5.821049801,0.0,2.35,0.0,0.01
5.822053645,0.01,2.38,0.0,0.0
5.823054827,0.01,2.36,0.0,0.0
5.825075454,0.0,2.36,0.0,0.0
5.826043747,0.0,2.35,0.0,0.0
5.827062179,0.01,2.35,0.0,0.0
5.82805642,0.01,2.35,0.0,0.0
5.829066288,0.01,2.35,0.0,0.0
5.830100682,0.01,2.35,0.0,0.01
5.831065519,0.0,2.35,0.0,0.0
5.832050845,0.0,2.35,0.0,0.0
5.833055978,0.0,2.35,0.01,0.01
5.834058979,0.0,2.35,0.01,0.0
5.835041960000001,0.0,2.36,0.01,0.0
5.8360630890000005,0.01,2.34,0.0,0.0
5.837036623,0.0,2.35,0.0,0.0
5.8380480960000005,0.0,2.34,0.01,0.02
5.839057052,0.0,2.36,0.02,0.0
5.840054458,0.0,2.35,0.0,0.0
5.8420446660000005,0.0,2.37,0.02,0.0
5.84305256,0.0,2.35,0.03,0.01
5.844048606,0.01,2.35,0.0,0.0
5.845103301,0.0,2.34,0.0,0.0
5.846123577,0.0,2.32,0.01,0.0
5.847044384,0.0,2.35,0.0,0.03
5.848047764,0.0,2.38,0.0,0.01
5.849089351,0.01,2.35,0.0,0.0
5.850121398000001,0.01,2.35,0.0,0.01
5.8511147690000005,0.0,2.35,0.0,0.01
5.8520462030000004,0.0,2.35,0.01,0.0
5.8530434520000005,0.01,2.35,0.01,0.01
5.854054415,0.0,2.35,0.04,0.0
5.8550502710000005,0.0,2.35,0.0,0.0
5.857057494,0.01,2.35,0.01,0.04
5.858061943,0.0,2.34,0.0,0.0
5.859052404000001,0.0,2.35,0.01,0.0
5.860059555,0.0,2.35,0.04,0.0
5.861060404000001,0.0,2.35,0.01,0.0
5.862054273,0.02,2.35,0.01,0.0
5.863052562,0.0,2.35,0.0,0.0
5.864120563,0.01,2.35,0.03,0.0
5.865169181000001,0.01,2.36,0.0,0.01
5.8661322160000005,0.0,2.35,0.02,0.02
5.867050894,0.0,2.35,0.01,0.0
5.86804953,0.01,2.35,0.0,0.01
5.870050170000001,0.0,2.35,0.0,0.0
5.87105062,0.0,2.35,0.0,0.0
5.8720989150000005,0.0,2.35,0.0,0.0
5.873045938000001,0.0,2.36,0.01,0.0
5.874055997,0.0,2.35,0.01,0.0
5.875053709,0.01,2.35,0.0,0.0
5.876049771000001,0.0,2.35,0.0,0.0
5.877046533000001,0.01,2.35,0.0,0.01
5.878123632,0.0,2.35,0.0,0.0
5.879053683,0.0,2.35,0.0,0.01
5.880050493000001,0.0,2.35,0.0,0.0
5.881149285,0.01,2.35,0.0,0.0
5.882144676,0.01,2.36,0.0,0.01
5.8830486660000005,0.08,2.35,0.01,0.01
5.884056706,0.01,2.36,0.01,0.02
5.886049167,0.01,2.35,0.0,0.02
5.8870562500000005,0.0,2.35,0.0,0.0
5.888167189000001,0.01,2.35,0.0,0.0
5.889058719,0.01,2.35,0.0,0.0
5.890066422,0.0,2.36,0.03,0.0
5.891058461,0.0,2.35,0.0,0.0
5.892109438,0.0,2.35,0.0,0.0
5.8931057330000005,0.01,2.35,0.0,0.0
5.894050909000001,0.0,2.35,0.01,0.0
5.895055264000001,0.01,2.35,0.01,0.0
5.896190412,0.01,2.34,0.01,0.01
5.897109830000001,0.0,2.32,0.0,0.0
5.898052926,0.0,2.35,0.01,0.0
5.899051141,0.0,2.36,0.0,0.0
5.901040331000001,0.0,2.32,0.0,0.0
5.90216313,0.01,2.35,0.01,0.01
5.9030506890000005,0.0,2.35,0.0,0.0
5.904053199000001,0.01,2.35,0.01,0.0
5.905156959,0.01,2.35,0.01,0.0
5.906053698,0.0,2.36,0.01,0.0
5.907054975,0.05,2.31,0.0,0.02
5.908052244,0.01,2.35,0.01,0.03
5.90905079,0.01,2.35,0.0,0.01
5.910054936000001,0.0,2.35,0.01,0.0
5.911055185,0.0,2.35,0.0,0.0
5.912055782,0.0,2.35,0.0,0.0
5.913049078,0.01,2.33,0.01,0.0
5.914056263,0.01,2.34,0.0,0.0
5.916048383000001,0.0,2.35,0.0,0.0
5.917043402,0.02,2.35,0.0,0.0
5.9180586900000005,0.0,2.34,0.01,0.01
5.919050260000001,0.0,2.34,0.0,0.0
5.920113447,0.0,2.34,0.01,0.0
5.921066594,0.0,2.35,0.0,0.0
5.922073223,0.0,2.34,0.05,0.02
5.923059171,0.01,2.35,0.0,0.0
5.924044427,0.0,2.35,0.0,0.0
5.925044834,0.0,2.34,0.03,0.0
5.9260496080000005,0.0,2.36,0.0,0.0
5.927053252,0.0,2.36,0.0,0.01
5.928058030000001,0.0,2.35,0.0,0.0
5.929054356,0.04,2.35,0.0,0.0
5.931043984,0.0,2.35,0.01,0.0
5.932046205000001,0.0,2.35,0.01,0.0
5.933052306,0.0,2.33,0.01,0.01
5.934062637,0.0,2.35,0.0,0.0
5.9350424340000005,0.0,2.41,0.03,0.0
5.93607186,0.05,2.43,0.01,0.01
5.937049623,0.02,2.33,0.0,0.0
5.938047726000001,0.0,2.35,0.04,0.0
5.93904803,0.01,2.35,0.01,0.0
5.94005061,0.01,2.37,0.0,0.0
5.941106521,0.0,2.35,0.0,0.0
5.942104781,0.01,2.35,0.01,0.0
5.943056492,0.01,2.35,0.01,0.0
5.944054092,0.0,2.33,0.01,0.0
5.9460534140000005,0.0,2.35,0.01,0.02
5.947047759,0.0,2.37,0.0,0.0
5.9480481990000005,0.01,2.36,0.0,0.0
5.949053098,0.0,2.35,0.01,0.0
5.950053133,0.01,2.35,0.01,0.0
5.951114103,0.0,2.35,0.01,0.0
5.952053478000001,0.0,2.35,0.0,0.0
5.953049411,0.0,2.35,0.0,0.0
5.9540569990000005,0.0,2.35,0.0,0.0
5.955073337,0.0,2.35,0.01,0.0
5.956092386000001,0.0,2.34,0.01,0.01
5.9570636100000005,0.0,2.34,0.0,0.0
5.958058617000001,0.01,2.35,0.0,0.0
5.959044414,0.0,2.35,0.0,0.0
5.961055587000001,0.01,2.35,0.0,0.0
5.962052961,0.0,2.35,0.0,0.0
5.96305585,0.01,2.35,0.01,0.0
5.964050887,0.0,2.35,0.0,0.0
5.965051111,0.0,2.35,0.0,0.0
5.966121574000001,0.0,2.35,0.0,0.02
5.967049323,0.0,2.34,0.01,0.0
5.968052070000001,0.0,2.35,0.0,0.01
5.969084312000001,0.0,2.35,0.01,0.0
5.970055826,0.01,2.38,0.04,0.03
5.971048958000001,0.0,2.37,0.0,0.0
5.9720524070000005,0.0,2.35,0.0,0.0
5.973047633,0.01,2.35,0.01,0.01
5.974050815,0.0,2.35,0.0,0.01
5.976049412,0.0,2.35,0.03,0.0
5.977049588000001,0.0,2.35,0.0,0.0
5.978053978,0.0,2.35,0.0,0.01
5.979050991,0.0,2.35,0.0,0.04
5.980057533,0.0,2.35,0.0,0.0
5.981055124,0.0,2.35,0.0,0.0
5.982135444000001,0.0,2.35,0.01,0.0
5.983069926000001,0.0,2.35,0.0,0.0
5.984054193,0.0,2.42,0.0,0.03
5.9850362310000005,0.01,2.35,0.0,0.0
5.986098292,0.0,2.35,0.0,0.0
5.987049622000001,0.01,2.35,0.01,0.0
5.988046036,0.0,2.35,0.01,0.01
5.989041032,0.0,2.35,0.01,0.0
5.990048029,0.0,2.35,0.01,0.0
5.992059999,0.02,2.35,0.01,0.0
5.993052662,0.0,2.34,0.0,0.0
5.994045186,0.01,2.32,0.0,0.0
5.995052814,0.0,2.35,0.0,0.0
5.9960479630000005,0.0,2.35,0.0,0.0
5.997047847,0.0,2.35,0.04,0.0
5.998111936000001,0.0,2.35,0.02,0.0
5.99905679,0.0,2.34,0.0,0.0
6.000047702000001,0.0,2.35,0.0,0.01
6.001041646,0.01,2.35,0.0,0.0
6.002042961000001,0.0,2.35,0.0,0.0
6.003055521,0.01,2.35,0.0,0.0
6.004054508,0.01,2.35,0.01,0.0
6.0050528430000005,0.0,2.35,0.0,0.0
6.007046164,0.03,2.35,0.01,0.01
6.008051760000001,0.01,2.35,0.0,0.0
6.0090452370000005,0.0,2.35,0.0,0.01
6.010043357000001,0.0,2.35,0.0,0.01
6.011063307000001,0.0,2.35,0.0,0.0
6.0120530940000005,0.0,2.35,0.0,0.0
6.013066960000001,0.0,2.37,0.05,0.0
6.014052129,0.0,2.35,0.01,0.0
6.0150603910000005,0.0,2.35,0.06,0.01
6.016055996,0.0,2.41,0.01,0.0
6.017041689,0.0,2.34,0.02,0.01
6.018036961,0.0,2.35,0.01,0.01
6.019065597,0.0,2.31,0.0,0.0
6.020053822,0.01,2.35,0.01,0.0
6.022036305,0.01,2.35,0.01,0.0
6.023047272,0.01,2.35,0.0,0.0
6.024046563000001,0.0,2.37,0.0,0.0
6.025044896000001,0.01,2.35,0.01,0.02
6.026041323,0.0,2.34,0.01,0.0
6.027046717,0.0,2.35,0.0,0.0
6.0280515470000005,0.0,2.33,0.0,0.01
6.029042704,0.0,2.35,0.0,0.0
6.03004645,0.0,2.35,0.0,0.01
6.031043810000001,0.0,2.33,0.0,0.01
6.032048141000001,0.0,2.35,0.0,0.0
6.033039874,0.0,2.36,0.01,0.0
6.034053182,0.0,2.35,0.0,0.0
6.035051281,0.0,2.36,0.0,0.03
6.037041214,0.0,2.35,0.0,0.0
6.038042526000001,0.0,2.35,0.0,0.0
6.039104978,0.0,2.35,0.01,0.0
6.040048788,0.0,2.35,0.0,0.0
6.041087564000001,0.0,2.35,0.0,0.0
6.042053944,0.0,2.35,0.0,0.0
6.043061937,0.0,2.32,0.01,0.02
6.0440557450000005,0.0,2.35,0.02,0.0
6.0451103580000005,0.0,2.34,0.01,0.0
6.046168731000001,0.01,2.37,0.0,0.0
6.047170438,0.0,2.37,0.0,0.05
6.048043313,0.0,2.34,0.0,0.0
6.04905195,0.0,2.35,0.0,0.0
6.0500459740000005,0.0,2.35,0.01,0.0
6.052052231,0.0,2.4,0.01,0.01
6.053044793000001,0.01,2.34,0.01,0.0
6.054046438,0.0,2.4,0.0,0.01
6.055047500000001,0.0,2.38,0.0,0.03
6.056047384,0.0,2.35,0.0,0.01
6.057054057,0.01,2.33,0.0,0.0
6.058050852,0.0,2.35,0.01,0.0
6.059100841,0.01,2.35,0.0,0.0
6.06013878,0.0,2.35,0.0,0.0
6.061063392,0.0,2.35,0.01,0.0
6.062047442000001,0.05,2.34,0.01,0.01
6.063045635000001,0.0,2.35,0.0,0.05
6.06404598,0.01,2.36,0.0,0.0
6.065050631,0.0,2.35,0.01,0.01
6.067044956,0.03,2.36,0.0,0.0
6.068045852,0.0,2.35,0.0,0.0
6.069045512000001,0.0,2.35,0.0,0.01
6.070048145,0.0,2.35,0.01,0.0
6.071051072,0.0,2.35,0.0,0.0
6.072042072,0.01,2.35,0.0,0.0
6.073110555,0.0,2.35,0.0,0.02
6.074057441000001,0.0,2.35,0.01,0.0
6.075100128000001,0.0,2.37,0.0,0.0
6.076055682000001,0.0,2.35,0.0,0.0
6.077048616000001,0.0,2.35,0.01,0.0
6.078054959,0.0,2.35,0.01,0.0
6.079052849,0.01,2.35,0.01,0.0
6.080049531,0.04,2.32,0.01,0.0
6.082070024,0.0,2.35,0.0,0.1
6.0830520560000005,0.0,2.35,0.0,0.01
6.084047943000001,0.02,2.35,0.01,0.0
6.0850419570000005,0.0,2.35,0.01,0.0
6.086106233000001,0.01,2.35,0.01,0.0
6.087046953000001,0.0,2.34,0.01,0.0
6.088112154,0.0,2.35,0.04,0.01
6.089074210000001,0.0,2.34,0.0,0.0
6.090123919000001,0.0,2.35,0.01,0.0
6.091054367000001,0.01,2.34,0.01,0.0
6.092049161,0.0,2.34,0.01,0.0
6.09303696,0.03,2.35,0.01,0.02
6.0940510130000005,0.01,2.34,0.0,0.07
6.095049749,0.0,2.35,0.0,0.0
6.097051069000001,0.0,2.35,0.01,0.08
6.098052293,0.0,2.35,0.0,0.0
6.099047649,0.0,2.35,0.0,0.0
6.100045265,0.0,2.35,0.01,0.0
6.101043991,0.0,2.35,0.0,0.0
6.102046475000001,0.0,2.35,0.01,0.0
6.103054731,0.01,2.34,0.01,0.0
6.104178371000001,0.0,2.35,0.0,0.0
6.105082874000001,0.0,2.35,0.0,0.0
6.106056777,0.0,2.39,0.05,0.02
6.107063800000001,0.0,2.34,0.0,0.0
6.108069905000001,0.0,2.35,0.01,0.0
6.109060222,0.0,2.33,0.0,0.0
6.110053595,0.0,2.35,0.0,0.0
6.112043409,0.0,2.39,0.01,0.01
6.113043431,0.0,2.32,0.01,0.01
6.114046626,0.01,2.35,0.0,0.0
6.115046975,0.01,2.35,0.01,0.0
6.116050164000001,0.0,2.33,0.01,0.0
6.11704587,0.0,2.34,0.01,0.01
6.118047863,0.0,2.34,0.0,0.0
6.119050926000001,0.0,2.35,0.0,0.0
6.12004369,0.0,2.35,0.0,0.0
6.121086846000001,0.0,2.34,0.01,0.0
6.122060269,0.02,2.35,0.01,0.0
6.123065067000001,0.0,2.35,0.01,0.0
6.124053964000001,0.0,2.35,0.0,0.0
6.125061929,0.0,2.35,0.01,0.0
6.126168114,0.01,2.33,0.0,0.0
6.128049844,0.0,2.35,0.01,0.0
6.129051039,0.0,2.32,0.0,0.0
6.130050499,0.0,2.35,0.0,0.0
6.131044383000001,0.01,2.38,0.0,0.0
6.132047788,0.01,2.35,0.01,0.01
6.13304265,0.0,2.34,0.0,0.0
6.134048831,0.01,2.34,0.01,0.0
6.135052741,0.0,2.36,0.0,0.0
6.136054274,0.0,2.35,0.0,0.01
6.137078521,0.0,2.34,0.01,0.0
6.1380729810000005,0.0,2.35,0.0,0.0
6.139078034000001,0.08,2.29,0.02,0.0
6.140060777,0.0,2.35,0.0,0.0
6.1410419670000005,0.01,2.35,0.01,0.0
6.143043291000001,0.01,2.35,0.01,0.0
6.144054188,0.02,2.35,0.02,0.0
6.145051525,0.0,2.34,0.01,0.0
6.146037772000001,0.0,2.36,0.0,0.04
6.147049215,0.0,2.35,0.01,0.0
6.148087940000001,0.01,2.35,0.0,0.0
6.14910911,0.0,2.35,0.0,0.0
6.150043907000001,0.0,2.35,0.01,0.01
6.151049513,0.0,2.35,0.01,0.0
6.1520500060000005,0.0,2.35,0.01,0.01
6.153114229000001,0.0,2.35,0.0,0.0
6.154056949,0.0,2.32,0.0,0.0
6.155056195,0.0,2.35,0.01,0.0
6.157043238,0.0,2.35,0.01,0.0
6.158047482000001,0.0,2.4,0.06,0.04
6.159047107,0.0,2.34,0.01,0.0
6.160050437000001,0.0,2.35,0.0,0.0
6.1610478760000005,0.0,2.35,0.01,0.0
6.1620446620000005,0.0,2.35,0.01,0.0
6.163044932,0.0,2.33,0.01,0.01
6.1640520500000004,0.0,2.34,0.01,0.0
6.165054479,0.0,2.35,0.01,0.0
6.166055492000001,0.0,2.36,0.01,0.0
6.167046215,0.0,2.34,0.0,0.01
6.168055821,0.01,2.34,0.0,0.0
6.169087462,0.0,2.34,0.0,0.03
6.170057365000001,0.0,2.34,0.0,0.0
6.172066515,0.0,2.33,0.01,0.0
6.173044671,0.0,2.37,0.0,0.0
6.174043769000001,0.0,2.35,0.0,0.0
6.175047611,0.0,2.35,0.0,0.0
6.176044528,0.0,2.35,0.01,0.0
6.177046152,0.01,2.32,0.0,0.0
6.178084789000001,0.01,2.34,0.0,0.0
6.179053420000001,0.0,2.3,0.01,0.13
6.180049815,0.0,2.38,0.0,0.01
6.181038094000001,0.0,2.34,0.01,0.0
6.182042845000001,0.0,2.34,0.0,0.01
6.183050324000001,0.01,2.34,0.0,0.02
6.184049932000001,0.01,2.34,0.01,0.0
6.185081493,0.0,2.34,0.01,0.04
6.18606661,0.03,2.34,0.0,0.0
6.188047952000001,0.0,2.34,0.01,0.01
6.1890465180000005,0.01,2.34,0.0,0.0
6.190051289,0.06,2.34,0.0,0.0
6.191045450000001,0.0,2.33,0.0,0.0
6.192047465000001,0.0,2.34,0.0,0.0
6.193046686000001,0.0,2.34,0.0,0.0
6.194041172,0.0,2.34,0.0,0.0
6.195048291,0.0,2.33,0.0,0.01
6.196048116,0.01,2.33,0.0,0.0
6.197052195,0.0,2.35,0.0,0.0
6.198051993,0.01,2.34,0.01,0.0
6.199072512000001,0.0,2.34,0.01,0.0
6.201073867000001,0.0,2.34,0.01,0.0
6.202064486,0.0,2.32,0.02,0.04
6.203050389,0.0,2.32,0.01,0.0
6.204054719,0.0,2.34,0.01,0.01
6.205043048,0.0,2.33,0.0,0.0
6.206041942000001,0.01,2.34,0.01,0.0
6.207043379000001,0.02,2.31,0.04,0.03
6.208053203,0.0,2.33,0.0,0.01
6.209040624,0.0,2.35,0.02,0.01
6.210049971,0.0,2.33,0.01,0.01
6.211048808,0.0,2.33,0.0,0.01
6.212050081,0.0,2.33,0.01,0.01
6.213042863,0.0,2.34,0.01,0.0
6.2140428320000005,0.0,2.31,0.01,0.02
6.215049371,0.0,2.34,0.0,0.0
6.217122639,0.0,2.34,0.01,0.04
6.218052547,0.01,2.3,0.0,0.0
6.219042495,0.0,2.4,0.01,0.01
6.220088113,0.0,2.34,0.0,0.01
6.221042403,0.0,2.34,0.0,0.0
6.222041993,0.01,2.34,0.01,0.01
6.223051487,0.01,2.34,0.0,0.0
6.224048075000001,0.0,2.33,0.0,0.02
6.225038454000001,0.0,2.34,0.0,0.0
6.226044345,0.03,2.33,0.01,0.0
6.227048871,0.0,2.35,0.0,0.01
6.2280548510000004,0.0,2.34,0.0,0.0
6.229053929,0.01,2.34,0.01,0.0
6.230089102,0.0,2.33,0.0,0.0
6.231061704,0.0,2.34,0.0,0.01
6.233091170000001,0.0,2.34,0.0,0.01
6.2340529060000005,0.0,2.34,0.0,0.0
6.235047025,0.0,2.31,0.02,0.0
6.236052259,0.0,2.34,0.0,0.01
6.237045848,0.0,2.33,0.0,0.0
6.238062679,0.0,2.34,0.03,0.0
6.2390481410000005,0.0,2.33,0.01,0.0
6.240044857,0.0,2.34,0.01,0.0
6.241044174000001,0.03,2.33,0.06,0.01
6.242048148,0.0,2.33,0.01,0.0
6.243043671000001,0.0,2.35,0.01,0.0
6.244049572000001,0.0,2.35,0.01,0.0
6.245043105000001,0.0,2.35,0.01,0.02
6.24609447,0.0,2.33,0.0,0.0
6.248037599000001,0.0,2.35,0.01,0.0
6.2491272360000005,0.0,2.29,0.0,0.01
6.250052501000001,0.0,2.34,0.01,0.01
6.251055013,0.0,2.32,0.0,0.0
6.252039572,0.05,2.3,0.01,0.0
6.253047202,0.0,2.34,0.01,0.03
6.2540497880000006,0.02,2.33,0.02,0.0
6.255041746000001,0.02,2.33,0.04,0.0
6.256054045,0.04,2.33,0.01,0.0
6.257049753,0.01,2.33,0.01,0.0
6.258044506,0.01,2.34,0.01,0.0
6.259058832,0.01,2.34,0.01,0.0
6.260069154,0.0,2.33,0.0,0.01
6.261046756000001,0.0,2.33,0.0,0.01
6.262054087,0.01,2.31,0.0,0.01
6.264063524,0.0,2.34,0.0,0.0
6.265096203000001,0.01,2.3,0.0,0.01
6.2661584470000005,0.0,2.33,0.0,0.0
6.267054615,0.0,2.3,0.0,0.0
6.268048457000001,0.0,2.34,0.02,0.04
6.269051075,0.0,2.34,0.0,0.0
6.2700466740000005,0.0,2.33,0.0,0.0
6.271045702,0.0,2.33,0.0,0.0
6.272048884,0.0,2.34,0.01,0.0
6.273093380000001,0.02,2.33,0.0,0.0
6.274054511,0.05,2.35,0.02,0.03
6.2750397840000005,0.0,2.33,0.01,0.0
6.2760429,0.01,2.33,0.01,0.01
6.2780388,0.0,2.34,0.01,0.0
6.2790489570000005,0.0,2.33,0.01,0.0
6.280049877000001,0.0,2.33,0.01,0.0
6.281081405,0.0,2.33,0.0,0.0
6.282067276,0.0,2.34,0.0,0.0
6.283051766000001,0.0,2.34,0.01,0.0
6.284056169,0.0,2.33,0.01,0.0
6.285084132000001,0.0,2.34,0.01,0.01
6.286065602000001,0.0,2.34,0.06,0.0
6.287044977000001,0.01,2.34,0.01,0.05
6.28804795,0.0,2.34,0.01,0.0
6.289048992000001,0.0,2.34,0.0,0.0
6.290054416,0.0,2.33,0.03,0.0
6.291046124,0.0,2.33,0.01,0.01
6.293055238,0.01,2.33,0.0,0.01
6.29405386,0.0,2.32,0.0,0.02
6.295046438,0.02,2.33,0.02,0.0
6.296126079,0.01,2.33,0.0,0.0
6.297109858000001,0.0,2.33,0.0,0.0
6.298075611000001,0.02,2.32,0.01,0.02
6.299062137,0.0,2.33,0.01,0.0
6.300059657,0.01,2.33,0.0,0.0
6.301061385000001,0.0,2.34,0.01,0.0
6.302058766,0.0,2.33,0.03,0.0
6.303049138,0.01,2.34,0.0,0.0
6.304050333,0.01,2.33,0.01,0.01
6.305050878,0.0,2.33,0.0,0.0
6.306045347,0.0,2.34,0.02,0.01
6.307054894,0.0,2.34,0.01,0.0
6.309040489,0.01,2.34,0.01,0.0
6.310045352,0.0,2.34,0.0,0.0
6.311047462,0.0,2.34,0.01,0.0
6.312042685000001,0.01,2.34,0.02,0.0
6.3130817100000005,0.0,2.34,0.0,0.01
6.314054047000001,0.01,2.34,0.01,0.01
6.315057916000001,0.0,2.34,0.03,0.0
6.3160490860000005,0.01,2.35,0.01,0.0
6.317050058,0.0,2.34,0.01,0.0
6.318098412,0.0,2.34,0.01,0.0
6.319050045,0.0,2.34,0.01,0.0
6.3200532140000005,0.0,2.34,0.01,0.0
6.321059701,0.0,2.35,0.0,0.0
6.322055644000001,0.01,2.34,0.01,0.0
6.323072082,0.01,2.35,0.0,0.01
6.325051224,0.01,2.33,0.0,0.01
6.326049999,0.01,2.34,0.0,0.0
6.327048006,0.01,2.35,0.02,0.0
6.328045262000001,0.0,2.33,0.0,0.0
6.329084374000001,0.0,2.35,0.0,0.01
6.330055666000001,0.02,2.35,0.0,0.0
6.331054021000001,0.0,2.35,0.06,0.02
6.3320399620000005,0.0,2.34,0.01,0.01
6.333059292000001,0.0,2.35,0.02,0.0
6.334054344,0.0,2.34,0.0,0.0
6.335054287,0.0,2.35,0.01,0.0
6.336052023000001,0.0,2.34,0.0,0.05
6.337046749000001,0.0,2.28,0.0,0.0
6.338050464,0.01,2.34,0.0,0.01
6.340044286,0.0,2.34,0.0,0.0
6.341039319,0.0,2.34,0.01,0.0
6.342044584000001,0.0,2.35,0.01,0.0
6.343042335000001,0.01,2.35,0.01,0.0
6.344048585,0.0,2.37,0.0,0.0
6.345101121000001,0.01,2.34,0.0,0.0
6.346056768,0.0,2.35,0.0,0.0
6.347058706,0.0,2.3,0.0,0.0
6.348057664000001,0.0,2.34,0.0,0.0
6.34905303,0.01,2.34,0.0,0.0
6.350092498,0.0,2.34,0.0,0.0
6.351043273,0.0,2.35,0.0,0.0
6.352053602000001,0.0,2.35,0.01,0.0
6.353073513,0.0,2.34,0.0,0.0
6.354065623,0.03,2.32,0.01,0.0
6.356061412000001,0.0,2.34,0.01,0.01
6.357131852,0.0,2.34,0.0,0.0
6.358055992000001,0.0,2.34,0.01,0.01
6.359038631000001,0.0,2.35,0.0,0.01
6.360039915000001,0.0,2.35,0.0,0.0
6.36108557,0.0,2.35,0.01,0.0
6.362066445,0.04,2.35,0.0,0.0
6.3630432720000005,0.0,2.33,0.01,0.02
6.364053452,0.0,2.35,0.0,0.0
6.3651068870000005,0.0,2.36,0.06,0.0
6.366054592,0.0,2.35,0.0,0.0
6.367051083000001,0.01,2.29,0.0,0.0
6.36804459,0.0,2.35,0.01,0.01
6.369051748,0.0,2.37,0.0,0.0
6.371036057,0.0,2.34,0.0,0.0
6.372045435,0.0,2.34,0.0,0.0
6.373052724000001,0.0,2.34,0.0,0.0
6.374235274,0.0,2.35,0.01,0.0
6.375101294,0.0,2.35,0.0,0.02
6.376053332000001,0.01,2.4,0.01,0.0
6.377081597,0.0,2.35,0.01,0.0
6.378067865,0.0,2.34,0.0,0.0
6.37906377,0.0,2.34,0.01,0.0
6.3801180770000006,0.0,2.35,0.12,0.01
6.381058684,0.0,2.35,0.01,0.0
6.382149784,0.0,2.36,0.01,0.0
6.383068373,0.0,2.34,0.01,0.0
6.384047672,0.0,2.35,0.0,0.0
6.3860483630000004,0.0,2.35,0.0,0.01
6.387054131,0.02,2.35,0.02,0.01
6.388059524,0.0,2.35,0.0,0.0
6.389064072,0.0,2.35,0.01,0.0
6.390076266,0.0,2.35,0.0,0.0
6.391054096,0.0,2.35,0.01,0.0
6.392102873000001,0.0,2.36,0.01,0.0
6.393071450000001,0.0,2.35,0.0,0.0
6.394055154,0.0,2.35,0.0,0.01
6.395046252,0.0,2.35,0.01,0.0
6.396046114000001,0.0,2.35,0.0,0.01
6.397047988000001,0.0,2.35,0.0,0.0
6.398140291000001,0.0,2.35,0.05,0.0
6.3991490010000005,0.01,2.32,0.0,0.01
6.401046643000001,0.0,2.35,0.01,0.0
6.402046604000001,0.0,2.35,0.01,0.0
6.403055088,0.0,2.35,0.01,0.0
6.4040462410000005,0.0,2.34,0.01,0.0
6.405051206,0.0,2.35,0.01,0.0
6.406042612,0.01,2.35,0.0,0.0
6.407043679,0.0,2.34,0.0,0.0
6.408042913,0.0,2.35,0.01,0.01
6.409081681,0.02,2.34,0.0,0.0
6.410069176,0.0,2.33,0.0,0.0
6.4110662640000005,0.0,2.34,0.0,0.0
6.412051058,0.03,2.35,0.0,0.0
6.413049965000001,0.02,2.35,0.0,0.0
6.414060834000001,0.0,2.34,0.0,0.0
6.416077209,0.0,2.35,0.04,0.01
6.417061119,0.0,2.35,0.0,0.01
6.418052125,0.0,2.37,0.02,0.0
6.419054758000001,0.0,2.35,0.0,0.0
6.420044221,0.0,2.35,0.0,0.01
6.42107835,0.0,2.35,0.0,0.01
6.422048718,0.0,2.35,0.01,0.0
6.423127342000001,0.0,2.34,0.0,0.01
6.424043666,0.01,2.35,0.0,0.01
6.425084953000001,0.12,2.37,0.0,0.01
6.426068906,0.0,2.35,0.0,0.0
6.427052069,0.0,2.35,0.0,0.0
6.4280566960000005,0.0,2.35,0.0,0.0
6.429070959000001,0.0,2.35,0.01,0.01
6.431038844000001,0.0,2.35,0.0,0.0
6.432049612,0.0,2.35,0.0,0.01
6.4330489140000005,0.0,2.34,0.0,0.0
6.434049302,0.0,2.34,0.01,0.0
6.435043906000001,0.0,2.34,0.0,0.01
6.436093108000001,0.0,2.34,0.0,0.0
6.437060671,0.02,2.35,0.0,0.0
6.4381081810000005,0.0,2.34,0.01,0.01
6.439043549,0.0,2.34,0.0,0.0
6.440046006,0.0,2.34,0.0,0.0
6.441121939,0.0,2.35,0.01,0.0
6.44206297,0.01,2.29,0.03,0.02
6.443053353000001,0.0,2.35,0.0,0.0
6.444048284,0.0,2.34,0.0,0.02
6.446060457000001,0.0,2.37,0.01,0.0
6.447067542,0.0,2.35,0.04,0.03
6.448050650000001,0.0,2.35,0.0,0.0
6.449060662000001,0.0,2.35,0.06,0.02
6.450053536,0.0,2.3,0.0,0.0
6.451043360000001,0.0,2.35,0.01,0.01
6.452058751,0.0,2.35,0.01,0.0
6.453045518000001,0.02,2.29,0.01,0.0
6.454050583000001,0.0,2.35,0.0,0.06
6.4550468830000005,0.0,2.35,0.01,0.0
6.456052731000001,0.0,2.35,0.0,0.0
6.457076048,0.0,2.35,0.13,0.06
6.458054693,0.0,2.35,0.01,0.0
6.459058551,0.0,2.35,0.0,0.0
6.461041791,0.0,2.35,0.0,0.0
6.4620889660000005,0.0,2.35,0.0,0.01
6.463069381,0.0,2.35,0.0,0.0
6.464043464,0.0,2.36,0.03,0.02
6.465049914000001,0.0,2.35,0.0,0.0
6.466110358000001,0.0,2.35,0.0,0.0
6.467056865,0.0,2.35,0.0,0.0
6.468047541000001,0.0,2.35,0.0,0.01
6.469048293,0.0,2.35,0.0,0.0
6.470055076,0.0,2.35,0.01,0.01
6.47104732,0.0,2.35,0.0,0.0
6.472046018,0.0,2.35,0.01,0.02
6.473086424000001,0.0,2.34,0.0,0.02
6.475061536,0.0,2.35,0.01,0.0
6.476057282,0.01,2.36,0.01,0.0
6.477070055,0.0,2.35,0.0,0.0
6.478078222000001,0.0,2.35,0.01,0.0
6.479063438000001,0.0,2.35,0.01,0.0
6.480116673,0.0,2.35,0.01,0.0
6.481146193000001,0.0,2.33,0.04,0.02
6.4820379390000005,0.01,2.35,0.0,0.0
6.483052082,0.0,2.36,0.0,0.0
6.484048051,0.0,2.35,0.0,0.0
6.4850435410000005,0.01,2.36,0.0,0.0
6.486052482000001,0.0,2.36,0.01,0.0
6.487048735,0.0,2.35,0.0,0.0
6.489074256,0.0,2.35,0.01,0.01
6.490058704000001,0.0,2.32,0.01,0.0
6.491056215,0.0,2.35,0.01,0.01
6.492058464,0.01,2.36,0.01,0.0
6.493050458000001,0.0,2.35,0.0,0.01
6.494053779000001,0.0,2.35,0.0,0.0
6.495044905,0.0,2.35,0.06,0.0
6.496042236,0.0,2.34,0.0,0.0
6.4970480230000005,0.05,2.35,0.0,0.0
6.498047678000001,0.0,2.35,0.01,0.0
6.499049729,0.0,2.35,0.0,0.0
6.500049382,0.0,2.35,0.0,0.0
6.501047529,0.0,2.35,0.0,0.01
6.50205006,0.01,2.35,0.01,0.0
6.503051233000001,0.0,2.35,0.0,0.01
6.505110684000001,0.01,2.35,0.02,0.0
6.506055910000001,0.0,2.36,0.0,0.0
6.507078776,0.0,2.36,0.02,0.0
6.5080480210000005,0.01,2.35,0.01,0.0
6.509060385000001,0.0,2.4,0.01,0.0
6.51006348,0.01,2.35,0.01,0.0
6.511057626,0.0,2.35,0.01,0.0
6.512090048,0.0,2.35,0.0,0.0
6.513055323000001,0.0,2.35,0.0,0.0
6.514055666,0.0,2.36,0.01,0.0
6.515047476,0.0,2.35,0.0,0.0
6.516061832,0.0,2.36,0.0,0.03
6.517052985,0.01,2.35,0.01,0.0
6.5180503970000006,0.0,2.35,0.01,0.0
6.520051296,0.0,2.35,0.01,0.0
6.521077165,0.0,2.35,0.0,0.0
6.522088465,0.0,2.35,0.0,0.01
6.523051896,0.02,2.35,0.0,0.01
6.5240395950000005,0.05,2.36,0.01,0.0
6.525051724000001,0.0,2.34,0.01,0.0
6.526050658000001,0.0,2.36,0.0,0.0
6.527049353000001,0.0,2.35,0.0,0.0
6.528070543,0.0,2.35,0.0,0.0
6.5290527,0.0,2.36,0.0,0.0
6.530052906000001,0.0,2.35,0.0,0.0
6.531049562000001,0.0,2.35,0.0,0.0
6.532047768,0.0,2.35,0.01,0.01
6.533050461,0.01,2.33,0.01,0.0
6.535050802000001,0.0,2.36,0.01,0.04
6.5360466090000005,0.0,2.34,0.01,0.0
6.537157172000001,0.0,2.35,0.0,0.0
6.538241427,0.0,2.35,0.01,0.0
6.539142262,0.04,2.36,0.01,0.0
6.540065199000001,0.0,2.35,0.01,0.0
6.541071093,0.0,2.39,0.0,0.01
6.5421568390000004,0.01,2.35,0.0,0.0
6.543119293,0.0,2.36,0.01,0.0
6.544052515000001,0.0,2.36,0.0,0.02
6.545059205,0.0,2.35,0.01,0.0
6.5460488340000005,0.0,2.36,0.01,0.0
6.547050359,0.0,2.36,0.01,0.01
6.548043784000001,0.0,2.36,0.01,0.0
6.549127413000001,0.0,2.36,0.0,0.0
6.551037566000001,0.0,2.36,0.0,0.01
6.552044530000001,0.0,2.36,0.0,0.0
6.553072781,0.0,2.35,0.01,0.0
6.55410421,0.01,2.37,0.0,0.01
6.55504758,0.0,2.36,0.0,0.0
6.556040462,0.02,2.36,0.01,0.0
6.557049674000001,0.0,2.36,0.0,0.0
6.558062390000001,0.01,2.36,0.0,0.03
6.55904416,0.0,2.36,0.0,0.0
6.560036571,0.0,2.36,0.01,0.0
6.561048178,0.0,2.36,0.01,0.01
6.562052233,0.01,2.36,0.0,0.0
6.563050455000001,0.0,2.36,0.0,0.0
6.5650456440000005,0.0,2.36,0.0,0.0
6.566049261000001,0.01,2.36,0.0,0.0
6.567054949,0.0,2.34,0.0,0.0
6.568046584,0.0,2.36,0.0,0.0
6.569086399000001,0.02,2.36,0.01,0.0
6.570182563,0.01,2.37,0.0,0.0
6.571116923000001,0.0,2.37,0.01,0.0
6.572142965,0.0,2.36,0.0,0.0
6.573055968,0.0,2.37,0.0,0.0
6.574052587000001,0.04,2.32,0.05,0.0
6.57504351,0.0,2.35,0.01,0.0
6.576049954,0.0,2.36,0.01,0.01
6.577046127,0.01,2.34,0.0,0.0
6.578046817000001,0.0,2.36,0.0,0.0
6.579049343,0.0,2.36,0.01,0.0
6.5810621860000005,0.0,2.37,0.01,0.0
6.582051325,0.01,2.37,0.0,0.0
6.583049055,0.01,2.37,0.01,0.01
6.584043215,0.0,2.37,0.0,0.0
6.5850838860000005,0.0,2.36,0.01,0.0
6.586113008000001,0.0,2.37,0.0,0.0
6.587053322,0.0,2.36,0.01,0.0
6.588051364,0.0,2.37,0.0,0.01
6.589050761,0.0,2.37,0.01,0.0
6.590051998000001,0.0,2.36,0.01,0.0
6.5910517980000005,0.0,2.33,0.0,0.0
6.592161503000001,0.0,2.36,0.01,0.01
6.593048055000001,0.0,2.36,0.03,0.01
6.594052433000001,0.01,2.36,0.0,0.0
6.596044603,0.01,2.37,0.02,0.01
6.5970439160000005,0.0,2.38,0.0,0.0
6.598123248,0.0,2.36,0.01,0.0
6.599046594000001,0.0,2.36,0.0,0.0
6.600058015,0.0,2.37,0.0,0.01
6.601083409,0.0,2.38,0.02,0.01
6.602053076000001,0.0,2.37,0.01,0.0
6.603066429,0.0,2.36,0.01,0.0
6.604061512,0.0,2.36,0.0,0.0
6.605057457,0.0,2.37,0.0,0.0
6.6060528000000005,0.0,2.36,0.01,0.0
6.607054712,0.06,2.39,0.0,0.01
6.608049935,0.0,2.36,0.01,0.01
6.6101441460000006,0.0,2.35,0.0,0.0
6.611050572000001,0.0,2.34,0.0,0.0
6.612046848,0.01,2.35,0.01,0.0
6.613050100000001,0.0,2.36,0.0,0.0
6.614048417,0.0,2.36,0.0,0.0
6.615051601,0.0,2.35,0.0,0.0
6.616037711000001,0.03,2.36,0.01,0.0
6.617189275,0.0,2.36,0.0,0.0
6.6180618870000005,0.02,2.34,0.01,0.0
6.619055402000001,0.0,2.36,0.0,0.0
6.620052612,0.0,2.35,0.0,0.0
6.62105453,0.0,2.36,0.01,0.0
6.622099934,0.0,2.35,0.01,0.01
6.623052486000001,0.0,2.36,0.0,0.01
6.624102519,0.06,2.36,0.0,0.0
6.626046838000001,0.01,2.36,0.03,0.0
6.627049586,0.0,2.35,0.0,0.01
6.628051642000001,0.0,2.35,0.02,0.0
6.6290495730000005,0.0,2.35,0.01,0.0
6.630101011000001,0.0,2.36,0.01,0.0
6.631058434000001,0.0,2.35,0.0,0.0
6.632046767,0.0,2.35,0.0,0.0
6.633078043,0.0,2.35,0.01,0.01
6.634053053000001,0.0,2.35,0.0,0.01
6.635048857,0.03,2.35,0.0,0.0
6.6360377150000005,0.0,2.35,0.0,0.0
6.637044231000001,0.01,2.35,0.0,0.0
6.638155436000001,0.0,2.35,0.0,0.0
6.640046014,0.0,2.35,0.0,0.0
6.641059201,0.04,2.35,0.0,0.01
6.642055441,0.0,2.35,0.0,0.0
6.6430471230000006,0.01,2.35,0.0,0.0
6.644044517,0.0,2.35,0.01,0.0
6.6450505280000005,0.04,2.34,0.02,0.03
6.646104242000001,0.0,2.36,0.01,0.0
6.647047608,0.01,2.34,0.01,0.07
6.648058912000001,0.0,2.34,0.0,0.01
6.649100764000001,0.0,2.34,0.0,0.0
6.650063612,0.0,2.35,0.03,0.06
6.6510572880000005,0.0,2.35,0.0,0.0
6.652046601,0.0,2.34,0.02,0.01
6.653053023,0.0,2.35,0.0,0.0
6.654058853,0.02,2.35,0.01,0.0
6.656044994,0.0,2.35,0.0,0.0
6.657044040000001,0.01,2.35,0.03,0.03
6.658050408,0.0,2.35,0.01,0.01
6.659046522000001,0.0,2.35,0.0,0.0
6.660040267,0.0,2.35,0.0,0.01
6.661055114000001,0.0,2.35,0.01,0.01
6.6620584130000005,0.0,2.35,0.0,0.0
6.6630776130000005,0.0,2.35,0.0,0.0
6.6640710180000005,0.01,2.35,0.01,0.0
6.665091938000001,0.0,2.35,0.0,0.01
6.6660696360000005,0.0,2.35,0.01,0.0
6.667052288000001,0.05,2.35,0.01,0.0
6.668042688000001,0.0,2.35,0.0,0.0
6.669049477000001,0.0,2.34,0.01,0.0
6.670058881,0.0,2.35,0.01,0.01
6.67205925,0.0,2.35,0.0,0.0
6.673072202,0.0,2.35,0.0,0.0
6.674048731,0.01,2.35,0.0,0.0
6.675061577,0.01,2.38,0.0,0.03
6.676046187000001,0.0,2.35,0.0,0.0
6.677049777000001,0.0,2.36,0.01,0.0
6.678049376000001,0.0,2.34,0.0,0.0
6.6790376060000005,0.0,2.35,0.01,0.01
6.680046016,0.0,2.35,0.0,0.0
6.681139568000001,0.0,2.35,0.0,0.0
6.682056556,0.0,2.35,0.01,0.01
6.683050588,0.0,2.35,0.0,0.02
6.684054430000001,0.05,2.38,0.01,0.02
6.685053184,0.0,2.35,0.01,0.0
6.687044769000001,0.0,2.36,0.01,0.01
6.688044435,0.01,2.35,0.01,0.0
6.6890532700000005,0.02,2.36,0.0,0.0
6.690053025,0.0,2.35,0.0,0.0
6.6910465100000005,0.01,2.35,0.0,0.0
6.692045548,0.01,2.36,0.0,0.01
6.693054808,0.0,2.35,0.0,0.04
6.6940449950000005,0.01,2.35,0.01,0.0
6.695069548,0.01,2.35,0.01,0.0
6.696075008,0.01,2.35,0.0,0.02
6.697129214,0.0,2.35,0.01,0.0
6.698076142000001,0.0,2.35,0.01,0.0
6.699059395000001,0.07,2.36,0.0,0.0
6.700065359000001,0.01,2.36,0.02,0.04
6.702062703,0.0,2.36,0.0,0.0
6.7030610930000005,0.0,2.35,0.01,0.0
6.704054501000001,0.0,2.34,0.0,0.01
6.705102096,0.0,2.35,0.01,0.0
6.706060546000001,0.0,2.36,0.0,0.0
6.707045429000001,0.01,2.36,0.01,0.02
6.708050282,0.0,2.34,0.0,0.0
6.709045962,0.0,2.35,0.0,0.0
6.710043723,0.0,2.36,0.01,0.0
6.711046768,0.0,2.35,0.01,0.0
6.7121238430000005,0.01,2.34,0.01,0.0
6.7130469260000005,0.0,2.35,0.01,0.01
6.71410278,0.0,2.35,0.0,0.01
6.715044476,0.01,2.35,0.0,0.04
6.717053639,0.0,2.35,0.02,0.0
6.718048907,0.01,2.38,0.0,0.01
6.71905069,0.01,2.35,0.0,0.0
6.720055370000001,0.0,2.36,0.0,0.06
6.721048103,0.0,2.36,0.0,0.0
6.72204958,0.0,2.36,0.0,0.0
6.723045044,0.01,2.35,0.0,0.0
6.724057003,0.0,2.35,0.01,0.01
6.725046499,0.0,2.36,0.0,0.0
6.72604821,0.0,2.35,0.0,0.0
6.727044312,0.0,2.36,0.01,0.0
6.7280627090000005,0.0,2.36,0.0,0.0
6.729085929,0.07,2.27,0.08,0.0
6.731055028,0.0,2.36,0.0,0.02
6.732049234000001,0.0,2.35,0.0,0.0
6.733041924,0.01,2.35,0.01,0.0
6.7340428,0.0,2.41,0.0,0.01
6.735051814,0.01,2.38,0.04,0.01
6.736106362,0.0,2.34,0.03,0.0
6.737043047,0.0,2.38,0.0,0.01
6.738052854,0.0,2.36,0.0,0.0
6.739041973000001,0.0,2.35,0.0,0.0
6.740117925000001,0.0,2.36,0.0,0.0
6.741041761000001,0.0,2.36,0.01,0.0
6.742052387,0.0,2.35,0.01,0.0
6.743047199,0.01,2.36,0.01,0.0
6.744049456000001,0.0,2.36,0.01,0.0
6.7450711430000005,0.0,2.36,0.01,0.0
6.747049401000001,0.01,2.36,0.01,0.09
6.7481285170000005,0.0,2.36,0.01,0.0
6.749047325,0.0,2.35,0.01,0.0
6.750048288,0.0,2.35,0.01,0.0
6.751043758000001,0.0,2.37,0.01,0.0
6.752097259,0.0,2.35,0.0,0.01
6.753050053000001,0.01,2.35,0.0,0.0
6.754050418,0.0,2.36,0.0,0.0
6.755057368,0.01,2.36,0.0,0.01
6.756060275,0.0,2.36,0.0,0.0
6.757099161,0.0,2.35,0.0,0.01
6.758079069000001,0.0,2.35,0.01,0.0
6.759049835000001,0.0,2.36,0.01,0.01
6.760058833,0.0,2.36,0.01,0.0
6.761131119000001,0.0,2.36,0.0,0.0
6.763040922,0.05,2.35,0.0,0.0
6.764048509,0.0,2.35,0.01,0.0
6.765049412000001,0.0,2.36,0.0,0.0
6.766052769000001,0.0,2.36,0.0,0.0
6.767048766,0.0,2.35,0.01,0.0
6.768049992000001,0.02,2.35,0.0,0.01
6.769170879000001,0.03,2.36,0.02,0.0
6.770052598,0.0,2.35,0.02,0.1
6.771039302,0.0,2.35,0.01,0.0
6.772048562,0.0,2.35,0.0,0.0
6.773042418,0.0,2.34,0.01,0.0
6.774044921000001,0.01,2.31,0.01,0.01
6.775063169,0.03,2.35,0.01,0.01
6.777064566000001,0.01,2.36,0.0,0.03
6.778053161000001,0.0,2.36,0.01,0.0
6.779046535,0.04,2.35,0.0,0.0
6.7800471170000005,0.01,2.31,0.01,0.0
6.781048956,0.0,2.36,0.0,0.0
6.782047025000001,0.0,2.36,0.0,0.01
6.783044074,0.0,2.36,0.0,0.0
6.7840601760000006,0.0,2.35,0.01,0.0
6.785045064,0.01,2.37,0.01,0.0
6.786121057000001,0.0,2.35,0.0,0.0
6.787056401,0.0,2.36,0.0,0.01
6.788068691,0.0,2.37,0.0,0.01
6.789063383,0.01,2.36,0.0,0.0
6.7900552990000005,0.0,2.36,0.01,0.0
6.792040060000001,0.0,2.36,0.0,0.0
6.79304806,0.0,2.36,0.01,0.01
6.794137077,0.0,2.35,0.02,0.02
6.795046394000001,0.0,2.35,0.01,0.0
6.796039488000001,0.03,2.38,0.0,0.0
6.7970409830000005,0.0,2.35,0.0,0.0
6.798054145,0.0,2.36,0.0,0.0
6.799044881,0.0,2.36,0.0,0.0
6.800047677,0.0,2.36,0.01,0.0
6.8010474610000005,0.0,2.36,0.01,0.0
6.802037426,0.01,2.38,0.0,0.0
6.803042088000001,0.0,2.36,0.0,0.0
6.8040499290000005,0.02,2.36,0.01,0.0
6.805039935000001,0.04,2.39,0.01,0.0
6.807039007,0.0,2.36,0.04,0.0
6.808039014,0.0,2.36,0.0,0.01
6.809041925000001,0.0,2.35,0.0,0.05
6.810049323,0.0,2.4,0.01,0.0
6.811048543,0.0,2.36,0.01,0.0
6.812091004,0.0,2.36,0.02,0.0
6.813045392,0.0,2.35,0.02,0.0
6.8140470980000005,0.0,2.36,0.0,0.01
6.81504269,0.02,2.37,0.05,0.0
6.816043104,0.0,2.35,0.02,0.0
6.817049921000001,0.0,2.36,0.01,0.0
6.818053273,0.0,2.36,0.0,0.0
6.819063375000001,0.0,2.36,0.0,0.0
6.8200515820000005,0.0,2.36,0.0,0.0
6.822060051,0.0,2.37,0.01,0.0
6.823046369,0.0,2.36,0.0,0.0
6.824126795000001,0.01,2.36,0.0,0.0
6.8251239230000005,0.0,2.36,0.0,0.0
6.826104733,0.0,2.36,0.0,0.0
6.827060309,0.0,2.36,0.0,0.0
6.828087176,0.0,2.36,0.0,0.0
6.829042807,0.07,2.36,0.02,0.0
6.830048154,0.0,2.36,0.0,0.0
6.831050127,0.01,2.36,0.0,0.0
6.8320450930000005,0.01,2.35,0.01,0.02
6.833036291,0.0,2.36,0.01,0.0
6.834045003000001,0.0,2.36,0.01,0.0
6.835063849000001,0.0,2.35,0.01,0.0
6.836041691,0.01,2.35,0.01,0.0
6.838042833,0.02,2.36,0.0,0.03
6.839038702000001,0.01,2.36,0.0,0.01
6.840044807000001,0.0,2.37,0.0,0.0
6.841046528000001,0.0,2.36,0.0,0.0
6.842172336000001,0.0,2.36,0.0,0.0
6.843045191000001,0.0,2.37,0.0,0.0
6.844060815000001,0.0,2.35,0.0,0.01
6.845043719,0.0,2.35,0.0,0.0
6.846062904,0.1,2.35,0.01,0.03
6.847043853000001,0.0,2.36,0.0,0.0
6.848087771,0.0,2.33,0.0,0.0
6.8490531180000005,0.0,2.36,0.0,0.01
6.850075178,0.0,2.36,0.03,0.01
6.8520582150000005,0.0,2.36,0.0,0.0
6.853048358000001,0.0,2.36,0.02,0.01
6.854066423000001,0.0,2.35,0.02,0.01
6.855115857,0.01,2.36,0.0,0.01
6.856121809,0.0,2.35,0.05,0.0
6.857062909000001,0.0,2.36,0.01,0.0
6.858068687,0.0,2.36,0.03,0.04
6.8590599370000005,0.0,2.36,0.0,0.0
6.860098463000001,0.0,2.36,0.0,0.0
6.861041931000001,0.02,2.36,0.0,0.01
6.862044790000001,0.0,2.36,0.0,0.0
6.8630471790000005,0.0,2.36,0.01,0.0
6.864040366,0.01,2.36,0.0,0.0
6.865047430000001,0.02,2.37,0.0,0.0
6.866051393,0.01,2.36,0.01,0.0
6.86804136,0.0,2.36,0.01,0.0
6.8690528760000005,0.0,2.36,0.0,0.0
6.870042634000001,0.0,2.36,0.0,0.0
6.871053596,0.0,2.36,0.0,0.0
6.872050418000001,0.01,2.36,0.01,0.0
6.873045386,0.0,2.37,0.01,0.0
6.874047662000001,0.0,2.37,0.0,0.01
6.875052349000001,0.01,2.36,0.0,0.01
6.876065530000001,0.0,2.37,0.0,0.0
6.877048531000001,0.0,2.38,0.0,0.01
6.878055954000001,0.01,2.37,0.01,0.02
6.879055568,0.0,2.36,0.0,0.0
6.881116264,0.0,2.37,0.0,0.1
6.882057066000001,0.0,2.37,0.0,0.0
6.883089654000001,0.0,2.35,0.0,0.0
6.884045379000001,0.0,2.37,0.0,0.0
6.8850417,0.0,2.35,0.01,0.01
6.886045903,0.0,2.32,0.0,0.0
6.887047188,0.0,2.36,0.0,0.01
6.888043526000001,0.01,2.37,0.01,0.02
6.8890458390000004,0.0,2.37,0.02,0.0
6.890042903,0.0,2.37,0.0,0.0
6.891047833,0.0,2.36,0.0,0.06
6.892048528,0.0,2.37,0.01,0.03
6.893048686,0.0,2.37,0.0,0.0
6.8940499840000005,0.0,2.37,0.04,0.0
6.895047768,0.01,2.37,0.0,0.0
6.896052925,0.06,2.36,0.01,0.02
6.8970462260000005,0.0,2.38,0.01,0.0
6.899046439,0.0,2.38,0.01,0.0
6.900042432,0.0,2.38,0.0,0.0
6.901041714000001,0.0,2.37,0.01,0.0
6.902045305000001,0.0,2.37,0.02,0.0
6.903049699,0.0,2.37,0.0,0.0
6.904043951,0.01,2.35,0.01,0.0
6.905044533000001,0.0,2.38,0.01,0.0
6.906049761,0.0,2.36,0.01,0.0
6.907043742000001,0.0,2.36,0.0,0.0
6.90804311,0.0,2.37,0.05,0.01
6.909042967,0.0,2.37,0.0,0.0
6.910063892,0.0,2.36,0.01,0.0
6.911046454,0.0,2.37,0.0,0.0
6.913073145,0.01,2.35,0.0,0.0
6.914064394,0.0,2.37,0.01,0.05
6.915054142000001,0.0,2.36,0.0,0.0
6.916047363000001,0.0,2.36,0.0,0.0
6.917041226,0.01,2.37,0.0,0.0
6.918099681,0.0,2.36,0.01,0.01
6.919047707000001,0.01,2.37,0.01,0.0
6.9201186880000005,0.0,2.36,0.0,0.0
6.921044604,0.01,2.37,0.01,0.0
6.9220398240000005,0.01,2.38,0.0,0.01
6.923050988000001,0.0,2.37,0.01,0.0
6.924053136,0.0,2.38,0.01,0.03
6.925051746,0.0,2.37,0.01,0.0
6.926047262000001,0.01,2.37,0.0,0.01
6.928060883000001,0.0,2.41,0.02,0.0
6.9290483290000005,0.0,2.36,0.02,0.0
6.930047409,0.0,2.37,0.0,0.0
6.931048254,0.05,2.4,0.0,0.0
6.9320408780000005,0.0,2.39,0.01,0.0
6.933046454,0.0,2.38,0.0,0.0
6.934044480000001,0.0,2.35,0.01,0.0
6.9350477790000005,0.0,2.36,0.01,0.0
6.936052061000001,0.0,2.37,0.07,0.0
6.9370393450000005,0.04,2.37,0.0,0.0
6.938054330000001,0.0,2.37,0.01,0.0
6.939051989,0.01,2.37,0.01,0.0
6.940043026000001,0.0,2.37,0.01,0.01
6.941054903,0.0,2.36,0.01,0.03
6.9420648840000005,0.0,2.37,0.01,0.0
6.944072824,0.01,2.37,0.01,0.0
6.945049801000001,0.0,2.38,0.0,0.0
6.946148222000001,0.0,2.37,0.01,0.0
6.947056966000001,0.02,2.38,0.0,0.0
6.9481955740000005,0.0,2.37,0.01,0.02
6.949043093,0.0,2.37,0.01,0.0
6.950107155,0.0,2.37,0.0,0.0
6.951047645,0.0,2.37,0.0,0.0
6.95205801,0.0,2.38,0.0,0.01
6.953044498000001,0.01,2.38,0.0,0.0
6.954042626000001,0.0,2.38,0.0,0.03
6.955051494,0.0,2.37,0.01,0.0
6.956040034000001,0.02,2.38,0.0,0.0
6.9570473040000005,0.0,2.38,0.02,0.01
6.959046127000001,0.0,2.38,0.0,0.0
6.960046724000001,0.0,2.37,0.0,0.0
6.961045938000001,0.01,2.37,0.01,0.0
6.962047427000001,0.01,2.38,0.0,0.01
6.963048605,0.0,2.38,0.01,0.0
6.964042484,0.0,2.38,0.01,0.0
6.965047997,0.01,2.37,0.01,0.0
6.966045473,0.0,2.35,0.0,0.0
6.967047311000001,0.0,2.37,0.01,0.0
6.968054663,0.0,2.37,0.02,0.0
6.969046474000001,0.01,2.45,0.06,0.0
6.970046944000001,0.01,2.37,0.01,0.01
6.971054544,0.0,2.39,0.0,0.0
6.9720546400000005,0.03,2.37,0.01,0.0
6.973120802,0.03,2.39,0.01,0.0
6.9750518580000005,0.01,2.39,0.02,0.0
6.9760485,0.0,2.37,0.0,0.09
6.977067293,0.0,2.39,0.01,0.0
6.978052916,0.0,2.38,0.0,0.0
6.979056642000001,0.0,2.38,0.01,0.0
6.980096759,0.0,2.39,0.0,0.0
6.981036479,0.0,2.39,0.0,0.0
6.982038008000001,0.0,2.39,0.0,0.0
6.983050541000001,0.0,2.4,0.01,0.0
6.984045149000001,0.01,2.4,0.01,0.0
6.9850552640000005,0.0,2.37,0.04,0.0
6.986073582,0.01,2.39,0.01,0.0
6.987052072,0.01,2.41,0.01,0.01
6.989037338,0.0,2.4,0.01,0.01
6.990043295,0.0,2.4,0.0,0.0
6.991047778,0.0,2.39,0.0,0.0
6.992041118,0.01,2.41,0.0,0.0
6.993056739,0.0,2.42,0.0,0.02
6.994050277,0.0,2.4,0.0,0.0
6.995058047000001,0.01,2.4,0.01,0.0
6.99604314,0.01,2.4,0.01,0.0
6.997042846,0.0,2.42,0.0,0.0
6.998045343,0.01,2.4,0.0,0.0
6.999043797000001,0.0,2.4,0.0,0.0
7.000046297000001,0.01,2.41,0.01,0.0
7.002044745,0.0,2.41,0.01,0.01
7.003060586,0.0,2.41,0.01,0.05
7.0040896,0.0,2.4,0.0,0.01
7.005102154,0.0,2.41,0.01,0.0
7.006044361000001,0.0,2.41,0.0,0.01
7.007332799,0.0,2.43,0.01,0.0
7.008073338000001,0.02,2.41,0.01,0.0
7.009100989,0.0,2.4,0.01,0.0
7.01010572,0.0,2.41,0.01,0.0
7.011147556,0.0,2.41,0.01,0.0
7.012067433,0.0,2.41,0.02,0.0
7.013100162000001,0.0,2.41,0.0,0.02
7.014107255000001,0.01,2.41,0.0,0.0
7.015109381,0.01,2.42,0.0,0.0
7.016196999000001,0.0,2.46,0.01,0.01
7.017068200000001,0.0,2.4,0.01,0.0
7.0190897,0.04,2.41,0.03,0.01
7.020055849,0.0,2.41,0.01,0.02
7.021053708,0.0,2.41,0.01,0.0
7.02208652,0.01,2.41,0.01,0.0
7.023052612000001,0.0,2.41,0.0,0.02
7.024048449,0.0,2.4,0.0,0.0
7.0250459460000005,0.03,2.43,0.0,0.02
7.026042769,0.03,2.4,0.0,0.01
7.027044405000001,0.0,2.41,0.0,0.01
7.028041561,0.0,2.4,0.0,0.01
7.029045277000001,0.0,2.41,0.01,0.0
7.030048279000001,0.0,2.41,0.0,0.0
7.0310398990000005,0.0,2.4,0.0,0.0
7.032046298,0.0,2.4,0.0,0.0
7.034044763000001,0.0,2.41,0.01,0.01
7.035057626,0.0,2.42,0.01,0.0
7.036133158,0.0,2.4,0.0,0.04
7.037168784,0.01,2.41,0.0,0.0
7.038185329,0.0,2.41,0.03,0.0
7.039145222,0.0,2.42,0.01,0.0
7.040098126,0.0,2.4,0.0,0.0
7.0410556070000005,0.0,2.41,0.01,0.0
7.042053752,0.0,2.41,0.04,0.05
7.043041685,0.0,2.4,0.0,0.0
7.044048171,0.0,2.4,0.01,0.0
7.045103064,0.0,2.41,0.0,0.03
7.046081495,0.0,2.41,0.0,0.0
7.047036736000001,0.0,2.41,0.02,0.0
7.049038512,0.0,2.41,0.01,0.0
7.050042866,0.0,2.41,0.0,0.01
7.051039855000001,0.0,2.41,0.01,0.0
7.052038726,0.05,2.38,0.05,0.02
7.053038031000001,0.01,2.41,0.0,0.0
7.054037435000001,0.0,2.42,0.01,0.0
7.055039525000001,0.0,2.44,0.01,0.0
7.056094331000001,0.0,2.41,0.0,0.0
7.057066782000001,0.0,2.41,0.0,0.01
7.058105739,0.0,2.44,0.03,0.0
7.0590440050000005,0.0,2.4,0.0,0.0
7.060051931,0.0,2.4,0.01,0.01
7.061047762,0.0,2.41,0.01,0.0
7.062045401000001,0.01,2.41,0.01,0.01
7.064044122,0.0,2.41,0.0,0.0
7.0650624330000005,0.0,2.41,0.0,0.0
7.066056831,0.0,2.4,0.01,0.0
7.067164192000001,0.01,2.41,0.0,0.0
7.068096154,0.02,2.38,0.05,0.04
7.069127291,0.01,2.41,0.0,0.0
7.070164052000001,0.01,2.41,0.01,0.0
7.0711828180000005,0.0,2.41,0.0,0.0
7.0720623300000005,0.01,2.41,0.0,0.0
7.073048179000001,0.01,2.41,0.01,0.0
7.074063081,0.01,2.42,0.0,0.03
7.075061900000001,0.0,2.41,0.0,0.0
7.076060012,0.03,2.41,0.01,0.0
7.077073823,0.01,2.41,0.01,0.0
7.0780557250000005,0.01,2.42,0.0,0.0
7.08004936,0.01,2.41,0.01,0.0
7.081051286,0.0,2.41,0.0,0.0
7.082046163,0.0,2.42,0.01,0.02
7.083116483,0.0,2.41,0.01,0.0
7.08406613,0.01,2.41,0.01,0.0
7.085056476,0.0,2.41,0.04,0.01
7.08604696,0.0,2.42,0.0,0.0
7.087106203,0.0,2.41,0.0,0.0
7.088045618000001,0.0,2.41,0.0,0.0
7.0890513330000005,0.0,2.42,0.0,0.0
7.090084288000001,0.0,2.41,0.0,0.02
7.091049580000001,0.0,2.42,0.02,0.0
7.092050735000001,0.0,2.42,0.0,0.01
7.093051806,0.01,2.41,0.01,0.0
7.095167094000001,0.0,2.41,0.01,0.0
7.096126283,0.0,2.41,0.0,0.03
7.097196769000001,0.0,2.44,0.02,0.0
7.098168340000001,0.01,2.41,0.01,0.0
7.099073683,0.0,2.43,0.0,0.01
7.100152013000001,0.0,2.41,0.0,0.0
7.101118149,0.0,2.41,0.01,0.0
7.102071465000001,0.07,2.39,0.0,0.0
7.103060655,0.0,2.42,0.01,0.0
7.104054356000001,0.0,2.39,0.0,0.01
7.105060618,0.0,2.4,0.0,0.0
7.106051925,0.0,2.39,0.0,0.0
7.107070962000001,0.0,2.39,0.0,0.0
7.109043057,0.0,2.39,0.0,0.0
7.110053427,0.0,2.39,0.01,0.0
7.111051759,0.0,2.39,0.0,0.0
7.112053381000001,0.01,2.4,0.0,0.0
7.113090349,0.01,2.39,0.0,0.0
7.114046018000001,0.0,2.39,0.0,0.0
7.115036871,0.01,2.38,0.0,0.01
7.116041405000001,0.0,2.39,0.01,0.0
7.117050932000001,0.0,2.38,0.01,0.0
7.118038554000001,0.0,2.38,0.02,0.01
7.119038175,0.0,2.39,0.01,0.01
7.120038205,0.0,2.39,0.01,0.0
7.1210626050000005,0.0,2.39,0.01,0.0
7.1220402190000005,0.02,2.39,0.0,0.0
7.123040465000001,0.0,2.39,0.0,0.0
7.125045191000001,0.01,2.38,0.0,0.0
7.1260561970000005,0.0,2.4,0.0,0.0
7.1270639000000005,0.01,2.36,0.0,0.0
7.128083821000001,0.04,2.39,0.01,0.0
7.1290637310000005,0.0,2.39,0.0,0.03
7.130078940000001,0.02,2.39,0.02,0.05
7.13106389,0.01,2.4,0.01,0.0
7.132058686000001,0.0,2.38,0.0,0.02
7.133101407000001,0.0,2.37,0.0,0.0
7.134050212,0.0,2.39,0.01,0.0
7.135125743000001,0.0,2.39,0.0,0.05
7.1361156040000004,0.01,2.39,0.01,0.0
7.1370656640000005,0.01,2.39,0.04,0.0
7.1380583070000005,0.01,2.39,0.01,0.0
7.139055796,0.0,2.39,0.0,0.0
7.141049886,0.0,2.39,0.0,0.0
7.142045812,0.02,2.38,0.0,0.0
7.143044147,0.01,2.38,0.0,0.0
7.1440474400000005,0.0,2.4,0.01,0.0
7.145071415,0.0,2.39,0.01,0.0
7.1460483880000005,0.0,2.39,0.04,0.0
7.147046540000001,0.02,2.4,0.01,0.0
7.148045795000001,0.0,2.39,0.02,0.01
7.149044456,0.0,2.39,0.0,0.0
7.150115889,0.01,2.39,0.02,0.0
7.1510697830000005,0.01,2.39,0.0,0.0
7.1521030770000005,0.0,2.39,0.0,0.0
7.1530513220000005,0.0,2.39,0.0,0.01
7.154050537000001,0.0,2.39,0.0,0.08
7.156044884000001,0.0,2.41,0.01,0.0
7.157058783,0.0,2.38,0.01,0.03
7.158048172000001,0.02,2.4,0.01,0.0
7.159064965000001,0.0,2.4,0.01,0.0
7.160049857000001,0.0,2.4,0.0,0.0
7.161046759,0.0,2.4,0.01,0.01
7.162129234,0.0,2.4,0.0,0.0
7.163126965,0.08,2.42,0.01,0.01
7.164125982000001,0.01,2.41,0.0,0.0
7.165043784000001,0.01,2.41,0.0,0.03
7.1660947880000005,0.0,2.38,0.0,0.0
7.167136500000001,0.0,2.4,0.04,0.0
7.168046273000001,0.0,2.41,0.01,0.0
7.169124458000001,0.0,2.39,0.01,0.0
7.171049917,0.0,2.39,0.0,0.0
7.172041188000001,0.02,2.4,0.0,0.0
7.173035364,0.0,2.4,0.0,0.0
7.1740482430000005,0.0,2.41,0.01,0.01
7.175038590000001,0.03,2.41,0.01,0.0
7.1760433500000005,0.01,2.41,0.0,0.0
7.1771074850000005,0.0,2.43,0.0,0.0
7.178041489000001,0.01,2.43,0.0,0.01
7.179098401,0.04,2.4,0.0,0.01
7.180038534,0.01,2.41,0.05,0.0
7.181172249,0.01,2.4,0.01,0.0
7.182111986000001,0.01,2.4,0.02,0.01
7.1830531010000005,0.0,2.4,0.0,0.01
7.185052561,0.0,2.41,0.0,0.0
7.186060840000001,0.02,2.44,0.0,0.01
7.187042481000001,0.0,2.4,0.0,0.0
7.188066442,0.0,2.42,0.0,0.0
7.1890500600000005,0.0,2.41,0.0,0.0
7.190071970000001,0.0,2.41,0.01,0.0
7.191058256000001,0.01,2.4,0.0,0.0
7.192055801,0.0,2.4,0.0,0.0
7.193049847,0.0,2.39,0.0,0.0
7.1940741710000005,0.01,2.41,0.01,0.0
7.195045364,0.01,2.4,0.01,0.0
7.196042313,0.06,2.38,0.0,0.01
7.1970435870000005,0.0,2.4,0.07,0.02
7.198044289,0.0,2.4,0.01,0.01
7.199047741,0.0,2.4,0.0,0.0
7.201035696000001,0.0,2.39,0.0,0.0
7.202089047,0.0,2.42,0.0,0.0
7.203043802000001,0.0,2.4,0.0,0.0
7.204043412000001,0.01,2.39,0.01,0.0
7.205045867000001,0.0,2.38,0.0,0.0
7.206063540000001,0.0,2.39,0.01,0.0
7.207098415000001,0.01,2.39,0.0,0.0
7.20804588,0.0,2.39,0.0,0.03
7.2091014630000005,0.0,2.39,0.01,0.0
7.210068187,0.01,2.39,0.01,0.0
7.211048191000001,0.0,2.39,0.0,0.05
7.212046515000001,0.02,2.4,0.01,0.01
7.21305183,0.01,2.39,0.0,0.0
7.214054611000001,0.01,2.38,0.0,0.0
7.216043498,0.05,2.39,0.01,0.01
7.217046343000001,0.0,2.38,0.01,0.0
7.218044242,0.01,2.39,0.01,0.0
7.219052313000001,0.0,2.39,0.02,0.09
7.220060675,0.0,2.39,0.01,0.0
7.221067177,0.01,2.38,0.01,0.01
7.222069137,0.01,2.38,0.0,0.0
7.223135088,0.0,2.38,0.0,0.0
7.224057619000001,0.0,2.38,0.0,0.0
7.22511743,0.0,2.35,0.0,0.03
7.226093757,0.0,2.39,0.0,0.0
7.227057597000001,0.0,2.38,0.0,0.0
7.228061656,0.0,2.38,0.0,0.0
7.229057869,0.0,2.38,0.0,0.0
7.23104482,0.0,2.38,0.0,0.01
7.2320524950000005,0.0,2.4,0.01,0.03
7.233044867,0.0,2.39,0.02,0.0
7.234045503000001,0.0,2.38,0.01,0.0
7.235044557,0.01,2.37,0.02,0.0
7.236048351000001,0.0,2.37,0.0,0.0
7.237042529000001,0.01,2.39,0.02,0.0
7.238052682,0.0,2.38,0.01,0.0
7.239055847,0.0,2.37,0.0,0.0
7.2400552000000005,0.0,2.37,0.01,0.0
7.241122079,0.01,2.37,0.0,0.0
7.2420820500000005,0.01,2.37,0.0,0.01
7.243084059,0.0,2.36,0.01,0.0
7.244080998,0.0,2.34,0.01,0.0
7.246065763000001,0.0,2.34,0.01,0.0
7.247059285000001,0.0,2.37,0.01,0.0
7.248058101000001,0.0,2.36,0.03,0.0
7.249065505000001,0.0,2.35,0.0,0.0
7.250065495,0.0,2.36,0.01,0.0
7.251054259000001,0.01,2.27,0.05,0.04
7.252079748000001,0.01,2.38,0.0,0.0
7.25306297,0.03,2.37,0.0,0.0
7.2540887650000005,0.0,2.39,0.0,0.0
7.255077649,0.01,2.37,0.01,0.0
7.256120689,0.02,2.37,0.0,0.0
7.25708177,0.01,2.35,0.03,0.07
7.258062065000001,0.0,2.36,0.0,0.0
7.259050705000001,0.0,2.34,0.0,0.0
7.261044320000001,0.01,2.37,0.01,0.0
7.262045887,0.0,2.37,0.01,0.01
7.263040443,0.0,2.36,0.01,0.0
7.264045863000001,0.0,2.37,0.01,0.06
7.265046423,0.0,2.35,0.0,0.0
7.266106957000001,0.0,2.36,0.01,0.0
7.267052448,0.0,2.36,0.01,0.0
7.26806133,0.0,2.39,0.0,0.0
7.269061572,0.0,2.36,0.0,0.0
7.270057435,0.0,2.36,0.01,0.0
7.271066917000001,0.0,2.36,0.01,0.0
7.272058762,0.0,2.37,0.02,0.0
7.273090103,0.01,2.36,0.01,0.0
7.274071403000001,0.03,2.35,0.03,0.0
7.276052978,0.0,2.36,0.03,0.0
7.277054019,0.0,2.34,0.02,0.0
7.278054958,0.01,2.36,0.0,0.0
7.2790492460000005,0.0,2.36,0.0,0.0
7.28004587,0.01,2.37,0.01,0.0
7.281059294,0.02,2.37,0.0,0.0
7.282108495,0.0,2.36,0.01,0.0
7.2830559070000005,0.0,2.35,0.0,0.0
7.284057393,0.01,2.37,0.01,0.0
7.285113417000001,0.0,2.37,0.01,0.0
7.286054365,0.0,2.35,0.05,0.0
7.287045191000001,0.0,2.37,0.0,0.0
7.2880617260000005,0.0,2.35,0.0,0.0
7.289090101,0.0,2.37,0.0,0.0
7.290071161,0.0,2.35,0.0,0.0
7.292062885000001,0.0,2.39,0.0,0.0
7.2930774320000005,0.0,2.37,0.0,0.01
7.294054611000001,0.0,2.36,0.01,0.0
7.295059345,0.0,2.36,0.0,0.02
7.296059873000001,0.0,2.36,0.0,0.0
7.297047948,0.0,2.36,0.01,0.0
7.298134768000001,0.02,2.39,0.0,0.0
7.2991184140000005,0.0,2.36,0.01,0.0
7.300049345000001,0.01,2.35,0.01,0.0
7.301053597,0.0,2.35,0.01,0.0
7.302049047000001,0.0,2.35,0.0,0.0
7.3030647040000005,0.0,2.35,0.01,0.0
7.3050894920000005,0.01,2.36,0.0,0.02
7.3060566730000005,0.0,2.35,0.0,0.01
7.307080944000001,0.06,2.33,0.0,0.0
7.3080667550000005,0.0,2.35,0.01,0.0
7.309142546,0.0,2.35,0.0,0.0
7.310050143000001,0.0,2.35,0.01,0.0
7.311053006000001,0.01,2.35,0.0,0.0
7.3120573900000005,0.0,2.35,0.0,0.02
7.313066348,0.0,2.35,0.0,0.04
7.314125816000001,0.0,2.35,0.0,0.0
7.315142440000001,0.0,2.35,0.01,0.0
7.316060356,0.0,2.35,0.01,0.0
7.317047617,0.0,2.34,0.0,0.0
7.318095276,0.0,2.35,0.0,0.0
7.3190671510000005,0.0,2.35,0.0,0.0
7.320059913000001,0.02,2.35,0.01,0.01
7.321147184000001,0.01,2.35,0.01,0.01
7.32306127,0.0,2.35,0.02,0.0
7.324129806,0.0,2.35,0.0,0.0
7.325055457,0.01,2.38,0.11,0.07
7.326056644,0.0,2.35,0.0,0.0
7.327054810000001,0.0,2.35,0.01,0.01
7.328041884,0.0,2.36,0.0,0.01
7.329045844,0.0,2.34,0.0,0.01
7.330049221,0.01,2.34,0.01,0.0
7.331047815000001,0.0,2.35,0.0,0.01
7.3320408420000005,0.0,2.36,0.01,0.01
7.333047928,0.0,2.31,0.01,0.03
7.334049252000001,0.01,2.35,0.03,0.0
7.336047763000001,0.0,2.31,0.01,0.0
7.3370637180000005,0.01,2.32,0.0,0.0
7.3380473450000006,0.03,2.34,0.01,0.0
7.3390505180000005,0.0,2.32,0.01,0.0
7.340042599,0.0,2.32,0.0,0.0
7.341041344000001,0.0,2.32,0.0,0.0
7.342098544000001,0.01,2.32,0.01,0.01
7.343097597000001,0.01,2.31,0.01,0.0
7.344060214000001,0.01,2.31,0.0,0.0
7.345055737,0.0,2.31,0.0,0.03
7.346058491000001,0.0,2.32,0.0,0.0
7.347123841,0.0,2.33,0.0,0.0
7.348065346,0.01,2.31,0.0,0.0
7.349065644,0.0,2.3,0.0,0.0
7.3500482730000005,0.0,2.3,0.01,0.0
7.352049112,0.01,2.3,0.01,0.01
7.353081990000001,0.0,2.31,0.01,0.0
7.354109522000001,0.0,2.31,0.0,0.0
7.355050719,0.01,2.31,0.03,0.0
7.356043423,0.0,2.31,0.01,0.0
7.357062093000001,0.0,2.3,0.01,0.0
7.358051913000001,0.0,2.32,0.0,0.0
7.359046865000001,0.01,2.28,0.0,0.01
7.360041531,0.0,2.3,0.01,0.0
7.361042471,0.0,2.3,0.01,0.01
7.362045908000001,0.0,2.31,0.01,0.0
7.363046058,0.01,2.3,0.0,0.0
7.3640489790000005,0.0,2.3,0.0,0.0
7.366040149000001,0.02,2.3,0.01,0.01
7.367042617,0.0,2.31,0.01,0.0
7.368057952,0.02,2.29,0.01,0.01
7.369144943,0.0,2.28,0.0,0.0
7.370070426000001,0.0,2.29,0.01,0.0
7.371049757000001,0.0,2.27,0.02,0.0
7.372044382,0.01,2.29,0.02,0.0
7.373095141,0.0,2.29,0.02,0.0
7.374094161,0.0,2.29,0.0,0.0
7.375055657000001,0.01,2.26,0.0,0.02
7.376050781000001,0.03,2.28,0.01,0.01
7.377043197000001,0.01,2.28,0.01,0.0
7.378047879,0.0,2.27,0.0,0.01
7.379054878000001,0.0,2.27,0.0,0.0
7.380063557000001,0.0,2.27,0.0,0.0
7.381050238,0.01,2.27,0.0,0.0
7.3830636830000005,0.0,2.27,0.01,0.0
7.384041600000001,0.0,2.27,0.0,0.0
7.385121189,0.0,2.28,0.0,0.0
7.38605233,0.0,2.26,0.0,0.01
7.387077179,0.01,2.26,0.0,0.0
7.388044113,0.0,2.27,0.02,0.03
7.389043787,0.0,2.27,0.0,0.0
7.390043199000001,0.0,2.26,0.01,0.0
7.3910430830000005,0.0,2.25,0.01,0.0
7.392043634,0.0,2.26,0.01,0.0
7.393047587000001,0.01,2.3,0.0,0.01
7.394040528000001,0.0,2.26,0.0,0.01
7.395044562000001,0.01,2.25,0.0,0.0
7.39604318,0.0,2.25,0.0,0.0
7.398039994,0.0,2.26,0.0,0.0
7.399041934,0.0,2.26,0.01,0.0
7.400046513,0.0,2.26,0.0,0.0
7.401068926000001,0.0,2.26,0.01,0.01
7.402051979,0.0,2.26,0.01,0.0
7.403047467,0.03,2.25,0.0,0.0
7.4040903170000005,0.0,2.27,0.0,0.05
7.4050596760000005,0.0,2.25,0.0,0.0
7.406070894000001,0.0,2.25,0.01,0.0
7.407049942,0.0,2.26,0.0,0.01
7.408042233000001,0.01,2.25,0.03,0.0
7.409040722,0.0,2.26,0.01,0.01
7.410042898,0.0,2.24,0.0,0.01
7.411043805,0.01,2.25,0.01,0.0
7.412054619,0.0,2.25,0.03,0.01
7.414038962,0.0,2.25,0.0,0.03
7.415045683000001,0.0,2.26,0.02,0.0
7.416042882,0.02,2.25,0.01,0.0
7.417075231,0.0,2.26,0.01,0.0
7.418050444,0.0,2.23,0.0,0.0
7.419046103,0.0,2.25,0.0,0.02
7.420043655000001,0.0,2.26,0.0,0.01
7.421051499000001,0.01,2.22,0.05,0.01
7.422044577,0.01,2.26,0.0,0.01
7.42304953,0.0,2.25,0.0,0.01
7.4241008630000005,0.01,2.26,0.01,0.01
7.425045496,0.01,2.25,0.0,0.0
7.426046021,0.0,2.26,0.01,0.0
7.428040371000001,0.0,2.25,0.0,0.0
7.429042617,0.0,2.25,0.01,0.0
7.430041822000001,0.0,2.25,0.01,0.0
7.431045199000001,0.01,2.25,0.03,0.0
7.432065733000001,0.0,2.26,0.01,0.01
7.433069602000001,0.0,2.26,0.0,0.0
7.434056226,0.06,2.25,0.02,0.0
7.435088829000001,0.0,2.28,0.05,0.06
7.436078512000001,0.01,2.26,0.0,0.0
7.437055507,0.0,2.26,0.0,0.0
7.438057508000001,0.0,2.26,0.01,0.0
7.439090945,0.0,2.26,0.0,0.0
7.440075559,0.0,2.26,0.01,0.01
7.441060632,0.09,2.2,0.07,0.0
7.443041967,0.01,2.28,0.01,0.0
7.444058665000001,0.01,2.26,0.01,0.0
7.445041329,0.01,2.29,0.0,0.01
7.446044582000001,0.0,2.26,0.01,0.0
7.447044713,0.0,2.22,0.01,0.0
7.448042775,0.01,2.26,0.0,0.01
7.449069870000001,0.0,2.26,0.0,0.0
7.450064202,0.0,2.26,0.0,0.0
7.451046918,0.0,2.31,0.01,0.06
7.452050709000001,0.01,2.27,0.0,0.0
7.453041783000001,0.01,2.26,0.0,0.01
7.454048284000001,0.01,2.27,0.01,0.0
7.455050033,0.03,2.27,0.05,0.01
7.456046580000001,0.0,2.27,0.0,0.0
7.458038578,0.05,2.23,0.0,0.01
7.459041505,0.0,2.27,0.0,0.0
7.4600456920000005,0.0,2.27,0.0,0.0
7.461055078,0.0,2.29,0.01,0.01
7.462042547,0.0,2.27,0.0,0.0
7.463041787000001,0.0,2.25,0.0,0.0
7.464090082,0.0,2.27,0.01,0.0
7.465131378000001,0.0,2.26,0.01,0.03
7.466082717000001,0.04,2.27,0.0,0.0
7.46705411,0.0,2.27,0.0,0.0
7.468051257000001,0.01,2.27,0.0,0.0
7.469048255000001,0.0,2.27,0.01,0.0
7.470053754,0.01,2.25,0.0,0.0
7.472045599,0.0,2.27,0.0,0.01
7.473051444,0.0,2.27,0.01,0.0
7.474045076,0.0,2.27,0.01,0.01
7.475045742000001,0.0,2.27,0.01,0.0
7.476037251,0.0,2.28,0.0,0.01
7.477049171000001,0.0,2.28,0.0,0.0
7.4780435910000005,0.0,2.28,0.0,0.01
7.479055347,0.0,2.28,0.01,0.0
7.480043872,0.0,2.29,0.0,0.0
7.481071364000001,0.0,2.28,0.0,0.0
7.482048138000001,0.0,2.27,0.0,0.0
7.483045382,0.01,2.29,0.02,0.0
7.484047112000001,0.0,2.28,0.01,0.0
7.485049775,0.01,2.27,0.01,0.0
7.4870399480000005,0.0,2.25,0.03,0.03
7.48804214,0.0,2.27,0.02,0.01
7.489041463,0.0,2.29,0.0,0.01
7.490040443000001,0.0,2.29,0.0,0.0
7.491039773000001,0.01,2.29,0.0,0.0
7.49204805,0.0,2.3,0.0,0.0
7.493040899,0.01,2.25,0.01,0.0
7.494046472000001,0.0,2.32,0.03,0.01
7.495099948000001,0.0,2.3,0.01,0.0
7.496062775,0.01,2.29,0.01,0.01
7.497082458,0.02,2.28,0.0,0.0
7.4981431800000005,0.01,2.28,0.0,0.0
7.499068975,0.0,2.24,0.0,0.0
7.50012636,0.0,2.27,0.01,0.0
7.501117232,0.0,2.28,0.02,0.12
7.503037474,0.01,2.33,0.03,0.0
7.504046595,0.0,2.28,0.01,0.01
7.505055990000001,0.0,2.29,0.01,0.0
7.506038179000001,0.01,2.29,0.01,0.0
7.507037404,0.01,2.27,0.01,0.0
7.508039414000001,0.0,2.29,0.01,0.0
7.509046387000001,0.01,2.29,0.0,0.0
7.510104856000001,0.01,2.29,0.0,0.0
7.5111024010000005,0.01,2.31,0.03,0.03
7.512144474,0.0,2.29,0.0,0.01
7.513078947,0.0,2.29,0.0,0.03
7.51405786,0.01,2.3,0.01,0.01
7.515058752000001,0.0,2.29,0.01,0.03
7.516053955,0.0,2.29,0.0,0.0
7.518049456000001,0.06,2.29,0.0,0.0
7.519041318,0.0,2.3,0.01,0.05
7.5200521170000005,0.01,2.3,0.0,0.0
7.521111992000001,0.0,2.29,0.0,0.0
7.5220658170000005,0.0,2.3,0.0,0.0
7.523061836,0.01,2.3,0.01,0.0
7.524056027,0.02,2.3,0.0,0.01
7.525115253,0.0,2.3,0.0,0.0
7.526059042000001,0.04,2.3,0.01,0.0
7.527061437,0.0,2.3,0.03,0.0
7.528074631000001,0.0,2.28,0.0,0.01
7.529090807,0.01,2.25,0.06,0.01
7.53007963,0.0,2.31,0.0,0.0
7.532061146,0.02,2.3,0.0,0.0
7.533046077000001,0.04,2.28,0.0,0.0
7.534050594000001,0.0,2.3,0.02,0.01
7.535046534,0.03,2.26,0.0,0.01
7.536045062,0.01,2.31,0.01,0.0
7.537044883,0.0,2.3,0.0,0.0
7.538047764000001,0.0,2.33,0.0,0.0
7.539042026000001,0.01,2.31,0.01,0.0
7.540044369,0.0,2.31,0.01,0.0
7.5410473520000005,0.0,2.31,0.0,0.0
7.542043432000001,0.0,2.32,0.01,0.0
7.5430403020000005,0.0,2.32,0.0,0.0
7.544054310000001,0.0,2.31,0.0,0.0
7.54506893,0.0,2.31,0.01,0.01
7.546114070000001,0.0,2.32,0.0,0.0
7.5480598180000005,0.05,2.28,0.02,0.0
7.549057135000001,0.0,2.31,0.01,0.05
7.550056679000001,0.0,2.32,0.01,0.0
7.551060388000001,0.0,2.32,0.0,0.0
7.552052445,0.0,2.32,0.0,0.0
7.553058010000001,0.0,2.33,0.0,0.0
7.554051665,0.01,2.32,0.0,0.0
7.5550538220000005,0.0,2.32,0.01,0.0
7.556077944,0.01,2.33,0.0,0.0
7.557049805,0.0,2.33,0.01,0.01
7.558054354,0.0,2.33,0.0,0.0
7.5590569510000005,0.0,2.33,0.01,0.0
7.560072787,0.0,2.33,0.01,0.0
7.561100746,0.0,2.34,0.0,0.0
7.5630647820000005,0.0,2.29,0.01,0.02
7.564060397,0.0,2.35,0.03,0.01
7.565065164000001,0.0,2.35,0.0,0.0
7.566049782,0.0,2.38,0.0,0.0
7.567043429000001,0.01,2.35,0.0,0.01
7.568038447,0.0,2.3,0.01,0.0
7.569052415000001,0.05,2.26,0.0,0.02
7.570056936,0.0,2.35,0.0,0.0
7.571101646000001,0.01,2.35,0.0,0.0
7.572054110000001,0.03,2.35,0.01,0.01
7.573044564000001,0.03,2.34,0.01,0.0
7.574049385,0.0,2.36,0.0,0.07
7.575039168000001,0.0,2.35,0.01,0.0
7.576053374000001,0.0,2.34,0.0,0.0
7.577085577,0.0,2.37,0.0,0.03
7.579041773,0.0,2.35,0.0,0.0
7.580042228000001,0.0,2.35,0.01,0.0
7.581050328000001,0.01,2.42,0.0,0.04
7.582046651000001,0.0,2.33,0.0,0.0
7.583118411,0.0,2.35,0.0,0.01
7.584054363000001,0.01,2.35,0.0,0.0
7.585050522,0.01,2.35,0.0,0.0
7.58607515,0.0,2.35,0.0,0.0
7.5870602730000005,0.0,2.37,0.01,0.0
7.5880520240000005,0.01,2.35,0.01,0.01
7.589062719,0.0,2.35,0.01,0.0
7.590147354000001,0.0,2.35,0.0,0.01
7.591054512,0.0,2.34,0.02,0.0
7.5920745080000005,0.0,2.35,0.0,0.02
7.594069040000001,0.0,2.35,0.0,0.0
7.595063394,0.0,2.35,0.01,0.0
7.596159301,0.0,2.35,0.0,0.02
7.59706903,0.0,2.35,0.01,0.01
7.5981105300000005,0.0,2.34,0.01,0.0
7.5990672130000005,0.0,2.35,0.0,0.0
7.600056641,0.01,2.36,0.0,0.0
7.601043557000001,0.0,2.35,0.0,0.0
7.602152172,0.0,2.36,0.06,0.01
7.603117868000001,0.0,2.35,0.0,0.0
7.604079585,0.0,2.32,0.0,0.0
7.60504916,0.01,2.34,0.02,0.04
7.606053741,0.02,2.35,0.0,0.0
7.608055893,0.0,2.35,0.01,0.01
7.60908356,0.0,2.38,0.0,0.0
7.6100492200000005,0.0,2.35,0.0,0.0
7.6110480670000005,0.0,2.34,0.0,0.0
7.612055994,0.04,2.33,0.0,0.0
7.613045012000001,0.04,2.34,0.06,0.01
7.614038574,0.0,2.36,0.02,0.0
7.615043527,0.07,2.35,0.01,0.0
7.616045189,0.0,2.36,0.01,0.01
7.617064738000001,0.0,2.35,0.01,0.01
7.618051881,0.01,2.36,0.0,0.0
7.619063727,0.01,2.35,0.01,0.0
7.6200547940000005,0.0,2.37,0.01,0.0
7.621076736000001,0.0,2.36,0.0,0.01
7.622078003,0.0,2.36,0.02,0.01
7.624043386,0.0,2.37,0.0,0.02
7.625072129,0.0,2.36,0.02,0.01
7.626057499000001,0.01,2.34,0.0,0.0
7.627126358000001,0.01,2.38,0.0,0.0
7.628046481,0.01,2.37,0.0,0.0
7.629041900000001,0.0,2.36,0.01,0.0
7.630045714,0.0,2.36,0.0,0.0
7.631045899,0.0,2.42,0.01,0.0
7.632103612000001,0.0,2.36,0.03,0.01
7.633044037,0.0,2.36,0.01,0.02
7.634039431000001,0.0,2.37,0.0,0.0
7.635048374,0.01,2.38,0.01,0.01
7.636067585,0.01,2.37,0.0,0.01
7.6370417680000005,0.0,2.37,0.0,0.0
7.639042215000001,0.0,2.37,0.01,0.0
7.640061362000001,0.01,2.37,0.0,0.0
7.641065629000001,0.0,2.38,0.01,0.0
7.642059905000001,0.0,2.37,0.04,0.01
7.643052089,0.0,2.39,0.01,0.0
7.644055532,0.02,2.37,0.01,0.0
7.6450516440000005,0.01,2.38,0.0,0.0
7.646037559000001,0.0,2.38,0.01,0.0
7.647048471000001,0.01,2.37,0.01,0.0
7.648049173,0.0,2.44,0.05,0.0
7.649046682000001,0.01,2.37,0.0,0.0
7.650045179,0.03,2.37,0.01,0.0
7.6511753890000005,0.0,2.37,0.0,0.0
7.6521312020000005,0.0,2.4,0.0,0.0
7.6540838110000005,0.02,2.38,0.01,0.05
7.655185595000001,0.0,2.38,0.01,0.0
7.656062198000001,0.02,2.36,0.0,0.0
7.657074751000001,0.0,2.39,0.01,0.01
7.658048378,0.0,2.37,0.0,0.04
7.659048477000001,0.0,2.38,0.0,0.0
7.660042028,0.0,2.38,0.01,0.0
7.661072118000001,0.0,2.38,0.01,0.0
7.66205488,0.0,2.38,0.01,0.0
7.663053055000001,0.0,2.38,0.01,0.01
7.664051813,0.0,2.38,0.01,0.0
7.665045325,0.01,2.38,0.0,0.0
7.666048325,0.0,2.39,0.01,0.02
7.667051413,0.0,2.39,0.0,0.0
7.669071392,0.01,2.38,0.0,0.0
7.670046793000001,0.0,2.38,0.01,0.0
7.671047723,0.0,2.38,0.0,0.0
7.672049402000001,0.0,2.38,0.0,0.0
7.673077119,0.0,2.38,0.01,0.01
7.674061394000001,0.0,2.38,0.01,0.0
7.675060058000001,0.01,2.34,0.01,0.0
7.676055833,0.0,2.38,0.0,0.0
7.677051686,0.0,2.38,0.01,0.0
7.678053695000001,0.0,2.38,0.0,0.0
7.679054979000001,0.01,2.38,0.0,0.0
7.680094852000001,0.0,2.38,0.0,0.0
7.681042745,0.0,2.37,0.0,0.0
7.682052478,0.01,2.32,0.03,0.07
7.6840608150000005,0.0,2.38,0.0,0.0
7.685059516000001,0.0,2.33,0.0,0.0
7.686060278,0.0,2.38,0.01,0.0
7.687074845000001,0.0,2.39,0.0,0.0
7.688054175,0.01,2.38,0.0,0.01
7.689064674000001,0.0,2.38,0.0,0.0
7.690142997000001,0.0,2.38,0.0,0.0
7.691112309,0.0,2.38,0.01,0.04
7.6920812860000005,0.01,2.38,0.01,0.05
7.693086474,0.0,2.39,0.0,0.0
7.694086314000001,0.01,2.38,0.01,0.06
7.695112341000001,0.0,2.38,0.01,0.01
7.696097574,0.0,2.39,0.01,0.0
7.697152143,0.04,2.36,0.07,0.0
7.699108406000001,0.0,2.38,0.01,0.0
7.700048521,0.0,2.37,0.01,0.0
7.701046997000001,0.0,2.38,0.0,0.0
7.702089928,0.02,2.38,0.02,0.01
7.703085004,0.0,2.39,0.01,0.0
7.704093125000001,0.01,2.38,0.0,0.01
7.705108308000001,0.0,2.39,0.0,0.02
7.706093118,0.0,2.39,0.01,0.0
7.707144702000001,0.01,2.38,0.01,0.0
7.7080491570000005,0.0,2.39,0.01,0.0
7.709049449,0.02,2.36,0.01,0.0
7.710045031000001,0.01,2.38,0.0,0.01
7.711044209000001,0.0,2.38,0.0,0.01
7.712045167,0.0,2.39,0.01,0.01
7.714428648,0.0,2.38,0.0,0.0
7.715144744000001,0.0,2.38,0.01,0.0
7.7161581340000005,0.0,2.38,0.0,0.0
7.717214875000001,0.0,2.39,0.01,0.0
7.71814856,0.0,2.37,0.0,0.01
7.719074262,0.0,2.37,0.0,0.0
7.720072352000001,0.0,2.38,0.0,0.0
7.72107481,0.0,2.38,0.02,0.0
7.722076486000001,0.0,2.4,0.0,0.01
7.723082442000001,0.0,2.39,0.0,0.0
7.724097034000001,0.07,2.4,0.01,0.02
7.725080631000001,0.0,2.38,0.0,0.0
7.726122839,0.0,2.37,0.0,0.01
7.727063405000001,0.0,2.38,0.0,0.0
7.729085392000001,0.0,2.38,0.05,0.0
7.730063432000001,0.01,2.39,0.01,0.01
7.731043662,0.0,2.38,0.05,0.0
7.732099769,0.0,2.44,0.01,0.0
7.7330424760000005,0.0,2.38,0.0,0.0
7.734045694000001,0.01,2.4,0.01,0.0
7.7350435200000005,0.0,2.39,0.0,0.0
7.7361187110000005,0.0,2.38,0.0,0.0
7.7370484170000005,0.0,2.37,0.0,0.0
7.738043115000001,0.0,2.38,0.0,0.0
7.739042359000001,0.0,2.41,0.01,0.0
7.740042224000001,0.0,2.37,0.01,0.0
7.741044443000001,0.0,2.37,0.0,0.01
7.743043363000001,0.0,2.37,0.01,0.0
7.7440590270000005,0.0,2.37,0.01,0.0
7.745045660000001,0.0,2.36,0.0,0.0
7.746063121000001,0.0,2.36,0.01,0.03
7.747074337000001,0.01,2.37,0.01,0.0
7.748106122,0.0,2.36,0.0,0.0
7.749044336000001,0.01,2.36,0.0,0.0
7.750037227000001,0.0,2.37,0.01,0.0
7.751038104,0.01,2.35,0.0,0.0
7.752057019,0.0,2.37,0.0,0.0
7.753129972000001,0.0,2.36,0.01,0.0
7.754044650000001,0.0,2.37,0.0,0.01
7.755053222000001,0.0,2.36,0.01,0.01
7.75703893,0.0,2.36,0.0,0.01
7.758036856,0.01,2.36,0.01,0.01
7.759047719000001,0.01,2.35,0.05,0.0
7.760044839000001,0.02,2.37,0.0,0.02
7.7610536670000005,0.0,2.36,0.0,0.01
7.762045649,0.0,2.36,0.01,0.0
7.763041836,0.01,2.35,0.0,0.0
7.764041554,0.01,2.38,0.0,0.01
7.765051221,0.0,2.35,0.0,0.01
7.766050124,0.0,2.35,0.0,0.01
7.76704607,0.0,2.38,0.01,0.0
7.768146809,0.0,2.38,0.02,0.0
7.769065574000001,0.0,2.36,0.0,0.0
7.770062029000001,0.01,2.35,0.0,0.01
7.771048952,0.01,2.38,0.01,0.0
7.7720451100000005,0.0,2.35,0.01,0.0
7.774040579,0.0,2.37,0.0,0.0
7.775068106000001,0.01,2.3,0.0,0.0
7.776061146000001,0.01,2.35,0.0,0.0
7.777051083000001,0.04,2.36,0.01,0.0
7.778040882000001,0.0,2.35,0.0,0.02
7.7790597230000005,0.0,2.35,0.01,0.0
7.780268588,0.0,2.35,0.0,0.0
7.781075689000001,0.0,2.34,0.0,0.0
7.782101681,0.0,2.35,0.01,0.0
7.783103899,0.0,2.35,0.0,0.01
7.784105471,0.0,2.35,0.0,0.0
7.785101017000001,0.02,2.42,0.01,0.0
7.786063429,0.0,2.34,0.01,0.0
7.7870523380000005,0.0,2.35,0.03,0.0
7.789038512,0.0,2.32,0.0,0.0
7.790045255000001,0.01,2.31,0.0,0.0
7.791102013000001,0.03,2.3,0.0,0.01
7.792043178,0.0,2.31,0.04,0.0
7.793048895,0.0,2.3,0.0,0.0
7.794120444000001,0.0,2.29,0.0,0.0
7.795041295000001,0.01,2.29,0.01,0.0
7.796093003,0.02,2.29,0.01,0.0
7.7970391480000005,0.01,2.28,0.0,0.0
7.798041983,0.0,2.28,0.0,0.01
7.799042308000001,0.0,2.29,0.02,0.0
7.8000624730000006,0.0,2.29,0.01,0.0
7.801079947000001,0.0,2.29,0.02,0.0
7.802061609000001,0.0,2.28,0.0,0.0
7.8040438750000005,0.0,2.29,0.0,0.0
7.8050488520000005,0.01,2.27,0.01,0.0
7.806094184000001,0.01,2.32,0.06,0.01
7.807069096,0.01,2.25,0.01,0.0
7.808070868000001,0.0,2.26,0.01,0.0
7.809070282,0.0,2.27,0.0,0.0
7.8100546170000005,0.03,2.27,0.01,0.0
7.811054177000001,0.0,2.22,0.0,0.01
7.812047529000001,0.0,2.27,0.01,0.02
7.813068969000001,0.0,2.27,0.01,0.0
7.814057606,0.0,2.28,0.0,0.0
7.815080620000001,0.0,2.29,0.0,0.0
7.816051648,0.0,2.25,0.0,0.02
7.8170854080000005,0.0,2.23,0.01,0.01
7.818063328000001,0.01,2.27,0.0,0.04
7.819155105,0.0,2.25,0.01,0.0
7.821039388000001,0.0,2.25,0.01,0.0
7.822047971000001,0.0,2.28,0.01,0.01
7.823044762,0.0,2.25,0.01,0.0
7.824046644,0.0,2.25,0.01,0.0
7.825047589,0.01,2.22,0.05,0.03
7.826104453,0.01,2.25,0.0,0.0
7.827043301000001,0.01,2.25,0.01,0.0
7.828048205000001,0.0,2.25,0.0,0.01
7.829045699000001,0.0,2.24,0.01,0.0
7.830044443,0.0,2.23,0.01,0.0
7.831125486,0.01,2.24,0.01,0.0
7.832047509000001,0.0,2.22,0.01,0.0
7.833114211000001,0.0,2.24,0.0,0.0
7.835054264,0.11,2.26,0.01,0.0
7.836047907,0.0,2.22,0.0,0.01
7.837107577,0.01,2.23,0.0,0.01
7.8380894770000005,0.0,2.23,0.0,0.0
7.839067035,0.0,2.23,0.0,0.0
7.840070151000001,0.0,2.23,0.01,0.0
7.841055133,0.01,2.25,0.0,0.01
7.842044187000001,0.01,2.23,0.01,0.0
7.843043329,0.0,2.23,0.01,0.0
7.8440550060000005,0.0,2.2,0.0,0.0
7.845046965000001,0.0,2.22,0.0,0.01
7.846054367000001,0.0,2.23,0.01,0.0
7.847039263,0.0,2.22,0.0,0.0
7.848049897,0.0,2.23,0.0,0.0
7.8500523630000005,0.02,2.18,0.01,0.03
7.851047572000001,0.0,2.25,0.0,0.0
7.852041560000001,0.0,2.19,0.0,0.0
7.853041232000001,0.0,2.22,0.0,0.03
7.8540410540000005,0.0,2.23,0.01,0.01
7.855039421000001,0.0,2.2,0.01,0.0
7.856039085000001,0.0,2.18,0.04,0.0
7.857074022000001,0.0,2.24,0.01,0.0
7.858053963000001,0.0,2.22,0.0,0.0
7.859047459,0.0,2.22,0.0,0.0
7.860047329,0.0,2.22,0.01,0.0
7.861050922,0.0,2.22,0.01,0.0
7.862051836000001,0.0,2.22,0.0,0.0
7.864042081000001,0.0,2.21,0.0,0.0
7.865051575000001,0.0,2.22,0.0,0.01
7.866046828000001,0.0,2.22,0.0,0.0
7.867050463000001,0.0,2.22,0.01,0.02
7.868048283,0.0,2.22,0.01,0.0
7.869060438000001,0.0,2.21,0.0,0.0
7.870070472,0.01,2.21,0.01,0.0
7.871163043,0.01,2.23,0.01,0.0
7.872103977,0.01,2.2,0.0,0.0
7.873049222000001,0.0,2.21,0.01,0.01
7.874041713,0.0,2.23,0.01,0.01
7.875042267,0.0,2.21,0.0,0.0
7.8760451090000005,0.0,2.22,0.01,0.0
7.877068179,0.0,2.21,0.0,0.0
7.8780521210000005,0.0,2.21,0.0,0.0
7.8800470030000005,0.0,2.21,0.0,0.0
7.881097748,0.01,2.21,0.01,0.0
7.882043821000001,0.01,2.21,0.01,0.0
7.883041945,0.01,2.22,0.0,0.01
7.884065811,0.01,2.22,0.01,0.01
7.885043683,0.02,2.21,0.0,0.0
7.886040116,0.0,2.22,0.0,0.0
7.887040306,0.01,2.23,0.0,0.0
7.888040359000001,0.0,2.22,0.0,0.0
7.889048683,0.01,2.21,0.0,0.02
7.890058946000001,0.01,2.21,0.0,0.0
7.891045862,0.0,2.21,0.01,0.0
7.8920472770000005,0.01,2.21,0.0,0.05
7.894045812000001,0.01,2.21,0.0,0.0
7.8950428950000004,0.01,2.21,0.0,0.02
7.896044218,0.0,2.18,0.0,0.0
7.8970418780000005,0.0,2.2,0.0,0.01
7.89812517,0.01,2.2,0.01,0.0
7.8990624380000005,0.01,2.2,0.0,0.0
7.900104239000001,0.0,2.2,0.01,0.01
7.901062839000001,0.0,2.19,0.01,0.0
7.902042290000001,0.02,2.2,0.0,0.0
7.903046192000001,0.0,2.2,0.0,0.07
7.904058527,0.01,2.21,0.01,0.0
7.9051087650000005,0.0,2.18,0.0,0.0
7.906052415,0.0,2.2,0.0,0.01
7.907106384,0.0,2.2,0.01,0.0
7.90804167,0.0,2.19,0.01,0.01
7.910039123000001,0.0,2.19,0.01,0.0
7.911102164000001,0.0,2.18,0.01,0.0
7.912049814,0.0,2.18,0.0,0.02
7.913102458000001,0.01,2.19,0.01,0.01
7.9140521150000005,0.01,2.18,0.02,0.03
7.915091833000001,0.0,2.2,0.0,0.02
7.916117167,0.0,2.19,0.0,0.01
7.917114307,0.0,2.2,0.0,0.01
7.918158873,0.0,2.19,0.0,0.0
7.919053463000001,0.04,2.19,0.0,0.0
7.920151791,0.0,2.17,0.0,0.01
7.921111697000001,0.0,2.2,0.0,0.02
7.922054419,0.0,2.19,0.01,0.0
7.923050193000001,0.0,2.19,0.0,0.0
7.925043821000001,0.0,2.19,0.01,0.0
7.926042716,0.0,2.18,0.01,0.01
7.927047871,0.0,2.17,0.03,0.01
7.928045942000001,0.0,2.19,0.01,0.0
7.929047293000001,0.0,2.19,0.0,0.0
7.930047648,0.0,2.19,0.0,0.0
7.9310483640000005,0.0,2.2,0.01,0.0
7.932071475000001,0.0,2.2,0.0,0.0
7.933056927000001,0.0,2.22,0.0,0.0
7.934052458000001,0.0,2.21,0.0,0.0
7.935059976000001,0.0,2.21,0.04,0.01
7.936051789,0.01,2.24,0.06,0.01
7.937051358000001,0.01,2.21,0.01,0.0
7.938040834000001,0.0,2.21,0.0,0.0
7.939123446000001,0.0,2.22,0.0,0.0
7.941037994,0.0,2.22,0.01,0.0
7.9420362970000005,0.01,2.21,0.01,0.01
7.943046686000001,0.0,2.21,0.01,0.0
7.944049515000001,0.01,2.22,0.01,0.0
7.9450424,0.0,2.21,0.0,0.04
7.946048818,0.02,2.22,0.01,0.0
7.947040250000001,0.01,2.14,0.0,0.0
7.9480391390000005,0.0,2.22,0.0,0.05
7.949047915,0.0,2.21,0.0,0.0
7.9500559200000005,0.0,2.22,0.0,0.0
7.951047954000001,0.0,2.21,0.0,0.01
7.952098322,0.0,2.22,0.01,0.0
7.953051577,0.01,2.2,0.04,0.0
7.955040173,0.0,2.22,0.01,0.0
7.956040086000001,0.01,2.2,0.0,0.0
7.9570407880000005,0.02,2.22,0.0,0.0
7.958041055000001,0.0,2.21,0.0,0.0
7.959043617000001,0.0,2.22,0.0,0.0
7.960046791000001,0.0,2.22,0.01,0.0
7.96104985,0.0,2.22,0.01,0.0
7.962151111000001,0.0,2.21,0.01,0.0
7.963165335,0.02,2.22,0.04,0.0
7.964051002000001,0.0,2.22,0.06,0.03
7.965044328,0.0,2.22,0.0,0.0
7.9660550070000005,0.0,2.22,0.0,0.0
7.9670583090000004,0.01,2.23,0.01,0.0
7.968048048000001,0.0,2.21,0.02,0.0
7.970037858,0.01,2.22,0.01,0.0
7.971038203000001,0.0,2.22,0.0,0.02
7.972043930000001,0.01,2.22,0.01,0.0
7.973038378000001,0.0,2.21,0.0,0.01
7.974038385,0.0,2.22,0.01,0.0
7.975041569000001,0.0,2.24,0.0,0.0
7.976045020000001,0.0,2.24,0.01,0.0
7.977043194,0.0,2.22,0.0,0.01
7.978042515,0.0,2.22,0.0,0.0
7.979038981,0.03,2.22,0.01,0.0
7.980042936,0.0,2.23,0.0,0.02
7.981053333,0.01,2.23,0.01,0.01
7.982047044000001,0.0,2.21,0.0,0.0
7.983046805000001,0.0,2.23,0.0,0.0
7.984127686000001,0.02,2.23,0.01,0.0
7.985043277000001,0.0,2.21,0.0,0.0
7.9870385950000005,0.01,2.25,0.04,0.0
7.988039348000001,0.0,2.22,0.01,0.0
7.989057541,0.0,2.22,0.0,0.0
7.990048059,0.01,2.22,0.01,0.0
7.991111182000001,0.0,2.22,0.01,0.0
7.992066382000001,0.0,2.22,0.0,0.01
7.9930707530000005,0.0,2.23,0.0,0.0
7.994076025000001,0.0,2.22,0.0,0.05
7.995057924,0.0,2.22,0.01,0.0
7.996335892,0.01,2.22,0.0,0.0
7.9970808920000005,0.0,2.22,0.0,0.0
7.998304954000001,0.0,2.22,0.0,0.0
7.999072351000001,0.0,2.23,0.0,0.0
8.001149879,0.03,2.18,0.05,0.01
8.002073991000001,0.0,2.22,0.03,0.0
8.003124176,0.02,2.22,0.0,0.01
8.004064141,0.0,2.23,0.0,0.01
8.005119889000001,0.0,2.22,0.01,0.0
8.006060167000001,0.01,2.23,0.0,0.0
8.007154317000001,0.0,2.22,0.0,0.0
8.008183885000001,0.0,2.22,0.01,0.0
8.009063768,0.0,2.22,0.01,0.0
8.010115553,0.0,2.22,0.01,0.01
8.011071626,0.01,2.22,0.0,0.0
8.012051335,0.01,2.2,0.0,0.05
8.013057732,0.0,2.25,0.02,0.0
8.01518566,0.0,2.22,0.01,0.0
8.01605441,0.0,2.22,0.01,0.0
8.01705899,0.03,2.23,0.0,0.0
8.018054219,0.01,2.22,0.0,0.0
8.019045002,0.0,2.22,0.0,0.06
8.020053260000001,0.0,2.22,0.0,0.0
8.021042249,0.01,2.22,0.01,0.01
8.02204146,0.0,2.22,0.0,0.02
8.023044347,0.03,2.21,0.01,0.0
8.024046162000001,0.0,2.22,0.01,0.01
8.025062775,0.0,2.22,0.0,0.0
8.026073365,0.0,2.21,0.0,0.0
8.027058489,0.02,2.21,0.01,0.1
8.028055310000001,0.0,2.21,0.01,0.0
8.030064284,0.0,2.2,0.0,0.0
8.031051994,0.0,2.21,0.0,0.0
8.032061271,0.0,2.21,0.01,0.0
8.033053425,0.0,2.21,0.0,0.0
8.034048791,0.0,2.2,0.02,0.01
8.035037787,0.0,2.19,0.0,0.0
8.036085589,0.0,2.21,0.0,0.0
8.037087791000001,0.0,2.21,0.02,0.01
8.038155745000001,0.0,2.21,0.0,0.0
8.039047693,0.01,2.2,0.0,0.0
8.040100786,0.0,2.2,0.0,0.0
8.041149003000001,0.01,2.21,0.01,0.01
8.042051950000001,0.0,2.2,0.0,0.0
8.043048658,0.03,2.17,0.01,0.01
8.045036640000001,0.0,2.2,0.0,0.0
8.046044957000001,0.01,2.2,0.01,0.0
8.047047130000001,0.0,2.2,0.0,0.0
8.048045219,0.0,2.22,0.0,0.0
8.049043062,0.0,2.2,0.0,0.0
8.05004241,0.01,2.19,0.03,0.0
8.051042664,0.03,2.2,0.02,0.06
8.05204329,0.02,2.19,0.01,0.0
8.053042665000001,0.0,2.19,0.0,0.0
8.054045996000001,0.01,2.19,0.0,0.01
8.055046615,0.01,2.19,0.01,0.04
8.056065035000001,0.0,2.15,0.0,0.0
8.05707169,0.0,2.18,0.0,0.0
8.058114044,0.0,2.18,0.02,0.0
8.05905002,0.0,2.19,0.0,0.0
8.060051618000001,0.0,2.18,0.01,0.0
8.062038577000001,0.0,2.18,0.0,0.0
8.063041268000001,0.01,2.18,0.01,0.0
8.064040361,0.0,2.19,0.01,0.0
8.0650508,0.02,2.18,0.01,0.0
8.066103132,0.0,2.19,0.01,0.0
8.067046337,0.0,2.17,0.0,0.0
8.06805368,0.0,2.18,0.0,0.0
8.069042182,0.0,2.19,0.0,0.0
8.070096376,0.0,2.18,0.01,0.0
8.071044859,0.0,2.17,0.01,0.0
8.072044129,0.01,2.19,0.01,0.0
8.073063979,0.0,2.19,0.0,0.0
8.074043711,0.0,2.19,0.0,0.05
8.075047053,0.0,2.19,0.0,0.0
8.076045087,0.0,2.18,0.0,0.0
8.078043569,0.0,2.18,0.01,0.0
8.079043655000001,0.04,2.18,0.01,0.0
8.080043079000001,0.0,2.18,0.02,0.0
8.081048859000001,0.01,2.22,0.01,0.0
8.082068288,0.0,2.19,0.0,0.0
8.083099584000001,0.0,2.18,0.0,0.0
8.084043562,0.03,2.18,0.0,0.0
8.085055441,0.0,2.19,0.0,0.0
8.086056435,0.0,2.19,0.0,0.0
8.087122715000001,0.02,2.18,0.0,0.0
8.088045588,0.0,2.18,0.05,0.0
8.089070901000001,0.07,2.22,0.07,0.05
8.090059501,0.0,2.19,0.01,0.01
8.092091716,0.01,2.18,0.0,0.0
8.093042523000001,0.0,2.18,0.01,0.0
8.094041384,0.0,2.19,0.01,0.0
8.095047925000001,0.01,2.2,0.0,0.0
8.096042822000001,0.0,2.19,0.05,0.0
8.097067103,0.01,2.19,0.0,0.0
8.098041803000001,0.0,2.19,0.0,0.0
8.099043660000001,0.0,2.19,0.01,0.0
8.100044989,0.0,2.18,0.0,0.0
8.101039215,0.01,2.18,0.01,0.02
8.102042768,0.0,2.19,0.0,0.0
8.103500834,0.0,2.18,0.01,0.0
8.104048514,0.0,2.19,0.0,0.0
8.105097697,0.06,2.19,0.01,0.0
8.106043902,0.0,2.18,0.01,0.0
8.108078024000001,0.0,2.19,0.01,0.0
8.109050541,0.0,2.19,0.0,0.01
8.110050601000001,0.0,2.19,0.0,0.0
8.111050757000001,0.0,2.19,0.0,0.0
8.112089138,0.05,2.19,0.01,0.0
8.113043202,0.0,2.2,0.0,0.02
8.114046658000001,0.0,2.19,0.0,0.0
8.115045167,0.0,2.19,0.01,0.02
8.116070303,0.0,2.18,0.03,0.02
8.11706367,0.0,2.18,0.0,0.0
8.118056034,0.0,2.19,0.01,0.0
8.119048506,0.0,2.19,0.0,0.01
8.120075182,0.0,2.19,0.01,0.0
8.122057817,0.0,2.2,0.01,0.02
8.123114990000001,0.0,2.2,0.0,0.02
8.1240427,0.0,2.22,0.01,0.01
8.125041151000001,0.01,2.19,0.0,0.0
8.126047882,0.0,2.19,0.01,0.01
8.127134558,0.0,2.18,0.01,0.06
8.12804723,0.0,2.23,0.0,0.0
8.129041329,0.0,2.19,0.0,0.0
8.130089667,0.01,2.18,0.01,0.0
8.13104306,0.03,2.2,0.0,0.0
8.132042541,0.0,2.19,0.01,0.0
8.133096848000001,0.01,2.2,0.0,0.0
8.134044719,0.0,2.2,0.0,0.0
8.13611921,0.01,2.19,0.01,0.02
8.137054103,0.02,2.18,0.01,0.0
8.138050956,0.01,2.2,0.0,0.01
8.139195886000001,0.0,2.19,0.0,0.0
8.14006859,0.01,2.26,0.0,0.0
8.141046544,0.0,2.19,0.0,0.0
8.142045395,0.0,2.19,0.03,0.0
8.143044501,0.01,2.18,0.0,0.0
8.144043206000001,0.01,2.19,0.0,0.0
8.145062489,0.01,2.2,0.0,0.0
8.146052963,0.01,2.19,0.03,0.0
8.147067089,0.0,2.2,0.01,0.01
8.148054768,0.0,2.2,0.0,0.0
8.149069001,0.0,2.2,0.0,0.0
8.15006857,0.01,2.19,0.0,0.01
8.151070938,0.0,2.19,0.0,0.0
8.153054278,0.01,2.19,0.0,0.02
8.154043831000001,0.01,2.19,0.01,0.02
8.155046652000001,0.0,2.2,0.0,0.0
8.15604428,0.01,2.21,0.01,0.0
8.157044717,0.0,2.19,0.02,0.01
8.158106161000001,0.0,2.19,0.01,0.0
8.159045039,0.0,2.19,0.0,0.0
8.160045854,0.0,2.19,0.01,0.0
8.161045046,0.0,2.19,0.02,0.02
8.162044714,0.03,2.19,0.0,0.01
8.16304027,0.0,2.19,0.01,0.02
8.164044367,0.01,2.2,0.0,0.01
8.165050520000001,0.01,2.2,0.01,0.01
8.166051648,0.0,2.2,0.0,0.01
8.168044434,0.0,2.18,0.01,0.0
8.169045956,0.01,2.2,0.01,0.0
8.170045447,0.0,2.2,0.0,0.0
8.171046164,0.0,2.22,0.0,0.0
8.172049488,0.0,2.18,0.01,0.01
8.173047964,0.05,2.2,0.0,0.01
8.174045795000001,0.01,2.23,0.03,0.0
8.175045212,0.01,2.2,0.0,0.0
8.176043242,0.0,2.19,0.01,0.01
8.177046820000001,0.0,2.2,0.01,0.0
8.178052937,0.0,2.2,0.0,0.0
8.179069794,0.01,2.17,0.01,0.01
8.180081855000001,0.0,2.19,0.0,0.01
8.181075408,0.0,2.19,0.0,0.0
8.183043223,0.01,2.19,0.0,0.0
8.184109327,0.0,2.21,0.0,0.0
8.185066606000001,0.0,2.19,0.0,0.0
8.186056824000001,0.02,2.19,0.01,0.0
8.187046311000001,0.0,2.19,0.01,0.0
8.188050244000001,0.0,2.2,0.0,0.0
8.189045086,0.0,2.2,0.0,0.0
8.190048726,0.04,2.22,0.02,0.0
8.191048009000001,0.0,2.19,0.0,0.01
8.192045975000001,0.0,2.19,0.01,0.0
8.19304522,0.01,2.19,0.0,0.0
8.194102879,0.0,2.19,0.0,0.0
8.195049274,0.0,2.21,0.0,0.0
8.196049918,0.01,2.19,0.01,0.0
8.198040845000001,0.0,2.2,0.01,0.01
8.199043121,0.0,2.2,0.0,0.0
8.200049850000001,0.0,2.2,0.01,0.01
8.201112631,0.0,2.19,0.0,0.0
8.202049438000001,0.0,2.21,0.0,0.02
8.203044327,0.01,2.2,0.0,0.01
8.204045093000001,0.0,2.19,0.0,0.0
8.205118125,0.01,2.2,0.0,0.0
8.206043529,0.0,2.2,0.0,0.0
8.207045423,0.0,2.13,0.0,0.04
8.208044301000001,0.0,2.19,0.01,0.01
8.209059088,0.0,2.2,0.01,0.0
8.210134778,0.0,2.19,0.02,0.0
8.212068503000001,0.0,2.19,0.0,0.01
8.213053368,0.01,2.19,0.0,0.0
8.214055248000001,0.0,2.2,0.01,0.0
8.215065893,0.0,2.19,0.0,0.01
8.216198002,0.01,2.2,0.0,0.01
8.217068089,0.0,2.17,0.0,0.0
8.218060307,0.0,2.19,0.0,0.0
8.219060967,0.01,2.2,0.0,0.07
8.220047258000001,0.0,2.19,0.0,0.0
8.221082354,0.0,2.2,0.01,0.0
8.222046189,0.0,2.2,0.02,0.0
8.223044064,0.01,2.18,0.0,0.0
8.224103796,0.0,2.2,0.01,0.0
8.225046234,0.04,2.14,0.06,0.01
8.226047306,0.0,2.2,0.01,0.0
8.22804496,0.0,2.2,0.0,0.01
8.229043879,0.0,2.2,0.0,0.0
8.230047651000001,0.0,2.2,0.0,0.0
8.231044803,0.0,2.2,0.0,0.0
8.232044624,0.01,2.19,0.01,0.0
8.233100768,0.0,2.2,0.0,0.01
8.234127963,0.0,2.2,0.0,0.0
8.235056181000001,0.01,2.2,0.01,0.0
8.236062961,0.0,2.19,0.0,0.0
8.237161499,0.01,2.2,0.01,0.0
8.238060502,0.0,2.21,0.0,0.0
8.239077983000001,0.0,2.21,0.01,0.0
8.240078283,0.01,2.19,0.0,0.03
8.242076624000001,0.0,2.2,0.0,0.0
8.243090011000001,0.0,2.23,0.01,0.01
8.244054725,0.01,2.2,0.0,0.0
8.24506309,0.01,2.18,0.01,0.01
8.24615163,0.01,2.2,0.0,0.0
8.247068762000001,0.0,2.2,0.0,0.0
8.248074441,0.05,2.21,0.01,0.0
8.249062727,0.0,2.2,0.02,0.0
8.250051742,0.0,2.2,0.0,0.0
8.251042935000001,0.0,2.21,0.01,0.0
8.252052223,0.0,2.23,0.0,0.01
8.253049168,0.0,2.18,0.01,0.0
8.254158054000001,0.01,2.2,0.03,0.02
8.255047277000001,0.0,2.2,0.01,0.04
8.256078959,0.02,2.2,0.0,0.0
8.258044565,0.0,2.2,0.01,0.0
8.259049356,0.0,2.2,0.0,0.0
8.260043101,0.0,2.2,0.01,0.0
8.261043874,0.0,2.2,0.01,0.0
8.262041901,0.0,2.2,0.01,0.0
8.263043146000001,0.0,2.2,0.01,0.0
8.264111347,0.01,2.2,0.0,0.0
8.265049177,0.0,2.2,0.01,0.0
8.266053189,0.0,2.2,0.01,0.0
8.267041859,0.0,2.2,0.0,0.0
8.268048587000001,0.0,2.2,0.01,0.0
8.269046322000001,0.0,2.2,0.0,0.0
8.270048258000001,0.0,2.2,0.01,0.0
8.272153378,0.0,2.2,0.0,0.0
8.273054614000001,0.0,2.2,0.0,0.0
8.27406343,0.01,2.21,0.02,0.0
8.275074857,0.03,2.2,0.04,0.01
8.276051212,0.0,2.2,0.0,0.0
8.277056137,0.0,2.2,0.0,0.01
8.278043193,0.01,2.2,0.0,0.0
8.279042839,0.0,2.2,0.0,0.0
8.280044087,0.0,2.2,0.02,0.02
8.281048239,0.0,2.21,0.01,0.01
8.282043768000001,0.01,2.19,0.0,0.0
8.283044664,0.0,2.21,0.0,0.01
8.28404689,0.01,2.2,0.01,0.0
8.285051936,0.0,2.2,0.03,0.09
8.286048339,0.0,2.19,0.0,0.0
8.28704461,0.01,2.2,0.01,0.0
8.289046828,0.0,2.16,0.01,0.0
8.290045682,0.01,2.22,0.01,0.0
8.291044798,0.0,2.2,0.0,0.0
8.292045893000001,0.01,2.2,0.01,0.0
8.293077269000001,0.0,2.18,0.05,0.01
8.294092069000001,0.01,2.19,0.01,0.0
8.295341948,0.01,2.21,0.01,0.0
8.296053745,0.0,2.2,0.0,0.0
8.297060067,0.0,2.2,0.0,0.01
8.298057356000001,0.0,2.2,0.01,0.01
8.299052788000001,0.0,2.2,0.0,0.0
8.300042611,0.0,2.21,0.01,0.0
8.301050847,0.0,2.2,0.01,0.02
8.302059568,0.0,2.21,0.0,0.0
8.304074239,0.02,2.2,0.01,0.01
8.305150756,0.0,2.21,0.0,0.01
8.306053903,0.01,2.21,0.01,0.0
8.307043557,0.01,2.22,0.01,0.0
8.308041701,0.01,2.19,0.0,0.0
8.309043508,0.0,2.2,0.01,0.01
8.310049955,0.01,2.2,0.01,0.01
8.311045035000001,0.0,2.21,0.0,0.01
8.312042428,0.0,2.2,0.0,0.0
8.313045345,0.0,2.26,0.08,0.0
8.314047775,0.0,2.2,0.0,0.0
8.315044491,0.0,2.21,0.01,0.0
8.316056659000001,0.0,2.2,0.0,0.0
8.317048025,0.0,2.2,0.0,0.0
8.319040095,0.04,2.19,0.0,0.0
8.320047628000001,0.02,2.2,0.01,0.01
8.321045485,0.01,2.2,0.01,0.0
8.322042043,0.0,2.2,0.01,0.01
8.323050673000001,0.01,2.19,0.01,0.0
8.324045360000001,0.0,2.19,0.01,0.0
8.325045077,0.0,2.19,0.01,0.01
8.326098499,0.0,2.19,0.0,0.0
8.327057279,0.0,2.2,0.05,0.04
8.328058266000001,0.0,2.2,0.0,0.0
8.329048177,0.01,2.2,0.01,0.0
8.330046304,0.05,2.25,0.02,0.0
8.331050003,0.0,2.17,0.01,0.01
8.332061931,0.0,2.19,0.04,0.01
8.333151048000001,0.0,2.15,0.0,0.03
8.335046259,0.0,2.19,0.0,0.0
8.336073165,0.02,2.2,0.0,0.0
8.337183426000001,0.0,2.2,0.0,0.0
8.338078616,0.0,2.2,0.01,0.0
8.339046367,0.0,2.2,0.01,0.01
8.340047047,0.0,2.19,0.0,0.0
8.341043733000001,0.0,2.2,0.0,0.01
8.342042015,0.0,2.19,0.0,0.0
8.343053126000001,0.0,2.19,0.0,0.0
8.344042991,0.0,2.2,0.0,0.01
8.345085416,0.0,2.2,0.0,0.0
8.346046344000001,0.0,2.2,0.0,0.0
8.347044513,0.0,2.19,0.0,0.0
8.349041697,0.0,2.19,0.01,0.0
8.350101489,0.02,2.19,0.02,0.01
8.35104203,0.0,2.19,0.0,0.0
8.352044170000001,0.04,2.2,0.02,0.0
8.353044306000001,0.01,2.2,0.0,0.01
8.354043574,0.0,2.19,0.0,0.0
8.355044601000001,0.0,2.19,0.0,0.0
8.356041678,0.01,2.19,0.0,0.0
8.357061367,0.0,2.19,0.0,0.0
8.358083269,0.0,2.19,0.0,0.0
8.359053098,0.0,2.19,0.0,0.0
8.360056906,0.0,2.19,0.0,0.0
8.361053981000001,0.03,2.19,0.01,0.01
8.362053364000001,0.01,2.14,0.0,0.02
8.364052394,0.01,2.17,0.01,0.0
8.365086093,0.0,2.19,0.0,0.01
8.366061418000001,0.01,2.19,0.01,0.0
8.367062728,0.0,2.19,0.03,0.01
8.368044773000001,0.0,2.19,0.01,0.0
8.369044622,0.01,2.19,0.03,0.02
8.370041335,0.0,2.18,0.01,0.0
8.371043521,0.0,2.19,0.0,0.01
8.372067502,0.0,2.19,0.0,0.0
8.373043084,0.0,2.18,0.0,0.0
8.374044004,0.0,2.18,0.01,0.01
8.375045749,0.01,2.18,0.0,0.0
8.376042447,0.0,2.18,0.02,0.0
8.377130046000001,0.0,2.22,0.0,0.0
8.379044272,0.02,2.18,0.01,0.0
8.380102629000001,0.0,2.18,0.01,0.02
8.381044697,0.0,2.18,0.01,0.0
8.38204544,0.01,2.17,0.0,0.0
8.383044154,0.0,2.18,0.01,0.0
8.384092662,0.01,2.18,0.0,0.0
8.385045275000001,0.0,2.18,0.0,0.0
8.386052619,0.03,2.18,0.0,0.0
8.387044497,0.0,2.17,0.01,0.0
8.388045935000001,0.0,2.18,0.01,0.0
8.389044843,0.0,2.18,0.0,0.0
8.390043935000001,0.0,2.18,0.01,0.01
8.391042983,0.0,2.17,0.0,0.0
8.392050285,0.0,2.19,0.0,0.01
8.393048349,0.0,2.17,0.0,0.01
8.394053579000001,0.0,2.15,0.08,0.0
8.396064625000001,0.0,2.18,0.01,0.01
8.397053027,0.01,2.18,0.01,0.0
8.398063684,0.0,2.18,0.01,0.0
8.399051939000001,0.0,2.19,0.0,0.01
8.400044925000001,0.0,2.18,0.02,0.0
8.401094947,0.0,2.18,0.0,0.01
8.402044398000001,0.0,2.16,0.01,0.0
8.403046047,0.0,2.14,0.01,0.0
8.404042050000001,0.0,2.18,0.01,0.0
8.405046718000001,0.04,2.18,0.01,0.0
8.406045046000001,0.03,2.18,0.01,0.05
8.407044582000001,0.0,2.13,0.02,0.0
8.408050094,0.0,2.17,0.01,0.0
8.409059551,0.0,2.17,0.0,0.0
8.411056194,0.0,2.18,0.0,0.02
8.412045351,0.0,2.15,0.0,0.0
8.413042688,0.0,2.16,0.01,0.0
8.414048182,0.0,2.16,0.0,0.0
8.415098634000001,0.0,2.17,0.01,0.0
8.416043856,0.01,2.16,0.0,0.0
8.417043777,0.01,2.16,0.0,0.0
8.418045344000001,0.0,2.16,0.01,0.0
8.419052236,0.0,2.16,0.02,0.0
8.420045196,0.01,2.17,0.0,0.01
8.421074083,0.0,2.16,0.01,0.0
8.422045147,0.0,2.15,0.0,0.0
8.42304386,0.0,2.15,0.0,0.01
8.424056708,0.0,2.14,0.0,0.0
8.425189733,0.01,2.15,0.0,0.0
8.426258549,0.0,2.13,0.01,0.0
8.428062095000001,0.0,2.13,0.0,0.0
8.429137934,0.0,2.13,0.0,0.0
8.430045651,0.0,2.14,0.01,0.0
8.431048948,0.0,2.13,0.0,0.05
8.432048258,0.0,2.13,0.01,0.0
8.433045042,0.0,2.13,0.0,0.01
8.434044401000001,0.0,2.13,0.04,0.0
8.435043042,0.0,2.12,0.0,0.01
8.436078171,0.0,2.13,0.01,0.0
8.437078190000001,0.0,2.13,0.0,0.01
8.438131197,0.0,2.13,0.0,0.0
8.439125704,0.0,2.13,0.0,0.0
8.440107492000001,0.0,2.12,0.0,0.0
8.442088881,0.0,2.13,0.0,0.04
8.443140315,0.0,2.13,0.0,0.0
8.444056114,0.01,2.13,0.0,0.0
8.44509917,0.0,2.13,0.0,0.0
8.446056568000001,0.0,2.15,0.0,0.0
8.447048462,0.0,2.22,0.01,0.05
8.448053095,0.0,2.13,0.01,0.0
8.449050314,0.02,2.13,0.0,0.01
8.450047191000001,0.0,2.09,0.0,0.0
8.451049784,0.01,2.14,0.01,0.01
8.452052354000001,0.0,2.13,0.01,0.0
8.453122722,0.0,2.18,0.01,0.0
8.454046674,0.0,2.13,0.0,0.0
8.456048933,0.0,2.14,0.01,0.0
8.457096662,0.02,2.13,0.0,0.01
8.458078759000001,0.04,2.11,0.01,0.0
8.459062323000001,0.0,2.13,0.0,0.0
8.460043493,0.0,2.13,0.0,0.0
8.461054258,0.01,2.13,0.01,0.0
8.46204819,0.0,2.14,0.0,0.01
8.46306391,0.01,2.14,0.0,0.0
8.464066673000001,0.0,2.13,0.0,0.0
8.465078461000001,0.01,2.13,0.0,0.0
8.46605703,0.0,2.13,0.01,0.0
8.467047567,0.01,2.13,0.0,0.01
8.468067873,0.01,2.12,0.01,0.02
8.469039986,0.0,2.13,0.01,0.0
8.471039383,0.0,2.14,0.0,0.0
8.472058561,0.0,2.15,0.01,0.0
8.473194565,0.0,2.13,0.01,0.0
8.474135245000001,0.0,2.13,0.0,0.03
8.475133877000001,0.0,2.13,0.01,0.0
8.476131981,0.0,2.13,0.0,0.01
8.4771303,0.05,2.13,0.0,0.0
8.478171818,0.0,2.13,0.01,0.0
8.479130721,0.0,2.13,0.01,0.0
8.480132022000001,0.0,2.13,0.0,0.0
8.481132116000001,0.0,2.13,0.01,0.01
8.482170638000001,0.02,2.13,0.0,0.03
8.483135011,0.01,2.15,0.01,0.01
8.484135133,0.01,2.13,0.01,0.03
8.486136186000001,0.0,2.13,0.01,0.0
8.487133506000001,0.01,2.13,0.0,0.0
8.488163595000001,0.0,2.13,0.01,0.01
8.489074569000001,0.0,2.13,0.01,0.0
8.490125317,0.01,2.13,0.01,0.0
8.491067768,0.02,2.12,0.01,0.01
8.492100986,0.01,2.12,0.01,0.0
8.493099220000001,0.01,2.13,0.0,0.0
8.494133833000001,0.0,2.13,0.0,0.0
8.495053588000001,0.0,2.13,0.01,0.0
8.496047734000001,0.0,2.12,0.01,0.01
8.49704562,0.03,2.13,0.0,0.01
8.498043952,0.0,2.13,0.03,0.0
8.499048119000001,0.0,2.12,0.0,0.01
8.501040902,0.0,2.13,0.01,0.02
8.502046806000001,0.01,2.12,0.0,0.0
8.503044553,0.0,2.12,0.01,0.0
8.504044061,0.0,2.12,0.0,0.0
8.505042739,0.0,2.13,0.01,0.0
8.506091427000001,0.03,2.13,0.0,0.0
8.507042269000001,0.0,2.12,0.01,0.0
8.508044195,0.0,2.12,0.0,0.0
8.509040717000001,0.0,2.12,0.0,0.0
8.510062356,0.0,2.12,0.0,0.0
8.511044403,0.0,2.12,0.0,0.0
8.512043593000001,0.0,2.11,0.01,0.01
8.51309724,0.02,2.12,0.03,0.0
8.515041518,0.0,2.1,0.0,0.05
8.516042504000001,0.01,2.12,0.0,0.0
8.517043102,0.0,2.13,0.0,0.0
8.518301282000001,0.01,2.13,0.0,0.0
8.519113955,0.0,2.12,0.01,0.0
8.520098449,0.0,2.09,0.01,0.01
8.521187771000001,0.0,2.12,0.01,0.0
8.52208289,0.01,2.13,0.0,0.0
8.523138615,0.0,2.12,0.01,0.0
8.524062642,0.05,2.11,0.01,0.01
8.52509481,0.0,2.12,0.01,0.0
8.526090048,0.0,2.12,0.01,0.01
8.527145134000001,0.0,2.11,0.01,0.0
8.529061945,0.0,2.11,0.06,0.01
8.530044277,0.0,2.12,0.0,0.0
8.531061948000001,0.0,2.12,0.03,0.0
8.532040328,0.0,2.12,0.01,0.0
8.533039358,0.0,2.12,0.01,0.0
8.534038138,0.0,2.12,0.01,0.0
8.535040367,0.01,2.12,0.01,0.0
8.536040767000001,0.0,2.11,0.01,0.0
8.537046816,0.0,2.11,0.01,0.0
8.538039011,0.0,2.11,0.0,0.0
8.539048886,0.0,2.1,0.02,0.04
8.540046384,0.0,2.11,0.0,0.0
8.541098699,0.0,2.11,0.01,0.0
8.542038934,0.0,2.1,0.0,0.0
8.543050915,0.0,2.12,0.02,0.0
8.545104333000001,0.02,2.1,0.0,0.0
8.546080543,0.0,2.11,0.01,0.0
8.547076548,0.01,2.1,0.0,0.01
8.548051139,0.0,2.1,0.0,0.0
8.549085228000001,0.0,2.1,0.0,0.01
8.550064911,0.0,2.1,0.0,0.0
8.551055126000001,0.02,2.1,0.02,0.02
8.552072469,0.0,2.09,0.01,0.01
8.553063836,0.01,2.1,0.0,0.0
8.554076454,0.01,2.1,0.01,0.0
8.555068672,0.0,2.11,0.0,0.0
8.556049147000001,0.01,2.1,0.0,0.01
8.55705367,0.01,2.18,0.02,0.01
8.558052684,0.0,2.12,0.0,0.04
8.559038441,0.0,2.1,0.01,0.0
8.561048425000001,0.0,2.11,0.0,0.0
8.562045733,0.0,2.07,0.01,0.0
8.563043324,0.0,2.11,0.0,0.0
8.56405034,0.0,2.08,0.01,0.0
8.565051651000001,0.02,2.1,0.0,0.0
8.566048251,0.0,2.09,0.01,0.0
8.567159128,0.0,2.09,0.01,0.0
8.568065026000001,0.0,2.1,0.01,0.0
8.569059128000001,0.0,2.07,0.0,0.0
8.57005075,0.0,2.11,0.0,0.0
8.571057098,0.01,2.1,0.0,0.0
8.572052233,0.0,2.1,0.0,0.0
8.573059674000001,0.01,2.1,0.01,0.0
8.575051591000001,0.0,2.11,0.0,0.01
8.576043454,0.0,2.11,0.0,0.01
8.577053483,0.0,2.11,0.01,0.0
8.578052993,0.0,2.12,0.0,0.0
8.579051171,0.0,2.1,0.0,0.0
8.580115672,0.01,2.11,0.0,0.0
8.581192636,0.0,2.12,0.0,0.0
8.582096932,0.0,2.11,0.01,0.0
8.583115767,0.01,2.1,0.0,0.0
8.584073927,0.0,2.11,0.0,0.0
8.585078249,0.0,2.11,0.0,0.01
8.586054219000001,0.0,2.11,0.02,0.0
8.587046188,0.0,2.11,0.01,0.01
8.588048685,0.0,2.1,0.0,0.0
8.589054509,0.02,2.08,0.0,0.0
8.591039487,0.0,2.11,0.0,0.0
8.592063591,0.0,2.11,0.0,0.01
8.593057851000001,0.0,2.11,0.0,0.0
8.594043827,0.0,2.11,0.0,0.0
8.595056101,0.0,2.11,0.0,0.0
8.596049241000001,0.0,2.11,0.01,0.0
8.597055429000001,0.02,2.11,0.0,0.01
8.598068643000001,0.0,2.11,0.0,0.0
8.599044157,0.0,2.11,0.01,0.0
8.600051559,0.0,2.11,0.02,0.0
8.601055325,0.07,2.11,0.0,0.0
8.602046592,0.01,2.11,0.02,0.0
8.603052036000001,0.0,2.1,0.01,0.0
8.604050111000001,0.0,2.11,0.01,0.0
8.606096874,0.0,2.1,0.01,0.0
8.607074118,0.0,2.11,0.0,0.01
8.608052414000001,0.07,2.11,0.0,0.0
8.609060334,0.0,2.1,0.03,0.04
8.610057305,0.02,2.12,0.01,0.0
8.611056183,0.0,2.12,0.02,0.01
8.612065303000001,0.01,2.1,0.01,0.0
8.613121825,0.0,2.12,0.01,0.06
8.614079893000001,0.0,2.1,0.0,0.0
8.615064440000001,0.0,2.1,0.01,0.0
8.616058502000001,0.0,2.11,0.01,0.01
8.617059269,0.0,2.11,0.01,0.0
8.618053403000001,0.05,2.13,0.02,0.04
8.619114007,0.0,2.11,0.0,0.0
8.621043835,0.0,2.11,0.0,0.01
8.622045645,0.01,2.12,0.0,0.01
8.623044155,0.01,2.12,0.0,0.0
8.624046025,0.01,2.11,0.01,0.0
8.625045182000001,0.05,2.11,0.0,0.0
8.626050963,0.0,2.11,0.01,0.0
8.627049066,0.0,2.11,0.0,0.0
8.628041923000001,0.0,2.11,0.01,0.0
8.629046753,0.0,2.11,0.0,0.0
8.630053548000001,0.01,2.09,0.01,0.01
8.631044834,0.0,2.1,0.0,0.0
8.632070454,0.01,2.1,0.0,0.0
8.633045365000001,0.01,2.11,0.0,0.01
8.63405378,0.01,2.12,0.0,0.0
8.636054555000001,0.01,2.09,0.01,0.07
8.637134029,0.0,2.1,0.0,0.0
8.638050175,0.0,2.11,0.0,0.0
8.639047696,0.0,2.11,0.0,0.01
8.640053277,0.01,2.12,0.01,0.01
8.641046578000001,0.0,2.13,0.0,0.0
8.642152061,0.0,2.1,0.01,0.0
8.643162550000001,0.0,2.1,0.02,0.01
8.644062199,0.01,2.13,0.0,0.01
8.645061235,0.0,2.11,0.0,0.0
8.646071157,0.02,2.11,0.01,0.0
8.647155641000001,0.0,2.11,0.01,0.0
8.648066639000001,0.0,2.09,0.0,0.0
8.649104612,0.0,2.11,0.0,0.01
8.651058885000001,0.01,2.11,0.0,0.01
8.65215318,0.0,2.12,0.0,0.06
8.653055146,0.0,2.11,0.07,0.0
8.654055345,0.0,2.11,0.03,0.0
8.655046361,0.0,2.11,0.01,0.01
8.65604334,0.0,2.07,0.0,0.0
8.657053449000001,0.01,2.1,0.01,0.0
8.658088217000001,0.0,2.11,0.01,0.01
8.659052521000001,0.0,2.11,0.0,0.01
8.660050972,0.0,2.11,0.0,0.0
8.661055577,0.0,2.11,0.0,0.03
8.662103916000001,0.0,2.08,0.0,0.0
8.663048979000001,0.0,2.12,0.0,0.0
8.664312887000001,0.0,2.11,0.0,0.04
8.666113213000001,0.02,2.11,0.0,0.0
8.66706038,0.0,2.11,0.0,0.0
8.668053253,0.0,2.11,0.0,0.01
8.669080793000001,0.0,2.11,0.0,0.01
8.670124787,0.13,2.08,0.02,0.0
8.671047344,0.0,2.11,0.04,0.0
8.672044565,0.02,2.11,0.0,0.0
8.673287845,0.0,2.09,0.02,0.01
8.674085331,0.0,2.11,0.0,0.0
8.675109306000001,0.0,2.11,0.0,0.0
8.676075047000001,0.0,2.12,0.01,0.0
8.677117619,0.0,2.11,0.0,0.0
8.678063706,0.01,2.11,0.0,0.01
8.679116348,0.01,2.1,0.01,0.0
8.680218237,0.0,2.12,0.0,0.0
8.682055401000001,0.0,2.11,0.01,0.0
8.683060184,0.0,2.1,0.01,0.0
8.684053365,0.0,2.1,0.0,0.0
8.685053915000001,0.05,2.02,0.01,0.0
8.686061590000001,0.0,2.14,0.0,0.03
8.687046653000001,0.0,2.11,0.01,0.0
8.688136862,0.01,2.13,0.01,0.0
8.689044819000001,0.0,2.11,0.0,0.0
8.690047435,0.01,2.11,0.0,0.01
8.691049805,0.0,2.11,0.0,0.0
8.692088704,0.0,2.11,0.01,0.0
8.693045384000001,0.0,2.11,0.0,0.0
8.694053667,0.03,2.11,0.0,0.0
8.696048217000001,0.01,2.13,0.01,0.0
8.697048246000001,0.0,2.12,0.01,0.0
8.698044016,0.0,2.14,0.02,0.08
8.699046272,0.0,2.11,0.0,0.0
8.700042976,0.01,2.12,0.0,0.0
8.70104613,0.0,2.12,0.0,0.0
8.702048094,0.0,2.11,0.04,0.01
8.703148195,0.0,2.12,0.05,0.05
8.704053152,0.02,2.12,0.01,0.0
8.705060937,0.0,2.12,0.01,0.0
8.706062308,0.01,2.11,0.0,0.0
8.707102382,0.0,2.11,0.01,0.0
8.708115382,0.01,2.11,0.0,0.0
8.709056332000001,0.0,2.11,0.01,0.02
8.711049800000001,0.0,2.12,0.0,0.01
8.712051352000001,0.0,2.11,0.01,0.0
8.713050018,0.02,2.11,0.01,0.03
8.714046081000001,0.0,2.11,0.01,0.0
8.71504563,0.01,2.12,0.0,0.02
8.716050277,0.0,2.12,0.0,0.0
8.717046052,0.0,2.11,0.0,0.01
8.718046419,0.0,2.12,0.01,0.0
8.719043422,0.02,2.11,0.0,0.01
8.720045406,0.0,2.12,0.0,0.03
8.721177395,0.0,2.12,0.01,0.01
8.722180048,0.0,2.11,0.0,0.0
8.723051045,0.01,2.12,0.01,0.05
8.72404787,0.01,2.14,0.0,0.0
8.725095749000001,0.01,2.1,0.0,0.0
8.727055749,0.01,2.12,0.01,0.0
8.728146289,0.0,2.12,0.0,0.01
8.729047567,0.0,2.11,0.01,0.0
8.730051615,0.02,2.12,0.0,0.0
8.731047172,0.04,2.12,0.03,0.01
8.732050129000001,0.01,2.09,0.0,0.0
8.733050848000001,0.0,2.11,0.01,0.0
8.734046506,0.02,2.12,0.0,0.08
8.735052485,0.0,2.11,0.0,0.0
8.736060897,0.01,2.09,0.09,0.01
8.737154093000001,0.0,2.11,0.0,0.0
8.738071746000001,0.0,2.11,0.01,0.0
8.739084815,0.02,2.13,0.01,0.0
8.740071852,0.0,2.13,0.01,0.01
8.742051662,0.0,2.12,0.0,0.01
8.743133374000001,0.0,2.11,0.01,0.0
8.744144163000001,0.0,2.11,0.0,0.0
8.745053336,0.01,2.12,0.01,0.01
8.746042231,0.0,2.14,0.0,0.01
8.747040676000001,0.0,2.11,0.0,0.0
8.748037673,0.0,2.11,0.0,0.0
8.749042333,0.0,2.12,0.01,0.0
8.750073142,0.01,2.12,0.0,0.0
8.751045929,0.0,2.11,0.0,0.01
8.752046846,0.0,2.12,0.01,0.0
8.753046507,0.01,2.09,0.03,0.0
8.75404546,0.0,2.12,0.0,0.0
8.755059991000001,0.01,2.12,0.0,0.0
8.756125194000001,0.0,2.12,0.0,0.01
8.758040864,0.0,2.11,0.0,0.0
8.759046732,0.0,2.13,0.02,0.0
8.760068013,0.0,2.11,0.01,0.01
8.761147635,0.0,2.11,0.01,0.0
8.7620571,0.01,2.11,0.0,0.0
8.763046098,0.03,2.12,0.0,0.0
8.764037371,0.0,2.13,0.0,0.0
8.765049891,0.0,2.12,0.0,0.0
8.766054217,0.01,2.1,0.04,0.0
8.767060883000001,0.0,2.12,0.0,0.0
8.768140985,0.01,2.11,0.01,0.0
8.769054946,0.05,2.12,0.03,0.0
8.770054895000001,0.04,2.12,0.03,0.0
8.772064507000001,0.01,2.13,0.0,0.0
8.773051608000001,0.0,2.11,0.04,0.0
8.774047578000001,0.02,2.12,0.0,0.0
8.775042729,0.0,2.1,0.01,0.0
8.776045353,0.0,2.09,0.01,0.0
8.777066276000001,0.01,2.12,0.0,0.0
8.778104117,0.0,2.12,0.01,0.0
8.779048082000001,0.0,2.11,0.0,0.0
8.780127589000001,0.01,2.12,0.0,0.0
8.78104603,0.0,2.16,0.0,0.0
8.782045555,0.0,2.12,0.04,0.01
8.783043338,0.0,2.12,0.01,0.0
8.78410017,0.0,2.12,0.01,0.01
8.786043126000001,0.0,2.12,0.0,0.0
8.787046244,0.06,2.11,0.02,0.01
8.788047413000001,0.0,2.12,0.0,0.0
8.789043498,0.0,2.11,0.01,0.0
8.790047679,0.0,2.12,0.01,0.0
8.79110415,0.0,2.12,0.0,0.0
8.792048256000001,0.0,2.12,0.0,0.0
8.793053466,0.01,2.16,0.06,0.04
8.794152092000001,0.0,2.12,0.01,0.02
8.795050021,0.01,2.13,0.0,0.01
8.796047444000001,0.01,2.12,0.01,0.01
8.797205846,0.0,2.12,0.01,0.0
8.798136105000001,0.0,2.11,0.01,0.0
8.79907431,0.01,2.13,0.02,0.02
8.800075641000001,0.01,2.12,0.01,0.01
8.801084171000001,0.0,2.12,0.01,0.0
8.803056299000001,0.0,2.12,0.0,0.0
8.80404945,0.0,2.12,0.0,0.01
8.805102367,0.0,2.06,0.0,0.0
8.806044665,0.0,2.13,0.01,0.0
8.807042841000001,0.0,2.12,0.04,0.0
8.808049042,0.0,2.12,0.01,0.0
8.809041635,0.06,2.08,0.0,0.0
8.810142500000001,0.0,2.12,0.01,0.0
8.811106722,0.03,2.08,0.02,0.0
8.812037342,0.0,2.12,0.0,0.0
8.813063259,0.01,2.08,0.03,0.0
8.81405497,0.03,2.1,0.03,0.0
8.81514016,0.0,2.12,0.0,0.02
8.816138901,0.0,2.12,0.0,0.0
8.818180675,0.0,2.12,0.01,0.02
8.819046364,0.0,2.12,0.01,0.0
8.820049715,0.0,2.11,0.0,0.0
8.821044953000001,0.0,2.13,0.0,0.0
8.822044361,0.01,2.12,0.03,0.0
8.823045407,0.0,2.12,0.03,0.0
8.824074718,0.0,2.12,0.0,0.0
8.825046673000001,0.0,2.21,0.1,0.01
8.826047125,0.01,2.13,0.0,0.0
8.827046107000001,0.01,2.12,0.0,0.0
8.828204828,0.0,2.11,0.01,0.0
8.829078197000001,0.0,2.13,0.0,0.0
8.830061166,0.0,2.1,0.0,0.01
8.831060792,0.01,2.12,0.0,0.0
8.833043654,0.0,2.12,0.0,0.0
8.834043483,0.0,2.12,0.01,0.01
8.835047973,0.0,2.12,0.01,0.0
8.836069573000001,0.0,2.13,0.0,0.0
8.837087065,0.0,2.12,0.0,0.0
8.838049400000001,0.01,2.13,0.0,0.01
8.839043377000001,0.0,2.12,0.01,0.0
8.840159850000001,0.0,2.12,0.01,0.0
8.841054167000001,0.0,2.12,0.01,0.01
8.842062534,0.0,2.12,0.0,0.0
8.843047477,0.01,2.11,0.0,0.0
8.844056094,0.01,2.12,0.0,0.0
8.845045829,0.0,2.11,0.0,0.01
8.846047252,0.0,2.1,0.0,0.0
8.847105302000001,0.01,2.12,0.0,0.06
8.849038827000001,0.01,2.16,0.01,0.0
8.850057056,0.01,2.12,0.01,0.01
8.851047925000001,0.01,2.13,0.0,0.0
8.852047037,0.05,2.13,0.0,0.0
8.853045507000001,0.0,2.12,0.0,0.0
8.854043169,0.0,2.12,0.05,0.0
8.855047299,0.0,2.11,0.01,0.0
8.85615295,0.0,2.12,0.01,0.01
8.857082255,0.0,2.13,0.0,0.0
8.858209917,0.01,2.12,0.0,0.0
8.859114238,0.0,2.12,0.0,0.0
8.860067480000001,0.0,2.13,0.01,0.0
8.861092848,0.0,2.12,0.0,0.02
8.863134346,0.0,2.12,0.0,0.01
8.864048362,0.0,2.12,0.0,0.0
8.865051352,0.0,2.08,0.01,0.03
8.86604977,0.0,2.12,0.0,0.0
8.867051935000001,0.0,2.12,0.02,0.0
8.868040006000001,0.0,2.11,0.0,0.0
8.869051263000001,0.0,2.12,0.0,0.0
8.87005167,0.0,2.09,0.01,0.0
8.871047390000001,0.0,2.12,0.01,0.01
8.872097156,0.0,2.12,0.01,0.0
8.873120866,0.01,2.12,0.01,0.01
8.874058980000001,0.0,2.11,0.0,0.0
8.875111915,0.0,2.12,0.01,0.0
8.877126198000001,0.0,2.12,0.0,0.0
8.878048998,0.0,2.12,0.0,0.0
8.879111744000001,0.0,2.12,0.02,0.0
8.880047993,0.0,2.13,0.0,0.0
8.881071737000001,0.01,2.12,0.0,0.0
8.882047567,0.01,2.12,0.01,0.02
8.883047062000001,0.0,2.12,0.0,0.01
8.884048477,0.0,2.11,0.0,0.0
8.885044464,0.0,2.12,0.01,0.0
8.8860496,0.0,2.14,0.0,0.0
8.887049496000001,0.0,2.12,0.0,0.0
8.888154039,0.01,2.13,0.0,0.01
8.889063942,0.0,2.11,0.0,0.01
8.890106178,0.0,2.11,0.04,0.03
8.891078491,0.0,2.13,0.0,0.0
8.893041590000001,0.0,2.12,0.0,0.04
8.894106005000001,0.01,2.13,0.0,0.0
8.895051828,0.02,2.11,0.01,0.0
8.896097015,0.01,2.13,0.0,0.0
8.89707502,0.0,2.12,0.01,0.0
8.898051968,0.07,2.13,0.0,0.0
8.899039826000001,0.0,2.13,0.01,0.0
8.900053939000001,0.0,2.1,0.01,0.0
8.901054018,0.0,2.13,0.0,0.0
8.902059482,0.0,2.11,0.01,0.01
8.903054159,0.0,2.12,0.01,0.01
8.904110855,0.01,2.12,0.0,0.02
8.905060220000001,0.0,2.11,0.01,0.01
8.906058119,0.01,2.12,0.0,0.0
8.907057357000001,0.0,2.12,0.0,0.0
8.909060033000001,0.01,2.15,0.05,0.04
8.910053060000001,0.0,2.13,0.01,0.0
8.911045575000001,0.01,2.12,0.0,0.0
8.912047691,0.01,2.15,0.0,0.0
8.913044840000001,0.01,2.13,0.0,0.01
8.914046566,0.0,2.14,0.01,0.0
8.915045074,0.0,2.12,0.01,0.0
8.916050689,0.0,2.12,0.0,0.0
8.917120072000001,0.0,2.13,0.0,0.0
8.918048666,0.0,2.11,0.03,0.0
8.919053926,0.01,2.12,0.0,0.0
8.920149383,0.01,2.12,0.01,0.0
8.921110501000001,0.0,2.13,0.01,0.0
8.923083906,0.0,2.12,0.0,0.0
8.924064137,0.01,2.13,0.03,0.0
8.925056608,0.02,2.12,0.0,0.01
8.926058477,0.0,2.13,0.0,0.0
8.927059113,0.0,2.12,0.0,0.0
8.928057759000001,0.0,2.12,0.01,0.0
8.929060019000001,0.0,2.13,0.0,0.02
8.930074924000001,0.01,2.12,0.0,0.0
8.931090653,0.0,2.17,0.01,0.0
8.932055242,0.0,2.12,0.01,0.01
8.933054521,0.0,2.08,0.01,0.01
8.934128458,0.02,2.12,0.0,0.0
8.935059004000001,0.01,2.12,0.02,0.0
8.936055678,0.03,2.13,0.0,0.0
8.938053295000001,0.0,2.12,0.0,0.0
8.939059614000001,0.0,2.12,0.01,0.0
8.940068593000001,0.0,2.13,0.0,0.0
8.94104759,0.0,2.13,0.0,0.0
8.942049181,0.04,2.13,0.0,0.0
8.943103315,0.01,2.13,0.02,0.08
8.944053517,0.01,2.14,0.01,0.0
8.945046506,0.0,2.13,0.02,0.0
8.946047356000001,0.0,2.13,0.0,0.0
8.947043520000001,0.0,2.13,0.0,0.0
8.948045169,0.01,2.13,0.0,0.0
8.949043359000001,0.0,2.12,0.01,0.01
8.950048425,0.01,2.13,0.0,0.01
8.952107621,0.0,2.12,0.0,0.01
8.953071919000001,0.01,2.12,0.01,0.0
8.954111199,0.0,2.13,0.01,0.0
8.955108001000001,0.0,2.13,0.0,0.0
8.956109397,0.01,2.14,0.0,0.0
8.957042167,0.0,2.13,0.0,0.0
8.958044506,0.0,2.13,0.01,0.0
8.959044142,0.0,2.14,0.0,0.01
8.960059123,0.01,2.13,0.03,0.0
8.961060522,0.01,2.13,0.01,0.0
8.962120316,0.0,2.14,0.01,0.0
8.96304858,0.0,2.13,0.0,0.0
8.964062162000001,0.0,2.14,0.0,0.01
8.966042646,0.0,2.11,0.0,0.0
8.967040139,0.0,2.13,0.01,0.01
8.968041181,0.03,2.13,0.0,0.0
8.969044923,0.0,2.15,0.0,0.01
8.97004381,0.0,2.12,0.01,0.01
8.971043241,0.0,2.1,0.01,0.0
8.972042938000001,0.0,2.13,0.01,0.0
8.973059296,0.0,2.1,0.0,0.0
8.974039633,0.01,2.14,0.01,0.0
8.975042709,0.03,2.13,0.03,0.02
8.976042342000001,0.0,2.14,0.0,0.0
8.977046246,0.0,2.13,0.0,0.0
8.978047991,0.01,2.13,0.0,0.02
8.979043821000001,0.01,2.13,0.0,0.0
8.980041189000001,0.0,2.14,0.01,0.0
8.982045288,0.0,2.14,0.0,0.0
8.983096313,0.02,2.14,0.0,0.0
8.984087936,0.0,2.14,0.0,0.01
8.98509181,0.0,2.14,0.0,0.0
8.986072091,0.0,2.14,0.0,0.0
8.987113619,0.0,2.14,0.0,0.0
8.988075301,0.01,2.15,0.0,0.0
8.989058005,0.0,2.14,0.01,0.0
8.990042355,0.03,2.14,0.03,0.01
8.991044641,0.0,2.14,0.01,0.04
8.992042001,0.0,2.14,0.0,0.01
8.993044183,0.01,2.15,0.0,0.0
8.994050536000001,0.0,2.15,0.01,0.0
8.995042677,0.0,2.15,0.01,0.02
8.996067777,0.0,2.15,0.0,0.0
8.997047799,0.0,2.15,0.01,0.0
8.999040921,0.0,2.15,0.0,0.0
9.000049839,0.01,2.15,0.0,0.0
9.001185117,0.0,2.15,0.0,0.0
9.002039451,0.02,2.15,0.0,0.02
9.003044347000001,0.0,2.16,0.0,0.0
9.004043108000001,0.02,2.15,0.04,0.04
9.005043011,0.01,2.15,0.0,0.01
9.006048893,0.0,2.15,0.01,0.0
9.007047144000001,0.01,2.15,0.0,0.0
9.008047594,0.01,2.15,0.0,0.02
9.009045129,0.04,2.18,0.01,0.0
9.010103902,0.01,2.16,0.04,0.0
9.011055087,0.0,2.15,0.02,0.0
9.013042874,0.0,2.15,0.0,0.0
9.014086406,0.0,2.15,0.03,0.0
9.015073732000001,0.02,2.11,0.0,0.0
9.016087881,0.0,2.15,0.0,0.0
9.01706899,0.0,2.15,0.01,0.0
9.01805476,0.0,2.15,0.02,0.0
9.019068892,0.01,2.15,0.0,0.0
9.020049637000001,0.02,2.15,0.0,0.01
9.021039144000001,0.0,2.15,0.0,0.0
9.022037466,0.0,2.17,0.0,0.0
9.023046832,0.01,2.15,0.0,0.0
9.024084435,0.0,2.15,0.01,0.0
9.025039351,0.0,2.15,0.0,0.0
9.026043697,0.0,2.16,0.0,0.01
9.027048382,0.0,2.16,0.01,0.0
9.028069688,0.0,2.15,0.01,0.0
9.030038134,0.0,2.16,0.01,0.0
9.031046781,0.01,2.16,0.0,0.0
9.032049409,0.0,2.17,0.01,0.0
9.033045955,0.0,2.18,0.04,0.01
9.034052127,0.0,2.17,0.0,0.01
9.03505037,0.01,2.17,0.0,0.0
9.036042125,0.0,2.17,0.01,0.01
9.037038930000001,0.0,2.2,0.0,0.01
9.038044239000001,0.0,2.18,0.0,0.0
9.039042636000001,0.0,2.17,0.01,0.0
9.040045851,0.0,2.18,0.0,0.0
9.041047896,0.0,2.19,0.0,0.01
9.042051547,0.1,2.13,0.04,0.01
9.044051763,0.01,2.19,0.0,0.0
9.045087696000001,0.0,2.18,0.01,0.01
9.046081467,0.01,2.18,0.01,0.0
9.04706507,0.0,2.19,0.01,0.0
9.048066954000001,0.0,2.18,0.01,0.0
9.049063715,0.02,2.19,0.0,0.09
9.050043536,0.0,2.18,0.01,0.0
9.051041026,0.0,2.18,0.01,0.0
9.052055402,0.01,2.23,0.01,0.0
9.053054364000001,0.01,2.22,0.0,0.0
9.054048976,0.0,2.19,0.0,0.04
9.055047536,0.0,2.2,0.0,0.0
9.05605409,0.0,2.18,0.02,0.01
9.057106353,0.0,2.2,0.0,0.0
9.058047550000001,0.0,2.21,0.01,0.03
9.059049192,0.0,2.2,0.01,0.0
9.061038328,0.0,2.2,0.01,0.0
9.062050029,0.01,2.21,0.0,0.01
9.06304616,0.0,2.21,0.0,0.0
9.06405151,0.0,2.18,0.0,0.01
9.06505029,0.03,2.21,0.02,0.0
9.066053711,0.01,2.2,0.01,0.0
9.067054901,0.0,2.21,0.0,0.0
9.068054248000001,0.0,2.21,0.01,0.01
9.069117487,0.0,2.21,0.0,0.0
9.070043429,0.01,2.2,0.0,0.01
9.071039910000001,0.0,2.22,0.0,0.01
9.072050173000001,0.0,2.23,0.01,0.0
9.07404851,0.03,2.21,0.01,0.01
9.075044960000001,0.0,2.25,0.0,0.01
9.076083121,0.0,2.22,0.01,0.0
9.077095603,0.0,2.21,0.0,0.0
9.078059974,0.0,2.22,0.0,0.0
9.079087573,0.02,2.2,0.0,0.01
9.080100002,0.01,2.22,0.0,0.0
9.081071082000001,0.0,2.27,0.01,0.01
9.082054532,0.0,2.21,0.01,0.0
9.083049744,0.0,2.22,0.0,0.0
9.084044243000001,0.0,2.22,0.01,0.0
9.085077304,0.01,2.23,0.0,0.0
9.086096798,0.0,2.21,0.01,0.01
9.087105558000001,0.03,2.22,0.0,0.0
9.088048687,0.01,2.2,0.01,0.01
9.089047719,0.0,2.2,0.01,0.0
9.09103865,0.02,2.21,0.02,0.0
9.09210184,0.0,2.2,0.01,0.0
9.093045533,0.04,2.2,0.0,0.0
9.094044881,0.0,2.2,0.0,0.03
9.095044915,0.0,2.21,0.01,0.01
9.096064664,0.0,2.19,0.0,0.0
9.097046262000001,0.0,2.22,0.01,0.0
9.098047285,0.01,2.24,0.1,0.0
9.099101022000001,0.0,2.21,0.0,0.0
9.100044896,0.01,2.19,0.03,0.01
9.10104587,0.0,2.21,0.01,0.0
9.102052800000001,0.0,2.22,0.01,0.0
9.103050021000001,0.06,2.21,0.0,0.0
9.105056518000001,0.0,2.21,0.0,0.0
9.106050591,0.01,2.22,0.0,0.0
9.107129618,0.0,2.22,0.0,0.0
9.108087243,0.0,2.21,0.0,0.0
9.109073096000001,0.0,2.22,0.0,0.0
9.110048959,0.0,2.22,0.01,0.01
9.111148541,0.0,2.22,0.0,0.0
9.112098804,0.0,2.21,0.01,0.01
9.113158849000001,0.02,2.2,0.0,0.0
9.114048242,0.0,2.2,0.0,0.0
9.11505294,0.01,2.19,0.0,0.0
9.11604913,0.0,2.19,0.01,0.0
9.117049688,0.0,2.19,0.0,0.0
9.11804096,0.0,2.2,0.0,0.0
9.12005632,0.02,2.21,0.0,0.01
9.121043761000001,0.0,2.2,0.01,0.05
9.122039897,0.0,2.2,0.0,0.0
9.123053148,0.0,2.21,0.01,0.0
9.124043213,0.0,2.21,0.0,0.0
9.125044767,0.0,2.19,0.01,0.0
9.126043852,0.01,2.19,0.0,0.0
9.127046140000001,0.0,2.21,0.0,0.05
9.128052539,0.0,2.19,0.01,0.0
9.129064838,0.0,2.22,0.01,0.0
9.130049567,0.0,2.2,0.0,0.0
9.131046401,0.0,2.21,0.0,0.0
9.132046847,0.0,2.22,0.01,0.0
9.13304651,0.0,2.28,0.0,0.0
9.134046777,0.0,2.21,0.0,0.0
9.136049822,0.0,2.2,0.0,0.0
9.137048898,0.0,2.21,0.0,0.0
9.138104895000001,0.0,2.21,0.01,0.0
9.139085107000001,0.0,2.21,0.01,0.0
9.140067464000001,0.0,2.23,0.01,0.0
9.141054631000001,0.0,2.21,0.01,0.0
9.142090007,0.0,2.21,0.02,0.0
9.143094955,0.01,2.22,0.0,0.0
9.144070327000001,0.01,2.23,0.01,0.0
9.145054095,0.0,2.22,0.01,0.0
9.146044922,0.0,2.22,0.0,0.0
9.147046686000001,0.0,2.22,0.01,0.0
9.148044932000001,0.07,2.19,0.05,0.0
9.150039168000001,0.01,2.25,0.01,0.03
9.151044842000001,0.0,2.21,0.0,0.0
9.15209403,0.01,2.26,0.0,0.0
9.153038864,0.0,2.24,0.0,0.0
9.154041381,0.03,2.24,0.01,0.04
9.155053551,0.01,2.24,0.01,0.0
9.156045377,0.01,2.24,0.0,0.0
9.157045529000001,0.0,2.24,0.0,0.0
9.15804452,0.0,2.23,0.01,0.0
9.159043501000001,0.0,2.25,0.01,0.01
9.160059085,0.0,2.24,0.0,0.0
9.161049857,0.01,2.23,0.01,0.03
9.162047271,0.0,2.23,0.0,0.0
9.16304573,0.0,2.24,0.01,0.0
9.164045109,0.0,2.24,0.0,0.0
9.165114616,0.0,2.25,0.01,0.0
9.167043697,0.0,2.22,0.01,0.0
9.168049822,0.0,2.24,0.0,0.04
9.169103025,0.0,2.24,0.0,0.0
9.170094011,0.01,2.23,0.0,0.01
9.171088560000001,0.0,2.24,0.01,0.01
9.172056795000001,0.0,2.24,0.01,0.01
9.173049873,0.0,2.23,0.0,0.0
9.174044535,0.02,2.29,0.01,0.01
9.175041116000001,0.0,2.24,0.0,0.0
9.176055205,0.0,2.24,0.0,0.0
9.177071899000001,0.0,2.24,0.02,0.0
9.178045644000001,0.0,2.23,0.0,0.0
9.180041744,0.0,2.24,0.03,0.02
9.181040969000001,0.0,2.23,0.01,0.0
9.182049938,0.0,2.25,0.0,0.0
9.183042274,0.01,2.24,0.0,0.0
9.184043527,0.01,2.23,0.0,0.0
9.185044527,0.01,2.24,0.0,0.01
9.186045881,0.0,2.24,0.0,0.01
9.18705431,0.0,2.24,0.0,0.0
9.188045367,0.0,2.24,0.0,0.01
9.189046536000001,0.0,2.24,0.0,0.0
9.190043214000001,0.0,2.24,0.01,0.0
9.191076273,0.0,2.24,0.01,0.0
9.192050428,0.0,2.24,0.01,0.0
9.194045722,0.0,2.24,0.01,0.0
9.195043445000001,0.01,2.25,0.0,0.01
9.196045257,0.01,2.24,0.01,0.0
9.197043604000001,0.0,2.24,0.0,0.0
9.198044302000001,0.06,2.23,0.01,0.01
9.199043576000001,0.01,2.27,0.01,0.0
9.200089571000001,0.0,2.25,0.0,0.0
9.201074682,0.0,2.23,0.01,0.0
9.202070961,0.03,2.24,0.02,0.0
9.203064573,0.0,2.2,0.0,0.0
9.204111993,0.03,2.25,0.01,0.0
9.205119622,0.0,2.25,0.0,0.0
9.206106295000001,0.02,2.26,0.0,0.0
9.207047907,0.0,2.28,0.0,0.0
9.208101564000001,0.0,2.25,0.01,0.0
9.210064606000001,0.0,2.25,0.01,0.0
9.211048681000001,0.01,2.23,0.06,0.0
9.212039806,0.0,2.25,0.0,0.0
9.213041548000001,0.0,2.26,0.04,0.03
9.214045811,0.02,2.26,0.01,0.0
9.215043423000001,0.02,2.27,0.03,0.01
9.216044530000001,0.01,2.26,0.0,0.0
9.217137000000001,0.0,2.25,0.0,0.0
9.218044837,0.0,2.26,0.0,0.0
9.21904991,0.0,2.27,0.01,0.0
9.220045153000001,0.0,2.26,0.0,0.0
9.221050066,0.02,2.26,0.03,0.0
9.22204789,0.0,2.25,0.0,0.0
9.223053669,0.02,2.25,0.0,0.0
9.22405595,0.0,2.25,0.01,0.0
9.226045522,0.0,2.25,0.0,0.01
9.22704536,0.01,2.24,0.05,0.0
9.228052857,0.0,2.26,0.0,0.0
9.229046295,0.0,2.25,0.0,0.0
9.230046905,0.01,2.25,0.0,0.01
9.23108571,0.0,2.25,0.01,0.0
9.232113611,0.0,2.29,0.01,0.0
9.233064696000001,0.0,2.26,0.0,0.0
9.234064041,0.0,2.26,0.0,0.0
9.235062279000001,0.0,2.27,0.02,0.0
9.236052296,0.0,2.26,0.0,0.0
9.237088161,0.01,2.26,0.0,0.0
9.238082893000001,0.0,2.26,0.01,0.0
9.239045092000001,0.0,2.25,0.01,0.0
9.241057750000001,0.03,2.27,0.0,0.01
9.242046548000001,0.0,2.24,0.0,0.01
9.243049091000001,0.03,2.27,0.01,0.0
9.244068554,0.0,2.26,0.0,0.02
9.245054389,0.0,2.27,0.01,0.0
9.246105151,0.0,2.26,0.0,0.01
9.247052411,0.0,2.26,0.02,0.0
9.248046522000001,0.01,2.26,0.0,0.01
9.249046443000001,0.0,2.26,0.0,0.07
9.250048858000001,0.02,2.25,0.02,0.0
9.251049045,0.0,2.23,0.0,0.01
9.252042213000001,0.01,2.3,0.01,0.0
9.253053369,0.0,2.24,0.0,0.0
9.254165628,0.0,2.26,0.04,0.0
9.256077524,0.0,2.27,0.01,0.01
9.257055162,0.0,2.26,0.0,0.02
9.258046009000001,0.0,2.26,0.0,0.0
9.259044544,0.0,2.28,0.01,0.02
9.260047763000001,0.05,2.25,0.04,0.01
9.261091585,0.0,2.26,0.04,0.0
9.26211118,0.0,2.26,0.01,0.0
9.263077884000001,0.0,2.26,0.0,0.0
9.26407335,0.02,2.26,0.0,0.02
9.265117145000001,0.06,2.27,0.0,0.0
9.266090355000001,0.0,2.26,0.0,0.0
9.267043317,0.0,2.26,0.0,0.0
9.26804865,0.0,2.26,0.01,0.0
9.269056809,0.0,2.25,0.0,0.02
9.271037029,0.0,2.25,0.01,0.0
9.272063647000001,0.0,2.26,0.0,0.0
9.273051914,0.01,2.25,0.01,0.0
9.274056632,0.0,2.26,0.0,0.0
9.275047429,0.0,2.25,0.0,0.0
9.276053088000001,0.0,2.24,0.0,0.01
9.277065278,0.0,2.25,0.03,0.0
9.278103891,0.0,2.25,0.01,0.0
9.279049258,0.0,2.25,0.0,0.01
9.280052305,0.02,2.25,0.01,0.01
9.281046729,0.0,2.25,0.01,0.01
9.282046107000001,0.02,2.24,0.0,0.01
9.283045072,0.06,2.25,0.01,0.01
9.284057143,0.0,2.24,0.0,0.0
9.285053842,0.0,2.24,0.0,0.01
9.286144253,0.0,2.25,0.0,0.04
9.288057366,0.0,2.25,0.0,0.0
9.289049622,0.0,2.24,0.01,0.06
9.290049947,0.0,2.25,0.02,0.0
9.291046384000001,0.01,2.26,0.0,0.0
9.292085513,0.0,2.25,0.01,0.0
9.293056991,0.0,2.26,0.0,0.0
9.294072305,0.0,2.25,0.0,0.03
9.295069535000001,0.0,2.23,0.01,0.0
9.296086048000001,0.0,2.23,0.0,0.0
9.297067039,0.0,2.23,0.0,0.0
9.298059604,0.01,2.22,0.01,0.0
9.299049326,0.01,2.22,0.0,0.0
9.301042497000001,0.0,2.25,0.0,0.0
9.302052712,0.0,2.21,0.0,0.0
9.303048677000001,0.0,2.19,0.0,0.02
9.304067072,0.0,2.22,0.01,0.0
9.305051403,0.0,2.17,0.0,0.04
9.306043514,0.0,2.21,0.0,0.01
9.307054191,0.0,2.21,0.0,0.0
9.308042737000001,0.0,2.21,0.01,0.0
9.309047648,0.0,2.22,0.01,0.0
9.310049039,0.0,2.21,0.0,0.01
9.311044424,0.0,2.21,0.0,0.05
9.312043195000001,0.0,2.2,0.0,0.0
9.313049718,0.0,2.21,0.01,0.0
9.314052892000001,0.0,2.2,0.03,0.02
9.316041183000001,0.0,2.19,0.0,0.0
9.317041841,0.0,2.21,0.01,0.0
9.31804233,0.01,2.2,0.01,0.0
9.319050586000001,0.01,2.2,0.0,0.01
9.320058342000001,0.0,2.2,0.01,0.0
9.321066398000001,0.09,2.2,0.0,0.1
9.322043048000001,0.01,2.22,0.0,0.0
9.323041965,0.0,2.2,0.0,0.0
9.324049681,0.01,2.19,0.01,0.02
9.325051366,0.01,2.21,0.0,0.0
9.326052176000001,0.0,2.19,0.01,0.0
9.327107451,0.0,2.19,0.0,0.01
9.32804829,0.0,2.25,0.0,0.01
9.329090501000001,0.0,2.2,0.01,0.02
9.331054386,0.01,2.2,0.01,0.0
9.332049768000001,0.01,2.2,0.01,0.0
9.333047281,0.0,2.2,0.0,0.0
9.334043304,0.0,2.2,0.0,0.0
9.335051664,0.01,2.2,0.01,0.0
9.336061694000001,0.0,2.21,0.0,0.0
9.337044699,0.0,2.21,0.0,0.0
9.338042657,0.01,2.15,0.03,0.04
9.339038244000001,0.0,2.21,0.0,0.0
9.340049362,0.01,2.2,0.0,0.0
9.341043824,0.0,2.2,0.0,0.01
9.342096474,0.0,2.21,0.0,0.0
9.343042289000001,0.02,2.19,0.01,0.01
9.344048937,0.02,2.21,0.0,0.04
9.34605181,0.0,2.2,0.01,0.0
9.347043505,0.0,2.2,0.01,0.0
9.348043752,0.0,2.19,0.0,0.0
9.349041973,0.0,2.2,0.02,0.0
9.350048871,0.0,2.2,0.0,0.0
9.35104168,0.0,2.21,0.0,0.0
9.35205335,0.0,2.19,0.0,0.01
9.353057419,0.0,2.2,0.0,0.0
9.354049039000001,0.01,2.2,0.0,0.0
9.355054736000001,0.0,2.21,0.01,0.01
9.356078310000001,0.01,2.2,0.01,0.01
9.35709334,0.0,2.2,0.0,0.0
9.358098899,0.0,2.2,0.01,0.0
9.359062049,0.0,2.2,0.01,0.0
9.360058868000001,0.04,2.2,0.0,0.0
9.362041807,0.0,2.2,0.0,0.02
9.363043021000001,0.0,2.19,0.01,0.0
9.364048924,0.0,2.17,0.01,0.0
9.365102083,0.0,2.21,0.01,0.0
9.366047471,0.0,2.19,0.01,0.0
9.367045237000001,0.0,2.2,0.01,0.0
9.368050638,0.0,2.21,0.0,0.0
9.369045453,0.0,2.2,0.0,0.0
9.370044122000001,0.02,2.2,0.0,0.0
9.371096412,0.0,2.19,0.02,0.0
9.372040446,0.0,2.19,0.0,0.0
9.373045067000001,0.0,2.2,0.0,0.0
9.374044512000001,0.01,2.21,0.0,0.0
9.375039902000001,0.0,2.19,0.0,0.01
9.37604378,0.0,2.19,0.01,0.0
9.378036494,0.02,2.19,0.01,0.0
9.379044292000001,0.0,2.19,0.01,0.0
9.380047016,0.01,2.18,0.03,0.01
9.38104732,0.01,2.19,0.0,0.0
9.382043403,0.0,2.19,0.01,0.0
9.383042408000001,0.0,2.19,0.02,0.0
9.384053088,0.0,2.18,0.01,0.0
9.385041171000001,0.01,2.2,0.0,0.0
9.386057236000001,0.0,2.18,0.0,0.0
9.38707761,0.02,2.18,0.02,0.0
9.388078785000001,0.0,2.19,0.01,0.0
9.389078137,0.0,2.18,0.0,0.0
9.390110174,0.0,2.19,0.0,0.0
9.392044126,0.01,2.19,0.0,0.0
9.39304544,0.0,2.17,0.0,0.0
9.394040606,0.0,2.19,0.0,0.0
9.395047718,0.0,2.18,0.0,0.01
9.396046246000001,0.0,2.18,0.0,0.0
9.397048043,0.0,2.18,0.01,0.0
9.398039364,0.0,2.19,0.0,0.01
9.399037867,0.0,2.18,0.01,0.01
9.40005567,0.0,2.18,0.01,0.0
9.401039369000001,0.0,2.18,0.0,0.0
9.402042953,0.0,2.18,0.01,0.0
9.403037371,0.01,2.19,0.0,0.0
9.404037827,0.01,2.21,0.01,0.02
9.405045115,0.0,2.16,0.04,0.0
9.406041106,0.0,2.18,0.01,0.01
9.40804101,0.0,2.18,0.02,0.0
9.409048949,0.0,2.17,0.0,0.0
9.410048701000001,0.0,2.18,0.06,0.02
9.411044593,0.01,2.18,0.0,0.0
9.412042304,0.0,2.19,0.01,0.01
9.413046579000001,0.0,2.17,0.04,0.0
9.414044214,0.02,2.17,0.02,0.03
9.415043831,0.0,2.18,0.0,0.0
9.416060466000001,0.0,2.16,0.0,0.0
9.417060423,0.0,2.18,0.01,0.0
9.418061201,0.0,2.18,0.0,0.0
9.419058198,0.0,2.18,0.0,0.0
9.420054525000001,0.01,2.18,0.01,0.01
9.421076297,0.0,2.18,0.01,0.01
9.423055341000001,0.02,2.15,0.02,0.0
9.424043502,0.0,2.18,0.01,0.01
9.425058511000001,0.0,2.18,0.01,0.0
9.426050215,0.0,2.18,0.0,0.0
9.427103344,0.0,2.18,0.0,0.0
9.428050057,0.0,2.19,0.03,0.0
9.429046798,0.0,2.18,0.01,0.0
9.430098365000001,0.02,2.18,0.01,0.0
9.431044489000001,0.0,2.18,0.0,0.0
9.432050953000001,0.0,2.18,0.01,0.0
9.433053868,0.0,2.18,0.01,0.0
9.434086286000001,0.0,2.18,0.02,0.0
9.435051755,0.0,2.18,0.0,0.0
9.437037698000001,0.0,2.18,0.01,0.0
9.438049851,0.0,2.18,0.01,0.0
9.439046508,0.01,2.18,0.03,0.03
9.440048846,0.0,2.19,0.0,0.0
9.441046265,0.0,2.19,0.0,0.01
9.442055801,0.0,2.18,0.01,0.0
9.443041072,0.0,2.15,0.0,0.0
9.444038227,0.0,2.18,0.01,0.04
9.445047681,0.0,2.18,0.01,0.0
9.446045758,0.0,2.18,0.01,0.0
9.447044711,0.0,2.21,0.01,0.01
9.44819425,0.0,2.18,0.0,0.01
9.450170063,0.01,2.18,0.0,0.03
9.451057066,0.0,2.18,0.01,0.02
9.452053596,0.0,2.18,0.01,0.02
9.453047544,0.0,2.18,0.0,0.0
9.454163709000001,0.01,2.19,0.0,0.0
9.455061799000001,0.0,2.18,0.0,0.01
9.456064761,0.0,2.19,0.01,0.0
9.457060966,0.0,2.18,0.0,0.0
9.458062974,0.0,2.18,0.0,0.0
9.459042408,0.02,2.18,0.01,0.0
9.460052433000001,0.0,2.19,0.0,0.0
9.461053877000001,0.0,2.18,0.0,0.0
9.462068568000001,0.0,2.18,0.0,0.0
9.463044394,0.01,2.19,0.01,0.0
9.464167055,0.01,2.18,0.0,0.01
9.465066418000001,0.0,2.15,0.01,0.0
9.467044763,0.0,2.19,0.0,0.0
9.468043629,0.0,2.18,0.0,0.0
9.469046465,0.0,2.18,0.01,0.0
9.47004749,0.0,2.18,0.0,0.0
9.471046445,0.01,2.18,0.01,0.0
9.472048457000001,0.01,2.22,0.02,0.0
9.47304414,0.0,2.18,0.0,0.0
9.474046408000001,0.0,2.18,0.01,0.0
9.475050369,0.01,2.18,0.0,0.01
9.476049107000001,0.0,2.18,0.0,0.0
9.477052786,0.0,2.17,0.0,0.0
9.478053584000001,0.0,2.19,0.0,0.01
9.479089611000001,0.0,2.17,0.01,0.0
9.480416147000001,0.0,2.18,0.0,0.0
9.48121925,0.0,2.18,0.0,0.0
9.482251934,0.0,2.18,0.01,0.01
9.484149047,0.0,2.18,0.0,0.0
9.485175826,0.0,2.18,0.01,0.0
9.486065140000001,0.03,2.18,0.0,0.0
9.487090478,0.0,2.18,0.0,0.0
9.488095603000001,0.01,2.18,0.0,0.0
9.489102577,0.04,2.17,0.01,0.0
9.490120231,0.01,2.19,0.0,0.0
9.491090212000001,0.0,2.17,0.07,0.0
9.492090583000001,0.0,2.18,0.01,0.01
9.493089969000001,0.0,2.17,0.01,0.0
9.494089729,0.01,2.18,0.0,0.0
9.495090698,0.0,2.18,0.0,0.01
9.497095796,0.0,2.18,0.03,0.04
9.498060894,0.0,2.18,0.0,0.0
9.499045831,0.02,2.16,0.04,0.01
9.500056628000001,0.0,2.18,0.0,0.0
9.501042345,0.0,2.18,0.01,0.0
9.502041586,0.0,2.18,0.01,0.0
9.503043678000001,0.0,2.18,0.0,0.0
9.504043126000001,0.01,2.18,0.02,0.0
9.505041353000001,0.02,2.2,0.01,0.01
9.506045128,0.04,2.18,0.01,0.0
9.507040254000001,0.0,2.18,0.01,0.01
9.508043496,0.0,2.18,0.0,0.0
9.509040575,0.0,2.18,0.0,0.01
9.510047718000001,0.0,2.18,0.01,0.0
9.512149693000001,0.0,2.19,0.01,0.01
9.513073955000001,0.01,2.18,0.01,0.0
9.514053931000001,0.01,2.18,0.0,0.01
9.515072118,0.01,2.18,0.02,0.0
9.516045852000001,0.01,2.17,0.03,0.02
9.517040445000001,0.0,2.19,0.01,0.0
9.518038996000001,0.0,2.19,0.0,0.01
9.519110114,0.01,2.18,0.0,0.01
9.520106333000001,0.0,2.19,0.01,0.0
9.521089974,0.0,2.19,0.01,0.0
9.522128443,0.01,2.23,0.0,0.0
9.523066356000001,0.0,2.19,0.0,0.01
9.524098936000001,0.0,2.17,0.0,0.01
9.525058565,0.0,2.14,0.01,0.0
9.526101033,0.0,2.18,0.0,0.0
9.5272202,0.02,2.18,0.0,0.0
9.528254359,0.01,2.18,0.0,0.05
9.530090751000001,0.01,2.19,0.01,0.0
9.531097389000001,0.06,2.18,0.01,0.01
9.532116572000001,0.02,2.17,0.01,0.0
9.533069842,0.01,2.22,0.0,0.02
9.534049678,0.01,2.2,0.0,0.0
9.535069098000001,0.0,2.18,0.01,0.0
9.536057904,0.0,2.19,0.01,0.0
9.537048201000001,0.0,2.19,0.0,0.0
9.538051418,0.0,2.17,0.0,0.0
9.539047967,0.0,2.18,0.02,0.0
9.540145527,0.0,2.19,0.0,0.0
9.54109262,0.0,2.18,0.01,0.0
9.543060598,0.01,2.18,0.0,0.01
9.544077219,0.0,2.16,0.0,0.01
9.545063220000001,0.0,2.15,0.01,0.0
9.546075556,0.0,2.14,0.02,0.0
9.547077892,0.0,2.13,0.01,0.0
9.548049422,0.0,2.14,0.0,0.0
9.549047155,0.0,2.16,0.0,0.1
9.550052647000001,0.01,2.14,0.0,0.0
9.551108762,0.0,2.15,0.0,0.01
9.552174396,0.0,2.16,0.0,0.01
9.553054737,0.0,2.17,0.01,0.0
9.554048595000001,0.02,2.16,0.0,0.01
9.555047787000001,0.02,2.17,0.01,0.0
9.556042644000001,0.0,2.17,0.0,0.01
9.55704497,0.0,2.18,0.01,0.0
9.559039362,0.0,2.18,0.0,0.0
9.560054397,0.0,2.2,0.01,0.01
9.561043755,0.0,2.19,0.0,0.0
9.562045998,0.08,2.2,0.01,0.0
9.563049078,0.0,2.19,0.01,0.03
9.564043305,0.01,2.19,0.01,0.0
9.565043257000001,0.01,2.19,0.0,0.0
9.566088644,0.0,2.19,0.01,0.0
9.5670427,0.0,2.2,0.0,0.0
9.568046176000001,0.01,2.19,0.01,0.01
9.569048364,0.0,2.19,0.0,0.02
9.570066598,0.02,2.2,0.01,0.0
9.571045476,0.03,2.2,0.01,0.0
9.57206141,0.0,2.2,0.0,0.06
9.574071883,0.01,2.17,0.01,0.01
9.575146347,0.0,2.2,0.01,0.01
9.576090132000001,0.0,2.2,0.0,0.01
9.577113516,0.0,2.21,0.0,0.0
9.578048098,0.0,2.21,0.01,0.0
9.579049199,0.0,2.22,0.01,0.01
9.580043592,0.0,2.21,0.0,0.0
9.581052681000001,0.0,2.2,0.0,0.0
9.582045619,0.0,2.21,0.0,0.0
9.58304479,0.05,2.21,0.0,0.01
9.584042746,0.0,2.22,0.01,0.02
9.585042932,0.0,2.21,0.01,0.0
9.586042366000001,0.0,2.21,0.01,0.0
9.587091799000001,0.0,2.22,0.01,0.0
9.588043013,0.01,2.21,0.0,0.0
9.590041025000001,0.0,2.2,0.01,0.0
9.591106298000001,0.0,2.21,0.0,0.0
9.59206017,0.0,2.21,0.01,0.0
9.59305327,0.0,2.22,0.01,0.0
9.594053684,0.0,2.21,0.0,0.0
9.595042429000001,0.0,2.22,0.01,0.0
9.596042108,0.0,2.21,0.0,0.0
9.597042345,0.0,2.21,0.0,0.0
9.59804181,0.0,2.21,0.0,0.0
9.599045747,0.0,2.21,0.01,0.0
9.600098762,0.0,2.21,0.01,0.0
9.601046279,0.02,2.2,0.03,0.01
9.602044434,0.0,2.19,0.0,0.02
9.603051247,0.0,2.21,0.01,0.0
9.605065531000001,0.01,2.21,0.01,0.01
9.606049126,0.06,2.2,0.0,0.0
9.607070021,0.0,2.2,0.01,0.01
9.608061716,0.01,2.2,0.01,0.0
9.609056514,0.02,2.2,0.01,0.0
9.610046663,0.01,2.25,0.01,0.0
9.611042195000001,0.0,2.19,0.0,0.0
9.612039568,0.0,2.19,0.0,0.0
9.613042584,0.0,2.2,0.0,0.0
9.614081621,0.0,2.19,0.0,0.01
9.615040765,0.02,2.2,0.0,0.0
9.616039788,0.0,2.2,0.0,0.0
9.617041582,0.01,2.2,0.0,0.0
9.618043579,0.0,2.21,0.0,0.0
9.620041515,0.01,2.21,0.01,0.0
9.621048893000001,0.03,2.19,0.01,0.01
9.622047362,0.01,2.17,0.0,0.01
9.623065628,0.01,2.2,0.02,0.0
9.624053680000001,0.0,2.2,0.0,0.0
9.625045754,0.01,2.2,0.01,0.0
9.626044623,0.01,2.19,0.0,0.0
9.627042014,0.0,2.2,0.0,0.0
9.628041991,0.01,2.19,0.0,0.0
9.629042464000001,0.0,2.21,0.06,0.0
9.630063957,0.0,2.18,0.0,0.0
9.631043848000001,0.0,2.2,0.0,0.0
9.632043409000001,0.0,2.19,0.0,0.0
9.633053829000001,0.01,2.19,0.01,0.01
9.635042203000001,0.0,2.2,0.01,0.0
9.636058959000001,0.01,2.19,0.01,0.0
9.637060843,0.0,2.19,0.0,0.0
9.638051249,0.01,2.19,0.01,0.0
9.639047349,0.0,2.2,0.0,0.0
9.640051515000001,0.01,2.21,0.01,0.04
9.641044645000001,0.0,2.2,0.0,0.0
9.642043765,0.0,2.19,0.01,0.0
9.643042488,0.01,2.19,0.0,0.0
9.644043194,0.01,2.2,0.02,0.01
9.645046922,0.01,2.19,0.01,0.0
9.646041827000001,0.0,2.2,0.02,0.0
9.647047436000001,0.04,2.19,0.01,0.0
9.648042594000001,0.0,2.19,0.0,0.02
9.650080353,0.0,2.17,0.01,0.0
9.651041718,0.01,2.19,0.01,0.03
9.652042333,0.0,2.15,0.01,0.01
9.653041154,0.0,2.18,0.0,0.0
9.654041049,0.0,2.2,0.0,0.01
9.655046135000001,0.01,2.19,0.0,0.0
9.65605478,0.0,2.19,0.0,0.01
9.657045441000001,0.0,2.16,0.0,0.0
9.658044839,0.01,2.2,0.0,0.0
9.659044101000001,0.0,2.2,0.01,0.0
9.660047346,0.0,2.19,0.0,0.0
9.661043377,0.0,2.2,0.01,0.0
9.662052034,0.01,2.21,0.01,0.01
9.663047155000001,0.0,2.21,0.01,0.02
9.664087697000001,0.0,2.2,0.0,0.0
9.666060173,0.0,2.2,0.0,0.0
9.667050301,0.0,2.21,0.0,0.0
9.668049306,0.0,2.22,0.0,0.01
9.669053925,0.0,2.22,0.0,0.0
9.670051227,0.01,2.22,0.01,0.0
9.671059032,0.0,2.22,0.0,0.0
9.672064809,0.01,2.2,0.01,0.0
9.673045092,0.0,2.22,0.0,0.01
9.674043729000001,0.0,2.22,0.01,0.0
9.675041136,0.0,2.23,0.0,0.0
9.676048434,0.0,2.23,0.0,0.0
9.677062948000001,0.0,2.24,0.01,0.0
9.678046124,0.0,2.24,0.01,0.01
9.68004705,0.0,2.24,0.01,0.0
9.681045269,0.01,2.24,0.0,0.0
9.682048241,0.01,2.24,0.01,0.0
9.683043416,0.0,2.23,0.01,0.01
9.684044968,0.01,2.24,0.01,0.0
9.685047669000001,0.02,2.25,0.01,0.05
9.686045582,0.0,2.2,0.0,0.0
9.68704861,0.0,2.25,0.01,0.01
9.688051827,0.0,2.25,0.0,0.0
9.68905786,0.04,2.25,0.0,0.0
9.690044363,0.01,2.25,0.03,0.0
9.691044431,0.01,2.25,0.01,0.03
9.692044195000001,0.05,2.25,0.0,0.0
9.69304586,0.0,2.25,0.01,0.01
9.695042138,0.0,2.24,0.01,0.0
9.696053221000001,0.0,2.26,0.0,0.0
9.697056959000001,0.0,2.26,0.01,0.0
9.698048475,0.0,2.26,0.01,0.0
9.699063338,0.0,2.26,0.01,0.01
9.700050735000001,0.0,2.25,0.01,0.0
9.701051195,0.01,2.27,0.01,0.0
9.702071969,0.02,2.26,0.01,0.01
9.703048474000001,0.0,2.25,0.0,0.01
9.704051246,0.01,2.25,0.0,0.01
9.705044054,0.01,2.26,0.0,0.0
9.706041682,0.0,2.25,0.0,0.02
9.707045372000001,0.01,2.25,0.01,0.0
9.708168178000001,0.0,2.26,0.0,0.0
9.710045074,0.0,2.26,0.01,0.0
9.711044744,0.0,2.26,0.01,0.0
9.712042778,0.05,2.26,0.0,0.0
9.713049449000001,0.0,2.26,0.01,0.01
9.714044103,0.01,2.26,0.01,0.0
9.715048167,0.0,2.28,0.01,0.0
9.716042223,0.0,2.25,0.01,0.0
9.71704352,0.0,2.26,0.01,0.0
9.718043242,0.0,2.25,0.0,0.0
9.719043393,0.0,2.25,0.01,0.0
9.720087374,0.0,2.24,0.0,0.0
9.721052202000001,0.0,2.24,0.0,0.01
9.722046527,0.0,2.24,0.0,0.0
9.72304658,0.02,2.22,0.03,0.06
9.724048988,0.05,2.23,0.01,0.0
9.72605012,0.0,2.23,0.01,0.0
9.727103393,0.0,2.23,0.02,0.0
9.728069147000001,0.02,2.22,0.0,0.0
9.729160282,0.03,2.19,0.03,0.14
9.730153921000001,0.0,2.22,0.0,0.0
9.731167950000001,0.0,2.21,0.01,0.0
9.73204666,0.01,2.2,0.0,0.01
9.733099844,0.0,2.2,0.0,0.0
9.734100784,0.0,2.22,0.01,0.03
9.735113829000001,0.0,2.2,0.0,0.0
9.736076539,0.0,2.2,0.0,0.0
9.737049484,0.0,2.21,0.0,0.0
9.739087271,0.01,2.21,0.0,0.01
9.740046987000001,0.07,2.2,0.0,0.0
9.741098167,0.0,2.2,0.01,0.0
9.742045729,0.0,2.19,0.02,0.0
9.743044796000001,0.0,2.18,0.01,0.0
9.744047113,0.0,2.18,0.0,0.0
9.745047567,0.01,2.19,0.0,0.01
9.746043826000001,0.0,2.19,0.0,0.0
9.747118765,0.01,2.18,0.0,0.01
9.748041832,0.0,2.18,0.0,0.0
9.749050968,0.0,2.18,0.01,0.01
9.750045227000001,0.0,2.18,0.0,0.0
9.751087924,0.0,2.18,0.03,0.0
9.752061625000001,0.0,2.18,0.01,0.0
9.753052345,0.0,2.17,0.0,0.0
9.754050671,0.0,2.17,0.0,0.0
9.756043688,0.0,2.17,0.0,0.0
9.757042843,0.03,2.21,0.02,0.01
9.758058154,0.01,2.17,0.01,0.0
9.759088383,0.0,2.17,0.01,0.0
9.760055652,0.0,2.18,0.0,0.0
9.761049421000001,0.0,2.18,0.0,0.03
9.762052141,0.0,2.16,0.0,0.01
9.763133298000001,0.0,2.15,0.0,0.04
9.764076864,0.0,2.17,0.01,0.03
9.765130785,0.0,2.17,0.0,0.0
9.766063389000001,0.0,2.17,0.0,0.0
9.767044692,0.01,2.16,0.01,0.0
9.768062421,0.0,2.16,0.01,0.0
9.770041869,0.0,2.17,0.01,0.0
9.771040761,0.0,2.16,0.01,0.0
9.772039319000001,0.0,2.16,0.01,0.0
9.773039982,0.01,2.17,0.0,0.0
9.774040449000001,0.0,2.13,0.02,0.0
9.775042966,0.01,2.17,0.01,0.0
9.776039851,0.0,2.16,0.01,0.01
9.777041483000001,0.0,2.16,0.0,0.0
9.778049909,0.01,2.17,0.03,0.0
9.77904638,0.01,2.16,0.01,0.0
9.780041635,0.0,2.17,0.01,0.01
9.78104104,0.0,2.16,0.02,0.0
9.782040522,0.01,2.17,0.0,0.0
9.783045424,0.01,2.15,0.0,0.0
9.784069753,0.0,2.12,0.08,0.06
9.786044776,0.0,2.15,0.01,0.01
9.787044920000001,0.0,2.15,0.0,0.0
9.788043567,0.0,2.15,0.0,0.0
9.789047521,0.0,2.15,0.0,0.0
9.790046929,0.01,2.15,0.0,0.0
9.791048762,0.0,2.16,0.0,0.0
9.792045019000001,0.01,2.15,0.01,0.0
9.793044906,0.0,2.14,0.0,0.0
9.794044147000001,0.0,2.11,0.01,0.02
9.795043341000001,0.01,2.13,0.01,0.0
9.796043070000001,0.0,2.13,0.0,0.0
9.797052953000001,0.0,2.14,0.01,0.0
9.798041836000001,0.0,2.12,0.0,0.0
9.7990417,0.0,2.12,0.0,0.0
9.801045803000001,0.0,2.11,0.0,0.0
9.802116904,0.0,2.13,0.04,0.0
9.803048057,0.0,2.17,0.02,0.01
9.804041781,0.0,2.1,0.01,0.0
9.805153823000001,0.01,2.08,0.0,0.0
9.806045883000001,0.0,2.08,0.0,0.0
9.807043751,0.0,2.12,0.02,0.02
9.808042167,0.01,2.07,0.01,0.0
9.809066803,0.0,2.07,0.0,0.02
9.810041898000001,0.0,2.06,0.01,0.01
9.811042528,0.04,2.05,0.01,0.0
9.812041644,0.01,2.05,0.0,0.0
9.813042318,0.0,1.99,0.0,0.0
9.814042519000001,0.0,2.05,0.01,0.01
9.816060622,0.01,2.04,0.0,0.0
9.817061364,0.0,2.04,0.0,0.0
9.818044200000001,0.0,2.07,0.0,0.0
9.819044495,0.0,2.04,0.01,0.0
9.820045007000001,0.0,2.05,0.02,0.0
9.821069557000001,0.02,2.03,0.02,0.01
9.822058104,0.01,2.05,0.0,0.01
9.823053449000001,0.0,2.02,0.0,0.0
9.824154385,0.0,2.01,0.01,0.01
9.825052549,0.01,1.99,0.01,0.0
9.826042849,0.0,1.99,0.01,0.0
9.827095334000001,0.0,1.99,0.0,0.0
9.828045858000001,0.0,1.96,0.0,0.01
9.830046258000001,0.0,1.95,0.0,0.0
9.831042038000001,0.0,1.95,0.0,0.0
9.832057255,0.0,1.95,0.0,0.0
9.833157453,0.06,1.97,0.0,0.0
9.834040088,0.01,1.93,0.0,0.01
9.835041463000001,0.0,1.95,0.0,0.01
9.83604002,0.0,1.95,0.0,0.0
9.837045006,0.0,1.95,0.01,0.0
9.838040129000001,0.0,1.94,0.03,0.01
9.83904585,0.0,1.94,0.02,0.0
9.840041149000001,0.02,1.94,0.0,0.0
9.841041993000001,0.0,1.96,0.03,0.0
9.842046448000001,0.0,1.92,0.0,0.02
9.843042645,0.0,1.91,0.0,0.0
9.845040374,0.0,1.91,0.0,0.0
9.846041608,0.0,1.92,0.0,0.0
9.847041236,0.0,1.92,0.07,0.0
9.848052398,0.03,1.9,0.0,0.0
9.849059554,0.0,1.88,0.0,0.0
9.850044665,0.01,1.87,0.0,0.05
9.851065334000001,0.0,1.88,0.0,0.0
9.852049908000001,0.0,1.89,0.0,0.0
9.853052127,0.01,1.86,0.01,0.0
9.854068940000001,0.0,1.84,0.0,0.01
9.855066486,0.0,1.82,0.01,0.01
9.856060554,0.0,1.87,0.0,0.0
9.857144905,0.0,1.82,0.01,0.03
9.858168139,0.0,1.83,0.0,0.01
9.859043844,0.0,1.85,0.0,0.02
9.861043322,0.0,1.85,0.0,0.0
9.862043688,0.0,1.86,0.01,0.0
9.86309872,0.01,1.85,0.01,0.0
9.864053652,0.0,1.86,0.03,0.01
9.865044931,0.01,1.9,0.06,0.03
9.866057155,0.01,1.87,0.0,0.0
9.867042321000001,0.0,1.86,0.01,0.0
9.868041204,0.0,1.86,0.0,0.0
9.869049775,0.0,1.85,0.01,0.01
9.870043807,0.03,1.86,0.0,0.0
9.871074268000001,0.0,1.85,0.0,0.09
9.872048112,0.0,1.84,0.0,0.0
9.873048465,0.0,1.82,0.0,0.0
9.874047089000001,0.01,1.84,0.0,0.0
9.876044142000001,0.0,1.85,0.0,0.0
9.877051006,0.01,1.83,0.0,0.0
9.878074875000001,0.01,1.83,0.0,0.0
9.879188831,0.0,1.74,0.01,0.0
9.880061039000001,0.0,1.75,0.01,0.0
9.881060522,0.01,1.76,0.0,0.01
9.882064174,0.05,1.75,0.0,0.0
9.883053993,0.0,1.76,0.01,0.01
9.884053539,0.0,1.77,0.0,0.02
9.885049182000001,0.0,1.77,0.0,0.0
9.886053747,0.0,1.76,0.0,0.05
9.887053767000001,0.0,1.73,0.0,0.0
9.888051711000001,0.0,1.69,0.02,0.0
9.890072149,0.0,1.7,0.0,0.0
9.89106935,0.0,1.64,0.02,0.0
9.892058809,0.0,1.7,0.0,0.0
9.893049934,0.01,1.72,0.0,0.0
9.894048988,0.0,1.79,0.01,0.01
9.895050827,0.0,1.82,0.0,0.0
9.896062559,0.0,1.85,0.0,0.0
9.897050663,0.0,1.88,0.0,0.0
9.898047689,0.0,1.9,0.0,0.0
9.899059925000001,0.0,1.92,0.0,0.03
9.900051519,0.01,1.93,0.0,0.0
9.901052652,0.0,1.92,0.0,0.02
9.902054389,0.0,2.02,0.01,0.0
9.903048611000001,0.0,2.06,0.0,0.01
9.905054212000001,0.0,2.06,0.0,0.0
9.906052129,0.05,2.03,0.0,0.0
9.907048773000001,0.0,2.07,0.01,0.0
9.908038509,0.0,2.02,0.0,0.0
9.90903783,0.01,2.02,0.01,0.03
9.910047104,0.01,1.84,0.01,0.0
9.911047263,0.0,1.65,0.01,0.0
9.912075348,0.01,1.6,0.0,0.0
9.913056363,0.0,1.65,0.0,0.0
9.914056902,0.0,1.77,0.0,0.01
9.915071821,0.01,1.87,0.01,0.01
9.916082395,0.0,1.92,0.0,0.0
9.917086547,0.0,1.95,0.01,0.0
9.918049869,0.0,1.98,0.0,0.0
9.919137113000001,0.0,2.02,0.0,0.0
9.921044158,0.0,2.05,0.0,0.0
9.922049195000001,0.01,2.07,0.0,0.0
9.923050291000001,0.01,2.1,0.0,0.01
9.924062949000001,0.0,2.12,0.0,0.0
9.925046208000001,0.04,2.14,0.01,0.0
9.926046900000001,0.01,2.14,0.01,0.0
9.927052606,0.0,2.14,0.0,0.0
9.928064018,0.01,2.16,0.0,0.0
9.929060938000001,0.0,2.16,0.0,0.0
9.930046648000001,0.0,2.15,0.01,0.01
9.931114650000001,0.0,2.16,0.01,0.01
9.932056201,0.0,2.14,0.0,0.0
9.933049706,0.0,2.14,0.0,0.0
9.935048666,0.0,2.12,0.0,0.0
9.936055072,0.0,2.11,0.0,0.0
9.93704703,0.0,2.09,0.0,0.01
9.93805757,0.0,2.08,0.0,0.01
9.939051531,0.0,2.08,0.01,0.01
9.940055026000001,0.0,2.07,0.0,0.01
9.941042750000001,0.03,2.05,0.0,0.0
9.942049837,0.0,2.04,0.0,0.0
9.943100955,0.0,2.0,0.0,0.01
9.944076114000001,0.0,2.0,0.0,0.0
9.94505176,0.01,1.95,0.0,0.0
9.946076733,0.0,1.85,0.01,0.0
9.947174686,0.0,1.86,0.0,0.02
9.948128973000001,0.01,1.84,0.0,0.0
9.949063282000001,0.0,1.94,0.0,0.0
9.95004841,0.0,1.99,0.0,0.01
9.952040030000001,0.0,1.98,0.01,0.0
9.953041049000001,0.0,2.05,0.01,0.01
9.954054004000001,0.0,2.06,0.0,0.0
9.955056497000001,0.0,2.05,0.0,0.0
9.956053186,0.0,2.08,0.0,0.0
9.957048633000001,0.01,2.1,0.0,0.02
9.958052760000001,0.01,2.04,0.0,0.01
9.959090343,0.0,1.98,0.0,0.0
9.96005627,0.0,1.83,0.01,0.0
9.961071577,0.0,1.64,0.0,0.0
9.962054129,0.01,1.72,0.0,0.01
9.963052108000001,0.0,1.65,0.0,0.0
9.964051605,0.0,0.92,0.0,0.0
9.965050172,0.0,0.76,0.02,0.0
9.967041092,0.0,0.81,0.0,0.0
9.968045798,0.01,0.78,0.0,0.01
9.969047002,0.0,0.78,0.0,0.0
9.970055062,0.0,0.76,0.01,0.04
9.971057336000001,0.01,0.77,0.0,0.0
9.972052255000001,0.0,0.75,0.0,0.0
9.973045666,0.01,0.78,0.0,0.01
9.974065386000001,0.0,0.8,0.0,0.0
9.975056505000001,0.0,0.74,0.0,0.0
9.976070622,0.0,0.76,0.0,0.0
9.977069579,0.0,0.74,0.01,0.0
9.978063895,0.0,0.75,0.01,0.01
9.979072001,0.0,0.76,0.0,0.01
9.981053699,0.0,0.74,0.0,0.0
9.982056325,0.06,0.73,0.0,0.0
9.983053028,0.0,0.73,0.0,0.02
9.984044656,0.01,0.72,0.0,0.0
9.98505306,0.0,0.73,0.0,0.0
9.986056603,0.0,0.71,0.0,0.0
9.987052685,0.0,0.72,0.0,0.01
9.988051293,0.01,0.72,0.0,0.0
9.989067107,0.0,0.72,0.01,0.01
9.990056144,0.01,0.72,0.0,0.01
9.991045346,0.0,0.69,0.0,0.0
9.992076396,0.0,0.72,0.0,0.0
9.993063347000001,0.0,0.72,0.0,0.02
9.994054565,0.01,0.7,0.0,0.01
9.995062503,0.0,0.7,0.0,0.0
9.996060759,0.0,0.7,0.0,0.0
9.998038472000001,0.0,0.69,0.0,0.0
9.999046693,0.0,0.71,0.0,0.0
10.000039117,0.0,0.68,0.02,0.09
10.001175535,0.0,0.69,0.0,0.0
10.002053693,0.0,0.69,0.0,0.0
10.003054841,0.0,0.65,0.0,0.02
10.004042442000001,0.0,0.69,0.02,0.01
10.005047774000001,0.01,0.7,0.0,0.01
10.006064203000001,0.0,0.74,0.0,0.0
10.007114459,0.0,0.72,0.0,0.0
10.008092842,0.01,0.74,0.01,0.0
10.009236863,0.04,0.72,0.0,0.06
10.010196026000001,0.01,0.73,0.01,0.0
10.012067358000001,0.0,0.73,0.01,0.05
10.013061354000001,0.0,0.71,0.01,0.0
10.014045323000001,0.01,0.76,0.0,0.01
10.015054175000001,0.02,0.73,0.0,0.0
10.016051039,0.0,0.73,0.0,0.0
10.017048823000001,0.0,0.73,0.0,0.0
10.018044052,0.0,0.72,0.0,0.0
10.019049253,0.0,0.72,0.01,0.0
10.020042456,0.0,0.71,0.0,0.0
10.021048808,0.0,0.71,0.0,0.01
10.022048179,0.01,0.71,0.0,0.0
10.023044985,0.0,0.71,0.0,0.0
10.025052787,0.0,0.71,0.0,0.0
10.026040481,0.0,0.71,0.01,0.0
10.027053160000001,0.0,0.72,0.0,0.01
10.028050694000001,0.0,0.74,0.0,0.0
10.029042760000001,0.01,0.71,0.0,0.0
10.030045544,0.01,0.72,0.01,0.0
10.031044929,0.0,0.72,0.03,0.0
10.032048995,0.0,0.72,0.0,0.0
10.033046307000001,0.0,0.72,0.0,0.02
10.034103245,0.0,0.71,0.0,0.0
10.035042794,0.0,0.71,0.0,0.0
10.03604104,0.0,0.7,0.0,0.01
10.037061798,0.0,0.7,0.0,0.0
10.038056240000001,0.0,0.69,0.0,0.02
10.039055148000001,0.01,0.68,0.0,0.01
10.040069724,0.01,0.69,0.0,0.0
10.041046805,0.01,0.69,0.0,0.0
10.043115658000001,0.04,0.65,0.0,0.01
10.044069918,0.0,0.69,0.0,0.02
10.045064152,0.0,0.69,0.0,0.01
10.046059665000001,0.0,0.68,0.06,0.0
10.047057553,0.02,0.69,0.01,0.0
10.048067382000001,0.0,0.7,0.0,0.0
10.049054093,0.0,0.75,0.0,0.01
10.050046956000001,0.0,0.75,0.0,0.05
10.051057757,0.0,0.7,0.0,0.01
10.052110589,0.0,0.68,0.0,0.0
10.053062047000001,0.03,0.7,0.0,0.0
10.054042457000001,0.01,0.7,0.02,0.0
10.055050524,0.01,0.7,0.01,0.01
10.056062402,0.08,0.76,0.09,0.01
10.058048846,0.0,0.69,0.0,0.0
10.059049553000001,0.0,0.7,0.01,0.01
10.060054799000001,0.01,0.7,0.0,0.0
10.061051123,0.01,0.69,0.0,0.02
10.062052161,0.0,0.68,0.08,0.03
10.063043294,0.0,0.7,0.0,0.01
10.064042086,0.0,0.69,0.0,0.0
10.065164653,0.0,0.7,0.01,0.01
10.066115068,0.0,0.69,0.0,0.0
10.067049868,0.01,0.7,0.0,0.01
10.068063079,0.0,0.7,0.0,0.01
10.069056547,0.0,0.7,0.0,0.0
10.070076343,0.0,0.69,0.0,0.01
10.071064469000001,0.01,0.69,0.01,0.01
10.073059448,0.01,0.69,0.02,0.02
10.07404501,0.0,0.69,0.0,0.02
10.075046413,0.01,0.69,0.0,0.0
10.076041767000001,0.0,0.7,0.01,0.0
10.07704561,0.0,0.69,0.01,0.01
10.078123575000001,0.0,0.69,0.01,0.0
10.079045709,0.0,0.7,0.01,0.0
10.080093170000001,0.0,0.71,0.0,0.03
10.081049333000001,0.01,0.69,0.05,0.0
10.08204649,0.0,0.68,0.0,0.0
10.083045411,0.0,0.69,0.03,0.01
10.084044289000001,0.01,0.7,0.01,0.0
10.08507207,0.0,0.69,0.0,0.0
10.086071793,0.0,0.68,0.0,0.01
10.088113934,0.0,0.71,0.0,0.01
10.08905343,0.0,0.7,0.0,0.01
10.090060302000001,0.0,0.74,0.04,0.1
10.091050227,0.0,0.69,0.0,0.0
10.092110749000001,0.0,0.7,0.01,0.0
10.093066904,0.02,0.69,0.01,0.02
10.094064521,0.0,0.69,0.0,0.0
10.095054956,0.01,0.69,0.0,0.0
10.096057946,0.0,0.66,0.0,0.03
10.097045343000001,0.02,0.7,0.0,0.01
10.098067665,0.0,0.69,0.0,0.01
10.099142878,0.0,0.68,0.0,0.0
10.100064809000001,0.0,0.71,0.0,0.0
10.101050862000001,0.0,0.68,0.01,0.0
10.103055664000001,0.0,0.68,0.0,0.0
10.104221068000001,0.01,0.67,0.0,0.03
10.105153197,0.0,0.67,0.01,0.0
10.106051785,0.0,0.69,0.0,0.0
10.107071636,0.0,0.68,0.0,0.01
10.108104531,0.0,0.68,0.0,0.0
10.109085471,0.0,0.69,0.01,0.0
10.110053127,0.0,0.69,0.01,0.01
10.111090625000001,0.0,0.72,0.0,0.0
10.11204713,0.04,0.68,0.0,0.0
10.113065457000001,0.0,0.71,0.0,0.01
10.114055792,0.01,0.69,0.0,0.02
10.11504607,0.0,0.69,0.0,0.0
10.116047023,0.0,0.69,0.0,0.0
10.118041034,0.0,0.69,0.0,0.0
10.119041579000001,0.0,0.69,0.0,0.01
10.120056908,0.0,0.68,0.01,0.0
10.121044349,0.0,0.68,0.0,0.0
10.122046849,0.0,0.7,0.05,0.0
10.123139568000001,0.1,0.72,0.05,0.0
10.124044805,0.01,0.69,0.0,0.03
10.125056330000001,0.0,0.7,0.0,0.0
10.126044231,0.0,0.68,0.01,0.0
10.127047022000001,0.0,0.68,0.0,0.0
10.128063757000001,0.0,0.68,0.0,0.01
10.129043966000001,0.11,0.62,0.04,0.0
10.131062633,0.0,0.69,0.01,0.0
10.132056595,0.01,0.69,0.0,0.0
10.133189915,0.0,0.7,0.01,0.0
10.134177217000001,0.0,0.7,0.0,0.0
10.135053183,0.0,0.69,0.0,0.0
10.136113745000001,0.01,0.68,0.0,0.01
10.137131898,0.0,0.68,0.01,0.0
10.138164525,0.0,0.69,0.01,0.0
10.139059306,0.06,0.7,0.0,0.0
10.140099882000001,0.01,0.69,0.0,0.0
10.141058316,0.01,0.7,0.01,0.0
10.142105354,0.0,0.68,0.0,0.01
10.143073618,0.01,0.69,0.01,0.0
10.144105804,0.0,0.68,0.0,0.0
10.145057844,0.0,0.69,0.0,0.0
10.146097677,0.01,0.69,0.0,0.0
10.147098121,0.0,0.69,0.0,0.0
10.149156452000001,0.0,0.68,0.0,0.04
10.150065481,0.0,0.68,0.0,0.01
10.151100083000001,0.0,0.69,0.01,0.0
10.152256963000001,0.0,0.69,0.0,0.01
10.153070064000001,0.0,0.69,0.0,0.01
10.154097686,0.01,0.67,0.0,0.0
10.15507341,0.01,0.68,0.0,0.0
10.156095237,0.03,0.68,0.11,0.02
10.157100045,0.0,0.68,0.0,0.0
10.158125629,0.0,0.7,0.01,0.01
10.159095463,0.0,0.68,0.0,0.0
10.160064788000001,0.02,0.68,0.01,0.01
10.161051721,0.01,0.68,0.0,0.01
10.162151897000001,0.0,0.68,0.0,0.0
10.163117126000001,0.01,0.68,0.0,0.0
10.165074657,0.01,0.68,0.04,0.0
10.166068383,0.0,0.68,0.0,0.0
10.16705082,0.0,0.7,0.01,0.01
10.168080669,0.0,0.69,0.0,0.01
10.169060977000001,0.0,0.69,0.0,0.0
10.170046696,0.0,0.68,0.0,0.01
10.171051575,0.0,0.69,0.0,0.0
10.172052211,0.08,0.67,0.05,0.0
10.173045118000001,0.01,0.7,0.0,0.0
10.174038654,0.0,0.69,0.0,0.0
10.175037185,0.0,0.69,0.0,0.0
10.176056557,0.0,0.68,0.0,0.0
10.177060299,0.0,0.7,0.0,0.02
10.179039640000001,0.0,0.68,0.01,0.0
10.180049886,0.0,0.67,0.01,0.0
10.181116502,0.0,0.69,0.02,0.0
10.182043538,0.0,0.66,0.01,0.0
10.183039144,0.0,0.68,0.01,0.0
10.184107223,0.01,0.68,0.0,0.0
10.185052279,0.02,0.69,0.0,0.02
10.186104837,0.0,0.68,0.0,0.0
10.187045271,0.0,0.68,0.0,0.0
10.188042634,0.0,0.67,0.0,0.0
10.189050203,0.01,0.65,0.0,0.0
10.190039781000001,0.0,0.67,0.01,0.01
10.191049027,0.0,0.67,0.01,0.0
10.192064786000001,0.0,0.65,0.0,0.0
10.194061375,0.01,0.66,0.01,0.01
10.195061932,0.0,0.67,0.0,0.0
10.196075222000001,0.0,0.66,0.0,0.0
10.197064056,0.0,0.66,0.01,0.0
10.198052646,0.0,0.66,0.0,0.0
10.199072717,0.0,0.66,0.01,0.0
10.200121056,0.0,0.66,0.0,0.01
10.201115402000001,0.0,0.67,0.0,0.0
10.202061009000001,0.02,0.65,0.03,0.0
10.203053271,0.0,0.66,0.0,0.0
10.204051097,0.0,0.66,0.0,0.0
10.205055122000001,0.01,0.65,0.0,0.0
10.206139138000001,0.0,0.68,0.02,0.0
10.207047439,0.01,0.65,0.0,0.03
10.209041944,0.0,0.66,0.0,0.0
10.210049833000001,0.0,0.66,0.0,0.0
10.211050595000001,0.04,0.65,0.0,0.0
10.212053376,0.0,0.64,0.0,0.0
10.213046006,0.02,0.6,0.0,0.01
10.214044132000001,0.0,0.65,0.0,0.0
10.215041743,0.0,0.64,0.01,0.0
10.216064508,0.0,0.64,0.0,0.0
10.217044284,0.0,0.64,0.0,0.0
10.218043155,0.0,0.64,0.0,0.0
10.219041784,0.0,0.62,0.0,0.01
10.220095160000001,0.0,0.64,0.01,0.01
10.221043340000001,0.0,0.65,0.02,0.03
10.222099143000001,0.02,0.62,0.0,0.01
10.224050696,0.0,0.56,0.0,0.08
10.225079002000001,0.0,0.65,0.0,0.0
10.226045625000001,0.0,0.65,0.0,0.0
10.227044451000001,0.0,0.65,0.0,0.0
10.228042068,0.0,0.66,0.01,0.01
10.22906517,0.0,0.65,0.02,0.0
10.230120789,0.01,0.65,0.0,0.0
10.231054287000001,0.0,0.66,0.0,0.01
10.232116149000001,0.01,0.65,0.0,0.0
10.233048322,0.0,0.68,0.01,0.0
10.234053034,0.0,0.67,0.0,0.02
10.235049945,0.0,0.67,0.0,0.0
10.236059886000001,0.0,0.66,0.01,0.0
10.238040482,0.0,0.67,0.0,0.0
10.239047662,0.0,0.67,0.0,0.01
10.240045702,0.01,0.65,0.0,0.0
10.241042080000001,0.02,0.63,0.0,0.02
10.242042311,0.01,0.66,0.0,0.0
10.243047227,0.0,0.65,0.01,0.0
10.244054358000001,0.0,0.66,0.0,0.0
10.245046481000001,0.0,0.65,0.0,0.0
10.246042168,0.01,0.65,0.0,0.02
10.247050578000001,0.0,0.65,0.0,0.0
10.248103385,0.01,0.66,0.0,0.01
10.249044272,0.01,0.65,0.01,0.01
10.250053459,0.0,0.66,0.01,0.0
10.251110417000001,0.0,0.65,0.0,0.0
10.253045161000001,0.0,0.66,0.0,0.0
10.25405944,0.01,0.65,0.0,0.0
10.255068512000001,0.0,0.67,0.0,0.0
10.256127732000001,0.01,0.65,0.0,0.0
10.257063274,0.0,0.65,0.02,0.0
10.258149106000001,0.0,0.65,0.01,0.01
10.259049348000001,0.0,0.65,0.0,0.0
10.26005318,0.0,0.67,0.01,0.0
10.261046466,0.0,0.65,0.0,0.0
10.262049969000001,0.0,0.65,0.0,0.0
10.263048063000001,0.01,0.65,0.0,0.0
10.264068973,0.01,0.65,0.04,0.01
10.265064115000001,0.0,0.65,0.0,0.0
10.266054585000001,0.05,0.61,0.07,0.0
10.26810895,0.01,0.66,0.0,0.0
10.269047362,0.0,0.67,0.0,0.01
10.270048736000001,0.01,0.65,0.0,0.0
10.271043326000001,0.0,0.65,0.0,0.0
10.272048177,0.0,0.66,0.0,0.0
10.273043098,0.0,0.65,0.0,0.0
10.274043917,0.0,0.64,0.0,0.02
10.275049601000001,0.0,0.65,0.0,0.0
10.276047232,0.0,0.66,0.0,0.0
10.277042268,0.0,0.66,0.0,0.0
10.278043036000001,0.0,0.66,0.0,0.01
10.279042162000001,0.02,0.65,0.0,0.0
10.280068722000001,0.0,0.67,0.0,0.0
10.281064788,0.01,0.66,0.0,0.0
10.283044621,0.0,0.65,0.0,0.01
10.284065400000001,0.0,0.67,0.11,0.0
10.285072918000001,0.0,0.66,0.0,0.01
10.286052412,0.0,0.66,0.0,0.0
10.287057990000001,0.0,0.67,0.0,0.0
10.288062191,0.01,0.66,0.01,0.0
10.289047621,0.0,0.66,0.0,0.0
10.29006446,0.0,0.7,0.0,0.01
10.291051433,0.0,0.66,0.01,0.0
10.292040345,0.0,0.65,0.01,0.01
10.293071133,0.0,0.66,0.0,0.0
10.294055634000001,0.0,0.66,0.01,0.0
10.295059486000001,0.0,0.65,0.0,0.0
10.296065672000001,0.0,0.66,0.0,0.0
10.298113096,0.01,0.65,0.01,0.0
10.299049326,0.01,0.65,0.0,0.01
10.300054644000001,0.0,0.66,0.0,0.01
10.301048131,0.0,0.66,0.01,0.13
10.302044575,0.01,0.67,0.01,0.0
10.303053846000001,0.0,0.66,0.01,0.0
10.304073264000001,0.0,0.65,0.0,0.0
10.305098609,0.0,0.65,0.0,0.0
10.306044809000001,0.0,0.64,0.0,0.01
10.307046543,0.0,0.65,0.0,0.02
10.308046967000001,0.0,0.66,0.0,0.0
10.309044279,0.0,0.65,0.01,0.01
10.31005264,0.0,0.65,0.0,0.0
10.311047417000001,0.01,0.65,0.0,0.01
10.312194708,0.0,0.63,0.04,0.08
10.314056404,0.0,0.65,0.01,0.01
10.315054375,0.0,0.65,0.0,0.01
10.316081625,0.0,0.65,0.0,0.0
10.317072928,0.0,0.64,0.0,0.0
10.318066976,0.0,0.65,0.0,0.01
10.319043992000001,0.0,0.65,0.01,0.02
10.320044165,0.0,0.64,0.0,0.0
10.321063209,0.0,0.65,0.0,0.0
10.322054892,0.01,0.64,0.01,0.0
10.323096033,0.0,0.64,0.01,0.0
10.324057900000001,0.0,0.66,0.0,0.01
10.325058148,0.01,0.65,0.01,0.0
10.326058434,0.0,0.64,0.0,0.0
10.327066195,0.0,0.65,0.0,0.0
10.329050725,0.0,0.64,0.02,0.01
10.330050812000001,0.0,0.65,0.0,0.0
10.33104417,0.0,0.65,0.03,0.01
10.332044515,0.0,0.65,0.03,0.0
10.333053664000001,0.03,0.65,0.0,0.0
10.334128193000002,0.0,0.62,0.05,0.02
10.335101161,0.0,0.65,0.0,0.0
10.336104052000001,0.0,0.64,0.01,0.01
10.337048979,0.0,0.65,0.0,0.0
10.338047858000001,0.0,0.65,0.0,0.0
10.339043228000001,0.01,0.63,0.0,0.0
10.340050871,0.0,0.68,0.01,0.01
10.341057754000001,0.0,0.65,0.0,0.0
10.342052551,0.0,0.63,0.0,0.01
10.344128569,0.0,0.65,0.0,0.0
10.345058772,0.02,0.64,0.0,0.0
10.346060785,0.01,0.61,0.03,0.0
10.34706117,0.0,0.65,0.01,0.0
10.348068679,0.0,0.65,0.0,0.01
10.349062928,0.0,0.65,0.01,0.0
10.350143807,0.01,0.65,0.0,0.0
10.351063819,0.01,0.66,0.0,0.01
10.352073195000001,0.0,0.65,0.0,0.03
10.353066698000001,0.0,0.65,0.0,0.0
10.354068324,0.0,0.67,0.0,0.01
10.355076488,0.0,0.66,0.0,0.01
10.356081419,0.0,0.66,0.0,0.0
10.357053844000001,0.01,0.65,0.0,0.0
10.358090796,0.0,0.65,0.0,0.0
10.36009316,0.0,0.65,0.0,0.0
10.361056769000001,0.02,0.65,0.01,0.0
10.362058933,0.0,0.63,0.01,0.01
10.363052682000001,0.0,0.63,0.0,0.0
10.364047796000001,0.0,0.65,0.03,0.01
10.36504964,0.0,0.65,0.0,0.0
10.366047117,0.01,0.64,0.0,0.0
10.367045132000001,0.01,0.65,0.0,0.0
10.368056462,0.02,0.65,0.0,0.02
10.369095009,0.0,0.64,0.01,0.01
10.370081677,0.0,0.64,0.0,0.01
10.371058944000001,0.0,0.64,0.0,0.0
10.372057527,0.0,0.63,0.0,0.0
10.374070073,0.0,0.63,0.0,0.0
10.375054342,0.0,0.64,0.0,0.0
10.376068493,0.01,0.64,0.0,0.0
10.3770746,0.0,0.64,0.0,0.0
10.378061715000001,0.0,0.64,0.0,0.0
10.379073726000001,0.01,0.65,0.0,0.0
10.380066284000002,0.0,0.65,0.0,0.0
10.381066152,0.0,0.64,0.01,0.0
10.382081161,0.02,0.67,0.0,0.01
10.383075364000002,0.0,0.63,0.0,0.0
10.384068114000002,0.0,0.65,0.0,0.08
10.385063992000001,0.01,0.65,0.0,0.0
10.386158892000001,0.01,0.64,0.01,0.0
10.387063574,0.0,0.65,0.0,0.0
10.388052932,0.01,0.65,0.0,0.01
10.389058976000001,0.0,0.64,0.0,0.0
10.3910567,0.0,0.65,0.01,0.0
10.392063389,0.0,0.65,0.02,0.0
10.393056291,0.0,0.65,0.0,0.0
10.394051187,0.0,0.65,0.0,0.0
10.395051624,0.01,0.65,0.0,0.0
10.396058125000001,0.01,0.62,0.07,0.01
10.397053447000001,0.0,0.65,0.0,0.0
10.398048583000001,0.0,0.64,0.0,0.0
10.399068646,0.0,0.65,0.0,0.0
10.400047865000001,0.01,0.63,0.0,0.04
10.401092622,0.0,0.62,0.0,0.0
10.402058268000001,0.0,0.64,0.0,0.0
10.403058393,0.03,0.63,0.0,0.0
10.405052166,0.0,0.62,0.0,0.0
10.406043436000001,0.0,0.63,0.0,0.01
10.407045735,0.0,0.63,0.0,0.0
10.40807445,0.0,0.65,0.01,0.0
10.409061260000001,0.01,0.62,0.0,0.0
10.410159364,0.01,0.62,0.0,0.0
10.411085859,0.03,0.63,0.01,0.0
10.412173482,0.01,0.63,0.01,0.0
10.413174984000001,0.0,0.6,0.0,0.01
10.414068196,0.0,0.62,0.02,0.01
10.415060902,0.01,0.62,0.0,0.0
10.416066927000001,0.01,0.63,0.01,0.01
10.417045787000001,0.01,0.63,0.01,0.0
10.418052281000001,0.01,0.63,0.0,0.01
10.419053792000001,0.01,0.63,0.01,0.0
10.421049844,0.0,0.62,0.01,0.0
10.422053244,0.0,0.63,0.0,0.0
10.423054308000001,0.0,0.62,0.01,0.0
10.424070343,0.0,0.61,0.0,0.0
10.425055418000001,0.0,0.63,0.0,0.0
10.426050555,0.0,0.62,0.01,0.0
10.427048043000001,0.01,0.63,0.01,0.0
10.428107699,0.0,0.63,0.0,0.0
10.429046758,0.02,0.69,0.0,0.01
10.430057739,0.0,0.63,0.0,0.0
10.431048676000001,0.03,0.62,0.0,0.01
10.432056552,0.0,0.63,0.0,0.0
10.433054895000001,0.01,0.62,0.0,0.03
10.434127675000001,0.0,0.63,0.01,0.0
10.436133938000001,0.0,0.63,0.0,0.0
10.437050226,0.0,0.63,0.0,0.01
10.438075253000001,0.01,0.62,0.0,0.0
10.439047889000001,0.0,0.61,0.04,0.0
10.440068876,0.0,0.62,0.0,0.0
10.441063065,0.0,0.57,0.0,0.01
10.442150295000001,0.0,0.62,0.0,0.0
10.443135806,0.01,0.61,0.0,0.01
10.444163743,0.02,0.62,0.02,0.0
10.445056928000001,0.0,0.65,0.02,0.0
10.446060518000001,0.0,0.62,0.0,0.0
10.447062504,0.01,0.61,0.0,0.0
10.448071229,0.0,0.58,0.01,0.0
10.449049334000001,0.0,0.61,0.0,0.08
10.451037649,0.01,0.63,0.03,0.0
10.452067622000001,0.0,0.61,0.01,0.0
10.453160646,0.0,0.62,0.01,0.0
10.454047515000001,0.0,0.61,0.0,0.0
10.455060412,0.0,0.61,0.0,0.0
10.456156476,0.01,0.62,0.0,0.0
10.457136868000001,0.0,0.61,0.06,0.04
10.458047638,0.02,0.61,0.01,0.0
10.459070075000001,0.0,0.61,0.0,0.0
10.460052735000001,0.0,0.61,0.0,0.0
10.461050998000001,0.0,0.61,0.0,0.0
10.462051173,0.01,0.62,0.0,0.0
10.463044671,0.0,0.62,0.09,0.05
10.464058209000001,0.0,0.62,0.0,0.0
10.466044833,0.0,0.61,0.0,0.0
10.467054422,0.0,0.61,0.0,0.0
10.468106245000001,0.0,0.62,0.0,0.0
10.469055240000001,0.0,0.62,0.01,0.0
10.470048076000001,0.0,0.62,0.03,0.0
10.471057273000001,0.01,0.63,0.0,0.0
10.472074741,0.0,0.62,0.0,0.0
10.473065595000001,0.0,0.62,0.0,0.01
10.474075379,0.03,0.61,0.01,0.0
10.475058497000001,0.0,0.62,0.0,0.0
10.476060997000001,0.0,0.62,0.01,0.0
10.477087825,0.01,0.57,0.0,0.1
10.478066290000001,0.02,0.63,0.01,0.0
10.480046947,0.0,0.63,0.0,0.01
10.481045808000001,0.0,0.63,0.0,0.0
10.482049566,0.01,0.61,0.0,0.01
10.483112209000002,0.0,0.64,0.01,0.0
10.484050112,0.0,0.63,0.0,0.0
10.485047662000001,0.0,0.66,0.0,0.01
10.486048487000001,0.0,0.63,0.0,0.01
10.487051101,0.0,0.63,0.01,0.0
10.488176423,0.02,0.64,0.01,0.01
10.489046960000001,0.02,0.63,0.0,0.0
10.490050249000001,0.02,0.64,0.0,0.09
10.491048974,0.0,0.64,0.01,0.0
10.492051544,0.0,0.58,0.0,0.0
10.493040097000002,0.0,0.64,0.0,0.01
10.494048671,0.02,0.64,0.03,0.0
10.496043585,0.02,0.64,0.0,0.0
10.497056788,0.01,0.65,0.02,0.01
10.498052066000001,0.0,0.63,0.0,0.0
10.4990527,0.0,0.63,0.01,0.0
10.500048569,0.01,0.65,0.0,0.0
10.50104284,0.0,0.64,0.0,0.0
10.502050403,0.0,0.64,0.01,0.0
10.503048579000001,0.01,0.64,0.02,0.0
10.504086128,0.01,0.62,0.0,0.01
10.505061104000001,0.0,0.63,0.0,0.0
10.506062541,0.0,0.64,0.0,0.01
10.507056027,0.0,0.63,0.01,0.0
10.508047869,0.0,0.67,0.01,0.0
10.509055915000001,0.0,0.64,0.0,0.0
10.511071793000001,0.0,0.65,0.01,0.01
10.512059689,0.0,0.64,0.0,0.0
10.513069882,0.0,0.63,0.0,0.0
10.514055307000001,0.0,0.64,0.0,0.0
10.515055299,0.0,0.63,0.0,0.0
10.51606302,0.0,0.64,0.0,0.0
10.517053874,0.01,0.64,0.0,0.01
10.51806324,0.0,0.64,0.0,0.0
10.519049704,0.0,0.65,0.0,0.02
10.520054733,0.0,0.63,0.0,0.0
10.521053771,0.0,0.63,0.0,0.0
10.522056865000001,0.01,0.63,0.07,0.0
10.523055004000001,0.0,0.61,0.03,0.01
10.524063444000001,0.0,0.63,0.0,0.0
10.525058886,0.0,0.65,0.01,0.0
10.527055734000001,0.01,0.63,0.0,0.0
10.52806615,0.0,0.64,0.0,0.0
10.529057158,0.0,0.65,0.0,0.0
10.530052046,0.07,0.64,0.0,0.0
10.53110286,0.0,0.63,0.0,0.03
10.532055095,0.02,0.67,0.0,0.0
10.533059056,0.01,0.65,0.01,0.0
10.534059542000001,0.0,0.64,0.0,0.0
10.535138618000001,0.0,0.64,0.0,0.0
10.536184325,0.01,0.65,0.0,0.01
10.537150488,0.01,0.63,0.0,0.0
10.538079971,0.0,0.65,0.01,0.0
10.539053694000001,0.0,0.65,0.0,0.0
10.541047175000001,0.01,0.77,0.0,0.01
10.542049590000001,0.0,0.64,0.0,0.0
10.543050114000001,0.0,0.64,0.0,0.0
10.544044343000001,0.0,0.63,0.0,0.01
10.545057017000001,0.0,0.65,0.0,0.0
10.546047118,0.01,0.63,0.0,0.0
10.547039131,0.0,0.63,0.0,0.01
10.548056831,0.0,0.64,0.0,0.0
10.549121056,0.02,0.64,0.0,0.0
10.550058843,0.0,0.63,0.01,0.0
10.55105891,0.01,0.65,0.0,0.0
10.552116951,0.0,0.66,0.0,0.0
10.553046772,0.0,0.65,0.0,0.0
10.55504336,0.02,0.65,0.0,0.01
10.556057375,0.0,0.65,0.0,0.06
10.557049598,0.01,0.65,0.0,0.0
10.558048001000001,0.0,0.65,0.0,0.0
10.559040295,0.0,0.65,0.0,0.0
10.560046693,0.0,0.65,0.0,0.0
10.561042015,0.01,0.72,0.03,0.01
10.562045807,0.0,0.65,0.0,0.03
10.563045029000001,0.0,0.65,0.0,0.0
10.564053248,0.01,0.66,0.0,0.0
10.565122128,0.0,0.65,0.0,0.0
10.566053363,0.0,0.65,0.0,0.0
10.567132516000001,0.01,0.65,0.01,0.01
10.568102605,0.0,0.65,0.0,0.0
10.569059807,0.01,0.66,0.0,0.0
10.570056741,0.0,0.64,0.01,0.0
10.572066801,0.03,0.62,0.0,0.0
10.573051470000001,0.0,0.65,0.0,0.01
10.574057812000001,0.0,0.65,0.0,0.02
10.575057600000001,0.01,0.65,0.0,0.0
10.576051061000001,0.0,0.64,0.0,0.0
10.577108148,0.0,0.65,0.01,0.0
10.5780478,0.01,0.63,0.03,0.01
10.579051184,0.0,0.65,0.0,0.01
10.580052395000001,0.0,0.65,0.01,0.01
10.581043326000001,0.0,0.65,0.0,0.0
10.582047421,0.01,0.65,0.0,0.0
10.583047065,0.0,0.65,0.0,0.01
10.584170898,0.01,0.68,0.05,0.03
10.586042464,0.0,0.66,0.0,0.0
10.587047584,0.0,0.65,0.0,0.0
10.588044988,0.0,0.65,0.01,0.02
10.589055875000001,0.0,0.67,0.0,0.01
10.590045642000002,0.0,0.66,0.0,0.0
10.591051851000001,0.02,0.7,0.01,0.0
10.592040402,0.0,0.67,0.0,0.0
10.593044587000001,0.0,0.65,0.0,0.01
10.59404048,0.0,0.67,0.0,0.0
10.595056506,0.0,0.66,0.01,0.0
10.596061925,0.0,0.67,0.0,0.01
10.597109377,0.01,0.67,0.01,0.0
10.598061556000001,0.0,0.66,0.01,0.01
10.60007178,0.01,0.66,0.0,0.0
10.601106949,0.0,0.66,0.01,0.01
10.602060128000002,0.01,0.64,0.0,0.01
10.603048551,0.0,0.69,0.02,0.0
10.604041617,0.0,0.7,0.01,0.01
10.605041407,0.0,0.66,0.0,0.0
10.606047741000001,0.01,0.67,0.0,0.0
10.607131045000001,0.0,0.67,0.02,0.01
10.608079264,0.0,0.67,0.02,0.01
10.609048508,0.0,0.69,0.0,0.02
10.610052510000001,0.0,0.66,0.04,0.02
10.611051161,0.0,0.66,0.01,0.0
10.612049702,0.0,0.67,0.0,0.0
10.613042382000001,0.0,0.67,0.0,0.0
10.614040991000001,0.0,0.67,0.0,0.0
10.615050036000001,0.0,0.67,0.0,0.0
10.617043593,0.0,0.67,0.0,0.0
10.618045890000001,0.0,0.67,0.0,0.02
10.619048716,0.0,0.67,0.0,0.0
10.620050690000001,0.01,0.68,0.0,0.01
10.621047501000001,0.01,0.66,0.02,0.0
10.622050181,0.0,0.66,0.01,0.0
10.623044897000002,0.0,0.66,0.01,0.0
10.624066909000002,0.0,0.71,0.0,0.0
10.625044733000001,0.0,0.66,0.0,0.04
10.626045418,0.0,0.65,0.0,0.0
10.627054959,0.0,0.65,0.0,0.0
10.628059895,0.0,0.65,0.0,0.0
10.629165512,0.0,0.66,0.0,0.0
10.630063518,0.0,0.65,0.0,0.01
10.632092022,0.01,0.66,0.01,0.0
10.633050939,0.0,0.66,0.0,0.01
10.634045049000001,0.0,0.65,0.01,0.0
10.635050692,0.02,0.66,0.03,0.0
10.636053163000001,0.01,0.65,0.01,0.01
10.637042744,0.0,0.65,0.01,0.0
10.638051602,0.0,0.65,0.0,0.01
10.639093653000002,0.0,0.66,0.0,0.01
10.640046829000001,0.0,0.65,0.02,0.01
10.641045043,0.03,0.6,0.0,0.0
10.642050062000001,0.0,0.64,0.0,0.0
10.643048402,0.0,0.65,0.0,0.0
10.644043678000001,0.0,0.65,0.0,0.0
10.645060768,0.0,0.65,0.01,0.0
10.646048569000001,0.01,0.65,0.0,0.05
10.648199083000002,0.0,0.65,0.0,0.01
10.649046035000001,0.01,0.67,0.0,0.0
10.650062464000001,0.0,0.58,0.0,0.0
10.651042973000001,0.0,0.62,0.0,0.02
10.652042626,0.08,0.66,0.06,0.0
10.653045832,0.0,0.65,0.0,0.01
10.654044213,0.0,0.65,0.0,0.0
10.655044481000001,0.0,0.6,0.0,0.0
10.656044374,0.0,0.65,0.01,0.0
10.657047734,0.01,0.65,0.01,0.0
10.658046043,0.0,0.65,0.0,0.0
10.659073093,0.0,0.63,0.0,0.0
10.660044594,0.01,0.66,0.0,0.0
10.66105416,0.01,0.65,0.01,0.0
10.663059813,0.0,0.64,0.0,0.0
10.664138841000002,0.0,0.66,0.0,0.0
10.665099667,0.0,0.66,0.0,0.0
10.666047208,0.0,0.65,0.0,0.0
10.667043322000001,0.0,0.65,0.0,0.02
10.668044447000002,0.01,0.65,0.0,0.0
10.669104374,0.03,0.64,0.01,0.0
10.670043807,0.0,0.66,0.0,0.0
10.671095016,0.0,0.65,0.01,0.0
10.672041516,0.0,0.66,0.0,0.0
10.673085313000001,0.0,0.66,0.01,0.0
10.674043401,0.0,0.66,0.0,0.0
10.675057656,0.0,0.66,0.0,0.0
10.676043598000001,0.0,0.67,0.0,0.01
10.678043811,0.01,0.65,0.0,0.0
10.679047699,0.0,0.67,0.01,0.0
10.680061079000001,0.01,0.68,0.0,0.01
10.681062813,0.0,0.67,0.03,0.0
10.682054452000001,0.0,0.67,0.0,0.0
10.683043506,0.0,0.64,0.02,0.0
10.684047285,0.05,0.7,0.04,0.01
10.685042950000001,0.0,0.68,0.0,0.01
10.686092745,0.0,0.68,0.0,0.0
10.687098881,0.0,0.7,0.0,0.0
10.688141686,0.0,0.68,0.0,0.0
10.689049091000001,0.0,0.68,0.0,0.01
10.690071123000001,0.0,0.68,0.01,0.01
10.691140761000002,0.0,0.69,0.0,0.0
10.693048471,0.0,0.7,0.0,0.0
10.694045646000001,0.0,0.71,0.0,0.0
10.695048294000001,0.0,0.7,0.0,0.0
10.696099454,0.0,0.7,0.0,0.0
10.697041944,0.02,0.71,0.0,0.01
10.698047754000001,0.0,0.7,0.0,0.0
10.699049204000001,0.0,0.72,0.01,0.0
10.700047026,0.0,0.68,0.0,0.01
10.701043191,0.0,0.7,0.01,0.02
10.702042324,0.0,0.69,0.0,0.0
10.703060063,0.0,0.71,0.0,0.0
10.70404778,0.0,0.7,0.01,0.01
10.705045709,0.0,0.71,0.0,0.0
10.706045717,0.0,0.71,0.0,0.0
10.708044362,0.0,0.69,0.0,0.02
10.709049706,0.01,0.7,0.0,0.01
10.710044515,0.01,0.71,0.0,0.0
10.711044955,0.01,0.7,0.01,0.0
10.712055049,0.01,0.7,0.0,0.0
10.713090809,0.0,0.66,0.01,0.0
10.714045072000001,0.0,0.69,0.01,0.0
10.715044336,0.0,0.69,0.01,0.0
10.716048558,0.0,0.7,0.0,0.01
10.717051426000001,0.0,0.7,0.0,0.0
10.718052217,0.01,0.7,0.0,0.0
10.719055063,0.02,0.7,0.08,0.0
10.720142177000001,0.0,0.69,0.0,0.0
10.722067381,0.02,0.68,0.01,0.0
10.723043901,0.01,0.69,0.0,0.0
10.72404856,0.0,0.68,0.06,0.0
10.725041993000001,0.01,0.68,0.0,0.0
10.726060705,0.0,0.67,0.0,0.01
10.727093166000001,0.0,0.67,0.01,0.01
10.728047219,0.0,0.69,0.0,0.02
10.729085506,0.03,0.68,0.0,0.01
10.730041805,0.05,0.66,0.01,0.0
10.731054342,0.01,0.67,0.02,0.01
10.732045266,0.0,0.67,0.03,0.0
10.733044900000001,0.0,0.66,0.0,0.03
10.734044488,0.01,0.67,0.0,0.02
10.735044939,0.0,0.7,0.0,0.0
10.736051432,0.0,0.67,0.0,0.0
10.737088987,0.0,0.67,0.0,0.01
10.739043814,0.0,0.64,0.0,0.01
10.740054431,0.0,0.65,0.0,0.0
10.741048007,0.0,0.67,0.0,0.01
10.742045998,0.0,0.65,0.0,0.0
10.743049258000001,0.0,0.66,0.0,0.0
10.744054844,0.0,0.65,0.01,0.0
10.745048786,0.0,0.61,0.0,0.0
10.746046418,0.0,0.62,0.09,0.0
10.747049265000001,0.01,0.62,0.0,0.0
10.748092179,0.0,0.61,0.0,0.02
10.749064468,0.0,0.62,0.0,0.0
10.750053486,0.0,0.62,0.01,0.02
10.752046424000001,0.01,0.61,0.0,0.0
10.753047855,0.0,0.61,0.06,0.0
10.754065455000001,0.0,0.61,0.01,0.0
10.755091833,0.01,0.62,0.0,0.0
10.756067268,0.0,0.61,0.01,0.01
10.757055198000002,0.0,0.6,0.0,0.01
10.758045818000001,0.0,0.59,0.0,0.0
10.759043972,0.0,0.58,0.01,0.01
10.760090518,0.05,0.56,0.0,0.0
10.761043764,0.0,0.56,0.02,0.0
10.762059478000001,0.01,0.62,0.01,0.0
10.763091373,0.0,0.57,0.01,0.0
10.764049544,0.0,0.6,0.0,0.0
10.765049347000001,0.0,0.56,0.0,0.0
10.766044592,0.01,0.57,0.0,0.0
10.768043391,0.0,0.57,0.01,0.0
10.769051429000001,0.0,0.59,0.0,0.01
10.770047016000001,0.06,0.54,0.0,0.0
10.771058894000001,0.01,0.58,0.0,0.0
10.772046999,0.0,0.58,0.0,0.01
10.773050091,0.0,0.59,0.01,0.01
10.774044716,0.0,0.61,0.03,0.0
10.775062435,0.0,0.6,0.0,0.0
10.776122051000002,0.0,0.6,0.01,0.0
10.77704624,0.02,0.6,0.0,0.0
10.778049717,0.0,0.56,0.0,0.01
10.779048023000001,0.02,0.5,0.05,0.0
10.780054612,0.0,0.56,0.0,0.0
10.782074159,0.0,0.52,0.0,0.0
10.783053136000001,0.0,0.55,0.0,0.0
10.784055475,0.0,0.56,0.0,0.0
10.785070512,0.0,0.56,0.0,0.0
10.786053233,0.02,0.53,0.02,0.01
10.787049387000001,0.0,0.54,0.0,0.0
10.788043797,0.0,0.55,0.0,0.01
10.789055311,0.01,0.55,0.01,0.0
10.790055376000002,0.0,0.54,0.0,0.0
10.791060298000001,0.01,0.55,0.0,0.0
10.792117032,0.01,0.54,0.0,0.0
10.793063647,0.0,0.54,0.0,0.0
10.794064677000001,0.0,0.57,0.0,0.03
10.795057724000001,0.0,0.56,0.0,0.01
10.797048068,0.0,0.55,0.0,0.0
10.798060386000001,0.0,0.54,0.01,0.0
10.799055364,0.0,0.52,0.0,0.0
10.800053717,0.01,0.52,0.01,0.0
10.801055810000001,0.0,0.5,0.0,0.0
10.802050278000001,0.0,0.52,0.0,0.01
10.803051926,0.04,0.5,0.0,0.01
10.804057054000001,0.0,0.46,0.0,0.0
10.805051894,0.0,0.5,0.01,0.0
10.806040715,0.0,0.46,0.0,0.0
10.807116901,0.01,0.42,0.0,0.0
10.808146045,0.0,0.42,0.0,0.0
10.809044657000001,0.0,0.43,0.0,0.01
10.810042956,0.0,0.49,0.0,0.0
10.812069642,0.0,0.4,0.0,0.03
10.813052499000001,0.01,0.4,0.05,0.0
10.814107490000001,0.01,0.39,0.0,0.0
10.815050619,0.0,0.36,0.0,0.0
10.816040229,0.0,0.35,0.0,0.0
10.817043613000001,0.0,0.36,0.0,0.0
10.818048899,0.0,0.34,0.03,0.0
10.819043849,0.01,0.25,0.04,0.0
10.820042776000001,0.01,0.22,0.0,0.01
10.821041803,0.0,0.1,0.0,0.0
10.822043652000001,0.01,0.07,0.0,0.0
10.823044858000001,0.0,0.0,0.0,0.01
10.824125071000001,0.0,0.0,0.0,0.0
10.825050755000001,0.0,0.01,0.0,0.0
10.827042017,0.0,0.0,0.0,0.0
10.828044018,0.0,0.01,0.0,0.0
10.829047533,0.01,0.05,0.0,0.0
10.83005967,0.0,0.04,0.01,0.0
10.831080335000001,0.0,0.05,0.01,0.0
10.832055688,0.0,0.09,0.0,0.0
10.833073949000001,0.0,0.1,0.0,0.0
10.834045361000001,0.0,0.1,0.0,0.0
10.835052117,0.0,0.11,0.0,0.0
10.836044934,0.0,0.11,0.0,0.0
10.837044898,0.0,0.12,0.0,0.0
10.838045686000001,0.01,0.12,0.0,0.0
10.839050361,0.0,0.11,0.0,0.01
10.840131919000001,0.0,0.12,0.0,0.0
10.841047035,0.0,0.13,0.01,0.0
10.843052769,0.01,0.15,0.01,0.0
10.844070155,0.01,0.16,0.01,0.01
10.845064835,0.05,0.11,0.0,0.0
10.846092760000001,0.0,0.28,0.0,0.0
10.847148524000001,0.0,0.0,0.02,0.01
10.848063585,0.0,0.01,0.0,0.0
10.849054012,0.0,0.01,0.01,0.0
10.850043514000001,0.01,0.0,0.03,0.0
10.851050167,0.0,0.0,0.0,0.01
10.852045129,0.0,0.0,0.0,0.0
10.853045322,0.0,0.04,0.0,0.0
10.854091342,0.0,0.22,0.0,0.0
10.855047443,0.0,0.26,0.0,0.01
10.856065474000001,0.0,0.18,0.0,0.16
10.857049363000002,0.0,0.2,0.0,0.0
10.859124941000001,0.01,0.21,0.0,0.0
10.860043187,0.0,0.16,0.01,0.0
10.861046642,0.01,0.11,0.0,0.0
10.862041886,0.01,0.01,0.03,0.04
10.863049056000001,0.01,0.01,0.0,0.0
10.864042043000001,0.01,0.0,0.01,0.01
10.865087641,0.0,0.0,0.0,0.0
10.866042988,0.0,0.01,0.0,0.0
10.867049038000001,0.0,0.02,0.0,0.01
10.868089209,0.0,0.0,0.0,0.0
10.869055598000001,0.0,0.0,0.0,0.01
10.87005426,0.0,0.01,0.01,0.0
10.871045994000001,0.0,0.0,0.0,0.0
10.872117601000001,0.01,0.02,0.0,0.01
10.874079904,0.02,0.01,0.0,0.01
10.875046704,0.0,0.01,0.01,0.02
10.876044762000001,0.0,0.0,0.0,0.0
10.877044504,0.01,0.01,0.0,0.0
10.878046588,0.02,0.0,0.01,0.01
10.879063677000001,0.0,0.0,0.0,0.02
10.880049736,0.0,0.0,0.0,0.0
10.881052075000001,0.01,0.02,0.03,0.05
10.882047398000001,0.0,0.0,0.0,0.0
10.883061426000001,0.0,0.01,0.0,0.0
10.884043023,0.0,0.01,0.0,0.0
10.885051232,0.0,0.0,0.0,0.0
10.886043776000001,0.0,0.0,0.0,0.01
10.888071595000001,0.0,0.0,0.0,0.0
10.889044226000001,0.0,0.01,0.02,0.0
10.890060559,0.01,0.0,0.0,0.01
10.891044068000001,0.0,0.06,0.01,0.0
10.892070376000001,0.02,0.0,0.01,0.0
10.893047668000001,0.01,0.0,0.0,0.0
10.894051556,0.01,0.0,0.0,0.0
10.895043683,0.01,0.01,0.0,0.0
10.896043561,0.0,0.01,0.0,0.01
10.897047942,0.0,0.02,0.02,0.05
10.898045409,0.0,0.0,0.01,0.0
10.899101709,0.0,0.0,0.0,0.0
10.900055587,0.0,0.01,0.0,0.0
10.902073709000002,0.0,0.06,0.01,0.0
10.903048565,0.0,0.01,0.0,0.0
10.904065529,0.0,0.0,0.0,0.01
10.905057263000002,0.0,0.0,0.0,0.0
10.906062776,0.0,0.0,0.0,0.0
10.907063788,0.0,0.01,0.0,0.0
10.908069698,0.0,0.01,0.0,0.0
10.909044713,0.01,0.01,0.0,0.0
10.910170679,0.0,0.0,0.01,0.0
10.911051642,0.02,0.01,0.0,0.0
10.912042874,0.0,0.0,0.0,0.0
10.913042372000001,0.0,0.05,0.0,0.0
10.914047916000001,0.0,0.01,0.0,0.01
10.915052413000002,0.0,0.01,0.01,0.0
10.917041525,0.0,0.0,0.0,0.0
10.918058759000001,0.0,0.0,0.0,0.01
10.919043424,0.0,0.01,0.01,0.0
10.920063041,0.0,0.0,0.0,0.0
10.921047785,0.0,0.01,0.0,0.01
10.922047758000001,0.0,0.01,0.01,0.0
10.923051689000001,0.07,0.0,0.05,0.0
10.924045394,0.01,0.0,0.0,0.0
10.925048542,0.0,0.05,0.0,0.0
10.926047365,0.0,0.0,0.0,0.0
10.927043466,0.0,0.01,0.01,0.01
10.928044943000002,0.04,0.0,0.01,0.0
10.929049581000001,0.01,0.0,0.0,0.0
10.930047316000001,0.0,0.01,0.04,0.0
10.932046063000001,0.0,0.0,0.03,0.0
10.933104341,0.0,0.0,0.0,0.0
10.934047053,0.0,0.0,0.0,0.01
10.935061155000001,0.0,0.0,0.0,0.0
10.936074972,0.01,0.0,0.0,0.0
10.937079864000001,0.01,0.0,0.01,0.0
10.938065243,0.0,0.0,0.0,0.01
10.939110984000001,0.0,0.01,0.01,0.0
10.940051621,0.0,0.01,0.0,0.01
10.941050054000002,0.01,0.0,0.01,0.01
10.942043496,0.0,0.0,0.0,0.01
10.94304308,0.0,0.0,0.0,0.0
10.944052883000001,0.0,0.01,0.0,0.0
10.945087761,0.0,0.01,0.0,0.0
10.946047697000001,0.01,0.0,0.03,0.0
10.948041983000001,0.0,0.0,0.0,0.0
10.9490542,0.0,0.0,0.0,0.0
10.950043617,0.0,0.0,0.0,0.0
10.951043363,0.0,0.01,0.0,0.0
10.952059792,0.0,0.01,0.0,0.0
10.95304537,0.0,0.06,0.08,0.01
10.954050194,0.0,0.01,0.01,0.0
10.955045042,0.0,0.01,0.0,0.0
10.956044739000001,0.0,0.0,0.0,0.0
10.957067644,0.01,0.02,0.0,0.01
10.958043833000001,0.0,0.0,0.0,0.01
10.959092045,0.04,0.04,0.0,0.01
10.960047664000001,0.0,0.0,0.0,0.0
10.961096659,0.0,0.01,0.0,0.0
10.963041963,0.0,0.0,0.0,0.02
10.964047251,0.01,0.01,0.0,0.01
10.965044298,0.0,0.01,0.0,0.0
10.966051213,0.01,0.01,0.0,0.01
10.967051433,0.0,0.01,0.0,0.02
10.968109933000001,0.01,0.03,0.0,0.01
10.969054379000001,0.0,0.01,0.0,0.0
10.970067102000002,0.01,0.08,0.02,0.0
10.971111238,0.0,0.02,0.02,0.07
10.972121280000001,0.0,0.0,0.01,0.02
10.973106557000001,0.02,0.05,0.01,0.0
10.97405134,0.0,0.0,0.0,0.0
10.975055133000001,0.0,0.01,0.0,0.01
10.977045269000001,0.05,0.0,0.0,0.04
10.978044499000001,0.0,0.01,0.02,0.01
10.979048926,0.01,0.01,0.0,0.01
10.980043995,0.01,0.01,0.0,0.0
10.981047949,0.0,0.01,0.0,0.01
10.982042704000001,0.0,0.01,0.0,0.0
10.983046944,0.0,0.0,0.0,0.0
10.984058875,0.01,0.0,0.01,0.01
10.985045054,0.0,0.0,0.0,0.0
10.98604624,0.03,0.02,0.0,0.0
10.987064144000001,0.0,0.0,0.0,0.06
10.988086467,0.0,0.0,0.03,0.0
10.989104058,0.0,0.01,0.01,0.0
10.990051943000001,0.0,0.0,0.02,0.0
10.991044283,0.0,0.0,0.02,0.0
10.993045385,0.0,0.0,0.0,0.0
10.994049426,0.0,0.0,0.0,0.03
10.995045855,0.0,0.0,0.0,0.0
10.996045329000001,0.0,0.01,0.0,0.0
10.997054050000001,0.0,0.01,0.0,0.01
10.998045954,0.01,0.0,0.0,0.01
10.999053132,0.0,0.0,0.02,0.0
11.000059965,0.0,0.0,0.0,0.0
11.001061247,0.05,0.01,0.0,0.0
11.002048938000001,0.03,0.0,0.0,0.0
11.003060492000001,0.03,0.01,0.0,0.0
11.004059078000001,0.0,0.0,0.0,0.0
11.00505822,0.01,0.0,0.0,0.0
11.007117818000001,0.02,0.0,0.0,0.0
11.008047509,0.0,0.0,0.0,0.02
11.009044321000001,0.01,0.02,0.08,0.04
11.010053609,0.0,0.0,0.01,0.0
11.011053977000001,0.01,0.0,0.0,0.0
11.012043744000001,0.0,0.01,0.0,0.0
11.013042058,0.0,0.0,0.0,0.01
11.014041924,0.0,0.0,0.0,0.01
11.015094276000001,0.0,0.0,0.0,0.0
11.016059945,0.01,0.0,0.0,0.0
11.017122083,0.0,0.0,0.0,0.0
11.018043604,0.0,0.0,0.0,0.0
11.020048557,0.01,0.01,0.01,0.0
11.021049716,0.03,0.01,0.0,0.01
11.022043349,0.0,0.0,0.01,0.0
11.02304447,0.0,0.0,0.0,0.0
11.024043671000001,0.0,0.01,0.0,0.01
11.025048277000002,0.0,0.0,0.0,0.01
11.026043119,0.04,0.01,0.0,0.0
11.027044325,0.0,0.0,0.0,0.01
11.028053231000001,0.0,0.0,0.0,0.01
11.029051135000001,0.0,0.0,0.01,0.01
11.030057368000001,0.0,0.0,0.0,0.01
11.031101817000001,0.0,0.0,0.0,0.0
11.032055845,0.0,0.01,0.01,0.0
11.033044859,0.0,0.01,0.0,0.0
11.034041009000001,0.0,0.0,0.0,0.0
11.035060379,0.0,0.0,0.0,0.0
11.036047481,0.0,0.0,0.0,0.08
11.038042625000001,0.0,0.01,0.0,0.01
11.039043986000001,0.0,0.0,0.0,0.0
11.040043259,0.0,0.0,0.01,0.0
11.041043465000001,0.01,0.0,0.01,0.0
11.042043791000001,0.0,0.0,0.02,0.0
11.043043661,0.0,0.01,0.0,0.0
11.044043566000001,0.01,0.01,0.02,0.01
11.045044062,0.04,0.0,0.0,0.0
11.046094975,0.0,0.0,0.0,0.01
11.047043418000001,0.01,0.01,0.0,0.0
11.048066033000001,0.0,0.0,0.0,0.0
11.04909104,0.0,0.0,0.0,0.01
11.050048895000002,0.0,0.01,0.0,0.0
11.0511187,0.0,0.01,0.0,0.0
11.052052529000001,0.0,0.0,0.01,0.02
11.054044796000001,0.02,0.0,0.06,0.12
11.055044143,0.0,0.01,0.0,0.0
11.056045186,0.0,0.0,0.0,0.0
11.057045113000001,0.0,0.0,0.0,0.0
11.05805258,0.01,0.0,0.01,0.0
11.059053641,0.0,0.0,0.01,0.0
11.060062675000001,0.0,0.0,0.02,0.0
11.061050490000001,0.0,0.0,0.0,0.0
11.062121820000002,0.0,0.0,0.0,0.0
11.063044019000001,0.01,0.0,0.0,0.0
11.064113927000001,0.01,0.0,0.0,0.0
11.065051064,0.01,0.0,0.0,0.01
11.066106291,0.0,0.0,0.0,0.03
11.068041929000001,0.01,0.0,0.0,0.0
11.069050840000001,0.0,0.01,0.01,0.0
11.070051137,0.02,0.0,0.02,0.0
11.071048114,0.0,0.0,0.0,0.0
11.072044456,0.02,0.01,0.01,0.0
11.073051246,0.0,0.0,0.0,0.0
11.0740431,0.01,0.0,0.0,0.01
11.075049570000001,0.0,0.0,0.0,0.01
11.07604328,0.0,0.0,0.0,0.0
11.077045888,0.01,0.0,0.0,0.01
11.078043857,0.02,0.0,0.0,0.0
11.079044507,0.0,0.02,0.0,0.0
11.080059135,0.01,0.0,0.0,0.0
11.081051923,0.0,0.01,0.01,0.03
11.083045127,0.0,0.0,0.0,0.01
11.084050832,0.0,0.02,0.0,0.01
11.08504527,0.0,0.0,0.0,0.0
11.086049863000001,0.0,0.0,0.0,0.0
11.087045565,0.0,0.01,0.0,0.01
11.088045462,0.03,0.0,0.01,0.08
11.08905794,0.01,0.01,0.0,0.0
11.090134885000001,0.01,0.01,0.0,0.0
11.091076709000001,0.01,0.01,0.0,0.01
11.092059728,0.01,0.02,0.0,0.01
11.093137720000001,0.01,0.0,0.0,0.0
11.094063242,0.0,0.0,0.0,0.0
11.095052512,0.0,0.0,0.0,0.0
11.096100233000001,0.0,0.01,0.0,0.02
11.097101284,0.01,0.01,0.03,0.0
11.099047291000002,0.0,0.0,0.0,0.0
11.100043054,0.01,0.0,0.0,0.0
11.101048461000001,0.0,0.01,0.01,0.01
11.102112814,0.0,0.0,0.0,0.0
11.103066655000001,0.01,0.0,0.0,0.01
11.104057319,0.0,0.04,0.0,0.0
11.105051067000002,0.0,0.0,0.0,0.0
11.106140206000001,0.0,0.0,0.01,0.0
11.107056395,0.0,0.0,0.0,0.0
11.108080599,0.0,0.0,0.0,0.0
11.109051732000001,0.0,0.0,0.0,0.0
11.110052215000001,0.0,0.0,0.01,0.01
11.11104682,0.0,0.0,0.0,0.0
11.113059046,0.03,0.0,0.01,0.0
11.114057859,0.04,0.01,0.0,0.0
11.115045094000001,0.0,0.0,0.0,0.0
11.116051007000001,0.0,0.0,0.0,0.01
11.117051635000001,0.0,0.01,0.01,0.0
11.118049491,0.01,0.0,0.01,0.0
11.119048072,0.01,0.0,0.0,0.0
11.120052264,0.0,0.01,0.03,0.0
11.121047842000001,0.0,0.0,0.0,0.0
11.122048138,0.0,0.01,0.02,0.0
11.123051797,0.0,0.05,0.0,0.0
11.124060065,0.0,0.01,0.01,0.0
11.125060454000002,0.0,0.0,0.0,0.0
11.126054473,0.0,0.07,0.0,0.01
11.127047608,0.0,0.0,0.01,0.0
11.129052213000001,0.0,0.0,0.01,0.06
11.130042819,0.0,0.01,0.01,0.01
11.131047779000001,0.01,0.0,0.0,0.0
11.132042268000001,0.0,0.0,0.0,0.0
11.133051358000001,0.05,0.01,0.0,0.0
11.134044603000001,0.0,0.01,0.08,0.0
11.135044144,0.01,0.0,0.0,0.0
11.136091844000001,0.0,0.01,0.01,0.0
11.137042456000001,0.01,0.0,0.0,0.0
11.138046444,0.01,0.0,0.0,0.0
11.139048212,0.01,0.0,0.0,0.01
11.140045385,0.0,0.0,0.01,0.0
11.141055762,0.0,0.0,0.0,0.0
11.142045709000001,0.0,0.0,0.0,0.0
11.144060173000002,0.0,0.0,0.0,0.0
11.145056023,0.0,0.0,0.0,0.0
11.146059900000001,0.0,0.0,0.0,0.01
11.147049609000002,0.0,0.01,0.01,0.0
11.148044464,0.0,0.0,0.0,0.0
11.149047086000001,0.0,0.0,0.02,0.0
11.150049509,0.0,0.01,0.0,0.02
11.151046411000001,0.01,0.0,0.0,0.01
11.152051238,0.0,0.0,0.0,0.0
11.153070514000001,0.0,0.03,0.0,0.0
11.154078673,0.0,0.01,0.0,0.01
11.155062813,0.0,0.01,0.0,0.0
11.156066107000001,0.0,0.0,0.0,0.0
11.158054409,0.0,0.0,0.01,0.0
11.159051795,0.0,0.01,0.0,0.01
11.160078583,0.0,0.0,0.0,0.0
11.161050546,0.0,0.0,0.0,0.01
11.162050853,0.0,0.0,0.04,0.0
11.163045186000002,0.01,0.01,0.0,0.01
11.164072194000001,0.0,0.0,0.0,0.0
11.165044035000001,0.0,0.0,0.09,0.04
11.166042672000001,0.0,0.01,0.0,0.0
11.167041204,0.0,0.01,0.02,0.0
11.168046979000001,0.0,0.01,0.06,0.0
11.16904113,0.0,0.0,0.0,0.0
11.170043924000002,0.0,0.0,0.05,0.0
11.171048079,0.03,0.0,0.0,0.0
11.172052582000001,0.01,0.0,0.0,0.01
11.173045233,0.0,0.01,0.0,0.01
11.174046222000001,0.0,0.01,0.0,0.0
11.176110333,0.01,0.0,0.0,0.0
11.177094096000001,0.03,0.03,0.0,0.0
11.178046405,0.01,0.0,0.0,0.02
11.179158165,0.0,0.0,0.0,0.01
11.180045635,0.0,0.0,0.0,0.0
11.181092417,0.0,0.0,0.0,0.0
11.182045101,0.0,0.0,0.0,0.04
11.183053101,0.02,0.0,0.0,0.0
11.184046935000001,0.04,0.0,0.0,0.0
11.185062715,0.0,0.0,0.0,0.0
11.186123215,0.01,0.01,0.0,0.0
11.18704787,0.0,0.0,0.0,0.0
11.18809716,0.0,0.0,0.0,0.01
11.190052153,0.01,0.0,0.0,0.0
11.191046918000001,0.01,0.0,0.03,0.0
11.192056569,0.01,0.02,0.0,0.0
11.193125375000001,0.0,0.0,0.01,0.0
11.194066406000001,0.0,0.0,0.0,0.0
11.195096046000002,0.01,0.01,0.0,0.0
11.196099256,0.01,0.01,0.0,0.0
11.19705504,0.0,0.0,0.01,0.0
11.198095229000002,0.07,0.01,0.01,0.0
11.199095422000001,0.0,0.0,0.0,0.0
11.200095699,0.0,0.0,0.01,0.0
11.201094504,0.0,0.0,0.0,0.0
11.202095625,0.01,0.0,0.0,0.01
11.203105419,0.0,0.0,0.03,0.01
11.204104156000001,0.0,0.0,0.0,0.0
11.206065472,0.0,0.0,0.0,0.01
11.207069887000001,0.01,0.0,0.0,0.0
11.208059068,0.0,0.02,0.0,0.0
11.209050092,0.0,0.0,0.0,0.0
11.210045257,0.0,0.0,0.0,0.0
11.211045215,0.01,0.0,0.01,0.0
11.212046891,0.01,0.0,0.0,0.01
11.213045115,0.0,0.01,0.01,0.01
11.21404622,0.0,0.0,0.0,0.05
11.215053098,0.0,0.0,0.0,0.01
11.216068865,0.0,0.0,0.0,0.0
11.217081277,0.0,0.01,0.0,0.02
11.218080684,0.0,0.01,0.0,0.01
11.219091839,0.0,0.0,0.0,0.0
11.220064989,0.01,0.01,0.0,0.01
11.222168087,0.0,0.0,0.0,0.0
11.223055668,0.0,0.01,0.0,0.01
11.224063673,0.0,0.0,0.0,0.0
11.225053904000001,0.0,0.0,0.0,0.0
11.226052575,0.0,0.01,0.0,0.0
11.227057602,0.0,0.0,0.0,0.01
11.228050184,0.0,0.0,0.0,0.01
11.229046046,0.0,0.01,0.0,0.0
11.230087858000001,0.0,0.0,0.0,0.0
11.231044461000002,0.01,0.0,0.0,0.0
11.232041825000001,0.0,0.0,0.01,0.0
11.233043998000001,0.0,0.01,0.0,0.01
11.234048164,0.0,0.01,0.0,0.0
11.235041502000001,0.0,0.0,0.0,0.01
11.237038590000001,0.0,0.01,0.0,0.0
11.238040292,0.01,0.0,0.0,0.0
11.239041291000001,0.0,0.02,0.0,0.0
11.240126239,0.0,0.02,0.04,0.0
11.241042067,0.02,0.0,0.01,0.02
11.242040556000001,0.0,0.0,0.01,0.0
11.243039499,0.01,0.02,0.0,0.0
11.244044541000001,0.01,0.0,0.0,0.0
11.245053502000001,0.01,0.01,0.0,0.0
11.246044953,0.0,0.06,0.02,0.02
11.247074458,0.0,0.0,0.0,0.0
11.248235948000001,0.03,0.0,0.0,0.01
11.249091419,0.0,0.01,0.0,0.0
11.250065657,0.0,0.0,0.0,0.01
11.252094023000001,0.0,0.02,0.0,0.0
11.25306355,0.0,0.0,0.01,0.0
11.254066806,0.0,0.0,0.0,0.0
11.255094223,0.01,0.0,0.0,0.0
11.256104436000001,0.0,0.02,0.0,0.0
11.257109373,0.0,0.0,0.0,0.0
11.258047238000001,0.0,0.01,0.0,0.02
11.259043766000001,0.0,0.0,0.01,0.0
11.260047353000001,0.0,0.0,0.0,0.0
11.261042937000001,0.0,0.0,0.0,0.01
11.262091425000001,0.01,0.01,0.0,0.0
11.263041554,0.0,0.07,0.0,0.04
11.264039319,0.0,0.01,0.01,0.0
11.265041672,0.01,0.01,0.0,0.01
11.267038807,0.0,0.0,0.0,0.0
11.268039552000001,0.01,0.0,0.0,0.0
11.269043569,0.0,0.01,0.0,0.0
11.270043116,0.01,0.01,0.01,0.01
11.271043956000002,0.0,0.01,0.0,0.0
11.272051759,0.0,0.0,0.0,0.0
11.273044406,0.0,0.01,0.0,0.02
11.274046372,0.09,0.01,0.0,0.0
11.275042595,0.0,0.0,0.0,0.0
11.276051886000001,0.0,0.0,0.0,0.0
11.277056011,0.0,0.02,0.0,0.01
11.278129965000002,0.01,0.0,0.0,0.0
11.279066428,0.02,0.0,0.0,0.0
11.281043481000001,0.0,0.01,0.01,0.06
11.282043951,0.01,0.0,0.01,0.0
11.283042584,0.0,0.0,0.01,0.0
11.28406423,0.0,0.0,0.02,0.0
11.285041555000001,0.0,0.0,0.01,0.0
11.286041108000001,0.0,0.01,0.0,0.01
11.287045339,0.0,0.01,0.0,0.01
11.288052324,0.0,0.0,0.02,0.0
11.289041933,0.02,0.0,0.0,0.01
11.290042604,0.0,0.0,0.0,0.01
11.291042355,0.0,0.01,0.01,0.01
11.292041470000001,0.01,0.01,0.0,0.0
11.293048200000001,0.01,0.01,0.0,0.0
11.294042393000002,0.0,0.01,0.0,0.0
11.295042232,0.01,0.0,0.0,0.0
11.297040774000001,0.0,0.0,0.0,0.0
11.298044037,0.0,0.01,0.0,0.03
11.299046991,0.0,0.01,0.0,0.0
11.30004399,0.0,0.01,0.0,0.0
11.301054673000001,0.0,0.0,0.01,0.0
11.30204303,0.03,0.01,0.0,0.01
11.303042204,0.0,0.01,0.0,0.0
11.304070265,0.0,0.0,0.0,0.01
11.305049906,0.0,0.0,0.0,0.02
11.306060120000001,0.0,0.01,0.0,0.0
11.307093473,0.06,0.0,0.0,0.0
11.308045629,0.0,0.0,0.0,0.0
11.309047404000001,0.0,0.0,0.01,0.0
11.310052406,0.01,0.0,0.01,0.0
11.311050572000001,0.0,0.0,0.03,0.0
11.313052262000001,0.0,0.01,0.0,0.0
11.314137024,0.03,0.01,0.03,0.01
11.31505038,0.0,0.0,0.0,0.0
11.316040978,0.0,0.0,0.0,0.0
11.317038693,0.0,0.01,0.02,0.0
11.318054420000001,0.0,0.0,0.0,0.01
11.319100216,0.01,0.01,0.01,0.0
11.320076324,0.02,0.01,0.0,0.0
11.321050483,0.0,0.07,0.03,0.0
11.322045613,0.0,0.0,0.0,0.0
11.323045632000001,0.0,0.0,0.02,0.01
11.324043020000001,0.13,0.03,0.01,0.0
11.325042741,0.0,0.01,0.0,0.0
11.327040009000001,0.0,0.0,0.01,0.0
11.328041781000001,0.0,0.01,0.01,0.0
11.329038165,0.0,0.05,0.01,0.0
11.330038217,0.0,0.02,0.0,0.0
11.331038019000001,0.0,0.01,0.0,0.01
11.332039210000001,0.0,0.0,0.01,0.0
11.333038443000001,0.0,0.01,0.0,0.0
11.334043545,0.0,0.0,0.0,0.0
11.335039286,0.0,0.0,0.01,0.0
11.336075448,0.0,0.0,0.0,0.0
11.337089715000001,0.01,0.01,0.0,0.0
11.338056713,0.0,0.01,0.0,0.01
11.339049781,0.01,0.0,0.01,0.0
11.340052996,0.0,0.0,0.01,0.01
11.341269493,0.0,0.0,0.0,0.0
11.343117002000001,0.0,0.0,0.0,0.01
11.344053084,0.0,0.0,0.0,0.0
11.345090109000001,0.0,0.0,0.0,0.01
11.346090571000001,0.0,0.0,0.0,0.01
11.347096666,0.0,0.0,0.0,0.0
11.348051680000001,0.0,0.01,0.0,0.03
11.349093587,0.0,0.0,0.0,0.0
11.350093866,0.0,0.0,0.01,0.0
11.351095961,0.0,0.01,0.01,0.0
11.352117248,0.0,0.0,0.01,0.01
11.353059100000001,0.0,0.0,0.01,0.01
11.354055603,0.0,0.0,0.0,0.0
11.355051935,0.0,0.02,0.0,0.0
11.357111253000001,0.0,0.0,0.01,0.0
11.358109207,0.0,0.02,0.01,0.0
11.359045879,0.0,0.0,0.0,0.01
11.360046073000001,0.0,0.0,0.0,0.0
11.361044324,0.0,0.01,0.01,0.0
11.362087012,0.0,0.01,0.01,0.0
11.363043504,0.0,0.0,0.0,0.0
11.364091176,0.0,0.0,0.0,0.04
11.365042822000001,0.0,0.03,0.01,0.0
11.366050880000001,0.0,0.0,0.0,0.0
11.367046456,0.02,0.0,0.04,0.0
11.368071988,0.08,0.0,0.05,0.0
11.369049246000001,0.0,0.0,0.01,0.0
11.370074877,0.0,0.01,0.03,0.01
11.372059037000001,0.01,0.0,0.0,0.0
11.373047404000001,0.0,0.0,0.0,0.01
11.374045604,0.0,0.01,0.0,0.0
11.375045098000001,0.01,0.04,0.02,0.02
11.376051385,0.0,0.01,0.0,0.0
11.377047292,0.0,0.0,0.02,0.01
11.378049203000002,0.0,0.0,0.0,0.0
11.379045549,0.01,0.0,0.0,0.0
11.380043444,0.0,0.0,0.0,0.01
11.381043172,0.0,0.0,0.0,0.0
11.382069620000001,0.0,0.0,0.0,0.0
11.383047012,0.0,0.0,0.01,0.01
11.384055142000001,0.02,0.0,0.0,0.01
11.385051074000001,0.0,0.01,0.0,0.0
11.387065224,0.0,0.0,0.0,0.0
11.388046319,0.03,0.01,0.0,0.0
11.389046493,0.0,0.0,0.0,0.0
11.390044210000001,0.0,0.0,0.02,0.01
11.39106194,0.0,0.0,0.0,0.0
11.392043221000002,0.0,0.01,0.08,0.02
11.393042690000001,0.0,0.0,0.0,0.0
11.394088393,0.0,0.0,0.0,0.0
11.395048584000001,0.01,0.01,0.0,0.01
11.396045459000002,0.0,0.0,0.01,0.0
11.397044423,0.01,0.0,0.0,0.01
11.398046451,0.0,0.0,0.0,0.0
11.399045419,0.03,0.0,0.0,0.0
11.400130916,0.04,0.01,0.0,0.01
11.401099919,0.0,0.0,0.04,0.01
11.403044049,0.0,0.01,0.0,0.0
11.4040593,0.0,0.0,0.0,0.03
11.405047996,0.0,0.01,0.0,0.0
11.406105083,0.01,0.0,0.0,0.0
11.407043836000001,0.01,0.01,0.01,0.0
11.408086187,0.0,0.0,0.0,0.09
11.409045554,0.0,0.01,0.0,0.07
11.410091565,0.0,0.01,0.05,0.0
11.411044968,0.06,0.0,0.0,0.0
11.412044523,0.04,0.01,0.01,0.01
11.413043566,0.0,0.01,0.0,0.0
11.414043244,0.0,0.01,0.0,0.0
11.415046026,0.0,0.0,0.0,0.0
11.416047305000001,0.0,0.03,0.0,0.0
11.41804929,0.0,0.0,0.0,0.01
11.419058143,0.02,0.0,0.0,0.01
11.420045814,0.01,0.02,0.0,0.02
11.421044243,0.0,0.0,0.0,0.0
11.422044805,0.0,0.03,0.02,0.01
11.423043785,0.0,0.01,0.01,0.0
11.424045006,0.0,0.0,0.0,0.0
11.425048225000001,0.01,0.0,0.01,0.0
11.426048738,0.0,0.01,0.01,0.01
11.427058464,0.0,0.0,0.02,0.0
11.428052088000001,0.0,0.0,0.0,0.0
11.429044884000001,0.0,0.02,0.0,0.0
11.430057754,0.0,0.0,0.0,0.01
11.431062968,0.0,0.0,0.0,0.0
11.433062076,0.0,0.0,0.0,0.0
11.434100004000001,0.0,0.0,0.01,0.0
11.43507857,0.0,0.0,0.0,0.0
11.436069873000001,0.0,0.08,0.01,0.1
11.437066939000001,0.0,0.01,0.0,0.0
11.438069719000001,0.0,0.0,0.0,0.02
11.439053561000001,0.0,0.0,0.0,0.0
11.440043234000001,0.0,0.0,0.0,0.0
11.441047167,0.01,0.01,0.0,0.0
11.442046373,0.01,0.01,0.0,0.0
11.443057357,0.0,0.01,0.0,0.0
11.444052882000001,0.0,0.0,0.0,0.0
11.445061628000001,0.03,0.0,0.0,0.0
11.447058455,0.0,0.0,0.01,0.0
11.448052711,0.0,0.02,0.0,0.01
11.449054589000001,0.0,0.01,0.0,0.01
11.450046643,0.0,0.0,0.0,0.0
11.451043032000001,0.07,0.01,0.0,0.0
11.452048794000001,0.0,0.0,0.01,0.15
11.453045867,0.04,0.0,0.0,0.0
11.45408203,0.0,0.01,0.0,0.01
11.455047729,0.0,0.0,0.0,0.0
11.456047748000001,0.0,0.0,0.0,0.0
11.457088149,0.0,0.02,0.0,0.05
11.458047768,0.0,0.0,0.0,0.0
11.459050443,0.0,0.0,0.0,0.0
11.460106331,0.0,0.0,0.02,0.04
11.462052771000002,0.0,0.01,0.0,0.0
11.463053144,0.0,0.0,0.0,0.0
11.464135214,0.0,0.0,0.0,0.0
11.465052887,0.0,0.01,0.01,0.0
11.466048754000001,0.0,0.0,0.0,0.0
11.467046178,0.02,0.0,0.0,0.0
11.468053073,0.01,0.0,0.01,0.03
11.469053743,0.0,0.0,0.0,0.0
11.470043164000002,0.02,0.0,0.01,0.0
11.471046675,0.0,0.01,0.0,0.0
11.472045733,0.0,0.0,0.0,0.0
11.473051901,0.01,0.0,0.0,0.0
11.47404547,0.01,0.01,0.0,0.0
11.475049188,0.0,0.01,0.0,0.0
11.476043460000001,0.0,0.01,0.0,0.0
11.477047753,0.0,0.0,0.01,0.0
11.479045923000001,0.0,0.0,0.0,0.0
11.480054604000001,0.0,0.0,0.0,0.0
11.481052388,0.0,0.01,0.0,0.05
11.48204536,0.0,0.0,0.0,0.0
11.483048694,0.0,0.03,0.0,0.02
11.484049119000002,0.0,0.0,0.0,0.03
11.485050756000001,0.0,0.0,0.0,0.0
11.486045501000001,0.02,0.0,0.01,0.0
11.487066838,0.02,0.0,0.03,0.0
11.488054273000001,0.05,0.0,0.0,0.0
11.489054730000001,0.0,0.0,0.0,0.0
11.490045688,0.01,0.01,0.01,0.0
11.491050448000001,0.0,0.0,0.0,0.0
11.493047103,0.0,0.0,0.0,0.01
11.49405995,0.0,0.01,0.0,0.0
11.495057722,0.0,0.0,0.0,0.0
11.496057594000002,0.0,0.0,0.0,0.0
11.497043202,0.0,0.0,0.03,0.0
11.498050649000001,0.0,0.01,0.0,0.0
11.499052145,0.0,0.01,0.0,0.01
11.500043558000002,0.0,0.01,0.01,0.0
11.501044534,0.0,0.0,0.0,0.0
11.502043388,0.02,0.01,0.01,0.0
11.503043367,0.01,0.0,0.0,0.0
11.504051628000001,0.0,0.0,0.0,0.0
11.505059993000001,0.0,0.0,0.0,0.0
11.50604726,0.0,0.02,0.0,0.0
11.507057210000001,0.0,0.01,0.0,0.0
11.509062918000001,0.0,0.0,0.0,0.0
11.510051162,0.01,0.01,0.0,0.0
11.511050501000001,0.01,0.0,0.01,0.0
11.512049234000001,0.0,0.01,0.02,0.0
11.513049506000002,0.01,0.01,0.0,0.0
11.514047157,0.0,0.0,0.03,0.09
11.515046346,0.0,0.01,0.01,0.0
11.51604694,0.0,0.01,0.0,0.0
11.517043851,0.0,0.0,0.0,0.0
11.518043639,0.0,0.01,0.01,0.0
11.519047271000002,0.08,0.01,0.0,0.04
11.520044911000001,0.0,0.01,0.07,0.06
11.521044133,0.0,0.01,0.0,0.01
11.523042703000002,0.0,0.0,0.01,0.01
11.524049490000001,0.0,0.0,0.0,0.0
11.525045301,0.0,0.0,0.0,0.0
11.526044216,0.0,0.01,0.0,0.0
11.527053264000001,0.0,0.01,0.01,0.0
11.528049258000001,0.01,0.0,0.0,0.0
11.529056031000001,0.0,0.0,0.02,0.04
11.530109375,0.0,0.0,0.02,0.0
11.531049441,0.0,0.0,0.01,0.0
11.532055676,0.01,0.0,0.0,0.02
11.53304857,0.0,0.0,0.01,0.0
11.5340413,0.0,0.0,0.0,0.0
11.535075125,0.01,0.01,0.01,0.0
11.537067444,0.0,0.02,0.01,0.01
11.538046532000001,0.0,0.01,0.0,0.0
11.539044129,0.0,0.0,0.0,0.0
11.540044831000001,0.01,0.01,0.0,0.01
11.541043639000002,0.01,0.0,0.03,0.0
11.542068046,0.01,0.0,0.0,0.0
11.543052397,0.0,0.0,0.0,0.0
11.544044071,0.0,0.01,0.0,0.0
11.545043141,0.0,0.01,0.01,0.01
11.546046261,0.0,0.0,0.0,0.01
11.547044448000001,0.03,0.0,0.0,0.01
11.548044861000001,0.01,0.0,0.0,0.0
11.549045493000001,0.01,0.01,0.0,0.01
11.550045127,0.01,0.0,0.0,0.0
11.551045992,0.0,0.0,0.0,0.0
11.552048916,0.0,0.01,0.01,0.02
11.554043029,0.0,0.05,0.01,0.0
11.555118333000001,0.0,0.0,0.01,0.01
11.556144603,0.0,0.0,0.0,0.01
11.557079181,0.0,0.03,0.0,0.0
11.558126442,0.01,0.02,0.0,0.0
11.559072284,0.0,0.03,0.01,0.0
11.560141963000001,0.0,0.02,0.0,0.0
11.561091685000001,0.01,0.04,0.0,0.04
11.562042388,0.0,0.03,0.0,0.0
11.563047163,0.05,0.03,0.0,0.04
11.564047597,0.02,0.02,0.05,0.0
11.565050322000001,0.0,0.03,0.0,0.0
11.566043292000002,0.0,0.03,0.0,0.0
11.567046494000001,0.0,0.03,0.02,0.01
11.569041984,0.0,0.04,0.01,0.0
11.57004917,0.02,0.05,0.05,0.0
11.571046011,0.0,0.03,0.01,0.0
11.572044091,0.0,0.03,0.0,0.0
11.57304472,0.01,0.04,0.0,0.0
11.574043171000001,0.0,0.03,0.0,0.0
11.575050683,0.0,0.04,0.0,0.0
11.576095162000001,0.01,0.03,0.01,0.01
11.577044631000001,0.0,0.04,0.03,0.0
11.578094577,0.0,0.04,0.02,0.0
11.579048011000001,0.0,0.04,0.0,0.0
11.580045393,0.0,0.04,0.0,0.0
11.581048448,0.0,0.04,0.04,0.03
11.582044481,0.01,0.04,0.0,0.0
11.584044942,0.0,0.04,0.01,0.0
11.585061059000001,0.0,0.04,0.0,0.0
11.586386446,0.0,0.02,0.0,0.0
11.587077846000001,0.01,0.03,0.02,0.0
11.588050742,0.0,0.02,0.0,0.0
11.589134217000002,0.0,0.05,0.01,0.01
11.590062206,0.0,0.02,0.02,0.0
11.59110523,0.0,0.04,0.0,0.0
11.59209416,0.0,0.03,0.01,0.12
11.593155882000001,0.0,0.02,0.0,0.0
11.594056876000002,0.01,0.04,0.0,0.0
11.59510754,0.0,0.04,0.0,0.0
11.596090328,0.0,0.03,0.0,0.0
11.597099843,0.03,0.03,0.0,0.0
11.598092082,0.0,0.02,0.0,0.0
11.600092096000001,0.0,0.04,0.0,0.0
11.601099188000001,0.01,0.03,0.0,0.01
11.602094339,0.0,0.04,0.01,0.0
11.603095028,0.01,0.03,0.01,0.0
11.604094914000001,0.0,0.03,0.0,0.0
11.605097279,0.01,0.02,0.0,0.0
11.606096985,0.0,0.03,0.06,0.0
11.607122036000002,0.01,0.02,0.01,0.0
11.608076739000001,0.0,0.05,0.0,0.06
11.609121317000001,0.01,0.02,0.0,0.0
11.610055735000001,0.0,0.03,0.0,0.0
11.611099779,0.0,0.03,0.0,0.0
11.612097763000001,0.0,0.04,0.0,0.01
11.613103113000001,0.0,0.03,0.0,0.05
11.615092677000002,0.03,0.01,0.06,0.01
11.616054865,0.01,0.03,0.0,0.0
11.61728551,0.0,0.03,0.01,0.0
11.618086367,0.0,0.02,0.0,0.01
11.619112902000001,0.04,0.04,0.01,0.0
11.620060222000001,0.0,0.03,0.0,0.0
11.621115352,0.0,0.03,0.01,0.0
11.622105082000001,0.0,0.03,0.0,0.01
11.623091521000001,0.0,0.03,0.0,0.0
11.624057345,0.0,0.02,0.0,0.0
11.625096773000001,0.0,0.04,0.01,0.01
11.626091204000002,0.0,0.02,0.01,0.02
11.627097915,0.0,0.03,0.0,0.0
11.628090389,0.0,0.03,0.0,0.0
11.630089991,0.0,0.02,0.0,0.0
11.631091778,0.01,0.02,0.0,0.0
11.632092982000001,0.0,0.02,0.05,0.0
11.633092324000001,0.0,0.02,0.0,0.0
11.634092953000001,0.0,0.03,0.0,0.0
11.635053068000001,0.0,0.03,0.0,0.0
11.636048637,0.01,0.03,0.0,0.0
11.637049655,0.0,0.02,0.0,0.01
11.638043536000001,0.0,0.02,0.0,0.0
11.639042701000001,0.0,0.03,0.0,0.06
11.640041807000001,0.0,0.02,0.01,0.0
11.641043913,0.0,0.03,0.01,0.01
11.642044647,0.01,0.02,0.0,0.05
11.643043671000001,0.0,0.03,0.0,0.0
11.644092196,0.0,0.03,0.0,0.0
11.646041605,0.0,0.03,0.0,0.0
11.647087538000001,0.01,0.04,0.0,0.01
11.648071374,0.0,0.04,0.0,0.06
11.649054422,0.01,0.03,0.01,0.0
11.650065334,0.0,0.05,0.0,0.0
11.651042962,0.01,0.03,0.0,0.0
11.652055227,0.0,0.04,0.0,0.01
11.653064765,0.01,0.05,0.0,0.01
11.654112808,0.0,0.03,0.0,0.01
11.655055746,0.0,0.03,0.0,0.0
11.656051765,0.0,0.04,0.01,0.0
11.658053271,0.01,0.04,0.0,0.0
11.659043243000001,0.0,0.03,0.0,0.01
11.660064889000001,0.0,0.03,0.0,0.0
11.661045961000001,0.0,0.03,0.0,0.0
11.662039773,0.02,0.03,0.0,0.0
11.663040839,0.0,0.04,0.0,0.0
11.664039731,0.01,0.05,0.01,0.0
11.665046505000001,0.0,0.04,0.0,0.0
11.666040451,0.0,0.04,0.0,0.01
11.667054042,0.0,0.04,0.0,0.0
11.668049127000002,0.0,0.03,0.0,0.0
11.669040859,0.0,0.04,0.0,0.0
11.670042921,0.0,0.03,0.0,0.0
11.671041181000001,0.0,0.04,0.0,0.0
11.672041016000001,0.0,0.04,0.0,0.0
11.674039708,0.0,0.04,0.0,0.0
11.675040312,0.01,0.04,0.0,0.0
11.676041688000002,0.01,0.01,0.0,0.03
11.677135684000001,0.0,0.03,0.01,0.01
11.678041491,0.01,0.03,0.02,0.0
11.679052043,0.0,0.02,0.0,0.0
11.680054188000002,0.01,0.02,0.0,0.0
11.681067595,0.02,0.05,0.0,0.0
11.682067588,0.01,0.02,0.0,0.01
11.683057057000001,0.0,0.02,0.01,0.01
11.684062698,0.0,0.02,0.0,0.0
11.685062747,0.0,0.02,0.03,0.0
11.686052266,0.0,0.01,0.01,0.0
11.688038879,0.04,0.03,0.0,0.01
11.689040051000001,0.01,0.02,0.01,0.0
11.690039634000001,0.02,0.02,0.0,0.0
11.69105888,0.01,0.01,0.0,0.0
11.692044454000001,0.06,0.02,0.0,0.0
11.693042167000002,0.0,0.02,0.0,0.03
11.694039136,0.0,0.02,0.0,0.0
11.695039069,0.0,0.02,0.0,0.0
11.696041095,0.01,0.02,0.01,0.0
11.697047258000001,0.0,0.02,0.0,0.0
11.698043143000001,0.0,0.05,0.01,0.0
11.699041873,0.0,0.04,0.0,0.01
11.700043048000001,0.0,0.04,0.0,0.0
11.701042661,0.0,0.04,0.01,0.0
11.702042501000001,0.0,0.04,0.0,0.02
11.703045727000001,0.0,0.05,0.0,0.0
11.7050873,0.01,0.06,0.0,0.0
11.706048077,0.0,0.05,0.0,0.0
11.707043077000002,0.0,0.05,0.0,0.0
11.708042299,0.0,0.05,0.0,0.0
11.709044654000001,0.02,0.07,0.0,0.0
11.710059509,0.0,0.06,0.0,0.0
11.711079908,0.01,0.06,0.0,0.0
11.712079436000002,0.0,0.05,0.0,0.0
11.713064641,0.0,0.05,0.0,0.0
11.714044039000001,0.01,0.03,0.01,0.0
11.71504003,0.0,0.01,0.0,0.01
11.71610064,0.0,0.02,0.0,0.0
11.717042235000001,0.0,0.02,0.0,0.0
11.718126053,0.0,0.01,0.0,0.0
11.720041394,0.0,0.02,0.03,0.0
11.721042313,0.0,0.03,0.02,0.01
11.722091306000001,0.0,0.01,0.0,0.0
11.723041859,0.0,0.01,0.05,0.0
11.724041855000001,0.0,0.01,0.0,0.0
11.725045378,0.0,0.01,0.0,0.0
11.726040088000001,0.01,0.01,0.03,0.0
11.727043947,0.0,0.04,0.0,0.0
11.728042041,0.01,0.02,0.0,0.0
11.729043373000001,0.01,0.05,0.0,0.0
11.730043345,0.0,0.04,0.0,0.0
11.731047729,0.0,0.0,0.0,0.0
11.7320483,0.0,0.01,0.0,0.0
11.733043526000001,0.01,0.04,0.0,0.0
11.73504205,0.0,0.03,0.0,0.01
11.736049046000002,0.01,0.04,0.01,0.0
11.737052407,0.0,0.03,0.0,0.01
11.738043985000001,0.0,0.02,0.0,0.0
11.739093042,0.01,0.03,0.0,0.0
11.740052527000001,0.0,0.04,0.0,0.01
11.741046369000001,0.0,0.03,0.02,0.0
11.742047501,0.07,0.04,0.02,0.0
11.743042276,0.01,0.03,0.02,0.0
11.744044824000001,0.0,0.03,0.0,0.0
11.745057673000002,0.0,0.03,0.01,0.0
11.746050979000001,0.0,0.03,0.0,0.0
11.748052866,0.0,0.03,0.0,0.0
11.749046556000001,0.0,0.02,0.02,0.01
11.750042881,0.0,0.03,0.01,0.0
11.751110888000001,0.01,0.03,0.0,0.0
11.752051411,0.0,0.02,0.0,0.01
11.753049534,0.0,0.02,0.01,0.0
11.754045976,0.0,0.03,0.0,0.0
11.755040833,0.0,0.03,0.01,0.01
11.756040485000002,0.0,0.05,0.0,0.0
11.757048554,0.0,0.04,0.0,0.01
11.758040603000001,0.0,0.03,0.0,0.0
11.759043483000001,0.0,0.03,0.0,0.0
11.760041748,0.0,0.04,0.0,0.0
11.761041407,0.04,0.03,0.0,0.0
11.762044647000002,0.0,0.04,0.0,0.0
11.763042747,0.0,0.04,0.0,0.0
11.765040347000001,0.0,0.03,0.03,0.0
11.766044764,0.0,0.04,0.0,0.03
11.767043281000001,0.0,0.02,0.0,0.0
11.768045929000001,0.01,0.03,0.01,0.03
11.769045615000001,0.01,0.03,0.01,0.0
11.770043373,0.01,0.03,0.0,0.01
11.771051917000001,0.0,0.03,0.01,0.0
11.772056355,0.0,0.02,0.03,0.01
11.773063819,0.0,0.03,0.0,0.0
11.774116845,0.0,0.02,0.01,0.0
11.775096617,0.0,0.02,0.0,0.01
11.776045733,0.0,0.02,0.0,0.0
11.777052393,0.03,0.02,0.0,0.01
11.778104711000001,0.0,0.01,0.0,0.0
11.780042665,0.01,0.01,0.0,0.0
11.781053655000001,0.01,0.03,0.0,0.0
11.782040546000001,0.01,0.02,0.01,0.0
11.783042960000001,0.01,0.02,0.01,0.0
11.784048056000001,0.0,0.0,0.0,0.0
11.785039081,0.0,0.03,0.04,0.04
11.786042837,0.0,0.03,0.0,0.0
11.787044628,0.0,0.02,0.01,0.0
11.788044038,0.01,0.03,0.0,0.02
11.789040125000001,0.01,0.02,0.0,0.01
11.790039178,0.0,0.0,0.0,0.0
11.791039048,0.01,0.0,0.01,0.0
11.792039818000001,0.0,0.01,0.0,0.0
11.793049732,0.01,0.02,0.0,0.0
11.795039143,0.0,0.03,0.0,0.01
11.796041688,0.01,0.01,0.01,0.01
11.797041805000001,0.01,0.03,0.01,0.0
11.798040746,0.0,0.02,0.01,0.0
11.799046445,0.02,0.02,0.0,0.01
11.800046872000001,0.0,0.02,0.0,0.03
11.801098911,0.02,0.02,0.0,0.0
11.802052045,0.0,0.03,0.0,0.01
11.803064739,0.0,0.02,0.02,0.0
11.804061877,0.0,0.02,0.0,0.0
11.805055730000001,0.0,0.01,0.0,0.0
11.806041763000001,0.0,0.02,0.0,0.0
11.80704796,0.0,0.03,0.0,0.0
11.808045903,0.01,0.02,0.0,0.0
11.810056947000001,0.04,0.01,0.0,0.0
11.811050637000001,0.0,0.01,0.0,0.0
11.812045246,0.0,0.02,0.0,0.01
11.813088286000001,0.0,0.01,0.01,0.0
11.814038999000001,0.0,0.01,0.0,0.0
11.815051887000001,0.0,0.02,0.0,0.03
11.816048475,0.0,0.01,0.01,0.01
11.817041157,0.01,0.01,0.0,0.01
11.818089950000001,0.0,0.01,0.0,0.01
11.819043912000001,0.09,0.0,0.0,0.01
11.820040446,0.0,0.01,0.0,0.0
11.8210475,0.0,0.01,0.01,0.01
11.822049942000001,0.0,0.01,0.0,0.0
11.823059007000001,0.0,0.0,0.01,0.0
11.825050257000001,0.0,0.0,0.0,0.0
11.826056670000002,0.0,0.0,0.01,0.0
11.827047126,0.0,0.01,0.0,0.0
11.828041987,0.0,0.0,0.0,0.0
11.82912611,0.0,0.0,0.0,0.0
11.830051734000001,0.0,0.0,0.0,0.0
11.831108712,0.0,0.0,0.0,0.01
11.832043057,0.0,0.0,0.01,0.0
11.833057823,0.0,0.0,0.0,0.0
11.834047663000002,0.0,0.0,0.0,0.0
11.835070874000001,0.0,0.0,0.03,0.01
11.836065116,0.01,0.01,0.0,0.0
11.837068767,0.0,0.0,0.0,0.0
11.838069598,0.0,0.03,0.0,0.01
11.839058812000001,0.0,0.0,0.01,0.0
11.841039221,0.0,0.01,0.0,0.02
11.842045446,0.0,0.05,0.0,0.0
11.843072284000002,0.0,0.01,0.0,0.01
11.844050834,0.0,0.0,0.0,0.02
11.845054503,0.0,0.0,0.0,0.0
11.846043215,0.0,0.0,0.0,0.0
11.847043417,0.0,0.01,0.01,0.0
11.848051252000001,0.01,0.0,0.01,0.0
11.849150151,0.01,0.0,0.0,0.0
11.850078129,0.0,0.0,0.01,0.0
11.85105983,0.0,0.0,0.01,0.0
11.852058182,0.01,0.0,0.0,0.01
11.853051997000001,0.0,0.0,0.0,0.0
11.855048812000001,0.01,0.0,0.0,0.0
11.856052748000002,0.0,0.0,0.0,0.01
11.857090719,0.0,0.0,0.04,0.0
11.858073776000001,0.0,0.0,0.03,0.0
11.859058424,0.0,0.0,0.0,0.0
11.860047898000001,0.0,0.0,0.03,0.0
11.861046264,0.0,0.0,0.0,0.0
11.862040326,0.0,0.0,0.0,0.0
11.863051238,0.0,0.0,0.0,0.0
11.864135985,0.0,0.0,0.0,0.0
11.865058166,0.01,0.0,0.0,0.0
11.866054237,0.03,0.02,0.03,0.01
11.867089165000001,0.0,0.0,0.0,0.0
11.868086229000001,0.0,0.01,0.0,0.0
11.870066179,0.0,0.0,0.0,0.0
11.871188884,0.0,0.0,0.01,0.02
11.872055172000001,0.01,0.01,0.01,0.0
11.873053174,0.06,0.01,0.0,0.0
11.874051451000001,0.0,0.0,0.0,0.0
11.875047418000001,0.0,0.01,0.0,0.0
11.876043668000001,0.01,0.0,0.02,0.0
11.877065207000001,0.0,0.0,0.0,0.0
11.878068751,0.01,0.01,0.0,0.01
11.879066973,0.0,0.0,0.01,0.0
11.880074016,0.0,0.05,0.0,0.0
11.881075476000001,0.0,0.0,0.01,0.01
11.882046367000001,0.02,0.0,0.01,0.0
11.883053729,0.0,0.0,0.0,0.0
11.884058518000002,0.0,0.01,0.01,0.0
11.886046483000001,0.0,0.0,0.0,0.0
11.887058327,0.0,0.0,0.0,0.0
11.888131036,0.02,0.01,0.0,0.0
11.889050789,0.05,0.01,0.0,0.0
11.890071414000001,0.0,0.0,0.02,0.08
11.891307953,0.0,0.01,0.01,0.01
11.892176693000001,0.01,0.0,0.0,0.0
11.893174055000001,0.0,0.0,0.0,0.0
11.894162782,0.0,0.0,0.0,0.0
11.895194601,0.0,0.01,0.0,0.02
11.896210667,0.0,0.0,0.02,0.05
11.897198313,0.0,0.0,0.0,0.04
11.898221724,0.0,0.01,0.0,0.0
11.899189814000001,0.0,0.0,0.0,0.0
11.900164215,0.0,0.0,0.01,0.0
11.902179935000001,0.01,0.0,0.0,0.0
11.903153374,0.0,0.0,0.0,0.0
11.904323361000001,0.0,0.0,0.01,0.0
11.905221213,0.0,0.0,0.0,0.0
11.906188798,0.0,0.0,0.0,0.0
11.907191854,0.0,0.0,0.01,0.0
11.908164144,0.0,0.0,0.0,0.0
11.909163137,0.0,0.01,0.02,0.01
11.910143559000002,0.0,0.0,0.0,0.0
11.911151666,0.01,0.0,0.0,0.0
11.912167931,0.0,0.0,0.0,0.01
11.913172528,0.0,0.0,0.0,0.0
11.914187551000001,0.0,0.0,0.0,0.01
11.916178527000001,0.0,0.04,0.0,0.0
11.917167327000001,0.0,0.0,0.01,0.0
11.918155774,0.01,0.01,0.0,0.0
11.919154711000001,0.02,0.0,0.01,0.01
11.920156235,0.04,0.0,0.01,0.11
11.921107690000001,0.01,0.0,0.0,0.01
11.922081981000002,0.01,0.01,0.04,0.0
11.923064982000001,0.0,0.01,0.01,0.02
11.924075092,0.0,0.06,0.0,0.0
11.925097880000001,0.0,0.0,0.01,0.0
11.926122484,0.01,0.0,0.01,0.0
11.927070208,0.0,0.01,0.05,0.0
11.928057109000001,0.0,0.0,0.05,0.0
11.929064337000002,0.0,0.0,0.1,0.0
11.930082624,0.0,0.0,0.0,0.0
11.932085071000001,0.01,0.01,0.0,0.0
11.933168876,0.01,0.02,0.0,0.0
11.9340583,0.01,0.0,0.02,0.0
11.935056325000001,0.0,0.01,0.01,0.0
11.936052532000001,0.04,0.02,0.0,0.0
11.937048919,0.0,0.01,0.0,0.03
11.938050538,0.03,0.0,0.01,0.01
11.93904983,0.0,0.0,0.0,0.0
11.940051968,0.0,0.0,0.0,0.0
11.941056562,0.01,0.0,0.0,0.0
11.942054635,0.0,0.01,0.01,0.0
11.943064118,0.0,0.0,0.0,0.0
11.944059661,0.0,0.0,0.0,0.0
11.946053261000001,0.01,0.0,0.0,0.0
11.947056274000001,0.0,0.0,0.06,0.0
11.948123747,0.0,0.0,0.01,0.0
11.949049416000001,0.0,0.01,0.0,0.0
11.950048046000001,0.0,0.0,0.0,0.0
11.951046487000001,0.0,0.0,0.01,0.0
11.952058232,0.0,0.01,0.0,0.0
11.953049946,0.0,0.0,0.0,0.0
11.954125306,0.0,0.0,0.01,0.0
11.955134022000001,0.0,0.0,0.0,0.01
11.956117528,0.0,0.01,0.0,0.01
11.957107509,0.0,0.01,0.0,0.0
11.959076706000001,0.0,0.0,0.0,0.01
11.960056859000002,0.0,0.0,0.0,0.01
11.96105734,0.0,0.01,0.01,0.0
11.962387651,0.0,0.0,0.0,0.02
11.963083158,0.0,0.0,0.0,0.04
11.964101291,0.0,0.0,0.0,0.0
11.965056827000002,0.0,0.0,0.0,0.01
11.966108830000001,0.01,0.01,0.01,0.0
11.967080921,0.0,0.0,0.03,0.0
11.968102418,0.02,0.03,0.03,0.05
11.969113153,0.0,0.0,0.0,0.01
11.970110193,0.0,0.0,0.01,0.0
11.971049108,0.0,0.01,0.01,0.0
11.972093296,0.0,0.0,0.0,0.0
11.973110436,0.0,0.0,0.0,0.0
11.975049011000001,0.02,0.0,0.0,0.0
11.976127754,0.03,0.0,0.0,0.0
11.977043305,0.01,0.0,0.0,0.01
11.978044050000001,0.0,0.0,0.01,0.01
11.979041961,0.05,0.01,0.02,0.0
11.980099522000001,0.0,0.0,0.01,0.02
11.981073854,0.0,0.0,0.0,0.0
11.982054054,0.0,0.0,0.0,0.0
11.983045584000001,0.01,0.0,0.0,0.0
11.984041031,0.0,0.01,0.01,0.0
11.985040225,0.0,0.01,0.0,0.0
11.986040811,0.0,0.0,0.0,0.0
11.987044245,0.0,0.01,0.01,0.0
11.989096567,0.01,0.01,0.01,0.0
11.990071348,0.0,0.0,0.0,0.01
11.991079833,0.0,0.0,0.0,0.0
11.992074895,0.0,0.01,0.0,0.0
11.993065357,0.03,0.0,0.0,0.0
11.994130773,0.01,0.01,0.01,0.08
11.995075674,0.0,0.02,0.0,0.0
11.996101544,0.0,0.07,0.0,0.0
11.99706046,0.0,0.08,0.01,0.01
11.998047543,0.02,0.06,0.02,0.0
11.99904158,0.05,0.04,0.0,0.01
12.000041097,0.0,0.08,0.0,0.0
12.001101653000001,0.0,0.06,0.0,0.0
12.00304723,0.0,0.07,0.0,0.0
12.004046704,0.0,0.06,0.0,0.0
12.005054318000001,0.0,0.11,0.01,0.01
12.006041618000001,0.0,0.05,0.0,0.0
12.007043682,0.01,0.07,0.0,0.01
12.008056592,0.0,0.07,0.0,0.0
12.009053425000001,0.0,0.07,0.0,0.01
12.010044662,0.0,0.05,0.0,0.0
12.011044713,0.0,0.05,0.0,0.0
12.012047542000001,0.0,0.06,0.02,0.0
12.013044681,0.0,0.01,0.0,0.0
12.014045954,0.01,0.0,0.0,0.01
12.015063436,0.0,0.01,0.0,0.01
12.016052509000001,0.01,0.01,0.0,0.01
12.017049076000001,0.0,0.01,0.0,0.0
12.018039742000001,0.02,0.01,0.0,0.01
12.019051109000001,0.0,0.03,0.0,0.0
12.02109641,0.0,0.0,0.0,0.0
12.022140977000001,0.0,0.01,0.02,0.0
12.023134854,0.0,0.01,0.0,0.01
12.024070116,0.0,0.01,0.0,0.01
12.025045034000001,0.0,0.01,0.0,0.0
12.026042155,0.0,0.01,0.0,0.01
12.027040966000001,0.0,0.01,0.0,0.0
12.028062539,0.0,0.01,0.0,0.0
12.029048795000001,0.0,0.02,0.02,0.04
12.030050132000001,0.0,0.02,0.01,0.0
12.031045548000002,0.0,0.01,0.0,0.0
12.032044997000002,0.0,0.01,0.01,0.0
12.033052436,0.0,0.01,0.0,0.0
12.034043914000002,0.01,0.02,0.01,0.0
12.035061161000002,0.0,0.02,0.0,0.0
12.036044114000001,0.0,0.02,0.0,0.0
12.038046187,0.0,0.03,0.0,0.0
12.03904988,0.0,0.01,0.0,0.0
12.040044503,0.0,0.01,0.0,0.01
12.041047054000002,0.01,0.01,0.0,0.0
12.042065906000001,0.0,0.01,0.0,0.0
12.043053793,0.0,0.01,0.0,0.0
12.044045220000001,0.01,0.03,0.0,0.0
12.045051605000001,0.0,0.01,0.0,0.02
12.046046061,0.01,0.02,0.0,0.01
12.047044275000001,0.0,0.01,0.01,0.0
12.048043454,0.0,0.02,0.0,0.0
12.049044136000001,0.0,0.02,0.0,0.0
12.050053172,0.0,0.02,0.0,0.03
12.051047369,0.0,0.01,0.0,0.0
12.053153230000001,0.0,0.01,0.0,0.0
12.054049390000001,0.0,0.01,0.0,0.0
12.055046843000001,0.0,0.02,0.01,0.0
12.056078105000001,0.0,0.02,0.0,0.0
12.057050275,0.03,0.02,0.0,0.0
12.058099859,0.0,0.05,0.02,0.0
12.059044655000001,0.0,0.02,0.01,0.0
12.060090197000001,0.0,0.01,0.0,0.0
12.061051955,0.0,0.01,0.0,0.01
12.062043576,0.0,0.01,0.0,0.01
12.063050603,0.0,0.01,0.0,0.0
12.064045487000001,0.01,0.0,0.05,0.05
12.065097426000001,0.0,0.01,0.0,0.0
12.066048886,0.01,0.03,0.0,0.01
12.06708981,0.0,0.0,0.0,0.01
12.069042299000001,0.0,0.01,0.0,0.01
12.070108179,0.0,0.0,0.0,0.01
12.071042794,0.01,0.01,0.0,0.0
12.072043683,0.0,0.0,0.0,0.0
12.073042162,0.0,0.0,0.0,0.0
12.074042385,0.0,0.0,0.0,0.0
12.075042288,0.0,0.0,0.01,0.05
12.076042397,0.02,0.01,0.0,0.01
12.077053288,0.0,0.0,0.0,0.0
12.07805079,0.0,0.0,0.0,0.0
12.079044357,0.0,0.01,0.01,0.01
12.080047246000001,0.0,0.01,0.0,0.0
12.081054249000001,0.01,0.0,0.01,0.0
12.082097997,0.0,0.01,0.0,0.0
12.084063883,0.0,0.01,0.0,0.0
12.085053215,0.0,0.0,0.0,0.01
12.086043764000001,0.0,0.0,0.0,0.0
12.087051514,0.0,0.01,0.0,0.01
12.08805805,0.0,0.0,0.0,0.0
12.089050212,0.0,0.0,0.0,0.05
12.090144563,0.0,0.01,0.01,0.0
12.091072156000001,0.0,0.01,0.03,0.08
12.092110695,0.0,0.0,0.0,0.0
12.093048307,0.03,0.0,0.0,0.0
12.094049371,0.0,0.0,0.0,0.0
12.095045442,0.0,0.01,0.0,0.0
12.097076969000002,0.01,0.02,0.0,0.02
12.098051326,0.0,0.01,0.03,0.0
12.099052398000001,0.0,0.01,0.04,0.0
12.100043339,0.0,0.01,0.0,0.0
12.10104096,0.01,0.0,0.01,0.0
12.102043682000001,0.01,0.0,0.01,0.01
12.103043598000001,0.0,0.0,0.0,0.0
12.104074282000001,0.01,0.01,0.0,0.0
12.105048571000001,0.0,0.01,0.0,0.0
12.106047119000001,0.0,0.0,0.01,0.0
12.107067325000001,0.0,0.01,0.0,0.0
12.108086703000001,0.0,0.0,0.0,0.0
12.109050691,0.0,0.0,0.0,0.0
12.110042718,0.01,0.02,0.0,0.0
12.111059055,0.01,0.0,0.0,0.0
12.113222061,0.0,0.01,0.0,0.0
12.114168067000001,0.0,0.0,0.06,0.0
12.115062051,0.0,0.0,0.01,0.0
12.116051957000002,0.01,0.0,0.0,0.0
12.117044458,0.0,0.0,0.0,0.0
12.118064129,0.02,0.0,0.0,0.0
12.119050612,0.0,0.02,0.01,0.0
12.120043192,0.01,0.0,0.02,0.0
12.121044612,0.0,0.0,0.0,0.0
12.122048299000001,0.08,0.02,0.08,0.0
12.123052110000001,0.0,0.01,0.0,0.01
12.124045614,0.0,0.0,0.0,0.0
12.125052806000001,0.0,0.0,0.0,0.0
12.126048182,0.0,0.0,0.01,0.01
12.127094919000001,0.04,0.01,0.05,0.01
12.129086311,0.0,0.0,0.01,0.0
12.130039169000002,0.0,0.01,0.0,0.0
12.131041774000002,0.0,0.01,0.0,0.02
12.132050759,0.0,0.01,0.0,0.01
12.133046038000002,0.0,0.0,0.0,0.0
12.134095378000001,0.0,0.0,0.0,0.0
12.135053664,0.0,0.0,0.0,0.02
12.136046789,0.0,0.0,0.01,0.0
12.137041940000001,0.01,0.01,0.0,0.01
12.13804647,0.0,0.01,0.0,0.0
12.139052833000001,0.0,0.01,0.0,0.01
12.140042945000001,0.0,0.01,0.01,0.0
12.141058593,0.01,0.01,0.0,0.0
12.142056965,0.01,0.0,0.0,0.01
12.144048556000001,0.0,0.0,0.0,0.0
12.145064502,0.0,0.0,0.01,0.01
12.146161912,0.0,0.0,0.0,0.0
12.147065748000001,0.0,0.02,0.01,0.0
12.148066612000001,0.0,0.0,0.0,0.0
12.14907037,0.0,0.0,0.0,0.0
12.150051394,0.0,0.0,0.01,0.0
12.151045524,0.0,0.0,0.01,0.01
12.152095071000002,0.0,0.01,0.0,0.0
12.153055302,0.0,0.0,0.0,0.0
12.15405097,0.0,0.0,0.0,0.0
12.155045649000002,0.01,0.0,0.0,0.0
12.156045262000001,0.14,0.01,0.01,0.0
12.158043983,0.0,0.0,0.0,0.02
12.159048815,0.01,0.02,0.0,0.01
12.160045745000001,0.0,0.0,0.02,0.0
12.161042651,0.0,0.0,0.0,0.0
12.162056263,0.0,0.01,0.02,0.0
12.163054101,0.0,0.0,0.01,0.0
12.164047865,0.0,0.0,0.0,0.0
12.165041182000001,0.0,0.0,0.0,0.0
12.166092613,0.0,0.0,0.0,0.01
12.167115883000001,0.0,0.0,0.0,0.01
12.168053839,0.0,0.04,0.0,0.0
12.169057195,0.03,0.01,0.0,0.0
12.170057488000001,0.0,0.0,0.0,0.0
12.171046200000001,0.04,0.02,0.02,0.0
12.172055413,0.0,0.0,0.0,0.0
12.174051322,0.0,0.0,0.01,0.01
12.175052333,0.0,0.0,0.0,0.01
12.176063950000001,0.01,0.0,0.0,0.0
12.177053954000002,0.0,0.0,0.0,0.0
12.178146978000001,0.0,0.0,0.0,0.0
12.179131073,0.0,0.0,0.0,0.0
12.180171235000001,0.01,0.0,0.0,0.0
12.181051972,0.0,0.0,0.0,0.01
12.182058248,0.0,0.0,0.0,0.01
12.183052644,0.0,0.0,0.0,0.0
12.184132762,0.0,0.01,0.0,0.0
12.185096076,0.0,0.0,0.0,0.01
12.186052058000001,0.0,0.0,0.0,0.01
12.187051278,0.0,0.0,0.0,0.0
12.189048649,0.0,0.02,0.01,0.03
12.190049331,0.0,0.0,0.0,0.0
12.191038022,0.0,0.01,0.0,0.01
12.192101056,0.0,0.0,0.0,0.0
12.19306916,0.0,0.0,0.0,0.0
12.194132517,0.0,0.0,0.0,0.0
12.195344925,0.0,0.0,0.0,0.0
12.196242306,0.01,0.01,0.0,0.02
12.197169305000001,0.0,0.0,0.0,0.0
12.198161752,0.0,0.01,0.0,0.0
12.199160663,0.01,0.0,0.0,0.0
12.200185466,0.0,0.01,0.0,0.0
12.201169321,0.01,0.0,0.01,0.0
12.202168898,0.0,0.0,0.0,0.01
12.203159553,0.0,0.01,0.0,0.01
12.205172059,0.01,0.0,0.0,0.0
12.206188483,0.01,0.0,0.01,0.02
12.207139997,0.0,0.0,0.0,0.0
12.208072854000001,0.0,0.0,0.05,0.0
12.209178525,0.0,0.0,0.0,0.0
12.210145934000002,0.0,0.0,0.0,0.01
12.211073378,0.0,0.0,0.0,0.0
12.212077187,0.0,0.0,0.0,0.0
12.213141178,0.0,0.0,0.0,0.0
12.214187970000001,0.0,0.0,0.0,0.0
12.215144596,0.0,0.0,0.0,0.0
12.216124148,0.0,0.0,0.01,0.0
12.217059030000001,0.03,0.0,0.05,0.0
12.218114989,0.0,0.0,0.0,0.0
12.220096421000001,0.0,0.01,0.0,0.0
12.221057807000001,0.0,0.0,0.0,0.01
12.222056329,0.0,0.0,0.0,0.0
12.223051620000001,0.0,0.0,0.0,0.0
12.224046276000001,0.04,0.01,0.0,0.01
12.22504303,0.0,0.01,0.01,0.0
12.226186403000002,0.01,0.02,0.0,0.0
12.227041684000001,0.0,0.0,0.0,0.0
12.228050300000001,0.0,0.0,0.0,0.0
12.229045974,0.0,0.0,0.0,0.0
12.230047413000001,0.0,0.01,0.0,0.0
12.231046675,0.0,0.0,0.01,0.0
12.23304281,0.0,0.0,0.0,0.0
12.234039730000001,0.0,0.05,0.0,0.04
12.235047807,0.0,0.0,0.0,0.0
12.236056204,0.01,0.01,0.0,0.0
12.237051134000001,0.0,0.0,0.0,0.01
12.238061106,0.0,0.01,0.03,0.01
12.239112846000001,0.0,0.01,0.0,0.0
12.240102069,0.01,0.0,0.01,0.0
12.24106008,0.0,0.01,0.04,0.02
12.242047676,0.0,0.01,0.0,0.0
12.243058177,0.0,0.01,0.0,0.0
12.244092249000001,0.01,0.01,0.0,0.0
12.245047267,0.0,0.01,0.01,0.0
12.247042714,0.0,0.01,0.0,0.0
12.248074615,0.0,0.03,0.01,0.01
12.249038802000001,0.0,0.01,0.01,0.0
12.250039441,0.0,0.05,0.0,0.01
12.251041228,0.0,0.02,0.0,0.01
12.252053322,0.0,0.0,0.0,0.0
12.253038593000001,0.0,0.0,0.0,0.0
12.254097141,0.0,0.01,0.0,0.0
12.255038007000001,0.01,0.0,0.01,0.0
12.256037572,0.0,0.0,0.0,0.0
12.257038392,0.03,0.0,0.01,0.0
12.258038706,0.0,0.0,0.0,0.0
12.259058278000001,0.03,0.0,0.0,0.01
12.260049776,0.0,0.0,0.0,0.0
12.262040667,0.0,0.0,0.0,0.0
12.2630406,0.0,0.0,0.0,0.0
12.26404441,0.0,0.0,0.0,0.0
12.265041597000002,0.0,0.0,0.0,0.0
12.266045322,0.0,0.0,0.0,0.0
12.267054083000001,0.02,0.0,0.02,0.0
12.268047907000001,0.0,0.01,0.0,0.02
12.269050991,0.0,0.0,0.02,0.0
12.270344312,0.0,0.0,0.0,0.0
12.271078673,0.0,0.01,0.0,0.0
12.272152448,0.0,0.0,0.0,0.0
12.273162417,0.0,0.0,0.0,0.0
12.27406288,0.0,0.0,0.0,0.01
12.275113228,0.0,0.0,0.0,0.01
12.276097686,0.0,0.01,0.0,0.01
12.278089399,0.0,0.04,0.0,0.0
12.279097088,0.0,0.0,0.01,0.0
12.280106380000001,0.0,0.03,0.02,0.01
12.281089558000001,0.0,0.0,0.0,0.01
12.282091031,0.0,0.01,0.0,0.0
12.283107124,0.0,0.0,0.0,0.01
12.284045366,0.09,0.0,0.04,0.0
12.285050993,0.0,0.0,0.0,0.0
12.286042579,0.02,0.0,0.01,0.05
12.287041416000001,0.05,0.0,0.01,0.01
12.288040903,0.0,0.0,0.01,0.0
12.289041879000001,0.01,0.0,0.0,0.07
12.290046414,0.0,0.01,0.0,0.0
12.291045394000001,0.0,0.01,0.0,0.0
12.293263354,0.0,0.0,0.0,0.0
12.294053484,0.0,0.0,0.0,0.0
12.295091498000001,0.0,0.01,0.02,0.0
12.296089022,0.0,0.0,0.0,0.0
12.297095673000001,0.0,0.0,0.0,0.0
12.298106648000001,0.0,0.0,0.0,0.0
12.299055306000001,0.01,0.01,0.0,0.0
12.300098076000001,0.01,0.01,0.01,0.0
12.301105281,0.0,0.0,0.03,0.01
12.302053950000001,0.0,0.0,0.01,0.0
12.303100439000001,0.0,0.0,0.0,0.0
12.304121168,0.0,0.0,0.0,0.0
12.305056743000002,0.0,0.01,0.01,0.0
12.307102749,0.0,0.01,0.0,0.0
12.308095739,0.0,0.01,0.01,0.0
12.309099879000001,0.0,0.01,0.0,0.0
12.310095821,0.01,0.0,0.0,0.0
12.311096221000001,0.0,0.01,0.0,0.0
12.312054763,0.0,0.01,0.0,0.0
12.313049163,0.0,0.0,0.01,0.0
12.314045824,0.0,0.01,0.0,0.0
12.315043745,0.0,0.01,0.01,0.0
12.316044194000002,0.03,0.0,0.01,0.0
12.31705814,0.0,0.01,0.0,0.0
12.318042219,0.0,0.04,0.0,0.0
12.319042383000001,0.01,0.0,0.0,0.0
12.320044860000001,0.0,0.01,0.0,0.0
12.321047181,0.01,0.01,0.0,0.01
12.322047238000001,0.01,0.04,0.0,0.0
12.324044947,0.0,0.0,0.01,0.0
12.325065206000001,0.0,0.01,0.0,0.02
12.326043536,0.01,0.01,0.01,0.0
12.327042270000002,0.01,0.0,0.01,0.0
12.328062007000002,0.0,0.01,0.01,0.01
12.329065762,0.0,0.0,0.01,0.0
12.33006085,0.0,0.0,0.0,0.0
12.331051074000001,0.0,0.01,0.0,0.0
12.332056012,0.0,0.01,0.0,0.07
12.333045686,0.0,0.0,0.0,0.0
12.334049542,0.0,0.0,0.01,0.0
12.335049187000001,0.0,0.02,0.0,0.0
12.336047148,0.01,0.01,0.01,0.0
12.337044396000001,0.01,0.01,0.0,0.0
12.339039047,0.0,0.01,0.0,0.0
12.340052098000001,0.01,0.01,0.0,0.0
12.341038626000001,0.0,0.01,0.0,0.0
12.342039226,0.0,0.02,0.02,0.0
12.343047139000001,0.0,0.02,0.0,0.0
12.344099121000001,0.0,0.02,0.0,0.01
12.345054518000001,0.0,0.03,0.01,0.0
12.346049716000001,0.01,0.03,0.01,0.0
12.347045374,0.0,0.04,0.0,0.0
12.348038290000002,0.0,0.03,0.0,0.0
12.349037971000001,0.0,0.03,0.0,0.0
12.350037779,0.0,0.04,0.0,0.01
12.351037925,0.01,0.02,0.0,0.0
12.352063651,0.0,0.03,0.0,0.03
12.353091828,0.0,0.02,0.0,0.0
12.355042338,0.0,0.03,0.01,0.0
12.356040949,0.0,0.03,0.0,0.0
12.357080372,0.0,0.15,0.0,0.0
12.358091491000001,0.0,0.15,0.02,0.01
12.359056176000001,0.0,0.19,0.0,0.0
12.360050646000001,0.04,0.21,0.0,0.02
12.361043949,0.02,0.25,0.0,0.0
12.362061131,0.0,0.26,0.06,0.12
12.363084573,0.0,0.25,0.0,0.0
12.364057019,0.0,0.24,0.0,0.01
12.365059531,0.0,0.26,0.0,0.01
12.366056687,0.01,0.25,0.0,0.0
12.367052271,0.0,0.27,0.0,0.0
12.369039766,0.0,0.27,0.0,0.02
12.370039282,0.0,0.3,0.0,0.0
12.371039591,0.0,0.37,0.0,0.0
12.372039144,0.0,0.36,0.0,0.0
12.373048289000002,0.01,0.4,0.0,0.0
12.374042287,0.0,0.4,0.0,0.0
12.375044358,0.0,0.4,0.0,0.0
12.376040672,0.01,0.45,0.01,0.01
12.377039956,0.0,0.43,0.0,0.0
12.378038846,0.0,0.44,0.0,0.0
12.379040691,0.02,0.45,0.04,0.04
12.380094977,0.01,0.55,0.01,0.0
12.381049239000001,0.02,0.61,0.0,0.0
12.382045405000001,0.0,0.66,0.0,0.0
12.383046562,0.01,0.69,0.01,0.0
12.385043119,0.01,0.72,0.0,0.0
12.386048314,0.02,0.75,0.0,0.01
12.387046602000002,0.0,0.78,0.0,0.01
12.38804296,0.0,0.8,0.01,0.0
12.389042796,0.0,0.82,0.0,0.0
12.39004379,0.0,0.83,0.0,0.0
12.391158321,0.0,0.84,0.0,0.0
12.39206817,0.0,0.83,0.0,0.01
12.393139117,0.0,0.76,0.0,0.0
12.394065342000001,0.01,0.77,0.02,0.0
12.395118589,0.01,0.77,0.0,0.0
12.396104668000001,0.0,0.87,0.0,0.0
12.397078599,0.0,0.86,0.01,0.01
12.399171746,0.0,0.86,0.0,0.01
12.400075075,0.01,0.84,0.0,0.03
12.401103922,0.0,0.84,0.0,0.0
12.402071859000001,0.01,0.86,0.01,0.0
12.403113178,0.0,0.86,0.0,0.0
12.404183274000001,0.0,0.86,0.0,0.0
12.40507876,0.0,0.84,0.01,0.0
12.406067739000001,0.01,0.84,0.0,0.0
12.407064511000002,0.01,0.76,0.0,0.0
12.408098653000001,0.0,0.77,0.01,0.02
12.409080277000001,0.02,0.76,0.01,0.01
12.410056749,0.0,0.76,0.0,0.0
12.411050289,0.0,0.72,0.0,0.01
12.412051739,0.01,0.69,0.03,0.02
12.41404102,0.0,0.69,0.0,0.0
12.415044734,0.01,0.69,0.01,0.0
12.416054048000001,0.01,0.68,0.01,0.0
12.417042413,0.01,0.71,0.0,0.0
12.418044627,0.0,0.66,0.04,0.0
12.419049789,0.01,0.66,0.01,0.0
12.420061435000001,0.0,0.65,0.0,0.0
12.42104336,0.0,0.65,0.0,0.0
12.422053082000001,0.01,0.64,0.0,0.0
12.423071673,0.0,0.64,0.0,0.0
12.424126556000001,0.0,0.63,0.0,0.04
12.425075589,0.0,0.63,0.01,0.0
12.426078413,0.0,0.64,0.0,0.01
12.427065802000001,0.0,0.63,0.0,0.0
12.429066821000001,0.0,0.6,0.01,0.01
12.430079803,0.01,0.62,0.05,0.0
12.431085643000001,0.0,0.61,0.01,0.0
12.432080628000001,0.0,0.6,0.0,0.01
12.433064898000001,0.0,0.6,0.0,0.0
12.434067172,0.01,0.61,0.01,0.01
12.435083373000001,0.0,0.59,0.01,0.0
12.436069709000002,0.01,0.59,0.0,0.0
12.437053422,0.01,0.61,0.01,0.01
12.438052124,0.0,0.56,0.0,0.0
12.439060779,0.0,0.59,0.0,0.02
12.440090276000001,0.11,0.59,0.0,0.01
12.441064728,0.0,0.59,0.0,0.04
12.442055883,0.0,0.55,0.0,0.0
12.443057829,0.0,0.61,0.0,0.0
12.445043051,0.01,0.6,0.0,0.01
12.446046685,0.02,0.58,0.01,0.0
12.447060227000001,0.0,0.64,0.01,0.0
12.448084416,0.0,0.6,0.0,0.0
12.449057546,0.01,0.56,0.01,0.0
12.450109823,0.0,0.6,0.01,0.0
12.451058112,0.0,0.6,0.01,0.01
12.452055866,0.0,0.6,0.01,0.0
12.453062085000001,0.0,0.61,0.0,0.0
12.454180585000001,0.0,0.61,0.0,0.0
12.455131097,0.01,0.6,0.01,0.01
12.456143116000002,0.0,0.62,0.0,0.0
12.457058885,0.0,0.63,0.01,0.0
12.458063623000001,0.0,0.62,0.01,0.0
12.460131748,0.01,0.62,0.0,0.01
12.461048023,0.0,0.62,0.0,0.01
12.462052689,0.0,0.62,0.0,0.01
12.463133384,0.0,0.62,0.0,0.0
12.464051764,0.0,0.62,0.0,0.0
12.46505321,0.0,0.62,0.0,0.0
12.466055385,0.0,0.62,0.0,0.0
12.467046014000001,0.0,0.61,0.01,0.0
12.468060088000001,0.0,0.63,0.0,0.0
12.46905418,0.0,0.6,0.0,0.0
12.470054989000001,0.0,0.62,0.0,0.02
12.471054126,0.01,0.64,0.01,0.0
12.47205473,0.0,0.61,0.01,0.0
12.473057009000001,0.0,0.66,0.02,0.0
12.475046327000001,0.0,0.63,0.0,0.01
12.476074287000001,0.01,0.63,0.0,0.0
12.477052683,0.0,0.64,0.0,0.0
12.478053362,0.0,0.64,0.0,0.0
12.479051861,0.0,0.64,0.0,0.01
12.480050047,0.02,0.64,0.0,0.0
12.481058111000001,0.0,0.66,0.0,0.0
12.482047695,0.0,0.67,0.02,0.0
12.483073370000001,0.0,0.58,0.0,0.01
12.484062871,0.0,0.64,0.0,0.0
12.485086419,0.0,0.65,0.0,0.0
12.486112680000002,0.0,0.6,0.0,0.0
12.487070254,0.0,0.6,0.01,0.0
12.488089705,0.0,0.65,0.0,0.0
12.490051635,0.03,0.62,0.0,0.02
12.491050488,0.0,0.65,0.0,0.0
12.492053112,0.0,0.67,0.01,0.0
12.493066454000001,0.0,0.67,0.0,0.0
12.494059307,0.0,0.69,0.0,0.0
12.495048593,0.0,0.67,0.0,0.0
12.496151059,0.0,0.68,0.0,0.0
12.497059795,0.01,0.68,0.0,0.0
12.498057685000001,0.0,0.69,0.01,0.0
12.499046206000001,0.02,0.68,0.0,0.01
12.50010905,0.0,0.69,0.01,0.01
12.501166225,0.0,0.71,0.01,0.0
12.50205017,0.0,0.7,0.0,0.0
12.503051029000002,0.0,0.7,0.0,0.0
12.505043901,0.0,0.7,0.0,0.0
12.506037847,0.0,0.7,0.03,0.0
12.507051604,0.0,0.7,0.0,0.0
12.508054019000001,0.06,0.68,0.06,0.01
12.509054956,0.0,0.69,0.0,0.0
12.510049101,0.0,0.71,0.0,0.0
12.511043610000002,0.0,0.72,0.01,0.0
12.512095686,0.01,0.75,0.02,0.0
12.513057536000002,0.0,0.73,0.0,0.0
12.514049135,0.0,0.73,0.0,0.0
12.515055308,0.02,0.74,0.0,0.02
12.516049350000001,0.0,0.7,0.0,0.0
12.517047564,0.0,0.26,0.0,0.0
12.518076801000001,0.0,0.15,0.01,0.0
12.519063716000002,0.02,0.23,0.0,0.02
12.52106621,0.0,0.63,0.0,0.0
12.522067497,0.0,0.7,0.0,0.0
12.523048409000001,0.0,0.8,0.0,0.0
12.524041683,0.01,0.82,0.04,0.0
12.525045798,0.0,0.87,0.0,0.01
12.526039043,0.0,0.86,0.0,0.0
12.527053019,0.02,0.7,0.0,0.01
12.528040590000002,0.01,0.57,0.01,0.0
12.529073167,0.0,0.74,0.0,0.0
12.530053115000001,0.0,0.36,0.0,0.06
12.531109264000001,0.0,0.34,0.0,0.0
12.532067349,0.01,0.35,0.0,0.0
12.533045704000001,0.0,0.41,0.01,0.01
12.535067042000001,0.0,0.41,0.01,0.01
12.536054210000001,0.0,0.45,0.01,0.01
12.537037985000001,0.0,0.51,0.0,0.02
12.538046172000001,0.0,0.45,0.0,0.01
12.539051303,0.04,0.44,0.01,0.01
12.540052123,0.0,0.37,0.0,0.01
12.541047264000001,0.0,0.34,0.01,0.0
12.542092353000001,0.0,0.35,0.02,0.0
12.543053023,0.0,0.35,0.0,0.0
12.544126859,0.0,0.35,0.0,0.0
12.545043121,0.0,0.35,0.02,0.0
12.546060717000001,0.01,0.35,0.01,0.0
12.547056603000001,0.0,0.35,0.0,0.0
12.548055799,0.0,0.35,0.0,0.01
12.550052824000002,0.0,0.35,0.0,0.0
12.551074166000001,0.0,0.35,0.01,0.0
12.552062008,0.0,0.35,0.0,0.0
12.553053651,0.0,0.35,0.0,0.0
12.554048920000001,0.0,0.35,0.0,0.0
12.555060689000001,0.0,0.38,0.0,0.01
12.5560507,0.03,0.35,0.0,0.0
12.557052002,0.0,0.37,0.0,0.01
12.558049757000001,0.01,0.35,0.0,0.0
12.559046524000001,0.01,0.39,0.0,0.03
12.560052199000001,0.0,0.35,0.0,0.01
12.561074841,0.0,0.36,0.0,0.0
12.562046667,0.03,0.35,0.01,0.0
12.563044265,0.0,0.35,0.01,0.0
12.564043055,0.01,0.36,0.0,0.0
12.566083187,0.01,0.37,0.0,0.0
12.567060706000001,0.0,0.37,0.0,0.0
12.568045902000001,0.0,0.37,0.0,0.0
12.569041442000001,0.02,0.39,0.01,0.06
12.570044904000001,0.0,0.34,0.0,0.0
12.571044293,0.0,0.36,0.01,0.0
12.572048356000002,0.0,0.35,0.0,0.0
12.573043773,0.0,0.36,0.0,0.0
12.574045423000001,0.0,0.39,0.01,0.01
12.575057886000002,0.0,0.37,0.01,0.01
12.576059329000001,0.0,0.4,0.03,0.04
12.577174702,0.0,0.41,0.0,0.0
12.578069339,0.0,0.41,0.0,0.0
12.580065240000001,0.0,0.42,0.0,0.01
12.581132954000001,0.0,0.43,0.0,0.0
12.582051933,0.01,0.43,0.0,0.0
12.583047138000001,0.0,0.44,0.0,0.0
12.58404043,0.0,0.44,0.0,0.0
12.585047571,0.06,0.42,0.03,0.01
12.586043037000001,0.0,0.45,0.0,0.02
12.587038611,0.01,0.46,0.0,0.0
12.588097423,0.01,0.45,0.0,0.02
12.589039475000002,0.0,0.45,0.01,0.01
12.590039196000001,0.0,0.46,0.01,0.0
12.591038453000001,0.06,0.47,0.0,0.0
12.592038515,0.0,0.46,0.0,0.0
12.593044176000001,0.01,0.45,0.0,0.0
12.595040871,0.01,0.47,0.0,0.0
12.596040305,0.0,0.48,0.01,0.01
12.59704059,0.0,0.48,0.0,0.01
12.598044569,0.0,0.48,0.0,0.0
12.599045295000002,0.0,0.5,0.0,0.01
12.600058934000002,0.01,0.49,0.0,0.02
12.601045876,0.03,0.5,0.0,0.0
12.602089456000002,0.01,0.48,0.0,0.01
12.603046953000002,0.0,0.48,0.01,0.0
12.604084214,0.0,0.56,0.0,0.02
12.605042384,0.04,0.54,0.0,0.0
12.606082449,0.0,0.55,0.0,0.0
12.607054552000001,0.0,0.56,0.01,0.04
12.608060164000001,0.0,0.57,0.0,0.01
12.609047547000001,0.0,0.56,0.01,0.0
12.611051871,0.0,0.58,0.0,0.0
12.612055631,0.0,0.58,0.0,0.0
12.613074292,0.0,0.57,0.0,0.0
12.614058146000001,0.0,0.57,0.01,0.01
12.615045231000002,0.0,0.57,0.0,0.0
12.616040660000001,0.0,0.57,0.0,0.0
12.617039141000001,0.0,0.56,0.04,0.02
12.618046438,0.0,0.56,0.0,0.0
12.619046176000001,0.0,0.57,0.0,0.0
12.620039942,0.0,0.58,0.0,0.02
12.621089508,0.0,0.58,0.0,0.0
12.622048018000001,0.0,0.57,0.0,0.0
12.623046082,0.0,0.58,0.04,0.06
12.62404502,0.0,0.58,0.0,0.01
12.626045151000001,0.0,0.57,0.0,0.01
12.627046793000002,0.0,0.56,0.01,0.0
12.628040752,0.0,0.57,0.0,0.0
12.629045003000002,0.0,0.56,0.0,0.0
12.630039055000001,0.0,0.56,0.02,0.0
12.631047972000001,0.0,0.58,0.0,0.0
12.632090537000002,0.0,0.57,0.01,0.0
12.633040631,0.0,0.57,0.0,0.0
12.634044339,0.0,0.57,0.01,0.01
12.635040228000001,0.01,0.57,0.01,0.0
12.6360498,0.0,0.57,0.01,0.01
12.637082414,0.0,0.54,0.0,0.01
12.638044645,0.0,0.55,0.01,0.0
12.640048391,0.01,0.52,0.01,0.0
12.641057105000002,0.03,0.49,0.03,0.01
12.64205093,0.0,0.52,0.0,0.0
12.643048049,0.0,0.57,0.0,0.01
12.644068747,0.0,0.56,0.0,0.0
12.645061154,0.0,0.56,0.0,0.0
12.646055111,0.0,0.54,0.01,0.0
12.647053707000001,0.0,0.55,0.02,0.0
12.648047826,0.0,0.54,0.01,0.02
12.649045204,0.0,0.54,0.0,0.0
12.650045374000001,0.0,0.52,0.0,0.0
12.651040974,0.0,0.52,0.0,0.0
12.652060977000001,0.0,0.55,0.0,0.05
12.653104327000001,0.0,0.56,0.0,0.01
12.655041431,0.0,0.54,0.0,0.0
12.656041211000002,0.0,0.55,0.01,0.0
12.657044331000002,0.0,0.54,0.0,0.0
12.658048619,0.0,0.55,0.01,0.0
12.659047979,0.01,0.56,0.01,0.0
12.66007409,0.0,0.57,0.01,0.0
12.661043658,0.02,0.56,0.01,0.01
12.662042921000001,0.0,0.55,0.0,0.0
12.663052292000001,0.0,0.55,0.0,0.0
12.664042550000001,0.01,0.53,0.0,0.0
12.66504736,0.0,0.54,0.0,0.0
12.666044899000001,0.0,0.54,0.0,0.01
12.667045739,0.03,0.54,0.0,0.01
12.668043006000001,0.01,0.55,0.0,0.0
12.669056232,0.01,0.55,0.0,0.0
12.670118387,0.0,0.51,0.0,0.0
12.672049393,0.01,0.51,0.0,0.0
12.673064031000001,0.0,0.51,0.0,0.0
12.674059658000001,0.01,0.47,0.0,0.0
12.675054073,0.01,0.46,0.0,0.0
12.676048354,0.0,0.45,0.01,0.0
12.677078125000001,0.01,0.46,0.0,0.0
12.678050538,0.0,0.46,0.0,0.0
12.679047792,0.0,0.47,0.01,0.01
12.680055196000001,0.0,0.51,0.01,0.0
12.681049645000002,0.01,0.49,0.0,0.02
12.682104041,0.0,0.47,0.0,0.0
12.683049725,0.0,0.46,0.0,0.0
12.684046709,0.01,0.46,0.01,0.02
12.685041470000002,0.01,0.47,0.0,0.01
12.687044252000002,0.0,0.46,0.01,0.0
12.688041996,0.05,0.42,0.0,0.02
12.689046834,0.0,0.42,0.0,0.06
12.690041519000001,0.02,0.36,0.0,0.0
12.691047783,0.0,0.42,0.02,0.0
12.692043795,0.0,0.47,0.0,0.0
12.693042232000002,0.0,0.47,0.0,0.0
12.694042571,0.0,0.47,0.01,0.0
12.695054452,0.0,0.46,0.02,0.0
12.696045109,0.0,0.45,0.0,0.0
12.697089562,0.01,0.45,0.01,0.07
12.698042637,0.0,0.45,0.03,0.0
12.699052273000001,0.01,0.46,0.0,0.0
12.700044337000001,0.0,0.45,0.0,0.01
12.702056907000001,0.0,0.44,0.01,0.0
12.703064159,0.0,0.44,0.0,0.0
12.704059448,0.01,0.36,0.0,0.0
12.705072688000001,0.0,0.35,0.0,0.0
12.706060545000001,0.01,0.34,0.01,0.01
12.707049012,0.0,0.35,0.0,0.0
12.708040785000001,0.0,0.35,0.0,0.0
12.709040547,0.0,0.35,0.0,0.0
12.710052488,0.0,0.34,0.0,0.01
12.711053073,0.0,0.36,0.01,0.0
12.712053449,0.0,0.35,0.0,0.0
12.713052014,0.0,0.39,0.0,0.0
12.714046969,0.02,0.37,0.0,0.02
12.715122992000001,0.0,0.36,0.01,0.0
12.717085135000001,0.01,0.33,0.0,0.0
12.718042274,0.0,0.37,0.01,0.0
12.719048637,0.01,0.4,0.0,0.02
12.720040189,0.01,0.37,0.0,0.0
12.721040077000001,0.0,0.36,0.03,0.01
12.722049541,0.0,0.37,0.0,0.0
12.723044721,0.01,0.36,0.01,0.0
12.724046147000001,0.0,0.37,0.0,0.0
12.725042312000001,0.0,0.28,0.0,0.0
12.726043674000001,0.01,0.31,0.0,0.0
12.727054068000001,0.0,0.35,0.01,0.0
12.728050104000001,0.01,0.33,0.02,0.01
12.729048796,0.0,0.29,0.0,0.0
12.730108105000001,0.02,0.31,0.05,0.01
12.732064554,0.01,0.29,0.01,0.0
12.733053966,0.0,0.29,0.02,0.0
12.734062315000001,0.01,0.29,0.01,0.0
12.73505536,0.0,0.29,0.01,0.0
12.736052254,0.0,0.29,0.0,0.0
12.737054423,0.01,0.3,0.0,0.0
12.738054601,0.0,0.3,0.0,0.0
12.739048463000001,0.0,0.3,0.0,0.0
12.740043229000001,0.01,0.29,0.0,0.0
12.741040305,0.01,0.3,0.01,0.0
12.742044116,0.0,0.3,0.0,0.0
12.743052480000001,0.01,0.29,0.0,0.0
12.744055572,0.0,0.33,0.04,0.0
12.746038031000001,0.0,0.29,0.0,0.0
12.747049096000001,0.0,0.3,0.0,0.01
12.748067737000001,0.0,0.3,0.0,0.0
12.749039781,0.0,0.3,0.0,0.0
12.750040059000002,0.03,0.32,0.0,0.0
12.751040849,0.01,0.32,0.0,0.0
12.752051009,0.0,0.3,0.0,0.0
12.753047636000002,0.01,0.3,0.0,0.0
12.754040535000001,0.01,0.3,0.01,0.0
12.755049158,0.0,0.32,0.0,0.0
12.756040591000001,0.0,0.32,0.0,0.0
12.757039419000002,0.0,0.32,0.0,0.0
12.758087548,0.0,0.3,0.01,0.01
12.759048911,0.01,0.32,0.0,0.0
12.760044994000001,0.0,0.32,0.01,0.0
12.762041059000001,0.01,0.33,0.0,0.0
12.76304634,0.0,0.34,0.0,0.0
12.764055577,0.06,0.39,0.0,0.01
12.765069890000001,0.0,0.33,0.03,0.07
12.766088649,0.0,0.31,0.03,0.0
12.767042353,0.0,0.33,0.02,0.0
12.768044838000002,0.0,0.33,0.05,0.0
12.7690427,0.0,0.34,0.02,0.0
12.770048219000001,0.0,0.33,0.0,0.02
12.771047367000001,0.0,0.33,0.0,0.0
12.772088955000001,0.0,0.34,0.0,0.0
12.773087812,0.0,0.34,0.0,0.0
12.774045682,0.0,0.34,0.0,0.0
12.775046731000002,0.0,0.34,0.01,0.0
12.776105934,0.02,0.3,0.0,0.0
12.778086516,0.0,0.34,0.04,0.0
12.779046023000001,0.0,0.35,0.02,0.0
12.780042585,0.01,0.33,0.0,0.01
12.781042138,0.03,0.33,0.0,0.0
12.782049742000002,0.0,0.32,0.05,0.0
12.783044263,0.0,0.33,0.01,0.0
12.784063764,0.0,0.32,0.0,0.01
12.785042894,0.0,0.33,0.0,0.01
12.786041381,0.01,0.32,0.0,0.0
12.787044776,0.0,0.32,0.01,0.0
12.788043502,0.0,0.33,0.01,0.0
12.789043269,0.01,0.32,0.0,0.01
12.790054694,0.01,0.32,0.0,0.01
12.792053922000001,0.0,0.34,0.0,0.0
12.793052043000001,0.0,0.32,0.0,0.0
12.794053458,0.0,0.32,0.01,0.0
12.795056936,0.0,0.32,0.0,0.0
12.796049063000002,0.0,0.33,0.0,0.0
12.797046568,0.0,0.33,0.01,0.0
12.79806516,0.01,0.34,0.0,0.0
12.799052848,0.0,0.33,0.06,0.05
12.800042611,0.0,0.32,0.0,0.0
12.801040777,0.01,0.32,0.01,0.04
12.802103840000001,0.0,0.33,0.0,0.0
12.803048676000001,0.0,0.32,0.03,0.0
12.80405146,0.04,0.33,0.01,0.0
12.805048246,0.0,0.35,0.0,0.0
12.807047432000001,0.02,0.33,0.03,0.0
12.808042552000002,0.0,0.33,0.0,0.0
12.809053005,0.01,0.33,0.0,0.0
12.810038444,0.01,0.37,0.0,0.01
12.811046533,0.0,0.33,0.0,0.0
12.812040195000002,0.0,0.33,0.0,0.0
12.813043689,0.0,0.32,0.08,0.0
12.814038734,0.0,0.34,0.0,0.01
12.815046090000001,0.0,0.33,0.0,0.0
12.816045655,0.0,0.34,0.01,0.03
12.817039668000001,0.0,0.33,0.01,0.0
12.818110547000002,0.01,0.32,0.0,0.0
12.819044402000001,0.0,0.36,0.01,0.0
12.820048493000002,0.01,0.34,0.01,0.0
12.821044671000001,0.0,0.33,0.0,0.0
12.823041458,0.0,0.33,0.0,0.0
12.824043714,0.0,0.34,0.0,0.0
12.825053231,0.01,0.33,0.0,0.0
12.826051478,0.0,0.35,0.0,0.02
12.827053872,0.01,0.35,0.0,0.0
12.828061921000002,0.0,0.35,0.01,0.01
12.829060265,0.0,0.34,0.01,0.0
12.830048632,0.0,0.35,0.03,0.01
12.831041561000001,0.0,0.35,0.0,0.0
12.832047909,0.0,0.35,0.01,0.0
12.833040511,0.01,0.35,0.0,0.01
12.834045635,0.0,0.33,0.01,0.0
12.835046830000001,0.01,0.34,0.0,0.0
12.837112579000001,0.0,0.34,0.02,0.0
12.838040375,0.0,0.33,0.0,0.01
12.839041506000001,0.0,0.35,0.0,0.05
12.840048489,0.0,0.39,0.0,0.02
12.841046189,0.06,0.35,0.0,0.0
12.842041811000001,0.0,0.36,0.03,0.03
12.843040976000001,0.0,0.35,0.0,0.0
12.844040429000001,0.0,0.36,0.01,0.01
12.845042027000002,0.0,0.37,0.0,0.01
12.846048553000001,0.0,0.33,0.01,0.0
12.847043747,0.0,0.31,0.01,0.0
12.848046278,0.0,0.33,0.01,0.04
12.849046025000002,0.0,0.36,0.0,0.0
12.850051956000001,0.0,0.36,0.0,0.01
12.851109761,0.01,0.35,0.01,0.0
12.853045184,0.0,0.35,0.0,0.0
12.854048532,0.0,0.35,0.0,0.0
12.855047034,0.0,0.35,0.01,0.0
12.85606839,0.01,0.35,0.0,0.0
12.857069063,0.0,0.35,0.0,0.01
12.858050232,0.0,0.37,0.05,0.0
12.859047366,0.0,0.35,0.0,0.0
12.860087501,0.0,0.35,0.02,0.0
12.861041493,0.0,0.33,0.02,0.0
12.862049520000001,0.0,0.35,0.0,0.0
12.863099321,0.01,0.35,0.0,0.0
12.86406397,0.0,0.36,0.0,0.0
12.865122153000002,0.0,0.34,0.0,0.0
12.86703993,0.02,0.35,0.0,0.0
12.868052324,0.0,0.34,0.0,0.0
12.869040454,0.0,0.35,0.0,0.0
12.870043067000001,0.01,0.34,0.0,0.01
12.871110971,0.0,0.34,0.01,0.02
12.872041484,0.0,0.35,0.0,0.0
12.873045812,0.01,0.33,0.0,0.0
12.874128763000002,0.0,0.33,0.0,0.0
12.875040073000001,0.01,0.33,0.0,0.0
12.876049092,0.0,0.34,0.01,0.0
12.877045235,0.0,0.32,0.01,0.01
12.878039767,0.02,0.41,0.02,0.0
12.879092912,0.0,0.35,0.0,0.01
12.881042045000001,0.01,0.31,0.0,0.0
12.882040947,0.01,0.34,0.0,0.02
12.883047603000001,0.0,0.34,0.0,0.01
12.884090117000001,0.01,0.34,0.0,0.0
12.885046141,0.01,0.33,0.03,0.03
12.886041798,0.01,0.34,0.0,0.0
12.88710056,0.0,0.33,0.02,0.0
12.888195222,0.0,0.33,0.01,0.0
12.889096947,0.01,0.33,0.0,0.0
12.890140253,0.0,0.33,0.06,0.03
12.891094179000001,0.01,0.31,0.0,0.01
12.892049790000002,0.0,0.33,0.0,0.05
12.893120301000002,0.0,0.33,0.0,0.0
12.894156645,0.0,0.35,0.0,0.01
12.896086917000002,0.01,0.34,0.0,0.0
12.897059646,0.01,0.25,0.03,0.03
12.898053999,0.0,0.33,0.01,0.0
12.899051526000001,0.01,0.34,0.0,0.0
12.900051892,0.0,0.35,0.0,0.0
12.901055266,0.0,0.34,0.0,0.01
12.902047672,0.0,0.34,0.0,0.0
12.903056130000001,0.0,0.35,0.0,0.0
12.904048886,0.0,0.34,0.0,0.0
12.905104571,0.0,0.34,0.0,0.0
12.906065178,0.0,0.34,0.0,0.0
12.907050166000001,0.0,0.35,0.04,0.0
12.908056549000001,0.0,0.34,0.0,0.0
12.909087990000002,0.0,0.33,0.0,0.01
12.910051758000002,0.0,0.34,0.0,0.0
12.911073544,0.0,0.35,0.0,0.0
12.913041918000001,0.0,0.34,0.0,0.0
12.914047511000001,0.0,0.32,0.0,0.05
12.915044413,0.01,0.35,0.01,0.01
12.916045909000001,0.0,0.35,0.01,0.0
12.917046048000001,0.0,0.35,0.0,0.0
12.918098757000001,0.0,0.36,0.0,0.0
12.919077384000001,0.0,0.35,0.01,0.0
12.920099854,0.0,0.35,0.0,0.0
12.921071175000002,0.02,0.36,0.01,0.0
12.922046830000001,0.0,0.35,0.0,0.0
12.923047337000002,0.09,0.32,0.03,0.0
12.924093302000001,0.0,0.33,0.0,0.0
12.925045448,0.0,0.37,0.0,0.0
12.92705682,0.0,0.34,0.0,0.0
12.92804572,0.0,0.34,0.01,0.0
12.929043966,0.0,0.28,0.02,0.0
12.93004297,0.0,0.34,0.01,0.0
12.931046947,0.0,0.34,0.01,0.0
12.93204427,0.0,0.35,0.0,0.0
12.933052048,0.0,0.34,0.01,0.0
12.934042366000002,0.01,0.34,0.0,0.0
12.935062921,0.01,0.34,0.01,0.0
12.936058719,0.0,0.36,0.02,0.0
12.937048949000001,0.0,0.35,0.0,0.0
12.938095243000001,0.0,0.34,0.0,0.04
12.939043878000001,0.03,0.34,0.02,0.0
12.940069257000001,0.0,0.33,0.01,0.0
12.941042432000001,0.0,0.35,0.0,0.0
12.942045516,0.0,0.34,0.0,0.0
12.943065662,0.02,0.33,0.01,0.0
12.945041269,0.0,0.33,0.0,0.0
12.946057447000001,0.0,0.31,0.0,0.01
12.947049833000001,0.0,0.34,0.0,0.0
12.948043531000001,0.01,0.34,0.01,0.01
12.949092499,0.0,0.35,0.0,0.01
12.950062735000001,0.01,0.33,0.0,0.0
12.951052834,0.0,0.34,0.0,0.0
12.952057006,0.02,0.35,0.0,0.02
12.953085450000001,0.0,0.34,0.0,0.0
12.954078986,0.01,0.34,0.01,0.0
12.955057790000001,0.0,0.34,0.0,0.0
12.956055324000001,0.01,0.33,0.0,0.0
12.958044402,0.0,0.34,0.0,0.0
12.959048443,0.0,0.34,0.0,0.0
12.960072160000001,0.0,0.34,0.0,0.0
12.961059924,0.01,0.35,0.0,0.0
12.962071024,0.0,0.35,0.0,0.0
12.963048833,0.0,0.35,0.0,0.0
12.964054219000001,0.0,0.38,0.01,0.0
12.965046357,0.02,0.34,0.02,0.01
12.966061751000002,0.0,0.36,0.0,0.0
12.967050121000002,0.0,0.35,0.0,0.0
12.968054508000002,0.01,0.36,0.0,0.0
12.969092079000001,0.0,0.35,0.01,0.0
12.97004993,0.02,0.35,0.0,0.02
12.971048517000002,0.0,0.34,0.0,0.0
12.972138901000001,0.01,0.35,0.01,0.0
12.974040329000001,0.0,0.34,0.0,0.01
12.975047850000001,0.01,0.35,0.0,0.01
12.976048501000001,0.0,0.34,0.02,0.01
12.97705385,0.0,0.3,0.0,0.01
12.978046493,0.0,0.34,0.0,0.0
12.979047417,0.0,0.35,0.0,0.03
12.980104521000001,0.01,0.33,0.0,0.0
12.981080632000001,0.0,0.34,0.0,0.0
12.982072071000001,0.0,0.35,0.01,0.0
12.983080426,0.0,0.33,0.01,0.0
12.984066310000001,0.01,0.34,0.0,0.0
12.985069054,0.0,0.36,0.0,0.0
12.986051617000001,0.0,0.34,0.0,0.0
12.987044568,0.0,0.35,0.01,0.0
12.989037680000001,0.0,0.35,0.0,0.0
12.99005157,0.0,0.36,0.0,0.01
12.991047035000001,0.01,0.35,0.01,0.0
12.992067403,0.0,0.42,0.04,0.0
12.993039848,0.0,0.35,0.01,0.01
12.994047269000001,0.0,0.35,0.0,0.0
12.995052542000002,0.0,0.35,0.0,0.01
12.996047437000001,0.0,0.36,0.0,0.0
12.997043847,0.0,0.35,0.01,0.01
12.998046424,0.0,0.35,0.01,0.01
12.99904993,0.01,0.36,0.01,0.0
13.000049889000001,0.0,0.35,0.01,0.01
13.001047701000001,0.0,0.35,0.0,0.01
13.002051313,0.07,0.32,0.02,0.0
13.004044213,0.0,0.35,0.01,0.03
13.005050729,0.0,0.36,0.0,0.0
13.006049261000001,0.0,0.35,0.01,0.03
13.007052244,0.0,0.35,0.0,0.01
13.008058959000001,0.04,0.35,0.02,0.04
13.009215253,0.02,0.32,0.0,0.01
13.010047972,0.01,0.35,0.01,0.0
13.011113416,0.0,0.36,0.0,0.01
13.012085744,0.0,0.35,0.0,0.0
13.013076847,0.0,0.35,0.01,0.0
13.014067929000001,0.0,0.35,0.0,0.0
13.015060231000001,0.01,0.35,0.0,0.01
13.016065981,0.05,0.36,0.01,0.01
13.017050168,0.0,0.35,0.0,0.0
13.019041378,0.0,0.33,0.01,0.0
13.02004574,0.0,0.34,0.0,0.0
13.021053461000001,0.0,0.33,0.01,0.01
13.022053936,0.0,0.34,0.0,0.0
13.023040251000001,0.02,0.37,0.0,0.0
13.024038691000001,0.0,0.34,0.0,0.0
13.025047827000002,0.01,0.32,0.0,0.01
13.026046615,0.0,0.34,0.0,0.0
13.027048779000001,0.0,0.33,0.0,0.0
13.028048865,0.0,0.34,0.0,0.0
13.029044401,0.0,0.32,0.01,0.0
13.030048768,0.0,0.34,0.0,0.01
13.031049644000001,0.0,0.33,0.0,0.0
13.033056608,0.0,0.33,0.0,0.0
13.034055541,0.03,0.33,0.0,0.0
13.035052869000001,0.01,0.32,0.0,0.01
13.036048443,0.01,0.33,0.0,0.0
13.037047166,0.0,0.35,0.0,0.02
13.038043114,0.0,0.33,0.01,0.0
13.039044634000001,0.0,0.34,0.01,0.0
13.040100524000001,0.01,0.32,0.01,0.0
13.041044007,0.01,0.33,0.0,0.0
13.042104857,0.0,0.33,0.0,0.0
13.043060576,0.03,0.33,0.01,0.0
13.044056139,0.01,0.32,0.0,0.0
13.045071283,0.0,0.32,0.0,0.0
13.046059178,0.01,0.33,0.01,0.0
13.048071198,0.0,0.33,0.0,0.0
13.049058044,0.0,0.39,0.0,0.0
13.050075655,0.01,0.34,0.0,0.0
13.051080838,0.02,0.34,0.02,0.04
13.052069203,0.02,0.35,0.0,0.0
13.053078983,0.0,0.35,0.01,0.01
13.054046662000001,0.0,0.34,0.0,0.0
13.055038744,0.01,0.34,0.0,0.01
13.056057593,0.01,0.35,0.0,0.0
13.057043287,0.04,0.3,0.0,0.01
13.0580478,0.0,0.34,0.0,0.0
13.059057074,0.0,0.34,0.02,0.0
13.060048131,0.0,0.35,0.0,0.0
13.061048683000001,0.0,0.35,0.0,0.01
13.062048414000001,0.0,0.35,0.0,0.0
13.063050255,0.0,0.35,0.01,0.0
13.064062202,0.01,0.35,0.02,0.0
13.066086121000001,0.0,0.34,0.0,0.0
13.067038556,0.0,0.34,0.01,0.0
13.068054928,0.0,0.33,0.02,0.0
13.069038436000001,0.0,0.34,0.0,0.0
13.070041159,0.03,0.34,0.01,0.02
13.071039456000001,0.0,0.33,0.01,0.0
13.072046045,0.0,0.33,0.0,0.0
13.073100475,0.0,0.34,0.01,0.0
13.074057020000001,0.0,0.34,0.0,0.01
13.075052369000002,0.01,0.33,0.0,0.0
13.07604925,0.02,0.31,0.0,0.01
13.077041384000001,0.02,0.35,0.01,0.0
13.078059907,0.0,0.34,0.01,0.0
13.080099777000001,0.0,0.34,0.0,0.0
13.081065275,0.0,0.33,0.01,0.0
13.082042639,0.05,0.34,0.0,0.0
13.083052822,0.01,0.33,0.0,0.02
13.084045871,0.06,0.34,0.0,0.0
13.085048443000002,0.01,0.34,0.0,0.01
13.086051089000001,0.0,0.33,0.0,0.0
13.087092275000002,0.01,0.33,0.0,0.01
13.088040588,0.01,0.33,0.0,0.0
13.089042127,0.0,0.34,0.0,0.01
13.090041189,0.0,0.33,0.0,0.0
13.09104184,0.0,0.33,0.01,0.0
13.092042923000001,0.0,0.33,0.0,0.0
13.093047291000001,0.0,0.33,0.0,0.0
13.09404353,0.0,0.35,0.0,0.0
13.096053656,0.0,0.32,0.0,0.0
13.097044448,0.02,0.35,0.05,0.04
13.09804557,0.01,0.36,0.0,0.01
13.099045267000001,0.0,0.35,0.01,0.0
13.100044502000001,0.0,0.34,0.0,0.0
13.101044680000001,0.0,0.34,0.02,0.0
13.102099941,0.0,0.34,0.01,0.0
13.103048243,0.01,0.34,0.0,0.0
13.104096771,0.01,0.33,0.0,0.0
13.105063404000001,0.01,0.33,0.0,0.0
13.106074846,0.0,0.33,0.0,0.0
13.108077860000002,0.0,0.34,0.01,0.0
13.109062543,0.0,0.33,0.0,0.0
13.110061296000001,0.02,0.34,0.01,0.0
13.111045637,0.0,0.34,0.0,0.0
13.112044037,0.0,0.32,0.0,0.0
13.113046167,0.0,0.33,0.0,0.0
13.114052386000001,0.01,0.33,0.0,0.0
13.115043400000001,0.0,0.33,0.0,0.03
13.116046116000001,0.01,0.33,0.0,0.0
13.117041453,0.01,0.33,0.0,0.0
13.118042588000002,0.01,0.3,0.0,0.0
13.119046189,0.0,0.33,0.02,0.01
13.120041959000002,0.0,0.32,0.02,0.01
13.121040759000001,0.0,0.31,0.01,0.0
13.122040813000002,0.0,0.33,0.0,0.04
13.123047825,0.0,0.33,0.0,0.0
13.125042740000001,0.0,0.33,0.01,0.0
13.126042984000001,0.0,0.34,0.0,0.0
13.127057609000001,0.0,0.32,0.0,0.0
13.128046303000001,0.01,0.33,0.0,0.0
13.129046229,0.01,0.34,0.05,0.0
13.130045743,0.02,0.31,0.0,0.0
13.131043959000001,0.0,0.34,0.03,0.0
13.132052887,0.0,0.35,0.01,0.0
13.133046216,0.0,0.34,0.01,0.0
13.134045328000001,0.0,0.34,0.0,0.0
13.135100897000001,0.0,0.33,0.0,0.0
13.136085086000001,0.0,0.34,0.0,0.0
13.138094746,0.0,0.34,0.0,0.02
13.139067432000001,0.0,0.34,0.0,0.0
13.140050408,0.0,0.32,0.0,0.0
13.141045535,0.01,0.34,0.0,0.0
13.142043525,0.0,0.34,0.0,0.0
13.143053392,0.0,0.35,0.0,0.0
13.144053026000002,0.0,0.35,0.0,0.0
13.145095256000001,0.0,0.37,0.0,0.0
13.146043008000001,0.0,0.34,0.0,0.0
13.147043867,0.0,0.35,0.0,0.0
13.148064919000001,0.0,0.34,0.01,0.0
13.149042199,0.0,0.45,0.0,0.0
13.15004178,0.01,0.34,0.0,0.01
13.151096433000001,0.0,0.34,0.0,0.01
13.152046766000002,0.0,0.34,0.0,0.0
13.15304519,0.0,0.34,0.0,0.0
13.155040256000001,0.0,0.34,0.0,0.0
13.156041747000002,0.0,0.37,0.0,0.0
13.157042054000001,0.01,0.32,0.0,0.0
13.15805169,0.0,0.34,0.0,0.0
13.159044659000001,0.0,0.37,0.0,0.0
13.160044483,0.02,0.34,0.0,0.0
13.161044148,0.0,0.34,0.0,0.0
13.162042253000001,0.0,0.34,0.0,0.0
13.163048616000001,0.0,0.34,0.0,0.0
13.164044516,0.0,0.34,0.01,0.0
13.165042986000001,0.02,0.35,0.0,0.0
13.16610282,0.0,0.35,0.01,0.01
13.167055467,0.0,0.34,0.0,0.0
13.168045964000001,0.0,0.36,0.0,0.0
13.169048198,0.0,0.36,0.08,0.01
13.171086599,0.0,0.35,0.0,0.0
13.172063162,0.0,0.35,0.0,0.0
13.173042034000002,0.01,0.35,0.0,0.0
13.174042086,0.0,0.35,0.0,0.0
13.175040539000001,0.0,0.35,0.0,0.02
13.176047262,0.01,0.35,0.0,0.01
13.177170626,0.0,0.35,0.0,0.0
13.178043238,0.01,0.35,0.0,0.0
13.179043291000001,0.05,0.24,0.0,0.01
13.180053642,0.0,0.35,0.0,0.01
13.181042216000002,0.0,0.35,0.01,0.0
13.182084277000001,0.0,0.35,0.0,0.0
13.183040545,0.0,0.36,0.0,0.0
13.184041780000001,0.0,0.35,0.01,0.0
13.186061953000001,0.02,0.35,0.0,0.0
13.187050357,0.0,0.35,0.01,0.0
13.188048184000001,0.0,0.35,0.01,0.01
13.189046608,0.0,0.35,0.0,0.0
13.190047367,0.0,0.35,0.0,0.0
13.191046186000001,0.0,0.35,0.01,0.0
13.192045853000002,0.0,0.35,0.0,0.0
13.193088265,0.0,0.36,0.0,0.0
13.194041075000001,0.01,0.34,0.0,0.0
13.195043071,0.0,0.34,0.0,0.01
13.196094247000001,0.01,0.31,0.02,0.04
13.197058720000001,0.0,0.35,0.0,0.0
13.198050678000001,0.0,0.35,0.0,0.0
13.199046169,0.0,0.34,0.01,0.0
13.201043481000001,0.0,0.34,0.01,0.03
13.202064876000001,0.0,0.35,0.0,0.0
13.203054135,0.0,0.33,0.01,0.01
13.204146068,0.0,0.35,0.0,0.0
13.205046091000002,0.0,0.36,0.01,0.0
13.206083644000001,0.0,0.33,0.01,0.02
13.207047922000001,0.01,0.34,0.01,0.03
13.208058981,0.02,0.32,0.01,0.13
13.209040461,0.0,0.33,0.0,0.0
13.210040333,0.0,0.33,0.0,0.0
13.21109646,0.01,0.32,0.0,0.0
13.212090556000001,0.0,0.33,0.0,0.0
13.213038644000001,0.0,0.32,0.0,0.06
13.214040939,0.01,0.33,0.01,0.01
13.215040693,0.0,0.34,0.0,0.0
13.217037383000001,0.0,0.33,0.0,0.01
13.218040526000001,0.0,0.34,0.0,0.0
13.219040083000001,0.0,0.34,0.0,0.0
13.220043925,0.01,0.35,0.0,0.0
13.221041399,0.0,0.33,0.01,0.0
13.222044405,0.0,0.33,0.0,0.0
13.223051633,0.0,0.34,0.0,0.0
13.224048168000001,0.0,0.33,0.02,0.0
13.225043155000002,0.0,0.34,0.01,0.01
13.226044615000001,0.0,0.34,0.01,0.0
13.227042583000001,0.01,0.33,0.0,0.02
13.228062894,0.0,0.34,0.0,0.0
13.22908274,0.04,0.41,0.04,0.0
13.230066191,0.0,0.34,0.01,0.0
13.232053309000001,0.0,0.35,0.01,0.0
13.233042027000002,0.02,0.35,0.0,0.0
13.234041811,0.01,0.34,0.0,0.01
13.235042020000002,0.0,0.35,0.0,0.01
13.236041129,0.01,0.34,0.01,0.0
13.237040227000001,0.0,0.34,0.0,0.02
13.23806596,0.01,0.33,0.0,0.0
13.239045568000002,0.0,0.35,0.0,0.0
13.240053936,0.02,0.34,0.0,0.0
13.241046820000001,0.01,0.34,0.0,0.02
13.242124004,0.0,0.34,0.0,0.0
13.243051572,0.0,0.33,0.0,0.0
13.244044864000001,0.01,0.35,0.0,0.0
13.245128200000002,0.01,0.35,0.02,0.0
13.247059129,0.04,0.33,0.02,0.0
13.248043449,0.01,0.35,0.02,0.04
13.249050605,0.05,0.35,0.0,0.0
13.250040895000001,0.0,0.35,0.01,0.0
13.251196208000001,0.0,0.35,0.0,0.0
13.252048168,0.0,0.35,0.0,0.0
13.253055660000001,0.0,0.35,0.0,0.0
13.254046305000001,0.0,0.34,0.0,0.0
13.255056867,0.01,0.35,0.0,0.0
13.256048611,0.0,0.35,0.0,0.0
13.257047194,0.01,0.35,0.01,0.06
13.258044547,0.01,0.34,0.0,0.01
13.259062217,0.01,0.35,0.01,0.0
13.260064363000001,0.0,0.35,0.02,0.0
13.262081825000001,0.01,0.35,0.0,0.01
13.263104108,0.01,0.35,0.0,0.0
13.264084309000001,0.0,0.38,0.05,0.0
13.265057494,0.01,0.35,0.0,0.0
13.266040519,0.0,0.34,0.0,0.0
13.267039771,0.01,0.35,0.0,0.0
13.268054779000002,0.0,0.35,0.0,0.0
13.269045711,0.02,0.35,0.0,0.0
13.27004722,0.0,0.35,0.0,0.0
13.271051608,0.0,0.35,0.0,0.0
13.272052813,0.0,0.35,0.0,0.0
13.273050647000002,0.0,0.35,0.02,0.0
13.274066319000001,0.0,0.35,0.01,0.0
13.276041613,0.01,0.35,0.0,0.0
13.277040988000001,0.01,0.35,0.01,0.0
13.278053602,0.0,0.34,0.02,0.0
13.279044935000002,0.0,0.35,0.0,0.01
13.28004095,0.01,0.35,0.03,0.06
13.281044894,0.0,0.35,0.0,0.01
13.282046546,0.0,0.36,0.02,0.0
13.283042617000001,0.0,0.35,0.0,0.01
13.284044406000001,0.0,0.37,0.0,0.0
13.285040799,0.02,0.35,0.0,0.01
13.286051339,0.01,0.33,0.0,0.01
13.287045903000001,0.04,0.33,0.0,0.01
13.288049854,0.01,0.35,0.0,0.0
13.289048529,0.05,0.35,0.01,0.0
13.291056458000002,0.02,0.33,0.01,0.0
13.292048087000001,0.0,0.34,0.0,0.02
13.293048342,0.0,0.34,0.0,0.0
13.294043589000001,0.01,0.32,0.0,0.01
13.295062205,0.0,0.33,0.01,0.0
13.296050508,0.02,0.33,0.0,0.0
13.297057616,0.01,0.33,0.0,0.0
13.298099805000001,0.0,0.35,0.0,0.01
13.299042169000002,0.0,0.34,0.0,0.01
13.300041142000001,0.0,0.34,0.0,0.0
13.301046520000002,0.0,0.33,0.01,0.0
13.302054269000001,0.0,0.33,0.0,0.0
13.303044275000001,0.0,0.33,0.0,0.0
13.304064141000001,0.01,0.33,0.0,0.0
13.305040920000001,0.01,0.31,0.0,0.03
13.307039678,0.01,0.32,0.01,0.0
13.308041547,0.01,0.32,0.01,0.01
13.309043177000001,0.01,0.33,0.0,0.0
13.310042806,0.0,0.33,0.0,0.0
13.311043004,0.0,0.33,0.0,0.0
13.312042763000001,0.0,0.33,0.01,0.0
13.313041960000001,0.0,0.33,0.0,0.0
13.314042370000001,0.0,0.33,0.0,0.0
13.315047218,0.0,0.33,0.0,0.02
13.316043102,0.0,0.33,0.0,0.01
13.317041940000001,0.01,0.32,0.0,0.0
13.318041520000001,0.01,0.34,0.0,0.01
13.319043107,0.0,0.34,0.0,0.0
13.320051735000002,0.0,0.33,0.01,0.01
13.322095083,0.01,0.34,0.01,0.01
13.323333095,0.0,0.34,0.0,0.0
13.324088894,0.02,0.34,0.0,0.0
13.325074140000002,0.01,0.33,0.01,0.0
13.326067578,0.07,0.34,0.0,0.01
13.327065271,0.0,0.33,0.01,0.0
13.328046587000001,0.02,0.34,0.0,0.0
13.329041682000002,0.0,0.33,0.0,0.0
13.330047582,0.0,0.33,0.0,0.01
13.33103909,0.0,0.34,0.0,0.0
13.33205361,0.0,0.34,0.0,0.0
13.333094834,0.0,0.35,0.0,0.0
13.334046938,0.0,0.34,0.0,0.0
13.335125640000001,0.0,0.34,0.01,0.0
13.337038471000001,0.0,0.33,0.01,0.0
13.338039519,0.0,0.31,0.0,0.0
13.339049326000001,0.01,0.34,0.0,0.0
13.340041831,0.0,0.35,0.0,0.01
13.341047528,0.0,0.34,0.0,0.0
13.342041576000002,0.06,0.37,0.04,0.01
13.343046454000001,0.0,0.34,0.01,0.01
13.344044008000001,0.01,0.35,0.0,0.01
13.345043285000001,0.0,0.34,0.0,0.0
13.346101325000001,0.0,0.34,0.0,0.01
13.347044505000001,0.01,0.34,0.01,0.01
13.348041261,0.0,0.35,0.0,0.0
13.349042567000001,0.0,0.35,0.0,0.01
13.350048768,0.02,0.34,0.0,0.01
13.351043162000002,0.0,0.33,0.0,0.0
13.353056480000001,0.01,0.34,0.0,0.0
13.354056873000001,0.01,0.34,0.0,0.0
13.355067011000001,0.0,0.33,0.0,0.0
13.356072186,0.01,0.34,0.01,0.0
13.3570895,0.01,0.34,0.01,0.01
13.358051000000001,0.0,0.35,0.0,0.04
13.359092939,0.0,0.34,0.0,0.0
13.360040359000001,0.0,0.35,0.0,0.0
13.361039715,0.0,0.33,0.01,0.0
13.362039945000001,0.0,0.34,0.0,0.02
13.363053825000001,0.0,0.3,0.0,0.0
13.364047211,0.02,0.34,0.0,0.03
13.365048691,0.0,0.35,0.01,0.01
13.367038204,0.0,0.35,0.01,0.0
13.3680868,0.0,0.35,0.01,0.01
13.369038465000001,0.0,0.34,0.0,0.0
13.370040305000002,0.01,0.34,0.0,0.0
13.371039664000001,0.0,0.34,0.0,0.0
13.372041262000002,0.01,0.34,0.0,0.01
13.37303898,0.01,0.33,0.0,0.01
13.374040174000001,0.02,0.33,0.0,0.0
13.375040538,0.0,0.27,0.0,0.05
13.376041355000002,0.0,0.32,0.0,0.01
13.377046571000001,0.0,0.34,0.0,0.0
13.378044221000001,0.0,0.38,0.0,0.01
13.3790426,0.0,0.36,0.01,0.0
13.380041824000001,0.01,0.35,0.0,0.0
13.382040706000002,0.0,0.35,0.0,0.0
13.383064542000001,0.0,0.35,0.0,0.0
13.384076686,0.0,0.36,0.0,0.0
13.385048782,0.0,0.35,0.0,0.01
13.386073729000001,0.0,0.35,0.02,0.0
13.38706683,0.0,0.35,0.0,0.01
13.388075041,0.0,0.35,0.0,0.0
13.389055275,0.0,0.35,0.0,0.0
13.39005049,0.0,0.35,0.0,0.0
13.391040360000002,0.0,0.35,0.0,0.04
13.392039533,0.0,0.35,0.0,0.0
13.393051036000001,0.0,0.36,0.0,0.0
13.394045890000001,0.0,0.34,0.0,0.0
13.396038245000002,0.0,0.35,0.0,0.0
13.397038232000002,0.01,0.3,0.0,0.0
13.398039982,0.01,0.35,0.0,0.0
13.399037796,0.0,0.35,0.01,0.0
13.400043869000001,0.01,0.34,0.0,0.01
13.401087764000001,0.0,0.38,0.01,0.01
13.402038302000001,0.0,0.35,0.0,0.0
13.403039494000001,0.0,0.35,0.0,0.0
13.404040394,0.0,0.37,0.01,0.01
13.405039452,0.0,0.35,0.0,0.0
13.406039357000001,0.02,0.35,0.02,0.0
13.407039158000002,0.01,0.35,0.0,0.02
13.408038529,0.05,0.29,0.0,0.02
13.409042932,0.0,0.36,0.0,0.0
13.410048441,0.0,0.35,0.01,0.0
13.412041467000002,0.0,0.35,0.0,0.0
13.413043826000001,0.0,0.35,0.0,0.0
13.414065009000002,0.01,0.35,0.0,0.0
13.415127468000001,0.0,0.35,0.0,0.01
13.41605251,0.0,0.35,0.0,0.0
13.417051584000001,0.0,0.35,0.0,0.0
13.418050976,0.01,0.35,0.0,0.0
13.41904311,0.0,0.35,0.0,0.0
13.420139446,0.0,0.35,0.0,0.01
13.421060610000001,0.02,0.35,0.0,0.0
13.422059289000002,0.0,0.35,0.0,0.06
13.423060461,0.0,0.35,0.01,0.0
13.424071037000001,0.0,0.35,0.0,0.01
13.425058458,0.0,0.35,0.01,0.0
13.427104775,0.0,0.36,0.0,0.01
13.428076180000001,0.0,0.35,0.02,0.0
13.429060280000002,0.0,0.36,0.0,0.02
13.430051161000002,0.0,0.35,0.0,0.0
13.431047673,0.0,0.36,0.0,0.0
13.432048037000001,0.0,0.35,0.0,0.0
13.433050187000001,0.0,0.35,0.0,0.0
13.434052749000001,0.0,0.37,0.0,0.0
13.435044441,0.0,0.35,0.03,0.01
13.436054243000001,0.01,0.35,0.0,0.02
13.437058188,0.01,0.35,0.0,0.0
13.43805051,0.04,0.35,0.0,0.01
13.439045934000001,0.0,0.38,0.0,0.05
13.440060145,0.0,0.35,0.03,0.0
13.441046004,0.0,0.35,0.01,0.0
13.443042125000002,0.0,0.35,0.02,0.01
13.444049217000002,0.0,0.36,0.0,0.01
13.445060601000002,0.01,0.35,0.0,0.0
13.446067083,0.0,0.34,0.01,0.01
13.44713871,0.0,0.36,0.0,0.01
13.448132901000001,0.01,0.35,0.0,0.0
13.449107960000001,0.02,0.35,0.0,0.01
13.450093784000002,0.0,0.35,0.01,0.0
13.451051365000001,0.01,0.37,0.01,0.0
13.4520496,0.01,0.32,0.11,0.03
13.453055800000001,0.0,0.35,0.01,0.0
13.454051722,0.0,0.36,0.0,0.01
13.455052518,0.0,0.35,0.0,0.01
13.456052367000002,0.0,0.35,0.0,0.01
13.457063879000001,0.0,0.36,0.0,0.0
13.459042586,0.0,0.37,0.0,0.0
13.460050051000001,0.01,0.36,0.01,0.0
13.461046466,0.0,0.36,0.0,0.0
13.462053417000002,0.0,0.35,0.0,0.0
13.463304785,0.0,0.35,0.0,0.0
13.464067501,0.01,0.44,0.04,0.02
13.465086009,0.01,0.37,0.0,0.0
13.466055590000002,0.0,0.33,0.0,0.0
13.467110083000001,0.0,0.36,0.01,0.0
13.468079651,0.01,0.36,0.0,0.0
13.469112434000001,0.04,0.33,0.0,0.0
13.470162951,0.0,0.35,0.0,0.01
13.472094221,0.0,0.36,0.0,0.0
13.473095847000002,0.0,0.35,0.0,0.0
13.474099417000001,0.01,0.36,0.0,0.0
13.475102029,0.01,0.36,0.0,0.0
13.476375522000001,0.04,0.35,0.0,0.0
13.477064944,0.0,0.36,0.0,0.0
13.478126888,0.0,0.35,0.0,0.0
13.479069268000002,0.0,0.4,0.0,0.01
13.480169216,0.0,0.36,0.0,0.0
13.481161486000001,0.0,0.35,0.04,0.01
13.482055099,0.0,0.36,0.01,0.0
13.483220128000001,0.0,0.36,0.0,0.0
13.484061618,0.01,0.37,0.01,0.0
13.486070648,0.01,0.4,0.03,0.0
13.487051392000001,0.0,0.33,0.01,0.0
13.488053155000001,0.01,0.36,0.0,0.0
13.489054998,0.0,0.36,0.0,0.0
13.490099012000002,0.01,0.36,0.01,0.01
13.491044762000001,0.0,0.37,0.0,0.0
13.492046837,0.0,0.37,0.0,0.0
13.493090671000001,0.01,0.38,0.0,0.0
13.494043665000001,0.01,0.37,0.01,0.0
13.495040421,0.0,0.38,0.01,0.01
13.496045489,0.0,0.37,0.01,0.0
13.497043880000001,0.0,0.37,0.01,0.0
13.498088095,0.0,0.36,0.01,0.0
13.499045311000001,0.0,0.37,0.0,0.03
13.500101661,0.0,0.36,0.01,0.0
13.501046713000001,0.0,0.36,0.0,0.0
13.503041721,0.01,0.37,0.01,0.0
13.504052342000001,0.0,0.38,0.01,0.07
13.505103283,0.0,0.36,0.0,0.0
13.506049394000001,0.0,0.37,0.0,0.0
13.507050888,0.0,0.37,0.0,0.0
13.508070972,0.0,0.38,0.0,0.0
13.509048358000001,0.0,0.39,0.0,0.01
13.510041137,0.0,0.36,0.0,0.01
13.511052307000002,0.0,0.37,0.0,0.0
13.512058909,0.0,0.37,0.0,0.0
13.51314874,0.01,0.37,0.0,0.0
13.514069153000001,0.0,0.37,0.04,0.0
13.515059644,0.0,0.39,0.0,0.01
13.516054036000002,0.0,0.37,0.0,0.01
13.518107002,0.0,0.37,0.0,0.0
13.519044904000001,0.01,0.38,0.01,0.0
13.520038379,0.0,0.38,0.01,0.0
13.521052843000001,0.05,0.39,0.01,0.0
13.522050781,0.0,0.39,0.0,0.0
13.523051933000001,0.0,0.4,0.0,0.01
13.524060541,0.0,0.39,0.03,0.0
13.525053555000001,0.0,0.44,0.01,0.0
13.526052933,0.0,0.38,0.06,0.0
13.527051247000001,0.0,0.36,0.0,0.0
13.528051228,0.0,0.37,0.0,0.01
13.529043619000001,0.0,0.38,0.0,0.0
13.530045040000001,0.01,0.34,0.0,0.0
13.531045371000001,0.0,0.38,0.01,0.0
13.533081871,0.02,0.35,0.01,0.0
13.534046636000001,0.01,0.39,0.0,0.0
13.535055385000001,0.0,0.39,0.0,0.0
13.536048488,0.0,0.41,0.0,0.0
13.537044731000002,0.0,0.38,0.0,0.0
13.538056001000001,0.0,0.39,0.01,0.0
13.539061779,0.0,0.39,0.02,0.0
13.540075600000002,0.0,0.38,0.01,0.0
13.541061702,0.0,0.39,0.0,0.0
13.542062814000001,0.0,0.39,0.01,0.0
13.543060386,0.0,0.4,0.01,0.0
13.544049635,0.0,0.4,0.01,0.0
13.545111127,0.01,0.39,0.0,0.01
13.546044745000001,0.0,0.41,0.0,0.0
13.547050464000002,0.03,0.42,0.0,0.0
13.54903522,0.0,0.41,0.01,0.08
13.550044836000001,0.0,0.41,0.0,0.01
13.551043663000002,0.0,0.42,0.01,0.0
13.552046153000001,0.0,0.41,0.0,0.0
13.553070703000001,0.0,0.43,0.0,0.0
13.554039694,0.0,0.42,0.02,0.0
13.555042489000002,0.0,0.42,0.01,0.0
13.556043166,0.01,0.51,0.0,0.03
13.557042323000001,0.0,0.52,0.0,0.04
13.558048156000002,0.01,0.5,0.01,0.0
13.559057262000001,0.01,0.53,0.0,0.0
13.560050527000001,0.0,0.5,0.01,0.02
13.561053868,0.0,0.54,0.0,0.02
13.562050034,0.0,0.53,0.01,0.0
13.56309987,0.0,0.53,0.0,0.03
13.565046861,0.05,0.62,0.01,0.0
13.566042599000001,0.0,0.53,0.0,0.01
13.56708562,0.01,0.54,0.0,0.02
13.568042196,0.0,0.54,0.0,0.0
13.569051699000001,0.01,0.53,0.01,0.0
13.570067456,0.0,0.54,0.0,0.0
13.571076110000002,0.0,0.54,0.0,0.0
13.572040739,0.0,0.53,0.0,0.0
13.573038418000001,0.01,0.53,0.0,0.0
13.574042045,0.0,0.53,0.01,0.0
13.575045666000001,0.0,0.52,0.01,0.0
13.576047112000001,0.0,0.53,0.06,0.02
13.577049152,0.0,0.53,0.03,0.0
13.579036736,0.0,0.53,0.0,0.0
13.580037721,0.0,0.54,0.02,0.01
13.581041009000002,0.0,0.55,0.0,0.0
13.582037669,0.0,0.52,0.01,0.08
13.583043241,0.0,0.54,0.0,0.0
13.584048476000001,0.01,0.56,0.01,0.0
13.585047986000001,0.01,0.53,0.0,0.01
13.586080262000001,0.0,0.53,0.0,0.0
13.587049003,0.01,0.53,0.0,0.0
13.588037974,0.0,0.53,0.0,0.0
13.589050289000001,0.0,0.54,0.0,0.0
13.590042554,0.0,0.53,0.0,0.0
13.591052173000001,0.0,0.54,0.0,0.02
13.592045897,0.0,0.54,0.0,0.0
13.594043999,0.04,0.52,0.0,0.01
13.595042670000002,0.01,0.54,0.03,0.03
13.596046247,0.0,0.55,0.0,0.0
13.597042512000002,0.0,0.54,0.0,0.01
13.598041619,0.0,0.54,0.0,0.01
13.599045013000001,0.0,0.54,0.0,0.0
13.600055751000001,0.0,0.53,0.0,0.01
13.601063412,0.0,0.54,0.11,0.01
13.602051206,0.0,0.54,0.0,0.0
13.603061594000001,0.0,0.48,0.01,0.01
13.604066373,0.01,0.54,0.0,0.0
13.605083873000002,0.0,0.53,0.0,0.0
13.606109055000001,0.01,0.53,0.0,0.0
13.607159531,0.0,0.54,0.0,0.0
13.609045789000001,0.0,0.53,0.0,0.0
13.610043132000001,0.05,0.54,0.0,0.0
13.611043023,0.0,0.54,0.0,0.0
13.612051328000002,0.03,0.53,0.0,0.0
13.613049703000002,0.01,0.53,0.0,0.0
13.614044026,0.0,0.54,0.0,0.01
13.615091318000001,0.0,0.52,0.0,0.0
13.616038276000001,0.0,0.55,0.0,0.01
13.617043870000002,0.0,0.54,0.0,0.0
13.618046106000001,0.0,0.54,0.0,0.0
13.619053339,0.0,0.54,0.0,0.0
13.620046778,0.0,0.55,0.0,0.01
13.62104532,0.0,0.54,0.0,0.0
13.623129352000001,0.0,0.55,0.0,0.0
13.624046891,0.0,0.54,0.0,0.01
13.625055293,0.0,0.54,0.0,0.01
13.626043995000002,0.0,0.54,0.0,0.0
13.627145611000001,0.01,0.53,0.0,0.0
13.628048366000002,0.0,0.54,0.0,0.0
13.629051363,0.01,0.54,0.0,0.0
13.630041935000001,0.0,0.54,0.0,0.01
13.631058704,0.0,0.54,0.0,0.02
13.632053212,0.0,0.54,0.0,0.0
13.633047345000001,0.0,0.54,0.0,0.0
13.634079825,0.01,0.55,0.0,0.0
13.636037943000002,0.01,0.56,0.01,0.02
13.637048443000001,0.0,0.53,0.01,0.0
13.638051701,0.0,0.53,0.01,0.0
13.639063361000002,0.01,0.58,0.0,0.0
13.640048833000002,0.0,0.56,0.0,0.0
13.641060164,0.01,0.53,0.01,0.0
13.642041803000001,0.0,0.54,0.0,0.0
13.64304532,0.0,0.53,0.0,0.0
13.644047598,0.01,0.53,0.0,0.0
13.645037586,0.0,0.53,0.0,0.01
13.646036812,0.0,0.53,0.0,0.0
13.647039243,0.0,0.54,0.01,0.0
13.648036112000002,0.03,0.53,0.01,0.0
13.649054389000002,0.01,0.54,0.01,0.0
13.650049558000001,0.0,0.52,0.01,0.0
13.652040344000001,0.0,0.52,0.0,0.0
13.653040961,0.0,0.52,0.0,0.02
13.654039833,0.02,0.52,0.0,0.0
13.655048354000002,0.0,0.52,0.0,0.01
13.656060696,0.01,0.54,0.0,0.0
13.657048179,0.0,0.49,0.04,0.0
13.658055261000001,0.01,0.49,0.0,0.0
13.659056646000002,0.0,0.5,0.04,0.0
13.660067769000001,0.01,0.5,0.0,0.0
13.661054967,0.0,0.51,0.0,0.0
13.662048551000002,0.0,0.5,0.0,0.0
13.663178418000001,0.0,0.51,0.0,0.0
13.665091713,0.01,0.41,0.0,0.01
13.666054494,0.0,0.38,0.0,0.04
13.667096791,0.01,0.42,0.0,0.0
13.668149693,0.0,0.41,0.0,0.0
13.669056018000001,0.0,0.42,0.0,0.0
13.670109277000002,0.0,0.42,0.0,0.0
13.671057765,0.0,0.41,0.0,0.0
13.672039882,0.0,0.41,0.0,0.0
13.673042461000001,0.0,0.42,0.0,0.0
13.674041841000001,0.0,0.41,0.0,0.0
13.675095316,0.0,0.34,0.02,0.0
13.67604833,0.0,0.4,0.0,0.0
13.677082182000001,0.01,0.4,0.0,0.01
13.678050015,0.01,0.4,0.0,0.01
13.679047502000001,0.0,0.44,0.0,0.0
13.680054796,0.01,0.43,0.0,0.0
13.681043963,0.0,0.4,0.0,0.0
13.683038123000001,0.0,0.4,0.03,0.01
13.684048121,0.01,0.4,0.0,0.02
13.685039217000002,0.0,0.4,0.0,0.0
13.686071428,0.0,0.41,0.0,0.01
13.687062837000001,0.01,0.4,0.0,0.0
13.688060867,0.01,0.37,0.0,0.01
13.689105516000001,0.0,0.38,0.01,0.0
13.690048812,0.0,0.41,0.0,0.0
13.691052911000002,0.01,0.41,0.0,0.01
13.692057310000001,0.01,0.38,0.01,0.0
13.693058610000001,0.0,0.41,0.01,0.01
13.69406161,0.0,0.4,0.0,0.0
13.695069303,0.0,0.39,0.01,0.0
13.696049711,0.0,0.39,0.01,0.01
13.698039643000001,0.0,0.38,0.01,0.0
13.699048557000001,0.01,0.38,0.0,0.01
13.700038493000001,0.0,0.4,0.0,0.01
13.701101085000001,0.0,0.41,0.0,0.01
13.702074526,0.0,0.4,0.0,0.01
13.703061185000001,0.0,0.39,0.0,0.0
13.704046969,0.0,0.41,0.0,0.01
13.705046289,0.0,0.41,0.01,0.0
13.70604383,0.0,0.39,0.0,0.0
13.707049332,0.0,0.38,0.0,0.02
13.7080549,0.0,0.38,0.0,0.01
13.709043867,0.0,0.38,0.01,0.04
13.710099644000001,0.0,0.38,0.01,0.0
13.711047889000001,0.0,0.38,0.0,0.0
13.713053445000002,0.0,0.39,0.0,0.0
13.714049304000001,0.0,0.38,0.01,0.01
13.715045796,0.01,0.39,0.0,0.0
13.716046286000001,0.01,0.38,0.02,0.01
13.717043179000001,0.0,0.38,0.0,0.0
13.718042078000002,0.0,0.42,0.0,0.0
13.719051664,0.0,0.38,0.0,0.01
13.720042017,0.0,0.54,0.0,0.02
13.721042689,0.0,0.38,0.0,0.0
13.722039102,0.0,0.39,0.0,0.0
13.723120005,0.0,0.4,0.0,0.0
13.724057904,0.0,0.4,0.0,0.01
13.725070962,0.04,0.38,0.01,0.0
13.726052584000001,0.01,0.39,0.0,0.04
13.728178991,0.01,0.38,0.01,0.0
13.729063388,0.0,0.34,0.0,0.0
13.730071200000001,0.0,0.39,0.0,0.0
13.731053246,0.0,0.39,0.02,0.01
13.732050026000001,0.01,0.38,0.0,0.01
13.733038111,0.01,0.38,0.0,0.0
13.734038850000001,0.01,0.4,0.0,0.01
13.735141224000001,0.0,0.39,0.0,0.0
13.736055364,0.0,0.38,0.0,0.01
13.737042829000002,0.01,0.4,0.0,0.01
13.738038789,0.01,0.41,0.01,0.0
13.739126381,0.0,0.39,0.0,0.01
13.740048237000002,0.0,0.39,0.01,0.06
13.741057156,0.0,0.39,0.0,0.0
13.74303974,0.0,0.39,0.01,0.0
13.744053729,0.0,0.39,0.0,0.0
13.745060548000001,0.0,0.41,0.0,0.01
13.74605095,0.01,0.41,0.01,0.0
13.747043265,0.01,0.41,0.0,0.0
13.748043070000001,0.0,0.39,0.0,0.0
13.749043841,0.0,0.4,0.0,0.0
13.750042448,0.0,0.37,0.01,0.0
13.751045964000001,0.0,0.4,0.0,0.0
13.752049249,0.04,0.51,0.0,0.01
13.753145333,0.0,0.41,0.0,0.0
13.754053695000001,0.01,0.43,0.0,0.0
13.755117114,0.0,0.39,0.0,0.0
13.756059106,0.0,0.41,0.01,0.0
13.75706133,0.0,0.39,0.0,0.01
13.759060714,0.01,0.4,0.01,0.0
13.760058386,0.01,0.36,0.07,0.05
13.761038912,0.01,0.4,0.0,0.0
13.762045739000001,0.0,0.39,0.0,0.01
13.763037638,0.0,0.4,0.0,0.02
13.764041941,0.04,0.41,0.0,0.01
13.765068528,0.01,0.41,0.01,0.0
13.766046450000001,0.05,0.42,0.01,0.0
13.767046010000001,0.01,0.42,0.0,0.01
13.768045365,0.01,0.42,0.0,0.0
13.769048195000002,0.0,0.41,0.01,0.0
13.770057929,0.0,0.4,0.05,0.02
13.771044534000001,0.0,0.46,0.0,0.0
13.772045514,0.0,0.42,0.0,0.0
13.773048768,0.01,0.42,0.0,0.0
13.775035862000001,0.0,0.43,0.0,0.0
13.776044158000001,0.0,0.42,0.01,0.01
13.777056022,0.03,0.43,0.0,0.0
13.778047025000001,0.01,0.41,0.0,0.0
13.77904307,0.0,0.41,0.0,0.02
13.780043410000001,0.0,0.42,0.0,0.0
13.781042869,0.0,0.43,0.0,0.0
13.782042293000002,0.0,0.42,0.0,0.0
13.783055833,0.0,0.41,0.0,0.0
13.784044574000001,0.0,0.42,0.01,0.0
13.785044618,0.0,0.42,0.0,0.0
13.786084857,0.0,0.41,0.0,0.01
13.787116200000002,0.0,0.43,0.02,0.0
13.789064602000002,0.01,0.42,0.0,0.01
13.790062699000002,0.0,0.42,0.0,0.0
13.791043946,0.02,0.42,0.0,0.0
13.792045177,0.0,0.41,0.0,0.0
13.793062159000002,0.0,0.42,0.01,0.0
13.794044708000001,0.0,0.41,0.02,0.0
13.795046394000002,0.0,0.41,0.0,0.01
13.796049075,0.01,0.41,0.0,0.0
13.797106469000001,0.0,0.43,0.04,0.02
13.798040245000001,0.01,0.41,0.0,0.0
13.799043004000001,0.0,0.41,0.02,0.0
13.800040271,0.01,0.42,0.0,0.0
13.802046796,0.0,0.41,0.0,0.01
13.803046048,0.01,0.41,0.0,0.05
13.804040830000002,0.0,0.42,0.01,0.0
13.805043374,0.0,0.42,0.0,0.0
13.806041705,0.0,0.42,0.0,0.01
13.807098805,0.0,0.41,0.0,0.01
13.808040947,0.0,0.4,0.01,0.01
13.80904134,0.0,0.39,0.0,0.0
13.810045859,0.0,0.39,0.0,0.0
13.811047510000002,0.0,0.39,0.0,0.01
13.812044051,0.0,0.39,0.01,0.0
13.813050559,0.0,0.39,0.01,0.01
13.814046465,0.0,0.4,0.0,0.0
13.815056918000002,0.0,0.39,0.0,0.0
13.816047450000001,0.0,0.4,0.0,0.0
13.817136983000001,0.01,0.4,0.0,0.0
13.819127928,0.0,0.38,0.0,0.0
13.82009726,0.01,0.36,0.03,0.0
13.821082287000001,0.01,0.37,0.01,0.04
13.822063755,0.0,0.36,0.0,0.0
13.823044951000002,0.01,0.38,0.01,0.01
13.824042106,0.0,0.35,0.0,0.0
13.825044753,0.0,0.36,0.01,0.0
13.826042743,0.0,0.35,0.0,0.0
13.827051431000001,0.0,0.34,0.0,0.01
13.828039711,0.0,0.33,0.02,0.0
13.82904804,0.01,0.34,0.0,0.0
13.830039268,0.01,0.34,0.0,0.01
13.831048381,0.0,0.33,0.0,0.0
13.832042581000001,0.0,0.33,0.01,0.0
13.833044098,0.0,0.33,0.01,0.01
13.835044066,0.0,0.31,0.0,0.01
13.836046055,0.1,0.35,0.05,0.01
13.837044134000001,0.01,0.32,0.0,0.0
13.838045523000002,0.0,0.3,0.0,0.0
13.839043822,0.0,0.29,0.01,0.03
13.840044434000001,0.0,0.31,0.0,0.01
13.841048987,0.0,0.23,0.0,0.0
13.842045863000001,0.0,0.22,0.0,0.0
13.843043955,0.0,0.18,0.0,0.0
13.844048124,0.0,0.13,0.0,0.03
13.845044614,0.01,0.01,0.0,0.05
13.846049211,0.0,0.0,0.0,0.0
13.84705407,0.0,0.0,0.02,0.03
13.848058667,0.01,0.04,0.0,0.0
13.849172211,0.0,0.0,0.0,0.0
13.851054149000001,0.0,0.0,0.02,0.0
13.852045438000001,0.0,0.0,0.0,0.0
13.853068311000001,0.0,0.01,0.0,0.0
13.854287968000001,0.0,0.0,0.0,0.0
13.855142338,0.01,0.01,0.0,0.0
13.856079404,0.0,0.02,0.0,0.01
13.857126012,0.0,0.0,0.01,0.0
13.858111472000001,0.01,0.0,0.0,0.0
13.859061194,0.0,0.01,0.0,0.0
13.86007707,0.0,0.0,0.01,0.0
13.861049320000001,0.0,0.0,0.01,0.0
13.862042324,0.0,0.0,0.01,0.0
13.86305057,0.0,0.0,0.01,0.0
13.865044634,0.01,0.0,0.08,0.0
13.86606349,0.0,0.0,0.0,0.01
13.867036502000001,0.01,0.01,0.0,0.0
13.868045603,0.0,0.0,0.0,0.0
13.869040759,0.0,0.0,0.0,0.0
13.870041174,0.02,0.01,0.01,0.01
13.871042286000002,0.01,0.04,0.0,0.0
13.872046059,0.0,0.0,0.0,0.0
13.873046671,0.01,0.0,0.0,0.0
13.87404111,0.0,0.01,0.0,0.01
13.875044571,0.0,0.0,0.02,0.0
13.876051114000001,0.0,0.0,0.0,0.0
13.877062532,0.0,0.01,0.0,0.0
13.878045321,0.0,0.0,0.02,0.0
13.880167976000001,0.0,0.01,0.0,0.0
13.881252663000001,0.0,0.01,0.0,0.0
13.882054067,0.02,0.0,0.0,0.0
13.88305161,0.01,0.01,0.0,0.01
13.884042344000001,0.02,0.0,0.0,0.02
13.885102628,0.04,0.01,0.07,0.0
13.886048227000002,0.01,0.01,0.01,0.01
13.887040948000001,0.0,0.0,0.0,0.01
13.888046013,0.0,0.0,0.0,0.0
13.889044816,0.0,0.0,0.0,0.01
13.890042401,0.0,0.0,0.02,0.0
13.891090916000001,0.0,0.0,0.0,0.0
13.892039913000001,0.0,0.0,0.0,0.0
13.893084387,0.0,0.0,0.01,0.0
13.894043304,0.01,0.0,0.0,0.0
13.896040476000001,0.0,0.01,0.0,0.0
13.897042336,0.0,0.0,0.0,0.0
13.898040087,0.01,0.0,0.01,0.0
13.899047137,0.01,0.0,0.04,0.06
13.900042977,0.0,0.0,0.0,0.0
13.901043542,0.0,0.01,0.0,0.01
13.902043393000001,0.01,0.0,0.0,0.01
13.903042871,0.01,0.0,0.0,0.0
13.904049574,0.03,0.0,0.0,0.0
13.905043650000001,0.0,0.0,0.03,0.0
13.906043673000001,0.0,0.0,0.01,0.0
13.907156612000001,0.0,0.03,0.0,0.0
13.908044765000001,0.0,0.0,0.02,0.0
13.910061655000002,0.0,0.0,0.0,0.0
13.911078080000001,0.0,0.0,0.0,0.01
13.912106987000001,0.0,0.0,0.0,0.0
13.913133486000001,0.0,0.0,0.0,0.0
13.914067282000001,0.0,0.01,0.0,0.0
13.915051763000001,0.03,0.0,0.01,0.0
13.916048986000002,0.01,0.02,0.0,0.01
13.917042999000001,0.01,0.0,0.0,0.06
13.918068549000001,0.0,0.0,0.0,0.02
13.919053096,0.0,0.0,0.0,0.01
13.920040647,0.01,0.01,0.0,0.0
13.921080115,0.06,0.02,0.0,0.0
13.922103634,0.0,0.0,0.0,0.0
13.923041825,0.01,0.02,0.0,0.0
13.924044606,0.0,0.01,0.0,0.0
13.925040255,0.0,0.0,0.0,0.0
13.927049354000001,0.01,0.0,0.01,0.0
13.928071376,0.01,0.0,0.0,0.0
13.929050279,0.0,0.0,0.0,0.0
13.930099553000002,0.01,0.02,0.0,0.0
13.931042278000001,0.0,0.0,0.0,0.0
13.932038541,0.0,0.01,0.0,0.0
13.933041857000001,0.0,0.0,0.0,0.01
13.934043372000001,0.0,0.0,0.01,0.01
13.93505056,0.0,0.0,0.0,0.02
13.936061862,0.0,0.0,0.0,0.01
13.937047602000002,0.0,0.0,0.0,0.0
13.938048943,0.0,0.01,0.01,0.0
13.939043573000001,0.0,0.0,0.0,0.01
13.940044850000001,0.0,0.0,0.0,0.0
13.942056793,0.0,0.02,0.0,0.0
13.943081757000002,0.0,0.01,0.0,0.0
13.944054393,0.0,0.01,0.0,0.0
13.945087825000002,0.0,0.0,0.0,0.0
13.946057749000001,0.0,0.0,0.01,0.04
13.947066791000001,0.0,0.0,0.05,0.0
13.948046039000001,0.0,0.0,0.01,0.0
13.949039685,0.0,0.0,0.0,0.01
13.950044241,0.0,0.0,0.0,0.0
13.951055878,0.0,0.0,0.0,0.0
13.952046304000001,0.0,0.01,0.0,0.0
13.953063856,0.0,0.0,0.0,0.01
13.954047113000001,0.0,0.01,0.0,0.0
13.955038671,0.0,0.01,0.0,0.0
13.957036621,0.02,0.02,0.01,0.0
13.958045387,0.0,0.01,0.01,0.01
13.959057105000001,0.02,0.0,0.01,0.01
13.960039786000001,0.0,0.0,0.0,0.01
13.961044844000002,0.03,0.05,0.02,0.01
13.962044835,0.01,0.0,0.01,0.0
13.963049187000001,0.0,0.0,0.0,0.0
13.964044345000001,0.01,0.0,0.0,0.0
13.965044733000001,0.0,0.0,0.02,0.01
13.966043864000001,0.0,0.03,0.0,0.0
13.967047478000001,0.0,0.02,0.0,0.0
13.968044695000001,0.0,0.0,0.0,0.0
13.969052305000002,0.0,0.01,0.0,0.01
13.97104064,0.01,0.01,0.0,0.01
13.972079242000001,0.0,0.0,0.01,0.0
13.973111515000001,0.0,0.01,0.0,0.0
13.974091282000002,0.01,0.0,0.0,0.0
13.97504572,0.01,0.01,0.01,0.0
13.976040944000001,0.0,0.0,0.02,0.0
13.977056677,0.03,0.0,0.0,0.01
13.978096032000002,0.01,0.0,0.0,0.0
13.979075037000001,0.01,0.0,0.01,0.0
13.980063002000001,0.01,0.01,0.0,0.0
13.981071594000001,0.0,0.0,0.01,0.0
13.982050721,0.0,0.0,0.01,0.01
13.983048636000001,0.04,0.0,0.02,0.0
13.984048735,0.0,0.0,0.0,0.0
13.986068679,0.0,0.0,0.0,0.0
13.987044501000002,0.02,0.0,0.0,0.01
13.988044821,0.01,0.01,0.0,0.01
13.989043570000002,0.0,0.01,0.01,0.0
13.990039732000001,0.0,0.02,0.0,0.0
13.991047454,0.0,0.0,0.0,0.0
13.992095195000001,0.0,0.0,0.0,0.0
13.993104813,0.01,0.0,0.0,0.0
13.994044543000001,0.0,0.0,0.0,0.0
13.99504106,0.01,0.01,0.0,0.0
13.996046117,0.0,0.01,0.0,0.0
13.997086555000001,0.0,0.01,0.0,0.0
13.998077605,0.0,0.0,0.0,0.01
14.000051209,0.0,0.0,0.0,0.01
14.001041261000001,0.0,0.0,0.03,0.0
14.002044971,0.0,0.02,0.01,0.0
14.003118234,0.0,0.0,0.0,0.02
14.004092965000002,0.0,0.01,0.0,0.0
14.005071646000001,0.0,0.04,0.0,0.0
14.006055678000001,0.0,0.01,0.0,0.0
14.007143616,0.0,0.0,0.0,0.0
14.008075547,0.0,0.01,0.0,0.0
14.009064505000001,0.03,0.06,0.0,0.08
14.010108727,0.0,0.0,0.0,0.0
14.011058745000001,0.0,0.0,0.0,0.01
14.012051560000002,0.01,0.0,0.0,0.01
14.013057786000001,0.01,0.01,0.0,0.0
14.015046091,0.0,0.0,0.01,0.03
14.016039452000001,0.02,0.05,0.0,0.01
14.017039429,0.0,0.02,0.0,0.0
14.018099045000001,0.0,0.0,0.01,0.01
14.019044259000001,0.0,0.0,0.0,0.0
14.020039387,0.0,0.02,0.01,0.0
14.021038832,0.0,0.0,0.0,0.0
14.022040121000002,0.02,0.01,0.0,0.0
14.023041564000001,0.0,0.01,0.0,0.0
14.024098201000001,0.0,0.0,0.01,0.0
14.025041319000001,0.01,0.0,0.0,0.0
14.026041326000001,0.0,0.0,0.0,0.0
14.027049563,0.0,0.0,0.0,0.0
14.028045939,0.0,0.01,0.0,0.0
14.030040061000001,0.0,0.01,0.0,0.0
14.031040757000001,0.0,0.0,0.04,0.0
14.032040459000001,0.01,0.0,0.0,0.0
14.033137331,0.0,0.0,0.0,0.0
14.034221277,0.0,0.0,0.0,0.0
14.035111079,0.01,0.0,0.0,0.0
14.036116744000001,0.0,0.0,0.0,0.0
14.037080182,0.0,0.0,0.01,0.0
14.038054125,0.0,0.01,0.01,0.06
14.039118189000002,0.0,0.01,0.0,0.0
14.040123736000002,0.01,0.0,0.0,0.0
14.041043775,0.0,0.0,0.0,0.0
14.042049428,0.0,0.0,0.0,0.01
14.043056818,0.0,0.0,0.0,0.01
14.045074697,0.0,0.02,0.0,0.0
14.046043744,0.0,0.01,0.0,0.0
14.047043814,0.01,0.0,0.0,0.01
14.048041045000002,0.01,0.05,0.0,0.0
14.049041106,0.0,0.0,0.01,0.0
14.050041046,0.01,0.0,0.03,0.0
14.051044782000002,0.0,0.0,0.0,0.0
14.052041552,0.0,0.01,0.0,0.0
14.053042595,0.0,0.0,0.01,0.0
14.054042501000001,0.03,0.0,0.01,0.0
14.055045776,0.01,0.0,0.01,0.0
14.05604564,0.0,0.01,0.01,0.0
14.05704564,0.0,0.01,0.01,0.0
14.05804464,0.0,0.01,0.0,0.0
14.059043812,0.02,0.0,0.01,0.0
14.060042407000001,0.0,0.01,0.0,0.0
14.062059883000002,0.0,0.0,0.0,0.0
14.063043042,0.0,0.01,0.01,0.0
14.064085531000002,0.0,0.0,0.0,0.0
14.065121035,0.01,0.0,0.02,0.0
14.066049174000002,0.01,0.0,0.0,0.01
14.067100358000001,0.0,0.0,0.0,0.0
14.068041841000001,0.0,0.0,0.0,0.0
14.069042637,0.0,0.0,0.0,0.01
14.070062093,0.0,0.0,0.0,0.0
14.071062569,0.0,0.0,0.0,0.0
14.072042811000001,0.0,0.0,0.0,0.0
14.073086095,0.0,0.01,0.0,0.0
14.074041632,0.0,0.0,0.0,0.0
14.075043071000001,0.0,0.0,0.01,0.0
14.076057578,0.0,0.0,0.0,0.0
14.078088883000001,0.0,0.0,0.0,0.0
14.079042473000001,0.0,0.01,0.0,0.0
14.080042099000002,0.0,0.0,0.01,0.0
14.081042513000002,0.01,0.0,0.0,0.0
14.082048595000002,0.0,0.02,0.02,0.0
14.083044016,0.0,0.0,0.0,0.09
14.084042454,0.0,0.0,0.0,0.0
14.085042501,0.0,0.0,0.0,0.02
14.086041764,0.01,0.01,0.01,0.02
14.087042252000002,0.05,0.0,0.0,0.0
14.088044463000001,0.0,0.0,0.01,0.0
14.089057173,0.0,0.0,0.03,0.01
14.090042797,0.01,0.0,0.0,0.0
14.091045809,0.0,0.01,0.0,0.05
14.093098861000001,0.01,0.0,0.0,0.01
14.094043203,0.0,0.0,0.01,0.0
14.095088159000001,0.0,0.0,0.0,0.0
14.096092196,0.01,0.01,0.0,0.02
14.097060428,0.01,0.0,0.0,0.01
14.098050074000001,0.03,0.01,0.01,0.0
14.099054853,0.0,0.0,0.01,0.0
14.100042764000001,0.0,0.0,0.0,0.0
14.101041614000001,0.0,0.0,0.0,0.0
14.102039475000002,0.01,0.0,0.0,0.0
14.103046274,0.0,0.0,0.0,0.01
14.104060779000001,0.01,0.01,0.01,0.0
14.105038706,0.01,0.04,0.0,0.0
14.106038778,0.02,0.02,0.0,0.01
14.108056838000001,0.0,0.0,0.0,0.0
14.109044781000001,0.0,0.0,0.0,0.0
14.110043819000001,0.0,0.0,0.02,0.0
14.111042244,0.0,0.03,0.0,0.0
14.112043329,0.0,0.01,0.0,0.0
14.113046778000001,0.0,0.0,0.0,0.0
14.11404313,0.01,0.01,0.0,0.01
14.115041906,0.0,0.0,0.0,0.0
14.116046618,0.0,0.0,0.02,0.0
14.117045144,0.01,0.02,0.0,0.0
14.118045021,0.0,0.0,0.01,0.0
14.119098904000001,0.01,0.0,0.0,0.03
14.120045626000001,0.01,0.0,0.0,0.04
14.121044337,0.0,0.0,0.0,0.01
14.123048166,0.0,0.0,0.01,0.02
14.124046352,0.01,0.01,0.01,0.01
14.125043275000001,0.0,0.01,0.01,0.01
14.126043785,0.0,0.0,0.0,0.0
14.127196546,0.0,0.02,0.05,0.0
14.128055228000001,0.0,0.0,0.0,0.0
14.129118644,0.0,0.01,0.0,0.0
14.130045970000001,0.0,0.0,0.0,0.0
14.131043686000002,0.0,0.0,0.0,0.0
14.132040837000002,0.0,0.0,0.0,0.0
14.133040677,0.0,0.0,0.0,0.0
14.134040493,0.0,0.0,0.0,0.0
14.135051901,0.01,0.01,0.0,0.01
14.136041407,0.0,0.01,0.0,0.01
14.138039556,0.0,0.01,0.0,0.02
14.139041235,0.01,0.0,0.03,0.0
14.140045482000001,0.0,0.0,0.0,0.0
14.141046023000001,0.0,0.0,0.0,0.0
14.142040061000001,0.0,0.0,0.0,0.0
14.143040643,0.0,0.0,0.0,0.0
14.144039609,0.0,0.0,0.04,0.05
14.145045954,0.0,0.0,0.0,0.03
14.146042925000001,0.0,0.01,0.0,0.01
14.147042926000001,0.0,0.01,0.0,0.0
14.148043086000001,0.0,0.04,0.0,0.0
14.149043197000001,0.02,0.01,0.0,0.02
14.150047520000001,0.0,0.0,0.0,0.0
14.151050921000001,0.01,0.0,0.0,0.0
14.152046314000001,0.01,0.0,0.01,0.0
14.154044260000001,0.0,0.01,0.01,0.0
14.155049473,0.01,0.01,0.01,0.01
14.156043898,0.0,0.08,0.0,0.01
14.157043499,0.02,0.0,0.0,0.0
14.158050208,0.0,0.0,0.01,0.0
14.159048158000001,0.0,0.0,0.0,0.0
14.160104919,0.01,0.0,0.01,0.0
14.161058141000002,0.01,0.0,0.0,0.0
14.162063929,0.0,0.01,0.0,0.01
14.163110161,0.0,0.0,0.0,0.0
14.165050558,0.0,0.01,0.03,0.0
14.166043097000001,0.01,0.02,0.0,0.0
14.167055818000001,0.0,0.0,0.0,0.0
14.168043977000002,0.0,0.0,0.0,0.01
14.169042637,0.0,0.01,0.03,0.01
14.170058768,0.0,0.0,0.06,0.01
14.171041949000001,0.0,0.04,0.03,0.01
14.172041901,0.0,0.01,0.0,0.0
14.173053739,0.01,0.0,0.0,0.0
14.17404125,0.02,0.0,0.0,0.0
14.175088012000002,0.0,0.01,0.0,0.0
14.176044759000002,0.0,0.01,0.0,0.0
14.17704359,0.0,0.0,0.03,0.0
14.178047254,0.01,0.0,0.0,0.0
14.179041754,0.0,0.02,0.01,0.0
14.180042006,0.01,0.0,0.01,0.0
14.181041992,0.01,0.01,0.0,0.01
14.182042500000001,0.01,0.0,0.0,0.0
14.184052350000002,0.0,0.04,0.07,0.08
14.185049378,0.0,0.01,0.0,0.0
14.186051391000001,0.0,0.0,0.0,0.01
14.187043333,0.0,0.0,0.0,0.0
14.188043355000001,0.0,0.0,0.0,0.0
14.189054824000001,0.0,0.0,0.0,0.0
14.190064449000001,0.0,0.01,0.0,0.09
14.191049101,0.0,0.01,0.0,0.0
14.192046147000001,0.01,0.0,0.0,0.0
14.193050946000001,0.01,0.0,0.0,0.0
14.194093477000001,0.01,0.0,0.0,0.0
14.195058355,0.01,0.01,0.0,0.0
14.196050534000001,0.0,0.01,0.0,0.02
14.197064263000001,0.0,0.0,0.01,0.0
14.199056393000001,0.0,0.0,0.01,0.0
14.200040597000001,0.0,0.0,0.0,0.01
14.201051351,0.0,0.0,0.0,0.01
14.202051804000002,0.0,0.01,0.0,0.0
14.203049035000001,0.0,0.0,0.0,0.0
14.204041674,0.02,0.0,0.02,0.0
14.205041274000001,0.0,0.0,0.0,0.01
14.206040856000001,0.01,0.02,0.0,0.0
14.207044997,0.01,0.01,0.03,0.0
14.20804109,0.0,0.0,0.0,0.0
14.209044578,0.0,0.0,0.0,0.01
14.210046987,0.0,0.0,0.0,0.0
14.211043750000002,0.0,0.0,0.0,0.0
14.212043430000001,0.0,0.01,0.0,0.0
14.214042866000002,0.0,0.0,0.0,0.01
14.215146050000001,0.01,0.03,0.0,0.01
14.216044986000002,0.01,0.02,0.01,0.0
14.217046809000001,0.0,0.03,0.0,0.05
14.218044643,0.0,0.02,0.0,0.01
14.219048939,0.01,0.0,0.01,0.0
14.220049788,0.0,0.0,0.0,0.0
14.22107025,0.0,0.0,0.0,0.0
14.222053657,0.0,0.01,0.01,0.0
14.223054567,0.04,0.04,0.02,0.0
14.224049094000002,0.0,0.01,0.01,0.01
14.225054369,0.0,0.01,0.0,0.0
14.22605294,0.0,0.0,0.0,0.01
14.227042674000002,0.0,0.0,0.01,0.0
14.228087517,0.01,0.0,0.01,0.0
14.230042887000002,0.0,0.03,0.01,0.01
14.231046834,0.0,0.0,0.0,0.0
14.232047373,0.0,0.0,0.0,0.0
14.233044186,0.0,0.0,0.06,0.04
14.234047122000002,0.0,0.0,0.0,0.0
14.235046732,0.0,0.01,0.0,0.0
14.236045082,0.0,0.03,0.0,0.02
14.237044956,0.0,0.01,0.0,0.0
14.238097997,0.04,0.04,0.02,0.0
14.239050078,0.01,0.0,0.0,0.02
14.240050233000002,0.0,0.0,0.0,0.0
14.24110654,0.0,0.0,0.04,0.0
14.2420506,0.0,0.0,0.0,0.01
14.243090882,0.03,0.01,0.0,0.02
14.245042840000002,0.0,0.0,0.0,0.0
14.246042595,0.01,0.0,0.0,0.01
14.247051273,0.0,0.0,0.0,0.0
14.248047631,0.05,0.03,0.0,0.0
14.249045629000001,0.01,0.01,0.0,0.0
14.250048512000001,0.0,0.0,0.02,0.0
14.251062059,0.0,0.0,0.0,0.02
14.252057438000001,0.0,0.02,0.03,0.0
14.253116052000001,0.0,0.01,0.0,0.0
14.254072112000001,0.0,0.01,0.0,0.0
14.255123778000002,0.0,0.0,0.0,0.02
14.256054778000001,0.0,0.0,0.0,0.0
14.258038964,0.0,0.01,0.0,0.01
14.259044843000002,0.01,0.01,0.0,0.0
14.260049882,0.0,0.0,0.01,0.0
14.261048708,0.0,0.0,0.0,0.0
14.262046307,0.0,0.01,0.0,0.01
14.263050109000002,0.0,0.0,0.01,0.01
14.264047168000001,0.0,0.01,0.0,0.0
14.265045726,0.0,0.0,0.04,0.0
14.266046575,0.0,0.0,0.02,0.01
14.267049614000001,0.0,0.0,0.0,0.04
14.268050688,0.0,0.0,0.0,0.01
14.269054420000002,0.0,0.0,0.01,0.0
14.270048802000002,0.0,0.0,0.0,0.0
14.27204573,0.02,0.05,0.0,0.02
14.273117636,0.0,0.01,0.03,0.01
14.274091778,0.0,0.01,0.0,0.0
14.275047483000002,0.0,0.0,0.05,0.0
14.27605218,0.0,0.0,0.01,0.01
14.277122318000002,0.0,0.0,0.0,0.0
14.278043852000001,0.0,0.0,0.0,0.0
14.279114893000001,0.0,0.0,0.02,0.01
14.280050546,0.0,0.01,0.0,0.0
14.281045531,0.02,0.01,0.0,0.0
14.282056819000001,0.01,0.0,0.0,0.0
14.283054655,0.0,0.01,0.0,0.0
14.284155660000001,0.0,0.0,0.0,0.0
14.285065831,0.01,0.05,0.0,0.0
14.286070505000001,0.02,0.06,0.02,0.1
14.288053017000001,0.0,0.0,0.0,0.0
14.289072574,0.0,0.01,0.0,0.0
14.290062794,0.0,0.0,0.0,0.0
14.291051367000001,0.0,0.0,0.0,0.0
14.292044186,0.0,0.0,0.0,0.0
14.293134139000001,0.01,0.02,0.0,0.01
14.294068907000002,0.0,0.01,0.0,0.0
14.295084084,0.0,0.0,0.0,0.0
14.296071962000001,0.0,0.01,0.0,0.0
14.297097924000001,0.0,0.0,0.0,0.01
14.298067002000002,0.01,0.01,0.0,0.01
14.299067623000001,0.0,0.0,0.0,0.0
14.300057887000001,0.0,0.0,0.0,0.0
14.302060911000002,0.0,0.0,0.0,0.0
14.303055431,0.02,0.0,0.0,0.0
14.304060365000002,0.0,0.01,0.01,0.0
14.305063263000001,0.0,0.0,0.01,0.0
14.306061379,0.0,0.01,0.0,0.0
14.307057944,0.0,0.0,0.0,0.0
14.308062188000001,0.0,0.01,0.02,0.0
14.309055725,0.01,0.02,0.0,0.01
14.310055441000001,0.01,0.0,0.0,0.0
14.31111946,0.0,0.0,0.0,0.0
14.312044980000001,0.0,0.0,0.0,0.0
14.313060916000001,0.01,0.0,0.0,0.0
14.314060150000001,0.0,0.0,0.0,0.02
14.315066778,0.0,0.01,0.0,0.0
14.316075066000002,0.0,0.0,0.0,0.01
14.317075187,0.0,0.0,0.01,0.0
14.319061263,0.01,0.0,0.0,0.05
14.32005866,0.01,0.01,0.0,0.0
14.321061310000001,0.05,0.01,0.0,0.0
14.322059908000002,0.0,0.0,0.0,0.0
14.323050366,0.0,0.0,0.01,0.02
14.324049919,0.0,0.02,0.0,0.0
14.325054084000001,0.0,0.0,0.01,0.0
14.326056741,0.0,0.0,0.0,0.0
14.327049796,0.01,0.0,0.0,0.0
14.328051133,0.0,0.0,0.0,0.0
14.329061052,0.0,0.0,0.0,0.0
14.330054069000001,0.01,0.01,0.0,0.0
14.331054256000002,0.01,0.0,0.01,0.01
14.33305119,0.02,0.0,0.0,0.0
14.334059443000001,0.02,0.0,0.01,0.0
14.335044819,0.0,0.0,0.0,0.0
14.336066597,0.0,0.02,0.0,0.0
14.337117794000001,0.0,0.0,0.0,0.01
14.33806193,0.0,0.0,0.0,0.01
14.339050654000001,0.0,0.0,0.0,0.0
14.340067421,0.0,0.0,0.0,0.0
14.341045917,0.01,0.0,0.0,0.0
14.342048287,0.0,0.01,0.0,0.0
14.343053107000001,0.0,0.0,0.0,0.0
14.344064719,0.0,0.01,0.0,0.0
14.345066874,0.0,0.0,0.0,0.0
14.347054667,0.0,0.01,0.0,0.01
14.348077100000001,0.0,0.0,0.0,0.01
14.349114100000001,0.0,0.0,0.01,0.0
14.350045942000001,0.01,0.02,0.04,0.0
14.351054193000001,0.0,0.0,0.0,0.0
14.35204886,0.0,0.0,0.0,0.0
14.353120695000001,0.0,0.0,0.01,0.0
14.354054739,0.01,0.0,0.0,0.01
14.355037412000001,0.0,0.0,0.0,0.0
14.356037429,0.01,0.0,0.0,0.0
14.357088319,0.0,0.0,0.0,0.01
14.358055126000002,0.01,0.0,0.0,0.0
14.359051645000001,0.01,0.01,0.01,0.0
14.360041756000001,0.0,0.0,0.0,0.0
14.362047117000001,0.0,0.0,0.0,0.0
14.363115748,0.0,0.03,0.0,0.0
14.364042804,0.0,0.0,0.0,0.0
14.365044421,0.05,0.0,0.05,0.0
14.366044888000001,0.0,0.03,0.01,0.01
14.367044976,0.0,0.0,0.0,0.0
14.368044181,0.01,0.02,0.0,0.01
14.369052694,0.0,0.0,0.0,0.0
14.370043702,0.0,0.0,0.0,0.01
14.371044243,0.0,0.0,0.0,0.0
14.372042525000001,0.0,0.01,0.0,0.0
14.373044272000001,0.0,0.0,0.01,0.02
14.374044999,0.0,0.01,0.0,0.0
14.375372044,0.01,0.01,0.01,0.01
14.376095837000001,0.0,0.0,0.01,0.0
14.377144206,0.0,0.0,0.0,0.0
14.378336203000002,0.0,0.01,0.0,0.0
14.380130976,0.01,0.01,0.02,0.02
14.381059196,0.0,0.0,0.0,0.01
14.382096793,0.0,0.0,0.0,0.0
14.383055188,0.0,0.0,0.0,0.0
14.384095637000001,0.0,0.0,0.0,0.0
14.385126181,0.01,0.0,0.0,0.01
14.386107454000001,0.0,0.0,0.01,0.0
14.387056357,0.02,0.0,0.0,0.01
14.388104436,0.0,0.0,0.0,0.0
14.38905044,0.01,0.0,0.01,0.0
14.390098455,0.0,0.0,0.0,0.0
14.391105728000001,0.0,0.0,0.0,0.0
14.393096856000001,0.0,0.01,0.0,0.0
14.394047524000001,0.0,0.02,0.01,0.01
14.395043557000001,0.0,0.0,0.0,0.0
14.396042259000001,0.0,0.01,0.01,0.03
14.397045120000001,0.0,0.0,0.0,0.0
14.39804411,0.0,0.0,0.0,0.0
14.399043595,0.0,0.01,0.0,0.01
14.400042614,0.01,0.01,0.0,0.0
14.401039350000001,0.0,0.01,0.02,0.0
14.402058301,0.0,0.0,0.01,0.0
14.403043461000001,0.0,0.01,0.0,0.0
14.404082777000001,0.03,0.0,0.02,0.02
14.405094045,0.02,0.01,0.0,0.0
14.406249246000002,0.0,0.0,0.04,0.01
14.408064237000001,0.0,0.0,0.0,0.0
14.409045946,0.0,0.01,0.02,0.0
14.410073673000001,0.01,0.05,0.02,0.02
14.411059612,0.01,0.01,0.0,0.0
14.412128653000002,0.0,0.0,0.0,0.0
14.413178034000001,0.0,0.0,0.0,0.01
14.414069747000001,0.0,0.0,0.0,0.01
14.415057405,0.0,0.0,0.0,0.01
14.416040822000001,0.01,0.07,0.04,0.0
14.417050227,0.01,0.0,0.0,0.01
14.418056813000002,0.01,0.0,0.0,0.0
14.419046722000001,0.0,0.01,0.01,0.0
14.420046901000001,0.0,0.0,0.0,0.0
14.42204287,0.0,0.01,0.0,0.0
14.423050719,0.0,0.0,0.0,0.0
14.424045791000001,0.0,0.0,0.0,0.0
14.425048890000001,0.01,0.0,0.0,0.0
14.426044914,0.0,0.01,0.0,0.0
14.427038959,0.0,0.0,0.0,0.0
14.428043425,0.0,0.02,0.0,0.0
14.429046664000001,0.0,0.0,0.01,0.0
14.430104679000001,0.0,0.0,0.01,0.0
14.431041702000002,0.0,0.0,0.0,0.0
14.432043485000001,0.0,0.0,0.01,0.01
14.433043838000001,0.01,0.0,0.0,0.01
14.434050918,0.01,0.01,0.0,0.02
14.435052161000002,0.0,0.0,0.01,0.01
14.436063101,0.0,0.0,0.01,0.0
14.437067215,0.0,0.01,0.01,0.0
14.439103966000001,0.0,0.0,0.03,0.04
14.440063017000002,0.02,0.08,0.0,0.0
14.441115603,0.0,0.0,0.0,0.0
14.442051243000002,0.0,0.0,0.0,0.0
14.443071743,0.0,0.06,0.06,0.0
14.444057569000002,0.01,0.0,0.0,0.0
14.445052265000001,0.03,0.0,0.01,0.0
14.446054847000001,0.0,0.0,0.0,0.0
14.447044777,0.0,0.0,0.0,0.0
14.448057777,0.0,0.02,0.0,0.01
14.449138619000001,0.01,0.0,0.01,0.0
14.450046045,0.0,0.0,0.0,0.0
14.451068038,0.0,0.0,0.0,0.0
14.452057009,0.01,0.0,0.03,0.02
14.454051787000001,0.0,0.01,0.0,0.0
14.455062977,0.0,0.01,0.0,0.01
14.456046209,0.02,0.01,0.01,0.0
14.457050996000001,0.03,0.0,0.0,0.03
14.458095366,0.0,0.02,0.0,0.0
14.459065892000002,0.0,0.01,0.01,0.0
14.460048502000001,0.0,0.01,0.0,0.0
14.461050578,0.0,0.0,0.0,0.0
14.462048654,0.0,0.0,0.0,0.0
14.463045974000002,0.01,0.0,0.01,0.0
14.464046386000001,0.0,0.0,0.01,0.0
14.465048196000001,0.01,0.0,0.0,0.01
14.466101739,0.0,0.01,0.01,0.01
14.467052074000001,0.0,0.01,0.0,0.02
14.469088758000002,0.0,0.0,0.0,0.01
14.470135631000002,0.0,0.0,0.0,0.0
14.471060699,0.01,0.0,0.0,0.0
14.472065127,0.0,0.01,0.0,0.0
14.473086137000001,0.0,0.0,0.0,0.0
14.474064954000001,0.0,0.01,0.01,0.01
14.475067214000001,0.0,0.0,0.0,0.0
14.476072960000002,0.0,0.02,0.01,0.0
14.477131047,0.0,0.0,0.0,0.0
14.478048715000002,0.02,0.01,0.05,0.01
14.479065270000001,0.0,0.0,0.0,0.02
14.480056673000002,0.0,0.0,0.0,0.01
14.481178320000001,0.0,0.01,0.0,0.0
14.482119485,0.0,0.01,0.01,0.02
14.484036432000002,0.02,0.01,0.0,0.0
14.48505751,0.01,0.01,0.02,0.0
14.486048744000001,0.0,0.0,0.0,0.0
14.487052453,0.03,0.0,0.0,0.0
14.488059056,0.1,0.08,0.03,0.13
14.489065398000001,0.01,0.01,0.0,0.02
14.49005505,0.02,0.0,0.0,0.0
14.491069224,0.0,0.01,0.0,0.0
14.492087772000001,0.01,0.0,0.01,0.01
14.493055149000002,0.03,0.0,0.0,0.0
14.494051134000001,0.0,0.0,0.01,0.0
14.495059126000001,0.01,0.0,0.0,0.0
14.496054084,0.0,0.0,0.01,0.0
14.497054536,0.0,0.0,0.0,0.0
14.499067111,0.0,0.0,0.01,0.01
14.500056453000001,0.01,0.01,0.0,0.01
14.501053890000001,0.0,0.0,0.0,0.0
14.502061647000001,0.0,0.0,0.0,0.0
14.503091978,0.0,0.02,0.0,0.01
14.50406219,0.0,0.0,0.0,0.0
14.505054257000001,0.0,0.0,0.0,0.0
14.506048449000001,0.01,0.01,0.0,0.0
14.507106015000002,0.0,0.01,0.02,0.02
14.508042410000002,0.0,0.0,0.0,0.0
14.509050022,0.0,0.0,0.0,0.0
14.51005598,0.0,0.01,0.0,0.01
14.511048123,0.01,0.0,0.0,0.0
14.512047159000002,0.01,0.0,0.0,0.01
14.513048271,0.0,0.0,0.01,0.0
14.514052705000001,0.0,0.0,0.0,0.0
14.516037189,0.0,0.01,0.0,0.0
14.517051779,0.0,0.0,0.05,0.01
14.518043189,0.0,0.02,0.0,0.0
14.519057109,0.0,0.0,0.01,0.01
14.520099366,0.0,0.01,0.01,0.0
14.521043508000002,0.0,0.0,0.0,0.0
14.522045973,0.0,0.02,0.01,0.0
14.523046674000001,0.0,0.0,0.01,0.0
14.524042741,0.01,0.0,0.0,0.03
14.525052588000001,0.01,0.0,0.0,0.0
14.526044515,0.0,0.01,0.0,0.04
14.527049892,0.0,0.01,0.01,0.03
14.528050539,0.0,0.01,0.01,0.0
14.530061673,0.01,0.0,0.01,0.01
14.531047324000001,0.0,0.0,0.0,0.01
14.532048367000002,0.0,0.0,0.0,0.0
14.533048443,0.0,0.02,0.0,0.0
14.534057847000001,0.0,0.02,0.01,0.0
14.535053279000001,0.02,0.0,0.01,0.0
14.536092256000002,0.01,0.02,0.0,0.01
14.537147009000002,0.0,0.0,0.02,0.03
14.538141371,0.0,0.0,0.0,0.0
14.539095246,0.0,0.0,0.01,0.0
14.540042649,0.0,0.0,0.0,0.0
14.541056595,0.0,0.0,0.01,0.0
14.542045935,0.0,0.0,0.0,0.0
14.543166520000002,0.01,0.0,0.01,0.02
14.545054719000001,0.0,0.0,0.0,0.01
14.546040281000002,0.0,0.0,0.01,0.0
14.547040438000002,0.0,0.01,0.0,0.01
14.548043674,0.0,0.0,0.01,0.0
14.549052464,0.01,0.0,0.0,0.0
14.550117928,0.02,0.0,0.02,0.0
14.551053984000001,0.0,0.0,0.0,0.0
14.552050773000001,0.01,0.0,0.0,0.0
14.553047306000002,0.03,0.0,0.0,0.0
14.554058770000001,0.0,0.0,0.0,0.0
14.555047456,0.01,0.0,0.0,0.0
14.556047349000002,0.0,0.01,0.01,0.0
14.557102812,0.0,0.0,0.0,0.0
14.558048279000001,0.04,0.01,0.04,0.0
14.560047748,0.0,0.0,0.0,0.02
14.561047819,0.0,0.0,0.0,0.01
14.562111449000001,0.01,0.0,0.02,0.0
14.563083502000001,0.0,0.01,0.0,0.0
14.564075284000001,0.0,0.01,0.0,0.01
14.565060126,0.0,0.0,0.0,0.01
14.566081094000001,0.0,0.0,0.0,0.0
14.567082935,0.0,0.02,0.0,0.0
14.568075505000001,0.01,0.03,0.0,0.03
14.56905678,0.0,0.01,0.02,0.0
14.570121383,0.01,0.0,0.0,0.01
14.571048607000002,0.0,0.0,0.0,0.0
14.572094056000001,0.0,0.0,0.0,0.01
14.573048311,0.01,0.0,0.0,0.0
14.574053529,0.02,0.01,0.0,0.0
14.575066781,0.0,0.0,0.02,0.0
14.577039716000002,0.0,0.0,0.0,0.0
14.578054285,0.0,0.0,0.0,0.01
14.579047618,0.01,0.0,0.0,0.0
14.580048827,0.01,0.0,0.0,0.0
14.581043156000002,0.01,0.0,0.0,0.0
14.582047533,0.0,0.0,0.0,0.0
14.583160105000001,0.0,0.01,0.0,0.0
14.584050187,0.0,0.0,0.0,0.0
14.585082786000001,0.0,0.0,0.0,0.0
14.586128003,0.0,0.0,0.01,0.0
14.587050640000001,0.0,0.0,0.0,0.0
14.588048593000002,0.0,0.01,0.0,0.0
14.589045605,0.0,0.01,0.0,0.08
14.590045874000001,0.0,0.0,0.01,0.0
14.592052563000001,0.0,0.0,0.0,0.01
14.593059703000002,0.0,0.0,0.01,0.02
14.594058989,0.01,0.0,0.01,0.0
14.595146563,0.01,0.02,0.0,0.01
14.596165930000002,0.0,0.0,0.0,0.01
14.59710998,0.0,0.03,0.0,0.0
14.598037908,0.0,0.0,0.0,0.0
14.599113976000002,0.0,0.01,0.01,0.01
14.600060564000001,0.08,0.05,0.01,0.0
14.60105384,0.01,0.0,0.0,0.0
14.602050447000002,0.01,0.0,0.0,0.0
14.603050443,0.0,0.0,0.0,0.01
14.604055289000001,0.0,0.0,0.03,0.02
14.605053466000001,0.02,0.01,0.02,0.0
14.607050485,0.0,0.01,0.01,0.03
14.608049920000001,0.0,0.0,0.0,0.0
14.609055033,0.0,0.0,0.0,0.01
14.610045861000001,0.0,0.0,0.0,0.0
14.611068586,0.0,0.0,0.0,0.0
14.612038462000001,0.0,0.0,0.0,0.0
14.613047127000002,0.0,0.0,0.0,0.01
14.614047654,0.0,0.01,0.0,0.01
14.615064709,0.0,0.0,0.03,0.0
14.616091226000002,0.01,0.0,0.0,0.0
14.617113604,0.0,0.01,0.0,0.0
14.618055250000001,0.01,0.01,0.0,0.05
14.619112363000001,0.0,0.01,0.01,0.01
14.620046763000001,0.0,0.0,0.0,0.0
14.622045644000002,0.0,0.0,0.0,0.0
14.623054245,0.01,0.0,0.0,0.0
14.624059690000001,0.0,0.0,0.01,0.01
14.625057368,0.0,0.0,0.0,0.01
14.626056001,0.01,0.01,0.0,0.0
14.627050872000002,0.0,0.0,0.0,0.0
14.628049155000001,0.0,0.01,0.01,0.01
14.629061231000001,0.0,0.01,0.0,0.0
14.630064656,0.0,0.0,0.0,0.0
14.631207057000001,0.0,0.0,0.0,0.01
14.632164369000002,0.01,0.02,0.0,0.0
14.633179865,0.01,0.01,0.0,0.02
14.634049783,0.0,0.01,0.01,0.0
14.635052704000001,0.0,0.0,0.01,0.01
14.637046708000002,0.0,0.0,0.01,0.0
14.638050039000001,0.0,0.0,0.01,0.03
14.639056306,0.01,0.03,0.05,0.0
14.640052272,0.0,0.02,0.01,0.01
14.641041521000002,0.0,0.01,0.0,0.0
14.642050873,0.01,0.0,0.02,0.01
14.643043705,0.0,0.0,0.0,0.0
14.644049471,0.0,0.0,0.01,0.0
14.645042395,0.01,0.0,0.01,0.0
14.646057287000001,0.0,0.0,0.0,0.02
14.647101885000001,0.0,0.0,0.0,0.0
14.64806379,0.0,0.0,0.0,0.0
14.649058371,0.0,0.0,0.02,0.0
14.650057422000001,0.03,0.0,0.0,0.0
14.652049361000001,0.0,0.0,0.0,0.0
14.653046163,0.0,0.0,0.03,0.0
14.654058071000001,0.01,0.0,0.0,0.0
14.655070856,0.03,0.01,0.0,0.0
14.656058769000001,0.0,0.0,0.0,0.01
14.657051007000002,0.0,0.01,0.04,0.0
14.658052759,0.0,0.0,0.0,0.01
14.659135308000002,0.0,0.0,0.01,0.0
14.660065386000001,0.0,0.0,0.0,0.0
14.661050991000002,0.0,0.0,0.0,0.0
14.662053701000001,0.01,0.0,0.0,0.0
14.663131245,0.0,0.01,0.0,0.01
14.664065547000002,0.01,0.01,0.0,0.0
14.665052258000001,0.08,0.0,0.0,0.01
14.667046841000001,0.0,0.0,0.0,0.0
14.668062482000002,0.0,0.0,0.0,0.0
14.669056448000001,0.0,0.0,0.0,0.0
14.670050189000001,0.0,0.0,0.0,0.0
14.671045131000001,0.0,0.01,0.0,0.0
14.672042959,0.0,0.03,0.0,0.05
14.673057665000002,0.0,0.0,0.0,0.0
14.674053621,0.0,0.0,0.01,0.01
14.675056268,0.0,0.0,0.01,0.0
14.676052743000001,0.01,0.0,0.0,0.03
14.677055937,0.0,0.02,0.0,0.0
14.678049004000002,0.0,0.0,0.0,0.0
14.679156099,0.03,0.02,0.0,0.0
14.681053930000001,0.0,0.01,0.0,0.0
14.682051936,0.01,0.0,0.0,0.01
14.683054371,0.0,0.01,0.06,0.03
14.684049980000001,0.0,0.0,0.0,0.0
14.685066861000001,0.0,0.0,0.0,0.0
14.686057098000001,0.01,0.0,0.0,0.0
14.687057511,0.0,0.0,0.0,0.07
14.688056163,0.01,0.01,0.0,0.01
14.689061719000001,0.0,0.0,0.0,0.05
14.6900682,0.0,0.01,0.0,0.0
14.691073673000002,0.0,0.0,0.01,0.0
14.692052706,0.03,0.01,0.01,0.01
14.693061771000002,0.0,0.01,0.0,0.0
14.695151161,0.0,0.01,0.0,0.0
14.696061305,0.01,0.0,0.0,0.0
14.697055143,0.04,0.0,0.0,0.0
14.698051581000001,0.0,0.0,0.0,0.0
14.699046817000001,0.01,0.0,0.0,0.0
14.700040107000001,0.0,0.0,0.0,0.01
14.701044399,0.0,0.0,0.0,0.0
14.702042298,0.0,0.0,0.0,0.0
14.703046716000001,0.01,0.0,0.0,0.0
14.704048105,0.0,0.01,0.0,0.0
14.705043544,0.01,0.0,0.0,0.0
14.70604632,0.0,0.0,0.0,0.0
14.707090424,0.0,0.01,0.01,0.01
14.708045624,0.0,0.01,0.01,0.0
14.709045289,0.0,0.0,0.0,0.01
14.710043248000002,0.0,0.0,0.0,0.0
14.711123395000001,0.02,0.0,0.0,0.0
14.713049510000001,0.0,0.0,0.01,0.0
14.714052026000001,0.0,0.04,0.0,0.01
14.715049046,0.0,0.01,0.01,0.0
14.716051747000002,0.0,0.0,0.0,0.0
14.717045877,0.02,0.0,0.08,0.01
14.718048507,0.0,0.0,0.0,0.0
14.719051119000001,0.0,0.01,0.0,0.01
14.720056575000001,0.0,0.0,0.0,0.0
14.721056541000001,0.0,0.0,0.02,0.01
14.722056191,0.02,0.01,0.0,0.0
14.723046960000001,0.01,0.01,0.0,0.07
14.724043673,0.04,0.0,0.01,0.0
14.725042541,0.02,0.0,0.0,0.0
14.727136791000001,0.02,0.0,0.0,0.0
14.728058923,0.0,0.0,0.01,0.01
14.729054151000001,0.0,0.0,0.0,0.02
14.730045752,0.0,0.0,0.02,0.01
14.731048543000002,0.0,0.0,0.01,0.01
14.732044852000001,0.0,0.0,0.0,0.0
14.73305286,0.07,0.0,0.0,0.0
14.734043467000001,0.01,0.01,0.0,0.0
14.735068223,0.0,0.0,0.01,0.0
14.736042662000001,0.01,0.01,0.0,0.0
14.737042515,0.0,0.0,0.01,0.0
14.738045746000001,0.0,0.04,0.0,0.0
14.739047422,0.01,0.01,0.0,0.0
14.740044406,0.0,0.0,0.0,0.01
14.7410429,0.0,0.0,0.01,0.0
14.743146732000001,0.0,0.0,0.0,0.0
14.744065791,0.0,0.04,0.06,0.1
14.745048082,0.0,0.0,0.0,0.0
14.746047456000001,0.0,0.01,0.02,0.01
14.747066059000002,0.01,0.0,0.0,0.0
14.748051679000001,0.0,0.01,0.0,0.01
14.749047692000001,0.03,0.01,0.0,0.0
14.750057805,0.0,0.0,0.0,0.01
14.751047860000002,0.0,0.01,0.01,0.0
14.752044875000001,0.0,0.01,0.0,0.01
14.753060989000002,0.0,0.01,0.01,0.0
14.754053864000001,0.01,0.0,0.0,0.0
14.755052619,0.05,0.0,0.01,0.0
14.757062205,0.0,0.0,0.0,0.0
14.758100176000001,0.02,0.0,0.0,0.02
14.759170322000001,0.01,0.0,0.0,0.02
14.760070293,0.05,0.08,0.01,0.0
14.761049097,0.0,0.0,0.01,0.0
14.762054301000001,0.0,0.01,0.01,0.0
14.763048793000001,0.0,0.0,0.01,0.0
14.764047393,0.02,0.0,0.02,0.03
14.765105585,0.0,0.02,0.0,0.0
14.766048595,0.02,0.0,0.04,0.01
14.767046266000001,0.0,0.01,0.0,0.06
14.768052465,0.0,0.0,0.0,0.0
14.769049668000001,0.01,0.0,0.0,0.0
14.770056535,0.0,0.0,0.0,0.0
14.772049453000001,0.0,0.0,0.0,0.01
14.773048032,0.01,0.0,0.0,0.01
14.774047709000001,0.0,0.0,0.0,0.01
14.775149812,0.0,0.01,0.03,0.0
14.776062677,0.01,0.0,0.0,0.0
14.777054169000001,0.0,0.03,0.01,0.0
14.778060479,0.01,0.0,0.01,0.01
14.779059366,0.0,0.0,0.0,0.0
14.780062091000001,0.0,0.0,0.0,0.0
14.781074468000002,0.0,0.0,0.0,0.0
14.782051687000001,0.0,0.0,0.0,0.01
14.783057546,0.01,0.01,0.06,0.01
14.784048678000001,0.0,0.0,0.0,0.0
14.785047423000002,0.0,0.01,0.0,0.01
14.787039940000001,0.01,0.0,0.01,0.01
14.788045584,0.0,0.0,0.0,0.01
14.789040811000001,0.0,0.0,0.0,0.0
14.790048048000001,0.0,0.01,0.0,0.0
14.791154316,0.0,0.0,0.0,0.01
14.792062974,0.04,0.01,0.01,0.0
14.793062542000001,0.0,0.01,0.01,0.01
14.794089808,0.01,0.02,0.0,0.01
14.795050391,0.0,0.0,0.02,0.0
14.796055647000001,0.02,0.0,0.0,0.0
14.797112099000001,0.0,0.0,0.0,0.0
14.798053644000001,0.01,0.01,0.06,0.0
14.799137723000001,0.01,0.01,0.0,0.01
14.800053203000001,0.0,0.01,0.0,0.0
14.802051351000001,0.0,0.0,0.04,0.0
14.803049103000001,0.01,0.0,0.0,0.0
14.804049392000001,0.0,0.0,0.0,0.0
14.805044126,0.01,0.0,0.0,0.0
14.806047601000001,0.01,0.01,0.02,0.0
14.807164133,0.0,0.0,0.02,0.03
14.808059632,0.0,0.0,0.01,0.0
14.809059873,0.01,0.0,0.0,0.0
14.810050398000001,0.04,0.0,0.07,0.0
14.811076935,0.0,0.0,0.0,0.0
14.812075642000002,0.0,0.0,0.0,0.0
14.813068745,0.0,0.01,0.0,0.0
14.814108578,0.0,0.01,0.0,0.0
14.815047112,0.02,0.0,0.0,0.02
14.816047324000001,0.02,0.01,0.0,0.04
14.818048855,0.0,0.0,0.0,0.0
14.819047332,0.0,0.01,0.0,0.01
14.820065575000001,0.0,0.0,0.0,0.0
14.821053062,0.0,0.0,0.01,0.0
14.822044827000001,0.0,0.0,0.0,0.0
14.823175378,0.0,0.0,0.0,0.01
14.82407957,0.0,0.0,0.0,0.01
14.825052602000001,0.0,0.0,0.0,0.0
14.826064331000001,0.01,0.0,0.0,0.01
14.827047194,0.0,0.01,0.01,0.0
14.828053345,0.01,0.01,0.0,0.01
14.829045064,0.0,0.01,0.0,0.0
14.830058406000001,0.0,0.0,0.0,0.0
14.83111672,0.0,0.0,0.01,0.0
14.833092818,0.0,0.0,0.0,0.0
14.834057442,0.01,0.03,0.0,0.01
14.835054753000001,0.0,0.0,0.0,0.0
14.836049865000001,0.0,0.01,0.0,0.0
14.837061042,0.0,0.01,0.0,0.01
14.838054236000001,0.0,0.0,0.01,0.02
14.839127297000001,0.0,0.0,0.0,0.0
14.840069360000001,0.0,0.0,0.0,0.0
14.841069983,0.0,0.0,0.0,0.0
14.842066567000002,0.0,0.0,0.0,0.0
14.843106109,0.0,0.0,0.0,0.0
14.844044317000002,0.0,0.01,0.02,0.0
14.845060163000001,0.0,0.0,0.0,0.06
14.846058716000002,0.0,0.0,0.01,0.01
14.848051713,0.01,0.0,0.0,0.01
14.849045676000001,0.0,0.0,0.0,0.01
14.850046895,0.0,0.01,0.0,0.0
14.851056342000001,0.0,0.0,0.0,0.0
14.852110295000001,0.0,0.01,0.0,0.0
14.853042139000001,0.0,0.0,0.0,0.0
14.854047804,0.0,0.0,0.02,0.01
14.855169024,0.01,0.0,0.0,0.0
14.856064626,0.0,0.01,0.0,0.0
14.857071852,0.0,0.01,0.0,0.0
14.858123047000001,0.0,0.0,0.02,0.0
14.859048309,0.0,0.0,0.0,0.01
14.860047627,0.0,0.0,0.0,0.0
14.861050875,0.0,0.06,0.0,0.07
14.862051298,0.01,0.01,0.0,0.01
14.864041793,0.0,0.0,0.0,0.0
14.865050007,0.0,0.0,0.0,0.0
14.866045803,0.0,0.0,0.01,0.01
14.867050774,0.0,0.0,0.01,0.0
14.868046054,0.0,0.01,0.03,0.0
14.869043721,0.0,0.0,0.0,0.0
14.870044207000001,0.0,0.0,0.0,0.0
14.871217368000002,0.01,0.01,0.0,0.0
14.872093441,0.0,0.01,0.0,0.0
14.873062186,0.0,0.03,0.03,0.0
14.874148042000002,0.01,0.0,0.0,0.0
14.875069788000001,0.01,0.0,0.0,0.0
14.876116673,0.0,0.01,0.0,0.0
14.87705464,0.0,0.0,0.0,0.0
14.879093786,0.0,0.0,0.05,0.03
14.880054577000001,0.0,0.04,0.0,0.0
14.881047755,0.01,0.0,0.0,0.0
14.882044285000001,0.0,0.0,0.03,0.0
14.883044373,0.01,0.0,0.01,0.0
14.884043708,0.0,0.01,0.01,0.02
14.885047750000002,0.0,0.0,0.0,0.0
14.886047908,0.01,0.02,0.0,0.0
14.887062045,0.0,0.0,0.01,0.01
14.888047365,0.0,0.0,0.0,0.0
14.889043294,0.02,0.01,0.0,0.0
14.890047746,0.0,0.0,0.0,0.0
14.891044152000001,0.0,0.0,0.0,0.0
14.892043288000002,0.0,0.0,0.0,0.01
14.894041040000001,0.0,0.01,0.0,0.0
14.895045794000001,0.0,0.0,0.0,0.0
14.896042636,0.0,0.01,0.03,0.0
14.897065166,0.0,0.0,0.0,0.0
14.898048319,0.0,0.0,0.0,0.01
14.899043464000002,0.0,0.01,0.0,0.01
14.900047339,0.0,0.0,0.0,0.0
14.901043248,0.0,0.0,0.0,0.0
14.902079905,0.0,0.0,0.0,0.0
14.903079317000001,0.0,0.0,0.0,0.0
14.904060437,0.0,0.0,0.02,0.0
14.905066721,0.0,0.05,0.01,0.0
14.906093203000001,0.0,0.01,0.01,0.01
14.907050442000001,0.01,0.01,0.0,0.01
14.909039583,0.02,0.01,0.0,0.02
14.910042694000001,0.0,0.0,0.0,0.0
14.911042419000001,0.0,0.01,0.0,0.01
14.912040421,0.03,0.01,0.0,0.02
14.913048146000001,0.0,0.0,0.0,0.0
14.914043989000001,0.03,0.0,0.02,0.01
14.915058745000001,0.0,0.01,0.0,0.01
14.916045641,0.0,0.0,0.01,0.01
14.91705407,0.0,0.0,0.01,0.0
14.918045508,0.0,0.0,0.0,0.01
14.919049384000001,0.04,0.02,0.0,0.01
14.920051352000002,0.0,0.0,0.01,0.0
14.921059015,0.05,0.01,0.02,0.0
14.922047148,0.01,0.0,0.0,0.01
14.924043133000001,0.0,0.04,0.0,0.01
14.925045481000002,0.02,0.01,0.0,0.01
14.92605722,0.0,0.0,0.0,0.0
14.927043959,0.0,0.0,0.01,0.0
14.928049288,0.02,0.04,0.0,0.0
14.929052774,0.0,0.0,0.0,0.0
14.930095357,0.0,0.0,0.0,0.0
14.931043760000001,0.01,0.0,0.0,0.0
14.932045095000001,0.0,0.0,0.0,0.0
14.933058342,0.0,0.0,0.0,0.0
14.934070276000002,0.01,0.01,0.0,0.0
14.935111568000002,0.0,0.01,0.01,0.0
14.936067482,0.01,0.01,0.0,0.01
14.937085587,0.05,0.0,0.0,0.0
14.939045908,0.0,0.0,0.01,0.04
14.940044659000002,0.0,0.0,0.0,0.0
14.941046290000001,0.0,0.0,0.01,0.0
14.942055368,0.0,0.0,0.0,0.0
14.943051942,0.02,0.0,0.0,0.0
14.94406505,0.01,0.0,0.0,0.0
14.945106857,0.0,0.0,0.01,0.0
14.946123060000001,0.0,0.0,0.0,0.0
14.947051397000001,0.0,0.03,0.0,0.01
14.948046054,0.01,0.01,0.0,0.0
14.949169987000001,0.0,0.01,0.0,0.0
14.950051263,0.0,0.01,0.01,0.0
14.951061521000002,0.0,0.0,0.0,0.0
14.952050217000002,0.0,0.03,0.01,0.0
14.954045208,0.0,0.0,0.01,0.0
14.955045235,0.0,0.01,0.01,0.0
14.956066992,0.0,0.0,0.0,0.0
14.957044507,0.01,0.0,0.0,0.0
14.958087245000002,0.0,0.0,0.0,0.0
14.959046762000002,0.01,0.0,0.0,0.0
14.960048258,0.0,0.0,0.0,0.0
14.961044899000001,0.01,0.01,0.05,0.01
14.962048125,0.0,0.0,0.05,0.0
14.963045766,0.0,0.01,0.0,0.0
14.964059439000001,0.0,0.0,0.0,0.0
14.965066432,0.0,0.0,0.0,0.0
14.96604626,0.02,0.01,0.01,0.01
14.968042683,0.0,0.0,0.0,0.0
14.969064042000001,0.01,0.01,0.0,0.0
14.970067008000001,0.0,0.0,0.0,0.0
14.971055526,0.01,0.0,0.0,0.0
14.972048788,0.0,0.07,0.0,0.0
14.973055047,0.02,0.0,0.0,0.0
14.974044919,0.0,0.0,0.0,0.0
14.975120218,0.01,0.01,0.01,0.0
14.976104823000002,0.0,0.01,0.0,0.0
14.977040143000002,0.01,0.0,0.0,0.0
14.978049526000001,0.0,0.01,0.0,0.0
14.979085477000002,0.0,0.0,0.0,0.0
14.980040200000001,0.0,0.0,0.0,0.0
14.981048154000002,0.01,0.0,0.0,0.0
14.982050471,0.0,0.01,0.01,0.0
14.984039956,0.0,0.0,0.0,0.0
14.985050443,0.0,0.0,0.0,0.0
14.986041407,0.0,0.0,0.0,0.0
14.987044977,0.0,0.0,0.0,0.0
14.988045756000002,0.0,0.01,0.0,0.0
14.98904525,0.03,0.0,0.0,0.0
14.990044638,0.01,0.0,0.0,0.01
14.991044091000001,0.0,0.02,0.0,0.01
14.992045079,0.0,0.0,0.0,0.01
14.993055795,0.0,0.03,0.0,0.0
14.994053139000002,0.0,0.04,0.0,0.0
14.995084780000001,0.0,0.0,0.01,0.0
14.99607334,0.01,0.01,0.0,0.0
14.998067938,0.01,0.01,0.0,0.0
14.999082652,0.0,0.01,0.0,0.0
15.000051193000001,0.0,0.01,0.0,0.0
15.001049645,0.0,0.0,0.0,0.0
15.002041483000001,0.0,0.01,0.0,0.0
15.003044708000001,0.0,0.0,0.05,0.0
15.004040464000001,0.0,0.0,0.04,0.0
15.005061228,0.0,0.0,0.03,0.0
15.006047069000001,0.01,0.0,0.01,0.0
15.007053358,0.0,0.0,0.01,0.0
15.008040085000001,0.0,0.0,0.02,0.01
15.009046211000001,0.0,0.0,0.0,0.0
15.010046834,0.0,0.01,0.0,0.0
15.01104862,0.0,0.0,0.0,0.0
15.012044971000002,0.0,0.0,0.0,0.01
15.014042457,0.0,0.01,0.0,0.0
15.015061272,0.0,0.0,0.0,0.0
15.01610241,0.0,0.0,0.01,0.0
15.01704306,0.0,0.0,0.0,0.0
15.018043610000001,0.0,0.0,0.0,0.03
15.019045077000001,0.0,0.01,0.0,0.0
15.020043856000001,0.0,0.0,0.0,0.0
15.021048183000001,0.0,0.0,0.0,0.0
15.022043036000001,0.0,0.0,0.0,0.0
15.023047275000001,0.0,0.0,0.05,0.02
15.024043587000001,0.0,0.01,0.0,0.0
15.025081626,0.01,0.0,0.0,0.0
15.026061196,0.0,0.0,0.01,0.0
15.027067115000001,0.01,0.0,0.01,0.0
15.02911154,0.0,0.01,0.0,0.0
15.030052803,0.0,0.0,0.0,0.0
15.031096152000002,0.0,0.0,0.0,0.0
15.032038596000001,0.0,0.01,0.0,0.02
15.033038061000001,0.0,0.03,0.0,0.03
15.034043524000001,0.0,0.0,0.0,0.01
15.035043981000001,0.0,0.0,0.0,0.0
15.036055402,0.0,0.0,0.0,0.0
15.037039672,0.0,0.01,0.01,0.0
15.038044796000001,0.0,0.02,0.0,0.01
15.039043999,0.0,0.0,0.0,0.01
15.040102437000002,0.0,0.0,0.0,0.0
15.041047627000001,0.0,0.0,0.0,0.01
15.042055168000001,0.0,0.01,0.01,0.0
15.04403952,0.0,0.01,0.0,0.0
15.045043811000001,0.0,0.0,0.02,0.01
15.046044266000001,0.02,0.0,0.0,0.0
15.047051094,0.03,0.0,0.0,0.02
15.048046055,0.0,0.01,0.01,0.01
15.049044421000001,0.0,0.0,0.0,0.0
15.050044669000002,0.01,0.02,0.05,0.03
15.051044219000001,0.0,0.0,0.0,0.0
15.052044963,0.0,0.01,0.0,0.0
15.053043764000002,0.0,0.01,0.0,0.0
15.054046352,0.0,0.01,0.0,0.01
15.055043507,0.0,0.02,0.0,0.0
15.056048115000001,0.05,0.04,0.0,0.0
15.057092639,0.0,0.01,0.0,0.0
15.058090446000001,0.0,0.02,0.03,0.01
15.059053027000001,0.0,0.01,0.0,0.0
15.061058211,0.0,0.01,0.0,0.0
15.062062577,0.0,0.02,0.0,0.02
15.063066924000001,0.0,0.01,0.0,0.01
15.064051877,0.0,0.01,0.0,0.0
15.06506152,0.07,0.0,0.01,0.02
15.066049724,0.0,0.02,0.0,0.0
15.067090559,0.0,0.01,0.0,0.0
15.068056331000001,0.0,0.01,0.01,0.01
15.069058146000001,0.0,0.01,0.0,0.01
15.070047039,0.0,0.01,0.0,0.0
15.071044181000001,0.0,0.04,0.02,0.02
15.072050792,0.0,0.02,0.0,0.0
15.073060504,0.0,0.01,0.02,0.0
15.075044993,0.0,0.04,0.0,0.01
15.076049022000001,0.01,0.01,0.0,0.0
15.077040109,0.05,0.01,0.0,0.0
15.078044003,0.0,0.0,0.01,0.02
15.079236823,0.01,0.02,0.01,0.0
15.080064162000001,0.0,0.01,0.0,0.0
15.081102381000001,0.0,0.0,0.01,0.0
15.082086799,0.01,0.02,0.01,0.01
15.083091639000001,0.03,0.03,0.01,0.01
15.084102229,0.0,0.0,0.0,0.0
15.085099529,0.02,0.01,0.02,0.0
15.086107048,0.0,0.01,0.0,0.0
15.087099700000001,0.01,0.01,0.02,0.0
15.088125214000002,0.0,0.01,0.0,0.0
15.089155325,0.01,0.01,0.0,0.0
15.091053242000001,0.0,0.01,0.0,0.0
15.092055331000001,0.0,0.02,0.01,0.0
15.093058854,0.0,0.01,0.0,0.0
15.094042879000002,0.0,0.01,0.01,0.0
15.095056625000002,0.0,0.01,0.0,0.02
15.096041772000001,0.0,0.01,0.0,0.0
15.097074066000001,0.0,0.03,0.0,0.0
15.098047952000002,0.0,0.01,0.0,0.01
15.099102563,0.0,0.01,0.0,0.0
15.10004879,0.0,0.0,0.0,0.01
15.101045866000002,0.0,0.01,0.0,0.0
15.102051536000001,0.0,0.01,0.0,0.0
15.103048274,0.0,0.01,0.0,0.0
15.104054779,0.0,0.01,0.0,0.0
15.106052212000002,0.0,0.01,0.0,0.0
15.107062766,0.0,0.01,0.0,0.0
15.108053551000001,0.02,0.01,0.0,0.01
15.109048274000001,0.01,0.01,0.01,0.0
15.110048714000001,0.01,0.01,0.0,0.0
15.111106098,0.0,0.01,0.0,0.0
15.112054922,0.0,0.01,0.0,0.0
15.113042394,0.0,0.01,0.0,0.0
15.114039161000001,0.01,0.01,0.01,0.0
15.115040744000002,0.01,0.01,0.0,0.01
15.116087229000001,0.0,0.02,0.0,0.0
15.117042077,0.0,0.03,0.0,0.0
15.118048148000002,0.0,0.01,0.05,0.0
15.119050757,0.0,0.01,0.0,0.0
15.120294623000001,0.0,0.01,0.0,0.01
15.1220686,0.01,0.01,0.0,0.0
15.123074756000001,0.01,0.01,0.01,0.0
15.124055003,0.02,0.01,0.0,0.05
15.125044560000001,0.01,0.01,0.0,0.02
15.126055533,0.0,0.06,0.0,0.0
15.127057281,0.01,0.01,0.0,0.0
15.128097356000001,0.02,0.01,0.01,0.0
15.129065491,0.03,0.01,0.0,0.02
15.130042299000001,0.0,0.01,0.0,0.0
15.131052248000001,0.0,0.01,0.0,0.0
15.132048441,0.0,0.01,0.0,0.0
15.133042089000002,0.0,0.01,0.0,0.03
15.134041327,0.01,0.01,0.0,0.0
15.13604151,0.0,0.03,0.0,0.06
15.137044775000001,0.0,0.02,0.0,0.01
15.13804462,0.01,0.01,0.0,0.0
15.139092048,0.01,0.01,0.01,0.0
15.140044426000001,0.0,0.01,0.0,0.0
15.141043452000002,0.0,0.01,0.0,0.0
15.142044432,0.0,0.0,0.0,0.0
15.143051441,0.0,0.0,0.0,0.0
15.144047250000002,0.0,0.01,0.0,0.0
15.145047407000002,0.0,0.04,0.01,0.0
15.146044188000001,0.01,0.02,0.0,0.02
15.147051489,0.0,0.02,0.0,0.0
15.148043833000001,0.0,0.01,0.0,0.01
15.149047065000001,0.0,0.01,0.01,0.0
15.151047516,0.0,0.01,0.01,0.0
15.152051084000002,0.05,0.02,0.0,0.0
15.153043656000001,0.0,0.02,0.09,0.04
15.154048305000002,0.01,0.01,0.0,0.0
15.155049687000002,0.0,0.01,0.0,0.0
15.156045537,0.0,0.01,0.0,0.0
15.157044162000002,0.0,0.01,0.01,0.0
15.158041112000001,0.0,0.01,0.0,0.0
15.159062374000001,0.01,0.03,0.0,0.0
15.160049983,0.0,0.01,0.0,0.0
15.161044311000001,0.01,0.0,0.03,0.02
15.162040205,0.02,0.02,0.02,0.0
15.163047707,0.01,0.01,0.0,0.0
15.164041655,0.0,0.0,0.0,0.01
15.166039465,0.01,0.0,0.0,0.0
15.167043695,0.02,0.01,0.0,0.0
15.168048213,0.04,0.02,0.0,0.0
15.169043125000002,0.0,0.01,0.0,0.0
15.170042387,0.0,0.01,0.0,0.0
15.171042236000002,0.0,0.0,0.0,0.0
15.172047017,0.01,0.01,0.01,0.0
15.173044027000001,0.0,0.01,0.0,0.0
15.174042484000001,0.02,0.02,0.01,0.0
15.17504955,0.02,0.0,0.0,0.0
15.176043067,0.0,0.0,0.0,0.0
15.1770425,0.0,0.0,0.0,0.0
15.178043115000001,0.04,0.01,0.03,0.0
15.179046843,0.0,0.01,0.0,0.0
15.181045813,0.0,0.01,0.0,0.0
15.182043790000002,0.0,0.01,0.0,0.0
15.183051822000001,0.01,0.02,0.0,0.0
15.184047087000001,0.0,0.0,0.0,0.0
15.185060551000001,0.0,0.01,0.0,0.0
15.186069057000001,0.0,0.01,0.0,0.01
15.187070032000001,0.02,0.0,0.0,0.0
15.188052363,0.0,0.0,0.01,0.0
15.189051846000002,0.0,0.0,0.01,0.0
15.190045845,0.0,0.0,0.0,0.0
15.191065197,0.0,0.0,0.0,0.0
15.192054249000002,0.0,0.01,0.0,0.02
15.193051912000001,0.02,0.0,0.01,0.0
15.194048536,0.0,0.01,0.0,0.0
15.196094116000001,0.0,0.0,0.01,0.0
15.197045786,0.01,0.01,0.01,0.0
15.198046529,0.0,0.0,0.0,0.0
15.199051737000001,0.0,0.01,0.0,0.0
15.200049576000001,0.0,0.01,0.0,0.0
15.201042548,0.01,0.01,0.0,0.02
15.202048122,0.0,0.0,0.0,0.0
15.203049477,0.0,0.01,0.01,0.0
15.204056035,0.0,0.01,0.01,0.0
15.205041555000001,0.0,0.01,0.0,0.0
15.20604737,0.01,0.01,0.0,0.0
15.207043232,0.0,0.01,0.03,0.01
15.20804547,0.0,0.02,0.0,0.0
15.20905813,0.01,0.02,0.01,0.01
15.210054883000002,0.0,0.02,0.01,0.0
15.212051613000002,0.0,0.02,0.0,0.0
15.213057499000001,0.0,0.02,0.01,0.0
15.214049212,0.0,0.03,0.01,0.0
15.215050274000001,0.0,0.02,0.01,0.01
15.216162907000001,0.0,0.04,0.01,0.0
15.217056348000002,0.01,0.05,0.0,0.01
15.218090723000001,0.0,0.04,0.0,0.0
15.219043018,0.0,0.03,0.0,0.0
15.220041170000002,0.0,0.03,0.0,0.0
15.221042930000001,0.0,0.03,0.0,0.0
15.222087807000001,0.0,0.03,0.01,0.0
15.223042764,0.01,0.03,0.0,0.0
15.224047529000002,0.0,0.03,0.0,0.0
15.226047293,0.0,0.03,0.0,0.0
15.227042574,0.06,0.02,0.0,0.0
15.228041924000001,0.0,0.03,0.01,0.0
15.229044451000002,0.0,0.03,0.0,0.0
15.230045309000001,0.0,0.03,0.0,0.0
15.231047518,0.01,0.03,0.0,0.0
15.232042464000001,0.02,0.02,0.01,0.0
15.233042017,0.0,0.02,0.0,0.01
15.234043729000001,0.0,0.04,0.01,0.0
15.235045614,0.02,0.03,0.0,0.0
15.236048618000002,0.0,0.02,0.0,0.0
15.237046863000002,0.01,0.02,0.01,0.01
15.238043521000002,0.0,0.02,0.0,0.0
15.239055128,0.08,0.03,0.0,0.0
15.240045455,0.0,0.03,0.0,0.0
15.242095209,0.0,0.02,0.0,0.02
15.243053515000001,0.01,0.03,0.0,0.0
15.244110885000001,0.01,0.02,0.01,0.01
15.245067944,0.0,0.04,0.01,0.0
15.246095689,0.04,0.01,0.0,0.0
15.247057402000001,0.0,0.02,0.01,0.0
15.248052067000001,0.0,0.05,0.03,0.0
15.249054128000001,0.0,0.03,0.0,0.0
15.250050046,0.0,0.03,0.0,0.0
15.251058716000001,0.0,0.02,0.0,0.0
15.252052992000001,0.0,0.02,0.0,0.0
15.253048836000001,0.0,0.03,0.0,0.03
15.254049418000001,0.0,0.02,0.03,0.0
15.255063161,0.0,0.02,0.02,0.04
15.257156095000001,0.02,0.0,0.01,0.01
15.258070255000002,0.0,0.01,0.0,0.0
15.259056913,0.0,0.01,0.03,0.0
15.26005624,0.0,0.01,0.0,0.0
15.261064091000001,0.0,0.0,0.0,0.01
15.262072479,0.0,0.0,0.0,0.0
15.263071369,0.0,0.0,0.08,0.0
15.264104001000002,0.01,0.0,0.0,0.0
15.26510754,0.0,0.01,0.01,0.0
15.266090224000001,0.0,0.0,0.0,0.01
15.267102339000001,0.0,0.01,0.0,0.0
15.268100767000002,0.01,0.0,0.0,0.01
15.269104495,0.0,0.01,0.0,0.01
15.270090513000001,0.0,0.0,0.01,0.0
15.272110556000001,0.0,0.02,0.0,0.01
15.273055588,0.0,0.0,0.0,0.01
15.274057124,0.09,0.03,0.02,0.0
15.275057347,0.01,0.01,0.01,0.01
15.276070326000001,0.01,0.03,0.01,0.01
15.277098738000001,0.0,0.0,0.01,0.04
15.278067789000001,0.0,0.0,0.01,0.03
15.279058091000001,0.01,0.01,0.0,0.0
15.280059538000001,0.0,0.05,0.03,0.0
15.281060228000001,0.01,0.02,0.0,0.0
15.282048736,0.0,0.01,0.0,0.0
15.283040976,0.0,0.0,0.0,0.0
15.284045235,0.0,0.0,0.0,0.0
15.285105560000002,0.0,0.0,0.01,0.03
15.287082333,0.0,0.0,0.0,0.0
15.288047779000001,0.0,0.0,0.01,0.01
15.289045022000002,0.01,0.0,0.0,0.01
15.290040359,0.0,0.0,0.0,0.0
15.291041403000001,0.04,0.05,0.0,0.01
15.292053813,0.0,0.01,0.01,0.0
15.293092922000001,0.0,0.01,0.0,0.02
15.294088828000001,0.0,0.0,0.0,0.0
15.295042372000001,0.0,0.0,0.0,0.0
15.296040764,0.0,0.0,0.0,0.0
15.297044934,0.01,0.04,0.0,0.0
15.298043130000002,0.0,0.01,0.0,0.01
15.299047125000001,0.0,0.0,0.0,0.0
15.300044985000001,0.0,0.0,0.0,0.0
15.302066614000001,0.01,0.01,0.01,0.0
15.303047364000001,0.0,0.0,0.0,0.0
15.304045463000001,0.0,0.0,0.0,0.0
15.305053446,0.0,0.01,0.0,0.0
15.306046269000001,0.0,0.0,0.01,0.0
15.307050531000002,0.03,0.0,0.0,0.0
15.308042722000001,0.0,0.01,0.0,0.01
15.309100175000001,0.0,0.0,0.01,0.01
15.310086417,0.0,0.0,0.0,0.0
15.311048207,0.0,0.0,0.0,0.01
15.312075054000001,0.0,0.0,0.01,0.0
15.313049045000001,0.01,0.0,0.0,0.0
15.314072193000001,0.01,0.01,0.0,0.0
15.315046626,0.0,0.0,0.0,0.0
15.317045680000001,0.0,0.0,0.01,0.0
15.318052861000002,0.0,0.01,0.01,0.0
15.319053487000001,0.0,0.0,0.01,0.0
15.32006587,0.0,0.0,0.0,0.02
15.321045523,0.01,0.02,0.01,0.0
15.322054808,0.0,0.0,0.0,0.0
15.323046040000001,0.0,0.0,0.04,0.01
15.324092523000001,0.0,0.05,0.02,0.01
15.325042252000001,0.0,0.01,0.0,0.0
15.326042244000002,0.0,0.0,0.0,0.0
15.327046527,0.01,0.01,0.01,0.0
15.328051341,0.01,0.0,0.0,0.0
15.329045078000002,0.0,0.01,0.0,0.0
15.330045091,0.01,0.01,0.01,0.0
15.332042178000002,0.01,0.01,0.0,0.01
15.333043381000001,0.01,0.01,0.01,0.0
15.334041588000002,0.0,0.02,0.0,0.0
15.335084802,0.0,0.01,0.0,0.0
15.336049664,0.0,0.01,0.0,0.0
15.337119237000001,0.0,0.01,0.0,0.0
15.338051656000001,0.0,0.01,0.0,0.01
15.339087087000001,0.0,0.01,0.0,0.0
15.340052977000001,0.0,0.02,0.0,0.0
15.341042643000002,0.0,0.01,0.0,0.0
15.342046882000002,0.0,0.0,0.0,0.0
15.343042413000001,0.0,0.01,0.0,0.0
15.344048184000002,0.0,0.01,0.0,0.0
15.345044187000001,0.0,0.0,0.0,0.0
15.347038416,0.0,0.01,0.01,0.0
15.348041328,0.01,0.0,0.0,0.01
15.349077194000001,0.01,0.0,0.0,0.0
15.350046786000002,0.0,0.0,0.0,0.0
15.351054703,0.0,0.01,0.0,0.0
15.352042861000001,0.01,0.01,0.0,0.01
15.353063227000002,0.0,0.01,0.0,0.01
15.354088456000001,0.0,0.01,0.0,0.0
15.355041969,0.01,0.0,0.01,0.01
15.356042318,0.01,0.03,0.02,0.01
15.357045225,0.0,0.01,0.01,0.05
15.358042349000002,0.0,0.01,0.01,0.01
15.359041477000002,0.0,0.0,0.0,0.0
15.360042022000002,0.01,0.01,0.0,0.0
15.361044559000002,0.01,0.0,0.01,0.01
15.363040555000001,0.02,0.01,0.0,0.0
15.364040800000001,0.01,0.02,0.0,0.0
15.365042773,0.02,0.0,0.01,0.0
15.366043732000001,0.0,0.01,0.0,0.0
15.367056784,0.0,0.0,0.0,0.0
15.36805206,0.0,0.0,0.03,0.0
15.369058582000001,0.0,0.0,0.0,0.0
15.370051352,0.0,0.01,0.0,0.0
15.371047064,0.01,0.0,0.01,0.0
15.372047055000001,0.0,0.01,0.0,0.0
15.373047187000001,0.0,0.07,0.02,0.0
15.374041570000001,0.0,0.05,0.02,0.0
15.375042261,0.01,0.08,0.01,0.0
15.376060058,0.0,0.1,0.0,0.01
15.378088156,0.0,0.08,0.01,0.0
15.379046302,0.01,0.08,0.0,0.0
15.38004298,0.0,0.06,0.01,0.0
15.381042116000001,0.0,0.09,0.0,0.01
15.382041669000001,0.0,0.06,0.0,0.0
15.383047566,0.0,0.07,0.0,0.0
15.384045057000002,0.03,0.08,0.0,0.0
15.385043387000001,0.0,0.08,0.0,0.0
15.386042390000002,0.01,0.08,0.01,0.0
15.38704139,0.0,0.09,0.0,0.0
15.388063851,0.0,0.08,0.0,0.01
15.389042225,0.0,0.08,0.0,0.0
15.390043976000001,0.04,0.09,0.0,0.0
15.391059643,0.0,0.11,0.01,0.01
15.393071418000002,0.0,0.12,0.0,0.01
15.394041949000002,0.0,0.09,0.0,0.0
15.395041448,0.0,0.09,0.0,0.0
15.39604669,0.0,0.12,0.0,0.0
15.397042326000001,0.0,0.13,0.0,0.0
15.398050443,0.0,0.13,0.0,0.0
15.399083067000001,0.01,0.1,0.0,0.0
15.400065283000002,0.0,0.1,0.0,0.0
15.401047828000001,0.03,0.1,0.0,0.05
15.402045982,0.0,0.13,0.0,0.0
15.403055207000001,0.0,0.13,0.01,0.02
15.404053997,0.0,0.13,0.0,0.0
15.405063947,0.0,0.13,0.06,0.0
15.406052892000002,0.01,0.16,0.0,0.0
15.408042487000001,0.01,0.13,0.0,0.0
15.409042002000001,0.0,0.17,0.0,0.0
15.410045109,0.0,0.15,0.0,0.0
15.411042675000001,0.0,0.17,0.0,0.0
15.412054553,0.01,0.17,0.0,0.01
15.413040693000001,0.01,0.12,0.0,0.0
15.414096787,0.0,0.13,0.0,0.01
15.415149450000001,0.0,0.14,0.0,0.0
15.416047611000002,0.0,0.15,0.0,0.0
15.417039797000001,0.0,0.15,0.01,0.01
15.418086339,0.0,0.14,0.0,0.0
15.419049236000001,0.0,0.14,0.0,0.0
15.420041926000001,0.0,0.1,0.0,0.01
15.422038361,0.0,0.12,0.01,0.01
15.423089224000002,0.0,0.11,0.01,0.0
15.424044887,0.0,0.19,0.01,0.0
15.425044204,0.01,0.15,0.01,0.0
15.426051458000002,0.01,0.12,0.0,0.0
15.427047487000001,0.0,0.13,0.01,0.0
15.428044296000001,0.0,0.14,0.0,0.0
15.429047739000001,0.0,0.11,0.0,0.01
15.430059261,0.0,0.15,0.0,0.0
15.431081924,0.0,0.15,0.0,0.0
15.432078605000001,0.01,0.15,0.01,0.0
15.433070506000002,0.01,0.14,0.0,0.0
15.434059575000001,0.03,0.08,0.0,0.0
15.43607742,0.0,0.14,0.02,0.01
15.437058537,0.0,0.12,0.01,0.0
15.438041212000002,0.0,0.09,0.01,0.0
15.439040034000001,0.0,0.09,0.0,0.0
15.440092907,0.0,0.05,0.0,0.0
15.441059912000002,0.0,0.07,0.0,0.0
15.442043207000001,0.01,0.09,0.0,0.0
15.443047759,0.01,0.12,0.0,0.0
15.444054732000001,0.04,0.11,0.0,0.0
15.445050678000001,0.0,0.08,0.0,0.0
15.446118297000002,0.0,0.09,0.01,0.04
15.44716406,0.0,0.07,0.0,0.01
15.448135577,0.01,0.02,0.01,0.03
15.449047839,0.01,0.09,0.0,0.0
15.450046543000001,0.0,0.12,0.0,0.0
15.451053761,0.01,0.11,0.0,0.0
15.452128221,0.0,0.1,0.02,0.0
15.454046289,0.01,0.08,0.0,0.0
15.455053988000001,0.01,0.08,0.0,0.05
15.456049249000001,0.0,0.08,0.0,0.0
15.457058894000001,0.01,0.09,0.0,0.02
15.458052414,0.01,0.07,0.0,0.0
15.459048283000001,0.0,0.08,0.0,0.0
15.460055562,0.0,0.05,0.01,0.0
15.461067453000002,0.01,0.04,0.0,0.0
15.462072062,0.01,0.05,0.0,0.0
15.463092624000002,0.01,0.06,0.01,0.0
15.464152633000001,0.0,0.06,0.01,0.0
15.465055227,0.0,0.04,0.0,0.01
15.466048595,0.0,0.05,0.0,0.0
15.468046295,0.03,0.05,0.0,0.0
15.469060237,0.01,0.06,0.0,0.01
15.470065250000001,0.0,0.07,0.0,0.0
15.471043126000001,0.01,0.06,0.01,0.0
15.472039182000001,0.0,0.06,0.0,0.0
15.473042990000001,0.0,0.05,0.0,0.03
15.474047518,0.0,0.03,0.0,0.0
15.475044963,0.0,0.02,0.0,0.0
15.476042043000001,0.0,0.02,0.0,0.0
15.477042701,0.0,0.0,0.01,0.0
15.478047084000002,0.01,0.0,0.0,0.01
15.479133198000001,0.0,0.0,0.0,0.0
15.480045143000002,0.01,0.0,0.01,0.0
15.481052190000002,0.01,0.0,0.01,0.0
15.483054621,0.03,0.0,0.0,0.0
15.484050607,0.03,0.03,0.0,0.0
15.485051461000001,0.0,0.03,0.01,0.02
15.486047819000001,0.01,0.01,0.01,0.0
15.487048337000001,0.0,0.0,0.0,0.0
15.488050413000002,0.05,0.01,0.0,0.0
15.489042201,0.0,0.01,0.0,0.0
15.490041195000002,0.0,0.0,0.0,0.0
15.491041964,0.0,0.0,0.0,0.0
15.492050485000002,0.0,0.03,0.0,0.0
15.493046677,0.0,0.0,0.0,0.0
15.494096842000001,0.01,0.0,0.0,0.0
15.49512333,0.01,0.0,0.0,0.0
15.496144446,0.0,0.01,0.01,0.0
15.497055151000001,0.0,0.0,0.01,0.0
15.499046594000001,0.01,0.01,0.0,0.0
15.500043230000001,0.01,0.0,0.0,0.0
15.501049975,0.01,0.0,0.04,0.0
15.502040095000002,0.01,0.0,0.0,0.02
15.503045827000001,0.02,0.0,0.0,0.01
15.504097112,0.0,0.0,0.0,0.01
15.505101935,0.01,0.0,0.0,0.0
15.506040315000002,0.01,0.01,0.0,0.01
15.507039951000001,0.0,0.0,0.01,0.01
15.508039101000001,0.0,0.0,0.0,0.0
15.509095053000001,0.0,0.0,0.01,0.0
15.510039496000001,0.0,0.0,0.0,0.0
15.512053514000002,0.01,0.01,0.01,0.0
15.513047823,0.0,0.0,0.0,0.0
15.514047907,0.02,0.0,0.01,0.0
15.515040479000001,0.01,0.01,0.01,0.0
15.516044123,0.0,0.01,0.04,0.0
15.517040446000001,0.0,0.0,0.0,0.0
15.518047627000001,0.0,0.01,0.0,0.01
15.519047362,0.0,0.0,0.0,0.0
15.520043027000002,0.07,0.01,0.0,0.0
15.521041725000002,0.01,0.0,0.0,0.02
15.522049267000002,0.02,0.0,0.0,0.01
15.523051294000002,0.0,0.0,0.04,0.0
15.524059659,0.0,0.0,0.0,0.0
15.525061611000002,0.0,0.0,0.0,0.0
15.526045270000001,0.0,0.0,0.0,0.01
15.527078787,0.01,0.01,0.01,0.0
15.528118705,0.0,0.0,0.0,0.0
15.53005521,0.0,0.0,0.0,0.0
15.531042959,0.06,0.0,0.03,0.01
15.532049934000002,0.0,0.01,0.0,0.0
15.533093101,0.0,0.0,0.01,0.0
15.534055420000001,0.01,0.01,0.0,0.0
15.535047723000002,0.03,0.0,0.01,0.0
15.536051377000001,0.0,0.0,0.0,0.0
15.537042702,0.0,0.0,0.0,0.0
15.538054764000002,0.01,0.0,0.01,0.01
15.539052939000001,0.0,0.0,0.0,0.0
15.540052482,0.0,0.0,0.01,0.0
15.541048553000001,0.0,0.0,0.0,0.0
15.542107777000002,0.0,0.01,0.01,0.0
15.54404034,0.01,0.03,0.0,0.0
15.545041642000001,0.0,0.0,0.0,0.01
15.546041946,0.02,0.0,0.0,0.0
15.547043094000001,0.01,0.02,0.02,0.0
15.5480429,0.01,0.0,0.0,0.0
15.549041694000001,0.0,0.0,0.0,0.0
15.550042446,0.0,0.0,0.0,0.01
15.551043578000002,0.0,0.01,0.0,0.0
15.552053094000001,0.0,0.0,0.0,0.0
15.553057361,0.0,0.0,0.0,0.0
15.554105383000001,0.0,0.0,0.03,0.0
15.555072619,0.01,0.0,0.0,0.01
15.556055234,0.01,0.0,0.01,0.0
15.557053184,0.0,0.0,0.0,0.0
15.559044275000002,0.01,0.0,0.0,0.0
15.560041567,0.0,0.0,0.03,0.0
15.561040774,0.01,0.01,0.01,0.0
15.562048736000001,0.02,0.0,0.02,0.02
15.563046165000001,0.0,0.01,0.0,0.02
15.564043552000001,0.0,0.01,0.01,0.0
15.565042562,0.0,0.0,0.0,0.01
15.566042771000001,0.06,0.0,0.01,0.0
15.567049631000001,0.09,0.01,0.0,0.01
15.568045931,0.0,0.0,0.03,0.01
15.569043980000002,0.0,0.01,0.0,0.0
15.570043802,0.0,0.0,0.0,0.0
15.571043549,0.01,0.01,0.0,0.0
15.572051312000001,0.0,0.0,0.0,0.0
15.574046696000002,0.0,0.0,0.0,0.0
15.575062655000002,0.01,0.0,0.01,0.0
15.576044411000002,0.01,0.0,0.0,0.0
15.577043137,0.0,0.04,0.0,0.0
15.578042105000002,0.0,0.0,0.01,0.01
15.579056814000001,0.0,0.0,0.07,0.0
15.580047523000001,0.0,0.0,0.0,0.0
15.581045801,0.0,0.02,0.01,0.01
15.582042059,0.0,0.0,0.0,0.0
15.583049451,0.0,0.01,0.0,0.0
15.584057242,0.0,0.01,0.0,0.0
15.585113151000002,0.0,0.01,0.0,0.0
15.586065176000002,0.0,0.0,0.0,0.0
15.587056611000001,0.0,0.0,0.0,0.0
15.589039172000001,0.01,0.0,0.0,0.0
15.590047404000002,0.0,0.01,0.0,0.0
15.591076474000001,0.0,0.0,0.0,0.0
15.592041781,0.04,0.05,0.01,0.0
15.593040695000001,0.0,0.02,0.0,0.0
15.594040257000001,0.0,0.01,0.04,0.0
15.595040601000001,0.0,0.01,0.0,0.01
15.596043089,0.0,0.01,0.0,0.0
15.597041719000002,0.0,0.01,0.01,0.0
15.598040053000002,0.01,0.0,0.0,0.0
15.599044588000002,0.04,0.01,0.0,0.0
15.600040146000001,0.01,0.0,0.01,0.0
15.601042201,0.0,0.01,0.01,0.0
15.602040908000001,0.01,0.02,0.01,0.01
15.604041202000001,0.0,0.01,0.01,0.03
15.605041472000002,0.0,0.0,0.0,0.0
15.606045651,0.0,0.01,0.01,0.0
15.607059551,0.0,0.0,0.01,0.0
15.608057618,0.05,0.0,0.05,0.01
15.609050827,0.0,0.0,0.0,0.0
15.610042870000001,0.01,0.01,0.0,0.01
15.611045386,0.01,0.02,0.01,0.01
15.612050169000002,0.01,0.01,0.0,0.01
15.613048272,0.0,0.01,0.04,0.0
15.614047131000001,0.0,0.0,0.0,0.05
15.615049870000002,0.0,0.0,0.01,0.0
15.616047271000001,0.0,0.02,0.0,0.01
15.618043749000002,0.0,0.0,0.0,0.0
15.619042558,0.01,0.01,0.01,0.0
15.620058205000001,0.0,0.0,0.0,0.0
15.621053582000002,0.0,0.0,0.0,0.01
15.622052842,0.0,0.01,0.0,0.0
15.623047996,0.0,0.0,0.0,0.0
15.624042023000001,0.0,0.01,0.0,0.0
15.625041385000001,0.0,0.01,0.02,0.05
15.626085111000002,0.01,0.0,0.01,0.0
15.62704214,0.0,0.0,0.0,0.0
15.628064288000001,0.0,0.0,0.0,0.0
15.629085804,0.01,0.01,0.0,0.0
15.630040503000002,0.02,0.0,0.0,0.0
15.631041228,0.01,0.01,0.01,0.05
15.633042184,0.0,0.0,0.0,0.0
15.634059465000002,0.0,0.0,0.01,0.0
15.635042217,0.01,0.01,0.03,0.0
15.636044877000002,0.0,0.02,0.0,0.0
15.637043329,0.02,0.0,0.01,0.0
15.638041434000002,0.01,0.0,0.01,0.01
15.639045956,0.0,0.01,0.0,0.0
15.640092738000002,0.0,0.0,0.04,0.03
15.641041237000001,0.0,0.04,0.0,0.0
15.642040535000001,0.0,0.01,0.02,0.0
15.643040743,0.0,0.0,0.01,0.0
15.644086183,0.0,0.0,0.0,0.01
15.645045411000002,0.0,0.0,0.0,0.0
15.646049286,0.0,0.02,0.03,0.0
15.648064735,0.03,0.02,0.0,0.02
15.649099349,0.0,0.0,0.01,0.0
15.650042926000001,0.01,0.0,0.0,0.0
15.651052219,0.0,0.0,0.0,0.0
15.652045575,0.0,0.01,0.01,0.0
15.653040274,0.0,0.03,0.0,0.0
15.654040547000001,0.01,0.0,0.0,0.0
15.655051501,0.0,0.02,0.0,0.01
15.656041089,0.01,0.0,0.02,0.0
15.657043173000002,0.0,0.01,0.01,0.0
15.658041415000001,0.01,0.0,0.0,0.01
15.659045262000001,0.0,0.07,0.0,0.03
15.660043111,0.0,0.01,0.0,0.0
15.661093569,0.01,0.0,0.0,0.02
15.663039706000001,0.01,0.01,0.0,0.0
15.66404175,0.01,0.01,0.0,0.0
15.665042181,0.01,0.01,0.0,0.01
15.666042186,0.0,0.0,0.0,0.0
15.667043277000001,0.0,0.01,0.0,0.0
15.668042676,0.0,0.02,0.0,0.0
15.669043653000001,0.0,0.0,0.0,0.0
15.670041876,0.0,0.0,0.0,0.0
15.671051986,0.0,0.01,0.0,0.0
15.672044844,0.03,0.0,0.02,0.0
15.673053261000002,0.01,0.0,0.0,0.0
15.674104222,0.0,0.0,0.0,0.01
15.675042800000002,0.01,0.0,0.0,0.0
15.676048035,0.0,0.04,0.0,0.12
15.678105106,0.0,0.0,0.0,0.0
15.679081455,0.0,0.0,0.0,0.0
15.680072506,0.0,0.01,0.0,0.0
15.681063889,0.01,0.0,0.0,0.01
15.682067345,0.0,0.0,0.0,0.0
15.683047503000001,0.03,0.0,0.0,0.0
15.684051853000001,0.01,0.0,0.01,0.01
15.685057231000002,0.01,0.0,0.01,0.01
15.686063317,0.0,0.0,0.0,0.0
15.687055311000002,0.0,0.0,0.01,0.01
15.688096925000002,0.01,0.01,0.0,0.01
15.689103300000001,0.0,0.01,0.0,0.0
15.690039843000001,0.0,0.0,0.0,0.01
15.691063575000001,0.06,0.01,0.0,0.0
15.692047665,0.0,0.0,0.0,0.0
15.694045049000001,0.0,0.0,0.0,0.0
15.695081336000001,0.0,0.03,0.0,0.0
15.696066841,0.0,0.01,0.0,0.0
15.697130579000001,0.0,0.01,0.0,0.01
15.698060386000002,0.01,0.0,0.01,0.0
15.699166773000002,0.0,0.0,0.0,0.0
15.700043474000001,0.0,0.01,0.0,0.0
15.701047863000001,0.01,0.0,0.0,0.01
15.702062848,0.0,0.01,0.02,0.0
15.703057884000001,0.03,0.0,0.0,0.0
15.704043483000001,0.01,0.01,0.0,0.0
15.705053819000002,0.0,0.0,0.01,0.0
15.707054473000001,0.0,0.0,0.01,0.0
15.708059608000001,0.02,0.01,0.0,0.0
15.7090452,0.01,0.0,0.01,0.02
15.710062163000002,0.0,0.01,0.01,0.01
15.711070169000001,0.01,0.01,0.0,0.01
15.712059521,0.0,0.01,0.0,0.0
15.713063406000002,0.0,0.02,0.0,0.0
15.714054346000001,0.02,0.0,0.0,0.01
15.715058003000001,0.01,0.01,0.01,0.01
15.716041803000001,0.0,0.01,0.0,0.0
15.717036658000001,0.0,0.0,0.0,0.0
15.718110951000002,0.0,0.0,0.0,0.0
15.719120940000002,0.0,0.0,0.0,0.0
15.720048936000001,0.02,0.0,0.01,0.0
15.721058991000001,0.01,0.01,0.0,0.0
15.722050818000001,0.0,0.01,0.0,0.0
15.7230427,0.1,0.06,0.01,0.0
15.725045466000001,0.0,0.0,0.01,0.01
15.726086985,0.0,0.0,0.0,0.01
15.727042553,0.01,0.04,0.02,0.0
15.728043263000002,0.0,0.01,0.0,0.0
15.729052099,0.0,0.0,0.0,0.0
15.730054996000002,0.0,0.0,0.0,0.0
15.73104307,0.01,0.0,0.01,0.0
15.732039432,0.0,0.01,0.0,0.0
15.733038477000001,0.0,0.0,0.01,0.0
15.734045909,0.0,0.01,0.0,0.02
15.735111149000002,0.0,0.0,0.0,0.0
15.736045315,0.0,0.0,0.01,0.05
15.737043316000001,0.0,0.0,0.0,0.0
15.739055966,0.0,0.01,0.0,0.0
15.740061256,0.0,0.01,0.01,0.0
15.741079062,0.0,0.0,0.0,0.0
15.742062269000002,0.0,0.01,0.0,0.02
15.743047425,0.01,0.02,0.0,0.03
15.744041619,0.0,0.01,0.0,0.0
15.745056907,0.0,0.01,0.0,0.0
15.746053488000001,0.0,0.0,0.01,0.0
15.747063085,0.0,0.0,0.01,0.02
15.74804991,0.01,0.0,0.01,0.0
15.749051032,0.0,0.0,0.0,0.0
15.750038714,0.0,0.0,0.0,0.0
15.751104981000001,0.0,0.01,0.0,0.01
15.752056976,0.03,0.01,0.02,0.0
15.754048978,0.0,0.04,0.01,0.0
15.755037573000001,0.0,0.0,0.0,0.0
15.756039084000001,0.0,0.01,0.0,0.0
15.757050715,0.0,0.0,0.02,0.0
15.758047690000001,0.01,0.01,0.01,0.0
15.759042952000001,0.0,0.01,0.01,0.0
15.760039604000001,0.0,0.02,0.0,0.06
15.761055053000002,0.01,0.0,0.02,0.01
15.762045058000002,0.0,0.01,0.04,0.0
15.763044139000002,0.0,0.0,0.0,0.01
15.764044445000001,0.0,0.04,0.04,0.02
15.765044365000001,0.0,0.0,0.0,0.0
15.766047981000002,0.0,0.01,0.0,0.0
15.767071325000002,0.0,0.0,0.0,0.0
15.768130648000001,0.07,0.01,0.0,0.0
15.770049640000002,0.01,0.01,0.01,0.06
15.771070459,0.0,0.0,0.0,0.0
15.772067561000002,0.0,0.02,0.0,0.0
15.773054111,0.0,0.0,0.0,0.02
15.774101877000001,0.0,0.0,0.0,0.0
15.775047864000001,0.0,0.0,0.0,0.0
15.776096085,0.01,0.0,0.01,0.01
15.777050039,0.0,0.01,0.01,0.01
15.778040778000001,0.0,0.0,0.0,0.0
15.779041135000002,0.0,0.01,0.0,0.0
15.780040281000002,0.01,0.01,0.0,0.0
15.781099258000001,0.0,0.0,0.0,0.02
15.782047174,0.0,0.01,0.0,0.0
15.783145953000002,0.0,0.0,0.0,0.0
15.785087252,0.0,0.01,0.01,0.01
15.786041319,0.04,0.01,0.0,0.0
15.787047802000002,0.0,0.0,0.02,0.04
15.788041940000001,0.0,0.0,0.0,0.0
15.789046297,0.0,0.0,0.0,0.0
15.790045479000002,0.0,0.0,0.0,0.0
15.791040062,0.0,0.0,0.0,0.0
15.792045245,0.01,0.0,0.0,0.0
15.793043956000002,0.0,0.0,0.01,0.0
15.794048045,0.01,0.0,0.01,0.0
15.795052295000001,0.01,0.0,0.0,0.01
15.796048282000001,0.01,0.0,0.0,0.0
15.797055575000002,0.0,0.0,0.01,0.02
15.799049031000001,0.0,0.0,0.0,0.0
15.800048756,0.04,0.04,0.0,0.12
15.801050634000001,0.0,0.0,0.01,0.0
15.802078573000001,0.0,0.0,0.02,0.01
15.803063882000002,0.0,0.01,0.0,0.0
15.804076515,0.0,0.01,0.0,0.0
15.805102625000002,0.02,0.0,0.01,0.0
15.806048346,0.0,0.01,0.0,0.0
15.807046539000002,0.0,0.0,0.0,0.0
15.808039608000001,0.0,0.02,0.01,0.0
15.809045220000002,0.0,0.01,0.0,0.0
15.810055388,0.0,0.0,0.0,0.0
15.811045216,0.0,0.01,0.01,0.01
15.812043506,0.01,0.0,0.01,0.0
15.814043076,0.01,0.01,0.01,0.0
15.815055571,0.03,0.01,0.01,0.0
15.816044987000001,0.0,0.0,0.0,0.0
15.817040283,0.01,0.0,0.0,0.0
15.818039932000001,0.0,0.0,0.0,0.0
15.819045726,0.0,0.01,0.0,0.0
15.820040525000001,0.01,0.0,0.0,0.0
15.821040386000002,0.0,0.0,0.0,0.0
15.822044991,0.0,0.0,0.0,0.01
15.82304487,0.01,0.0,0.0,0.0
15.824055538000001,0.0,0.01,0.0,0.0
15.825052294,0.0,0.0,0.0,0.0
15.826055969,0.0,0.01,0.01,0.01
15.827044465,0.0,0.0,0.01,0.0
15.828042597000001,0.0,0.0,0.0,0.0
15.829043056000001,0.0,0.0,0.0,0.0
15.831052464,0.01,0.0,0.02,0.0
15.832047093000002,0.0,0.01,0.0,0.0
15.833050747000001,0.0,0.0,0.0,0.0
15.834058984,0.01,0.0,0.0,0.0
15.835051235000002,0.0,0.0,0.0,0.03
15.836062118000001,0.0,0.02,0.0,0.02
15.837080405000002,0.01,0.01,0.01,0.0
15.838045153000001,0.0,0.01,0.01,0.0
15.839043085,0.0,0.0,0.0,0.0
15.840045633,0.0,0.01,0.0,0.0
15.841111277000001,0.0,0.01,0.0,0.0
15.842041135,0.0,0.01,0.0,0.01
15.843044678000002,0.0,0.0,0.01,0.0
15.844044197,0.0,0.01,0.0,0.04
15.846045677000001,0.01,0.0,0.0,0.0
15.847058786000002,0.01,0.0,0.01,0.01
15.848058868,0.0,0.0,0.0,0.0
15.849043599000002,0.0,0.0,0.0,0.0
15.850042743000001,0.0,0.04,0.03,0.0
15.85104169,0.01,0.0,0.0,0.01
15.852043804000001,0.0,0.0,0.0,0.01
15.853094305,0.0,0.01,0.0,0.0
15.854045084000001,0.01,0.0,0.0,0.0
15.855044693000002,0.0,0.02,0.01,0.0
15.856042136000001,0.01,0.05,0.0,0.01
15.857055232,0.01,0.01,0.0,0.0
15.858093159000001,0.0,0.01,0.0,0.0
15.859047048,0.0,0.0,0.0,0.01
15.861046255000002,0.01,0.0,0.0,0.0
15.862046031,0.0,0.0,0.0,0.03
15.863066173000002,0.0,0.0,0.0,0.0
15.864054609000002,0.01,0.0,0.0,0.0
15.86508968,0.0,0.0,0.01,0.01
15.866086571,0.0,0.01,0.0,0.0
15.867052866000002,0.0,0.01,0.0,0.0
15.868041634,0.0,0.03,0.0,0.0
15.869050032,0.0,0.0,0.0,0.0
15.870086964,0.0,0.0,0.01,0.0
15.871049665000001,0.0,0.0,0.02,0.0
15.872045698,0.0,0.0,0.01,0.0
15.873039956000001,0.0,0.01,0.01,0.0
15.874089304000002,0.0,0.01,0.0,0.0
15.876040359000001,0.03,0.01,0.01,0.0
15.877042571,0.0,0.0,0.01,0.0
15.878041429000001,0.0,0.0,0.0,0.0
15.879057584000002,0.0,0.0,0.0,0.0
15.880043131,0.0,0.0,0.01,0.0
15.881042225000002,0.01,0.0,0.0,0.01
15.882042668,0.0,0.0,0.02,0.0
15.883050311000002,0.01,0.0,0.0,0.01
15.884041274000001,0.01,0.0,0.01,0.0
15.885042400000001,0.05,0.0,0.04,0.01
15.886044217,0.0,0.0,0.0,0.01
15.887071171,0.0,0.03,0.0,0.0
15.888042318,0.0,0.0,0.0,0.0
15.889040813000001,0.01,0.0,0.0,0.0
15.891041461,0.01,0.01,0.0,0.0
15.892043669000001,0.0,0.01,0.0,0.0
15.893042732000001,0.0,0.02,0.02,0.0
15.894107510000001,0.0,0.0,0.04,0.01
15.895077354000001,0.0,0.03,0.0,0.01
15.896059093000002,0.01,0.03,0.01,0.0
15.897164578000002,0.0,0.01,0.01,0.0
15.898055894,0.01,0.01,0.0,0.0
15.899049935,0.0,0.01,0.01,0.0
15.900065874000001,0.01,0.0,0.0,0.01
15.901049443000002,0.0,0.0,0.01,0.0
15.902055369000001,0.0,0.0,0.0,0.0
15.903041569,0.0,0.0,0.0,0.01
15.904045000000002,0.02,0.05,0.0,0.02
15.905044974,0.0,0.02,0.0,0.0
15.907042003,0.0,0.0,0.01,0.0
15.908041460000002,0.0,0.0,0.0,0.0
15.909044873000001,0.0,0.0,0.0,0.0
15.910060931,0.0,0.0,0.01,0.0
15.911043395000002,0.01,0.0,0.0,0.0
15.912048101000002,0.01,0.02,0.0,0.01
15.913042802000001,0.0,0.0,0.0,0.0
15.914041682,0.05,0.0,0.0,0.0
15.915046531000002,0.01,0.01,0.0,0.0
15.916042613,0.0,0.0,0.0,0.0
15.917047696000001,0.01,0.0,0.0,0.0
15.918043970000001,0.05,0.0,0.02,0.0
15.919042844000002,0.0,0.01,0.0,0.01
15.920047173,0.0,0.01,0.0,0.0
15.922041977000001,0.0,0.0,0.01,0.01
15.923044971000001,0.0,0.01,0.0,0.0
15.924043797000001,0.01,0.06,0.04,0.0
15.925049308,0.0,0.0,0.0,0.02
15.926168571000002,0.0,0.0,0.0,0.0
15.927056599,0.0,0.0,0.0,0.0
15.928054956,0.01,0.0,0.0,0.0
15.929064011000001,0.03,0.01,0.0,0.0
15.93005798,0.0,0.01,0.0,0.02
15.931057430000001,0.0,0.01,0.0,0.0
15.932042169,0.0,0.0,0.0,0.0
15.933040164000001,0.0,0.01,0.04,0.0
15.934057107000001,0.01,0.0,0.0,0.0
15.935040521000001,0.0,0.01,0.0,0.0
15.937101367,0.0,0.02,0.07,0.07
15.938044354,0.0,0.0,0.01,0.0
15.939049504000002,0.01,0.0,0.01,0.0
15.940041021,0.0,0.0,0.02,0.0
15.941043589000001,0.0,0.01,0.0,0.0
15.942042229,0.0,0.01,0.0,0.0
15.943047861,0.0,0.0,0.0,0.0
15.944041752,0.0,0.0,0.01,0.01
15.94504049,0.0,0.01,0.0,0.03
15.946041144,0.01,0.01,0.01,0.01
15.947042701,0.0,0.0,0.0,0.0
15.948047704,0.0,0.0,0.0,0.0
15.949042779000001,0.0,0.0,0.0,0.0
15.950043268000002,0.0,0.0,0.0,0.0
15.952048001000001,0.0,0.01,0.0,0.01
15.953047260000002,0.0,0.02,0.0,0.01
15.954044840000002,0.0,0.0,0.0,0.0
15.95504395,0.0,0.0,0.0,0.0
15.956146004,0.0,0.0,0.0,0.0
15.95709839,0.0,0.01,0.02,0.0
15.958043040000002,0.0,0.01,0.01,0.0
15.959053889000002,0.0,0.0,0.0,0.0
15.960055366,0.01,0.0,0.01,0.0
15.961051257000001,0.02,0.0,0.0,0.0
15.962054846000001,0.03,0.03,0.12,0.0
15.96305987,0.0,0.01,0.0,0.0
15.964052862,0.0,0.02,0.01,0.0
15.965042569000001,0.05,0.0,0.0,0.0
15.967045068000001,0.0,0.0,0.01,0.0
15.968110617,0.0,0.0,0.0,0.0
15.969062014,0.0,0.0,0.0,0.0
15.970046058000001,0.01,0.0,0.0,0.01
15.971079512000001,0.0,0.01,0.0,0.0
15.972043803000002,0.0,0.0,0.0,0.0
15.973040987000001,0.0,0.0,0.0,0.0
15.974047585000001,0.01,0.0,0.0,0.0
15.975086796000001,0.0,0.0,0.01,0.0
15.976043393000001,0.01,0.0,0.0,0.0
15.977103469000001,0.0,0.0,0.0,0.02
15.978044301,0.0,0.0,0.0,0.0
15.979047281000001,0.0,0.0,0.02,0.0
15.980044007000002,0.0,0.0,0.0,0.0
15.982049227000001,0.01,0.0,0.0,0.0
15.983054872,0.0,0.01,0.0,0.0
15.984044455000001,0.0,0.0,0.0,0.0
15.985057827,0.0,0.01,0.0,0.0
15.986043559,0.0,0.0,0.0,0.0
15.987051124,0.0,0.01,0.02,0.03
15.988065982,0.0,0.0,0.0,0.0
15.989056435,0.0,0.0,0.0,0.0
15.990055958000001,0.0,0.0,0.0,0.0
15.991048085000001,0.0,0.04,0.0,0.03
15.992052248,0.0,0.0,0.0,0.0
15.993115676,0.0,0.0,0.0,0.0
15.994059085000002,0.05,0.0,0.13,0.0
15.995051949,0.0,0.0,0.0,0.02
15.997040198,0.0,0.0,0.0,0.0
15.998045053,0.0,0.0,0.03,0.01
15.999048624,0.0,0.01,0.0,0.0
16.000072189,0.0,0.02,0.01,0.0
16.001054282000002,0.01,0.0,0.01,0.01
16.002041314,0.0,0.01,0.03,0.01
16.003070459,0.0,0.05,0.0,0.01
16.004044337,0.0,0.03,0.02,0.0
16.005045194,0.0,0.02,0.0,0.0
16.0060384,0.0,0.01,0.01,0.01
16.007057942,0.02,0.01,0.0,0.0
16.008057063000003,0.0,0.01,0.0,0.01
16.009076556,0.0,0.0,0.0,0.0
16.0100605,0.0,0.0,0.0,0.09
16.012055531,0.0,0.0,0.0,0.0
16.013044721,0.0,0.0,0.0,0.0
16.014044895,0.01,0.0,0.0,0.0
16.015044809000003,0.0,0.01,0.0,0.0
16.016048417,0.0,0.0,0.0,0.0
16.017052708,0.01,0.05,0.03,0.03
16.018126091000003,0.0,0.0,0.0,0.0
16.019041151,0.0,0.0,0.0,0.0
16.020071365,0.0,0.01,0.01,0.0
16.021083583,0.0,0.0,0.0,0.0
16.022090582,0.0,0.0,0.0,0.0
16.023172484,0.0,0.01,0.0,0.0
16.024058678,0.0,0.0,0.01,0.01
16.025049677000002,0.0,0.0,0.0,0.0
16.0270444,0.05,0.01,0.01,0.0
16.028038324,0.0,0.01,0.0,0.01
16.029040438000003,0.0,0.0,0.0,0.0
16.030044186,0.01,0.0,0.0,0.0
16.031047493000003,0.0,0.0,0.0,0.0
16.03205189,0.01,0.01,0.0,0.0
16.033047705,0.0,0.0,0.0,0.0
16.034064892,0.0,0.0,0.0,0.01
16.035049421,0.0,0.0,0.0,0.0
16.036040359,0.0,0.01,0.0,0.0
16.037049132,0.0,0.0,0.03,0.0
16.038091419,0.0,0.0,0.0,0.0
16.03904908,0.07,0.02,0.0,0.01
16.040050061000002,0.01,0.01,0.01,0.01
16.041053872000003,0.02,0.0,0.0,0.01
16.04304606,0.0,0.0,0.0,0.0
16.044042756,0.0,0.0,0.0,0.0
16.045045033,0.01,0.0,0.0,0.0
16.046051544,0.0,0.01,0.0,0.01
16.047050878,0.12,0.05,0.03,0.0
16.048056182,0.0,0.0,0.0,0.0
16.049056949,0.03,0.0,0.0,0.02
16.050101704,0.0,0.01,0.0,0.0
16.051046464000002,0.0,0.0,0.0,0.0
16.052046058000002,0.0,0.01,0.01,0.0
16.05307219,0.0,0.0,0.0,0.0
16.054063506000002,0.01,0.0,0.0,0.03
16.055073516,0.0,0.01,0.0,0.0
16.056204616000002,0.03,0.0,0.0,0.05
16.057159477000003,0.0,0.0,0.01,0.0
16.059044053,0.0,0.0,0.0,0.0
16.060062177000002,0.0,0.0,0.0,0.0
16.061076065,0.0,0.01,0.01,0.0
16.062049297,0.0,0.01,0.02,0.01
16.063042809000002,0.02,0.05,0.01,0.05
16.064043702,0.0,0.0,0.02,0.0
16.065046437,0.01,0.01,0.0,0.01
16.066046588000003,0.0,0.0,0.03,0.0
16.067051605,0.0,0.01,0.01,0.0
16.068049388000002,0.0,0.0,0.0,0.0
16.069053182,0.0,0.0,0.01,0.01
16.071062692,0.0,0.02,0.01,0.0
16.07205751,0.0,0.0,0.01,0.0
16.073050475000002,0.0,0.0,0.0,0.02
16.074050393,0.06,0.01,0.0,0.0
16.075042661,0.02,0.08,0.0,0.02
16.076054210000002,0.0,0.0,0.0,0.05
16.077059678,0.01,0.0,0.0,0.01
16.078049405,0.01,0.0,0.0,0.0
16.079062608,0.0,0.0,0.0,0.0
16.080059901000002,0.01,0.01,0.0,0.01
16.081091065000003,0.0,0.0,0.0,0.03
16.082060178000003,0.0,0.01,0.0,0.0
16.083096567000002,0.0,0.01,0.01,0.02
16.084056104000002,0.0,0.0,0.0,0.0
16.085048202,0.0,0.0,0.0,0.01
16.08706196,0.0,0.0,0.01,0.01
16.088059285,0.02,0.0,0.0,0.0
16.089039593000003,0.0,0.0,0.0,0.0
16.090064756,0.0,0.01,0.0,0.0
16.091050461000002,0.01,0.01,0.0,0.0
16.092037816,0.0,0.0,0.0,0.0
16.093048536,0.0,0.0,0.0,0.0
16.094099163000003,0.04,0.03,0.0,0.02
16.095044614000003,0.0,0.0,0.0,0.0
16.096045907,0.01,0.0,0.0,0.0
16.097039743,0.01,0.0,0.0,0.0
16.098080268,0.0,0.0,0.0,0.0
16.099046397000002,0.0,0.01,0.0,0.0
16.100044839000002,0.0,0.0,0.0,0.02
16.102041682,0.0,0.0,0.0,0.01
16.103061876,0.0,0.0,0.0,0.0
16.104053532000002,0.01,0.0,0.0,0.02
16.105045959,0.0,0.0,0.0,0.0
16.106046242,0.0,0.0,0.0,0.0
16.107044690000002,0.0,0.01,0.0,0.0
16.108092946,0.0,0.01,0.0,0.0
16.109093992000002,0.0,0.0,0.0,0.0
16.110044904000002,0.0,0.01,0.0,0.0
16.111063722,0.01,0.01,0.01,0.01
16.112060918,0.01,0.0,0.0,0.0
16.113057694000002,0.01,0.01,0.0,0.0
16.114045439,0.0,0.01,0.01,0.0
16.115045475000002,0.01,0.0,0.01,0.0
16.117042146,0.0,0.0,0.0,0.0
16.118046678000002,0.0,0.02,0.0,0.0
16.11905071,0.0,0.0,0.0,0.0
16.120042856,0.0,0.0,0.0,0.0
16.121046763000002,0.0,0.0,0.01,0.03
16.122042963000002,0.01,0.0,0.0,0.01
16.123062837000003,0.0,0.01,0.0,0.01
16.124086324,0.0,0.0,0.0,0.0
16.125041533,0.0,0.03,0.0,0.0
16.126041549,0.0,0.0,0.0,0.0
16.127040323,0.01,0.0,0.0,0.0
16.128048537,0.0,0.02,0.01,0.04
16.129043151,0.0,0.0,0.0,0.0
16.130042815,0.01,0.02,0.01,0.0
16.131046587,0.02,0.0,0.01,0.0
16.133040524000002,0.02,0.0,0.0,0.0
16.134046344,0.0,0.01,0.0,0.0
16.135049825,0.0,0.01,0.0,0.0
16.136050697,0.0,0.0,0.0,0.0
16.137046945,0.0,0.01,0.0,0.0
16.13804506,0.0,0.0,0.0,0.01
16.139044604000002,0.0,0.0,0.0,0.0
16.140054469000003,0.01,0.06,0.0,0.03
16.141046934000002,0.0,0.0,0.0,0.0
16.142104001,0.0,0.0,0.0,0.0
16.143046628,0.01,0.0,0.01,0.01
16.144101591000002,0.01,0.01,0.0,0.0
16.145117966,0.0,0.0,0.0,0.0
16.147049785,0.0,0.0,0.0,0.01
16.148042446,0.0,0.0,0.0,0.0
16.149041675,0.0,0.0,0.0,0.0
16.150041956000003,0.0,0.02,0.0,0.0
16.151107791,0.0,0.01,0.0,0.0
16.152056461,0.0,0.0,0.0,0.0
16.153048879,0.02,0.0,0.0,0.0
16.1540624,0.01,0.02,0.0,0.0
16.155044108000002,0.0,0.01,0.0,0.0
16.156046371000002,0.01,0.01,0.0,0.03
16.15704522,0.0,0.01,0.04,0.0
16.158089882000002,0.0,0.0,0.0,0.0
16.159043482,0.0,0.0,0.0,0.0
16.160108456,0.0,0.01,0.01,0.01
16.162041963,0.0,0.0,0.01,0.0
16.163044334000002,0.0,0.0,0.0,0.0
16.16404551,0.0,0.0,0.0,0.0
16.165043255,0.0,0.0,0.01,0.0
16.166091732,0.0,0.0,0.04,0.02
16.167085079,0.01,0.0,0.0,0.0
16.168058906000002,0.0,0.0,0.0,0.0
16.169048514,0.01,0.0,0.01,0.0
16.170062655000002,0.01,0.0,0.0,0.01
16.171045938000002,0.0,0.0,0.01,0.0
16.172049931,0.08,0.0,0.0,0.01
16.173079935,0.0,0.0,0.0,0.0
16.174070346,0.01,0.01,0.03,0.0
16.175059284,0.0,0.01,0.0,0.0
16.177045207000003,0.0,0.0,0.01,0.0
16.178053351000003,0.01,0.0,0.01,0.01
16.179060491,0.0,0.01,0.0,0.0
16.180050103,0.0,0.01,0.0,0.0
16.181053412,0.0,0.0,0.0,0.0
16.182043124,0.0,0.02,0.0,0.02
16.183072476,0.0,0.01,0.0,0.0
16.184325133,0.0,0.04,0.01,0.04
16.185056812000003,0.01,0.0,0.0,0.0
16.186051115,0.01,0.0,0.0,0.0
16.187090307000002,0.0,0.0,0.01,0.01
16.188090595000002,0.0,0.0,0.01,0.0
16.189094472,0.01,0.0,0.0,0.0
16.190089775,0.0,0.0,0.02,0.0
16.19109679,0.0,0.0,0.0,0.0
16.193089085,0.0,0.0,0.0,0.0
16.194091353,0.0,0.03,0.0,0.0
16.195091769,0.01,0.0,0.0,0.0
16.196099999,0.0,0.01,0.0,0.0
16.19705838,0.0,0.0,0.0,0.01
16.198048536,0.0,0.0,0.0,0.0
16.199053137,0.0,0.01,0.0,0.0
16.200044656,0.01,0.0,0.0,0.0
16.201087209,0.0,0.01,0.0,0.01
16.202044709000003,0.07,0.0,0.0,0.0
16.203050223,0.0,0.0,0.0,0.0
16.204059503,0.03,0.0,0.0,0.0
16.205068172,0.0,0.0,0.0,0.0
16.206054548,0.0,0.03,0.01,0.0
16.208040816,0.01,0.0,0.0,0.02
16.20905433,0.04,0.0,0.0,0.0
16.210045261,0.0,0.0,0.01,0.01
16.211041475000002,0.0,0.0,0.0,0.0
16.212040428,0.01,0.0,0.0,0.0
16.213042767,0.0,0.0,0.0,0.0
16.214041838,0.0,0.01,0.0,0.0
16.21505749,0.01,0.0,0.0,0.03
16.216048162,0.0,0.02,0.02,0.0
16.217040172,0.0,0.0,0.01,0.01
16.218043743000003,0.01,0.01,0.01,0.01
16.219041129,0.0,0.0,0.0,0.0
16.220046217,0.0,0.0,0.0,0.0
16.221043158,0.0,0.0,0.0,0.0
16.223310192,0.0,0.01,0.0,0.0
16.224063305,0.0,0.0,0.0,0.01
16.225142683,0.01,0.01,0.02,0.0
16.226060762,0.0,0.0,0.0,0.0
16.227112197,0.01,0.0,0.0,0.0
16.228055697000002,0.0,0.0,0.01,0.0
16.229101239000002,0.0,0.0,0.02,0.0
16.230098938,0.0,0.0,0.01,0.0
16.231073633,0.0,0.0,0.0,0.0
16.232096584,0.0,0.0,0.0,0.0
16.233152095,0.0,0.0,0.01,0.0
16.234061729,0.0,0.0,0.07,0.01
16.235091456,0.0,0.0,0.0,0.0
16.236139836,0.01,0.0,0.0,0.01
16.238068402,0.0,0.01,0.0,0.0
16.239115260000002,0.0,0.0,0.01,0.0
16.240052982,0.02,0.0,0.07,0.02
16.241041457,0.03,0.0,0.0,0.03
16.242039849,0.01,0.0,0.0,0.0
16.243047516,0.0,0.02,0.0,0.0
16.244040813,0.0,0.0,0.02,0.04
16.245040434,0.0,0.0,0.0,0.0
16.246051738000002,0.0,0.0,0.0,0.0
16.247067578,0.0,0.0,0.0,0.0
16.248050635000002,0.01,0.0,0.0,0.0
16.249043889,0.0,0.0,0.0,0.0
16.250055783,0.01,0.0,0.0,0.0
16.251051618,0.0,0.0,0.0,0.02
16.253040901000002,0.01,0.0,0.0,0.0
16.254042765,0.0,0.0,0.0,0.0
16.255047095000002,0.0,0.01,0.0,0.0
16.256040968,0.0,0.0,0.01,0.0
16.257041314000002,0.0,0.0,0.0,0.0
16.25804546,0.0,0.02,0.0,0.0
16.25904428,0.0,0.0,0.01,0.0
16.260086393,0.0,0.0,0.0,0.0
16.261043587,0.0,0.0,0.0,0.0
16.262043246,0.0,0.01,0.01,0.0
16.263043449,0.0,0.01,0.01,0.0
16.264081493000003,0.0,0.03,0.0,0.0
16.26507773,0.0,0.01,0.04,0.0
16.266076560000002,0.0,0.0,0.01,0.0
16.268051695,0.0,0.0,0.01,0.0
16.269045361,0.0,0.0,0.0,0.0
16.27005419,0.0,0.01,0.0,0.0
16.271059296,0.0,0.01,0.01,0.01
16.272061554,0.0,0.01,0.0,0.0
16.27308992,0.0,0.01,0.0,0.0
16.274045654000002,0.0,0.01,0.01,0.0
16.275043937,0.0,0.01,0.0,0.0
16.276050205,0.0,0.01,0.0,0.0
16.277047304,0.0,0.01,0.0,0.04
16.278048074,0.0,0.0,0.0,0.01
16.279045863,0.0,0.01,0.01,0.0
16.280047422000003,0.0,0.01,0.01,0.0
16.28104271,0.0,0.01,0.0,0.02
16.282085906000002,0.0,0.01,0.0,0.0
16.284050209,0.0,0.02,0.04,0.0
16.285095925,0.01,0.01,0.0,0.01
16.28604619,0.0,0.01,0.0,0.0
16.287048442,0.01,0.01,0.0,0.02
16.288045065000002,0.03,0.01,0.0,0.0
16.28904378,0.0,0.01,0.0,0.0
16.290043496000003,0.02,0.03,0.0,0.0
16.291050255000002,0.0,0.0,0.01,0.01
16.292051111,0.0,0.01,0.0,0.0
16.293047703000003,0.0,0.01,0.02,0.0
16.294043092000003,0.01,0.01,0.0,0.02
16.295088269,0.01,0.01,0.0,0.0
16.296060962000002,0.01,0.01,0.0,0.0
16.298048046,0.0,0.01,0.0,0.0
16.299048951,0.0,0.01,0.0,0.0
16.300045499,0.05,0.07,0.0,0.0
16.301045947000002,0.0,0.01,0.0,0.0
16.302044077,0.01,0.01,0.0,0.0
16.303058249,0.0,0.01,0.0,0.01
16.30406417,0.0,0.0,0.01,0.01
16.305062158000002,0.0,0.01,0.01,0.0
16.30611602,0.0,0.0,0.0,0.0
16.307054376,0.0,0.01,0.0,0.01
16.308045114000002,0.01,0.01,0.0,0.0
16.309040974000002,0.0,0.01,0.0,0.0
16.310044903,0.0,0.01,0.0,0.0
16.311124501000002,0.05,0.13,0.01,0.01
16.312057503000002,0.0,0.01,0.0,0.0
16.31404286,0.0,0.01,0.0,0.0
16.315043548000002,0.0,0.01,0.01,0.0
16.316043583000003,0.0,0.01,0.01,0.03
16.31704744,0.05,0.0,0.01,0.0
16.31804938,0.04,0.08,0.07,0.01
16.31904376,0.0,0.01,0.0,0.0
16.320048564,0.0,0.01,0.01,0.0
16.321093053000002,0.0,0.01,0.0,0.03
16.32204545,0.0,0.01,0.01,0.03
16.323047349,0.0,0.0,0.01,0.0
16.324044423,0.01,0.01,0.0,0.0
16.325051180000003,0.0,0.01,0.0,0.02
16.326043461,0.0,0.01,0.0,0.01
16.327212945,0.0,0.01,0.0,0.0
16.329061259,0.05,0.01,0.0,0.0
16.330054962000002,0.0,0.02,0.0,0.0
16.331067805,0.0,0.01,0.0,0.01
16.332069118,0.0,0.01,0.01,0.01
16.333051774,0.0,0.01,0.0,0.0
16.334046107000002,0.0,0.01,0.0,0.04
16.335054069,0.01,0.0,0.06,0.02
16.336041587,0.01,0.02,0.01,0.0
16.337050545,0.0,0.01,0.0,0.01
16.338049208,0.0,0.01,0.0,0.0
16.339094704,0.0,0.01,0.0,0.0
16.340047411,0.0,0.01,0.0,0.0
16.341049459,0.0,0.01,0.0,0.01
16.342045098,0.01,0.01,0.0,0.0
16.344059087,0.0,0.02,0.0,0.0
16.345052276,0.0,0.01,0.0,0.0
16.346047521000003,0.0,0.06,0.0,0.1
16.347050092,0.0,0.01,0.0,0.0
16.348046030000003,0.0,0.01,0.0,0.0
16.349054646000003,0.0,0.02,0.01,0.0
16.350048371,0.01,0.01,0.0,0.01
16.351089484000003,0.0,0.0,0.01,0.0
16.352044198,0.0,0.03,0.0,0.01
16.35305071,0.0,0.01,0.0,0.0
16.35404732,0.0,0.01,0.0,0.0
16.35509121,0.0,0.01,0.01,0.01
16.356046932,0.0,0.01,0.0,0.0
16.357059268,0.0,0.03,0.01,0.0
16.359095419000003,0.0,0.01,0.01,0.0
16.360121643,0.0,0.02,0.0,0.01
16.36109379,0.04,0.01,0.0,0.0
16.362070186,0.01,0.01,0.0,0.01
16.363106264000002,0.02,0.01,0.0,0.0
16.364055892,0.0,0.01,0.0,0.03
16.365045555000002,0.0,0.01,0.0,0.0
16.366040517000002,0.0,0.02,0.0,0.0
16.367039595,0.03,0.03,0.09,0.0
16.3680503,0.0,0.01,0.0,0.0
16.369051673,0.01,0.01,0.0,0.0
16.370048916000002,0.0,0.01,0.0,0.01
16.371045842,0.0,0.01,0.02,0.0
16.372207518,0.0,0.01,0.01,0.0
16.3740874,0.01,0.03,0.0,0.01
16.37508498,0.0,0.01,0.0,0.01
16.376059539,0.0,0.01,0.0,0.0
16.377106291,0.01,0.01,0.0,0.01
16.378047867,0.05,0.03,0.03,0.01
16.379041801,0.0,0.01,0.0,0.0
16.380043416,0.0,0.01,0.0,0.0
16.381042728,0.0,0.01,0.0,0.01
16.382040855,0.0,0.01,0.0,0.01
16.383044292,0.0,0.02,0.0,0.0
16.384040679,0.0,0.01,0.0,0.0
16.385041027,0.0,0.01,0.0,0.0
16.386044192,0.0,0.01,0.0,0.0
16.388087532,0.0,0.01,0.0,0.0
16.389048741,0.01,0.01,0.01,0.0
16.390049490000003,0.01,0.01,0.0,0.0
16.391145451,0.0,0.01,0.01,0.01
16.392067264,0.01,0.01,0.0,0.0
16.393046077,0.0,0.01,0.03,0.0
16.394049328,0.0,0.01,0.0,0.01
16.395085116,0.0,0.01,0.0,0.0
16.39607312,0.0,0.0,0.0,0.02
16.397089534000003,0.01,0.02,0.0,0.0
16.398042836000002,0.0,0.01,0.0,0.0
16.399041515,0.01,0.02,0.0,0.0
16.400046843000002,0.0,0.01,0.0,0.0
16.401067878000003,0.0,0.01,0.0,0.0
16.402045386,0.0,0.0,0.0,0.0
16.403049741,0.0,0.04,0.0,0.0
16.405039802,0.02,0.01,0.0,0.0
16.406048564000002,0.0,0.02,0.0,0.0
16.407131492,0.0,0.01,0.01,0.01
16.408048527000002,0.01,0.01,0.0,0.0
16.409054689,0.0,0.02,0.0,0.0
16.410044455,0.0,0.01,0.0,0.0
16.411046007,0.01,0.04,0.0,0.02
16.412047295,0.0,0.02,0.0,0.0
16.413042454,0.01,0.01,0.0,0.0
16.414043593000002,0.0,0.01,0.0,0.0
16.415090770000003,0.0,0.01,0.0,0.0
16.416043208,0.01,0.02,0.0,0.0
16.417053192,0.0,0.01,0.0,0.0
16.41804935,0.0,0.02,0.0,0.0
16.42004687,0.01,0.01,0.01,0.0
16.421088873000002,0.0,0.02,0.0,0.0
16.422062687,0.0,0.01,0.0,0.0
16.423111770000002,0.0,0.01,0.0,0.0
16.424086369,0.0,0.01,0.0,0.0
16.425103467,0.01,0.03,0.01,0.0
16.426106111,0.02,0.0,0.01,0.0
16.427119873000002,0.0,0.02,0.0,0.0
16.428060798,0.0,0.01,0.0,0.01
16.429105416000002,0.0,0.0,0.0,0.01
16.430116418,0.01,0.01,0.01,0.0
16.431134093,0.0,0.01,0.0,0.01
16.432066044000003,0.0,0.0,0.0,0.0
16.433112986,0.0,0.01,0.0,0.01
16.435111457,0.0,0.01,0.0,0.0
16.436063687,0.0,0.01,0.0,0.01
16.437057426000003,0.0,0.01,0.0,0.01
16.438055268,0.0,0.0,0.0,0.0
16.439095343,0.0,0.01,0.03,0.01
16.440051773,0.1,0.0,0.0,0.02
16.441043088,0.0,0.0,0.0,0.0
16.44205169,0.0,0.0,0.0,0.01
16.443052052000002,0.02,0.0,0.01,0.0
16.444049566,0.0,0.03,0.0,0.01
16.44504877,0.0,0.01,0.02,0.0
16.446089055,0.0,0.01,0.01,0.04
16.448131919,0.04,0.0,0.03,0.02
16.449050822,0.0,0.02,0.0,0.01
16.450054967,0.0,0.0,0.0,0.0
16.451055007,0.0,0.0,0.0,0.02
16.45211604,0.0,0.02,0.04,0.01
16.453149376000002,0.01,0.0,0.01,0.0
16.454086747,0.0,0.05,0.01,0.01
16.455395434,0.0,0.0,0.02,0.0
16.456095479000002,0.0,0.01,0.0,0.0
16.45711671,0.0,0.0,0.0,0.01
16.458137971,0.0,0.0,0.0,0.0
16.459050756,0.0,0.01,0.0,0.0
16.460141341,0.0,0.0,0.0,0.01
16.461073237,0.01,0.02,0.0,0.01
16.462050584,0.01,0.0,0.0,0.0
16.464092751000003,0.0,0.06,0.0,0.01
16.465099777000002,0.0,0.01,0.01,0.01
16.466090236,0.01,0.01,0.01,0.0
16.467094375000002,0.01,0.0,0.01,0.0
16.468120081000002,0.0,0.01,0.0,0.0
16.469056694000002,0.01,0.0,0.0,0.0
16.470058532,0.0,0.0,0.0,0.0
16.47105324,0.0,0.01,0.0,0.0
16.472047461000002,0.0,0.0,0.0,0.0
16.473050129,0.0,0.0,0.0,0.0
16.474040128000002,0.0,0.0,0.05,0.04
16.475049709,0.0,0.0,0.01,0.0
16.476048935,0.01,0.0,0.01,0.0
16.47704757,0.01,0.03,0.01,0.01
16.479047268000002,0.0,0.01,0.01,0.0
16.480045699,0.0,0.01,0.01,0.0
16.481047970000002,0.0,0.0,0.02,0.0
16.482044659,0.0,0.03,0.0,0.0
16.483058462000002,0.05,0.0,0.01,0.01
16.484056178,0.0,0.01,0.01,0.0
16.485058029,0.0,0.0,0.01,0.0
16.486049476,0.0,0.0,0.0,0.0
16.487119329000002,0.01,0.0,0.0,0.0
16.488066496000002,0.0,0.0,0.01,0.0
16.489107363000002,0.01,0.01,0.0,0.0
16.490049675,0.0,0.01,0.0,0.0
16.49105382,0.05,0.0,0.04,0.0
16.492036328,0.0,0.0,0.0,0.0
16.49305392,0.0,0.0,0.0,0.0
16.495044012,0.0,0.01,0.0,0.0
16.496049743,0.01,0.0,0.0,0.0
16.497062515,0.0,0.0,0.0,0.0
16.49804322,0.0,0.01,0.0,0.0
16.499098273,0.01,0.0,0.0,0.0
16.500047876,0.0,0.0,0.0,0.0
16.501039851,0.0,0.0,0.01,0.0
16.502043306,0.0,0.0,0.0,0.0
16.50308666,0.0,0.0,0.0,0.0
16.504046367,0.0,0.03,0.0,0.0
16.505042175,0.01,0.0,0.0,0.0
16.506045649,0.0,0.0,0.0,0.0
16.507046077000002,0.0,0.0,0.0,0.01
16.508044648000002,0.0,0.0,0.01,0.0
16.509046180000002,0.01,0.0,0.01,0.0
16.511040817,0.0,0.0,0.03,0.0
16.512044293000002,0.0,0.01,0.0,0.01
16.513049729000002,0.01,0.02,0.0,0.0
16.514055123000002,0.01,0.02,0.0,0.0
16.515044678000002,0.0,0.0,0.01,0.0
16.516047024000002,0.0,0.01,0.0,0.01
16.517039788,0.0,0.0,0.0,0.0
16.518039644,0.0,0.0,0.0,0.0
16.519054883000003,0.01,0.01,0.0,0.01
16.520058687000002,0.0,0.0,0.0,0.03
16.521064067,0.02,0.0,0.02,0.01
16.522158052,0.0,0.01,0.0,0.0
16.523072414,0.0,0.0,0.0,0.0
16.524049118,0.03,0.0,0.0,0.0
16.526055771,0.0,0.02,0.0,0.0
16.527040478,0.0,0.0,0.0,0.0
16.528052624,0.01,0.01,0.0,0.0
16.529057223000002,0.0,0.01,0.0,0.01
16.530048248,0.0,0.0,0.01,0.0
16.531139165000003,0.0,0.0,0.01,0.0
16.532052547,0.01,0.0,0.01,0.01
16.533092313,0.01,0.0,0.0,0.01
16.534049699,0.0,0.0,0.0,0.0
16.535054816000002,0.0,0.03,0.02,0.08
16.53603898,0.0,0.01,0.0,0.0
16.537060025000002,0.0,0.0,0.0,0.01
16.538047263,0.01,0.01,0.01,0.0
16.539060074000002,0.0,0.01,0.0,0.0
16.541041264,0.0,0.0,0.0,0.0
16.542042866000003,0.0,0.05,0.01,0.07
16.543051489,0.0,0.0,0.0,0.0
16.544046973,0.0,0.03,0.0,0.0
16.545053559,0.01,0.0,0.0,0.0
16.546054969,0.0,0.0,0.0,0.0
16.547133795,0.0,0.0,0.0,0.0
16.548081250000003,0.01,0.0,0.0,0.01
16.549057419,0.0,0.0,0.0,0.0
16.550049202,0.0,0.01,0.01,0.0
16.551059938,0.02,0.0,0.0,0.0
16.552044916,0.0,0.01,0.0,0.0
16.553043646000003,0.0,0.0,0.0,0.0
16.554048277,0.02,0.0,0.0,0.0
16.555046765,0.0,0.01,0.0,0.0
16.557036195000002,0.0,0.0,0.0,0.0
16.558047533,0.0,0.02,0.01,0.0
16.559101184,0.01,0.04,0.03,0.0
16.560047517,0.0,0.02,0.0,0.0
16.561042785,0.0,0.0,0.0,0.0
16.562042585,0.0,0.0,0.0,0.0
16.563045603000003,0.0,0.03,0.0,0.01
16.564047119,0.0,0.01,0.01,0.0
16.565109753,0.0,0.02,0.0,0.01
16.566064928,0.0,0.01,0.01,0.0
16.567049312,0.0,0.0,0.0,0.01
16.568055488000002,0.01,0.0,0.0,0.01
16.569048634,0.0,0.02,0.0,0.01
16.571076738000002,0.0,0.01,0.0,0.0
16.572052228,0.0,0.01,0.0,0.0
16.573043785,0.01,0.0,0.02,0.01
16.574045446,0.06,0.03,0.01,0.0
16.575044462,0.0,0.0,0.0,0.0
16.57606991,0.0,0.0,0.0,0.0
16.577054305,0.0,0.02,0.0,0.0
16.57806673,0.0,0.0,0.0,0.0
16.579056665,0.01,0.0,0.01,0.02
16.580179217,0.01,0.01,0.01,0.0
16.58105537,0.0,0.0,0.01,0.0
16.582045181,0.0,0.0,0.0,0.0
16.583051258,0.01,0.0,0.01,0.0
16.585132389,0.0,0.06,0.0,0.02
16.586038158,0.02,0.0,0.01,0.01
16.587049206,0.0,0.01,0.0,0.0
16.588078666,0.0,0.0,0.0,0.0
16.589038567,0.0,0.0,0.0,0.0
16.590043349000002,0.0,0.0,0.01,0.01
16.591048168,0.01,0.03,0.03,0.02
16.592099427,0.01,0.02,0.0,0.0
16.593051377000002,0.0,0.0,0.0,0.0
16.594045011000002,0.01,0.0,0.0,0.0
16.595044476,0.0,0.04,0.0,0.02
16.596044148,0.0,0.02,0.0,0.01
16.597044327000003,0.0,0.0,0.01,0.0
16.598058261000002,0.02,0.0,0.01,0.01
16.59905884,0.05,0.0,0.0,0.0
16.601043308,0.0,0.0,0.0,0.01
16.602047993,0.01,0.0,0.0,0.0
16.603134726,0.0,0.0,0.0,0.0
16.604103998,0.0,0.03,0.0,0.0
16.605047218,0.04,0.0,0.0,0.05
16.606044327,0.01,0.0,0.02,0.05
16.6070825,0.02,0.0,0.0,0.0
16.608071233,0.0,0.01,0.03,0.01
16.609060113,0.0,0.0,0.01,0.0
16.610057127,0.01,0.0,0.0,0.0
16.611058426,0.0,0.0,0.01,0.0
16.612062977,0.0,0.0,0.0,0.0
16.613131922,0.01,0.0,0.0,0.02
16.614052187000002,0.03,0.01,0.01,0.0
16.61516731,0.0,0.01,0.01,0.0
16.617184544,0.0,0.0,0.0,0.01
16.618053132,0.01,0.0,0.0,0.0
16.619044558000002,0.0,0.01,0.0,0.01
16.620038419,0.0,0.01,0.0,0.01
16.621050702,0.0,0.0,0.0,0.0
16.622048113,0.0,0.0,0.0,0.0
16.623048539000003,0.0,0.01,0.01,0.0
16.624040514,0.01,0.0,0.0,0.0
16.625098411,0.01,0.01,0.0,0.0
16.626051941,0.0,0.0,0.0,0.0
16.627053285000002,0.0,0.01,0.0,0.0
16.628050269000003,0.0,0.0,0.01,0.0
16.629044551,0.0,0.02,0.0,0.0
16.631050101,0.0,0.0,0.0,0.01
16.632048534000003,0.0,0.01,0.02,0.0
16.633045988000003,0.0,0.01,0.01,0.0
16.634045998,0.02,0.01,0.01,0.01
16.635049114,0.0,0.01,0.0,0.03
16.636045516,0.0,0.0,0.0,0.0
16.637050631,0.04,0.0,0.0,0.0
16.638159014,0.0,0.0,0.01,0.0
16.63905626,0.0,0.01,0.0,0.0
16.640082495,0.0,0.01,0.0,0.01
16.641088284000002,0.01,0.0,0.01,0.0
16.642100498,0.0,0.01,0.0,0.0
16.643049564000002,0.01,0.01,0.01,0.0
16.644049155,0.01,0.0,0.0,0.0
16.646043982000002,0.0,0.02,0.0,0.01
16.64705109,0.0,0.0,0.0,0.01
16.648051108,0.0,0.01,0.0,0.0
16.649053089000002,0.01,0.0,0.0,0.0
16.650045908000003,0.0,0.01,0.0,0.05
16.651048928,0.0,0.01,0.0,0.0
16.652042294,0.0,0.0,0.01,0.0
16.653043822,0.0,0.0,0.0,0.0
16.654041041,0.0,0.01,0.0,0.0
16.655050609,0.05,0.01,0.01,0.01
16.656053468,0.0,0.01,0.01,0.0
16.657089561,0.0,0.0,0.0,0.0
16.658049731000002,0.0,0.0,0.0,0.0
16.659048529,0.01,0.01,0.0,0.0
16.661040905,0.0,0.01,0.0,0.0
16.662046066000002,0.0,0.01,0.0,0.02
16.663057761,0.0,0.01,0.0,0.0
16.664041378,0.0,0.01,0.0,0.0
16.665044404,0.01,0.0,0.0,0.01
16.666052819,0.0,0.01,0.0,0.0
16.667049038000002,0.0,0.0,0.0,0.0
16.668047657000002,0.0,0.01,0.0,0.0
16.66906282,0.01,0.01,0.0,0.01
16.670054036,0.0,0.01,0.0,0.01
16.671079567,0.0,0.0,0.01,0.01
16.672135725,0.0,0.01,0.0,0.0
16.67313087,0.0,0.01,0.02,0.0
16.674068281,0.0,0.01,0.0,0.0
16.675047915,0.01,0.01,0.02,0.0
16.677038425000003,0.0,0.01,0.01,0.01
16.678040717000002,0.0,0.01,0.01,0.0
16.679049001000003,0.0,0.02,0.0,0.0
16.680054634,0.0,0.01,0.0,0.0
16.681050784,0.0,0.0,0.01,0.0
16.682043926000002,0.01,0.01,0.0,0.01
16.683050133000002,0.01,0.01,0.0,0.01
16.684048688,0.01,0.0,0.0,0.0
16.685050908,0.0,0.0,0.01,0.0
16.686057142000003,0.0,0.0,0.04,0.0
16.687094477000002,0.01,0.0,0.0,0.0
16.688050537000002,0.0,0.01,0.0,0.0
16.689052464,0.01,0.0,0.0,0.0
16.690060339000002,0.0,0.0,0.01,0.0
16.6920416,0.01,0.02,0.01,0.0
16.693051459,0.02,0.01,0.02,0.0
16.694052062,0.01,0.0,0.0,0.0
16.695085794,0.0,0.0,0.01,0.0
16.696044161,0.0,0.01,0.0,0.01
16.6970888,0.0,0.01,0.0,0.0
16.698047687000003,0.0,0.0,0.0,0.0
16.699046916,0.01,0.01,0.0,0.0
16.700052607,0.0,0.0,0.0,0.03
16.701058841000002,0.02,0.0,0.0,0.02
16.702050744,0.0,0.01,0.0,0.0
16.703068079,0.03,0.0,0.0,0.0
16.704072859,0.01,0.01,0.0,0.0
16.706038151,0.01,0.01,0.0,0.01
16.707052362000002,0.0,0.01,0.0,0.0
16.708043298,0.0,0.0,0.0,0.0
16.709046562,0.0,0.0,0.0,0.0
16.710049955000002,0.0,0.01,0.0,0.0
16.711087195,0.0,0.01,0.0,0.0
16.712049335,0.01,0.02,0.03,0.01
16.713069192000003,0.0,0.01,0.01,0.0
16.714050909,0.0,0.01,0.0,0.0
16.715055841,0.0,0.0,0.02,0.0
16.716050294000002,0.07,0.07,0.03,0.03
16.717052039000002,0.0,0.0,0.0,0.0
16.718046299,0.0,0.0,0.0,0.01
16.719046411,0.0,0.0,0.0,0.01
16.720040757,0.0,0.0,0.01,0.0
16.722039559000002,0.0,0.01,0.01,0.01
16.723048426000002,0.0,0.01,0.0,0.03
16.724090923000002,0.0,0.0,0.0,0.0
16.725043281,0.0,0.01,0.0,0.0
16.726043422,0.0,0.01,0.0,0.0
16.727056732,0.0,0.0,0.0,0.0
16.728048968,0.0,0.0,0.0,0.0
16.729041402,0.0,0.01,0.0,0.01
16.730043303000002,0.01,0.0,0.03,0.0
16.731049000000002,0.01,0.0,0.01,0.0
16.732061071,0.0,0.01,0.0,0.0
16.733076666000002,0.0,0.01,0.0,0.0
16.734069217000002,0.01,0.0,0.0,0.0
16.735060595,0.01,0.02,0.01,0.01
16.736154909,0.01,0.01,0.0,0.0
16.738057407,0.0,0.0,0.0,0.0
16.739044779,0.0,0.0,0.0,0.0
16.740041515,0.0,0.01,0.01,0.0
16.741044122,0.0,0.01,0.0,0.0
16.742044181,0.0,0.0,0.01,0.0
16.743088563,0.01,0.02,0.0,0.0
16.744085162,0.0,0.01,0.0,0.0
16.745044274,0.0,0.0,0.0,0.0
16.746053217,0.0,0.0,0.01,0.0
16.747046469,0.0,0.0,0.0,0.0
16.748052809,0.01,0.01,0.0,0.0
16.749045709,0.0,0.0,0.0,0.0
16.7500451,0.0,0.0,0.01,0.0
16.752044978,0.01,0.01,0.01,0.0
16.75304702,0.02,0.0,0.0,0.03
16.754043806000002,0.0,0.01,0.0,0.0
16.755043321000002,0.0,0.0,0.0,0.0
16.75604303,0.01,0.0,0.0,0.0
16.757043417000002,0.0,0.01,0.0,0.0
16.758044672,0.0,0.01,0.04,0.0
16.759093253,0.0,0.01,0.0,0.0
16.760066629,0.01,0.0,0.0,0.0
16.761054809,0.01,0.0,0.0,0.02
16.762054933,0.01,0.01,0.0,0.0
16.763083034,0.01,0.03,0.0,0.03
16.764070375,0.01,0.0,0.0,0.01
16.765153063,0.0,0.01,0.01,0.02
16.7670429,0.0,0.0,0.02,0.0
16.768047503000002,0.0,0.01,0.0,0.0
16.769044303,0.0,0.0,0.02,0.0
16.770044172000002,0.0,0.01,0.0,0.02
16.771045426,0.01,0.01,0.0,0.0
16.772047491000002,0.0,0.01,0.04,0.0
16.773042822,0.0,0.01,0.01,0.03
16.774043552000002,0.0,0.03,0.01,0.02
16.775089884,0.01,0.0,0.01,0.0
16.776050474,0.0,0.0,0.0,0.0
16.777045976,0.0,0.01,0.0,0.0
16.778046697,0.01,0.0,0.0,0.0
16.779050128,0.0,0.0,0.0,0.0
16.780053506,0.0,0.01,0.02,0.0
16.782042524,0.0,0.01,0.02,0.0
16.783045,0.0,0.0,0.0,0.01
16.784043262,0.01,0.0,0.0,0.09
16.785049989,0.0,0.01,0.0,0.01
16.786044396,0.0,0.01,0.0,0.0
16.787044221000002,0.0,0.01,0.0,0.0
16.788043635,0.01,0.0,0.0,0.0
16.789043626,0.0,0.0,0.0,0.0
16.790043237000003,0.0,0.0,0.0,0.0
16.791083117,0.01,0.02,0.0,0.0
16.792058217,0.06,0.01,0.01,0.01
16.793115886000002,0.0,0.01,0.0,0.0
16.794073956000002,0.02,0.0,0.05,0.06
16.795068658,0.03,0.0,0.01,0.0
16.797058869,0.0,0.0,0.0,0.0
16.798044945,0.0,0.01,0.0,0.01
16.799045034000002,0.0,0.0,0.0,0.01
16.800042351000002,0.01,0.01,0.0,0.01
16.801059485,0.02,0.05,0.01,0.05
16.802044197,0.0,0.01,0.0,0.02
16.80304483,0.0,0.01,0.0,0.02
16.804043342,0.07,0.01,0.0,0.01
16.805042858,0.0,0.01,0.0,0.0
16.806045711,0.0,0.0,0.0,0.0
16.807117195,0.0,0.01,0.0,0.0
16.808052835,0.0,0.0,0.0,0.0
16.809054086,0.0,0.01,0.0,0.01
16.810046214,0.0,0.0,0.0,0.0
16.811044849,0.0,0.01,0.0,0.06
16.813045047000003,0.0,0.0,0.0,0.01
16.814046415,0.01,0.0,0.0,0.01
16.815044872,0.01,0.0,0.01,0.01
16.816045521,0.0,0.01,0.0,0.0
16.817045546000003,0.0,0.01,0.0,0.0
16.818044828,0.0,0.0,0.0,0.0
16.819048918,0.0,0.0,0.0,0.0
16.820044485,0.0,0.02,0.0,0.0
16.821111041,0.01,0.01,0.0,0.01
16.822043505,0.0,0.01,0.01,0.01
16.823120519,0.1,0.09,0.04,0.15
16.824234911,0.0,0.03,0.0,0.03
16.825053406000002,0.0,0.03,0.01,0.0
16.827047655,0.01,0.02,0.0,0.0
16.828053592,0.0,0.03,0.0,0.0
16.829057178,0.02,0.02,0.01,0.0
16.830051439000002,0.0,0.02,0.0,0.02
16.831047664,0.0,0.03,0.01,0.0
16.832043526,0.0,0.02,0.01,0.01
16.833043045,0.0,0.02,0.0,0.0
16.834050988,0.0,0.02,0.0,0.0
16.835077709,0.0,0.0,0.01,0.0
16.836101300000003,0.0,0.0,0.0,0.0
16.837179932,0.0,0.01,0.0,0.0
16.838056031,0.01,0.01,0.0,0.0
16.839092112,0.0,0.01,0.0,0.0
16.840055228,0.0,0.0,0.04,0.02
16.842045402,0.0,0.01,0.0,0.01
16.843045999,0.0,0.03,0.0,0.01
16.844044229,0.01,0.01,0.01,0.0
16.845044386,0.0,0.01,0.0,0.0
16.84604508,0.11,0.01,0.0,0.0
16.847048998,0.01,0.01,0.01,0.08
16.848043529,0.01,0.01,0.0,0.01
16.849044208000002,0.0,0.0,0.01,0.0
16.850043311,0.0,0.01,0.01,0.01
16.851047313000002,0.0,0.0,0.0,0.0
16.852043309000003,0.01,0.0,0.0,0.0
16.853048689,0.01,0.0,0.0,0.0
16.854049989,0.0,0.01,0.0,0.0
16.856049311,0.0,0.02,0.0,0.0
16.857135673000002,0.0,0.01,0.0,0.01
16.858043372,0.0,0.0,0.0,0.0
16.859044188000002,0.01,0.0,0.0,0.01
16.86004326,0.0,0.01,0.0,0.0
16.861060324,0.01,0.0,0.01,0.01
16.862042520000003,0.0,0.0,0.0,0.0
16.863050487000002,0.01,0.0,0.03,0.0
16.864044726,0.0,0.01,0.0,0.0
16.86504173,0.0,0.01,0.0,0.0
16.866040873,0.0,0.0,0.0,0.0
16.867040524,0.0,0.01,0.0,0.01
16.868045763,0.0,0.0,0.01,0.01
16.869040050000002,0.01,0.0,0.0,0.0
16.870046127000002,0.0,0.0,0.0,0.0
16.872043316000003,0.02,0.0,0.02,0.01
16.873044853,0.01,0.0,0.0,0.01
16.874042533,0.0,0.02,0.0,0.0
16.875049572,0.0,0.0,0.0,0.0
16.876041451000003,0.0,0.01,0.01,0.0
16.877042004,0.0,0.01,0.0,0.01
16.878042553,0.01,0.01,0.03,0.0
16.879045209,0.0,0.01,0.0,0.0
16.880043368000003,0.0,0.0,0.0,0.0
16.881116542,0.0,0.0,0.01,0.0
16.882046166000002,0.01,0.06,0.0,0.01
16.883107879,0.02,0.01,0.0,0.0
16.884044225,0.0,0.0,0.0,0.0
16.88505151,0.0,0.01,0.0,0.0
16.887070256,0.0,0.0,0.0,0.0
16.888070962,0.01,0.0,0.0,0.0
16.88905313,0.01,0.0,0.04,0.01
16.890069149000002,0.0,0.0,0.0,0.0
16.891050344,0.0,0.01,0.0,0.01
16.892042343,0.0,0.0,0.02,0.0
16.89305795,0.01,0.01,0.0,0.0
16.89405523,0.0,0.0,0.01,0.0
16.895040147,0.0,0.03,0.03,0.03
16.896048938,0.0,0.01,0.01,0.0
16.89703828,0.0,0.01,0.0,0.01
16.898040258,0.0,0.0,0.0,0.0
16.899045378,0.01,0.0,0.0,0.01
16.900048741000003,0.01,0.0,0.01,0.0
16.902045087,0.0,0.01,0.0,0.01
16.903151874000002,0.01,0.0,0.0,0.0
16.904051827,0.0,0.01,0.0,0.0
16.905045837,0.01,0.0,0.0,0.02
16.906043895,0.01,0.0,0.0,0.03
16.907043941,0.0,0.0,0.0,0.01
16.908038108,0.0,0.01,0.0,0.0
16.90904346,0.0,0.0,0.0,0.0
16.910108205,0.0,0.0,0.0,0.0
16.911098289,0.01,0.0,0.01,0.0
16.912043806,0.0,0.01,0.0,0.02
16.913042946,0.0,0.01,0.02,0.0
16.914045111,0.0,0.01,0.0,0.01
16.915043014000002,0.0,0.01,0.0,0.01
16.916051102,0.0,0.0,0.01,0.0
16.918069457,0.0,0.0,0.0,0.0
16.919074600000002,0.0,0.01,0.0,0.0
16.920138926,0.0,0.01,0.01,0.0
16.921226705000002,0.0,0.0,0.01,0.0
16.922103123,0.03,0.07,0.01,0.0
16.92303855,0.0,0.0,0.0,0.0
16.92403677,0.0,0.02,0.02,0.0
16.925036432000002,0.0,0.0,0.0,0.04
16.926048345,0.0,0.0,0.0,0.01
16.927045434,0.0,0.01,0.01,0.0
16.928039871,0.0,0.0,0.0,0.01
16.929043658,0.0,0.0,0.01,0.01
16.930047018,0.01,0.0,0.0,0.0
16.931049908000002,0.0,0.0,0.0,0.0
16.933036634,0.0,0.0,0.0,0.0
16.934053965,0.01,0.0,0.0,0.0
16.93505192,0.0,0.01,0.0,0.0
16.936058359,0.0,0.01,0.0,0.0
16.937046156,0.0,0.01,0.0,0.0
16.93804372,0.0,0.0,0.01,0.0
16.939042353,0.03,0.0,0.0,0.01
16.940043776,0.0,0.0,0.0,0.01
16.941044042,0.01,0.01,0.0,0.0
16.942047982000002,0.0,0.0,0.0,0.0
16.943058072,0.0,0.0,0.0,0.0
16.944088921000002,0.0,0.0,0.0,0.0
16.94504658,0.01,0.02,0.0,0.0
16.94704294,0.0,0.01,0.0,0.0
16.948197994,0.0,0.0,0.0,0.0
16.949057726,0.0,0.0,0.0,0.01
16.950054785000003,0.0,0.0,0.0,0.01
16.951066441000002,0.0,0.03,0.0,0.01
16.952057479,0.0,0.02,0.0,0.0
16.953042778,0.0,0.0,0.0,0.07
16.95409207,0.01,0.02,0.0,0.06
16.955139021,0.03,0.0,0.01,0.0
16.956056982,0.01,0.01,0.0,0.0
16.957048262,0.0,0.03,0.07,0.0
16.958044357000002,0.02,0.01,0.01,0.01
16.959054572,0.0,0.0,0.0,0.0
16.960051789,0.0,0.01,0.01,0.01
16.962039468,0.0,0.0,0.0,0.0
16.963042615000003,0.0,0.01,0.0,0.0
16.964041277,0.0,0.06,0.0,0.0
16.965041476,0.0,0.0,0.0,0.0
16.966042226000003,0.0,0.0,0.01,0.03
16.967049921,0.01,0.0,0.0,0.0
16.968041085,0.0,0.01,0.0,0.0
16.969042310000003,0.0,0.0,0.0,0.0
16.970045803,0.01,0.01,0.0,0.0
16.971046026,0.0,0.0,0.0,0.0
16.972043173,0.05,0.01,0.01,0.0
16.973048298000002,0.0,0.01,0.0,0.07
16.974092867,0.0,0.01,0.0,0.0
16.975043824,0.0,0.01,0.0,0.01
16.976043753000003,0.0,0.0,0.0,0.0
16.978096875000002,0.0,0.0,0.0,0.0
16.979051538,0.0,0.01,0.0,0.0
16.980050971,0.01,0.01,0.0,0.01
16.981072941,0.0,0.01,0.0,0.0
16.98217197,0.01,0.02,0.0,0.02
16.983188615,0.01,0.01,0.01,0.0
16.984168656,0.0,0.01,0.0,0.02
16.985085034,0.0,0.01,0.0,0.0
16.986087188000003,0.0,0.02,0.0,0.0
16.987041593,0.0,0.02,0.01,0.0
16.988041088000003,0.01,0.03,0.0,0.01
16.989045568,0.0,0.02,0.0,0.01
16.990056438,0.0,0.02,0.01,0.01
16.991050508,0.0,0.02,0.0,0.0
16.993040937,0.01,0.01,0.0,0.0
16.994042710000002,0.0,0.01,0.01,0.01
16.995044497000002,0.0,0.01,0.0,0.0
16.996043332000003,0.0,0.0,0.0,0.01
16.99704272,0.03,0.0,0.0,0.0
16.998047112000002,0.01,0.01,0.01,0.0
16.999048669,0.0,0.01,0.0,0.06
17.000052853,0.0,0.01,0.0,0.0
17.001045777,0.0,0.02,0.0,0.01
17.002043909,0.0,0.02,0.0,0.0
17.003043642,0.0,0.01,0.01,0.0
17.004044644,0.0,0.02,0.0,0.0
17.005043083,0.0,0.01,0.0,0.0
17.006047027,0.0,0.01,0.0,0.01
17.007047577,0.0,0.03,0.0,0.01
17.009044003,0.0,0.03,0.0,0.0
17.010051614,0.0,0.05,0.0,0.0
17.011057027,0.0,0.1,0.0,0.0
17.012075666,0.0,0.09,0.0,0.0
17.01305206,0.0,0.09,0.0,0.0
17.014051234,0.02,0.08,0.0,0.0
17.015049675,0.0,0.09,0.0,0.01
17.016042041000002,0.06,0.05,0.04,0.0
17.017041599000002,0.0,0.06,0.01,0.0
17.018121713,0.0,0.08,0.0,0.0
17.019047643,0.0,0.09,0.0,0.0
17.020046033,0.0,0.08,0.0,0.01
17.021044984,0.01,0.09,0.0,0.01
17.022047301,0.01,0.08,0.0,0.0
17.024039087000002,0.0,0.07,0.0,0.0
17.025042681000002,0.0,0.07,0.0,0.0
17.026051382000002,0.0,0.09,0.0,0.0
17.027049422,0.0,0.09,0.0,0.0
17.028046289000002,0.0,0.09,0.0,0.0
17.029046308,0.01,0.09,0.01,0.0
17.030043359,0.0,0.09,0.0,0.0
17.031044444000003,0.0,0.11,0.0,0.01
17.032046387,0.0,0.11,0.01,0.0
17.033044930000003,0.06,0.13,0.01,0.01
17.034044585,0.0,0.1,0.01,0.0
17.035044359,0.0,0.11,0.0,0.01
17.036043652,0.0,0.15,0.01,0.0
17.037043644,0.0,0.1,0.0,0.04
17.039069502,0.01,0.08,0.0,0.0
17.040049076000003,0.1,0.09,0.0,0.0
17.041071854000002,0.0,0.07,0.0,0.0
17.042044525,0.02,0.04,0.0,0.01
17.043051313,0.0,0.03,0.0,0.01
17.044093313,0.03,0.06,0.0,0.01
17.045083663,0.0,0.08,0.0,0.0
17.046054647000002,0.0,0.08,0.0,0.0
17.047065125,0.0,0.04,0.0,0.0
17.048088474,0.0,0.07,0.0,0.0
17.049040645,0.0,0.07,0.0,0.01
17.050050256000002,0.0,0.07,0.03,0.0
17.052106744,0.0,0.04,0.0,0.0
17.053041369000002,0.0,0.03,0.02,0.0
17.054077899000003,0.0,0.07,0.0,0.0
17.055041132,0.0,0.02,0.01,0.0
17.056042244,0.01,0.04,0.0,0.01
17.057042579,0.01,0.06,0.05,0.01
17.058044397,0.01,0.02,0.0,0.0
17.059043279,0.0,0.04,0.0,0.01
17.060043483,0.0,0.04,0.0,0.0
17.061041604,0.0,0.03,0.01,0.0
17.062046574,0.0,0.04,0.0,0.0
17.063045024,0.0,0.04,0.01,0.0
17.064090343,0.0,0.05,0.01,0.01
17.065051363000002,0.0,0.04,0.0,0.0
17.066044242,0.0,0.04,0.0,0.0
17.06804515,0.0,0.04,0.02,0.03
17.069043677,0.0,0.04,0.0,0.0
17.070049299,0.0,0.05,0.0,0.0
17.071045323,0.0,0.04,0.0,0.0
17.072050655,0.0,0.03,0.0,0.01
17.073060494,0.01,0.05,0.0,0.0
17.074056997,0.0,0.06,0.0,0.0
17.07504471,0.0,0.04,0.0,0.0
17.076045424,0.0,0.08,0.0,0.0
17.077044147000002,0.0,0.05,0.04,0.0
17.078056042,0.0,0.05,0.0,0.0
17.079079196000002,0.0,0.05,0.0,0.0
17.080055556,0.0,0.06,0.0,0.0
17.08105398,0.0,0.06,0.0,0.02
17.082045975,0.0,0.08,0.03,0.0
17.083040951,0.05,0.05,0.02,0.0
17.085047409,0.0,0.05,0.0,0.0
17.086068339,0.01,0.05,0.01,0.0
17.087044227,0.01,0.03,0.0,0.0
17.088044569,0.0,0.03,0.0,0.0
17.089098684,0.0,0.03,0.0,0.0
17.090043273000003,0.0,0.04,0.0,0.01
17.091042731,0.0,0.05,0.0,0.0
17.092045997,0.04,0.04,0.03,0.0
17.093046621000003,0.0,0.03,0.0,0.01
17.094055152000003,0.0,0.03,0.01,0.0
17.095048625,0.0,0.04,0.03,0.0
17.096067007000002,0.0,0.04,0.08,0.05
17.097057092,0.0,0.03,0.0,0.0
17.099183953,0.01,0.03,0.0,0.0
17.100118201,0.0,0.03,0.0,0.0
17.101051891,0.0,0.03,0.0,0.01
17.102071026,0.0,0.04,0.02,0.01
17.103072084,0.01,0.13,0.0,0.02
17.104072335,0.01,0.06,0.03,0.0
17.105102497,0.01,0.03,0.0,0.0
17.106144948,0.0,0.03,0.0,0.0
17.10707813,0.0,0.05,0.0,0.0
17.108070884,0.0,0.04,0.0,0.01
17.109060369,0.0,0.03,0.0,0.0
17.110140791000003,0.0,0.04,0.01,0.0
17.111057389000003,0.06,0.08,0.06,0.0
17.112059409,0.0,0.03,0.0,0.03
17.113050912000002,0.0,0.04,0.0,0.0
17.115046262,0.01,0.04,0.0,0.0
17.116057180000002,0.0,0.02,0.05,0.0
17.117048336,0.0,0.03,0.0,0.0
17.118045998,0.02,0.01,0.0,0.01
17.119042018000002,0.0,0.04,0.0,0.0
17.120042996000002,0.0,0.07,0.01,0.0
17.12104312,0.0,0.02,0.0,0.0
17.122048053,0.0,0.04,0.01,0.0
17.123052422,0.01,0.03,0.0,0.0
17.124045286,0.01,0.04,0.0,0.0
17.125042043,0.0,0.03,0.02,0.0
17.12604615,0.0,0.03,0.0,0.0
17.128046562,0.0,0.07,0.09,0.05
17.129045277,0.01,0.06,0.0,0.0
17.130051084,0.01,0.05,0.0,0.0
17.131042304,0.0,0.05,0.0,0.0
17.132042599000002,0.0,0.05,0.0,0.0
17.133042128,0.0,0.05,0.0,0.0
17.134051544000002,0.0,0.06,0.0,0.0
17.13505255,0.01,0.04,0.0,0.01
17.13606347,0.01,0.04,0.0,0.0
17.137051678000002,0.0,0.03,0.0,0.0
17.138048794,0.0,0.03,0.0,0.0
17.139043514,0.0,0.03,0.03,0.01
17.140043254000002,0.01,0.03,0.0,0.0
17.141044506,0.0,0.03,0.01,0.01
17.142049961,0.0,0.05,0.01,0.0
17.144046504000002,0.0,0.03,0.04,0.06
17.145124598000002,0.01,0.04,0.0,0.0
17.146047966,0.0,0.05,0.0,0.01
17.14704506,0.0,0.05,0.0,0.0
17.148044223,0.01,0.04,0.01,0.01
17.149090997000002,0.01,0.05,0.0,0.01
17.150042725000002,0.0,0.05,0.0,0.0
17.151042235000002,0.01,0.04,0.0,0.0
17.152042214,0.0,0.05,0.0,0.0
17.153046056,0.0,0.04,0.01,0.0
17.154043969,0.0,0.06,0.0,0.01
17.155049056,0.0,0.04,0.0,0.0
17.156048919,0.0,0.05,0.0,0.0
17.158050459000002,0.0,0.1,0.0,0.0
17.159051379,0.01,0.11,0.0,0.0
17.160050018,0.0,0.08,0.02,0.0
17.161043705,0.01,0.08,0.0,0.0
17.162067392,0.01,0.15,0.03,0.02
17.163043626,0.0,0.1,0.0,0.0
17.164047824,0.0,0.07,0.0,0.0
17.165056974000002,0.0,0.07,0.01,0.04
17.166067716,0.03,0.09,0.0,0.01
17.167094159,0.02,0.08,0.01,0.0
17.168042948,0.0,0.11,0.0,0.05
17.169054565,0.0,0.09,0.0,0.0
17.170086079,0.0,0.1,0.0,0.0
17.171061345000002,0.01,0.11,0.01,0.0
17.172052557,0.0,0.13,0.0,0.0
17.174042797000002,0.0,0.13,0.01,0.0
17.175043978,0.01,0.13,0.01,0.01
17.176044016000002,0.0,0.11,0.0,0.0
17.177040582,0.0,0.11,0.0,0.01
17.178043777000003,0.0,0.08,0.09,0.0
17.179057619,0.01,0.11,0.0,0.0
17.180042888000003,0.0,0.11,0.01,0.01
17.181042354000002,0.0,0.11,0.0,0.01
17.182047755000003,0.0,0.11,0.0,0.0
17.183043107,0.0,0.13,0.0,0.0
17.184044601,0.02,0.07,0.0,0.01
17.185046516,0.0,0.09,0.0,0.0
17.186054332,0.0,0.07,0.01,0.0
17.187049592,0.02,0.08,0.0,0.01
17.188101281,0.0,0.06,0.01,0.0
17.190042046000002,0.0,0.06,0.01,0.0
17.191075353000002,0.0,0.08,0.04,0.01
17.192051194,0.0,0.07,0.0,0.0
17.193050722000002,0.0,0.07,0.0,0.0
17.19404453,0.0,0.08,0.02,0.0
17.195044331000002,0.0,0.07,0.0,0.0
17.196044817,0.0,0.14,0.06,0.09
17.197060343,0.01,0.08,0.0,0.0
17.198060575,0.0,0.07,0.0,0.0
17.199051898,0.01,0.04,0.0,0.01
17.200051089000002,0.0,0.09,0.0,0.0
17.201046951000002,0.03,0.15,0.01,0.0
17.202042974,0.0,0.14,0.0,0.01
17.20407537,0.01,0.12,0.0,0.0
17.205048027,0.0,0.1,0.0,0.01
17.206049032000003,0.0,0.1,0.0,0.0
17.207044106,0.0,0.1,0.0,0.0
17.208111917,0.0,0.12,0.0,0.0
17.209044254000002,0.0,0.1,0.0,0.01
17.210071192,0.0,0.11,0.0,0.02
17.211042019,0.05,0.14,0.01,0.0
17.21204218,0.0,0.11,0.01,0.0
17.213089145,0.0,0.1,0.0,0.0
17.214042082000002,0.0,0.11,0.0,0.01
17.215043968,0.01,0.09,0.0,0.0
17.216045021,0.0,0.09,0.0,0.0
17.217047698000002,0.0,0.1,0.0,0.0
17.218050861000002,0.01,0.03,0.0,0.0
17.220045269,0.0,0.01,0.01,0.0
17.221043842,0.0,0.03,0.0,0.0
17.222064697,0.01,0.03,0.01,0.0
17.223044865000002,0.0,0.04,0.0,0.01
17.224060129,0.0,0.06,0.0,0.0
17.225043553000003,0.0,0.03,0.0,0.01
17.226043736,0.01,0.04,0.0,0.0
17.227046263000002,0.01,0.05,0.0,0.0
17.228055123,0.0,0.02,0.07,0.0
17.229067166,0.0,0.05,0.0,0.0
17.230069122,0.0,0.04,0.0,0.0
17.231057155000002,0.0,0.01,0.0,0.01
17.233050469000002,0.0,0.03,0.0,0.0
17.234047534000002,0.0,0.02,0.0,0.0
17.235054588,0.0,0.02,0.0,0.02
17.236043535,0.01,0.05,0.01,0.0
17.237089317000002,0.0,0.01,0.0,0.0
17.238047557,0.0,0.04,0.01,0.01
17.239050845,0.01,0.05,0.0,0.0
17.240043592000003,0.0,0.07,0.0,0.0
17.241042551,0.01,0.06,0.0,0.02
17.242043130000003,0.0,0.11,0.0,0.01
17.243055076,0.0,0.05,0.0,0.0
17.24408195,0.0,0.03,0.01,0.04
17.245042885,0.02,0.1,0.01,0.06
17.24605203,0.0,0.01,0.0,0.0
17.24704661,0.0,0.02,0.0,0.0
17.248050915,0.0,0.01,0.0,0.0
17.250044298000002,0.01,0.0,0.01,0.0
17.251045554,0.0,0.02,0.0,0.01
17.2520461,0.0,0.01,0.0,0.02
17.253043726,0.0,0.01,0.01,0.0
17.254047931000002,0.0,0.01,0.0,0.0
17.255044328,0.0,0.01,0.0,0.01
17.256044696,0.0,0.0,0.07,0.01
17.257046116,0.0,0.0,0.0,0.0
17.258048314,0.01,0.0,0.0,0.0
17.259050093000003,0.0,0.01,0.01,0.0
17.260071403,0.01,0.02,0.0,0.0
17.261118278,0.0,0.01,0.0,0.0
17.262063926,0.01,0.02,0.0,0.0
17.263042585,0.0,0.0,0.0,0.0
17.264047039,0.01,0.0,0.0,0.0
17.266055095000002,0.0,0.01,0.01,0.0
17.267042858,0.0,0.02,0.0,0.0
17.268137238,0.01,0.01,0.0,0.01
17.269082625,0.0,0.01,0.01,0.0
17.27007666,0.0,0.0,0.01,0.0
17.271105267,0.04,0.0,0.0,0.0
17.272103274000003,0.0,0.0,0.0,0.0
17.273095115,0.01,0.0,0.01,0.04
17.274095006,0.02,0.0,0.0,0.0
17.275105012,0.01,0.01,0.01,0.0
17.276062849000002,0.0,0.0,0.0,0.0
17.277055076,0.0,0.01,0.0,0.0
17.278054695,0.0,0.01,0.0,0.0
17.279052383,0.0,0.0,0.01,0.0
17.281047094,0.0,0.01,0.0,0.0
17.282046203,0.0,0.02,0.0,0.0
17.28304645,0.0,0.02,0.0,0.01
17.284044186000003,0.02,0.04,0.02,0.0
17.285045076,0.0,0.03,0.0,0.0
17.286048876000002,0.0,0.02,0.0,0.0
17.287132878,0.0,0.03,0.0,0.0
17.288054503,0.0,0.03,0.0,0.0
17.289091924,0.02,0.1,0.02,0.0
17.290059952,0.01,0.02,0.0,0.0
17.291059863,0.0,0.02,0.0,0.0
17.292045244,0.0,0.03,0.0,0.01
17.293052247000002,0.01,0.02,0.0,0.01
17.294046874000003,0.0,0.04,0.0,0.01
17.296116149,0.0,0.03,0.0,0.0
17.297226306000002,0.0,0.04,0.0,0.06
17.298102384,0.0,0.06,0.0,0.0
17.299047423,0.0,0.06,0.0,0.0
17.300069204,0.0,0.06,0.01,0.0
17.301052247,0.0,0.06,0.0,0.0
17.302050159,0.01,0.04,0.01,0.0
17.303083185000002,0.0,0.05,0.0,0.0
17.304054727,0.0,0.03,0.0,0.0
17.305057036,0.0,0.03,0.0,0.0
17.306049343,0.0,0.04,0.0,0.01
17.307050908,0.0,0.03,0.0,0.0
17.308046701000002,0.01,0.03,0.0,0.0
17.309052412,0.0,0.03,0.01,0.0
17.311049937,0.01,0.02,0.0,0.01
17.312056187,0.0,0.02,0.0,0.0
17.313048289,0.02,0.09,0.0,0.07
17.314046798,0.02,0.02,0.02,0.03
17.315046019,0.0,0.02,0.0,0.0
17.316045763,0.01,0.02,0.0,0.01
17.317051708,0.0,0.05,0.0,0.0
17.318048905,0.04,0.04,0.01,0.01
17.319075647000002,0.02,0.04,0.0,0.02
17.320079568,0.01,0.04,0.0,0.01
17.321087898000002,0.0,0.04,0.0,0.0
17.322062788,0.01,0.13,0.0,0.0
17.323075878,0.0,0.02,0.0,0.0
17.325043817,0.01,0.02,0.0,0.01
17.326055041,0.04,0.03,0.0,0.0
17.327043487,0.0,0.03,0.0,0.0
17.328044514000002,0.0,0.03,0.0,0.0
17.329062630000003,0.0,0.02,0.01,0.0
17.33004636,0.0,0.04,0.0,0.0
17.331045003,0.0,0.05,0.0,0.0
17.332044096,0.01,0.02,0.0,0.0
17.333043257,0.01,0.03,0.01,0.01
17.334049833,0.0,0.03,0.01,0.0
17.335076739,0.01,0.03,0.0,0.0
17.336054052,0.01,0.03,0.0,0.0
17.337053115,0.0,0.02,0.0,0.0
17.338048311,0.01,0.03,0.01,0.0
17.339049447,0.01,0.12,0.05,0.02
17.341047759000002,0.0,0.06,0.0,0.02
17.342048784000003,0.0,0.06,0.0,0.0
17.34305607,0.0,0.07,0.0,0.0
17.344047059,0.0,0.06,0.0,0.01
17.345050721,0.01,0.07,0.0,0.01
17.346051085000003,0.0,0.08,0.0,0.0
17.347052067,0.0,0.07,0.0,0.0
17.348048732000002,0.0,0.07,0.0,0.01
17.349048538,0.0,0.07,0.0,0.01
17.350047134,0.0,0.1,0.0,0.0
17.351091362000002,0.0,0.08,0.03,0.0
17.352057245,0.0,0.06,0.0,0.0
17.353079791000003,0.0,0.05,0.0,0.0
17.354074821,0.01,0.05,0.0,0.01
17.355060963,0.0,0.05,0.0,0.0
17.356052429000002,0.05,0.03,0.05,0.0
17.358100088,0.0,0.05,0.01,0.0
17.359054927000003,0.0,0.06,0.04,0.0
17.360054896,0.0,0.06,0.0,0.0
17.361046664,0.0,0.05,0.0,0.0
17.362047029000003,0.0,0.06,0.0,0.0
17.363044868,0.0,0.07,0.01,0.01
17.364063609000002,0.0,0.06,0.01,0.01
17.365041223000002,0.0,0.06,0.0,0.02
17.366041809000002,0.0,0.07,0.0,0.01
17.367080856,0.0,0.07,0.0,0.0
17.368058132,0.03,0.08,0.01,0.01
17.36905232,0.01,0.07,0.0,0.01
17.370044805000003,0.0,0.07,0.0,0.01
17.371044123,0.01,0.08,0.01,0.0
17.373043514000003,0.0,0.07,0.0,0.01
17.374048487,0.0,0.07,0.0,0.0
17.375044388000003,0.0,0.08,0.01,0.0
17.376042183000003,0.0,0.08,0.02,0.01
17.377045974,0.0,0.07,0.0,0.0
17.378044502,0.0,0.06,0.0,0.02
17.379043523,0.0,0.07,0.01,0.0
17.380044888,0.0,0.07,0.01,0.0
17.381043904000002,0.02,0.07,0.0,0.01
17.382044529,0.01,0.1,0.0,0.0
17.383156279,0.0,0.08,0.03,0.0
17.384073718,0.0,0.05,0.0,0.0
17.385144831,0.01,0.08,0.0,0.0
17.386165748,0.01,0.04,0.02,0.0
17.388065042,0.01,0.08,0.0,0.02
17.389056483,0.01,0.09,0.0,0.02
17.390042461,0.0,0.07,0.01,0.01
17.391041478,0.0,0.09,0.0,0.0
17.392041727000002,0.0,0.08,0.0,0.0
17.393154781,0.0,0.08,0.01,0.0
17.394042066,0.01,0.07,0.0,0.0
17.395058029,0.0,0.06,0.0,0.0
17.396040821,0.0,0.07,0.0,0.0
17.397047131,0.0,0.07,0.0,0.02
17.398040740000003,0.02,0.07,0.01,0.02
17.399073149,0.0,0.04,0.0,0.0
17.400056582,0.0,0.06,0.0,0.01
17.401046956000002,0.0,0.06,0.0,0.03
17.403042727000003,0.02,0.06,0.0,0.01
17.404044965,0.0,0.06,0.0,0.0
17.405052247,0.0,0.1,0.0,0.0
17.406047863,0.0,0.08,0.0,0.0
17.407044801,0.0,0.08,0.0,0.0
17.408043649,0.02,0.08,0.01,0.0
17.409047415,0.0,0.05,0.0,0.0
17.410057846,0.02,0.05,0.0,0.0
17.411045261,0.0,0.04,0.0,0.0
17.412086194,0.0,0.05,0.0,0.01
17.413095643000002,0.0,0.04,0.01,0.0
17.414048922000003,0.03,0.08,0.0,0.0
17.415128648,0.0,0.07,0.01,0.0
17.416054048,0.0,0.07,0.01,0.0
17.418045186,0.0,0.07,0.0,0.0
17.419051174,0.0,0.06,0.01,0.0
17.420049635,0.01,0.06,0.01,0.0
17.421054766,0.0,0.05,0.01,0.0
17.422053387000002,0.0,0.07,0.0,0.0
17.423053122000002,0.02,0.09,0.02,0.01
17.42405155,0.0,0.08,0.0,0.0
17.425051031000002,0.0,0.09,0.0,0.0
17.426045776000002,0.0,0.09,0.0,0.0
17.427091097,0.0,0.07,0.0,0.0
17.428067942000002,0.01,0.08,0.01,0.0
17.429050357,0.0,0.1,0.01,0.0
17.430041051,0.01,0.08,0.0,0.0
17.431041259,0.0,0.09,0.0,0.0
17.433061133000002,0.01,0.07,0.0,0.0
17.434055367000003,0.0,0.09,0.0,0.0
17.435047404000002,0.0,0.12,0.0,0.01
17.436062334000002,0.0,0.09,0.0,0.0
17.437043465000002,0.01,0.09,0.0,0.0
17.438085501,0.0,0.08,0.0,0.01
17.439050441000003,0.0,0.09,0.01,0.01
17.440050038000003,0.0,0.08,0.0,0.0
17.44104348,0.0,0.07,0.0,0.0
17.442042009,0.0,0.06,0.0,0.0
17.443050675000002,0.0,0.09,0.0,0.0
17.444070025000002,0.0,0.07,0.0,0.0
17.445151705,0.0,0.08,0.0,0.0
17.446144710000002,0.0,0.08,0.0,0.0
17.448050158,0.0,0.07,0.0,0.0
17.449058266,0.0,0.1,0.01,0.0
17.450082737000002,0.0,0.12,0.01,0.01
17.451063254,0.01,0.11,0.01,0.05
17.452119714000002,0.0,0.11,0.0,0.0
17.453046803,0.0,0.09,0.0,0.0
17.454046378,0.01,0.09,0.0,0.01
17.45505448,0.03,0.06,0.01,0.02
17.456046224,0.0,0.06,0.01,0.01
17.457043438,0.03,0.05,0.0,0.0
17.458054585000003,0.0,0.05,0.0,0.0
17.459040792,0.01,0.07,0.01,0.0
17.460045723,0.0,0.07,0.0,0.0
17.462046862,0.01,0.07,0.0,0.0
17.463106540000002,0.0,0.08,0.0,0.01
17.464049469000003,0.03,0.07,0.0,0.0
17.465050488000003,0.0,0.07,0.0,0.0
17.466042328,0.0,0.06,0.0,0.0
17.467043082,0.0,0.08,0.0,0.0
17.468042968000002,0.0,0.07,0.0,0.01
17.469042189,0.01,0.05,0.0,0.02
17.470063202000002,0.0,0.07,0.0,0.02
17.471050229,0.0,0.07,0.0,0.0
17.472049299000002,0.02,0.06,0.0,0.0
17.473051862000002,0.0,0.07,0.0,0.01
17.47404929,0.03,0.07,0.0,0.0
17.475051557,0.0,0.07,0.01,0.01
17.476051353000003,0.0,0.06,0.0,0.0
17.478060011,0.01,0.08,0.0,0.01
17.479089262000002,0.0,0.07,0.0,0.0
17.480054133,0.0,0.07,0.01,0.03
17.481052241,0.0,0.1,0.02,0.0
17.482045168000003,0.0,0.07,0.0,0.05
17.483048941,0.0,0.07,0.0,0.0
17.484058946,0.0,0.07,0.01,0.0
17.485059076000002,0.0,0.07,0.0,0.02
17.486049855,0.04,0.07,0.0,0.0
17.48704121,0.0,0.07,0.01,0.0
17.488041147,0.0,0.07,0.01,0.01
17.489143374,0.0,0.09,0.03,0.0
17.490043240000002,0.01,0.08,0.0,0.0
17.49204986,0.0,0.07,0.0,0.0
17.493042618,0.0,0.08,0.0,0.0
17.494048457,0.0,0.08,0.0,0.01
17.49507744,0.0,0.07,0.02,0.0
17.496055432000002,0.0,0.07,0.01,0.0
17.497094343,0.0,0.08,0.0,0.0
17.498047049,0.0,0.07,0.0,0.01
17.499045147,0.0,0.08,0.0,0.0
17.500043513,0.0,0.06,0.0,0.01
17.501043038000002,0.01,0.08,0.0,0.0
17.502047095,0.01,0.07,0.0,0.01
17.503041609,0.03,0.05,0.0,0.0
17.504043574,0.0,0.06,0.01,0.0
17.505041649000002,0.0,0.06,0.0,0.0
17.506052712000002,0.0,0.06,0.0,0.0
17.508044958000003,0.0,0.07,0.0,0.0
17.509044139,0.0,0.07,0.0,0.0
17.510043844000002,0.02,0.09,0.0,0.02
17.511090808000002,0.0,0.11,0.02,0.0
17.512065446,0.0,0.08,0.0,0.04
17.513052481000003,0.01,0.11,0.0,0.01
17.514047857,0.03,0.15,0.05,0.02
17.515044822,0.0,0.08,0.01,0.01
17.516057404,0.0,0.07,0.0,0.0
17.517052449,0.0,0.07,0.0,0.01
17.518052777,0.0,0.08,0.01,0.01
17.519062639,0.0,0.08,0.0,0.01
17.520044565000003,0.02,0.04,0.03,0.03
17.521057946000003,0.03,0.07,0.0,0.05
17.522049839,0.0,0.07,0.0,0.01
17.524053223000003,0.0,0.07,0.02,0.0
17.525054663000002,0.01,0.09,0.01,0.0
17.526054649000002,0.0,0.08,0.0,0.0
17.527098202,0.01,0.08,0.0,0.0
17.528055056,0.0,0.08,0.0,0.0
17.529054936,0.01,0.09,0.0,0.0
17.530051122,0.0,0.08,0.0,0.0
17.531044791,0.02,0.18,0.0,0.03
17.532044431000003,0.0,0.08,0.0,0.0
17.533101393000003,0.01,0.08,0.01,0.0
17.534050213,0.0,0.09,0.0,0.03
17.535049288,0.01,0.08,0.0,0.0
17.537107690000003,0.0,0.1,0.0,0.0
17.538068196,0.01,0.09,0.01,0.0
17.539081007,0.0,0.09,0.0,0.0
17.540058651000002,0.0,0.08,0.0,0.0
17.541052147000002,0.0,0.09,0.0,0.01
17.542040623000002,0.0,0.09,0.0,0.0
17.543080458000002,0.0,0.08,0.0,0.0
17.544056905,0.0,0.1,0.0,0.0
17.54504726,0.0,0.1,0.0,0.01
17.546162991000003,0.0,0.09,0.0,0.0
17.547051373000002,0.01,0.09,0.0,0.0
17.548049911,0.0,0.1,0.0,0.0
17.549053632,0.0,0.09,0.0,0.0
17.550110487,0.0,0.08,0.0,0.0
17.552042609,0.01,0.07,0.01,0.01
17.553039848,0.0,0.07,0.0,0.0
17.554040089,0.01,0.09,0.0,0.01
17.555039798000003,0.0,0.07,0.0,0.0
17.556048995,0.0,0.08,0.02,0.01
17.557041124,0.0,0.1,0.0,0.0
17.558040855,0.01,0.06,0.0,0.0
17.55907008,0.05,0.04,0.1,0.05
17.560058936,0.04,0.08,0.01,0.0
17.561044684000002,0.0,0.08,0.0,0.0
17.562044303,0.0,0.09,0.01,0.0
17.563042744,0.0,0.09,0.0,0.02
17.564046907,0.0,0.16,0.0,0.0
17.565079652,0.0,0.09,0.0,0.01
17.566046217,0.0,0.08,0.0,0.0
17.567041712,0.0,0.09,0.0,0.0
17.568089362000002,0.0,0.09,0.0,0.0
17.570083294,0.01,0.08,0.0,0.0
17.571052338,0.01,0.08,0.0,0.0
17.572050638,0.01,0.08,0.0,0.01
17.573046784000002,0.0,0.1,0.0,0.0
17.574057874,0.0,0.08,0.01,0.0
17.575074005,0.01,0.05,0.12,0.03
17.576059678,0.0,0.1,0.0,0.0
17.577049017,0.0,0.08,0.0,0.0
17.578046138,0.01,0.08,0.0,0.0
17.579046237,0.0,0.08,0.0,0.0
17.580053854000003,0.0,0.1,0.0,0.03
17.58104459,0.01,0.07,0.0,0.01
17.582042028,0.01,0.07,0.0,0.0
17.58404167,0.0,0.08,0.01,0.0
17.585042214,0.0,0.08,0.0,0.02
17.586042152,0.03,0.08,0.0,0.01
17.587046437,0.0,0.09,0.0,0.0
17.588043294000002,0.02,0.09,0.0,0.0
17.589044122,0.0,0.09,0.0,0.0
17.590056961000002,0.0,0.09,0.0,0.04
17.591076341,0.02,0.06,0.0,0.0
17.592054481,0.0,0.06,0.0,0.0
17.593066794000002,0.0,0.07,0.0,0.04
17.594045739000002,0.01,0.09,0.01,0.0
17.595044771,0.01,0.08,0.01,0.0
17.596054656,0.0,0.13,0.01,0.0
17.597044833,0.0,0.06,0.02,0.0
17.599046308000002,0.0,0.08,0.0,0.0
17.600053524,0.0,0.07,0.0,0.0
17.601060137,0.0,0.08,0.0,0.0
17.602045877000002,0.03,0.08,0.0,0.04
17.603047209,0.0,0.16,0.0,0.01
17.604071823,0.0,0.1,0.0,0.0
17.605044732,0.0,0.09,0.01,0.0
17.606092984,0.0,0.09,0.0,0.0
17.607080081,0.0,0.09,0.01,0.0
17.608075274,0.0,0.09,0.06,0.02
17.609049041000002,0.0,0.1,0.0,0.0
17.610055304,0.0,0.07,0.0,0.02
17.611052644,0.0,0.09,0.0,0.01
17.61205472,0.01,0.09,0.0,0.0
17.614043541,0.0,0.09,0.01,0.01
17.615066657,0.02,0.15,0.01,0.01
17.616051239,0.0,0.09,0.0,0.0
17.617061455,0.0,0.09,0.0,0.0
17.618041781000002,0.0,0.09,0.0,0.0
17.619040702,0.01,0.09,0.01,0.0
17.620049976,0.0,0.09,0.0,0.0
17.621044952000002,0.0,0.09,0.0,0.0
17.62204171,0.0,0.08,0.0,0.01
17.623084516000002,0.0,0.09,0.01,0.0
17.624057767,0.0,0.09,0.0,0.0
17.625100423000003,0.0,0.1,0.0,0.0
17.626130370000002,0.0,0.1,0.0,0.0
17.627047632,0.0,0.09,0.0,0.0
17.62805002,0.0,0.09,0.0,0.0
17.630049117000002,0.0,0.1,0.01,0.0
17.631052215,0.01,0.08,0.07,0.02
17.632048631,0.01,0.09,0.0,0.01
17.633049250000003,0.0,0.09,0.0,0.0
17.634046870000002,0.0,0.1,0.0,0.01
17.635040234,0.0,0.1,0.0,0.0
17.636059449,0.0,0.1,0.0,0.03
17.637074289,0.0,0.1,0.01,0.01
17.638062844,0.0,0.11,0.0,0.0
17.639125747,0.0,0.11,0.03,0.0
17.640148358,0.03,0.14,0.01,0.0
17.64113876,0.03,0.09,0.0,0.0
17.642048475000003,0.0,0.11,0.02,0.0
17.643107655,0.0,0.11,0.01,0.0
17.645041563,0.0,0.1,0.0,0.01
17.64605294,0.01,0.11,0.0,0.0
17.647049448,0.04,0.11,0.04,0.01
17.648039696,0.0,0.1,0.01,0.0
17.649048316000002,0.01,0.1,0.0,0.0
17.650044003,0.0,0.11,0.01,0.01
17.651089211000002,0.0,0.11,0.0,0.0
17.652064601000003,0.0,0.11,0.03,0.0
17.653046938000003,0.01,0.11,0.0,0.02
17.654050364,0.0,0.11,0.0,0.01
17.655068459000002,0.0,0.11,0.01,0.01
17.656056549000002,0.0,0.11,0.0,0.01
17.657058684000003,0.0,0.11,0.0,0.0
17.65805299,0.0,0.12,0.0,0.0
17.660052695,0.0,0.1,0.0,0.0
17.66105288,0.0,0.11,0.0,0.01
17.662057093,0.01,0.12,0.0,0.01
17.663087336,0.03,0.13,0.0,0.0
17.664065178,0.0,0.11,0.0,0.0
17.665096522000002,0.01,0.11,0.0,0.01
17.666050586,0.0,0.11,0.0,0.0
17.667038933,0.0,0.12,0.0,0.01
17.668048157,0.0,0.11,0.0,0.0
17.669075651,0.0,0.11,0.0,0.0
17.670053419000002,0.0,0.1,0.01,0.0
17.671075041,0.0,0.11,0.0,0.0
17.672054943000003,0.01,0.1,0.0,0.01
17.67305313,0.03,0.17,0.0,0.01
17.675048703,0.01,0.12,0.0,0.0
17.676304761,0.0,0.12,0.05,0.02
17.677066364,0.01,0.12,0.0,0.01
17.678095833,0.02,0.13,0.0,0.01
17.679100379,0.0,0.1,0.0,0.0
17.680058528,0.01,0.15,0.0,0.0
17.681051503000003,0.01,0.11,0.03,0.0
17.682095821,0.01,0.17,0.03,0.0
17.683063647,0.0,0.12,0.0,0.0
17.684053314,0.0,0.11,0.0,0.01
17.685091187,0.0,0.11,0.0,0.0
17.686055555,0.0,0.12,0.01,0.0
17.688045435,0.02,0.13,0.01,0.0
17.689042263,0.0,0.12,0.0,0.0
17.690047265,0.01,0.14,0.0,0.0
17.69104411,0.01,0.18,0.0,0.02
17.692054202,0.0,0.12,0.0,0.02
17.693052415,0.0,0.12,0.0,0.0
17.694064182,0.0,0.12,0.01,0.0
17.695069017,0.0,0.12,0.0,0.0
17.696060049,0.0,0.12,0.0,0.0
17.697041743,0.0,0.12,0.0,0.0
17.698091272000003,0.01,0.11,0.0,0.0
17.699043349,0.01,0.12,0.0,0.01
17.700042115000002,0.0,0.11,0.0,0.01
17.701094237,0.0,0.12,0.0,0.0
17.702043673000002,0.0,0.12,0.0,0.02
17.704118158,0.02,0.12,0.0,0.0
17.705041887,0.0,0.11,0.01,0.0
17.706046059000002,0.0,0.12,0.0,0.0
17.707090402000002,0.0,0.11,0.0,0.0
17.708043465,0.06,0.13,0.01,0.0
17.709042321000002,0.0,0.12,0.0,0.0
17.710042834,0.01,0.11,0.01,0.0
17.711045106,0.0,0.11,0.02,0.0
17.7120448,0.0,0.12,0.0,0.0
17.713042776,0.0,0.09,0.01,0.0
17.714042845,0.0,0.11,0.0,0.0
17.715042991,0.0,0.1,0.03,0.0
17.716043051,0.0,0.1,0.0,0.0
17.717047742000002,0.01,0.12,0.0,0.01
17.71804336,0.0,0.13,0.01,0.0
17.720042192,0.01,0.1,0.01,0.0
17.721042522,0.02,0.1,0.0,0.0
17.72204573,0.01,0.12,0.0,0.0
17.723049667,0.0,0.11,0.0,0.0
17.724060729,0.0,0.12,0.01,0.03
17.725062982,0.0,0.11,0.01,0.02
17.726043671,0.0,0.11,0.0,0.0
17.727042400000002,0.02,0.11,0.0,0.0
17.728066717,0.0,0.11,0.0,0.0
17.729058554,0.0,0.1,0.0,0.01
17.730080265,0.01,0.15,0.02,0.0
17.731045347000002,0.0,0.11,0.02,0.01
17.732046128,0.0,0.11,0.0,0.01
17.734045274,0.0,0.13,0.0,0.0
17.7350709,0.0,0.11,0.0,0.0
17.736042981,0.0,0.11,0.0,0.0
17.737043382,0.0,0.12,0.0,0.0
17.738078532,0.02,0.11,0.0,0.02
17.739043622,0.0,0.11,0.01,0.0
17.740046603,0.05,0.08,0.0,0.0
17.741043556,0.0,0.11,0.01,0.0
17.742045509,0.01,0.11,0.01,0.01
17.743044628,0.01,0.11,0.01,0.0
17.744043886,0.0,0.11,0.0,0.01
17.745072491000002,0.0,0.12,0.0,0.0
17.746051514,0.0,0.11,0.0,0.0
17.748045081,0.0,0.11,0.0,0.0
17.749131163,0.01,0.11,0.0,0.01
17.750051713,0.0,0.12,0.0,0.0
17.751045475,0.03,0.12,0.0,0.02
17.752047523,0.0,0.11,0.01,0.01
17.753042241000003,0.0,0.11,0.04,0.0
17.754049636,0.0,0.11,0.0,0.02
17.755052737,0.01,0.08,0.0,0.0
17.756105829000003,0.0,0.11,0.01,0.0
17.75713194,0.0,0.12,0.03,0.0
17.758051384,0.01,0.11,0.0,0.0
17.759048267,0.01,0.09,0.0,0.0
17.760042054,0.03,0.11,0.01,0.01
17.761043244,0.01,0.1,0.01,0.0
17.762043463,0.01,0.11,0.01,0.0
17.763043009,0.0,0.1,0.01,0.01
17.764041805,0.0,0.1,0.0,0.01
17.766045337,0.0,0.1,0.0,0.0
17.767044118,0.0,0.11,0.0,0.0
17.768045778,0.0,0.11,0.01,0.0
17.769042792,0.0,0.1,0.01,0.0
17.770042422,0.01,0.1,0.02,0.0
17.771041805,0.0,0.1,0.0,0.0
17.772041299,0.01,0.1,0.0,0.0
17.773041246000002,0.01,0.11,0.0,0.0
17.774045983,0.0,0.1,0.04,0.0
17.775043549,0.0,0.11,0.0,0.0
17.776043191,0.0,0.11,0.0,0.0
17.777044868,0.0,0.11,0.0,0.0
17.778042821,0.0,0.12,0.01,0.0
17.779048498,0.0,0.11,0.0,0.0
17.781041561000002,0.01,0.1,0.01,0.0
17.782043717,0.0,0.1,0.0,0.01
17.783043756,0.0,0.11,0.01,0.0
17.784042687,0.0,0.12,0.01,0.0
17.785043527000003,0.0,0.12,0.04,0.01
17.786049445,0.01,0.1,0.0,0.0
17.787061318000003,0.0,0.09,0.01,0.0
17.788059048,0.01,0.09,0.0,0.01
17.789055955000002,0.0,0.11,0.0,0.0
17.790068602,0.01,0.08,0.0,0.01
17.791109455,0.01,0.1,0.0,0.0
17.792043884,0.0,0.1,0.0,0.02
17.793044059,0.01,0.09,0.0,0.0
17.795040529,0.0,0.11,0.01,0.0
17.796043962000002,0.0,0.09,0.0,0.0
17.797060964,0.0,0.11,0.0,0.0
17.798062783000002,0.0,0.11,0.0,0.01
17.799066441,0.01,0.12,0.01,0.0
17.800056667,0.0,0.1,0.01,0.0
17.801252694000002,0.03,0.11,0.0,0.0
17.802084128,0.0,0.11,0.01,0.0
17.803117645,0.0,0.1,0.06,0.0
17.804047992,0.0,0.1,0.01,0.0
17.805057039,0.01,0.1,0.01,0.01
17.806052131,0.0,0.1,0.0,0.0
17.807061011000002,0.0,0.12,0.0,0.0
17.808067531000003,0.0,0.11,0.0,0.0
17.809055074,0.0,0.1,0.0,0.01
17.811047730000002,0.0,0.11,0.0,0.01
17.812048212,0.0,0.11,0.01,0.03
17.813053602,0.0,0.11,0.0,0.0
17.814058586,0.0,0.12,0.0,0.0
17.815062866,0.0,0.11,0.0,0.0
17.816056478,0.03,0.1,0.0,0.0
17.817069624000002,0.0,0.1,0.0,0.0
17.818051386,0.0,0.11,0.0,0.0
17.819057132,0.01,0.11,0.0,0.03
17.820069384,0.0,0.11,0.0,0.0
17.821072552,0.01,0.1,0.0,0.0
17.822045831,0.08,0.1,0.0,0.01
17.823051689,0.0,0.1,0.01,0.01
17.82404251,0.0,0.1,0.0,0.0
17.826056311000002,0.0,0.09,0.0,0.0
17.827050173,0.0,0.1,0.0,0.01
17.828045005,0.0,0.1,0.0,0.0
17.829042243,0.01,0.1,0.0,0.0
17.830044294,0.0,0.1,0.0,0.0
17.83104609,0.0,0.1,0.01,0.0
17.832047107,0.01,0.1,0.0,0.0
17.833047336,0.0,0.1,0.01,0.04
17.834055464000002,0.04,0.1,0.0,0.0
17.835048951,0.0,0.1,0.0,0.0
17.836045788,0.0,0.11,0.01,0.0
17.83705034,0.0,0.09,0.01,0.0
17.838045204,0.0,0.11,0.0,0.01
17.839043678,0.01,0.1,0.02,0.0
17.841041363000002,0.01,0.12,0.02,0.0
17.842047595,0.0,0.1,0.0,0.01
17.843045532,0.0,0.1,0.0,0.01
17.84404426,0.01,0.12,0.01,0.0
17.845050996,0.0,0.09,0.0,0.0
17.846044619,0.0,0.09,0.0,0.0
17.847072277000002,0.0,0.1,0.0,0.0
17.848050763,0.0,0.09,0.0,0.01
17.849074901,0.01,0.09,0.0,0.0
17.850080367,0.0,0.1,0.0,0.0
17.851055126000002,0.01,0.09,0.0,0.0
17.852051632000002,0.0,0.09,0.05,0.06
17.853050455,0.0,0.07,0.0,0.0
17.854066968,0.01,0.09,0.0,0.01
17.856085311,0.0,0.1,0.0,0.0
17.857070396,0.01,0.09,0.0,0.0
17.858046157,0.0,0.09,0.01,0.0
17.859046129000003,0.0,0.09,0.0,0.0
17.860073649,0.0,0.08,0.0,0.0
17.86104432,0.0,0.1,0.0,0.0
17.862041241,0.0,0.09,0.0,0.01
17.863057036,0.0,0.09,0.01,0.1
17.864044329000002,0.01,0.09,0.0,0.01
17.865043995,0.0,0.09,0.0,0.0
17.866042087,0.0,0.08,0.0,0.0
17.867040721000002,0.0,0.09,0.0,0.0
17.868041971,0.01,0.09,0.01,0.0
17.869041842,0.07,0.07,0.03,0.0
17.871048505,0.0,0.09,0.0,0.0
17.872045026000002,0.0,0.09,0.02,0.0
17.873044193000002,0.01,0.09,0.01,0.0
17.874048846,0.0,0.09,0.0,0.0
17.875043977,0.01,0.1,0.0,0.0
17.876043059,0.0,0.09,0.05,0.0
17.877047366000003,0.02,0.09,0.0,0.0
17.878051397,0.0,0.09,0.0,0.0
17.879059678,0.0,0.11,0.0,0.01
17.880143286000003,0.0,0.09,0.0,0.01
17.881109018,0.0,0.09,0.0,0.02
17.882058167,0.0,0.12,0.0,0.0
17.88304157,0.0,0.07,0.0,0.0
17.88405038,0.01,0.1,0.01,0.0
17.886048193,0.01,0.1,0.0,0.0
17.887041145,0.0,0.1,0.01,0.0
17.888041700000002,0.0,0.09,0.0,0.02
17.88904477,0.01,0.1,0.0,0.0
17.890045125,0.0,0.12,0.0,0.0
17.891043460000002,0.0,0.09,0.0,0.0
17.892044485,0.0,0.1,0.01,0.02
17.89304452,0.0,0.1,0.02,0.0
17.894048554,0.0,0.07,0.0,0.01
17.895045712,0.0,0.1,0.01,0.0
17.89604839,0.0,0.1,0.04,0.02
17.897063935000002,0.0,0.1,0.0,0.0
17.898046308,0.0,0.09,0.0,0.0
17.899044725,0.0,0.09,0.03,0.0
17.900045124000002,0.0,0.09,0.02,0.0
17.902043157,0.01,0.08,0.01,0.01
17.903046011,0.01,0.09,0.0,0.0
17.904065646,0.0,0.09,0.07,0.0
17.905043541,0.0,0.09,0.0,0.0
17.906043427,0.0,0.09,0.0,0.0
17.907042127,0.0,0.1,0.0,0.01
17.908045412,0.0,0.12,0.01,0.01
17.909053896,0.01,0.09,0.01,0.0
17.910046539,0.0,0.07,0.0,0.0
17.911058620000002,0.01,0.11,0.08,0.08
17.912057838000003,0.0,0.09,0.01,0.0
17.913051039000003,0.0,0.08,0.04,0.0
17.914047524,0.0,0.08,0.0,0.0
17.916042872000002,0.0,0.09,0.0,0.0
17.91704768,0.01,0.09,0.01,0.0
17.918045899000003,0.0,0.09,0.04,0.03
17.9190444,0.0,0.09,0.0,0.04
17.920058321000003,0.0,0.09,0.01,0.0
17.92104291,0.0,0.07,0.0,0.02
17.922043675,0.0,0.08,0.0,0.02
17.923051731,0.0,0.09,0.02,0.0
17.924043512,0.0,0.08,0.01,0.0
17.925043303000002,0.0,0.09,0.0,0.01
17.926043786,0.0,0.08,0.0,0.0
17.92704861,0.0,0.09,0.0,0.0
17.92806302,0.01,0.07,0.0,0.01
17.929045462,0.0,0.08,0.02,0.0
17.930087309,0.01,0.08,0.01,0.0
17.932043020000002,0.02,0.09,0.01,0.0
17.933044005000003,0.01,0.08,0.0,0.0
17.934047904,0.0,0.09,0.0,0.0
17.935046255,0.0,0.08,0.0,0.0
17.936052074000003,0.0,0.09,0.0,0.0
17.937046977,0.0,0.08,0.01,0.01
17.938060661,0.0,0.09,0.0,0.0
17.939053378,0.0,0.08,0.0,0.0
17.940047031000002,0.01,0.08,0.0,0.0
17.941050303,0.0,0.09,0.0,0.0
17.942061113,0.0,0.09,0.0,0.0
17.943050224,0.0,0.1,0.0,0.0
17.944044134000002,0.0,0.15,0.01,0.01
17.945057384000002,0.0,0.08,0.0,0.04
17.947053329000003,0.0,0.08,0.0,0.01
17.94804379,0.0,0.08,0.01,0.0
17.949042973,0.01,0.07,0.0,0.0
17.950043548,0.0,0.08,0.0,0.0
17.951051468000003,0.0,0.12,0.04,0.0
17.952044236000003,0.0,0.08,0.0,0.01
17.953043307,0.0,0.08,0.0,0.0
17.954043342000002,0.0,0.07,0.0,0.01
17.955043726,0.0,0.12,0.0,0.0
17.956050258,0.0,0.08,0.04,0.01
17.957092887,0.0,0.08,0.01,0.0
17.958044305,0.0,0.08,0.02,0.0
17.960042178000002,0.0,0.07,0.0,0.01
17.961084734,0.0,0.07,0.01,0.0
17.962043261,0.0,0.08,0.0,0.0
17.96304864,0.0,0.11,0.0,0.01
17.964042084000003,0.01,0.07,0.01,0.0
17.965044088000003,0.0,0.07,0.02,0.0
17.966043811000002,0.01,0.08,0.0,0.0
17.967043688,0.0,0.07,0.0,0.0
17.968043275,0.0,0.09,0.0,0.0
17.969042725,0.0,0.08,0.0,0.0
17.970043808,0.0,0.09,0.0,0.0
17.971050285,0.0,0.1,0.0,0.01
17.972048216,0.0,0.09,0.0,0.0
17.973069723000002,0.0,0.1,0.0,0.0
17.974060069,0.0,0.11,0.0,0.0
17.975049925,0.0,0.09,0.0,0.0
17.977041897,0.0,0.1,0.0,0.0
17.978042828,0.01,0.1,0.0,0.0
17.979042507000003,0.02,0.16,0.0,0.01
17.980042821,0.0,0.09,0.0,0.01
17.981042585,0.01,0.09,0.0,0.0
17.982044137000003,0.0,0.09,0.0,0.0
17.983043837,0.01,0.09,0.0,0.0
17.984090057,0.0,0.08,0.0,0.0
17.985042376000003,0.0,0.08,0.01,0.0
17.986047038000002,0.0,0.08,0.0,0.0
17.987047213,0.0,0.08,0.01,0.0
17.988084993,0.02,0.07,0.02,0.0
17.989434468000002,0.0,0.08,0.0,0.0
17.991177039,0.01,0.07,0.01,0.0
17.992066597,0.0,0.05,0.0,0.03
17.993109329000003,0.01,0.1,0.01,0.01
17.994060832000002,0.0,0.07,0.0,0.03
17.995100190000002,0.0,0.08,0.01,0.01
17.996096094000002,0.0,0.07,0.0,0.0
17.997099256000002,0.0,0.08,0.01,0.0
17.998099224,0.0,0.06,0.01,0.0
17.999099518,0.0,0.07,0.03,0.0
18.000191839000003,0.0,0.12,0.0,0.06
18.001115121,0.01,0.09,0.0,0.02
18.002140587,0.0,0.09,0.0,0.03
18.003170787000002,0.01,0.11,0.0,0.0
18.004072626000003,0.01,0.08,0.0,0.0
18.005064782,0.0,0.08,0.0,0.0
18.006059553,0.0,0.08,0.0,0.0
18.008053339,0.0,0.08,0.0,0.01
18.009065646,0.0,0.09,0.0,0.01
18.010045517000002,0.01,0.1,0.0,0.02
18.011045875,0.01,0.08,0.04,0.0
18.012045953,0.0,0.08,0.0,0.01
18.013050702,0.0,0.11,0.0,0.02
18.014095190000003,0.0,0.08,0.01,0.01
18.015044488,0.0,0.08,0.0,0.0
18.016046722000002,0.01,0.07,0.0,0.01
18.017095809,0.01,0.07,0.0,0.0
18.018048716000003,0.0,0.07,0.0,0.0
18.019048147,0.03,0.08,0.0,0.0
18.021042053000002,0.0,0.08,0.01,0.0
18.022050341,0.0,0.08,0.02,0.01
18.023090617,0.0,0.07,0.0,0.01
18.024054639000003,0.0,0.07,0.0,0.0
18.025049769000002,0.0,0.08,0.0,0.0
18.026046508,0.0,0.08,0.01,0.0
18.027046097,0.0,0.08,0.0,0.0
18.028046251000003,0.0,0.06,0.01,0.05
18.029046270000002,0.01,0.08,0.0,0.0
18.030044914,0.0,0.08,0.01,0.0
18.031043532,0.0,0.11,0.01,0.0
18.032042148000002,0.0,0.07,0.0,0.0
18.033108727000002,0.0,0.07,0.01,0.01
18.034071270000002,0.0,0.07,0.01,0.01
18.035076619,0.0,0.08,0.0,0.0
18.036067886,0.01,0.07,0.0,0.0
18.038140694000003,0.0,0.08,0.0,0.0
18.039085208,0.0,0.07,0.03,0.01
18.040282642,0.0,0.08,0.0,0.01
18.041042107000003,0.0,0.08,0.0,0.0
18.042056651000003,0.0,0.12,0.03,0.0
18.043052461000002,0.0,0.08,0.0,0.0
18.044043245,0.0,0.08,0.0,0.0
18.045043843000002,0.01,0.08,0.0,0.0
18.046049722,0.01,0.07,0.0,0.0
18.04705024,0.0,0.08,0.0,0.0
18.048153755,0.01,0.08,0.01,0.0
18.049049451000002,0.0,0.08,0.0,0.01
18.050059739,0.0,0.07,0.0,0.0
18.052038359,0.0,0.08,0.0,0.0
18.053044899,0.0,0.07,0.0,0.0
18.054049553000002,0.0,0.08,0.02,0.0
18.055082908000003,0.01,0.07,0.0,0.0
18.05609549,0.0,0.08,0.0,0.0
18.057051727,0.0,0.08,0.0,0.0
18.058049545,0.0,0.07,0.01,0.0
18.059047968,0.0,0.08,0.0,0.0
18.060046043,0.02,0.09,0.0,0.01
18.061048349,0.0,0.08,0.0,0.0
18.062051121,0.01,0.08,0.0,0.0
18.063048599000002,0.0,0.07,0.0,0.0
18.064045,0.01,0.06,0.0,0.0
18.06512868,0.0,0.07,0.0,0.0
18.066068463,0.0,0.07,0.0,0.0
18.068049474000002,0.0,0.08,0.0,0.01
18.069055260000003,0.02,0.07,0.01,0.01
18.070065192,0.0,0.07,0.0,0.02
18.071360297000002,0.0,0.08,0.0,0.0
18.072073062,0.0,0.05,0.0,0.0
18.073060784000003,0.0,0.06,0.0,0.0
18.074048973,0.01,0.08,0.04,0.0
18.075094514,0.0,0.08,0.01,0.0
18.07611111,0.0,0.05,0.0,0.0
18.077064890000003,0.0,0.08,0.0,0.0
18.07811029,0.0,0.07,0.03,0.0
18.079048592,0.01,0.07,0.0,0.0
18.080043407,0.01,0.06,0.0,0.0
18.081049535000002,0.0,0.07,0.0,0.0
18.083105727,0.0,0.06,0.0,0.0
18.084043355000002,0.01,0.08,0.0,0.0
18.085046414,0.01,0.07,0.0,0.0
18.086050311,0.0,0.07,0.0,0.0
18.087042879000002,0.0,0.08,0.0,0.0
18.08804627,0.0,0.08,0.0,0.0
18.089040543,0.0,0.07,0.0,0.01
18.090046643,0.03,0.08,0.0,0.0
18.091051786,0.01,0.06,0.01,0.0
18.092045144,0.01,0.08,0.0,0.0
18.093047499,0.0,0.06,0.0,0.0
18.094044025000002,0.01,0.07,0.01,0.0
18.095083579,0.0,0.07,0.0,0.0
18.096065748,0.0,0.07,0.0,0.0
18.098111472,0.0,0.07,0.0,0.01
18.099052913,0.0,0.07,0.0,0.0
18.100045689,0.0,0.07,0.01,0.0
18.10107208,0.01,0.07,0.0,0.0
18.102045485,0.01,0.07,0.0,0.0
18.103057196,0.0,0.07,0.0,0.03
18.104043001,0.0,0.07,0.01,0.0
18.105053002000002,0.0,0.07,0.01,0.0
18.106090558000002,0.0,0.07,0.07,0.0
18.107053539000002,0.01,0.07,0.0,0.0
18.108051131,0.0,0.07,0.0,0.0
18.109042639000002,0.0,0.07,0.01,0.0
18.110042758000002,0.03,0.08,0.0,0.0
18.111044132,0.07,0.04,0.0,0.01
18.113044393000003,0.0,0.07,0.01,0.0
18.114045891,0.0,0.07,0.0,0.0
18.115046842,0.02,0.07,0.0,0.01
18.116046645,0.0,0.08,0.0,0.0
18.11704565,0.0,0.07,0.0,0.0
18.11804606,0.0,0.07,0.0,0.03
18.119049291,0.0,0.11,0.0,0.0
18.120045113,0.0,0.08,0.01,0.06
18.121045699,0.03,0.06,0.0,0.01
18.122047042000002,0.0,0.07,0.0,0.0
18.123045673,0.0,0.07,0.03,0.0
18.124044842,0.02,0.08,0.0,0.0
18.125049357,0.01,0.07,0.01,0.03
18.126046281,0.01,0.09,0.0,0.0
18.128165491,0.0,0.07,0.0,0.0
18.129087295,0.0,0.05,0.0,0.02
18.130044960000003,0.01,0.11,0.04,0.0
18.131044745,0.01,0.07,0.0,0.0
18.132044703000002,0.0,0.06,0.0,0.0
18.133048378,0.01,0.08,0.0,0.0
18.134050918,0.0,0.07,0.0,0.0
18.135089585000003,0.0,0.07,0.0,0.0
18.136044756,0.01,0.07,0.0,0.01
18.137043218000002,0.01,0.07,0.0,0.01
18.138043992,0.02,0.06,0.01,0.0
18.139047696000002,0.0,0.09,0.0,0.01
18.140049348,0.0,0.07,0.0,0.0
18.141045218000002,0.01,0.09,0.0,0.0
18.143042737000002,0.01,0.07,0.0,0.0
18.144049312,0.06,0.09,0.01,0.0
18.145045375000002,0.0,0.07,0.01,0.0
18.146043738,0.0,0.07,0.0,0.0
18.147044214,0.0,0.07,0.0,0.0
18.148044882,0.02,0.07,0.01,0.0
18.149070826000003,0.0,0.07,0.0,0.0
18.150050444,0.0,0.07,0.02,0.0
18.151045146,0.0,0.08,0.0,0.01
