timestamp,FSR1
0.0012002850000000002,0.0
0.005448504000000001,0.0
0.00609261,0.0
0.007196358000000001,0.0
0.008329258,0.0
0.009108743,0.0
0.010029515000000001,0.0
0.011149218,0.0
0.012027769,0.0
0.013294997000000001,0.0
0.014160240000000001,0.01
0.015114888000000002,0.0
0.016236654,0.01
0.017027584000000002,0.0
0.018285175,0.0
0.019031082,0.0
0.020027529000000002,0.0
0.021169975,0.0
0.022028305,0.0
0.023157192,0.0
0.024027902,0.0
0.025172637,0.01
0.026030396,0.0
0.027038187,0.0
0.028162678000000003,0.0
0.029028007,0.0
0.030169915000000002,0.0
0.031030093,0.0
0.032168326000000004,0.0
0.033082823000000004,0.0
0.034216505,0.0
0.035049691,0.0
0.036027822,0.0
0.037091091,0.0
0.038123089000000006,0.0
0.039081808,0.0
0.040060169,0.0
0.041028599000000006,0.0
0.042256699,0.0
0.043081483000000004,0.01
0.044092049,0.0
0.045084207,0.0
0.046285704000000004,0.0
0.047161973,0.0
0.048027269000000004,0.0
0.049281904,0.0
0.050027038,0.0
0.051224611,0.01
0.052129838000000005,0.0
0.053029236,0.0
0.054288632,0.0
0.055028629,0.01
0.05612893,0.0
0.057027633,0.0
0.058237078000000005,0.0
0.05912887000000001,0.0
0.060030997,0.01
0.061299838,0.0
0.062028615,0.0
0.06321557600000001,0.0
0.064033035,0.0
0.06504106200000001,0.0
0.066240486,0.0
0.067033649,0.0
0.068174593,0.0
0.069171356,0.0
0.07011312,0.0
0.071069827,0.0
0.072254317,0.0
0.073281389,0.0
0.074028087,0.0
0.075287226,0.0
0.07609025300000001,0.0
0.07713296500000001,0.0
0.078155583,0.0
0.07929867900000001,0.0
0.080115962,0.0
0.081140052,0.0
0.08203220600000001,0.0
0.08303076000000001,0.0
0.084112909,0.0
0.085030037,0.0
0.086127121,0.0
0.087029804,0.0
0.088029361,0.0
0.089135935,0.01
0.09002855300000001,0.01
0.091159875,0.01
0.092028807,0.0
0.093163852,0.0
0.094028836,0.0
0.095109441,0.0
0.096125764,0.0
0.09702883600000001,0.01
0.09815873100000001,0.01
0.099029263,0.01
0.10016838800000001,0.0
0.10128569800000001,0.0
0.102159207,0.0
0.103037236,0.0
0.10402979500000001,0.0
0.105028881,0.0
0.106130051,0.0
0.10712579100000001,0.0
0.108130391,0.0
0.109130825,0.0
0.11002875100000001,0.0
0.111126848,0.0
0.112302573,0.0
0.11312817800000001,0.0
0.114029185,0.0
0.11519391500000001,0.0
0.116129697,0.01
0.117097588,0.0
0.11828648300000001,0.0
0.119297393,0.0
0.120152773,0.0
0.12102849,0.0
0.12228602100000001,0.0
0.12305143,0.0
0.12415709100000001,0.0
0.125284128,0.0
0.126046397,0.0
0.127106162,0.0
0.128167418,0.0
0.12912315500000002,0.0
0.130151818,0.0
0.131069698,0.0
0.132147796,0.0
0.13302745600000002,0.0
0.13430223600000002,0.0
0.13517426000000002,0.0
0.13628980200000002,0.0
0.13716699100000002,0.0
0.138082809,0.0
0.139162154,0.0
0.140029347,0.0
0.14116404200000002,0.0
0.142028753,0.0
0.143028234,0.0
0.144170566,0.0
0.14502694500000002,0.0
0.14616124500000002,0.0
0.147027075,0.0
0.148156734,0.0
0.14907093000000002,0.0
0.15003138600000002,0.0
0.151162767,0.0
0.152028311,0.0
0.15313173300000002,0.0
0.154028927,0.0
0.155027635,0.0
0.15617050600000001,0.0
0.157030323,0.0
0.158161555,0.0
0.15902976200000002,0.0
0.160220092,0.0
0.161123916,0.0
0.162029359,0.01
0.16314525800000002,0.0
0.164032059,0.0
0.165030161,0.01
0.166124449,0.0
0.167028229,0.0
0.168119856,0.0
0.169030973,0.0
0.170128837,0.0
0.171030795,0.0
0.17203035700000002,0.0
0.173077167,0.01
0.174030862,0.0
0.17512828500000002,0.0
0.176276078,0.0
0.177153414,0.0
0.17805896400000001,0.0
0.179135287,0.0
0.18020392200000002,0.0
0.181028617,0.0
0.182174263,0.0
0.183028129,0.0
0.184027721,0.0
0.18512476800000002,0.0
0.186026716,0.0
0.187161238,0.0
0.18802906,0.0
0.189030781,0.0
0.190221575,0.0
0.19102706900000002,0.0
0.19215040600000002,0.0
0.19311254800000002,0.0
0.19416423600000002,0.0
0.195026959,0.0
0.19602698200000002,0.01
0.19716724100000002,0.0
0.19802729000000002,0.0
0.19913360800000002,0.0
0.20002708700000002,0.0
0.201027445,0.0
0.202173084,0.01
0.203027077,0.0
0.20415186700000001,0.0
0.205035201,0.0
0.206114595,0.0
0.207226247,0.01
0.208213382,0.0
0.20902800000000002,0.0
0.21002731100000002,0.0
0.211131606,0.01
0.21204529100000002,0.0
0.213158285,0.0
0.21402716100000002,0.0
0.215026834,0.0
0.21614632800000003,0.0
0.217029038,0.01
0.218124965,0.01
0.219028716,0.0
0.22007693800000003,0.0
0.22104378500000002,0.0
0.22220883200000002,0.0
0.22312384200000002,0.01
0.22412453100000002,0.01
0.22512653800000001,0.0
0.22602713100000002,0.0
0.22712678100000003,0.0
0.22812701200000002,0.0
0.23017282200000003,0.0
0.231026959,0.0
0.232027327,0.0
0.233070029,0.0
0.234026957,0.01
0.235283452,0.01
0.236027645,0.0
0.237026965,0.0
0.238153678,0.01
0.23905841100000003,0.0
0.24017236300000003,0.0
0.241028707,0.0
0.24216201,0.01
0.24302764400000001,0.0
0.24424092600000002,0.0
0.24527901100000002,0.0
0.246026455,0.0
0.247195836,0.0
0.248026868,0.0
0.249160329,0.0
0.250116689,0.0
0.251032923,0.0
0.25217131000000004,0.0
0.253026432,0.0
0.254163233,0.0
0.255027485,0.0
0.256027271,0.0
0.25716342200000003,0.0
0.258027748,0.0
0.25915929000000004,0.0
0.26002703,0.0
0.261160999,0.0
0.262172748,0.0
0.263031905,0.0
0.264274612,0.0
0.265026772,0.0
0.266149212,0.0
0.26702665800000003,0.0
0.268117677,0.0
0.269059027,0.0
0.27002686400000003,0.0
0.27118209200000004,0.0
0.272179889,0.0
0.273180592,0.0
0.274170212,0.0
0.275027322,0.0
0.276128827,0.01
0.27703895700000003,0.0
0.27812765700000003,0.0
0.27902802200000004,0.01
0.280126468,0.01
0.28102796700000005,0.0
0.282028135,0.0
0.283112698,0.0
0.285153229,0.0
0.286027231,0.0
0.287031807,0.0
0.288219846,0.01
0.28915167,0.0
0.290102104,0.0
0.29105047700000003,0.0
0.292281196,0.0
0.293063799,0.0
0.294115593,0.0
0.29510705000000004,0.0
0.296105308,0.0
0.29703195000000004,0.0
0.298083468,0.0
0.299065313,0.0
0.300030132,0.0
0.301129605,0.01
0.30202901600000004,0.0
0.303226826,0.0
0.30403043900000004,0.0
0.305232062,0.0
0.306030016,0.0
0.307030181,0.0
0.308155144,0.0
0.30903319700000004,0.0
0.31016456600000003,0.0
0.31117614600000004,0.0
0.312030537,0.0
0.313084134,0.01
0.314028407,0.01
0.315159719,0.0
0.316028907,0.01
0.317170187,0.0
0.318028523,0.0
0.319029069,0.0
0.320160779,0.0
0.321028584,0.0
0.322027922,0.0
0.323160124,0.01
0.32403051600000005,0.01
0.325166079,0.0
0.326028766,0.0
0.327029769,0.0
0.32809018,0.0
0.329161407,0.0
0.330160991,0.01
0.33120850900000004,0.01
0.33208363100000005,0.01
0.333086119,0.0
0.33411945800000004,0.0
0.33510045800000005,0.0
0.336029949,0.01
0.337099731,0.0
0.33809759300000003,0.0
0.339098664,0.0
0.340096707,0.0
0.341030742,0.0
0.34202898000000004,0.0
0.343058652,0.01
0.34407819100000003,0.0
0.34517532500000003,0.0
0.34603132400000003,0.0
0.34702979300000003,0.0
0.348059492,0.0
0.35014864300000004,0.01
0.351028579,0.0
0.35215823900000004,0.0
0.353029902,0.0
0.35415493400000003,0.0
0.355119036,0.01
0.356028705,0.0
0.35710803100000005,0.0
0.358082202,0.0
0.359029576,0.0
0.360157928,0.0
0.36128039900000003,0.0
0.36202777900000005,0.01
0.36316548600000004,0.0
0.364028571,0.01
0.365031321,0.0
0.36609656,0.0
0.367029103,0.0
0.368182722,0.0
0.36902860000000004,0.0
0.37008153800000004,0.0
0.37102904400000003,0.01
0.37202878,0.0
0.37316817900000004,0.0
0.374029714,0.0
0.37507926900000005,0.0
0.376029555,0.0
0.37716594800000003,0.0
0.378029043,0.0
0.37903269,0.0
0.38016210500000003,0.0
0.38102892000000005,0.0
0.38212438600000004,0.0
0.38302884600000003,0.0
0.384029332,0.01
0.38517121400000004,0.0
0.386030849,0.01
0.387090765,0.0
0.38802921500000004,0.0
0.389180026,0.0
0.39004145,0.0
0.39209569600000005,0.0
0.393095689,0.0
0.394192884,0.0
0.395105113,0.0
0.39603147400000005,0.01
0.397096677,0.01
0.39811278600000005,0.01
0.399029014,0.0
0.40010279600000004,0.01
0.40127977800000003,0.0
0.402027776,0.0
0.40309583000000004,0.0
0.404109111,0.0
0.405035858,0.01
0.40603655400000005,0.01
0.407123098,0.0
0.40828793,0.0
0.40915089600000004,0.01
0.41002875000000005,0.0
0.41114997000000003,0.0
0.41208832100000004,0.0
0.41302914500000004,0.01
0.414282382,0.0
0.41521516900000005,0.0
0.41611147800000003,0.0
0.417032738,0.0
0.418188208,0.0
0.419183352,0.0
0.420029863,0.0
0.421290476,0.0
0.422030014,0.0
0.423170529,0.0
0.424029523,0.0
0.425029517,0.0
0.42615990400000003,0.0
0.42702910800000005,0.0
0.42813671600000003,0.0
0.429032634,0.0
0.43015329900000004,0.0
0.431060196,0.0
0.43202865500000004,0.0
0.43316358600000004,0.0
0.434196328,0.0
0.43513396200000004,0.0
0.43603220800000003,0.0
0.437208439,0.0
0.43825367200000004,0.0
0.43923540600000005,0.0
0.44016959400000005,0.0
0.441029325,0.0
0.44215869500000005,0.0
0.44302929100000005,0.0
0.44415354500000004,0.0
0.445109915,0.0
0.44622241900000004,0.0
0.447143273,0.0
0.44802972300000005,0.0
0.449034254,0.0
0.450093944,0.0
0.451116452,0.0
0.452102363,0.0
0.453212814,0.0
0.45410146500000004,0.0
0.45510308200000005,0.0
0.45603005700000004,0.0
0.45709769100000003,0.0
0.458029909,0.0
0.45902964100000004,0.0
0.460097939,0.0
0.461028863,0.0
0.46210002800000005,0.0
0.46303098000000004,0.0
0.46512083600000004,0.0
0.466031725,0.0
0.467081381,0.0
0.46818576100000003,0.0
0.469289612,0.0
0.47010509,0.0
0.47103252500000004,0.0
0.47215635100000003,0.0
0.473030029,0.0
0.474030852,0.0
0.47516137,0.0
0.47602905300000004,0.0
0.477155402,0.0
0.478028506,0.0
0.47916904200000004,0.0
0.480284855,0.0
0.48102967700000004,0.0
0.48216151,0.0
0.483029896,0.0
0.48417234900000006,0.0
0.485285479,0.0
0.48602989,0.0
0.48715977200000005,0.0
0.48803112200000004,0.0
0.489164007,0.0
0.49002958500000005,0.0
0.49127886400000004,0.0
0.492229446,0.0
0.49302979,0.01
0.49413037800000004,0.0
0.495272027,0.0
0.496171228,0.0
0.49709340500000004,0.0
0.498032666,0.0
0.49915558000000004,0.0
0.5001662170000001,0.0
0.501194143,0.0
0.502029429,0.0
0.504076858,0.0
0.505029747,0.01
0.506103561,0.0
0.5070290040000001,0.0
0.508194668,0.0
0.5090290660000001,0.0
0.510030487,0.0
0.5111591040000001,0.0
0.512140999,0.0
0.513101472,0.0
0.514030788,0.0
0.51522163,0.0
0.516103242,0.01
0.517180242,0.0
0.5180968570000001,0.01
0.519034018,0.01
0.5201085120000001,0.0
0.521029061,0.0
0.5221000140000001,0.0
0.523033925,0.0
0.5240306140000001,0.0
0.525149788,0.0
0.52603038,0.0
0.5271041160000001,0.0
0.528135966,0.0
0.529038742,0.0
0.5300860070000001,0.01
0.531029188,0.0
0.5321517570000001,0.0
0.5330284000000001,0.01
0.5340286870000001,0.0
0.535254824,0.0
0.53604076,0.0
0.537186558,0.0
0.5381648760000001,0.0
0.539030185,0.0
0.540165675,0.0
0.541074041,0.0
0.5421624030000001,0.0
0.543217181,0.0
0.544310445,0.0
0.545191555,0.0
0.546186323,0.0
0.547030246,0.0
0.548299967,0.01
0.5492156180000001,0.0
0.550028527,0.0
0.551176592,0.0
0.552030886,0.0
0.553159233,0.0
0.554028256,0.0
0.555030522,0.0
0.556098638,0.0
0.5572831530000001,0.0
0.558027735,0.0
0.559030235,0.0
0.560028612,0.0
0.5612288000000001,0.01
0.562031116,0.0
0.5631609240000001,0.0
0.564144019,0.0
0.5650270460000001,0.0
0.56603757,0.0
0.5682861720000001,0.01
0.569127613,0.0
0.570030188,0.01
0.571125104,0.0
0.5720285970000001,0.0
0.573125554,0.0
0.5741943850000001,0.0
0.575026985,0.01
0.576124859,0.0
0.5772889090000001,0.0
0.578193939,0.0
0.579067903,0.0
0.580096092,0.01
0.581102022,0.0
0.5820375600000001,0.01
0.583093845,0.0
0.584076616,0.0
0.585094321,0.0
0.5860971420000001,0.0
0.587078035,0.0
0.588077488,0.0
0.589083365,0.0
0.590096262,0.01
0.5910924160000001,0.0
0.592041829,0.0
0.5930584440000001,0.01
0.594092627,0.0
0.595117977,0.0
0.596131022,0.0
0.5971018450000001,0.0
0.598168864,0.0
0.599146555,0.0
0.6001696350000001,0.0
0.60108406,0.0
0.6021114900000001,0.0
0.603070789,0.0
0.604164598,0.0
0.605029597,0.01
0.606192037,0.0
0.607029472,0.0
0.608168155,0.0
0.6090271700000001,0.0
0.610136118,0.0
0.6110849300000001,0.01
0.612143372,0.0
0.6131591150000001,0.0
0.6141593360000001,0.0
0.615026782,0.0
0.6161402770000001,0.0
0.617026733,0.0
0.618028275,0.0
0.619078251,0.0
0.6201000360000001,0.01
0.621069359,0.0
0.6220969030000001,0.0
0.623126935,0.0
0.624027624,0.0
0.625127168,0.0
0.626129697,0.01
0.627127776,0.0
0.628099301,0.0
0.629107207,0.0
0.6301280840000001,0.0
0.631125982,0.0
0.632027098,0.0
0.633129856,0.01
0.6340276,0.0
0.63520226,0.0
0.636083684,0.0
0.6371003660000001,0.0
0.639268713,0.0
0.6400359010000001,0.0
0.641107712,0.0
0.642125544,0.0
0.643027404,0.0
0.6440800080000001,0.0
0.64504083,0.0
0.6460709050000001,0.0
0.647177674,0.0
0.648053007,0.0
0.649080544,0.0
0.650096856,0.0
0.651040158,0.0
0.652293376,0.0
0.6531066400000001,0.0
0.654138039,0.0
0.655068565,0.0
0.656178551,0.0
0.6570262330000001,0.0
0.6580598240000001,0.0
0.659026573,0.0
0.660073032,0.0
0.661143283,0.0
0.662082068,0.0
0.663032523,0.0
0.664099638,0.0
0.665176147,0.0
0.66602808,0.0
0.6670281210000001,0.0
0.6680902700000001,0.0
0.669085173,0.0
0.6700920840000001,0.0
0.671137133,0.0
0.672151429,0.0
0.673154809,0.0
0.6740746320000001,0.0
0.675027255,0.0
0.676070929,0.0
0.677027979,0.0
0.678085053,0.0
0.679097912,0.0
0.680094096,0.0
0.6810765000000001,0.0
0.682082411,0.0
0.683106803,0.0
0.684084162,0.0
0.685255225,0.0
0.6860456420000001,0.0
0.6870761670000001,0.0
0.6881288670000001,0.01
0.689127785,0.0
0.690047352,0.01
0.6912517260000001,0.0
0.6920283690000001,0.0
0.693057032,0.0
0.694029254,0.0
0.6951175780000001,0.0
0.696066199,0.0
0.697136881,0.0
0.698158362,0.0
0.699177157,0.0
0.701030934,0.0
0.702087062,0.0
0.703090383,0.0
0.704083735,0.0
0.705085107,0.0
0.7060622080000001,0.0
0.707029063,0.0
0.7080714170000001,0.01
0.709150107,0.0
0.7101314670000001,0.0
0.7110407310000001,0.0
0.7120517150000001,0.0
0.713080519,0.0
0.714184833,0.0
0.7151517850000001,0.0
0.71618618,0.0
0.717027578,0.01
0.7180910930000001,0.0
0.7191009580000001,0.0
0.720087233,0.01
0.721032678,0.01
0.722104741,0.01
0.723028188,0.0
0.7240330030000001,0.01
0.725105954,0.01
0.726144821,0.0
0.727100493,0.0
0.7280562540000001,0.0
0.7291035050000001,0.0
0.730241553,0.0
0.731087665,0.0
0.7320555710000001,0.0
0.733027113,0.0
0.734026661,0.0
0.736105287,0.0
0.737125754,0.0
0.73802754,0.0
0.739090867,0.0
0.740026091,0.0
0.7411272910000001,0.0
0.742024984,0.0
0.7431038350000001,0.0
0.744131877,0.0
0.7450339650000001,0.01
0.746173796,0.0
0.747027517,0.0
0.7481004200000001,0.0
0.7490289990000001,0.0
0.7500279350000001,0.0
0.7511216180000001,0.0
0.7520272370000001,0.0
0.75310178,0.0
0.7540269230000001,0.01
0.755026733,0.0
0.756274591,0.0
0.75702787,0.0
0.758121202,0.0
0.7590285680000001,0.0
0.7602780760000001,0.0
0.7610274490000001,0.0
0.762026756,0.0
0.7630928170000001,0.0
0.764027016,0.0
0.7651545540000001,0.0
0.7660270090000001,0.0
0.7670274970000001,0.0
0.768159651,0.0
0.7690267930000001,0.0
0.7701008930000001,0.0
0.7710353750000001,0.0
0.772281895,0.0
0.773190955,0.0
0.77403352,0.0
0.7751131760000001,0.0
0.776105421,0.0
0.7771331180000001,0.0
0.7780278580000001,0.0
0.7790324860000001,0.0
0.780139778,0.0
0.781026408,0.0
0.7821042720000001,0.0
0.783030482,0.01
0.784096824,0.0
0.7850523150000001,0.0
0.7860281410000001,0.0
0.78720844,0.0
0.788027628,0.0
0.789164779,0.0
0.790028308,0.0
0.7910280150000001,0.0
0.7922870270000001,0.0
0.7930391720000001,0.0
0.794130416,0.0
0.795286224,0.0
0.796126632,0.0
0.7970272770000001,0.0
0.7981272330000001,0.0
0.7991279290000001,0.0
0.8002818930000001,0.0
0.8011294840000001,0.0
0.802029121,0.0
0.804269297,0.0
0.805164725,0.0
0.8060874060000001,0.0
0.8071199050000001,0.0
0.8082757890000001,0.0
0.8092781960000001,0.0
0.810120799,0.0
0.8110269480000001,0.0
0.812199796,0.0
0.813275756,0.0
0.8142083090000001,0.0
0.8151177510000001,0.0
0.816027849,0.0
0.81702589,0.0
0.818287835,0.01
0.8201174290000001,0.0
0.8210258840000001,0.0
0.8221604640000001,0.0
0.823027316,0.0
0.8240267160000001,0.0
0.8251646600000001,0.01
0.826026323,0.0
0.827160204,0.01
0.8280259120000001,0.0
0.8290265320000001,0.0
0.830275737,0.01
0.831230291,0.0
0.832222742,0.0
0.833026987,0.0
0.8340268980000001,0.0
0.835161475,0.0
0.836034495,0.0
0.8370965300000001,0.0
0.8380624860000001,0.0
0.8391532700000001,0.0
0.840058159,0.0
0.8410263920000001,0.0
0.8421848390000001,0.0
0.8430283890000001,0.0
0.8441815020000001,0.0
0.845026292,0.0
0.8461563150000001,0.0
0.8471259830000001,0.0
0.8480265990000001,0.0
0.8491134170000001,0.01
0.8500265810000001,0.0
0.8510261060000001,0.0
0.8521270870000001,0.0
0.853027512,0.0
0.854098404,0.0
0.8550823230000001,0.0
0.8560282640000001,0.0
0.8570838740000001,0.0
0.8580769100000001,0.0
0.859098468,0.0
0.8600281540000001,0.0
0.8612199370000001,0.0
0.8621273620000001,0.0
0.8630261920000001,0.0
0.8641343410000001,0.0
0.865029307,0.0
0.866029609,0.0
0.867091162,0.0
0.8680277120000001,0.02
0.8690898210000001,0.01
0.870123474,0.01
0.8711037260000001,0.0
0.872085396,0.0
0.8731641450000001,0.0
0.874068088,0.01
0.875080713,0.0
0.876081463,0.0
0.877027263,0.01
0.878164346,0.01
0.879026481,0.0
0.8801537020000001,0.0
0.8811655460000001,0.0
0.882026642,0.0
0.8830809030000001,0.0
0.884155938,0.0
0.885200646,0.0
0.8860815750000001,0.0
0.8870861280000001,0.0
0.8881728440000001,0.0
0.889028417,0.0
0.890093805,0.0
0.891078922,0.0
0.8920275120000001,0.0
0.893076105,0.0
0.894085397,0.0
0.8951634260000001,0.0
0.896080077,0.0
0.8971084380000001,0.0
0.8980515830000001,0.0
0.899029948,0.0
0.900235573,0.0
0.9010270260000001,0.0
0.9020837260000001,0.0
0.9030296470000001,0.0
0.9040280930000001,0.0
0.9052583980000001,0.0
0.9060257490000001,0.0
0.907087105,0.0
0.9082881110000001,0.0
0.9091281520000001,0.0
0.910027251,0.0
0.9121263310000001,0.0
0.913027248,0.0
0.914081008,0.01
0.9150267040000001,0.0
0.9160261770000001,0.0
0.917090783,0.0
0.918027318,0.0
0.919083171,0.0
0.9200287540000001,0.0
0.921027043,0.0
0.92208776,0.0
0.923026836,0.01
0.9240819170000001,0.0
0.9250297740000001,0.0
0.9260279790000001,0.0
0.9270831890000001,0.0
0.9281028750000001,0.0
0.9290747810000001,0.0
0.930086571,0.0
0.931248178,0.0
0.932198488,0.0
0.933026945,0.0
0.934080043,0.0
0.935027059,0.01
0.9362169,0.0
0.9372086730000001,0.0
0.938027873,0.0
0.9392174980000001,0.01
0.940028784,0.0
0.94121111,0.0
0.942086238,0.0
0.9430450010000001,0.0
0.9440269120000001,0.0
0.9451559970000001,0.0
0.9460261790000001,0.0
0.9471627730000001,0.0
0.9480277730000001,0.0
0.949076027,0.0
0.9500817650000001,0.0
0.9511648330000001,0.0
0.9520903350000001,0.0
0.953026502,0.0
0.954149397,0.0
0.9550263480000001,0.0
0.9560284080000001,0.0
0.957089131,0.0
0.958027672,0.0
0.959080303,0.0
0.9600724820000001,0.0
0.961170971,0.0
0.9620558020000001,0.0
0.963103578,0.0
0.9641821610000001,0.0
0.965033974,0.0
0.9661317960000001,0.0
0.9670293050000001,0.0
0.9680391300000001,0.0
0.969122326,0.01
0.9701324590000001,0.0
0.9710316900000001,0.0
0.973027395,0.0
0.974126099,0.0
0.975334974,0.0
0.976029495,0.0
0.9770363870000001,0.0
0.9781336700000001,0.0
0.9790312210000001,0.0
0.980032223,0.0
0.9810302310000001,0.0
0.9821412380000001,0.0
0.9830296900000001,0.0
0.9842883370000001,0.0
0.985031054,0.0
0.9860300850000001,0.0
0.9871434050000001,0.0
0.9880281900000001,0.0
0.9890305840000001,0.0
0.9902556160000001,0.0
0.9910331550000001,0.0
0.992033072,0.0
0.993220744,0.0
0.9941313610000001,0.0
0.9950532070000001,0.0
0.9960618160000001,0.0
0.9970296750000001,0.0
0.998077202,0.0
0.9990297140000001,0.0
1.000251009,0.0
1.0012102520000001,0.0
1.00203215,0.0
1.003170793,0.0
1.0040287410000002,0.0
1.005097158,0.01
1.006026973,0.0
1.0071029630000001,0.0
1.008096316,0.0
1.0090284550000002,0.0
1.010096069,0.0
1.011027452,0.0
1.0121031660000002,0.01
1.013101265,0.0
1.014088726,0.0
1.015155175,0.01
1.0160327,0.0
1.017148484,0.0
1.018028683,0.01
1.0190280550000002,0.0
1.021094884,0.0
1.022073288,0.0
1.0230446530000001,0.0
1.0240342850000002,0.0
1.025291085,0.0
1.0260985630000001,0.0
1.027080971,0.0
1.0281013350000001,0.0
1.029032484,0.0
1.030254988,0.0
1.0310284680000001,0.0
1.032251221,0.0
1.033028609,0.0
1.034249141,0.0
1.03510748,0.0
1.036290533,0.0
1.037135245,0.0
1.0382937170000002,0.0
1.039155848,0.0
1.0400456710000001,0.01
1.0410506990000001,0.0
1.042056066,0.0
1.043049922,0.0
1.0440475690000002,0.0
1.045033621,0.0
1.046134112,0.0
1.047030876,0.0
1.04808801,0.0
1.0492642520000002,0.0
1.050029436,0.0
1.05111585,0.0
1.0520267110000001,0.0
1.0530818670000002,0.0
1.054048278,0.0
1.05503334,0.0
1.056198129,0.01
1.057168579,0.0
1.058130663,0.0
1.059074842,0.0
1.0600320970000001,0.0
1.061154701,0.0
1.0621579460000001,0.0
1.063227999,0.01
1.064025846,0.0
1.06520434,0.0
1.0660687450000002,0.0
1.067030917,0.0
1.0680277660000002,0.0
1.069074808,0.0
1.070027014,0.01
1.071174378,0.01
1.072028132,0.01
1.0731691170000002,0.01
1.074083074,0.0
1.0750260310000002,0.0
1.07610043,0.0
1.077026296,0.0
1.078236926,0.0
1.079026658,0.0
1.0800266490000001,0.0
1.0811273140000002,0.0
1.0820271190000001,0.0
1.0831268470000002,0.0
1.084069192,0.0
1.0851371090000002,0.0
1.0861330980000001,0.0
1.087117938,0.0
1.088138998,0.0
1.0891299540000001,0.01
1.090036162,0.0
1.0910796580000002,0.0
1.0921169830000002,0.0
1.093067656,0.01
1.0941218080000001,0.0
1.095038898,0.0
1.097138666,0.0
1.098191669,0.0
1.099215963,0.0
1.100248036,0.0
1.1010269750000001,0.0
1.102239412,0.0
1.103091858,0.0
1.104193632,0.0
1.105182431,0.0
1.106179418,0.0
1.107157516,0.0
1.1080603980000001,0.0
1.109029252,0.0
1.110093972,0.01
1.1112729510000001,0.0
1.112092882,0.0
1.113032397,0.0
1.114176351,0.0
1.11502746,0.0
1.116031566,0.0
1.117274315,0.0
1.118026784,0.01
1.119104495,0.01
1.1200394870000001,0.0
1.121160771,0.0
1.1220266570000001,0.01
1.123159382,0.0
1.1241314260000002,0.0
1.1250270390000001,0.0
1.126207272,0.0
1.12707302,0.0
1.128089122,0.0
1.129117347,0.0
1.130026024,0.0
1.1311538570000002,0.0
1.1320554660000002,0.0
1.133160549,0.0
1.1341647110000002,0.0
1.135278384,0.0
1.136032905,0.0
1.137057478,0.0
1.138028571,0.0
1.139147868,0.0
1.140025295,0.0
1.141196026,0.0
1.1420273200000002,0.0
1.1430265990000001,0.0
1.144129849,0.0
1.145029692,0.0
1.146091223,0.0
1.1471444080000002,0.01
1.1481268610000002,0.0
1.149056399,0.0
1.1502394180000002,0.0
1.151271181,0.0
1.152084799,0.0
1.1531097060000002,0.0
1.15404773,0.0
1.155140365,0.0
1.156218294,0.0
1.1570570690000002,0.0
1.159153687,0.0
1.1600262140000002,0.0
1.161092234,0.01
1.162036679,0.0
1.163138971,0.0
1.1641458420000002,0.0
1.1651436590000002,0.0
1.166026083,0.0
1.16716283,0.0
1.168029255,0.01
1.169078148,0.0
1.170153519,0.0
1.171096753,0.0
1.1720927300000001,0.0
1.173161603,0.0
1.174025758,0.0
1.175025553,0.0
1.1761705960000002,0.0
1.177035268,0.0
1.1781514000000002,0.0
1.179026817,0.0
1.180145809,0.0
1.1810666810000001,0.0
1.1821563240000001,0.0
1.183072994,0.0
1.184172075,0.01
1.1851088250000001,0.0
1.1861383060000001,0.0
1.187133938,0.0
1.188097643,0.0
1.1890252000000001,0.0
1.1901596220000001,0.0
1.191026202,0.0
1.192141739,0.0
1.193039226,0.0
1.194104725,0.0
1.19512985,0.0
1.196025786,0.0
1.197226155,0.0
1.198025844,0.01
1.199220624,0.0
1.200134853,0.0
1.201025582,0.0
1.2021345650000002,0.0
1.203031435,0.0
1.204137727,0.0
1.205025963,0.0
1.206026791,0.0
1.2071229250000002,0.0
1.2080272630000002,0.0
1.209130013,0.0
1.21002585,0.0
1.2111128210000002,0.0
1.212032393,0.0
1.2130529520000002,0.0
1.214276222,0.0
1.215237138,0.01
1.217108211,0.0
1.218026072,0.0
1.2192214810000002,0.0
1.22004163,0.0
1.221172265,0.0
1.22224223,0.0
1.2230251010000002,0.0
1.224193533,0.0
1.225267273,0.0
1.226028581,0.0
1.227168516,0.0
1.2280412820000002,0.0
1.229031593,0.0
1.230173957,0.0
1.2312739590000001,0.0
1.232165393,0.0
1.233026259,0.01
1.234025817,0.0
1.235149129,0.01
1.236029851,0.0
1.237129783,0.0
1.2380259,0.0
1.2391142670000002,0.01
1.240163887,0.0
1.241026511,0.0
1.242148869,0.0
1.24302565,0.0
1.2440344140000001,0.0
1.245088205,0.0
1.246142223,0.0
1.2471741520000001,0.0
1.248071795,0.0
1.249025606,0.0
1.250158185,0.0
1.251025218,0.0
1.252026904,0.0
1.253100316,0.0
1.254034502,0.01
1.2552878630000002,0.01
1.256128581,0.0
1.2570265550000002,0.0
1.258026514,0.0
1.259100833,0.0
1.2601071320000001,0.0
1.261096727,0.01
1.262110101,0.0
1.263026575,0.0
1.264274448,0.0
1.2650269680000001,0.0
1.266129788,0.0
1.267025566,0.0
1.268025881,0.0
1.2691377940000002,0.0
1.27003642,0.01
1.271136155,0.0
1.272024877,0.0
1.2731533160000001,0.0
1.274152223,0.0
1.276024717,0.0
1.277099762,0.0
1.278036093,0.0
1.279082607,0.0
1.280178185,0.0
1.2810252160000002,0.0
1.2822322910000001,0.0
1.2830249070000002,0.0
1.2840974600000001,0.0
1.285092764,0.0
1.2861050980000002,0.0
1.28711551,0.0
1.288025994,0.0
1.2890906210000002,0.0
1.290025671,0.0
1.291092576,0.0
1.292184811,0.0
1.293025337,0.0
1.294096928,0.0
1.295033805,0.0
1.2961703640000002,0.0
1.2970256530000002,0.0
1.2982110900000001,0.0
1.299267603,0.0
1.300094579,0.0
1.301093273,0.0
1.302141913,0.0
1.303099833,0.0
1.304111298,0.0
1.305026489,0.0
1.3061437550000001,0.0
1.3070256,0.0
1.3081010510000002,0.0
1.309067025,0.0
1.310257927,0.0
1.311088064,0.0
1.312030843,0.0
1.31308492,0.01
1.3142775100000001,0.0
1.3150261360000002,0.0
1.316092618,0.01
1.317127803,0.0
1.318120839,0.0
1.319032325,0.0
1.320093012,0.01
1.321025884,0.0
1.322206161,0.0
1.3231221770000001,0.0
1.324025405,0.0
1.325115351,0.0
1.326026605,0.0
1.3270981480000001,0.0
1.3290552800000002,0.01
1.3302706130000002,0.0
1.331025729,0.0
1.332135564,0.0
1.3331798860000001,0.01
1.334026133,0.0
1.335099944,0.0
1.336081032,0.01
1.337101522,0.0
1.338094662,0.0
1.33916465,0.01
1.3402211240000002,0.0
1.341025863,0.0
1.3420677810000001,0.0
1.343078293,0.0
1.3440875810000001,0.0
1.345040009,0.0
1.3460294320000001,0.0
1.347091239,0.0
1.348096865,0.0
1.349183679,0.0
1.3500251330000002,0.0
1.351095267,0.0
1.3520309140000002,0.01
1.3530702250000002,0.0
1.354034811,0.0
1.3550631800000001,0.0
1.3561396410000002,0.0
1.3570256950000001,0.0
1.358141856,0.0
1.3590252900000002,0.0
1.36007271,0.0
1.3610292700000002,0.0
1.3620816960000002,0.0
1.363084259,0.0
1.3641408210000001,0.0
1.3651395430000002,0.0
1.366080385,0.0
1.367078567,0.0
1.368109311,0.0
1.369085558,0.0
1.370032715,0.0
1.372149681,0.0
1.3730255580000001,0.0
1.3740773780000002,0.0
1.37507291,0.0
1.3760723140000002,0.0
1.3771276220000002,0.0
1.378139593,0.0
1.379103438,0.01
1.3801490760000001,0.01
1.381147804,0.0
1.3821387740000002,0.0
1.383125433,0.0
1.384088776,0.0
1.3853218760000001,0.0
1.38605551,0.0
1.3871858080000001,0.0
1.3882137570000002,0.0
1.3891293310000001,0.0
1.390179242,0.0
1.3911955020000002,0.0
1.392127745,0.0
1.3934926090000002,0.0
1.394082172,0.0
1.395052213,0.0
1.396085413,0.0
1.397141798,0.0
1.3981241930000001,0.0
1.399027641,0.0
1.400030624,0.0
1.4010822790000002,0.0
1.4020353790000002,0.0
1.4030337000000002,0.01
1.404102245,0.0
1.405151928,0.0
1.4062684630000002,0.0
1.407031363,0.0
1.4081528360000002,0.0
1.4090280370000001,0.0
1.410107562,0.0
1.4110288020000001,0.0
1.412165515,0.0
1.413092963,0.0
1.4141278620000002,0.0
1.415026523,0.01
1.416026625,0.0
1.417072093,0.0
1.418026816,0.0
1.4190773700000001,0.0
1.4200337600000001,0.0
1.421081711,0.0
1.4222297380000002,0.0
1.423097177,0.0
1.4241254360000002,0.0
1.425097081,0.0
1.4261591770000002,0.0
1.4270857190000001,0.0
1.4280430990000001,0.0
1.4290691420000001,0.0
1.4300722730000002,0.0
1.4310621920000002,0.0
1.4320881250000002,0.01
1.4330827640000001,0.0
1.434103017,0.0
1.435087677,0.01
1.436092707,0.0
1.438026773,0.0
1.439141653,0.0
1.4400270430000002,0.0
1.441090086,0.0
1.4422672600000002,0.0
1.4430312520000002,0.0
1.4441744220000001,0.0
1.4451069410000001,0.0
1.44608193,0.0
1.447027858,0.0
1.448115869,0.0
1.449027499,0.0
1.4502036390000002,0.0
1.451077057,0.0
1.452032701,0.01
1.4531055000000002,0.0
1.4541030990000001,0.0
1.455144742,0.0
1.4560281320000001,0.0
1.457225835,0.0
1.4581883070000001,0.01
1.4590271860000001,0.0
1.460072198,0.0
1.4610776470000002,0.0
1.462084992,0.0
1.4631284100000002,0.0
1.464028139,0.0
1.465111832,0.0
1.4661737350000001,0.0
1.467190468,0.0
1.4680608540000002,0.0
1.469181086,0.0
1.4700775730000002,0.0
1.4710896210000002,0.0
1.4721756160000001,0.0
1.4731224280000002,0.0
1.474028233,0.0
1.475027262,0.01
1.476201475,0.0
1.477025507,0.0
1.47808234,0.0
1.479029108,0.01
1.480153966,0.0
1.48102519,0.0
1.4822159560000001,0.0
1.483123784,0.0
1.48429214,0.0
1.4850713610000001,0.0
1.48603122,0.01
1.48707597,0.0
1.4881226790000002,0.0
1.4890247760000002,0.0
1.490094669,0.0
1.491092134,0.0
1.492095415,0.0
1.494025167,0.0
1.495075186,0.0
1.496110736,0.01
1.4971480670000001,0.01
1.4980254620000002,0.0
1.4991146260000001,0.01
1.500024974,0.0
1.501094501,0.0
1.502027511,0.0
1.503030396,0.0
1.504133715,0.0
1.5050256770000001,0.0
1.506094504,0.0
1.507025328,0.0
1.508095999,0.0
1.509184595,0.0
1.5100976860000002,0.01
1.511070941,0.01
1.512085034,0.01
1.5130250090000001,0.0
1.5141543880000001,0.0
1.5152929990000001,0.0
1.5161180120000002,0.0
1.5170326310000002,0.01
1.518275878,0.0
1.519035106,0.0
1.5200329890000002,0.0
1.521081879,0.01
1.52216656,0.0
1.523077417,0.0
1.524161517,0.0
1.5250891990000002,0.0
1.5260272160000001,0.01
1.5270882810000002,0.0
1.528094086,0.0
1.529040892,0.0
1.530112425,0.01
1.5310704030000002,0.0
1.53214942,0.0
1.5330264500000002,0.0
1.534027054,0.0
1.5350950380000001,0.0
1.536036914,0.0
1.537104886,0.0
1.538142723,0.0
1.5391639780000002,0.0
1.540059234,0.0
1.541126763,0.0
1.542056815,0.0
1.543106859,0.0
1.544081865,0.0
1.5451056250000001,0.0
1.546126012,0.0
1.547026816,0.0
1.548127585,0.0
1.549140747,0.0
1.551100605,0.01
1.552081429,0.0
1.553134768,0.0
1.5541428030000002,0.0
1.5551365400000001,0.0
1.556281279,0.0
1.557198692,0.0
1.558026963,0.01
1.5592682340000001,0.0
1.560027773,0.01
1.5611055280000001,0.0
1.5620313510000001,0.0
1.5631635050000001,0.0
1.564025891,0.0
1.565025345,0.0
1.566058058,0.0
1.56702625,0.0
1.5682324870000002,0.0
1.569107054,0.0
1.570108893,0.0
1.571147988,0.01
1.5722190420000002,0.0
1.5732232060000002,0.0
1.5740281020000002,0.0
1.5751256290000002,0.0
1.576026012,0.0
1.5770356630000002,0.0
1.5780887840000002,0.0
1.579039166,0.0
1.580146599,0.0
1.5812077690000002,0.01
1.582026044,0.0
1.5831649460000001,0.0
1.584026288,0.0
1.585093912,0.0
1.586031307,0.0
1.5870774650000001,0.0
1.588026728,0.0
1.5891210070000001,0.0
1.5901249800000001,0.0
1.591026322,0.0
1.5922101350000002,0.0
1.593026303,0.0
1.594071532,0.01
1.5950452050000001,0.01
1.5960272800000002,0.0
1.5971228290000001,0.01
1.598025975,0.0
1.599130214,0.0
1.600128049,0.0
1.6010287220000001,0.0
1.6020943950000002,0.0
1.6031073040000001,0.0
1.604152416,0.0
1.6050257170000002,0.0
1.606103834,0.0
1.6070924830000002,0.0
1.608145978,0.0
1.6090631560000002,0.0
1.6100358220000002,0.0
1.611134322,0.0
1.612037194,0.0
1.614126951,0.0
1.615268039,0.0
1.61626876,0.0
1.6170262750000002,0.0
1.618212986,0.0
1.6190699080000002,0.0
1.6200916790000002,0.0
1.621144944,0.0
1.6222676710000001,0.0
1.6232180770000002,0.0
1.6240265170000001,0.0
1.6251311860000002,0.0
1.626025561,0.0
1.627032379,0.0
1.6281093940000002,0.0
1.629077619,0.01
1.6301053680000002,0.0
1.631196284,0.0
1.6322797290000002,0.0
1.633224459,0.0
1.6340263830000001,0.0
1.635098477,0.0
1.636041209,0.0
1.637279087,0.0
1.6380513570000002,0.0
1.6391566620000002,0.0
1.6401040040000001,0.0
1.641030833,0.0
1.6421518810000002,0.0
1.643076084,0.0
1.644037948,0.0
1.6450683030000002,0.0
1.6460363120000001,0.0
1.647064545,0.0
1.648272363,0.0
1.6491661850000001,0.0
1.650025364,0.01
1.651161992,0.0
1.6521000940000001,0.0
1.653032561,0.0
1.6541402740000002,0.0
1.6550289690000002,0.0
1.656101094,0.0
1.6570972190000002,0.0
1.6581278700000002,0.0
1.659051108,0.0
1.6601400110000002,0.0
1.661070751,0.0
1.662097436,0.0
1.6630991810000002,0.0
1.664028454,0.0
1.66506718,0.01
1.6660262940000001,0.0
1.667098101,0.0
1.668025802,0.0
1.6690311960000002,0.0
1.670132433,0.0
1.671087476,0.0
1.672119154,0.0
1.673148408,0.01
1.6741660420000002,0.0
1.676123488,0.0
1.677090637,0.0
1.678031896,0.01
1.6790860660000002,0.0
1.6800952550000001,0.0
1.6811697410000002,0.01
1.682165362,0.0
1.683026455,0.0
1.6841279290000002,0.0
1.6850307670000002,0.0
1.6860797250000001,0.0
1.687031138,0.01
1.688028547,0.0
1.689095095,0.0
1.69002694,0.0
1.691152718,0.01
1.6920254700000001,0.0
1.693028629,0.0
1.694066037,0.0
1.6950343250000002,0.0
1.696123156,0.01
1.6971668080000002,0.0
1.6981206670000002,0.01
1.699025685,0.0
1.7001685850000001,0.0
1.7010257700000002,0.0
1.702042338,0.0
1.70308784,0.0
1.70402724,0.0
1.7051704300000001,0.0
1.706226403,0.0
1.707069946,0.01
1.708078747,0.0
1.709149695,0.0
1.710032902,0.01
1.7110279380000002,0.0
1.712089522,0.0
1.713123726,0.0
1.7141278260000001,0.0
1.7150847530000002,0.0
1.7160800930000002,0.0
1.7170912530000002,0.0
1.718117222,0.0
1.719033285,0.0
1.7201591610000002,0.0
1.721131753,0.0
1.722105317,0.0
1.7230548,0.01
1.724106103,0.01
1.725068284,0.0
1.726025447,0.0
1.728094046,0.0
1.729133542,0.0
1.730026432,0.0
1.7312854100000001,0.0
1.73202707,0.0
1.733035169,0.0
1.7340262180000001,0.0
1.735123616,0.0
1.7360815600000001,0.0
1.737100088,0.0
1.7380300880000001,0.0
1.739188924,0.0
1.7402086840000002,0.01
1.7410280100000002,0.0
1.7420263800000002,0.0
1.743075101,0.0
1.744028724,0.0
1.7450762020000001,0.0
1.7460259500000002,0.0
1.7471538080000002,0.0
1.748025202,0.0
1.7492643540000001,0.0
1.7502205780000002,0.0
1.751025293,0.0
1.752100197,0.01
1.7530315740000002,0.0
1.7541585380000002,0.0
1.7550251460000001,0.0
1.75607273,0.0
1.7571445110000001,0.01
1.758025514,0.0
1.7590732930000001,0.0
1.760110929,0.0
1.7611104780000002,0.0
1.762093345,0.0
1.7630338170000002,0.0
1.764090407,0.0
1.7650638570000001,0.0
1.766025508,0.0
1.7672323970000001,0.01
1.7680280560000001,0.0
1.769088105,0.0
1.7700302120000002,0.0
1.772108644,0.0
1.7730253690000002,0.0
1.774097091,0.0
1.7750262430000001,0.0
1.7760262150000001,0.0
1.7771528520000002,0.0
1.77810423,0.0
1.779085325,0.01
1.78002868,0.02
1.7810729850000002,0.01
1.7820259070000002,0.0
1.783026175,0.0
1.784096888,0.0
1.7850735080000002,0.0
1.786079028,0.01
1.7870271560000002,0.0
1.788025938,0.0
1.7892712220000002,0.0
1.7900260570000002,0.0
1.7911192740000001,0.0
1.7920257430000002,0.0
1.7930289920000002,0.0
1.7940935990000002,0.0
1.795124812,0.0
1.7963120670000001,0.0
1.7971766150000001,0.0
1.798162084,0.0
1.799163072,0.0
1.8002711980000001,0.0
1.8012140810000001,0.0
1.8021627740000001,0.0
1.8030873870000002,0.0
1.804071438,0.0
1.8051822460000002,0.0
1.8060249410000002,0.0
1.8071395360000002,0.0
1.8080698800000001,0.0
1.8091453370000001,0.0
1.8100269210000002,0.0
1.811097122,0.0
1.8120293470000002,0.0
1.813026019,0.0
1.8141850670000002,0.0
1.8150250510000001,0.0
1.8161444320000002,0.01
1.817025168,0.01
1.8181507460000002,0.0
1.8190303170000002,0.0
1.820025722,0.0
1.8211393580000002,0.0
1.822025849,0.0
1.823067618,0.0
1.824176417,0.0
1.8250854360000002,0.0
1.8261425770000002,0.01
1.8270401790000002,0.0
1.8280745440000001,0.01
1.82909665,0.0
1.830140247,0.0
1.83102735,0.0
1.8320922800000001,0.0
1.833136963,0.0
1.835223303,0.01
1.836035077,0.0
1.8371336980000001,0.0
1.8380250660000002,0.0
1.83902589,0.0
1.840206342,0.0
1.8410276520000002,0.0
1.8422213770000002,0.0
1.8430327830000002,0.0
1.8441130840000002,0.0
1.8450808120000002,0.0
1.846029131,0.0
1.8472724640000002,0.0
1.848026898,0.0
1.8491027560000002,0.0
1.8500927420000002,0.0
1.851125758,0.0
1.8520283540000002,0.0
1.853083368,0.0
1.854053999,0.0
1.855026078,0.0
1.856088447,0.0
1.8571845370000002,0.01
1.858155178,0.0
1.8591026270000002,0.0
1.860080203,0.0
1.8610743660000002,0.0
1.862036339,0.0
1.863025761,0.0
1.8641541480000001,0.0
1.865025479,0.0
1.866098124,0.0
1.8670919950000002,0.0
1.868088737,0.0
1.8690304620000002,0.0
1.8700313400000002,0.0
1.871081846,0.0
1.8720925890000002,0.0
1.8730986440000001,0.0
1.8740664900000001,0.0
1.875161968,0.01
1.8760728690000001,0.0
1.8770265750000001,0.0
1.8780682480000002,0.0
1.8790343790000001,0.01
1.880025789,0.0
1.8811395960000001,0.0
1.8820246280000001,0.0
1.8831209320000002,0.0
1.8841277930000002,0.0
1.885102875,0.0
1.8861311040000002,0.0
1.8870438420000002,0.0
1.888133255,0.0
1.889125281,0.0
1.8901272740000001,0.0
1.891126276,0.0
1.8920252220000002,0.0
1.8930349460000002,0.0
1.894130061,0.0
1.8950253060000002,0.0
1.8961001320000002,0.0
1.897026882,0.0
1.898025781,0.0
1.899099096,0.0
1.9000302050000002,0.0
1.9011292370000001,0.0
1.9020261580000002,0.0
1.903026509,0.01
1.90415617,0.0
1.9061191080000002,0.0
1.907025479,0.01
1.908234639,0.01
1.9091808870000002,0.01
1.91017575,0.0
1.9110249460000002,0.0
1.912153205,0.0
1.913170602,0.0
1.9142816980000001,0.0
1.915228476,0.0
1.9160249580000002,0.0
1.9171518790000002,0.0
1.9180306440000001,0.0
1.919115842,0.0
1.920026967,0.0
1.921263946,0.0
1.9222655300000002,0.0
1.9231058920000001,0.0
1.92411606,0.01
1.9250419440000002,0.0
1.9261532090000002,0.0
1.927026047,0.0
1.9281489390000002,0.0
1.9290252650000002,0.0
1.9301678340000001,0.0
1.9310889740000001,0.0
1.9320263700000002,0.0
1.9331078220000002,0.01
1.9340280950000002,0.0
1.935165433,0.0
1.9360262860000002,0.0
1.937025803,0.0
1.9381997050000002,0.01
1.9390254020000002,0.0
1.9401649090000002,0.0
1.941268095,0.0
1.942026151,0.0
1.943056971,0.0
1.9440255990000002,0.0
1.945143274,0.0
1.9460252080000002,0.0
1.9471235670000002,0.0
1.9481223170000002,0.0
1.9491278010000002,0.0
1.9500871430000002,0.0
1.951026238,0.0
1.9521223710000002,0.0
1.9530256650000002,0.01
1.954132573,0.0
1.955081877,0.01
1.9560273080000001,0.0
1.9571277120000001,0.0
1.958026105,0.0
1.959164598,0.01
1.960135213,0.0
1.9610482720000002,0.0
1.9621536840000002,0.0
1.9640257170000002,0.0
1.9652749500000002,0.01
1.9660252260000002,0.0
1.9672138890000002,0.0
1.9680262020000001,0.0
1.969164995,0.0
1.970025018,0.0
1.97102634,0.0
1.972165154,0.0
1.9730334210000002,0.0
1.9741486430000001,0.0
1.975164643,0.0
1.976173535,0.0
1.97716168,0.0
1.978025434,0.0
1.9791624810000001,0.0
1.980027331,0.0
1.9811491760000002,0.0
1.9820267010000001,0.01
1.9830267330000002,0.02
1.984156164,0.02
1.9850261470000001,0.02
1.98615632,0.03
1.9870257230000001,0.04
1.988025753,0.04
1.9891542050000002,0.04
1.9900255580000001,0.05
1.9911503480000001,0.05
1.9920260520000002,0.07
1.9932720110000002,0.09
1.9940564580000002,0.1
1.9950262300000001,0.09
1.996200838,0.1
1.997168505,0.1
1.9981312830000002,0.11
1.9990271000000002,0.11
2.0002128800000003,0.11
2.001137013,0.11
2.002027182,0.12
2.003209332,0.13
2.0041272660000002,0.13
2.0050263640000003,0.12
2.006124608,0.12
2.007026846,0.12
2.008130731,0.14
2.009026731,0.13
2.010027163,0.14
2.011154728,0.13
2.0121084760000003,0.14
2.013121692,0.15
2.014026758,0.15
2.0151314940000002,0.15
2.0160264960000003,0.15
2.01702648,0.16
2.0182752610000003,0.17
2.0200743660000002,0.17
2.021026021,0.17
2.022025993,0.17
2.0231772450000003,0.17
2.024026989,0.17
2.0251665990000003,0.17
2.0260276310000003,0.18
2.027041433,0.18
2.028150639,0.17
2.029146962,0.17
2.030206332,0.18
2.031025918,0.18
2.032169712,0.17
2.033030677,0.18
2.034229782,0.2
2.0351662100000003,0.21
2.036161886,0.21
2.0371250290000003,0.21
2.038026539,0.21
2.039027339,0.22
2.0401638380000002,0.22
2.041034332,0.22
2.0422758300000003,0.24
2.043066983,0.22
2.044093258,0.22
2.045078453,0.21
2.0460919470000003,0.24
2.047076967,0.24
2.048088014,0.24
2.049027322,0.25
2.050115883,0.25
2.0510259730000002,0.25
2.052166561,0.25
2.0530260250000003,0.24
2.0540289,0.24
2.055094989,0.24
2.056026776,0.23
2.057176621,0.23
2.0580265730000002,0.25
2.059123429,0.24
2.060090696,0.24
2.061026611,0.22
2.062130839,0.24
2.063272058,0.25
2.064026294,0.25
2.065125111,0.25
2.06602617,0.25
2.067125962,0.25
2.0680266250000003,0.25
2.0690265940000003,0.25
2.0701622200000003,0.25
2.071031162,0.25
2.0730336240000002,0.25
2.074276658,0.26
2.0750290430000002,0.26
2.076027953,0.26
2.077182347,0.26
2.078026615,0.25
2.079172488,0.25
2.080027143,0.25
2.081026831,0.27
2.082152133,0.26
2.083230845,0.25
2.08416492,0.26
2.0850260780000003,0.25
2.086157131,0.25
2.087026434,0.25
2.0880270270000003,0.25
2.089165314,0.26
2.090026383,0.26
2.0911143460000003,0.25
2.0920267910000003,0.25
2.0931570290000003,0.26
2.094059644,0.26
2.0950261770000003,0.26
2.096156578,0.28
2.0970264640000003,0.27
2.0981564440000002,0.25
2.099025384,0.25
2.1000269510000003,0.25
2.101158157,0.24
2.102025375,0.23
2.1030265260000003,0.24
2.104029057,0.25
2.105025823,0.25
2.106245684,0.25
2.107025258,0.24
2.1082056110000003,0.25
2.109027449,0.26
2.1111225470000003,0.25
2.112026526,0.26
2.113125261,0.26
2.1142687390000003,0.26
2.115025781,0.26
2.1160741460000003,0.26
2.117026074,0.26
2.118125018,0.27
2.119026567,0.26
2.120123828,0.27
2.12104581,0.28
2.1221319160000003,0.27
2.123080342,0.27
2.1240264620000002,0.28
2.125132056,0.28
2.12602585,0.28
2.1271349770000003,0.28
2.128134025,0.28
2.129031597,0.27
2.130282684,0.26
2.131029892,0.25
2.132154116,0.26
2.133154764,0.26
2.134028493,0.27
2.135029206,0.27
2.1362572280000003,0.26
2.137133995,0.27
2.138281081,0.27
2.1391584910000003,0.27
2.140026765,0.27
2.1411551280000003,0.27
2.142025259,0.27
2.1432691580000003,0.27
2.144027774,0.28
2.145231736,0.27
2.14606356,0.27
2.1471381540000003,0.28
2.1481899650000003,0.28
2.1490585060000003,0.27
2.1500266260000003,0.27
2.151153669,0.27
2.152025509,0.28
2.153271991,0.28
2.154026263,0.28
2.1551306120000002,0.29
2.156027054,0.29
2.157033968,0.29
2.158026815,0.29
2.159164698,0.29
2.160170582,0.29
2.161027911,0.29
2.1620773570000003,0.29
2.163169491,0.29
2.164147203,0.3
2.1650309780000003,0.29
2.1660305380000002,0.29
2.168026327,0.3
2.169108087,0.29
2.170123243,0.29
2.171095394,0.29
2.172026068,0.29
2.173027223,0.28
2.1741255760000002,0.28
2.175027553,0.28
2.176112345,0.29
2.177026611,0.3
2.178129958,0.29
2.179026196,0.28
2.180210138,0.29
2.1811870630000003,0.28
2.1821348090000003,0.28
2.183263241,0.28
2.184025881,0.27
2.1850561870000003,0.28
2.1860261260000002,0.28
2.187172011,0.29
2.188026249,0.29
2.189233085,0.28
2.190270539,0.28
2.191270996,0.29
2.192275993,0.28
2.1931470180000003,0.28
2.194145717,0.28
2.195120305,0.28
2.196037343,0.28
2.197072626,0.29
2.198095185,0.29
2.199238992,0.29
2.200146718,0.29
2.201026389,0.28
2.202026816,0.29
2.203029014,0.3
2.2042116750000003,0.3
2.205098221,0.29
2.206112714,0.3
2.2072744330000003,0.31
2.208153121,0.3
2.209187732,0.31
2.2101185660000002,0.31
2.211025557,0.3
2.212092133,0.31
2.2131506080000003,0.31
2.2140260570000003,0.32
2.215096758,0.31
2.216026522,0.32
2.217124563,0.3
2.2180269160000003,0.31
2.219026545,0.31
2.220136205,0.32
2.221026015,0.31
2.222094872,0.32
2.223030117,0.3
2.224234938,0.3
2.225047431,0.31
2.2260963940000003,0.31
2.227099558,0.31
2.228032652,0.31
2.2290310040000003,0.31
2.2302723440000003,0.31
2.231025275,0.32
2.232240978,0.32
2.233025709,0.31
2.2340259870000003,0.3
2.2350332660000003,0.32
2.236243123,0.32
2.2370424260000004,0.32
2.2380920140000002,0.32
2.239280684,0.31
2.2400742140000003,0.31
2.241236898,0.31
2.24212675,0.31
2.243088733,0.31
2.244111164,0.31
2.245026231,0.31
2.246029532,0.31
2.247268425,0.31
2.249208796,0.31
2.250026796,0.32
2.251025232,0.31
2.252271291,0.31
2.253095761,0.31
2.254267759,0.31
2.25502607,0.31
2.256026194,0.31
2.2570487800000003,0.3
2.258090741,0.31
2.259157533,0.3
2.2600259620000003,0.31
2.261098457,0.31
2.262106591,0.31
2.263115695,0.31
2.2642807630000004,0.29
2.26522194,0.31
2.2661790120000003,0.31
2.267026069,0.31
2.268274297,0.3
2.269026528,0.31
2.270051034,0.3
2.271147069,0.31
2.272026033,0.3
2.273026928,0.3
2.274095774,0.31
2.275026774,0.31
2.276093534,0.31
2.2770775060000004,0.31
2.278104624,0.31
2.2790942490000003,0.3
2.280028062,0.31
2.281090701,0.3
2.2820274790000004,0.31
2.2830281070000003,0.32
2.2840947750000002,0.32
2.2850274400000004,0.31
2.286026865,0.31
2.2872753230000002,0.3
2.288029602,0.31
2.289120211,0.32
2.290025641,0.32
2.291214579,0.32
2.292026077,0.32
2.293216992,0.33
2.294074145,0.32
2.295031965,0.33
2.296089686,0.33
2.297027449,0.33
2.2981319580000004,0.32
2.299025793,0.33
2.3000256190000004,0.33
2.301094248,0.33
2.3020264360000002,0.33
2.303111137,0.33
2.305156735,0.33
2.306025356,0.32
2.307026569,0.33
2.30809705,0.33
2.309025836,0.34
2.310274628,0.33
2.3113068510000003,0.35
2.31202706,0.34
2.313271125,0.35
2.314095161,0.34
2.315112493,0.34
2.3161084990000003,0.35
2.317277201,0.32
2.318179712,0.34
2.319090831,0.34
2.3200291490000002,0.33
2.3210304230000003,0.33
2.3222693850000002,0.34
2.3230266100000003,0.34
2.324163866,0.34
2.325026416,0.34
2.3260918640000003,0.34
2.3270263250000003,0.34
2.328161204,0.34
2.329164735,0.34
2.3300259640000003,0.35
2.331096103,0.34
2.332026588,0.35
2.3330256090000003,0.35
2.334093255,0.35
2.335027027,0.35
2.336092529,0.35
2.3370536570000002,0.34
2.338246729,0.34
2.3392217520000003,0.34
2.3400270030000003,0.35
2.3410994250000003,0.34
2.342026235,0.35
2.34302638,0.35
2.344096297,0.35
2.345026519,0.35
2.346131961,0.36
2.3472813390000002,0.36
2.3481254870000003,0.36
2.3490266550000003,0.36
2.350031048,0.35
2.351144328,0.36
2.35212529,0.36
2.353126423,0.37
2.355278115,0.38
2.356212411,0.38
2.357137941,0.38
2.358026864,0.38
2.359026694,0.39
2.360105988,0.37
2.3610263860000003,0.37
2.362093703,0.37
2.363027719,0.39
2.3640267670000004,0.37
2.3650993590000002,0.38
2.3660261250000003,0.39
2.3670265010000002,0.38
2.3680894080000003,0.37
2.3690983180000003,0.38
2.370277176,0.37
2.371128414,0.37
2.3721467570000003,0.37
2.3730329070000002,0.37
2.3740269360000004,0.37
2.375096492,0.38
2.376027025,0.37
2.37709643,0.39
2.3781781100000003,0.38
2.379165743,0.39
2.380031703,0.39
2.381189083,0.39
2.3821281620000003,0.38
2.3830276820000003,0.38
2.384104713,0.38
2.3850265480000004,0.39
2.386026241,0.39
2.387094873,0.39
2.3880255950000002,0.39
2.389093811,0.39
2.3900276540000003,0.4
2.3910256480000003,0.4
2.392094588,0.4
2.393025755,0.4
2.394147794,0.4
2.3950258740000003,0.41
2.3960718780000003,0.4
2.397093936,0.41
2.399124188,0.4
2.400025903,0.4
2.401223324,0.4
2.40212614,0.39
2.403026006,0.39
2.404131311,0.4
2.405025315,0.41
2.406025247,0.4
2.407084869,0.4
2.408025721,0.4
2.409088972,0.4
2.4100255080000004,0.4
2.411030932,0.41
2.4120748730000003,0.41
2.4130255160000003,0.4
2.4141276790000004,0.41
2.4150256690000003,0.41
2.4160258700000004,0.41
2.417267117,0.4
2.418028097,0.4
2.419146984,0.41
2.42002483,0.41
2.4211580230000003,0.41
2.422267094,0.4
2.423113238,0.4
2.424027787,0.4
2.42509479,0.41
2.426026664,0.39
2.427026162,0.4
2.4280964710000004,0.41
2.4290268150000003,0.41
2.4301401520000003,0.4
2.4310268820000003,0.41
2.432134799,0.4
2.4330563460000003,0.41
2.4340266340000003,0.4
2.435167415,0.4
2.4360265020000003,0.4
2.43715854,0.41
2.438027016,0.4
2.439026642,0.41
2.4401170050000003,0.4
2.4410266750000003,0.4
2.442076559,0.4
2.4431641820000003,0.4
2.4440271250000003,0.4
2.4451044140000002,0.39
2.446268532,0.39
2.447199679,0.38
2.448043411,0.38
2.4491116330000002,0.39
2.4500275200000003,0.39
2.4510269,0.38
2.452144429,0.37
2.4530268250000002,0.38
2.454125545,0.38
2.455026749,0.39
2.4560258470000003,0.39
2.4571454960000003,0.39
2.4580271270000003,0.39
2.4590989220000004,0.39
2.4600257660000002,0.39
2.461095981,0.39
2.4620937200000004,0.38
2.4630959960000003,0.37
2.464130347,0.37
2.466104955,0.37
2.467026375,0.38
2.468025355,0.37
2.469093549,0.37
2.470142463,0.39
2.4711553680000002,0.38
2.4720257820000002,0.39
2.473168916,0.39
2.474067088,0.38
2.475245865,0.37
2.476109365,0.37
2.477256192,0.36
2.4780976800000003,0.37
2.4790306610000004,0.37
2.480151958,0.37
2.481026668,0.38
2.4820267520000003,0.37
2.483103299,0.37
2.484026494,0.38
2.485098021,0.38
2.486029031,0.37
2.4870276330000003,0.37
2.4881497340000003,0.38
2.489027123,0.38
2.490094753,0.38
2.4910301390000003,0.38
2.4920985200000003,0.37
2.493093156,0.38
2.4940272390000002,0.38
2.495109346,0.38
2.4960262980000003,0.38
2.4970973720000003,0.39
2.498026073,0.39
2.4991580260000004,0.4
2.500271258,0.38
2.501026324,0.38
2.5021133620000002,0.38
2.503093539,0.38
2.50409608,0.39
2.505030825,0.39
2.5062098930000003,0.39
2.5070270970000004,0.4
2.5082159240000004,0.4
2.509094477,0.4
2.510259085,0.4
2.511157459,0.4
2.5121403410000003,0.39
2.5130257360000003,0.39
2.514124759,0.38
2.5150255670000004,0.39
2.516124364,0.39
2.5171182180000002,0.39
2.51810072,0.39
2.519026127,0.38
2.5201015090000003,0.38
2.521123493,0.38
2.5220251940000002,0.38
2.5231025390000004,0.38
2.524026343,0.38
2.525025422,0.38
2.5261473100000003,0.39
2.5281190590000002,0.4
2.5291265600000004,0.42
2.5301544970000003,0.41
2.53102648,0.4
2.532026553,0.38
2.533107164,0.38
2.534025923,0.38
2.5350969460000004,0.36
2.536026687,0.36
2.537029398,0.37
2.538268121,0.38
2.5390265750000003,0.36
2.540231049,0.36
2.5410264920000003,0.35
2.54209157,0.37
2.5430281260000003,0.36
2.544082946,0.37
2.545160864,0.37
2.546026266,0.37
2.54714273,0.36
2.548026817,0.37
2.549027583,0.37
2.5501540030000003,0.37
2.551026804,0.37
2.552145256,0.36
2.553027364,0.36
2.554110897,0.37
2.555059765,0.37
2.556026178,0.37
2.557154885,0.38
2.55802597,0.39
2.5591122320000004,0.38
2.560026279,0.38
2.561118929,0.38
2.562143302,0.38
2.563026267,0.38
2.564026446,0.39
2.5652158760000003,0.39
2.5660952360000002,0.38
2.5682645340000003,0.38
2.569146211,0.39
2.570134116,0.38
2.571027199,0.38
2.5720684790000004,0.37
2.573134967,0.36
2.574130475,0.36
2.575280574,0.37
2.576025915,0.36
2.577025873,0.37
2.578126143,0.37
2.579070271,0.36
2.580131513,0.36
2.5810256480000002,0.37
2.582025519,0.37
2.583056453,0.38
2.584026258,0.37
2.5852641430000003,0.36
2.5860260000000004,0.35
2.587142157,0.36
2.588025617,0.36
2.5890949720000003,0.39
2.590274474,0.38
2.591025568,0.38
2.5921006060000003,0.38
2.593025038,0.38
2.594094189,0.38
2.5950249420000002,0.38
2.596229685,0.37
2.597071724,0.37
2.59802825,0.38
2.599099192,0.36
2.600026772,0.37
2.60102601,0.36
2.602163033,0.37
2.6030267150000004,0.38
2.604102252,0.38
2.6050263080000002,0.38
2.6060268630000003,0.38
2.6070932040000003,0.38
2.608026578,0.38
2.6090946880000003,0.38
2.610151425,0.37
2.611055849,0.38
2.6121037150000004,0.38
2.6130269470000003,0.38
2.614151439,0.38
2.6150258770000003,0.38
2.6160260060000002,0.37
2.617094858,0.37
2.618025917,0.38
2.6190990810000003,0.39
2.6200257380000003,0.39
2.6210251710000003,0.39
2.62209144,0.39
2.6230259470000004,0.39
2.6240258520000004,0.4
2.625095521,0.4
2.6260260630000003,0.4
2.6271636270000003,0.39
2.628030281,0.4
2.629148888,0.4
2.6301303430000003,0.4
2.631026422,0.41
2.632127016,0.41
2.633097772,0.41
2.6340943980000002,0.41
2.635027504,0.42
2.6362185780000003,0.42
2.6370960820000002,0.42
2.638105936,0.42
2.6390960480000003,0.41
2.640026487,0.42
2.641098216,0.42
2.64212585,0.42
2.643065012,0.42
2.6442697020000003,0.41
2.645214934,0.41
2.6461289420000003,0.42
2.6470263970000003,0.42
2.64909388,0.42
2.650026092,0.42
2.6510954890000002,0.42
2.652050832,0.42
2.653120288,0.42
2.6540971950000003,0.42
2.6550264770000003,0.42
2.6560261720000002,0.41
2.657094411,0.42
2.6580252950000003,0.42
2.6590737620000002,0.41
2.660026308,0.41
2.6610922190000004,0.41
2.662268602,0.42
2.663025019,0.41
2.6641491370000003,0.41
2.665025408,0.41
2.66609627,0.42
2.6670255920000003,0.42
2.668094338,0.4
2.66902548,0.42
2.670025652,0.42
2.6711495000000003,0.4
2.6720255600000002,0.42
2.6731478,0.41
2.674025487,0.41
2.6751464360000003,0.41
2.676026112,0.4
2.677025678,0.41
2.678074714,0.41
2.679025923,0.41
2.680242251,0.41
2.681025907,0.41
2.6822364800000003,0.41
2.6831192390000003,0.41
2.6840262740000003,0.41
2.685105686,0.41
2.68613551,0.41
2.687125345,0.41
2.6881016370000004,0.41
2.689027045,0.41
2.6901308160000004,0.41
2.691026663,0.4
2.693055363,0.41
2.694029124,0.41
2.6950928060000003,0.42
2.696152922,0.41
2.6970270970000003,0.42
2.6982722740000002,0.41
2.699025369,0.42
2.7001185480000003,0.42
2.701025155,0.43
2.702269464,0.41
2.703027236,0.41
2.7042075260000003,0.42
2.705272425,0.42
2.7060736860000003,0.43
2.7071318360000003,0.42
2.7080260000000003,0.42
2.709228381,0.42
2.710025661,0.43
2.7110963040000002,0.42
2.7120925120000003,0.43
2.7130263340000003,0.43
2.714095254,0.43
2.715094596,0.43
2.7160256670000003,0.42
2.7171432500000003,0.43
2.7180256230000004,0.42
2.7191048610000004,0.43
2.72002627,0.43
2.721100179,0.43
2.722032813,0.43
2.723026094,0.43
2.724120306,0.43
2.725025269,0.44
2.726177496,0.43
2.727027388,0.43
2.728146294,0.43
2.729025992,0.43
2.730026585,0.43
2.731159529,0.43
2.7320256400000003,0.43
2.733121586,0.43
2.734027139,0.43
2.7351601050000003,0.42
2.7360282600000003,0.43
2.7371640040000003,0.43
2.738208241,0.42
2.739025701,0.42
2.741055718,0.42
2.7422190570000002,0.42
2.743120872,0.42
2.744113425,0.42
2.745133075,0.42
2.7460253260000003,0.42
2.747025739,0.41
2.7481253100000003,0.42
2.7492822550000002,0.42
2.7501230640000003,0.42
2.751062189,0.42
2.752045384,0.42
2.7531325260000004,0.41
2.7540364850000003,0.42
2.7551310350000002,0.41
2.75602778,0.41
2.7572106940000003,0.41
2.75802732,0.4
2.75921858,0.41
2.7601411440000003,0.41
2.761353639,0.41
2.762032351,0.41
2.763029506,0.41
2.764092654,0.41
2.7650270430000004,0.42
2.7660797120000002,0.41
2.767028622,0.42
2.7680384260000004,0.42
2.7690989900000003,0.41
2.7700265610000003,0.41
2.771074509,0.42
2.772026691,0.42
2.773030233,0.42
2.774156439,0.42
2.7750263370000003,0.42
2.776077656,0.41
2.777026858,0.42
2.778087247,0.43
2.779076861,0.42
2.780026802,0.42
2.78107646,0.43
2.7820630790000003,0.43
2.7830454270000002,0.43
2.784172044,0.43
2.785029062,0.42
2.7860851810000002,0.42
2.7870273020000003,0.43
2.7880309590000003,0.43
2.789164228,0.43
2.790027776,0.43
2.7911572700000002,0.43
2.792027065,0.43
2.793031193,0.43
2.7941269180000003,0.43
2.79502768,0.44
2.796205493,0.43
2.797027459,0.42
2.798208266,0.43
2.7991565560000002,0.43
2.800026544,0.43
2.801112125,0.43
2.802279811,0.43
2.803139668,0.42
2.8042815290000003,0.42
2.8051254830000003,0.41
2.806027416,0.42
2.807026725,0.41
2.808119451,0.42
2.8101720240000003,0.42
2.811098771,0.42
2.8122697960000003,0.43
2.8130276330000004,0.43
2.8140364680000003,0.42
2.8150318650000004,0.42
2.816235835,0.42
2.8170443510000003,0.42
2.8181182920000003,0.43
2.819052911,0.43
2.8202097160000004,0.43
2.821026936,0.43
2.822206898,0.43
2.8230264750000003,0.43
2.8241998080000004,0.43
2.8252175090000002,0.43
2.826026601,0.43
2.827100912,0.44
2.828130563,0.43
2.829114644,0.43
2.830025929,0.44
2.831160103,0.44
2.83202627,0.43
2.833027121,0.44
2.834147118,0.43
2.835025635,0.43
2.836151036,0.44
2.8370260640000002,0.44
2.838164093,0.44
2.8391729590000003,0.44
2.840027216,0.43
2.8411685980000003,0.43
2.842026306,0.43
2.8431607320000003,0.43
2.844026566,0.43
2.845030736,0.43
2.846099666,0.43
2.8472093920000003,0.44
2.8480273830000002,0.44
2.8491712230000004,0.44
2.8500478830000002,0.43
2.8510504240000003,0.44
2.8520412310000003,0.45
2.853150895,0.45
2.8540281860000003,0.44
2.8551593520000003,0.45
2.8561454530000003,0.44
2.857028124,0.44
2.858125906,0.44
2.8592908820000003,0.45
2.8601281370000002,0.43
2.861027097,0.45
2.8620880530000004,0.43
2.863079604,0.43
2.8640335880000003,0.42
2.8651290570000003,0.43
2.8660291890000003,0.43
2.867126894,0.43
2.8680302650000002,0.44
2.869029733,0.43
2.8701605690000003,0.43
2.871072969,0.43
2.872126739,0.44
2.8730470890000004,0.43
2.8741341900000004,0.44
2.875068107,0.44
2.8760402920000003,0.43
2.8781421280000004,0.44
2.879098523,0.43
2.8800429860000003,0.44
2.881140987,0.43
2.882234173,0.44
2.883028882,0.43
2.8841045440000004,0.44
2.8851532580000003,0.44
2.886086859,0.44
2.8871724060000004,0.44
2.8880300030000003,0.44
2.889149063,0.44
2.890028407,0.44
2.891147285,0.43
2.8920281240000003,0.44
2.893028086,0.44
2.89416184,0.44
2.8950283970000004,0.44
2.8961549480000004,0.44
2.8970267290000002,0.45
2.8980300310000002,0.43
2.899160068,0.44
2.900027976,0.44
2.901156643,0.45
2.902026772,0.44
2.9030270170000003,0.44
2.9041622250000003,0.45
2.9050271380000003,0.45
2.906064858,0.45
2.9070389590000003,0.45
2.90803381,0.45
2.909170403,0.45
2.9100304830000003,0.45
2.9110462110000004,0.45
2.912048387,0.45
2.913035234,0.45
2.914165154,0.45
2.91502975,0.45
2.916148062,0.45
2.917027178,0.45
2.918257917,0.45
2.9191192270000004,0.45
2.92003284,0.45
2.9211134440000004,0.45
2.9221120430000003,0.45
2.92302806,0.46
2.924113294,0.45
2.925027259,0.45
2.926029934,0.45
2.9271056630000003,0.45
2.928027014,0.45
2.929027188,0.45
2.93010436,0.45
2.9311045620000002,0.45
2.932133507,0.45
2.9330276200000003,0.45
2.9341594890000002,0.45
2.936170546,0.46
2.937084693,0.45
2.9382341160000003,0.45
2.9390937270000004,0.45
2.9401600560000003,0.45
2.941108792,0.45
2.942264482,0.46
2.94302665,0.45
2.944159588,0.45
2.945262619,0.45
2.946249673,0.45
2.947262433,0.45
2.948026091,0.45
2.949026473,0.46
2.950160974,0.45
2.951025945,0.45
2.952162188,0.45
2.953027066,0.45
2.954162905,0.46
2.955026564,0.46
2.956155218,0.46
2.957064701,0.45
2.9581096870000003,0.46
2.959041225,0.46
2.9601679080000003,0.45
2.9611491830000003,0.45
2.962264842,0.45
2.963027045,0.46
2.9641745850000003,0.45
2.965026823,0.45
2.966149846,0.45
2.96711276,0.45
2.968030837,0.45
2.9701850750000003,0.45
2.9710695250000003,0.45
2.972110573,0.45
2.973026453,0.44
2.9741743030000003,0.45
2.97510536,0.45
2.976160756,0.45
2.977079702,0.44
2.9780617570000003,0.45
2.9790794660000004,0.44
2.9801084,0.45
2.981093655,0.45
2.982114498,0.45
2.983107872,0.45
2.984119906,0.45
2.9850273940000003,0.44
2.98623956,0.44
2.9872722560000002,0.45
2.9880790320000004,0.45
2.98925745,0.45
2.990029072,0.45
2.99111261,0.45
2.9920701000000003,0.45
2.993025461,0.45
2.9940950760000002,0.45
2.9950261310000004,0.45
2.9960279770000002,0.45
2.997152278,0.44
2.998025922,0.45
2.9990431550000003,0.45
3.0000336770000002,0.44
3.0010971260000003,0.45
3.002096013,0.45
3.003081293,0.44
3.0040397490000004,0.44
3.005061775,0.44
3.006104253,0.44
3.007028252,0.44
3.008027311,0.45
3.0091185250000003,0.45
3.0100336170000004,0.44
3.011097481,0.44
3.0120301830000002,0.45
3.013182633,0.45
3.0141802610000004,0.45
3.0152723630000002,0.45
3.01622587,0.45
3.017027144,0.45
3.0180272460000004,0.45
3.0190264740000003,0.44
3.020026773,0.45
3.0211445300000004,0.44
3.022027259,0.44
3.0231560440000003,0.45
3.0240269750000004,0.45
3.025124207,0.46
3.0260262090000003,0.45
3.027026053,0.46
3.028090064,0.45
3.029028304,0.45
3.0300619,0.45
3.0310378520000003,0.45
3.0321347480000003,0.45
3.0331020890000002,0.45
3.0340275880000003,0.45
3.0351136550000004,0.45
3.036128626,0.45
3.0370947530000003,0.45
3.0381274030000003,0.45
3.0390258990000003,0.44
3.04002623,0.44
3.041111093,0.44
3.042027021,0.44
3.043032277,0.43
3.0440265870000003,0.44
3.0451685530000003,0.43
3.0461301950000004,0.44
3.047092425,0.44
3.048151567,0.44
3.0500251140000003,0.44
3.051110988,0.45
3.0520257830000004,0.45
3.053147714,0.45
3.054027043,0.45
3.055092235,0.45
3.056105896,0.44
3.057052472,0.45
3.058151527,0.44
3.059026862,0.44
3.0600921540000003,0.44
3.061030596,0.45
3.0620363680000002,0.44
3.0631580140000003,0.44
3.0640269,0.43
3.0651816220000003,0.43
3.0661693050000003,0.44
3.0672207630000003,0.44
3.0680266740000004,0.44
3.069026247,0.43
3.070098008,0.43
3.07112715,0.44
3.0720270860000003,0.44
3.0731090510000003,0.43
3.0740264350000004,0.43
3.0750991930000002,0.44
3.0760441270000003,0.43
3.077123341,0.43
3.0780923980000003,0.42
3.0790262320000004,0.43
3.080145916,0.43
3.0810254120000002,0.43
3.0820255800000003,0.42
3.083144941,0.42
3.084030297,0.42
3.0851023690000003,0.43
3.0861151500000004,0.42
3.0870991450000003,0.43
3.088102778,0.44
3.089026477,0.43
3.090076197,0.43
3.091126795,0.43
3.09218208,0.44
3.093028238,0.43
3.0940274260000002,0.44
3.095126516,0.45
3.096028719,0.44
3.097100284,0.44
3.09802539,0.45
3.0991226650000003,0.45
3.1000261080000002,0.45
3.101025532,0.45
3.103026378,0.45
3.1041246780000002,0.45
3.105026361,0.45
3.1060261230000004,0.45
3.10715677,0.45
3.1080256840000002,0.45
3.10914547,0.44
3.110026012,0.44
3.1110280940000004,0.45
3.1120914710000003,0.45
3.1130253150000002,0.45
3.11416314,0.45
3.115028816,0.44
3.1160274180000003,0.44
3.1171453230000004,0.44
3.11802751,0.44
3.119162556,0.45
3.12002647,0.45
3.121026611,0.44
3.122150843,0.45
3.1230273050000004,0.45
3.124185084,0.44
3.125224354,0.45
3.1261894380000004,0.45
3.127026384,0.45
3.128026562,0.45
3.129122766,0.45
3.1302863010000004,0.45
3.131096437,0.45
3.132157015,0.45
3.1331696890000003,0.45
3.1340646590000003,0.45
3.135026227,0.45
3.136150268,0.44
3.1370265980000003,0.45
3.138026067,0.44
3.139179742,0.45
3.140052513,0.44
3.1411370620000003,0.44
3.142026452,0.43
3.1430304170000003,0.44
3.144026187,0.44
3.1450256800000003,0.44
3.1461006830000002,0.45
3.147026428,0.44
3.148219885,0.45
3.1490269900000003,0.44
3.1500274630000002,0.45
3.1511245700000003,0.45
3.152028011,0.45
3.1531309690000002,0.45
3.154027085,0.45
3.155028025,0.44
3.1560555750000003,0.45
3.157027246,0.44
3.158116261,0.44
3.159027822,0.45
3.160028112,0.44
3.1610898140000003,0.45
3.163168251,0.45
3.1640261880000002,0.45
3.165027697,0.44
3.1660973,0.44
3.16702757,0.44
3.168027824,0.45
3.169057087,0.45
3.1700268100000004,0.44
3.1711466350000004,0.45
3.172026295,0.44
3.173162161,0.45
3.1740269160000003,0.44
3.175231499,0.44
3.1762958890000004,0.45
3.177226917,0.44
3.178165561,0.44
3.1790266160000002,0.44
3.1801587550000003,0.44
3.181058177,0.44
3.1820297820000003,0.43
3.183160957,0.44
3.1840270910000004,0.44
3.185028105,0.44
3.1860271140000003,0.43
3.187028987,0.44
3.1881618740000004,0.44
3.189027374,0.44
3.190113166,0.44
3.1910269020000004,0.43
3.1921548250000003,0.44
3.1930276440000003,0.44
3.194027122,0.43
3.195160741,0.43
3.1960269070000003,0.44
3.197168833,0.43
3.1980265930000003,0.43
3.199026443,0.43
3.2001281830000003,0.43
3.201026906,0.43
3.202169548,0.43
3.2030260750000004,0.42
3.204153271,0.43
3.205129813,0.42
3.206125178,0.42
3.207272966,0.42
3.208126086,0.43
3.20902621,0.42
3.2101170640000003,0.42
3.2122005060000003,0.42
3.2131247050000002,0.42
3.2141287870000004,0.43
3.215275858,0.43
3.2161271210000004,0.43
3.217275411,0.42
3.2180269860000004,0.44
3.219218745,0.43
3.220130698,0.44
3.22132825,0.43
3.222147761,0.44
3.2230275930000003,0.44
3.224190967,0.44
3.225027329,0.44
3.226027805,0.44
3.227074725,0.43
3.2280274170000003,0.43
3.229124483,0.43
3.230026607,0.43
3.231029184,0.42
3.232285273,0.42
3.233026655,0.42
3.234158958,0.41
3.235027618,0.41
3.2361908870000002,0.41
3.237025973,0.41
3.238166928,0.4
3.2391852830000003,0.41
3.240026561,0.4
3.2411644020000003,0.41
3.242026683,0.4
3.2430258550000004,0.4
3.244164409,0.4
3.245025238,0.4
3.246162936,0.4
3.2470270680000004,0.4
3.2480289370000004,0.4
3.249075008,0.4
3.2502711640000004,0.4
3.251240445,0.41
3.2520263870000004,0.4
3.2531563660000002,0.4
3.254058112,0.42
3.255215685,0.41
3.2561824080000004,0.4
3.25702725,0.41
3.2581352310000002,0.42
3.259270785,0.41
3.2600263070000004,0.41
3.261273349,0.4
3.262026462,0.4
3.26317155,0.41
3.26413549,0.41
3.265309931,0.42
3.266128344,0.42
3.2670420050000004,0.41
3.268127974,0.42
3.2690277840000004,0.42
3.2702176720000002,0.41
3.271026764,0.41
3.27202699,0.42
3.2731314240000002,0.42
3.274026804,0.43
3.275126182,0.41
3.2760277820000003,0.42
3.277028109,0.42
3.27802738,0.41
3.280127926,0.41
3.281274525,0.41
3.282177667,0.41
3.2832909760000004,0.41
3.2842169350000003,0.42
3.2850284430000003,0.42
3.286159269,0.42
3.287026249,0.43
3.288173335,0.42
3.289028639,0.42
3.2900274460000003,0.42
3.291094288,0.42
3.2922758680000004,0.43
3.2930373630000003,0.43
3.294083328,0.43
3.295026526,0.43
3.2961521240000002,0.43
3.297027194,0.43
3.298151325,0.42
3.2992275870000003,0.43
3.30002597,0.44
3.301158565,0.43
3.3020270230000004,0.44
3.303028315,0.43
3.3041563550000004,0.44
3.30502661,0.43
3.30616176,0.44
3.307025522,0.43
3.3081699600000003,0.44
3.309130487,0.44
3.3102947250000003,0.44
3.311170224,0.44
3.3120283120000003,0.45
3.313156283,0.44
3.314138818,0.44
3.315026934,0.45
3.31614009,0.44
3.317026519,0.45
3.3180927720000004,0.45
3.3191295490000003,0.44
3.320152015,0.44
3.3210755080000003,0.44
3.3220265280000003,0.44
3.3230973830000003,0.44
3.3240275780000004,0.44
3.325061418,0.44
3.326095285,0.44
3.327027075,0.44
3.328096908,0.45
3.329064273,0.45
3.3300273920000003,0.44
3.3310735310000004,0.44
3.332026742,0.45
3.333128637,0.44
3.334027126,0.44
3.3350270820000003,0.45
3.3362694840000002,0.45
3.338126307,0.45
3.3390282200000003,0.45
3.340027537,0.45
3.34116266,0.45
3.3421699510000002,0.46
3.343122976,0.44
3.344026834,0.44
3.3451505800000003,0.45
3.346026804,0.45
3.347156372,0.44
3.348156785,0.45
3.3490275470000004,0.45
3.350026552,0.45
3.351096355,0.45
3.352026806,0.45
3.3531255310000003,0.45
3.3540257760000003,0.45
3.355053138,0.45
3.3561632250000004,0.45
3.3570267300000003,0.45
3.358094597,0.45
3.359026054,0.45
3.3600274490000004,0.45
3.36115865,0.45
3.362026172,0.45
3.3631144510000004,0.45
3.364026276,0.45
3.365201454,0.45
3.366028747,0.45
3.3670256640000003,0.45
3.368161814,0.45
3.369025385,0.45
3.370270762,0.45
3.371125927,0.46
3.372027258,0.46
3.3730826790000004,0.47
3.3741260210000004,0.46
3.3751524760000002,0.46
3.3760254090000004,0.47
3.377025886,0.45
3.378125233,0.45
3.3791276440000004,0.45
3.380128845,0.46
3.381025612,0.45
3.382025338,0.46
3.3831268310000002,0.46
3.384026113,0.45
3.3851258800000004,0.46
3.3860651830000004,0.45
3.3870267050000002,0.46
3.38902919,0.46
3.3902733030000003,0.46
3.391058033,0.46
3.392028096,0.46
3.3932765880000004,0.46
3.394112674,0.46
3.395025544,0.46
3.3960263970000004,0.46
3.39702836,0.46
3.3981013470000003,0.46
3.3990271,0.46
3.400156988,0.46
3.401025934,0.45
3.402027459,0.45
3.403026419,0.45
3.404030627,0.44
3.405152578,0.44
3.4060270530000003,0.45
3.4070259280000004,0.46
3.40815255,0.45
3.409026562,0.45
3.4101276790000004,0.45
3.411026874,0.44
3.4120260790000003,0.45
3.4131406770000003,0.45
3.4140418620000004,0.45
3.4151432390000003,0.45
3.416270146,0.44
3.4171883550000004,0.43
3.418085844,0.44
3.4191543540000002,0.44
3.420025727,0.43
3.421157994,0.43
3.4220265690000002,0.43
3.4231590090000004,0.43
3.424026076,0.42
3.425025799,0.42
3.42624106,0.43
3.42702558,0.42
3.4281408800000004,0.43
3.429025526,0.43
3.43003083,0.42
3.4310773400000003,0.42
3.43202783,0.42
3.4331243020000004,0.42
3.4340267470000003,0.42
3.4362665650000004,0.42
3.437136542,0.41
3.4381196540000003,0.42
3.4390258100000004,0.41
3.4401268170000003,0.41
3.441270073,0.42
3.442093126,0.41
3.44304484,0.42
3.4440261270000003,0.41
3.4452726520000003,0.41
3.4460267,0.41
3.447278439,0.41
3.4480281760000002,0.41
3.449284737,0.41
3.4500263820000003,0.4
3.451026193,0.41
3.4521017410000003,0.39
3.453025883,0.41
3.454152365,0.4
3.4550253260000003,0.4
3.4560959810000003,0.4
3.45706681,0.4
3.458026874,0.4
3.4591492340000003,0.39
3.460026381,0.39
3.461025797,0.39
3.462162123,0.4
3.4630508840000003,0.4
3.4641242620000003,0.4
3.465029597,0.4
3.4661416060000003,0.4
3.4672860900000004,0.41
3.4680264000000003,0.41
3.469098343,0.41
3.4700272140000004,0.42
3.471027152,0.41
3.472275821,0.41
3.473025772,0.42
3.4741687420000003,0.41
3.4751689960000003,0.42
3.476240472,0.42
3.4770272650000003,0.41
3.4781662790000003,0.41
3.4790259110000004,0.41
3.480025431,0.41
3.481147349,0.41
3.482026223,0.41
3.4831749370000002,0.41
3.4840252260000004,0.41
3.485026135,0.41
3.486030126,0.41
3.4870970740000002,0.41
3.488098978,0.41
3.4890263100000003,0.4
3.4902360690000003,0.42
3.4910973280000004,0.41
3.492025775,0.42
3.493094788,0.42
3.494025133,0.42
3.4950279980000003,0.42
3.4960618180000003,0.42
3.4970281190000003,0.42
3.4980966870000003,0.43
3.499026745,0.43
3.5000271020000002,0.42
3.501152497,0.42
3.5020409110000004,0.43
3.50311568,0.42
3.5040336840000004,0.42
3.5061052110000004,0.43
3.507304244,0.43
3.5080331080000002,0.43
3.5091598200000003,0.44
3.5101213990000004,0.43
3.511213865,0.42
3.5122749800000004,0.42
3.513025904,0.43
3.514082655,0.43
3.515181715,0.43
3.5162726400000004,0.43
3.5172239600000004,0.43
3.518026485,0.43
3.519158668,0.42
3.520025341,0.43
3.5211631750000003,0.42
3.522025359,0.42
3.5230262210000003,0.42
3.524272324,0.42
3.5251100810000002,0.42
3.5261264530000003,0.42
3.527029322,0.42
3.5282661670000004,0.42
3.5290340290000004,0.42
3.5300332520000004,0.42
3.5310756390000004,0.42
3.532098071,0.42
3.533099227,0.44
3.534025939,0.42
3.5350281260000003,0.42
3.536204602,0.42
3.537026194,0.43
3.538085456,0.43
3.5390277730000004,0.42
3.540113862,0.43
3.541027591,0.42
3.542104713,0.42
3.543075516,0.42
3.5441328800000003,0.43
3.5451265110000003,0.42
3.546129731,0.42
3.547264524,0.43
3.548027555,0.43
3.5492416870000003,0.43
3.5501288110000004,0.41
3.5511310390000004,0.43
3.5520337690000003,0.43
3.553028775,0.43
3.5552683870000004,0.44
3.556136851,0.43
3.55705821,0.41
3.558138301,0.43
3.559069511,0.43
3.5600294700000004,0.43
3.5610541450000004,0.44
3.56206338,0.43
3.5632872300000002,0.43
3.564327657,0.42
3.565030516,0.43
3.566071711,0.44
3.5672842620000003,0.43
3.5687563470000003,0.43
3.5690469240000002,0.43
3.5701049790000003,0.42
3.571030496,0.43
3.5721126150000004,0.43
3.5730901850000003,0.43
3.5740847660000004,0.43
3.5750304240000004,0.43
3.5760289710000004,0.43
3.577068906,0.43
3.5780280080000004,0.44
3.579077824,0.43
3.580027727,0.42
3.581088922,0.42
3.582079563,0.42
3.5830274230000003,0.42
3.5841326290000004,0.41
3.585262771,0.41
3.5860745730000003,0.41
3.5870613610000004,0.41
3.588092037,0.4
3.5891259260000004,0.41
3.590084408,0.41
3.5910285930000003,0.41
3.5921318920000003,0.41
3.5934288550000004,0.4
3.594050482,0.4
3.595102809,0.4
3.596043562,0.4
3.5973227320000003,0.4
3.598033522,0.41
3.599148764,0.4
3.600046267,0.4
3.601043424,0.41
3.6020901330000004,0.4
3.6030309910000002,0.41
3.604046374,0.41
3.605035302,0.42
3.6061501270000003,0.43
3.607047596,0.43
3.608129801,0.42
3.609040449,0.41
3.610147163,0.42
3.611030484,0.43
3.6120294970000004,0.43
3.6132804010000004,0.43
3.614142886,0.43
3.615033363,0.42
3.6161288220000003,0.42
3.6170313330000003,0.43
3.618028751,0.42
3.619287298,0.43
3.6201601310000004,0.43
3.621174587,0.42
3.6221794370000002,0.42
3.6230423490000003,0.42
3.6250302050000003,0.42
3.626095969,0.43
3.627028902,0.43
3.6280472670000004,0.44
3.6290356430000004,0.43
3.6301611800000004,0.43
3.631029379,0.44
3.6321259660000003,0.43
3.6330401510000003,0.43
3.634031842,0.43
3.635219723,0.43
3.636029961,0.42
3.6371693410000003,0.43
3.6380423570000002,0.42
3.6390416990000003,0.43
3.6401461150000003,0.43
3.6410294430000003,0.43
3.6421734370000003,0.42
3.6430287590000003,0.43
3.644028265,0.42
3.6450841410000003,0.42
3.6460275,0.42
3.6471610680000004,0.44
3.648030444,0.44
3.6490290950000004,0.43
3.6501681770000003,0.44
3.651026567,0.43
3.6521540810000004,0.43
3.653029075,0.44
3.654029679,0.43
3.655170549,0.43
3.6560279450000004,0.42
3.657201418,0.42
3.6580266700000004,0.42
3.6590276420000003,0.42
3.6610264370000003,0.42
3.662130374,0.41
3.6632861660000002,0.41
3.664132302,0.41
3.665090004,0.41
3.6661418030000004,0.41
3.667131802,0.43
3.668293058,0.43
3.6692783980000003,0.43
3.670137952,0.42
3.67103109,0.42
3.672131491,0.44
3.673027192,0.43
3.674123857,0.44
3.6750278290000002,0.44
3.6760287500000004,0.43
3.677161802,0.43
3.6780271370000004,0.44
3.679124433,0.44
3.680033717,0.44
3.681288202,0.44
3.6820283720000004,0.44
3.6830300850000004,0.44
3.6841869170000003,0.44
3.6850282080000003,0.43
3.686201635,0.44
3.687026549,0.43
3.688206199,0.44
3.6892903020000003,0.45
3.6900277600000004,0.44
3.6911218870000004,0.45
3.692026685,0.46
3.6930391190000003,0.46
3.6940512880000003,0.47
3.6950266980000004,0.45
3.696106168,0.45
3.6970268610000003,0.45
3.698157355,0.44
3.6990671300000004,0.45
3.7000262150000003,0.45
3.7011610040000003,0.44
3.7021636740000003,0.45
3.703026437,0.45
3.704154984,0.45
3.7050264630000003,0.45
3.706167907,0.45
3.70702611,0.46
3.70816778,0.45
3.7090267750000003,0.45
3.7100300510000004,0.45
3.71110481,0.45
3.7120303280000004,0.45
3.7131727320000003,0.45
3.7140261750000003,0.45
3.715026076,0.45
3.7161259380000002,0.45
3.717025907,0.44
3.718096259,0.44
3.7191285200000004,0.44
3.720125255,0.44
3.721112671,0.43
3.7220259010000003,0.43
3.723127045,0.43
3.72402559,0.43
3.725025645,0.43
3.726127207,0.44
3.728121717,0.44
3.7290253090000003,0.44
3.7301230980000004,0.44
3.7310257200000003,0.43
3.7320254310000003,0.44
3.7331335030000004,0.44
3.7340250900000003,0.44
3.7351708030000004,0.43
3.7360261280000002,0.44
3.73702585,0.43
3.7381627140000004,0.45
3.739026067,0.43
3.7401247150000003,0.44
3.7410265970000003,0.43
3.7421697430000003,0.43
3.7430276370000004,0.44
3.744027704,0.44
3.745153971,0.44
3.746029318,0.44
3.747162911,0.44
3.7481543200000003,0.44
3.7491640270000004,0.44
3.750081911,0.44
3.7510267140000004,0.43
3.7521322610000003,0.44
3.7530283050000004,0.42
3.754027031,0.43
3.755160064,0.44
3.7560340840000004,0.44
3.7571570980000004,0.44
3.7580273240000004,0.43
3.7590269980000004,0.43
3.760172846,0.43
3.7611713940000002,0.43
3.7622655720000004,0.43
3.7632381090000004,0.43
3.7641653410000004,0.43
3.7650333930000004,0.43
3.766026145,0.44
3.7670897660000002,0.44
3.7680328750000003,0.44
3.7691546760000003,0.44
3.7700338120000003,0.43
3.7710721740000004,0.44
3.7720442110000003,0.44
3.7730323510000003,0.44
3.7741095980000003,0.43
3.775027913,0.43
3.7763128590000004,0.43
3.7770668690000004,0.43
3.7781197420000003,0.43
3.7790328260000003,0.42
3.7801101900000003,0.43
3.781108048,0.43
3.782028045,0.43
3.783029357,0.43
3.7840860380000003,0.43
3.785108296,0.43
3.78611617,0.43
3.787027144,0.43
3.7880732600000004,0.43
3.78905035,0.43
3.7900272580000003,0.43
3.7911295920000003,0.43
3.7920265320000004,0.44
3.7942338780000004,0.43
3.7950283160000002,0.43
3.796080481,0.44
3.797027657,0.43
3.7980718500000004,0.43
3.7990579610000004,0.43
3.800027365,0.43
3.8010634980000004,0.43
3.802038356,0.44
3.803259848,0.43
3.8040893860000002,0.43
3.8051632690000003,0.44
3.806176622,0.43
3.807029303,0.42
3.808028111,0.43
3.8090690300000003,0.43
3.8100959710000004,0.43
3.8110346080000004,0.42
3.812173935,0.43
3.8130292430000003,0.42
3.8142978480000003,0.43
3.8150284,0.42
3.8161617100000003,0.43
3.817027028,0.43
3.8180270770000004,0.42
3.819165674,0.43
3.820027833,0.43
3.8211732210000005,0.43
3.822027208,0.44
3.8231691700000003,0.43
3.824211764,0.42
3.8250271080000005,0.42
3.8261005200000002,0.43
3.8270273520000004,0.42
3.8281597580000004,0.42
3.8290268660000004,0.43
3.8300269670000002,0.43
3.8311069320000004,0.43
3.8320269400000004,0.43
3.833085982,0.44
3.8351085620000003,0.44
3.8362397880000003,0.43
3.837028536,0.43
3.8381122870000004,0.42
3.8390994720000005,0.43
3.840110584,0.42
3.8410676790000005,0.43
3.8420267690000003,0.43
3.8431068240000004,0.43
3.844048948,0.43
3.8451513370000003,0.43
3.8462822450000003,0.43
3.8470281890000004,0.42
3.848147995,0.42
3.849026111,0.43
3.8501770900000003,0.42
3.851026859,0.43
3.8522422680000004,0.42
3.8532726950000002,0.42
3.8540572390000003,0.43
3.8550735240000003,0.43
3.856067755,0.42
3.8571737010000002,0.42
3.858026492,0.42
3.8590260690000004,0.43
3.8600825010000004,0.42
3.861025691,0.43
3.862182236,0.42
3.8630254550000003,0.43
3.864030194,0.43
3.8651638060000004,0.42
3.8660590320000003,0.43
3.8671516290000003,0.42
3.868032368,0.42
3.8691637730000004,0.42
3.870029959,0.42
3.871028841,0.43
3.8721109630000003,0.43
3.873027276,0.43
3.874160658,0.43
3.875057577,0.43
3.8760262180000002,0.43
3.8771030270000004,0.44
3.8781302330000003,0.44
3.87927233,0.43
3.880056117,0.43
3.881026047,0.43
3.882115363,0.43
3.8830259220000003,0.44
3.884132031,0.43
3.885026491,0.43
3.8861274390000005,0.43
3.8871318130000003,0.44
3.888025555,0.43
3.8891243170000003,0.43
3.8900256160000004,0.43
3.8911274710000003,0.43
3.8921296460000003,0.43
3.8930257420000003,0.43
3.894109466,0.43
3.896112345,0.43
3.897026673,0.43
3.8980264640000004,0.42
3.8991267960000004,0.43
3.900039961,0.42
3.9011497540000004,0.42
3.9020259690000003,0.42
3.90302541,0.42
3.9042488310000003,0.41
3.9050252540000003,0.42
3.9062008950000005,0.41
3.907027363,0.41
3.9082461800000003,0.4
3.90927337,0.4
3.9100262010000004,0.4
3.9112380270000005,0.41
3.912025367,0.39
3.91316802,0.42
3.9140273650000004,0.4
3.9151261870000003,0.41
3.916278671,0.41
3.9171645830000004,0.39
3.9182167660000005,0.39
3.9190266990000002,0.4
3.9201647320000004,0.38
3.9210256460000004,0.37
3.9220257770000004,0.37
3.923159864,0.36
3.924104616,0.36
3.9250300570000003,0.36
3.92626817,0.36
3.9272240000000003,0.36
3.9281749980000003,0.36
3.9290266600000003,0.36
3.9300273470000002,0.35
3.9311428750000004,0.34
3.9322742130000004,0.33
3.9332324150000004,0.33
3.9340259910000004,0.32
3.935109321,0.34
3.9360259220000002,0.33
3.937026748,0.33
3.9382286430000004,0.34
3.9390254650000003,0.33
3.940140185,0.34
3.9412772960000004,0.34
3.942161231,0.34
3.943025511,0.34
3.9441977520000004,0.33
3.9451345470000003,0.34
3.9462909300000004,0.33
3.947143467,0.35
3.948058735,0.34
3.9491234750000004,0.35
3.9503399800000003,0.35
3.9510346650000003,0.35
3.9532128390000003,0.36
3.9540600820000003,0.35
3.955115665,0.34
3.9561299260000005,0.35
3.9570345120000003,0.35
3.9581334440000004,0.35
3.9591416240000004,0.35
3.9600368500000003,0.35
3.9611240920000004,0.34
3.9621432760000004,0.35
3.9630288900000004,0.35
3.9640284130000003,0.35
3.965285659,0.35
3.966033175,0.35
3.9672955520000004,0.35
3.9680290480000004,0.35
3.9691233450000003,0.35
3.9700284580000003,0.35
3.9711551430000003,0.35
3.972030525,0.37
3.9730294980000003,0.37
3.9741026140000004,0.37
3.9750330920000003,0.36
3.9761782020000003,0.36
3.9770288240000005,0.37
3.978030517,0.37
3.979084121,0.37
3.9800896970000004,0.37
3.981160506,0.37
3.9820297520000003,0.37
3.983028849,0.36
3.9840598020000004,0.35
3.985085143,0.35
3.9861347320000005,0.36
3.987093616,0.36
3.988177981,0.35
3.9891809990000002,0.36
3.9901647000000002,0.36
3.9910470160000004,0.35
3.992031481,0.36
3.9933145960000003,0.36
3.99403136,0.35
3.9950299850000004,0.35
3.996091101,0.35
3.9970321560000004,0.36
3.9981272500000005,0.36
3.999029424,0.36
4.000126767,0.36
4.001196065,0.36
4.002029713000001,0.35
4.003130044000001,0.35
4.004032232,0.35
4.005030083,0.35
4.006132813000001,0.34
4.007131469,0.34
4.0081248480000005,0.33
4.009126557,0.33
4.010127263,0.33
4.0110285370000005,0.34
4.012128694,0.33
4.013283718,0.33
4.014027464000001,0.32
4.015124484,0.32
4.017162971,0.32
4.018320394,0.32
4.019299658,0.33
4.020032377000001,0.33
4.021310173,0.33
4.0221966,0.33
4.023306084000001,0.33
4.024214712,0.34
4.025029757,0.33
4.026237305,0.34
4.027140539,0.34
4.0282725180000005,0.33
4.0291481430000005,0.34
4.030285055,0.34
4.03108719,0.34
4.032028287,0.35
4.033141235,0.34
4.034028674,0.34
4.035027854,0.35
4.0361578090000005,0.34
4.037073254,0.34
4.038084599,0.34
4.03907523,0.33
4.040073639,0.34
4.0410386130000004,0.35
4.042027975,0.34
4.0430898730000004,0.34
4.0440282970000005,0.34
4.045141991,0.34
4.046156392,0.34
4.047027311,0.34
4.048040124,0.34
4.049135268000001,0.35
4.050032592,0.35
4.051158298,0.34
4.0520295420000005,0.35
4.053030603,0.35
4.054069404,0.36
4.055143709,0.35
4.056028799,0.35
4.05708189,0.35
4.0580916920000005,0.37
4.0590831750000005,0.35
4.060060708,0.36
4.061036363,0.36
4.062084585,0.36
4.064106811,0.38
4.0650784820000005,0.39
4.066128127,0.39
4.0671088630000005,0.38
4.068034407,0.39
4.069081633000001,0.39
4.0700981370000004,0.4
4.071111657,0.4
4.0720781420000005,0.4
4.073036057,0.41
4.074229900000001,0.41
4.075030408,0.42
4.0760730800000005,0.41
4.077098742,0.41
4.078233808,0.41
4.07912328,0.41
4.080125164,0.41
4.081191887,0.42
4.082099840000001,0.43
4.083150336,0.43
4.084032145,0.43
4.085079633,0.44
4.086243134,0.44
4.0871545440000006,0.46
4.088027101000001,0.46
4.089127458,0.45
4.090031204000001,0.46
4.091230108,0.46
4.092054077,0.46
4.093027037000001,0.46
4.0940938110000005,0.46
4.095184823,0.47
4.096271043000001,0.46
4.097071248000001,0.45
4.098155039,0.45
4.099027006,0.45
4.1002644440000005,0.44
4.101074593,0.44
4.1020271280000005,0.43
4.1030750320000005,0.43
4.1040720330000005,0.42
4.1050303790000005,0.42
4.1060713600000005,0.4
4.1071239550000005,0.41
4.1081213000000005,0.41
4.109145915,0.41
4.110031713000001,0.41
4.111037041,0.41
4.1120921,0.42
4.113084430000001,0.4
4.11402771,0.4
4.11511427,0.41
4.116068284000001,0.41
4.11702858,0.4
4.1180922330000005,0.39
4.119026462,0.37
4.120036431,0.38
4.121119163,0.38
4.122026794,0.37
4.1230315630000005,0.37
4.124069513,0.36
4.125243891,0.36
4.126030843000001,0.35
4.12703049,0.36
4.128072921,0.36
4.129280255,0.36
4.130072151,0.36
4.131105093,0.36
4.132027336,0.36
4.133071386,0.35
4.134079812,0.33
4.1350310420000005,0.32
4.136068732,0.32
4.137031211,0.3
4.1380715420000005,0.3
4.1390286650000006,0.29
4.140169897,0.29
4.14202954,0.3
4.143066641,0.29
4.144233999,0.26
4.1450275770000005,0.26
4.146091621,0.25
4.147033153000001,0.24
4.148267885,0.24
4.149035978000001,0.24
4.150087922,0.22
4.151083593,0.22
4.152081596,0.22
4.153032985,0.22
4.154065940000001,0.21
4.155083583000001,0.21
4.15608146,0.21
4.157084709,0.21
4.158065904,0.21
4.159078815,0.22
4.160158958,0.21
4.161027214000001,0.22
4.162132237000001,0.23
4.163026799,0.21
4.16407442,0.21
4.165136327,0.2
4.166027089,0.21
4.16715737,0.19
4.168026912,0.2
4.1690642790000005,0.19
4.170026957,0.19
4.171027023000001,0.2
4.172082272,0.2
4.173090277,0.21
4.17406042,0.2
4.175027019,0.2
4.176079374,0.17
4.1770280070000005,0.17
4.178028155000001,0.18
4.1791078200000005,0.16
4.180026273,0.15
4.181084794,0.15
4.182025894000001,0.14
4.183026839,0.14
4.184073232,0.14
4.185111191,0.13
4.186111123,0.13
4.187221979,0.12
4.1881042200000005,0.12
4.189142191,0.11
4.190030699,0.11
4.191028375,0.1
4.192082947,0.08
4.194029208,0.09
4.195113076,0.07
4.196028014,0.07
4.197210171,0.05
4.198026507000001,0.05
4.199030005,0.05
4.200090819000001,0.02
4.201027495,0.01
4.202156700000001,0.02
4.203092957,0.02
4.204145476,0.02
4.205058731,0.02
4.206172954,0.03
4.207075978000001,0.01
4.208028014,0.0
4.209026949,0.0
4.210069006,0.01
4.211027538000001,0.0
4.2120777810000005,0.0
4.213108888,0.0
4.2140259360000005,0.01
4.215075797,0.0
4.216026962,0.0
4.2170790160000005,0.0
4.218026258,0.0
4.219081514,0.01
4.220073699,0.0
4.221079130000001,0.0
4.222135076,0.0
4.223026649,0.0
4.2240259380000005,0.0
4.2250754530000005,0.0
4.226026258,0.0
4.22720096,0.0
4.228026697000001,0.0
4.22902573,0.0
4.230152516,0.0
4.231026194,0.0
4.232079484000001,0.0
4.233026131,0.0
4.234026650000001,0.0
4.235084285,0.0
4.2360297000000005,0.0
4.237133917,0.0
4.238069374,0.0
4.239026682,0.0
4.2400744690000005,0.0
4.241028539,0.0
4.242026632,0.0
4.243093762,0.01
4.244131429,0.0
4.245126063,0.0
4.246025921,0.0
4.247028533,0.0
4.248136036,0.01
4.249026773000001,0.0
4.2501788110000005,0.02
4.252175659000001,0.0
4.253154909,0.0
4.254029063,0.0
4.255123267,0.0
4.2560258310000005,0.0
4.2570796,0.0
4.258027855,0.0
4.259026665,0.0
4.260120648,0.0
4.2612827410000005,0.0
4.262153269000001,0.0
4.263026352000001,0.0
4.264027073,0.0
4.265128595,0.0
4.266026589,0.0
4.267074508,0.0
4.268026345,0.01
4.269025701,0.0
4.270265992000001,0.0
4.271042085,0.01
4.272036064,0.0
4.273087531,0.01
4.274027882,0.0
4.275150938,0.0
4.276075608,0.0
4.277044214,0.0
4.278027934000001,0.0
4.279025881,0.0
4.280079631,0.01
4.28102873,0.0
4.282097994,0.0
4.283027169,0.0
4.284086463,0.0
4.285079152000001,0.0
4.2860264500000005,0.0
4.287073148,0.01
4.288026255,0.0
4.290270598,0.0
4.291026499,0.0
4.292222028,0.0
4.293026371,0.0
4.294026685,0.0
4.295081284,0.0
4.2960291360000005,0.0
4.297097170000001,0.0
4.298030338,0.0
4.299100174,0.0
4.300025494000001,0.0
4.301082308000001,0.0
4.302028099,0.0
4.303028811,0.0
4.304103166,0.0
4.305034630000001,0.0
4.306081593,0.0
4.3071340760000005,0.0
4.308278243,0.01
4.30902661,0.0
4.310026161000001,0.0
4.311170789,0.0
4.312025505,0.0
4.313122688,0.01
4.314026174,0.0
4.315025479,0.0
4.316086202,0.0
4.317026677,0.0
4.318081838,0.0
4.319074336,0.0
4.3200257550000005,0.0
4.321155855000001,0.0
4.322024896,0.0
4.323074981,0.01
4.324026356,0.01
4.325025766,0.01
4.326128934000001,0.0
4.327037819,0.0
4.3280308970000005,0.01
4.3290384170000005,0.0
4.330033234,0.0
4.3311603540000005,0.0
4.332027385,0.0
4.3331611,0.0
4.334075877,0.0
4.335036416,0.0
4.336029261,0.0
4.337028141,0.01
4.338111922,0.01
4.339027081,0.0
4.340079833,0.01
4.341026745000001,0.01
4.342026072,0.0
4.343029256,0.0
4.3440275150000005,0.0
4.345225394,0.0
4.346027254,0.0
4.347067859,0.0
4.348093347,0.01
4.34902613,0.0
4.350066912,0.0
4.351068395,0.0
4.352030074,0.0
4.353076803,0.01
4.3540276350000005,0.0
4.35509565,0.0
4.356026514,0.01
4.357026223,0.0
4.3581373050000005,0.0
4.359029512,0.0
4.360083835,0.0
4.361030706,0.0
4.362070408,0.0
4.363057743000001,0.01
4.36513983,0.0
4.3660314620000005,0.01
4.367175982,0.0
4.368030733,0.0
4.369031863,0.01
4.370225345000001,0.0
4.371027590000001,0.0
4.372142017000001,0.01
4.373026792,0.0
4.374027116000001,0.0
4.37508038,0.0
4.376099322,0.01
4.377169017,0.0
4.378032761,0.0
4.379028004,0.0
4.380078612,0.0
4.381027222,0.0
4.382077813,0.0
4.3830602480000005,0.0
4.384025924,0.0
4.385076686000001,0.0
4.386069033,0.0
4.387099335,0.0
4.388025957,0.0
4.389113651000001,0.0
4.390052903,0.0
4.391026012,0.0
4.392100349000001,0.0
4.393025762000001,0.01
4.394033264,0.01
4.395029179000001,0.0
4.396031542,0.0
4.39711469,0.0
4.398187465,0.0
4.399274257,0.0
4.4000823680000005,0.0
4.401026356,0.0
4.40208328,0.0
4.403272165000001,0.0
4.404166754,0.01
4.4050275580000005,0.01
4.406073984,0.0
4.40707836,0.0
4.408026607,0.0
4.409080204,0.01
4.411266316,0.0
4.412110418,0.0
4.413095428,0.0
4.414272683,0.01
4.415026128,0.0
4.416088397,0.0
4.417025841,0.0
4.418030364000001,0.0
4.419031094,0.0
4.420097196,0.0
4.421047075000001,0.0
4.422072887000001,0.0
4.423111692,0.0
4.424030624,0.0
4.4250827600000004,0.0
4.426088496,0.0
4.427284888,0.0
4.428027459,0.0
4.429026042,0.0
4.430201538,0.0
4.431267631,0.0
4.432025623,0.0
4.433178381,0.0
4.434026656,0.0
4.435025875,0.01
4.436151617,0.0
4.437027395,0.0
4.438124524,0.0
4.43903569,0.0
4.440046352,0.0
4.441050372,0.0
4.442029187,0.0
4.443089372,0.0
4.444095868000001,0.0
4.445027025,0.01
4.4460799170000005,0.0
4.447026145000001,0.01
4.448077103,0.0
4.449026905,0.0
4.450026869,0.0
4.451117022,0.0
4.452027762,0.01
4.45308991,0.01
4.454029058000001,0.01
4.455210514,0.01
4.456144138,0.0
4.457276995,0.0
4.458209759000001,0.0
4.459027027,0.0
4.460033543000001,0.0
4.461282722,0.0
4.462130939000001,0.0
4.46308325,0.0
4.464095373,0.0
4.465072023,0.0
4.466106481000001,0.0
4.467072658,0.0
4.4680269500000005,0.0
4.469030384,0.01
4.470076071,0.0
4.471029297,0.0
4.472146934,0.01
4.47302876,0.01
4.474031389,0.0
4.475083714,0.0
4.476026409,0.0
4.477083569,0.0
4.4780312040000005,0.0
4.479031093000001,0.0
4.480081795,0.01
4.48212086,0.0
4.483047648,0.0
4.48425983,0.0
4.485028827000001,0.0
4.486104461,0.0
4.487033476000001,0.0
4.488233,0.0
4.489068403,0.0
4.490080408,0.0
4.491087219000001,0.01
4.492036153,0.0
4.493262141000001,0.0
4.49407984,0.0
4.495080703,0.0
4.496033068,0.0
4.497029702,0.0
4.498074916,0.0
4.499136919000001,0.0
4.5000783900000005,0.0
4.501074330000001,0.0
4.502149954,0.0
4.503067998000001,0.0
4.504027874,0.0
4.505084361000001,0.0
4.506031525,0.0
4.5071245410000005,0.0
4.508026536,0.0
4.509111037,0.01
4.510030433,0.0
4.5111988300000005,0.0
4.512144506,0.01
4.513099447,0.0
4.514079638,0.0
4.515027338,0.0
4.516075709,0.0
4.517074511000001,0.0
4.518276488000001,0.0
4.519059041,0.0
4.520190233,0.0
4.5210311050000005,0.01
4.522150382,0.0
4.523027477,0.0
4.524096969,0.0
4.525025954,0.0
4.526029991000001,0.0
4.527101192,0.0
4.528122890000001,0.0
4.529126015,0.0
4.530025382000001,0.0
4.531027106000001,0.0
4.532092143,0.0
4.533026256,0.0
4.534079534,0.0
4.535095062,0.0
4.536026102,0.0
4.537118031,0.0
4.538025086,0.0
4.539083942,0.0
4.540026014,0.0
4.541085368,0.0
4.542175311,0.0
4.544069338,0.0
4.545237464,0.0
4.546177259,0.0
4.547084996000001,0.0
4.548062815000001,0.0
4.549151887000001,0.0
4.550027963000001,0.0
4.5510282580000005,0.0
4.552120361,0.0
4.553029872000001,0.0
4.554080321000001,0.0
4.555028679,0.0
4.556028142000001,0.0
4.557095413,0.0
4.558072663,0.0
4.559073913000001,0.0
4.560145866,0.01
4.561085283000001,0.01
4.5621548370000005,0.0
4.563181647,0.0
4.564267640000001,0.0
4.565027326,0.01
4.566146045,0.0
4.567027029,0.0
4.5680844050000005,0.0
4.569064413,0.01
4.570133945,0.01
4.5710612180000005,0.0
4.5720278830000005,0.01
4.573084668,0.0
4.5741598020000005,0.0
4.575027738,0.0
4.576074946,0.0
4.577077201000001,0.0
4.578252132,0.0
4.579103325,0.0
4.580029233,0.0
4.581127054,0.0
4.582026754,0.0
4.583113085,0.0
4.584026499,0.0
4.5851787040000005,0.0
4.586076179,0.0
4.587077511,0.0
4.588073422,0.0
4.589027778,0.0
4.590114312,0.0
4.591026532,0.0
4.592150994000001,0.0
4.593114015,0.0
4.594026547,0.0
4.595070931,0.0
4.597163539,0.01
4.598194921,0.01
4.599026687,0.01
4.600076567,0.0
4.601059009,0.0
4.6020267950000004,0.01
4.603100365,0.0
4.604075064,0.0
4.605144039000001,0.0
4.606028195,0.0
4.607027789,0.0
4.60807916,0.01
4.609026685,0.0
4.610135378000001,0.01
4.6110270600000005,0.0
4.612030499,0.0
4.613152707,0.0
4.614026872,0.0
4.615081217,0.0
4.616027284,0.0
4.617026592,0.0
4.618262447,0.0
4.619080487000001,0.0
4.6202061830000005,0.0
4.621103812,0.0
4.622170607,0.0
4.623059487,0.0
4.62402686,0.0
4.625089975,0.0
4.626028345,0.01
4.627077014,0.0
4.628058901,0.0
4.629082577,0.0
4.630108713,0.0
4.631025761,0.0
4.632171061,0.0
4.633026195,0.0
4.634026321,0.0
4.635124541000001,0.0
4.636104116,0.0
4.637070411000001,0.0
4.638080153000001,0.0
4.639033125,0.0
4.640125064,0.0
4.641030789,0.0
4.642126023,0.0
4.643050570000001,0.0
4.644078659000001,0.0
4.645026861000001,0.0
4.646026621,0.01
4.647136207,0.0
4.648026456,0.0
4.649071493,0.0
4.650026099000001,0.0
4.651143161,0.0
4.652026665,0.0
4.654186096,0.0
4.655025656,0.01
4.656157411000001,0.0
4.657025282,0.0
4.6580259790000005,0.01
4.659163712000001,0.0
4.660038415000001,0.0
4.661232912,0.0
4.6620259530000006,0.0
4.663074935,0.0
4.664025887,0.0
4.665025719,0.0
4.6660755510000005,0.0
4.6670254490000005,0.0
4.668060822,0.0
4.669041361000001,0.0
4.670050439000001,0.0
4.671039338,0.0
4.672031121000001,0.0
4.6731660040000005,0.0
4.6740281800000005,0.0
4.67502687,0.0
4.676075003,0.0
4.677094705,0.0
4.678296846,0.0
4.6790276550000005,0.0
4.680027388,0.0
4.681075572,0.0
4.682087148,0.01
4.6832081,0.0
4.684029149000001,0.0
4.6850275770000005,0.0
4.686078073,0.0
4.6870268930000005,0.0
4.688132061,0.0
4.689028555,0.0
4.690288139000001,0.01
4.6910796800000005,0.0
4.692257016,0.0
4.693081548,0.0
4.695024612,0.0
4.6961268810000005,0.0
4.697025681,0.0
4.698077605,0.0
4.699057872,0.0
4.700035037,0.0
4.701083256,0.01
4.702129434000001,0.0
4.703138591,0.0
4.704048017,0.0
4.705134060000001,0.0
4.70609092,0.0
4.707032252,0.0
4.708125895,0.0
4.709027428000001,0.0
4.710033675,0.0
4.7111290640000005,0.0
4.712058672,0.0
4.7130980540000005,0.0
4.714026892000001,0.0
4.715079484,0.0
4.7160269040000005,0.0
4.717026494000001,0.01
4.718052646,0.0
4.719026065,0.0
4.7200870020000005,0.0
4.72103608,0.0
4.722106754,0.0
4.723164941,0.01
4.72402676,0.0
4.72509022,0.0
4.726026237,0.0
4.727026588,0.0
4.72812998,0.01
4.7290261220000005,0.0
4.730062614,0.0
4.7310414530000005,0.0
4.732033035000001,0.0
4.733082367000001,0.0
4.734079307,0.0
4.735036155,0.0
4.73615774,0.0
4.737031316,0.0
4.7381579700000005,0.0
4.7390273380000005,0.0
4.740074508,0.0
4.741150751,0.0
4.742026141,0.0
4.7430626380000005,0.0
4.744025905,0.0
4.745146077,0.01
4.746026886,0.0
4.7470819650000005,0.0
4.748027208,0.0
4.749026029,0.0
4.750142382,0.01
4.75102603,0.0
4.752123277,0.01
4.753027913,0.0
4.754026571000001,0.0
4.7551251080000005,0.0
4.756081042,0.0
4.757075735,0.0
4.758025881,0.0
4.75902548,0.0
4.760126928,0.0
4.761072343,0.0
4.7620402760000005,0.0
4.764130098,0.0
4.765060281,0.01
4.7660294400000005,0.0
4.767118276000001,0.0
4.768032645,0.0
4.769151389,0.0
4.770027915,0.0
4.771028086,0.0
4.772076965,0.0
4.773028823000001,0.0
4.7740982270000005,0.01
4.775026993,0.0
4.776027066,0.0
4.777085646000001,0.0
4.778026931,0.0
4.779114582,0.0
4.780158801000001,0.0
4.781178218,0.0
4.782279697,0.0
4.783097821,0.0
4.784026495,0.0
4.785077633,0.0
4.786253665,0.0
4.787178019000001,0.0
4.788027724,0.0
4.789026938,0.0
4.790139021,0.0
4.791026544,0.0
4.792060724000001,0.0
4.793083998,0.0
4.7941446580000004,0.0
4.795089030000001,0.01
4.796048402,0.0
4.797086524,0.0
4.7980342170000005,0.0
4.799135093,0.0
4.8002761430000005,0.0
4.801027472,0.0
4.802189211,0.0
4.803232604000001,0.0
4.804080806,0.0
4.805026897,0.0
4.806139776,0.0
4.807120617000001,0.0
4.808027050000001,0.0
4.809026670000001,0.0
4.811125196,0.0
4.812126136000001,0.0
4.8130256860000005,0.0
4.8140774770000005,0.0
4.815072584,0.0
4.816100617,0.0
4.817130816000001,0.0
4.8180852750000005,0.0
4.819126494000001,0.0
4.820026655,0.0
4.821075593000001,0.0
4.822131556,0.0
4.8230607050000005,0.0
4.8240367730000004,0.0
4.825308775,0.0
4.8260297020000005,0.01
4.8271815170000005,0.0
4.828029344,0.0
4.8290411540000004,0.0
4.830030683,0.0
4.831083291000001,0.0
4.8320763520000005,0.01
4.833026177000001,0.01
4.834143288,0.0
4.835035986,0.0
4.836029816,0.0
4.837175455000001,0.0
4.838025848,0.0
4.839076425,0.01
4.840026465,0.0
4.841026223,0.01
4.8421482870000006,0.0
4.843028027,0.0
4.844077047,0.0
4.8450266850000006,0.01
4.8460751140000005,0.0
4.847025922,0.0
4.8480255670000005,0.0
4.849073319,0.0
4.850026553,0.01
4.851075276,0.0
4.852026487000001,0.0
4.8530779840000005,0.0
4.854070429,0.0
4.855040276,0.0
4.856321889,0.0
4.857029342000001,0.0
4.858027890000001,0.0
4.859109225,0.0
4.8600379920000005,0.0
4.861181575000001,0.0
4.862026601,0.0
4.863027343000001,0.0
4.864085259,0.0
4.865025692000001,0.0
4.866026521,0.0
4.867091839,0.0
4.868027413,0.0
4.869102371,0.01
4.8701303110000005,0.0
4.87102559,0.0
4.872109105000001,0.0
4.87308114,0.0
4.874130517,0.0
4.875049631,0.0
4.876124088,0.0
4.877026658,0.01
4.878026216,0.0
4.879076778,0.0
4.880026042,0.0
4.881073677000001,0.0
4.882028959,0.0
4.883026161,0.0
4.884091175,0.0
4.885059995000001,0.0
4.887104755,0.0
4.88803318,0.0
4.889155000000001,0.0
4.890157493,0.0
4.891030214000001,0.0
4.892160733,0.0
4.8930341660000005,0.0
4.894256433000001,0.0
4.895279222,0.0
4.896272598,0.0
4.8970285140000005,0.0
4.898032959,0.0
4.899026189000001,0.0
4.900026713,0.0
4.901065272,0.01
4.902122739,0.0
4.903107287,0.0
4.90402572,0.0
4.9050264640000005,0.0
4.906075353,0.0
4.907026435000001,0.01
4.908082005000001,0.0
4.909026048,0.0
4.910026437,0.0
4.91115047,0.0
4.9122767640000005,0.01
4.913095837,0.01
4.914026079,0.0
4.915026060000001,0.0
4.9160583980000006,0.01
4.9170367530000005,0.01
4.918084390000001,0.0
4.919028322,0.0
4.9200672160000005,0.0
4.921044332,0.0
4.922171037,0.0
4.923077577,0.0
4.924027028,0.0
4.925077686000001,0.0
4.926081392,0.0
4.927145285,0.0
4.928130048,0.0
4.929028457,0.0
4.930075728,0.0
4.931083309,0.01
4.932079559,0.0
4.933124931,0.01
4.934026981000001,0.0
4.935075427,0.0
4.936124662,0.0
4.937026927000001,0.0
4.938077344,0.0
4.939027241000001,0.0
4.940026792,0.01
4.941082486,0.0
4.942026495,0.0
4.943079419,0.0
4.944243848,0.0
4.946055584000001,0.0
4.947089044,0.01
4.948042465,0.0
4.949033137000001,0.0
4.950156802,0.01
4.951230944000001,0.01
4.952161327000001,0.0
4.9530641200000005,0.01
4.954027258,0.0
4.955133244000001,0.0
4.956026405,0.0
4.95716687,0.0
4.958025671000001,0.0
4.959026714,0.01
4.9600831990000005,0.0
4.961125303,0.0
4.962114916,0.0
4.963025126000001,0.0
4.964026152000001,0.0
4.9650756970000005,0.0
4.9660264970000005,0.01
4.967141241,0.0
4.968025957,0.0
4.969087525,0.0
4.9701898710000005,0.0
4.971057236,0.0
4.972078353000001,0.0
4.973152446,0.0
4.974077243,0.0
4.9751302850000005,0.0
4.976029576,0.0
4.977078125,0.0
4.978050749,0.01
4.9791197590000005,0.0
4.980136175,0.0
4.981151942,0.0
4.982054995,0.0
4.983227548,0.0
4.984086492,0.0
4.985036904,0.01
4.986031113,0.0
4.9870969810000005,0.01
4.9880270630000005,0.0
4.989128351000001,0.0
4.990026984,0.0
4.9921294210000005,0.0
4.99302848,0.0
4.994082187,0.0
4.995027264,0.01
4.9960266760000005,0.01
4.997136547,0.0
4.998026693,0.0
4.999275237,0.0
5.000026444,0.0
5.001277224000001,0.0
5.002026584,0.0
5.00317157,0.0
5.0040254730000004,0.0
5.005031145,0.0
5.006076421,0.0
5.0071508080000005,0.0
5.008058191,0.0
5.009093807,0.01
5.010169354,0.0
5.011118179,0.0
5.0122045900000005,0.0
5.013255764,0.0
5.014029033,0.0
5.0150283170000005,0.0
5.0161371290000005,0.0
5.017026542,0.0
5.018520749,0.01
5.019040132000001,0.0
5.020033413,0.0
5.021095377,0.0
5.022128583000001,0.0
5.0230854140000005,0.0
5.024074655000001,0.0
5.025027873,0.0
5.026124029,0.0
5.0270275710000005,0.0
5.028073734,0.0
5.029026633,0.0
5.030084153000001,0.01
5.031267786,0.01
5.0320269060000005,0.0
5.033131118,0.0
5.034026972,0.0
5.035027110000001,0.01
5.036099824,0.01
5.037026978,0.0
5.038075312,0.0
5.0390640950000005,0.0
5.040026813,0.0
5.04107575,0.0
5.042075435,0.01
5.043075208,0.01
5.044026883,0.0
5.045095919,0.01
5.0460636270000006,0.0
5.047027637,0.0
5.048235594,0.0
5.0490269990000005,0.0
5.050072167000001,0.01
5.051075024,0.01
5.052117022,0.0
5.053026872,0.01
5.054170223000001,0.0
5.0551099960000005,0.0
5.056108893,0.0
5.057026847,0.0
5.058139981,0.0
5.059027297,0.0
5.060265077,0.01
5.062026924,0.0
5.063138415,0.0
5.06402683,0.0
5.0650697870000005,0.0
5.066151317,0.0
5.067118727,0.0
5.068254078000001,0.0
5.069142817,0.0
5.070074353000001,0.0
5.071397351,0.0
5.072094049,0.0
5.0731847740000005,0.0
5.074126648,0.01
5.075153449,0.0
5.076203421000001,0.0
5.0770965750000006,0.0
5.078033371,0.0
5.079074414,0.0
5.080071398,0.0
5.0810868110000005,0.0
5.082066966,0.0
5.083166448,0.0
5.084049019,0.01
5.085110714000001,0.0
5.0861242110000005,0.0
5.087026623000001,0.0
5.088168887,0.01
5.089063212,0.0
5.090027163,0.0
5.091146099,0.0
5.092187143,0.0
5.093072154000001,0.0
5.094059499,0.0
5.095026601000001,0.0
5.096069711,0.0
5.097090186,0.0
5.098098516,0.0
5.099120003,0.0
5.1000275330000004,0.0
5.101076027,0.0
5.1020757130000005,0.0
5.103273007,0.0
5.104045736000001,0.0
5.1050891300000005,0.0
5.106027415000001,0.0
5.107072738,0.0
5.108078529,0.0
5.109026426000001,0.0
5.11021532,0.0
5.11110505,0.01
5.112027309,0.0
5.113088151,0.0
5.1141105410000005,0.01
5.115026001,0.0
5.11607361,0.0
5.117026282,0.0
5.118088439,0.0
5.119075298,0.0
5.120130342,0.0
5.122026141,0.0
5.123062158000001,0.0
5.1240596720000005,0.0
5.125026489000001,0.0
5.126074062000001,0.0
5.127027448000001,0.0
5.128088791000001,0.0
5.129072836000001,0.0
5.130027761,0.0
5.131087674000001,0.0
5.132028316,0.0
5.133073593000001,0.01
5.134072271,0.0
5.135070031000001,0.0
5.136075273,0.0
5.137030628000001,0.01
5.138077577000001,0.0
5.13915861,0.0
5.140027424,0.01
5.141160999,0.0
5.1420271,0.01
5.143266518,0.0
5.144026649000001,0.0
5.145143228,0.0
5.146057364000001,0.0
5.147132421,0.0
5.148071882,0.0
5.149027624,0.0
5.150027672,0.0
5.1510706420000005,0.0
5.152071344,0.0
5.153112795,0.0
5.154026775,0.01
5.155072798,0.0
5.156026519,0.0
5.157071007000001,0.0
5.158097719000001,0.0
5.159110709,0.0
5.160077999,0.0
5.161076753000001,0.0
5.16202771,0.01
5.163089038000001,0.0
5.164114092,0.0
5.165116291,0.0
5.166027797,0.0
5.167080138,0.0
5.168026543000001,0.0
5.169153555,0.0
5.170138111,0.0
5.1710499720000005,0.0
5.172123662000001,0.0
5.173028308,0.0
5.174149954000001,0.0
5.1750647260000004,0.0
5.177110457,0.0
5.178041269,0.0
5.1791716260000005,0.0
5.180025974,0.0
5.181026533000001,0.0
5.182141549000001,0.0
5.183026389,0.0
5.184123167,0.0
5.185026936000001,0.0
5.186127845000001,0.0
5.187026269,0.0
5.18802608,0.0
5.189168983,0.0
5.1900285870000005,0.0
5.191156801,0.0
5.192027102,0.0
5.193027172000001,0.0
5.194139258000001,0.0
5.1950538470000005,0.0
5.196099601,0.0
5.197028415,0.0
5.198163332,0.0
5.199056449,0.0
5.200026771,0.0
5.201158665,0.0
5.202027362,0.0
5.203164418,0.0
5.204027265000001,0.0
5.205026447000001,0.0
5.2061545570000005,0.0
5.2070272840000005,0.0
5.208224043,0.0
5.209026114,0.01
5.2100297310000006,0.01
5.211147199,0.0
5.212026295,0.0
5.213123994,0.0
5.2140264720000005,0.0
5.215127847000001,0.0
5.21628409,0.0
5.217026283,0.0
5.218161734000001,0.0
5.219026687,0.0
5.2201282440000005,0.0
5.222123923000001,0.0
5.22302592,0.0
5.224026508000001,0.0
5.225152995,0.0
5.226026979,0.0
5.227279899,0.0
5.228057131,0.0
5.229129432000001,0.01
5.230027818,0.0
5.231027529,0.0
5.232286185,0.0
5.233027393,0.0
5.234119534,0.0
5.2350268920000005,0.0
5.236195146,0.0
5.237026151,0.0
5.238026398000001,0.0
5.239169414,0.0
5.24002673,0.0
5.241178704,0.0
5.242026731,0.0
5.24307339,0.0
5.244202001000001,0.0
5.245026118,0.0
5.2461049850000006,0.0
5.247029573000001,0.0
5.248160643,0.0
5.24906613,0.0
5.25002611,0.0
5.251159921,0.0
5.252026010000001,0.0
5.2531566860000005,0.0
5.254026305,0.0
5.2550289480000005,0.0
5.256062313,0.0
5.257026322000001,0.0
5.258127541,0.0
5.259025864000001,0.0
5.260145565,0.0
5.261026012,0.0
5.262026024000001,0.0
5.263162556,0.0
5.2640261740000005,0.0
5.265239748,0.0
5.2660257900000005,0.0
5.267206547000001,0.0
5.268026602,0.0
5.269125927,0.0
5.270135833,0.0
5.271026320000001,0.0
5.272126233000001,0.0
5.273027021000001,0.0
5.27402888,0.0
5.275129016,0.0
5.2761271810000006,0.0
5.277272556000001,0.0
5.278167613,0.0
5.27902525,0.0
5.2801264,0.0
5.281027783000001,0.0
5.282124223,0.0
5.283025457,0.0
5.285175623000001,0.01
5.286026379,0.0
5.287131501,0.0
5.28830325,0.0
5.28909827,0.0
5.290026676,0.0
5.29127564,0.0
5.292026393,0.01
5.293296923000001,0.0
5.29402888,0.0
5.295027608000001,0.0
5.296161705,0.0
5.297026644000001,0.0
5.298158997000001,0.0
5.2990266010000004,0.0
5.3000276060000004,0.0
5.301158898000001,0.0
5.302029078,0.0
5.303069906,0.0
5.304186949,0.0
5.305170945,0.0
5.306059193,0.0
5.307027891000001,0.0
5.3081001400000005,0.0
5.309028353,0.0
5.3101496280000005,0.0
5.311026878000001,0.0
5.312150207,0.0
5.313128021000001,0.0
5.31404326,0.0
5.3152703290000005,0.0
5.316029714,0.0
5.31713705,0.0
5.318065754,0.0
5.319026399,0.0
5.3201342160000005,0.0
5.321039966000001,0.0
5.322161244,0.0
5.323070689000001,0.0
5.324027144,0.0
5.325180046000001,0.0
5.326026754,0.0
5.3271622590000005,0.0
5.328026908,0.0
5.329029767000001,0.0
5.330125455,0.0
5.331027198,0.0
5.332125744000001,0.0
5.333127340000001,0.01
5.335088312,0.0
5.336025807,0.01
5.337077558000001,0.01
5.338026676,0.01
5.339125258,0.0
5.340025592,0.0
5.341026418,0.0
5.3421237,0.0
5.34303317,0.0
5.344149768,0.0
5.345026151,0.0
5.346029281000001,0.0
5.347029045,0.0
5.348061117,0.01
5.349173864,0.0
5.350028127000001,0.0
5.351027797,0.0
5.352059501,0.0
5.353026828,0.0
5.354164177,0.0
5.355026008,0.0
5.3561639340000005,0.0
5.357033209,0.0
5.358028802000001,0.01
5.359289250000001,0.0
5.360223955,0.0
5.36129031,0.0
5.362199068000001,0.01
5.363038966,0.0
5.364156111000001,0.0
5.3650276240000006,0.0
5.366278522,0.0
5.367165834000001,0.0
5.368027165,0.0
5.369171204000001,0.0
5.370026686,0.0
5.3711563920000005,0.0
5.372026203000001,0.01
5.373026488000001,0.0
5.374159791,0.0
5.3750277550000005,0.0
5.376160028,0.0
5.377030649,0.0
5.378027767000001,0.0
5.379211862,0.01
5.38010077,0.01
5.381215453,0.0
5.382135545000001,0.01
5.3830300520000005,0.0
5.384028774,0.0
5.38611236,0.0
5.387099912,0.0
5.388030897,0.0
5.389112010000001,0.0
5.390027585,0.0
5.3911072120000005,0.0
5.392105564,0.0
5.393136349000001,0.0
5.394110359,0.0
5.395030382000001,0.0
5.3961100040000005,0.01
5.397029127000001,0.0
5.398027111,0.0
5.399091824,0.0
5.40002753,0.0
5.40102803,0.0
5.402272386,0.0
5.4031216330000005,0.0
5.404066534,0.0
5.405270662,0.0
5.4061074090000005,0.0
5.407026685,0.0
5.408098981,0.0
5.409278454000001,0.0
5.410027029,0.0
5.411268772000001,0.0
5.412079344,0.0
5.413268275,0.01
5.414027267000001,0.0
5.41522943,0.0
5.4160782240000005,0.0
5.417027842,0.0
5.418273813000001,0.0
5.419056339,0.0
5.420035316000001,0.0
5.4211700380000005,0.0
5.422162827,0.0
5.423075725,0.0
5.424027934000001,0.0
5.425161814,0.0
5.426028255,0.0
5.427139382,0.01
5.428028036000001,0.0
5.429027733000001,0.0
5.430168360000001,0.0
5.431027034,0.0
5.432029735,0.0
5.433028016000001,0.0
5.434027079000001,0.0
5.435156115000001,0.0
5.436027932,0.0
5.438026753,0.0
5.439027090000001,0.0
5.4402051060000005,0.0
5.4412775390000006,0.0
5.4422616470000005,0.01
5.443026082,0.0
5.444207759,0.0
5.445124369,0.0
5.44612471,0.0
5.447027869,0.0
5.448026882000001,0.0
5.449026647,0.0
5.450124583,0.0
5.4510260530000005,0.0
5.452084529,0.0
5.453162864,0.0
5.454088669000001,0.0
5.455028597,0.0
5.456026747,0.0
5.457101849000001,0.0
5.458026552000001,0.0
5.459179324,0.0
5.460231767000001,0.0
5.4610259690000005,0.0
5.4621923500000005,0.0
5.463025919000001,0.0
5.4640266,0.0
5.46511907,0.0
5.466026283000001,0.0
5.467159357000001,0.0
5.468026605,0.01
5.469192433,0.0
5.470140099,0.0
5.4710402590000005,0.01
5.472112719,0.0
5.473161688,0.0
5.4742045720000005,0.0
5.475041013,0.0
5.476027649000001,0.0
5.477117300000001,0.0
5.478310026,0.0
5.479212357000001,0.0
5.480027916,0.01
5.481027651000001,0.0
5.482149079,0.0
5.483028938,0.0
5.484159844000001,0.0
5.485076215,0.01
5.486159403,0.0
5.48713529,0.0
5.4880267190000005,0.0
5.489025903,0.0
5.490159376,0.01
5.491026871000001,0.0
5.492156239000001,0.0
5.493026773,0.0
5.494026460000001,0.0
5.495158136000001,0.0
5.496026245,0.0
5.497220207000001,0.0
5.49802648,0.0
5.499026078,0.0
5.500083135000001,0.0
5.501123729000001,0.01
5.502116879,0.0
5.503025571,0.0
5.50402748,0.0
5.505153885,0.0
5.506028058,0.0
5.5071301560000006,0.0
5.508026152,0.0
5.509025476000001,0.0
5.51010298,0.0
5.5112778350000005,0.0
5.512125778000001,0.0
5.5132804,0.0
5.5140277840000005,0.0
5.51528114,0.0
5.5161374290000005,0.0
5.518029230000001,0.01
5.519273132,0.0
5.520026454,0.0
5.521285078,0.0
5.522027656000001,0.0
5.523027255000001,0.0
5.524163391,0.0
5.525026819000001,0.0
5.526191293,0.0
5.527027608,0.0
5.528026494000001,0.01
5.529163377000001,0.01
5.530026883000001,0.0
5.531276879,0.0
5.532122013,0.0
5.533033298,0.0
5.534276463,0.0
5.535216044,0.0
5.536162003,0.0
5.537031274,0.0
5.538137307,0.0
5.539029291,0.0
5.540027291,0.0
5.541093505,0.0
5.54202725,0.0
5.543060744,0.01
5.544106836,0.01
5.545035294000001,0.01
5.5460939090000005,0.0
5.547227293000001,0.0
5.548161135,0.0
5.549026841000001,0.01
5.550097235,0.01
5.551053399000001,0.0
5.552026584,0.0
5.553093013000001,0.0
5.554095911,0.01
5.555091324,0.0
5.556059874000001,0.0
5.5570278470000005,0.0
5.558105419,0.0
5.559102135000001,0.0
5.560139502,0.0
5.561283851000001,0.0
5.562028709000001,0.0
5.563115382,0.01
5.564029838000001,0.0
5.565127713000001,0.0
5.566097631000001,0.0
5.567030381,0.0
5.56803291,0.0
5.569082844,0.0
5.570027682,0.0
5.5711484250000005,0.0
5.5721341220000005,0.0
5.574136302,0.0
5.575034185000001,0.0
5.576165604000001,0.01
5.577027976,0.0
5.578153987,0.0
5.579027057,0.01
5.580228305,0.0
5.581125429,0.0
5.582026546000001,0.0
5.583214261,0.0
5.584026221,0.0
5.585094944000001,0.0
5.586100472,0.0
5.587026461000001,0.0
5.5881452220000005,0.0
5.589026584,0.0
5.590100486000001,0.0
5.591166263000001,0.0
5.592126845,0.0
5.59316412,0.0
5.594099871,0.0
5.5952858580000004,0.0
5.59610531,0.0
5.597290962000001,0.0
5.5981821300000005,0.0
5.5990266900000005,0.0
5.600163842000001,0.01
5.601025958,0.0
5.602124424,0.0
5.603025977000001,0.0
5.604026091000001,0.0
5.605277586000001,0.01
5.6060258890000005,0.0
5.6071613000000005,0.01
5.608025765000001,0.01
5.609233287,0.0
5.610026271000001,0.0
5.611204344000001,0.0
5.612026434000001,0.0
5.613028024,0.01
5.614106672,0.0
5.61502629,0.01
5.616122024,0.0
5.617025787,0.01
5.618093358,0.01
5.6191269550000005,0.0
5.620025222000001,0.0
5.621125132,0.0
5.622026002,0.0
5.623027727,0.0
5.62412533,0.0
5.625032647,0.0
5.626026824,0.0
5.627133872,0.0
5.628026448,0.0
5.629031856,0.0
5.630026775,0.0
5.631025253000001,0.0
5.632122432,0.0
5.633026578,0.0
5.6341096770000005,0.0
5.635026664000001,0.0
5.636162334000001,0.0
5.638160329000001,0.0
5.6390685330000005,0.0
5.640114787,0.0
5.641208096000001,0.0
5.642281291000001,0.0
5.643026975000001,0.0
5.644165879,0.0
5.645163899,0.0
5.646100991,0.0
5.64706023,0.0
5.64802695,0.0
5.649095899000001,0.0
5.650027561,0.0
5.651185933000001,0.0
5.652094192000001,0.0
5.653027861,0.0
5.654158065000001,0.0
5.655026412000001,0.0
5.656028684000001,0.0
5.657027936,0.0
5.658276958,0.01
5.659164651,0.0
5.6600261000000005,0.01
5.661031439,0.0
5.662031059,0.0
5.663176917,0.0
5.664121914000001,0.0
5.665026439,0.0
5.666092310000001,0.0
5.667057225000001,0.0
5.66807772,0.0
5.669162719,0.0
5.670029349,0.0
5.671099016,0.0
5.672093339000001,0.0
5.673026217,0.0
5.674095223,0.0
5.675123159,0.0
5.676107448000001,0.0
5.677028182,0.0
5.678132758,0.0
5.6790264420000005,0.0
5.680026815000001,0.0
5.6811260930000005,0.01
5.682028558000001,0.0
5.683111856,0.01
5.684025995000001,0.0
5.685025836,0.0
5.6861334470000005,0.0
5.687032505,0.0
5.688067425000001,0.0
5.689026127,0.0
5.690025253,0.0
5.691190974,0.0
5.6931848910000005,0.01
5.6942156520000005,0.0
5.6950258520000006,0.0
5.696105257,0.0
5.69702701,0.01
5.6980264620000005,0.0
5.699143429,0.0
5.700055925,0.0
5.701148841,0.0
5.702026704000001,0.0
5.703027048,0.01
5.704167324,0.0
5.705081773000001,0.0
5.70609972,0.0
5.707279068,0.0
5.708093272,0.01
5.709026597,0.0
5.710027185,0.01
5.711168598,0.0
5.712027602,0.0
5.713098094,0.0
5.714026667000001,0.0
5.715026477,0.0
5.716101524,0.0
5.717026905,0.0
5.718107664000001,0.0
5.719027823,0.0
5.720073660000001,0.0
5.721028416,0.0
5.72202694,0.0
5.723094041,0.01
5.7240258410000004,0.0
5.725126144000001,0.0
5.726027215,0.0
5.727027101,0.0
5.729279717000001,0.0
5.730187204,0.0
5.731160276000001,0.0
5.732025729,0.0
5.733092957,0.0
5.7341004280000005,0.0
5.735110754,0.0
5.7360322550000005,0.0
5.737101254000001,0.0
5.73809894,0.0
5.739027495,0.0
5.7400942090000004,0.0
5.741028448000001,0.0
5.742026515,0.0
5.743097709000001,0.0
5.7440261790000005,0.0
5.745130965,0.0
5.7460261,0.0
5.747029928000001,0.01
5.748105638,0.01
5.749028189000001,0.0
5.750115502000001,0.0
5.751026507000001,0.0
5.7521821310000005,0.01
5.753033877,0.0
5.7540291660000005,0.0
5.755112272000001,0.0
5.7560362210000005,0.0
5.757150738,0.0
5.758026156000001,0.0
5.759094417,0.0
5.760093642,0.0
5.761028817000001,0.0
5.762097344000001,0.0
5.763027435000001,0.0
5.7640272480000005,0.0
5.765169328000001,0.0
5.76602567,0.0
5.767095332,0.0
5.768026872,0.0
5.76902603,0.0
5.770147666000001,0.0
5.771025339,0.0
5.772092516000001,0.0
5.773028785,0.0
5.774027342,0.0
5.775172765000001,0.0
5.776035488000001,0.0
5.777278431,0.0
5.778258275000001,0.0
5.7791646860000006,0.0
5.780030383000001,0.0
5.781028245000001,0.0
5.782092719,0.0
5.783165443000001,0.01
5.784157314000001,0.0
5.785094516,0.0
5.786027403,0.0
5.787150984,0.01
5.788146145000001,0.0
5.789126474000001,0.0
5.790056585,0.0
5.791109175000001,0.01
5.792093526,0.0
5.793026608000001,0.0
5.794026766,0.0
5.795092518000001,0.0
5.796112471000001,0.0
5.7971264300000005,0.0
5.79802655,0.0
5.799127369000001,0.0
5.80002599,0.0
5.80102617,0.0
5.802091503000001,0.0
5.804107695000001,0.0
5.805025270000001,0.0
5.80602559,0.0
5.807107753,0.0
5.808025225000001,0.0
5.8091058680000005,0.0
5.8100286080000005,0.01
5.811026668,0.0
5.812088972000001,0.0
5.813094512,0.0
5.814160096,0.0
5.815025811,0.0
5.8162191530000005,0.0
5.817272487,0.0
5.818027435,0.0
5.819165041000001,0.0
5.820027085,0.0
5.821100171,0.0
5.822051146000001,0.0
5.823039474000001,0.0
5.824098779000001,0.0
5.825026288,0.0
5.826092487,0.0
5.827079881,0.0
5.828091404,0.0
5.829093739,0.0
5.830027489000001,0.0
5.831025991000001,0.0
5.83215223,0.01
5.833025888000001,0.0
5.834127336000001,0.0
5.8350300840000004,0.0
5.836027169,0.01
5.837166554,0.0
5.838028713,0.01
5.839216155000001,0.0
5.840026399,0.02
5.841030454,0.01
5.842163435000001,0.0
5.843026152,0.0
5.8440923940000005,0.0
5.845038098000001,0.0
5.8460338080000005,0.0
5.847066320000001,0.0
5.848028571,0.0
5.849126364,0.01
5.850044238000001,0.0
5.851128319000001,0.0
5.852027853,0.0
5.853027139,0.0
5.854127979,0.0
5.855283588000001,0.0
5.856127633000001,0.0
5.857026108,0.0
5.8580262890000006,0.0
5.859272774000001,0.0
5.860026851000001,0.0
5.861148538,0.0
5.8620264120000005,0.0
5.86407445,0.0
5.865027198,0.0
5.866292110000001,0.0
5.867027421,0.0
5.8681220970000005,0.0
5.869146300000001,0.0
5.870026436000001,0.0
5.871135257000001,0.0
5.872029217000001,0.0
5.873159796,0.0
5.8740261170000005,0.0
5.875161115,0.0
5.876050521000001,0.0
5.877026268000001,0.0
5.878169347,0.0
5.879025972,0.0
5.88015443,0.0
5.881026587,0.0
5.882026349,0.0
5.8831607660000005,0.0
5.88402559,0.0
5.885117503,0.0
5.886026335,0.0
5.887158194,0.0
5.888026979,0.0
5.889028098000001,0.01
5.890155291,0.0
5.8910268320000005,0.0
5.892139532000001,0.0
5.8930261580000005,0.0
5.894153859,0.0
5.895075240000001,0.0
5.896043413,0.01
5.897139329000001,0.0
5.898186442,0.0
5.899174354,0.0
5.900031351,0.0
5.901105966,0.0
5.902033211,0.0
5.903034709,0.0
5.9040316310000005,0.0
5.905097399000001,0.0
5.906171594000001,0.0
5.907158563,0.0
5.908056893,0.01
5.910028525,0.0
5.911027657,0.0
5.912053754,0.0
5.913029957,0.0
5.914127431000001,0.0
5.915027597000001,0.0
5.916030816,0.0
5.917053448000001,0.0
5.918027723000001,0.0
5.919144,0.0
5.920028401000001,0.0
5.9210266680000005,0.0
5.922277224,0.0
5.923098396,0.0
5.924061137000001,0.0
5.925289221000001,0.0
5.926280592,0.0
5.9270268470000005,0.0
5.92820956,0.0
5.929278959,0.0
5.930026752000001,0.0
5.931282928000001,0.01
5.932029485,0.0
5.933176141000001,0.0
5.9340274950000005,0.01
5.935155795,0.0
5.936028225,0.0
5.937027593000001,0.0
5.938028822000001,0.0
5.939202216,0.0
5.940074666,0.0
5.941027893,0.0
5.942142982,0.0
5.943029912,0.0
5.944028516,0.0
5.945051976,0.0
5.946027124,0.0
5.947027492,0.01
5.948157357,0.0
5.949026659,0.0
5.950164719,0.01
5.951026472000001,0.0
5.952027646,0.0
5.953157418,0.0
5.954028098,0.0
5.955156636000001,0.0
5.9560273960000005,0.01
5.957027,0.0
5.95827753,0.0
5.95920906,0.0
5.960231772,0.01
5.961026368000001,0.0
5.962026623000001,0.0
5.963115195,0.0
5.964031374,0.0
5.965113942,0.0
5.9662756770000005,0.0
5.967126562000001,0.0
5.968027106,0.0
5.969027073,0.0
5.9701247340000005,0.0
5.9712822590000005,0.0
5.972128404,0.0
5.973026300000001,0.0
5.974028384,0.0
5.975282087,0.0
5.976026276000001,0.0
5.97713831,0.0
5.978026402,0.01
5.979126399,0.0
5.980273028,0.01
5.981147428000001,0.0
5.982270549000001,0.0
5.9840276590000006,0.0
5.985091852,0.01
5.986214245,0.0
5.987158238,0.0
5.988026703,0.0
5.989154698,0.0
5.990026383,0.0
5.991027241,0.0
5.9921475200000005,0.0
5.993031634,0.0
5.994113557,0.0
5.995026790000001,0.0
5.996034842,0.0
5.997075786000001,0.0
5.998027156,0.0
5.999123097,0.0
6.000026245000001,0.0
6.001026212,0.02
6.002065841,0.0
6.003027533,0.0
6.0041094930000005,0.0
6.005026927,0.0
6.006150839,0.0
6.007057604000001,0.0
6.008166582,0.0
6.009103088000001,0.0
6.010026701,0.0
6.011170707000001,0.0
6.01202693,0.01
6.013026806,0.0
6.014159072,0.0
6.015026908,0.0
6.016226479,0.0
6.017057237,0.01
6.018027546000001,0.0
6.019145752,0.0
6.0200271160000005,0.0
6.021164098000001,0.0
6.0220263560000005,0.0
6.023026497,0.01
6.024119479,0.0
6.025026955,0.0
6.026027492000001,0.0
6.027127338000001,0.0
6.028026905,0.01
6.029133108000001,0.0
6.030027735,0.0
6.031127256,0.0
6.032026448000001,0.01
6.033026996,0.0
6.034113865,0.0
6.0352920690000005,0.0
6.036132324,0.0
6.037026384000001,0.0
6.038026988,0.0
6.0390756670000005,0.0
6.040027355,0.0
6.041155227,0.0
6.043026392000001,0.01
6.044168971,0.0
6.0450463910000005,0.0
6.046155619,0.0
6.0470261270000005,0.0
6.048027219000001,0.0
6.049075317000001,0.0
6.050115245000001,0.0
6.051117785000001,0.0
